reddit_fullname,y_true,prob,margin,pred,pred_tuned,prob_cal,language,record_type,natural,resolved_by,sarcasm_votes,sarcastic_adjudicated,sarcastic_majority
t1_p6ewq51,0,0.0033766122069209814,-5.6875,0,0,0.06391557628445496,taglish,comment,True,majority,3-0,0,0
t1_p6egz8h,0,0.0033766122069209814,-5.6875,0,0,0.06391557628445496,english,comment,True,majority,3-0,0,0
t1_p17edm7,0,0.05184547230601311,-2.90625,0,0,0.20236673377201506,english,comment,True,majority,3-0,0,0
t1_p3zdpyp,0,0.0007321811863221228,-7.21875,0,0,0.03208373590673702,english,comment,True,majority,3-0,0,0
t1_p7lhp6k,0,0.7049732804298401,0.87109375,1,0,0.6013519701979522,english,comment,True,majority,3-0,0,0
t1_p7agod5,1,0.9702399373054504,3.484375,1,1,0.838133575277908,english,comment,True,adjudicator,2-1,1,1
t1_p46mpo9,0,0.15765489637851715,-1.67578125,0,0,0.31198330265829705,tagalog,comment,True,adjudicator,2-1,0,0
t1_p6tzww2,0,0.021948251873254776,-3.796875,0,0,0.1428416021836157,english,comment,True,majority,3-0,0,0
t1_p71xuwt,0,0.0032224843744188547,-5.734375,0,0,0.06260470502088075,taglish,comment,True,majority,3-0,0,0
t1_p70usoi,0,0.04958902671933174,-2.953125,0,0,0.1988194159330978,tagalog,comment,True,majority,3-0,0,0
t1_p7m5j10,1,0.2254166156053543,-1.234375,0,0,0.35834664154752344,tagalog,comment,True,adjudicator,2-1,1,1
t1_p72oz2i,0,0.24508504569530487,-1.125,0,0,0.3703001694484625,tagalog,comment,True,adjudicator,2-1,0,0
t1_p4m9jvb,0,0.07751766592264175,-2.4765625,0,0,0.23707523870090108,tagalog,comment,True,adjudicator,2-1,0,0
t1_p70ex41,0,0.5637382864952087,0.25634765625,1,0,0.5302081606851895,tagalog,comment,True,adjudicator,2-1,0,1
t1_p3k09j6,0,0.05541279539465904,-2.8359375,0,0,0.2077758888047157,english,comment,True,majority,3-0,0,0
t1_p42p9lh,0,0.9717789888381958,3.5390625,1,1,0.8416044964435292,english,comment,True,adjudicator,2-1,0,1
t1_p38t6zu,0,0.0006986756343394518,-7.265625,0,0,0.03140381522505015,english,comment,True,majority,3-0,0,0
t1_p73e4cb,0,0.9525741338729858,3.0,1,1,0.8046809470039937,english,comment,True,majority,3-0,0,0
t1_p6emxwk,0,0.002251847181469202,-6.09375,0,0,0.053359516343720007,english,comment,True,majority,3-0,0,0
t1_p73elhz,1,0.5557968616485596,0.22412109375,1,0,0.5264181430484837,english,comment,True,unanimous,3-0,1,1
t1_p73gkte,0,0.08882029354572296,-2.328125,0,0,0.24997817499054037,english,comment,True,adjudicator,2-1,0,1
t1_p7k6gri,0,0.03760863468050957,-3.2421875,0,0,0.17797777505615103,taglish,comment,True,majority,3-0,0,0
t1_p73g5uf,0,0.005060331430286169,-5.28125,0,0,0.07639141111328143,english,comment,True,majority,3-0,0,0
t1_p6eh8uv,0,0.002251847181469202,-6.09375,0,0,0.053359516343720007,taglish,comment,True,majority,3-0,0,0
t1_p7kchjb,0,0.39583462476730347,-0.4228515625,0,0,0.4502750698030266,english,comment,True,adjudicator,2-1,0,1
t1_p60fumn,0,0.0009850084315985441,-6.921875,0,0,0.03673176492726088,english,comment,True,majority,3-0,0,0
t1_p69kzib,0,0.0007793660624884069,-7.15625,0,0,0.033012468591462826,taglish,comment,True,majority,3-0,0,0
t1_p50ew3x,0,0.13706977665424347,-1.83984375,0,0,0.2956101113074487,english,comment,True,adjudicator,2-1,0,0
t1_p5057mr,1,0.5535053014755249,0.21484375,1,0,0.5253264934292289,english,comment,True,adjudicator,2-1,1,1
t1_p68ipp5,0,0.0008426423300988972,-7.078125,0,0,0.03420994170354485,english,comment,True,majority,3-0,0,0
t1_p44kaua,0,0.1550784707069397,-1.6953125,0,0,0.3100082009329104,english,comment,True,unanimous,3-0,0,0
t1_p6sh89r,0,0.21535076200962067,-1.29296875,0,0,0.35201357768035857,tagalog,comment,True,majority,3-0,0,0
t1_p4u0e8o,0,0.2375759482383728,-1.166015625,0,0,0.3657980345418552,english,comment,True,adjudicator,2-1,0,0
t1_p7lyhwn,1,0.476914644241333,-0.0924072265625,0,0,0.48909912668081434,english,comment,True,adjudicator,2-1,1,0
t1_p7j5zvf,1,0.22101424634456635,-1.259765625,0,0,0.35559609095028943,tagalog,comment,True,adjudicator,2-1,1,1
t1_p6lm5t5,0,0.29828691482543945,-0.85546875,0,0,0.4004171009060241,tagalog,comment,True,majority,3-0,0,0
t1_p5dme58,0,0.9001793265342712,2.19921875,1,1,0.7384432627769767,tagalog,comment,True,unanimous,3-0,0,0
t1_p6znmzk,0,0.01971912942826748,-3.90625,0,0,0.13663734648425513,tagalog,comment,True,unanimous,3-0,0,0
t1_p77lqcr,0,0.0037072529084980488,-5.59375,0,0,0.06661434822246261,english,comment,True,unanimous,3-0,0,0
t1_p7lw5a1,0,0.5966681838035583,0.3916015625,1,0,0.5460717738857948,tagalog,comment,True,adjudicator,2-1,0,0
t1_p50h9yy,0,0.8783142566680908,1.9765625,1,1,0.717645691426188,english,comment,True,adjudicator,2-1,0,1
t1_p480gwv,0,0.03090895712375641,-3.4453125,0,0,0.16438304385026434,english,comment,True,adjudicator,2-1,0,0
t1_p3zqwoo,0,0.2735743820667267,-0.9765625,0,0,0.38677800224302333,taglish,comment,True,majority,3-0,0,0
t1_p7mu80i,0,0.0015487609198316932,-6.46875,0,0,0.04509487096205979,english,comment,True,adjudicator,2-1,0,0
t1_p30a9ex,0,0.5176622867584229,0.0706787109375,1,0,0.5083382043756207,english,comment,True,adjudicator,2-1,0,0
t1_p304m44,0,0.010013570077717304,-4.59375,0,0,0.10266469479998298,english,comment,True,majority,3-0,0,0
t1_p5ak7bv,0,0.23057307302951813,-1.205078125,0,0,0.3615319666539418,tagalog,comment,True,unanimous,3-0,0,0
t1_p5ak8zz,0,0.23057307302951813,-1.205078125,0,0,0.3615319666539418,tagalog,comment,True,unanimous,3-0,0,0
t1_p4yb0y5,0,0.0009850084315985441,-6.921875,0,0,0.03673176492726088,english,comment,True,majority,3-0,0,0
t1_p4yahvy,0,0.0008295890875160694,-7.09375,0,0,0.03396714199210455,english,comment,True,majority,3-0,0,0
t1_p366kfm,0,0.012241275049746037,-4.390625,0,0,0.11183836614088327,english,comment,True,majority,3-0,0,0
t1_p7lqru7,0,0.03514484316110611,-3.3125,0,0,0.1731747981260198,english,comment,True,unanimous,3-0,0,0
t1_p72zbeg,1,0.9947799444198608,5.25,1,1,0.9225615073853817,english,comment,True,majority,3-0,1,1
t1_p4xie0n,0,0.31362995505332947,-0.783203125,0,0,0.40863220441138887,tagalog,comment,True,unanimous,3-0,0,0
t1_p7jgdmg,0,0.0014550630003213882,-6.53125,0,0,0.043841637686812734,english,comment,True,adjudicator,2-1,0,1
t1_p60fsfd,0,0.000458312890259549,-7.6875,0,0,0.025881188445069564,english,comment,True,majority,3-0,0,0
t1_p50vjka,0,0.907312273979187,2.28125,1,1,0.7458512840993101,english,comment,True,majority,3-0,0,0
t1_p4z4z43,0,0.02517884038388729,-3.65625,0,0,0.1511614890755952,taglish,comment,True,unanimous,3-0,0,0
t1_p5fzrpl,0,0.9056565761566162,2.26171875,1,1,0.7441000807513228,tagalog,comment,True,unanimous,3-0,0,0
t1_p7im5vu,0,0.19314739108085632,-1.4296875,0,0,0.3374401676495699,tagalog,comment,True,adjudicator,3-0,0,0
t1_p4fukrk,0,0.8966140151023865,2.16015625,1,1,0.7348670105786047,tagalog,comment,True,majority,3-0,0,0
t1_p4fthcx,0,0.43626171350479126,-0.25634765625,0,0,0.4697918393148105,tagalog,comment,True,majority,3-0,0,0
t1_p46fyu9,0,0.000503335555549711,-7.59375,0,0,0.0270203526419373,english,comment,True,majority,3-0,0,0
t1_p17bhzz,0,0.0038844766095280647,-5.546875,0,0,0.06800308618657898,english,comment,True,majority,3-0,0,0
t1_p7m0pvx,0,0.5251633524894714,0.100738525390625,1,0,0.5118833250965379,english,comment,True,majority,3-0,0,0
t1_p747ipr,0,0.167763352394104,-1.6015625,0,0,0.3195508123390046,tagalog,comment,True,adjudicator,2-1,0,0
t1_p30fosl,0,0.057918090373277664,-2.7890625,0,0,0.21144083399267516,english,comment,True,unanimous,3-0,0,0
t1_p4ywiff,0,0.7505527138710022,1.1015625,1,1,0.6271169638018509,tagalog,comment,True,majority,3-0,0,0
t1_p6jlcpw,0,0.9881309270858765,4.421875,1,1,0.8896181996518878,english,comment,True,adjudicator,2-1,0,1
t1_p73f27d,0,0.6050992012023926,0.4267578125,1,0,0.5501812061794876,tagalog,comment,True,majority,3-0,0,0
t1_p6eoviz,0,0.0014779430348426104,-6.515625,0,0,0.04415179507195838,taglish,comment,True,majority,3-0,0,0
t1_p6ep13w,0,0.0014779430348426104,-6.515625,0,0,0.04415179507195838,taglish,comment,True,majority,3-0,0,0
t1_p6sm8hl,1,0.5976079106330872,0.3955078125,1,0,0.5465286980393715,tagalog,comment,True,majority,3-0,1,1
t1_p7lvgds,0,0.3170032501220703,-0.767578125,0,0,0.4104153433852224,tagalog,comment,True,majority,3-0,0,0
t1_p1xf4mj,0,0.0012255674228072166,-6.703125,0,0,0.04056442370730197,english,comment,True,majority,3-0,0,0
t1_p6b56rq,0,0.0018102111062034965,-6.3125,0,0,0.04837889464610664,tagalog,comment,True,majority,3-0,0,0
t1_p1u2q4t,0,0.8745065331459045,1.94140625,1,1,0.7142716351088522,english,comment,True,adjudicator,2-1,0,1
t1_p2tug3t,0,0.023153413087129593,-3.7421875,0,0,0.14603083017337196,tagalog,comment,True,adjudicator,2-1,0,1
t1_p64zlf9,0,0.0541987307369709,-2.859375,0,0,0.20596107220973617,english,comment,True,majority,3-0,0,0
t1_p455jti,0,0.058345843106508255,-2.78125,0,0,0.2120562363524541,english,comment,True,majority,3-0,0,0
t1_p73kl5k,1,0.13296425342559814,-1.875,0,0,0.29216709625378295,english,comment,True,adjudicator,2-1,1,1
t1_p4z3fcl,0,0.001674399245530367,-6.390625,0,0,0.04670944319223177,english,comment,True,majority,3-0,0,0
t1_p452uju,0,0.1749734729528427,-1.55078125,0,0,0.32478421940056207,english,comment,True,majority,3-0,0,0
t1_p50v5jq,0,0.9465966820716858,2.875,1,1,0.7952422682886331,tagalog,comment,True,adjudicator,2-1,0,0
t1_p4307hu,0,0.3065270483493805,-0.81640625,0,0,0.4048510607523418,tagalog,comment,True,adjudicator,2-1,0,1
t1_p31od6l,0,0.35644662380218506,-0.5908203125,0,0,0.43074062618925296,tagalog,comment,True,adjudicator,2-1,0,1
t1_p50w8eg,0,0.0006878511630930007,-7.28125,0,0,0.03118028857300946,english,comment,True,majority,3-0,0,0
t1_p44qw7r,1,0.42441198229789734,-0.3046875,0,0,0.4641134746839136,tagalog,comment,True,unanimous,3-0,1,1
t1_p48wyu4,0,0.12085322290658951,-1.984375,0,0,0.2816078085150592,tagalog,comment,True,majority,3-0,0,0
t1_p7ix2nh,0,0.0008693673880770802,-7.046875,0,0,0.0347005727280882,taglish,comment,True,unanimous,3-0,0,0
t1_p72z0xt,0,0.1761041283607483,-1.54296875,0,0,0.3255933001484895,tagalog,comment,True,adjudicator,2-1,0,0
t1_p7lsgq0,0,0.41063815355300903,-0.361328125,0,0,0.4574719624016428,english,comment,True,majority,3-0,0,0
t1_p3zb2pk,0,0.22988080978393555,-1.208984375,0,0,0.361106545483544,tagalog,comment,True,adjudicator,2-1,0,0
t1_p737g6f,0,0.7178038358688354,0.93359375,1,1,0.6084014127762927,tagalog,comment,True,adjudicator,2-1,0,0
t1_p36kq8s,0,0.017176708206534386,-4.046875,0,0,0.12899538132048283,english,comment,True,majority,3-0,0,0
t1_p37lo72,0,0.0222861859947443,-3.78125,0,0,0.14374684133417845,tagalog,comment,True,adjudicator,2-1,0,0
t1_p383o79,0,0.06465348601341248,-2.671875,0,0,0.220809178575564,taglish,comment,True,unanimous,3-0,0,0
t1_p7k90op,0,0.7356416583061218,1.0234375,1,1,0.6184556017508135,english,comment,True,majority,3-0,0,0
t1_p5js06a,0,0.2755194306373596,-0.966796875,0,0,0.3878716805974966,tagalog,comment,True,adjudicator,2-1,0,0
t1_p3yxc4u,0,0.0026316740550100803,-5.9375,0,0,0.05720935223326406,taglish,comment,True,majority,3-0,0,0
t1_p366e1f,0,0.001622967072762549,-6.421875,0,0,0.046057120187448904,english,comment,True,unanimous,3-0,0,0
t1_p4xt9rc,1,0.13386748731136322,-1.8671875,0,0,0.29293017380999437,english,comment,True,majority,3-0,1,1
t1_p60ftr7,0,0.0006263342220336199,-7.375,0,0,0.029871127919826993,english,comment,True,majority,3-0,0,0
t1_p6kvaw3,0,0.907967209815979,2.2890625,1,1,0.7465495492718391,tagalog,comment,True,adjudicator,2-1,0,0
t1_p7jdn5e,1,0.004538431763648987,-5.390625,0,0,0.07282815956503912,taglish,comment,True,adjudicator,2-1,1,1
t1_p3jpmjm,0,0.011869121342897415,-4.421875,0,0,0.11038180034811214,english,comment,True,majority,3-0,0,0
t1_p6km3z9,0,0.08570928126573563,-2.3671875,0,0,0.24653776007300235,taglish,comment,True,majority,3-0,0,0
t1_p7mqvuq,0,0.29057809710502625,-0.892578125,0,0,0.39621988002692105,tagalog,comment,True,majority,3-0,0,0
t1_p5eo8sk,0,0.017576880753040314,-4.0234375,0,0,0.13024325753465038,english,comment,True,unanimous,3-0,0,0
t1_p7aqayk,0,0.42919009923934937,-0.28515625,0,0,0.46640672694734314,tagalog,comment,True,adjudicator,2-1,0,1
t1_p74wywl,0,0.20434190332889557,-1.359375,0,0,0.34489860002847783,tagalog,comment,True,majority,3-0,0,0
t1_p4e4u5y,0,0.3065270483493805,-0.81640625,0,0,0.4048510607523418,tagalog,comment,True,adjudicator,2-1,0,0
t1_p4e4wi8,0,0.3584653437137604,-0.58203125,0,0,0.4317579914620278,tagalog,comment,True,adjudicator,2-1,0,1
t1_p7m7lmw,0,0.41063815355300903,-0.361328125,0,0,0.4574719624016428,english,comment,True,majority,3-0,0,0
t1_p76ljcl,0,0.001098731067031622,-6.8125,0,0,0.03860246423474041,tagalog,comment,True,majority,3-0,0,0
t1_p50p1fm,0,0.10818895697593689,-2.109375,0,0,0.2698285841089208,tagalog,comment,True,adjudicator,2-1,0,1
t1_p72eeqj,0,0.3993430435657501,-0.408203125,0,0,0.45198684368374836,english,comment,True,majority,3-0,0,0
t1_p30bmjw,0,0.1398656666278839,-1.81640625,0,0,0.29791848632096996,english,comment,True,adjudicator,2-1,0,0
t1_p75kryd,0,0.1937568634748459,-1.42578125,0,0,0.33785245131948505,tagalog,comment,True,unanimous,3-0,0,0
t1_p7lvuwf,0,0.9399133324623108,2.75,1,1,0.7854690738735598,taglish,comment,True,majority,3-0,0,0
t1_p5djpdh,0,0.2351084202528,-1.1796875,0,0,0.36430247468165283,tagalog,comment,True,adjudicator,3-0,0,0
t1_p76yxop,0,0.6988435387611389,0.841796875,1,0,0.5980328275750245,tagalog,comment,True,adjudicator,2-1,0,0
t1_p44fncb,0,0.007695646956562996,-4.859375,0,0,0.09167774056065224,tagalog,comment,True,majority,3-0,0,0
t1_p73qlb6,0,0.61555016040802,0.470703125,1,0,0.5553083178677253,tagalog,comment,True,majority,3-0,0,0
t1_p4z3639,0,0.0028449094388633966,-5.859375,0,0,0.05923076579819958,english,comment,True,majority,3-0,0,0
t1_p2vsfpr,0,0.0008295890875160694,-7.09375,0,0,0.03396714199210455,english,comment,True,majority,3-0,0,0
t1_p73uz2a,0,0.0204885546118021,-3.8671875,0,0,0.1388266877201187,tagalog,comment,True,adjudicator,2-1,0,0
t1_p509lsq,0,0.930962085723877,2.6015625,1,1,0.7734287362060785,english,comment,True,adjudicator,2-1,0,1
t1_p2ut9hv,0,0.8891444206237793,2.08203125,1,1,0.7276214118538746,tagalog,comment,True,majority,3-0,0,0
t1_p3o6jlb,0,0.00047285438631661236,-7.65625,0,0,0.02625561772642195,english,comment,True,majority,3-0,0,0
t1_p2y3ith,0,0.9190633296966553,2.4296875,1,1,0.7589002887871003,english,comment,True,majority,3-0,0,0
t1_p50hmn1,0,0.0005614788387902081,-7.484375,0,0,0.028411050430105833,english,comment,True,adjudicator,2-1,0,0
t1_p4d0vb4,0,0.15052762627601624,-1.73046875,0,0,0.30647045173214776,taglish,comment,True,majority,3-0,0,0
t1_p75kvur,0,0.38676342368125916,-0.4609375,0,0,0.4458300623697271,tagalog,comment,True,majority,3-0,0,0
t1_p3o75j5,0,0.014063626527786255,-4.25,0,0,0.11860231559444359,english,comment,True,adjudicator,2-1,0,0
t1_p5docdc,0,0.8647679686546326,1.85546875,1,1,0.7059230242833899,english,comment,True,adjudicator,2-1,0,0
t1_p50v2bg,0,0.11436852067708969,-2.046875,0,0,0.27567923003707734,tagalog,comment,True,adjudicator,2-1,0,1
t1_p6t7aby,1,0.009125636890530586,-4.6875,0,0,0.09865978024256114,english,comment,True,majority,3-0,1,1
t1_p5ci7eu,0,0.38087406754493713,-0.48583984375,0,0,0.4429283436070007,english,comment,True,majority,3-0,0,0
t1_p70nt2n,0,0.14706452190876007,-1.7578125,0,0,0.30373451182925976,taglish,comment,True,majority,3-0,0,0
t1_p76ea1t,1,0.08035747706890106,-2.4375,0,0,0.24042574092233135,english,comment,True,majority,3-0,1,1
t1_p7lnz1e,0,0.010328153148293495,-4.5625,0,0,0.10403133617656742,tagalog,comment,True,unanimous,3-0,0,0
t1_p5z33jv,1,0.9118099808692932,2.3359375,1,1,0.75071246153333,english,comment,True,majority,3-0,1,1
t1_p5zdh3f,0,0.29098084568977356,-0.890625,0,0,0.3964404116112705,tagalog,comment,True,unanimous,3-0,0,0
t1_p4u2mae,0,0.027376487851142883,-3.5703125,0,0,0.15643938678658748,english,comment,True,majority,3-0,0,0
t1_p7min0w,0,0.08632347732782364,-2.359375,0,0,0.24722328727597606,tagalog,comment,True,adjudicator,2-1,0,0
t1_p45ehgo,0,0.22815652191638947,-1.21875,0,0,0.36004394665864464,english,comment,True,adjudicator,2-1,0,0
t1_p5alosv,0,0.05541279539465904,-2.8359375,0,0,0.2077758888047157,tagalog,comment,True,adjudicator,2-1,0,0
t1_p7j82r2,0,0.356894850730896,-0.5888671875,0,0,0.43096665715035015,tagalog,comment,True,majority,3-0,0,0
t1_p4zl8xa,0,0.0059110685251653194,-5.125,0,0,0.08175945507942005,taglish,comment,True,majority,3-0,0,0
t1_p4zrz8r,0,0.8289388418197632,1.578125,1,1,0.6780393136208257,tagalog,comment,True,adjudicator,2-1,0,0
t1_p7jddzl,0,0.0024343819823116064,-6.015625,0,0,0.05525287331581087,tagalog,comment,True,adjudicator,2-1,0,0
t1_p469ozo,0,0.30321574211120605,-0.83203125,0,0,0.4030755693687297,tagalog,comment,True,adjudicator,2-1,0,0
t1_p7b65rb,0,0.20561502873897552,-1.3515625,0,0,0.3457321316789712,english,comment,True,majority,3-0,0,0
t1_p5jsuih,0,0.008711384609341621,-4.734375,0,0,0.0967099449034277,taglish,comment,True,majority,3-0,0,0
t1_p5lizie,0,0.7759445905685425,1.2421875,1,1,0.6425006848906176,english,comment,True,adjudicator,2-1,0,0
t1_p5a55za,0,0.003172682598233223,-5.75,0,0,0.062173351371700165,english,comment,True,majority,3-0,0,0
t1_p7ioxpj,0,0.7106282711029053,0.8984375,1,1,0.6044414612728335,tagalog,comment,True,adjudicator,2-1,0,0
t1_p4c4rr2,0,0.0006986756343394518,-7.265625,0,0,0.03140381522505015,english,comment,True,majority,3-0,0,0
t1_p7n8dj9,0,0.20561502873897552,-1.3515625,0,0,0.3457321316789712,english,comment,True,majority,3-0,0,0
t1_p7ip290,0,0.023689471185207367,-3.71875,0,0,0.147415612370852,english,comment,True,adjudicator,2-1,0,0
t1_p60dy37,0,0.047074176371097565,-3.0078125,0,0,0.19474021845005918,tagalog,comment,True,majority,3-0,0,0
t1_p7mf016,0,0.3242354094982147,-0.734375,0,0,0.41421228634865975,english,comment,True,unanimous,3-0,0,0
t1_p6tvfm4,0,0.03308597952127457,-3.375,0,0,0.16899202002440125,english,comment,True,majority,3-0,0,0
t1_p6t8ri4,0,0.9907320141792297,4.671875,1,1,0.9006825341865362,english,comment,True,adjudicator,2-1,0,1
t1_p44ny6c,0,0.7549149990081787,1.125,1,1,0.6296998305515374,english,comment,True,unanimous,3-0,0,0
t1_p52z89l,0,0.0014103584690019488,-6.5625,0,0,0.043227549045909426,english,comment,True,majority,3-0,0,0
t1_p6i8fgj,0,0.06853749603033066,-2.609375,0,0,0.22592581583065302,taglish,comment,True,majority,3-0,0,0
t1_p50g6um,0,0.034358687698841095,-3.3359375,0,0,0.17159674257655544,tagalog,comment,True,adjudicator,2-1,0,0
t1_p508yt4,0,0.0015487609198316932,-6.46875,0,0,0.04509487096205979,english,comment,True,majority,3-0,0,0
t1_p50sodh,0,0.008315778337419033,-4.78125,0,0,0.09479459184013021,english,comment,True,adjudicator,2-1,0,0
t1_p5dmcxb,0,0.36727026104927063,-0.5439453125,0,0,0.4361731252328856,english,comment,True,adjudicator,2-1,0,1
t1_p7ly1cf,0,0.010986942797899246,-4.5,0,0,0.10681291603977841,tagalog,comment,True,unanimous,3-0,0,0
t1_p7lxviy,0,0.8250265121459961,1.55078125,1,1,0.6752157805994379,english,comment,True,unanimous,3-0,0,0
t1_p5dk107,0,0.9241418242454529,2.5,1,1,0.7649195539450027,english,comment,True,adjudicator,2-1,0,1
t1_p67rpy9,0,0.44871315360069275,-0.20587158203125,0,0,0.475729477082553,tagalog,comment,True,majority,3-0,0,0
t1_p2yjhcw,0,0.07159119844436646,-2.5625,0,0,0.22981803471045142,english,comment,True,majority,3-0,0,0
t1_p50gt9l,0,0.5535053014755249,0.21484375,1,0,0.5253264934292289,tagalog,comment,True,adjudicator,2-1,0,1
t1_p2w6ktk,0,0.0012843081494793296,-6.65625,0,0,0.04143419544840811,english,comment,True,majority,3-0,0,0
t1_p7jioth,0,0.12896330654621124,-1.91015625,0,0,0.28874774393958724,english,comment,True,adjudicator,2-1,0,0
t1_p4z1tkc,0,0.0008167380001395941,-7.109375,0,0,0.03372600533725108,taglish,comment,True,majority,3-0,0,0
t1_p7m4n3e,0,0.01652955636382103,-4.0859375,0,0,0.12693822938249677,english,comment,True,majority,3-0,0,0
t1_p50i4vw,0,0.2798284888267517,-0.9453125,0,0,0.3902817399880435,english,comment,True,adjudicator,2-1,0,1
t1_p7lwno8,0,0.34334173798561096,-0.6484375,0,0,0.4240860804333754,tagalog,comment,True,adjudicator,2-1,0,0
t1_p446w0q,0,0.24725964665412903,-1.11328125,0,0,0.3715906856891102,english,comment,True,unanimous,3-0,0,0
t1_p5dp0gj,0,0.011158031411468983,-4.484375,0,0,0.10751846870772278,english,comment,True,unanimous,3-0,0,0
t1_p647gr2,1,0.348201721906662,-0.626953125,0,0,0.4265643536074496,tagalog,comment,True,adjudicator,2-1,1,1
t1_p4526w0,0,0.06754669547080994,-2.625,0,0,0.22463882977674537,english,comment,True,adjudicator,2-1,0,0
t1_p58fb73,1,0.00806199200451374,-4.8125,0,0,0.09353662423818863,taglish,comment,True,majority,3-0,1,1
t1_p36drc4,0,0.0427221953868866,-3.109375,0,0,0.18733361720701738,tagalog,comment,True,adjudicator,2-1,0,1
t1_p5jsjeg,1,0.989591658115387,4.5546875,1,1,0.8956245000034581,english,comment,True,majority,3-0,1,1
t1_p7idlwv,0,0.20946967601776123,-1.328125,0,0,0.34823840281998636,tagalog,comment,True,majority,3-0,0,0
t1_p5ruim4,0,0.9736446738243103,3.609375,1,1,0.8459780349828833,taglish,comment,True,adjudicator,2-1,0,1
t1_p5jldf6,1,0.1830088496208191,-1.49609375,0,0,0.33046952652212086,tagalog,comment,True,adjudicator,2-1,1,1
t1_p73kwvi,0,0.06142404302954674,-2.7265625,0,0,0.2164006759554368,tagalog,comment,True,adjudicator,2-1,0,0
t1_p73fu3t,0,0.03760863468050957,-3.2421875,0,0,0.17797777505615103,english,comment,True,majority,3-0,0,0
t1_p7lz0hm,0,0.3225259780883789,-0.7421875,0,0,0.41331795264141574,taglish,comment,True,adjudicator,2-1,0,0
t1_p7kelnh,0,0.1795305460691452,-1.51953125,0,0,0.32802677560247634,tagalog,comment,True,unanimous,3-0,0,0
t1_p5s5z3l,0,0.01678548939526081,-4.0703125,0,0,0.12775770494495384,english,comment,True,unanimous,3-0,0,0
t1_p6t63wc,0,0.6113819479942322,0.453125,1,0,0.5532588235250977,tagalog,comment,True,adjudicator,2-1,0,1
t1_p68ikpy,0,0.002217013156041503,-6.109375,0,0,0.05298826231087992,english,comment,True,unanimous,3-0,0,0
t1_p7luuvw,0,0.15765489637851715,-1.67578125,0,0,0.31198330265829705,tagalog,comment,True,adjudicator,2-1,0,0
t1_p70o6lv,0,0.018404891714453697,-3.9765625,0,0,0.13276980633261648,english,comment,True,adjudicator,2-1,0,1
t1_p4sgfbg,1,0.9286680221557617,2.56640625,1,1,0.770508106196216,english,comment,True,adjudicator,2-1,1,1
t1_p5csvz1,0,0.5627773404121399,0.25244140625,1,0,0.5297489413712516,english,comment,True,majority,3-0,0,0
t1_p75mdus,0,0.0024343819823116064,-6.015625,0,0,0.05525287331581087,taglish,comment,True,majority,3-0,0,0
t1_p4uuqg3,0,0.9481545686721802,2.90625,1,1,0.797633266227985,english,comment,True,adjudicator,2-1,0,0
t1_p7j87d0,0,0.8914335370063782,2.10546875,1,1,0.7298080524875069,tagalog,comment,True,adjudicator,2-1,0,0
t1_p7k8bzm,0,0.35779187083244324,-0.5849609375,0,0,0.4314188052837945,english,comment,True,adjudicator,2-1,0,0
t1_p7it05a,0,0.2613309323787689,-1.0390625,0,0,0.379805890413218,english,comment,True,adjudicator,2-1,0,0
t1_p6lm0zu,0,0.9376689791679382,2.7109375,1,1,0.7823462865471631,english,comment,True,majority,3-0,0,0
t1_p6zfskh,0,0.024423090741038322,-3.6875,0,0,0.14927886322258016,tagalog,comment,True,majority,3-0,0,0
t1_p4xeh56,0,0.5583270192146301,0.234375,1,0,0.5276244089557789,tagalog,comment,True,adjudicator,2-1,0,1
t1_p4zto6n,1,0.03963883966207504,-3.1875,0,0,0.18178511636290703,english,comment,True,adjudicator,2-1,1,0
t1_p5bhjgk,0,0.8519527316093445,1.75,1,1,0.6954851962624978,tagalog,comment,True,adjudicator,2-1,0,0
t1_p72kkms,0,0.000954731716774404,-6.953125,0,0,0.03621349229997963,english,comment,True,majority,3-0,0,0
t1_p5al41l,0,0.01912403479218483,-3.9375,0,0,0.13490686116002196,tagalog,comment,True,adjudicator,2-1,0,0
t1_p7jd1kk,0,0.28101080656051636,-0.939453125,0,0,0.3909399650392653,tagalog,comment,True,majority,3-0,0,0
t1_p7d5fe5,0,0.0023596608079969883,-6.046875,0,0,0.054488056337555275,tagalog,comment,True,unanimous,3-0,0,0
t1_p4zt80n,0,0.06097517907619476,-2.734375,0,0,0.21577611835119334,tagalog,comment,True,adjudicator,2-1,0,0
t1_p6xrwwp,0,0.00042388474685139954,-7.765625,0,0,0.0249677153230036,english,comment,True,majority,3-0,0,0
t1_p46zy9c,0,0.2375759482383728,-1.166015625,0,0,0.3657980345418552,tagalog,comment,True,unanimous,3-0,0,0
t1_p7mtvkz,0,0.7283620238304138,0.986328125,1,1,0.6143145353172327,taglish,comment,True,majority,3-0,0,0
t1_p6laorf,0,0.9015746116638184,2.21484375,1,1,0.7398650098200228,tagalog,comment,True,adjudicator,2-1,0,0
t1_p4whtq5,0,0.8563323616981506,1.78515625,1,1,0.6989876045687744,tagalog,comment,True,adjudicator,2-1,0,1
t1_p469r5e,0,0.3106943964958191,-0.796875,0,0,0.4070739260088827,tagalog,comment,True,adjudicator,2-1,0,1
t1_p73p3q6,0,0.3263787627220154,-0.724609375,0,0,0.41533099867721374,tagalog,comment,True,adjudicator,2-1,0,0
t1_p4ygew8,1,0.12896330654621124,-1.91015625,0,0,0.28874774393958724,taglish,comment,True,majority,3-0,1,1
t1_p7lqb3b,0,0.8006919622421265,1.390625,1,1,0.6584259587051996,tagalog,comment,True,unanimous,3-0,0,0
t1_p4yjp1i,0,0.760650634765625,1.15625,1,1,0.6331321198870821,english,comment,True,adjudicator,2-1,0,0
t1_p7hy2rb,1,0.7937461733818054,1.34765625,1,1,0.653850746464044,english,comment,True,majority,3-0,1,1
t1_p60v1iq,0,0.1030244380235672,-2.1640625,0,0,0.26477396118655694,english,comment,True,unanimous,3-0,0,0
t1_p739c9z,0,0.00970847625285387,-4.625,0,0,0.1013139766319345,tagalog,comment,True,adjudicator,2-1,0,0
t1_p4y7pqs,0,0.15869519114494324,-1.66796875,0,0,0.31277526622790686,tagalog,comment,True,adjudicator,2-1,0,1
t1_p450l59,0,0.8836382627487183,2.02734375,1,1,0.7224764127966953,taglish,comment,True,unanimous,3-0,0,0
t1_p50w45t,0,0.36455127596855164,-0.5556640625,0,0,0.4348135108412047,tagalog,comment,True,adjudicator,2-1,0,1
t1_p3mnzuq,0,0.9726234674453735,3.5703125,1,1,0.8435606132134126,tagalog,comment,True,majority,3-0,0,0
t1_p5dp75s,0,0.5738276839256287,0.2974853515625,1,0,0.5350410599672055,tagalog,comment,True,majority,3-0,0,0
t1_p7k238u,0,0.02096424251794815,-3.84375,0,0,0.14015436643866205,english,comment,True,majority,3-0,0,0
t1_p783qi7,0,0.04535258188843727,-3.046875,0,0,0.19186555831906182,tagalog,comment,True,unanimous,3-0,0,0
t1_p50k56a,1,0.9811668992042542,3.953125,1,1,0.8659514237995429,taglish,comment,True,majority,3-0,1,1
t1_p50mfn3,1,0.020023442804813385,-3.890625,0,0,0.1375095746987836,taglish,comment,True,adjudicator,2-1,1,1
t1_p50op1z,1,0.9839708209037781,4.1171875,1,1,0.8746872477519185,english,comment,True,majority,3-0,1,1
t1_p50qjt7,1,0.9412234425544739,2.7734375,1,1,0.7873270532151533,tagalog,comment,True,majority,3-0,1,1
t1_p5di3ga,0,0.9917484521865845,4.7890625,1,1,0.9055213128409877,english,comment,True,adjudicator,2-1,0,0
t1_p744g80,0,0.012241275049746037,-4.390625,0,0,0.11183836614088327,english,comment,True,adjudicator,2-1,0,0
t1_p50hk6j,0,0.3718206584453583,-0.5244140625,0,0,0.438441273241572,taglish,comment,True,majority,3-0,0,0
t1_p4dmtel,0,0.037047166377305984,-3.2578125,0,0,0.176901504362367,tagalog,comment,True,unanimous,3-0,0,0
t1_p50ctkj,0,0.29057809710502625,-0.892578125,0,0,0.39621988002692105,english,comment,True,unanimous,3-0,0,0
t1_p50f0l2,0,0.9637799859046936,3.28125,1,1,0.8247033109633505,english,comment,True,adjudicator,2-1,0,0
t1_p2xgw6d,0,0.06512754410505295,-2.6640625,0,0,0.22144419059164372,tagalog,comment,True,adjudicator,2-1,0,1
t1_p4z02s4,0,0.002800926798954606,-5.875,0,0,0.058821200250141294,tagalog,comment,True,majority,3-0,0,0
t1_p5054lx,1,0.2881682813167572,-0.904296875,0,0,0.39489757931747593,tagalog,comment,True,adjudicator,2-1,1,0
t1_p73vo06,0,0.58486407995224,0.3427734375,1,0,0.5403539177965055,tagalog,comment,True,unanimous,3-0,0,0
t1_p2uml1r,1,0.16830945014953613,-1.59765625,0,0,0.3199517937177776,english,comment,True,adjudicator,2-1,1,1
t1_p505a7e,0,0.022116590291261673,-3.7890625,0,0,0.14329362648352967,tagalog,comment,True,unanimous,3-0,0,0
t1_p50aj1l,1,0.01578456163406372,-4.1328125,0,0,0.12450672074023829,taglish,comment,True,adjudicator,2-1,1,0
t1_p73uqhk,0,0.3259495198726654,-0.7265625,0,0,0.4151071859899054,tagalog,comment,True,adjudicator,2-1,0,0
t1_p2uzf5f,0,0.00857748556882143,-4.75,0,0,0.09606768474501752,english,comment,True,majority,3-0,0,0
t1_p4zy17b,1,0.14953139424324036,-1.73828125,0,0,0.3056873512172318,english,comment,True,adjudicator,2-1,1,0
t1_p4z32up,0,0.0006563728675246239,-7.328125,0,0,0.03051891012693075,english,comment,True,majority,3-0,0,0
t1_p73rb1a,0,0.26971012353897095,-0.99609375,0,0,0.38459407771762855,tagalog,comment,True,adjudicator,2-1,0,0
t1_p73t0d5,0,0.0004044815432280302,-7.8125,0,0,0.024434790839823858,english,comment,True,unanimous,3-0,0,0
t1_p7jto0j,0,0.6817267537117004,0.76171875,1,0,0.5889153693698177,english,comment,True,adjudicator,2-1,0,1
t1_p50b9xo,0,0.7379143238067627,1.03515625,1,1,0.619759769756795,tagalog,comment,True,adjudicator,2-1,0,0
t1_p7k1qap,0,0.1431877166032791,-1.7890625,0,0,0.3006246571755332,english,comment,True,adjudicator,2-1,0,0
t1_p3mqc0v,0,0.4500874876976013,-0.2003173828125,0,0,0.47638328248971057,tagalog,comment,True,majority,3-0,0,0
t1_p3n3gv2,0,0.7599387168884277,1.15234375,1,1,0.632703813331509,tagalog,comment,True,adjudicator,2-1,0,0
t1_p4mdflr,0,0.113973468542099,-2.05078125,0,0,0.2753112709695378,tagalog,comment,True,adjudicator,2-1,0,0
t1_p7lwu7b,0,0.7371581792831421,1.03125,1,1,0.6193252380994342,tagalog,comment,True,adjudicator,2-1,0,1
t1_p2ygis0,0,0.07369627058506012,-2.53125,0,0,0.23243885782966273,english,comment,True,majority,3-0,0,0
t1_p7kpw1f,1,0.05033063143491745,-2.9375,0,0,0.19999663432022444,english,comment,True,adjudicator,2-1,1,1
t1_p7jaarx,0,0.007345826830714941,-4.90625,0,0,0.08985213722864796,english,comment,True,adjudicator,2-1,0,1
t1_p5z6z6k,0,0.001867565792053938,-6.28125,0,0,0.0490624104816107,tagalog,comment,True,adjudicator,2-1,0,0
t1_p7kwk5y,0,0.005139610730111599,-5.265625,0,0,0.07691331850335087,tagalog,comment,True,adjudicator,2-1,0,0
t1_p7lokkm,0,0.022977370768785477,-3.75,0,0,0.14557163846888851,tagalog,comment,True,adjudicator,2-1,0,0
t1_p4u9lnx,0,0.0005792916635982692,-7.453125,0,0,0.028820996945920274,english,comment,True,unanimous,3-0,0,0
t1_p5zve3c,0,0.00043055706191807985,-7.75,0,0,0.02514786105690503,taglish,comment,True,majority,3-0,0,0
t1_p4tz1s4,0,0.0008040859247557819,-7.125,0,0,0.03348652119956184,english,comment,True,majority,3-0,0,0
t1_p4u3xsx,0,0.007577240467071533,-4.875,0,0,0.0910655305757635,english,comment,True,majority,3-0,0,0
t1_p6ymmy3,1,0.09807931631803513,-2.21875,0,0,0.25978033741924034,taglish,comment,True,majority,3-0,1,1
t1_p4ib0tl,0,0.004399413242936134,-5.421875,0,0,0.07183856229291878,tagalog,comment,True,adjudicator,2-1,0,0
t1_p7j3cdm,0,0.46004632115364075,-0.16015625,0,0,0.4811130694303699,taglish,comment,True,majority,3-0,0,0
t1_p6zbn9x,0,0.014728614129126072,-4.203125,0,0,0.12093444412860094,english,comment,True,majority,3-0,0,0
t1_p4cuwvf,0,0.3315524458885193,-0.701171875,0,0,0.4180194511172937,tagalog,comment,True,adjudicator,2-1,0,1
t1_p4u5umn,0,0.9700134992599487,3.4765625,1,1,0.8376327508595012,taglish,comment,True,majority,3-0,0,0
t1_p7322uy,0,0.8210441470146179,1.5234375,1,1,0.672379450365723,tagalog,comment,True,majority,3-0,0,0
t1_p58gg2e,1,0.004198795650154352,-5.46875,0,0,0.07037741208369958,tagalog,comment,True,adjudicator,2-1,1,0
t1_p4v51mm,0,0.09947021305561066,-2.203125,0,0,0.26120083043973646,tagalog,comment,True,adjudicator,2-1,0,0
t1_p2z7y4g,0,0.0016484829830005765,-6.40625,0,0,0.04638219068915031,english,comment,True,majority,3-0,0,0
t1_p2zp7lo,0,0.9582260847091675,3.1328125,1,1,0.814344489912611,tagalog,comment,True,adjudicator,2-1,0,1
t1_p30auzl,0,0.04742587357759476,-3.0,0,0,0.19531905299600627,tagalog,comment,True,adjudicator,2-1,0,0
t1_p7jgv6p,0,0.06325051933526993,-2.6953125,0,0,0.2189119795274283,taglish,comment,True,majority,3-0,0,0
t1_p4zgyfn,0,0.0035936026833951473,-5.625,0,0,0.06570320158418115,english,comment,True,unanimous,3-0,0,0
t1_p4zi704,0,0.12085322290658951,-1.984375,0,0,0.2816078085150592,tagalog,comment,True,unanimous,3-0,0,0
t1_p7jxc0e,0,0.9910145401954651,4.703125,1,1,0.9019940240048849,tagalog,comment,True,majority,3-0,0,0
t1_p4x9009,0,0.9888418912887573,4.484375,1,1,0.8924815312922771,taglish,comment,True,adjudicator,2-1,0,1
t1_p4x92up,0,0.0026730059180408716,-5.921875,0,0,0.05760838161407506,taglish,comment,True,majority,3-0,0,0
t1_p7kahut,0,0.635448694229126,0.5556640625,1,0,0.5651864891587953,taglish,comment,True,majority,3-0,0,0
t1_p45fxqi,0,0.0012644219677895308,-6.671875,0,0,0.04114230693747363,tagalog,comment,True,adjudicator,2-1,0,1
t1_p49c6vt,0,0.6738358736038208,0.7255859375,1,0,0.5847809120390127,tagalog,comment,True,adjudicator,2-1,0,0
t1_p7muw78,0,0.30777397751808167,-0.810546875,0,0,0.4055175151169226,tagalog,comment,True,adjudicator,2-1,0,1
t1_p5yke50,0,0.03649376332759857,-3.2734375,0,0,0.17583034995901603,tagalog,comment,True,unanimous,3-0,0,0
t1_p6l8i3c,0,0.24077458679676056,-1.1484375,0,0,0.3677247028371839,tagalog,comment,True,majority,3-0,0,0
t1_p37xpi8,0,0.03963883966207504,-3.1875,0,0,0.18178511636290703,english,comment,True,majority,3-0,0,0
t1_p37xt27,0,0.000374095601728186,-7.890625,0,0,0.02357113284314096,taglish,comment,True,majority,3-0,0,0
t1_p7js6r2,1,0.2751297354698181,-0.96875,0,0,0.3876528541350134,tagalog,comment,True,adjudicator,2-1,1,0
t1_p7k8wbr,0,0.21011726558208466,-1.32421875,0,0,0.3486569370992155,english,comment,True,majority,3-0,0,0
t1_p7myz5z,1,0.017442483454942703,-4.03125,0,0,0.1298261624272517,taglish,comment,True,majority,3-0,1,1
t1_p7n04u3,0,0.7975567579269409,1.37109375,1,1,0.6563499097262245,tagalog,comment,True,adjudicator,2-1,0,1
t1_p7n3xxj,0,0.004007288720458746,-5.515625,0,0,0.06894377321631695,taglish,comment,True,majority,3-0,0,0
t1_p74ezi4,0,0.1155608743429184,-2.03515625,0,0,0.27678493297244894,taglish,comment,True,majority,3-0,0,0
t1_p74gg7s,1,0.05033063143491745,-2.9375,0,0,0.19999663432022444,tagalog,comment,True,majority,3-0,1,1
t1_p61129t,0,0.023153413087129593,-3.7421875,0,0,0.14603083017337196,english,comment,True,majority,3-0,0,0
t1_p611uon,0,0.48419713973999023,-0.063232421875,0,0,0.49254012125280516,tagalog,comment,True,adjudicator,3-0,0,0
t1_p7hcvef,0,0.1200256198644638,-1.9921875,0,0,0.2808625096722808,taglish,comment,True,unanimous,3-0,0,0
t1_p47pog4,0,0.035678550601005554,-3.296875,0,0,0.1742331949787762,taglish,comment,True,majority,3-0,0,0
t1_p3xlo9r,0,0.18242552876472473,-1.5,0,0,0.3300617613389964,english,comment,True,adjudicator,2-1,0,0
t1_p56qowl,0,0.04501553252339363,-3.0546875,0,0,0.1912945252901893,tagalog,comment,True,adjudicator,2-1,0,0
t1_p74icd1,0,0.7697731852531433,1.20703125,1,1,0.6386807711219034,english,comment,True,unanimous,3-0,0,0
t1_p74imhg,0,0.9811668992042542,3.953125,1,1,0.8659514237995429,english,comment,True,unanimous,3-0,0,0
t1_p4yghgu,1,0.6909762620925903,0.8046875,1,0,0.5938156821808693,english,comment,True,majority,3-0,1,1
t1_p7lp7fc,0,0.9887554049491882,4.4765625,1,1,0.8921272200501366,english,comment,True,adjudicator,2-1,0,1
t1_p6wmn6g,0,0.755636990070343,1.12890625,1,1,0.6301295922842097,english,comment,True,majority,3-0,0,0
t1_p450mvi,0,0.11636175215244293,-2.02734375,0,0,0.2775235872033047,english,comment,True,majority,3-0,0,0
t1_p5quqpg,0,0.6945099234580994,0.8212890625,1,0,0.5957040501534264,tagalog,comment,True,adjudicator,2-1,0,1
t1_p7gror1,0,0.06804042309522629,-2.6171875,0,0,0.22528167101745428,taglish,comment,True,majority,3-0,0,0
t1_p6xlqi1,0,0.058345843106508255,-2.78125,0,0,0.2120562363524541,tagalog,comment,True,adjudicator,2-1,0,1
t1_p4z92s5,0,0.04177388176321983,-3.1328125,0,0,0.18565551008738898,taglish,comment,True,majority,3-0,0,0
t1_p30bovs,0,0.4217899739742279,-0.3154296875,0,0,0.46285282627593577,tagalog,comment,True,adjudicator,2-1,0,0
t1_p6frm4j,0,0.09636510908603668,-2.23828125,0,0,0.25801178689583126,tagalog,comment,True,majority,3-0,0,0
t1_p6hu3xg,0,0.9603611826896667,3.1875,1,1,0.8182148836370929,english,comment,True,majority,3-0,0,0
t1_p66c3a3,0,0.001367025775834918,-6.59375,0,0,0.04262167850693299,english,comment,True,majority,3-0,0,0
t1_p73fbil,0,0.010489092208445072,-4.546875,0,0,0.10472066932572417,tagalog,comment,True,majority,3-0,0,0
t1_p73owup,0,0.007345826830714941,-4.90625,0,0,0.08985213722864796,tagalog,comment,True,adjudicator,2-1,0,1
t1_p30d2ij,1,0.7819972634315491,1.27734375,1,1,0.6463025787878227,taglish,comment,True,majority,3-0,1,1
t1_p73bm74,0,0.9919379353523254,4.8125,1,1,0.9064633757618114,english,comment,True,adjudicator,2-1,0,0
t1_p6suxfn,0,0.012431650422513485,-4.375,0,0,0.11257293060508439,english,comment,True,adjudicator,2-1,0,1
t1_p7m381y,0,0.06418264657258987,-2.6796875,0,0,0.22017547254981645,tagalog,comment,True,majority,3-0,0,0
t1_p509ccc,0,0.19868534803390503,-1.39453125,0,0,0.3411595560594745,english,comment,True,majority,3-0,0,0
t1_p7jis7i,1,0.9867772459983826,4.3125,1,1,0.8844465600204461,taglish,comment,True,majority,3-0,1,1
t1_p50kt3d,0,0.03541072830557823,-3.3046875,0,0,0.17370335989636965,tagalog,comment,True,adjudicator,2-1,0,0
t1_p2y2euo,0,0.6306849718093872,0.53515625,1,0,0.5628065327519033,english,comment,True,unanimous,3-0,0,0
t1_p50n4ib,0,0.04084571823477745,-3.15625,0,0,0.18398903188180968,taglish,comment,True,majority,3-0,0,0
t1_p50g5j6,0,0.6513549089431763,0.625,1,0,0.573210163901302,english,comment,True,adjudicator,3-0,0,1
t1_p50fgcb,0,0.0024726232513785362,-6.0,0,0,0.055639061793076386,taglish,comment,True,majority,3-0,0,0
t1_p5juk2v,1,0.004007288720458746,-5.515625,0,0,0.06894377321631695,taglish,comment,True,majority,3-0,1,1
t1_p4zvuh3,0,0.50115966796875,0.004638671875,1,0,0.5005472901849007,tagalog,comment,True,adjudicator,2-1,0,1
t1_p4z9rj0,0,0.08035747706890106,-2.4375,0,0,0.24042574092233135,english,comment,True,unanimous,3-0,0,0
t1_p66e9tm,0,0.4670886695384979,-0.1318359375,0,0,0.4844504464891604,english,comment,True,unanimous,3-0,0,0
t1_p2yn7fr,0,0.0002780309587251395,-8.1875,0,0,0.020552914313413027,english,comment,True,adjudicator,2-1,0,0
t1_p6euh2b,1,0.014957086183130741,-4.1875,0,0,0.12172056469018627,tagalog,comment,True,majority,3-0,1,1
t1_p50ksck,0,0.00044421834172680974,-7.71875,0,0,0.025511958970476818,english,comment,True,unanimous,3-0,0,0
t1_p36d5bg,0,0.05707139894366264,-2.8046875,0,0,0.21021395352225666,tagalog,comment,True,majority,3-0,0,0
t1_p4z2nd8,0,0.8349459171295166,1.62109375,1,1,0.6824500859227681,taglish,comment,True,majority,3-0,0,0
t1_p4z1v5i,0,0.006388320587575436,-5.046875,0,0,0.08457050093699602,tagalog,comment,True,adjudicator,2-1,0,1
t1_p4507ie,1,0.007695646956562996,-4.859375,0,0,0.09167774056065224,english,comment,True,majority,3-0,1,1
t1_p44z1hv,0,0.001048469333909452,-6.859375,0,0,0.03778979175310173,english,comment,True,majority,3-0,0,0
t1_p73draa,0,0.9936610460281372,5.0546875,1,1,0.9157145042867525,english,comment,True,adjudicator,2-1,0,0
t1_p60wphy,0,0.942081868648529,2.7890625,1,1,0.7885591660073249,tagalog,comment,True,adjudicator,2-1,0,0
t1_p4yc8o8,0,0.046378206461668015,-3.0234375,0,0,0.19358645334129873,taglish,comment,True,adjudicator,3-0,0,0
t1_p353apj,0,0.048136770725250244,-2.984375,0,0,0.19648062835448338,tagalog,comment,True,adjudicator,2-1,0,0
t1_p73a36h,0,0.3546565771102905,-0.5986328125,0,0,0.4298367918270843,english,comment,True,unanimous,3-0,0,0
t1_p7jf0r2,0,0.7892336845397949,1.3203125,1,1,0.6509242950129605,english,comment,True,adjudicator,2-1,0,1
t1_p4yswdj,0,0.002217013156041503,-6.109375,0,0,0.05298826231087992,english,comment,True,majority,3-0,0,0
t1_p6f25zx,0,0.03514484316110611,-3.3125,0,0,0.1731747981260198,english,comment,True,unanimous,3-0,0,0
t1_p42v4zw,0,0.44058963656425476,-0.23876953125,0,0,0.47185871783861616,taglish,comment,True,unanimous,3-0,0,0
t1_p74b71a,0,0.16344542801380157,-1.6328125,0,0,0.31635259680785743,taglish,comment,True,majority,3-0,0,0
t1_p5ojmel,0,0.00044421834172680974,-7.71875,0,0,0.025511958970476818,english,comment,True,majority,3-0,0,0
t1_p7lp3me,0,0.32082128524780273,-0.75,0,0,0.41242419040450295,tagalog,comment,True,adjudicator,2-1,0,0
t1_p74c54r,0,0.16667540371418,-1.609375,0,0,0.3187496500694706,tagalog,comment,True,adjudicator,2-1,0,1
t1_p5d03sd,1,0.9910145401954651,4.703125,1,1,0.9019940240048849,english,comment,True,adjudicator,2-1,1,1
t1_p5bn0i6,0,0.005641908384859562,-5.171875,0,0,0.08011393725152342,tagalog,comment,True,adjudicator,2-1,0,1
t1_p4vra41,0,0.8278281688690186,1.5703125,1,1,0.6772339043799094,english,comment,True,unanimous,3-0,0,0
t1_p4u0hht,0,0.0007672924548387527,-7.171875,0,0,0.03277787931535875,taglish,comment,True,majority,3-0,0,0
t1_p4u2980,0,0.0013458605390042067,-6.609375,0,0,0.042321793960202296,english,comment,True,unanimous,3-0,0,0
t1_p4vo11e,1,0.7439128756523132,1.06640625,1,1,0.623229066093507,english,comment,True,adjudicator,2-1,1,1
t1_p4sp0fb,0,0.020023442804813385,-3.890625,0,0,0.1375095746987836,english,comment,True,adjudicator,2-1,0,0
t1_p3mvbds,1,0.9339146018028259,2.6484375,1,1,0.7772818685767167,english,comment,True,adjudicator,2-1,1,1
t1_p5djmbn,0,0.7898827195167542,1.32421875,1,1,0.6513430629007844,tagalog,comment,True,adjudicator,2-1,0,1
t1_p6y4ge5,0,0.9164093732833862,2.39453125,1,1,0.7558514976573613,tagalog,comment,True,adjudicator,2-1,0,1
t1_p6xxfkg,0,0.7476159334182739,1.0859375,1,1,0.6253910039668509,tagalog,comment,True,adjudicator,2-1,0,1
t1_p7j5xzr,0,0.7512834072113037,1.10546875,1,1,0.627547950133502,tagalog,comment,True,adjudicator,2-1,0,1
t1_p7j6zah,1,0.24364246428012848,-1.1328125,0,0,0.3694408521285508,tagalog,comment,True,unanimous,3-0,1,1
t1_p702cl9,0,0.001838665222749114,-6.296875,0,0,0.048719515283948175,tagalog,comment,True,unanimous,3-0,0,0
t1_p707f7g,1,0.4897475242614746,-0.041015625,0,0,0.4951609517355237,tagalog,comment,True,adjudicator,2-1,1,0
t1_p753v9m,0,0.5438400506973267,0.175811767578125,1,0,0.5207311343744323,english,comment,True,adjudicator,2-1,0,1
t1_p7m6ok7,0,0.0059110685251653194,-5.125,0,0,0.08175945507942005,tagalog,comment,True,adjudicator,2-1,0,0
t1_p6kog21,0,0.2062538117170334,-1.34765625,0,0,0.346149253535956,tagalog,comment,True,adjudicator,2-1,0,1
t1_p608is8,0,0.000954731716774404,-6.953125,0,0,0.03621349229997963,tagalog,comment,True,majority,3-0,0,0
t1_p37e5bx,0,0.02096424251794815,-3.84375,0,0,0.14015436643866205,tagalog,comment,True,adjudicator,2-1,0,1
t1_p381jg4,0,0.10230471193790436,-2.171875,0,0,0.2640568386505136,english,comment,True,majority,3-0,0,0
t1_p58fqwh,0,0.012053778395056725,-4.40625,0,0,0.11110799475952232,tagalog,comment,True,majority,3-0,0,0
t1_p5bjpt3,0,0.048136770725250244,-2.984375,0,0,0.19648062835448338,tagalog,comment,True,majority,3-0,0,0
t1_p4uowx1,0,0.02280263788998127,-3.7578125,0,0,0.14511364532239043,tagalog,comment,True,majority,3-0,0,0
t1_p74br4v,0,0.00044421834172680974,-7.71875,0,0,0.025511958970476818,taglish,comment,True,adjudicator,2-1,0,0
t1_p5fipul,1,0.01590639352798462,-4.125,0,0,0.1249091791388165,english,comment,True,majority,3-0,1,1
t1_p5w1gcd,0,0.021287353709340096,-3.828125,0,0,0.1410453778836684,english,comment,True,adjudicator,2-1,0,0
t1_p5eahze,1,0.1778108775615692,-1.53125,0,0,0.3268088724434046,english,comment,True,adjudicator,2-1,1,1
t1_p7l6w1l,0,0.004982269834727049,-5.296875,0,0,0.07587275411673995,english,comment,True,majority,3-0,0,0
t1_p7l5ead,0,0.5891255140304565,0.3603515625,1,0,0.5424136498822837,tagalog,comment,True,majority,3-0,0,0
t1_p4cv0g5,0,0.7988152503967285,1.37890625,1,1,0.657181051899189,tagalog,comment,True,adjudicator,2-1,0,0
t1_p2tp5pv,0,0.09203286468982697,-2.2890625,0,0,0.2534504507281608,tagalog,comment,True,adjudicator,2-1,0,1
t1_p6dib8t,0,0.000368297885870561,-7.90625,0,0,0.02340201080068125,english,comment,True,unanimous,3-0,0,0
t1_p1uhh3a,0,0.008711384609341621,-4.734375,0,0,0.0967099449034277,tagalog,comment,True,unanimous,3-0,0,0
t1_p73s4hr,0,0.004982269834727049,-5.296875,0,0,0.07587275411673995,tagalog,comment,True,majority,3-0,0,0
t1_p6uad6g,0,0.16344542801380157,-1.6328125,0,0,0.31635259680785743,english,comment,True,majority,3-0,0,0
t1_p516l0j,0,0.004007288720458746,-5.515625,0,0,0.06894377321631695,taglish,comment,True,majority,3-0,0,0
t1_p73e15r,0,0.929951012134552,2.5859375,1,1,0.7721339326163912,tagalog,comment,True,adjudicator,2-1,0,1
t1_p55vx02,0,0.8955226540565491,2.1484375,1,1,0.7337880604785104,tagalog,comment,True,adjudicator,2-1,0,1
t1_p7mebve,0,0.854884684085846,1.7734375,1,1,0.6978226837345222,english,comment,True,adjudicator,2-1,0,0
t1_p56j1wj,0,0.7158214449882507,0.923828125,1,1,0.6073028324888861,tagalog,comment,True,adjudicator,2-1,0,1
t1_p4zkbgz,0,0.026963496580719948,-3.5859375,0,0,0.15546872982586063,tagalog,comment,True,majority,3-0,0,0
t1_p745f2j,0,0.0222861859947443,-3.78125,0,0,0.14374684133417845,english,comment,True,unanimous,3-0,0,0
t1_p30fm7m,0,0.8169911503791809,1.49609375,1,1,0.6695304734778792,tagalog,comment,True,adjudicator,2-1,0,0
t1_p74grz2,1,0.8872045874595642,2.0625,1,1,0.7257907770411556,english,comment,True,adjudicator,2-1,1,1
t1_p7jhogr,1,0.9648551344871521,3.3125,1,1,0.8268252018739801,english,comment,True,adjudicator,2-1,1,1
t1_p7lvlbu,0,0.03138043358922005,-3.4296875,0,0,0.1653984566426644,tagalog,comment,True,unanimous,3-0,0,0
t1_p7jnr2h,0,0.11240508407354355,-2.06640625,0,0,0.2738424841665785,tagalog,comment,True,adjudicator,2-1,0,0
t1_p500tw0,0,0.536191463470459,0.14501953125,1,0,0.51710335074281,tagalog,comment,True,unanimous,3-0,0,0
t1_p7406iz,0,0.7041601538658142,0.8671875,1,0,0.6009099484927216,tagalog,comment,True,majority,3-0,0,0
t1_p1xck60,0,0.008847354911267757,-4.71875,0,0,0.09735603643252977,english,comment,True,unanimous,3-0,0,0
t1_p17gt8l,0,0.0012065897462889552,-6.71875,0,0,0.040278404952754095,taglish,comment,True,unanimous,3-0,0,0
t1_p1vinv1,0,0.6934729218482971,0.81640625,1,0,0.5951489392476582,tagalog,comment,True,adjudicator,2-1,0,0
t1_p511vok,0,0.0018969200318679214,-6.265625,0,0,0.049407593682287,tagalog,comment,True,majority,3-0,0,0
t1_p43jou3,0,0.86200350522995,1.83203125,1,1,0.7036215839575619,tagalog,comment,True,majority,3-0,0,0
t1_p5s2d5h,0,0.023330770432949066,-3.734375,0,0,0.14649122201350986,taglish,comment,True,adjudicator,2-1,0,0
t1_p5s53tr,0,0.029986508190631866,-3.4765625,0,0,0.1623672491404988,tagalog,comment,True,majority,3-0,0,0
t1_p72ytgg,1,0.9566342234611511,3.09375,1,1,0.8115411750619284,english,comment,True,adjudicator,2-1,1,1
t1_p4wg4c7,0,0.0008559005800634623,-7.0625,0,0,0.034454415065816514,english,comment,True,majority,3-0,0,0
t1_p7lsuj4,0,0.0014550630003213882,-6.53125,0,0,0.043841637686812734,tagalog,comment,True,adjudicator,2-1,0,0
t1_p58j5wr,0,0.13892841339111328,-1.82421875,0,0,0.2971478752595105,tagalog,comment,True,adjudicator,2-1,0,0
t1_p3zck8b,1,0.879974365234375,1.9921875,1,1,0.7191374903277191,taglish,comment,True,majority,3-0,1,1
t1_p5jo04w,0,0.6311396956443787,0.537109375,1,0,0.5630333216714105,english,comment,True,adjudicator,2-1,0,1
t1_p45gz72,0,0.0023596608079969883,-6.046875,0,0,0.054488056337555275,english,comment,True,adjudicator,2-1,0,1
t1_p74tdv1,0,0.00032503585680387914,-8.03125,0,0,0.022091022597782797,english,comment,True,majority,3-0,0,0
t1_p6xk7ai,1,0.6710395812988281,0.712890625,1,0,0.5833253945639255,tagalog,comment,True,adjudicator,2-1,1,1
t1_p4538ts,0,0.12168575078248978,-1.9765625,0,0,0.282354308573812,taglish,comment,True,unanimous,3-0,0,0
t1_p6xl7fl,0,0.20850105583667755,-1.333984375,0,0,0.347611040543835,tagalog,comment,True,unanimous,3-0,0,0
t1_p6xm0yr,0,0.02517884038388729,-3.65625,0,0,0.1511614890755952,tagalog,comment,True,unanimous,3-0,0,0
t1_p454w2l,1,0.8104788661003113,1.453125,1,1,0.6650283300312944,tagalog,comment,True,adjudicator,2-1,1,1
t1_p4547r9,0,0.6776873469352722,0.7431640625,1,0,0.586793799003859,taglish,comment,True,majority,3-0,0,0
t1_p4vkr17,0,0.0035380858462303877,-5.640625,0,0,0.06525198503729253,tagalog,comment,True,adjudicator,2-1,0,0
t1_p72sxch,1,0.9485372304916382,2.9140625,1,1,0.7982277496765287,english,comment,True,adjudicator,2-1,1,1
t1_p5jr8mr,0,0.4177464544773102,-0.33203125,0,0,0.4609054909173592,tagalog,comment,True,adjudicator,2-1,0,1
t1_p4trkiv,0,0.86200350522995,1.83203125,1,1,0.7036215839575619,taglish,comment,True,unanimous,3-0,0,0
t1_p5c7eie,0,0.024423090741038322,-3.6875,0,0,0.14927886322258016,tagalog,comment,True,unanimous,3-0,0,0
t1_p6xo7px,1,0.740174412727356,1.046875,1,1,0.621062211323562,tagalog,comment,True,adjudicator,2-1,1,1
t1_p5bp7be,1,0.018264278769493103,-3.984375,0,0,0.13234585130160462,english,comment,True,adjudicator,2-1,1,1
t1_p5c24vj,0,0.3953676223754883,-0.4248046875,0,0,0.4500469213073017,taglish,comment,True,majority,3-0,0,0
t1_p77ljo2,0,0.8037906289100647,1.41015625,1,1,0.6604959532809805,tagalog,comment,True,adjudicator,2-1,0,1
t1_p718bsb,0,0.5734395980834961,0.2958984375,1,0,0.5348547437442612,english,comment,True,majority,3-0,0,0
t1_p75lpor,0,0.02655657008290291,-3.6015625,0,0,0.15450299240730817,english,comment,True,unanimous,3-0,0,0
t1_p5d2ib3,0,0.19253934919834137,-1.43359375,0,0,0.3370281310117176,tagalog,comment,True,adjudicator,2-1,0,0
t1_p5yuzso,0,0.012241275049746037,-4.390625,0,0,0.11183836614088327,tagalog,comment,True,unanimous,3-0,0,0
t1_p5d6qte,0,0.029986508190631866,-3.4765625,0,0,0.1623672491404988,english,comment,True,majority,3-0,0,0
t1_p6xian7,0,0.6926419734954834,0.8125,1,0,0.5947046751544783,tagalog,comment,True,majority,3-0,0,0
t1_p6eedw6,0,0.024798156693577766,-3.671875,0,0,0.15021774823105152,taglish,comment,True,majority,3-0,0,0
t1_p5junzy,0,0.023870835080742836,-3.7109375,0,0,0.14787961400259747,tagalog,comment,True,adjudicator,2-1,0,1
t1_p6nahxx,0,0.0034834241960197687,-5.65625,0,0,0.06480365228819718,tagalog,comment,True,adjudicator,2-1,0,0
t1_p30be6v,0,0.859663724899292,1.8125,1,1,0.701695777037384,english,comment,True,adjudicator,2-1,0,0
t1_p7jho9v,0,0.6791787147521973,0.75,1,0,0.587575809595497,english,comment,True,adjudicator,2-1,0,0
t1_p7kkdf9,0,0.007232763804495335,-4.921875,0,0,0.0892509204581822,taglish,comment,True,majority,3-0,0,0
t1_p5qucbl,1,0.684264063835144,0.7734375,1,0,0.5902536123442719,taglish,comment,True,adjudicator,2-1,1,1
t1_p5qbnhx,0,0.22815652191638947,-1.21875,0,0,0.36004394665864464,tagalog,comment,True,majority,3-0,0,0
t1_p4zviq9,1,0.7450275421142578,1.072265625,1,1,0.6238781671482759,english,comment,True,adjudicator,2-1,1,1
t1_p3moxt8,0,0.6825737357139587,0.765625,1,0,0.589361597587322,tagalog,comment,True,majority,3-0,0,0
t1_p5djzu4,0,0.5801141858100891,0.3232421875,1,0,0.5380637116635066,taglish,comment,True,majority,3-0,0,0
t1_p5doj8d,0,0.9640516638755798,3.2890625,1,1,0.8252356956343917,tagalog,comment,True,adjudicator,2-1,0,1
t1_p5dlzfy,1,0.7055822014808655,0.8740234375,1,0,0.6016833781356399,taglish,comment,True,majority,3-0,1,1
t1_p7j7yau,0,0.0023231625091284513,-6.0625,0,0,0.054109399189183255,english,comment,True,majority,3-0,0,0
t1_p7n80jw,0,0.5613350868225098,0.24658203125,1,0,0.5290600181940822,tagalog,comment,True,adjudicator,2-1,0,0
t1_p7j76ff,1,0.9943581223487854,5.171875,1,1,0.9198860627484765,tagalog,comment,True,majority,3-0,1,1
t1_p7lxajf,0,0.0013250225456431508,-6.625,0,0,0.04202392677301189,tagalog,comment,True,adjudicator,2-1,0,1
t1_p7m57xc,0,0.012053778395056725,-4.40625,0,0,0.11110799475952232,tagalog,comment,True,unanimous,3-0,0,0
t1_p7dh05i,0,0.23231014609336853,-1.1953125,0,0,0.36259646881549623,taglish,comment,True,majority,3-0,0,0
t1_p4dj8uc,0,0.034358687698841095,-3.3359375,0,0,0.17159674257655544,english,comment,True,majority,3-0,0,0
t1_p6yhyp7,0,0.9671630263328552,3.3828125,1,1,0.8315251286302798,taglish,comment,True,majority,3-0,0,0
t1_p4j7rfa,0,0.000503335555549711,-7.59375,0,0,0.0270203526419373,english,comment,True,majority,3-0,0,0
t1_p48zy40,1,0.009268012829124928,-4.671875,0,0,0.09931746581346385,english,comment,True,adjudicator,2-1,1,1
t1_p77oasy,0,0.8068526387214661,1.4296875,1,1,0.66255983235043,tagalog,comment,True,adjudicator,2-1,0,1
t1_p6lxtis,1,0.001867565792053938,-6.28125,0,0,0.0490624104816107,tagalog,comment,True,adjudicator,2-1,1,0
t1_p6ziu6m,0,0.000487857119878754,-7.625,0,0,0.02663531584906979,taglish,comment,True,unanimous,3-0,0,0
t1_p7bki45,0,0.017309095710515976,-4.0390625,0,0,0.12941020429818187,english,comment,True,majority,3-0,0,0
t1_p7iqsje,0,0.8665847778320312,1.87109375,1,1,0.70745151088292,tagalog,comment,True,adjudicator,2-1,0,0
t1_p4bbs3s,0,0.011331754736602306,-4.46875,0,0,0.10822811718400513,tagalog,comment,True,majority,3-0,0,0
t1_p4but41,0,0.07864238321781158,-2.4609375,0,0,0.23841156638396224,english,comment,True,majority,3-0,0,0
t1_p6zhr2y,0,0.9640516638755798,3.2890625,1,1,0.8252356956343917,english,comment,True,adjudicator,2-1,0,0
t1_p7f2wrm,0,0.005819959565997124,-5.140625,0,0,0.08120755642311293,english,comment,True,unanimous,3-0,0,0
t1_p6cdwlj,0,0.5432267785072327,0.17333984375,1,0,0.5204399805685574,english,comment,True,majority,3-0,0,0
t1_p7lue0s,0,0.4196479320526123,-0.32421875,0,0,0.4618217390543133,tagalog,comment,True,adjudicator,2-1,0,0
t1_p6t5b41,0,0.8553685545921326,1.77734375,1,1,0.6982112746763963,tagalog,comment,True,majority,3-0,0,0
t1_p7jnpjy,0,0.26894140243530273,-1.0,0,0,0.38415784728503793,tagalog,comment,True,adjudicator,2-1,0,0
t1_p50itq4,0,0.9740425944328308,3.625,1,1,0.8469364142266722,tagalog,comment,True,unanimous,3-0,0,0
t1_p4zydo6,0,0.0844927504658699,-2.3828125,0,0,0.24517054695297433,tagalog,comment,True,adjudicator,3-0,0,0
t1_p73s7dd,0,0.0017007224960252643,-6.375,0,0,0.047038890753109214,english,comment,True,majority,3-0,0,0
t1_p4yjgy2,0,0.7004852294921875,0.849609375,1,0,0.5989188248262428,english,comment,True,adjudicator,3-0,0,0
t1_p4yxoxp,0,0.007460643537342548,-4.890625,0,0,0.09045700170022339,english,comment,True,majority,3-0,0,0
t1_p31sz14,0,0.030444350093603134,-3.4609375,0,0,0.16337264460694365,english,comment,True,adjudicator,2-1,0,0
t1_p7ls1mp,0,0.7627776861190796,1.16796875,1,1,0.6344157761464387,english,comment,True,adjudicator,2-1,0,1
t1_p7lspmz,1,0.9566342234611511,3.09375,1,1,0.8115411750619284,taglish,comment,True,unanimous,3-0,1,1
t1_p74d4bz,0,0.9782188534736633,3.8046875,1,1,0.857609233190279,tagalog,comment,True,adjudicator,2-1,0,0
t1_p60wcj6,0,0.7364006042480469,1.02734375,1,1,0.618890515226458,taglish,comment,True,majority,3-0,0,0
t1_p610h1i,0,0.25423112511634827,-1.076171875,0,0,0.37568934566421336,english,comment,True,majority,3-0,0,0
t1_p51369z,0,0.028652667999267578,-3.5234375,0,0,0.15938098508290352,english,comment,True,majority,3-0,0,0
t1_p73fep1,0,0.02655657008290291,-3.6015625,0,0,0.15450299240730817,tagalog,comment,True,majority,3-0,0,0
t1_p73kboj,0,0.000552778597921133,-7.5,0,0,0.028208205362216604,english,comment,True,majority,3-0,0,0
t1_p6sh65x,0,0.0025509123224765062,-5.96875,0,0,0.05641907072739921,english,comment,True,majority,3-0,0,0
t1_p7hg7mw,0,0.0036499870475381613,-5.609375,0,0,0.06615731745626446,tagalog,comment,True,majority,3-0,0,0
t1_p7jt1vc,0,0.5117166042327881,0.046875,1,0,0.505530288015912,tagalog,comment,True,adjudicator,2-1,0,1
t1_p7l1f41,0,0.8289388418197632,1.578125,1,1,0.6780393136208257,tagalog,comment,True,adjudicator,2-1,0,1
t1_p77o8p9,0,0.28656840324401855,-0.912109375,0,0,0.39401689794738287,taglish,comment,True,adjudicator,2-1,0,1
t1_p7mc36a,0,0.004538431763648987,-5.390625,0,0,0.07282815956503912,tagalog,comment,True,unanimous,3-0,0,0
t1_p7jd4a0,0,0.0005442132824100554,-7.515625,0,0,0.02800676679122609,english,comment,True,majority,3-0,0,0
t1_p30e7kk,0,0.9645892381668091,3.3046875,1,1,0.8262966401036304,tagalog,comment,True,adjudicator,2-1,0,1
t1_p4zso0v,0,0.03258974477648735,-3.390625,0,0,0.16795898542913248,english,comment,True,majority,3-0,0,0
t1_p7jw74c,0,0.9965165853500366,5.65625,1,1,0.9351963477118028,tagalog,comment,True,adjudicator,2-1,0,0
t1_p7loryq,0,0.01678548939526081,-4.0703125,0,0,0.12775770494495384,tagalog,comment,True,adjudicator,2-1,0,0
t1_p7kejka,0,0.0035936026833951473,-5.625,0,0,0.06570320158418115,taglish,comment,True,majority,3-0,0,0
t1_p4u7ozv,0,0.0010005043586716056,-6.90625,0,0,0.03699356961131133,english,comment,True,majority,3-0,0,0
t1_p74viyf,0,0.0003301527467556298,-8.015625,0,0,0.022250886231358458,taglish,comment,True,majority,3-0,0,0
t1_p4s6jbw,0,0.04742587357759476,-3.0,0,0,0.19531905299600627,taglish,comment,True,unanimous,3-0,0,0
t1_p752rqj,0,0.5719459652900696,0.289794921875,1,0,0.5341380526884821,tagalog,comment,True,adjudicator,2-1,0,0
t1_p6y60qh,0,0.004681822843849659,-5.359375,0,0,0.07383030447741767,english,comment,True,adjudicator,2-1,0,0
t1_p458n1p,0,0.01798621006309986,-4.0,0,0,0.13150138291354774,taglish,comment,True,majority,3-0,0,0
t1_p6xqjnv,0,0.8840392827987671,2.03125,1,1,0.7228458916380883,tagalog,comment,True,adjudicator,2-1,0,0
t1_p7go8mv,0,0.7142295837402344,0.916015625,1,1,0.6064231850604855,english,comment,True,majority,3-0,0,0
t1_p7kv3yd,0,0.9912208914756775,4.7265625,1,1,0.9029674892950338,tagalog,comment,True,adjudicator,2-1,0,0
t1_p50n4tb,0,0.0006462032324634492,-7.34375,0,0,0.030301485023929844,english,comment,True,unanimous,3-0,0,0
t1_p5zth6t,0,0.36229208111763,-0.5654296875,0,0,0.43368124659692353,english,comment,True,majority,3-0,0,0
t1_p4zgrzx,0,0.0007793660624884069,-7.15625,0,0,0.033012468591462826,taglish,comment,True,majority,3-0,0,0
t1_p700j7b,0,0.9864678382873535,4.2890625,1,1,0.8833112977468635,tagalog,comment,True,adjudicator,2-1,0,0
t1_p77i5r8,0,0.05460060387849808,-2.8515625,0,0,0.20656470348327463,tagalog,comment,True,adjudicator,2-1,0,0
t1_p4m3z47,0,0.9376689791679382,2.7109375,1,1,0.7823462865471631,tagalog,comment,True,adjudicator,2-1,0,0
t1_p4m4zyh,0,0.06142404302954674,-2.7265625,0,0,0.2164006759554368,tagalog,comment,True,adjudicator,2-1,0,1
t1_p4sueon,0,0.7962924242019653,1.36328125,1,1,0.6555178087553329,tagalog,comment,True,adjudicator,2-1,0,0
t1_p4sv9rj,0,0.027376487851142883,-3.5703125,0,0,0.15643938678658748,english,comment,True,unanimous,3-0,0,0
t1_p4ll1ak,0,0.2929997146129608,-0.880859375,0,0,0.3975436994926446,english,comment,True,majority,3-0,0,0
t1_p3mgb44,1,0.9532750844955444,3.015625,1,1,0.805837314610741,tagalog,comment,True,adjudicator,2-1,1,1
t1_p3ulruj,0,0.0014779430348426104,-6.515625,0,0,0.04415179507195838,taglish,comment,True,majority,3-0,0,0
t1_p3z7bs5,0,0.2233770787715912,-1.24609375,0,0,0.35707598533248336,tagalog,comment,True,adjudicator,2-1,0,1
t1_p741stj,0,0.18417982757091522,-1.48828125,0,0,0.33128582130600415,english,comment,True,majority,3-0,0,0
t1_p7ix4ga,0,0.0025909794494509697,-5.953125,0,0,0.05681292013872671,taglish,comment,True,unanimous,3-0,0,0
t1_p5doxl4,0,0.055005285888910294,-2.84375,0,0,0.20716964230561355,tagalog,comment,True,adjudicator,2-1,0,1
t1_p5dsna8,0,0.9860442876815796,4.2578125,1,1,0.8817825672032331,tagalog,comment,True,adjudicator,2-1,0,0
t1_p4ig2a4,0,0.04922211542725563,-2.9609375,0,0,0.1982327634371105,taglish,comment,True,unanimous,3-0,0,0
t1_p76s0i1,0,0.7409248948097229,1.05078125,1,1,0.6214959720128083,tagalog,comment,True,adjudicator,2-1,0,1
t1_p680c7h,0,0.0006667023408226669,-7.3125,0,0,0.03073784588783257,english,comment,True,majority,3-0,0,0
t1_p6819lj,0,0.0006878511630930007,-7.28125,0,0,0.03118028857300946,english,comment,True,adjudicator,2-1,0,0
t1_p6828vl,0,0.18772760033607483,-1.46484375,0,0,0.3337407880738345,taglish,comment,True,majority,3-0,0,0
t1_p276i3e,0,0.4693986475467682,-0.12255859375,0,0,0.4855440413734076,tagalog,comment,True,adjudicator,2-1,0,1
t1_p7jyy5t,1,0.0005442132824100554,-7.515625,0,0,0.02800676679122609,english,comment,True,adjudicator,2-1,1,1
t1_p7j3plz,0,0.056236349046230316,-2.8203125,0,0,0.2089923052586785,tagalog,comment,True,unanimous,3-0,0,0
t1_p73w2yi,0,0.0008167380001395941,-7.109375,0,0,0.03372600533725108,tagalog,comment,True,adjudicator,2-1,0,0
t1_p29d6d9,0,0.00048029719619080424,-7.640625,0,0,0.02644480383695967,taglish,comment,True,adjudicator,2-1,0,0
t1_p50cv03,0,0.010489092208445072,-4.546875,0,0,0.10472066932572417,english,comment,True,majority,3-0,0,0
t1_p6cmkfn,0,0.0038244836032390594,-5.5625,0,0,0.06753721691730324,taglish,comment,True,unanimous,3-0,0,0
t1_p6emwqi,0,0.043042849749326706,-3.1015625,0,0,0.1878955736670969,taglish,comment,True,majority,3-0,0,0
t1_p680obn,0,0.0038244836032390594,-5.5625,0,0,0.06753721691730324,taglish,comment,True,unanimous,3-0,0,0
t1_p78ix6u,0,0.0832919254899025,-2.3984375,0,0,0.2438084624791886,english,comment,True,adjudicator,2-1,0,0
t1_p70kvvd,0,0.5905430912971497,0.3662109375,1,0,0.5430999086818848,english,comment,True,unanimous,3-0,0,0
t1_p4yj7z9,0,0.027169233188033104,-3.578125,0,0,0.15595344266640224,tagalog,comment,True,adjudicator,2-1,0,1
t1_p44wn2h,1,0.4118203818798065,-0.3564453125,0,0,0.45804394558373884,tagalog,comment,True,majority,3-0,1,1
t1_p32bbyd,1,0.18126320838928223,-1.5078125,0,0,0.32924699765713267,taglish,comment,True,majority,3-0,1,1
t1_p7lz7qd,0,0.8534248471260071,1.76171875,1,1,0.6966552111259946,tagalog,comment,True,adjudicator,2-1,0,0
t1_p4yyoqr,0,0.00214894930832088,-6.140625,0,0,0.052253058579332344,taglish,comment,True,majority,3-0,0,0
t1_p56u2xe,0,0.001597845577634871,-6.4375,0,0,0.045734218686383936,english,comment,True,unanimous,3-0,0,0
t1_p56to2j,0,0.0023596608079969883,-6.046875,0,0,0.054488056337555275,tagalog,comment,True,unanimous,3-0,0,0
t1_p610xfe,0,0.7283620238304138,0.986328125,1,1,0.6143145353172327,tagalog,comment,True,majority,3-0,0,0
t1_p738pzh,0,0.7386690378189087,1.0390625,1,1,0.620194109586782,tagalog,comment,True,adjudicator,2-1,0,0
t1_p384082,0,0.004681822843849659,-5.359375,0,0,0.07383030447741767,tagalog,comment,True,majority,3-0,0,0
t1_p5jrav0,1,0.5627773404121399,0.25244140625,1,0,0.5297489413712516,english,comment,True,adjudicator,2-1,1,1
t1_p7m05zg,0,0.0071214293129742146,-4.9375,0,0,0.08865333468966868,english,comment,True,majority,3-0,0,0
t1_p4dkxkh,0,0.028652667999267578,-3.5234375,0,0,0.15938098508290352,taglish,comment,True,unanimous,3-0,0,0
t1_p4k59bk,0,0.0002913700882345438,-8.140625,0,0,0.021002997536154276,english,comment,True,majority,3-0,0,0
t1_p6zbl8i,0,0.0017007224960252643,-6.375,0,0,0.047038890753109214,taglish,comment,True,adjudicator,2-1,0,1
t1_p5dxbs7,0,0.0010005043586716056,-6.90625,0,0,0.03699356961131133,tagalog,comment,True,majority,3-0,0,0
t1_p44suuv,1,0.4909983277320862,-0.0360107421875,0,0,0.4957514004410251,taglish,comment,True,majority,3-0,1,1
t1_p70aroj,0,0.005730246659368277,-5.15625,0,0,0.08065905598523344,taglish,comment,True,adjudicator,2-1,0,0
t1_p74ks71,0,0.9896718263626099,4.5625,1,1,0.8959686638234327,english,comment,True,adjudicator,2-1,0,0
t1_p4uryqc,0,0.05877655744552612,-2.7734375,0,0,0.21267294678484677,english,comment,True,adjudicator,2-1,0,1
t1_p4uqeg7,0,0.008445627056062222,-4.765625,0,0,0.09542923928444559,english,comment,True,majority,3-0,0,0
t1_p5t8r1x,0,0.0014550630003213882,-6.53125,0,0,0.043841637686812734,english,comment,True,unanimous,3-0,0,0
t1_p5slogr,0,0.32809871435165405,-0.716796875,0,0,0.4162265979281049,tagalog,comment,True,majority,3-0,0,0
t1_p50z1kz,0,0.13568955659866333,-1.8515625,0,0,0.29445982457080333,english,comment,True,majority,3-0,0,0
t1_p6kdbp6,0,0.250545859336853,-1.095703125,0,0,0.37352989434076117,tagalog,comment,True,adjudicator,2-1,0,1
t1_p74nuig,0,0.005220125894993544,-5.25,0,0,0.07743849261461837,taglish,comment,True,majority,3-0,0,0
t1_p7m5qex,0,0.0005884088459424675,-7.4375,0,0,0.02902811696737469,english,comment,True,unanimous,3-0,0,0
t1_p7m8j5k,1,0.002251847181469202,-6.09375,0,0,0.053359516343720007,tagalog,comment,True,majority,3-0,1,1
t1_p456pe2,0,0.01971912942826748,-3.90625,0,0,0.13663734648425513,tagalog,comment,True,adjudicator,2-1,0,0
t1_p6xyml6,0,0.7769615650177002,1.248046875,1,1,0.6431355959574085,english,comment,True,unanimous,3-0,0,0
t1_p6u5m5s,0,0.014392335899174213,-4.2265625,0,0,0.11976347567084827,taglish,comment,True,majority,3-0,0,0
t1_p5cyph5,0,0.9594592452049255,3.1640625,1,1,0.8165638800008309,tagalog,comment,True,adjudicator,2-1,0,0
t1_p75d299,1,0.6372565627098083,0.5634765625,1,0,0.5660923555445391,tagalog,comment,True,majority,3-0,1,1
t1_p7lx153,0,0.18417982757091522,-1.48828125,0,0,0.33128582130600415,tagalog,comment,True,majority,3-0,0,0
t1_p751yhf,0,0.043042849749326706,-3.1015625,0,0,0.1878955736670969,tagalog,comment,True,adjudicator,2-1,0,1
t1_p5j6obd,0,0.001597845577634871,-6.4375,0,0,0.045734218686383936,tagalog,comment,True,majority,3-0,0,0
t1_p458p0v,0,0.8459424376487732,1.703125,1,1,0.6907799088243727,english,comment,True,majority,3-0,0,0
t1_p753qtq,0,0.0005357805639505386,-7.53125,0,0,0.027806725558990938,taglish,comment,True,majority,3-0,0,0
t1_p3mn17a,0,0.008187909610569477,-4.796875,0,0,0.09416372572307875,taglish,comment,True,unanimous,3-0,0,0
t1_p4mc2md,0,0.5268905162811279,0.107666015625,1,0,0.5127001659699566,tagalog,comment,True,adjudicator,2-1,0,0
t1_p77i4ja,0,0.08509904891252518,-2.375,0,0,0.24585351294675384,english,comment,True,adjudicator,2-1,0,1
t1_p76eqcm,1,0.010328153148293495,-4.5625,0,0,0.10403133617656742,english,comment,True,adjudicator,2-1,1,1
t1_p50q53j,0,0.06142404302954674,-2.7265625,0,0,0.2164006759554368,tagalog,comment,True,adjudicator,2-1,0,0
t1_p4zwdzp,0,0.00034599160426296294,-7.96875,0,0,0.022737289731656573,taglish,comment,True,unanimous,3-0,0,0
t1_p4zhotf,0,0.019870713353157043,-3.8984375,0,0,0.13707287702109844,taglish,comment,True,unanimous,3-0,0,0
t1_p4zbezh,0,0.010818448849022388,-4.515625,0,0,0.10611144284005475,tagalog,comment,True,adjudicator,2-1,0,1
t1_p1qju8b,0,0.004609572235494852,-5.375,0,0,0.07332765550932573,english,comment,True,adjudicator,2-1,0,0
t1_p65t64d,0,0.011508148163557053,-4.453125,0,0,0.10894187777499907,taglish,comment,True,majority,3-0,0,0
t1_p7j4f99,0,0.30445513129234314,-0.826171875,0,0,0.4037410837334315,tagalog,comment,True,majority,3-0,0,0
t1_p5luaf8,0,0.9671630263328552,3.3828125,1,1,0.8315251286302798,tagalog,comment,True,unanimous,3-0,0,0
t1_p506pyp,1,0.9671630263328552,3.3828125,1,1,0.8315251286302798,english,comment,True,adjudicator,2-1,1,0
t1_p7jld1z,0,0.18359361588954926,-1.4921875,0,0,0.3308775466627183,taglish,comment,True,majority,3-0,0,0
t1_p4452nc,0,0.0010005043586716056,-6.90625,0,0,0.03699356961131133,english,comment,True,majority,3-0,0,0
t1_p3oa9m7,0,0.5063472986221313,0.025390625,1,0,0.5029956589953324,tagalog,comment,True,adjudicator,2-1,0,0
t1_p5065ar,0,0.055005285888910294,-2.84375,0,0,0.20716964230561355,tagalog,comment,True,adjudicator,2-1,0,1
t1_p7bxg5m,0,0.0222861859947443,-3.78125,0,0,0.14374684133417845,tagalog,comment,True,unanimous,3-0,0,0
t1_p5xey6d,0,0.6095241904258728,0.4453125,1,0,0.552347351526816,english,comment,True,unanimous,3-0,0,0
t1_p7k15xs,0,0.004468384198844433,-5.40625,0,0,0.0723318005227278,tagalog,comment,True,majority,3-0,0,0
t1_p7mu4py,0,0.0006070756353437901,-7.40625,0,0,0.029446697359423027,taglish,comment,True,majority,3-0,0,0
t1_p3oiuav,1,0.03138043358922005,-3.4296875,0,0,0.1653984566426644,english,comment,True,adjudicator,2-1,1,1
t1_p73rxxq,1,0.0006771942717023194,-7.296875,0,0,0.03095830209077361,english,comment,True,adjudicator,2-1,1,0
t1_p6sttnx,0,0.15152934193611145,-1.72265625,0,0,0.30725467059900724,tagalog,comment,True,adjudicator,2-1,0,1
t1_p4zviu8,1,0.826151430606842,1.55859375,1,1,0.6760238166552486,tagalog,comment,True,majority,3-0,1,1
t1_p4zw7pw,0,0.01342825498431921,-4.296875,0,0,0.11630920995827328,english,comment,True,majority,3-0,0,0
t1_p7d7pr3,0,0.014063626527786255,-4.25,0,0,0.11860231559444359,taglish,comment,True,majority,3-0,0,0
t1_p50kpb9,0,0.0006667023408226669,-7.3125,0,0,0.03073784588783257,english,comment,True,majority,3-0,0,0
t1_p7mk1sb,0,0.03594832494854927,-3.2890625,0,0,0.17476430436560836,tagalog,comment,True,adjudicator,2-1,0,1
t1_p7k38cq,0,0.0004512105952017009,-7.703125,0,0,0.025695928015708334,english,comment,True,majority,3-0,0,0
t1_p77l4mb,0,0.09704755246639252,-2.23046875,0,0,0.25871826371788675,english,comment,True,unanimous,3-0,0,0
t1_p30a33k,1,0.961533784866333,3.21875,1,1,0.8203982100073115,tagalog,comment,True,adjudicator,2-1,1,1
t1_p5zur2y,0,0.01353214867413044,-4.2890625,0,0,0.11668870225313643,taglish,comment,True,majority,3-0,0,0
t1_p5zyraz,0,0.0003150386910419911,-8.0625,0,0,0.02177465618964468,english,comment,True,adjudicator,2-1,0,0
t1_p7da1r9,0,0.0025909794494509697,-5.953125,0,0,0.05681292013872671,english,comment,True,majority,3-0,0,0
t1_p74xzjg,0,0.001098731067031622,-6.8125,0,0,0.03860246423474041,taglish,comment,True,majority,3-0,0,0
t1_p5q08hk,1,0.10818895697593689,-2.109375,0,0,0.2698285841089208,tagalog,comment,True,majority,3-0,1,1
t1_p7dlmrq,0,0.746508777141571,1.080078125,1,1,0.6247429433449684,english,comment,True,majority,3-0,0,0
t1_p71p767,0,0.006692850962281227,-5.0,0,0,0.0862989678454861,english,comment,True,adjudicator,2-1,0,0
t1_p7lorn4,0,0.7310585975646973,1.0,1,1,0.6158421527149621,tagalog,comment,True,adjudicator,2-1,0,0
t1_p66cgu2,1,0.37570643424987793,-0.5078125,0,0,0.44037122759691155,tagalog,comment,True,adjudicator,2-1,1,0
t1_p50jgzq,0,0.6531268954277039,0.6328125,1,0,0.5741119103670315,taglish,comment,True,majority,3-0,0,0
t1_p454d26,1,0.48681944608688354,-0.052734375,0,0,0.4937784933741132,tagalog,comment,True,majority,3-0,1,1
t1_p7j5pk5,1,0.9753900170326233,3.6796875,1,1,0.8502523005027527,tagalog,comment,True,adjudicator,2-1,1,0
t1_p6xz8jj,0,0.9102267622947693,2.31640625,1,1,0.7489834809503719,taglish,comment,True,majority,3-0,0,0
t1_p3zatla,1,0.6893056035041809,0.796875,1,0,0.5929260739911173,tagalog,comment,True,adjudicator,2-1,1,1
t1_p3z9zuj,0,0.48587700724601746,-0.056507110595703125,0,0,0.49333344381233635,tagalog,comment,True,adjudicator,2-1,0,1
t1_p5c44zx,1,0.6963714361190796,0.830078125,1,0,0.5967026320257518,tagalog,comment,True,adjudicator,2-1,1,1
t1_p4t8jcp,0,0.00039204180939123034,-7.84375,0,0,0.024085685937551053,taglish,comment,True,unanimous,3-0,0,0
t1_p7m8iww,0,0.8539127111434937,1.765625,1,1,0.6970446516074915,taglish,comment,True,majority,3-0,0,0
t1_p7jbqlr,0,0.3199707567691803,-0.75390625,0,0,0.4119775253134704,english,comment,True,unanimous,3-0,0,0
t1_p5alzy3,1,0.047074176371097565,-3.0078125,0,0,0.19474021845005918,taglish,comment,True,majority,3-0,1,1
t1_p3kshov,0,0.7049732804298401,0.87109375,1,0,0.6013519701979522,tagalog,comment,True,majority,3-0,0,0
t3_1vcothy,0,0.01912403479218483,-3.9375,0,0,0.13490686116002196,english,submission,True,majority,3-0,0,0
t1_p44p460,0,0.3654567003250122,-0.5517578125,0,0,0.4352666077276279,taglish,comment,True,unanimous,3-0,0,0
t1_p60bvz2,0,0.0008693673880770802,-7.046875,0,0,0.0347005727280882,english,comment,True,majority,3-0,0,0
t1_p43gacw,1,0.9621075391769409,3.234375,1,1,0.8214821687071674,taglish,comment,True,majority,3-0,1,1
t1_p43ax2i,1,0.8891444206237793,2.08203125,1,1,0.7276214118538746,taglish,comment,True,majority,3-0,1,1
t1_p6m9ljp,0,0.14128142595291138,-1.8046875,0,0,0.29907655679338413,tagalog,comment,True,majority,3-0,0,0
t1_p4umtjg,0,0.10594828426837921,-2.1328125,0,0,0.26765488442279706,tagalog,comment,True,adjudicator,2-1,0,1
t1_p7lmjdi,0,0.001597845577634871,-6.4375,0,0,0.045734218686383936,tagalog,comment,True,unanimous,3-0,0,0
t1_p7n2q65,1,0.27125170826911926,-0.98828125,0,0,0.38546709492929215,taglish,comment,True,adjudicator,2-1,1,1
t1_p7n16lm,0,0.0427221953868866,-3.109375,0,0,0.18733361720701738,taglish,comment,True,unanimous,3-0,0,0
t1_p36xz46,0,0.0009253848693333566,-6.984375,0,0,0.03570226128836664,tagalog,comment,True,adjudicator,2-1,0,0
t1_p3h6n99,1,0.3974705934524536,-0.416015625,0,0,0.4510737536255335,tagalog,comment,True,adjudicator,3-0,1,0
t1_p7jr6b6,0,0.553022563457489,0.212890625,1,0,0.5250966412557625,tagalog,comment,True,adjudicator,2-1,0,0
t1_p7lqtlz,1,0.9782188534736633,3.8046875,1,1,0.857609233190279,english,comment,True,adjudicator,2-1,1,0
t1_p56tbpd,0,0.009268012829124928,-4.671875,0,0,0.09931746581346385,taglish,comment,True,majority,3-0,0,0
t1_p60lhu5,0,0.0005884088459424675,-7.4375,0,0,0.02902811696737469,english,comment,True,majority,3-0,0,0
t1_p60wol7,0,0.015424554236233234,-4.15625,0,0,0.12330601490682606,taglish,comment,True,majority,3-0,0,0
t1_p58finu,0,0.3510885536670685,-0.6142578125,0,0,0.428030531401491,taglish,comment,True,unanimous,3-0,0,0
t1_p7jfi2l,0,0.008445627056062222,-4.765625,0,0,0.09542923928444559,english,comment,True,majority,3-0,0,0
t1_p7emr9d,0,0.0007208379684016109,-7.234375,0,0,0.031855528867666016,taglish,comment,True,unanimous,3-0,0,0
t1_p7igqse,1,0.9738444089889526,3.6171875,1,1,0.8464578367176362,tagalog,comment,True,majority,3-0,1,1
t1_p6p7dd0,1,0.9793540239334106,3.859375,1,1,0.8607319289295056,english,comment,True,majority,3-0,1,1
t1_p733aoh,1,0.9437636137008667,2.8203125,1,1,0.7910076947413215,taglish,comment,True,majority,3-0,1,1
t1_p5jjsuq,0,0.7325918078422546,1.0078125,1,1,0.6167140541219296,tagalog,comment,True,adjudicator,2-1,0,1
t1_p7n6xo2,1,0.0022872276604175568,-6.078125,0,0,0.053733223922581244,taglish,comment,True,unanimous,3-0,1,1
t1_p7n68zk,0,0.4736800193786621,-0.105377197265625,0,0,0.4875697080864992,taglish,comment,True,adjudicator,3-0,0,1
t1_p4z2afw,0,0.043042849749326706,-3.1015625,0,0,0.1878955736670969,tagalog,comment,True,majority,3-0,0,0
t1_p44yzuy,1,0.002714985515922308,-5.90625,0,0,0.058010022934042706,english,comment,True,majority,3-0,1,1
t1_p7jfqdd,0,0.14366762340068817,-1.78515625,0,0,0.30101239543122565,english,comment,True,unanimous,3-0,0,0
t1_p61zsi6,0,0.002396730938926339,-6.03125,0,0,0.05486920961379362,english,comment,True,adjudicator,2-1,0,0
t1_p7jkq5e,0,0.9477691650390625,2.8984375,1,1,0.7970374766031724,tagalog,comment,True,adjudicator,2-1,0,1
t1_p7k5lz8,0,0.00130450667347759,-6.640625,0,0,0.04172806467406166,english,comment,True,majority,3-0,0,0
t1_p4y6b6j,0,0.018404891714453697,-3.9765625,0,0,0.13276980633261648,taglish,comment,True,majority,3-0,0,0
t1_p7k1aqi,0,0.9810219407081604,3.9453125,1,1,0.8655228596684541,english,comment,True,adjudicator,2-1,0,0
t1_p6t5zhs,0,0.8951566815376282,2.14453125,1,1,0.7334277893414538,english,comment,True,adjudicator,2-1,0,0
t1_p5071iw,1,0.6460136771202087,0.6015625,1,0,0.5705020258394845,taglish,comment,True,majority,3-0,1,1
t1_p7b4nt0,0,0.0004044815432280302,-7.8125,0,0,0.024434790839823858,english,comment,True,majority,3-0,0,0
t1_p6tp72a,0,0.00048029719619080424,-7.640625,0,0,0.02644480383695967,taglish,comment,True,adjudicator,2-1,0,0
t1_p4yddnz,0,0.0002531563804950565,-8.28125,0,0,0.01968089870107938,english,comment,True,majority,3-0,0,0
t1_p73epc3,0,0.23828421533107758,-1.162109375,0,0,0.3662258145583467,tagalog,comment,True,adjudicator,2-1,0,1
t1_p5jrq9r,1,0.26020145416259766,-1.044921875,0,0,0.37915474167985164,taglish,comment,True,majority,3-0,1,1
t1_p7lrub7,1,0.15456733107566833,-1.69921875,0,0,0.30961400774993686,english,comment,True,majority,3-0,1,1
t1_p4mgnl4,1,0.8714748620986938,1.9140625,1,1,0.7116307136674839,taglish,comment,True,majority,3-0,1,1
t1_p6f0edl,1,0.9711290597915649,3.515625,1,1,0.8401244136967169,tagalog,comment,True,majority,3-0,1,1
t1_p6m3zfv,0,0.0003514382697176188,-7.953125,0,0,0.022901720608758704,taglish,comment,True,majority,3-0,0,0
t1_p4ia7lv,0,0.42441198229789734,-0.3046875,0,0,0.4641134746839136,tagalog,comment,True,adjudicator,2-1,0,1
t1_p65rtbt,0,0.010986942797899246,-4.5,0,0,0.10681291603977841,tagalog,comment,True,majority,3-0,0,0
t1_p6254y5,0,0.10194652527570724,-2.17578125,0,0,0.2636987447563102,tagalog,comment,True,majority,3-0,0,0
t1_p63488q,0,0.0012448433553799987,-6.6875,0,0,0.040852387039050815,taglish,comment,True,majority,3-0,0,0
t1_p4uxjit,0,0.0026730059180408716,-5.921875,0,0,0.05760838161407506,english,comment,True,majority,3-0,0,0
t1_p56k2bj,0,0.002082970691844821,-6.171875,0,0,0.05152750064908467,tagalog,comment,True,adjudicator,2-1,0,0
t1_p6j8qqn,0,0.0003625900426413864,-7.921875,0,0,0.023234073329028593,taglish,comment,True,majority,3-0,0,0
t1_p7efw3a,0,0.001098731067031622,-6.8125,0,0,0.03860246423474041,english,comment,True,adjudicator,2-1,0,0
t1_p51blof,0,0.0005357805639505386,-7.53125,0,0,0.027806725558990938,tagalog,comment,True,adjudicator,3-0,0,0
t1_p33o7er,0,0.000368297885870561,-7.90625,0,0,0.02340201080068125,english,comment,True,unanimous,3-0,0,0
t1_p51mv74,0,0.09268777817487717,-2.28125,0,0,0.2541487159006898,tagalog,comment,True,majority,3-0,0,0
t1_p55v360,0,0.007937993854284286,-4.828125,0,0,0.09291327068553097,tagalog,comment,True,majority,3-0,0,0
t1_p6wsuw8,0,0.002217013156041503,-6.109375,0,0,0.05298826231087992,english,comment,True,majority,3-0,0,0
t1_p71shsl,1,0.4602888524532318,-0.1591796875,0,0,0.4812281250601921,tagalog,comment,True,adjudicator,2-1,1,0
t1_p74l68y,0,0.0035380858462303877,-5.640625,0,0,0.06525198503729253,tagalog,comment,True,adjudicator,2-1,0,1
t1_p7k77i3,0,0.016029147431254387,-4.1171875,0,0,0.12531275224808155,taglish,comment,True,majority,3-0,0,0
t1_p5bj0bc,0,0.0012255674228072166,-6.703125,0,0,0.04056442370730197,tagalog,comment,True,adjudicator,3-0,0,0
t1_p7mc4rp,0,0.08210662752389908,-2.4140625,0,0,0.2424515146719421,tagalog,comment,True,majority,3-0,0,0
t1_p7mf6jg,0,0.023330770432949066,-3.734375,0,0,0.14649122201350986,tagalog,comment,True,adjudicator,2-1,0,0
t1_p452vis,1,0.9082930684089661,2.29296875,1,1,0.7468982063128036,taglish,comment,True,majority,3-0,1,1
t1_p627nx9,0,0.845432698726654,1.69921875,1,1,0.6903859922500631,english,comment,True,adjudicator,2-1,0,1
t1_p4r0ap6,0,0.0013458605390042067,-6.609375,0,0,0.042321793960202296,english,comment,True,majority,3-0,0,0
t3_1vm2q5q,0,0.2372223436832428,-1.16796875,0,0,0.3655842238535613,english,submission,True,majority,3-0,0,0
t1_p4ttmro,0,0.0025909794494509697,-5.953125,0,0,0.05681292013872671,english,comment,True,majority,3-0,0,0
t1_p6kbz9w,0,0.06142404302954674,-2.7265625,0,0,0.2164006759554368,tagalog,comment,True,adjudicator,2-1,0,0
t1_p6xm4jf,1,0.29828691482543945,-0.85546875,0,0,0.4004171009060241,taglish,comment,True,unanimous,3-0,1,1
t1_p454epx,0,0.5742754340171814,0.29931640625,1,0,0.535256028070039,taglish,comment,True,adjudicator,2-1,0,1
t1_p4z8fjp,0,0.001867565792053938,-6.28125,0,0,0.0490624104816107,english,comment,True,majority,3-0,0,0
t1_p7lvryi,0,0.04885777831077576,-2.96875,0,0,0.19764741492967647,tagalog,comment,True,unanimous,3-0,0,0
t1_p5j5ewr,0,0.021125193685293198,-3.8359375,0,0,0.1405992818161,tagalog,comment,True,majority,3-0,0,0
t1_p5iz0xr,0,0.9591543078422546,3.15625,1,1,0.8160109681181904,tagalog,comment,True,unanimous,3-0,0,0
t1_p75j7iv,0,0.0039454069919884205,-5.53125,0,0,0.06847193303012425,english,comment,True,majority,3-0,0,0
t1_p461yau,0,0.016914913430809975,-4.0625,0,0,0.12816913348427383,taglish,comment,True,majority,3-0,0,0
t1_p4zupvg,0,0.1398656666278839,-1.81640625,0,0,0.29791848632096996,taglish,comment,True,majority,3-0,0,0
t1_p7jiwsr,0,0.027169233188033104,-3.578125,0,0,0.15595344266640224,tagalog,comment,True,adjudicator,2-1,0,1
t1_p50r45a,0,0.13117322325706482,-1.890625,0,0,0.29064444933021755,tagalog,comment,True,adjudicator,2-1,0,0
t1_p7jh4g7,0,0.015072628855705261,-4.1796875,0,0,0.1221152732305344,taglish,comment,True,majority,3-0,0,0
t1_p4zfzaf,0,0.9181873202323914,2.41796875,1,1,0.7578869187681132,tagalog,comment,True,unanimous,3-0,0,0
t1_p2tq7gu,0,0.9246877431869507,2.5078125,1,1,0.7655818954714834,tagalog,comment,True,adjudicator,2-1,0,0
t1_p2tr3px,0,0.26020145416259766,-1.044921875,0,0,0.37915474167985164,tagalog,comment,True,adjudicator,2-1,0,0
t1_p501pg2,0,0.021948251873254776,-3.796875,0,0,0.1428416021836157,taglish,comment,True,majority,3-0,0,0
t1_p73yzem,0,0.011331754736602306,-4.46875,0,0,0.10822811718400513,tagalog,comment,True,majority,3-0,0,0
t1_p3se9am,0,0.004198795650154352,-5.46875,0,0,0.07037741208369958,taglish,comment,True,majority,3-0,0,0
t1_p5l58uw,0,0.0029810327105224133,-5.8125,0,0,0.06047554833197914,tagalog,comment,True,adjudicator,2-1,0,0
t1_p50gkon,0,0.8418256044387817,1.671875,1,1,0.6876208525189951,tagalog,comment,True,adjudicator,3-0,0,0
t1_p7m30vs,1,0.0025114635936915874,-5.984375,0,0,0.05602778944634875,english,comment,True,adjudicator,2-1,1,0
t1_p6sywqo,0,0.004905405919998884,-5.3125,0,0,0.07535733121315441,english,comment,True,majority,3-0,0,0
t1_p2to0zs,0,0.38191089034080505,-0.4814453125,0,0,0.4434401344544451,taglish,comment,True,unanimous,3-0,0,0
t1_p4j29k6,0,0.9755768775939941,3.6875,1,1,0.8507211367774199,english,comment,True,majority,3-0,0,0
t1_p5dg4v8,1,0.9959298968315125,5.5,1,1,0.9305813774482825,taglish,comment,True,majority,3-0,1,1
t1_p5v4a9p,0,0.0003859660937450826,-7.859375,0,0,0.023912962410347786,taglish,comment,True,majority,3-0,0,0
t1_p4kzdl5,0,0.2114168107509613,-1.31640625,0,0,0.349494705966911,tagalog,comment,True,adjudicator,2-1,0,0
t1_p50treq,0,0.010169658809900284,-4.578125,0,0,0.10334601682966467,tagalog,comment,True,adjudicator,2-1,0,1
t1_p4ycxdq,0,0.11797800660133362,-2.01171875,0,0,0.27900453198014724,english,comment,True,majority,3-0,0,0
t1_p4xldd2,0,0.0003514382697176188,-7.953125,0,0,0.022901720608758704,taglish,comment,True,majority,3-0,0,0
t1_p4kmw14,0,0.030444350093603134,-3.4609375,0,0,0.16337264460694365,taglish,comment,True,adjudicator,2-1,0,0
t1_p4xz0s4,0,0.4324229061603546,-0.27197265625,0,0,0.4679554812125507,tagalog,comment,True,adjudicator,2-1,0,1
t1_p3np19k,1,0.5241511464118958,0.0966796875,1,0,0.5114047057417903,tagalog,comment,True,unanimous,3-0,1,1
t1_p3novji,0,0.04603390395641327,-3.03125,0,0,0.19301152181835063,taglish,comment,True,majority,3-0,0,0
t1_p2tqkgq,0,0.9709092378616333,3.5078125,1,1,0.8396285704189571,tagalog,comment,True,adjudicator,2-1,0,1
t1_p6cw69m,0,0.0005976693355478346,-7.421875,0,0,0.0292366806331,english,comment,True,adjudicator,2-1,0,0
t1_p44w57o,1,0.9942697286605835,5.15625,1,1,0.9193409440147665,english,comment,True,majority,3-0,1,1
t1_p44wfgg,1,0.997368335723877,5.9375,1,1,0.9427906477667358,english,comment,True,adjudicator,3-0,1,1
t1_p4yixkk,0,0.9145963191986084,2.37109375,1,1,0.7538045235661972,tagalog,comment,True,adjudicator,2-1,0,1
t1_p4yftgm,1,0.2516477108001709,-1.08984375,0,0,0.3741772050828253,taglish,comment,True,majority,3-0,1,1
t1_p5jq22u,0,0.04240382835268974,-3.1171875,0,0,0.18677295490462237,tagalog,comment,True,adjudicator,2-1,0,0
t1_p5g1jtj,0,0.03210070729255676,-3.40625,0,0,0.1669309971768829,english,comment,True,adjudicator,2-1,0,1
t1_p5ymiyh,0,0.27708157896995544,-0.958984375,0,0,0.38874743803814016,tagalog,comment,True,adjudicator,2-1,0,0
t1_p44sav9,0,0.9063219428062439,2.26953125,1,1,0.7448015110503794,tagalog,comment,True,adjudicator,2-1,0,1
t1_p495jfo,0,0.2635993957519531,-1.02734375,0,0,0.38110948477354206,taglish,comment,True,majority,3-0,0,0
t1_p58mmjr,0,0.3363310694694519,-0.6796875,0,0,0.4204881565803394,tagalog,comment,True,adjudicator,2-1,0,1
t1_p77sc7z,0,0.35801631212234497,-0.583984375,0,0,0.43153186021178686,english,comment,True,adjudicator,2-1,0,1
t1_p73g85d,0,0.9969245791435242,5.78125,1,1,0.9386810421730791,tagalog,comment,True,adjudicator,2-1,0,1
t1_p4zumf8,0,0.007937993854284286,-4.828125,0,0,0.09291327068553097,english,comment,True,majority,3-0,0,0
t1_p74prus,1,0.907312273979187,2.28125,1,1,0.7458512840993101,taglish,comment,True,majority,3-0,1,1
t1_p7n0ga9,0,0.961243748664856,3.2109375,1,1,0.8198543058051376,taglish,comment,True,adjudicator,2-1,0,0
t1_p7n0o3p,0,0.45604637265205383,-0.17626953125,0,0,0.47921494979365536,tagalog,comment,True,unanimous,3-0,0,0
t1_p7jb3i0,0,0.35197898745536804,-0.6103515625,0,0,0.42848191866704166,tagalog,comment,True,adjudicator,2-1,0,0
t1_p2tpzco,1,0.03185885399580002,-3.4140625,0,0,0.1664188925795982,taglish,comment,True,adjudicator,2-1,1,1
t1_p4zw98l,0,0.008315778337419033,-4.78125,0,0,0.09479459184013021,english,comment,True,majority,3-0,0,0
t1_p4bbme2,0,0.05184547230601311,-2.90625,0,0,0.20236673377201506,taglish,comment,True,majority,3-0,0,0
t1_p4zxhbz,0,0.0012255674228072166,-6.703125,0,0,0.04056442370730197,english,comment,True,unanimous,3-0,0,0
t1_p43r8ma,0,0.0008167380001395941,-7.109375,0,0,0.03372600533725108,english,comment,True,majority,3-0,0,0
t1_p4zy57r,0,0.9606574773788452,3.1953125,1,1,0.8187626434491971,tagalog,comment,True,adjudicator,2-1,0,1
t1_p7j1xni,0,0.011687257327139378,-4.4375,0,0,0.10965976675170637,tagalog,comment,True,majority,3-0,0,0
t1_p7ma2th,0,0.6188955903053284,0.48486328125,1,0,0.5569579355252351,tagalog,comment,True,majority,3-0,0,0
t1_p74obof,0,0.6404110193252563,0.5771484375,1,0,0.5676765561416315,tagalog,comment,True,adjudicator,2-1,0,1
t1_p74p0wo,0,0.8499711751937866,1.734375,1,1,0.6939212385024043,tagalog,comment,True,adjudicator,2-1,0,0
t1_p5svbak,0,0.0032224843744188547,-5.734375,0,0,0.06260470502088075,taglish,comment,True,adjudicator,3-0,0,0
t1_p3jvq6c,0,0.0035380858462303877,-5.640625,0,0,0.06525198503729253,taglish,comment,True,unanimous,3-0,0,0
t1_p5na7n6,0,0.0007554056355729699,-7.1875,0,0,0.03254490094480655,taglish,comment,True,majority,3-0,0,0
t1_p5n8vnc,0,0.014281933195888996,-4.234375,0,0,0.11937533508207947,taglish,comment,True,adjudicator,3-0,0,0
t1_p72ev2h,0,0.03760863468050957,-3.2421875,0,0,0.17797777505615103,tagalog,comment,True,adjudicator,2-1,0,1
t1_p3zjbyt,1,0.9416541457176208,2.78125,1,1,0.7879437636475459,tagalog,comment,True,adjudicator,2-1,1,1
t1_p50vqnh,0,0.1030244380235672,-2.1640625,0,0,0.26477396118655694,tagalog,comment,True,adjudicator,2-1,0,1
t1_p7j7nyv,0,0.0008040859247557819,-7.125,0,0,0.03348652119956184,english,comment,True,majority,3-0,0,0
t1_p4kzv99,1,0.0011879054363816977,-6.734375,0,0,0.03999431884228906,tagalog,comment,True,adjudicator,2-1,1,1
t1_p7n7vmp,0,0.010169658809900284,-4.578125,0,0,0.10334601682966467,taglish,comment,True,adjudicator,2-1,0,0
t1_p3ln6bx,0,0.0061929901130497456,-5.078125,0,0,0.08343570578587249,taglish,comment,True,unanimous,3-0,0,0
t1_p70od11,0,0.001674399245530367,-6.390625,0,0,0.04670944319223177,english,comment,True,adjudicator,2-1,0,0
t1_p5ajepy,0,0.0017546144081279635,-6.34375,0,0,0.04770442355171993,tagalog,comment,True,majority,3-0,0,0
t1_p71oxr6,0,0.020645931363105774,-3.859375,0,0,0.13926807107049452,taglish,comment,True,majority,3-0,0,0
t1_p7kvo1j,0,0.004681822843849659,-5.359375,0,0,0.07383030447741767,taglish,comment,True,majority,3-0,0,0
t1_p6xb78y,0,0.00178219610825181,-6.328125,0,0,0.04804053517978807,english,comment,True,unanimous,3-0,0,0
t1_p7gptuj,0,0.007695646956562996,-4.859375,0,0,0.09167774056065224,tagalog,comment,True,unanimous,3-0,0,0
t1_p4scjh5,0,0.12852515280246735,-1.9140625,0,0,0.2883692863325161,tagalog,comment,True,adjudicator,2-1,0,1
t1_p7j8y6f,0,0.5464961528778076,0.1865234375,1,0,0.5219926356037083,english,comment,True,unanimous,3-0,0,0
t1_p5zw3b6,0,0.9724147915840149,3.5625,1,1,0.8430734364315905,taglish,comment,True,majority,3-0,0,0
t1_p75movm,0,0.010013570077717304,-4.59375,0,0,0.10266469479998298,taglish,comment,True,adjudicator,2-1,0,0
t1_p6zv55a,0,0.0010162440594285727,-6.890625,0,0,0.037257168128185254,english,comment,True,adjudicator,2-1,0,0
t1_p76n39g,1,0.010013570077717304,-4.59375,0,0,0.10266469479998298,tagalog,comment,True,majority,3-0,1,1
t1_p4l17yd,0,0.40851274132728577,-0.3701171875,0,0,0.45644267616019935,tagalog,comment,True,adjudicator,2-1,0,1
t1_p748zp3,0,0.053403329104185104,-2.875,0,0,0.204757731711367,tagalog,comment,True,adjudicator,2-1,0,0
t1_p7n1v1v,0,0.9556514620780945,3.0703125,1,1,0.8098436460714424,taglish,comment,True,adjudicator,2-1,0,1
t1_p33ap6r,1,0.9202179908752441,2.4453125,1,1,0.7602469405530717,taglish,comment,True,majority,3-0,1,1
t1_p56i9gb,0,0.10594828426837921,-2.1328125,0,0,0.26765488442279706,tagalog,comment,True,adjudicator,2-1,0,0
t1_p7mctno,0,0.9105454087257385,2.3203125,1,1,0.7493299140094781,tagalog,comment,True,adjudicator,2-1,0,0
t1_p44tq5g,0,0.06371499598026276,-2.6875,0,0,0.2195430727836361,tagalog,comment,True,adjudicator,2-1,0,1
t1_p6vk56k,0,0.0009110511746257544,-7.0,0,0,0.03544925883251523,taglish,comment,True,majority,3-0,0,0
t1_p4ydv3q,0,0.9905142784118652,4.6484375,1,1,0.8996886919869813,taglish,comment,True,adjudicator,2-1,0,1
t1_p6zchg8,0,0.0006462032324634492,-7.34375,0,0,0.030301485023929844,english,comment,True,majority,3-0,0,0
t1_p79i9yq,0,0.08035747706890106,-2.4375,0,0,0.24042574092233135,english,comment,True,adjudicator,2-1,0,0
t1_p47n7lj,0,0.3298232853412628,-0.708984375,0,0,0.4171227506026816,tagalog,comment,True,majority,3-0,0,0
t1_p47zerh,0,0.013636835850775242,-4.28125,0,0,0.11706926871670982,tagalog,comment,True,adjudicator,2-1,0,0
t1_p4x9pyh,0,0.004133968148380518,-5.484375,0,0,0.06989649688047142,english,comment,True,majority,3-0,0,0
t1_p7l3u63,0,0.0003625900426413864,-7.921875,0,0,0.023234073329028593,english,comment,True,majority,3-0,0,0
t1_p7iklgo,0,0.0024726232513785362,-6.0,0,0,0.055639061793076386,english,comment,True,majority,3-0,0,0
t1_p7jxipk,0,0.009125636890530586,-4.6875,0,0,0.09865978024256114,taglish,comment,True,majority,3-0,0,0
t1_p4zu4vf,0,0.00023050670279189944,-8.375,0,0,0.018845168962051597,english,comment,True,majority,3-0,0,0
t1_p5jtb3b,0,0.017576880753040314,-4.0234375,0,0,0.13024325753465038,tagalog,comment,True,adjudicator,2-1,0,0
t1_p50ryro,0,0.0015731120947748423,-6.453125,0,0,0.045413473240970004,taglish,comment,True,majority,3-0,0,0
t1_p7lzbql,0,0.002115703420713544,-6.15625,0,0,0.05188908086080411,tagalog,comment,True,adjudicator,2-1,0,0
t1_p64hplz,0,0.9761291742324829,3.7109375,1,1,0.8521203859974025,tagalog,comment,True,adjudicator,2-1,0,1
t1_p516bxq,0,0.8925625681877136,2.1171875,1,1,0.7308972177681469,english,comment,True,adjudicator,2-1,0,1
t1_p72w3fr,1,0.11757213622331619,-2.015625,0,0,0.27863384188867324,tagalog,comment,True,majority,3-0,1,1
t1_p5jtd7h,0,0.7523766160011292,1.111328125,1,1,0.6281940495111782,english,comment,True,adjudicator,2-1,0,1
t1_p4y88lk,0,0.9874721169471741,4.3671875,1,1,0.8870582097333937,taglish,comment,True,majority,3-0,0,0
t1_p3o4gee,1,0.018264278769493103,-3.984375,0,0,0.13234585130160462,taglish,comment,True,majority,3-0,1,1
t1_p6es1yo,0,0.14608725905418396,-1.765625,0,0,0.30295534839250843,taglish,comment,True,majority,3-0,0,0
t1_p2xp1xn,0,0.000368297885870561,-7.90625,0,0,0.02340201080068125,taglish,comment,True,majority,3-0,0,0
t1_p7ltic7,0,0.2575782835483551,-1.05859375,0,0,0.37763709000185436,taglish,comment,True,adjudicator,2-1,0,0
t1_p5083g2,0,0.0008559005800634623,-7.0625,0,0,0.034454415065816514,english,comment,True,majority,3-0,0,0
t1_p17gqxd,0,0.0020507436711341143,-6.1875,0,0,0.05116830406735996,taglish,comment,True,unanimous,3-0,0,0
t1_p2xh8dm,1,0.007232763804495335,-4.921875,0,0,0.0892509204581822,taglish,comment,True,majority,3-0,1,1
t1_p509kuf,0,0.008847354911267757,-4.71875,0,0,0.09735603643252977,taglish,comment,True,unanimous,3-0,0,0
t1_p2tp7nu,0,0.02909075655043125,-3.5078125,0,0,0.1603714295810429,taglish,comment,True,unanimous,3-0,0,0
t1_p1myxf9,0,0.0019877743907272816,-6.21875,0,0,0.050457006554813756,english,comment,True,majority,3-0,0,0
t1_p6at5pk,0,0.0033244371879845858,-5.703125,0,0,0.06347580218718143,taglish,comment,True,majority,3-0,0,0
t1_p28p235,0,0.0037072529084980488,-5.59375,0,0,0.06661434822246261,taglish,comment,True,majority,3-0,0,0
t1_p1zjzkb,0,0.023153413087129593,-3.7421875,0,0,0.14603083017337196,taglish,comment,True,adjudicator,2-1,0,0
t1_p56369i,0,0.026155617088079453,-3.6171875,0,0,0.15354216328236375,tagalog,comment,True,adjudicator,2-1,0,1
t1_p7jf41u,0,0.005220125894993544,-5.25,0,0,0.07743849261461837,english,comment,True,majority,3-0,0,0
t1_p56i3qz,0,0.07751766592264175,-2.4765625,0,0,0.23707523870090108,tagalog,comment,True,adjudicator,2-1,0,0
t1_p452dbx,1,0.9905874133110046,4.65625,1,1,0.9000209506677479,tagalog,comment,True,majority,3-0,1,1
t1_p517grh,1,0.9556514620780945,3.0703125,1,1,0.8098436460714424,english,comment,True,majority,3-0,1,1
t1_p4z0a0q,0,0.007460643537342548,-4.890625,0,0,0.09045700170022339,tagalog,comment,True,adjudicator,2-1,0,1
t1_p4xxwxn,0,0.0004173157794866711,-7.78125,0,0,0.024788827241751656,english,comment,True,unanimous,3-0,0,0
t1_p55w81w,1,0.9846936464309692,4.1640625,1,1,0.8770920035738549,taglish,comment,True,unanimous,3-0,1,1
t1_p6sj50r,1,0.001622967072762549,-6.421875,0,0,0.046057120187448904,english,comment,True,adjudicator,2-1,1,1
t1_p5jlmdj,0,0.005139610730111599,-5.265625,0,0,0.07691331850335087,tagalog,comment,True,majority,3-0,0,0
t1_p58fd6g,0,0.1755380630493164,-1.546875,0,0,0.32518862940513604,tagalog,comment,True,adjudicator,2-1,0,0
t1_p66btta,0,0.524394690990448,0.09765625,1,0,0.5115198642218509,tagalog,comment,True,majority,3-0,0,0
t1_p4z7ojg,0,0.00024156631843652576,-8.328125,0,0,0.01925859002511558,taglish,comment,True,majority,3-0,0,0
t1_p5zwl9l,0,0.0019267346942797303,-6.25,0,0,0.04975507838392716,taglish,comment,True,unanimous,3-0,0,0
t1_p5c22fh,1,0.03258974477648735,-3.390625,0,0,0.16795898542913248,english,comment,True,adjudicator,2-1,1,1
t1_p7j89c8,0,0.024237634614109993,-3.6953125,0,0,0.14881123789627473,tagalog,comment,True,adjudicator,2-1,0,0
t1_p7mh06f,0,0.008711384609341621,-4.734375,0,0,0.0967099449034277,tagalog,comment,True,adjudicator,2-1,0,0
t1_p7kblm8,0,0.004399413242936134,-5.421875,0,0,0.07183856229291878,english,comment,True,majority,3-0,0,0
t1_p7jbzzg,0,0.004538431763648987,-5.390625,0,0,0.07282815956503912,tagalog,comment,True,adjudicator,2-1,0,1
t1_p7jqa0f,0,0.002182716503739357,-6.125,0,0,0.05261944773488564,tagalog,comment,True,majority,3-0,0,0
t1_p7mfoiu,0,0.5253155827522278,0.101348876953125,1,0,0.5119552960686973,tagalog,comment,True,adjudicator,2-1,0,0
t1_p7m1ppc,0,0.0020507436711341143,-6.1875,0,0,0.05116830406735996,tagalog,comment,True,adjudicator,3-0,0,0
t1_p7k72f2,0,0.2727987766265869,-0.98046875,0,0,0.386340849773759,taglish,comment,True,adjudicator,2-1,0,0
t1_p7310y1,0,0.012241275049746037,-4.390625,0,0,0.11183836614088327,tagalog,comment,True,adjudicator,2-1,0,0
t1_p6xmxvd,0,0.06278920918703079,-2.703125,0,0,0.21828219301284102,tagalog,comment,True,adjudicator,2-1,0,0
t1_p2zdssq,0,0.18126320838928223,-1.5078125,0,0,0.32924699765713267,taglish,comment,True,adjudicator,2-1,0,0
t1_p454fs8,1,0.3263787627220154,-0.724609375,0,0,0.41533099867721374,taglish,comment,True,majority,3-0,1,1
t1_p5duwoh,0,0.35086607933044434,-0.615234375,0,0,0.4279177032696074,english,comment,True,adjudicator,2-1,0,1
t1_p6sjt6u,0,0.0017007224960252643,-6.375,0,0,0.047038890753109214,tagalog,comment,True,adjudicator,2-1,0,0
t1_p6zdb79,1,0.9966756105422974,5.703125,1,1,0.9365241978128186,taglish,comment,True,unanimous,3-0,1,1
t1_p7a9x0p,0,0.011158031411468983,-4.484375,0,0,0.10751846870772278,english,comment,True,adjudicator,2-1,0,0
t1_p3nkskg,0,0.00047285438631661236,-7.65625,0,0,0.02625561772642195,tagalog,comment,True,adjudicator,2-1,0,0
t1_p7mtgul,0,0.14560064673423767,-1.76953125,0,0,0.30256619073881025,tagalog,comment,True,unanimous,3-0,0,0
t1_p7jzpn2,0,0.2240554690361023,-1.2421875,0,0,0.3574993151093825,tagalog,comment,True,unanimous,3-0,0,0
t1_p17cxz7,0,0.01678548939526081,-4.0703125,0,0,0.12775770494495384,taglish,comment,True,majority,3-0,0,0
t1_p2u9ahf,0,0.012431650422513485,-4.375,0,0,0.11257293060508439,tagalog,comment,True,majority,3-0,0,0
t1_p7mk698,0,0.0011879054363816977,-6.734375,0,0,0.03999431884228906,tagalog,comment,True,adjudicator,2-1,0,0
t1_p50jbsw,0,0.12852515280246735,-1.9140625,0,0,0.2883692863325161,english,comment,True,majority,3-0,0,0
t1_p3rxrx2,0,0.007577240467071533,-4.875,0,0,0.0910655305757635,tagalog,comment,True,majority,3-0,0,0
t1_p3sifhr,0,0.004133968148380518,-5.484375,0,0,0.06989649688047142,taglish,comment,True,majority,3-0,0,0
t1_p4m43mt,0,0.8305941224098206,1.58984375,1,1,0.6792454451152653,tagalog,comment,True,adjudicator,3-0,0,1
t1_p4m4zri,0,0.9683812260627747,3.421875,1,1,0.8340919538746769,english,comment,True,adjudicator,2-1,0,0
t1_p6tqlro,0,0.0008295890875160694,-7.09375,0,0,0.03396714199210455,taglish,comment,True,majority,3-0,0,0
t1_p4m3b7r,1,0.6949241161346436,0.8232421875,1,0,0.5959260260472333,taglish,comment,True,majority,3-0,1,1
t1_p7n6vpo,0,0.0033244371879845858,-5.703125,0,0,0.06347580218718143,tagalog,comment,True,unanimous,3-0,0,0
t1_p7n6lpa,0,0.09670579433441162,-2.234375,0,0,0.2583648679549256,taglish,comment,True,adjudicator,2-1,0,0
t1_p7n72jk,0,0.0005884088459424675,-7.4375,0,0,0.02902811696737469,english,comment,True,adjudicator,2-1,0,1
t1_p4zui84,1,0.9702399373054504,3.484375,1,1,0.838133575277908,taglish,comment,True,majority,3-0,1,1
t1_p7j7rdz,0,0.055005285888910294,-2.84375,0,0,0.20716964230561355,taglish,comment,True,majority,3-0,0,0
t1_p5yyn32,0,0.0008969393675215542,-7.015625,0,0,0.03519798382451949,english,comment,True,majority,3-0,0,0
t1_p7jihek,0,0.00028685410507023335,-8.15625,0,0,0.02085190827517527,english,comment,True,adjudicator,2-1,0,0
t1_p301bxj,0,0.0010649627074599266,-6.84375,0,0,0.03805883954731496,taglish,comment,True,majority,3-0,0,0
t1_p4zikgp,0,0.02517884038388729,-3.65625,0,0,0.1511614890755952,taglish,comment,True,unanimous,3-0,0,0
t1_p46rh5r,0,0.00024923254386521876,-8.296875,0,0,0.01953913040315308,taglish,comment,True,majority,3-0,0,0
t1_p7dmni1,0,0.00023050670279189944,-8.375,0,0,0.018845168962051597,english,comment,True,majority,3-0,0,0
t1_p6ydczp,0,0.9966233968734741,5.6875,1,1,0.936084423715545,english,comment,True,adjudicator,2-1,0,1
t1_p7k2dtu,0,0.08035747706890106,-2.4375,0,0,0.24042574092233135,english,comment,True,majority,3-0,0,0
t1_p7jjbbd,0,0.9740425944328308,3.625,1,1,0.8469364142266722,tagalog,comment,True,adjudicator,2-1,0,0
t1_p4tn78u,1,0.8392075896263123,1.65234375,1,1,0.6856375273520329,taglish,comment,True,unanimous,3-0,1,1
t1_p7j8vmt,1,0.8875949382781982,2.06640625,1,1,0.7261575158334215,english,comment,True,adjudicator,2-1,1,1
t1_p4z8s1f,0,0.00970847625285387,-4.625,0,0,0.1013139766319345,taglish,comment,True,adjudicator,2-1,0,0
t1_p4u5001,0,0.00021995336282998323,-8.421875,0,0,0.018440455872796694,english,comment,True,majority,3-0,0,0
t1_p4tx4d8,0,0.0011160142021253705,-6.796875,0,0,0.038877064150390654,english,comment,True,majority,3-0,0,0
t1_p7mfg7n,0,0.005060331430286169,-5.28125,0,0,0.07639141111328143,tagalog,comment,True,adjudicator,2-1,0,0
t1_p7k6u7t,0,0.00023050670279189944,-8.375,0,0,0.018845168962051597,english,comment,True,unanimous,3-0,0,0
t1_p5tbsqh,1,0.8392075896263123,1.65234375,1,1,0.6856375273520329,taglish,comment,True,unanimous,3-0,1,1
t1_p58lh5j,1,0.9559813141822815,3.078125,1,1,0.8104107855476744,taglish,comment,True,unanimous,3-0,1,1
t1_p3k9gx1,0,0.000374095601728186,-7.890625,0,0,0.02357113284314096,tagalog,comment,True,adjudicator,2-1,0,0
t1_p5b3kwg,0,0.6817267537117004,0.76171875,1,0,0.5889153693698177,tagalog,comment,True,adjudicator,2-1,0,0
t1_p7khhh3,1,0.01956867426633835,-3.9140625,0,0,0.1362029813639073,taglish,comment,True,majority,3-0,1,1
t1_p45ucbl,0,0.15002882480621338,-1.734375,0,0,0.3060787614975958,taglish,comment,True,adjudicator,2-1,0,0
t1_p4ueu4r,0,0.0006166296661831439,-7.390625,0,0,0.029658176614771912,taglish,comment,True,adjudicator,3-0,0,0
t1_p51b5nl,0,0.00037998449988663197,-7.875,0,0,0.023741447387140673,english,comment,True,majority,3-0,0,0
t1_p7m0qh3,0,0.000437334441812709,-7.734375,0,0,0.02532927280326391,taglish,comment,True,majority,3-0,0,0
t1_p4z3ety,0,0.0005792916635982692,-7.453125,0,0,0.028820996945920274,taglish,comment,True,unanimous,3-0,0,0
t1_p2tsyqk,0,0.2062538117170334,-1.34765625,0,0,0.346149253535956,tagalog,comment,True,adjudicator,2-1,0,0
t1_p4yhmga,1,0.40874868631362915,-0.369140625,0,0,0.45655702309310664,taglish,comment,True,adjudicator,2-1,1,0
t1_p65qjif,0,0.001032231142744422,-6.875,0,0,0.037522571737080984,taglish,comment,True,unanimous,3-0,0,0
t1_p2ryc9v,0,0.0064882696606218815,-5.03125,0,0,0.08514313671969245,english,comment,True,majority,3-0,0,0
t1_p4y4mmo,1,0.9933071732521057,5.0,1,1,0.9137010321545139,taglish,comment,True,majority,3-0,1,1
t1_p5jkxyk,1,0.9799765348434448,3.890625,1,1,0.8624904253012163,taglish,comment,True,majority,3-0,1,1
t1_p6pzxac,0,0.0022872276604175568,-6.078125,0,0,0.053733223922581244,tagalog,comment,True,majority,3-0,0,0
t1_p4wzm2e,0,0.00023050670279189944,-8.375,0,0,0.018845168962051597,english,comment,True,unanimous,3-0,0,0
t1_p36isa7,0,0.0008426423300988972,-7.078125,0,0,0.03420994170354485,tagalog,comment,True,adjudicator,3-0,0,0
t1_p7mb1zu,0,0.0014779430348426104,-6.515625,0,0,0.04415179507195838,tagalog,comment,True,unanimous,3-0,0,0
t1_p7jd8i9,0,0.012431650422513485,-4.375,0,0,0.11257293060508439,english,comment,True,adjudicator,2-1,0,1
t1_p6koc3k,0,0.008847354911267757,-4.71875,0,0,0.09735603643252977,taglish,comment,True,majority,3-0,0,0
t1_p76ab9l,0,0.0035380858462303877,-5.640625,0,0,0.06525198503729253,english,comment,True,adjudicator,2-1,0,1
t1_p3wqy9j,0,0.0004173157794866711,-7.78125,0,0,0.024788827241751656,taglish,comment,True,unanimous,3-0,0,0
t1_p50rwi1,0,0.0023231625091284513,-6.0625,0,0,0.054109399189183255,tagalog,comment,True,majority,3-0,0,0
t1_p44qze1,0,0.001048469333909452,-6.859375,0,0,0.03778979175310173,tagalog,comment,True,adjudicator,2-1,0,0
t1_p7j6ws1,0,0.002217013156041503,-6.109375,0,0,0.05298826231087992,english,comment,True,unanimous,3-0,0,0
t1_p768hxr,0,0.001674399245530367,-6.390625,0,0,0.04670944319223177,taglish,comment,True,majority,3-0,0,0
t1_p4mixqq,0,0.0032224843744188547,-5.734375,0,0,0.06260470502088075,tagalog,comment,True,adjudicator,2-1,0,1
t1_p77lmf8,0,0.001032231142744422,-6.875,0,0,0.037522571737080984,tagalog,comment,True,adjudicator,2-1,0,0
t1_p6xo7mp,0,0.004538431763648987,-5.390625,0,0,0.07282815956503912,tagalog,comment,True,unanimous,3-0,0,0
t1_p4z97j9,0,0.0014779430348426104,-6.515625,0,0,0.04415179507195838,taglish,comment,True,unanimous,3-0,0,0
t1_p7m5dkz,0,0.006692850962281227,-5.0,0,0,0.0862989678454861,english,comment,True,majority,3-0,0,0
t1_p5zotr8,0,0.8164063692092896,1.4921875,1,1,0.6691224533372817,tagalog,comment,True,majority,3-0,0,0
t1_p7moafl,0,0.0006563728675246239,-7.328125,0,0,0.03051891012693075,english,comment,True,unanimous,3-0,0,0
t1_p7javcb,0,0.0832919254899025,-2.3984375,0,0,0.2438084624791886,taglish,comment,True,unanimous,3-0,0,0
t1_p5cp7ph,0,0.0037654140032827854,-5.578125,0,0,0.06707430949268721,taglish,comment,True,majority,3-0,0,0
t1_p5cnmub,0,0.007460643537342548,-4.890625,0,0,0.09045700170022339,english,comment,True,majority,3-0,0,0
t1_p5dst81,0,0.001151399570517242,-6.765625,0,0,0.03943189710281911,taglish,comment,True,adjudicator,2-1,0,0
t1_p7mjd9n,1,0.9856076240539551,4.2265625,1,1,0.8802365243291517,taglish,comment,True,unanimous,3-0,1,1
t1_p6kwlwa,0,0.33895182609558105,-0.66796875,0,0,0.421836409770592,taglish,comment,True,majority,3-0,0,0
t1_p7lhsm7,0,0.5406813621520996,0.1630859375,1,0,0.519232085392467,tagalog,comment,True,adjudicator,2-1,0,0
t1_p7kmkoj,0,0.024798156693577766,-3.671875,0,0,0.15021774823105152,taglish,comment,True,adjudicator,2-1,0,1
t1_p6ezudb,0,0.0009253848693333566,-6.984375,0,0,0.03570226128836664,taglish,comment,True,unanimous,3-0,0,0
t1_p79fdqy,0,0.0008167380001395941,-7.109375,0,0,0.03372600533725108,taglish,comment,True,majority,3-0,0,0
t1_p5dovdt,0,0.030675798654556274,-3.453125,0,0,0.16387721814161932,english,comment,True,majority,3-0,0,0
t1_p50oo68,0,0.00042388474685139954,-7.765625,0,0,0.0249677153230036,english,comment,True,majority,3-0,0,0
t1_p7mnl05,0,0.00172745855525136,-6.359375,0,0,0.04737054648377908,tagalog,comment,True,unanimous,3-0,0,0
t1_p4zya4n,0,0.004198795650154352,-5.46875,0,0,0.07037741208369958,tagalog,comment,True,adjudicator,2-1,0,1
t1_p50hghp,0,0.6415346264839172,0.58203125,1,0,0.5682420085379721,tagalog,comment,True,majority,3-0,0,0
t1_p50hxp5,0,0.055005285888910294,-2.84375,0,0,0.20716964230561355,tagalog,comment,True,adjudicator,2-1,0,1
t1_p4bwv09,0,0.09670579433441162,-2.234375,0,0,0.2583648679549256,taglish,comment,True,unanimous,3-0,0,0
t1_p5vx7lp,1,0.026355354115366936,-3.609375,0,0,0.15402196501711685,english,comment,True,adjudicator,2-1,1,0
t1_p7m2vfz,1,0.09670579433441162,-2.234375,0,0,0.2583648679549256,english,comment,True,adjudicator,2-1,1,0
t1_p6885i3,0,0.9314625263214111,2.609375,1,1,0.774074184169347,taglish,comment,True,majority,3-0,0,0
t1_p1yzayp,0,0.0025909794494509697,-5.953125,0,0,0.05681292013872671,taglish,comment,True,majority,3-0,0,0
t1_p7m2x0y,0,0.008985428139567375,-4.703125,0,0,0.09800597599511505,tagalog,comment,True,adjudicator,2-1,0,0
t1_p5020gl,0,0.007011795416474342,-4.953125,0,0,0.0880593632287999,taglish,comment,True,unanimous,3-0,0,0
t1_p6xx41r,0,0.0055549247190356255,-5.1875,0,0,0.07957218372797943,tagalog,comment,True,adjudicator,2-1,0,1
t1_p45z054,0,0.012624949216842651,-4.359375,0,0,0.11331170422124309,tagalog,comment,True,majority,3-0,0,0
t1_p6xw345,0,0.0006462032324634492,-7.34375,0,0,0.030301485023929844,english,comment,True,majority,3-0,0,0
t1_p6xvdqt,0,0.004755199886858463,-5.34375,0,0,0.07433612262279089,taglish,comment,True,majority,3-0,0,0
t1_p6xvdt2,1,0.21403354406356812,-1.30078125,0,0,0.35117303042808384,taglish,comment,True,adjudicator,2-1,1,1
t1_p6zjax0,0,0.0002780309587251395,-8.1875,0,0,0.020552914313413027,tagalog,comment,True,majority,3-0,0,0
t1_p7bemk8,0,0.012241275049746037,-4.390625,0,0,0.11183836614088327,tagalog,comment,True,adjudicator,2-1,0,0
t1_p7lamfm,0,0.28977349400520325,-0.896484375,0,0,0.3957789435033674,tagalog,comment,True,adjudicator,2-1,0,1
t1_p4543hs,0,0.26817408204078674,-1.00390625,0,0,0.3837218031314576,taglish,comment,True,majority,3-0,0,0
t1_p5jdv8x,0,0.0002531563804950565,-8.28125,0,0,0.01968089870107938,tagalog,comment,True,majority,3-0,0,0
t1_p7jie1w,0,0.0008969393675215542,-7.015625,0,0,0.03519798382451949,tagalog,comment,True,unanimous,3-0,0,0
t1_p4bbqc0,0,0.3178495764732361,-0.763671875,0,0,0.41086149818956963,taglish,comment,True,adjudicator,2-1,0,1
t1_p5dvm25,0,0.005301895085722208,-5.234375,0,0,0.07796694980104599,taglish,comment,True,majority,3-0,0,0
t1_p44surq,0,0.17838265001773834,-1.52734375,0,0,0.32721458176682594,english,comment,True,adjudicator,2-1,0,0
t1_p44puyl,0,0.003172682598233223,-5.75,0,0,0.062173351371700165,english,comment,True,adjudicator,2-1,0,0
t1_p7jxt20,0,0.0038844766095280647,-5.546875,0,0,0.06800308618657898,english,comment,True,majority,3-0,0,0
t1_p5dv1l4,0,0.7086160182952881,0.888671875,1,0,0.6033390146981125,tagalog,comment,True,adjudicator,2-1,0,1
t1_p7agwnf,0,0.05146276578307152,-2.9140625,0,0,0.20177225032347135,tagalog,comment,True,unanimous,3-0,0,0
t1_p7a0ktr,0,0.008187909610569477,-4.796875,0,0,0.09416372572307875,tagalog,comment,True,adjudicator,2-1,0,0
t1_p5d5tww,0,0.005384938325732946,-5.21875,0,0,0.07849870644206831,taglish,comment,True,unanimous,3-0,0,0
t1_p6zu22v,0,0.00017952795315068215,-8.625,0,0,0.016783089203401026,taglish,comment,True,majority,3-0,0,0
t1_p7k7iip,0,0.9559813141822815,3.078125,1,1,0.8104107855476744,english,comment,True,majority,3-0,0,0
t1_p4zkylt,0,0.0002913700882345438,-8.140625,0,0,0.021002997536154276,english,comment,True,adjudicator,2-1,0,0
t1_p643guo,0,0.14854057133197784,-1.74609375,0,0,0.3049053719750353,taglish,comment,True,adjudicator,2-1,0,1
t1_p64y6td,0,0.030444350093603134,-3.4609375,0,0,0.16337264460694365,tagalog,comment,True,adjudicator,2-1,0,0
t1_p5opxl1,0,0.0030753696337342262,-5.78125,0,0,0.061318957826920865,tagalog,comment,True,adjudicator,2-1,0,0
t1_p44lihp,0,0.13206616044044495,-1.8828125,0,0,0.29140518726567227,tagalog,comment,True,adjudicator,2-1,0,0
t1_p5djz3f,0,0.985042929649353,4.1875,1,1,0.8782794353098138,tagalog,comment,True,majority,3-0,0,0
t1_p5di5ul,1,0.00857748556882143,-4.75,0,0,0.09606768474501752,taglish,comment,True,majority,3-0,1,1
t1_p3z7paz,0,0.00023782203788869083,-8.34375,0,0,0.019119804431367213,tagalog,comment,True,unanimous,3-0,0,0
t1_p7lp80y,0,0.5102524757385254,0.041015625,1,0,0.5048390482644762,tagalog,comment,True,adjudicator,2-1,0,0
t1_p4z6ph3,0,0.0002824080584105104,-8.171875,0,0,0.020701882921589226,tagalog,comment,True,adjudicator,2-1,0,0
t1_p30tp6e,0,0.05223086103796959,-2.8984375,0,0,0.2029625233968276,taglish,comment,True,unanimous,3-0,0,0
t1_p30sgh7,0,0.17328819632530212,-1.5625,0,0,0.32357255815839275,taglish,comment,True,majority,3-0,0,0
t1_p42kfmf,0,0.9879462122917175,4.40625,1,1,0.8888920052404777,tagalog,comment,True,majority,3-0,0,0
t1_p71156w,0,0.6199315786361694,0.4892578125,1,0,0.557469632243934,taglish,comment,True,adjudicator,2-1,0,0
t1_p4mhhr3,1,0.13753247261047363,-1.8359375,0,0,0.29599411920074814,taglish,comment,True,adjudicator,2-1,1,1
t1_p5cf6md,0,0.006003595422953367,-5.109375,0,0,0.08231476848774687,tagalog,comment,True,majority,3-0,0,0
t1_p2sc7o8,0,0.2598256468772888,-1.046875,0,0,0.37893778867643796,taglish,comment,True,unanimous,3-0,0,0
t1_p7jittj,0,0.992061972618103,4.828125,1,1,0.9070867293144691,tagalog,comment,True,adjudicator,2-1,0,0
t1_p50dmkh,0,0.985496461391449,4.21875,1,1,0.8798472939176153,tagalog,comment,True,adjudicator,2-1,0,1
t1_p7d5hr5,0,0.0020190139766782522,-6.203125,0,0,0.050811477292413476,tagalog,comment,True,majority,3-0,0,0
t1_p508rqk,0,0.048496000468730927,-2.9765625,0,0,0.19706337003330002,english,comment,True,majority,3-0,0,0
t1_p7kdg5w,0,0.025760557502508163,-3.6328125,0,0,0.15258623105097477,taglish,comment,True,unanimous,3-0,0,0
t1_p3grrpo,0,0.008445627056062222,-4.765625,0,0,0.09542923928444559,taglish,comment,True,majority,3-0,0,0
t1_p58es7v,0,0.004755199886858463,-5.34375,0,0,0.07433612262279089,tagalog,comment,True,majority,3-0,0,0
t1_p7j2yn2,0,0.00028685410507023335,-8.15625,0,0,0.02085190827517527,english,comment,True,majority,3-0,0,0
t1_p56u49o,0,0.001597845577634871,-6.4375,0,0,0.045734218686383936,tagalog,comment,True,adjudicator,2-1,0,0
t1_p57oyhj,0,0.003172682598233223,-5.75,0,0,0.062173351371700165,english,comment,True,majority,3-0,0,0
t1_p31mhxn,0,0.003172682598233223,-5.75,0,0,0.062173351371700165,taglish,comment,True,majority,3-0,0,0
t1_p60dg8g,0,0.0003625900426413864,-7.921875,0,0,0.023234073329028593,english,comment,True,majority,3-0,0,0
t1_p4yxti0,0,0.0007321811863221228,-7.21875,0,0,0.03208373590673702,english,comment,True,majority,3-0,0,0
t1_p513bmg,1,0.9671630263328552,3.3828125,1,1,0.8315251286302798,english,comment,True,adjudicator,2-1,1,0
t1_p6siz6q,1,0.07316472381353378,-2.5390625,0,0,0.23178170375829685,tagalog,comment,True,majority,3-0,1,1
t1_p4yxw3e,0,0.00044421834172680974,-7.71875,0,0,0.025511958970476818,english,comment,True,majority,3-0,0,0
t1_p36xpo1,0,0.6591858267784119,0.65966796875,1,0,0.5772078708606199,tagalog,comment,True,adjudicator,2-1,0,1
t1_p4ugaif,0,0.000503335555549711,-7.59375,0,0,0.0270203526419373,english,comment,True,unanimous,3-0,0,0
t1_p4v1rhh,0,0.0002913700882345438,-8.140625,0,0,0.021002997536154276,english,comment,True,majority,3-0,0,0
t1_p7lmhg7,0,0.6083614230155945,0.4404296875,1,0,0.5517775024455831,english,comment,True,adjudicator,2-1,0,0
t1_p4veg0e,0,0.00016346470511052758,-8.71875,0,0,0.016068395102116665,english,comment,True,majority,3-0,0,0
t1_p5x0sxv,1,0.9690910577774048,3.4453125,1,1,0.8356169561497356,tagalog,comment,True,majority,3-0,1,1
t1_p55cd8b,1,0.8250265121459961,1.55078125,1,1,0.6752157805994379,taglish,comment,True,majority,3-0,1,1
t1_p55amzv,0,0.6851073503494263,0.77734375,1,0,0.5906993975146618,english,comment,True,unanimous,3-0,0,0
t1_p7jadkr,0,0.010652512311935425,-4.53125,0,0,0.1054140327363007,tagalog,comment,True,adjudicator,2-1,0,0
t1_p4ya7k6,0,0.9603611826896667,3.1875,1,1,0.8182148836370929,tagalog,comment,True,adjudicator,2-1,0,1
t1_p736ggr,0,0.00034599160426296294,-7.96875,0,0,0.022737289731656573,english,comment,True,unanimous,3-0,0,0
t1_p56m5v2,1,0.6363531351089478,0.5595703125,1,0,0.5656394771595903,taglish,comment,True,majority,3-0,1,1
t1_p73rg96,1,0.9943581223487854,5.171875,1,1,0.9198860627484765,taglish,comment,True,adjudicator,3-0,1,1
t1_p42dg8y,0,0.0010649627074599266,-6.84375,0,0,0.03805883954731496,english,comment,True,majority,3-0,0,0
t1_p74yyee,0,0.8840392827987671,2.03125,1,1,0.7228458916380883,tagalog,comment,True,adjudicator,2-1,0,1
t1_p4u6wsr,0,0.001098731067031622,-6.8125,0,0,0.03860246423474041,taglish,comment,True,majority,3-0,0,0
t1_p5s30sq,0,0.0005976693355478346,-7.421875,0,0,0.0292366806331,english,comment,True,adjudicator,2-1,0,0
t1_p5c5o6c,0,0.0015731120947748423,-6.453125,0,0,0.045413473240970004,taglish,comment,True,majority,3-0,0,0
t1_p7giw5m,0,0.008847354911267757,-4.71875,0,0,0.09735603643252977,taglish,comment,True,majority,3-0,0,0
t1_p6sz9gh,0,0.0006878511630930007,-7.28125,0,0,0.03118028857300946,taglish,comment,True,majority,3-0,0,0
t1_p50o5dc,0,0.011158031411468983,-4.484375,0,0,0.10751846870772278,english,comment,True,adjudicator,2-1,0,0
t1_p7jym7u,0,0.00021654405281879008,-8.4375,0,0,0.018307456044784155,english,comment,True,unanimous,3-0,0,0
t1_p456hvs,1,0.043691061437129974,-3.0859375,0,0,0.1890233716585239,taglish,comment,True,majority,3-0,1,1
t1_p6xrt1a,0,0.0006166296661831439,-7.390625,0,0,0.029658176614771912,taglish,comment,True,majority,3-0,0,0
t1_p49m8a3,0,0.02595735713839531,-3.625,0,0,0.1530635857733278,taglish,comment,True,majority,3-0,0,0
t1_p5jgk7q,0,0.0010005043586716056,-6.90625,0,0,0.03699356961131133,tagalog,comment,True,majority,3-0,0,0
t1_p6f6lz0,0,0.4970703423023224,-0.01171875,0,0,0.49861737513642806,tagalog,comment,True,majority,3-0,0,0
t1_p6z5htd,0,0.007937993854284286,-4.828125,0,0,0.09291327068553097,taglish,comment,True,majority,3-0,0,0
t1_p693fee,0,0.0007208379684016109,-7.234375,0,0,0.031855528867666016,tagalog,comment,True,unanimous,3-0,0,0
t1_p44ag5k,0,0.00049553596181795,-7.609375,0,0,0.026827162516236146,english,comment,True,majority,3-0,0,0
t1_p44to38,0,0.021948251873254776,-3.796875,0,0,0.1428416021836157,english,comment,True,adjudicator,2-1,0,1
t1_p4zt4bk,1,0.9808759689331055,3.9375,1,1,0.865093138839978,tagalog,comment,True,majority,3-0,1,1
t1_p77smoq,1,0.0443485863506794,-3.0703125,0,0,0.19015635392855748,tagalog,comment,True,majority,3-0,1,1
t1_p6t6gc5,0,0.0025909794494509697,-5.953125,0,0,0.05681292013872671,taglish,comment,True,majority,3-0,0,0
t1_p76aiql,0,0.002800926798954606,-5.875,0,0,0.058821200250141294,taglish,comment,True,unanimous,3-0,0,0
t1_p6xm01t,0,0.05070536583662033,-2.9296875,0,0,0.2005872008856256,tagalog,comment,True,adjudicator,2-1,0,1
t1_p734z3r,0,0.2183358371257782,-1.275390625,0,0,0.3539081580856263,tagalog,comment,True,adjudicator,2-1,0,0
t1_p7n2vs1,0,0.018264278769493103,-3.984375,0,0,0.13234585130160462,tagalog,comment,True,adjudicator,2-1,0,1
t1_p4xzkq6,0,0.018124721944332123,-3.9921875,0,0,0.13192304409290787,english,comment,True,majority,3-0,0,0
t1_p3l0ali,1,0.16940587759017944,-1.58984375,0,0,0.3207545548847347,taglish,comment,True,majority,3-0,1,1
t1_p7mg4wk,1,0.5228112936019897,0.09130859375,1,0,0.5107713127896214,tagalog,comment,True,adjudicator,2-1,1,0
t1_p4ypkig,0,0.0012843081494793296,-6.65625,0,0,0.04143419544840811,taglish,comment,True,majority,3-0,0,0
t1_p512z9c,0,0.00020988310279790312,-8.46875,0,0,0.018044274434158715,english,comment,True,majority,3-0,0,0
t1_p6ld5z6,0,0.0011879054363816977,-6.734375,0,0,0.03999431884228906,taglish,comment,True,majority,3-0,0,0
t1_p7ml1k9,0,0.9653811454772949,3.328125,1,1,0.8278785095104222,tagalog,comment,True,adjudicator,2-1,0,0
t1_p57591c,0,0.004133968148380518,-5.484375,0,0,0.06989649688047142,taglish,comment,True,unanimous,3-0,0,0
t1_p4ur7ns,1,0.16398024559020996,-1.62890625,0,0,0.31675143313906623,english,comment,True,adjudicator,2-1,1,1
t1_p4v1a5u,0,0.0025909794494509697,-5.953125,0,0,0.05681292013872671,english,comment,True,unanimous,3-0,0,0
t1_p4v5v3r,0,0.0006667023408226669,-7.3125,0,0,0.03073784588783257,english,comment,True,majority,3-0,0,0
t1_p4u8nnl,0,0.00017952795315068215,-8.625,0,0,0.016783089203401026,taglish,comment,True,majority,3-0,0,0
t1_p4yzuj7,1,0.8844391107559204,2.03515625,1,1,0.723215067027551,taglish,comment,True,majority,3-0,1,1
t1_p60nin3,1,0.0015487609198316932,-6.46875,0,0,0.04509487096205979,taglish,comment,True,unanimous,3-0,1,1
t1_p7jd6ix,0,0.005641908384859562,-5.171875,0,0,0.08011393725152342,english,comment,True,adjudicator,2-1,0,0
t1_p55w001,0,0.9930423498153687,4.9609375,1,1,0.9122362723516327,taglish,comment,True,adjudicator,3-0,0,0
t1_p6koe9k,0,0.0017546144081279635,-6.34375,0,0,0.04770442355171993,tagalog,comment,True,adjudicator,2-1,0,0
t1_p51cw83,0,0.004681822843849659,-5.359375,0,0,0.07383030447741767,english,comment,True,adjudicator,2-1,0,1
t1_p547tor,0,0.007232763804495335,-4.921875,0,0,0.0892509204581822,english,comment,True,majority,3-0,0,0
t1_p7jqdah,0,0.0005792916635982692,-7.453125,0,0,0.028820996945920274,taglish,comment,True,majority,3-0,0,0
t1_p7jojs8,0,0.13846179842948914,-1.828125,0,0,0.2967630015050172,english,comment,True,majority,3-0,0,0
t1_p73r98w,0,0.5764227509498596,0.30810546875,1,0,0.5362876912438985,tagalog,comment,True,adjudicator,2-1,0,1
t1_p2xx8ji,0,0.0015731120947748423,-6.453125,0,0,0.045413473240970004,taglish,comment,True,majority,3-0,0,0
t1_p47eulu,0,0.9726234674453735,3.5703125,1,1,0.8435606132134126,tagalog,comment,True,adjudicator,2-1,0,1
t1_p50d3r5,0,0.00020988310279790312,-8.46875,0,0,0.018044274434158715,tagalog,comment,True,majority,3-0,0,0
t1_p6ke2hu,0,0.7749242186546326,1.236328125,1,1,0.641865273252233,taglish,comment,True,majority,3-0,0,0
t1_p3h516h,0,0.0028449094388633966,-5.859375,0,0,0.05923076579819958,tagalog,comment,True,adjudicator,2-1,0,0
t1_p4yefdo,1,0.382602721452713,-0.478515625,0,0,0.4437813951303904,taglish,comment,True,adjudicator,2-1,1,1
t1_p74i4w9,0,0.957277774810791,3.109375,1,1,0.8126663827929826,english,comment,True,adjudicator,2-1,0,1
t1_p4zvlej,0,0.017712298780679703,-4.015625,0,0,0.13066149144183903,taglish,comment,True,unanimous,3-0,0,0
t1_p49i2a9,0,0.0003625900426413864,-7.921875,0,0,0.023234073329028593,taglish,comment,True,majority,3-0,0,0
t1_p45evop,1,0.35644662380218506,-0.5908203125,0,0,0.43074062618925296,tagalog,comment,True,majority,3-0,1,1
t1_p44tik4,0,0.0010005043586716056,-6.90625,0,0,0.03699356961131133,taglish,comment,True,majority,3-0,0,0
t1_p4ipf36,0,0.9872773289680481,4.3515625,1,1,0.8863173255294892,tagalog,comment,True,adjudicator,2-1,0,1
t1_p5dte8v,0,0.00032503585680387914,-8.03125,0,0,0.022091022597782797,tagalog,comment,True,adjudicator,3-0,0,0
t1_p7mm60x,0,0.0018969200318679214,-6.265625,0,0,0.049407593682287,taglish,comment,True,majority,3-0,0,0
t1_p4xkbsg,0,0.0022872276604175568,-6.078125,0,0,0.053733223922581244,tagalog,comment,True,adjudicator,3-0,0,0
t1_p3kqsmp,0,0.0014103584690019488,-6.5625,0,0,0.043227549045909426,taglish,comment,True,majority,3-0,0,0
t1_p7j763w,1,0.003429603995755315,-5.671875,0,0,0.06435818785152768,taglish,comment,True,unanimous,3-0,1,1
t1_p45715d,0,0.0832919254899025,-2.3984375,0,0,0.2438084624791886,taglish,comment,True,majority,3-0,0,0
t1_p7c2ojg,0,0.004982269834727049,-5.296875,0,0,0.07587275411673995,tagalog,comment,True,adjudicator,2-1,0,0
t1_p6t6u0y,0,0.7718434929847717,1.21875,1,1,0.6399560533413554,tagalog,comment,True,adjudicator,2-1,0,1
t1_p30c4wc,0,0.10932482779026031,-2.09765625,0,0,0.27091959812208083,taglish,comment,True,adjudicator,2-1,0,1
t1_p44qzac,1,0.08882029354572296,-2.328125,0,0,0.24997817499054037,tagalog,comment,True,majority,3-0,1,1
t1_p6553bn,0,0.0013458605390042067,-6.609375,0,0,0.042321793960202296,english,comment,True,majority,3-0,0,0
t1_p65tyao,0,0.18242552876472473,-1.5,0,0,0.3300617613389964,taglish,comment,True,unanimous,3-0,0,0
t1_p4miyx0,0,0.004264634568244219,-5.453125,0,0,0.07086138407887609,english,comment,True,unanimous,3-0,0,0
t1_p75joyo,0,0.0008040859247557819,-7.125,0,0,0.03348652119956184,taglish,comment,True,unanimous,3-0,0,0
t1_p4vxflx,0,0.00030061634606681764,-8.109375,0,0,0.02130839664680392,taglish,comment,True,majority,3-0,0,0
t1_p4q21ky,0,0.0013885231455788016,-6.578125,0,0,0.042923592740846686,english,comment,True,majority,3-0,0,0
t1_p4swyw6,0,0.0002913700882345438,-8.140625,0,0,0.021002997536154276,english,comment,True,majority,3-0,0,0
t1_p64j1qq,0,0.2254166156053543,-1.234375,0,0,0.35834664154752344,english,comment,True,adjudicator,2-1,0,0
t1_p7lvk4g,0,0.0036499870475381613,-5.609375,0,0,0.06615731745626446,tagalog,comment,True,majority,3-0,0,0
t1_p6t62vc,1,0.00049553596181795,-7.609375,0,0,0.026827162516236146,english,comment,True,adjudicator,2-1,1,1
t1_p58ecy9,0,0.01678548939526081,-4.0703125,0,0,0.12775770494495384,english,comment,True,unanimous,3-0,0,0
t1_p7e07q4,0,0.0005112578510306776,-7.578125,0,0,0.02721489507981704,taglish,comment,True,majority,3-0,0,0
t1_p44zwwh,0,0.9964619278907776,5.640625,1,1,0.9347480149627074,tagalog,comment,True,adjudicator,2-1,0,0
t1_p50qks9,0,0.0009850084315985441,-6.921875,0,0,0.03673176492726088,taglish,comment,True,majority,3-0,0,0
t1_p50se9s,0,0.0012843081494793296,-6.65625,0,0,0.04143419544840811,taglish,comment,True,unanimous,3-0,0,0
t1_p50pdhv,1,0.019419347867369652,-3.921875,0,0,0.13576977992912379,taglish,comment,True,unanimous,3-0,1,1
t1_p4u6zzm,0,0.0026730059180408716,-5.921875,0,0,0.05760838161407506,tagalog,comment,True,unanimous,3-0,0,0
t1_p50elob,0,0.0009399438858963549,-6.96875,0,0,0.03595700211729108,tagalog,comment,True,unanimous,3-0,0,0
t1_p2toy18,0,0.9651191234588623,3.3203125,1,1,0.8273524913371458,tagalog,comment,True,adjudicator,2-1,0,1
t1_p4u87m2,0,0.0006263342220336199,-7.375,0,0,0.029871127919826993,english,comment,True,majority,3-0,0,0
t1_p7huf95,0,0.013636835850775242,-4.28125,0,0,0.11706926871670982,tagalog,comment,True,adjudicator,2-1,0,0
t1_p4tu56e,0,0.018264278769493103,-3.984375,0,0,0.13234585130160462,english,comment,True,majority,3-0,0,0
t1_p4ze22t,0,0.0030753696337342262,-5.78125,0,0,0.061318957826920865,english,comment,True,majority,3-0,0,0
t1_p7jfemr,0,0.0071214293129742146,-4.9375,0,0,0.08865333468966868,english,comment,True,unanimous,3-0,0,0
t1_p47cc3b,0,0.000487857119878754,-7.625,0,0,0.02663531584906979,taglish,comment,True,majority,3-0,0,0
t1_p17cc1p,0,0.00047285438631661236,-7.65625,0,0,0.02625561772642195,taglish,comment,True,majority,3-0,0,0
t1_p4zx9og,0,0.00628990214318037,-5.0625,0,0,0.08400136283103414,english,comment,True,majority,3-0,0,0
t1_p50iisz,0,0.12852515280246735,-1.9140625,0,0,0.2883692863325161,tagalog,comment,True,adjudicator,2-1,0,0
t1_p2ture1,0,0.3881540596485138,-0.455078125,0,0,0.446513364162433,taglish,comment,True,unanimous,3-0,0,0
t1_p5c58b0,0,0.0009697519708424807,-6.9375,0,0,0.03647174287267743,english,comment,True,adjudicator,2-1,0,1
t1_p4v8t5x,0,0.02595735713839531,-3.625,0,0,0.1530635857733278,tagalog,comment,True,adjudicator,2-1,0,1
t1_p59zb3f,1,0.8344069123268127,1.6171875,1,1,0.6820504421282666,taglish,comment,True,unanimous,3-0,1,1
t1_p629c15,0,0.002714985515922308,-5.90625,0,0,0.058010022934042706,tagalog,comment,True,majority,3-0,0,0
t1_p6sqp3i,0,0.28736767172813416,-0.908203125,0,0,0.39445715295593226,tagalog,comment,True,adjudicator,2-1,0,1
t1_p36xy0e,0,0.31153160333633423,-0.79296875,0,0,0.40751895911852815,tagalog,comment,True,unanimous,3-0,0,0
t1_p34pmjt,0,0.010818448849022388,-4.515625,0,0,0.10611144284005475,taglish,comment,True,majority,3-0,0,0
t1_p4s6mxc,0,0.0006667023408226669,-7.3125,0,0,0.03073784588783257,taglish,comment,True,adjudicator,3-0,0,0
t1_p6xssk7,0,0.0006166296661831439,-7.390625,0,0,0.029658176614771912,tagalog,comment,True,adjudicator,2-1,0,1
t1_p73s69c,0,0.0026316740550100803,-5.9375,0,0,0.05720935223326406,tagalog,comment,True,adjudicator,2-1,0,0
t1_p6bfpfe,0,0.09138210862874985,-2.296875,0,0,0.25275345388980036,english,comment,True,unanimous,3-0,0,0
t1_p44wa6k,0,0.00020988310279790312,-8.46875,0,0,0.018044274434158715,taglish,comment,True,majority,3-0,0,0
t1_p5jhneh,0,0.00047285438631661236,-7.65625,0,0,0.02625561772642195,tagalog,comment,True,adjudicator,2-1,0,0
t1_p44rjag,1,0.9170058369636536,2.40234375,1,1,0.7565312563409492,taglish,comment,True,unanimous,3-0,1,1
t1_p7jy0tj,0,0.0008040859247557819,-7.125,0,0,0.03348652119956184,taglish,comment,True,unanimous,3-0,0,0
t1_p4ycanw,1,0.2553436756134033,-1.0703125,0,0,0.37633815057518194,taglish,comment,True,unanimous,3-0,1,1
t1_p6zrajz,0,0.08945459872484207,-2.3203125,0,0,0.2506700859905219,taglish,comment,True,unanimous,3-0,0,0
t1_p7mx7f6,0,0.04023794084787369,-3.171875,0,0,0.18288449729898876,english,comment,True,adjudicator,2-1,0,1
t1_p4wpt88,0,0.00017952795315068215,-8.625,0,0,0.016783089203401026,taglish,comment,True,majority,3-0,0,0
t1_p7mjyq2,1,0.7498207092285156,1.09765625,1,1,0.6266857754276357,tagalog,comment,True,adjudicator,2-1,1,0
t1_p30fbj0,0,0.001151399570517242,-6.765625,0,0,0.03943189710281911,tagalog,comment,True,adjudicator,2-1,0,0
t1_p7m08zd,0,0.0037654140032827854,-5.578125,0,0,0.06707430949268721,taglish,comment,True,adjudicator,2-1,0,0
t1_p79znvj,0,0.01956867426633835,-3.9140625,0,0,0.1362029813639073,tagalog,comment,True,adjudicator,2-1,0,1
t1_p7e64pt,0,0.0006263342220336199,-7.375,0,0,0.029871127919826993,english,comment,True,majority,3-0,0,0
t1_p4ywkvg,0,0.00020988310279790312,-8.46875,0,0,0.018044274434158715,taglish,comment,True,unanimous,3-0,0,0
t1_p4yroje,0,0.00030061634606681764,-8.109375,0,0,0.02130839664680392,english,comment,True,majority,3-0,0,0
t1_p7mgpg5,1,0.0006070756353437901,-7.40625,0,0,0.029446697359423027,tagalog,comment,True,adjudicator,2-1,1,0
t1_p44gnv2,1,0.9433475732803345,2.8125,1,1,0.790397524617149,tagalog,comment,True,adjudicator,2-1,1,1
t1_p4mh4i5,0,0.2075357586145401,-1.33984375,0,0,0.34698420677878933,tagalog,comment,True,adjudicator,2-1,0,1
t1_p5de435,0,0.9968273043632507,5.75,1,1,0.9378266486282999,tagalog,comment,True,adjudicator,2-1,0,1
t1_p77t8ox,1,0.004905405919998884,-5.3125,0,0,0.07535733121315441,taglish,comment,True,majority,3-0,1,1
t1_p4znly8,1,0.8647679686546326,1.85546875,1,1,0.7059230242833899,taglish,comment,True,majority,3-0,1,1
t1_p73dvo3,0,0.12378870695829391,-1.95703125,0,0,0.2842257996779295,taglish,comment,True,adjudicator,3-0,0,0
t1_p7mresh,0,0.002714985515922308,-5.90625,0,0,0.058010022934042706,tagalog,comment,True,adjudicator,2-1,0,0
t1_p4bnpvw,0,0.03649376332759857,-3.2734375,0,0,0.17583034995901603,taglish,comment,True,unanimous,3-0,0,0
t1_p4c9e3h,0,0.001524786464869976,-6.484375,0,0,0.04477839901641779,english,comment,True,majority,3-0,0,0
t1_p6z9udn,1,0.0991208553314209,-2.20703125,0,0,0.2608452368782707,english,comment,True,adjudicator,2-1,1,0
t1_p3zb372,1,0.3591393530368805,-0.5791015625,0,0,0.43209724165298713,taglish,comment,True,adjudicator,2-1,1,0
t1_p4yzlq1,0,0.0025509123224765062,-5.96875,0,0,0.05641907072739921,tagalog,comment,True,adjudicator,2-1,0,1
t1_p6smqo5,0,0.0035380858462303877,-5.640625,0,0,0.06525198503729253,tagalog,comment,True,majority,3-0,0,0
t1_p74azoy,1,0.9222025275230408,2.47265625,1,1,0.7625911639853755,tagalog,comment,True,majority,3-0,1,1
t1_p4ud2by,0,0.2372223436832428,-1.16796875,0,0,0.3655842238535613,english,comment,True,adjudicator,2-1,0,0
t1_p5rnkzw,0,0.00017400544311385602,-8.65625,0,0,0.01654145211400056,english,comment,True,majority,3-0,0,0
t1_p7mz3ti,0,0.9216402173042297,2.46484375,1,1,0.7619230000446953,taglish,comment,True,majority,3-0,0,0
t1_p56tno2,0,0.012053778395056725,-4.40625,0,0,0.11110799475952232,taglish,comment,True,majority,3-0,0,0
t1_p60wvga,0,0.001674399245530367,-6.390625,0,0,0.04670944319223177,english,comment,True,majority,3-0,0,0
t1_p4z09le,0,0.026759279891848564,-3.59375,0,0,0.15498524687326842,english,comment,True,majority,3-0,0,0
t1_p5rmw8p,0,0.0443485863506794,-3.0703125,0,0,0.19015635392855748,english,comment,True,adjudicator,3-0,0,0
t1_p2to1mx,0,0.06187598779797554,-2.71875,0,0,0.2170265410417656,taglish,comment,True,unanimous,3-0,0,0
t1_p7n8j7j,1,0.9953181147575378,5.359375,1,1,0.9261696955225822,taglish,comment,True,majority,3-0,1,1
t1_p74veum,0,0.2934044897556305,-0.87890625,0,0,0.3977644824882255,tagalog,comment,True,adjudicator,2-1,0,0
t1_p72hzrf,0,0.01784873940050602,-4.0078125,0,0,0.1310808659647154,tagalog,comment,True,adjudicator,2-1,0,1
t1_p5bpjnp,0,0.020177319645881653,-3.8828125,0,0,0.1379474412350029,english,comment,True,adjudicator,2-1,0,0
t1_p50im1k,0,0.0007321811863221228,-7.21875,0,0,0.03208373590673702,taglish,comment,True,majority,3-0,0,0
t1_p6y668u,1,0.004982269834727049,-5.296875,0,0,0.07587275411673995,taglish,comment,True,majority,3-0,1,1
t1_p7d9jhk,0,0.010169658809900284,-4.578125,0,0,0.10334601682966467,english,comment,True,unanimous,3-0,0,0
t1_p7jv8yc,0,0.010652512311935425,-4.53125,0,0,0.1054140327363007,taglish,comment,True,majority,3-0,0,0
t1_p6dqjzr,0,0.0012255674228072166,-6.703125,0,0,0.04056442370730197,taglish,comment,True,adjudicator,2-1,0,1
t1_p7m3gnr,1,0.10447732359170914,-2.1484375,0,0,0.2662119395214895,tagalog,comment,True,adjudicator,2-1,1,0
t1_p2tyawn,0,0.7588682174682617,1.146484375,1,1,0.6320609606531179,tagalog,comment,True,adjudicator,2-1,0,1
t1_p3054pd,0,0.00027372167096473277,-8.203125,0,0,0.020404995332145848,taglish,comment,True,majority,3-0,0,0
t1_p5049xf,1,0.0008559005800634623,-7.0625,0,0,0.034454415065816514,english,comment,True,adjudicator,2-1,1,1
t1_p307e3k,0,0.0006667023408226669,-7.3125,0,0,0.03073784588783257,taglish,comment,True,unanimous,3-0,0,0
t1_p50j5x3,0,0.003429603995755315,-5.671875,0,0,0.06435818785152768,tagalog,comment,True,adjudicator,2-1,0,0
t1_p5ilrui,0,0.001867565792053938,-6.28125,0,0,0.0490624104816107,english,comment,True,adjudicator,2-1,0,0
t1_p5ilvwj,0,0.0064882696606218815,-5.03125,0,0,0.08514313671969245,tagalog,comment,True,adjudicator,2-1,0,0
t1_p5c6mq1,0,0.0007096704212017357,-7.25,0,0,0.03162889199079514,taglish,comment,True,unanimous,3-0,0,0
t1_p3pin53,0,0.0005792916635982692,-7.453125,0,0,0.028820996945920274,taglish,comment,True,majority,3-0,0,0
t1_p5bzv4g,0,0.0002824080584105104,-8.171875,0,0,0.020701882921589226,taglish,comment,True,unanimous,3-0,0,0
t1_p4tc197,0,0.00806199200451374,-4.8125,0,0,0.09353662423818863,english,comment,True,majority,3-0,0,0
t1_p50yp3l,0,0.0005442132824100554,-7.515625,0,0,0.02800676679122609,taglish,comment,True,majority,3-0,0,0
t1_p50v909,1,0.7375364303588867,1.033203125,1,1,0.6195425278683293,english,comment,True,unanimous,3-0,1,1
t1_p7n8qys,0,0.0025909794494509697,-5.953125,0,0,0.05681292013872671,english,comment,True,majority,3-0,0,0
t1_p6shvdw,0,0.0003859660937450826,-7.859375,0,0,0.023912962410347786,english,comment,True,majority,3-0,0,0
t1_p73k78z,1,0.016914913430809975,-4.0625,0,0,0.12816913348427383,tagalog,comment,True,majority,3-0,1,1
t1_p7ltmon,0,0.014842418022453785,-4.1953125,0,0,0.12132695563067535,english,comment,True,majority,3-0,0,0
t1_p74oz6d,0,0.44848668575286865,-0.206787109375,0,0,0.47562171488671784,english,comment,True,majority,3-0,0,0
t1_p7lq2ix,0,0.031143829226493835,-3.4375,0,0,0.1648901229489409,taglish,comment,True,adjudicator,2-1,0,1
t1_p4t45i1,0,0.0008295890875160694,-7.09375,0,0,0.03396714199210455,tagalog,comment,True,majority,3-0,0,0
t1_p7596mi,0,0.0012644219677895308,-6.671875,0,0,0.04114230693747363,taglish,comment,True,majority,3-0,0,0
t1_p44kte0,0,0.0014103584690019488,-6.5625,0,0,0.043227549045909426,tagalog,comment,True,adjudicator,2-1,0,1
t1_p511sw7,0,0.00013552079326473176,-8.90625,0,0,0.014727666286364498,taglish,comment,True,unanimous,3-0,0,0
t1_p6lm952,0,0.008187909610569477,-4.796875,0,0,0.09416372572307875,taglish,comment,True,unanimous,3-0,0,0
t1_p6lc79x,0,0.0005884088459424675,-7.4375,0,0,0.02902811696737469,taglish,comment,True,majority,3-0,0,0
t1_p7ixnx8,1,0.006797531619668007,-4.984375,0,0,0.08688219648381787,taglish,comment,True,majority,3-0,1,1
t1_p6we07z,0,0.0003101559996139258,-8.078125,0,0,0.021618138426447542,tagalog,comment,True,adjudicator,2-1,0,0
t1_p30d38o,0,0.24077458679676056,-1.1484375,0,0,0.3677247028371839,tagalog,comment,True,adjudicator,2-1,0,1
t1_p72ylc3,1,0.02096424251794815,-3.84375,0,0,0.14015436643866205,tagalog,comment,True,majority,3-0,1,1
t1_p59qyoe,0,0.9824230670928955,4.0234375,1,1,0.8697567424653495,tagalog,comment,True,adjudicator,2-1,0,1
t1_p6t5sxh,1,0.8864204287528992,2.0546875,1,1,0.7250563833962002,english,comment,True,adjudicator,2-1,1,0
t1_p7m4zun,0,0.005641908384859562,-5.171875,0,0,0.08011393725152342,taglish,comment,True,majority,3-0,0,0
t1_p7j732d,0,0.004399413242936134,-5.421875,0,0,0.07183856229291878,english,comment,True,majority,3-0,0,0
t1_p6zqdwy,0,0.0007437028689309955,-7.203125,0,0,0.03231352321286328,tagalog,comment,True,adjudicator,2-1,0,0
t1_p4g1qz1,1,0.7213507890701294,0.951171875,1,1,0.6103760857747188,taglish,comment,True,adjudicator,2-1,1,0
t1_p7k2n9a,0,0.00015843621804378927,-8.75,0,0,0.015836882188294453,taglish,comment,True,majority,3-0,0,0
t1_p4jzi1e,0,0.18535661697387695,-1.48046875,0,0,0.33210313227433963,taglish,comment,True,adjudicator,2-1,0,0
t1_p56iyi0,1,0.20497775077819824,-1.35546875,0,0,0.3453152470079649,english,comment,True,adjudicator,2-1,1,1
t1_p4zusn3,0,0.0029349515680223703,-5.828125,0,0,0.06005792491826349,taglish,comment,True,unanimous,3-0,0,0
t1_p50llx6,0,0.04208773002028465,-3.125,0,0,0.18621358609215405,english,comment,True,adjudicator,2-1,0,0
t1_p50tbf8,0,0.0009850084315985441,-6.921875,0,0,0.03673176492726088,taglish,comment,True,majority,3-0,0,0
t1_p7jehpu,0,0.0022872276604175568,-6.078125,0,0,0.053733223922581244,english,comment,True,majority,3-0,0,0
t1_p5i73zk,0,0.008315778337419033,-4.78125,0,0,0.09479459184013021,tagalog,comment,True,adjudicator,2-1,0,1
t1_p3h6gra,0,0.00024156631843652576,-8.328125,0,0,0.01925859002511558,taglish,comment,True,unanimous,3-0,0,0
t1_p7jbx2a,0,0.028870904818177223,-3.515625,0,0,0.15987558630328308,tagalog,comment,True,adjudicator,2-1,0,0
t1_p4yascs,0,0.035678550601005554,-3.296875,0,0,0.1742331949787762,taglish,comment,True,unanimous,3-0,0,0
t1_p73pilv,0,0.8000679016113281,1.38671875,1,1,0.6580112312909496,tagalog,comment,True,adjudicator,2-1,0,0
t1_p60a1rz,0,0.00026119034737348557,-8.25,0,0,0.019967465612926186,taglish,comment,True,unanimous,3-0,0,0
t1_p7mhk1d,0,0.9969722032546997,5.796875,1,1,0.9391041123781659,taglish,comment,True,adjudicator,2-1,0,0
t1_p73y0kb,0,0.0055549247190356255,-5.1875,0,0,0.07957218372797943,taglish,comment,True,majority,3-0,0,0
t1_p54025j,0,0.00029595711384899914,-8.125,0,0,0.021155157910186486,taglish,comment,True,unanimous,3-0,0,0
t1_p459lhf,0,0.00023782203788869083,-8.34375,0,0,0.019119804431367213,taglish,comment,True,majority,3-0,0,0
t1_p45za02,0,0.0017007224960252643,-6.375,0,0,0.047038890753109214,taglish,comment,True,unanimous,3-0,0,0
t1_p6y591p,1,0.9977127313613892,6.078125,1,1,0.9462667760774188,taglish,comment,True,unanimous,3-0,1,1
t1_p545ro9,1,0.004982269834727049,-5.296875,0,0,0.07587275411673995,taglish,comment,True,majority,3-0,1,1
t1_p7lzg2d,0,0.03514484316110611,-3.3125,0,0,0.1731747981260198,tagalog,comment,True,unanimous,3-0,0,0
t1_p4yfx4a,1,0.9877586960792542,4.390625,1,1,0.8881616338591167,taglish,comment,True,majority,3-0,1,1
t1_p7c3gys,0,0.1755380630493164,-1.546875,0,0,0.32518862940513604,tagalog,comment,True,adjudicator,2-1,0,0
t1_p7me7uh,0,0.002182716503739357,-6.125,0,0,0.05261944773488564,taglish,comment,True,majority,3-0,0,0
t1_p7n4wbu,0,0.0006986756343394518,-7.265625,0,0,0.03140381522505015,tagalog,comment,True,adjudicator,2-1,0,0
t1_p6xn99k,0,0.0034834241960197687,-5.65625,0,0,0.06480365228819718,tagalog,comment,True,adjudicator,2-1,0,0
t1_p6q3p57,0,0.0013885231455788016,-6.578125,0,0,0.042923592740846686,taglish,comment,True,majority,3-0,0,0
t1_p7ejdu7,0,0.0005792916635982692,-7.453125,0,0,0.028820996945920274,taglish,comment,True,unanimous,3-0,0,0
t1_p5j6334,0,0.00806199200451374,-4.8125,0,0,0.09353662423818863,tagalog,comment,True,adjudicator,2-1,0,0
t1_p50mkfn,0,0.00020027377468068153,-8.515625,0,0,0.017656451591228563,english,comment,True,majority,3-0,0,0
t1_p7lsks9,0,0.00016865275392774493,-8.6875,0,0,0.01630323634424839,english,comment,True,majority,3-0,0,0
t1_p5jsgnt,0,0.0013885231455788016,-6.578125,0,0,0.042923592740846686,taglish,comment,True,unanimous,3-0,0,0
t1_p7ira21,1,0.7479842901229858,1.087890625,1,1,0.625606924438058,taglish,comment,True,adjudicator,2-1,1,1
t1_p6lptiv,1,0.09877258539199829,-2.2109375,0,0,0.26048995672876946,taglish,comment,True,majority,3-0,1,1
t1_p5yqv3v,1,0.9425067901611328,2.796875,1,1,0.7891732602822165,taglish,comment,True,majority,3-0,1,1
t1_p44q444,0,0.001867565792053938,-6.28125,0,0,0.0490624104816107,tagalog,comment,True,unanimous,3-0,0,0
t1_p5dmjvl,1,0.0006070756353437901,-7.40625,0,0,0.029446697359423027,taglish,comment,True,adjudicator,2-1,1,1
t1_p77kdvi,0,0.9603611826896667,3.1875,1,1,0.8182148836370929,taglish,comment,True,adjudicator,2-1,0,0
t1_p4jlary,0,0.00023782203788869083,-8.34375,0,0,0.019119804431367213,english,comment,True,majority,3-0,0,0
t1_p4jfjri,0,0.0015011822106316686,-6.5,0,0,0.044464044626788456,english,comment,True,majority,3-0,0,0
t1_p4zwhx8,1,0.015663648024201393,-4.140625,0,0,0.12410537516449101,english,comment,True,adjudicator,2-1,1,1
t1_p6ys6hm,1,0.9744347929954529,3.640625,1,1,0.8478899023329652,tagalog,comment,True,adjudicator,2-1,1,1
t1_p468bor,1,0.13753247261047363,-1.8359375,0,0,0.29599411920074814,tagalog,comment,True,majority,3-0,1,1
t1_p4zd3tm,0,0.00044421834172680974,-7.71875,0,0,0.025511958970476818,english,comment,True,majority,3-0,0,0
t1_p5uuj0z,1,0.013222821988165379,-4.3125,0,0,0.115553439979554,english,comment,True,majority,3-0,1,1
t1_p56tp4k,0,0.00028685410507023335,-8.15625,0,0,0.02085190827517527,english,comment,True,majority,3-0,0,0
t1_p7ltlyb,0,0.5324251055717468,0.1298828125,1,0,0.5153193350320376,taglish,comment,True,adjudicator,3-0,0,0
t1_p73bpgk,0,0.00049553596181795,-7.609375,0,0,0.026827162516236146,english,comment,True,majority,3-0,0,0
t1_p748phk,0,0.8074606657028198,1.43359375,1,1,0.6629718689882824,taglish,comment,True,adjudicator,2-1,0,0
t1_p4z43vb,0,0.00628990214318037,-5.0625,0,0,0.08400136283103414,tagalog,comment,True,adjudicator,2-1,0,1
t1_p7l9raq,0,0.008847354911267757,-4.71875,0,0,0.09735603643252977,tagalog,comment,True,adjudicator,2-1,0,0
t1_p34ute8,0,0.007345826830714941,-4.90625,0,0,0.08985213722864796,taglish,comment,True,majority,3-0,0,0
t1_p5bugb4,1,0.200557678937912,-1.3828125,0,0,0.34240373780919575,english,comment,True,majority,3-0,1,1
t1_p5ajlh1,1,0.6557770371437073,0.64453125,1,0,0.5754636045193051,taglish,comment,True,majority,3-0,1,1
t1_p7lno3k,0,0.929951012134552,2.5859375,1,1,0.7721339326163912,tagalog,comment,True,unanimous,3-0,0,0
t1_p7jnuge,0,0.00028685410507023335,-8.15625,0,0,0.02085190827517527,english,comment,True,majority,3-0,0,0
t1_p7dfsdv,0,0.0035936026833951473,-5.625,0,0,0.06570320158418115,tagalog,comment,True,adjudicator,2-1,0,0
t1_p7jiij8,0,0.0015487609198316932,-6.46875,0,0,0.04509487096205979,taglish,comment,True,adjudicator,2-1,0,0
t1_p5036a3,1,0.7924642562866211,1.33984375,1,1,0.6530157932212107,english,comment,True,majority,3-0,1,1
t1_p2xz8oa,0,0.0008969393675215542,-7.015625,0,0,0.03519798382451949,taglish,comment,True,unanimous,3-0,0,0
t1_p7jt2cy,0,0.3315524458885193,-0.701171875,0,0,0.4180194511172937,taglish,comment,True,adjudicator,2-1,0,0
t1_p7mh21a,0,0.0010162440594285727,-6.890625,0,0,0.037257168128185254,tagalog,comment,True,adjudicator,2-1,0,0
t1_p453nki,1,0.0010649627074599266,-6.84375,0,0,0.03805883954731496,english,comment,True,adjudicator,2-1,1,1
t1_p7ljii1,0,0.0022872276604175568,-6.078125,0,0,0.053733223922581244,tagalog,comment,True,adjudicator,2-1,0,0
t1_p459ic4,0,0.000437334441812709,-7.734375,0,0,0.02532927280326391,english,comment,True,majority,3-0,0,0
t1_p4jcsse,1,0.004264634568244219,-5.453125,0,0,0.07086138407887609,taglish,comment,True,adjudicator,2-1,1,0
t1_p4kxsng,0,0.0004044815432280302,-7.8125,0,0,0.024434790839823858,taglish,comment,True,majority,3-0,0,0
t1_p5n9dyz,0,0.0006563728675246239,-7.328125,0,0,0.03051891012693075,english,comment,True,majority,3-0,0,0
t1_p4sf400,1,0.9700134992599487,3.4765625,1,1,0.8376327508595012,tagalog,comment,True,majority,3-0,1,1
t1_p4scwb1,0,0.9866748452186584,4.3046875,1,1,0.8840692101408101,tagalog,comment,True,adjudicator,2-1,0,1
t1_p4s25yp,0,0.03676946833729744,-3.265625,0,0,0.176365288087076,english,comment,True,unanimous,3-0,0,0
t1_p72xjz2,0,0.0006361912237480283,-7.359375,0,0,0.03008556084766971,english,comment,True,majority,3-0,0,0
t1_p61l0ev,0,0.05707139894366264,-2.8046875,0,0,0.21021395352225666,taglish,comment,True,majority,3-0,0,0
t1_p7lp1y4,0,0.0006563728675246239,-7.328125,0,0,0.03051891012693075,tagalog,comment,True,unanimous,3-0,0,0
t1_p4za2mn,0,0.005301895085722208,-5.234375,0,0,0.07796694980104599,taglish,comment,True,unanimous,3-0,0,0
t1_p5cx3zd,0,0.0013250225456431508,-6.625,0,0,0.04202392677301189,taglish,comment,True,unanimous,3-0,0,0
t1_p30bbg6,0,0.01971912942826748,-3.90625,0,0,0.13663734648425513,taglish,comment,True,majority,3-0,0,0
t1_p6d0ql5,0,0.0032224843744188547,-5.734375,0,0,0.06260470502088075,tagalog,comment,True,adjudicator,2-1,0,0
t1_p7n8hmm,0,0.0037654140032827854,-5.578125,0,0,0.06707430949268721,tagalog,comment,True,majority,3-0,0,0
t1_p72ppsm,1,0.008985428139567375,-4.703125,0,0,0.09800597599511505,taglish,comment,True,unanimous,3-0,1,1
t1_p6eqbtu,0,0.00047285438631661236,-7.65625,0,0,0.02625561772642195,tagalog,comment,True,adjudicator,2-1,0,0
t1_p2tqrp0,1,0.0005792916635982692,-7.453125,0,0,0.028820996945920274,tagalog,comment,True,adjudicator,2-1,1,1
t1_p2y2p0h,1,0.929951012134552,2.5859375,1,1,0.7721339326163912,english,comment,True,majority,3-0,1,1
t1_p73fagx,0,0.00021654405281879008,-8.4375,0,0,0.018307456044784155,english,comment,True,majority,3-0,0,0
t1_p310ut6,0,0.0020190139766782522,-6.203125,0,0,0.050811477292413476,taglish,comment,True,unanimous,3-0,0,0
t1_p63ee9o,0,0.0023231625091284513,-6.0625,0,0,0.054109399189183255,english,comment,True,majority,3-0,0,0
t1_p6svx3u,0,0.000458312890259549,-7.6875,0,0,0.025881188445069564,english,comment,True,adjudicator,2-1,0,0
t1_p6me1mc,0,0.0007208379684016109,-7.234375,0,0,0.031855528867666016,tagalog,comment,True,majority,3-0,0,0
t1_p74rwkz,0,0.0009850084315985441,-6.921875,0,0,0.03673176492726088,tagalog,comment,True,adjudicator,2-1,0,0
t1_p4ufn6b,0,0.00029595711384899914,-8.125,0,0,0.021155157910186486,english,comment,True,majority,3-0,0,0
t1_p5scoej,0,0.0013885231455788016,-6.578125,0,0,0.042923592740846686,tagalog,comment,True,unanimous,3-0,0,0
t1_p7h7gb8,0,0.0009399438858963549,-6.96875,0,0,0.03595700211729108,taglish,comment,True,unanimous,3-0,0,0
t1_p73biyf,0,0.0003150386910419911,-8.0625,0,0,0.02177465618964468,english,comment,True,majority,3-0,0,0
t1_p4zunn4,0,0.005384938325732946,-5.21875,0,0,0.07849870644206831,tagalog,comment,True,adjudicator,2-1,0,1
t1_p50jkb1,0,0.002889581024646759,-5.84375,0,0,0.059643002388580786,tagalog,comment,True,adjudicator,2-1,0,1
t1_p30bzig,0,0.007011795416474342,-4.953125,0,0,0.0880593632287999,tagalog,comment,True,majority,3-0,0,0
t1_p7ji1in,0,0.00023782203788869083,-8.34375,0,0,0.019119804431367213,taglish,comment,True,majority,3-0,0,0
t1_p60dx3a,1,0.9837225079536438,4.1015625,1,1,0.8738767498735819,taglish,comment,True,majority,3-0,1,1
t1_p4ypp6r,1,0.007011795416474342,-4.953125,0,0,0.0880593632287999,tagalog,comment,True,unanimous,3-0,1,1
t1_p4ykqgp,1,0.9678993225097656,3.40625,1,1,0.833069002823117,taglish,comment,True,majority,3-0,1,1
t1_p7lx4re,0,0.0028449094388633966,-5.859375,0,0,0.05923076579819958,taglish,comment,True,adjudicator,2-1,0,0
t1_p7mfrbx,0,0.0003406293399166316,-7.984375,0,0,0.02257401216801346,taglish,comment,True,majority,3-0,0,0
t1_p4yi623,0,0.0026316740550100803,-5.9375,0,0,0.05720935223326406,english,comment,True,majority,3-0,0,0
t1_p4xri25,0,0.00017400544311385602,-8.65625,0,0,0.01654145211400056,english,comment,True,adjudicator,2-1,0,0
t1_p3l718x,1,0.6980208158493042,0.837890625,1,0,0.5975895883482192,taglish,comment,True,adjudicator,2-1,1,0
t1_p4fxpfh,0,0.49261531233787537,-0.029541015625,0,0,0.49651468072459937,taglish,comment,True,majority,3-0,0,0
t1_p4fv6um,1,0.997368335723877,5.9375,1,1,0.9427906477667358,taglish,comment,True,unanimous,3-0,1,1
t1_p7dqgpz,0,0.005060331430286169,-5.28125,0,0,0.07639141111328143,tagalog,comment,True,majority,3-0,0,0
t1_p7ezfxl,0,0.011508148163557053,-4.453125,0,0,0.10894187777499907,taglish,comment,True,adjudicator,2-1,0,0
t1_p4ziusw,0,0.00037998449988663197,-7.875,0,0,0.023741447387140673,taglish,comment,True,majority,3-0,0,0
t1_p7lviww,1,0.010489092208445072,-4.546875,0,0,0.10472066932572417,english,comment,True,majority,3-0,1,1
t1_p6w52pz,0,0.0026316740550100803,-5.9375,0,0,0.05720935223326406,english,comment,True,adjudicator,2-1,0,0
t1_p74ni82,1,0.9929336309432983,4.9453125,1,1,0.9116441017860477,tagalog,comment,True,adjudicator,2-1,1,1
t1_p3majvr,0,0.00026530236937105656,-8.234375,0,0,0.020112277992575926,english,comment,True,majority,3-0,0,0
t1_p3o1g8f,1,0.9780517220497131,3.796875,1,1,0.8571583978163844,taglish,comment,True,majority,3-0,1,1
t1_p4wqitu,0,0.013636835850775242,-4.28125,0,0,0.11706926871670982,english,comment,True,adjudicator,2-1,0,1
t1_p5nd7iu,0,0.0003053489199373871,-8.09375,0,0,0.021462721039604792,english,comment,True,majority,3-0,0,0
t1_p44w120,0,0.0071214293129742146,-4.9375,0,0,0.08865333468966868,english,comment,True,majority,3-0,0,0
t1_p46n8bv,0,0.0008426423300988972,-7.078125,0,0,0.03420994170354485,tagalog,comment,True,majority,3-0,0,0
t1_p7lz2vt,0,0.00941259041428566,-4.65625,0,0,0.09997904933225209,taglish,comment,True,adjudicator,2-1,0,1
t1_p7coaos,0,0.0004044815432280302,-7.8125,0,0,0.024434790839823858,english,comment,True,adjudicator,2-1,0,0
t1_p7mdf7w,0,0.025760557502508163,-3.6328125,0,0,0.15258623105097477,taglish,comment,True,majority,3-0,0,0
t1_p6y1y1a,1,0.8787311315536499,1.98046875,1,1,0.7180190914718677,english,comment,True,majority,3-0,1,1
t1_p7ja6fr,0,0.03283695876598358,-3.3828125,0,0,0.1684748713697201,tagalog,comment,True,majority,3-0,0,0
t1_p6yxmwe,0,0.028652667999267578,-3.5234375,0,0,0.15938098508290352,taglish,comment,True,adjudicator,2-1,0,0
t1_p6fm9xr,1,0.9920002222061157,4.8203125,1,1,0.90677551998577,english,comment,True,adjudicator,2-1,1,1
t1_p6xw6qc,0,0.9536218643188477,3.0234375,1,1,0.8064135466587012,tagalog,comment,True,majority,3-0,0,0
t1_p5jglg9,0,0.0029810327105224133,-5.8125,0,0,0.06047554833197914,taglish,comment,True,unanimous,3-0,0,0
t1_p507wrw,0,0.002714985515922308,-5.90625,0,0,0.058010022934042706,tagalog,comment,True,adjudicator,2-1,0,0
t1_p5065ft,1,0.0005193048855289817,-7.5625,0,0,0.02741079873385374,english,comment,True,adjudicator,2-1,1,1
t1_p507slc,0,0.03934250399470329,-3.1953125,0,0,0.18123735655080284,tagalog,comment,True,adjudicator,2-1,0,1
t1_p2xyfk8,0,0.0026730059180408716,-5.921875,0,0,0.05760838161407506,taglish,comment,True,adjudicator,2-1,0,0
t1_p7kn318,0,0.0011335690505802631,-6.78125,0,0,0.03915353788920148,english,comment,True,majority,3-0,0,0
t1_p36yiuf,0,0.0384661927819252,-3.21875,0,0,0.17960178999268847,taglish,comment,True,majority,3-0,0,0
t1_p4yghnt,0,0.0026730059180408716,-5.921875,0,0,0.05760838161407506,english,comment,True,majority,3-0,0,0
t1_p5602yf,1,0.8034823536872864,1.408203125,1,1,0.660289228019856,taglish,comment,True,adjudicator,2-1,1,0
t1_p749ndq,0,0.00023782203788869083,-8.34375,0,0,0.019119804431367213,english,comment,True,majority,3-0,0,0
t1_p3jm6p5,0,0.011687257327139378,-4.4375,0,0,0.10965976675170637,tagalog,comment,True,adjudicator,2-1,0,1
t1_p3l2g3g,0,0.00214894930832088,-6.140625,0,0,0.052253058579332344,tagalog,comment,True,adjudicator,2-1,0,0
t1_p7j5uev,1,0.8587185740470886,1.8046875,1,1,0.7009234432066158,taglish,comment,True,adjudicator,2-1,1,0
t1_p74k6xw,1,0.03963883966207504,-3.1875,0,0,0.18178511636290703,english,comment,True,adjudicator,2-1,1,1
t1_p7mf09u,0,0.8316905498504639,1.59765625,1,1,0.6800482062822224,english,comment,True,adjudicator,2-1,0,0
t1_p4rjt3b,0,0.0026316740550100803,-5.9375,0,0,0.05720935223326406,taglish,comment,True,majority,3-0,0,0
t1_p71hvyj,1,0.23581157624721527,-1.17578125,0,0,0.3647295115597166,english,comment,True,adjudicator,3-0,1,1
t1_p75i45o,0,0.006903837900608778,-4.96875,0,0,0.08746898938725452,english,comment,True,majority,3-0,0,0
t1_p448l30,0,0.00020342698553577065,-8.5,0,0,0.017784807688689,taglish,comment,True,adjudicator,3-0,0,0
t1_p50q5oi,1,0.6288633942604065,0.52734375,1,0,0.5618991153914336,tagalog,comment,True,adjudicator,2-1,1,1
t1_p7k7z1g,0,0.0026730059180408716,-5.921875,0,0,0.05760838161407506,english,comment,True,unanimous,3-0,0,0
t1_p44wk4d,0,0.0002913700882345438,-8.140625,0,0,0.021002997536154276,taglish,comment,True,majority,3-0,0,0
t1_p450tf2,1,0.0003569706459529698,-7.9375,0,0,0.023067312544196868,taglish,comment,True,adjudicator,2-1,1,1
t1_p450wb0,1,0.0010005043586716056,-6.90625,0,0,0.03699356961131133,tagalog,comment,True,majority,3-0,1,1
t1_p5jnx6g,0,0.5966094732284546,0.391357421875,1,0,0.5460432135410208,tagalog,comment,True,adjudicator,2-1,0,0
t1_p4ecv3f,0,0.40827676653862,-0.37109375,0,0,0.45632833381812193,english,comment,True,majority,3-0,0,0
t1_p5cmmfp,0,0.008187909610569477,-4.796875,0,0,0.09416372572307875,taglish,comment,True,adjudicator,2-1,0,0
t1_p4w9rpr,0,0.0005976693355478346,-7.421875,0,0,0.0292366806331,taglish,comment,True,majority,3-0,0,0
t1_p7n79bc,0,0.001151399570517242,-6.765625,0,0,0.03943189710281911,taglish,comment,True,unanimous,3-0,0,0
t1_p6zd0x9,0,0.0003859660937450826,-7.859375,0,0,0.023912962410347786,taglish,comment,True,majority,3-0,0,0
t1_p5jhb6o,0,0.001838665222749114,-6.296875,0,0,0.048719515283948175,tagalog,comment,True,adjudicator,2-1,0,0
t1_p6xl0j2,0,0.005641908384859562,-5.171875,0,0,0.08011393725152342,tagalog,comment,True,adjudicator,2-1,0,0
t1_p453e79,0,0.939024806022644,2.734375,1,1,0.7842238816488065,taglish,comment,True,adjudicator,2-1,0,1
t1_p7mmg33,0,0.006589771714061499,-5.015625,0,0,0.08571928680855494,tagalog,comment,True,adjudicator,2-1,0,0
t1_p3n2z6k,1,0.05749328061938286,-2.796875,0,0,0.2108267397177836,taglish,comment,True,adjudicator,2-1,1,1
t1_p4se1p7,0,0.9136765599250793,2.359375,1,1,0.7527767127240239,english,comment,True,adjudicator,2-1,0,1
t1_p50ima4,0,0.7708100080490112,1.212890625,1,1,0.6393186578838981,taglish,comment,True,majority,3-0,0,0
t1_p2trcxp,0,0.0017546144081279635,-6.34375,0,0,0.04770442355171993,taglish,comment,True,majority,3-0,0,0
t1_p27fsrj,0,0.0005884088459424675,-7.4375,0,0,0.02902811696737469,tagalog,comment,True,majority,3-0,0,0
t1_p2ttuij,0,0.0018102111062034965,-6.3125,0,0,0.04837889464610664,taglish,comment,True,adjudicator,2-1,0,0
t1_p5nau8v,0,0.00029595711384899914,-8.125,0,0,0.021155157910186486,english,comment,True,majority,3-0,0,0
t1_p6z2lce,0,0.0007096704212017357,-7.25,0,0,0.03162889199079514,english,comment,True,majority,3-0,0,0
t1_p483rqa,0,0.006388320587575436,-5.046875,0,0,0.08457050093699602,taglish,comment,True,majority,3-0,0,0
t1_p4zu0we,0,0.0003301527467556298,-8.015625,0,0,0.022250886231358458,taglish,comment,True,unanimous,3-0,0,0
t1_p6skahu,0,0.02595735713839531,-3.625,0,0,0.1530635857733278,english,comment,True,adjudicator,2-1,0,1
t1_p5jt0rk,0,0.0017546144081279635,-6.34375,0,0,0.04770442355171993,tagalog,comment,True,adjudicator,2-1,0,1
t1_p735n97,0,0.0039454069919884205,-5.53125,0,0,0.06847193303012425,taglish,comment,True,majority,3-0,0,0
t1_p4xcwy0,0,0.0013250225456431508,-6.625,0,0,0.04202392677301189,taglish,comment,True,majority,3-0,0,0
t1_p6yt5cw,1,0.9788748621940613,3.8359375,1,1,0.8594007181839,taglish,comment,True,adjudicator,2-1,1,1
t1_p7moe5s,0,0.0005703156930394471,-7.46875,0,0,0.028615311204358576,tagalog,comment,True,adjudicator,2-1,0,1
t1_p5zhlxw,0,0.0002531563804950565,-8.28125,0,0,0.01968089870107938,taglish,comment,True,unanimous,3-0,0,0
t1_p50au6o,0,0.9906600117683411,4.6640625,1,1,0.9003522307090628,english,comment,True,adjudicator,2-1,0,0
t1_p5ih75k,0,0.000437334441812709,-7.734375,0,0,0.02532927280326391,taglish,comment,True,majority,3-0,0,0
t1_p4yuuic,0,0.013636835850775242,-4.28125,0,0,0.11706926871670982,taglish,comment,True,adjudicator,2-1,0,0
t1_p7lqeaf,0,0.028007520362734795,-3.546875,0,0,0.1579046205959627,english,comment,True,majority,3-0,0,0
t1_p6013ck,1,0.7752646803855896,1.23828125,1,1,0.6420771326373164,taglish,comment,True,adjudicator,2-1,1,1
t1_p5ypa4d,0,0.8134608268737793,1.47265625,1,1,0.6670785442397879,taglish,comment,True,majority,3-0,0,0
t1_p5io5u0,0,0.0039454069919884205,-5.53125,0,0,0.06847193303012425,tagalog,comment,True,adjudicator,2-1,0,0
t1_p45cyin,0,0.45011767745018005,-0.2001953125,0,0,0.47639765275662677,taglish,comment,True,majority,3-0,0,0
t1_p3kq2uh,0,0.05184547230601311,-2.90625,0,0,0.20236673377201506,tagalog,comment,True,adjudicator,2-1,0,0
t1_p55dlc7,0,0.007011795416474342,-4.953125,0,0,0.0880593632287999,tagalog,comment,True,adjudicator,2-1,0,0
t1_p30yuvj,0,0.0038844766095280647,-5.546875,0,0,0.06800308618657898,taglish,comment,True,majority,3-0,0,0
t1_p503yhl,0,0.004755199886858463,-5.34375,0,0,0.07433612262279089,taglish,comment,True,majority,3-0,0,0
t1_p54gif5,0,0.0007554056355729699,-7.1875,0,0,0.03254490094480655,taglish,comment,True,unanimous,3-0,0,0
t1_p73bshp,0,0.055005285888910294,-2.84375,0,0,0.20716964230561355,taglish,comment,True,majority,3-0,0,0
t1_p73ihnb,0,0.8068526387214661,1.4296875,1,1,0.66255983235043,tagalog,comment,True,adjudicator,2-1,0,1
t1_p606hwp,0,0.00014425987319555134,-8.84375,0,0,0.015161860185539942,taglish,comment,True,majority,3-0,0,0
t1_p6tgu1c,1,0.9268352389335632,2.5390625,1,1,0.7682182962417031,taglish,comment,True,majority,3-0,1,1
t1_p5rzpba,0,0.0013885231455788016,-6.578125,0,0,0.042923592740846686,taglish,comment,True,unanimous,3-0,0,0
t1_p5c77fo,0,0.0012843081494793296,-6.65625,0,0,0.04143419544840811,taglish,comment,True,unanimous,3-0,0,0
t1_p50pvuh,0,0.005730246659368277,-5.15625,0,0,0.08065905598523344,english,comment,True,majority,3-0,0,0
t1_p7n7u1a,0,0.0006462032324634492,-7.34375,0,0,0.030301485023929844,taglish,comment,True,majority,3-0,0,0
t3_1vcgov8,0,0.00941259041428566,-4.65625,0,0,0.09997904933225209,taglish,submission,True,majority,3-0,0,0
t1_p5syyh9,0,0.00043055706191807985,-7.75,0,0,0.02514786105690503,taglish,comment,True,majority,3-0,0,0
t1_p50pgmm,0,0.00026530236937105656,-8.234375,0,0,0.020112277992575926,taglish,comment,True,majority,3-0,0,0
t1_p4vqg21,0,0.0005112578510306776,-7.578125,0,0,0.02721489507981704,taglish,comment,True,majority,3-0,0,0
t1_p4cp0lk,0,0.07055959850549698,-2.578125,0,0,0.22851542206760508,taglish,comment,True,majority,3-0,0,0
t1_p4l2s2p,0,0.00028685410507023335,-8.15625,0,0,0.02085190827517527,english,comment,True,majority,3-0,0,0
t1_p7gpnqt,0,0.0038244836032390594,-5.5625,0,0,0.06753721691730324,tagalog,comment,True,majority,3-0,0,0
t1_p5q7ki2,0,0.008711384609341621,-4.734375,0,0,0.0967099449034277,taglish,comment,True,unanimous,3-0,0,0
t1_p4m1zph,0,0.5404388308525085,0.162109375,1,0,0.5191170358081258,taglish,comment,True,adjudicator,2-1,0,0
t1_p6stl31,0,0.00857748556882143,-4.75,0,0,0.09606768474501752,taglish,comment,True,adjudicator,2-1,0,0
t1_p44rcmp,0,0.004331502132117748,-5.4375,0,0,0.07134842881919408,taglish,comment,True,majority,3-0,0,0
t1_p7lkmnu,0,0.00023782203788869083,-8.34375,0,0,0.019119804431367213,taglish,comment,True,adjudicator,2-1,0,0
t1_p6ghwwp,0,0.0005703156930394471,-7.46875,0,0,0.028615311204358576,taglish,comment,True,majority,3-0,0,0
t1_p277m26,0,0.3195458948612213,-0.755859375,0,0,0.4117542470763078,taglish,comment,True,majority,3-0,0,0
t1_p6yncqn,0,0.000458312890259549,-7.6875,0,0,0.025881188445069564,english,comment,True,majority,3-0,0,0
t1_p7jnxvv,0,0.015189048834145069,-4.171875,0,0,0.12251108317089257,tagalog,comment,True,majority,3-0,0,0
t1_p6g3apf,0,0.00026947917649522424,-8.21875,0,0,0.020258118902574063,taglish,comment,True,unanimous,3-0,0,0
t1_p4mh9r3,1,0.3735329806804657,-0.51708984375,0,0,0.43929249766606093,tagalog,comment,True,majority,3-0,1,1
t1_p6enmiz,1,0.665410578250885,0.6875,1,0,0.5804100215875594,english,comment,True,majority,3-0,1,1
t1_p2towhz,0,0.030214587226510048,-3.46875,0,0,0.16286932201920865,taglish,comment,True,unanimous,3-0,0,0
t1_p5g0w2g,0,0.9429286122322083,2.8046875,1,1,0.7897860464777433,taglish,comment,True,adjudicator,2-1,0,1
t1_p7m9jm9,0,0.0007916296017356217,-7.140625,0,0,0.033248679094331234,taglish,comment,True,unanimous,3-0,0,0
t1_p70hmaj,1,0.016914913430809975,-4.0625,0,0,0.12816913348427383,tagalog,comment,True,adjudicator,2-1,1,1
t1_p5d035b,0,0.00023050670279189944,-8.375,0,0,0.018845168962051597,english,comment,True,majority,3-0,0,0
t1_p6teymd,1,0.7244806289672852,0.966796875,1,1,0.6121283194025033,taglish,comment,True,adjudicator,2-1,1,0
t1_p44n0kf,1,0.0002453695051372051,-8.3125,0,0,0.019398363103724895,english,comment,True,adjudicator,2-1,1,1
t1_p7jxddc,0,0.00013135180051904172,-8.9375,0,0,0.014515185578252019,taglish,comment,True,unanimous,3-0,0,0
t1_p4mdque,0,0.766992449760437,1.19140625,1,1,0.6369773520913186,tagalog,comment,True,adjudicator,2-1,0,0
t1_p50ln59,0,0.0012448433553799987,-6.6875,0,0,0.040852387039050815,taglish,comment,True,majority,3-0,0,0
t1_p5r3506,0,0.3544330894947052,-0.599609375,0,0,0.42972384528500973,taglish,comment,True,adjudicator,2-1,0,0
t1_p7m1rkx,0,0.008985428139567375,-4.703125,0,0,0.09800597599511505,tagalog,comment,True,adjudicator,2-1,0,0
t1_p7ikjj6,1,0.0008969393675215542,-7.015625,0,0,0.03519798382451949,english,comment,True,adjudicator,2-1,1,1
t1_p5ui0hy,0,0.0005703156930394471,-7.46875,0,0,0.028615311204358576,english,comment,True,majority,3-0,0,0
t1_p5ajtrc,1,0.0003569706459529698,-7.9375,0,0,0.023067312544196868,taglish,comment,True,adjudicator,2-1,1,1
t1_p6t6258,1,0.01971912942826748,-3.90625,0,0,0.13663734648425513,taglish,comment,True,majority,3-0,1,1
t1_p74w6ph,0,0.0008426423300988972,-7.078125,0,0,0.03420994170354485,tagalog,comment,True,adjudicator,2-1,0,0
t1_p74beju,0,0.0055549247190356255,-5.1875,0,0,0.07957218372797943,tagalog,comment,True,adjudicator,2-1,0,0
t1_p7jbge5,0,0.0032224843744188547,-5.734375,0,0,0.06260470502088075,tagalog,comment,True,unanimous,3-0,0,0
t1_p4anh9h,0,0.00013982209202367812,-8.875,0,0,0.014943210231750199,taglish,comment,True,unanimous,3-0,0,0
t1_p7jd8hz,0,0.0007096704212017357,-7.25,0,0,0.03162889199079514,taglish,comment,True,unanimous,3-0,0,0
t1_p55x2jo,0,0.000458312890259549,-7.6875,0,0,0.025881188445069564,english,comment,True,majority,3-0,0,0
t1_p456kfn,0,0.019870713353157043,-3.8984375,0,0,0.13707287702109844,tagalog,comment,True,adjudicator,2-1,0,1
t1_p56sles,0,0.0009110511746257544,-7.0,0,0,0.03544925883251523,tagalog,comment,True,adjudicator,2-1,0,0
t1_p734wp5,0,0.017712298780679703,-4.015625,0,0,0.13066149144183903,taglish,comment,True,adjudicator,2-1,0,1
t1_p7jcfb9,1,0.7523766160011292,1.111328125,1,1,0.6281940495111782,taglish,comment,True,majority,3-0,1,1
t1_p7m7cxw,0,0.0008693673880770802,-7.046875,0,0,0.0347005727280882,tagalog,comment,True,unanimous,3-0,0,0
t1_p74jxzr,0,0.00013135180051904172,-8.9375,0,0,0.014515185578252019,english,comment,True,majority,3-0,0,0
t1_p7lpea6,0,0.001622967072762549,-6.421875,0,0,0.046057120187448904,taglish,comment,True,adjudicator,2-1,0,0
t1_p7k5vb5,0,0.0024343819823116064,-6.015625,0,0,0.05525287331581087,taglish,comment,True,unanimous,3-0,0,0
t1_p73nsao,1,0.028870904818177223,-3.515625,0,0,0.15987558630328308,tagalog,comment,True,adjudicator,2-1,1,1
t1_p7jscyj,0,0.00023782203788869083,-8.34375,0,0,0.019119804431367213,english,comment,True,adjudicator,2-1,0,0
t1_p3grfjm,0,0.1475551873445511,-1.75390625,0,0,0.30412451690275544,tagalog,comment,True,adjudicator,2-1,0,1
t1_p5i9rcc,0,0.015424554236233234,-4.15625,0,0,0.12330601490682606,taglish,comment,True,majority,3-0,0,0
t1_p7m3qhc,0,0.0002453695051372051,-8.3125,0,0,0.019398363103724895,taglish,comment,True,adjudicator,2-1,0,0
t1_p680dh5,0,0.00017400544311385602,-8.65625,0,0,0.01654145211400056,english,comment,True,adjudicator,3-0,0,0
t1_p502ue7,0,0.000398213102016598,-7.828125,0,0,0.02425962604084669,tagalog,comment,True,unanimous,3-0,0,0
t1_p5jgtx3,0,0.002182716503739357,-6.125,0,0,0.05261944773488564,taglish,comment,True,unanimous,3-0,0,0
t1_p7jsnea,0,0.0011879054363816977,-6.734375,0,0,0.03999431884228906,tagalog,comment,True,adjudicator,2-1,0,0
t1_p4zsr2h,0,0.09334688633680344,-2.2734375,0,0,0.25484824811347806,taglish,comment,True,majority,3-0,0,0
t1_p6ddi0b,0,0.00016865275392774493,-8.6875,0,0,0.01630323634424839,taglish,comment,True,majority,3-0,0,0
t1_p7j4sne,0,0.00021654405281879008,-8.4375,0,0,0.018307456044784155,taglish,comment,True,majority,3-0,0,0
t1_p72obei,0,0.010013570077717304,-4.59375,0,0,0.10266469479998298,taglish,comment,True,unanimous,3-0,0,0
t1_p5dukg6,0,0.9683812260627747,3.421875,1,1,0.8340919538746769,taglish,comment,True,adjudicator,2-1,0,0
t1_p4ft070,0,0.25608712434768677,-1.06640625,0,0,0.37677093390649297,taglish,comment,True,majority,3-0,0,0
t1_p4zn29i,0,0.0005274784052744508,-7.546875,0,0,0.027608072558528336,tagalog,comment,True,adjudicator,2-1,0,0
t1_p4tx0q4,0,0.00029595711384899914,-8.125,0,0,0.021155157910186486,tagalog,comment,True,majority,3-0,0,0
t1_p7369ly,0,0.000374095601728186,-7.890625,0,0,0.02357113284314096,tagalog,comment,True,adjudicator,2-1,0,1
t1_p5elx5s,0,0.0008969393675215542,-7.015625,0,0,0.03519798382451949,english,comment,True,unanimous,3-0,0,0
t1_p4kxiyf,0,0.0006070756353437901,-7.40625,0,0,0.029446697359423027,tagalog,comment,True,unanimous,3-0,0,0
t1_p7gq2ua,0,0.11920293420553207,-2.0,0,0,0.280118414202008,english,comment,True,majority,3-0,0,0
t1_p5dgexb,0,0.9961755275726318,5.5625,1,1,0.9324627830826968,tagalog,comment,True,adjudicator,2-1,0,1
t1_p7gq7va,0,0.001524786464869976,-6.484375,0,0,0.04477839901641779,taglish,comment,True,unanimous,3-0,0,0
t1_p7lva82,0,0.0030278346966952085,-5.796875,0,0,0.06089588762183393,tagalog,comment,True,adjudicator,2-1,0,1
t1_p5qdpvh,0,0.0005703156930394471,-7.46875,0,0,0.028615311204358576,english,comment,True,adjudicator,3-0,0,1
t1_p7luxcl,0,0.002217013156041503,-6.109375,0,0,0.05298826231087992,tagalog,comment,True,adjudicator,2-1,0,0
t1_p5cyi3m,0,0.0011335690505802631,-6.78125,0,0,0.03915353788920148,tagalog,comment,True,majority,3-0,0,0
t1_p7ib42v,0,0.07159119844436646,-2.5625,0,0,0.22981803471045142,tagalog,comment,True,majority,3-0,0,0
t1_p6y7shb,0,0.0005274784052744508,-7.546875,0,0,0.027608072558528336,english,comment,True,majority,3-0,0,0
t1_p7lsegc,0,0.0011335690505802631,-6.78125,0,0,0.03915353788920148,tagalog,comment,True,majority,3-0,0,0
t1_p7jb3gt,0,0.00026119034737348557,-8.25,0,0,0.019967465612926186,taglish,comment,True,unanimous,3-0,0,0
t1_p6lzpgw,0,0.00031999824568629265,-8.046875,0,0,0.021932281756156215,tagalog,comment,True,adjudicator,3-0,0,0
t1_p7jafvu,0,0.0019877743907272816,-6.21875,0,0,0.050457006554813756,taglish,comment,True,majority,3-0,0,0
t1_p4ydlmc,1,0.9507778882980347,2.9609375,1,1,0.8017672365628895,taglish,comment,True,majority,3-0,1,1
t1_p62dwwm,0,0.00019716942915692925,-8.53125,0,0,0.017529005330043073,tagalog,comment,True,adjudicator,2-1,0,0
t1_p6xqnb9,0,0.0003406293399166316,-7.984375,0,0,0.02257401216801346,taglish,comment,True,unanimous,3-0,0,0
t1_p4yaz2h,0,0.0036499870475381613,-5.609375,0,0,0.06615731745626446,english,comment,True,majority,3-0,0,0
t1_p4z9wsd,0,0.00024923254386521876,-8.296875,0,0,0.01953913040315308,taglish,comment,True,majority,3-0,0,0
t1_p4y89vc,1,0.9777138829231262,3.78125,1,1,0.8562531586658215,tagalog,comment,True,adjudicator,2-1,1,0
t1_p3ekzoo,0,0.00011591933434829116,-9.0625,0,0,0.0136950588297111,english,comment,True,unanimous,3-0,0,0
t1_p4yy6co,0,0.0013458605390042067,-6.609375,0,0,0.042321793960202296,taglish,comment,True,majority,3-0,0,0
t1_p1yy84t,0,0.00032503585680387914,-8.03125,0,0,0.022091022597782797,taglish,comment,True,adjudicator,2-1,0,0
t1_p6yw182,0,0.0008559005800634623,-7.0625,0,0,0.034454415065816514,tagalog,comment,True,adjudicator,2-1,0,1
t1_p4wrn61,0,0.015543648041784763,-4.1484375,0,0,0.12370514051905829,tagalog,comment,True,majority,3-0,0,0
t1_p7cmz58,0,0.0007916296017356217,-7.140625,0,0,0.033248679094331234,taglish,comment,True,unanimous,3-0,0,0
t1_p49a4em,0,0.011597361415624619,-4.4453125,0,0,0.1093003051996275,taglish,comment,True,unanimous,3-0,0,0
t1_p60wrjg,0,0.018124721944332123,-3.9921875,0,0,0.13192304409290787,taglish,comment,True,unanimous,3-0,0,0
t1_p689kmj,0,0.0020190139766782522,-6.203125,0,0,0.050811477292413476,taglish,comment,True,majority,3-0,0,0
t1_p4x97yj,0,0.005139610730111599,-5.265625,0,0,0.07691331850335087,taglish,comment,True,adjudicator,2-1,0,0
t1_p7bieuf,0,0.0060975621454417706,-5.09375,0,0,0.08287351320008446,taglish,comment,True,adjudicator,2-1,0,0
t1_p4b7z5r,0,0.00955939944833517,-4.640625,0,0,0.10064454740778536,taglish,comment,True,unanimous,3-0,0,0
t1_p7mi612,0,0.13432106375694275,-1.86328125,0,0,0.2933121500182787,taglish,comment,True,unanimous,3-0,0,0
t1_p7lpnuu,1,0.6579781174659729,0.654296875,1,0,0.5765891556212762,tagalog,comment,True,unanimous,3-0,1,1
t1_p7jn47v,0,0.00049553596181795,-7.609375,0,0,0.026827162516236146,english,comment,True,adjudicator,2-1,0,0
t1_p385ih2,0,0.004264634568244219,-5.453125,0,0,0.07086138407887609,taglish,comment,True,unanimous,3-0,0,0
t1_p312bfo,0,0.0008559005800634623,-7.0625,0,0,0.034454415065816514,taglish,comment,True,unanimous,3-0,0,0
t1_p56p7c6,0,0.001032231142744422,-6.875,0,0,0.037522571737080984,taglish,comment,True,majority,3-0,0,0
t1_p7lrbd1,1,0.017576880753040314,-4.0234375,0,0,0.13024325753465038,tagalog,comment,True,adjudicator,2-1,1,1
t1_p4zfjt2,0,0.005469274707138538,-5.203125,0,0,0.0790337789417583,taglish,comment,True,majority,3-0,0,0
t1_p5191jp,0,0.00016865275392774493,-8.6875,0,0,0.01630323634424839,taglish,comment,True,unanimous,3-0,0,0
t1_p4ymeja,0,0.008187909610569477,-4.796875,0,0,0.09416372572307875,taglish,comment,True,majority,3-0,0,0
t1_p4c3ldm,0,0.0009850084315985441,-6.921875,0,0,0.03673176492726088,taglish,comment,True,majority,3-0,0,0
t1_p6xmib9,0,0.1294027417898178,-1.90625,0,0,0.2891264964378769,tagalog,comment,True,adjudicator,2-1,0,1
t1_p6b5sk3,0,0.0009697519708424807,-6.9375,0,0,0.03647174287267743,taglish,comment,True,unanimous,3-0,0,0
t1_p6f5qnj,1,0.3557749092578888,-0.59375,0,0,0.4304016338842198,taglish,comment,True,unanimous,3-0,1,1
t1_p54i4zy,0,0.043691061437129974,-3.0859375,0,0,0.1890233716585239,taglish,comment,True,majority,3-0,0,0
t1_p5j2efy,0,0.00044421834172680974,-7.71875,0,0,0.025511958970476818,english,comment,True,majority,3-0,0,0
t1_p3moigg,0,0.0002234163403045386,-8.40625,0,0,0.0185744036350895,taglish,comment,True,majority,3-0,0,0
t1_p2uwn3a,0,0.0011695103021338582,-6.75,0,0,0.03971215349912928,english,comment,True,majority,3-0,0,0
t1_p7m8yyq,0,0.0005193048855289817,-7.5625,0,0,0.02741079873385374,taglish,comment,True,adjudicator,2-1,0,0
t1_p6k47eu,0,0.000374095601728186,-7.890625,0,0,0.02357113284314096,taglish,comment,True,unanimous,3-0,0,0
t1_p452nld,0,0.06954174488782883,-2.59375,0,0,0.22721801446537743,tagalog,comment,True,adjudicator,2-1,0,1
t1_p5dwl9a,0,0.00020988310279790312,-8.46875,0,0,0.018044274434158715,tagalog,comment,True,unanimous,3-0,0,0
t1_p7j5cbc,0,0.00806199200451374,-4.8125,0,0,0.09353662423818863,taglish,comment,True,majority,3-0,0,0
t1_p7lncuv,0,0.0005193048855289817,-7.5625,0,0,0.02741079873385374,taglish,comment,True,majority,3-0,0,0
t1_p4j7xc9,0,0.0002824080584105104,-8.171875,0,0,0.020701882921589226,english,comment,True,unanimous,3-0,0,0
t1_p7jf2m0,0,0.07263670861721039,-2.546875,0,0,0.23112584815129952,taglish,comment,True,majority,3-0,0,0
t1_p6yi684,0,0.00970847625285387,-4.625,0,0,0.1013139766319345,english,comment,True,adjudicator,2-1,0,0
t1_p5c7axj,0,0.6078959703445435,0.4384765625,1,0,0.5515495246512555,taglish,comment,True,adjudicator,2-1,0,0
t1_p5ddnif,0,0.0005792916635982692,-7.453125,0,0,0.028820996945920274,taglish,comment,True,majority,3-0,0,0
t1_p5ddttq,0,0.00026947917649522424,-8.21875,0,0,0.020258118902574063,english,comment,True,unanimous,3-0,0,0
t1_p7jvnt0,0,0.0002531563804950565,-8.28125,0,0,0.01968089870107938,english,comment,True,majority,3-0,0,0
t1_p7535fe,0,0.00037998449988663197,-7.875,0,0,0.023741447387140673,taglish,comment,True,majority,3-0,0,0
t1_p5dt72r,1,0.30445513129234314,-0.826171875,0,0,0.4037410837334315,english,comment,True,majority,3-0,1,1
t1_p5rje95,0,0.00130450667347759,-6.640625,0,0,0.04172806467406166,taglish,comment,True,majority,3-0,0,0
t1_p6nfs0s,0,0.0003150386910419911,-8.0625,0,0,0.02177465618964468,tagalog,comment,True,majority,3-0,0,0
t1_p6zf4an,0,0.00049553596181795,-7.609375,0,0,0.026827162516236146,english,comment,True,unanimous,3-0,0,0
t1_p5yq0vl,0,0.0008830457809381187,-7.03125,0,0,0.03494842539455199,tagalog,comment,True,adjudicator,2-1,0,0
t1_p4jegbz,0,0.11797800660133362,-2.01171875,0,0,0.27900453198014724,taglish,comment,True,unanimous,3-0,0,0
t1_p468uq7,0,0.0008426423300988972,-7.078125,0,0,0.03420994170354485,taglish,comment,True,majority,3-0,0,0
t1_p6db8l4,0,0.0011695103021338582,-6.75,0,0,0.03971215349912928,taglish,comment,True,majority,3-0,0,0
t1_p5gjwo4,0,0.00016346470511052758,-8.71875,0,0,0.016068395102116665,english,comment,True,adjudicator,2-1,0,0
t1_p7ifrk3,0,0.837619960308075,1.640625,1,1,0.6844442655586453,tagalog,comment,True,adjudicator,2-1,0,0
t1_p451zu7,0,0.000487857119878754,-7.625,0,0,0.02663531584906979,english,comment,True,adjudicator,2-1,0,1
t1_p30rcth,0,0.0009697519708424807,-6.9375,0,0,0.03647174287267743,english,comment,True,majority,3-0,0,0
t1_p745ejb,0,0.0038844766095280647,-5.546875,0,0,0.06800308618657898,taglish,comment,True,majority,3-0,0,0
t1_p3jkyem,0,0.0003053489199373871,-8.09375,0,0,0.021462721039604792,taglish,comment,True,majority,3-0,0,0
t1_p74cac7,0,0.0005442132824100554,-7.515625,0,0,0.02800676679122609,taglish,comment,True,unanimous,3-0,0,0
t1_p50ir21,0,0.0003569706459529698,-7.9375,0,0,0.023067312544196868,taglish,comment,True,adjudicator,2-1,0,0
t1_p30agwc,0,0.048496000468730927,-2.9765625,0,0,0.19706337003330002,taglish,comment,True,adjudicator,2-1,0,1
t1_p2y82am,0,0.0009399438858963549,-6.96875,0,0,0.03595700211729108,taglish,comment,True,majority,3-0,0,0
t1_p74k6ol,0,0.0019877743907272816,-6.21875,0,0,0.050457006554813756,taglish,comment,True,majority,3-0,0,0
t1_p38g5kr,0,0.0006771942717023194,-7.296875,0,0,0.03095830209077361,english,comment,True,majority,3-0,0,0
t1_p7jjtds,0,0.004982269834727049,-5.296875,0,0,0.07587275411673995,english,comment,True,adjudicator,2-1,0,0
t1_p4z2u8g,0,0.5200088620185852,0.080078125,1,0,0.509446836326799,taglish,comment,True,adjudicator,2-1,0,0
t1_p6bheq0,0,0.00039204180939123034,-7.84375,0,0,0.024085685937551053,english,comment,True,majority,3-0,0,0
t1_p628rnm,1,0.15974101424217224,-1.66015625,0,0,0.3135683239353312,taglish,comment,True,majority,3-0,1,1
t1_p50b74h,0,0.00130450667347759,-6.640625,0,0,0.04172806467406166,english,comment,True,majority,3-0,0,0
t1_p7kf0zf,0,0.004755199886858463,-5.34375,0,0,0.07433612262279089,english,comment,True,adjudicator,2-1,0,0
t1_p450ga6,0,0.010652512311935425,-4.53125,0,0,0.1054140327363007,english,comment,True,majority,3-0,0,0
t1_p5jm962,0,0.00016346470511052758,-8.71875,0,0,0.016068395102116665,english,comment,True,majority,3-0,0,0
t1_p74tu88,0,0.0008426423300988972,-7.078125,0,0,0.03420994170354485,tagalog,comment,True,adjudicator,2-1,0,1
t1_p4zn9cu,0,0.0003859660937450826,-7.859375,0,0,0.023912962410347786,taglish,comment,True,majority,3-0,0,0
t1_p4m3bg0,1,0.929440438747406,2.578125,1,1,0.7714845779323949,taglish,comment,True,majority,3-0,1,1
t1_p3zbstw,0,0.010986942797899246,-4.5,0,0,0.10681291603977841,taglish,comment,True,majority,3-0,0,0
t1_p5cx553,0,0.027376487851142883,-3.5703125,0,0,0.15643938678658748,english,comment,True,adjudicator,2-1,0,0
t1_p5n70ly,0,0.00029595711384899914,-8.125,0,0,0.021155157910186486,english,comment,True,majority,3-0,0,0
t1_p6yx36j,0,0.00026119034737348557,-8.25,0,0,0.019967465612926186,english,comment,True,adjudicator,2-1,0,0
t1_p7jejv3,1,0.004399413242936134,-5.421875,0,0,0.07183856229291878,taglish,comment,True,majority,3-0,1,1
t1_p5wwtn8,0,0.0003406293399166316,-7.984375,0,0,0.02257401216801346,english,comment,True,majority,3-0,0,0
t1_p4tnvcj,0,0.23231014609336853,-1.1953125,0,0,0.36259646881549623,taglish,comment,True,unanimous,3-0,0,0
t1_p7j7j2r,0,0.00172745855525136,-6.359375,0,0,0.04737054648377908,tagalog,comment,True,unanimous,3-0,0,0
t1_p5j5xv7,0,0.0004108485300093889,-7.796875,0,0,0.024611188501749405,tagalog,comment,True,majority,3-0,0,0
t1_p7lysbj,0,0.9810219407081604,3.9453125,1,1,0.8655228596684541,tagalog,comment,True,adjudicator,2-1,0,0
t1_p3h9m47,0,0.5443170070648193,0.177734375,1,0,0.5209575776085007,tagalog,comment,True,adjudicator,2-1,0,1
t1_p30bval,0,0.9857181310653687,4.234375,1,1,0.8806246649179205,taglish,comment,True,adjudicator,2-1,0,0
t1_p6ywz3e,0,0.0002453695051372051,-8.3125,0,0,0.019398363103724895,english,comment,True,majority,3-0,0,0
t1_p17ohe5,0,0.00028685410507023335,-8.15625,0,0,0.02085190827517527,english,comment,True,majority,3-0,0,0
t1_p7jie8q,1,0.7796576023101807,1.263671875,1,1,0.6448262309757705,taglish,comment,True,majority,3-0,1,1
t1_p7lt88q,0,0.21800270676612854,-1.27734375,0,0,0.35369742121217734,tagalog,comment,True,adjudicator,2-1,0,0
t1_p44mtt0,0,0.9967774748802185,5.734375,1,1,0.9373952949791192,english,comment,True,adjudicator,2-1,0,1
t1_p2s6ikw,0,0.0012843081494793296,-6.65625,0,0,0.04143419544840811,taglish,comment,True,unanimous,3-0,0,0
t1_p2todaj,0,0.0030753696337342262,-5.78125,0,0,0.061318957826920865,taglish,comment,True,unanimous,3-0,0,0
t1_p7gjhfl,0,0.0006986756343394518,-7.265625,0,0,0.03140381522505015,tagalog,comment,True,adjudicator,2-1,0,0
t1_p7d99yc,0,0.21206879615783691,-1.3125,0,0,0.3499139395209144,taglish,comment,True,majority,3-0,0,0
t1_p6c6j8z,0,0.004399413242936134,-5.421875,0,0,0.07183856229291878,english,comment,True,majority,3-0,0,0
t1_p47j2uc,0,0.18359361588954926,-1.4921875,0,0,0.3308775466627183,tagalog,comment,True,adjudicator,3-0,0,0
t1_p7m4br9,0,0.0006878511630930007,-7.28125,0,0,0.03118028857300946,taglish,comment,True,adjudicator,2-1,0,0
t1_p2tqipw,1,0.0012255674228072166,-6.703125,0,0,0.04056442370730197,tagalog,comment,True,majority,3-0,1,1
t1_p56g3be,0,0.896975576877594,2.1640625,1,1,0.7352260388134431,tagalog,comment,True,adjudicator,2-1,0,0
t1_p3h9p36,0,0.0004108485300093889,-7.796875,0,0,0.024611188501749405,taglish,comment,True,unanimous,3-0,0,0
t1_p6etzfx,0,0.6083614230155945,0.4404296875,1,0,0.5517775024455831,english,comment,True,adjudicator,2-1,0,0
t1_p7jh0p6,0,0.00017952795315068215,-8.625,0,0,0.016783089203401026,english,comment,True,adjudicator,3-0,0,0
t1_p73uofn,0,0.0035936026833951473,-5.625,0,0,0.06570320158418115,tagalog,comment,True,majority,3-0,0,0
t1_p7lnmfj,0,0.01384861022233963,-4.265625,0,0,0.11783363202435702,tagalog,comment,True,adjudicator,2-1,0,0
t1_p5c8afp,0,0.0030278346966952085,-5.796875,0,0,0.06089588762183393,taglish,comment,True,majority,3-0,0,0
t1_p5doj7q,0,0.02843603305518627,-3.53125,0,0,0.1588876246080133,taglish,comment,True,majority,3-0,0,0
t1_p3z1tih,0,0.0008969393675215542,-7.015625,0,0,0.03519798382451949,taglish,comment,True,unanimous,3-0,0,0
t1_p7k3j0t,0,0.0005112578510306776,-7.578125,0,0,0.02721489507981704,english,comment,True,unanimous,3-0,0,0
t1_p7cooxk,0,0.0014103584690019488,-6.5625,0,0,0.043227549045909426,taglish,comment,True,majority,3-0,0,0
t1_p7lsw8u,0,0.029986508190631866,-3.4765625,0,0,0.1623672491404988,tagalog,comment,True,adjudicator,2-1,0,1
t1_p7jeyp8,0,0.018124721944332123,-3.9921875,0,0,0.13192304409290787,taglish,comment,True,unanimous,3-0,0,0
t1_p4btruj,0,0.0004044815432280302,-7.8125,0,0,0.024434790839823858,taglish,comment,True,unanimous,3-0,0,0
t1_p6wpz6d,0,0.0003150386910419911,-8.0625,0,0,0.02177465618964468,taglish,comment,True,majority,3-0,0,0
t1_p65xt8x,0,0.10017221421003342,-2.1953125,0,0,0.2619129570365868,taglish,comment,True,unanimous,3-0,0,0
t1_p7j5jz9,0,0.0011335690505802631,-6.78125,0,0,0.03915353788920148,taglish,comment,True,unanimous,3-0,0,0
t1_p4bbxu2,0,0.0003150386910419911,-8.0625,0,0,0.02177465618964468,taglish,comment,True,unanimous,3-0,0,0
t1_p57i8fk,0,0.00048029719619080424,-7.640625,0,0,0.02644480383695967,taglish,comment,True,adjudicator,2-1,0,1
t1_p4z4h68,1,0.0008693673880770802,-7.046875,0,0,0.0347005727280882,taglish,comment,True,adjudicator,2-1,1,1
t1_p7e9v6k,0,0.006903837900608778,-4.96875,0,0,0.08746898938725452,english,comment,True,unanimous,3-0,0,0
t1_p48b9hy,0,0.023153413087129593,-3.7421875,0,0,0.14603083017337196,taglish,comment,True,unanimous,3-0,0,0
t1_p60alw8,0,0.0015487609198316932,-6.46875,0,0,0.04509487096205979,taglish,comment,True,majority,3-0,0,0
t1_p37yoj0,0,0.0005442132824100554,-7.515625,0,0,0.02800676679122609,english,comment,True,majority,3-0,0,0
t1_p6y3oor,0,0.0006462032324634492,-7.34375,0,0,0.030301485023929844,english,comment,True,majority,3-0,0,0
t1_p4z06d5,0,0.0002780309587251395,-8.1875,0,0,0.020552914313413027,taglish,comment,True,unanimous,3-0,0,0
t1_p6xksuc,0,0.015189048834145069,-4.171875,0,0,0.12251108317089257,tagalog,comment,True,adjudicator,2-1,0,1
t1_p5tdikt,0,0.0029349515680223703,-5.828125,0,0,0.06005792491826349,taglish,comment,True,unanimous,3-0,0,0
t1_p3qxqae,0,0.0003569706459529698,-7.9375,0,0,0.023067312544196868,taglish,comment,True,adjudicator,2-1,0,0
t1_p5jrfg1,0,0.0061929901130497456,-5.078125,0,0,0.08343570578587249,taglish,comment,True,adjudicator,2-1,0,1
t1_p5c4p8w,0,0.0005614788387902081,-7.484375,0,0,0.028411050430105833,taglish,comment,True,adjudicator,2-1,0,0
t1_p4r154a,0,0.00023782203788869083,-8.34375,0,0,0.019119804431367213,taglish,comment,True,majority,3-0,0,0
t1_p7ht9w7,0,0.004905405919998884,-5.3125,0,0,0.07535733121315441,taglish,comment,True,unanimous,3-0,0,0
t1_p5c7392,1,0.018264278769493103,-3.984375,0,0,0.13234585130160462,english,comment,True,majority,3-0,1,1
t1_p7gsjfu,0,0.025565214455127716,-3.640625,0,0,0.1521100976670347,english,comment,True,majority,3-0,0,0
t1_p50eh17,1,0.9976769089698792,6.0625,1,1,0.9458906008108167,taglish,comment,True,majority,3-0,1,1
t1_p66jj08,0,0.9582260847091675,3.1328125,1,1,0.814344489912611,tagalog,comment,True,adjudicator,2-1,0,1
t1_p74qrlc,0,0.006003595422953367,-5.109375,0,0,0.08231476848774687,tagalog,comment,True,adjudicator,2-1,0,1
t1_p663a81,0,0.00017400544311385602,-8.65625,0,0,0.01654145211400056,taglish,comment,True,unanimous,3-0,0,0
t1_p7ih2hp,1,0.008445627056062222,-4.765625,0,0,0.09542923928444559,taglish,comment,True,adjudicator,2-1,1,1
t1_p7j4j4e,0,0.0006263342220336199,-7.375,0,0,0.029871127919826993,taglish,comment,True,adjudicator,2-1,0,0
t1_p5c3lxv,0,0.005730246659368277,-5.15625,0,0,0.08065905598523344,taglish,comment,True,adjudicator,2-1,0,0
t1_p45032k,0,0.0008969393675215542,-7.015625,0,0,0.03519798382451949,tagalog,comment,True,adjudicator,2-1,0,0
t1_p50radr,0,0.9674102663993835,3.390625,1,1,0.8320410145708674,taglish,comment,True,adjudicator,2-1,0,1
t1_p754r4p,0,0.00012339458044152707,-9.0,0,0,0.01409924553460658,taglish,comment,True,majority,3-0,0,0
t1_p7lrxwi,0,0.0028449094388633966,-5.859375,0,0,0.05923076579819958,tagalog,comment,True,adjudicator,2-1,0,1
t1_p5zy40t,0,0.03358950838446617,-3.359375,0,0,0.170030109919252,taglish,comment,True,majority,3-0,0,0
t1_p3l74dm,0,0.0003625900426413864,-7.921875,0,0,0.023234073329028593,taglish,comment,True,majority,3-0,0,0
t1_p5zcdof,0,0.001367025775834918,-6.59375,0,0,0.04262167850693299,taglish,comment,True,unanimous,3-0,0,0
t1_p6xjpsr,1,0.9802808165550232,3.90625,1,1,0.8633626535157448,taglish,comment,True,majority,3-0,1,1
t1_p4zddwn,1,0.8914335370063782,2.10546875,1,1,0.7298080524875069,taglish,comment,True,adjudicator,2-1,1,1
t1_p7jt3eb,0,0.00628990214318037,-5.0625,0,0,0.08400136283103414,tagalog,comment,True,adjudicator,2-1,0,0
t1_p4y6zrk,0,0.9890975952148438,4.5078125,1,1,0.8935383294710797,tagalog,comment,True,adjudicator,2-1,0,0
t1_p4y4sbu,0,0.0015487609198316932,-6.46875,0,0,0.04509487096205979,taglish,comment,True,adjudicator,2-1,0,0
t1_p5i5naj,0,0.9813107252120972,3.9609375,1,1,0.8663788329960563,tagalog,comment,True,adjudicator,2-1,0,0
t1_p32iari,0,0.0029349515680223703,-5.828125,0,0,0.06005792491826349,taglish,comment,True,unanimous,3-0,0,0
t1_p38pg52,0,0.0012065897462889552,-6.71875,0,0,0.040278404952754095,tagalog,comment,True,majority,3-0,0,0
t1_p7jo0j3,0,0.0014325366355478764,-6.546875,0,0,0.04353355986238644,english,comment,True,unanimous,3-0,0,0
t1_p50f5oh,0,0.02909075655043125,-3.5078125,0,0,0.1603714295810429,taglish,comment,True,unanimous,3-0,0,0
t1_p7detth,0,0.00020342698553577065,-8.5,0,0,0.017784807688689,taglish,comment,True,unanimous,3-0,0,0
t1_p36y877,0,0.0006070756353437901,-7.40625,0,0,0.029446697359423027,tagalog,comment,True,adjudicator,2-1,0,0
t1_p50dxfu,0,0.0007096704212017357,-7.25,0,0,0.03162889199079514,english,comment,True,majority,3-0,0,0
t1_p18lnfm,0,0.0005112578510306776,-7.578125,0,0,0.02721489507981704,taglish,comment,True,majority,3-0,0,0
t1_p61wk2v,0,0.00482972152531147,-5.328125,0,0,0.07484512612984275,tagalog,comment,True,adjudicator,2-1,0,0
t3_1vjboux,0,0.13432106375694275,-1.86328125,0,0,0.2933121500182787,taglish,submission,True,majority,3-0,0,0
t1_p55yca1,0,0.9890130758285522,4.5,1,1,0.8931870839602216,taglish,comment,True,adjudicator,2-1,0,0
t1_p51ch6z,1,0.006003595422953367,-5.109375,0,0,0.08231476848774687,tagalog,comment,True,adjudicator,2-1,1,1
t1_p7jp07q,0,0.004609572235494852,-5.375,0,0,0.07332765550932573,taglish,comment,True,majority,3-0,0,0
t3_1vkahtp,0,0.18713268637657166,-1.46875,0,0,0.3333309960450587,taglish,submission,True,unanimous,3-0,0,0
t1_p71ve5a,0,0.015663648024201393,-4.140625,0,0,0.12410537516449101,taglish,comment,True,majority,3-0,0,0
t1_p5sk3ve,0,0.0015487609198316932,-6.46875,0,0,0.04509487096205979,taglish,comment,True,unanimous,3-0,0,0
t1_p74owa0,1,0.00941259041428566,-4.65625,0,0,0.09997904933225209,english,comment,True,majority,3-0,1,1
t1_p730f4p,0,0.0024343819823116064,-6.015625,0,0,0.05525287331581087,taglish,comment,True,majority,3-0,0,0
t1_p7irjbh,0,0.025760557502508163,-3.6328125,0,0,0.15258623105097477,english,comment,True,majority,3-0,0,0
t1_p7lvx69,0,0.0023231625091284513,-6.0625,0,0,0.054109399189183255,tagalog,comment,True,adjudicator,2-1,0,0
t1_p7lnpog,0,0.00037998449988663197,-7.875,0,0,0.023741447387140673,tagalog,comment,True,adjudicator,2-1,0,0
t1_p6p86k3,1,0.0007793660624884069,-7.15625,0,0,0.033012468591462826,english,comment,True,majority,3-0,1,1
t1_p742eld,0,0.000503335555549711,-7.59375,0,0,0.0270203526419373,taglish,comment,True,unanimous,3-0,0,0
t1_p4iapcw,0,0.11357959359884262,-2.0546875,0,0,0.2749436166037998,tagalog,comment,True,majority,3-0,0,0
t1_p5gc89b,0,0.7879312038421631,1.3125,1,1,0.6500860604790857,tagalog,comment,True,adjudicator,2-1,0,0
t1_p2u717g,0,0.0006070756353437901,-7.40625,0,0,0.029446697359423027,taglish,comment,True,majority,3-0,0,0
t1_p7jhc0s,0,0.0029349515680223703,-5.828125,0,0,0.06005792491826349,taglish,comment,True,majority,3-0,0,0
t1_p4zzxjk,0,0.0007096704212017357,-7.25,0,0,0.03162889199079514,taglish,comment,True,majority,3-0,0,0
t1_p4d3s19,0,0.0005112578510306776,-7.578125,0,0,0.02721489507981704,tagalog,comment,True,majority,3-0,0,0
t1_p7gs3t1,1,0.0005112578510306776,-7.578125,0,0,0.02721489507981704,tagalog,comment,True,adjudicator,2-1,1,0
t1_p6tfuuu,0,0.0003150386910419911,-8.0625,0,0,0.02177465618964468,taglish,comment,True,unanimous,3-0,0,0
t1_p50mdyc,0,0.4533828794956207,-0.18701171875,0,0,0.4779498666291526,tagalog,comment,True,adjudicator,2-1,0,1
t1_p4zuxhw,0,0.030214587226510048,-3.46875,0,0,0.16286932201920865,tagalog,comment,True,majority,3-0,0,0
t1_p7jhdcq,0,0.8840392827987671,2.03125,1,1,0.7228458916380883,tagalog,comment,True,adjudicator,2-1,0,1
t1_p445358,0,0.0002234163403045386,-8.40625,0,0,0.0185744036350895,taglish,comment,True,adjudicator,2-1,0,0
t1_p7jojit,0,0.0010649627074599266,-6.84375,0,0,0.03805883954731496,english,comment,True,adjudicator,2-1,0,0
t1_p7hp35d,0,0.008187909610569477,-4.796875,0,0,0.09416372572307875,taglish,comment,True,adjudicator,2-1,0,0
t1_p5c4bzb,0,0.010818448849022388,-4.515625,0,0,0.10611144284005475,taglish,comment,True,unanimous,3-0,0,0
t1_p4v4xn4,1,0.00172745855525136,-6.359375,0,0,0.04737054648377908,taglish,comment,True,adjudicator,2-1,1,0
t1_p30eyu9,0,0.0011335690505802631,-6.78125,0,0,0.03915353788920148,taglish,comment,True,majority,3-0,0,0
t1_p3o4tbi,0,0.00026947917649522424,-8.21875,0,0,0.020258118902574063,english,comment,True,adjudicator,2-1,0,1
t1_p736e47,1,0.998245358467102,6.34375,1,1,0.95229557644828,taglish,comment,True,majority,3-0,1,1
t1_p7mnztk,0,0.00019110430730506778,-8.5625,0,0,0.017276817509829366,english,comment,True,unanimous,3-0,0,0
t1_p5x3e7v,1,0.007345826830714941,-4.90625,0,0,0.08985213722864796,taglish,comment,True,adjudicator,2-1,1,1
t1_p73pin8,1,0.00020342698553577065,-8.5,0,0,0.017784807688689,taglish,comment,True,unanimous,3-0,1,1
t1_p31cvso,0,0.0003301527467556298,-8.015625,0,0,0.022250886231358458,english,comment,True,majority,3-0,0,0
t1_p7jixbi,0,0.9437636137008667,2.8203125,1,1,0.7910076947413215,taglish,comment,True,adjudicator,2-1,0,0
t1_p73q9s2,0,0.0071214293129742146,-4.9375,0,0,0.08865333468966868,taglish,comment,True,unanimous,3-0,0,0
t1_p7360fs,0,0.0033766122069209814,-5.6875,0,0,0.06391557628445496,tagalog,comment,True,adjudicator,2-1,0,1
t1_p5qbd26,0,0.08570928126573563,-2.3671875,0,0,0.24653776007300235,english,comment,True,unanimous,3-0,0,0
t1_p7lugnm,0,0.0008559005800634623,-7.0625,0,0,0.034454415065816514,tagalog,comment,True,majority,3-0,0,0
t1_p757f37,0,0.013222821988165379,-4.3125,0,0,0.115553439979554,english,comment,True,majority,3-0,0,0
t1_p78jbcj,0,0.0006361912237480283,-7.359375,0,0,0.03008556084766971,english,comment,True,majority,3-0,0,0
t1_p79csij,0,0.0002234163403045386,-8.40625,0,0,0.0185744036350895,tagalog,comment,True,majority,3-0,0,0
t1_p44hhtb,0,0.010818448849022388,-4.515625,0,0,0.10611144284005475,taglish,comment,True,unanimous,3-0,0,0
t1_p5p1pfa,0,0.0009697519708424807,-6.9375,0,0,0.03647174287267743,taglish,comment,True,majority,3-0,0,0
t1_p742s93,0,0.0002453695051372051,-8.3125,0,0,0.019398363103724895,taglish,comment,True,unanimous,3-0,0,0
t1_p76zcwj,0,0.0007321811863221228,-7.21875,0,0,0.03208373590673702,taglish,comment,True,majority,3-0,0,0
t1_p5doazr,0,0.0011695103021338582,-6.75,0,0,0.03971215349912928,tagalog,comment,True,adjudicator,2-1,0,0
t1_p5dkuhk,0,0.002889581024646759,-5.84375,0,0,0.059643002388580786,tagalog,comment,True,adjudicator,2-1,0,0
t1_p6e7cph,0,0.0002234163403045386,-8.40625,0,0,0.0185744036350895,taglish,comment,True,majority,3-0,0,0
t1_p7jfu60,1,0.013222821988165379,-4.3125,0,0,0.115553439979554,english,comment,True,adjudicator,2-1,1,1
t1_p6ywloh,0,0.0033766122069209814,-5.6875,0,0,0.06391557628445496,taglish,comment,True,majority,3-0,0,0
t1_p7ksy6a,0,0.00014425987319555134,-8.84375,0,0,0.015161860185539942,tagalog,comment,True,majority,3-0,0,0
t1_p5i9015,0,0.13892841339111328,-1.82421875,0,0,0.2971478752595105,tagalog,comment,True,adjudicator,2-1,0,0
t1_p4zzpng,1,0.00015356240328401327,-8.78125,0,0,0.015608651990047488,english,comment,True,adjudicator,2-1,1,0
t3_1vs3ad6,0,0.5812140107154846,0.3277587890625,1,0,0.5385934682146352,english,submission,True,majority,3-0,0,0
t1_p55pqwb,0,0.0012255674228072166,-6.703125,0,0,0.04056442370730197,tagalog,comment,True,majority,3-0,0,0
t1_p28b6yb,0,0.000487857119878754,-7.625,0,0,0.02663531584906979,tagalog,comment,True,unanimous,3-0,0,0
t1_p26eoyo,0,0.00130450667347759,-6.640625,0,0,0.04172806467406166,taglish,comment,True,unanimous,3-0,0,0
t1_p29egm9,0,0.0006771942717023194,-7.296875,0,0,0.03095830209077361,taglish,comment,True,majority,3-0,0,0
t1_p7je9bc,0,0.0027576221618801355,-5.890625,0,0,0.05841429089554832,tagalog,comment,True,unanimous,3-0,0,0
t1_p6eu82q,0,0.0007916296017356217,-7.140625,0,0,0.033248679094331234,tagalog,comment,True,adjudicator,2-1,0,1
t1_p56ir81,0,0.011331754736602306,-4.46875,0,0,0.10822811718400513,taglish,comment,True,unanimous,3-0,0,0
t1_p66h41p,0,0.0014550630003213882,-6.53125,0,0,0.043841637686812734,taglish,comment,True,adjudicator,2-1,0,0
t1_p317i7v,0,0.13799647986888885,-1.83203125,0,0,0.29637841604243814,taglish,comment,True,adjudicator,2-1,0,0
t1_p729gus,0,0.0003301527467556298,-8.015625,0,0,0.022250886231358458,taglish,comment,True,unanimous,3-0,0,0
t1_p729hba,0,0.9167081117630005,2.3984375,1,1,0.7561915375208114,tagalog,comment,True,adjudicator,2-1,0,0
t1_p64msd7,0,0.03384403511881828,-3.3515625,0,0,0.17055105335151385,taglish,comment,True,adjudicator,2-1,0,0
t3_1vcntzj,0,0.0003053489199373871,-8.09375,0,0,0.021462721039604792,english,submission,True,unanimous,3-0,0,0
t1_p5plp18,0,0.0005274784052744508,-7.546875,0,0,0.027608072558528336,tagalog,comment,True,adjudicator,2-1,0,0
t1_p7bwlg1,0,0.01956867426633835,-3.9140625,0,0,0.1362029813639073,english,comment,True,majority,3-0,0,0
t1_p5xqsg5,0,0.00026530236937105656,-8.234375,0,0,0.020112277992575926,tagalog,comment,True,adjudicator,2-1,0,0
t1_p451m4k,0,0.32209938764572144,-0.744140625,0,0,0.4130944582909061,tagalog,comment,True,adjudicator,2-1,0,1
t1_p55wxib,0,0.0005884088459424675,-7.4375,0,0,0.02902811696737469,taglish,comment,True,majority,3-0,0,0
t1_p45tp20,0,0.018404891714453697,-3.9765625,0,0,0.13276980633261648,english,comment,True,majority,3-0,0,0
t1_p7h5n44,0,0.006692850962281227,-5.0,0,0,0.0862989678454861,taglish,comment,True,majority,3-0,0,0
t1_p6xvali,0,0.004982269834727049,-5.296875,0,0,0.07587275411673995,english,comment,True,adjudicator,2-1,0,0
t1_p744kyx,0,0.034358687698841095,-3.3359375,0,0,0.17159674257655544,tagalog,comment,True,adjudicator,2-1,0,1
t1_p2s9wdn,1,0.000374095601728186,-7.890625,0,0,0.02357113284314096,taglish,comment,True,majority,3-0,1,1
t1_p7jlbkd,0,0.00026947917649522424,-8.21875,0,0,0.020258118902574063,english,comment,True,majority,3-0,0,0
t1_p278bc4,0,0.0010649627074599266,-6.84375,0,0,0.03805883954731496,taglish,comment,True,majority,3-0,0,0
t1_p67nnms,0,0.0003859660937450826,-7.859375,0,0,0.023912962410347786,taglish,comment,True,unanimous,3-0,0,0
t1_p5fkind,0,0.001867565792053938,-6.28125,0,0,0.0490624104816107,tagalog,comment,True,majority,3-0,0,0
t1_p7k0v3f,0,0.0014325366355478764,-6.546875,0,0,0.04353355986238644,taglish,comment,True,majority,3-0,0,0
t1_p4emiwh,0,0.0002913700882345438,-8.140625,0,0,0.021002997536154276,english,comment,True,majority,3-0,0,0
t1_p6wtl3j,0,0.0020507436711341143,-6.1875,0,0,0.05116830406735996,taglish,comment,True,majority,3-0,0,0
t1_p75lgtu,0,0.005220125894993544,-5.25,0,0,0.07743849261461837,tagalog,comment,True,adjudicator,2-1,0,1
t1_p7ava6g,0,0.0002780309587251395,-8.1875,0,0,0.020552914313413027,english,comment,True,majority,3-0,0,0
t1_p60g3d6,0,0.0013458605390042067,-6.609375,0,0,0.042321793960202296,tagalog,comment,True,adjudicator,2-1,0,0
t1_p70xfhq,0,0.005819959565997124,-5.140625,0,0,0.08120755642311293,taglish,comment,True,majority,3-0,0,0
t1_p7j5d9d,0,0.000552778597921133,-7.5,0,0,0.028208205362216604,taglish,comment,True,majority,3-0,0,0
t1_p5c7hlw,0,0.0035936026833951473,-5.625,0,0,0.06570320158418115,taglish,comment,True,majority,3-0,0,0
t1_p5v2o7o,0,0.0012644219677895308,-6.671875,0,0,0.04114230693747363,taglish,comment,True,majority,3-0,0,0
t1_p47r7m7,0,0.32380759716033936,-0.736328125,0,0,0.4139886496490209,english,comment,True,adjudicator,2-1,0,0
t1_p7j5etb,0,0.00032503585680387914,-8.03125,0,0,0.022091022597782797,tagalog,comment,True,adjudicator,2-1,0,0
t1_p7dbpy7,0,0.00017400544311385602,-8.65625,0,0,0.01654145211400056,english,comment,True,majority,3-0,0,0
t1_p5jc9z8,0,0.0025909794494509697,-5.953125,0,0,0.05681292013872671,taglish,comment,True,adjudicator,2-1,0,0
t1_p749202,0,0.8322367072105408,1.6015625,1,1,0.6804491876609954,taglish,comment,True,majority,3-0,0,0
t1_p6y55f8,0,0.0003859660937450826,-7.859375,0,0,0.023912962410347786,tagalog,comment,True,adjudicator,2-1,0,0
t1_p2v1vcf,0,0.0005357805639505386,-7.53125,0,0,0.027806725558990938,taglish,comment,True,majority,3-0,0,0
t1_p67t1zr,0,0.005060331430286169,-5.28125,0,0,0.07639141111328143,taglish,comment,True,unanimous,3-0,0,0
t1_p6ewdte,0,0.9381240010261536,2.71875,1,1,0.7829734589582344,tagalog,comment,True,adjudicator,3-0,0,1
t1_p4y61wk,0,0.13386748731136322,-1.8671875,0,0,0.29293017380999437,taglish,comment,True,majority,3-0,0,0
t1_p6z1vjk,0,0.3674972355365753,-0.54296875,0,0,0.43628647004796206,taglish,comment,True,majority,3-0,0,0
t1_p5g3k4b,0,0.04240382835268974,-3.1171875,0,0,0.18677295490462237,tagalog,comment,True,adjudicator,2-1,0,0
t1_p4y9kys,0,0.9270997643470764,2.54296875,1,1,0.7685463863912181,tagalog,comment,True,adjudicator,2-1,0,0
t1_p4ikob1,0,0.6632328629493713,0.677734375,1,0,0.5792872163485735,english,comment,True,unanimous,3-0,0,0
t1_p5jtn8m,0,0.0007672924548387527,-7.171875,0,0,0.03277787931535875,taglish,comment,True,majority,3-0,0,0
t1_p75flec,0,0.010013570077717304,-4.59375,0,0,0.10266469479998298,taglish,comment,True,majority,3-0,0,0
t1_p6xuio3,0,0.0033766122069209814,-5.6875,0,0,0.06391557628445496,taglish,comment,True,adjudicator,2-1,0,0
t1_p7looh8,0,0.0025909794494509697,-5.953125,0,0,0.05681292013872671,english,comment,True,adjudicator,2-1,0,0
t1_p3jn6ru,0,0.0006361912237480283,-7.359375,0,0,0.03008556084766971,taglish,comment,True,unanimous,3-0,0,0
t1_p7dla4s,0,0.0002780309587251395,-8.1875,0,0,0.020552914313413027,english,comment,True,majority,3-0,0,0
t1_p44riio,1,0.002217013156041503,-6.109375,0,0,0.05298826231087992,taglish,comment,True,unanimous,3-0,1,1
t1_p7j1qwz,0,0.0002824080584105104,-8.171875,0,0,0.020701882921589226,english,comment,True,majority,3-0,0,0
t1_p7kaujt,0,0.00023782203788869083,-8.34375,0,0,0.019119804431367213,english,comment,True,majority,3-0,0,0
t1_p44yj8h,0,0.9775429368019104,3.7734375,1,1,0.8557987516473796,english,comment,True,adjudicator,2-1,0,1
t1_p6fiqqf,0,0.009125636890530586,-4.6875,0,0,0.09865978024256114,taglish,comment,True,adjudicator,3-0,0,0
t1_p6gxn16,0,0.0003569706459529698,-7.9375,0,0,0.023067312544196868,taglish,comment,True,adjudicator,2-1,0,0
t1_p6gskyn,0,0.00034599160426296294,-7.96875,0,0,0.022737289731656573,taglish,comment,True,unanimous,3-0,0,0
t1_p73aahf,0,0.0006462032324634492,-7.34375,0,0,0.030301485023929844,taglish,comment,True,adjudicator,2-1,0,1
t1_p73as4b,0,0.00016865275392774493,-8.6875,0,0,0.01630323634424839,taglish,comment,True,unanimous,3-0,0,0
t1_p7m3vl4,0,0.0007437028689309955,-7.203125,0,0,0.03231352321286328,tagalog,comment,True,majority,3-0,0,0
t1_p5i7ibd,0,0.0013458605390042067,-6.609375,0,0,0.042321793960202296,taglish,comment,True,unanimous,3-0,0,0
t1_p6wbvr7,0,0.0009399438858963549,-6.96875,0,0,0.03595700211729108,taglish,comment,True,majority,3-0,0,0
t1_p70e75c,0,0.000398213102016598,-7.828125,0,0,0.02425962604084669,taglish,comment,True,adjudicator,2-1,0,0
t1_p5jme0e,0,0.0016484829830005765,-6.40625,0,0,0.04638219068915031,taglish,comment,True,majority,3-0,0,0
t1_p5ju6ap,0,0.00955939944833517,-4.640625,0,0,0.10064454740778536,tagalog,comment,True,majority,3-0,0,0
t1_p6022up,0,0.0008559005800634623,-7.0625,0,0,0.034454415065816514,english,comment,True,majority,3-0,0,0
t1_p7j8i3v,0,0.0010162440594285727,-6.890625,0,0,0.037257168128185254,tagalog,comment,True,majority,3-0,0,0
t1_p7e6b40,0,0.0007321811863221228,-7.21875,0,0,0.03208373590673702,taglish,comment,True,majority,3-0,0,0
t1_p44tx41,0,0.0007793660624884069,-7.15625,0,0,0.033012468591462826,taglish,comment,True,majority,3-0,0,0
t1_p5xqz18,0,0.0064882696606218815,-5.03125,0,0,0.08514313671969245,taglish,comment,True,unanimous,3-0,0,0
t1_p5ylzau,1,0.020177319645881653,-3.8828125,0,0,0.1379474412350029,taglish,comment,True,majority,3-0,1,1
t1_p5cq11b,0,0.022977370768785477,-3.75,0,0,0.14557163846888851,taglish,comment,True,majority,3-0,0,0
t1_p5zzsy0,0,0.0009850084315985441,-6.921875,0,0,0.03673176492726088,english,comment,True,unanimous,3-0,0,0
t1_p7jdxj8,0,0.0005112578510306776,-7.578125,0,0,0.02721489507981704,english,comment,True,majority,3-0,0,0
t1_p600vbg,0,0.007695646956562996,-4.859375,0,0,0.09167774056065224,taglish,comment,True,unanimous,3-0,0,0
t1_p3ij7kt,0,0.0005614788387902081,-7.484375,0,0,0.028411050430105833,taglish,comment,True,majority,3-0,0,0
t1_p3ezmwy,0,0.0008167380001395941,-7.109375,0,0,0.03372600533725108,tagalog,comment,True,majority,3-0,0,0
t1_p4wvtn5,0,0.002115703420713544,-6.15625,0,0,0.05188908086080411,taglish,comment,True,unanimous,3-0,0,0
t1_p7msa2l,0,0.001048469333909452,-6.859375,0,0,0.03778979175310173,taglish,comment,True,unanimous,3-0,0,0
t1_p4z5dct,0,0.21800270676612854,-1.27734375,0,0,0.35369742121217734,english,comment,True,adjudicator,2-1,0,0
t1_p2u2fb8,0,0.00026119034737348557,-8.25,0,0,0.019967465612926186,english,comment,True,majority,3-0,0,0
t1_p2u99bb,0,0.004264634568244219,-5.453125,0,0,0.07086138407887609,taglish,comment,True,unanimous,3-0,0,0
t1_p4y64c3,0,0.001867565792053938,-6.28125,0,0,0.0490624104816107,taglish,comment,True,adjudicator,2-1,0,0
t1_p4uy3vu,0,0.0002453695051372051,-8.3125,0,0,0.019398363103724895,tagalog,comment,True,majority,3-0,0,0
t1_p4zyvy3,0,0.00019716942915692925,-8.53125,0,0,0.017529005330043073,taglish,comment,True,majority,3-0,0,0
t1_p4uogt9,0,0.00019110430730506778,-8.5625,0,0,0.017276817509829366,tagalog,comment,True,majority,3-0,0,0
t1_p30baxk,0,0.00130450667347759,-6.640625,0,0,0.04172806467406166,english,comment,True,majority,3-0,0,0
t1_p2vax93,0,0.9353464841842651,2.671875,1,1,0.779190821424436,taglish,comment,True,adjudicator,2-1,0,0
t1_p6xwjvq,0,0.0010005043586716056,-6.90625,0,0,0.03699356961131133,taglish,comment,True,majority,3-0,0,0
t1_p4udoc5,0,0.0009399438858963549,-6.96875,0,0,0.03595700211729108,taglish,comment,True,majority,3-0,0,0
t1_p2rvvzl,0,0.0006166296661831439,-7.390625,0,0,0.029658176614771912,english,comment,True,majority,3-0,0,0
t1_p6wfih1,0,0.0008426423300988972,-7.078125,0,0,0.03420994170354485,taglish,comment,True,unanimous,3-0,0,0
t1_p4y96pd,0,0.001597845577634871,-6.4375,0,0,0.045734218686383936,english,comment,True,majority,3-0,0,0
t1_p7ipcih,0,0.0015011822106316686,-6.5,0,0,0.044464044626788456,english,comment,True,adjudicator,2-1,0,1
t1_p5533wx,1,0.03210070729255676,-3.40625,0,0,0.1669309971768829,english,comment,True,majority,3-0,1,1
t1_p5cvv94,0,0.0005442132824100554,-7.515625,0,0,0.02800676679122609,english,comment,True,unanimous,3-0,0,0
t1_p7di6tl,0,0.00016346470511052758,-8.71875,0,0,0.016068395102116665,english,comment,True,majority,3-0,0,0
t1_p44iql0,0,0.0029349515680223703,-5.828125,0,0,0.06005792491826349,tagalog,comment,True,adjudicator,2-1,0,0
t1_p50pdpg,1,0.006388320587575436,-5.046875,0,0,0.08457050093699602,taglish,comment,True,adjudicator,2-1,1,1
t1_p5t2yml,0,0.0004173157794866711,-7.78125,0,0,0.024788827241751656,english,comment,True,majority,3-0,0,0
t1_p7dqnn4,0,0.0003514382697176188,-7.953125,0,0,0.022901720608758704,taglish,comment,True,majority,3-0,0,0
t1_p56ot21,0,0.0008040859247557819,-7.125,0,0,0.03348652119956184,taglish,comment,True,unanimous,3-0,0,0
t1_p30flmm,0,0.0008167380001395941,-7.109375,0,0,0.03372600533725108,taglish,comment,True,unanimous,3-0,0,0
t1_p5n85jx,0,0.00030061634606681764,-8.109375,0,0,0.02130839664680392,english,comment,True,majority,3-0,0,0
t1_p7613ws,0,0.0004108485300093889,-7.796875,0,0,0.024611188501749405,taglish,comment,True,unanimous,3-0,0,0
t1_p73s2mn,0,0.0003150386910419911,-8.0625,0,0,0.02177465618964468,english,comment,True,majority,3-0,0,0
t1_p4mx6j5,0,0.019870713353157043,-3.8984375,0,0,0.13707287702109844,taglish,comment,True,unanimous,3-0,0,0
t1_p3oioed,0,0.0012255674228072166,-6.703125,0,0,0.04056442370730197,taglish,comment,True,unanimous,3-0,0,0
t1_p3ns2dr,0,0.0003406293399166316,-7.984375,0,0,0.02257401216801346,english,comment,True,majority,3-0,0,0
t1_p622au2,0,0.00482972152531147,-5.328125,0,0,0.07484512612984275,tagalog,comment,True,adjudicator,2-1,0,0
t1_p7ltry6,0,0.0003569706459529698,-7.9375,0,0,0.023067312544196868,taglish,comment,True,majority,3-0,0,0
t1_p44fag9,0,0.0005976693355478346,-7.421875,0,0,0.0292366806331,taglish,comment,True,adjudicator,2-1,0,1
t1_p46bkxf,0,0.001098731067031622,-6.8125,0,0,0.03860246423474041,taglish,comment,True,unanimous,3-0,0,0
t1_p50nlvb,1,0.83601975440979,1.62890625,1,1,0.6832485668609338,taglish,comment,True,adjudicator,2-1,1,1
t1_p3n3eqd,0,0.0019267346942797303,-6.25,0,0,0.04975507838392716,english,comment,True,majority,3-0,0,0
t1_p7475ev,0,0.0014550630003213882,-6.53125,0,0,0.043841637686812734,english,comment,True,adjudicator,2-1,0,0
t1_p4mlqt4,0,0.9921841025352478,4.84375,1,1,0.9077063516383823,tagalog,comment,True,adjudicator,2-1,0,1
t1_p74ujst,0,0.00407013762742281,-5.5,0,0,0.0694186225517175,taglish,comment,True,unanimous,3-0,0,0
t1_p6dmdko,0,0.000503335555549711,-7.59375,0,0,0.0270203526419373,taglish,comment,True,majority,3-0,0,0
t1_p57f2zg,0,0.00047285438631661236,-7.65625,0,0,0.02625561772642195,taglish,comment,True,adjudicator,2-1,0,1
t1_p605v1o,0,0.00016865275392774493,-8.6875,0,0,0.01630323634424839,taglish,comment,True,unanimous,3-0,0,0
t1_p7jb3vx,0,0.07055959850549698,-2.578125,0,0,0.22851542206760508,tagalog,comment,True,adjudicator,2-1,0,0
t1_p7looyf,0,0.0010162440594285727,-6.890625,0,0,0.037257168128185254,english,comment,True,majority,3-0,0,0
t1_p2u351c,0,0.0037072529084980488,-5.59375,0,0,0.06661434822246261,english,comment,True,adjudicator,2-1,0,0
t1_p2vn936,0,0.00019110430730506778,-8.5625,0,0,0.017276817509829366,english,comment,True,majority,3-0,0,0
t1_p2v45nz,0,0.0005976693355478346,-7.421875,0,0,0.0292366806331,tagalog,comment,True,unanimous,3-0,0,0
t1_p4zt9gn,0,0.034618839621543884,-3.328125,0,0,0.17212149048957792,tagalog,comment,True,adjudicator,2-1,0,0
t1_p508gjr,0,0.000954731716774404,-6.953125,0,0,0.03621349229997963,tagalog,comment,True,unanimous,3-0,0,0
t1_p50gb5c,0,0.3702253997325897,-0.53125,0,0,0.4376471237755276,taglish,comment,True,adjudicator,2-1,0,1
t1_p79myra,0,0.0008167380001395941,-7.109375,0,0,0.03372600533725108,english,comment,True,majority,3-0,0,0
t1_p79mlp0,0,0.0006070756353437901,-7.40625,0,0,0.029446697359423027,english,comment,True,majority,3-0,0,0
t1_p5dswxn,1,0.002217013156041503,-6.109375,0,0,0.05298826231087992,tagalog,comment,True,adjudicator,2-1,1,1
t1_p50y7o5,0,0.1233656257390976,-1.9609375,0,0,0.28385090359653226,english,comment,True,majority,3-0,0,0
t1_p7jt53l,0,0.0005792916635982692,-7.453125,0,0,0.028820996945920274,taglish,comment,True,unanimous,3-0,0,0
t1_p7mep86,0,0.0009399438858963549,-6.96875,0,0,0.03595700211729108,taglish,comment,True,unanimous,3-0,0,0
t1_p6y63jo,0,0.0025909794494509697,-5.953125,0,0,0.05681292013872671,taglish,comment,True,adjudicator,2-1,0,0
t1_p6yfy8o,0,0.002082970691844821,-6.171875,0,0,0.05152750064908467,tagalog,comment,True,adjudicator,2-1,0,0
t1_p4yzufs,0,0.00032503585680387914,-8.03125,0,0,0.022091022597782797,taglish,comment,True,majority,3-0,0,0
t1_p7k0m6n,0,0.9507778882980347,2.9609375,1,1,0.8017672365628895,english,comment,True,majority,3-0,0,0
t1_p44m9qn,0,0.9664104580879211,3.359375,1,1,0.8299698900807481,taglish,comment,True,adjudicator,3-0,0,0
t1_p50mgb4,0,0.018264278769493103,-3.984375,0,0,0.13234585130160462,taglish,comment,True,adjudicator,2-1,0,0
t1_p4817ch,0,0.0038844766095280647,-5.546875,0,0,0.06800308618657898,taglish,comment,True,unanimous,3-0,0,0
t1_p7jf6ix,0,0.001674399245530367,-6.390625,0,0,0.04670944319223177,taglish,comment,True,unanimous,3-0,0,0
t1_p3kxckg,0,0.00020342698553577065,-8.5,0,0,0.017784807688689,taglish,comment,True,majority,3-0,0,0
t1_p5bs9rg,0,0.3426814675331116,-0.6513671875,0,0,0.4237484268118004,english,comment,True,adjudicator,2-1,0,0
t1_p56sp0k,0,0.8661325573921204,1.8671875,1,1,0.7070698261900056,tagalog,comment,True,adjudicator,2-1,0,1
t1_p7hfvll,0,0.000368297885870561,-7.90625,0,0,0.02340201080068125,tagalog,comment,True,adjudicator,2-1,0,0
t1_p7mqrax,0,0.00030061634606681764,-8.109375,0,0,0.02130839664680392,taglish,comment,True,adjudicator,2-1,0,0
t1_p4mrmw6,0,0.0003101559996139258,-8.078125,0,0,0.021618138426447542,tagalog,comment,True,majority,3-0,0,0
t1_p5efcdb,0,0.0005884088459424675,-7.4375,0,0,0.02902811696737469,taglish,comment,True,majority,3-0,0,0
t1_p5182no,0,0.010013570077717304,-4.59375,0,0,0.10266469479998298,tagalog,comment,True,adjudicator,3-0,0,0
t1_p46rtff,0,0.00018522572645451874,-8.59375,0,0,0.017028195003355763,tagalog,comment,True,adjudicator,2-1,0,0
t1_p63ca40,0,0.00019110430730506778,-8.5625,0,0,0.017276817509829366,taglish,comment,True,majority,3-0,0,0
t1_p669cwo,0,0.00033535013790242374,-8.0,0,0,0.022411880218942897,english,comment,True,majority,3-0,0,0
t1_p2u8rm1,0,0.00021654405281879008,-8.4375,0,0,0.018307456044784155,taglish,comment,True,unanimous,3-0,0,0
t1_p7btkc4,0,0.00023782203788869083,-8.34375,0,0,0.019119804431367213,taglish,comment,True,unanimous,3-0,0,0
t1_p5yr8he,0,0.000374095601728186,-7.890625,0,0,0.02357113284314096,english,comment,True,majority,3-0,0,0
t1_p3uzduu,0,0.00028685410507023335,-8.15625,0,0,0.02085190827517527,tagalog,comment,True,majority,3-0,0,0
t1_p51dkks,0,0.002889581024646759,-5.84375,0,0,0.059643002388580786,taglish,comment,True,majority,3-0,0,0
t1_p578er9,0,0.001081715221516788,-6.828125,0,0,0.03832972654680813,tagalog,comment,True,adjudicator,3-0,0,0
t1_p3t6iwq,0,0.00049553596181795,-7.609375,0,0,0.026827162516236146,tagalog,comment,True,majority,3-0,0,0
t1_p6mn8bp,0,0.0009253848693333566,-6.984375,0,0,0.03570226128836664,taglish,comment,True,majority,3-0,0,0
t1_p4b84s6,0,0.000437334441812709,-7.734375,0,0,0.02532927280326391,taglish,comment,True,adjudicator,2-1,0,0
t1_p7llnvx,0,0.00018522572645451874,-8.59375,0,0,0.017028195003355763,taglish,comment,True,unanimous,3-0,0,0
t1_p3lmamh,0,0.0020507436711341143,-6.1875,0,0,0.05116830406735996,taglish,comment,True,majority,3-0,0,0
t1_p3kyf9j,0,0.0005193048855289817,-7.5625,0,0,0.02741079873385374,taglish,comment,True,unanimous,3-0,0,0
t1_p3kvhod,0,0.0002453695051372051,-8.3125,0,0,0.019398363103724895,taglish,comment,True,unanimous,3-0,0,0
t1_p5bok5x,0,0.0005357805639505386,-7.53125,0,0,0.027806725558990938,english,comment,True,unanimous,3-0,0,0
t1_p7386g4,0,0.00026119034737348557,-8.25,0,0,0.019967465612926186,taglish,comment,True,majority,3-0,0,0
t1_p2rr3bl,1,0.003429603995755315,-5.671875,0,0,0.06435818785152768,taglish,comment,True,majority,3-0,1,1
t1_p7kmj02,0,0.030214587226510048,-3.46875,0,0,0.16286932201920865,tagalog,comment,True,adjudicator,2-1,0,1
t1_p4muhyr,0,0.0012843081494793296,-6.65625,0,0,0.04143419544840811,taglish,comment,True,adjudicator,2-1,0,0
t1_p4u3d0c,0,0.0003569706459529698,-7.9375,0,0,0.023067312544196868,english,comment,True,majority,3-0,0,0
t1_p4rh8k8,0,0.00020988310279790312,-8.46875,0,0,0.018044274434158715,tagalog,comment,True,majority,3-0,0,0
t1_p6xo7to,1,0.0009110511746257544,-7.0,0,0,0.03544925883251523,tagalog,comment,True,adjudicator,2-1,1,1
t1_p4npzck,0,0.00013552079326473176,-8.90625,0,0,0.014727666286364498,english,comment,True,unanimous,3-0,0,0
t1_p5ncqon,1,0.0005792916635982692,-7.453125,0,0,0.028820996945920274,english,comment,True,adjudicator,2-1,1,0
t1_p519y4r,0,0.0003150386910419911,-8.0625,0,0,0.02177465618964468,taglish,comment,True,majority,3-0,0,0
t1_p79eky1,0,0.001597845577634871,-6.4375,0,0,0.045734218686383936,tagalog,comment,True,adjudicator,3-0,0,0
t1_p7lqyox,0,0.0015011822106316686,-6.5,0,0,0.044464044626788456,tagalog,comment,True,adjudicator,2-1,0,0
t1_p5hcscq,0,0.2553436756134033,-1.0703125,0,0,0.37633815057518194,taglish,comment,True,unanimous,3-0,0,0
t1_p77l8nx,0,0.0013885231455788016,-6.578125,0,0,0.042923592740846686,tagalog,comment,True,adjudicator,2-1,0,0
t1_p30k0q5,0,0.0006878511630930007,-7.28125,0,0,0.03118028857300946,english,comment,True,majority,3-0,0,0
t1_p444y02,0,0.9916195869445801,4.7734375,1,1,0.9048885581468405,taglish,comment,True,adjudicator,2-1,0,0
t1_p6t36e9,0,0.0020507436711341143,-6.1875,0,0,0.05116830406735996,taglish,comment,True,majority,3-0,0,0
t1_p5c35qw,0,0.0960254892706871,-2.2421875,0,0,0.25765902071959135,taglish,comment,True,adjudicator,2-1,0,1
t1_p5bqaya,1,0.0032224843744188547,-5.734375,0,0,0.06260470502088075,english,comment,True,adjudicator,2-1,1,1
t1_p6edahj,0,0.056236349046230316,-2.8203125,0,0,0.2089923052586785,taglish,comment,True,majority,3-0,0,0
t1_p6ciapk,0,0.0005792916635982692,-7.453125,0,0,0.028820996945920274,taglish,comment,True,majority,3-0,0,0
t1_p747u3c,0,0.00047285438631661236,-7.65625,0,0,0.02625561772642195,tagalog,comment,True,majority,3-0,0,0
t1_p4uc4i7,0,0.0018102111062034965,-6.3125,0,0,0.04837889464610664,english,comment,True,majority,3-0,0,0
t1_p6xnr7c,0,0.00018522572645451874,-8.59375,0,0,0.017028195003355763,english,comment,True,majority,3-0,0,0
t1_p5jk389,0,0.006903837900608778,-4.96875,0,0,0.08746898938725452,tagalog,comment,True,adjudicator,2-1,0,0
t1_p5extns,0,0.00025714197545312345,-8.265625,0,0,0.019823674817100425,taglish,comment,True,majority,3-0,0,0
t1_p3l8d0g,0,0.0006263342220336199,-7.375,0,0,0.029871127919826993,taglish,comment,True,majority,3-0,0,0
t1_p3sn7aa,0,0.0002780309587251395,-8.1875,0,0,0.020552914313413027,taglish,comment,True,unanimous,3-0,0,0
t3_1vcj2r5,0,0.0003859660937450826,-7.859375,0,0,0.023912962410347786,taglish,submission,True,majority,3-0,0,0
t1_p7lo1ij,0,0.002251847181469202,-6.09375,0,0,0.053359516343720007,taglish,comment,True,adjudicator,2-1,0,0
t1_p5j0vvs,0,0.9249592423439026,2.51171875,1,1,0.7659125803291011,tagalog,comment,True,majority,3-0,0,0
t1_p4d6qmr,0,0.0003514382697176188,-7.953125,0,0,0.022901720608758704,english,comment,True,majority,3-0,0,0
t1_p6xe81w,0,0.0005703156930394471,-7.46875,0,0,0.028615311204358576,english,comment,True,majority,3-0,0,0
t1_p4u52zt,0,0.0003625900426413864,-7.921875,0,0,0.023234073329028593,english,comment,True,majority,3-0,0,0
t1_p5i56tk,0,0.08882029354572296,-2.328125,0,0,0.24997817499054037,tagalog,comment,True,adjudicator,2-1,0,0
t1_p6fiq1i,0,0.0003625900426413864,-7.921875,0,0,0.023234073329028593,tagalog,comment,True,adjudicator,2-1,0,1
t3_1vlc4v4,0,0.001048469333909452,-6.859375,0,0,0.03778979175310173,taglish,submission,True,majority,3-0,0,0
t1_p6079jq,1,0.0005112578510306776,-7.578125,0,0,0.02721489507981704,english,comment,True,adjudicator,2-1,1,0
t1_p60qogu,0,0.00049553596181795,-7.609375,0,0,0.026827162516236146,tagalog,comment,True,adjudicator,2-1,0,0
t1_p6ev3a3,0,0.001048469333909452,-6.859375,0,0,0.03778979175310173,english,comment,True,adjudicator,2-1,0,0
t1_p60grm8,0,0.00013982209202367812,-8.875,0,0,0.014943210231750199,taglish,comment,True,majority,3-0,0,0
t1_p62jeep,0,0.017309095710515976,-4.0390625,0,0,0.12941020429818187,english,comment,True,majority,3-0,0,0
t1_p7bsazt,0,0.012241275049746037,-4.390625,0,0,0.11183836614088327,english,comment,True,adjudicator,2-1,0,0
t1_p3zl63r,0,0.00013982209202367812,-8.875,0,0,0.014943210231750199,taglish,comment,True,majority,3-0,0,0
t1_p44aahk,0,0.00130450667347759,-6.640625,0,0,0.04172806467406166,taglish,comment,True,unanimous,3-0,0,0
t1_p44fh9u,0,0.7352616786956787,1.021484375,1,1,0.618238073728861,tagalog,comment,True,adjudicator,2-1,0,1
t1_p7mi4ex,0,0.00042388474685139954,-7.765625,0,0,0.0249677153230036,english,comment,True,majority,3-0,0,0
t1_p3n7o0t,0,0.00023050670279189944,-8.375,0,0,0.018845168962051597,taglish,comment,True,majority,3-0,0,0
t1_p53eew6,0,0.0002824080584105104,-8.171875,0,0,0.020701882921589226,tagalog,comment,True,majority,3-0,0,0
t1_p5rhxoq,0,0.00016346470511052758,-8.71875,0,0,0.016068395102116665,taglish,comment,True,majority,3-0,0,0
t1_p6t62v0,0,0.06097517907619476,-2.734375,0,0,0.21577611835119334,taglish,comment,True,adjudicator,2-1,0,0
t1_p7km27j,0,0.004399413242936134,-5.421875,0,0,0.07183856229291878,taglish,comment,True,unanimous,3-0,0,0
t1_p2sare7,0,0.0006070756353437901,-7.40625,0,0,0.029446697359423027,tagalog,comment,True,adjudicator,2-1,0,0
t1_p5bk3bw,1,0.9835969805717468,4.09375,1,1,0.8734698213526666,english,comment,True,adjudicator,2-1,1,1
t1_p5ajxuq,0,0.9907320141792297,4.671875,1,1,0.9006825341865362,english,comment,True,majority,3-0,0,0
t1_p684xfn,0,0.00857748556882143,-4.75,0,0,0.09606768474501752,taglish,comment,True,unanimous,3-0,0,0
t1_p7n634m,0,0.0012843081494793296,-6.65625,0,0,0.04143419544840811,taglish,comment,True,unanimous,3-0,0,0
t1_p7d9dcx,0,0.0006771942717023194,-7.296875,0,0,0.03095830209077361,taglish,comment,True,unanimous,3-0,0,0
t1_p4ye23l,0,0.22371609508991241,-1.244140625,0,0,0.35728762237738054,taglish,comment,True,unanimous,3-0,0,0
t1_p6zp5lc,0,0.00019110430730506778,-8.5625,0,0,0.017276817509829366,tagalog,comment,True,majority,3-0,0,0
t1_p50da6v,0,0.00047285438631661236,-7.65625,0,0,0.02625561772642195,english,comment,True,majority,3-0,0,0
t1_p73xb5h,0,0.0005193048855289817,-7.5625,0,0,0.02741079873385374,english,comment,True,majority,3-0,0,0
t1_p4beia0,0,0.0017546144081279635,-6.34375,0,0,0.04770442355171993,taglish,comment,True,adjudicator,3-0,0,0
t1_p75abfd,0,0.00020342698553577065,-8.5,0,0,0.017784807688689,english,comment,True,majority,3-0,0,0
t1_p4nncu5,0,0.0004512105952017009,-7.703125,0,0,0.025695928015708334,tagalog,comment,True,adjudicator,2-1,0,0
t3_1vcmaxo,0,0.0008693673880770802,-7.046875,0,0,0.0347005727280882,taglish,submission,True,majority,3-0,0,0
t1_p7jdvqk,0,0.002251847181469202,-6.09375,0,0,0.053359516343720007,tagalog,comment,True,adjudicator,2-1,0,1
t1_p5v4ay2,0,0.007695646956562996,-4.859375,0,0,0.09167774056065224,tagalog,comment,True,adjudicator,2-1,0,1
t1_p73dqfd,0,0.5879431366920471,0.35546875,1,0,0.5418416444587738,taglish,comment,True,unanimous,3-0,0,0
t1_p7ex3x9,0,0.0018969200318679214,-6.265625,0,0,0.049407593682287,taglish,comment,True,majority,3-0,0,0
t1_p3nxcm6,0,0.00017952795315068215,-8.625,0,0,0.016783089203401026,taglish,comment,True,majority,3-0,0,0
t1_p50frda,0,0.9777138829231262,3.78125,1,1,0.8562531586658215,taglish,comment,True,unanimous,3-0,0,0
t1_p4hrk26,0,0.00018522572645451874,-8.59375,0,0,0.017028195003355763,taglish,comment,True,unanimous,3-0,0,0
t1_p6xmo6h,1,0.0003859660937450826,-7.859375,0,0,0.023912962410347786,taglish,comment,True,adjudicator,2-1,1,0
t1_p4soapy,0,0.00023050670279189944,-8.375,0,0,0.018845168962051597,taglish,comment,True,majority,3-0,0,0
t1_p6xq79h,1,0.9929881691932678,4.953125,1,1,0.9119406367712001,taglish,comment,True,adjudicator,2-1,1,0
t1_p6xtaaw,1,0.818156361579895,1.50390625,1,1,0.6703457484333046,tagalog,comment,True,adjudicator,2-1,1,0
t1_p4xlkvo,0,0.00023782203788869083,-8.34375,0,0,0.019119804431367213,taglish,comment,True,majority,3-0,0,0
t1_p1s48r8,0,0.00043055706191807985,-7.75,0,0,0.02514786105690503,taglish,comment,True,unanimous,3-0,0,0
t1_p7khmj1,0,0.0007793660624884069,-7.15625,0,0,0.033012468591462826,english,comment,True,majority,3-0,0,0
t1_p6aaa25,0,0.00030061634606681764,-8.109375,0,0,0.02130839664680392,taglish,comment,True,majority,3-0,0,0
t1_p4y4qs6,0,0.00020342698553577065,-8.5,0,0,0.017784807688689,english,comment,True,majority,3-0,0,0
t1_p751fu7,1,0.0792103260755539,-2.453125,0,0,0.23908166765248035,taglish,comment,True,unanimous,3-0,1,1
t1_p4zbeal,0,0.00015843621804378927,-8.75,0,0,0.015836882188294453,taglish,comment,True,unanimous,3-0,0,0
t1_p5iaaih,0,0.0015011822106316686,-6.5,0,0,0.044464044626788456,taglish,comment,True,majority,3-0,0,0
t1_p6xs6ll,0,0.00013552079326473176,-8.90625,0,0,0.014727666286364498,taglish,comment,True,unanimous,3-0,0,0
t1_p4tnpic,0,0.00023782203788869083,-8.34375,0,0,0.019119804431367213,taglish,comment,True,unanimous,3-0,0,0
t1_p5ie0dn,0,0.0015011822106316686,-6.5,0,0,0.044464044626788456,tagalog,comment,True,adjudicator,2-1,0,0
t1_p4iruyk,1,0.0035936026833951473,-5.625,0,0,0.06570320158418115,english,comment,True,adjudicator,2-1,1,1
t1_p5rqdae,0,0.0006166296661831439,-7.390625,0,0,0.029658176614771912,taglish,comment,True,majority,3-0,0,0
t1_p5s97zj,0,0.0005442132824100554,-7.515625,0,0,0.02800676679122609,taglish,comment,True,unanimous,3-0,0,0
t1_p458t1g,0,0.00034599160426296294,-7.96875,0,0,0.022737289731656573,taglish,comment,True,unanimous,3-0,0,0
t1_p70c3as,0,0.9566342234611511,3.09375,1,1,0.8115411750619284,taglish,comment,True,unanimous,3-0,0,0
t1_p736jxe,0,0.00019716942915692925,-8.53125,0,0,0.017529005330043073,tagalog,comment,True,adjudicator,2-1,0,1
t1_p51cnw4,0,0.00023050670279189944,-8.375,0,0,0.018845168962051597,english,comment,True,majority,3-0,0,0
t1_p6x8bib,0,0.0013885231455788016,-6.578125,0,0,0.042923592740846686,taglish,comment,True,unanimous,3-0,0,0
t1_p55y75u,0,0.011331754736602306,-4.46875,0,0,0.10822811718400513,taglish,comment,True,unanimous,3-0,0,0
t1_p7j6y0t,0,0.000368297885870561,-7.90625,0,0,0.02340201080068125,english,comment,True,majority,3-0,0,0
t1_p7n7f29,1,0.1204388216137886,-1.98828125,0,0,0.2812350088063439,tagalog,comment,True,adjudicator,2-1,1,1
t3_1vp4x7l,0,0.0002234163403045386,-8.40625,0,0,0.0185744036350895,english,submission,True,unanimous,3-0,0,0
t1_p6irmzx,0,0.00014425987319555134,-8.84375,0,0,0.015161860185539942,taglish,comment,True,unanimous,3-0,0,0
t1_p6m1tpq,0,0.00031999824568629265,-8.046875,0,0,0.021932281756156215,taglish,comment,True,unanimous,3-0,0,0
t1_p4jws32,0,0.00015843621804378927,-8.75,0,0,0.015836882188294453,taglish,comment,True,majority,3-0,0,0
t1_p50cu7q,0,0.9481545686721802,2.90625,1,1,0.797633266227985,tagalog,comment,True,adjudicator,2-1,0,1
t1_p50m0eu,1,0.9939963817596436,5.109375,1,1,0.9176852315122531,taglish,comment,True,unanimous,3-0,1,1
t1_p5hdsmw,0,0.00013982209202367812,-8.875,0,0,0.014943210231750199,taglish,comment,True,majority,3-0,0,0
t1_p4utq42,0,0.046378206461668015,-3.0234375,0,0,0.19358645334129873,taglish,comment,True,adjudicator,2-1,0,1
t1_p5dm2f0,1,0.06278920918703079,-2.703125,0,0,0.21828219301284102,english,comment,True,adjudicator,2-1,1,1
t1_p5r89rb,0,0.002217013156041503,-6.109375,0,0,0.05298826231087992,taglish,comment,True,majority,3-0,0,0
t1_p5s60ix,0,0.00014425987319555134,-8.84375,0,0,0.015161860185539942,english,comment,True,majority,3-0,0,0
t1_p5ryxkq,0,0.000487857119878754,-7.625,0,0,0.02663531584906979,english,comment,True,majority,3-0,0,0
t1_p57hxrj,0,0.002115703420713544,-6.15625,0,0,0.05188908086080411,taglish,comment,True,majority,3-0,0,0
t1_p5gdrva,0,0.7793218493461609,1.26171875,1,1,0.6446150981603457,english,comment,True,adjudicator,2-1,0,0
t1_p57ecq6,0,0.0007096704212017357,-7.25,0,0,0.03162889199079514,taglish,comment,True,unanimous,3-0,0,0
t1_p44vank,0,0.0023596608079969883,-6.046875,0,0,0.054488056337555275,taglish,comment,True,adjudicator,2-1,0,0
t1_p4nabj2,1,0.2759094536304474,-0.96484375,0,0,0.38809055229806527,taglish,comment,True,majority,3-0,1,1
t1_p7k4hik,0,0.03185885399580002,-3.4140625,0,0,0.1664188925795982,taglish,comment,True,adjudicator,2-1,0,0
t1_p7lj52x,0,0.00044421834172680974,-7.71875,0,0,0.025511958970476818,english,comment,True,adjudicator,2-1,0,0
t1_p7m1wrz,1,0.0015011822106316686,-6.5,0,0,0.044464044626788456,taglish,comment,True,adjudicator,3-0,1,1
t1_p5bmzdx,0,0.0030278346966952085,-5.796875,0,0,0.06089588762183393,english,comment,True,unanimous,3-0,0,0
t1_p3ks522,0,0.0002453695051372051,-8.3125,0,0,0.019398363103724895,english,comment,True,majority,3-0,0,0
t1_p5zi0ly,0,0.1352320909500122,-1.85546875,0,0,0.29407697571661007,taglish,comment,True,adjudicator,2-1,0,1
t1_p6jmjmi,0,0.0009110511746257544,-7.0,0,0,0.03544925883251523,taglish,comment,True,unanimous,3-0,0,0
t1_p7dzoas,0,0.14854057133197784,-1.74609375,0,0,0.3049053719750353,taglish,comment,True,majority,3-0,0,0
t1_p5css8b,0,0.0032224843744188547,-5.734375,0,0,0.06260470502088075,taglish,comment,True,majority,3-0,0,0
t1_p5094ny,0,0.00172745855525136,-6.359375,0,0,0.04737054648377908,english,comment,True,majority,3-0,0,0
t1_p4jl4bt,0,0.0018969200318679214,-6.265625,0,0,0.049407593682287,taglish,comment,True,majority,3-0,0,0
t1_p4wrft0,0,0.9976032376289368,6.03125,1,1,0.9451307903862063,taglish,comment,True,adjudicator,3-0,0,0
t1_p7kisij,0,0.0009850084315985441,-6.921875,0,0,0.03673176492726088,english,comment,True,unanimous,3-0,0,0
t1_p7dn3a3,0,0.001098731067031622,-6.8125,0,0,0.03860246423474041,taglish,comment,True,adjudicator,2-1,0,0
t1_p5xr6ze,0,0.001674399245530367,-6.390625,0,0,0.04670944319223177,taglish,comment,True,unanimous,3-0,0,0
t1_p70l0oc,0,0.0001195985751110129,-9.03125,0,0,0.013895703384253335,taglish,comment,True,majority,3-0,0,0
t1_p45vbpz,0,0.0006771942717023194,-7.296875,0,0,0.03095830209077361,taglish,comment,True,unanimous,3-0,0,0
t1_p5dmm72,0,0.00030061634606681764,-8.109375,0,0,0.02130839664680392,english,comment,True,unanimous,3-0,0,0
t1_p50c8qw,0,0.005641908384859562,-5.171875,0,0,0.08011393725152342,tagalog,comment,True,adjudicator,2-1,0,0
t1_p55zjt1,0,0.0002824080584105104,-8.171875,0,0,0.020701882921589226,taglish,comment,True,adjudicator,2-1,0,0
t1_p78ml6m,0,0.0006361912237480283,-7.359375,0,0,0.03008556084766971,tagalog,comment,True,unanimous,3-0,0,0
t1_p74qa7d,0,0.0015011822106316686,-6.5,0,0,0.044464044626788456,taglish,comment,True,majority,3-0,0,0
t1_p5hxxon,0,0.00014425987319555134,-8.84375,0,0,0.015161860185539942,taglish,comment,True,unanimous,3-0,0,0
t1_p4y4w92,1,0.9713473320007324,3.5234375,1,1,0.8406190149170965,taglish,comment,True,majority,3-0,1,1
t1_p74besf,0,0.010169658809900284,-4.578125,0,0,0.10334601682966467,taglish,comment,True,adjudicator,2-1,0,0
t1_p4z44pj,1,0.03622005507349968,-3.28125,0,0,0.17529668903664947,english,comment,True,adjudicator,2-1,1,1
t1_p73kpvf,0,0.0004108485300093889,-7.796875,0,0,0.024611188501749405,taglish,comment,True,unanimous,3-0,0,0
t1_p6xteht,0,0.00017400544311385602,-8.65625,0,0,0.01654145211400056,english,comment,True,majority,3-0,0,0
t1_p5jdmt8,0,0.0006070756353437901,-7.40625,0,0,0.029446697359423027,taglish,comment,True,unanimous,3-0,0,0
t1_p7m0hgn,0,0.030675798654556274,-3.453125,0,0,0.16387721814161932,taglish,comment,True,unanimous,3-0,0,0
t1_p64xt0g,0,0.9882221817970276,4.4296875,1,1,0.8899797355406858,taglish,comment,True,adjudicator,2-1,0,0
t1_p7lxbij,0,0.0003569706459529698,-7.9375,0,0,0.023067312544196868,tagalog,comment,True,unanimous,3-0,0,0
t1_p655yaa,0,0.38931432366371155,-0.4501953125,0,0,0.4470829368550731,taglish,comment,True,majority,3-0,0,0
t1_p32i7o6,0,0.00019110430730506778,-8.5625,0,0,0.017276817509829366,tagalog,comment,True,adjudicator,3-0,0,0
t3_1vkjj9l,0,0.0006563728675246239,-7.328125,0,0,0.03051891012693075,taglish,submission,True,unanimous,3-0,0,0
t1_p7k59rz,0,0.00023050670279189944,-8.375,0,0,0.018845168962051597,english,comment,True,majority,3-0,0,0
t1_p6mkt5y,0,0.00023782203788869083,-8.34375,0,0,0.019119804431367213,taglish,comment,True,majority,3-0,0,0
t1_p6ewg4c,0,0.001032231142744422,-6.875,0,0,0.037522571737080984,tagalog,comment,True,adjudicator,2-1,0,1
t1_p4ykvi2,0,0.28378137946128845,-0.92578125,0,0,0.3924773641634214,tagalog,comment,True,adjudicator,2-1,0,0
t1_p4ziowc,0,0.00015356240328401327,-8.78125,0,0,0.015608651990047488,english,comment,True,majority,3-0,0,0
t1_p5qd842,0,0.5646387338638306,0.260009765625,1,0,0.5306386323575056,tagalog,comment,True,adjudicator,2-1,0,1
t1_p5l7pu0,0,0.0003150386910419911,-8.0625,0,0,0.02177465618964468,english,comment,True,majority,3-0,0,0
t1_p75cjyq,0,0.00013552079326473176,-8.90625,0,0,0.014727666286364498,english,comment,True,majority,3-0,0,0
t1_p7aocw7,0,0.00970847625285387,-4.625,0,0,0.1013139766319345,english,comment,True,majority,3-0,0,0
t1_p4klzjf,0,0.000398213102016598,-7.828125,0,0,0.02425962604084669,english,comment,True,majority,3-0,0,0
t1_p7dbwlr,0,0.001674399245530367,-6.390625,0,0,0.04670944319223177,taglish,comment,True,adjudicator,2-1,0,1
t1_p63noq7,0,0.0008426423300988972,-7.078125,0,0,0.03420994170354485,english,comment,True,majority,3-0,0,0
t1_p671tlr,0,0.0009850084315985441,-6.921875,0,0,0.03673176492726088,english,comment,True,majority,3-0,0,0
t1_p7jjpo1,0,0.00013982209202367812,-8.875,0,0,0.014943210231750199,tagalog,comment,True,unanimous,3-0,0,0
t1_p1yq1yz,0,0.00016346470511052758,-8.71875,0,0,0.016068395102116665,english,comment,True,majority,3-0,0,0
t1_p30e5hi,0,0.0005193048855289817,-7.5625,0,0,0.02741079873385374,tagalog,comment,True,adjudicator,2-1,0,0
t1_p653zlu,0,0.0006563728675246239,-7.328125,0,0,0.03051891012693075,english,comment,True,majority,3-0,0,0
t1_p3la0u2,0,0.00018522572645451874,-8.59375,0,0,0.017028195003355763,tagalog,comment,True,majority,3-0,0,0
t1_p7jbnaw,0,0.0013458605390042067,-6.609375,0,0,0.042321793960202296,taglish,comment,True,majority,3-0,0,0
t1_p5coywx,0,0.0023231625091284513,-6.0625,0,0,0.054109399189183255,tagalog,comment,True,adjudicator,2-1,0,1
t1_p6kfklp,0,0.00011591933434829116,-9.0625,0,0,0.0136950588297111,taglish,comment,True,unanimous,3-0,0,0
t1_p60aozz,0,0.005469274707138538,-5.203125,0,0,0.0790337789417583,tagalog,comment,True,adjudicator,2-1,0,0
t1_p55zvoy,0,0.21733753383159637,-1.28125,0,0,0.3532761180219423,taglish,comment,True,adjudicator,2-1,0,1
t1_p512jb2,0,0.004133968148380518,-5.484375,0,0,0.06989649688047142,tagalog,comment,True,adjudicator,2-1,0,0
t1_p7j3i13,0,0.0009399438858963549,-6.96875,0,0,0.03595700211729108,english,comment,True,majority,3-0,0,0
t1_p6zt7kd,0,0.0014103584690019488,-6.5625,0,0,0.043227549045909426,english,comment,True,adjudicator,2-1,0,0
t1_p6zrvze,0,0.001048469333909452,-6.859375,0,0,0.03778979175310173,english,comment,True,unanimous,3-0,0,0
t1_p4fx4lr,0,0.24328269064426422,-1.134765625,0,0,0.36922615182111457,taglish,comment,True,majority,3-0,0,0
t1_p73rqnd,0,0.025371311232447624,-3.6484375,0,0,0.15163518416407856,taglish,comment,True,majority,3-0,0,0
t1_p4axnmj,1,0.6963714361190796,0.830078125,1,0,0.5967026320257518,taglish,comment,True,adjudicator,2-1,1,1
t1_p5uu4pd,0,0.00026119034737348557,-8.25,0,0,0.019967465612926186,taglish,comment,True,majority,3-0,0,0
t1_p79d2r0,0,0.0010649627074599266,-6.84375,0,0,0.03805883954731496,tagalog,comment,True,adjudicator,2-1,0,0
t1_p75gtvw,0,0.011508148163557053,-4.453125,0,0,0.10894187777499907,taglish,comment,True,majority,3-0,0,0
t1_p74g1w3,0,0.000398213102016598,-7.828125,0,0,0.02425962604084669,taglish,comment,True,unanimous,3-0,0,0
t1_p5l9vji,0,0.755636990070343,1.12890625,1,1,0.6301295922842097,tagalog,comment,True,adjudicator,2-1,0,0
t1_p6xqrkb,0,0.5957571268081665,0.3878173828125,1,0,0.545629054582245,tagalog,comment,True,adjudicator,2-1,0,0
t1_p6y0pe7,0,0.09947021305561066,-2.203125,0,0,0.26120083043973646,tagalog,comment,True,adjudicator,2-1,0,1
t1_p74nvs7,0,0.00016346470511052758,-8.71875,0,0,0.016068395102116665,taglish,comment,True,majority,3-0,0,0
t1_p4u7uah,0,0.0030278346966952085,-5.796875,0,0,0.06089588762183393,english,comment,True,majority,3-0,0,0
t1_p4yb5cn,0,0.03934250399470329,-3.1953125,0,0,0.18123735655080284,english,comment,True,majority,3-0,0,0
t1_p7locwq,0,0.9768466353416443,3.7421875,1,1,0.8539691698266281,taglish,comment,True,adjudicator,2-1,0,0
t1_p3h3teg,0,0.00019110430730506778,-8.5625,0,0,0.017276817509829366,english,comment,True,majority,3-0,0,0
t1_p50993l,0,0.08945459872484207,-2.3203125,0,0,0.2506700859905219,english,comment,True,majority,3-0,0,0
t1_p73chc4,0,0.002251847181469202,-6.09375,0,0,0.053359516343720007,english,comment,True,unanimous,3-0,0,0
t1_p7cjrcg,0,0.001098731067031622,-6.8125,0,0,0.03860246423474041,taglish,comment,True,unanimous,3-0,0,0
t1_p5e90w2,0,0.000437334441812709,-7.734375,0,0,0.02532927280326391,taglish,comment,True,majority,3-0,0,0
t1_p6xkgb6,0,0.002396730938926339,-6.03125,0,0,0.05486920961379362,taglish,comment,True,majority,3-0,0,0
t1_p512c7h,0,0.00023050670279189944,-8.375,0,0,0.018845168962051597,taglish,comment,True,majority,3-0,0,0
t1_p72i2u2,0,0.00017952795315068215,-8.625,0,0,0.016783089203401026,taglish,comment,True,unanimous,3-0,0,0
t1_p74kayp,1,0.9522199034690857,2.9921875,1,1,0.8041008105161938,taglish,comment,True,majority,3-0,1,1
t1_p6ehfif,0,0.00028685410507023335,-8.15625,0,0,0.02085190827517527,taglish,comment,True,majority,3-0,0,0
t1_p6tfh6s,0,0.00130450667347759,-6.640625,0,0,0.04172806467406166,taglish,comment,True,adjudicator,2-1,0,0
t1_p4incqe,0,0.008445627056062222,-4.765625,0,0,0.09542923928444559,english,comment,True,adjudicator,2-1,0,0
t1_p3k9lfk,0,0.0032730652019381523,-5.71875,0,0,0.06303885020342315,tagalog,comment,True,adjudicator,2-1,0,0
t1_p5naici,0,0.00018522572645451874,-8.59375,0,0,0.017028195003355763,english,comment,True,adjudicator,2-1,0,0
t1_p4kncq6,0,0.00019110430730506778,-8.5625,0,0,0.017276817509829366,taglish,comment,True,majority,3-0,0,0
t1_p7adtod,0,0.0007437028689309955,-7.203125,0,0,0.03231352321286328,taglish,comment,True,unanimous,3-0,0,0
t1_p7antyp,0,0.0002453695051372051,-8.3125,0,0,0.019398363103724895,tagalog,comment,True,majority,3-0,0,0
t1_p32jczf,0,0.0022872276604175568,-6.078125,0,0,0.053733223922581244,english,comment,True,unanimous,3-0,0,0
t1_p7kc2nd,0,0.000954731716774404,-6.953125,0,0,0.03621349229997963,english,comment,True,majority,3-0,0,0
t1_p448ul1,0,0.9953904151916504,5.375,1,1,0.9266723444906743,taglish,comment,True,adjudicator,2-1,0,0
t1_p5c4yjb,0,0.00037998449988663197,-7.875,0,0,0.023741447387140673,english,comment,True,majority,3-0,0,0
t1_p7ji2tp,0,0.0005193048855289817,-7.5625,0,0,0.02741079873385374,english,comment,True,majority,3-0,0,0
t1_p6yb36g,0,0.36184096336364746,-0.5673828125,0,0,0.4334548764158504,taglish,comment,True,majority,3-0,0,0
t1_p4ye9o0,0,0.017045317217707634,-4.0546875,0,0,0.1285816916617651,tagalog,comment,True,adjudicator,2-1,0,0
t1_p7lrxvu,0,0.0059110685251653194,-5.125,0,0,0.08175945507942005,tagalog,comment,True,adjudicator,2-1,0,0
t1_p4w0yti,0,0.0009850084315985441,-6.921875,0,0,0.03673176492726088,english,comment,True,adjudicator,2-1,0,0
t1_p6epmh2,0,0.06187598779797554,-2.71875,0,0,0.2170265410417656,english,comment,True,majority,3-0,0,0
t1_p74q03p,0,0.002082970691844821,-6.171875,0,0,0.05152750064908467,taglish,comment,True,adjudicator,2-1,0,0
t1_p6yelay,0,0.018264278769493103,-3.984375,0,0,0.13234585130160462,tagalog,comment,True,adjudicator,2-1,0,0
t1_p3ohd7m,0,0.957277774810791,3.109375,1,1,0.8126663827929826,taglish,comment,True,adjudicator,2-1,0,0
t1_p44d1i3,0,0.0029810327105224133,-5.8125,0,0,0.06047554833197914,english,comment,True,unanimous,3-0,0,0
t1_p5desr2,0,0.02080449089407921,-3.8515625,0,0,0.13971063008222143,english,comment,True,adjudicator,2-1,0,1
t1_p5yp5do,1,0.0016484829830005765,-6.40625,0,0,0.04638219068915031,taglish,comment,True,majority,3-0,1,1
t1_p7abggm,0,0.019419347867369652,-3.921875,0,0,0.13576977992912379,tagalog,comment,True,adjudicator,2-1,0,1
t1_p7jue81,0,0.0004512105952017009,-7.703125,0,0,0.025695928015708334,english,comment,True,majority,3-0,0,0
t1_p508np3,0,0.00026947917649522424,-8.21875,0,0,0.020258118902574063,taglish,comment,True,unanimous,3-0,0,0
t1_p4zsnkt,0,0.0039454069919884205,-5.53125,0,0,0.06847193303012425,taglish,comment,True,majority,3-0,0,0
t1_p5qf3ap,0,0.00047285438631661236,-7.65625,0,0,0.02625561772642195,taglish,comment,True,majority,3-0,0,0
t1_p6y41bi,0,0.0005976693355478346,-7.421875,0,0,0.0292366806331,taglish,comment,True,unanimous,3-0,0,0
t1_p6z9wdx,0,0.0002531563804950565,-8.28125,0,0,0.01968089870107938,taglish,comment,True,adjudicator,2-1,0,0
t1_p5h2klo,0,0.001151399570517242,-6.765625,0,0,0.03943189710281911,english,comment,True,adjudicator,2-1,0,0
t1_p7n7833,0,0.00048029719619080424,-7.640625,0,0,0.02644480383695967,taglish,comment,True,adjudicator,3-0,0,0
t1_p387mh6,0,0.0005112578510306776,-7.578125,0,0,0.02721489507981704,taglish,comment,True,unanimous,3-0,0,0
t1_p5ckey9,0,0.0009253848693333566,-6.984375,0,0,0.03570226128836664,taglish,comment,True,majority,3-0,0,0
t1_p50cla6,0,0.0014550630003213882,-6.53125,0,0,0.043841637686812734,taglish,comment,True,unanimous,3-0,0,0
t1_p7ib28w,0,0.00019716942915692925,-8.53125,0,0,0.017529005330043073,taglish,comment,True,unanimous,3-0,0,0
t1_p6jqocx,0,0.0026730059180408716,-5.921875,0,0,0.05760838161407506,taglish,comment,True,majority,3-0,0,0
t1_p7j6h4q,0,0.0008830457809381187,-7.03125,0,0,0.03494842539455199,taglish,comment,True,majority,3-0,0,0
t3_1vm6epe,1,0.9830850958824158,4.0625,1,1,0.8718308665157262,tagalog,submission,True,majority,3-0,1,1
t1_p2rs2bp,0,0.00019110430730506778,-8.5625,0,0,0.017276817509829366,taglish,comment,True,majority,3-0,0,0
t1_p72wyrl,1,0.0008830457809381187,-7.03125,0,0,0.03494842539455199,tagalog,comment,True,adjudicator,2-1,1,1
t1_p2uhdx6,0,0.0020507436711341143,-6.1875,0,0,0.05116830406735996,taglish,comment,True,unanimous,3-0,0,0
t1_p4wxm7g,0,0.00016865275392774493,-8.6875,0,0,0.01630323634424839,taglish,comment,True,majority,3-0,0,0
t1_p6asi7t,0,0.0007916296017356217,-7.140625,0,0,0.033248679094331234,english,comment,True,majority,3-0,0,0
t1_p4mooy7,0,0.0006166296661831439,-7.390625,0,0,0.029658176614771912,tagalog,comment,True,adjudicator,3-0,0,0
t1_p508vlz,0,0.00028685410507023335,-8.15625,0,0,0.02085190827517527,taglish,comment,True,majority,3-0,0,0
t1_p4kwum0,0,0.002082970691844821,-6.171875,0,0,0.05152750064908467,taglish,comment,True,majority,3-0,0,0
t1_p5jpyg6,0,0.0024343819823116064,-6.015625,0,0,0.05525287331581087,taglish,comment,True,majority,3-0,0,0
t1_p46kgxz,0,0.00030061634606681764,-8.109375,0,0,0.02130839664680392,taglish,comment,True,majority,3-0,0,0
t1_p4j13uh,0,0.0029810327105224133,-5.8125,0,0,0.06047554833197914,taglish,comment,True,adjudicator,2-1,0,0
t1_p6px8ax,0,0.00024156631843652576,-8.328125,0,0,0.01925859002511558,taglish,comment,True,unanimous,3-0,0,0
t1_p5yufyd,0,0.0029810327105224133,-5.8125,0,0,0.06047554833197914,taglish,comment,True,unanimous,3-0,0,0
t1_p5zunco,0,0.00013552079326473176,-8.90625,0,0,0.014727666286364498,taglish,comment,True,unanimous,3-0,0,0
t1_p3kn1mx,0,0.0011695103021338582,-6.75,0,0,0.03971215349912928,taglish,comment,True,adjudicator,2-1,0,0
t1_p4mpcby,0,0.027585282921791077,-3.5625,0,0,0.15692656356840962,taglish,comment,True,adjudicator,2-1,0,1
t1_p7m7vex,1,0.0039454069919884205,-5.53125,0,0,0.06847193303012425,taglish,comment,True,adjudicator,2-1,1,0
t1_p7fb8kj,0,0.0059110685251653194,-5.125,0,0,0.08175945507942005,english,comment,True,adjudicator,2-1,0,1
t1_p79oh8d,0,0.0008295890875160694,-7.09375,0,0,0.03396714199210455,taglish,comment,True,majority,3-0,0,0
t1_p4q6qmb,0,0.00020988310279790312,-8.46875,0,0,0.018044274434158715,taglish,comment,True,unanimous,3-0,0,0
t1_p5n7zbt,0,0.0006667023408226669,-7.3125,0,0,0.03073784588783257,taglish,comment,True,unanimous,3-0,0,0
t1_p79o33m,0,0.07369627058506012,-2.53125,0,0,0.23243885782966273,taglish,comment,True,majority,3-0,0,0
t1_p5do17w,0,0.001048469333909452,-6.859375,0,0,0.03778979175310173,taglish,comment,True,majority,3-0,0,0
t1_p3h5baq,0,0.000368297885870561,-7.90625,0,0,0.02340201080068125,taglish,comment,True,majority,3-0,0,0
t1_p3z0hlw,0,0.00013982209202367812,-8.875,0,0,0.014943210231750199,taglish,comment,True,unanimous,3-0,0,0
t1_p7jt0q5,0,0.0005703156930394471,-7.46875,0,0,0.028615311204358576,taglish,comment,True,unanimous,3-0,0,0
t1_p7lslbs,0,0.00019716942915692925,-8.53125,0,0,0.017529005330043073,taglish,comment,True,unanimous,3-0,0,0
t1_p5m46vz,0,0.0009110511746257544,-7.0,0,0,0.03544925883251523,taglish,comment,True,majority,3-0,0,0
t1_p793zrh,0,0.0006166296661831439,-7.390625,0,0,0.029658176614771912,english,comment,True,unanimous,3-0,0,0
t1_p6evfqh,1,0.037326887249946594,-3.25,0,0,0.1774389997135147,english,comment,True,adjudicator,2-1,1,1
t1_p2ybp2q,0,0.001367025775834918,-6.59375,0,0,0.04262167850693299,english,comment,True,adjudicator,3-0,0,0
t1_p7mywvv,0,0.0003625900426413864,-7.921875,0,0,0.023234073329028593,taglish,comment,True,majority,3-0,0,0
t1_p4xgjet,0,0.0015011822106316686,-6.5,0,0,0.044464044626788456,taglish,comment,True,majority,3-0,0,0
t1_p58i7xv,0,0.006797531619668007,-4.984375,0,0,0.08688219648381787,taglish,comment,True,majority,3-0,0,0
t1_p66ynv1,0,0.001151399570517242,-6.765625,0,0,0.03943189710281911,english,comment,True,majority,3-0,0,0
t1_p4u7hmv,0,0.00013982209202367812,-8.875,0,0,0.014943210231750199,taglish,comment,True,majority,3-0,0,0
t1_p5ga6xl,0,0.00941259041428566,-4.65625,0,0,0.09997904933225209,taglish,comment,True,adjudicator,2-1,0,1
t1_p3recjs,0,0.00020988310279790312,-8.46875,0,0,0.018044274434158715,taglish,comment,True,unanimous,3-0,0,0
t1_p3nh9za,0,0.00048029719619080424,-7.640625,0,0,0.02644480383695967,taglish,comment,True,unanimous,3-0,0,0
t1_p42u05n,0,0.012624949216842651,-4.359375,0,0,0.11331170422124309,english,comment,True,majority,3-0,0,0
t1_p44raji,0,0.0009850084315985441,-6.921875,0,0,0.03673176492726088,english,comment,True,majority,3-0,0,0
t1_p4rzzwd,0,0.0029349515680223703,-5.828125,0,0,0.06005792491826349,taglish,comment,True,unanimous,3-0,0,0
t1_p75op54,0,0.000954731716774404,-6.953125,0,0,0.03621349229997963,taglish,comment,True,adjudicator,2-1,0,0
t1_p7j636g,0,0.0002234163403045386,-8.40625,0,0,0.0185744036350895,tagalog,comment,True,majority,3-0,0,0
t1_p3lfwye,0,0.00026947917649522424,-8.21875,0,0,0.020258118902574063,taglish,comment,True,majority,3-0,0,0
t1_p64vx6x,0,0.0010005043586716056,-6.90625,0,0,0.03699356961131133,taglish,comment,True,adjudicator,2-1,0,0
t1_p7mwkqj,0,0.001867565792053938,-6.28125,0,0,0.0490624104816107,taglish,comment,True,unanimous,3-0,0,0
t1_p748ub9,0,0.001032231142744422,-6.875,0,0,0.037522571737080984,english,comment,True,majority,3-0,0,0
t1_p7m4mi8,0,0.000374095601728186,-7.890625,0,0,0.02357113284314096,taglish,comment,True,unanimous,3-0,0,0
t1_p7lyv2i,0,0.00025714197545312345,-8.265625,0,0,0.019823674817100425,taglish,comment,True,unanimous,3-0,0,0
t1_p609axs,0,0.00023782203788869083,-8.34375,0,0,0.019119804431367213,taglish,comment,True,unanimous,3-0,0,0
t1_p7muvhj,0,0.0002531563804950565,-8.28125,0,0,0.01968089870107938,english,comment,True,unanimous,3-0,0,0
t1_p7mgu56,0,0.00014883848780300468,-8.8125,0,0,0.01538365947509992,taglish,comment,True,majority,3-0,0,0
t1_p744557,0,0.00042388474685139954,-7.765625,0,0,0.0249677153230036,english,comment,True,majority,3-0,0,0
t1_p7ed8q3,0,0.0003101559996139258,-8.078125,0,0,0.021618138426447542,taglish,comment,True,majority,3-0,0,0
t1_p7lqosu,0,0.0003150386910419911,-8.0625,0,0,0.02177465618964468,tagalog,comment,True,adjudicator,2-1,0,0
t1_p5gzb33,0,0.0035936026833951473,-5.625,0,0,0.06570320158418115,english,comment,True,majority,3-0,0,0
t1_p7mbnec,0,0.00019110430730506778,-8.5625,0,0,0.017276817509829366,tagalog,comment,True,majority,3-0,0,0
t3_1vsmir2,0,0.0006771942717023194,-7.296875,0,0,0.03095830209077361,taglish,submission,True,majority,3-0,0,0
t1_p7ji71n,0,0.0007096704212017357,-7.25,0,0,0.03162889199079514,tagalog,comment,True,unanimous,3-0,0,0
t1_p3kx7tt,0,0.8062431216239929,1.42578125,1,1,0.6621475486805148,taglish,comment,True,unanimous,3-0,0,0
t1_p73cr3q,1,0.0009399438858963549,-6.96875,0,0,0.03595700211729108,tagalog,comment,True,adjudicator,2-1,1,1
t1_p7m969u,0,0.00014425987319555134,-8.84375,0,0,0.015161860185539942,taglish,comment,True,majority,3-0,0,0
t1_p7jpgad,0,0.00026947917649522424,-8.21875,0,0,0.020258118902574063,taglish,comment,True,majority,3-0,0,0
t1_p517c9w,0,0.0008559005800634623,-7.0625,0,0,0.034454415065816514,taglish,comment,True,unanimous,3-0,0,0
t1_p508wu2,0,0.00021654405281879008,-8.4375,0,0,0.018307456044784155,taglish,comment,True,majority,3-0,0,0
t1_p5qnvpy,0,0.8643104434013367,1.8515625,1,1,0.7055401754291967,taglish,comment,True,majority,3-0,0,0
t1_p5jgjnz,0,0.00019110430730506778,-8.5625,0,0,0.017276817509829366,taglish,comment,True,majority,3-0,0,0
t1_p4zabq2,1,0.7762839198112488,1.244140625,1,1,0.6427123776226196,english,comment,True,adjudicator,2-1,1,1
t1_p76tb7o,0,0.00017952795315068215,-8.625,0,0,0.016783089203401026,english,comment,True,majority,3-0,0,0
t1_p6db4ph,0,0.00032503585680387914,-8.03125,0,0,0.022091022597782797,taglish,comment,True,unanimous,3-0,0,0
t1_p73khuk,0,0.01971912942826748,-3.90625,0,0,0.13663734648425513,taglish,comment,True,majority,3-0,0,0
t1_p7mjh4r,0,0.00028685410507023335,-8.15625,0,0,0.02085190827517527,english,comment,True,majority,3-0,0,0
t1_p5am8kj,0,0.0007554056355729699,-7.1875,0,0,0.03254490094480655,taglish,comment,True,majority,3-0,0,0
t1_p4z0293,0,0.0003150386910419911,-8.0625,0,0,0.02177465618964468,taglish,comment,True,majority,3-0,0,0
t1_p4zfgxk,0,0.000368297885870561,-7.90625,0,0,0.02340201080068125,taglish,comment,True,adjudicator,2-1,0,0
t1_p4ma40f,0,0.0012843081494793296,-6.65625,0,0,0.04143419544840811,taglish,comment,True,majority,3-0,0,0
t1_p2k9va0,0,0.002396730938926339,-6.03125,0,0,0.05486920961379362,english,comment,True,majority,3-0,0,0
t1_p30z9p4,0,0.0006771942717023194,-7.296875,0,0,0.03095830209077361,taglish,comment,True,unanimous,3-0,0,0
t1_p46vg9x,0,0.011869121342897415,-4.421875,0,0,0.11038180034811214,taglish,comment,True,adjudicator,2-1,0,0
t1_p4j66cg,0,0.0014779430348426104,-6.515625,0,0,0.04415179507195838,tagalog,comment,True,unanimous,3-0,0,0
t1_p44mwvn,0,0.0018102111062034965,-6.3125,0,0,0.04837889464610664,taglish,comment,True,majority,3-0,0,0
t1_p42gcay,0,0.00032503585680387914,-8.03125,0,0,0.022091022597782797,taglish,comment,True,unanimous,3-0,0,0
t1_p7ihaxt,0,0.0005357805639505386,-7.53125,0,0,0.027806725558990938,taglish,comment,True,majority,3-0,0,0
t1_p3my412,0,0.0003053489199373871,-8.09375,0,0,0.021462721039604792,taglish,comment,True,unanimous,3-0,0,0
t1_p74h5ow,0,0.05541279539465904,-2.8359375,0,0,0.2077758888047157,tagalog,comment,True,majority,3-0,0,0
t1_p7jfhal,0,0.0003053489199373871,-8.09375,0,0,0.021462721039604792,english,comment,True,majority,3-0,0,0
t1_p731gm1,0,0.0008830457809381187,-7.03125,0,0,0.03494842539455199,english,comment,True,unanimous,3-0,0,0
t1_p7juhgx,0,0.0003053489199373871,-8.09375,0,0,0.021462721039604792,taglish,comment,True,unanimous,3-0,0,0
t1_p73qlse,0,0.0005614788387902081,-7.484375,0,0,0.028411050430105833,english,comment,True,majority,3-0,0,0
t1_p6xkg26,0,0.25349122285842896,-1.080078125,0,0,0.3752570566550317,tagalog,comment,True,adjudicator,2-1,0,1
t1_p7msa8l,0,0.019271137192845345,-3.9296875,0,0,0.13533774044245897,tagalog,comment,True,adjudicator,2-1,0,1
t1_p3lhcxe,0,0.0012843081494793296,-6.65625,0,0,0.04143419544840811,taglish,comment,True,majority,3-0,0,0
t1_p4ma79v,0,0.0005792916635982692,-7.453125,0,0,0.028820996945920274,english,comment,True,majority,3-0,0,0
t1_p508azl,0,0.001867565792053938,-6.28125,0,0,0.0490624104816107,english,comment,True,majority,3-0,0,0
t1_p5mjiwo,0,0.9036349058151245,2.23828125,1,1,0.7419882131041687,english,comment,True,adjudicator,2-1,0,0
t1_p5e8icc,0,0.0006667023408226669,-7.3125,0,0,0.03073784588783257,taglish,comment,True,unanimous,3-0,0,0
t1_p7k45c9,0,0.0008830457809381187,-7.03125,0,0,0.03494842539455199,english,comment,True,majority,3-0,0,0
t1_p5rtoaf,0,0.0022872276604175568,-6.078125,0,0,0.053733223922581244,taglish,comment,True,majority,3-0,0,0
t1_p3l9emt,0,0.00028685410507023335,-8.15625,0,0,0.02085190827517527,taglish,comment,True,majority,3-0,0,0
t1_p4bbc6r,0,0.00013135180051904172,-8.9375,0,0,0.014515185578252019,taglish,comment,True,unanimous,3-0,0,0
t1_p4bcc4w,0,0.00034599160426296294,-7.96875,0,0,0.022737289731656573,taglish,comment,True,majority,3-0,0,0
t1_p7iley9,0,0.0039454069919884205,-5.53125,0,0,0.06847193303012425,tagalog,comment,True,adjudicator,2-1,0,0
t1_p6arcbc,0,0.0004655269149225205,-7.671875,0,0,0.026067748813795623,tagalog,comment,True,adjudicator,3-0,0,0
t1_p7lnkkv,0,0.00016865275392774493,-8.6875,0,0,0.01630323634424839,taglish,comment,True,unanimous,3-0,0,0
t1_p7jsdxt,0,0.00037998449988663197,-7.875,0,0,0.023741447387140673,taglish,comment,True,majority,3-0,0,0
t1_p44bimy,0,0.0038844766095280647,-5.546875,0,0,0.06800308618657898,taglish,comment,True,majority,3-0,0,0
t1_p5s0rbj,0,0.00013982209202367812,-8.875,0,0,0.014943210231750199,taglish,comment,True,unanimous,3-0,0,0
t1_p5dfgzq,1,0.9029524326324463,2.23046875,1,1,0.7412817362821132,taglish,comment,True,unanimous,3-0,1,1
t1_p7m7hn2,0,0.00013982209202367812,-8.875,0,0,0.014943210231750199,taglish,comment,True,unanimous,3-0,0,0
t1_p732275,0,0.011158031411468983,-4.484375,0,0,0.10751846870772278,taglish,comment,True,unanimous,3-0,0,0
t1_p744tm0,0,0.000487857119878754,-7.625,0,0,0.02663531584906979,taglish,comment,True,majority,3-0,0,0
t1_p3h5l6u,0,0.0005614788387902081,-7.484375,0,0,0.028411050430105833,taglish,comment,True,unanimous,3-0,0,0
t1_p30h8ke,0,0.00017400544311385602,-8.65625,0,0,0.01654145211400056,taglish,comment,True,majority,3-0,0,0
t1_p5lfpl8,0,0.00023050670279189944,-8.375,0,0,0.018845168962051597,taglish,comment,True,majority,3-0,0,0
t1_p503kt3,0,0.0006563728675246239,-7.328125,0,0,0.03051891012693075,taglish,comment,True,unanimous,3-0,0,0
t1_p3muwp6,0,0.0002531563804950565,-8.28125,0,0,0.01968089870107938,taglish,comment,True,unanimous,3-0,0,0
t1_p74etj3,1,0.00018522572645451874,-8.59375,0,0,0.017028195003355763,taglish,comment,True,unanimous,3-0,1,1
t1_p43qody,0,0.00021654405281879008,-8.4375,0,0,0.018307456044784155,taglish,comment,True,unanimous,3-0,0,0
t1_p5zb9dr,0,0.010986942797899246,-4.5,0,0,0.10681291603977841,taglish,comment,True,majority,3-0,0,0
t1_p3ed6c0,0,0.0001195985751110129,-9.03125,0,0,0.013895703384253335,taglish,comment,True,majority,3-0,0,0
t1_p54s2u0,0,0.9736446738243103,3.609375,1,1,0.8459780349828833,tagalog,comment,True,adjudicator,2-1,0,1
t1_p4yb5ir,0,0.00015843621804378927,-8.75,0,0,0.015836882188294453,taglish,comment,True,majority,3-0,0,0
t1_p511ow1,0,0.00178219610825181,-6.328125,0,0,0.04804053517978807,taglish,comment,True,majority,3-0,0,0
t1_p4b03nq,0,0.00016865275392774493,-8.6875,0,0,0.01630323634424839,taglish,comment,True,adjudicator,2-1,0,0
t1_p7dqwe6,0,0.0007672924548387527,-7.171875,0,0,0.03277787931535875,english,comment,True,unanimous,3-0,0,0
t1_p5qll5m,0,0.00037998449988663197,-7.875,0,0,0.023741447387140673,taglish,comment,True,unanimous,3-0,0,0
t1_p4522z7,0,0.029986508190631866,-3.4765625,0,0,0.1623672491404988,taglish,comment,True,unanimous,3-0,0,0
t1_p73ev0i,0,0.0005703156930394471,-7.46875,0,0,0.028615311204358576,taglish,comment,True,adjudicator,2-1,0,1
t1_p50xxxd,0,0.00017952795315068215,-8.625,0,0,0.016783089203401026,taglish,comment,True,majority,3-0,0,0
t1_p5qf8bj,0,0.9008791446685791,2.20703125,1,1,0.7391547631217293,taglish,comment,True,adjudicator,2-1,0,1
t1_p2s6clq,0,0.0002531563804950565,-8.28125,0,0,0.01968089870107938,english,comment,True,majority,3-0,0,0
t1_p7j17sm,0,0.00628990214318037,-5.0625,0,0,0.08400136283103414,taglish,comment,True,majority,3-0,0,0
t1_p7hb1j5,0,0.03138043358922005,-3.4296875,0,0,0.1653984566426644,taglish,comment,True,majority,3-0,0,0
t1_p5bgmzx,0,0.0023231625091284513,-6.0625,0,0,0.054109399189183255,english,comment,True,unanimous,3-0,0,0
t1_p4zdj8p,0,0.0015011822106316686,-6.5,0,0,0.044464044626788456,taglish,comment,True,majority,3-0,0,0
t1_p7m28bo,0,0.12678517401218414,-1.9296875,0,0,0.28685841075603546,taglish,comment,True,adjudicator,2-1,0,0
t1_p4yk32o,0,0.0006878511630930007,-7.28125,0,0,0.03118028857300946,taglish,comment,True,majority,3-0,0,0
t1_p5emwes,0,0.002714985515922308,-5.90625,0,0,0.058010022934042706,taglish,comment,True,adjudicator,2-1,0,0
t1_p4mb8p7,0,0.055005285888910294,-2.84375,0,0,0.20716964230561355,tagalog,comment,True,adjudicator,2-1,0,0
t1_p5dj6ny,0,0.00020988310279790312,-8.46875,0,0,0.018044274434158715,taglish,comment,True,majority,3-0,0,0
t1_p5ym9ua,0,0.9246877431869507,2.5078125,1,1,0.7655818954714834,tagalog,comment,True,adjudicator,2-1,0,0
t1_p5rczey,0,0.00021654405281879008,-8.4375,0,0,0.018307456044784155,taglish,comment,True,unanimous,3-0,0,0
t1_p75yon2,0,0.0029349515680223703,-5.828125,0,0,0.06005792491826349,tagalog,comment,True,adjudicator,2-1,0,0
t1_p487gpr,0,0.0009253848693333566,-6.984375,0,0,0.03570226128836664,english,comment,True,majority,3-0,0,0
t1_p5jokkl,1,0.00019110430730506778,-8.5625,0,0,0.017276817509829366,taglish,comment,True,adjudicator,2-1,1,1
t1_p4sx7kx,0,0.00023050670279189944,-8.375,0,0,0.018845168962051597,taglish,comment,True,majority,3-0,0,0
t1_p5brabp,0,0.00028685410507023335,-8.15625,0,0,0.02085190827517527,taglish,comment,True,unanimous,3-0,0,0
t1_p6klcbn,0,0.00016346470511052758,-8.71875,0,0,0.016068395102116665,taglish,comment,True,unanimous,3-0,0,0
t1_p498u4a,0,0.00034599160426296294,-7.96875,0,0,0.022737289731656573,english,comment,True,majority,3-0,0,0
t1_p3mae26,0,0.001524786464869976,-6.484375,0,0,0.04477839901641779,english,comment,True,adjudicator,2-1,0,0
t1_p4bkmtj,0,0.0006986756343394518,-7.265625,0,0,0.03140381522505015,english,comment,True,majority,3-0,0,0
t1_p4cw4sk,0,0.00016865275392774493,-8.6875,0,0,0.01630323634424839,taglish,comment,True,majority,3-0,0,0
t1_p3lklq8,0,0.00016865275392774493,-8.6875,0,0,0.01630323634424839,taglish,comment,True,majority,3-0,0,0
t1_p5l5zsg,0,0.12421301752328873,-1.953125,0,0,0.2846009941307896,tagalog,comment,True,adjudicator,2-1,0,0
t1_p60xpw9,0,0.00482972152531147,-5.328125,0,0,0.07484512612984275,taglish,comment,True,unanimous,3-0,0,0
t1_p77fwps,1,0.001032231142744422,-6.875,0,0,0.037522571737080984,taglish,comment,True,unanimous,3-0,1,1
t1_p51dj2a,0,0.0015731120947748423,-6.453125,0,0,0.045413473240970004,english,comment,True,majority,3-0,0,0
t1_p6zzcr8,0,0.007345826830714941,-4.90625,0,0,0.08985213722864796,taglish,comment,True,adjudicator,2-1,0,0
t1_p6znq6d,0,0.0009253848693333566,-6.984375,0,0,0.03570226128836664,taglish,comment,True,majority,3-0,0,0
t1_p65w94h,0,0.0003053489199373871,-8.09375,0,0,0.021462721039604792,taglish,comment,True,unanimous,3-0,0,0
t1_p3h6w9m,0,0.00032503585680387914,-8.03125,0,0,0.022091022597782797,taglish,comment,True,majority,3-0,0,0
t1_p5ukt3z,0,0.00044421834172680974,-7.71875,0,0,0.025511958970476818,english,comment,True,majority,3-0,0,0
t1_p18ei05,0,0.0064882696606218815,-5.03125,0,0,0.08514313671969245,taglish,comment,True,majority,3-0,0,0
t1_p6xybqp,0,0.00019716942915692925,-8.53125,0,0,0.017529005330043073,taglish,comment,True,majority,3-0,0,0
t1_p65oy1k,0,0.0005112578510306776,-7.578125,0,0,0.02721489507981704,taglish,comment,True,majority,3-0,0,0
t1_p45dw1l,0,0.00026947917649522424,-8.21875,0,0,0.020258118902574063,tagalog,comment,True,majority,3-0,0,0
t1_p5zyycp,0,0.0020190139766782522,-6.203125,0,0,0.050811477292413476,tagalog,comment,True,adjudicator,2-1,0,0
t1_p6ahdqi,0,0.0003406293399166316,-7.984375,0,0,0.02257401216801346,taglish,comment,True,majority,3-0,0,0
t1_p2tqqd4,0,0.0010162440594285727,-6.890625,0,0,0.037257168128185254,taglish,comment,True,adjudicator,2-1,0,0
t1_p7jcr2g,0,0.00044421834172680974,-7.71875,0,0,0.025511958970476818,taglish,comment,True,majority,3-0,0,0
t1_p66gnga,0,0.02909075655043125,-3.5078125,0,0,0.1603714295810429,taglish,comment,True,adjudicator,2-1,0,1
t1_p74o70w,0,0.00019110430730506778,-8.5625,0,0,0.017276817509829366,taglish,comment,True,majority,3-0,0,0
t1_p6ji302,0,0.06705629080533981,-2.6328125,0,0,0.22399729251155379,english,comment,True,majority,3-0,0,0
t1_p4kw5h7,0,0.004468384198844433,-5.40625,0,0,0.0723318005227278,tagalog,comment,True,unanimous,3-0,0,0
t1_p7l72wd,0,0.011687257327139378,-4.4375,0,0,0.10965976675170637,english,comment,True,majority,3-0,0,0
t1_p7481ia,0,0.0005792916635982692,-7.453125,0,0,0.028820996945920274,english,comment,True,majority,3-0,0,0
t1_p56u2c3,0,0.0003569706459529698,-7.9375,0,0,0.023067312544196868,taglish,comment,True,unanimous,3-0,0,0
t1_p4zmnie,0,0.0004512105952017009,-7.703125,0,0,0.025695928015708334,tagalog,comment,True,adjudicator,2-1,0,0
t1_p7kfa7f,0,0.0028449094388633966,-5.859375,0,0,0.05923076579819958,taglish,comment,True,unanimous,3-0,0,0
t1_p50hdfb,0,0.0002531563804950565,-8.28125,0,0,0.01968089870107938,taglish,comment,True,unanimous,3-0,0,0
t1_p5dnn5b,0,0.9953904151916504,5.375,1,1,0.9266723444906743,taglish,comment,True,majority,3-0,0,0
t1_p7m2yhi,0,0.00013982209202367812,-8.875,0,0,0.014943210231750199,taglish,comment,True,majority,3-0,0,0
t1_p6yl0v2,0,0.005139610730111599,-5.265625,0,0,0.07691331850335087,english,comment,True,unanimous,3-0,0,0
t1_p7lgmaj,0,0.00026530236937105656,-8.234375,0,0,0.020112277992575926,taglish,comment,True,unanimous,3-0,0,0
t1_p4y5gf2,0,0.0002913700882345438,-8.140625,0,0,0.021002997536154276,taglish,comment,True,adjudicator,2-1,0,1
t1_p513ts6,0,0.00014425987319555134,-8.84375,0,0,0.015161860185539942,english,comment,True,adjudicator,2-1,0,0
t1_p640vhz,0,0.00018522572645451874,-8.59375,0,0,0.017028195003355763,taglish,comment,True,unanimous,3-0,0,0
t3_1vqar3t,0,0.43578144907951355,-0.25830078125,0,0,0.46956224878859404,tagalog,submission,True,adjudicator,2-1,0,0
t1_p278hys,0,0.00034599160426296294,-7.96875,0,0,0.022737289731656573,english,comment,True,majority,3-0,0,0
t1_p5n7dsn,0,0.00032503585680387914,-8.03125,0,0,0.022091022597782797,taglish,comment,True,adjudicator,3-0,0,0
t1_p5liqmm,0,0.00015843621804378927,-8.75,0,0,0.015836882188294453,tagalog,comment,True,majority,3-0,0,0
t1_p3kc1cn,0,0.0011879054363816977,-6.734375,0,0,0.03999431884228906,taglish,comment,True,unanimous,3-0,0,0
t3_1voodmg,0,0.00016865275392774493,-8.6875,0,0,0.01630323634424839,taglish,submission,True,unanimous,3-0,0,0
t1_p5dmnmz,0,0.0004655269149225205,-7.671875,0,0,0.026067748813795623,english,comment,True,majority,3-0,0,0
t1_p6m6aah,0,0.0004173157794866711,-7.78125,0,0,0.024788827241751656,taglish,comment,True,majority,3-0,0,0
t1_p72slrl,0,0.0023596608079969883,-6.046875,0,0,0.054488056337555275,taglish,comment,True,adjudicator,2-1,0,1
t1_p3oo4rr,0,0.00026947917649522424,-8.21875,0,0,0.020258118902574063,tagalog,comment,True,unanimous,3-0,0,0
t1_p5h5rez,0,0.0055549247190356255,-5.1875,0,0,0.07957218372797943,taglish,comment,True,unanimous,3-0,0,0
t1_p7mhq64,0,0.332852303981781,-0.6953125,0,0,0.4186923326563038,taglish,comment,True,unanimous,3-0,0,0
t1_p3pa9zj,0,0.00026119034737348557,-8.25,0,0,0.019967465612926186,english,comment,True,adjudicator,2-1,0,1
t1_p3l92sd,0,0.00023782203788869083,-8.34375,0,0,0.019119804431367213,tagalog,comment,True,adjudicator,2-1,0,0
t1_p6eyfbc,0,0.00019716942915692925,-8.53125,0,0,0.017529005330043073,taglish,comment,True,majority,3-0,0,0
t1_p5gnryh,0,0.011869121342897415,-4.421875,0,0,0.11038180034811214,english,comment,True,unanimous,3-0,0,0
t1_p4n1t8r,0,0.00023782203788869083,-8.34375,0,0,0.019119804431367213,taglish,comment,True,majority,3-0,0,0
t1_p570avh,0,0.00020342698553577065,-8.5,0,0,0.017784807688689,tagalog,comment,True,unanimous,3-0,0,0
t1_p4zlfgf,0,0.0019267346942797303,-6.25,0,0,0.04975507838392716,taglish,comment,True,unanimous,3-0,0,0
t1_p4z5k70,0,0.00178219610825181,-6.328125,0,0,0.04804053517978807,taglish,comment,True,majority,3-0,0,0
t1_p4txia7,1,0.025760557502508163,-3.6328125,0,0,0.15258623105097477,taglish,comment,True,adjudicator,2-1,1,0
t1_p30atns,1,0.9713473320007324,3.5234375,1,1,0.8406190149170965,taglish,comment,True,adjudicator,2-1,1,1
t1_p4kl93k,0,0.00016865275392774493,-8.6875,0,0,0.01630323634424839,taglish,comment,True,unanimous,3-0,0,0
t3_1vl1vnf,0,0.0019267346942797303,-6.25,0,0,0.04975507838392716,tagalog,submission,True,majority,3-0,0,0
t3_1vd9bxu,0,0.00026119034737348557,-8.25,0,0,0.019967465612926186,taglish,submission,True,unanimous,3-0,0,0
t1_p3mp6up,0,0.007460643537342548,-4.890625,0,0,0.09045700170022339,english,comment,True,majority,3-0,0,0
t1_p5h521c,0,0.0005442132824100554,-7.515625,0,0,0.02800676679122609,taglish,comment,True,adjudicator,3-0,0,0
t1_p3slj9x,0,0.03993731364607811,-3.1796875,0,0,0.18233416301396654,english,comment,True,majority,3-0,0,0
t1_p6h2di8,0,0.0025509123224765062,-5.96875,0,0,0.05641907072739921,english,comment,True,majority,3-0,0,0
t1_p601f7z,0,0.0013250225456431508,-6.625,0,0,0.04202392677301189,english,comment,True,majority,3-0,0,0
t1_p5qki91,0,0.0020190139766782522,-6.203125,0,0,0.050811477292413476,taglish,comment,True,majority,3-0,0,0
t1_p4j0x8c,0,0.001151399570517242,-6.765625,0,0,0.03943189710281911,english,comment,True,majority,3-0,0,0
t1_p4sd6lc,0,0.1030244380235672,-2.1640625,0,0,0.26477396118655694,taglish,comment,True,adjudicator,2-1,0,1
t1_p51a500,0,0.09534946829080582,-2.25,0,0,0.2569544337246856,tagalog,comment,True,majority,3-0,0,0
t1_p5dnved,0,0.2443629950284958,-1.12890625,0,0,0.3698704077157902,tagalog,comment,True,adjudicator,2-1,0,1
t1_p3l1zkz,0,0.00214894930832088,-6.140625,0,0,0.052253058579332344,tagalog,comment,True,adjudicator,2-1,0,0
t1_p3mo324,0,0.0002531563804950565,-8.28125,0,0,0.01968089870107938,taglish,comment,True,unanimous,3-0,0,0
t1_p5mtfcq,0,0.00021654405281879008,-8.4375,0,0,0.018307456044784155,taglish,comment,True,majority,3-0,0,0
t1_p5jszr2,1,0.966663122177124,3.3671875,1,1,0.830489567493079,tagalog,comment,True,adjudicator,2-1,1,0
t1_p73d7z2,1,0.00015843621804378927,-8.75,0,0,0.015836882188294453,tagalog,comment,True,adjudicator,2-1,1,0
t1_p5s9slh,0,0.0007321811863221228,-7.21875,0,0,0.03208373590673702,taglish,comment,True,unanimous,3-0,0,0
t1_p736qxd,0,0.0004044815432280302,-7.8125,0,0,0.024434790839823858,tagalog,comment,True,adjudicator,2-1,0,0
t1_p3n11sr,0,0.00024156631843652576,-8.328125,0,0,0.01925859002511558,taglish,comment,True,adjudicator,2-1,0,0
t1_p74wz2d,0,0.0018102111062034965,-6.3125,0,0,0.04837889464610664,taglish,comment,True,unanimous,3-0,0,0
t1_p5irplk,0,0.0009399438858963549,-6.96875,0,0,0.03595700211729108,taglish,comment,True,unanimous,3-0,0,0
t1_p5g4boj,0,0.11008788645267487,-2.08984375,0,0,0.27164847894805716,taglish,comment,True,adjudicator,2-1,0,0
t1_p5cxl4m,0,0.00028685410507023335,-8.15625,0,0,0.02085190827517527,taglish,comment,True,majority,3-0,0,0
t1_p4bwjhr,0,0.0022872276604175568,-6.078125,0,0,0.053733223922581244,english,comment,True,adjudicator,3-0,0,0
t1_p4bswfz,0,0.023330770432949066,-3.734375,0,0,0.14649122201350986,taglish,comment,True,unanimous,3-0,0,0
t1_p61z89e,1,0.0006166296661831439,-7.390625,0,0,0.029658176614771912,taglish,comment,True,unanimous,3-0,1,1
t1_p6zdhnd,0,0.0005112578510306776,-7.578125,0,0,0.02721489507981704,english,comment,True,majority,3-0,0,0
t1_p3xxbj0,0,0.002396730938926339,-6.03125,0,0,0.05486920961379362,tagalog,comment,True,adjudicator,3-0,0,0
t1_p5u2xf4,0,0.004905405919998884,-5.3125,0,0,0.07535733121315441,english,comment,True,majority,3-0,0,0
t1_p7n42w7,0,0.5590493679046631,0.2373046875,1,0,0.5279689977417463,tagalog,comment,True,majority,3-0,0,0
t1_p73vg5f,0,0.0002780309587251395,-8.1875,0,0,0.020552914313413027,taglish,comment,True,unanimous,3-0,0,0
t1_p5edz8n,0,0.224735289812088,-1.23828125,0,0,0.3579228673626836,english,comment,True,adjudicator,2-1,0,0
t1_p5ja56l,0,0.9782188534736633,3.8046875,1,1,0.857609233190279,english,comment,True,adjudicator,2-1,0,0
t1_p5ixle9,0,0.949669361114502,2.9375,1,1,0.8000033656797756,taglish,comment,True,majority,3-0,0,0
t1_p7m1gd8,0,0.0006667023408226669,-7.3125,0,0,0.03073784588783257,taglish,comment,True,unanimous,3-0,0,0
t1_p4zt1ck,0,0.0008295890875160694,-7.09375,0,0,0.03396714199210455,english,comment,True,majority,3-0,0,0
t1_p4ztvqr,0,0.0015487609198316932,-6.46875,0,0,0.04509487096205979,english,comment,True,majority,3-0,0,0
t1_p65rl4s,0,0.00019110430730506778,-8.5625,0,0,0.017276817509829366,taglish,comment,True,majority,3-0,0,0
t1_p5cqd1t,0,0.0003150386910419911,-8.0625,0,0,0.02177465618964468,english,comment,True,majority,3-0,0,0
t1_p750jhx,0,0.043042849749326706,-3.1015625,0,0,0.1878955736670969,tagalog,comment,True,adjudicator,2-1,0,0
t1_p7jvm4b,0,0.000503335555549711,-7.59375,0,0,0.0270203526419373,taglish,comment,True,adjudicator,2-1,0,0
t1_p4zvx9f,0,0.00015843621804378927,-8.75,0,0,0.015836882188294453,taglish,comment,True,majority,3-0,0,0
t1_p5j1kgj,0,0.00018522572645451874,-8.59375,0,0,0.017028195003355763,taglish,comment,True,unanimous,3-0,0,0
t1_p3ler51,0,0.00029595711384899914,-8.125,0,0,0.021155157910186486,taglish,comment,True,unanimous,3-0,0,0
t1_p476uv7,1,0.001098731067031622,-6.8125,0,0,0.03860246423474041,taglish,comment,True,unanimous,3-0,1,1
t1_p30a4s6,0,0.0015731120947748423,-6.453125,0,0,0.045413473240970004,taglish,comment,True,majority,3-0,0,0
t1_p5c4jtq,0,0.00015356240328401327,-8.78125,0,0,0.015608651990047488,taglish,comment,True,majority,3-0,0,0
t1_p5dxeej,0,0.013222821988165379,-4.3125,0,0,0.115553439979554,english,comment,True,majority,3-0,0,0
t1_p6038wl,0,0.0002531563804950565,-8.28125,0,0,0.01968089870107938,tagalog,comment,True,adjudicator,2-1,0,0
t1_p5dudd2,0,0.006589771714061499,-5.015625,0,0,0.08571928680855494,taglish,comment,True,majority,3-0,0,0
t1_p7eq17k,0,0.00023782203788869083,-8.34375,0,0,0.019119804431367213,taglish,comment,True,majority,3-0,0,0
t1_p2sh721,0,0.002889581024646759,-5.84375,0,0,0.059643002388580786,taglish,comment,True,majority,3-0,0,0
t1_p72ux8i,0,0.0014779430348426104,-6.515625,0,0,0.04415179507195838,taglish,comment,True,unanimous,3-0,0,0
t1_p7jc3l4,0,0.0018102111062034965,-6.3125,0,0,0.04837889464610664,english,comment,True,majority,3-0,0,0
t1_p2k9kv6,0,0.0002453695051372051,-8.3125,0,0,0.019398363103724895,taglish,comment,True,majority,3-0,0,0
t1_p519jeo,0,0.0017007224960252643,-6.375,0,0,0.047038890753109214,english,comment,True,majority,3-0,0,0
t1_p5v09nw,0,0.00044421834172680974,-7.71875,0,0,0.025511958970476818,tagalog,comment,True,adjudicator,2-1,0,0
t1_p6y4rd2,0,0.00028685410507023335,-8.15625,0,0,0.02085190827517527,tagalog,comment,True,adjudicator,2-1,0,0
t1_p41aqpx,0,0.00016865275392774493,-8.6875,0,0,0.01630323634424839,taglish,comment,True,unanimous,3-0,0,0
t1_p7mvf0k,0,0.3178495764732361,-0.763671875,0,0,0.41086149818956963,tagalog,comment,True,adjudicator,2-1,0,0
t1_p71vz3p,0,0.002714985515922308,-5.90625,0,0,0.058010022934042706,english,comment,True,majority,3-0,0,0
t1_p718k7g,0,0.001957016997039318,-6.234375,0,0,0.05010487813909444,taglish,comment,True,majority,3-0,0,0
t1_p5exghx,0,0.0002234163403045386,-8.40625,0,0,0.0185744036350895,taglish,comment,True,unanimous,3-0,0,0
t1_p4wexfv,0,0.0003514382697176188,-7.953125,0,0,0.022901720608758704,english,comment,True,majority,3-0,0,0
t1_p77y3tq,0,0.023870835080742836,-3.7109375,0,0,0.14787961400259747,english,comment,True,majority,3-0,0,0
t1_p77hi9i,0,0.0004512105952017009,-7.703125,0,0,0.025695928015708334,taglish,comment,True,unanimous,3-0,0,0
t1_p7lmfqb,0,0.6867902874946594,0.78515625,1,0,0.5915905200238211,english,comment,True,majority,3-0,0,0
t1_p4y743x,0,0.006003595422953367,-5.109375,0,0,0.08231476848774687,taglish,comment,True,unanimous,3-0,0,0
t1_p7d3xht,0,0.000954731716774404,-6.953125,0,0,0.03621349229997963,english,comment,True,majority,3-0,0,0
t1_p7mkum3,0,0.0008693673880770802,-7.046875,0,0,0.0347005727280882,tagalog,comment,True,adjudicator,3-0,0,0
t1_p6672dj,0,0.02460992895066738,-3.6796875,0,0,0.14974769949724723,english,comment,True,majority,3-0,0,0
t1_p2vay48,0,0.0010162440594285727,-6.890625,0,0,0.037257168128185254,english,comment,True,majority,3-0,0,0
t1_p3yx4vy,0,0.00020342698553577065,-8.5,0,0,0.017784807688689,taglish,comment,True,majority,3-0,0,0
t1_p7jqme1,0,0.6562178134918213,0.646484375,1,0,0.5756887777513715,english,comment,True,adjudicator,2-1,0,1
t1_p5eh644,0,0.00011591933434829116,-9.0625,0,0,0.0136950588297111,english,comment,True,majority,3-0,0,0
t1_p604btm,0,0.00013135180051904172,-8.9375,0,0,0.014515185578252019,taglish,comment,True,majority,3-0,0,0
t1_p72c1fl,0,0.0006563728675246239,-7.328125,0,0,0.03051891012693075,taglish,comment,True,unanimous,3-0,0,0
t1_p2xad8j,0,0.000368297885870561,-7.90625,0,0,0.02340201080068125,english,comment,True,adjudicator,3-0,0,0
t1_p6ytwrm,0,0.00014883848780300468,-8.8125,0,0,0.01538365947509992,taglish,comment,True,unanimous,3-0,0,0
t1_p7jja9e,0,0.00013982209202367812,-8.875,0,0,0.014943210231750199,taglish,comment,True,majority,3-0,0,0
t1_p4tjekx,0,0.00013135180051904172,-8.9375,0,0,0.014515185578252019,taglish,comment,True,majority,3-0,0,0
t1_p735tk6,0,0.0004044815432280302,-7.8125,0,0,0.024434790839823858,taglish,comment,True,unanimous,3-0,0,0
t1_p76eq8s,0,0.00017400544311385602,-8.65625,0,0,0.01654145211400056,taglish,comment,True,majority,3-0,0,0
t1_p7m9t0d,0,0.00023050670279189944,-8.375,0,0,0.018845168962051597,english,comment,True,unanimous,3-0,0,0
t1_p7mvl6b,0,0.00034599160426296294,-7.96875,0,0,0.022737289731656573,taglish,comment,True,unanimous,3-0,0,0
t1_p49e6ux,0,0.00043055706191807985,-7.75,0,0,0.02514786105690503,taglish,comment,True,majority,3-0,0,0
t1_p4ya5u5,0,0.00048029719619080424,-7.640625,0,0,0.02644480383695967,tagalog,comment,True,majority,3-0,0,0
t1_p6hjw94,0,0.00023782203788869083,-8.34375,0,0,0.019119804431367213,tagalog,comment,True,majority,3-0,0,0
t1_p3zksmu,0,0.0005112578510306776,-7.578125,0,0,0.02721489507981704,english,comment,True,majority,3-0,0,0
t1_p5dme0f,0,0.937210738658905,2.703125,1,1,0.7817178069871589,tagalog,comment,True,adjudicator,2-1,0,1
t1_p5ejp4e,0,0.008985428139567375,-4.703125,0,0,0.09800597599511505,taglish,comment,True,unanimous,3-0,0,0
t1_p5jd9bp,0,0.00031999824568629265,-8.046875,0,0,0.021932281756156215,taglish,comment,True,majority,3-0,0,0
t1_p5l9nof,0,0.0004108485300093889,-7.796875,0,0,0.024611188501749405,english,comment,True,majority,3-0,0,0
t1_p5n7jts,0,0.0016484829830005765,-6.40625,0,0,0.04638219068915031,english,comment,True,majority,3-0,0,0
t1_p4mhd55,1,0.006388320587575436,-5.046875,0,0,0.08457050093699602,tagalog,comment,True,adjudicator,2-1,1,0
t1_p5ph2jq,0,0.0003406293399166316,-7.984375,0,0,0.02257401216801346,taglish,comment,True,majority,3-0,0,0
t1_p2w9oei,0,0.002082970691844821,-6.171875,0,0,0.05152750064908467,taglish,comment,True,majority,3-0,0,0
t1_p510vmj,0,0.0008559005800634623,-7.0625,0,0,0.034454415065816514,taglish,comment,True,unanimous,3-0,0,0
t1_p6zmxsw,0,0.0003053489199373871,-8.09375,0,0,0.021462721039604792,taglish,comment,True,unanimous,3-0,0,0
t1_p51brua,0,0.0003625900426413864,-7.921875,0,0,0.023234073329028593,taglish,comment,True,majority,3-0,0,0
t1_p7jfc3n,0,0.04569203034043312,-3.0390625,0,0,0.19243789031714723,tagalog,comment,True,adjudicator,2-1,0,1
t1_p4ye92r,0,0.15662017464637756,-1.68359375,0,0,0.3111924363356134,english,comment,True,adjudicator,2-1,0,1
t1_p4ugrsw,0,0.00037998449988663197,-7.875,0,0,0.023741447387140673,taglish,comment,True,majority,3-0,0,0
t1_p47gmnm,1,0.36048904061317444,-0.5732421875,0,0,0.4327759328479094,taglish,comment,True,unanimous,3-0,1,1
t1_p5oes9v,0,0.00021654405281879008,-8.4375,0,0,0.018307456044784155,taglish,comment,True,majority,3-0,0,0
t3_1vqn89y,0,0.00130450667347759,-6.640625,0,0,0.04172806467406166,taglish,submission,True,majority,3-0,0,0
t1_p7hifqm,0,0.0012843081494793296,-6.65625,0,0,0.04143419544840811,taglish,comment,True,unanimous,3-0,0,0
t1_p7go7aw,0,0.6118459105491638,0.455078125,1,0,0.5534866358375671,tagalog,comment,True,majority,3-0,0,0
t1_p7jccwe,0,0.056236349046230316,-2.8203125,0,0,0.2089923052586785,taglish,comment,True,majority,3-0,0,0
t1_p7japha,0,0.010986942797899246,-4.5,0,0,0.10681291603977841,english,comment,True,unanimous,3-0,0,0
t1_p50bd28,0,0.002115703420713544,-6.15625,0,0,0.05188908086080411,english,comment,True,majority,3-0,0,0
t1_p3h4gof,0,0.0004655269149225205,-7.671875,0,0,0.026067748813795623,taglish,comment,True,majority,3-0,0,0
t1_p30c16v,0,0.00047285438631661236,-7.65625,0,0,0.02625561772642195,taglish,comment,True,unanimous,3-0,0,0
t1_p5quwpa,0,0.0002531563804950565,-8.28125,0,0,0.01968089870107938,taglish,comment,True,unanimous,3-0,0,0
t1_p5bjg1z,0,0.00039204180939123034,-7.84375,0,0,0.024085685937551053,tagalog,comment,True,unanimous,3-0,0,0
t1_p5ds095,0,0.0009399438858963549,-6.96875,0,0,0.03595700211729108,taglish,comment,True,unanimous,3-0,0,0
t1_p504bel,0,0.00017952795315068215,-8.625,0,0,0.016783089203401026,taglish,comment,True,majority,3-0,0,0
t1_p73e7sh,0,0.005641908384859562,-5.171875,0,0,0.08011393725152342,tagalog,comment,True,majority,3-0,0,0
t1_p65qf4l,0,0.00019110430730506778,-8.5625,0,0,0.017276817509829366,taglish,comment,True,unanimous,3-0,0,0
t1_p58i4p2,0,0.7559974193572998,1.130859375,1,1,0.6303443958823575,tagalog,comment,True,adjudicator,2-1,0,0
t1_p74mk0m,0,0.00023050670279189944,-8.375,0,0,0.018845168962051597,taglish,comment,True,majority,3-0,0,0
t1_p5j68cx,0,0.00013135180051904172,-8.9375,0,0,0.014515185578252019,taglish,comment,True,unanimous,3-0,0,0
t1_p7m4xe0,0,0.0008295890875160694,-7.09375,0,0,0.03396714199210455,taglish,comment,True,unanimous,3-0,0,0
t1_p4z83fm,0,0.001597845577634871,-6.4375,0,0,0.045734218686383936,taglish,comment,True,unanimous,3-0,0,0
t1_p50mpty,0,0.0002824080584105104,-8.171875,0,0,0.020701882921589226,taglish,comment,True,unanimous,3-0,0,0
t1_p7lp8ow,0,0.00130450667347759,-6.640625,0,0,0.04172806467406166,taglish,comment,True,majority,3-0,0,0
t1_p6x4mu1,0,0.0005703156930394471,-7.46875,0,0,0.028615311204358576,english,comment,True,majority,3-0,0,0
t1_p5r16hi,0,0.0012065897462889552,-6.71875,0,0,0.040278404952754095,english,comment,True,majority,3-0,0,0
t1_p4ftgtn,0,0.00020342698553577065,-8.5,0,0,0.017784807688689,taglish,comment,True,majority,3-0,0,0
t1_p5ez6vx,0,0.00019110430730506778,-8.5625,0,0,0.017276817509829366,taglish,comment,True,majority,3-0,0,0
t1_p4tqbd1,0,0.0003150386910419911,-8.0625,0,0,0.02177465618964468,taglish,comment,True,unanimous,3-0,0,0
t1_p3z0j6s,0,0.00018522572645451874,-8.59375,0,0,0.017028195003355763,taglish,comment,True,unanimous,3-0,0,0
t1_p5g5asp,0,0.0010649627074599266,-6.84375,0,0,0.03805883954731496,tagalog,comment,True,adjudicator,2-1,0,0
t1_p2rpnhz,0,0.0005976693355478346,-7.421875,0,0,0.0292366806331,taglish,comment,True,unanimous,3-0,0,0
t1_p7ly0w3,0,0.00016346470511052758,-8.71875,0,0,0.016068395102116665,taglish,comment,True,adjudicator,2-1,0,1
t1_p6f3ozn,0,0.00016346470511052758,-8.71875,0,0,0.016068395102116665,taglish,comment,True,majority,3-0,0,0
t1_p7icutd,0,0.00031999824568629265,-8.046875,0,0,0.021932281756156215,taglish,comment,True,adjudicator,2-1,0,0
t1_p5vqijr,0,0.0007437028689309955,-7.203125,0,0,0.03231352321286328,taglish,comment,True,adjudicator,2-1,0,1
t1_p5cir1k,0,0.00970847625285387,-4.625,0,0,0.1013139766319345,taglish,comment,True,adjudicator,3-0,0,0
t1_p50zwiu,0,0.0007437028689309955,-7.203125,0,0,0.03231352321286328,english,comment,True,majority,3-0,0,0
t1_p4m9dmq,0,0.22884514927864075,-1.21484375,0,0,0.3604688222819009,taglish,comment,True,unanimous,3-0,0,0
t1_p77izwt,0,0.0008040859247557819,-7.125,0,0,0.03348652119956184,taglish,comment,True,majority,3-0,0,0
t1_p7inl7t,0,0.0008040859247557819,-7.125,0,0,0.03348652119956184,tagalog,comment,True,adjudicator,2-1,0,0
t1_p5gglm7,0,0.0018102111062034965,-6.3125,0,0,0.04837889464610664,english,comment,True,majority,3-0,0,0
t1_p73uwex,0,0.002714985515922308,-5.90625,0,0,0.058010022934042706,english,comment,True,adjudicator,2-1,0,1
t1_p5ra2t3,0,0.000954731716774404,-6.953125,0,0,0.03621349229997963,taglish,comment,True,adjudicator,3-0,0,1
t3_1vmb9un,0,0.0004044815432280302,-7.8125,0,0,0.024434790839823858,taglish,submission,True,majority,3-0,0,0
t1_p2zdon7,0,0.00018522572645451874,-8.59375,0,0,0.017028195003355763,taglish,comment,True,majority,3-0,0,0
t1_p50z0ju,0,0.00039204180939123034,-7.84375,0,0,0.024085685937551053,english,comment,True,majority,3-0,0,0
t1_p7ml5a1,0,0.001081715221516788,-6.828125,0,0,0.03832972654680813,tagalog,comment,True,majority,3-0,0,0
t1_p3l66jl,0,0.0005357805639505386,-7.53125,0,0,0.027806725558990938,taglish,comment,True,majority,3-0,0,0
t1_p7jemz9,0,0.0007437028689309955,-7.203125,0,0,0.03231352321286328,tagalog,comment,True,adjudicator,2-1,0,0
t1_p7mwmwk,0,0.0007437028689309955,-7.203125,0,0,0.03231352321286328,tagalog,comment,True,adjudicator,2-1,0,0
t1_p7jgx0i,0,0.0020507436711341143,-6.1875,0,0,0.05116830406735996,english,comment,True,majority,3-0,0,0
t1_p6ikt1f,0,0.00015356240328401327,-8.78125,0,0,0.015608651990047488,taglish,comment,True,unanimous,3-0,0,0
t1_p51aow7,0,0.6053325533866882,0.427734375,1,0,0.5502952620151562,tagalog,comment,True,adjudicator,2-1,0,1
t1_p3ka5g5,0,0.00017952795315068215,-8.625,0,0,0.016783089203401026,taglish,comment,True,majority,3-0,0,0
t1_p6ezwnm,0,0.0002913700882345438,-8.140625,0,0,0.021002997536154276,taglish,comment,True,unanimous,3-0,0,0
t1_p6xmt4g,0,0.004681822843849659,-5.359375,0,0,0.07383030447741767,english,comment,True,unanimous,3-0,0,0
t1_p4syu2n,0,0.00047285438631661236,-7.65625,0,0,0.02625561772642195,taglish,comment,True,unanimous,3-0,0,0
t1_p5d24xa,0,0.00019110430730506778,-8.5625,0,0,0.017276817509829366,taglish,comment,True,majority,3-0,0,0
t1_p4k03fn,0,0.0009697519708424807,-6.9375,0,0,0.03647174287267743,taglish,comment,True,majority,3-0,0,0
t1_p7jfceu,0,0.00026119034737348557,-8.25,0,0,0.019967465612926186,taglish,comment,True,adjudicator,2-1,0,0
t1_p6021og,0,0.00026947917649522424,-8.21875,0,0,0.020258118902574063,taglish,comment,True,majority,3-0,0,0
t1_p67e96u,0,0.00015843621804378927,-8.75,0,0,0.015836882188294453,taglish,comment,True,majority,3-0,0,0
t1_p74ni1s,0,0.0002780309587251395,-8.1875,0,0,0.020552914313413027,taglish,comment,True,unanimous,3-0,0,0
t1_p2v09zt,0,0.0012255674228072166,-6.703125,0,0,0.04056442370730197,english,comment,True,unanimous,3-0,0,0
t1_p5ic7oc,0,0.0005442132824100554,-7.515625,0,0,0.02800676679122609,tagalog,comment,True,adjudicator,2-1,0,0
t1_p4bac9p,0,0.0009850084315985441,-6.921875,0,0,0.03673176492726088,english,comment,True,majority,3-0,0,0
t1_p5csube,0,0.0007793660624884069,-7.15625,0,0,0.033012468591462826,taglish,comment,True,majority,3-0,0,0
t1_p5bon51,0,0.0003301527467556298,-8.015625,0,0,0.022250886231358458,english,comment,True,unanimous,3-0,0,0
t1_p4zv9bw,0,0.00047285438631661236,-7.65625,0,0,0.02625561772642195,english,comment,True,majority,3-0,0,0
t1_p7jvixv,0,0.0012065897462889552,-6.71875,0,0,0.040278404952754095,taglish,comment,True,unanimous,3-0,0,0
t1_p608ypt,0,0.002800926798954606,-5.875,0,0,0.058821200250141294,taglish,comment,True,majority,3-0,0,0
t1_p5zf353,0,0.00018522572645451874,-8.59375,0,0,0.017028195003355763,taglish,comment,True,adjudicator,3-0,0,0
t1_p7e7azv,0,0.0006771942717023194,-7.296875,0,0,0.03095830209077361,taglish,comment,True,majority,3-0,0,0
t1_p738w2t,0,0.00016346470511052758,-8.71875,0,0,0.016068395102116665,taglish,comment,True,majority,3-0,0,0
t1_p4mzxo3,0,0.00020342698553577065,-8.5,0,0,0.017784807688689,taglish,comment,True,majority,3-0,0,0
t1_p6yzu9z,0,0.011869121342897415,-4.421875,0,0,0.11038180034811214,english,comment,True,majority,3-0,0,0
t1_p6esv7s,0,0.037892427295446396,-3.234375,0,0,0.17851783129283252,taglish,comment,True,adjudicator,2-1,0,1
t1_p5hpawa,0,0.0002234163403045386,-8.40625,0,0,0.0185744036350895,taglish,comment,True,adjudicator,2-1,0,0
t1_p4z36l3,0,0.002396730938926339,-6.03125,0,0,0.05486920961379362,english,comment,True,majority,3-0,0,0
t1_p58fd3g,0,0.005384938325732946,-5.21875,0,0,0.07849870644206831,taglish,comment,True,unanimous,3-0,0,0
t1_p30fljf,0,0.9304582476615906,2.59375,1,1,0.7727819855346225,taglish,comment,True,majority,3-0,0,0
t1_p5qkjrq,0,0.00016346470511052758,-8.71875,0,0,0.016068395102116665,taglish,comment,True,majority,3-0,0,0
t1_p60d1bd,0,0.012722708284854889,-4.3515625,0,0,0.11368267447051084,taglish,comment,True,unanimous,3-0,0,0
t1_p7jqza1,0,0.00029595711384899914,-8.125,0,0,0.021155157910186486,taglish,comment,True,majority,3-0,0,0
t1_p5gymw6,0,0.0008295890875160694,-7.09375,0,0,0.03396714199210455,taglish,comment,True,majority,3-0,0,0
t1_p689bta,0,0.00014883848780300468,-8.8125,0,0,0.01538365947509992,taglish,comment,True,unanimous,3-0,0,0
t1_p4trxcb,0,0.9977830052375793,6.109375,1,1,0.9470117376891201,english,comment,True,majority,3-0,0,0
t1_p71fq9m,0,0.0006986756343394518,-7.265625,0,0,0.03140381522505015,english,comment,True,majority,3-0,0,0
t1_p4tq755,0,0.0002780309587251395,-8.1875,0,0,0.020552914313413027,taglish,comment,True,majority,3-0,0,0
t1_p7mad9j,0,0.0018969200318679214,-6.265625,0,0,0.049407593682287,english,comment,True,adjudicator,2-1,0,0
t1_p7dvqqn,0,0.001032231142744422,-6.875,0,0,0.037522571737080984,taglish,comment,True,unanimous,3-0,0,0
t1_p78axio,0,0.00017400544311385602,-8.65625,0,0,0.01654145211400056,tagalog,comment,True,adjudicator,3-0,0,1
t1_p488our,1,0.027376487851142883,-3.5703125,0,0,0.15643938678658748,tagalog,comment,True,majority,3-0,1,1
t1_p4kzjke,0,0.28219619393348694,-0.93359375,0,0,0.3915985872237073,taglish,comment,True,unanimous,3-0,0,0
t1_p72isee,0,0.07004895806312561,-2.5859375,0,0,0.22786606738360887,tagalog,comment,True,adjudicator,2-1,0,0
t1_p3jjc8b,0,0.0003053489199373871,-8.09375,0,0,0.021462721039604792,taglish,comment,True,unanimous,3-0,0,0
t1_p50wwmj,0,0.00011235327838221565,-9.09375,0,0,0.01349727179182727,taglish,comment,True,majority,3-0,0,0
t1_p5d8opu,0,0.0002531563804950565,-8.28125,0,0,0.01968089870107938,taglish,comment,True,unanimous,3-0,0,0
t1_p65ruus,0,0.0022872276604175568,-6.078125,0,0,0.053733223922581244,taglish,comment,True,majority,3-0,0,0
t1_p7mgrfd,0,0.00014883848780300468,-8.8125,0,0,0.01538365947509992,taglish,comment,True,unanimous,3-0,0,0
t1_p3mhfo6,0,0.00014883848780300468,-8.8125,0,0,0.01538365947509992,taglish,comment,True,majority,3-0,0,0
t1_p3m0mud,0,0.00047285438631661236,-7.65625,0,0,0.02625561772642195,taglish,comment,True,majority,3-0,0,0
t1_p3munuh,0,0.0023231625091284513,-6.0625,0,0,0.054109399189183255,taglish,comment,True,majority,3-0,0,0
t1_p4tfxen,0,0.0004173157794866711,-7.78125,0,0,0.024788827241751656,taglish,comment,True,majority,3-0,0,0
t1_p4yjuu7,0,0.00013982209202367812,-8.875,0,0,0.014943210231750199,taglish,comment,True,majority,3-0,0,0
t1_p6eubm2,0,0.00023050670279189944,-8.375,0,0,0.018845168962051597,taglish,comment,True,majority,3-0,0,0
t1_p6xpcuo,0,0.00016346470511052758,-8.71875,0,0,0.016068395102116665,english,comment,True,majority,3-0,0,0
t1_p5n92hr,0,0.000458312890259549,-7.6875,0,0,0.025881188445069564,english,comment,True,majority,3-0,0,0
t1_p5qwx84,0,0.00023050670279189944,-8.375,0,0,0.018845168962051597,taglish,comment,True,unanimous,3-0,0,0
t1_p7lq1th,0,0.0014779430348426104,-6.515625,0,0,0.04415179507195838,taglish,comment,True,majority,3-0,0,0
t1_p75ob5u,0,0.0007437028689309955,-7.203125,0,0,0.03231352321286328,taglish,comment,True,unanimous,3-0,0,0
t1_p2z0c2h,0,0.0011160142021253705,-6.796875,0,0,0.038877064150390654,taglish,comment,True,majority,3-0,0,0
t1_p6ez7qi,0,0.00017952795315068215,-8.625,0,0,0.016783089203401026,taglish,comment,True,majority,3-0,0,0
t1_p6lolqe,0,0.00014425987319555134,-8.84375,0,0,0.015161860185539942,taglish,comment,True,unanimous,3-0,0,0
t1_p50ctyp,0,0.0006263342220336199,-7.375,0,0,0.029871127919826993,english,comment,True,majority,3-0,0,0
t1_p3oyqez,0,0.00032503585680387914,-8.03125,0,0,0.022091022597782797,taglish,comment,True,majority,3-0,0,0
t1_p70sbs8,0,0.00016346470511052758,-8.71875,0,0,0.016068395102116665,taglish,comment,True,majority,3-0,0,0
t1_p5pm0vy,0,0.003123648464679718,-5.765625,0,0,0.061744774032921994,taglish,comment,True,majority,3-0,0,0
t1_p7mguuu,0,0.00014425987319555134,-8.84375,0,0,0.015161860185539942,taglish,comment,True,unanimous,3-0,0,0
t1_p3lcqvl,0,0.00013552079326473176,-8.90625,0,0,0.014727666286364498,taglish,comment,True,majority,3-0,0,0
t1_p6282jb,0,0.00021654405281879008,-8.4375,0,0,0.018307456044784155,taglish,comment,True,unanimous,3-0,0,0
t1_p6ytiix,0,0.000487857119878754,-7.625,0,0,0.02663531584906979,taglish,comment,True,majority,3-0,0,0
t1_p6evgfw,1,0.012241275049746037,-4.390625,0,0,0.11183836614088327,taglish,comment,True,adjudicator,2-1,1,0
t1_p67ovho,0,0.00016346470511052758,-8.71875,0,0,0.016068395102116665,taglish,comment,True,unanimous,3-0,0,0
t1_p3sk7t4,0,0.00026947917649522424,-8.21875,0,0,0.020258118902574063,taglish,comment,True,majority,3-0,0,0
t1_p6f404a,0,0.000458312890259549,-7.6875,0,0,0.025881188445069564,taglish,comment,True,unanimous,3-0,0,0
t1_p27hhzv,0,0.0006986756343394518,-7.265625,0,0,0.03140381522505015,taglish,comment,True,majority,3-0,0,0
t1_p7ild8v,0,0.00016865275392774493,-8.6875,0,0,0.01630323634424839,taglish,comment,True,majority,3-0,0,0
t1_p5rzcd3,0,0.00034599160426296294,-7.96875,0,0,0.022737289731656573,taglish,comment,True,majority,3-0,0,0
t1_p5cv1qg,0,0.00014883848780300468,-8.8125,0,0,0.01538365947509992,taglish,comment,True,majority,3-0,0,0
t1_p4x28yv,0,0.008847354911267757,-4.71875,0,0,0.09735603643252977,taglish,comment,True,majority,3-0,0,0
t1_p6z15di,0,0.00034599160426296294,-7.96875,0,0,0.022737289731656573,english,comment,True,adjudicator,3-0,0,0
t1_p7jyop2,0,0.00015843621804378927,-8.75,0,0,0.015836882188294453,taglish,comment,True,unanimous,3-0,0,0
t1_p6w5zbn,0,0.0025509123224765062,-5.96875,0,0,0.05641907072739921,taglish,comment,True,majority,3-0,0,0
t1_p73ahuj,0,0.00806199200451374,-4.8125,0,0,0.09353662423818863,english,comment,True,unanimous,3-0,0,0
t1_p74x1nf,1,0.00020988310279790312,-8.46875,0,0,0.018044274434158715,tagalog,comment,True,adjudicator,2-1,1,0
t1_p6botey,0,0.004609572235494852,-5.375,0,0,0.07332765550932573,taglish,comment,True,majority,3-0,0,0
t1_p6evpkm,0,0.00026119034737348557,-8.25,0,0,0.019967465612926186,taglish,comment,True,majority,3-0,0,0
t1_p5tv2qk,0,0.0009110511746257544,-7.0,0,0,0.03544925883251523,english,comment,True,majority,3-0,0,0
t1_p3sy17w,0,0.00029595711384899914,-8.125,0,0,0.021155157910186486,taglish,comment,True,majority,3-0,0,0
t1_p3kalyf,0,0.0002780309587251395,-8.1875,0,0,0.020552914313413027,taglish,comment,True,majority,3-0,0,0
t1_p5h62ud,1,0.6632328629493713,0.677734375,1,0,0.5792872163485735,english,comment,True,adjudicator,2-1,1,1
t1_p50utv7,0,0.00021654405281879008,-8.4375,0,0,0.018307456044784155,taglish,comment,True,unanimous,3-0,0,0
t1_p522mcr,0,0.0011695103021338582,-6.75,0,0,0.03971215349912928,english,comment,True,majority,3-0,0,0
t1_p3vjky6,0,0.0002531563804950565,-8.28125,0,0,0.01968089870107938,taglish,comment,True,unanimous,3-0,0,0
t1_p4ygdhd,0,0.014615669846534729,-4.2109375,0,0,0.12054302825639543,taglish,comment,True,unanimous,3-0,0,0
t1_p736y0f,0,0.00013982209202367812,-8.875,0,0,0.014943210231750199,taglish,comment,True,unanimous,3-0,0,0
t1_p73zbxp,0,0.00023050670279189944,-8.375,0,0,0.018845168962051597,english,comment,True,majority,3-0,0,0
t1_p7jcdnk,0,0.0003101559996139258,-8.078125,0,0,0.021618138426447542,tagalog,comment,True,majority,3-0,0,0
t1_p7mq97s,0,0.0007321811863221228,-7.21875,0,0,0.03208373590673702,taglish,comment,True,unanimous,3-0,0,0
t1_p4ym2y4,0,0.09009299427270889,-2.3125,0,0,0.2513632702817392,tagalog,comment,True,adjudicator,2-1,0,0
t1_p4tomgf,0,0.0003625900426413864,-7.921875,0,0,0.023234073329028593,taglish,comment,True,unanimous,3-0,0,0
t1_p7lm5q5,0,0.0026316740550100803,-5.9375,0,0,0.05720935223326406,taglish,comment,True,majority,3-0,0,0
t1_p5f3e8k,0,0.011331754736602306,-4.46875,0,0,0.10822811718400513,taglish,comment,True,unanimous,3-0,0,0
t1_p4yfvny,0,0.00015356240328401327,-8.78125,0,0,0.015608651990047488,english,comment,True,majority,3-0,0,0
t1_p3y7ali,0,0.000458312890259549,-7.6875,0,0,0.025881188445069564,taglish,comment,True,unanimous,3-0,0,0
t1_p44iais,1,0.0007672924548387527,-7.171875,0,0,0.03277787931535875,tagalog,comment,True,adjudicator,2-1,1,1
t1_p634v7k,0,0.009125636890530586,-4.6875,0,0,0.09865978024256114,taglish,comment,True,adjudicator,2-1,0,0
t1_p3kxdda,0,0.00016346470511052758,-8.71875,0,0,0.016068395102116665,taglish,comment,True,majority,3-0,0,0
t1_p51ab74,1,0.9489172697067261,2.921875,1,1,0.7988209272120551,taglish,comment,True,unanimous,3-0,1,1
t1_p4isyyt,0,0.0005112578510306776,-7.578125,0,0,0.02721489507981704,taglish,comment,True,unanimous,3-0,0,0
t1_p50842h,0,0.00049553596181795,-7.609375,0,0,0.026827162516236146,english,comment,True,adjudicator,2-1,0,0
t1_p6z9kzi,0,0.0012065897462889552,-6.71875,0,0,0.040278404952754095,english,comment,True,majority,3-0,0,0
t1_p50wffb,0,0.0013250225456431508,-6.625,0,0,0.04202392677301189,tagalog,comment,True,adjudicator,2-1,0,1
t1_p6xi91m,0,0.0013885231455788016,-6.578125,0,0,0.042923592740846686,tagalog,comment,True,adjudicator,2-1,0,0
t1_p7jdqff,0,0.00023782203788869083,-8.34375,0,0,0.019119804431367213,taglish,comment,True,unanimous,3-0,0,0
t1_p3h5ed1,0,0.00015843621804378927,-8.75,0,0,0.015836882188294453,taglish,comment,True,majority,3-0,0,0
t1_p2uhgpo,0,0.00048029719619080424,-7.640625,0,0,0.02644480383695967,taglish,comment,True,unanimous,3-0,0,0
t1_p3kazge,0,0.00028685410507023335,-8.15625,0,0,0.02085190827517527,taglish,comment,True,majority,3-0,0,0
t1_p6et4if,0,0.00037998449988663197,-7.875,0,0,0.023741447387140673,taglish,comment,True,adjudicator,2-1,0,0
t1_p7lp75f,0,0.0008969393675215542,-7.015625,0,0,0.03519798382451949,english,comment,True,adjudicator,2-1,0,0
t1_p3vr43x,0,0.0015731120947748423,-6.453125,0,0,0.045413473240970004,taglish,comment,True,majority,3-0,0,0
t1_p3h8xyj,0,0.013020490296185017,-4.328125,0,0,0.11480194295663033,taglish,comment,True,unanimous,3-0,0,0
t1_p79ns9o,0,0.0008426423300988972,-7.078125,0,0,0.03420994170354485,english,comment,True,majority,3-0,0,0
t3_1vrl5t7,0,0.00172745855525136,-6.359375,0,0,0.04737054648377908,taglish,submission,True,unanimous,3-0,0,0
t3_1vohxr0,0,0.0014325366355478764,-6.546875,0,0,0.04353355986238644,english,submission,True,unanimous,3-0,0,0
t1_p5dxf1t,0,0.0002913700882345438,-8.140625,0,0,0.021002997536154276,tagalog,comment,True,majority,3-0,0,0
t1_p71jr3h,0,0.00015843621804378927,-8.75,0,0,0.015836882188294453,english,comment,True,majority,3-0,0,0
t1_p6d4zgn,0,0.0002453695051372051,-8.3125,0,0,0.019398363103724895,taglish,comment,True,majority,3-0,0,0
t1_p73mipe,0,0.0028449094388633966,-5.859375,0,0,0.05923076579819958,english,comment,True,unanimous,3-0,0,0
t1_p6mfrhg,0,0.00013982209202367812,-8.875,0,0,0.014943210231750199,taglish,comment,True,majority,3-0,0,0
t1_p4zsnp2,0,0.0005976693355478346,-7.421875,0,0,0.0292366806331,taglish,comment,True,unanimous,3-0,0,0
t1_p6fksty,0,0.0007672924548387527,-7.171875,0,0,0.03277787931535875,taglish,comment,True,majority,3-0,0,0
t1_p5cq40n,0,0.00015356240328401327,-8.78125,0,0,0.015608651990047488,taglish,comment,True,majority,3-0,0,0
t1_p6ewgb7,0,0.0007321811863221228,-7.21875,0,0,0.03208373590673702,english,comment,True,majority,3-0,0,0
t1_p6ywgfy,0,0.0006878511630930007,-7.28125,0,0,0.03118028857300946,english,comment,True,majority,3-0,0,0
t1_p4tr7am,0,0.0003053489199373871,-8.09375,0,0,0.021462721039604792,taglish,comment,True,unanimous,3-0,0,0
t1_p5hqqmw,0,0.001597845577634871,-6.4375,0,0,0.045734218686383936,taglish,comment,True,unanimous,3-0,0,0
t1_p4wgnnz,0,0.007577240467071533,-4.875,0,0,0.0910655305757635,english,comment,True,unanimous,3-0,0,0
t1_p50uybu,0,0.23091977834701538,-1.203125,0,0,0.3617447587415309,taglish,comment,True,adjudicator,2-1,0,1
t1_p74a40m,0,0.03161877021193504,-3.421875,0,0,0.1659080461253231,taglish,comment,True,adjudicator,2-1,0,1
t1_p5cqeji,0,0.00020988310279790312,-8.46875,0,0,0.018044274434158715,taglish,comment,True,majority,3-0,0,0
t1_p6zbzk2,0,0.00048029719619080424,-7.640625,0,0,0.02644480383695967,english,comment,True,majority,3-0,0,0
t1_p4y24nt,1,0.0037654140032827854,-5.578125,0,0,0.06707430949268721,english,comment,True,adjudicator,2-1,1,0
t1_p5zjfdd,0,0.0002531563804950565,-8.28125,0,0,0.01968089870107938,taglish,comment,True,majority,3-0,0,0
t1_p5vxgbr,0,0.00015356240328401327,-8.78125,0,0,0.015608651990047488,taglish,comment,True,majority,3-0,0,0
t1_p4crq2c,0,0.00020988310279790312,-8.46875,0,0,0.018044274434158715,taglish,comment,True,adjudicator,2-1,0,0
t1_p746c5q,0,0.0003625900426413864,-7.921875,0,0,0.023234073329028593,taglish,comment,True,unanimous,3-0,0,0
t1_p4yt2gj,0,0.0029349515680223703,-5.828125,0,0,0.06005792491826349,english,comment,True,majority,3-0,0,0
t1_p7lpalt,0,0.001597845577634871,-6.4375,0,0,0.045734218686383936,taglish,comment,True,unanimous,3-0,0,0
t1_p5d5qz3,0,0.004007288720458746,-5.515625,0,0,0.06894377321631695,taglish,comment,True,unanimous,3-0,0,0
t1_p6exlci,0,0.0013885231455788016,-6.578125,0,0,0.042923592740846686,taglish,comment,True,adjudicator,2-1,0,0
t1_p5dvi1v,0,0.00020988310279790312,-8.46875,0,0,0.018044274434158715,tagalog,comment,True,majority,3-0,0,0
t1_p5ghcml,0,0.00019110430730506778,-8.5625,0,0,0.017276817509829366,taglish,comment,True,majority,3-0,0,0
t1_p5i4qlb,0,0.11757213622331619,-2.015625,0,0,0.27863384188867324,taglish,comment,True,adjudicator,2-1,0,0
t1_p3raf6l,0,0.00029595711384899914,-8.125,0,0,0.021155157910186486,english,comment,True,majority,3-0,0,0
t1_p3uj7ug,0,0.0003150386910419911,-8.0625,0,0,0.02177465618964468,tagalog,comment,True,adjudicator,3-0,0,0
t1_p51584x,0,0.00039204180939123034,-7.84375,0,0,0.024085685937551053,taglish,comment,True,adjudicator,2-1,0,0
t1_p73dyrd,0,0.0007437028689309955,-7.203125,0,0,0.03231352321286328,taglish,comment,True,majority,3-0,0,0
t1_p501ocq,0,0.0027576221618801355,-5.890625,0,0,0.05841429089554832,english,comment,True,majority,3-0,0,0
t3_1vq2ryv,0,0.06187598779797554,-2.71875,0,0,0.2170265410417656,taglish,submission,True,majority,3-0,0,0
t1_p50xp0n,0,0.00014883848780300468,-8.8125,0,0,0.01538365947509992,english,comment,True,adjudicator,3-0,0,0
t1_p2xs4po,0,0.0002234163403045386,-8.40625,0,0,0.0185744036350895,taglish,comment,True,majority,3-0,0,0
t1_p74idhq,0,0.014281933195888996,-4.234375,0,0,0.11937533508207947,english,comment,True,majority,3-0,0,0
t1_p3rv3e5,0,0.07423137128353119,-2.5234375,0,0,0.23309730974532283,taglish,comment,True,majority,3-0,0,0
t1_p5blhoa,1,0.0030278346966952085,-5.796875,0,0,0.06089588762183393,taglish,comment,True,adjudicator,2-1,1,1
t1_p6eu56p,0,0.00017952795315068215,-8.625,0,0,0.016783089203401026,tagalog,comment,True,majority,3-0,0,0
t1_p6j1o6t,0,0.0008167380001395941,-7.109375,0,0,0.03372600533725108,taglish,comment,True,unanimous,3-0,0,0
t1_p7bmr4c,0,0.00031999824568629265,-8.046875,0,0,0.021932281756156215,tagalog,comment,True,adjudicator,2-1,0,0
t1_p775bkl,0,0.0005112578510306776,-7.578125,0,0,0.02721489507981704,taglish,comment,True,majority,3-0,0,0
t1_p5qj6s9,0,0.00017952795315068215,-8.625,0,0,0.016783089203401026,tagalog,comment,True,adjudicator,3-0,0,0
t1_p61xtg2,0,0.00020342698553577065,-8.5,0,0,0.017784807688689,taglish,comment,True,adjudicator,2-1,0,0
t1_p74vd03,0,0.00012339458044152707,-9.0,0,0,0.01409924553460658,taglish,comment,True,majority,3-0,0,0
t3_1vtewfp,0,0.005139610730111599,-5.265625,0,0,0.07691331850335087,taglish,submission,True,majority,3-0,0,0
t1_p6fpx4u,0,0.0003150386910419911,-8.0625,0,0,0.02177465618964468,taglish,comment,True,majority,3-0,0,0
t1_p72pd9i,0,0.00034599160426296294,-7.96875,0,0,0.022737289731656573,taglish,comment,True,unanimous,3-0,0,0
t1_p55z64x,0,0.011869121342897415,-4.421875,0,0,0.11038180034811214,taglish,comment,True,unanimous,3-0,0,0
t1_p57cxhe,0,0.00031999824568629265,-8.046875,0,0,0.021932281756156215,taglish,comment,True,majority,3-0,0,0
t1_p7luigq,0,0.7505527138710022,1.1015625,1,1,0.6271169638018509,taglish,comment,True,adjudicator,2-1,0,1
t1_p4x4pqs,0,0.0028449094388633966,-5.859375,0,0,0.05923076579819958,taglish,comment,True,majority,3-0,0,0
t1_p7352hx,0,0.0020507436711341143,-6.1875,0,0,0.05116830406735996,taglish,comment,True,majority,3-0,0,0
t1_p63lrbv,0,0.0037072529084980488,-5.59375,0,0,0.06661434822246261,english,comment,True,majority,3-0,0,0
t1_p6fjdkc,0,0.00013552079326473176,-8.90625,0,0,0.014727666286364498,taglish,comment,True,unanimous,3-0,0,0
t1_p6fpjoj,0,0.00018522572645451874,-8.59375,0,0,0.017028195003355763,taglish,comment,True,unanimous,3-0,0,0
t1_p70mi6o,0,0.0006878511630930007,-7.28125,0,0,0.03118028857300946,tagalog,comment,True,adjudicator,2-1,0,0
t1_p5ixw9c,0,0.0018102111062034965,-6.3125,0,0,0.04837889464610664,taglish,comment,True,adjudicator,2-1,0,1
t1_p603e27,0,0.00028685410507023335,-8.15625,0,0,0.02085190827517527,taglish,comment,True,unanimous,3-0,0,0
t1_p3vtbwj,0,0.00023782203788869083,-8.34375,0,0,0.019119804431367213,taglish,comment,True,majority,3-0,0,0
t1_p72v82n,0,0.0004512105952017009,-7.703125,0,0,0.025695928015708334,taglish,comment,True,unanimous,3-0,0,0
t1_p6t39ns,0,0.0036499870475381613,-5.609375,0,0,0.06615731745626446,english,comment,True,majority,3-0,0,0
t1_p744t37,0,0.0013250225456431508,-6.625,0,0,0.04202392677301189,english,comment,True,adjudicator,2-1,0,0
t1_p7jbig7,0,0.03358950838446617,-3.359375,0,0,0.170030109919252,english,comment,True,majority,3-0,0,0
t3_1vq0rvu,0,0.007345826830714941,-4.90625,0,0,0.08985213722864796,english,submission,True,majority,3-0,0,0
t1_p7mv37w,0,0.0008167380001395941,-7.109375,0,0,0.03372600533725108,taglish,comment,True,unanimous,3-0,0,0
t1_p4s3w6s,0,0.00013135180051904172,-8.9375,0,0,0.014515185578252019,taglish,comment,True,unanimous,3-0,0,0
t1_p4jvly9,0,0.004609572235494852,-5.375,0,0,0.07332765550932573,taglish,comment,True,majority,3-0,0,0
t1_p2xonew,0,0.002714985515922308,-5.90625,0,0,0.058010022934042706,english,comment,True,majority,3-0,0,0
t1_p2v5oee,0,0.00130450667347759,-6.640625,0,0,0.04172806467406166,taglish,comment,True,unanimous,3-0,0,0
t1_p2wd6vn,0,0.0020190139766782522,-6.203125,0,0,0.050811477292413476,taglish,comment,True,adjudicator,2-1,0,0
t1_p607khe,0,0.00014425987319555134,-8.84375,0,0,0.015161860185539942,taglish,comment,True,unanimous,3-0,0,0
t1_p7dhzx7,0,0.0008559005800634623,-7.0625,0,0,0.034454415065816514,taglish,comment,True,majority,3-0,0,0
t1_p56ut8f,0,0.048496000468730927,-2.9765625,0,0,0.19706337003330002,english,comment,True,majority,3-0,0,0
t1_p7mkke0,0,0.00020988310279790312,-8.46875,0,0,0.018044274434158715,taglish,comment,True,majority,3-0,0,0
t1_p65nvpv,0,0.001367025775834918,-6.59375,0,0,0.04262167850693299,taglish,comment,True,majority,3-0,0,0
t1_p6xp0bx,0,0.0004512105952017009,-7.703125,0,0,0.025695928015708334,taglish,comment,True,majority,3-0,0,0
t1_p73h0d7,0,0.02843603305518627,-3.53125,0,0,0.1588876246080133,taglish,comment,True,adjudicator,2-1,0,0
t1_p65re3b,0,0.21535076200962067,-1.29296875,0,0,0.35201357768035857,english,comment,True,majority,3-0,0,0
t1_p74ao0j,0,0.00028685410507023335,-8.15625,0,0,0.02085190827517527,tagalog,comment,True,adjudicator,3-0,0,0
t1_p4atuua,0,0.00013135180051904172,-8.9375,0,0,0.014515185578252019,taglish,comment,True,unanimous,3-0,0,0
t1_p432jll,0,0.000458312890259549,-7.6875,0,0,0.025881188445069564,taglish,comment,True,unanimous,3-0,0,0
t1_p5ceuk4,0,0.0026730059180408716,-5.921875,0,0,0.05760838161407506,english,comment,True,majority,3-0,0,0
t1_p5em4m2,0,0.00023782203788869083,-8.34375,0,0,0.019119804431367213,taglish,comment,True,unanimous,3-0,0,0
t1_p2s0mug,0,0.00015843621804378927,-8.75,0,0,0.015836882188294453,tagalog,comment,True,adjudicator,2-1,0,1
t1_p3sdr43,0,0.0007208379684016109,-7.234375,0,0,0.031855528867666016,taglish,comment,True,majority,3-0,0,0
t1_p74wb6s,0,0.00018522572645451874,-8.59375,0,0,0.017028195003355763,taglish,comment,True,majority,3-0,0,0
t1_p4takp3,0,0.1352320909500122,-1.85546875,0,0,0.29407697571661007,english,comment,True,unanimous,3-0,0,0
t1_p3k8hy8,0,0.00034599160426296294,-7.96875,0,0,0.022737289731656573,taglish,comment,True,majority,3-0,0,0
t1_p5bj47c,0,0.00026119034737348557,-8.25,0,0,0.019967465612926186,taglish,comment,True,adjudicator,3-0,0,0
t1_p7mr2qq,0,0.0009110511746257544,-7.0,0,0,0.03544925883251523,taglish,comment,True,majority,3-0,0,0
t1_p6yhqm4,0,0.24364246428012848,-1.1328125,0,0,0.3694408521285508,english,comment,True,adjudicator,2-1,0,0
t1_p5jg25f,0,0.00019110430730506778,-8.5625,0,0,0.017276817509829366,taglish,comment,True,adjudicator,3-0,0,0
t1_p7jmhd1,0,0.06705629080533981,-2.6328125,0,0,0.22399729251155379,english,comment,True,majority,3-0,0,0
t3_1vq43vq,0,0.00037998449988663197,-7.875,0,0,0.023741447387140673,tagalog,submission,True,majority,3-0,0,0
t3_1vqigry,0,0.0012843081494793296,-6.65625,0,0,0.04143419544840811,taglish,submission,True,majority,3-0,0,0
t1_p641vmo,0,0.0003053489199373871,-8.09375,0,0,0.021462721039604792,tagalog,comment,True,adjudicator,2-1,0,0
t3_1vrgt5h,0,0.0006166296661831439,-7.390625,0,0,0.029658176614771912,tagalog,submission,True,adjudicator,2-1,0,0
t1_p5al8hv,0,0.002889581024646759,-5.84375,0,0,0.059643002388580786,taglish,comment,True,unanimous,3-0,0,0
t1_p65q4o4,0,0.0003053489199373871,-8.09375,0,0,0.021462721039604792,taglish,comment,True,unanimous,3-0,0,0
t1_p7lqf4e,0,0.00015356240328401327,-8.78125,0,0,0.015608651990047488,taglish,comment,True,majority,3-0,0,0
t1_p5yfuxf,0,0.007695646956562996,-4.859375,0,0,0.09167774056065224,english,comment,True,unanimous,3-0,0,0
t1_p42u125,0,0.005730246659368277,-5.15625,0,0,0.08065905598523344,taglish,comment,True,majority,3-0,0,0
t1_p3l9u52,0,0.00019110430730506778,-8.5625,0,0,0.017276817509829366,tagalog,comment,True,adjudicator,2-1,0,0
t1_p4zja68,0,0.0005274784052744508,-7.546875,0,0,0.027608072558528336,tagalog,comment,True,majority,3-0,0,0
t1_p7jaxz2,0,0.0006361912237480283,-7.359375,0,0,0.03008556084766971,tagalog,comment,True,adjudicator,2-1,0,0
t1_p6pgdyj,0,0.0022872276604175568,-6.078125,0,0,0.053733223922581244,tagalog,comment,True,majority,3-0,0,0
t1_p708z3d,0,0.0014325366355478764,-6.546875,0,0,0.04353355986238644,taglish,comment,True,majority,3-0,0,0
t1_p797usj,0,0.00015843621804378927,-8.75,0,0,0.015836882188294453,tagalog,comment,True,majority,3-0,0,0
t1_p7512mr,0,0.6313670873641968,0.5380859375,1,0,0.5631467062549572,english,comment,True,majority,3-0,0,0
t1_p7lrkad,0,0.0014550630003213882,-6.53125,0,0,0.043841637686812734,taglish,comment,True,unanimous,3-0,0,0
t1_p3535ei,0,0.000437334441812709,-7.734375,0,0,0.02532927280326391,taglish,comment,True,adjudicator,2-1,0,0
t1_p3ty0ko,0,0.0037654140032827854,-5.578125,0,0,0.06707430949268721,english,comment,True,majority,3-0,0,0
t3_1vrbv5m,0,0.0002234163403045386,-8.40625,0,0,0.0185744036350895,taglish,submission,True,unanimous,3-0,0,0
t1_p6t4j35,0,0.0012448433553799987,-6.6875,0,0,0.040852387039050815,taglish,comment,True,unanimous,3-0,0,0
t1_p6j6zqb,0,0.00047285438631661236,-7.65625,0,0,0.02625561772642195,taglish,comment,True,unanimous,3-0,0,0
t1_p7mhxal,0,0.0037654140032827854,-5.578125,0,0,0.06707430949268721,english,comment,True,adjudicator,2-1,0,0
t1_p7jg2hx,0,0.0005357805639505386,-7.53125,0,0,0.027806725558990938,english,comment,True,unanimous,3-0,0,0
t1_p7lebl4,0,0.0003514382697176188,-7.953125,0,0,0.022901720608758704,tagalog,comment,True,adjudicator,2-1,0,0
t1_p56m5f3,0,0.00020342698553577065,-8.5,0,0,0.017784807688689,taglish,comment,True,adjudicator,2-1,0,0
t1_p65oxtw,0,0.0005884088459424675,-7.4375,0,0,0.02902811696737469,taglish,comment,True,majority,3-0,0,0
t1_p5s6ub3,0,0.0008559005800634623,-7.0625,0,0,0.034454415065816514,taglish,comment,True,majority,3-0,0,0
t3_1vpjlw4,0,0.005060331430286169,-5.28125,0,0,0.07639141111328143,tagalog,submission,True,majority,3-0,0,0
t1_p3lm444,0,0.018546564504504204,-3.96875,0,0,0.13319491097302424,taglish,comment,True,majority,3-0,0,0
t3_1vf3h8b,0,0.00015356240328401327,-8.78125,0,0,0.015608651990047488,taglish,submission,True,majority,3-0,0,0
t1_p2wxt50,0,0.0005112578510306776,-7.578125,0,0,0.02721489507981704,taglish,comment,True,unanimous,3-0,0,0
t1_p7jmfep,0,0.004198795650154352,-5.46875,0,0,0.07037741208369958,taglish,comment,True,unanimous,3-0,0,0
t1_p7172i4,0,0.0002531563804950565,-8.28125,0,0,0.01968089870107938,taglish,comment,True,unanimous,3-0,0,0
t1_p2v5mt7,0,0.00032503585680387914,-8.03125,0,0,0.022091022597782797,english,comment,True,majority,3-0,0,0
t1_p7m1h73,0,0.0006070756353437901,-7.40625,0,0,0.029446697359423027,taglish,comment,True,adjudicator,2-1,0,0
t1_p4xlpof,0,0.000954731716774404,-6.953125,0,0,0.03621349229997963,taglish,comment,True,majority,3-0,0,0
t3_1vfu3bz,0,0.0029810327105224133,-5.8125,0,0,0.06047554833197914,taglish,submission,True,majority,3-0,0,0
t1_p5rysce,0,0.0022872276604175568,-6.078125,0,0,0.053733223922581244,taglish,comment,True,unanimous,3-0,0,0
t1_p644k4r,0,0.00214894930832088,-6.140625,0,0,0.052253058579332344,tagalog,comment,True,adjudicator,2-1,0,0
t1_p2s40jd,0,0.0006462032324634492,-7.34375,0,0,0.030301485023929844,english,comment,True,majority,3-0,0,0
t1_p74l2cg,0,0.00016865275392774493,-8.6875,0,0,0.01630323634424839,taglish,comment,True,unanimous,3-0,0,0
t1_p7jmy1f,0,0.0005792916635982692,-7.453125,0,0,0.028820996945920274,english,comment,True,majority,3-0,0,0
t1_p6eyims,0,0.00032503585680387914,-8.03125,0,0,0.022091022597782797,tagalog,comment,True,adjudicator,2-1,0,1
t1_p4xsezl,0,0.007011795416474342,-4.953125,0,0,0.0880593632287999,english,comment,True,majority,3-0,0,0
t1_p44843l,0,0.020332353189587593,-3.875,0,0,0.13838647834072376,tagalog,comment,True,adjudicator,2-1,0,1
t1_p5zfjp2,0,0.00012339458044152707,-9.0,0,0,0.01409924553460658,taglish,comment,True,majority,3-0,0,0
t1_p3m4y3w,0,0.017176708206534386,-4.046875,0,0,0.12899538132048283,taglish,comment,True,unanimous,3-0,0,0
t3_1vspewi,0,0.005301895085722208,-5.234375,0,0,0.07796694980104599,english,submission,True,majority,3-0,0,0
t1_p62q1n6,0,0.8787311315536499,1.98046875,1,1,0.7180190914718677,taglish,comment,True,unanimous,3-0,0,0
t1_p4zsdy4,0,0.003172682598233223,-5.75,0,0,0.062173351371700165,taglish,comment,True,adjudicator,2-1,0,0
t1_p3ll2dy,0,0.0035380858462303877,-5.640625,0,0,0.06525198503729253,taglish,comment,True,majority,3-0,0,0
t1_p66oklb,0,0.0009697519708424807,-6.9375,0,0,0.03647174287267743,english,comment,True,majority,3-0,0,0
t1_p705hqs,0,0.00026119034737348557,-8.25,0,0,0.019967465612926186,tagalog,comment,True,majority,3-0,0,0
t1_p7m84mx,0,0.0003514382697176188,-7.953125,0,0,0.022901720608758704,taglish,comment,True,majority,3-0,0,0
t1_p3kk341,0,0.00012339458044152707,-9.0,0,0,0.01409924553460658,taglish,comment,True,majority,3-0,0,0
t1_p5gy31a,0,0.004609572235494852,-5.375,0,0,0.07332765550932573,taglish,comment,True,majority,3-0,0,0
t1_p513vxd,0,0.00033535013790242374,-8.0,0,0,0.022411880218942897,taglish,comment,True,unanimous,3-0,0,0
t1_p4baur3,0,0.0004173157794866711,-7.78125,0,0,0.024788827241751656,taglish,comment,True,unanimous,3-0,0,0
t1_p5elx6r,0,0.00017952795315068215,-8.625,0,0,0.016783089203401026,taglish,comment,True,unanimous,3-0,0,0
t1_p574yga,0,0.004198795650154352,-5.46875,0,0,0.07037741208369958,taglish,comment,True,majority,3-0,0,0
t1_p7lvm7l,0,0.00030061634606681764,-8.109375,0,0,0.02130839664680392,taglish,comment,True,majority,3-0,0,0
t1_p6fn2vv,0,0.0011695103021338582,-6.75,0,0,0.03971215349912928,taglish,comment,True,majority,3-0,0,0
t1_p5cv7pe,0,0.00026947917649522424,-8.21875,0,0,0.020258118902574063,taglish,comment,True,majority,3-0,0,0
t1_p6g8uqg,0,0.0006166296661831439,-7.390625,0,0,0.029658176614771912,english,comment,True,majority,3-0,0,0
t1_p6ytrrc,0,0.0004655269149225205,-7.671875,0,0,0.026067748813795623,taglish,comment,True,majority,3-0,0,0
t1_p71ir2r,0,0.00010554686014074832,-9.15625,0,0,0.013110112547520932,taglish,comment,True,unanimous,3-0,0,0
t1_p2xyc12,0,0.00020988310279790312,-8.46875,0,0,0.018044274434158715,taglish,comment,True,unanimous,3-0,0,0
t1_p740tf6,0,0.0012644219677895308,-6.671875,0,0,0.04114230693747363,english,comment,True,majority,3-0,0,0
t1_p6qve0x,0,0.011158031411468983,-4.484375,0,0,0.10751846870772278,english,comment,True,majority,3-0,0,0
t3_1vf9sj9,0,0.00020342698553577065,-8.5,0,0,0.017784807688689,taglish,submission,True,unanimous,3-0,0,0
t1_p30qcp4,0,0.00014425987319555134,-8.84375,0,0,0.015161860185539942,taglish,comment,True,unanimous,3-0,0,0
t1_p4g07t7,0,0.000368297885870561,-7.90625,0,0,0.02340201080068125,taglish,comment,True,unanimous,3-0,0,0
t1_p6jbpr2,0,0.000458312890259549,-7.6875,0,0,0.025881188445069564,taglish,comment,True,unanimous,3-0,0,0
t1_p6y7xro,0,0.07807817310094833,-2.46875,0,0,0.23774275646559398,taglish,comment,True,majority,3-0,0,0
t1_p4zohf8,0,0.000487857119878754,-7.625,0,0,0.02663531584906979,taglish,comment,True,unanimous,3-0,0,0
t1_p7lletk,0,0.00023050670279189944,-8.375,0,0,0.018845168962051597,taglish,comment,True,majority,3-0,0,0
t1_p6evpjy,0,0.00034599160426296294,-7.96875,0,0,0.022737289731656573,taglish,comment,True,majority,3-0,0,0
t1_p5de6sp,0,0.08509904891252518,-2.375,0,0,0.24585351294675384,taglish,comment,True,majority,3-0,0,0
t3_1vndxd0,0,0.005730246659368277,-5.15625,0,0,0.08065905598523344,taglish,submission,True,majority,3-0,0,0
t1_p4vv023,0,0.0005884088459424675,-7.4375,0,0,0.02902811696737469,english,comment,True,majority,3-0,0,0
t1_p6f0vqx,0,0.004905405919998884,-5.3125,0,0,0.07535733121315441,taglish,comment,True,majority,3-0,0,0
t1_p5ehbtc,0,0.004331502132117748,-5.4375,0,0,0.07134842881919408,taglish,comment,True,majority,3-0,0,0
t1_p317nil,0,0.00029595711384899914,-8.125,0,0,0.021155157910186486,taglish,comment,True,unanimous,3-0,0,0
t1_p75mcv9,0,0.00015843621804378927,-8.75,0,0,0.015836882188294453,taglish,comment,True,unanimous,3-0,0,0
t1_p3vzvr2,0,0.0060975621454417706,-5.09375,0,0,0.08287351320008446,english,comment,True,majority,3-0,0,0
t3_1vsxcjv,0,0.017045317217707634,-4.0546875,0,0,0.1285816916617651,taglish,submission,True,unanimous,3-0,0,0
t1_p5je21x,0,0.000437334441812709,-7.734375,0,0,0.02532927280326391,taglish,comment,True,majority,3-0,0,0
t1_p4myntl,0,0.00015843621804378927,-8.75,0,0,0.015836882188294453,taglish,comment,True,majority,3-0,0,0
t1_p3kxoal,0,0.0024343819823116064,-6.015625,0,0,0.05525287331581087,tagalog,comment,True,adjudicator,2-1,0,0
t1_p6xtq97,0,0.002082970691844821,-6.171875,0,0,0.05152750064908467,english,comment,True,majority,3-0,0,0
t1_p766ui7,0,0.00029595711384899914,-8.125,0,0,0.021155157910186486,taglish,comment,True,majority,3-0,0,0
t1_p760jmg,0,0.0014779430348426104,-6.515625,0,0,0.04415179507195838,english,comment,True,majority,3-0,0,0
t1_p5mmb6r,0,0.009268012829124928,-4.671875,0,0,0.09931746581346385,taglish,comment,True,majority,3-0,0,0
t1_p7jg97t,0,0.0004512105952017009,-7.703125,0,0,0.025695928015708334,taglish,comment,True,majority,3-0,0,0
t1_p44c7xt,1,0.00806199200451374,-4.8125,0,0,0.09353662423818863,taglish,comment,True,majority,3-0,1,1
t1_p7jif6c,0,0.004399413242936134,-5.421875,0,0,0.07183856229291878,tagalog,comment,True,adjudicator,3-0,0,1
t1_p7kj8s1,0,0.003123648464679718,-5.765625,0,0,0.061744774032921994,english,comment,True,majority,3-0,0,0
t1_p5jjw0c,0,0.00026119034737348557,-8.25,0,0,0.019967465612926186,taglish,comment,True,majority,3-0,0,0
t1_p4xtc7w,0,0.001622967072762549,-6.421875,0,0,0.046057120187448904,english,comment,True,majority,3-0,0,0
t1_p50j206,0,0.0024726232513785362,-6.0,0,0,0.055639061793076386,english,comment,True,majority,3-0,0,0
t1_p45c6et,0,0.0004655269149225205,-7.671875,0,0,0.026067748813795623,taglish,comment,True,unanimous,3-0,0,0
t3_1vpofxq,0,0.07004895806312561,-2.5859375,0,0,0.22786606738360887,taglish,submission,True,majority,3-0,0,0
t1_p5e91uu,0,0.001081715221516788,-6.828125,0,0,0.03832972654680813,taglish,comment,True,majority,3-0,0,0
t1_p7lzcfe,0,0.00016865275392774493,-8.6875,0,0,0.01630323634424839,tagalog,comment,True,adjudicator,2-1,0,0
t1_p70ucq8,0,0.0008693673880770802,-7.046875,0,0,0.0347005727280882,taglish,comment,True,majority,3-0,0,0
t1_p4524gk,0,0.9216402173042297,2.46484375,1,1,0.7619230000446953,tagalog,comment,True,adjudicator,2-1,0,1
t3_1vhm9uf,0,0.0005614788387902081,-7.484375,0,0,0.028411050430105833,taglish,submission,True,majority,3-0,0,0
t1_p44nwvy,0,0.00019110430730506778,-8.5625,0,0,0.017276817509829366,taglish,comment,True,majority,3-0,0,0
t1_p7mh2x5,0,0.0008830457809381187,-7.03125,0,0,0.03494842539455199,taglish,comment,True,majority,3-0,0,0
t1_p44aocl,0,0.0013885231455788016,-6.578125,0,0,0.042923592740846686,taglish,comment,True,adjudicator,3-0,0,0
t1_p6f78im,0,0.00013135180051904172,-8.9375,0,0,0.014515185578252019,taglish,comment,True,unanimous,3-0,0,0
t1_p3lalc2,0,0.001048469333909452,-6.859375,0,0,0.03778979175310173,taglish,comment,True,unanimous,3-0,0,0
t1_p5almct,0,0.9385759830474854,2.7265625,1,1,0.7835993240445631,taglish,comment,True,adjudicator,2-1,0,0
t1_p5eg3tr,0,0.000437334441812709,-7.734375,0,0,0.02532927280326391,tagalog,comment,True,adjudicator,2-1,0,0
t1_p509t9j,0,0.0013885231455788016,-6.578125,0,0,0.042923592740846686,english,comment,True,majority,3-0,0,0
t3_1vssepe,0,0.0005614788387902081,-7.484375,0,0,0.028411050430105833,taglish,submission,True,majority,3-0,0,0
t1_p606xkv,0,0.00015356240328401327,-8.78125,0,0,0.015608651990047488,taglish,comment,True,unanimous,3-0,0,0
t1_p6z3o7i,0,0.002714985515922308,-5.90625,0,0,0.058010022934042706,taglish,comment,True,unanimous,3-0,0,0
t1_p6dd4qn,0,0.00407013762742281,-5.5,0,0,0.0694186225517175,taglish,comment,True,adjudicator,2-1,0,0
t1_p5senae,0,0.004264634568244219,-5.453125,0,0,0.07086138407887609,english,comment,True,majority,3-0,0,0
t1_p3e53xb,0,0.0003053489199373871,-8.09375,0,0,0.021462721039604792,taglish,comment,True,unanimous,3-0,0,0
t1_p5qenwu,0,0.0006563728675246239,-7.328125,0,0,0.03051891012693075,taglish,comment,True,majority,3-0,0,0
t1_p7idkxw,0,0.000552778597921133,-7.5,0,0,0.028208205362216604,taglish,comment,True,majority,3-0,0,0
t1_p65bnkv,0,0.005641908384859562,-5.171875,0,0,0.08011393725152342,english,comment,True,majority,3-0,0,0
t1_p3sulw0,0,0.0003625900426413864,-7.921875,0,0,0.023234073329028593,taglish,comment,True,majority,3-0,0,0
t3_1vssv2i,0,0.013955711387097836,-4.2578125,0,0,0.11821743279676701,english,submission,True,majority,3-0,0,0
t1_p4i8cw5,0,0.007815889082849026,-4.84375,0,0,0.09229364836161767,taglish,comment,True,majority,3-0,0,0
t1_p2zddgg,0,0.00044421834172680974,-7.71875,0,0,0.025511958970476818,english,comment,True,majority,3-0,0,0
t1_p6ayxn6,0,0.0039454069919884205,-5.53125,0,0,0.06847193303012425,taglish,comment,True,unanimous,3-0,0,0
t1_p2wepxw,0,0.0013885231455788016,-6.578125,0,0,0.042923592740846686,taglish,comment,True,unanimous,3-0,0,0
t1_p44kbir,0,0.0204885546118021,-3.8671875,0,0,0.1388266877201187,taglish,comment,True,unanimous,3-0,0,0
t1_p3kvm9v,0,0.0013250225456431508,-6.625,0,0,0.04202392677301189,taglish,comment,True,majority,3-0,0,0
t1_p2v0e6k,0,0.005641908384859562,-5.171875,0,0,0.08011393725152342,english,comment,True,majority,3-0,0,0
t1_p75yfsi,0,0.00029595711384899914,-8.125,0,0,0.021155157910186486,taglish,comment,True,unanimous,3-0,0,0
t1_p7antvb,0,0.0035936026833951473,-5.625,0,0,0.06570320158418115,english,comment,True,majority,3-0,0,0
t1_p7lozsj,0,0.001622967072762549,-6.421875,0,0,0.046057120187448904,taglish,comment,True,unanimous,3-0,0,0
t1_p7m1xk4,0,0.00178219610825181,-6.328125,0,0,0.04804053517978807,taglish,comment,True,majority,3-0,0,0
t1_p785jky,0,0.00018522572645451874,-8.59375,0,0,0.017028195003355763,taglish,comment,True,majority,3-0,0,0
t1_p76a4gy,0,0.002182716503739357,-6.125,0,0,0.05261944773488564,taglish,comment,True,unanimous,3-0,0,0
t1_p7eazn6,0,0.0025909794494509697,-5.953125,0,0,0.05681292013872671,taglish,comment,True,unanimous,3-0,0,0
t3_1vt13ce,0,0.0024726232513785362,-6.0,0,0,0.055639061793076386,taglish,submission,True,unanimous,3-0,0,0
t3_1vt5tz4,0,0.00033535013790242374,-8.0,0,0,0.022411880218942897,taglish,submission,True,majority,3-0,0,0
t3_1vssxch,0,0.010652512311935425,-4.53125,0,0,0.1054140327363007,english,submission,True,majority,3-0,0,0
t1_p5zz773,0,0.0012065897462889552,-6.71875,0,0,0.040278404952754095,taglish,comment,True,unanimous,3-0,0,0
t1_p60po6d,0,0.004468384198844433,-5.40625,0,0,0.0723318005227278,taglish,comment,True,majority,3-0,0,0
t1_p60x48v,0,0.005139610730111599,-5.265625,0,0,0.07691331850335087,english,comment,True,unanimous,3-0,0,0
t1_p63l88m,0,0.0024726232513785362,-6.0,0,0,0.055639061793076386,taglish,comment,True,majority,3-0,0,0
t1_p65pp7g,0,0.0009253848693333566,-6.984375,0,0,0.03570226128836664,taglish,comment,True,unanimous,3-0,0,0
t1_p6ezkef,0,0.00044421834172680974,-7.71875,0,0,0.025511958970476818,taglish,comment,True,majority,3-0,0,0
t1_p6eyncu,0,0.0002234163403045386,-8.40625,0,0,0.0185744036350895,taglish,comment,True,majority,3-0,0,0
t1_p6ejgwl,0,0.021125193685293198,-3.8359375,0,0,0.1405992818161,taglish,comment,True,majority,3-0,0,0
t1_p6hb15o,0,0.0007096704212017357,-7.25,0,0,0.03162889199079514,taglish,comment,True,majority,3-0,0,0
t1_p6jbaf9,0,0.0006462032324634492,-7.34375,0,0,0.030301485023929844,taglish,comment,True,unanimous,3-0,0,0
t1_p730n6o,0,0.0012255674228072166,-6.703125,0,0,0.04056442370730197,english,comment,True,majority,3-0,0,0
t1_p73h91q,0,0.008711384609341621,-4.734375,0,0,0.0967099449034277,taglish,comment,True,majority,3-0,0,0
t1_p6ywgwi,0,0.005301895085722208,-5.234375,0,0,0.07796694980104599,taglish,comment,True,unanimous,3-0,0,0
t1_p70vo1x,0,0.0032224843744188547,-5.734375,0,0,0.06260470502088075,english,comment,True,majority,3-0,0,0
t1_p6yr9gy,0,0.00013135180051904172,-8.9375,0,0,0.014515185578252019,taglish,comment,True,majority,3-0,0,0
t1_p6t2i95,0,0.0038244836032390594,-5.5625,0,0,0.06753721691730324,english,comment,True,majority,3-0,0,0
t1_p73kr45,0,0.003429603995755315,-5.671875,0,0,0.06435818785152768,english,comment,True,majority,3-0,0,0
t1_p749drl,0,0.00014883848780300468,-8.8125,0,0,0.01538365947509992,taglish,comment,True,unanimous,3-0,0,0
t1_p74jixa,0,0.00028685410507023335,-8.15625,0,0,0.02085190827517527,taglish,comment,True,majority,3-0,0,0
t1_p74lqi7,0,0.0004044815432280302,-7.8125,0,0,0.024434790839823858,taglish,comment,True,majority,3-0,0,0
t1_p7279ss,0,0.05184547230601311,-2.90625,0,0,0.20236673377201506,english,comment,True,adjudicator,3-0,0,0
t1_p71apif,0,0.0009399438858963549,-6.96875,0,0,0.03595700211729108,taglish,comment,True,adjudicator,3-0,0,0
t3_1vsz23r,0,0.00955939944833517,-4.640625,0,0,0.10064454740778536,english,submission,True,unanimous,3-0,0,0
t1_p7lnr7y,0,0.004609572235494852,-5.375,0,0,0.07332765550932573,taglish,comment,True,unanimous,3-0,0,0
t1_p7i50a3,0,0.00018522572645451874,-8.59375,0,0,0.017028195003355763,taglish,comment,True,majority,3-0,0,0
t1_p7jan2b,0,0.0015731120947748423,-6.453125,0,0,0.045413473240970004,english,comment,True,unanimous,3-0,0,0
t1_p7jc4f6,0,0.0020190139766782522,-6.203125,0,0,0.050811477292413476,english,comment,True,majority,3-0,0,0
t1_p5en2xl,0,0.00026947917649522424,-8.21875,0,0,0.020258118902574063,taglish,comment,True,majority,3-0,0,0
t1_p5p8scc,0,0.001032231142744422,-6.875,0,0,0.037522571737080984,english,comment,True,majority,3-0,0,0
t1_p5ph7id,0,0.003123648464679718,-5.765625,0,0,0.061744774032921994,english,comment,True,majority,3-0,0,0
t1_p5xv7r4,0,0.001838665222749114,-6.296875,0,0,0.048719515283948175,taglish,comment,True,unanimous,3-0,0,0
t1_p5zk7u6,0,0.00955939944833517,-4.640625,0,0,0.10064454740778536,taglish,comment,True,majority,3-0,0,0
t1_p4z83pl,0,0.0002453695051372051,-8.3125,0,0,0.019398363103724895,taglish,comment,True,majority,3-0,0,0
t1_p4zgb4t,0,0.0008830457809381187,-7.03125,0,0,0.03494842539455199,taglish,comment,True,majority,3-0,0,0
t1_p4zm7dt,0,0.0061929901130497456,-5.078125,0,0,0.08343570578587249,english,comment,True,majority,3-0,0,0
t1_p50fxty,0,0.005220125894993544,-5.25,0,0,0.07743849261461837,tagalog,comment,True,adjudicator,3-0,0,0
t1_p50i3zh,0,0.00010554686014074832,-9.15625,0,0,0.013110112547520932,tagalog,comment,True,adjudicator,2-1,0,0
t1_p50gopc,0,0.0013885231455788016,-6.578125,0,0,0.042923592740846686,taglish,comment,True,unanimous,3-0,0,0
t1_p54i7pj,0,0.014957086183130741,-4.1875,0,0,0.12172056469018627,english,comment,True,unanimous,3-0,0,0
t1_p50k7ki,0,0.00014425987319555134,-8.84375,0,0,0.015161860185539942,taglish,comment,True,unanimous,3-0,0,0
t1_p5dci0o,0,0.004755199886858463,-5.34375,0,0,0.07433612262279089,english,comment,True,majority,3-0,0,0
t1_p5cws25,0,0.0013458605390042067,-6.609375,0,0,0.042321793960202296,taglish,comment,True,majority,3-0,0,0
t1_p5q96vh,0,0.0037072529084980488,-5.59375,0,0,0.06661434822246261,taglish,comment,True,unanimous,3-0,0,0
t1_p5xe9p3,0,0.0004173157794866711,-7.78125,0,0,0.024788827241751656,taglish,comment,True,unanimous,3-0,0,0
t1_p5icjpf,0,0.0004108485300093889,-7.796875,0,0,0.024611188501749405,taglish,comment,True,unanimous,3-0,0,0
t1_p5hlhfu,0,0.00016865275392774493,-8.6875,0,0,0.01630323634424839,tagalog,comment,True,adjudicator,3-0,0,0
t1_p5h6klo,0,0.0006166296661831439,-7.390625,0,0,0.029658176614771912,taglish,comment,True,unanimous,3-0,0,0
t1_p4nvq9q,0,0.0023596608079969883,-6.046875,0,0,0.054488056337555275,english,comment,True,majority,3-0,0,0
t1_p447ghm,0,0.006797531619668007,-4.984375,0,0,0.08688219648381787,tagalog,comment,True,adjudicator,2-1,0,0
t1_p4o2zr1,0,0.0017007224960252643,-6.375,0,0,0.047038890753109214,taglish,comment,True,majority,3-0,0,0
t1_p4w57h7,0,0.005060331430286169,-5.28125,0,0,0.07639141111328143,english,comment,True,unanimous,3-0,0,0
t1_p4x5jjy,0,0.03161877021193504,-3.421875,0,0,0.1659080461253231,taglish,comment,True,adjudicator,3-0,0,0
t1_p4u8y8n,0,0.0030753696337342262,-5.78125,0,0,0.061318957826920865,english,comment,True,majority,3-0,0,0
t1_p4mafgp,0,0.0018969200318679214,-6.265625,0,0,0.049407593682287,taglish,comment,True,adjudicator,3-0,0,0
t1_p3wxmbm,0,0.004468384198844433,-5.40625,0,0,0.0723318005227278,english,comment,True,majority,3-0,0,0
t1_p3zmfou,0,0.0024343819823116064,-6.015625,0,0,0.05525287331581087,english,comment,True,majority,3-0,0,0
t1_p3tv9yi,0,0.001367025775834918,-6.59375,0,0,0.04262167850693299,taglish,comment,True,majority,3-0,0,0
t1_p3u2fe0,0,0.0007437028689309955,-7.203125,0,0,0.03231352321286328,tagalog,comment,True,adjudicator,3-0,0,0
t3_1vsmhv9,0,0.0010162440594285727,-6.890625,0,0,0.037257168128185254,taglish,submission,True,unanimous,3-0,0,0
t3_1vsyivt,0,0.0014325366355478764,-6.546875,0,0,0.04353355986238644,tagalog,submission,True,majority,3-0,0,0
t3_1vtflv2,0,0.0002234163403045386,-8.40625,0,0,0.0185744036350895,taglish,submission,True,adjudicator,2-1,0,0
t3_1vtdjag,0,0.0071214293129742146,-4.9375,0,0,0.08865333468966868,english,submission,True,majority,3-0,0,0
t3_1vtdeks,0,0.0026316740550100803,-5.9375,0,0,0.05720935223326406,taglish,submission,True,unanimous,3-0,0,0
t3_1vt9jme,0,0.0026316740550100803,-5.9375,0,0,0.05720935223326406,english,submission,True,majority,3-0,0,0
t1_p3skcyu,0,0.0005442132824100554,-7.515625,0,0,0.02800676679122609,taglish,comment,True,unanimous,3-0,0,0
t1_p3rrmte,0,0.0012843081494793296,-6.65625,0,0,0.04143419544840811,taglish,comment,True,unanimous,3-0,0,0
t1_p3rh37t,0,0.0035936026833951473,-5.625,0,0,0.06570320158418115,taglish,comment,True,majority,3-0,0,0
t1_p3lm3b7,0,0.003429603995755315,-5.671875,0,0,0.06435818785152768,taglish,comment,True,unanimous,3-0,0,0
t1_p3upurw,0,0.00407013762742281,-5.5,0,0,0.0694186225517175,taglish,comment,True,majority,3-0,0,0
t1_p3u6gas,0,0.001048469333909452,-6.859375,0,0,0.03778979175310173,taglish,comment,True,unanimous,3-0,0,0
t1_p3kasiz,0,0.000954731716774404,-6.953125,0,0,0.03621349229997963,taglish,comment,True,majority,3-0,0,0
t1_p3kcf36,0,0.006797531619668007,-4.984375,0,0,0.08688219648381787,taglish,comment,True,majority,3-0,0,0
t1_p30kk6v,0,0.0007916296017356217,-7.140625,0,0,0.033248679094331234,taglish,comment,True,unanimous,3-0,0,0
t1_p30blgl,0,0.00026947917649522424,-8.21875,0,0,0.020258118902574063,taglish,comment,True,unanimous,3-0,0,0
t3_1vq1d93,0,0.001081715221516788,-6.828125,0,0,0.03832972654680813,taglish,submission,True,unanimous,3-0,0,0
t3_1vq13mb,0,0.000437334441812709,-7.734375,0,0,0.02532927280326391,taglish,submission,True,unanimous,3-0,0,0
t3_1vpkdkr,0,0.0005976693355478346,-7.421875,0,0,0.0292366806331,taglish,submission,True,unanimous,3-0,0,0
t3_1vpbbpg,0,0.0019267346942797303,-6.25,0,0,0.04975507838392716,tagalog,submission,True,majority,3-0,0,0
t1_p31hjl1,0,0.00034599160426296294,-7.96875,0,0,0.022737289731656573,tagalog,comment,True,adjudicator,3-0,0,0
t1_p3kk426,0,0.0006986756343394518,-7.265625,0,0,0.03140381522505015,taglish,comment,True,unanimous,3-0,0,0
t3_1vp9np3,0,0.0015011822106316686,-6.5,0,0,0.044464044626788456,taglish,submission,True,unanimous,3-0,0,0
t3_1vpaama,0,0.000503335555549711,-7.59375,0,0,0.0270203526419373,taglish,submission,True,unanimous,3-0,0,0
t1_p2yu6hx,0,0.006692850962281227,-5.0,0,0,0.0862989678454861,english,comment,True,majority,3-0,0,0
t3_1vn3kiw,0,0.00049553596181795,-7.609375,0,0,0.026827162516236146,taglish,submission,True,majority,3-0,0,0
t3_1vr6q1r,0,0.0030753696337342262,-5.78125,0,0,0.061318957826920865,taglish,submission,True,unanimous,3-0,0,0
t3_1vr5b7s,0,0.010489092208445072,-4.546875,0,0,0.10472066932572417,taglish,submission,True,adjudicator,2-1,0,0
t3_1vr4luu,0,0.0013885231455788016,-6.578125,0,0,0.042923592740846686,english,submission,True,majority,3-0,0,0
t1_p2xza4p,0,0.0013458605390042067,-6.609375,0,0,0.042321793960202296,tagalog,comment,True,majority,3-0,0,0
t3_1vqxnxz,0,0.0005112578510306776,-7.578125,0,0,0.02721489507981704,taglish,submission,True,majority,3-0,0,0
t3_1vqvfsc,0,0.00955939944833517,-4.640625,0,0,0.10064454740778536,taglish,submission,True,majority,3-0,0,0
t3_1vqqoay,0,0.0013458605390042067,-6.609375,0,0,0.042321793960202296,taglish,submission,True,majority,3-0,0,0
t3_1vqt3sn,0,0.00039204180939123034,-7.84375,0,0,0.024085685937551053,tagalog,submission,True,majority,3-0,0,0
t3_1vqnjx1,0,0.0033766122069209814,-5.6875,0,0,0.06391557628445496,taglish,submission,True,unanimous,3-0,0,0
t3_1vqahby,0,0.007345826830714941,-4.90625,0,0,0.08985213722864796,taglish,submission,True,unanimous,3-0,0,0
t3_1vq66ut,0,0.0011160142021253705,-6.796875,0,0,0.038877064150390654,tagalog,submission,True,adjudicator,3-0,0,0
t1_p3kjua4,0,0.00016346470511052758,-8.71875,0,0,0.016068395102116665,taglish,comment,True,unanimous,3-0,0,0
t3_1vq32u1,0,0.0005884088459424675,-7.4375,0,0,0.02902811696737469,taglish,submission,True,unanimous,3-0,0,0
t1_p2wdahu,0,0.16667540371418,-1.609375,0,0,0.3187496500694706,taglish,comment,True,unanimous,3-0,0,0
t1_p2vff9h,0,0.002115703420713544,-6.15625,0,0,0.05188908086080411,taglish,comment,True,unanimous,3-0,0,0
t1_p2v84lv,0,0.00955939944833517,-4.640625,0,0,0.10064454740778536,taglish,comment,True,unanimous,3-0,0,0
t3_1vskgn5,0,0.00042388474685139954,-7.765625,0,0,0.0249677153230036,taglish,submission,True,majority,3-0,0,0
t3_1vskg14,0,0.0005614788387902081,-7.484375,0,0,0.028411050430105833,taglish,submission,True,majority,3-0,0,0
t3_1vsg864,0,0.004755199886858463,-5.34375,0,0,0.07433612262279089,taglish,submission,True,majority,3-0,0,0
t3_1vsg1jc,0,0.001151399570517242,-6.765625,0,0,0.03943189710281911,english,submission,True,adjudicator,2-1,0,0
t3_1vs6t4l,0,0.006388320587575436,-5.046875,0,0,0.08457050093699602,taglish,submission,True,majority,3-0,0,0
t3_1vryasm,0,0.9966756105422974,5.703125,1,1,0.9365241978128186,tagalog,submission,True,adjudicator,2-1,0,0
t3_1vrvjqy,0,0.00048029719619080424,-7.640625,0,0,0.02644480383695967,tagalog,submission,True,adjudicator,2-1,0,0
t3_1vrss82,0,0.0009110511746257544,-7.0,0,0,0.03544925883251523,taglish,submission,True,unanimous,3-0,0,0
t3_1vrse2s,0,0.0006263342220336199,-7.375,0,0,0.029871127919826993,taglish,submission,True,unanimous,3-0,0,0
t3_1vrpzk8,0,0.0006070756353437901,-7.40625,0,0,0.029446697359423027,taglish,submission,True,unanimous,3-0,0,0
t3_1vrlmdq,0,0.05541279539465904,-2.8359375,0,0,0.2077758888047157,taglish,submission,True,unanimous,3-0,0,0
t3_1vrgwew,0,0.0009399438858963549,-6.96875,0,0,0.03595700211729108,tagalog,submission,True,adjudicator,3-0,0,0
t3_1vrdku6,0,0.004755199886858463,-5.34375,0,0,0.07433612262279089,english,submission,True,majority,3-0,0,0
t1_p2s093d,0,0.004755199886858463,-5.34375,0,0,0.07433612262279089,taglish,comment,True,unanimous,3-0,0,0
