reddit_fullname,y_true,prob,margin,pred,prob_annotators,pred_tuned,prob_cal,language,record_type,natural,resolved_by,sarcasm_votes,sarcastic_adjudicated,sarcastic_majority
t1_p7l112q,0,0.07423137128353119,-2.5234375,0,0.6223009824752808,0,0.14376808740968486,english,comment,True,adjudicator,2-1,0,0
t1_p7l3twu,0,0.270480215549469,-0.9921875,0,0.706366777420044,0,0.331461458546285,tagalog,comment,True,majority,3-0,0,0
t1_p7lme6n,0,0.10932482779026031,-2.09765625,0,0.8381373286247253,0,0.18493447148178266,tagalog,comment,True,adjudicator,2-1,0,0
t1_p7ims0k,0,0.07696083933115005,-2.484375,0,0.7139151096343994,0,0.14720181239315755,tagalog,comment,True,adjudicator,2-1,0,1
t1_p6yiu61,0,0.1540575623512268,-1.703125,0,0.6786529421806335,0,0.2307127091569929,english,comment,True,adjudicator,2-1,0,1
t1_p7mut1v,0,0.18653921782970428,-1.47265625,0,0.6587401628494263,0,0.26089437263052917,tagalog,comment,True,unanimous,3-0,0,0
t1_p6ylwl6,0,0.11240508407354355,-2.06640625,0,0.7105834484100342,0,0.18828846154031142,tagalog,comment,True,unanimous,3-0,0,0
t1_p4ssmih,0,0.006388320587575436,-5.046875,0,0.03314018249511719,0,0.02742000330378375,english,comment,True,majority,3-0,0,0
t1_p7lolw7,1,0.1859472095966339,-1.4765625,0,0.8763803243637085,0,0.26036210598772164,tagalog,comment,True,majority,3-0,1,1
t1_p71snmb,0,0.06233103200793266,-2.7109375,0,0.5703086853027344,0,0.12820516425710904,tagalog,comment,True,adjudicator,2-1,0,0
t1_p5jv6pg,0,0.08540366590023041,-2.37109375,0,0.6569979190826416,0,0.15754402409728333,english,comment,True,unanimous,3-0,0,0
t1_p7m0t08,1,0.25349122285842896,-1.080078125,0,0.8416268229484558,0,0.31783686840751496,taglish,comment,True,adjudicator,2-1,1,1
t1_p6yh8fe,0,0.1204388216137886,-1.98828125,0,0.6533987522125244,0,0.19687724583460073,english,comment,True,unanimous,3-0,0,0
t1_p5juw8p,0,0.6740504503250122,0.7265625,1,0.9337821006774902,1,0.6256868525584471,tagalog,comment,True,adjudicator,2-1,0,0
t1_p6xeym1,0,0.3988746404647827,-0.41015625,0,0.774376392364502,0,0.4279979264285847,english,comment,True,adjudicator,2-1,0,1
t1_p7issgy,0,0.037326887249946594,-3.25,0,0.5639294981956482,0,0.09128068610746773,tagalog,comment,True,adjudicator,2-1,0,0
t1_p4uozy4,0,0.009268012829124928,-4.671875,0,0.07598656415939331,0,0.03545081808373031,tagalog,comment,True,majority,3-0,0,0
t1_p7m2cqc,0,0.03258974477648735,-3.390625,0,0.22843918204307556,0,0.08336094006737177,tagalog,comment,True,adjudicator,2-1,0,1
t1_p5jv7be,0,0.18126320838928223,-1.5078125,0,0.7632272243499756,0,0.25612937445872275,tagalog,comment,True,unanimous,3-0,0,0
t1_p6yp884,0,0.18713268637657166,-1.46875,0,0.8745898604393005,0,0.2614273428002639,taglish,comment,True,adjudicator,2-1,0,1
t1_p7lp795,1,0.5811842679977417,0.32763671875,1,0.8833597898483276,1,0.5576608646115826,taglish,comment,True,unanimous,3-0,1,1
t1_p6yhk6d,0,0.3878062665462494,-0.45654296875,0,0.6416999101638794,0,0.4199875187561806,english,comment,True,adjudicator,2-1,0,1
t1_p4s2z8r,0,0.2440025359392166,-1.130859375,0,0.6687387824058533,0,0.3101028883445822,english,comment,True,adjudicator,2-1,0,1
t1_p7lu0x6,1,0.41460251808166504,-0.344970703125,0,0.8155432939529419,0,0.43931781574837275,tagalog,comment,True,majority,3-0,1,1
t1_p6yqy6y,0,0.003429603995755315,-5.671875,0,0.060336630791425705,0,0.017799566803322817,tagalog,comment,True,adjudicator,2-1,0,1
t1_p73qaxf,0,0.33589524030685425,-0.681640625,0,0.7855167388916016,0,0.38178168672872315,tagalog,comment,True,adjudicator,2-1,0,1
t1_p7lve7i,0,0.04535258188843727,-3.046875,0,0.5641524195671082,0,0.1039146315703133,english,comment,True,adjudicator,2-1,0,0
t1_p7n8bnf,1,0.04240382835268974,-3.1171875,0,0.5739549994468689,0,0.09937535569880562,taglish,comment,True,majority,3-0,1,1
t1_p7h3kzb,0,0.11201595515012741,-2.0703125,0,0.7728654146194458,0,0.1878666713983347,english,comment,True,adjudicator,2-1,0,1
t1_p1dy529,0,0.05582314357161522,-2.828125,0,0.49704068899154663,0,0.11922535409449685,tagalog,comment,True,majority,3-0,0,0
t1_p6xqyd9,0,0.1962094008922577,-1.41015625,0,0.7984969019889832,0,0.269505865564641,taglish,comment,True,majority,3-0,0,0
t1_p4sz8g9,0,0.07004895806312561,-2.5859375,0,0.5131310820579529,0,0.1384130150425173,tagalog,comment,True,adjudicator,2-1,0,0
t1_p7lovr3,0,0.6206215620040894,0.4921875,1,0.9149426817893982,1,0.5861395639276373,english,comment,True,adjudicator,2-1,0,1
t1_p4xew5p,0,0.09636510908603668,-2.23828125,0,0.6985485553741455,0,0.1704128917013139,tagalog,comment,True,adjudicator,2-1,0,1
t1_p5jv90q,1,0.9904406070709229,4.640625,1,0.9937930107116699,1,0.9637857875328298,taglish,comment,True,majority,3-0,1,1
t1_p7379e7,0,0.5354400277137756,0.141998291015625,1,0.8910163640975952,0,0.5250809205171365,taglish,comment,True,majority,3-0,0,0
t1_p709iy5,0,0.4809357225894928,-0.0762939453125,0,0.8044053912162781,0,0.48651627855075597,english,comment,True,unanimous,3-0,0,0
t1_p7bcvqr,0,0.15304215252399445,-1.7109375,0,0.644028902053833,0,0.22973369623775763,tagalog,comment,True,adjudicator,2-1,0,1
t1_p7851c1,1,0.7549149990081787,1.125,1,0.9634202718734741,1,0.6890100217403353,taglish,comment,True,majority,3-0,1,1
t1_p7lvwma,0,0.16026602685451508,-1.65625,0,0.7745022177696228,0,0.23664797297039186,tagalog,comment,True,adjudicator,2-1,0,1
t1_p7lob0q,0,0.5482199788093567,0.1934814453125,1,0.9337483644485474,0,0.5341497605021545,tagalog,comment,True,adjudicator,2-1,0,1
t1_p4s3ivv,0,0.333720326423645,-0.69140625,0,0.7745479941368103,0,0.3801531937398113,english,comment,True,adjudicator,2-1,0,1
t1_p4s2xbc,0,0.7683857679367065,1.19921875,1,0.9083265066146851,1,0.7001423291703973,tagalog,comment,True,majority,3-0,0,0
t1_p7lyklt,1,0.5832033753395081,0.3359375,1,0.9346808791160583,1,0.5591082403828816,english,comment,True,majority,3-0,1,1
t1_p713oil,0,0.930962085723877,2.6015625,1,0.9754678606987,1,0.8628993212299214,english,comment,True,adjudicator,2-1,0,1
t1_p4sc2v3,0,0.010248602367937565,-4.5703125,0,0.10741603374481201,0,0.03799010662644487,tagalog,comment,True,unanimous,3-0,0,0
t1_p7m1jm1,0,0.1650540828704834,-1.62109375,0,0.7490323781967163,0,0.2411680438097418,tagalog,comment,True,adjudicator,2-1,0,1
t1_p7maj0o,0,0.005220125894993544,-5.25,0,0.10774607956409454,0,0.02383886120432118,english,comment,True,majority,3-0,0,0
t1_p7iihot,0,0.5731409788131714,0.294677734375,1,0.903006911277771,1,0.5519044949347875,tagalog,comment,True,adjudicator,2-1,0,1
t1_p7aaxr6,0,0.2163424789905548,-1.287109375,0,0.7002568244934082,0,0.2869745113198662,english,comment,True,adjudicator,2-1,0,1
t1_p7awx1i,1,0.685949444770813,0.78125,1,0.9495713710784912,1,0.6346985300996998,english,comment,True,majority,3-0,1,1
t1_p6xv28d,0,0.8238958716392517,1.54296875,1,0.9404392242431641,1,0.748578199823004,taglish,comment,True,majority,3-0,0,0
t1_p7ig44o,0,0.32124704122543335,-0.748046875,0,0.8221873044967651,0,0.3707620462478822,tagalog,comment,True,adjudicator,2-1,0,1
t1_p7lj2kf,0,0.025565214455127716,-3.640625,0,0.45418399572372437,0,0.07081015659263955,taglish,comment,True,majority,3-0,0,0
t1_p6y82na,0,0.34246155619621277,-0.65234375,0,0.8795222640037537,0,0.386683001407875,taglish,comment,True,majority,3-0,0,0
t1_p7h5eec,1,0.32766830921173096,-0.71875,0,0.8552224636077881,0,0.375607843082877,english,comment,True,adjudicator,2-1,1,1
t3_1vrcorq,0,0.30798205733299255,-0.8095703125,0,0.827394962310791,0,0.36067107968849027,tagalog,submission,True,majority,3-0,0,0
t1_p4mnlkb,0,0.32039588689804077,-0.751953125,0,0.8219579458236694,0,0.37011787707484,english,comment,True,majority,3-0,0,0
t1_p7064fx,0,0.09009299427270889,-2.3125,0,0.47171181440353394,0,0.16312138331705364,english,comment,True,adjudicator,2-1,0,0
t1_p1hfv32,0,0.004609572235494852,-5.375,0,0.0555977039039135,0,0.021866316694138327,english,comment,True,unanimous,3-0,0,0
t1_p74rmvs,0,0.4719533324241638,-0.1123046875,0,0.8187644481658936,0,0.4801575748594912,taglish,comment,True,majority,3-0,0,0
t1_p7h6rxf,0,0.48425814509391785,-0.06298828125,0,0.8649629354476929,0,0.48886698017563845,tagalog,comment,True,adjudicator,2-1,0,0
t1_p7ie58t,0,0.10087861120700836,-2.1875,0,0.5694279670715332,0,0.1755494950135745,tagalog,comment,True,adjudicator,2-1,0,0
t1_p79x3gb,0,0.5539426803588867,0.21661376953125,1,0.8561341762542725,0,0.5382175777396492,english,comment,True,adjudicator,2-1,0,1
t1_p4t0vdi,0,0.006903837900608778,-4.96875,0,0.06028963625431061,0,0.028932321091136786,tagalog,comment,True,adjudicator,2-1,0,0
t1_p7hr4sy,0,0.341802179813385,-0.6552734375,0,0.8027907609939575,0,0.3861918173192249,tagalog,comment,True,adjudicator,2-1,0,1
t1_p7a4tjz,0,0.27396270632743835,-0.974609375,0,0.6461037397384644,0,0.3342215417760021,english,comment,True,unanimous,3-0,0,0
t1_p7ii2yk,1,0.6064984202384949,0.4326171875,1,0.9097781181335449,1,0.5758857825069896,tagalog,comment,True,majority,3-0,1,1
t1_p75t0qz,0,0.5389832258224487,0.15625,1,0.8749384880065918,0,0.5275932949979701,tagalog,comment,True,adjudicator,2-1,0,0
t1_p6xetil,0,0.028007520362734795,-3.546875,0,0.1819935142993927,0,0.07529790146887831,english,comment,True,majority,3-0,0,0
t1_p4xnw6t,0,0.7704647779464722,1.2109375,1,0.9227206110954285,1,0.7018791125126185,english,comment,True,adjudicator,2-1,0,1
t1_p7h175j,0,0.9933071732521057,5.0,1,0.9943928122520447,1,0.9716820814573542,english,comment,True,adjudicator,2-1,0,0
t1_p7lqrq0,1,0.9635062217712402,3.2734375,1,0.9867032766342163,1,0.9100847243882639,tagalog,comment,True,adjudicator,2-1,1,1
t1_p4zwyyd,0,0.766992449760437,1.19140625,1,0.9228839874267578,1,0.6989812659595239,english,comment,True,adjudicator,2-1,0,1
t1_p5jur15,1,0.7045668363571167,0.869140625,1,0.9206128120422363,1,0.6489837660745033,taglish,comment,True,majority,3-0,1,1
t1_p7ab8se,0,0.6813028454780579,0.759765625,1,0.8823341131210327,1,0.6311690732312452,english,comment,True,unanimous,3-0,0,0
t1_p6xrlce,0,0.5057370662689209,0.02294921875,1,0.9087638854980469,0,0.5040567980264807,tagalog,comment,True,adjudicator,2-1,0,0
t1_p7av196,0,0.04208773002028465,-3.125,0,0.42886433005332947,0,0.09888202703220235,tagalog,comment,True,majority,3-0,0,0
t1_p7ghz7n,0,0.24944725632667542,-1.1015625,0,0.8426005840301514,0,0.31455219860833694,taglish,comment,True,adjudicator,2-1,0,1
t1_p4y7zm9,0,0.9032942056655884,2.234375,1,0.9589705467224121,1,0.8291962631305743,english,comment,True,adjudicator,2-1,0,1
t1_p7ih15j,0,0.060086652636528015,-2.75,0,0.5169486999511719,0,0.1251495376296225,tagalog,comment,True,adjudicator,2-1,0,1
t3_1vcb612,0,0.28378137946128845,-0.92578125,0,0.8332282304763794,0,0.3419477923225855,taglish,submission,True,adjudicator,3-0,0,0
t1_p7glg5k,0,0.2869678735733032,-0.91015625,0,0.7642022967338562,0,0.3444382536685438,tagalog,comment,True,adjudicator,2-1,0,0
t1_p4yf9se,0,0.05070536583662033,-2.9296875,0,0.49368008971214294,0,0.11188776073897519,tagalog,comment,True,adjudicator,2-1,0,1
t1_p4s44tv,0,0.015306354500353336,-4.1640625,0,0.24331450462341309,0,0.05000010203636064,tagalog,comment,True,adjudicator,2-1,0,0
t1_p6z81zv,0,0.7752646803855896,1.23828125,1,0.8979976177215576,1,0.7059089954629403,taglish,comment,True,adjudicator,2-1,0,0
t1_p78p13k,0,0.007460643537342548,-4.890625,0,0.07624782621860504,0,0.030525431061556748,english,comment,True,adjudicator,2-1,0,0
t1_p4pw431,0,0.02843603305518627,-3.53125,0,0.2815045118331909,0,0.07607080974706149,english,comment,True,adjudicator,2-1,0,0
t1_p74jt73,0,0.6277230381965637,0.5224609375,1,0.862738847732544,1,0.5913226098121002,tagalog,comment,True,adjudicator,2-1,0,0
t1_p7h71lb,0,0.08850466459989548,-2.33203125,0,0.6903064250946045,0,0.16124480947536485,taglish,comment,True,adjudicator,2-1,0,0
t1_p30vdl5,0,0.8887588381767273,2.078125,1,0.9335598945617676,1,0.8129747291506768,english,comment,True,adjudicator,2-1,0,0
t1_p7hbqci,0,0.14223189651966095,-1.796875,0,0.5637274980545044,0,0.2191575544376056,english,comment,True,adjudicator,2-1,0,0
t1_p721op8,0,0.36364689469337463,-0.5595703125,0,0.7246687412261963,0,0.4023516782538123,english,comment,True,majority,3-0,0,0
t1_p4xkroq,0,0.3304711878299713,-0.7060546875,0,0.6623513698577881,0,0.3777155139869642,english,comment,True,majority,3-0,0,0
t1_p7b9enp,0,0.19868534803390503,-1.39453125,0,0.660406768321991,0,0.27168655063075653,tagalog,comment,True,unanimous,3-0,0,0
t1_p7lpa1m,1,0.9594592452049255,3.1640625,1,0.9864839315414429,1,0.903552034032091,taglish,comment,True,majority,3-0,1,1
t1_p4z7ifk,0,0.0026730059180408716,-5.921875,0,0.012685893103480339,0,0.014958589915878276,tagalog,comment,True,unanimous,3-0,0,0
t1_p50dj6i,0,0.28656840324401855,-0.912109375,0,0.8016985654830933,0,0.34412647481201203,tagalog,comment,True,adjudicator,2-1,0,1
t1_p4zopzy,0,0.8110781908035278,1.45703125,1,0.9116253852844238,1,0.7369695319781842,english,comment,True,adjudicator,3-0,0,1
t1_p5f86p4,0,0.012527931481599808,-4.3671875,0,0.13219907879829407,0,0.043602134593122344,english,comment,True,adjudicator,2-1,0,0
t1_p7ioe1o,0,0.6498008370399475,0.6181640625,1,0.8561263084411621,1,0.6075697098164353,tagalog,comment,True,adjudicator,2-1,0,1
t1_p7idovz,1,0.450540691614151,-0.198486328125,0,0.855536937713623,0,0.4649697273755509,english,comment,True,majority,3-0,1,1
t1_p4xtuim,0,0.6370307803153992,0.5625,1,0.8909286260604858,1,0.5981463681660157,tagalog,comment,True,adjudicator,2-1,0,1
t1_p4xrvft,0,0.7786493301391602,1.2578125,1,0.9468579292297363,1,0.7087679374686218,tagalog,comment,True,unanimous,3-0,0,0
t1_p7ltc7f,0,0.05223086103796959,-2.8984375,0,0.46202176809310913,0,0.11410242692672538,english,comment,True,adjudicator,2-1,0,0
t1_p6zelan,0,0.38861799240112305,-0.453125,0,0.8531575202941895,0,0.42057637677526677,english,comment,True,unanimous,3-0,0,0
t1_p4s3hy7,1,0.7563575506210327,1.1328125,1,0.8958286046981812,1,0.6901924985524973,taglish,comment,True,adjudicator,2-1,1,0
t1_p4y1xyk,0,0.29665425419807434,-0.86328125,0,0.799943208694458,0,0.3519606532603707,tagalog,comment,True,adjudicator,2-1,0,1
t1_p4yvl4c,0,0.06512754410505295,-2.6640625,0,0.45137786865234375,0,0.13195568061606766,tagalog,comment,True,adjudicator,2-1,0,1
t1_p6z625b,0,0.18535661697387695,-1.48046875,0,0.8257336020469666,0,0.25983054350617807,tagalog,comment,True,unanimous,3-0,0,0
t1_p74quwt,1,0.9728307723999023,3.578125,1,0.9768074750900269,1,0.926226311050722,english,comment,True,adjudicator,2-1,1,1
t1_p7gif0u,0,0.13296425342559814,-1.875,0,0.6295977830886841,0,0.20985076213561757,tagalog,comment,True,unanimous,3-0,0,0
t1_p6pwmux,0,0.08601588010787964,-2.36328125,0,0.5815355777740479,0,0.1582786148561545,english,comment,True,majority,3-0,0,0
t1_p7mdrsm,1,0.9955315589904785,5.40625,1,0.9948711395263672,1,0.9786013398089671,english,comment,True,unanimous,3-0,1,1
t1_p7m3n43,0,0.27708157896995544,-0.958984375,0,0.8734257221221924,0,0.33668452224149376,tagalog,comment,True,adjudicator,2-1,0,1
t1_p6yjl80,0,0.007755536586046219,-4.8515625,0,0.06764845550060272,0,0.031353533090431686,taglish,comment,True,majority,3-0,0,0
t1_p6zk79o,1,0.06278920918703079,-2.703125,0,0.5443035364151001,0,0.12882387356573421,english,comment,True,adjudicator,2-1,1,1
t1_p4xwgnz,1,0.1200256198644638,-1.9921875,0,0.6587734222412109,0,0.19644087195290436,taglish,comment,True,majority,3-0,1,1
t1_p4zpdci,0,0.5672625303268433,0.27069091796875,1,0.7998929023742676,0,0.5477062843707977,tagalog,comment,True,unanimous,3-0,0,0
t1_p4xl48l,1,0.58486407995224,0.3427734375,1,0.8681523203849792,1,0.560299444124698,tagalog,comment,True,majority,3-0,1,1
t1_p7ckm18,0,0.017045317217707634,-4.0546875,0,0.33194082975387573,0,0.05380424920396059,tagalog,comment,True,unanimous,3-0,0,0
t3_1vcoj6m,0,0.012624949216842651,-4.359375,0,0.07900690287351608,0,0.0438330838818733,taglish,submission,True,majority,3-0,0,0
t1_p4sq5gt,0,0.024798156693577766,-3.671875,0,0.1980072259902954,0,0.06936997202004999,english,comment,True,unanimous,3-0,0,0
t1_p726gps,0,0.1980641782283783,-1.3984375,0,0.7859835028648376,0,0.2711403434104531,taglish,comment,True,unanimous,3-0,0,0
t1_p7gvecp,0,0.9518632292747498,2.984375,1,0.9696491956710815,1,0.8918975419943691,tagalog,comment,True,adjudicator,3-0,0,1
t1_p6yk0wv,1,0.2018132209777832,-1.375,0,0.8159704208374023,0,0.2744279111356581,taglish,comment,True,unanimous,3-0,1,1
t1_p4m4xpj,0,0.03676946833729744,-3.265625,0,0.4375808835029602,0,0.09036835489574363,english,comment,True,unanimous,3-0,0,0
t1_p7d8n11,0,0.018546564504504204,-3.96875,0,0.26374030113220215,0,0.05698306955970582,english,comment,True,adjudicator,2-1,0,1
t1_p4sgotd,0,0.34356191754341125,-0.6474609375,0,0.8669173121452332,0,0.38750215369874497,tagalog,comment,True,adjudicator,2-1,0,1
t1_p524czz,1,0.6506892442703247,0.6220703125,1,0.8530077338218689,1,0.608228086401767,tagalog,comment,True,adjudicator,2-1,1,0
t1_p4z0ozp,0,0.011244560591876507,-4.4765625,0,0.19693146646022797,0,0.04048844628933123,english,comment,True,unanimous,3-0,0,0
t1_p367735,0,0.013020490296185017,-4.328125,0,0.18317025899887085,0,0.04476860327781515,english,comment,True,majority,3-0,0,0
t1_p7438im,0,0.017309095710515976,-4.0390625,0,0.13907411694526672,0,0.0543695042431986,tagalog,comment,True,majority,3-0,0,0
t1_p7gt733,1,0.6690964698791504,0.7041015625,1,0.883891224861145,1,0.6219598160434752,taglish,comment,True,unanimous,3-0,1,1
t1_p726qim,0,0.0014325366355478764,-6.546875,0,0.008989792317152023,0,0.009666842216206764,tagalog,comment,True,unanimous,3-0,0,0
t1_p4xyrud,0,0.1716158092021942,-1.57421875,0,0.5431661605834961,0,0.24728581886354659,english,comment,True,unanimous,3-0,0,0
t1_p4zcyor,0,0.4544418752193451,-0.1827392578125,0,0.8446134924888611,0,0.46774083087394674,taglish,comment,True,unanimous,3-0,0,0
t1_p51nfx0,0,0.02655657008290291,-3.6015625,0,0.3970979154109955,0,0.07264921846884695,tagalog,comment,True,adjudicator,2-1,0,0
t1_p4y1jhs,0,0.12294380366802216,-1.96484375,0,0.5285316705703735,0,0.19951085285925452,tagalog,comment,True,majority,3-0,0,0
t1_p31o8tt,0,0.0061929901130497456,-5.078125,0,0.04371810704469681,0,0.026836828561741147,english,comment,True,unanimous,3-0,0,0
t1_p50ymel,0,0.21109138429164886,-1.318359375,0,0.6202971935272217,0,0.28247436865009884,english,comment,True,unanimous,3-0,0,0
t1_p4ys8dg,1,0.9566342234611511,3.09375,1,0.9839831590652466,1,0.8991314995659792,tagalog,comment,True,unanimous,3-0,1,1
t1_p4yr69c,0,0.7631309032440186,1.169921875,1,0.8952509164810181,1,0.695775194375621,tagalog,comment,True,unanimous,3-0,0,0
t1_p4xrig0,0,0.86200350522995,1.83203125,1,0.9435800909996033,1,0.7850668325145902,english,comment,True,adjudicator,2-1,0,0
t1_p70np69,0,0.27125170826911926,-0.98828125,0,0.7584182024002075,0,0.33207381806044284,tagalog,comment,True,adjudicator,2-1,0,1
t1_p6yds2h,0,0.46301931142807007,-0.148193359375,0,0.8320547938346863,0,0.4738268131357504,tagalog,comment,True,adjudicator,2-1,0,0
t1_p4xqwm3,1,0.986151397228241,4.265625,1,0.9867943525314331,1,0.9533029772887919,tagalog,comment,True,adjudicator,2-1,1,1
t1_p4y5775,1,0.014392335899174213,-4.2265625,0,0.09350822865962982,0,0.047942137181705965,tagalog,comment,True,adjudicator,2-1,1,0
t1_p51p48d,0,0.06804042309522629,-2.6171875,0,0.5402629375457764,0,0.13579882401326915,tagalog,comment,True,adjudicator,2-1,0,1
t1_p6zrgqq,0,0.00172745855525136,-6.359375,0,0.012147746048867702,0,0.011022235721937763,tagalog,comment,True,majority,3-0,0,0
t1_p7a4jv8,0,0.021287353709340096,-3.828125,0,0.18370243906974792,0,0.06256783048362516,taglish,comment,True,majority,3-0,0,0
t1_p4y8cll,0,0.6486889719963074,0.61328125,1,0.8317444324493408,1,0.60674618899895,tagalog,comment,True,unanimous,3-0,0,0
t1_p7jkuf4,1,0.11636175215244293,-2.02734375,0,0.6592888832092285,0,0.1925463867974057,tagalog,comment,True,adjudicator,3-0,1,1
t1_p4y6o6g,0,0.8418256044387817,1.671875,1,0.9473966956138611,1,0.7653420883666907,tagalog,comment,True,adjudicator,2-1,0,1
t1_p6z97sz,0,0.022629201412200928,-3.765625,0,0.33236461877822876,0,0.06521061572509834,english,comment,True,unanimous,3-0,0,0
t1_p51gneh,0,0.9092645049095154,2.3046875,1,0.9509284496307373,1,0.8361230787530619,english,comment,True,adjudicator,2-1,0,1
t1_p77iewi,0,0.012920473702251911,-4.3359375,0,0.15051895380020142,0,0.044532954461711766,tagalog,comment,True,majority,3-0,0,0
t1_p4yi4zq,0,0.026355354115366936,-3.609375,0,0.29862573742866516,0,0.07227791855813645,tagalog,comment,True,adjudicator,2-1,0,1
t1_p6z4wj8,0,0.058345843106508255,-2.78125,0,0.395418256521225,0,0.12275016288201333,english,comment,True,unanimous,3-0,0,0
t1_p70novn,0,0.006003595422953367,-5.109375,0,0.14698457717895508,0,0.02626572194935037,tagalog,comment,True,majority,3-0,0,0
t1_p6xsn6f,0,0.23792988061904907,-1.1640625,0,0.8404432535171509,0,0.3051025168499109,tagalog,comment,True,majority,3-0,0,0
t1_p5289pb,0,0.04672495648264885,-3.015625,0,0.5337449908256531,0,0.10599031494497013,tagalog,comment,True,adjudicator,2-1,0,1
t1_p50yg6i,1,0.929440438747406,2.578125,1,0.9635709524154663,1,0.8609268718481177,english,comment,True,majority,3-0,1,1
t1_p4y544e,1,0.9902915358543396,4.625,1,0.9932020902633667,1,0.9633981808421657,tagalog,comment,True,majority,3-0,1,1
t1_p4xjzfa,0,0.5619511604309082,0.24908447265625,1,0.8813797235488892,0,0.5439188527229921,tagalog,comment,True,adjudicator,2-1,0,1
t1_p4pecyb,0,0.03649376332759857,-3.2734375,0,0.5406297445297241,0,0.08991527561173598,tagalog,comment,True,adjudicator,2-1,0,1
t1_p7gnoo5,0,0.760650634765625,1.15625,1,0.9506278038024902,1,0.6937249954429057,tagalog,comment,True,adjudicator,2-1,0,0
t1_p78b5oc,0,0.15662017464637756,-1.68359375,0,0.5613563060760498,0,0.23317299948211553,tagalog,comment,True,unanimous,3-0,0,0
t1_p4xl7rk,0,0.5535053014755249,0.21484375,1,0.8483749628067017,0,0.5379064927523302,tagalog,comment,True,adjudicator,2-1,0,0
t1_p4ykgc0,1,0.017712298780679703,-4.015625,0,0.2932310700416565,0,0.05522788986755136,english,comment,True,adjudicator,2-1,1,1
t1_p4yk3rt,0,0.6210813522338867,0.494140625,1,0.8694157600402832,1,0.5864745434488386,tagalog,comment,True,adjudicator,2-1,0,0
t1_p4xsw87,0,0.1859472095966339,-1.4765625,0,0.7667620182037354,0,0.26036210598772164,tagalog,comment,True,adjudicator,2-1,0,1
t1_p4s2w3t,1,0.6440012454986572,0.5927734375,1,0.8858474493026733,1,0.6032808198716283,taglish,comment,True,majority,3-0,1,1
t1_p74c3pz,0,0.19930799305438995,-1.390625,0,0.7651189565658569,0,0.27223344719768733,tagalog,comment,True,adjudicator,2-1,0,0
t1_p70qj0v,0,0.05921025201678276,-2.765625,0,0.5166299939155579,0,0.12394486577165027,tagalog,comment,True,adjudicator,2-1,0,0
t1_p4xk6vm,0,0.9381240010261536,2.71875,1,0.9646141529083252,1,0.8724110087385121,tagalog,comment,True,adjudicator,2-1,0,1
t1_p4n52fg,0,0.19436782598495483,-1.421875,0,0.73078453540802,0,0.26787761938278404,tagalog,comment,True,adjudicator,2-1,0,1
t1_p751kst,1,0.689723789691925,0.798828125,1,0.9218183755874634,1,0.6375755599721198,tagalog,comment,True,adjudicator,2-1,1,1
t3_1vpta97,0,0.0016484829830005765,-6.40625,0,0.006672173738479614,0,0.010666718212494087,taglish,submission,True,unanimous,3-0,0,0
t1_p6yculh,0,0.5282900333404541,0.11328125,1,0.8342552185058594,0,0.5200147843852163,tagalog,comment,True,majority,3-0,0,0
t1_p7mfyeg,0,0.9362850189208984,2.6875,1,0.9745981693267822,1,0.8699310741318534,tagalog,comment,True,adjudicator,2-1,0,1
t1_p2epdpe,0,0.25945019721984863,-1.048828125,0,0.7952133417129517,0,0.32264705009453887,english,comment,True,adjudicator,2-1,0,0
t1_p7a2pzp,0,0.9329437017440796,2.6328125,1,0.9661542177200317,1,0.86549259579158,tagalog,comment,True,adjudicator,3-0,0,1
t1_p74dx9a,1,0.18068422377109528,-1.51171875,0,0.7966219782829285,0,0.25560346726048416,taglish,comment,True,majority,3-0,1,1
t1_p7giswq,0,0.26971012353897095,-0.99609375,0,0.7217534780502319,0,0.3308496689054527,english,comment,True,unanimous,3-0,0,0
t1_p50zt7k,0,0.7662936449050903,1.1875,1,0.9289626479148865,1,0.6983997755167731,tagalog,comment,True,adjudicator,2-1,0,1
t1_p7idwnx,0,0.3702253997325897,-0.53125,0,0.7504467964172363,0,0.40717637585473154,english,comment,True,adjudicator,2-1,0,1
t1_p6ya05m,0,0.1465751975774765,-1.76171875,0,0.6487482786178589,0,0.22344133833780733,english,comment,True,unanimous,3-0,0,0
t1_p4s8h0l,0,0.006957609672099352,-4.9609375,0,0.06435942649841309,0,0.029087931391446525,tagalog,comment,True,adjudicator,2-1,0,0
t1_p4y7dvp,0,0.13892841339111328,-1.82421875,0,0.776620626449585,0,0.2158667838493504,english,comment,True,majority,3-0,0,0
t1_p4y0rlh,0,0.113973468542099,-2.05078125,0,0.5279824733734131,0,0.1899828941274716,english,comment,True,unanimous,3-0,0,0
t1_p710mf2,1,0.7937461733818054,1.34765625,1,0.9307953715324402,1,0.7217054232022204,tagalog,comment,True,majority,3-0,1,1
t1_p6zlftq,0,0.07263670861721039,-2.546875,0,0.5824370980262756,0,0.14174001303720482,taglish,comment,True,majority,3-0,0,0
t1_p70brqs,0,0.12896330654621124,-1.91015625,0,0.6933884620666504,0,0.2057584971720515,english,comment,True,adjudicator,2-1,0,0
t1_p51rwkh,0,0.11757213622331619,-2.015625,0,0.7130598425865173,0,0.1938379766180714,tagalog,comment,True,adjudicator,2-1,0,1
t1_p70aj65,0,0.18010665476322174,-1.515625,0,0.7916746139526367,0,0.2550782696168746,english,comment,True,majority,3-0,0,0
t1_p7a9uco,0,0.9697853922843933,3.46875,1,0.985506534576416,1,0.9207642646925824,english,comment,True,adjudicator,2-1,0,1
t1_p4xobtr,0,0.03384403511881828,-3.3515625,0,0.5031409859657288,0,0.08549597492194466,tagalog,comment,True,adjudicator,2-1,0,1
t1_p7m3bn4,0,0.004681822843849659,-5.359375,0,0.05101902782917023,0,0.022103877481344885,tagalog,comment,True,adjudicator,2-1,0,0
t1_p4zzlez,0,0.40228936076164246,-0.39593505859375,0,0.7421150207519531,0,0.4304615318584969,english,comment,True,adjudicator,2-1,0,0
t1_p4xo12x,0,0.27943506836891174,-0.947265625,0,0.7620789408683777,0,0.3385376067028887,tagalog,comment,True,adjudicator,2-1,0,0
t1_p5bvdhp,0,0.021948251873254776,-3.796875,0,0.30045485496520996,0,0.06387648928369032,tagalog,comment,True,adjudicator,2-1,0,1
t1_p7gykkp,1,0.872347354888916,1.921875,1,0.9450159072875977,1,0.7955923821652379,taglish,comment,True,unanimous,3-0,1,1
t1_p4xteho,1,0.9962345957756042,5.578125,1,0.9954225420951843,1,0.9810036628399089,english,comment,True,adjudicator,2-1,1,1
t1_p4xkp5v,0,0.7118317484855652,0.904296875,1,0.901305079460144,1,0.6546256066388741,english,comment,True,adjudicator,2-1,0,1
t1_p7cef1c,0,0.03594832494854927,-3.2890625,0,0.33237767219543457,0,0.08901525457427975,taglish,comment,True,majority,3-0,0,0
t1_p7hd2e9,0,0.7846492528915405,1.29296875,1,0.9233493804931641,1,0.7138725228149746,taglish,comment,True,adjudicator,2-1,0,1
t1_p4xkxuk,1,0.05582314357161522,-2.828125,0,0.3987045884132385,0,0.11922535409449685,taglish,comment,True,unanimous,3-0,1,1
t1_p709nvq,0,0.03541072830557823,-3.3046875,0,0.4630342423915863,0,0.08812337010778089,taglish,comment,True,unanimous,3-0,0,0
t1_p6z5uvv,0,0.047074176371097565,-3.0078125,0,0.4244399964809418,0,0.10651491539011097,english,comment,True,adjudicator,2-1,0,0
t1_p7kw69x,0,0.043365802615880966,-3.09375,0,0.4014543294906616,0,0.10086850043402094,english,comment,True,majority,3-0,0,0
t1_p1dvuqm,0,0.00934002548456192,-4.6640625,0,0.13939090073108673,0,0.035640200879961545,taglish,comment,True,majority,3-0,0,0
t1_p7adfz7,0,0.00955939944833517,-4.640625,0,0.11235272139310837,0,0.036214212467170125,tagalog,comment,True,unanimous,3-0,0,0
t1_p732hza,1,0.02161533385515213,-3.8125,0,0.3124640882015228,0,0.06321900225699442,tagalog,comment,True,adjudicator,2-1,1,1
t1_p6yfa2p,1,0.7962924242019653,1.36328125,1,0.9478968977928162,1,0.7239190419281578,taglish,comment,True,majority,3-0,1,1
t1_p7091l5,0,0.09947021305561066,-2.203125,0,0.5586049556732178,0,0.1739561465537988,tagalog,comment,True,adjudicator,3-0,0,0
t1_p50w57h,0,0.5865820646286011,0.349853515625,1,0.8738192319869995,1,0.561532458857696,tagalog,comment,True,adjudicator,2-1,0,1
t1_p707r47,1,0.9838472008705139,4.109375,1,0.9878500699996948,1,0.9481307816360769,taglish,comment,True,majority,3-0,1,1
t1_p7himi0,0,0.6706082820892334,0.7109375,1,0.9226152300834656,1,0.6230956806890106,tagalog,comment,True,adjudicator,2-1,0,1
t1_p7kvjiv,0,0.24006125330924988,-1.15234375,0,0.7089505195617676,0,0.30686219112073493,taglish,comment,True,adjudicator,2-1,0,0
t1_p4mhe0s,0,0.03185885399580002,-3.4140625,0,0.4363732933998108,0,0.08210329256747433,tagalog,comment,True,adjudicator,2-1,0,1
t1_p512his,0,0.07263670861721039,-2.546875,0,0.49486780166625977,0,0.14174001303720482,english,comment,True,adjudicator,2-1,0,1
t1_p1duvt0,0,0.10158944875001907,-2.1796875,0,0.6718370318412781,0,0.1763504667771007,tagalog,comment,True,adjudicator,2-1,0,0
t1_p6z37z3,0,0.05877655744552612,-2.7734375,0,0.4288347661495209,0,0.12334627139841443,tagalog,comment,True,adjudicator,2-1,0,0
t1_p50r9zr,1,0.19682621955871582,-1.40625,0,0.710350751876831,0,0.27005000011108,tagalog,comment,True,majority,3-0,1,1
t1_p7hy9hi,0,0.2267836332321167,-1.2265625,0,0.8207966685295105,0,0.2958142054074818,tagalog,comment,True,adjudicator,2-1,0,0
t1_p6zuis8,0,0.0018102111062034965,-6.3125,0,0.01230035349726677,0,0.011389466077909098,tagalog,comment,True,majority,3-0,0,0
t1_p4yj1ed,0,0.12294380366802216,-1.96484375,0,0.5566942095756531,0,0.19951085285925452,taglish,comment,True,adjudicator,2-1,0,1
t1_p6z4upr,0,0.6001883149147034,0.40625,1,0.8697625398635864,1,0.5713257252606919,english,comment,True,majority,3-0,0,0
t1_p6y6h07,0,0.4464947283267975,-0.21484375,0,0.8172760009765625,0,0.4620935072476698,tagalog,comment,True,adjudicator,2-1,0,0
t1_p4zco6k,0,0.10894505679607391,-2.1015625,0,0.5435368418693542,0,0.18451848676466442,tagalog,comment,True,adjudicator,3-0,0,1
t1_p4y5j3j,0,0.06536578387022018,-2.66015625,0,0.5836238861083984,0,0.13227238674953307,tagalog,comment,True,adjudicator,2-1,0,0
t1_p733ltf,0,0.12721826136112213,-1.92578125,0,0.6561088562011719,0,0.2039587918298908,tagalog,comment,True,adjudicator,2-1,0,0
t1_p4xkdld,0,0.12085322290658951,-1.984375,0,0.5972750186920166,0,0.19731435105038347,english,comment,True,unanimous,3-0,0,0
t1_p4yg81s,0,0.9582260847091675,3.1328125,1,0.9788560271263123,1,0.9016091201549886,tagalog,comment,True,adjudicator,2-1,0,1
t1_p4yyee1,0,0.34997692704200745,-0.619140625,0,0.852462649345398,0,0.3922656592634337,tagalog,comment,True,adjudicator,3-0,0,1
t1_p4sjhlw,0,0.03963883966207504,-3.1875,0,0.4183586537837982,0,0.09501334304670195,tagalog,comment,True,adjudicator,2-1,0,0
t1_p4z0ney,1,0.8807970285415649,2.0,1,0.9412941336631775,1,0.8044296825069569,taglish,comment,True,majority,3-0,1,1
t1_p4xq73x,0,0.010489092208445072,-4.546875,0,0.05778605490922928,0,0.03860045026908221,english,comment,True,adjudicator,2-1,0,0
t1_p6y4l7s,0,0.5404501557350159,0.1621551513671875,1,0.9087674617767334,0,0.5286338874962682,tagalog,comment,True,majority,3-0,0,0
t1_p4xnwkj,1,0.7981867790222168,1.375,1,0.935985267162323,1,0.7255720888643419,tagalog,comment,True,adjudicator,3-0,1,1
t1_p4s534a,1,0.3261640965938568,-0.7255859375,0,0.8364499807357788,0,0.37447488647138044,english,comment,True,adjudicator,2-1,1,1
t1_p50h2qm,0,0.996570348739624,5.671875,1,0.9965354204177856,1,0.9822004331966773,tagalog,comment,True,adjudicator,2-1,0,1
t1_p50j96c,0,0.06371499598026276,-2.6875,0,0.5633784532546997,0,0.13006892586814658,tagalog,comment,True,unanimous,3-0,0,0
t1_p4y11hx,0,0.10194652527570724,-2.17578125,0,0.5310461521148682,0,0.17675202844362048,tagalog,comment,True,adjudicator,2-1,0,0
t1_p4z3fuk,0,0.048496000468730927,-2.9765625,0,0.5286909341812134,0,0.10863624219523085,tagalog,comment,True,unanimous,3-0,0,0
t1_p4yox13,1,0.023870835080742836,-3.7109375,0,0.33181458711624146,0,0.06760786995852916,taglish,comment,True,unanimous,3-0,1,1
t1_p4ybtmv,0,0.11008788645267487,-2.08984375,0,0.6088476181030273,0,0.18576861518163523,taglish,comment,True,majority,3-0,0,0
t1_p2es2hj,0,0.07477004826068878,-2.515625,0,0.619850754737854,0,0.14444945791647593,tagalog,comment,True,majority,3-0,0,0
t1_p7caua3,0,0.007345826830714941,-4.90625,0,0.04602421447634697,0,0.03020015508288496,english,comment,True,unanimous,3-0,0,0
t1_p7gknig,0,0.12896330654621124,-1.91015625,0,0.6557552814483643,0,0.2057584971720515,tagalog,comment,True,majority,3-0,0,0
t1_p74stl2,0,0.5089101791381836,0.03564453125,1,0.8793298602104187,0,0.5063007888867319,tagalog,comment,True,adjudicator,2-1,0,1
t1_p4zlqo8,0,0.09041372686624527,-2.30859375,0,0.6050910353660583,0,0.16349880116031024,tagalog,comment,True,adjudicator,2-1,0,1
t1_p4y1xcm,0,0.2078571617603302,-1.337890625,0,0.828159511089325,0,0.27968361254411667,tagalog,comment,True,adjudicator,2-1,0,0
t1_p7mapfh,0,0.13477592170238495,-1.859375,0,0.668688952922821,0,0.21168863192157336,tagalog,comment,True,majority,3-0,0,0
t1_p7lr8lb,0,0.011508148163557053,-4.453125,0,0.26356977224349976,0,0.041137211532009055,tagalog,comment,True,unanimous,3-0,0,0
t1_p4yezgx,0,0.048496000468730927,-2.9765625,0,0.4119874835014343,0,0.10863624219523085,english,comment,True,adjudicator,2-1,0,1
t1_p5bq8oz,0,0.003172682598233223,-5.75,0,0.012077088467776775,0,0.01685906493442356,english,comment,True,majority,3-0,0,0
t1_p70c3bw,0,0.7248703241348267,0.96875,1,0.8864726424217224,1,0.6648558905122414,tagalog,comment,True,adjudicator,2-1,0,1
t1_p6y9e5r,0,0.9207897186279297,2.453125,1,0.966679036617279,1,0.8500025840509632,tagalog,comment,True,adjudicator,2-1,0,1
t1_p1f97sw,0,0.7379143238067627,1.03515625,1,0.9261700510978699,1,0.675236550264084,tagalog,comment,True,adjudicator,2-1,0,0
t1_p6zadyn,0,0.012821215204894543,-4.34375,0,0.09694479405879974,0,0.0442984885095211,english,comment,True,unanimous,3-0,0,0
t1_p4xm2tm,0,0.006797531619668007,-4.984375,0,0.10195273160934448,0,0.028623519921703203,tagalog,comment,True,adjudicator,2-1,0,0
t1_p7lpb1a,0,0.4700067341327667,-0.1201171875,0,0.8186132907867432,0,0.47877883659052534,tagalog,comment,True,adjudicator,2-1,0,1
t1_p4th0ut,0,0.08570928126573563,-2.3671875,0,0.4700568616390228,0,0.15791097242086816,english,comment,True,adjudicator,2-1,0,0
t1_p7gicc0,0,0.1431877166032791,-1.7890625,0,0.6172529458999634,0,0.22010437590073614,taglish,comment,True,unanimous,3-0,0,0
t1_p4yjdib,0,0.05582314357161522,-2.828125,0,0.4375322759151459,0,0.11922535409449685,taglish,comment,True,unanimous,3-0,0,0
t1_p4xtjdy,0,0.1778108775615692,-1.53125,0,0.6197139024734497,0,0.2529845857724342,tagalog,comment,True,adjudicator,2-1,0,1
t1_p6z1vgk,0,0.2075357586145401,-1.33984375,0,0.7537997961044312,0,0.2794054663226901,taglish,comment,True,adjudicator,2-1,0,0
t1_p56w5ol,0,0.4814538359642029,-0.07421875,0,0.8940632343292236,0,0.48688286512132706,tagalog,comment,True,adjudicator,2-1,0,0
t1_p4xol63,0,0.07640768587589264,-2.4921875,0,0.5630645751953125,0,0.14650968225547809,taglish,comment,True,unanimous,3-0,0,0
t1_p4z6jvu,0,0.9686195850372314,3.4296875,1,0.9838280081748962,1,0.9187255163759249,tagalog,comment,True,adjudicator,2-1,0,1
t1_p74yj9b,0,0.2587003707885742,-1.052734375,0,0.6907334327697754,0,0.32204369249231785,taglish,comment,True,adjudicator,2-1,0,1
t1_p5btopp,1,0.3911151885986328,-0.442626953125,0,0.9112643003463745,0,0.42238641903334473,taglish,comment,True,adjudicator,3-0,1,1
t1_p50y8v7,1,0.8848377466201782,2.0390625,1,0.9536823630332947,1,0.8087386386542817,english,comment,True,adjudicator,3-0,1,1
t1_p4xo0gb,0,0.3309035003185272,-0.7041015625,0,0.8233158588409424,0,0.37804018395652483,tagalog,comment,True,adjudicator,2-1,0,1
t1_p4czzl3,0,0.025371311232447624,-3.6484375,0,0.29640355706214905,0,0.07044754184510031,taglish,comment,True,adjudicator,2-1,0,1
t1_p76kevx,0,0.8778960704803467,1.97265625,1,0.9634653329849243,1,0.8013699436386221,tagalog,comment,True,adjudicator,2-1,0,1
t1_p78al5l,0,0.016657039523124695,-4.078125,0,0.11665025353431702,0,0.05296675016201559,english,comment,True,majority,3-0,0,0
t1_p4ygjuj,0,0.012241275049746037,-4.390625,0,0.11166195571422577,0,0.04291623551910936,english,comment,True,majority,3-0,0,0
t1_p529t1f,0,0.019271137192845345,-3.9296875,0,0.4246678352355957,0,0.05848562166467192,taglish,comment,True,majority,3-0,0,0
t1_p4y194h,0,0.017712298780679703,-4.015625,0,0.1638350486755371,0,0.05522788986755136,taglish,comment,True,majority,3-0,0,0
t1_p4xq4ro,0,0.6113819479942322,0.453125,1,0.8516209125518799,1,0.5794236232247332,tagalog,comment,True,adjudicator,2-1,0,0
t1_p7bf0gj,1,0.4297882914543152,-0.28271484375,0,0.8558267951011658,0,0.45018838245526277,taglish,comment,True,unanimous,3-0,1,1
t1_p4xn6qp,0,0.6309123635292053,0.5361328125,1,0.822091281414032,1,0.5936567747784307,english,comment,True,adjudicator,2-1,0,0
t1_p79v3ft,0,0.025371311232447624,-3.6484375,0,0.1521795392036438,0,0.07044754184510031,english,comment,True,majority,3-0,0,0
t1_p4yi3xn,0,0.08540366590023041,-2.37109375,0,0.6629579067230225,0,0.15754402409728333,tagalog,comment,True,adjudicator,2-1,0,1
t1_p4yj454,0,0.00970847625285387,-4.625,0,0.06970014423131943,0,0.03660181915783433,english,comment,True,unanimous,3-0,0,0
t1_p50xn5x,0,0.051082734018564224,-2.921875,0,0.4919319152832031,0,0.1124378795635367,english,comment,True,adjudicator,2-1,0,1
t1_p4xm1yg,1,0.12984344363212585,-1.90234375,0,0.6390765309333801,0,0.2066627519032722,taglish,comment,True,unanimous,3-0,1,1
t1_p4xxk04,0,0.622459352016449,0.5,1,0.911105751991272,1,0.5874790008396098,taglish,comment,True,majority,3-0,0,0
t1_p4zw1g5,1,0.44307324290275574,-0.22869873046875,0,0.8502568602561951,0,0.45965927031451725,tagalog,comment,True,adjudicator,2-1,1,1
t1_p4y3vfn,0,0.9709092378616333,3.5078125,1,0.9908018112182617,1,0.9227561713896378,tagalog,comment,True,adjudicator,2-1,0,1
t3_1vrdiwk,0,0.30777397751808167,-0.810546875,0,0.7497607469558716,0,0.36051186654521294,tagalog,submission,True,adjudicator,2-1,0,0
t1_p4xtmvu,0,0.01009131595492363,-4.5859375,0,0.055180624127388,0,0.037588371829492165,english,comment,True,majority,3-0,0,0
t1_p4xsbfg,0,0.4882833957672119,-0.046875,0,0.8086737394332886,0,0.4917143509679055,english,comment,True,adjudicator,2-1,0,1
t1_p4xdvcr,0,0.015663648024201393,-4.140625,0,0.1692233383655548,0,0.050793208931795446,taglish,comment,True,majority,3-0,0,0
t1_p6zoyng,0,0.012431650422513485,-4.375,0,0.07506560534238815,0,0.04337234694171856,taglish,comment,True,unanimous,3-0,0,0
t1_p7486bm,0,0.0032730652019381523,-5.71875,0,0.02554444968700409,0,0.017229257662342803,taglish,comment,True,majority,3-0,0,0
t1_p4z4z4y,1,0.29178744554519653,-0.88671875,0,0.7906392812728882,0,0.348189990806162,english,comment,True,adjudicator,2-1,1,1
t1_p6ziis1,0,0.03138043358922005,-3.4296875,0,0.25354593992233276,0,0.08127448362407505,english,comment,True,unanimous,3-0,0,0
t1_p72ypf9,0,0.002251847181469202,-6.09375,0,0.017461566254496574,0,0.013269458572332627,tagalog,comment,True,majority,3-0,0,0
t1_p4yj4zk,0,0.021948251873254776,-3.796875,0,0.27043211460113525,0,0.06387648928369032,taglish,comment,True,majority,3-0,0,0
t1_p68jpkd,1,0.854884684085846,1.7734375,1,0.9688215255737305,1,0.7779931845440012,taglish,comment,True,majority,3-0,1,1
t1_p4zdr0n,1,0.7627776861190796,1.16796875,1,0.9313254356384277,1,0.6954827818474474,taglish,comment,True,majority,3-0,1,1
t1_p7lmrqy,0,0.027376487851142883,-3.5703125,0,0.3448883891105652,0,0.07415205863186045,taglish,comment,True,unanimous,3-0,0,0
t1_p57b3d7,0,0.031143829226493835,-3.4375,0,0.5248137712478638,0,0.08086294509757058,tagalog,comment,True,adjudicator,2-1,0,0
t1_p4ygs44,0,0.20850105583667755,-1.333984375,0,0.6670410633087158,0,0.2802404128228982,tagalog,comment,True,majority,3-0,0,0
t1_p6zb1ej,0,0.02460992895066738,-3.6796875,0,0.29069870710372925,0,0.06901418460034317,english,comment,True,unanimous,3-0,0,0
t1_p4yti76,0,0.2267836332321167,-1.2265625,0,0.7946995496749878,0,0.2958142054074818,tagalog,comment,True,adjudicator,2-1,0,1
t1_p733z4m,0,0.06465348601341248,-2.671875,0,0.5164912939071655,0,0.13132419738900492,taglish,comment,True,majority,3-0,0,0
t1_p6721tx,1,0.9268352389335632,2.5390625,1,0.968310534954071,1,0.8575866295664314,taglish,comment,True,majority,3-0,1,1
t1_p4yt82m,0,0.03963883966207504,-3.1875,0,0.4542904794216156,0,0.09501334304670195,tagalog,comment,True,adjudicator,2-1,0,0
t1_p7c0389,0,0.9927672147750854,4.921875,1,0.9929863214492798,1,0.9701217616090927,tagalog,comment,True,adjudicator,2-1,0,0
t1_p75e5fa,1,0.9399133324623108,2.75,1,0.951048731803894,1,0.8748504623703774,taglish,comment,True,unanimous,3-0,1,1
t1_p773gyp,0,0.729519784450531,0.9921875,1,0.9160348176956177,1,0.668538541453715,tagalog,comment,True,unanimous,3-0,0,0
t1_p4rjw4y,0,0.04672495648264885,-3.015625,0,0.3054116368293762,0,0.10599031494497013,taglish,comment,True,adjudicator,2-1,0,0
t1_p577sr1,0,0.012336100451648235,-4.3828125,0,0.14130544662475586,0,0.043143715665271386,taglish,comment,True,majority,3-0,0,0
t1_p4xrce9,1,0.00970847625285387,-4.625,0,0.15147390961647034,0,0.03660181915783433,english,comment,True,adjudicator,2-1,1,0
t1_p4skrne,0,0.06656918674707413,-2.640625,0,0.6149428486824036,0,0.13386559271915938,taglish,comment,True,adjudicator,2-1,0,0
t1_p30g1vl,0,0.18010665476322174,-1.515625,0,0.8276340961456299,0,0.2550782696168746,taglish,comment,True,unanimous,3-0,0,0
t1_p519poe,0,0.35086607933044434,-0.615234375,0,0.7596832513809204,0,0.39292432956605505,english,comment,True,majority,3-0,0,0
t1_p4sfmvc,1,0.04885777831077576,-2.96875,0,0.43671879172325134,0,0.10917233946238249,tagalog,comment,True,adjudicator,2-1,1,1
t1_p4ym3y3,1,0.4079228937625885,-0.37255859375,0,0.7925394773483276,0,0.4345185862706617,tagalog,comment,True,majority,3-0,1,1
t1_p7arwp2,0,0.2802222669124603,-0.943359375,0,0.7422072291374207,0,0.3391564070782426,tagalog,comment,True,adjudicator,2-1,0,0
t1_p4xv4gk,0,0.4488905370235443,-0.2051544189453125,0,0.8313981890678406,0,0.46379694613181194,tagalog,comment,True,adjudicator,2-1,0,1
t1_p4xu6er,0,0.02822098508477211,-3.5390625,0,0.43469923734664917,0,0.07568344974634346,tagalog,comment,True,adjudicator,2-1,0,0
t1_p5jsep8,1,0.11008788645267487,-2.08984375,0,0.5367213487625122,0,0.18576861518163523,tagalog,comment,True,unanimous,3-0,1,1
t1_p2et3w6,0,0.05223086103796959,-2.8984375,0,0.5365797877311707,0,0.11410242692672538,tagalog,comment,True,majority,3-0,0,0
t1_p4jnsj1,0,0.5480688810348511,0.19287109375,1,0.9022599458694458,0,0.5340423663044017,taglish,comment,True,adjudicator,2-1,0,0
t1_p4y5ltm,0,0.007695646956562996,-4.859375,0,0.051780641078948975,0,0.03118619191661616,english,comment,True,majority,3-0,0,0
t1_p4ytz6d,0,0.05184547230601311,-2.90625,0,0.4795164465904236,0,0.11354520592160702,taglish,comment,True,unanimous,3-0,0,0
t1_p6y7lgy,0,0.45114514231681824,-0.196044921875,0,0.8784935474395752,0,0.465399218550578,taglish,comment,True,adjudicator,2-1,0,1
t1_p5jtw2k,0,0.33393749594688416,-0.6904296875,0,0.7979241609573364,0,0.38031592237518863,taglish,comment,True,adjudicator,2-1,0,0
t1_p6zhxbf,0,0.004198795650154352,-5.46875,0,0.023856213316321373,0,0.020492514435468494,english,comment,True,unanimous,3-0,0,0
t1_p4t52hu,1,0.9951702952384949,5.328125,1,0.9944958686828613,1,0.9774134095812312,taglish,comment,True,majority,3-0,1,1
t1_p5jtc4w,0,0.6863700151443481,0.783203125,1,0.898814857006073,1,0.6350186798010966,tagalog,comment,True,adjudicator,2-1,0,1
t1_p7004lx,0,0.740174412727356,1.046875,1,0.9335393905639648,1,0.6770510492297657,tagalog,comment,True,adjudicator,2-1,0,0
t1_p515mi4,0,0.28101080656051636,-0.939453125,0,0.7158812284469604,0,0.3397757575288129,english,comment,True,majority,3-0,0,0
t1_p5juxhz,0,0.4520066976547241,-0.19256591796875,0,0.8705049753189087,0,0.46601133197849576,tagalog,comment,True,unanimous,3-0,0,0
t1_p4s89m3,0,0.3532050549983978,-0.60498046875,0,0.8184366226196289,0,0.3946551877698045,english,comment,True,adjudicator,2-1,0,0
t1_p6y7kyx,0,0.07807817310094833,-2.46875,0,0.6430715918540955,0,0.14859418722959883,taglish,comment,True,majority,3-0,0,0
t1_p6xzsuq,0,0.3821414113044739,-0.48046875,0,0.7403415441513062,0,0.41587197692591316,english,comment,True,adjudicator,2-1,0,0
t1_p5jssj7,1,0.14080817997455597,-1.80859375,0,0.7653066515922546,0,0.21774282247425808,tagalog,comment,True,adjudicator,2-1,1,1
t1_p4sgw1q,0,0.5491571426391602,0.197265625,1,0.8521914482116699,0,0.5348155334903913,taglish,comment,True,adjudicator,2-1,0,1
t1_p4wsnxs,0,0.004755199886858463,-5.34375,0,0.04507780820131302,0,0.02234396022753802,tagalog,comment,True,majority,3-0,0,0
t1_p6z4vvg,0,0.208823561668396,-1.33203125,0,0.6510447263717651,0,0.28051906665776194,english,comment,True,unanimous,3-0,0,0
t1_p75dtkh,0,0.2568320035934448,-1.0625,0,0.6798666715621948,0,0.320537895343425,english,comment,True,adjudicator,2-1,0,1
t1_p4zhdsi,0,0.00628990214318037,-5.0625,0,0.09546926617622375,0,0.02712689253281322,english,comment,True,majority,3-0,0,0
t1_p5juk3g,0,0.685949444770813,0.78125,1,0.9302937388420105,1,0.6346985300996998,english,comment,True,unanimous,3-0,0,0
t1_p5jtndw,0,0.31153160333633423,-0.79296875,0,0.7987195253372192,0,0.36338236706637916,taglish,comment,True,adjudicator,2-1,0,1
t1_p4slliv,0,0.08819004148244858,-2.3359375,0,0.7441296577453613,0,0.16087159407934162,tagalog,comment,True,adjudicator,2-1,0,1
t1_p7a3e3u,0,0.8864204287528992,2.0546875,1,0.9575879573822021,1,0.8104418053428191,tagalog,comment,True,adjudicator,2-1,0,1
t1_p1gfta2,0,0.13386748731136322,-1.8671875,0,0.8024126291275024,0,0.21076822876284712,english,comment,True,majority,3-0,0,0
t1_p4xisff,1,0.7268136143684387,0.978515625,1,0.8834302425384521,1,0.6663928000994757,taglish,comment,True,unanimous,3-0,1,1
t1_p4r402s,0,0.4324828088283539,-0.271728515625,0,0.8681607246398926,0,0.45211196871683357,taglish,comment,True,majority,3-0,0,0
t1_p5jt1fd,1,0.9441768527030945,2.828125,1,0.9819649457931519,1,0.8807746459055031,tagalog,comment,True,majority,3-0,1,1
t1_p4xns60,1,0.538194477558136,0.153076171875,1,0.8599452376365662,0,0.5270339104832382,tagalog,comment,True,adjudicator,2-1,1,0
t1_p7c7dt1,0,0.01652955636382103,-4.0859375,0,0.20589713752269745,0,0.052690328990979494,tagalog,comment,True,adjudicator,2-1,0,0
t1_p74p6t0,0,0.23440666496753693,-1.18359375,0,0.7257958650588989,0,0.30218235259684406,english,comment,True,unanimous,3-0,0,0
t1_p4xm7lh,0,0.56817626953125,0.2744140625,1,0.8100942373275757,0,0.5483583756363326,tagalog,comment,True,adjudicator,2-1,0,1
t1_p4prsp8,0,0.31048527359962463,-0.7978515625,0,0.8135970830917358,0,0.36258401891279196,taglish,comment,True,majority,3-0,0,0
t1_p7n24zh,1,0.9919379353523254,4.8125,1,0.9921774864196777,1,0.9677966461345053,taglish,comment,True,majority,3-0,1,1
t1_p4y3fyo,0,0.04501553252339363,-3.0546875,0,0.5297440886497498,0,0.10340135577527661,tagalog,comment,True,unanimous,3-0,0,0
t1_p4yguuy,1,0.20087100565433502,-1.380859375,0,0.7490917444229126,0,0.27360369934125867,taglish,comment,True,majority,3-0,1,1
t1_p7lx34q,0,0.4593186378479004,-0.1630859375,0,0.9221357107162476,0,0.47120211393307004,taglish,comment,True,adjudicator,2-1,0,0
t1_p1gen71,0,0.008916127495467663,-4.7109375,0,0.07702995836734772,0,0.03451835590885907,english,comment,True,majority,3-0,0,0
t1_p7cxgpd,0,0.017442483454942703,-4.03125,0,0.1814664602279663,0,0.054654226373916,taglish,comment,True,majority,3-0,0,0
t1_p5jsj57,0,0.23863890767097473,-1.16015625,0,0.6527490615844727,0,0.30568844605788437,tagalog,comment,True,adjudicator,2-1,0,1
t1_p52e5kl,0,0.0025114635936915874,-5.984375,0,0.025311671197414398,0,0.014321163867260506,taglish,comment,True,majority,3-0,0,0
t1_p1e7k8b,0,0.048496000468730927,-2.9765625,0,0.6500408053398132,0,0.10863624219523085,tagalog,comment,True,majority,3-0,0,0
t1_p4xtajn,0,0.44031885266304016,-0.2398681640625,0,0.8323262929916382,0,0.45769826272114866,tagalog,comment,True,adjudicator,2-1,0,0
t1_p7c5pbc,0,0.060086652636528015,-2.75,0,0.4512941539287567,0,0.1251495376296225,tagalog,comment,True,adjudicator,2-1,0,0
t1_p74cyoi,0,0.8338664174079895,1.61328125,1,0.9382728338241577,1,0.7578195361742495,taglish,comment,True,adjudicator,2-1,0,1
t1_p6xj0el,0,0.004007288720458746,-5.515625,0,0.032901305705308914,0,0.01983766427133824,taglish,comment,True,adjudicator,2-1,0,0
t1_p4yee4t,0,0.2018132209777832,-1.375,0,0.7195088863372803,0,0.2744279111356581,tagalog,comment,True,majority,3-0,0,0
t1_p52d75e,0,0.0061929901130497456,-5.078125,0,0.10500442236661911,0,0.026836828561741147,tagalog,comment,True,unanimous,3-0,0,0
t1_p5jtolp,0,0.025760557502508163,-3.6328125,0,0.3187171518802643,0,0.07117449491340037,tagalog,comment,True,unanimous,3-0,0,0
t1_p2g6h3z,0,0.016914913430809975,-4.0625,0,0.2169649302959442,0,0.05352370434051187,tagalog,comment,True,majority,3-0,0,0
t1_p6sqa3s,0,0.19132769107818604,-1.44140625,0,0.7419567108154297,0,0.26517777797456116,english,comment,True,adjudicator,2-1,0,1
t1_p2f7kzl,0,0.0035380858462303877,-5.640625,0,0.05155980587005615,0,0.018190029052986275,taglish,comment,True,unanimous,3-0,0,0
t1_p54008r,0,0.006797531619668007,-4.984375,0,0.13279424607753754,0,0.028623519921703203,taglish,comment,True,majority,3-0,0,0
t1_p1upy09,0,0.10557883977890015,-2.13671875,0,0.7044410705566406,0,0.18080718184049047,tagalog,comment,True,unanimous,3-0,0,0
t1_p4z4m0z,0,0.03934250399470329,-3.1953125,0,0.21006456017494202,0,0.09453939562744847,english,comment,True,unanimous,3-0,0,0
t1_p79z5nk,0,0.005641908384859562,-5.171875,0,0.08758967369794846,0,0.02515877464146465,taglish,comment,True,majority,3-0,0,0
t1_p5cvoqg,0,0.021287353709340096,-3.828125,0,0.25577831268310547,0,0.06256783048362516,taglish,comment,True,majority,3-0,0,0
t1_p4xtbln,0,0.00955939944833517,-4.640625,0,0.1480657160282135,0,0.036214212467170125,tagalog,comment,True,majority,3-0,0,0
t1_p5jtmd0,1,0.4711015820503235,-0.11572265625,0,0.8196315169334412,0,0.4795543384360605,tagalog,comment,True,adjudicator,2-1,1,1
t1_p4yotop,0,0.675336480140686,0.732421875,1,0.8812508583068848,1,0.6266566961212165,english,comment,True,unanimous,3-0,0,0
t1_p4xn24f,1,0.7697731852531433,1.20703125,1,0.9205531477928162,1,0.7013008277860385,english,comment,True,adjudicator,2-1,1,1
t1_p505cmy,1,0.27125170826911926,-0.98828125,0,0.7019646167755127,0,0.33207381806044284,tagalog,comment,True,majority,3-0,1,1
t1_p4zdo1j,0,0.06097517907619476,-2.734375,0,0.4408320188522339,0,0.12636422930463476,english,comment,True,adjudicator,2-1,0,1
t1_p4xouza,1,0.02779562398791313,-3.5546875,0,0.4170948266983032,0,0.07491415807570487,taglish,comment,True,adjudicator,2-1,1,1
t1_p6yfu5h,1,0.9785493016242981,3.8203125,1,0.9804856777191162,1,0.937107369819894,tagalog,comment,True,majority,3-0,1,1
t1_p4xpeuj,0,0.9394705891609192,2.7421875,1,0.9851446151733398,1,0.874244372173228,tagalog,comment,True,adjudicator,3-0,0,1
t1_p4xkvsh,0,0.4732920825481415,-0.10693359375,0,0.8302380442619324,0,0.4811056340385014,english,comment,True,adjudicator,2-1,0,0
t1_p4yl0xr,1,0.18068422377109528,-1.51171875,0,0.637444019317627,0,0.25560346726048416,english,comment,True,adjudicator,2-1,1,1
t1_p4xpvl1,0,0.7221353054046631,0.955078125,1,0.8650761842727661,1,0.6626983373297168,english,comment,True,unanimous,3-0,0,0
t1_p4u9h25,0,0.0030753696337342262,-5.78125,0,0.01615925505757332,0,0.01649669275652105,english,comment,True,majority,3-0,0,0
t1_p5jskjd,1,0.7420480251312256,1.056640625,1,0.9621092081069946,1,0.6785590722535052,tagalog,comment,True,adjudicator,2-1,1,1
t1_p51887v,0,0.572125256061554,0.29052734375,1,0.90613853931427,1,0.5511785990362765,tagalog,comment,True,unanimous,3-0,0,0
t1_p4xnjvm,0,0.060086652636528015,-2.75,0,0.5490751266479492,0,0.1251495376296225,english,comment,True,adjudicator,2-1,0,1
t1_p7alkg3,0,0.06804042309522629,-2.6171875,0,0.5086846351623535,0,0.13579882401326915,tagalog,comment,True,unanimous,3-0,0,0
t1_p5diqt4,0,0.006050397641956806,-5.1015625,0,0.13084658980369568,0,0.02640738016946223,taglish,comment,True,majority,3-0,0,0
t1_p5736v4,0,0.03258974477648735,-3.390625,0,0.37337785959243774,0,0.08336094006737177,tagalog,comment,True,majority,3-0,0,0
t1_p4sv42q,0,0.008445627056062222,-4.765625,0,0.08317285776138306,0,0.03325255266167992,tagalog,comment,True,adjudicator,2-1,0,0
t1_p57dnn2,0,0.011687257327139378,-4.4375,0,0.10261692851781845,0,0.04157523691085933,english,comment,True,majority,3-0,0,0
t1_p7m3c6h,0,0.10594828426837921,-2.1328125,0,0.5290906429290771,0,0.18121665896052586,tagalog,comment,True,adjudicator,2-1,0,0
t1_p5jucwe,1,0.33393749594688416,-0.6904296875,0,0.7549160718917847,0,0.38031592237518863,taglish,comment,True,unanimous,3-0,1,1
t1_p4z2vtp,1,0.017576880753040314,-4.0234375,0,0.18888023495674133,0,0.05494035290926733,taglish,comment,True,majority,3-0,1,1
t1_p5js3o9,0,0.5046384930610657,0.0185546875,1,0.8962352275848389,0,0.5032799892876887,tagalog,comment,True,adjudicator,2-1,0,0
t1_p4xota2,0,0.04115288704633713,-3.1484375,0,0.5023049116134644,0,0.0974151019325477,english,comment,True,majority,3-0,0,0
t1_p6yvs91,0,0.019419347867369652,-3.921875,0,0.27107641100883484,0,0.0587905589645794,taglish,comment,True,majority,3-0,0,0
t1_p4y65ix,1,0.559380292892456,0.2386474609375,1,0.8574565649032593,0,0.5420874821883443,taglish,comment,True,unanimous,3-0,1,1
t1_p4y49pj,0,0.29219117760658264,-0.884765625,0,0.7659277319908142,0,0.3485034949918714,taglish,comment,True,adjudicator,2-1,0,0
t1_p5cnm1o,0,0.017712298780679703,-4.015625,0,0.2116909623146057,0,0.05522788986755136,tagalog,comment,True,majority,3-0,0,0
t1_p4pn8jx,0,0.03185885399580002,-3.4140625,0,0.21696041524410248,0,0.08210329256747433,taglish,comment,True,adjudicator,3-0,0,0
t1_p528tcv,1,0.8864204287528992,2.0546875,1,0.9541267156600952,1,0.8104418053428191,english,comment,True,majority,3-0,1,1
t1_p4ytdhd,1,0.7752646803855896,1.23828125,1,0.9619473218917847,1,0.7059089954629403,taglish,comment,True,majority,3-0,1,1
t1_p501e6x,0,0.5418028235435486,0.1676025390625,1,0.8400170803070068,0,0.5295935934957612,tagalog,comment,True,majority,3-0,0,0
t1_p70b6ga,0,0.007577240467071533,-4.875,0,0.08651884645223618,0,0.03085409901957805,tagalog,comment,True,majority,3-0,0,0
t1_p4kcvt9,0,0.05541279539465904,-2.8359375,0,0.5247394442558289,0,0.11864646578965246,english,comment,True,adjudicator,2-1,0,0
t1_p7n3od1,0,0.8438951373100281,1.6875,1,0.9133315086364746,1,0.7673205156279439,tagalog,comment,True,adjudicator,2-1,0,1
t1_p329bap,0,0.002889581024646759,-5.84375,0,0.02201693318784237,0,0.015794774931614106,taglish,comment,True,majority,3-0,0,0
t1_p4jyzif,0,0.405801922082901,-0.38134765625,0,0.8380393385887146,0,0.4329921588867783,tagalog,comment,True,adjudicator,2-1,0,1
t1_p56esyb,0,0.03963883966207504,-3.1875,0,0.3399975895881653,0,0.09501334304670195,tagalog,comment,True,majority,3-0,0,0
t1_p4yd71j,1,0.08419108390808105,-2.38671875,0,0.4210287928581238,0,0.1560831605121485,tagalog,comment,True,adjudicator,2-1,1,1
t1_p558vd9,1,0.007066400721669197,-4.9453125,0,0.10272234678268433,0,0.029401591154506496,taglish,comment,True,majority,3-0,1,1
t1_p4xs2jd,0,0.10818895697593689,-2.109375,0,0.693696141242981,0,0.18368869006658928,tagalog,comment,True,adjudicator,2-1,0,1
t1_p57jcnf,1,0.043691061437129974,-3.0859375,0,0.3177867829799652,0,0.10137062485114995,tagalog,comment,True,majority,3-0,1,1
t1_p50vq6i,1,0.5328961610794067,0.13177490234375,1,0.7483684420585632,0,0.5232778920350364,english,comment,True,adjudicator,2-1,1,0
t1_p5dkemz,0,0.2002447098493576,-1.384765625,0,0.6971457004547119,0,0.2730550828552179,english,comment,True,unanimous,3-0,0,0
t1_p7b5gli,0,0.2062538117170334,-1.34765625,0,0.6632406711578369,0,0.2782945767977796,english,comment,True,unanimous,3-0,0,0
t1_p4sllpj,0,0.7627776861190796,1.16796875,1,0.9198746085166931,1,0.6954827818474474,tagalog,comment,True,adjudicator,2-1,0,1
t1_p56x51c,0,0.006003595422953367,-5.109375,0,0.07646791636943817,0,0.02626572194935037,taglish,comment,True,majority,3-0,0,0
t1_p571hpb,0,0.004007288720458746,-5.515625,0,0.11526267975568771,0,0.01983766427133824,taglish,comment,True,adjudicator,2-1,0,1
t1_p7icfcm,0,0.709019124507904,0.890625,1,0.9493631720542908,1,0.6524366230563483,tagalog,comment,True,adjudicator,2-1,0,1
t1_p4xlvu5,1,0.8283842206001282,1.57421875,1,0.9283241033554077,1,0.7527141811364534,taglish,comment,True,majority,3-0,1,1
t1_p7kyy6j,0,0.004538431763648987,-5.390625,0,0.05614010617136955,0,0.021631252607868294,taglish,comment,True,majority,3-0,0,0
t1_p4qfod8,0,0.06187598779797554,-2.71875,0,0.4123424291610718,0,0.12758899126148798,taglish,comment,True,unanimous,3-0,0,0
t1_p7h917t,0,0.5148882269859314,0.0595703125,1,0.8788105845451355,0,0.510529086204727,taglish,comment,True,majority,3-0,0,0
t1_p6ydlae,0,0.1041124165058136,-2.15234375,0,0.5299413204193115,0,0.17917648382100243,english,comment,True,majority,3-0,0,0
t1_p2gi3je,0,0.06656918674707413,-2.640625,0,0.5813653469085693,0,0.13386559271915938,tagalog,comment,True,adjudicator,2-1,0,0
t1_p2u1yeq,0,0.04115288704633713,-3.1484375,0,0.432029128074646,0,0.0974151019325477,tagalog,comment,True,adjudicator,2-1,0,0
t1_p5jte6g,0,0.37799981236457825,-0.498046875,0,0.8999639749526978,0,0.4128557378047073,tagalog,comment,True,unanimous,3-0,0,0
t1_p4y3wam,0,0.5743350386619568,0.299560546875,1,0.7803010940551758,1,0.5527582067943069,tagalog,comment,True,adjudicator,2-1,0,1
t1_p4a6v8k,0,0.3453260362148285,-0.6396484375,0,0.5077793598175049,0,0.388814119752931,english,comment,True,unanimous,3-0,0,0
t1_p72w7ro,0,0.0011695103021338582,-6.75,0,0.006419408600777388,0,0.00838433284571872,taglish,comment,True,majority,3-0,0,0
t1_p7lycf6,1,0.1716158092021942,-1.57421875,0,0.6622515916824341,0,0.24728581886354659,tagalog,comment,True,adjudicator,2-1,1,1
t1_p4s2inx,0,0.9895108342170715,4.546875,1,0.9914485812187195,1,0.9613995497309179,tagalog,comment,True,adjudicator,2-1,0,1
t1_p4x1mrt,1,0.14033624529838562,-1.8125,0,0.6856774687767029,0,0.21727271223820818,taglish,comment,True,adjudicator,2-1,1,0
t1_p78q9ad,0,0.012920473702251911,-4.3359375,0,0.07195903360843658,0,0.044532954461711766,english,comment,True,unanimous,3-0,0,0
t1_p503ggf,0,0.29624688625335693,-0.865234375,0,0.7102991342544556,0,0.3516457177156681,tagalog,comment,True,adjudicator,2-1,0,0
t1_p551q4k,0,0.0064882696606218815,-5.03125,0,0.06250522285699844,0,0.027716190959487037,tagalog,comment,True,adjudicator,3-0,0,0
t1_p4z7l3s,1,0.06853749603033066,-2.609375,0,0.41695424914360046,0,0.1364484441000628,english,comment,True,adjudicator,2-1,1,1
t1_p7lxpfq,1,0.11476478725671768,-2.04296875,0,0.6904946565628052,0,0.19083447722783867,english,comment,True,adjudicator,2-1,1,1
t1_p4yfk5x,0,0.00857748556882143,-4.75,0,0.0492732897400856,0,0.03360956564508052,english,comment,True,majority,3-0,0,0
t1_p79989k,0,0.0838903859257698,-2.390625,0,0.5325441360473633,0,0.15571967416396665,tagalog,comment,True,adjudicator,2-1,0,1
t1_p2e8eaw,0,0.45559215545654297,-0.1781005859375,0,0.8613390922546387,0,0.4685575122575403,tagalog,comment,True,adjudicator,2-1,0,0
t1_p5bzztg,0,0.010489092208445072,-4.546875,0,0.09010529518127441,0,0.03860045026908221,taglish,comment,True,majority,3-0,0,0
t1_p4xsy8m,0,0.006850480102002621,-4.9765625,0,0.07381498068571091,0,0.02877751857785674,tagalog,comment,True,majority,3-0,0,0
t1_p5786oh,0,0.04115288704633713,-3.1484375,0,0.5232518911361694,0,0.0974151019325477,taglish,comment,True,majority,3-0,0,0
t1_p75ky7z,0,0.13706977665424347,-1.83984375,0,0.48913949728012085,0,0.21400248698380628,english,comment,True,majority,3-0,0,0
t1_p4wwg6u,0,0.536722719669342,0.14715576171875,1,0.9117135405540466,0,0.5259902628804872,tagalog,comment,True,adjudicator,2-1,0,0
t1_p4yai48,1,0.9213575720787048,2.4609375,1,0.9670592546463013,1,0.8507055577098324,tagalog,comment,True,adjudicator,2-1,1,1
t1_p4xpfae,0,0.009633651934564114,-4.6328125,0,0.07261672616004944,0,0.03640751948129751,english,comment,True,majority,3-0,0,0
t1_p2dg5w6,0,0.053403329104185104,-2.875,0,0.5903069376945496,0,0.11578840175982037,tagalog,comment,True,majority,3-0,0,0
t1_p78ec0s,1,0.08945459872484207,-2.3203125,0,0.3994271159172058,0,0.16236865228217573,english,comment,True,unanimous,3-0,1,1
t1_p7lrsnl,1,0.005819959565997124,-5.140625,0,0.06952990591526031,0,0.025706447847561906,taglish,comment,True,majority,3-0,1,1
t1_p4yn73m,0,0.18653921782970428,-1.47265625,0,0.6778912544250488,0,0.26089437263052917,taglish,comment,True,majority,3-0,0,0
t1_p56zp42,0,0.004538431763648987,-5.390625,0,0.05268523097038269,0,0.021631252607868294,taglish,comment,True,majority,3-0,0,0
t1_p1vwjip,0,0.0018969200318679214,-6.265625,0,0.014831106178462505,0,0.011768785934835982,english,comment,True,unanimous,3-0,0,0
t1_p7c5xqa,1,0.6641048192977905,0.681640625,1,0.8838731646537781,1,0.6182183132712769,tagalog,comment,True,adjudicator,2-1,1,1
t1_p7eolfz,0,0.02080449089407921,-3.8515625,0,0.2791939079761505,0,0.06160280159358349,taglish,comment,True,majority,3-0,0,0
t1_p4yh4vf,0,0.8000679016113281,1.38671875,1,0.9589557647705078,1,0.7272189676731264,taglish,comment,True,adjudicator,2-1,0,0
t1_p2eq4g5,0,0.03934250399470329,-3.1953125,0,0.37734588980674744,0,0.09453939562744847,english,comment,True,adjudicator,2-1,0,1
t1_p6srqsi,0,0.2075357586145401,-1.33984375,0,0.7905958890914917,0,0.2794054663226901,english,comment,True,majority,3-0,0,0
t1_p4smlx5,0,0.6796041131019592,0.751953125,1,0.9375159740447998,1,0.6298821229251601,tagalog,comment,True,adjudicator,2-1,0,1
t1_p7c2tjb,1,0.7819972634315491,1.27734375,1,0.9314346313476562,1,0.7116104411731625,taglish,comment,True,unanimous,3-0,1,1
t1_p7is7w4,0,0.04054073989391327,-3.1640625,0,0.49748966097831726,0,0.09644796596790908,tagalog,comment,True,adjudicator,2-1,0,0
t1_p2eb2mu,0,0.7325918078422546,1.0078125,1,0.9312926530838013,1,0.6709822654592386,tagalog,comment,True,adjudicator,2-1,0,1
t1_p1vp8ze,0,0.018404891714453697,-3.9765625,0,0.18263158202171326,0,0.05668694277551826,english,comment,True,unanimous,3-0,0,0
t1_p4xzwhf,0,0.2354598045349121,-1.177734375,0,0.7616097331047058,0,0.30305673782824255,tagalog,comment,True,adjudicator,2-1,0,1
t1_p4xlqi2,0,0.03676946833729744,-3.265625,0,0.5224838852882385,0,0.09036835489574363,tagalog,comment,True,majority,3-0,0,0
t1_p4ykpxe,0,0.2829881012439728,-0.9296875,0,0.7646511793136597,0,0.3413265295070266,taglish,comment,True,adjudicator,2-1,0,1
t1_p7gmsd9,0,0.11757213622331619,-2.015625,0,0.5478770136833191,0,0.1938379766180714,taglish,comment,True,unanimous,3-0,0,0
t1_p50e9ks,0,0.5292633771896362,0.1171875,1,0.7682733535766602,0,0.5207041733126389,taglish,comment,True,majority,3-0,0,0
t1_p5jsmhb,1,0.961243748664856,3.2109375,1,0.9848605990409851,1,0.9064021509856629,taglish,comment,True,majority,3-0,1,1
t1_p1ccqgk,0,0.016029147431254387,-4.1171875,0,0.2552059292793274,0,0.05159821288471565,taglish,comment,True,majority,3-0,0,0
t1_p2u30s2,0,0.29380956292152405,-0.876953125,0,0.8192522525787354,0,0.34975882170848277,taglish,comment,True,majority,3-0,0,0
t1_p4xm2cs,0,0.30798205733299255,-0.8095703125,0,0.7253872752189636,0,0.36067107968849027,taglish,comment,True,unanimous,3-0,0,0
t1_p4xot2j,0,0.3015676736831665,-0.83984375,0,0.7387164831161499,0,0.35574986289748034,tagalog,comment,True,adjudicator,2-1,0,0
t1_p7n2lqz,0,0.47718870639801025,-0.09130859375,0,0.8398675918579102,0,0.4838643734428934,tagalog,comment,True,unanimous,3-0,0,0
t1_p4yqd3z,1,0.6706082820892334,0.7109375,1,0.9204196333885193,1,0.6230956806890106,taglish,comment,True,majority,3-0,1,1
t1_p6w30oa,0,0.02779562398791313,-3.5546875,0,0.2648284137248993,0,0.07491415807570487,english,comment,True,majority,3-0,0,0
t1_p564mg7,0,0.005469274707138538,-5.203125,0,0.0629776120185852,0,0.024622474677955537,english,comment,True,adjudicator,2-1,0,0
t1_p4ysrnw,1,0.954308032989502,3.0390625,1,0.9870033264160156,1,0.8955698415344894,tagalog,comment,True,adjudicator,3-0,1,1
t1_p4xwjfl,1,0.8665847778320312,1.87109375,1,0.9295675754547119,1,0.7896908716131266,english,comment,True,adjudicator,2-1,1,1
t1_p4nmm8k,0,0.03622005507349968,-3.28125,0,0.35560521483421326,0,0.08946424451176746,english,comment,True,unanimous,3-0,0,0
t1_p7kx5zw,0,0.004331502132117748,-5.4375,0,0.026690393686294556,0,0.02094079136365112,english,comment,True,majority,3-0,0,0
t1_p6sp7kj,0,0.1225232183933258,-1.96875,0,0.7196331024169922,0,0.19907008854742825,english,comment,True,majority,3-0,0,0
t1_p5bi8ov,1,0.49206608533859253,-0.03173828125,0,0.8625242114067078,0,0.49438964699976773,taglish,comment,True,adjudicator,2-1,1,1
t1_p5dtt7v,0,0.014615669846534729,-4.2109375,0,0.21069929003715515,0,0.048448959669690844,english,comment,True,adjudicator,2-1,0,1
t1_p5cqi4o,0,0.009268012829124928,-4.671875,0,0.06313905864953995,0,0.03545081808373031,english,comment,True,majority,3-0,0,0
t1_p574ua3,0,0.016277462244033813,-4.1015625,0,0.13871103525161743,0,0.05214156896997361,taglish,comment,True,majority,3-0,0,0
t1_p6ycu9q,0,0.004609572235494852,-5.375,0,0.06003433093428612,0,0.021866316694138327,taglish,comment,True,majority,3-0,0,0
t1_p4xefl6,0,0.06187598779797554,-2.71875,0,0.6251012086868286,0,0.12758899126148798,tagalog,comment,True,majority,3-0,0,0
t1_p7ifhxd,0,0.5483106970787048,0.19384765625,1,0.8863080739974976,0,0.5342141955019455,tagalog,comment,True,adjudicator,2-1,0,0
t1_p5cfasd,0,0.5787457823753357,0.317626953125,1,0.8484439849853516,1,0.5559141984330711,tagalog,comment,True,adjudicator,2-1,0,1
t1_p5cc255,0,0.10052486509084702,-2.19140625,0,0.48625487089157104,0,0.1751500841218399,tagalog,comment,True,adjudicator,1-1,0,0
t1_p7bjfd8,0,0.04778006672859192,-2.9921875,0,0.4166894853115082,0,0.10757098004786617,english,comment,True,majority,3-0,0,0
t1_p4y7si2,0,0.00740301376208663,-4.8984375,0,0.06228706240653992,0,0.03036237112433879,taglish,comment,True,unanimous,3-0,0,0
t1_p4yfbff,0,0.4341614246368408,-0.264892578125,0,0.8123191595077515,0,0.453309593014789,english,comment,True,majority,3-0,0,0
t1_p6z45a4,0,0.3589146137237549,-0.580078125,0,0.6929693222045898,0,0.39886963847815154,english,comment,True,majority,3-0,0,0
t1_p7l9d4v,0,0.013020490296185017,-4.328125,0,0.1577976495027542,0,0.04476860327781515,taglish,comment,True,majority,3-0,0,0
t1_p4yo3dq,0,0.10087861120700836,-2.1875,0,0.5571210384368896,0,0.1755494950135745,english,comment,True,adjudicator,2-1,0,0
t1_p4zdwbs,0,0.021287353709340096,-3.828125,0,0.21316783130168915,0,0.06256783048362516,english,comment,True,unanimous,3-0,0,0
t1_p7c2bpp,0,0.9804313778877258,3.9140625,1,0.9856101870536804,1,0.9409030136228927,tagalog,comment,True,adjudicator,2-1,0,0
t1_p5279hx,0,0.07585818320512772,-2.5,0,0.4431694447994232,0,0.14582024999361923,english,comment,True,majority,3-0,0,0
t1_p4zhzbh,1,0.9507778882980347,2.9609375,1,0.9768480658531189,1,0.8902892433586347,taglish,comment,True,adjudicator,2-1,1,1
t1_p73qgve,0,0.0844927504658699,-2.3828125,0,0.625220000743866,0,0.1564473381006358,english,comment,True,adjudicator,2-1,0,1
t1_p21v93g,0,0.0036499870475381613,-5.609375,0,0.0180533267557621,0,0.01858889461568454,english,comment,True,majority,3-0,0,0
t1_p4xq25x,1,0.9190633296966553,2.4296875,1,0.972348153591156,1,0.847877300971948,taglish,comment,True,majority,3-0,1,1
t1_p7a31mx,1,0.9726234674453735,3.5703125,1,0.9846489429473877,1,0.9258479413681396,taglish,comment,True,majority,3-0,1,1
t1_p7atdi5,1,0.7645402550697327,1.177734375,1,0.9324723482131958,1,0.6969432621717575,taglish,comment,True,adjudicator,2-1,1,0
t1_p1ja79o,0,0.004198795650154352,-5.46875,0,0.025511179119348526,0,0.020492514435468494,english,comment,True,majority,3-0,0,0
t1_p4zrc42,0,0.009936419315636158,-4.6015625,0,0.06406037509441376,0,0.037190721031987145,english,comment,True,majority,3-0,0,0
t1_p4a90xl,0,0.6406359076499939,0.578125,1,0.7182485461235046,1,0.6007991730002272,english,comment,True,adjudicator,2-1,0,0
t1_p4y1h6h,0,0.012624949216842651,-4.359375,0,0.17677518725395203,0,0.0438330838818733,tagalog,comment,True,unanimous,3-0,0,0
t1_p5jtmhy,1,0.992061972618103,4.828125,1,0.99502032995224,1,0.9681392142922722,tagalog,comment,True,majority,3-0,1,1
t1_p280kr3,0,0.00482972152531147,-5.328125,0,0.060797832906246185,0,0.022586590418768725,english,comment,True,majority,3-0,0,0
t1_p4yq341,0,0.08064661920070648,-2.43359375,0,0.550447940826416,0,0.15176677714904324,tagalog,comment,True,adjudicator,2-1,0,0
t1_p2dg9vs,0,0.004468384198844433,-5.40625,0,0.048236310482025146,0,0.02139866019103284,taglish,comment,True,unanimous,3-0,0,0
t1_p7lypy4,1,0.5106185674667358,0.04248046875,1,0.8930764198303223,0,0.5075089922781816,taglish,comment,True,majority,3-0,1,1
t1_p7lsbqf,1,0.6039901971817017,0.422119140625,1,0.9021071195602417,1,0.5740717067579857,english,comment,True,majority,3-0,1,1
t1_p5jstfw,0,0.4531257450580597,-0.18804931640625,0,0.8718375563621521,0,0.46680615800041736,tagalog,comment,True,adjudicator,2-1,0,1
t1_p6yitai,0,0.011158031411468983,-4.484375,0,0.13872429728507996,0,0.04027437707969292,tagalog,comment,True,majority,3-0,0,0
t1_p5jszdl,1,0.9656413197517395,3.3359375,1,0.9869953989982605,1,0.913636213635699,taglish,comment,True,unanimous,3-0,1,1
t3_1vhtnde,0,0.0020507436711341143,-6.1875,0,0.009559405967593193,0,0.012428910796098137,taglish,submission,True,majority,3-0,0,0
t1_p2ddc8f,0,0.008985428139567375,-4.703125,0,0.0857863649725914,0,0.03470293659346044,taglish,comment,True,majority,3-0,0,0
t1_p2eydzj,0,0.018546564504504204,-3.96875,0,0.4079383313655853,0,0.05698306955970582,taglish,comment,True,majority,3-0,0,0
t1_p4ro78l,0,0.0033766122069209814,-5.6875,0,0.03052409552037716,0,0.01760743353220208,taglish,comment,True,adjudicator,2-1,0,0
t1_p6yw9a5,0,0.005641908384859562,-5.171875,0,0.07121855765581131,0,0.02515877464146465,taglish,comment,True,unanimous,3-0,0,0
t1_p7lctyh,0,0.015663648024201393,-4.140625,0,0.24176248908042908,0,0.050793208931795446,taglish,comment,True,majority,3-0,0,0
t1_p4zdoyd,0,0.003172682598233223,-5.75,0,0.04235024377703667,0,0.01685906493442356,tagalog,comment,True,unanimous,3-0,0,0
t1_p4xzaqd,0,0.004133968148380518,-5.484375,0,0.0251937173306942,0,0.02027191272024212,english,comment,True,unanimous,3-0,0,0
t1_p2dxmcy,0,0.04084571823477745,-3.15625,0,0.4372698962688446,0,0.09693045720873666,tagalog,comment,True,majority,3-0,0,0
t1_p4xcccc,0,0.005301895085722208,-5.234375,0,0.03257249295711517,0,0.024097324222642443,english,comment,True,unanimous,3-0,0,0
t1_p4xnjbv,0,0.011158031411468983,-4.484375,0,0.19296735525131226,0,0.04027437707969292,english,comment,True,adjudicator,2-1,0,0
t1_p506xvf,0,0.2117426097393036,-1.314453125,0,0.6560112237930298,0,0.283034541743404,tagalog,comment,True,adjudicator,2-1,0,0
t1_p1vowd6,0,0.0037654140032827854,-5.578125,0,0.02720174565911293,0,0.018996337160091005,taglish,comment,True,unanimous,3-0,0,0
t1_p6y9lcw,0,0.2727987766265869,-0.98046875,0,0.7346822023391724,0,0.3333002405310867,tagalog,comment,True,adjudicator,2-1,0,0
t1_p1vjesv,0,0.004755199886858463,-5.34375,0,0.05050681531429291,0,0.02234396022753802,taglish,comment,True,majority,3-0,0,0
t1_p2dkmat,0,0.053799647837877274,-2.8671875,0,0.5659341216087341,0,0.1163551862498442,tagalog,comment,True,majority,3-0,0,0
t1_p4z0hum,0,0.04054073989391327,-3.1640625,0,0.3639225363731384,0,0.09644796596790908,english,comment,True,majority,3-0,0,0
t1_p5ccwwy,0,0.022629201412200928,-3.765625,0,0.1044371947646141,0,0.06521061572509834,taglish,comment,True,unanimous,3-0,0,0
t1_p2fu63n,0,0.0039454069919884205,-5.53125,0,0.021848386153578758,0,0.01962397077913328,tagalog,comment,True,majority,3-0,0,0
t1_p4ssheu,0,0.00978387612849474,-4.6171875,0,0.11681640148162842,0,0.036797116175008915,tagalog,comment,True,adjudicator,2-1,0,0
t1_p5regwp,0,0.814643383026123,1.48046875,1,0.9173056483268738,1,0.7401694564938219,tagalog,comment,True,adjudicator,2-1,0,1
t1_p4yja28,0,0.33829572796821594,-0.6708984375,0,0.7155401110649109,0,0.38357610117982105,tagalog,comment,True,adjudicator,2-1,0,1
t1_p57c477,0,0.0034834241960197687,-5.65625,0,0.029359228909015656,0,0.017993758241836036,tagalog,comment,True,majority,3-0,0,0
t1_p4yowy6,0,0.1755380630493164,-1.546875,0,0.6458739042282104,0,0.2509022987070766,english,comment,True,adjudicator,2-1,0,0
t1_p754oh9,0,0.11516222357749939,-2.0390625,0,0.6062443852424622,0,0.1912613613457183,tagalog,comment,True,majority,3-0,0,0
t1_p5jtien,0,0.2759094536304474,-0.96484375,0,0.7599929571151733,0,0.33575985559519417,tagalog,comment,True,adjudicator,3-0,0,1
t1_p1dxq5m,0,0.03649376332759857,-3.2734375,0,0.5043339729309082,0,0.08991527561173598,taglish,comment,True,majority,3-0,0,0
t1_p2f23wf,0,0.6588566303253174,0.658203125,1,0.8998467326164246,1,0.6142991352158239,taglish,comment,True,unanimous,3-0,0,0
t1_p5184ol,0,0.007176882121711969,-4.9296875,0,0.05739322304725647,0,0.029718529633722113,english,comment,True,unanimous,3-0,0,0
t1_p7c4ayc,0,0.8674854636192322,1.87890625,1,0.9438149333000183,1,0.7906068700060329,english,comment,True,unanimous,3-0,0,0
t1_p74hh3z,1,0.818156361579895,1.50390625,1,0.9083662033081055,1,0.7433440093597401,taglish,comment,True,majority,3-0,1,1
t1_p4ym63s,0,0.022977370768785477,-3.75,0,0.19528453052043915,0,0.06588735899891444,tagalog,comment,True,majority,3-0,0,0
t1_p4zihkm,0,0.04084571823477745,-3.15625,0,0.44091546535491943,0,0.09693045720873666,tagalog,comment,True,unanimous,3-0,0,0
t1_p4ycurc,0,0.023509452119469643,-3.7265625,0,0.2530422806739807,0,0.06691472085233648,taglish,comment,True,unanimous,3-0,0,0
t1_p4y5hlu,0,0.502685546875,0.0107421875,1,0.7976245880126953,0,0.5018989592761143,tagalog,comment,True,majority,3-0,0,0
t1_p5rnarl,0,0.2512800693511963,-1.091796875,0,0.7442458868026733,0,0.3160429558774128,tagalog,comment,True,adjudicator,2-1,0,0
t3_1viswhj,0,0.004007288720458746,-5.515625,0,0.04500408098101616,0,0.01983766427133824,taglish,submission,True,unanimous,3-0,0,0
t1_p4xqp1s,0,0.030444350093603134,-3.4609375,0,0.47620052099227905,0,0.07963970997283831,tagalog,comment,True,unanimous,3-0,0,0
t1_p4ymbtu,0,0.1431877166032791,-1.7890625,0,0.540488600730896,0,0.22010437590073614,tagalog,comment,True,majority,3-0,0,0
t1_p4xq05a,1,0.38398775458335876,-0.47265625,0,0.8754086494445801,0,0.4172145672398849,taglish,comment,True,majority,3-0,1,1
t1_p4xwt5m,0,0.007815889082849026,-4.84375,0,0.10502199828624725,0,0.031521742980397005,taglish,comment,True,majority,3-0,0,0
t1_p2u22mh,0,0.004264634568244219,-5.453125,0,0.07193023711442947,0,0.020715466009706897,taglish,comment,True,adjudicator,2-1,0,1
t1_p2eyjzm,0,0.0029349515680223703,-5.828125,0,0.03974481299519539,0,0.01596744986773952,taglish,comment,True,majority,3-0,0,0
t1_p74cdky,1,0.9334307909011841,2.640625,1,0.9654641151428223,1,0.8661344072808406,taglish,comment,True,adjudicator,2-1,1,1
t1_p5ckpkq,0,0.017045317217707634,-4.0546875,0,0.09123443067073822,0,0.05380424920396059,taglish,comment,True,adjudicator,2-1,0,0
t1_p4xnpfi,0,0.32788345217704773,-0.7177734375,0,0.8175705671310425,0,0.37576980556575584,taglish,comment,True,majority,3-0,0,0
t1_p74c7gn,1,0.6462370157241821,0.6025390625,1,0.8940464854240417,1,0.6049323116389395,english,comment,True,majority,3-0,1,1
t1_p7ghjvc,1,0.8558511734008789,1.78125,1,0.9391217231750488,1,0.7789458701216937,taglish,comment,True,majority,3-0,1,1
t3_1vcm5ua,0,0.0012843081494793296,-6.65625,0,0.005560298915952444,0,0.00895383209919784,taglish,submission,True,unanimous,3-0,0,0
t1_p4sh5yf,0,0.05541279539465904,-2.8359375,0,0.4902799725532532,0,0.11864646578965246,tagalog,comment,True,adjudicator,2-1,0,1
t1_p4y40ua,0,0.6183196306228638,0.482421875,1,0.8930003046989441,1,0.5844634764868041,taglish,comment,True,adjudicator,2-1,0,0
t1_p2ey8oq,0,0.002800926798954606,-5.875,0,0.030708417296409607,0,0.015454919209503223,tagalog,comment,True,majority,3-0,0,0
t1_p4yb15o,0,0.6579781174659729,0.654296875,1,0.8553633093833923,1,0.6136444803354477,tagalog,comment,True,unanimous,3-0,0,0
t1_p7ir870,0,0.11757213622331619,-2.015625,0,0.699957013130188,0,0.1938379766180714,tagalog,comment,True,adjudicator,2-1,0,0
t1_p4xkzvn,0,0.42718762159347534,-0.2933349609375,0,0.8227009177207947,0,0.44833032968795944,taglish,comment,True,unanimous,3-0,0,0
t1_p4a7tp9,0,0.04054073989391327,-3.1640625,0,0.29848647117614746,0,0.09644796596790908,taglish,comment,True,majority,3-0,0,0
t1_p23xmmq,0,0.15869519114494324,-1.66796875,0,0.6331285834312439,0,0.23515433701086544,tagalog,comment,True,majority,3-0,0,0
t1_p6uk6xi,0,0.1561048924922943,-1.6875,0,0.5932653546333313,0,0.23267948437205613,taglish,comment,True,majority,3-0,0,0
t1_p56puq0,1,0.024423090741038322,-3.6875,0,0.2281867265701294,0,0.06866008732855823,english,comment,True,adjudicator,2-1,1,1
t1_p3srfr0,0,0.0020190139766782522,-6.203125,0,0.01077271532267332,0,0.012294024189592136,tagalog,comment,True,unanimous,3-0,0,0
t1_p501y98,0,0.02498779445886612,-3.6640625,0,0.285640686750412,0,0.06972745624969988,taglish,comment,True,majority,3-0,0,0
t1_p5gr7sr,0,0.6564381122589111,0.6474609375,1,0.8352960348129272,1,0.612497846301255,english,comment,True,adjudicator,2-1,0,1
t1_p6yjhz8,0,0.00407013762742281,-5.5,0,0.03549952432513237,0,0.02005363716108665,taglish,comment,True,majority,3-0,0,0
t1_p3s2vo8,0,0.018124721944332123,-3.9921875,0,0.2719196081161499,0,0.05609902370596736,tagalog,comment,True,unanimous,3-0,0,0
t1_p4o2dot,0,0.0032224843744188547,-5.734375,0,0.10606982558965683,0,0.01704317363988056,tagalog,comment,True,adjudicator,2-1,0,0
t1_p5c74e8,0,0.007815889082849026,-4.84375,0,0.15663357079029083,0,0.031521742980397005,tagalog,comment,True,majority,3-0,0,0
t1_p4y0pls,0,0.03514484316110611,-3.3125,0,0.4666205644607544,0,0.08768046154372779,tagalog,comment,True,adjudicator,2-1,0,1
t1_p6t12m8,0,0.018689310178160667,-3.9609375,0,0.350658655166626,0,0.05728064934554048,tagalog,comment,True,adjudicator,3-0,0,0
t1_p6yds7m,0,0.03622005507349968,-3.28125,0,0.23070058226585388,0,0.08946424451176746,taglish,comment,True,adjudicator,2-1,0,0
t1_p6vbsrk,0,0.011687257327139378,-4.4375,0,0.1380494236946106,0,0.04157523691085933,taglish,comment,True,majority,3-0,0,0
t1_p4ae2fw,0,0.0061929901130497456,-5.078125,0,0.03965422511100769,0,0.026836828561741147,taglish,comment,True,majority,3-0,0,0
t1_p7lsbd9,0,0.012053778395056725,-4.40625,0,0.2474599927663803,0,0.04246470772759495,tagalog,comment,True,unanimous,3-0,0,0
t3_1vg7c96,0,0.009055264294147491,-4.6953125,0,0.09973275661468506,0,0.03488846862350986,taglish,submission,True,unanimous,3-0,0,0
t1_p7e83om,0,0.011687257327139378,-4.4375,0,0.25705772638320923,0,0.04157523691085933,tagalog,comment,True,majority,3-0,0,0
t1_p7c96eq,0,0.0443485863506794,-3.0703125,0,0.5111956596374512,0,0.10238152975155349,tagalog,comment,True,adjudicator,2-1,0,0
t1_p4xk1pg,0,0.6537903547286987,0.6357421875,1,0.9108539819717407,1,0.6105292914052806,tagalog,comment,True,majority,3-0,0,0
t1_p7lrvej,0,0.023870835080742836,-3.7109375,0,0.303299218416214,0,0.06760786995852916,english,comment,True,adjudicator,2-1,0,0
t1_p6t0nsf,0,0.03185885399580002,-3.4140625,0,0.41117390990257263,0,0.08210329256747433,tagalog,comment,True,unanimous,3-0,0,0
t1_p4zbl40,0,0.019870713353157043,-3.8984375,0,0.26084163784980774,0,0.059714336511653594,english,comment,True,majority,3-0,0,0
t1_p6yw73y,0,0.001674399245530367,-6.390625,0,0.030157653614878654,0,0.0107839454082915,english,comment,True,majority,3-0,0,0
t1_p4t7cfw,0,0.04084571823477745,-3.15625,0,0.4856698513031006,0,0.09693045720873666,taglish,comment,True,unanimous,3-0,0,0
t1_p7av63j,0,0.005730246659368277,-5.15625,0,0.06764180958271027,0,0.025431175453224215,english,comment,True,majority,3-0,0,0
t1_p1cdbdx,0,0.0022872276604175568,-6.078125,0,0.013548771850764751,0,0.013414902017093479,taglish,comment,True,unanimous,3-0,0,0
t1_p6z9009,0,0.05541279539465904,-2.8359375,0,0.37471041083335876,0,0.11864646578965246,taglish,comment,True,unanimous,3-0,0,0
t1_p4xjeq3,0,0.250545859336853,-1.095703125,0,0.7574660778045654,0,0.31544619672642693,english,comment,True,majority,3-0,0,0
t1_p2t5uxf,0,0.0023231625091284513,-6.0625,0,0.032257042825222015,0,0.013561917722806668,english,comment,True,majority,3-0,0,0
t1_p6sm85u,1,0.3464307188987732,-0.634765625,0,0.8731582164764404,0,0.3896349185498394,taglish,comment,True,majority,3-0,1,1
t1_p4dbsts,0,0.023330770432949066,-3.734375,0,0.23642218112945557,0,0.06657062523683223,tagalog,comment,True,adjudicator,2-1,0,1
t1_p6ztg33,0,0.005301895085722208,-5.234375,0,0.059602927416563034,0,0.024097324222642443,tagalog,comment,True,majority,3-0,0,0
t1_p4xymid,0,0.2685575783252716,-1.001953125,0,0.8206437826156616,0,0.32993305631339626,tagalog,comment,True,adjudicator,2-1,0,0
t1_p5cjgke,0,0.030214587226510048,-3.46875,0,0.21238380670547485,0,0.07923573530741766,tagalog,comment,True,majority,3-0,0,0
t1_p2ubbra,0,0.004609572235494852,-5.375,0,0.1055150032043457,0,0.021866316694138327,english,comment,True,majority,3-0,0,0
t1_p7gk920,0,0.4564552307128906,-0.17462158203125,0,0.917029619216919,0,0.46917013409114505,tagalog,comment,True,adjudicator,2-1,0,1
t1_p4yglxe,0,0.01615283451974392,-4.109375,0,0.1772811859846115,0,0.051869218363923074,taglish,comment,True,unanimous,3-0,0,0
t1_p4xyfm4,0,0.9600626826286316,3.1796875,1,0.9800886511802673,1,0.9045105841005738,taglish,comment,True,majority,3-0,0,0
t1_p4xrg1t,0,0.9569571614265442,3.1015625,1,0.9770738482475281,1,0.8996314145811017,tagalog,comment,True,adjudicator,2-1,0,0
t1_p4xj3a0,0,0.06512754410505295,-2.6640625,0,0.38007909059524536,0,0.13195568061606766,tagalog,comment,True,adjudicator,2-1,0,1
t1_p2szhly,0,0.05460060387849808,-2.8515625,0,0.40438660979270935,0,0.11749598446674744,english,comment,True,majority,3-0,0,0
t1_p4xqeh1,0,0.014392335899174213,-4.2265625,0,0.2429155707359314,0,0.047942137181705965,tagalog,comment,True,unanimous,3-0,0,0
t1_p4xqfhw,0,0.00130450667347759,-6.640625,0,0.0070137083530426025,0,0.009052406927953274,taglish,comment,True,unanimous,3-0,0,0
t1_p7h03qo,0,0.28477486968040466,-0.9208984375,0,0.6910138130187988,0,0.3427251337848263,tagalog,comment,True,adjudicator,3-0,0,0
t1_p4sic2c,0,0.2743513882160187,-0.97265625,0,0.8551914691925049,0,0.334528923890095,tagalog,comment,True,adjudicator,2-1,0,0
t1_p4y5qas,0,0.6951311230659485,0.82421875,1,0.9158540964126587,1,0.6417138840951965,tagalog,comment,True,adjudicator,2-1,0,0
t1_p6sr234,0,0.004538431763648987,-5.390625,0,0.025874605402350426,0,0.021631252607868294,taglish,comment,True,adjudicator,2-1,0,1
t3_1vrwi2w,0,0.09636510908603668,-2.23828125,0,0.5358762145042419,0,0.1704128917013139,english,submission,True,unanimous,3-0,0,0
t1_p56q53w,0,0.3849121630191803,-0.46875,0,0.8288707733154297,0,0.4178863242869297,tagalog,comment,True,adjudicator,2-1,0,1
t1_p56pu5m,0,0.21933749318122864,-1.26953125,0,0.7647178173065186,0,0.2895245794574958,tagalog,comment,True,adjudicator,2-1,0,1
t1_p75c928,0,0.20275871455669403,-1.369140625,0,0.747872531414032,0,0.27525366497110204,tagalog,comment,True,majority,3-0,0,0
t1_p4rza7n,0,0.019870713353157043,-3.8984375,0,0.28772610425949097,0,0.059714336511653594,taglish,comment,True,unanimous,3-0,0,0
t1_p7lt46a,0,0.04177388176321983,-3.1328125,0,0.4523956775665283,0,0.09839087984501126,taglish,comment,True,majority,3-0,0,0
t1_p2t0556,0,0.014063626527786255,-4.25,0,0.1775212585926056,0,0.04719133486399959,tagalog,comment,True,adjudicator,2-1,0,1
t1_p7c44qc,0,0.954308032989502,3.0390625,1,0.9877022504806519,1,0.8955698415344894,tagalog,comment,True,adjudicator,3-0,0,1
t1_p75arez,0,0.8238958716392517,1.54296875,1,0.9152328372001648,1,0.748578199823004,tagalog,comment,True,majority,3-0,0,0
t1_p1cedxe,0,0.002082970691844821,-6.171875,0,0.015717744827270508,0,0.012565258513582124,taglish,comment,True,majority,3-0,0,0
t1_p4zo7zg,1,0.740174412727356,1.046875,1,0.9102703928947449,1,0.6770510492297657,tagalog,comment,True,majority,3-0,1,1
t1_p2ex7zn,0,0.5013427734375,0.00537109375,1,0.9057875871658325,0,0.5009494830619494,taglish,comment,True,majority,3-0,0,0
t1_p7btzv3,0,0.006797531619668007,-4.984375,0,0.02831103280186653,0,0.028623519921703203,english,comment,True,majority,3-0,0,0
t1_p5ermnb,0,0.010986942797899246,-4.5,0,0.05303097516298294,0,0.03984948735695878,english,comment,True,majority,3-0,0,0
t1_p2evvux,0,0.053009770810604095,-2.8828125,0,0.6195518970489502,0,0.11522401815583261,tagalog,comment,True,adjudicator,2-1,0,0
t1_p4yl9zz,0,0.014615669846534729,-4.2109375,0,0.2582922875881195,0,0.048448959669690844,taglish,comment,True,unanimous,3-0,0,0
t1_p56pz4r,0,0.9278878569602966,2.5546875,1,0.978897213935852,1,0.8589306843128786,tagalog,comment,True,adjudicator,2-1,0,1
t1_p4re5u2,0,0.38606879115104675,-0.4638671875,0,0.6934844851493835,0,0.4187264489307225,tagalog,comment,True,adjudicator,2-1,0,0
t1_p4z07xi,0,0.7704647779464722,1.2109375,1,0.9552351832389832,1,0.7018791125126185,tagalog,comment,True,majority,3-0,0,0
t1_p4znbsu,1,0.2523840665817261,-1.0859375,0,0.7857236266136169,0,0.31693923183971984,english,comment,True,adjudicator,2-1,1,0
t1_p4t0q95,1,0.14223189651966095,-1.796875,0,0.7502954006195068,0,0.2191575544376056,taglish,comment,True,majority,3-0,1,1
t1_p4yr6qd,1,0.9594592452049255,3.1640625,1,0.9759194850921631,1,0.903552034032091,english,comment,True,majority,3-0,1,1
t3_1vrmh2v,0,0.00851130299270153,-4.7578125,0,0.07346104085445404,0,0.03343059906189531,english,submission,True,majority,3-0,0,0
t1_p50xj1b,0,0.04240382835268974,-3.1171875,0,0.37484344840049744,0,0.09937535569880562,english,comment,True,adjudicator,2-1,0,0
t1_p4zhovn,0,0.005301895085722208,-5.234375,0,0.04300051927566528,0,0.024097324222642443,taglish,comment,True,unanimous,3-0,0,0
t1_p2h2p9m,0,0.1204388216137886,-1.98828125,0,0.7582537531852722,0,0.19687724583460073,taglish,comment,True,adjudicator,2-1,0,0
t1_p5dg0j7,0,0.2735743820667267,-0.9765625,0,0.7729254961013794,0,0.33391430038074593,taglish,comment,True,majority,3-0,0,0
t1_p7bgg39,0,0.8433797955513,1.68359375,1,0.943211555480957,1,0.7668270005178844,english,comment,True,adjudicator,2-1,0,1
t1_p5cirla,0,0.021287353709340096,-3.828125,0,0.12104183435440063,0,0.06256783048362516,taglish,comment,True,unanimous,3-0,0,0
t1_p2swjbi,0,0.07640768587589264,-2.4921875,0,0.4563431739807129,0,0.14650968225547809,taglish,comment,True,adjudicator,2-1,0,0
t1_p37ac2a,0,0.037326887249946594,-3.25,0,0.268632709980011,0,0.09128068610746773,taglish,comment,True,unanimous,3-0,0,0
t1_p2exmnw,0,0.0059110685251653194,-5.125,0,0.0984637439250946,0,0.02598462040391766,taglish,comment,True,majority,3-0,0,0
t1_p7b71dk,0,0.13161905109882355,-1.88671875,0,0.628929853439331,0,0.208480067951333,english,comment,True,unanimous,3-0,0,0
t1_p3f75sp,0,0.02909075655043125,-3.5078125,0,0.2853727340698242,0,0.07724382861036222,english,comment,True,majority,3-0,0,0
t1_p7ch16d,0,0.005060331430286169,-5.28125,0,0.027925079688429832,0,0.023330023973580267,english,comment,True,unanimous,3-0,0,0
t1_p56r4gy,0,0.907967209815979,2.2890625,1,0.9655605554580688,1,0.8346035657181623,tagalog,comment,True,adjudicator,2-1,0,1
t1_p6sqnsr,0,0.01640303246676922,-4.09375,0,0.2514040470123291,0,0.05241527055576694,tagalog,comment,True,majority,3-0,0,0
t1_p4za9ex,0,0.05223086103796959,-2.8984375,0,0.35325801372528076,0,0.11410242692672538,taglish,comment,True,adjudicator,2-1,0,0
t1_p466bk5,0,0.04401864856481552,-3.078125,0,0.47052693367004395,0,0.10187496563689195,tagalog,comment,True,majority,3-0,0,0
t1_p6yddg4,0,0.008779109455645084,-4.7265625,0,0.06783179193735123,0,0.03415203057861078,taglish,comment,True,unanimous,3-0,0,0
t1_p512xuw,0,0.010818448849022388,-4.515625,0,0.08814245462417603,0,0.039428896010283154,taglish,comment,True,majority,3-0,0,0
t1_p72dgbj,0,0.0026730059180408716,-5.921875,0,0.02646273747086525,0,0.014958589915878276,english,comment,True,unanimous,3-0,0,0
t1_p57045j,0,0.001081715221516788,-6.828125,0,0.005782905500382185,0,0.007937297272282373,taglish,comment,True,majority,3-0,0,0
t1_p5az0y0,0,0.013955711387097836,-4.2578125,0,0.10356056690216064,0,0.046943560205248175,taglish,comment,True,unanimous,3-0,0,0
t1_p4ykghg,0,0.01652955636382103,-4.0859375,0,0.13872689008712769,0,0.052690328990979494,taglish,comment,True,unanimous,3-0,0,0
t1_p3zpt85,1,0.10781263560056686,-2.11328125,0,0.46625417470932007,0,0.183274877460505,tagalog,comment,True,majority,3-0,1,1
t1_p503vic,0,0.40333181619644165,-0.3916015625,0,0.8862892389297485,0,0.43121293504408775,tagalog,comment,True,unanimous,3-0,0,0
t1_p3sud40,0,0.0014550630003213882,-6.53125,0,0.005912126041948795,0,0.00977318933019686,taglish,comment,True,unanimous,3-0,0,0
t1_p4z5glm,0,0.018124721944332123,-3.9921875,0,0.14677056670188904,0,0.05609902370596736,english,comment,True,majority,3-0,0,0
t1_p5e7mi1,0,0.007815889082849026,-4.84375,0,0.05889167636632919,0,0.031521742980397005,english,comment,True,majority,3-0,0,0
t1_p51xyen,0,0.0333368256688118,-3.3671875,0,0.2481442391872406,0,0.0846360757362621,english,comment,True,majority,3-0,0,0
t1_p7lj4dj,0,0.03541072830557823,-3.3046875,0,0.4710066020488739,0,0.08812337010778089,english,comment,True,majority,3-0,0,0
t3_1vijyul,0,0.0446808747947216,-3.0625,0,0.4161618947982788,0,0.10289032414879418,taglish,submission,True,adjudicator,2-1,0,0
t1_p46ocop,1,0.6555565595626831,0.6435546875,1,0.8979937434196472,1,0.6118420659222656,taglish,comment,True,majority,3-0,1,1
t1_p4y4uzm,0,0.02096424251794815,-3.84375,0,0.21301190555095673,0,0.0619229225844738,tagalog,comment,True,adjudicator,2-1,0,0
t1_p467i1i,0,0.05921025201678276,-2.765625,0,0.5719696879386902,0,0.12394486577165027,tagalog,comment,True,unanimous,3-0,0,0
t1_p2ghj4u,0,0.029986508190631866,-3.4765625,0,0.3666762709617615,0,0.07883363429254665,tagalog,comment,True,unanimous,3-0,0,0
t1_p7io86q,0,0.632729709148407,0.5439453125,1,0.8338891267776489,1,0.594988693553045,tagalog,comment,True,adjudicator,2-1,0,0
t1_p4asqc2,0,0.009485713206231594,-4.6484375,0,0.07463008910417557,0,0.03602189345476424,taglish,comment,True,majority,3-0,0,0
t1_p3zs26p,1,0.21535076200962067,-1.29296875,0,0.7263261079788208,0,0.28612747718502546,taglish,comment,True,adjudicator,2-1,1,0
t1_p4qfrm6,0,0.043365802615880966,-3.09375,0,0.30336469411849976,0,0.10086850043402094,taglish,comment,True,majority,3-0,0,0
t1_p7atxfo,0,0.3770817816257477,-0.501953125,0,0.7764309644699097,0,0.41218634138881527,taglish,comment,True,adjudicator,2-1,0,0
t1_p4znsil,0,0.07369627058506012,-2.53125,0,0.5347896814346313,0,0.1430893933968181,tagalog,comment,True,adjudicator,2-1,0,1
t1_p7kqwxj,0,0.002082970691844821,-6.171875,0,0.0084155835211277,0,0.012565258513582124,english,comment,True,majority,3-0,0,0
t1_p4yl3a7,0,0.010013570077717304,-4.59375,0,0.11635392159223557,0,0.03738903831609814,english,comment,True,adjudicator,2-1,0,0
t1_p7kokaf,0,0.019419347867369652,-3.921875,0,0.1658969670534134,0,0.0587905589645794,english,comment,True,majority,3-0,0,0
t1_p3zok48,0,0.0753123015165329,-2.5078125,0,0.3211299180984497,0,0.14513351032252142,english,comment,True,majority,3-0,0,0
t1_p4xgvuz,0,0.09982065856456757,-2.19921875,0,0.5837684273719788,0,0.17435341030137047,taglish,comment,True,majority,3-0,0,0
t1_p4sgewq,1,0.8418256044387817,1.671875,1,0.9564894437789917,1,0.7653420883666907,taglish,comment,True,adjudicator,2-1,1,1
t1_p2edbos,0,0.019870713353157043,-3.8984375,0,0.2998635172843933,0,0.059714336511653594,tagalog,comment,True,adjudicator,2-1,0,0
t1_p50vw2u,1,0.9556514620780945,3.0703125,1,0.9675470590591431,1,0.8976184702484465,taglish,comment,True,majority,3-0,1,1
t1_p5ayc9e,0,0.02145073004066944,-3.8203125,0,0.19262586534023285,0,0.06289263018010598,taglish,comment,True,unanimous,3-0,0,0
t1_p1f6t59,0,0.0039454069919884205,-5.53125,0,0.026521723717451096,0,0.01962397077913328,taglish,comment,True,majority,3-0,0,0
t1_p7c5ia4,0,0.3407045304775238,-0.66015625,0,0.7863170504570007,0,0.3853736921741326,tagalog,comment,True,adjudicator,2-1,0,0
t3_1vikc7g,1,0.2833845913410187,-0.927734375,0,0.8126288652420044,0,0.3416370929766426,taglish,submission,True,unanimous,3-0,1,1
t1_p4zrvm9,0,0.0064882696606218815,-5.03125,0,0.06802041083574295,0,0.027716190959487037,taglish,comment,True,majority,3-0,0,0
t1_p4xpzw8,0,0.6579781174659729,0.654296875,1,0.8724119067192078,1,0.6136444803354477,tagalog,comment,True,adjudicator,2-1,0,0
t1_p54qnrc,0,0.022116590291261673,-3.7890625,0,0.2743828296661377,0,0.06420761713408671,tagalog,comment,True,unanimous,3-0,0,0
t1_p6skjsz,0,0.014503578655421734,-4.21875,0,0.07019039988517761,0,0.04819491593969019,english,comment,True,majority,3-0,0,0
t1_p2f596z,0,0.00934002548456192,-4.6640625,0,0.2548515200614929,0,0.035640200879961545,taglish,comment,True,unanimous,3-0,0,0
t1_p5bxzxb,0,0.017176708206534386,-4.046875,0,0.10182055085897446,0,0.05408618051510232,taglish,comment,True,majority,3-0,0,0
t3_1vpqxpa,0,0.05070536583662033,-2.9296875,0,0.33048295974731445,0,0.11188776073897519,english,submission,True,majority,3-0,0,0
t1_p50f71n,0,0.022977370768785477,-3.75,0,0.10786952823400497,0,0.06588735899891444,english,comment,True,majority,3-0,0,0
t1_p4yjmpu,0,0.37227699160575867,-0.5224609375,0,0.7997235655784607,0,0.4086773901878997,tagalog,comment,True,adjudicator,2-1,0,1
t1_p56loyo,0,0.07081620395183563,-2.57421875,0,0.3289065957069397,0,0.13940417345008546,english,comment,True,majority,3-0,0,0
t1_p6sqq55,0,0.004399413242936134,-5.421875,0,0.02732706069946289,0,0.02116851463722092,english,comment,True,unanimous,3-0,0,0
t1_p1vopwk,0,0.0010649627074599266,-6.84375,0,0.004923705477267504,0,0.007850769061700057,taglish,comment,True,unanimous,3-0,0,0
t1_p2eyxvz,0,0.002217013156041503,-6.109375,0,0.03620497137308121,0,0.013125571036409624,taglish,comment,True,majority,3-0,0,0
t1_p2f4rll,0,0.0060975621454417706,-5.09375,0,0.08331871032714844,0,0.026549781559867355,taglish,comment,True,majority,3-0,0,0
t1_p2t90ve,0,0.0032224843744188547,-5.734375,0,0.030174506828188896,0,0.01704317363988056,taglish,comment,True,unanimous,3-0,0,0
t1_p4ygv15,0,0.10706345736980438,-2.12109375,0,0.5195521712303162,0,0.18244942213829246,taglish,comment,True,majority,3-0,0,0
t1_p7aozai,0,0.010328153148293495,-4.5625,0,0.21970856189727783,0,0.0381925174952548,taglish,comment,True,adjudicator,2-1,0,0
t1_p6t2btq,0,0.014392335899174213,-4.2265625,0,0.1472017914056778,0,0.047942137181705965,taglish,comment,True,majority,3-0,0,0
t1_p2f1dvw,0,0.11879339814186096,-2.00390625,0,0.55902498960495,0,0.1951361365530626,taglish,comment,True,adjudicator,2-1,0,0
t1_p5501wn,0,0.0066411131992936134,-5.0078125,0,0.04344187304377556,0,0.02816630804130722,tagalog,comment,True,majority,3-0,0,0
t1_p4xqx08,0,0.020645931363105774,-3.859375,0,0.2775007486343384,0,0.06128422740686688,english,comment,True,majority,3-0,0,0
t1_p4lchaz,0,0.0014325366355478764,-6.546875,0,0.004617604427039623,0,0.009666842216206764,taglish,comment,True,majority,3-0,0,0
t1_p50d7fn,0,0.029986508190631866,-3.4765625,0,0.24630916118621826,0,0.07883363429254665,taglish,comment,True,majority,3-0,0,0
t1_p1vgme8,0,0.13706977665424347,-1.83984375,0,0.6362985372543335,0,0.21400248698380628,tagalog,comment,True,adjudicator,2-1,0,1
t1_p6so2pd,0,0.14903530478477478,-1.7421875,0,0.6730623245239258,0,0.22584685213161879,tagalog,comment,True,majority,3-0,0,0
t1_p2edjvb,0,0.007345826830714941,-4.90625,0,0.07034341245889664,0,0.03020015508288496,taglish,comment,True,majority,3-0,0,0
t1_p4yzpmd,0,0.06418264657258987,-2.6796875,0,0.4969249963760376,0,0.13069528116725207,tagalog,comment,True,adjudicator,2-1,0,1
t3_1vio8qy,0,0.007289077155292034,-4.9140625,0,0.14519895613193512,0,0.03003877885894926,taglish,submission,True,majority,3-0,0,0
t1_p4z3u56,0,0.19993212819099426,-1.38671875,0,0.7083362340927124,0,0.2727810323268737,taglish,comment,True,adjudicator,2-1,0,0
t1_p5295nh,1,0.814643383026123,1.48046875,1,0.9277845621109009,1,0.7401694564938219,tagalog,comment,True,majority,3-0,1,1
t1_p7hvgj1,0,0.7162185907363892,0.92578125,1,0.912799060344696,1,0.6580522076774146,tagalog,comment,True,unanimous,3-0,0,0
t1_p74d61h,0,0.42131367325782776,-0.3173828125,0,0.7347809672355652,0,0.4441284206301545,english,comment,True,adjudicator,2-1,0,0
t1_p4bmqg8,0,0.0018102111062034965,-6.3125,0,0.011392492800951004,0,0.011389466077909098,tagalog,comment,True,majority,3-0,0,0
t1_p5754zu,0,0.0055549247190356255,-5.1875,0,0.022873178124427795,0,0.024889217079120923,tagalog,comment,True,majority,3-0,0,0
t1_p3zskfd,0,0.016029147431254387,-4.1171875,0,0.10262276232242584,0,0.05159821288471565,english,comment,True,majority,3-0,0,0
t1_p4ydh2r,0,0.23616375029087067,-1.173828125,0,0.6783148050308228,0,0.30364045496302977,tagalog,comment,True,adjudicator,2-1,0,1
t3_1vor9r9,0,0.0029349515680223703,-5.828125,0,0.014617487788200378,0,0.01596744986773952,taglish,submission,True,majority,3-0,0,0
t1_p5exugh,0,0.09235979616641998,-2.28515625,0,0.5981707572937012,0,0.16577807324590502,english,comment,True,majority,3-0,0,0
t1_p6dqhkz,0,0.002115703420713544,-6.15625,0,0.049571678042411804,0,0.012703082753749456,taglish,comment,True,adjudicator,2-1,0,1
t1_p4xcqp6,0,0.4677571952342987,-0.129150390625,0,0.8877491354942322,0,0.4771850747506583,tagalog,comment,True,adjudicator,2-1,0,0
t1_p50zif3,0,0.10894505679607391,-2.1015625,0,0.4965077340602875,0,0.18451848676466442,english,comment,True,majority,3-0,0,0
t1_p3u2qze,0,0.5936092138290405,0.37890625,1,0.8137955665588379,1,0.566583959787424,english,comment,True,adjudicator,2-1,0,1
t1_p6dmjvi,0,0.22988080978393555,-1.208984375,0,0.7027859091758728,0,0.29840994935068776,english,comment,True,majority,3-0,0,0
t1_p577wo6,1,0.07779745012521744,-2.47265625,0,0.5684260129928589,0,0.14824507757635239,taglish,comment,True,majority,3-0,1,1
t1_p4ztovl,1,0.36342090368270874,-0.560546875,0,0.7774332761764526,0,0.4021856403406004,tagalog,comment,True,adjudicator,2-1,1,0
t1_p4ao8da,0,0.006388320587575436,-5.046875,0,0.05857275053858757,0,0.02742000330378375,english,comment,True,majority,3-0,0,0
t1_p5jjn0i,0,0.11636175215244293,-2.02734375,0,0.5850694179534912,0,0.1925463867974057,english,comment,True,adjudicator,2-1,0,0
t1_p503cck,0,0.007815889082849026,-4.84375,0,0.08921529352664948,0,0.031521742980397005,tagalog,comment,True,majority,3-0,0,0
t1_p4agrdk,0,0.001838665222749114,-6.296875,0,0.010245488956570625,0,0.011514543824138487,tagalog,comment,True,majority,3-0,0,0
t1_p4zhuxa,0,0.5104964971542358,0.0419921875,1,0.8559724688529968,0,0.5074226947774197,english,comment,True,adjudicator,2-1,0,1
t1_p6x3ooj,0,0.38191089034080505,-0.4814453125,0,0.7702897787094116,0,0.4157042404563368,english,comment,True,adjudicator,2-1,0,0
t1_p2tf1wk,0,0.009633651934564114,-4.6328125,0,0.12603086233139038,0,0.03640751948129751,taglish,comment,True,majority,3-0,0,0
t1_p6smujg,0,0.007011795416474342,-4.953125,0,0.08156071603298187,0,0.029244353425029627,taglish,comment,True,unanimous,3-0,0,0
t1_p5zt3z5,0,0.004198795650154352,-5.46875,0,0.05372556298971176,0,0.020492514435468494,english,comment,True,majority,3-0,0,0
t3_1vr2pvj,0,0.007876706309616566,-4.8359375,0,0.07108831405639648,0,0.03169082578202977,english,submission,True,majority,3-0,0,0
t1_p7j0lc3,0,0.012431650422513485,-4.375,0,0.16529372334480286,0,0.04337234694171856,english,comment,True,majority,3-0,0,0
t1_p7c311f,0,0.03258974477648735,-3.390625,0,0.3739146590232849,0,0.08336094006737177,taglish,comment,True,unanimous,3-0,0,0
t1_p4pi8y8,0,0.0017007224960252643,-6.375,0,0.011483094654977322,0,0.010902446733210305,english,comment,True,majority,3-0,0,0
t1_p50oun1,0,0.04922211542725563,-2.9609375,0,0.5019649267196655,0,0.10971075664136526,tagalog,comment,True,adjudicator,2-1,0,0
t1_p4z78v8,0,0.007011795416474342,-4.953125,0,0.1543777883052826,0,0.029244353425029627,tagalog,comment,True,adjudicator,2-1,0,1
t1_p3zr47g,0,0.026963496580719948,-3.5859375,0,0.19831882417201996,0,0.07339709688751817,english,comment,True,majority,3-0,0,0
t1_p5bh57w,0,0.15002882480621338,-1.734375,0,0.45757007598876953,0,0.22681417863767728,english,comment,True,adjudicator,2-1,0,0
t1_p7bd89z,0,0.242923304438591,-1.13671875,0,0.6258918046951294,0,0.3092171932236299,taglish,comment,True,majority,3-0,0,0
t1_p5igggn,0,0.7752646803855896,1.23828125,1,0.8997718095779419,1,0.7059089954629403,taglish,comment,True,majority,3-0,0,0
t1_p4sok9a,0,0.004681822843849659,-5.359375,0,0.028383513912558556,0,0.022103877481344885,taglish,comment,True,majority,3-0,0,0
t1_p4656ox,0,0.01009131595492363,-4.5859375,0,0.14770011603832245,0,0.037588371829492165,taglish,comment,True,unanimous,3-0,0,0
t1_p50pu3v,0,0.005139610730111599,-5.265625,0,0.0570739209651947,0,0.023583103416054976,tagalog,comment,True,adjudicator,2-1,0,0
t1_p5yuqf7,1,0.8187368512153625,1.5078125,1,0.928290843963623,1,0.7438706255412773,english,comment,True,adjudicator,2-1,1,1
t1_p7hx4i6,0,0.9066531658172607,2.2734375,1,0.9739372134208679,1,0.8330727761892192,tagalog,comment,True,unanimous,3-0,0,0
t1_p4rl0uu,0,0.0017007224960252643,-6.375,0,0.017548084259033203,0,0.010902446733210305,english,comment,True,majority,3-0,0,0
t1_p6lcuou,0,0.7412996292114258,1.052734375,1,0.8677409887313843,1,0.6779563075076822,english,comment,True,adjudicator,2-1,0,1
t1_p50wpp1,0,0.002115703420713544,-6.15625,0,0.02149297297000885,0,0.012703082753749456,tagalog,comment,True,adjudicator,3-0,0,0
t1_p51c3fd,0,0.25832599401474,-1.0546875,0,0.7425417900085449,0,0.32174223592327267,english,comment,True,majority,3-0,0,0
t1_p65zkh2,0,0.08725224435329437,-2.34765625,0,0.43069586157798767,0,0.15975613696439248,tagalog,comment,True,unanimous,3-0,0,0
t1_p7c9dfi,0,0.05070536583662033,-2.9296875,0,0.5624344944953918,0,0.11188776073897519,tagalog,comment,True,adjudicator,2-1,0,1
t1_p3zo4ze,0,0.030444350093603134,-3.4609375,0,0.25141918659210205,0,0.07963970997283831,taglish,comment,True,majority,3-0,0,0
t1_p61z6si,0,0.13072869181632996,-1.89453125,0,0.6294205188751221,0,0.2075699420275258,taglish,comment,True,majority,3-0,0,0
t1_p5rryt3,0,0.0026316740550100803,-5.9375,0,0.01824909821152687,0,0.014796660925601885,english,comment,True,majority,3-0,0,0
t1_p6lbivm,0,0.011869121342897415,-4.421875,0,0.11390016973018646,0,0.04201772196445243,english,comment,True,adjudicator,2-1,0,1
t1_p504j2p,0,0.1212688684463501,-1.98046875,0,0.6009800434112549,0,0.1977521877686803,english,comment,True,majority,3-0,0,0
t1_p7dtsuf,0,0.09501305222511292,-2.25390625,0,0.6684553623199463,0,0.16885661622317524,tagalog,comment,True,adjudicator,2-1,0,0
t1_p72s5a5,0,0.007345826830714941,-4.90625,0,0.2295803278684616,0,0.03020015508288496,taglish,comment,True,majority,3-0,0,0
t1_p5cklve,0,0.01956867426633835,-3.9140625,0,0.22541169822216034,0,0.05909698637710714,taglish,comment,True,majority,3-0,0,0
t1_p6sm2nm,0,0.01374231930822134,-4.2734375,0,0.16460326313972473,0,0.04645171687277415,tagalog,comment,True,majority,3-0,0,0
t1_p463s1l,0,0.006003595422953367,-5.109375,0,0.10253115743398666,0,0.02626572194935037,tagalog,comment,True,unanimous,3-0,0,0
t1_p6h30fb,0,0.009125636890530586,-4.6875,0,0.15226280689239502,0,0.03507495652005154,tagalog,comment,True,adjudicator,2-1,0,0
t1_p6z7e6h,0,0.03488088399171829,-3.3203125,0,0.41545844078063965,0,0.08723956607260283,tagalog,comment,True,adjudicator,2-1,0,1
t1_p5rijxk,1,0.733738124370575,1.013671875,1,0.8956619501113892,1,0.6718962912975894,tagalog,comment,True,adjudicator,2-1,1,1
t1_p5c60bl,0,0.01353214867413044,-4.2890625,0,0.16649837791919708,0,0.045964778213865,taglish,comment,True,majority,3-0,0,0
t1_p4y0nz8,0,0.10781263560056686,-2.11328125,0,0.4564604163169861,0,0.183274877460505,english,comment,True,adjudicator,2-1,0,1
t1_p4asinx,0,0.6173973083496094,0.478515625,1,0.8321012854576111,1,0.5837924917019983,tagalog,comment,True,adjudicator,3-0,0,1
t1_p56qzse,0,0.709019124507904,0.890625,1,0.916355311870575,1,0.6524366230563483,english,comment,True,majority,3-0,0,0
t1_p6ld13y,1,0.9005298018455505,2.203125,1,0.9761039614677429,1,0.8260438534462012,tagalog,comment,True,adjudicator,2-1,1,0
t1_p4zkkk2,0,0.0029349515680223703,-5.828125,0,0.08175095915794373,0,0.01596744986773952,english,comment,True,majority,3-0,0,0
t1_p50pmne,0,0.010328153148293495,-4.5625,0,0.1381549835205078,0,0.0381925174952548,english,comment,True,majority,3-0,0,0
t1_p7egtkh,0,0.04208773002028465,-3.125,0,0.30712035298347473,0,0.09888202703220235,english,comment,True,majority,3-0,0,0
t1_p7ky873,0,0.05033063143491745,-2.9375,0,0.3582839369773865,0,0.11133999581232842,tagalog,comment,True,unanimous,3-0,0,0
t1_p4t0bfs,0,0.004198795650154352,-5.46875,0,0.031928036361932755,0,0.020492514435468494,english,comment,True,unanimous,3-0,0,0
t1_p6ylha7,0,0.0037654140032827854,-5.578125,0,0.02927633747458458,0,0.018996337160091005,taglish,comment,True,unanimous,3-0,0,0
t1_p50wdfp,0,0.3670434057712555,-0.544921875,0,0.7083662748336792,0,0.40484491446191145,english,comment,True,majority,3-0,0,0
t1_p5duez2,0,0.02517884038388729,-3.65625,0,0.27622175216674805,0,0.07008664396298057,english,comment,True,majority,3-0,0,0
t1_p50zshh,1,0.0015731120947748423,-6.453125,0,0.00787159614264965,0,0.010322548080028391,tagalog,comment,True,adjudicator,2-1,1,0
t1_p5dysh7,0,0.008124708198010921,-4.8046875,0,0.08588425815105438,0,0.032375970607033164,english,comment,True,majority,3-0,0,0
t1_p7a5e04,0,0.04535258188843727,-3.046875,0,0.34991273283958435,0,0.1039146315703133,taglish,comment,True,unanimous,3-0,0,0
t1_p6sndx5,0,0.004198795650154352,-5.46875,0,0.05707485228776932,0,0.020492514435468494,english,comment,True,majority,3-0,0,0
t1_p5036jz,0,0.06705629080533981,-2.6328125,0,0.4090762138366699,0,0.13450740420842003,english,comment,True,unanimous,3-0,0,0
t1_p27tjd3,0,0.02843603305518627,-3.53125,0,0.33402928709983826,0,0.07607080974706149,taglish,comment,True,unanimous,3-0,0,0
t1_p7lh776,0,0.04054073989391327,-3.1640625,0,0.2948748469352722,0,0.09644796596790908,taglish,comment,True,unanimous,3-0,0,0
t1_p5ugytk,0,0.030675798654556274,-3.453125,0,0.3641743063926697,0,0.08004556520789122,english,comment,True,majority,3-0,0,0
t1_p7jojii,0,0.006692850962281227,-5.0,0,0.031085245311260223,0,0.028317918542645672,english,comment,True,unanimous,3-0,0,0
t1_p50qlnh,0,0.0036499870475381613,-5.609375,0,0.035951144993305206,0,0.01858889461568454,english,comment,True,majority,3-0,0,0
t1_p7c90m3,1,0.04401864856481552,-3.078125,0,0.49672383069992065,0,0.10187496563689195,tagalog,comment,True,adjudicator,2-1,1,1
t1_p5jtv5e,0,0.023509452119469643,-3.7265625,0,0.28846806287765503,0,0.06691472085233648,taglish,comment,True,majority,3-0,0,0
t1_p7f6wlm,0,0.1661335527896881,-1.61328125,0,0.7048375606536865,0,0.24218046382575062,tagalog,comment,True,adjudicator,2-1,0,0
t1_p56qamx,1,0.7570766806602478,1.13671875,1,0.9115700721740723,1,0.6907828067763702,english,comment,True,adjudicator,2-1,1,1
t1_p50uglk,0,0.004331502132117748,-5.4375,0,0.05073567479848862,0,0.02094079136365112,tagalog,comment,True,adjudicator,2-1,0,1
t1_p50x77w,0,0.23022674024105072,-1.20703125,0,0.7221224308013916,0,0.2986991722139614,tagalog,comment,True,adjudicator,2-1,0,0
t1_p51613t,0,0.018124721944332123,-3.9921875,0,0.182378351688385,0,0.05609902370596736,tagalog,comment,True,unanimous,3-0,0,0
t1_p7bid8o,0,0.7205649614334106,0.947265625,1,0.8879250884056091,1,0.6614623932971113,tagalog,comment,True,unanimous,3-0,0,0
t1_p5tbcny,0,0.24944725632667542,-1.1015625,0,0.7311623096466064,0,0.31455219860833694,tagalog,comment,True,majority,3-0,0,0
t1_p72pxmv,0,0.24617071449756622,-1.119140625,0,0.7682832479476929,0,0.31187845863435115,tagalog,comment,True,adjudicator,2-1,0,0
t1_p5jeibr,0,0.32380759716033936,-0.736328125,0,0.7525182962417603,0,0.37269730628012715,tagalog,comment,True,adjudicator,2-1,0,1
t1_p73l3kc,0,0.011158031411468983,-4.484375,0,0.08711943030357361,0,0.04027437707969292,tagalog,comment,True,majority,3-0,0,0
t1_p5788ag,0,0.011158031411468983,-4.484375,0,0.05878329277038574,0,0.04027437707969292,english,comment,True,adjudicator,2-1,0,0
t1_p522b1j,1,0.44393566250801086,-0.2252044677734375,0,0.9155319929122925,0,0.46027301444446583,tagalog,comment,True,unanimous,3-0,1,1
t1_p6xb936,0,0.03161877021193504,-3.421875,0,0.1971452236175537,0,0.08168793046353949,tagalog,comment,True,unanimous,3-0,0,0
t1_p526rrn,0,0.44794324040412903,-0.208984375,0,0.8415696024894714,0,0.46312351511180583,tagalog,comment,True,adjudicator,2-1,0,0
t1_p2a8kfb,0,0.006589771714061499,-5.015625,0,0.045756008476018906,0,0.028015485840151812,english,comment,True,majority,3-0,0,0
t1_p5h5egv,0,0.8068526387214661,1.4296875,1,0.9356708526611328,1,0.7332044061306641,english,comment,True,adjudicator,2-1,0,1
t1_p50tj8m,0,0.02280263788998127,-3.7578125,0,0.21367385983467102,0,0.06554817526201474,tagalog,comment,True,unanimous,3-0,0,0
t1_p529rof,1,0.0446808747947216,-3.0625,0,0.2355509102344513,0,0.10289032414879418,english,comment,True,adjudicator,2-1,1,1
t1_p52dizj,1,0.17217184603214264,-1.5703125,0,0.6211432814598083,0,0.24780030932461106,english,comment,True,adjudicator,2-1,1,1
t1_p50w1bt,0,0.005730246659368277,-5.15625,0,0.04423537850379944,0,0.025431175453224215,tagalog,comment,True,unanimous,3-0,0,0
t1_p4yqqlo,0,0.004609572235494852,-5.375,0,0.0824008360505104,0,0.021866316694138327,english,comment,True,majority,3-0,0,0
t1_p4yngwy,1,0.20370754599571228,-1.36328125,0,0.5829176306724548,0,0.27608095807184213,english,comment,True,adjudicator,2-1,1,0
t1_p7bzqux,0,0.5001220107078552,0.00048828125,1,0.8827557563781738,0,0.5000863167448928,tagalog,comment,True,unanimous,3-0,0,0
t1_p517ewq,1,0.02460992895066738,-3.6796875,0,0.30201828479766846,0,0.06901418460034317,taglish,comment,True,majority,3-0,1,1
t1_p5e2sf9,0,0.11476478725671768,-2.04296875,0,0.4084918200969696,0,0.19083447722783867,english,comment,True,unanimous,3-0,0,0
t1_p3x3zfm,0,0.0032224843744188547,-5.734375,0,0.06268161535263062,0,0.01704317363988056,taglish,comment,True,majority,3-0,0,0
t1_p3m46fg,0,0.002889581024646759,-5.84375,0,0.04177733510732651,0,0.015794774931614106,english,comment,True,majority,3-0,0,0
t1_p7ccmuo,0,0.6867902874946594,0.78515625,1,0.8651239275932312,1,0.6353387101281626,tagalog,comment,True,adjudicator,2-1,0,1
t1_p506c6v,0,0.032344330102205276,-3.3984375,0,0.26983606815338135,0,0.08293979040374311,english,comment,True,majority,3-0,0,0
t1_p6ld2ar,0,0.5808128118515015,0.32611083984375,1,0.8818764090538025,1,0.5573946955448763,taglish,comment,True,majority,3-0,0,0
t1_p6flm33,0,0.007460643537342548,-4.890625,0,0.08084502816200256,0,0.030525431061556748,english,comment,True,majority,3-0,0,0
t1_p65zwqi,0,0.06560484319925308,-2.65625,0,0.39280033111572266,0,0.13258973690220024,english,comment,True,majority,3-0,0,0
t1_p4xni1r,0,0.0038244836032390594,-5.5625,0,0.023263737559318542,0,0.019203329965028326,english,comment,True,majority,3-0,0,0
t1_p7bfjq5,0,0.11516222357749939,-2.0390625,0,0.5683214664459229,0,0.1912613613457183,tagalog,comment,True,adjudicator,2-1,0,0
t1_p4h4law,0,0.0009253848693333566,-6.984375,0,0.0047031729482114315,0,0.00711295649848888,taglish,comment,True,majority,3-0,0,0
t1_p7amf5i,0,0.9845753908157349,4.15625,1,0.9923943281173706,1,0.949736841279915,tagalog,comment,True,adjudicator,2-1,0,0
t1_p3j2sjz,0,0.002182716503739357,-6.125,0,0.018781570717692375,0,0.012983223217297994,english,comment,True,majority,3-0,0,0
t1_p7br6et,0,0.42769548296928406,-0.291259765625,0,0.8177079558372498,0,0.4486932857540087,tagalog,comment,True,adjudicator,2-1,0,0
t1_p7k1blc,0,0.6370307803153992,0.5625,1,0.8350595831871033,1,0.5981463681660157,tagalog,comment,True,adjudicator,2-1,0,0
t1_p7hijbt,0,0.949669361114502,2.9375,1,0.9719951152801514,1,0.8886600041876717,tagalog,comment,True,adjudicator,2-1,0,0
t1_p6ylm03,0,0.002889581024646759,-5.84375,0,0.013421106152236462,0,0.015794774931614106,taglish,comment,True,unanimous,3-0,0,0
t1_p7cd4s7,0,0.8365545868873596,1.6328125,1,0.9413280487060547,1,0.7603451644827257,english,comment,True,adjudicator,2-1,0,1
t1_p3j3k0c,0,0.001622967072762549,-6.421875,0,0.012131801806390285,0,0.010550751746754102,english,comment,True,unanimous,3-0,0,0
t1_p502ry2,0,0.8688268065452576,1.890625,1,0.9713020324707031,1,0.791975362007521,english,comment,True,majority,3-0,0,0
t1_p7blt9a,0,0.8925625681877136,2.1171875,1,0.9503375291824341,1,0.8171382117410645,tagalog,comment,True,unanimous,3-0,0,0
t1_p5zsh3l,1,0.32209938764572144,-0.744140625,0,0.7509723901748657,0,0.371406675486593,english,comment,True,majority,3-0,1,1
t1_p50aasa,0,0.1901218295097351,-1.44921875,0,0.44538402557373047,0,0.26410272385682626,taglish,comment,True,unanimous,3-0,0,0
t1_p57ztmw,0,0.06233103200793266,-2.7109375,0,0.35642537474632263,0,0.12820516425710904,english,comment,True,majority,3-0,0,0
t1_p50l7v6,0,0.0025509123224765062,-5.96875,0,0.027582794427871704,0,0.014477965669714809,english,comment,True,majority,3-0,0,0
t1_p2dysa8,0,0.002889581024646759,-5.84375,0,0.04508768767118454,0,0.015794774931614106,taglish,comment,True,unanimous,3-0,0,0
t1_p3kilv6,0,0.2617081105709076,-1.037109375,0,0.6368295550346375,0,0.3244606657037798,taglish,comment,True,majority,3-0,0,0
t1_p7ib8dp,0,0.9348725080490112,2.6640625,1,0.9628838300704956,1,0.8680443193839323,english,comment,True,majority,3-0,0,0
t1_p3sc9r6,0,0.0034834241960197687,-5.65625,0,0.08403591811656952,0,0.017993758241836036,english,comment,True,unanimous,3-0,0,0
t1_p3ywt5r,0,0.08151976019144058,-2.421875,0,0.35153263807296753,0,0.1528365973701676,taglish,comment,True,majority,3-0,0,0
t1_p56q02j,1,0.8499711751937866,1.734375,1,0.9549963474273682,1,0.7731858213623226,tagalog,comment,True,adjudicator,2-1,1,1
t1_p7by2ez,0,0.6446726322174072,0.595703125,1,0.874840259552002,1,0.6037765164834432,tagalog,comment,True,adjudicator,2-1,0,1
t1_p5j78mk,0,0.3479801416397095,-0.6279296875,0,0.779952883720398,0,0.3907850872311562,english,comment,True,adjudicator,3-0,0,0
t1_p7bu6sy,1,0.03090895712375641,-3.4453125,0,0.2234887331724167,0,0.08045330793857032,english,comment,True,adjudicator,2-1,1,1
t1_p52bvaz,1,0.019271137192845345,-3.9296875,0,0.2750777006149292,0,0.05848562166467192,english,comment,True,adjudicator,2-1,1,1
t1_p7cdd8r,1,0.25275275111198425,-1.083984375,0,0.7595275640487671,0,0.31723829307804713,tagalog,comment,True,adjudicator,2-1,1,0
t1_p5c0yu5,0,0.013121269643306732,-4.3203125,0,0.1274278461933136,0,0.045005440308668467,english,comment,True,majority,3-0,0,0
t1_p4ncgxx,0,0.0033244371879845858,-5.703125,0,0.04194357618689537,0,0.017417337421760517,english,comment,True,adjudicator,2-1,0,0
t1_p7ca9yl,0,0.7520126104354858,1.109375,1,0.914630115032196,1,0.6866376627225601,tagalog,comment,True,adjudicator,2-1,0,1
t1_p661l1l,0,0.07558479905128479,-2.50390625,0,0.37964507937431335,0,0.14547654391613585,tagalog,comment,True,majority,3-0,0,0
t1_p7a2pii,0,0.8674854636192322,1.87890625,1,0.9300806522369385,1,0.7906068700060329,taglish,comment,True,unanimous,3-0,0,0
t1_p7bsvsk,0,0.06656918674707413,-2.640625,0,0.49834197759628296,0,0.13386559271915938,tagalog,comment,True,adjudicator,2-1,0,0
t1_p7lul25,0,0.1705079972743988,-1.58203125,0,0.7427529692649841,0,0.24625899167326865,tagalog,comment,True,unanimous,3-0,0,0
t1_p7byjq5,0,0.38144996762275696,-0.4833984375,0,0.7946199178695679,0,0.415368826133061,tagalog,comment,True,adjudicator,2-1,0,1
t1_p6lbbdg,1,0.03283695876598358,-3.3828125,0,0.3473900258541107,0,0.08378403285760563,taglish,comment,True,majority,3-0,1,1
t1_p50qn2o,0,0.12635333836078644,-1.93359375,0,0.4756029546260834,0,0.2030633399749336,taglish,comment,True,majority,3-0,0,0
t1_p51ay9w,0,0.007755536586046219,-4.8515625,0,0.08637402951717377,0,0.031353533090431686,tagalog,comment,True,adjudicator,3-0,0,0
t1_p73rkog,1,0.29421496391296387,-0.875,0,0.6671644449234009,0,0.35007297979335544,tagalog,comment,True,majority,3-0,1,1
t1_p7hhj9y,0,0.05184547230601311,-2.90625,0,0.30907997488975525,0,0.11354520592160702,english,comment,True,majority,3-0,0,0
t1_p5tv2bl,0,0.037326887249946594,-3.25,0,0.37079334259033203,0,0.09128068610746773,taglish,comment,True,unanimous,3-0,0,0
t1_p7jmsik,1,0.4701283872127533,-0.11962890625,0,0.7627047896385193,0,0.4788649984799596,english,comment,True,adjudicator,2-1,1,0
t1_p5dmc8y,0,0.005730246659368277,-5.15625,0,0.06304438412189484,0,0.025431175453224215,english,comment,True,majority,3-0,0,0
t1_p50z7cj,0,0.0018969200318679214,-6.265625,0,0.010101890191435814,0,0.011768785934835982,english,comment,True,adjudicator,2-1,0,0
t1_p6x5a5i,0,0.1550784707069397,-1.6953125,0,0.5754134654998779,0,0.2316946391992627,tagalog,comment,True,unanimous,3-0,0,0
t1_p516nto,0,0.002714985515922308,-5.90625,0,0.01355421356856823,0,0.015122263794536682,tagalog,comment,True,unanimous,3-0,0,0
t1_p2e8bax,0,0.02161533385515213,-3.8125,0,0.2006205916404724,0,0.06321900225699442,taglish,comment,True,majority,3-0,0,0
t1_p2df0w6,0,0.0024343819823116064,-6.015625,0,0.032524969428777695,0,0.0140125643566543,taglish,comment,True,unanimous,3-0,0,0
t1_p63s62d,0,0.18184363842010498,-1.50390625,0,0.704156756401062,0,0.25665599064025985,taglish,comment,True,unanimous,3-0,0,0
t1_p7fj2sl,0,0.6656279563903809,0.6884765625,1,0.9128891825675964,1,0.619358539686386,taglish,comment,True,adjudicator,2-1,0,1
t1_p6gcgq6,0,0.007518718484789133,-4.8828125,0,0.11329920589923859,0,0.030689338989439978,taglish,comment,True,majority,3-0,0,0
t1_p7ktsyu,0,0.043691061437129974,-3.0859375,0,0.45424890518188477,0,0.10137062485114995,tagalog,comment,True,adjudicator,2-1,0,1
t1_p5b6uro,0,0.3869951069355011,-0.4599609375,0,0.8007315993309021,0,0.41939888843929646,tagalog,comment,True,adjudicator,3-0,0,0
t1_p4y1evl,0,0.048496000468730927,-2.9765625,0,0.23592834174633026,0,0.10863624219523085,taglish,comment,True,majority,3-0,0,0
t1_p4pwzpc,0,0.0446808747947216,-3.0625,0,0.4122001528739929,0,0.10289032414879418,english,comment,True,adjudicator,2-1,0,0
t1_p7iibgi,0,0.03185885399580002,-3.4140625,0,0.3529200553894043,0,0.08210329256747433,tagalog,comment,True,adjudicator,2-1,0,0
t1_p5jf3mr,0,0.04401864856481552,-3.078125,0,0.28281545639038086,0,0.10187496563689195,english,comment,True,adjudicator,2-1,0,0
t1_p5cp1ly,0,0.03541072830557823,-3.3046875,0,0.5196475982666016,0,0.08812337010778089,taglish,comment,True,adjudicator,2-1,0,0
t1_p5jg0k1,0,0.009268012829124928,-4.671875,0,0.10770575702190399,0,0.03545081808373031,english,comment,True,majority,3-0,0,0
t1_p52bc3p,1,0.6180891394615173,0.4814453125,1,0.8403512239456177,1,0.5842957595436633,tagalog,comment,True,majority,3-0,1,1
t1_p4xbhob,0,0.3589146137237549,-0.580078125,0,0.8027271032333374,0,0.39886963847815154,english,comment,True,adjudicator,2-1,0,1
t1_p5wk5t2,0,0.1427091360092163,-1.79296875,0,0.5727030634880066,0,0.21963059855143266,taglish,comment,True,majority,3-0,0,0
t1_p3eavdo,0,0.944587230682373,2.8359375,1,0.9786898493766785,1,0.8813535342103476,tagalog,comment,True,majority,3-0,0,0
t1_p4xpfeu,0,0.02779562398791313,-3.5546875,0,0.31188297271728516,0,0.07491415807570487,english,comment,True,majority,3-0,0,0
t1_p504t9k,0,0.03760863468050957,-3.2421875,0,0.2355359047651291,0,0.09173995208282898,taglish,comment,True,unanimous,3-0,0,0
t1_p526hm9,0,0.6976089477539062,0.8359375,1,0.8959780931472778,1,0.6436168260086034,taglish,comment,True,majority,3-0,0,0
t1_p7d2qpg,1,0.4217899739742279,-0.3154296875,0,0.8925468325614929,0,0.4444694026822091,tagalog,comment,True,adjudicator,2-1,1,1
t1_p6rnv5c,0,0.0071214293129742146,-4.9375,0,0.08141891658306122,0,0.0295596485589102,taglish,comment,True,majority,3-0,0,0
t1_p4xoapq,0,0.030214587226510048,-3.46875,0,0.16673880815505981,0,0.07923573530741766,tagalog,comment,True,adjudicator,2-1,0,1
t1_p5jevan,0,0.5654787421226501,0.263427734375,1,0.8205992579460144,0,0.5464337023961343,tagalog,comment,True,adjudicator,2-1,0,1
t1_p5y4zuz,0,0.008779109455645084,-4.7265625,0,0.10074962675571442,0,0.03415203057861078,english,comment,True,unanimous,3-0,0,0
t1_p50qlgk,0,0.014842418022453785,-4.1953125,0,0.14703455567359924,0,0.04896086451759548,tagalog,comment,True,adjudicator,2-1,0,0
t1_p6z83ee,1,0.2658804655075073,-1.015625,0,0.7894502878189087,0,0.32779932228712383,tagalog,comment,True,adjudicator,2-1,1,1
t1_p5j3v38,0,0.009196552447974682,-4.6796875,0,0.05391307175159454,0,0.035262404821513764,english,comment,True,adjudicator,3-0,0,0
t1_p6421bx,1,0.01678548939526081,-4.0703125,0,0.23452416062355042,0,0.0532445399719571,taglish,comment,True,adjudicator,2-1,1,1
t1_p3jmfus,0,0.014503578655421734,-4.21875,0,0.16020292043685913,0,0.04819491593969019,english,comment,True,majority,3-0,0,0
t1_p4z68ra,1,0.9219217896461487,2.46875,1,0.9679638743400574,1,0.8514058127704012,taglish,comment,True,majority,3-0,1,1
t1_p7c05g3,0,0.2727987766265869,-0.98046875,0,0.6866234540939331,0,0.3333002405310867,tagalog,comment,True,unanimous,3-0,0,0
t1_p3zmoxk,0,0.15765489637851715,-1.67578125,0,0.692368745803833,0,0.23416221339350252,tagalog,comment,True,adjudicator,2-1,0,0
t1_p6e2zod,0,0.0014103584690019488,-6.5625,0,0.007082332856953144,0,0.0095616411459085,tagalog,comment,True,majority,3-0,0,0
t1_p6effqz,0,0.0030753696337342262,-5.78125,0,0.02758185565471649,0,0.01649669275652105,taglish,comment,True,majority,3-0,0,0
t1_p6u6zjn,0,0.00806199200451374,-4.8125,0,0.07461437582969666,0,0.03220335386549478,taglish,comment,True,majority,3-0,0,0
t1_p57gv8n,1,0.780662477016449,1.26953125,1,0.9269547462463379,1,0.7104754205425041,tagalog,comment,True,adjudicator,2-1,1,0
t1_p66u5zu,0,0.015189048834145069,-4.171875,0,0.1426314115524292,0,0.04973834998275411,english,comment,True,majority,3-0,0,0
t1_p4x0qiy,0,0.8688268065452576,1.890625,1,0.9614711999893188,1,0.791975362007521,taglish,comment,True,unanimous,3-0,0,0
t1_p7c5p1t,0,0.011072159744799137,-4.4921875,0,0.09845184534788132,0,0.04006139243430389,english,comment,True,majority,3-0,0,0
t1_p4yzfn0,0,0.028870904818177223,-3.515625,0,0.40254640579223633,0,0.07685099231829287,tagalog,comment,True,unanimous,3-0,0,0
t1_p6ymf6z,1,0.13028542697429657,-1.8984375,0,0.6198925375938416,0,0.20711598001382428,english,comment,True,adjudicator,2-1,1,0
t1_p3u9ijt,0,0.008916127495467663,-4.7109375,0,0.046663131564855576,0,0.03451835590885907,english,comment,True,majority,3-0,0,0
t1_p50m10y,0,0.002714985515922308,-5.90625,0,0.01919497363269329,0,0.015122263794536682,tagalog,comment,True,unanimous,3-0,0,0
t1_p5jfkh6,1,0.8787311315536499,1.98046875,1,0.9564518332481384,1,0.8022478122313198,english,comment,True,adjudicator,2-1,1,0
t1_p50oogc,0,0.0016484829830005765,-6.40625,0,0.008252907544374466,0,0.010666718212494087,taglish,comment,True,majority,3-0,0,0
t1_p50qq6z,0,0.01353214867413044,-4.2890625,0,0.1661679744720459,0,0.045964778213865,tagalog,comment,True,adjudicator,2-1,0,1
t1_p3jxl4b,0,0.319121390581131,-0.7578125,0,0.7168390154838562,0,0.36915249022927543,english,comment,True,adjudicator,2-1,0,1
t1_p7axdip,0,0.001597845577634871,-6.4375,0,0.009985348209738731,0,0.010436032746416498,taglish,comment,True,majority,3-0,0,0
t1_p5yujuq,1,0.4118203818798065,-0.3564453125,0,0.6974809169769287,0,0.43732024428286176,tagalog,comment,True,adjudicator,2-1,1,0
t1_p50rm9z,0,0.0014550630003213882,-6.53125,0,0.008260952308773994,0,0.00977318933019686,tagalog,comment,True,unanimous,3-0,0,0
t1_p4ss31i,0,0.5980774760246277,0.3974609375,1,0.8976771831512451,1,0.5698029706867701,tagalog,comment,True,unanimous,3-0,0,0
t1_p6ghaug,0,0.8289388418197632,1.578125,1,0.9274585247039795,1,0.7532279538385099,taglish,comment,True,unanimous,3-0,0,0
t1_p51ar3f,0,0.0023231625091284513,-6.0625,0,0.01674146205186844,0,0.013561917722806668,tagalog,comment,True,majority,3-0,0,0
t1_p731r4x,0,0.15102779865264893,-1.7265625,0,0.70721435546875,0,0.22778442923603634,tagalog,comment,True,majority,3-0,0,0
t1_p7iwbd2,0,0.0024343819823116064,-6.015625,0,0.029935628175735474,0,0.0140125643566543,english,comment,True,majority,3-0,0,0
t1_p4xrp7x,0,0.018546564504504204,-3.96875,0,0.22549943625926971,0,0.05698306955970582,taglish,comment,True,majority,3-0,0,0
t1_p3eh3x9,0,0.05707139894366264,-2.8046875,0,0.43802952766418457,0,0.1209766882278711,english,comment,True,adjudicator,2-1,0,0
t3_1vih6mb,0,0.005060331430286169,-5.28125,0,0.10383819788694382,0,0.023330023973580267,taglish,submission,True,unanimous,3-0,0,0
t1_p3fsncb,0,0.0022872276604175568,-6.078125,0,0.042857713997364044,0,0.013414902017093479,taglish,comment,True,unanimous,3-0,0,0
t1_p4ygz1u,1,0.9575962424278259,3.1171875,1,0.9717328548431396,1,0.9006246443011944,taglish,comment,True,majority,3-0,1,1
t1_p529xgb,1,0.0753123015165329,-2.5078125,0,0.44179219007492065,0,0.14513351032252142,english,comment,True,adjudicator,2-1,1,0
t1_p7kjt00,0,0.0029349515680223703,-5.828125,0,0.060754626989364624,0,0.01596744986773952,english,comment,True,majority,3-0,0,0
t1_p59kqdl,0,0.02145073004066944,-3.8203125,0,0.20930412411689758,0,0.06289263018010598,tagalog,comment,True,adjudicator,3-0,0,0
t1_p51991u,0,0.0014325366355478764,-6.546875,0,0.006244447082281113,0,0.009666842216206764,english,comment,True,adjudicator,2-1,0,0
t1_p4yoawp,0,0.0064882696606218815,-5.03125,0,0.08336832374334335,0,0.027716190959487037,english,comment,True,adjudicator,2-1,0,0
t1_p56pnq4,0,0.015663648024201393,-4.140625,0,0.15023201704025269,0,0.050793208931795446,taglish,comment,True,adjudicator,2-1,0,0
t1_p7e1l9j,0,0.49475112557411194,-0.02099609375,0,0.8013918399810791,0,0.4962884481068827,tagalog,comment,True,adjudicator,2-1,0,1
t1_p7dqsb7,0,0.0024726232513785362,-6.0,0,0.010182502679526806,0,0.014166035876688382,english,comment,True,majority,3-0,0,0
t1_p7j0a76,0,0.001838665222749114,-6.296875,0,0.021994326263666153,0,0.011514543824138487,english,comment,True,majority,3-0,0,0
t1_p50m3c5,1,0.18242552876472473,-1.5,0,0.7719212770462036,0,0.25718331522680693,taglish,comment,True,majority,3-0,1,1
t1_p7du6bw,0,0.0037072529084980488,-5.59375,0,0.014089317992329597,0,0.0187915327836616,english,comment,True,majority,3-0,0,0
t1_p3fh02e,0,0.03258974477648735,-3.390625,0,0.3571349084377289,0,0.08336094006737177,taglish,comment,True,unanimous,3-0,0,0
t1_p5gqits,1,0.1540575623512268,-1.703125,0,0.3910362422466278,0,0.2307127091569929,english,comment,True,adjudicator,2-1,1,0
t1_p7iov2o,0,0.08632347732782364,-2.359375,0,0.4594261050224304,0,0.15864695196803164,taglish,comment,True,unanimous,3-0,0,0
t1_p5jbuxq,0,0.0018102111062034965,-6.3125,0,0.053022608160972595,0,0.011389466077909098,english,comment,True,majority,3-0,0,0
t1_p7lrwqv,0,0.02460992895066738,-3.6796875,0,0.37874114513397217,0,0.06901418460034317,taglish,comment,True,majority,3-0,0,0
t1_p5b1vok,1,0.7049732804298401,0.87109375,1,0.8601874113082886,1,0.6492983138788732,tagalog,comment,True,adjudicator,2-1,1,0
t1_p5wqkv8,0,0.04084571823477745,-3.15625,0,0.3389822244644165,0,0.09693045720873666,english,comment,True,adjudicator,2-1,0,0
t1_p52ajcd,0,0.07263670861721039,-2.546875,0,0.37937623262405396,0,0.14174001303720482,tagalog,comment,True,adjudicator,2-1,0,1
t1_p52btvp,1,0.38630029559135437,-0.462890625,0,0.7757427096366882,0,0.41889453060242343,tagalog,comment,True,adjudicator,2-1,1,1
t1_p3edmfl,0,0.004399413242936134,-5.421875,0,0.07082132250070572,0,0.02116851463722092,english,comment,True,majority,3-0,0,0
t1_p5769im,0,0.04401864856481552,-3.078125,0,0.3555288016796112,0,0.10187496563689195,taglish,comment,True,adjudicator,2-1,0,0
t1_p50phsy,0,0.014615669846534729,-4.2109375,0,0.13533681631088257,0,0.048448959669690844,tagalog,comment,True,majority,3-0,0,0
t1_p50wnxu,0,0.02498779445886612,-3.6640625,0,0.2899380922317505,0,0.06972745624969988,taglish,comment,True,adjudicator,2-1,0,0
t1_p57jzsw,0,0.013222821988165379,-4.3125,0,0.1180281862616539,0,0.04524347092276181,taglish,comment,True,unanimous,3-0,0,0
t1_p3ywmzk,0,0.00978387612849474,-4.6171875,0,0.09149863570928574,0,0.036797116175008915,taglish,comment,True,majority,3-0,0,0
t1_p5tm4cp,0,0.5482502579689026,0.193603515625,1,0.8761625289916992,0,0.5341712389621477,english,comment,True,majority,3-0,0,0
t1_p40zhm3,0,0.001957016997039318,-6.234375,0,0.011645112186670303,0,0.01202857342181876,english,comment,True,majority,3-0,0,0
t1_p3tznpl,0,0.02145073004066944,-3.8203125,0,0.191501647233963,0,0.06289263018010598,english,comment,True,adjudicator,2-1,0,0
t1_p7beg0m,0,0.5114725828170776,0.0458984375,1,0.8654379844665527,0,0.5081130619665151,taglish,comment,True,unanimous,3-0,0,0
t1_p50zdlc,0,0.04672495648264885,-3.015625,0,0.33153238892555237,0,0.10599031494497013,english,comment,True,majority,3-0,0,0
t1_p516te6,0,0.016277462244033813,-4.1015625,0,0.2144479751586914,0,0.05214156896997361,tagalog,comment,True,unanimous,3-0,0,0
t1_p5ja5vz,0,0.010328153148293495,-4.5625,0,0.15365037322044373,0,0.0381925174952548,english,comment,True,majority,3-0,0,0
t1_p50qmr4,0,0.0029349515680223703,-5.828125,0,0.014918076805770397,0,0.01596744986773952,english,comment,True,majority,3-0,0,0
t1_p4y8pr6,0,0.03161877021193504,-3.421875,0,0.25292858481407166,0,0.08168793046353949,english,comment,True,majority,3-0,0,0
t1_p3mdr52,0,0.010652512311935425,-4.53125,0,0.1358354687690735,0,0.039012563424763926,taglish,comment,True,majority,3-0,0,0
t1_p5jai5x,0,0.1427091360092163,-1.79296875,0,0.4732532501220703,0,0.21963059855143266,tagalog,comment,True,adjudicator,2-1,0,0
t1_p7ikzul,1,0.9353464841842651,2.671875,1,0.9816254377365112,1,0.8686758026109951,english,comment,True,adjudicator,2-1,1,1
t1_p5dkkkn,0,0.39280253648757935,-0.435546875,0,0.8025640249252319,0,0.4236083263624963,taglish,comment,True,adjudicator,2-1,0,1
t1_p7cetl7,0,0.02460992895066738,-3.6796875,0,0.14233827590942383,0,0.06901418460034317,english,comment,True,unanimous,3-0,0,0
t1_p5ji2tp,0,0.19253934919834137,-1.43359375,0,0.663589358329773,0,0.26625562487524673,english,comment,True,adjudicator,2-1,0,1
t1_p6ldz2d,0,0.08299414813518524,-2.40234375,0,0.3672301471233368,0,0.15463335671065626,tagalog,comment,True,adjudicator,2-1,0,1
t1_p7i1apd,0,0.3225259780883789,-0.7421875,0,0.7465054988861084,0,0.37172916201561734,english,comment,True,adjudicator,2-1,0,0
t1_p50r6iu,0,0.012431650422513485,-4.375,0,0.08995045721530914,0,0.04337234694171856,taglish,comment,True,majority,3-0,0,0
t1_p6y4rfe,0,0.04115288704633713,-3.1484375,0,0.498940646648407,0,0.0974151019325477,tagalog,comment,True,majority,3-0,0,0
t1_p76c7gh,0,0.6684475541114807,0.701171875,1,0.8736245632171631,1,0.6214726060627221,tagalog,comment,True,adjudicator,2-1,0,0
t1_p512l6s,1,0.6011253595352173,0.41015625,1,0.88446044921875,1,0.5720020735714153,tagalog,comment,True,majority,3-0,1,1
t1_p7anjug,0,0.005730246659368277,-5.15625,0,0.03253018110990524,0,0.025431175453224215,english,comment,True,unanimous,3-0,0,0
t1_p4yxqkl,0,0.022116590291261673,-3.7890625,0,0.35835084319114685,0,0.06420761713408671,tagalog,comment,True,adjudicator,3-0,0,1
t1_p7c0qas,1,0.894789457321167,2.140625,1,0.9632219076156616,1,0.819601573881802,tagalog,comment,True,adjudicator,2-1,1,1
t1_p50ye0i,0,0.0026730059180408716,-5.921875,0,0.01572149246931076,0,0.014958589915878276,english,comment,True,majority,3-0,0,0
t1_p5e4jrc,0,0.87364661693573,1.93359375,1,0.9125279188156128,1,0.7969366600250664,tagalog,comment,True,unanimous,3-0,0,0
t1_p50vbpo,0,0.012821215204894543,-4.34375,0,0.11889457702636719,0,0.0442984885095211,tagalog,comment,True,majority,3-0,0,0
t1_p3z7iu9,0,0.0060975621454417706,-5.09375,0,0.05179036408662796,0,0.026549781559867355,taglish,comment,True,majority,3-0,0,0
t1_p3u0asi,0,0.0035936026833951473,-5.625,0,0.044853150844573975,0,0.018388400642024457,english,comment,True,majority,3-0,0,0
t1_p58c8w7,0,0.6566582322120667,0.6484375,1,0.9188975095748901,1,0.6126617278194499,taglish,comment,True,majority,3-0,0,0
t1_p6zcdj0,1,0.328529417514801,-0.71484375,0,0.7925876379013062,0,0.3762558596305002,tagalog,comment,True,adjudicator,2-1,1,0
t1_p3slygk,0,0.002800926798954606,-5.875,0,0.05682775005698204,0,0.015454919209503223,english,comment,True,unanimous,3-0,0,0
t1_p50t065,0,0.051082734018564224,-2.921875,0,0.49130353331565857,0,0.1124378795635367,english,comment,True,majority,3-0,0,0
t1_p7fqd0m,0,0.0014550630003213882,-6.53125,0,0.01106907706707716,0,0.00977318933019686,taglish,comment,True,majority,3-0,0,0
t1_p6z881w,0,0.09877258539199829,-2.2109375,0,0.6217621564865112,0,0.17316376330708594,tagalog,comment,True,adjudicator,2-1,0,1
t1_p7hz0rd,0,0.9923043847084045,4.859375,1,0.9923791885375977,1,0.9688138080833839,tagalog,comment,True,adjudicator,2-1,0,1
t1_p5mq8lh,1,0.4744485318660736,-0.102294921875,0,0.8820310831069946,0,0.4819245221755493,tagalog,comment,True,adjudicator,2-1,1,1
t1_p7c3283,0,0.01912403479218483,-3.9375,0,0.24790626764297485,0,0.05818216825355448,english,comment,True,majority,3-0,0,0
t1_p43z0xw,0,0.5241511464118958,0.0966796875,1,0.9073237776756287,0,0.5170840626732465,tagalog,comment,True,adjudicator,2-1,0,1
t1_p6my209,1,0.3426814675331116,-0.6513671875,0,0.7516335248947144,0,0.3868467807398583,tagalog,comment,True,adjudicator,2-1,1,0
t1_p4zo7he,1,0.6309123635292053,0.5361328125,1,0.9403095245361328,1,0.5936567747784307,taglish,comment,True,majority,3-0,1,1
t1_p50nx6o,0,0.002115703420713544,-6.15625,0,0.011599605903029442,0,0.012703082753749456,tagalog,comment,True,adjudicator,3-0,0,0
t1_p5jqkyv,0,0.5536561608314514,0.2154541015625,1,0.9116694331169128,0,0.5380137667842623,tagalog,comment,True,adjudicator,2-1,0,0
t1_p5wv49g,0,0.013325147330760956,-4.3046875,0,0.19549690186977386,0,0.04548270050622369,taglish,comment,True,unanimous,3-0,0,0
t1_p52avp2,0,0.2046596109867096,-1.357421875,0,0.6658558249473572,0,0.2769097876252996,english,comment,True,majority,3-0,0,0
t1_p1vxxtj,0,0.001957016997039318,-6.234375,0,0.007663489785045385,0,0.01202857342181876,english,comment,True,majority,3-0,0,0
t1_p6ssj4r,1,0.1555909961462021,-1.69140625,0,0.5547415614128113,0,0.23218669752281834,tagalog,comment,True,majority,3-0,1,1
t1_p4xi9dm,0,0.06325051933526993,-2.6953125,0,0.30263084173202515,0,0.12944512538062708,english,comment,True,majority,3-0,0,0
t1_p512p7t,0,0.004538431763648987,-5.390625,0,0.028847981244325638,0,0.021631252607868294,taglish,comment,True,majority,3-0,0,0
t1_p2eali7,0,0.011869121342897415,-4.421875,0,0.12714166939258575,0,0.04201772196445243,taglish,comment,True,majority,3-0,0,0
t1_p7bgz34,0,0.010735162533819675,-4.5234375,0,0.1940445601940155,0,0.039220199837230234,english,comment,True,majority,3-0,0,0
t1_p5e54u7,0,0.005301895085722208,-5.234375,0,0.046231962740421295,0,0.024097324222642443,taglish,comment,True,majority,3-0,0,0
t1_p5vt160,0,0.501220703125,0.0048828125,1,0.8083308935165405,0,0.5008631666000243,english,comment,True,adjudicator,2-1,0,1
t1_p4xdfw0,0,0.05665242671966553,-2.8125,0,0.3119237720966339,0,0.120390458784164,english,comment,True,adjudicator,2-1,0,1
t1_p6zrzgl,0,0.047074176371097565,-3.0078125,0,0.3633119761943817,0,0.10651491539011097,tagalog,comment,True,majority,3-0,0,0
t1_p5as21f,0,0.19993212819099426,-1.38671875,0,0.6649494767189026,0,0.2727810323268737,taglish,comment,True,majority,3-0,0,0
t1_p52by2z,1,0.7969253659248352,1.3671875,1,0.9335249662399292,1,0.7244707415533275,english,comment,True,adjudicator,2-1,1,1
t1_p52d63u,1,0.34092390537261963,-0.6591796875,0,0.7564334869384766,0,0.38553726554922685,english,comment,True,adjudicator,2-1,1,0
t1_p52db33,0,0.15102779865264893,-1.7265625,0,0.6992985606193542,0,0.22778442923603634,tagalog,comment,True,majority,3-0,0,0
t1_p4y00zd,1,0.914290726184845,2.3671875,1,0.9716463088989258,1,0.8420890275791318,taglish,comment,True,majority,3-0,1,1
t1_p7lx558,0,0.019870713353157043,-3.8984375,0,0.20858678221702576,0,0.059714336511653594,tagalog,comment,True,adjudicator,2-1,0,0
t1_p654e3s,1,0.8140527606010437,1.4765625,1,0.9129939079284668,1,0.7396378940122784,taglish,comment,True,majority,3-0,1,1
t1_p50rgrk,0,0.0028449094388633966,-5.859375,0,0.023788876831531525,0,0.015623937685376274,taglish,comment,True,majority,3-0,0,0
t1_p4zu3fe,1,0.0222861859947443,-3.78125,0,0.2138979732990265,0,0.06454034316584797,english,comment,True,majority,3-0,1,1
t1_p7dblii,1,0.7122321724891663,0.90625,1,0.8881220817565918,1,0.654937786845426,taglish,comment,True,majority,3-0,1,1
t1_p7itcd7,0,0.0023596608079969883,-6.046875,0,0.044000204652547836,0,0.01371052220303113,english,comment,True,majority,3-0,0,0
t1_p4yqpxn,0,0.016029147431254387,-4.1171875,0,0.10171052813529968,0,0.05159821288471565,english,comment,True,majority,3-0,0,0
t1_p79sagp,0,0.7386690378189087,1.0390625,1,0.9044262766838074,1,0.6758419715550396,tagalog,comment,True,unanimous,3-0,0,0
t1_p50ur90,0,0.004609572235494852,-5.375,0,0.03687376528978348,0,0.021866316694138327,taglish,comment,True,adjudicator,2-1,0,1
t1_p6wcqux,0,0.0027576221618801355,-5.890625,0,0.014458896592259407,0,0.015287700765514126,taglish,comment,True,majority,3-0,0,0
t1_p5ulsqj,0,0.03308597952127457,-3.375,0,0.34712597727775574,0,0.08420907575286526,tagalog,comment,True,adjudicator,2-1,0,0
t1_p4v5v2m,1,0.7866228222846985,1.3046875,1,0.8576732873916626,1,0.7155620883897541,taglish,comment,True,majority,3-0,1,1
t1_p57ou7u,0,0.1710611879825592,-1.578125,0,0.6565343141555786,0,0.24677204616149012,tagalog,comment,True,adjudicator,2-1,0,0
t1_p50t43q,0,0.10230471193790436,-2.171875,0,0.5926784873008728,0,0.17715430782303251,tagalog,comment,True,majority,3-0,0,0
t1_p5vle97,0,0.025371311232447624,-3.6484375,0,0.1913985013961792,0,0.07044754184510031,english,comment,True,majority,3-0,0,0
t1_p515f60,0,0.008251599036157131,-4.7890625,0,0.09963005036115646,0,0.03272389081654877,taglish,comment,True,majority,3-0,0,0
t1_p5biy0d,0,0.053799647837877274,-2.8671875,0,0.32929131388664246,0,0.1163551862498442,taglish,comment,True,majority,3-0,0,0
t1_p51534v,0,0.0059110685251653194,-5.125,0,0.11524571478366852,0,0.02598462040391766,english,comment,True,majority,3-0,0,0
t1_p7lgwwj,1,0.966156005859375,3.3515625,1,0.9756654500961304,1,0.9145040250780553,english,comment,True,adjudicator,2-1,1,0
t1_p7hxwvb,0,0.38144996762275696,-0.4833984375,0,0.8422268629074097,0,0.415368826133061,tagalog,comment,True,unanimous,3-0,0,0
t1_p4zc3np,0,0.5596811771392822,0.2398681640625,1,0.8694496154785156,0,0.5423017372788513,tagalog,comment,True,majority,3-0,0,0
t1_p5ci8s3,0,0.06853749603033066,-2.609375,0,0.38224515318870544,0,0.1364484441000628,taglish,comment,True,majority,3-0,0,0
t1_p74i3ms,0,0.7585106492042542,1.14453125,1,0.846047043800354,1,0.6919615565030409,tagalog,comment,True,adjudicator,2-1,0,0
t1_p7esomd,0,0.014957086183130741,-4.1875,0,0.1423185169696808,0,0.04921873691470499,english,comment,True,majority,3-0,0,0
t1_p308uyb,0,0.023153413087129593,-3.7421875,0,0.3492143750190735,0,0.06622817347358687,english,comment,True,majority,3-0,0,0
t1_p6lbii7,0,0.957912266254425,3.125,1,0.9790521860122681,1,0.9011179729677976,tagalog,comment,True,adjudicator,2-1,0,1
t1_p50q80h,1,0.14033624529838562,-1.8125,0,0.5629656314849854,0,0.21727271223820818,tagalog,comment,True,unanimous,3-0,1,1
t1_p4y9dlh,0,0.02280263788998127,-3.7578125,0,0.15756598114967346,0,0.06554817526201474,tagalog,comment,True,majority,3-0,0,0
t1_p6yi5ig,0,0.010248602367937565,-4.5703125,0,0.09015291929244995,0,0.03799010662644487,tagalog,comment,True,unanimous,3-0,0,0
t3_1vo0u96,0,0.0028449094388633966,-5.859375,0,0.014065909199416637,0,0.015623937685376274,english,submission,True,unanimous,3-0,0,0
t1_p7cjhol,0,0.14414885640144348,-1.78125,0,0.4974070191383362,0,0.22105412987830622,tagalog,comment,True,adjudicator,2-1,0,0
t1_p3dyxlq,0,0.5,0.0,1,0.7864785194396973,0,0.5,english,comment,True,adjudicator,2-1,0,0
t1_p528s5s,0,0.05460060387849808,-2.8515625,0,0.3565034568309784,0,0.11749598446674744,taglish,comment,True,majority,3-0,0,0
t1_p4zxr13,0,0.03676946833729744,-3.265625,0,0.21972326934337616,0,0.09036835489574363,taglish,comment,True,unanimous,3-0,0,0
t1_p4yjlvv,0,0.002800926798954606,-5.875,0,0.018756544217467308,0,0.015454919209503223,english,comment,True,unanimous,3-0,0,0
t1_p5uigtb,0,0.0541987307369709,-2.859375,0,0.4341251850128174,0,0.11692437827488553,tagalog,comment,True,adjudicator,2-1,0,0
t1_p5uss3a,0,0.08850466459989548,-2.33203125,0,0.5578956007957458,0,0.16124480947536485,taglish,comment,True,majority,3-0,0,0
t1_p5xgkt0,0,0.008380454033613205,-4.7734375,0,0.23827916383743286,0,0.033075422061623325,tagalog,comment,True,unanimous,3-0,0,0
t1_p672nng,0,0.9246877431869507,2.5078125,1,0.9683393239974976,1,0.8548664896774785,taglish,comment,True,adjudicator,2-1,0,1
t1_p7c08gd,0,0.08632347732782364,-2.359375,0,0.45210593938827515,0,0.15864695196803164,english,comment,True,unanimous,3-0,0,0
t1_p2xqjcg,0,0.08913693577051163,-2.32421875,0,0.49355077743530273,0,0.1619933380427927,tagalog,comment,True,adjudicator,3-0,0,0
t1_p5jeanf,0,0.011508148163557053,-4.453125,0,0.11327382177114487,0,0.041137211532009055,english,comment,True,adjudicator,2-1,0,0
t1_p6lik38,0,0.03488088399171829,-3.3203125,0,0.2967427372932434,0,0.08723956607260283,english,comment,True,unanimous,3-0,0,0
t1_p42hb3g,0,0.009936419315636158,-4.6015625,0,0.11529365181922913,0,0.037190721031987145,taglish,comment,True,majority,3-0,0,0
t1_p50xb0v,0,0.004264634568244219,-5.453125,0,0.047588855028152466,0,0.020715466009706897,tagalog,comment,True,adjudicator,2-1,0,0
t1_p7eh534,1,0.24006125330924988,-1.15234375,0,0.7701408863067627,0,0.30686219112073493,taglish,comment,True,majority,3-0,1,1
t1_p6sovvg,0,0.0033244371879845858,-5.703125,0,0.029973924160003662,0,0.017417337421760517,taglish,comment,True,unanimous,3-0,0,0
t1_p7c1d3u,0,0.9213575720787048,2.4609375,1,0.9747328162193298,1,0.8507055577098324,tagalog,comment,True,majority,3-0,0,0
t1_p6kdvcq,0,0.24981309473514557,-1.099609375,0,0.6315063238143921,0,0.3148500456761542,english,comment,True,adjudicator,2-1,0,1
t1_p553woc,0,0.005641908384859562,-5.171875,0,0.08184747397899628,0,0.02515877464146465,taglish,comment,True,unanimous,3-0,0,0
t1_p7dezv4,1,0.21900326013565063,-1.271484375,0,0.6475549936294556,0,0.28924057624887517,tagalog,comment,True,majority,3-0,1,1
t1_p6pvx8z,0,0.0038844766095280647,-5.546875,0,0.015492561273276806,0,0.019412533625929863,english,comment,True,majority,3-0,0,0
t1_p5jsjqw,0,0.7193835973739624,0.94140625,1,0.9107221364974976,1,0.6605339863540416,tagalog,comment,True,adjudicator,2-1,0,0
t1_p52bkhz,0,0.3225259780883789,-0.7421875,0,0.7495982646942139,0,0.37172916201561734,tagalog,comment,True,unanimous,3-0,0,0
t1_p4yik6f,0,0.2802222669124603,-0.943359375,0,0.6574589014053345,0,0.3391564070782426,taglish,comment,True,unanimous,3-0,0,0
t1_p7dt5ym,0,0.011331754736602306,-4.46875,0,0.10126107931137085,0,0.04070360507717041,english,comment,True,adjudicator,2-1,0,0
t1_p4nad1v,0,0.0035380858462303877,-5.640625,0,0.04329611361026764,0,0.018190029052986275,english,comment,True,majority,3-0,0,0
t1_p7dqu6v,0,0.8407825827598572,1.6640625,1,0.9476518630981445,1,0.7643485107705797,taglish,comment,True,unanimous,3-0,0,0
t1_p6ct69x,0,0.966156005859375,3.3515625,1,0.9870654940605164,1,0.9145040250780553,tagalog,comment,True,adjudicator,2-1,0,1
t1_p66lqt1,1,0.6482437252998352,0.611328125,1,0.8678606748580933,1,0.606416610402877,english,comment,True,adjudicator,2-1,1,0
t1_p7hv33p,0,0.9863631129264832,4.28125,1,0.9881465435028076,1,0.953792362801651,english,comment,True,adjudicator,2-1,0,1
t1_p4uzwwf,0,0.048496000468730927,-2.9765625,0,0.3524326682090759,0,0.10863624219523085,tagalog,comment,True,adjudicator,2-1,0,0
t1_p3ugq93,0,0.009055264294147491,-4.6953125,0,0.07007983326911926,0,0.03488846862350986,taglish,comment,True,majority,3-0,0,0
t1_p5wvb40,1,0.5288984179496765,0.11572265625,1,0.87961745262146,0,0.5204456615639395,taglish,comment,True,majority,3-0,1,1
t1_p5ega4t,0,0.0023231625091284513,-6.0625,0,0.011868832632899284,0,0.013561917722806668,taglish,comment,True,majority,3-0,0,0
t1_p6dn6gr,0,0.002182716503739357,-6.125,0,0.029628098011016846,0,0.012983223217297994,taglish,comment,True,majority,3-0,0,0
t1_p57jru2,0,0.4732920825481415,-0.10693359375,0,0.7596909403800964,0,0.4811056340385014,taglish,comment,True,majority,3-0,0,0
t1_p50zoeq,0,0.030675798654556274,-3.453125,0,0.384394109249115,0,0.08004556520789122,english,comment,True,adjudicator,2-1,0,1
t1_p511jnd,0,0.03161877021193504,-3.421875,0,0.31311947107315063,0,0.08168793046353949,tagalog,comment,True,adjudicator,2-1,0,0
t1_p5fyfli,0,0.009268012829124928,-4.671875,0,0.07695376873016357,0,0.03545081808373031,taglish,comment,True,unanimous,3-0,0,0
t1_p5d7ghi,0,0.011777843348681927,-4.4296875,0,0.09825597703456879,0,0.04179591942029521,taglish,comment,True,majority,3-0,0,0
t1_p5h36ei,0,0.007518718484789133,-4.8828125,0,0.03187832236289978,0,0.030689338989439978,english,comment,True,unanimous,3-0,0,0
t1_p5j4j5i,0,0.4353613257408142,-0.260009765625,0,0.7549805045127869,0,0.45416537077926866,english,comment,True,majority,3-0,0,0
t1_p7caepw,0,0.49011361598968506,-0.03955078125,0,0.7880111932754517,0,0.4930087992585232,taglish,comment,True,adjudicator,2-1,0,1
t1_p7awc4o,0,0.49389681220054626,-0.0244140625,0,0.8579332828521729,0,0.4956842698942687,taglish,comment,True,unanimous,3-0,0,0
t1_p5j4tbn,0,0.03283695876598358,-3.3828125,0,0.3546644151210785,0,0.08378403285760563,tagalog,comment,True,adjudicator,2-1,0,0
t1_p5jdajk,0,0.04501553252339363,-3.0546875,0,0.22344808280467987,0,0.10340135577527661,english,comment,True,majority,3-0,0,0
t1_p5jpl7i,0,0.6183196306228638,0.482421875,1,0.8429271578788757,1,0.5844634764868041,tagalog,comment,True,adjudicator,2-1,0,0
t1_p5zmp2b,0,0.0030278346966952085,-5.796875,0,0.014046719297766685,0,0.01631838940158481,english,comment,True,majority,3-0,0,0
t1_p71434f,0,0.03817827254533768,-3.2265625,0,0.3645758032798767,0,0.09266471989426481,taglish,comment,True,majority,3-0,0,0
t1_p7bwyv8,0,0.08725224435329437,-2.34765625,0,0.4609430432319641,0,0.15975613696439248,tagalog,comment,True,majority,3-0,0,0
t1_p4xv176,0,0.28776782751083374,-0.90625,0,0.7791999578475952,0,0.34506221315457386,tagalog,comment,True,adjudicator,2-1,0,1
t1_p5u0ko3,1,0.8933094143867493,2.125,1,0.9689792394638062,1,0.8179622212293877,taglish,comment,True,majority,3-0,1,1
t1_p73prx2,0,0.004007288720458746,-5.515625,0,0.06622987240552902,0,0.01983766427133824,tagalog,comment,True,unanimous,3-0,0,0
t1_p4qa2sm,0,0.04885777831077576,-2.96875,0,0.5957014560699463,0,0.10917233946238249,tagalog,comment,True,majority,3-0,0,0
t1_p5yvr39,0,0.03210070729255676,-3.40625,0,0.15003596246242523,0,0.08252057689322384,taglish,comment,True,majority,3-0,0,0
t1_p7kr07r,0,0.0019877743907272816,-6.21875,0,0.006419408600777388,0,0.012160583434445938,taglish,comment,True,majority,3-0,0,0
t1_p22j9y3,0,0.005060331430286169,-5.28125,0,0.07391750812530518,0,0.023330023973580267,taglish,comment,True,majority,3-0,0,0
t1_p6tiok3,0,0.3546565771102905,-0.5986328125,0,0.7671999931335449,0,0.39572799999216796,tagalog,comment,True,adjudicator,3-0,0,0
t1_p3tgelk,0,0.0059110685251653194,-5.125,0,0.06806036829948425,0,0.02598462040391766,taglish,comment,True,unanimous,3-0,0,0
t1_p7c0aey,0,0.34620967507362366,-0.6357421875,0,0.7372993230819702,0,0.3894707085947194,tagalog,comment,True,adjudicator,2-1,0,1
t1_p60kqoy,0,0.018264278769493103,-3.984375,0,0.1725505292415619,0,0.0563922628624932,taglish,comment,True,unanimous,3-0,0,0
t1_p54utcv,0,0.006388320587575436,-5.046875,0,0.07070844620466232,0,0.02742000330378375,taglish,comment,True,majority,3-0,0,0
t1_p7bywd1,0,0.9939963817596436,5.109375,1,0.9951381683349609,1,0.9737342780506497,tagalog,comment,True,adjudicator,2-1,0,1
t1_p7ccwdl,0,0.05582314357161522,-2.828125,0,0.3802914023399353,0,0.11922535409449685,tagalog,comment,True,majority,3-0,0,0
t1_p7dqh3h,0,0.013121269643306732,-4.3203125,0,0.12481661885976791,0,0.045005440308668467,tagalog,comment,True,unanimous,3-0,0,0
t1_p7bdtr2,0,0.007232763804495335,-4.921875,0,0.02545233629643917,0,0.029878238390907273,english,comment,True,majority,3-0,0,0
t1_p5aygr8,0,0.8770562410354614,1.96484375,1,0.9630101919174194,1,0.8004891471407455,english,comment,True,adjudicator,2-1,0,1
t1_p529yaz,1,0.1294027417898178,-1.90625,0,0.424654096364975,0,0.20621025764233245,taglish,comment,True,majority,3-0,1,1
t1_p61md9b,0,0.8349459171295166,1.62109375,1,0.9433339834213257,1,0.7588319561902582,taglish,comment,True,majority,3-0,0,0
t1_p7jp9vw,1,0.3223126530647278,-0.7431640625,0,0.6555528044700623,0,0.37156790445096877,english,comment,True,majority,3-0,1,1
t1_p3jgoea,0,0.0025509123224765062,-5.96875,0,0.02036648988723755,0,0.014477965669714809,english,comment,True,majority,3-0,0,0
t1_p6ye6oi,0,0.023330770432949066,-3.734375,0,0.19715890288352966,0,0.06657062523683223,taglish,comment,True,majority,3-0,0,0
t1_p3j9h5w,0,0.31510335206985474,-0.7763671875,0,0.798133373260498,0,0.3661023648491233,tagalog,comment,True,majority,3-0,0,0
t1_p6zhgxv,0,0.00985985528677702,-4.609375,0,0.05764196440577507,0,0.03699341522860681,english,comment,True,unanimous,3-0,0,0
t1_p6lf4ay,0,0.01615283451974392,-4.109375,0,0.14474189281463623,0,0.051869218363923074,english,comment,True,majority,3-0,0,0
t1_p56w10u,0,0.007011795416474342,-4.953125,0,0.06334633380174637,0,0.029244353425029627,taglish,comment,True,adjudicator,2-1,0,1
t1_p6zhtaw,0,0.8558511734008789,1.78125,1,0.9050049185752869,1,0.7789458701216937,tagalog,comment,True,adjudicator,2-1,0,0
t1_p5ggcn8,0,0.03358950838446617,-3.359375,0,0.1648234874010086,0,0.08506503979536176,tagalog,comment,True,adjudicator,2-1,0,0
t1_p511mfe,1,0.005641908384859562,-5.171875,0,0.05644600838422775,0,0.02515877464146465,english,comment,True,majority,3-0,1,1
t1_p50tyk2,0,0.3591393530368805,-0.5791015625,0,0.7870320081710815,0,0.3990352211937954,tagalog,comment,True,adjudicator,2-1,0,0
t1_p5075a7,0,0.07211221009492874,-2.5546875,0,0.22861723601818085,0,0.1410693156871215,taglish,comment,True,unanimous,3-0,0,0
t1_p5izqte,0,0.04603390395641327,-3.03125,0,0.3213251233100891,0,0.10494794338440919,taglish,comment,True,majority,3-0,0,0
t1_p50tlk3,1,0.05877655744552612,-2.7734375,0,0.715295672416687,0,0.12334627139841443,taglish,comment,True,unanimous,3-0,1,1
t1_p5ghmtr,0,0.004982269834727049,-5.296875,0,0.04412534832954407,0,0.023079596229234063,taglish,comment,True,unanimous,3-0,0,0
t1_p795wwp,0,0.8643104434013367,1.8515625,1,0.923205554485321,1,0.7873880283788545,tagalog,comment,True,adjudicator,2-1,0,1
t1_p5jrtjl,0,0.09467770159244537,-2.2578125,0,0.47934073209762573,0,0.16846932135398743,tagalog,comment,True,adjudicator,2-1,0,0
t1_p41v92a,0,0.015189048834145069,-4.171875,0,0.11390795558691025,0,0.04973834998275411,english,comment,True,majority,3-0,0,0
t1_p66ot4l,0,0.07585818320512772,-2.5,0,0.44421231746673584,0,0.14582024999361923,tagalog,comment,True,unanimous,3-0,0,0
t1_p511qfn,0,0.024237634614109993,-3.6953125,0,0.23591582477092743,0,0.0683076735544845,tagalog,comment,True,unanimous,3-0,0,0
t1_p51gl9y,0,0.19072403013706207,-1.4453125,0,0.7019933462142944,0,0.26463990147141914,taglish,comment,True,unanimous,3-0,0,0
t1_p7fr0mz,0,0.0014103584690019488,-6.5625,0,0.01026988960802555,0,0.0095616411459085,taglish,comment,True,majority,3-0,0,0
t1_p5cmaib,0,0.004681822843849659,-5.359375,0,0.042017027735710144,0,0.022103877481344885,english,comment,True,majority,3-0,0,0
t1_p4zu9sp,0,0.0061929901130497456,-5.078125,0,0.08002015203237534,0,0.026836828561741147,taglish,comment,True,majority,3-0,0,0
t1_p7ebb8d,0,0.50006103515625,0.000244140625,1,0.8477815389633179,0,0.500043158372768,english,comment,True,majority,3-0,0,0
t1_p4ymc90,1,0.08210662752389908,-2.4140625,0,0.5088286995887756,0,0.1535532392310283,taglish,comment,True,adjudicator,2-1,1,1
t1_p7fqgd4,0,0.0012843081494793296,-6.65625,0,0.00959698110818863,0,0.00895383209919784,taglish,comment,True,majority,3-0,0,0
t1_p7j0b2g,0,0.07211221009492874,-2.5546875,0,0.3804895877838135,0,0.1410693156871215,taglish,comment,True,majority,3-0,0,0
t1_p4t0wfe,0,0.016914913430809975,-4.0625,0,0.14858978986740112,0,0.05352370434051187,taglish,comment,True,unanimous,3-0,0,0
t1_p7c0vbg,0,0.5463750958442688,0.18603515625,1,0.7939493656158447,0,0.532839337980819,tagalog,comment,True,unanimous,3-0,0,0
t1_p7fqfds,0,0.0012255674228072166,-6.703125,0,0.008815755136311054,0,0.008664445570854941,taglish,comment,True,majority,3-0,0,0
t1_p7jfdw5,0,0.49475112557411194,-0.02099609375,0,0.8888373374938965,0,0.4962884481068827,taglish,comment,True,majority,3-0,0,0
t1_p7btcun,1,0.3345894515514374,-0.6875,0,0.7690027952194214,0,0.38080426955235286,english,comment,True,adjudicator,2-1,1,1
t1_p5806ih,0,0.5579638481140137,0.23290252685546875,1,0.8305298686027527,0,0.5410789364292222,taglish,comment,True,majority,3-0,0,0
t1_p3sk4b3,0,0.055005285888910294,-2.84375,0,0.44044655561447144,0,0.11807001143962172,taglish,comment,True,adjudicator,2-1,0,0
t1_p443qv0,0,0.8381505608558655,1.64453125,1,0.958880603313446,1,0.7618518578995513,tagalog,comment,True,adjudicator,2-1,0,0
t1_p2xcnn1,1,0.6851073503494263,0.77734375,1,0.889944314956665,1,0.6340578735290582,tagalog,comment,True,adjudicator,2-1,1,0
t1_p2en8px,1,0.3293917179107666,-0.7109375,0,0.8475880026817322,0,0.3769043193109894,taglish,comment,True,adjudicator,2-1,1,0
t1_p329ec5,0,0.11757213622331619,-2.015625,0,0.5539196729660034,0,0.1938379766180714,taglish,comment,True,majority,3-0,0,0
t1_p6snx3u,0,0.015424554236233234,-4.15625,0,0.20834825932979584,0,0.05026315872008512,taglish,comment,True,majority,3-0,0,0
t1_p2ekfwh,0,0.02080449089407921,-3.8515625,0,0.2526077628135681,0,0.06160280159358349,taglish,comment,True,unanimous,3-0,0,0
t1_p6ztcaf,0,0.6905590891838074,0.802734375,1,0.8991679549217224,1,0.6382135720450249,tagalog,comment,True,adjudicator,2-1,0,0
t1_p4y0k5c,0,0.38029852509498596,-0.48828125,0,0.7859597206115723,0,0.41453063395618645,taglish,comment,True,adjudicator,2-1,0,0
t1_p7djyfl,0,0.09203286468982697,-2.2890625,0,0.46325287222862244,0,0.16539643428183767,english,comment,True,unanimous,3-0,0,0
t1_p5vbnnd,0,0.18476749956607819,-1.484375,0,0.3908705413341522,0,0.2592996858131928,english,comment,True,majority,3-0,0,0
t1_p62kt14,0,0.8175745010375977,1.5,1,0.9324209094047546,1,0.7428166847731931,taglish,comment,True,unanimous,3-0,0,0
t1_p3kh189,0,0.1475551873445511,-1.75390625,0,0.6890169382095337,0,0.2244013482883256,taglish,comment,True,majority,3-0,0,0
t1_p54yl6m,0,0.08419108390808105,-2.38671875,0,0.5680702924728394,0,0.1560831605121485,taglish,comment,True,unanimous,3-0,0,0
t1_p72vvgz,0,0.013121269643306732,-4.3203125,0,0.12386652827262878,0,0.045005440308668467,taglish,comment,True,majority,3-0,0,0
t1_p5jqit3,1,0.03258974477648735,-3.390625,0,0.3156842589378357,0,0.08336094006737177,tagalog,comment,True,adjudicator,2-1,1,0
t1_p50o056,0,0.018124721944332123,-3.9921875,0,0.1700916290283203,0,0.05609902370596736,tagalog,comment,True,adjudicator,2-1,0,0
t1_p50ot47,0,0.001867565792053938,-6.28125,0,0.014655436389148235,0,0.011640978984996535,taglish,comment,True,majority,3-0,0,0
t1_p5yaz5j,1,0.06656918674707413,-2.640625,0,0.5386841893196106,0,0.13386559271915938,taglish,comment,True,unanimous,3-0,1,1
t1_p5jp4g2,0,0.01678548939526081,-4.0703125,0,0.25120967626571655,0,0.0532445399719571,tagalog,comment,True,adjudicator,2-1,0,1
t1_p7caxx2,0,0.058345843106508255,-2.78125,0,0.23365357518196106,0,0.12275016288201333,english,comment,True,majority,3-0,0,0
t1_p7ay10d,0,0.00985985528677702,-4.609375,0,0.060854725539684296,0,0.03699341522860681,english,comment,True,adjudicator,2-1,0,0
t1_p50qxp2,0,0.0030753696337342262,-5.78125,0,0.025183139368891716,0,0.01649669275652105,tagalog,comment,True,unanimous,3-0,0,0
t1_p50otmx,0,0.008916127495467663,-4.7109375,0,0.09375442564487457,0,0.03451835590885907,taglish,comment,True,majority,3-0,0,0
t1_p5j5o0f,0,0.0061929901130497456,-5.078125,0,0.04587526246905327,0,0.026836828561741147,english,comment,True,majority,3-0,0,0
t1_p7co4a6,0,0.15713684260845184,-1.6796875,0,0.7067666053771973,0,0.23366724258178811,tagalog,comment,True,adjudicator,2-1,0,1
t1_p50vhpd,0,0.005220125894993544,-5.25,0,0.041633911430835724,0,0.02383886120432118,english,comment,True,majority,3-0,0,0
t3_1vru86k,0,0.001838665222749114,-6.296875,0,0.011018283665180206,0,0.011514543824138487,taglish,submission,True,unanimous,3-0,0,0
t1_p5cztqu,0,0.5496405959129333,0.19921875,1,0.6685466766357422,0,0.535159109876774,english,comment,True,unanimous,3-0,0,0
t1_p6s2v2j,0,0.0037654140032827854,-5.578125,0,0.021382546052336693,0,0.018996337160091005,tagalog,comment,True,adjudicator,3-0,0,0
t1_p3zai10,0,0.012527931481599808,-4.3671875,0,0.10004638880491257,0,0.043602134593122344,english,comment,True,adjudicator,2-1,0,0
t1_p3ytqc1,0,0.0037072529084980488,-5.59375,0,0.03489384800195694,0,0.0187915327836616,taglish,comment,True,adjudicator,2-1,0,0
t1_p3ee9pz,0,0.013222821988165379,-4.3125,0,0.10239194333553314,0,0.04524347092276181,english,comment,True,adjudicator,2-1,0,0
t1_p64adfn,0,0.028652667999267578,-3.5234375,0,0.3797265887260437,0,0.07645998831886903,taglish,comment,True,majority,3-0,0,0
t1_p3ajors,0,0.06804042309522629,-2.6171875,0,0.5643621683120728,0,0.13579882401326915,taglish,comment,True,unanimous,3-0,0,0
t1_p662zhu,0,0.0036499870475381613,-5.609375,0,0.02127239666879177,0,0.01858889461568454,english,comment,True,majority,3-0,0,0
t1_p504c8n,0,0.007232763804495335,-4.921875,0,0.08492743968963623,0,0.029878238390907273,taglish,comment,True,adjudicator,2-1,0,0
t1_p5tzv8z,0,0.0055549247190356255,-5.1875,0,0.07427570223808289,0,0.024889217079120923,english,comment,True,adjudicator,2-1,0,0
t1_p7h260s,0,0.7352616786956787,1.021484375,1,0.9283856153488159,1,0.6731129677458156,taglish,comment,True,adjudicator,2-1,0,1
t1_p7fqdou,0,0.0012448433553799987,-6.6875,0,0.007837672717869282,0,0.008759862636132385,taglish,comment,True,majority,3-0,0,0
t1_p5tcpzm,0,0.018124721944332123,-3.9921875,0,0.1734839677810669,0,0.05609902370596736,english,comment,True,majority,3-0,0,0
t1_p5ww411,0,0.6731916666030884,0.72265625,1,0.8796097636222839,1,0.6250397283165086,tagalog,comment,True,adjudicator,2-1,0,0
t1_p5w2ru1,0,0.351311057806015,-0.61328125,0,0.8016961812973022,0,0.3932538110010499,taglish,comment,True,majority,3-0,0,0
t1_p73jzmm,0,0.026963496580719948,-3.5859375,0,0.34285545349121094,0,0.07339709688751817,tagalog,comment,True,unanimous,3-0,0,0
t1_p47w6yp,0,0.005469274707138538,-5.203125,0,0.037577975541353226,0,0.024622474677955537,english,comment,True,adjudicator,2-1,0,0
t1_p50smq7,0,0.004755199886858463,-5.34375,0,0.029878154397010803,0,0.02234396022753802,tagalog,comment,True,adjudicator,2-1,0,0
t1_p7cft2t,0,0.7287483215332031,0.98828125,1,0.8954622149467468,1,0.6679261819395572,taglish,comment,True,majority,3-0,0,0
t1_p513bko,0,0.003172682598233223,-5.75,0,0.021991059184074402,0,0.01685906493442356,taglish,comment,True,unanimous,3-0,0,0
t1_p5gpnf9,0,0.012527931481599808,-4.3671875,0,0.11232193559408188,0,0.043602134593122344,english,comment,True,majority,3-0,0,0
t1_p6x8ch6,0,0.9268352389335632,2.5390625,1,0.9753483533859253,1,0.8575866295664314,english,comment,True,adjudicator,2-1,0,1
t1_p1n67hr,0,0.5299932360649109,0.1201171875,1,0.9158145189285278,0,0.5212211634094747,tagalog,comment,True,majority,3-0,0,0
t1_p50z6j3,0,0.0013250225456431508,-6.625,0,0.005048573948442936,0,0.009152056968169646,tagalog,comment,True,majority,3-0,0,0
t1_p50ywx0,0,0.004609572235494852,-5.375,0,0.025661155581474304,0,0.021866316694138327,tagalog,comment,True,majority,3-0,0,0
t1_p50mycw,0,0.005469274707138538,-5.203125,0,0.06536702066659927,0,0.024622474677955537,tagalog,comment,True,adjudicator,2-1,0,1
t1_p51curi,0,0.014842418022453785,-4.1953125,0,0.15338149666786194,0,0.04896086451759548,taglish,comment,True,unanimous,3-0,0,0
t1_p5jbgzc,0,0.03649376332759857,-3.2734375,0,0.190726637840271,0,0.08991527561173598,english,comment,True,majority,3-0,0,0
t1_p75ugjy,0,0.06278920918703079,-2.703125,0,0.45208391547203064,0,0.12882387356573421,english,comment,True,adjudicator,2-1,0,1
t1_p5snnjd,0,0.004399413242936134,-5.421875,0,0.04202484339475632,0,0.02116851463722092,taglish,comment,True,unanimous,3-0,0,0
t1_p5jkeug,0,0.05707139894366264,-2.8046875,0,0.3336038291454315,0,0.1209766882278711,english,comment,True,majority,3-0,0,0
t1_p50l7qq,0,0.022457052022218704,-3.7734375,0,0.18446902930736542,0,0.06487467386350963,taglish,comment,True,unanimous,3-0,0,0
t1_p7cxh0u,0,0.11201595515012741,-2.0703125,0,0.590324878692627,0,0.1878666713983347,tagalog,comment,True,adjudicator,2-1,0,0
t1_p40a7jv,0,0.15203222632408142,-1.71875,0,0.7110077738761902,0,0.22875760233348827,taglish,comment,True,majority,3-0,0,0
t1_p6983uo,0,0.879974365234375,1.9921875,1,0.9375818967819214,1,0.8035591280470956,english,comment,True,majority,3-0,0,0
t1_p6xm8kn,0,0.008187909610569477,-4.796875,0,0.07582314312458038,0,0.03254948149163486,tagalog,comment,True,unanimous,3-0,0,0
t1_p67t812,1,0.6386099457740784,0.5693359375,1,0.8936128616333008,1,0.5993076874073847,tagalog,comment,True,adjudicator,2-1,1,1
t1_p2u3sec,0,0.019419347867369652,-3.921875,0,0.1760265827178955,0,0.0587905589645794,english,comment,True,majority,3-0,0,0
t1_p6xrpst,1,0.9849274158477783,4.1796875,1,0.9930665493011475,1,0.950522103157821,taglish,comment,True,unanimous,3-0,1,1
t1_p3yxqce,0,0.002800926798954606,-5.875,0,0.03143822401762009,0,0.015454919209503223,english,comment,True,majority,3-0,0,0
t1_p6st88k,0,0.0013250225456431508,-6.625,0,0.00697788130491972,0,0.009152056968169646,english,comment,True,majority,3-0,0,0
t1_p675nm5,0,0.04501553252339363,-3.0546875,0,0.18977293372154236,0,0.10340135577527661,tagalog,comment,True,adjudicator,2-1,0,0
t1_p7btsz7,0,0.02779562398791313,-3.5546875,0,0.3803114593029022,0,0.07491415807570487,english,comment,True,adjudicator,2-1,0,0
t1_p7laobn,0,0.0032730652019381523,-5.71875,0,0.05350314825773239,0,0.017229257662342803,taglish,comment,True,unanimous,3-0,0,0
t1_p6dqj48,0,0.004264634568244219,-5.453125,0,0.04565345495939255,0,0.020715466009706897,taglish,comment,True,majority,3-0,0,0
t1_p4xjlv4,0,0.004264634568244219,-5.453125,0,0.048936277627944946,0,0.020715466009706897,tagalog,comment,True,adjudicator,2-1,0,0
t1_p5tpgil,0,0.2716379463672638,-0.986328125,0,0.6609064340591431,0,0.33238021103823434,taglish,comment,True,unanimous,3-0,0,0
t1_p4buqxh,0,0.005384938325732946,-5.21875,0,0.025363314896821976,0,0.024358519593292292,taglish,comment,True,majority,3-0,0,0
t1_p7bty2p,0,0.29828691482543945,-0.85546875,0,0.7398276329040527,0,0.35322168127054276,english,comment,True,unanimous,3-0,0,0
t1_p5rg1sr,0,0.30923229455947876,-0.8037109375,0,0.7787867784500122,0,0.36162700095018996,tagalog,comment,True,adjudicator,2-1,0,0
t1_p526zym,0,0.1155608743429184,-2.03515625,0,0.6020281314849854,0,0.19168897415937572,english,comment,True,majority,3-0,0,0
t1_p5tvtlf,0,0.028652667999267578,-3.5234375,0,0.4299268424510956,0,0.07645998831886903,taglish,comment,True,unanimous,3-0,0,0
t1_p5gotk3,0,0.0035380858462303877,-5.640625,0,0.028010336682200432,0,0.018190029052986275,tagalog,comment,True,majority,3-0,0,0
t1_p1n3zw1,1,0.5906611680984497,0.36669921875,1,0.9167361259460449,1,0.5644631032601531,taglish,comment,True,majority,3-0,1,1
t1_p6xjdge,0,0.2802222669124603,-0.943359375,0,0.726830244064331,0,0.3391564070782426,tagalog,comment,True,adjudicator,2-1,0,1
t1_p7aip8y,1,0.41140639781951904,-0.358154296875,0,0.8260036706924438,0,0.4370229058695873,english,comment,True,majority,3-0,1,1
t1_p514bpv,0,0.001674399245530367,-6.390625,0,0.00983184389770031,0,0.0107839454082915,taglish,comment,True,majority,3-0,0,0
t1_p7cfx5q,1,0.8438951373100281,1.6875,1,0.9468348026275635,1,0.7673205156279439,taglish,comment,True,unanimous,3-0,1,1
t1_p7ciimw,0,0.024798156693577766,-3.671875,0,0.4035636782646179,0,0.06936997202004999,tagalog,comment,True,majority,3-0,0,0
t1_p50phbt,0,0.03817827254533768,-3.2265625,0,0.4509126543998718,0,0.09266471989426481,tagalog,comment,True,majority,3-0,0,0
t1_p51eff3,0,0.2825919985771179,-0.931640625,0,0.7634385824203491,0,0.34101610212060585,english,comment,True,adjudicator,2-1,0,1
t1_p4vytmv,0,0.31552502512931824,-0.7744140625,0,0.6894901990890503,0,0.3664229304783774,taglish,comment,True,adjudicator,2-1,0,0
t1_p73eubo,0,0.00985985528677702,-4.609375,0,0.1409837305545807,0,0.03699341522860681,english,comment,True,unanimous,3-0,0,0
t1_p73a0c6,0,0.13799647986888885,-1.83203125,0,0.4845092296600342,0,0.21493316748540986,english,comment,True,majority,3-0,0,0
t1_p6ztw6a,0,0.001032231142744422,-6.875,0,0.0029433611780405045,0,0.007680510381857505,taglish,comment,True,unanimous,3-0,0,0
t1_p7bjopj,0,0.4058607816696167,-0.381103515625,0,0.8303677439689636,0,0.43303454261669305,tagalog,comment,True,adjudicator,2-1,0,0
t1_p5auhss,0,0.2509128153324127,-1.09375,0,0.8319618701934814,0,0.3157445003734718,taglish,comment,True,majority,3-0,0,0
t1_p523kr1,0,0.7041601538658142,0.8671875,1,0.8882331252098083,1,0.6486690888028777,taglish,comment,True,majority,3-0,0,0
t1_p5tb46k,0,0.47539225220680237,-0.0985107421875,0,0.8324737548828125,0,0.4825926346194952,tagalog,comment,True,adjudicator,2-1,0,1
t1_p55xlgr,0,0.047074176371097565,-3.0078125,0,0.2129090130329132,0,0.10651491539011097,taglish,comment,True,majority,3-0,0,0
t1_p5aw3tu,1,0.7697731852531433,1.20703125,1,0.9465305209159851,1,0.7013008277860385,english,comment,True,adjudicator,2-1,1,0
t1_p52arsg,0,0.7045668363571167,0.869140625,1,0.8913264274597168,1,0.6489837660745033,tagalog,comment,True,unanimous,3-0,0,0
t1_p529zr7,0,0.8832359910011292,2.0234375,1,0.9523947238922119,1,0.8070238129284973,tagalog,comment,True,adjudicator,3-0,0,1
t1_p5eoshj,0,0.0025909794494509697,-5.953125,0,0.012116238474845886,0,0.014636458795106872,taglish,comment,True,unanimous,3-0,0,0
t1_p5epg3o,0,0.3776554465293884,-0.49951171875,0,0.7506871223449707,0,0.41260467625097413,taglish,comment,True,unanimous,3-0,0,0
t1_p79g9zv,0,0.49584972858428955,-0.0166015625,0,0.8547462821006775,0,0.4970652643464121,tagalog,comment,True,adjudicator,2-1,0,1
t1_p5j7yfm,0,0.004133968148380518,-5.484375,0,0.019855758175253868,0,0.02027191272024212,english,comment,True,unanimous,3-0,0,0
t1_p4z5sar,0,0.08725224435329437,-2.34765625,0,0.5781211256980896,0,0.15975613696439248,taglish,comment,True,majority,3-0,0,0
t1_p4ylnw4,0,0.14953139424324036,-1.73828125,0,0.7548844814300537,0,0.2263301497773908,english,comment,True,adjudicator,2-1,0,0
t1_p557xy3,0,0.0032224843744188547,-5.734375,0,0.03753910958766937,0,0.01704317363988056,taglish,comment,True,majority,3-0,0,0
t1_p7jvqnh,1,0.31111282110214233,-0.794921875,0,0.7427861094474792,0,0.36306293717703003,taglish,comment,True,adjudicator,2-1,1,1
t1_p6dh1op,0,0.006589771714061499,-5.015625,0,0.02107912302017212,0,0.028015485840151812,taglish,comment,True,majority,3-0,0,0
t1_p6yjz0t,0,0.01652955636382103,-4.0859375,0,0.15653342008590698,0,0.052690328990979494,taglish,comment,True,majority,3-0,0,0
t1_p7bloxw,0,0.27009502053260803,-0.994140625,0,0.747626781463623,0,0.3311554923955717,tagalog,comment,True,adjudicator,2-1,0,0
t1_p56v6eg,0,0.28140562772750854,-0.9375,0,0.8240948915481567,0,0.34008563852258733,tagalog,comment,True,adjudicator,2-1,0,0
t3_1vtf1ir,0,0.31447142362594604,-0.779296875,0,0.7967472076416016,0,0.36562173873734316,taglish,submission,True,unanimous,3-0,0,0
t1_p5wheic,0,0.043042849749326706,-3.1015625,0,0.3332541882991791,0,0.10036858541889822,tagalog,comment,True,majority,3-0,0,0
t1_p5vve2z,0,0.4608954191207886,-0.15673828125,0,0.7917477488517761,0,0.47232065195977,tagalog,comment,True,majority,3-0,0,0
t1_p2wxq4y,0,0.005139610730111599,-5.265625,0,0.031385716050863266,0,0.023583103416054976,english,comment,True,majority,3-0,0,0
t1_p5vdc64,0,0.2841785252094269,-0.923828125,0,0.7259820699691772,0,0.3422586273375464,taglish,comment,True,majority,3-0,0,0
t1_p3go668,0,0.004982269834727049,-5.296875,0,0.06499521434307098,0,0.023079596229234063,taglish,comment,True,majority,3-0,0,0
t1_p46fcya,0,0.15052762627601624,-1.73046875,0,0.7265955805778503,0,0.22729893852257882,tagalog,comment,True,majority,3-0,0,0
t1_p6qp4nw,0,0.013020490296185017,-4.328125,0,0.13305768370628357,0,0.04476860327781515,english,comment,True,adjudicator,2-1,0,0
t1_p7hxnp1,1,0.9942697286605835,5.15625,1,0.9938970804214478,1,0.9745688245467757,tagalog,comment,True,adjudicator,2-1,1,1
t1_p510nhq,0,0.0030278346966952085,-5.796875,0,0.019979149103164673,0,0.01631838940158481,taglish,comment,True,unanimous,3-0,0,0
t1_p5uu94b,0,0.6406359076499939,0.578125,1,0.8666509389877319,1,0.6007991730002272,taglish,comment,True,majority,3-0,0,0
t1_p7c3qb0,0,0.010902374982833862,-4.5078125,0,0.07393880188465118,0,0.03963865686919409,english,comment,True,adjudicator,2-1,0,0
t1_p6jlewd,0,0.09807931631803513,-2.21875,0,0.394869327545166,0,0.1723742362430846,taglish,comment,True,unanimous,3-0,0,0
t1_p7aku5r,0,0.0020507436711341143,-6.1875,0,0.025276318192481995,0,0.012428910796098137,tagalog,comment,True,majority,3-0,0,0
t1_p7hzedt,1,0.7563575506210327,1.1328125,1,0.9393424987792969,1,0.6901924985524973,taglish,comment,True,adjudicator,2-1,1,1
t1_p3swi1k,0,0.27904197573661804,-0.94921875,0,0.7637929320335388,0,0.33822841330147285,english,comment,True,adjudicator,2-1,0,1
t1_p5jg2n8,0,0.02517884038388729,-3.65625,0,0.11750796437263489,0,0.07008664396298057,english,comment,True,adjudicator,2-1,0,1
t1_p7cbxzz,1,0.1937568634748459,-1.42578125,0,0.7159274816513062,0,0.26733625894504787,taglish,comment,True,majority,3-0,1,1
t1_p3wh3er,0,0.004133968148380518,-5.484375,0,0.06883715093135834,0,0.02027191272024212,english,comment,True,majority,3-0,0,0
t1_p5jciof,0,0.4525359272956848,-0.1904296875,0,0.8466739654541016,0,0.46638724194542536,tagalog,comment,True,adjudicator,2-1,0,1
t1_p5jjfdb,1,0.9433475732803345,2.8125,1,0.9478421211242676,1,0.8796095412158361,english,comment,True,majority,3-0,1,1
t1_p5tt9xs,0,0.015189048834145069,-4.171875,0,0.23060248792171478,0,0.04973834998275411,tagalog,comment,True,adjudicator,2-1,0,1
t1_p4vucbg,0,0.11162799596786499,-2.07421875,0,0.5520056486129761,0,0.18744560792606826,taglish,comment,True,adjudicator,2-1,0,0
t1_p597dk7,0,0.9559813141822815,3.078125,1,0.9836815595626831,1,0.898125034363108,tagalog,comment,True,adjudicator,2-1,0,1
t1_p7eim2d,0,0.7260372638702393,0.974609375,1,0.9047180414199829,1,0.665778458223998,english,comment,True,adjudicator,2-1,0,1
t1_p5wpn1w,0,0.001838665222749114,-6.296875,0,0.014470643363893032,0,0.011514543824138487,english,comment,True,majority,3-0,0,0
t1_p63tfur,0,0.1200256198644638,-1.9921875,0,0.6068205833435059,0,0.19644087195290436,taglish,comment,True,majority,3-0,0,0
t1_p5yys8z,0,0.9469902515411377,2.8828125,1,0.9838833808898926,1,0.8847759818441674,taglish,comment,True,adjudicator,2-1,0,0
t1_p50ze4w,0,0.025371311232447624,-3.6484375,0,0.2508242130279541,0,0.07044754184510031,taglish,comment,True,unanimous,3-0,0,0
t1_p50yer2,0,0.0541987307369709,-2.859375,0,0.5043051242828369,0,0.11692437827488553,tagalog,comment,True,adjudicator,2-1,0,1
t1_p5260rt,0,0.004468384198844433,-5.40625,0,0.059847861528396606,0,0.02139866019103284,taglish,comment,True,unanimous,3-0,0,0
t1_p4wdodj,0,0.3440025746822357,-0.6455078125,0,0.7709755301475525,0,0.38782999309333593,taglish,comment,True,majority,3-0,0,0
t1_p3sm0u5,0,0.0020190139766782522,-6.203125,0,0.021909378468990326,0,0.012294024189592136,english,comment,True,unanimous,3-0,0,0
t1_p5i4onv,0,0.006692850962281227,-5.0,0,0.030606988817453384,0,0.028317918542645672,english,comment,True,unanimous,3-0,0,0
t1_p3zag6i,0,0.008380454033613205,-4.7734375,0,0.09511902183294296,0,0.033075422061623325,taglish,comment,True,unanimous,3-0,0,0
t1_p4nxmd0,0,0.00407013762742281,-5.5,0,0.034167610108852386,0,0.02005363716108665,taglish,comment,True,unanimous,3-0,0,0
t1_p5j44e0,0,0.2579519748687744,-1.056640625,0,0.639439582824707,0,0.3214409277464948,english,comment,True,majority,3-0,0,0
t1_p40a6mn,0,0.5409238934516907,0.1640625,1,0.8759043216705322,0,0.5289699434576597,taglish,comment,True,majority,3-0,0,0
t1_p5106mx,0,0.022629201412200928,-3.765625,0,0.13785794377326965,0,0.06521061572509834,taglish,comment,True,unanimous,3-0,0,0
t1_p6wt3pv,0,0.04603390395641327,-3.03125,0,0.2553674876689911,0,0.10494794338440919,tagalog,comment,True,unanimous,3-0,0,0
t1_p56ibxk,0,0.1830088496208191,-1.49609375,0,0.7271159887313843,0,0.257711347633107,taglish,comment,True,majority,3-0,0,0
t1_p56ql9t,0,0.40203991532325745,-0.39697265625,0,0.8155050277709961,0,0.43028166580019483,tagalog,comment,True,adjudicator,2-1,0,0
t1_p6zbv2w,0,0.09073548763990402,-2.3046875,0,0.5432958006858826,0,0.1638769212469381,tagalog,comment,True,majority,3-0,0,0
t1_p50qazc,0,0.19868534803390503,-1.39453125,0,0.6788623332977295,0,0.27168655063075653,taglish,comment,True,majority,3-0,0,0
t1_p2i2s4z,0,0.356894850730896,-0.5888671875,0,0.7871634364128113,0,0.39738043881125595,tagalog,comment,True,adjudicator,2-1,0,1
t3_1vqup6x,0,0.012241275049746037,-4.390625,0,0.12810787558555603,0,0.04291623551910936,taglish,submission,True,majority,3-0,0,0
t1_p50nfxt,0,0.009633651934564114,-4.6328125,0,0.08596068620681763,0,0.03640751948129751,taglish,comment,True,unanimous,3-0,0,0
t1_p5j5ruw,0,0.017442483454942703,-4.03125,0,0.16640669107437134,0,0.054654226373916,english,comment,True,majority,3-0,0,0
t1_p5105ff,0,0.016029147431254387,-4.1171875,0,0.23766784369945526,0,0.05159821288471565,taglish,comment,True,adjudicator,2-1,0,1
t1_p7hvqsj,1,0.07864238321781158,-2.4609375,0,0.3297867476940155,0,0.1492944422901677,taglish,comment,True,majority,3-0,1,1
t1_p578g2e,0,0.037047166377305984,-3.2578125,0,0.39171668887138367,0,0.0908234893864755,tagalog,comment,True,adjudicator,2-1,0,1
t1_p75mm8u,0,0.05582314357161522,-2.828125,0,0.2684229016304016,0,0.11922535409449685,english,comment,True,unanimous,3-0,0,0
t1_p4vdp3z,0,0.004905405919998884,-5.3125,0,0.039403434842824936,0,0.022831793770536908,tagalog,comment,True,majority,3-0,0,0
t3_1vmfbdz,0,0.0029810327105224133,-5.8125,0,0.0127551956102252,0,0.016141981595754997,english,submission,True,unanimous,3-0,0,0
t1_p75urn9,0,0.0832919254899025,-2.3984375,0,0.4188250005245209,0,0.15499477285131677,taglish,comment,True,majority,3-0,0,0
t1_p765db7,0,0.11961366981267929,-1.99609375,0,0.5171949863433838,0,0.19600522923185948,tagalog,comment,True,majority,3-0,0,0
t1_p516jn6,0,0.007815889082849026,-4.84375,0,0.08575598895549774,0,0.031521742980397005,taglish,comment,True,adjudicator,2-1,0,0
t1_p7c552a,0,0.014615669846534729,-4.2109375,0,0.24973523616790771,0,0.048448959669690844,taglish,comment,True,majority,3-0,0,0
t1_p5cq7f6,0,0.0013458605390042067,-6.609375,0,0.007408931385725737,0,0.00925279372596265,taglish,comment,True,majority,3-0,0,0
t1_p4qxogw,0,0.017045317217707634,-4.0546875,0,0.24414464831352234,0,0.05380424920396059,taglish,comment,True,majority,3-0,0,0
t1_p7ixk6w,0,0.007755536586046219,-4.8515625,0,0.13228081166744232,0,0.031353533090431686,english,comment,True,majority,3-0,0,0
t1_p7bzpp6,0,0.28937169909477234,-0.8984375,0,0.6604683995246887,0,0.34631173328809195,taglish,comment,True,majority,3-0,0,0
t1_p45oevp,1,0.651576578617096,0.6259765625,1,0.9243178367614746,1,0.6088860694738991,taglish,comment,True,unanimous,3-0,1,1
t1_p3tyawx,0,0.015424554236233234,-4.15625,0,0.1846606433391571,0,0.05026315872008512,taglish,comment,True,unanimous,3-0,0,0
t1_p6zagp1,0,0.49218809604644775,-0.03125,0,0.8148285746574402,0,0.49447595304419695,tagalog,comment,True,unanimous,3-0,0,0
t1_p6yn152,0,0.08540366590023041,-2.37109375,0,0.47466468811035156,0,0.15754402409728333,taglish,comment,True,majority,3-0,0,0
t1_p51d5nz,0,0.02145073004066944,-3.8203125,0,0.17083272337913513,0,0.06289263018010598,tagalog,comment,True,adjudicator,2-1,0,1
t1_p5cpzje,0,0.001524786464869976,-6.484375,0,0.006140382029116154,0,0.010099229882113316,taglish,comment,True,majority,3-0,0,0
t1_p5js95j,0,0.012336100451648235,-4.3828125,0,0.12085402011871338,0,0.043143715665271386,taglish,comment,True,unanimous,3-0,0,0
t1_p50hcv3,0,0.02909075655043125,-3.5078125,0,0.2949241101741791,0,0.07724382861036222,tagalog,comment,True,adjudicator,2-1,0,1
t1_p7bzsrc,1,0.08787644654512405,-2.33984375,0,0.6334041953086853,0,0.16049907722424334,taglish,comment,True,majority,3-0,1,1
t1_p518aau,0,0.0023231625091284513,-6.0625,0,0.018956804648041725,0,0.013561917722806668,tagalog,comment,True,majority,3-0,0,0
t1_p52c6t1,0,0.19314739108085632,-1.4296875,0,0.8202487230300903,0,0.26679559386933593,taglish,comment,True,unanimous,3-0,0,0
t1_p7iho1b,0,0.09301680326461792,-2.27734375,0,0.4797545373439789,0,0.16654346751783994,tagalog,comment,True,adjudicator,2-1,0,1
t1_p50ntt4,0,0.0034834241960197687,-5.65625,0,0.024551402777433395,0,0.017993758241836036,taglish,comment,True,majority,3-0,0,0
t1_p5x9hvv,1,0.29624688625335693,-0.865234375,0,0.7127008438110352,0,0.3516457177156681,taglish,comment,True,majority,3-0,1,1
t1_p5yu54t,0,0.043365802615880966,-3.09375,0,0.2651156187057495,0,0.10086850043402094,taglish,comment,True,unanimous,3-0,0,0
t1_p54v0v7,0,0.010013570077717304,-4.59375,0,0.05087796598672867,0,0.03738903831609814,taglish,comment,True,majority,3-0,0,0
t1_p5jpa6i,0,0.6451199054718018,0.59765625,1,0.8968786597251892,1,0.6041068625665588,tagalog,comment,True,adjudicator,2-1,0,1
t1_p6sobzl,0,0.010652512311935425,-4.53125,0,0.14546707272529602,0,0.039012563424763926,taglish,comment,True,unanimous,3-0,0,0
t1_p4z1uqb,0,0.0029349515680223703,-5.828125,0,0.012028651311993599,0,0.01596744986773952,english,comment,True,majority,3-0,0,0
t1_p4zcfir,0,0.005641908384859562,-5.171875,0,0.08260999619960785,0,0.02515877464146465,taglish,comment,True,unanimous,3-0,0,0
t1_p5b6f98,0,0.38834255933761597,-0.45428466796875,0,0.7556180953979492,0,0.4203765602380627,english,comment,True,majority,3-0,0,0
t1_p59m8pm,0,0.00941259041428566,-4.65625,0,0.07803574204444885,0,0.035830557800914806,taglish,comment,True,majority,3-0,0,0
t1_p6czv9s,0,0.020332353189587593,-3.875,0,0.2734684944152832,0,0.060651694027855634,tagalog,comment,True,adjudicator,2-1,0,0
t1_p7krx9f,0,0.005730246659368277,-5.15625,0,0.052996888756752014,0,0.025431175453224215,english,comment,True,majority,3-0,0,0
t1_p40ml3x,0,0.14175598323345184,-1.80078125,0,0.578417181968689,0,0.218685243658728,taglish,comment,True,majority,3-0,0,0
t1_p3z5zjv,0,0.005384938325732946,-5.21875,0,0.05362769961357117,0,0.024358519593292292,taglish,comment,True,majority,3-0,0,0
t1_p3zhpn0,0,0.004331502132117748,-5.4375,0,0.06338489055633545,0,0.02094079136365112,english,comment,True,majority,3-0,0,0
t1_p3zr4pq,0,0.05070536583662033,-2.9296875,0,0.37701481580734253,0,0.11188776073897519,english,comment,True,majority,3-0,0,0
t1_p3g4p3w,0,0.0060975621454417706,-5.09375,0,0.018171805888414383,0,0.026549781559867355,tagalog,comment,True,majority,3-0,0,0
t1_p7bq9yh,0,0.13161905109882355,-1.88671875,0,0.6083041429519653,0,0.208480067951333,taglish,comment,True,majority,3-0,0,0
t1_p7aqsag,0,0.0007916296017356217,-7.140625,0,0.004597804509103298,0,0.006373678924456331,english,comment,True,majority,3-0,0,0
t1_p4yob2i,0,0.05541279539465904,-2.8359375,0,0.36762887239456177,0,0.11864646578965246,taglish,comment,True,unanimous,3-0,0,0
t1_p50id0f,0,0.07081620395183563,-2.57421875,0,0.27359479665756226,0,0.13940417345008546,taglish,comment,True,unanimous,3-0,0,0
t1_p7fqyvd,0,0.0010649627074599266,-6.84375,0,0.00733020668849349,0,0.007850769061700057,english,comment,True,adjudicator,3-0,0,0
t1_p5yxn17,0,0.002714985515922308,-5.90625,0,0.00955295842140913,0,0.015122263794536682,taglish,comment,True,majority,3-0,0,0
t1_p50a9wl,0,0.44890937209129333,-0.205078125,0,0.772779107093811,0,0.4638103624420343,english,comment,True,majority,3-0,0,0
t1_p53ymsu,0,0.9848109483718872,4.171875,1,0.9912195205688477,1,0.9502616500172459,taglish,comment,True,adjudicator,2-1,0,1
t1_p528d7e,0,0.017309095710515976,-4.0390625,0,0.24147462844848633,0,0.0543695042431986,tagalog,comment,True,majority,3-0,0,0
t1_p4xn9xt,1,0.8879840970039368,2.0703125,1,0.9621192216873169,1,0.8121333286016653,taglish,comment,True,majority,3-0,1,1
t1_p6ljnay,0,0.00172745855525136,-6.359375,0,0.031094323843717575,0,0.011022235721937763,english,comment,True,majority,3-0,0,0
t1_p3iucp2,0,0.06097517907619476,-2.734375,0,0.49083179235458374,0,0.12636422930463476,taglish,comment,True,majority,3-0,0,0
t1_p4ujhsl,0,0.04885777831077576,-2.96875,0,0.32645130157470703,0,0.10917233946238249,taglish,comment,True,unanimous,3-0,0,0
t1_p6z9hya,0,0.36727026104927063,-0.5439453125,0,0.5920049548149109,0,0.4050113064469551,english,comment,True,majority,3-0,0,0
t1_p6eadl9,0,0.2743513882160187,-0.97265625,0,0.7844676375389099,0,0.334528923890095,tagalog,comment,True,adjudicator,2-1,0,1
t1_p7krdbo,0,0.0026730059180408716,-5.921875,0,0.011545196175575256,0,0.014958589915878276,english,comment,True,majority,3-0,0,0
t1_p41k6gq,0,0.008711384609341621,-4.734375,0,0.10805411636829376,0,0.03397027697759415,english,comment,True,adjudicator,2-1,0,0
t1_p2am72n,0,0.01196109689772129,-4.4140625,0,0.16555434465408325,0,0.042240649681559155,tagalog,comment,True,majority,3-0,0,0
t1_p5jf1xv,0,0.004905405919998884,-5.3125,0,0.029558267444372177,0,0.022831793770536908,english,comment,True,adjudicator,2-1,0,0
t1_p6ehdn0,0,0.010986942797899246,-4.5,0,0.11507369577884674,0,0.03984948735695878,english,comment,True,adjudicator,2-1,0,0
t1_p3z9egl,0,0.0022872276604175568,-6.078125,0,0.013265009969472885,0,0.013414902017093479,taglish,comment,True,majority,3-0,0,0
t1_p5103je,0,0.031143829226493835,-3.4375,0,0.26057595014572144,0,0.08086294509757058,taglish,comment,True,unanimous,3-0,0,0
t1_p7ac8wb,0,0.1962094008922577,-1.41015625,0,0.5339957475662231,0,0.269505865564641,english,comment,True,majority,3-0,0,0
t1_p5i00yd,1,0.023509452119469643,-3.7265625,0,0.20549321174621582,0,0.06691472085233648,english,comment,True,adjudicator,2-1,1,1
t1_p7cibtn,0,0.006589771714061499,-5.015625,0,0.05362095683813095,0,0.028015485840151812,taglish,comment,True,unanimous,3-0,0,0
t1_p3tkhkb,0,0.011331754736602306,-4.46875,0,0.21651771664619446,0,0.04070360507717041,taglish,comment,True,majority,3-0,0,0
t1_p3sjmnj,0,0.04501553252339363,-3.0546875,0,0.4642546772956848,0,0.10340135577527661,taglish,comment,True,unanimous,3-0,0,0
t1_p310hl3,0,0.0019267346942797303,-6.25,0,0.0124261025339365,0,0.011897979192344485,english,comment,True,majority,3-0,0,0
t1_p4xk2sj,1,0.7937461733818054,1.34765625,1,0.9425349235534668,1,0.7217054232022204,taglish,comment,True,unanimous,3-0,1,1
t1_p6l0avh,0,0.007815889082849026,-4.84375,0,0.14331385493278503,0,0.031521742980397005,english,comment,True,unanimous,3-0,0,0
t1_p5rhdjz,0,0.025760557502508163,-3.6328125,0,0.3974342346191406,0,0.07117449491340037,tagalog,comment,True,adjudicator,2-1,0,0
t1_p4xs92t,0,0.034100428223609924,-3.34375,0,0.3479839563369751,0,0.08592888811176401,tagalog,comment,True,unanimous,3-0,0,0
t1_p7bk0vc,0,0.012241275049746037,-4.390625,0,0.04033336043357849,0,0.04291623551910936,english,comment,True,majority,3-0,0,0
t1_p4x8ckc,1,0.9416541457176208,2.78125,1,0.9666702747344971,1,0.8772498371179867,english,comment,True,adjudicator,2-1,1,0
t1_p29pgrl,0,0.03594832494854927,-3.2890625,0,0.41185641288757324,0,0.08901525457427975,tagalog,comment,True,adjudicator,2-1,0,1
t1_p5z4w03,0,0.017576880753040314,-4.0234375,0,0.14242622256278992,0,0.05494035290926733,taglish,comment,True,majority,3-0,0,0
t1_p50uqwt,0,0.016277462244033813,-4.1015625,0,0.26903581619262695,0,0.05214156896997361,tagalog,comment,True,majority,3-0,0,0
t1_p3tuujj,0,0.08787644654512405,-2.33984375,0,0.548060417175293,0,0.16049907722424334,english,comment,True,majority,3-0,0,0
t1_p1nfh4z,0,0.41541755199432373,-0.34161376953125,0,0.7690832614898682,0,0.4399025865529052,taglish,comment,True,adjudicator,2-1,0,1
t1_p50u6tk,0,0.01798621006309986,-4.0,0,0.13843142986297607,0,0.05580721920716969,taglish,comment,True,majority,3-0,0,0
t1_p58qtjs,0,0.394784152507782,-0.42724609375,0,0.6558456420898438,0,0.425042097008159,taglish,comment,True,adjudicator,2-1,0,0
t1_p529fgn,0,0.8311430811882019,1.59375,1,0.9432825446128845,1,0.7552758580611767,taglish,comment,True,majority,3-0,0,0
t1_p654uq1,0,0.5827285051345825,0.333984375,1,0.9029334783554077,1,0.5587677708137719,tagalog,comment,True,adjudicator,2-1,0,0
t1_p7c7f8y,0,0.0034834241960197687,-5.65625,0,0.021829120814800262,0,0.017993758241836036,taglish,comment,True,unanimous,3-0,0,0
t1_p4zqlbi,0,0.0016484829830005765,-6.40625,0,0.008318791165947914,0,0.010666718212494087,english,comment,True,unanimous,3-0,0,0
t1_p51968i,0,0.013121269643306732,-4.3203125,0,0.15988899767398834,0,0.045005440308668467,english,comment,True,majority,3-0,0,0
t1_p51ddbj,0,0.5554653406143188,0.2227783203125,1,0.8459122180938721,0,0.5393007778129866,taglish,comment,True,adjudicator,2-1,0,0
t1_p3k6lo1,0,0.3714786171913147,-0.52587890625,0,0.8072538375854492,0,0.4080934583834313,taglish,comment,True,majority,3-0,0,0
t1_p510ufz,0,0.07558479905128479,-2.50390625,0,0.5576506853103638,0,0.14547654391613585,tagalog,comment,True,adjudicator,2-1,0,1
t1_p7ji23a,0,0.02498779445886612,-3.6640625,0,0.11119945347309113,0,0.06972745624969988,taglish,comment,True,unanimous,3-0,0,0
t1_p4xghnb,1,0.5335190296173096,0.13427734375,1,0.8469206690788269,0,0.5237192882426039,taglish,comment,True,majority,3-0,1,1
t1_p59wnok,0,0.015189048834145069,-4.171875,0,0.21868586540222168,0,0.04973834998275411,taglish,comment,True,majority,3-0,0,0
t1_p6sm069,0,0.07055959850549698,-2.578125,0,0.42068538069725037,0,0.13907312815188239,tagalog,comment,True,adjudicator,2-1,0,0
t1_p5vgazj,0,0.37582099437713623,-0.50732421875,0,0.7700997591018677,0,0.4112664518814116,taglish,comment,True,majority,3-0,0,0
t1_p71gfme,0,0.6315943002700806,0.5390625,1,0.7687596678733826,1,0.5941564068903307,tagalog,comment,True,adjudicator,2-1,0,1
t1_p6nazjh,1,0.5654787421226501,0.263427734375,1,0.8751384615898132,0,0.5464337023961343,taglish,comment,True,majority,3-0,1,1
t1_p50oum4,0,0.0012644219677895308,-6.671875,0,0.006834451109170914,0,0.008856321092910683,tagalog,comment,True,unanimous,3-0,0,0
t1_p50spra,1,0.008644177578389645,-4.7421875,0,0.06204749271273613,0,0.03378945681123938,english,comment,True,adjudicator,2-1,1,0
t1_p7c7uca,0,0.020645931363105774,-3.859375,0,0.258175253868103,0,0.06128422740686688,taglish,comment,True,unanimous,3-0,0,0
t1_p7jp79i,1,0.5650887489318848,0.2618408203125,1,0.7860478162765503,0,0.5461555778955103,english,comment,True,adjudicator,2-1,1,0
t1_p50nupt,0,0.008315778337419033,-4.78125,0,0.10689821094274521,0,0.03289920289608108,english,comment,True,majority,3-0,0,0
t1_p5ji8s0,0,0.011158031411468983,-4.484375,0,0.14189699292182922,0,0.04027437707969292,taglish,comment,True,unanimous,3-0,0,0
t1_p5s64gk,0,0.006388320587575436,-5.046875,0,0.04568704962730408,0,0.02742000330378375,english,comment,True,majority,3-0,0,0
t1_p6v8o0i,0,0.009055264294147491,-4.6953125,0,0.12476348876953125,0,0.03488846862350986,taglish,comment,True,majority,3-0,0,0
t1_p524jpw,0,0.005139610730111599,-5.265625,0,0.026165034621953964,0,0.023583103416054976,taglish,comment,True,unanimous,3-0,0,0
t1_p4t0nkz,0,0.011597361415624619,-4.4453125,0,0.06435447931289673,0,0.04135566931567037,english,comment,True,unanimous,3-0,0,0
t1_p7lttvj,0,0.20561502873897552,-1.3515625,0,0.7175080180168152,0,0.2777401507820151,tagalog,comment,True,adjudicator,2-1,0,0
t1_p3ebeih,0,0.009196552447974682,-4.6796875,0,0.05462179705500603,0,0.035262404821513764,english,comment,True,majority,3-0,0,0
t1_p7al3jm,0,0.10706345736980438,-2.12109375,0,0.5260109901428223,0,0.18244942213829246,tagalog,comment,True,majority,3-0,0,0
t1_p6xrjqc,0,0.029986508190631866,-3.4765625,0,0.34725505113601685,0,0.07883363429254665,tagalog,comment,True,adjudicator,2-1,0,0
t1_p529r5o,1,0.08570928126573563,-2.3671875,0,0.5537562370300293,0,0.15791097242086816,tagalog,comment,True,adjudicator,2-1,1,0
t1_p2teulw,0,0.08181270956993103,-2.41796875,0,0.43789786100387573,0,0.15319457505670397,taglish,comment,True,majority,3-0,0,0
t1_p7aj729,0,0.005301895085722208,-5.234375,0,0.04208671301603317,0,0.024097324222642443,tagalog,comment,True,adjudicator,2-1,0,0
t1_p7jfnhh,0,0.023153413087129593,-3.7421875,0,0.3183441758155823,0,0.06622817347358687,taglish,comment,True,majority,3-0,0,0
t1_p50yfbm,0,0.0060975621454417706,-5.09375,0,0.0707765519618988,0,0.026549781559867355,taglish,comment,True,majority,3-0,0,0
t1_p648ly8,1,0.09170696139335632,-2.29296875,0,0.5592548847198486,0,0.1650155001030605,taglish,comment,True,adjudicator,2-1,1,1
t1_p7bmrzo,0,0.2065737545490265,-1.345703125,0,0.638749361038208,0,0.27857204465560015,tagalog,comment,True,majority,3-0,0,0
t1_p6q8x51,0,0.002396730938926339,-6.03125,0,0.02432456612586975,0,0.013860732134132955,english,comment,True,majority,3-0,0,0
t1_p4spg6x,0,0.004905405919998884,-5.3125,0,0.027727443724870682,0,0.022831793770536908,taglish,comment,True,unanimous,3-0,0,0
t1_p529bt2,0,0.0037654140032827854,-5.578125,0,0.0180681049823761,0,0.018996337160091005,english,comment,True,majority,3-0,0,0
t1_p5hz7bt,0,0.41004738211631775,-0.36376953125,0,0.6845706701278687,0,0.4360462565285994,english,comment,True,unanimous,3-0,0,0
t1_p2tahoe,1,0.6258955001831055,0.5146484375,1,0.9363863468170166,1,0.589986942871704,taglish,comment,True,adjudicator,2-1,1,1
t1_p6apetw,0,0.08725224435329437,-2.34765625,0,0.41624927520751953,0,0.15975613696439248,taglish,comment,True,unanimous,3-0,0,0
t1_p50ovpj,0,0.005384938325732946,-5.21875,0,0.028897561132907867,0,0.024358519593292292,english,comment,True,majority,3-0,0,0
t1_p5jv3li,0,0.046378206461668015,-3.0234375,0,0.3961735665798187,0,0.10546799324212237,tagalog,comment,True,adjudicator,2-1,0,1
t1_p77ebu4,0,0.007695646956562996,-4.859375,0,0.077887162566185,0,0.03118619191661616,taglish,comment,True,unanimous,3-0,0,0
t1_p6dl4j0,0,0.004331502132117748,-5.4375,0,0.03047887608408928,0,0.02094079136365112,taglish,comment,True,unanimous,3-0,0,0
t1_p50lx2k,0,0.0036499870475381613,-5.609375,0,0.030078496783971786,0,0.01858889461568454,tagalog,comment,True,unanimous,3-0,0,0
t1_p50mi6s,0,0.008124708198010921,-4.8046875,0,0.0922088623046875,0,0.032375970607033164,taglish,comment,True,majority,3-0,0,0
t1_p4yz9rg,0,0.06656918674707413,-2.640625,0,0.43340349197387695,0,0.13386559271915938,taglish,comment,True,majority,3-0,0,0
t1_p6yii1t,0,0.002182716503739357,-6.125,0,0.016040083020925522,0,0.012983223217297994,taglish,comment,True,unanimous,3-0,0,0
t1_p6qs9xa,0,0.006903837900608778,-4.96875,0,0.06538665294647217,0,0.028932321091136786,taglish,comment,True,unanimous,3-0,0,0
t1_p4kp27w,0,0.854884684085846,1.7734375,1,0.9390109777450562,1,0.7779931845440012,english,comment,True,adjudicator,2-1,0,0
t1_p3eb54a,0,0.0036499870475381613,-5.609375,0,0.025957327336072922,0,0.01858889461568454,taglish,comment,True,majority,3-0,0,0
t1_p43wdiq,1,0.9914224743843079,4.75,1,0.9956817626953125,1,0.9663904343549196,taglish,comment,True,majority,3-0,1,1
t1_p510c94,0,0.006003595422953367,-5.109375,0,0.04564860463142395,0,0.02626572194935037,english,comment,True,majority,3-0,0,0
t1_p7c5l1d,0,0.3309035003185272,-0.7041015625,0,0.7406377792358398,0,0.37804018395652483,tagalog,comment,True,adjudicator,2-1,0,1
t1_p3m5uzk,0,0.005301895085722208,-5.234375,0,0.030149366706609726,0,0.024097324222642443,tagalog,comment,True,majority,3-0,0,0
t1_p7i2iwh,0,0.5630302429199219,0.25346946716308594,1,0.9040652513504028,0,0.5446879314582591,taglish,comment,True,unanimous,3-0,0,0
t1_p5168tt,0,0.2372223436832428,-1.16796875,0,0.7953652143478394,0,0.3045172181525526,taglish,comment,True,majority,3-0,0,0
t1_p5egsxz,0,0.001367025775834918,-6.59375,0,0.00797122810035944,0,0.009354628825668607,taglish,comment,True,majority,3-0,0,0
t1_p50nam2,0,0.0025909794494509697,-5.953125,0,0.017055131494998932,0,0.014636458795106872,tagalog,comment,True,unanimous,3-0,0,0
t1_p7bw7x6,0,0.0013250225456431508,-6.625,0,0.004704735241830349,0,0.009152056968169646,english,comment,True,unanimous,3-0,0,0
t1_p58maqs,1,0.5611781477928162,0.24594497680664062,1,0.7880152463912964,0,0.5433680915520794,taglish,comment,True,majority,3-0,1,1
t1_p583y96,0,0.04208773002028465,-3.125,0,0.29313206672668457,0,0.09888202703220235,english,comment,True,majority,3-0,0,0
t1_p7dvqd2,0,0.011597361415624619,-4.4453125,0,0.21252840757369995,0,0.04135566931567037,taglish,comment,True,adjudicator,2-1,0,0
t1_p6t45v4,0,0.0023231625091284513,-6.0625,0,0.018538739532232285,0,0.013561917722806668,taglish,comment,True,majority,3-0,0,0
t1_p5vjctx,0,0.5211055874824524,0.08447265625,1,0.8439874053001404,0,0.5149283588103831,taglish,comment,True,unanimous,3-0,0,0
t1_p6wx303,0,0.012920473702251911,-4.3359375,0,0.18116411566734314,0,0.044532954461711766,taglish,comment,True,majority,3-0,0,0
t1_p6pp19k,0,0.006003595422953367,-5.109375,0,0.08900724351406097,0,0.02626572194935037,taglish,comment,True,majority,3-0,0,0
t1_p748nf6,0,0.15662017464637756,-1.68359375,0,0.714012086391449,0,0.23317299948211553,taglish,comment,True,adjudicator,2-1,0,0
t1_p7c1ked,0,0.30964964628219604,-0.8017578125,0,0.6443180441856384,0,0.3619458853944621,english,comment,True,unanimous,3-0,0,0
t1_p6s9oo1,0,0.9092645049095154,2.3046875,1,0.9594177603721619,1,0.8361230787530619,english,comment,True,adjudicator,2-1,0,0
t1_p77m3zm,0,0.004681822843849659,-5.359375,0,0.07226795703172684,0,0.022103877481344885,english,comment,True,majority,3-0,0,0
t1_p4rlhti,0,0.004755199886858463,-5.34375,0,0.0353720560669899,0,0.02234396022753802,taglish,comment,True,majority,3-0,0,0
t1_p5jsqls,1,0.9381240010261536,2.71875,1,0.9822161197662354,1,0.8724110087385121,taglish,comment,True,adjudicator,2-1,1,0
t1_p3gkdar,0,0.22988080978393555,-1.208984375,0,0.4706917703151703,0,0.29840994935068776,english,comment,True,majority,3-0,0,0
t1_p50fuux,0,0.004331502132117748,-5.4375,0,0.05424140393733978,0,0.02094079136365112,taglish,comment,True,unanimous,3-0,0,0
t1_p5jgdo5,0,0.13614831864833832,-1.84765625,0,0.6326501369476318,0,0.21307474265211998,taglish,comment,True,unanimous,3-0,0,0
t1_p5jilzy,0,0.004755199886858463,-5.34375,0,0.048273444175720215,0,0.02234396022753802,taglish,comment,True,unanimous,3-0,0,0
t1_p5bh1sx,0,0.026963496580719948,-3.5859375,0,0.23770968616008759,0,0.07339709688751817,taglish,comment,True,unanimous,3-0,0,0
t1_p7idk9y,0,0.22575782239437103,-1.232421875,0,0.656667172908783,0,0.29495187299534503,tagalog,comment,True,majority,3-0,0,0
t1_p7idw2a,0,0.09877258539199829,-2.2109375,0,0.4998627305030823,0,0.17316376330708594,taglish,comment,True,majority,3-0,0,0
t1_p50v5id,0,0.0024343819823116064,-6.015625,0,0.012822951190173626,0,0.0140125643566543,english,comment,True,majority,3-0,0,0
t1_p5e6ik9,0,0.0011879054363816977,-6.734375,0,0.005173805169761181,0,0.008476691551091157,taglish,comment,True,unanimous,3-0,0,0
t1_p50rpdu,0,0.008251599036157131,-4.7890625,0,0.06406084448099136,0,0.03272389081654877,english,comment,True,majority,3-0,0,0
t1_p4z55qp,0,0.2613309323787689,-1.0390625,0,0.7078070044517517,0,0.32415802844496044,english,comment,True,unanimous,3-0,0,0
t1_p5jv1ei,0,0.9678993225097656,3.40625,1,0.9814807772636414,1,0.9174794231067761,tagalog,comment,True,adjudicator,2-1,0,1
t1_p447udk,0,0.0024726232513785362,-6.0,0,0.018856044858694077,0,0.014166035876688382,english,comment,True,majority,3-0,0,0
t1_p5vf8v4,0,0.00628990214318037,-5.0625,0,0.029060279950499535,0,0.02712689253281322,english,comment,True,majority,3-0,0,0
t1_p4t0yfd,1,0.633863627910614,0.548828125,1,0.8873690962791443,1,0.5958204344741664,tagalog,comment,True,majority,3-0,1,1
t1_p4y39xo,1,0.011419614776968956,-4.4609375,0,0.09527158737182617,0,0.040919858474911766,taglish,comment,True,adjudicator,2-1,1,0
t1_p5busms,0,0.01374231930822134,-4.2734375,0,0.08605489134788513,0,0.04645171687277415,taglish,comment,True,unanimous,3-0,0,0
t1_p43xbew,0,0.23970511555671692,-1.154296875,0,0.5690511465072632,0,0.30656851940782626,english,comment,True,majority,3-0,0,0
t1_p5zvj0h,0,0.05964693799614906,-2.7578125,0,0.49585044384002686,0,0.12454595239273124,taglish,comment,True,adjudicator,2-1,0,0
t1_p7jyiaq,1,0.8879840970039368,2.0703125,1,0.969373345375061,1,0.8121333286016653,tagalog,comment,True,adjudicator,2-1,1,1
t1_p77gcqm,0,0.022457052022218704,-3.7734375,0,0.22114965319633484,0,0.06487467386350963,english,comment,True,majority,3-0,0,0
t1_p4z7wop,0,0.007695646956562996,-4.859375,0,0.050530724227428436,0,0.03118619191661616,english,comment,True,majority,3-0,0,0
t1_p5jfll5,0,0.057918090373277664,-2.7890625,0,0.45279836654663086,0,0.12215653380886071,taglish,comment,True,unanimous,3-0,0,0
t1_p43rhp3,0,0.010489092208445072,-4.546875,0,0.1272989958524704,0,0.03860045026908221,taglish,comment,True,majority,3-0,0,0
t1_p5jfh6o,0,0.02080449089407921,-3.8515625,0,0.16302090883255005,0,0.06160280159358349,taglish,comment,True,unanimous,3-0,0,0
t1_p4v7grk,0,0.004681822843849659,-5.359375,0,0.06623905897140503,0,0.022103877481344885,tagalog,comment,True,adjudicator,2-1,0,0
t1_p2asbmy,0,0.009125636890530586,-4.6875,0,0.06814941763877869,0,0.03507495652005154,taglish,comment,True,majority,3-0,0,0
t1_p4z7y8c,0,0.2114168107509613,-1.31640625,0,0.6656932830810547,0,0.2827543711621261,tagalog,comment,True,adjudicator,2-1,0,0
t1_p77dok3,0,0.005641908384859562,-5.171875,0,0.02151751145720482,0,0.02515877464146465,taglish,comment,True,majority,3-0,0,0
t1_p7ckdxu,0,0.13117322325706482,-1.890625,0,0.6181918382644653,0,0.20802463799247892,tagalog,comment,True,majority,3-0,0,0
t1_p43reww,0,0.00851130299270153,-4.7578125,0,0.16455480456352234,0,0.03343059906189531,taglish,comment,True,unanimous,3-0,0,0
t1_p50ynnn,0,0.0012255674228072166,-6.703125,0,0.005205973982810974,0,0.008664445570854941,taglish,comment,True,majority,3-0,0,0
t1_p5h8r1t,0,0.007876706309616566,-4.8359375,0,0.04834192991256714,0,0.03169082578202977,english,comment,True,majority,3-0,0,0
t1_p465omo,0,0.2913839519023895,-0.888671875,0,0.75472491979599,0,0.3478766180514105,taglish,comment,True,unanimous,3-0,0,0
t1_p4xvb3a,0,0.36116471886634827,-0.5703125,0,0.7397637367248535,0,0.4005265005358788,english,comment,True,adjudicator,2-1,0,0
t1_p6oje56,0,0.010902374982833862,-4.5078125,0,0.11007067561149597,0,0.03963865686919409,english,comment,True,adjudicator,2-1,0,0
t1_p4zlkg5,0,0.005469274707138538,-5.203125,0,0.06317394226789474,0,0.024622474677955537,taglish,comment,True,unanimous,3-0,0,0
t1_p510ba8,0,0.002251847181469202,-6.09375,0,0.01367588248103857,0,0.013269458572332627,taglish,comment,True,majority,3-0,0,0
t1_p4g4pic,0,0.002082970691844821,-6.171875,0,0.009517570957541466,0,0.012565258513582124,taglish,comment,True,majority,3-0,0,0
t1_p6x57vc,0,0.3555510938167572,-0.5947265625,0,0.7418323755264282,0,0.39638869208984934,tagalog,comment,True,adjudicator,2-1,0,1
t1_p62hsdd,0,0.8080672025680542,1.4375,1,0.909642219543457,1,0.7342836473247768,tagalog,comment,True,adjudicator,2-1,0,0
t1_p4btaqu,1,0.20212803781032562,-1.373046875,0,0.7829228639602661,0,0.2747029912125623,taglish,comment,True,adjudicator,3-0,1,1
t3_1vt0fdj,0,0.010652512311935425,-4.53125,0,0.12516838312149048,0,0.039012563424763926,english,submission,True,majority,3-0,0,0
t1_p5jqenj,0,0.23022674024105072,-1.20703125,0,0.7924439907073975,0,0.2986991722139614,english,comment,True,adjudicator,3-0,0,1
t1_p5dyaex,0,0.00407013762742281,-5.5,0,0.07230905443429947,0,0.02005363716108665,english,comment,True,majority,3-0,0,0
t1_p7c5u1z,0,0.5705706477165222,0.2841796875,1,0.9039803743362427,1,0.5500679845053758,tagalog,comment,True,adjudicator,2-1,0,1
t1_p3lv40l,0,0.0027576221618801355,-5.890625,0,0.030054539442062378,0,0.015287700765514126,english,comment,True,majority,3-0,0,0
t1_p6hspow,0,0.010735162533819675,-4.5234375,0,0.1290179044008255,0,0.039220199837230234,taglish,comment,True,majority,3-0,0,0
t1_p7b719d,0,0.0029349515680223703,-5.828125,0,0.060964807868003845,0,0.01596744986773952,tagalog,comment,True,majority,3-0,0,0
t1_p50uf9q,0,0.002182716503739357,-6.125,0,0.010661385022103786,0,0.012983223217297994,taglish,comment,True,majority,3-0,0,0
t1_p5je50g,0,0.5845083594322205,0.34130859375,1,0.8565565943717957,1,0.5600442441669625,tagalog,comment,True,adjudicator,2-1,0,1
t1_p5ik8nw,0,0.005139610730111599,-5.265625,0,0.0275788065046072,0,0.023583103416054976,english,comment,True,majority,3-0,0,0
t1_p4ylums,0,0.5646387338638306,0.260009765625,1,0.8423182964324951,0,0.5458346292207313,english,comment,True,majority,3-0,0,0
t1_p47xdn0,0,0.07133200019598007,-2.56640625,0,0.4265395998954773,0,0.14006824508072563,taglish,comment,True,majority,3-0,0,0
t1_p40a9l5,0,0.0032730652019381523,-5.71875,0,0.044947296380996704,0,0.017229257662342803,english,comment,True,majority,3-0,0,0
t1_p34bxk7,0,0.8397339582443237,1.65625,1,0.9423584342002869,1,0.7633520270296081,tagalog,comment,True,adjudicator,2-1,0,0
t1_p58ypiv,1,0.012722708284854889,-4.3515625,0,0.10665404051542282,0,0.0440652000880723,taglish,comment,True,adjudicator,3-0,1,0
t1_p52b4uh,0,0.04240382835268974,-3.1171875,0,0.4417853355407715,0,0.09937535569880562,taglish,comment,True,majority,3-0,0,0
t1_p7bpx73,1,0.7367795705795288,1.029296875,1,0.8735391497612,1,0.6743273193517338,english,comment,True,majority,3-0,1,1
t1_p464x2i,0,0.00407013762742281,-5.5,0,0.05790337920188904,0,0.02005363716108665,taglish,comment,True,unanimous,3-0,0,0
t1_p4pve9j,0,0.005730246659368277,-5.15625,0,0.0402507558465004,0,0.025431175453224215,taglish,comment,True,majority,3-0,0,0
t1_p742q9g,0,0.0036499870475381613,-5.609375,0,0.042350806295871735,0,0.01858889461568454,taglish,comment,True,unanimous,3-0,0,0
t1_p7fqes9,0,0.0017007224960252643,-6.375,0,0.013992730528116226,0,0.010902446733210305,taglish,comment,True,majority,3-0,0,0
t1_p7jfoeq,0,0.03258974477648735,-3.390625,0,0.3727034330368042,0,0.08336094006737177,tagalog,comment,True,adjudicator,2-1,0,0
t1_p5jrae4,0,0.014281933195888996,-4.234375,0,0.13446767628192902,0,0.047690617799459115,taglish,comment,True,majority,3-0,0,0
t1_p31mmkj,0,0.27396270632743835,-0.974609375,0,0.723122775554657,0,0.3342215417760021,tagalog,comment,True,adjudicator,2-1,0,1
t1_p3lum5y,0,0.001524786464869976,-6.484375,0,0.00745406374335289,0,0.010099229882113316,taglish,comment,True,majority,3-0,0,0
t1_p518e8c,0,0.010328153148293495,-4.5625,0,0.06364846229553223,0,0.0381925174952548,taglish,comment,True,unanimous,3-0,0,0
t1_p3jcfb1,0,0.005060331430286169,-5.28125,0,0.06626364588737488,0,0.023330023973580267,taglish,comment,True,adjudicator,2-1,0,0
t1_p7c7ofk,0,0.2223622351884842,-1.251953125,0,0.7626948356628418,0,0.2920880250276707,taglish,comment,True,adjudicator,2-1,0,1
t1_p6zc3sv,0,0.2913839519023895,-0.888671875,0,0.6882129907608032,0,0.3478766180514105,english,comment,True,adjudicator,2-1,0,1
t1_p79v74x,1,0.9161096215248108,2.390625,1,0.9569220542907715,1,0.8442803258360333,tagalog,comment,True,majority,3-0,1,1
t1_p3u0n5e,0,0.001674399245530367,-6.390625,0,0.007365270517766476,0,0.0107839454082915,english,comment,True,majority,3-0,0,0
t1_p5rqncd,0,0.0018969200318679214,-6.265625,0,0.009290608577430248,0,0.011768785934835982,taglish,comment,True,unanimous,3-0,0,0
t1_p7bfu1x,0,0.746508777141571,1.080078125,1,0.9043721556663513,1,0.682163131592485,tagalog,comment,True,majority,3-0,0,0
t1_p5294za,1,0.5275599360466003,0.1103515625,1,0.8630036115646362,0,0.5194976925219406,english,comment,True,majority,3-0,1,1
t1_p58ni78,0,0.0064882696606218815,-5.03125,0,0.13678613305091858,0,0.027716190959487037,tagalog,comment,True,adjudicator,2-1,0,0
t1_p4aq1yt,0,0.0024343819823116064,-6.015625,0,0.016177484765648842,0,0.0140125643566543,taglish,comment,True,unanimous,3-0,0,0
t1_p7mx6lm,0,0.025760557502508163,-3.6328125,0,0.231565922498703,0,0.07117449491340037,tagalog,comment,True,adjudicator,2-1,0,0
t1_p65r8sj,0,0.02595735713839531,-3.625,0,0.33306410908699036,0,0.0715405635262539,tagalog,comment,True,adjudicator,2-1,0,1
t1_p7byx0j,1,0.9939024448394775,5.09375,1,0.9951300024986267,1,0.9734502184401326,taglish,comment,True,unanimous,3-0,1,1
t1_p667t5c,0,0.04778006672859192,-2.9921875,0,0.45514214038848877,0,0.10757098004786617,taglish,comment,True,adjudicator,3-0,0,0
t1_p4z2w8j,0,0.04084571823477745,-3.15625,0,0.22354690730571747,0,0.09693045720873666,english,comment,True,unanimous,3-0,0,0
t1_p4z7q04,0,0.10194652527570724,-2.17578125,0,0.4736277759075165,0,0.17675202844362048,english,comment,True,unanimous,3-0,0,0
t1_p3v9nwn,0,0.0037072529084980488,-5.59375,0,0.07900837063789368,0,0.0187915327836616,english,comment,True,majority,3-0,0,0
t1_p7ca50m,0,0.754553496837616,1.123046875,1,0.9047510623931885,1,0.6887140158958202,tagalog,comment,True,adjudicator,2-1,0,0
t1_p50nx7x,0,0.0024343819823116064,-6.015625,0,0.02363607846200466,0,0.0140125643566543,english,comment,True,majority,3-0,0,0
t1_p50ncyp,0,0.001622967072762549,-6.421875,0,0.007981725037097931,0,0.010550751746754102,taglish,comment,True,majority,3-0,0,0
t1_p552vmh,0,0.001867565792053938,-6.28125,0,0.0069323088973760605,0,0.011640978984996535,english,comment,True,majority,3-0,0,0
t1_p7bc5p1,0,0.01652955636382103,-4.0859375,0,0.19075064361095428,0,0.052690328990979494,tagalog,comment,True,unanimous,3-0,0,0
t1_p5zssqo,1,0.00934002548456192,-4.6640625,0,0.06289422512054443,0,0.035640200879961545,english,comment,True,adjudicator,2-1,1,0
t1_p4i4nzk,0,0.01798621006309986,-4.0,0,0.36840924620628357,0,0.05580721920716969,tagalog,comment,True,adjudicator,2-1,0,0
t1_p7hx5ks,0,0.15974101424217224,-1.66015625,0,0.5060982704162598,0,0.2361493679857997,english,comment,True,majority,3-0,0,0
t1_p3sgyq9,0,0.0023596608079969883,-6.046875,0,0.008127417415380478,0,0.01371052220303113,english,comment,True,majority,3-0,0,0
t1_p7lp80j,0,0.008315778337419033,-4.78125,0,0.1669502705335617,0,0.03289920289608108,tagalog,comment,True,adjudicator,2-1,0,0
t1_p50qcdg,0,0.0013885231455788016,-6.578125,0,0.00504745077341795,0,0.009457574010949937,taglish,comment,True,unanimous,3-0,0,0
t1_p7jxwa9,0,0.34466397762298584,-0.642578125,0,0.5419188141822815,0,0.3883219425831047,english,comment,True,majority,3-0,0,0
t1_p50o2f5,0,0.05184547230601311,-2.90625,0,0.465163916349411,0,0.11354520592160702,taglish,comment,True,majority,3-0,0,0
t1_p5jidan,0,0.010986942797899246,-4.5,0,0.05691538006067276,0,0.03984948735695878,english,comment,True,majority,3-0,0,0
t1_p5ji2il,0,0.006903837900608778,-4.96875,0,0.09223812073469162,0,0.028932321091136786,taglish,comment,True,majority,3-0,0,0
t1_p5jlgqt,0,0.1204388216137886,-1.98828125,0,0.5125060081481934,0,0.19687724583460073,taglish,comment,True,majority,3-0,0,0
t1_p5xn4he,0,0.052618954330682755,-2.890625,0,0.4178081154823303,0,0.11466202877215123,taglish,comment,True,unanimous,3-0,0,0
t1_p6z3t4y,0,0.00851130299270153,-4.7578125,0,0.04341891407966614,0,0.03343059906189531,taglish,comment,True,unanimous,3-0,0,0
t1_p3yw7h0,0,0.004681822843849659,-5.359375,0,0.03494495153427124,0,0.022103877481344885,taglish,comment,True,majority,3-0,0,0
t1_p6skynb,0,0.0014779430348426104,-6.515625,0,0.009096309542655945,0,0.009880694720057433,english,comment,True,majority,3-0,0,0
t1_p7bfoi9,0,0.38931432366371155,-0.4501953125,0,0.849770724773407,0,0.4210812922483852,taglish,comment,True,adjudicator,2-1,0,1
t1_p7bzt31,0,0.014172366820275784,-4.2421875,0,0.24007610976696014,0,0.04744035221405276,tagalog,comment,True,adjudicator,2-1,0,0
t1_p7ipm3m,1,0.9801293015480042,3.8984375,1,0.9916415214538574,1,0.9402856634883463,taglish,comment,True,majority,3-0,1,1
t1_p4lwc8j,0,0.025760557502508163,-3.6328125,0,0.31764739751815796,0,0.07117449491340037,taglish,comment,True,majority,3-0,0,0
t1_p41hnq8,0,0.28378137946128845,-0.92578125,0,0.596173107624054,0,0.3419477923225855,english,comment,True,majority,3-0,0,0
t1_p50m7tq,0,0.006388320587575436,-5.046875,0,0.06539426743984222,0,0.02742000330378375,taglish,comment,True,majority,3-0,0,0
t1_p5zwz33,0,0.00941259041428566,-4.65625,0,0.1035672053694725,0,0.035830557800914806,taglish,comment,True,unanimous,3-0,0,0
t1_p50p68w,0,0.0013458605390042067,-6.609375,0,0.007795460522174835,0,0.00925279372596265,taglish,comment,True,majority,3-0,0,0
t1_p50ouob,0,0.0033766122069209814,-5.6875,0,0.012927008792757988,0,0.01760743353220208,taglish,comment,True,majority,3-0,0,0
t1_p40ahc1,0,0.24944725632667542,-1.1015625,0,0.7924561500549316,0,0.31455219860833694,taglish,comment,True,majority,3-0,0,0
t1_p4yz3vb,0,0.08240149915218353,-2.41015625,0,0.524057149887085,0,0.15391259049760211,tagalog,comment,True,adjudicator,2-1,0,1
t1_p50r5sp,0,0.0071214293129742146,-4.9375,0,0.05629810690879822,0,0.0295596485589102,english,comment,True,majority,3-0,0,0
t1_p3sl0ej,0,0.41448402404785156,-0.345458984375,0,0.7925482988357544,0,0.4392327721713638,taglish,comment,True,adjudicator,2-1,0,1
t1_p7hbrkq,0,0.0033766122069209814,-5.6875,0,0.02465592883527279,0,0.01760743353220208,taglish,comment,True,majority,3-0,0,0
t1_p7c2lwi,0,0.02145073004066944,-3.8203125,0,0.12450530380010605,0,0.06289263018010598,english,comment,True,unanimous,3-0,0,0
t1_p6ojnlw,0,0.10123348236083984,-2.18359375,0,0.5215813517570496,0,0.1759496224321989,english,comment,True,majority,3-0,0,0
t1_p6p7ubo,0,0.17384853959083557,-1.55859375,0,0.5382618308067322,0,0.24934808261217484,taglish,comment,True,unanimous,3-0,0,0
t1_p5d3ukx,0,0.14463144540786743,-1.77734375,0,0.6466602087020874,0,0.22153010627800201,taglish,comment,True,unanimous,3-0,0,0
t1_p310x5c,0,0.27904197573661804,-0.94921875,0,0.5932473540306091,0,0.33822841330147285,taglish,comment,True,unanimous,3-0,0,0
t1_p5vc4e8,0,0.005384938325732946,-5.21875,0,0.049505241215229034,0,0.024358519593292292,taglish,comment,True,majority,3-0,0,0
t1_p7c6yf6,1,0.1766716092824936,-1.5390625,0,0.5794083476066589,0,0.2519420155230565,english,comment,True,adjudicator,2-1,1,0
t1_p5gk00b,0,0.22507576644420624,-1.236328125,0,0.769690215587616,0,0.2943777978024938,english,comment,True,adjudicator,2-1,0,1
t1_p6ymtvt,0,0.048136770725250244,-2.984375,0,0.35594725608825684,0,0.10810245800563088,tagalog,comment,True,unanimous,3-0,0,0
t1_p7jvzk3,0,0.005139610730111599,-5.265625,0,0.1102483719587326,0,0.023583103416054976,taglish,comment,True,unanimous,3-0,0,0
t1_p5yej95,0,0.001674399245530367,-6.390625,0,0.008454980328679085,0,0.0107839454082915,taglish,comment,True,majority,3-0,0,0
t1_p75cuca,0,0.006692850962281227,-5.0,0,0.07024165987968445,0,0.028317918542645672,taglish,comment,True,unanimous,3-0,0,0
t1_p51afkv,0,0.004264634568244219,-5.453125,0,0.03776347264647484,0,0.020715466009706897,taglish,comment,True,unanimous,3-0,0,0
t1_p79fqmq,0,0.1204388216137886,-1.98828125,0,0.5252487063407898,0,0.19687724583460073,tagalog,comment,True,adjudicator,2-1,0,0
t1_p5zwsbf,0,0.013121269643306732,-4.3203125,0,0.14884613454341888,0,0.045005440308668467,taglish,comment,True,unanimous,3-0,0,0
t1_p3z6fzg,0,0.05964693799614906,-2.7578125,0,0.3716312646865845,0,0.12454595239273124,taglish,comment,True,unanimous,3-0,0,0
t1_p4z58au,0,0.07159119844436646,-2.5625,0,0.3870386481285095,0,0.1404012728253873,taglish,comment,True,majority,3-0,0,0
t1_p50onh0,0,0.003429603995755315,-5.671875,0,0.02022390067577362,0,0.017799566803322817,taglish,comment,True,unanimous,3-0,0,0
t1_p22kvmj,0,0.007460643537342548,-4.890625,0,0.15117770433425903,0,0.030525431061556748,taglish,comment,True,unanimous,3-0,0,0
t1_p79x7zr,0,0.0017546144081279635,-6.34375,0,0.014503407292068005,0,0.011143326046006437,tagalog,comment,True,unanimous,3-0,0,0
t1_p312g7v,0,0.0009850084315985441,-6.921875,0,0.005545041523873806,0,0.00743196880764207,taglish,comment,True,unanimous,3-0,0,0
t1_p7c4mxg,0,0.004538431763648987,-5.390625,0,0.0210556760430336,0,0.021631252607868294,taglish,comment,True,unanimous,3-0,0,0
t1_p6q46e0,0,0.00214894930832088,-6.140625,0,0.009736821055412292,0,0.012842399081709267,taglish,comment,True,majority,3-0,0,0
t1_p4x5nth,0,0.006797531619668007,-4.984375,0,0.024214502424001694,0,0.028623519921703203,taglish,comment,True,majority,3-0,0,0
t1_p6pxumq,0,0.00857748556882143,-4.75,0,0.07860277593135834,0,0.03360956564508052,taglish,comment,True,unanimous,3-0,0,0
t1_p5xx4c1,1,0.014728614129126072,-4.203125,0,0.1667095422744751,0,0.048704273985340475,english,comment,True,adjudicator,2-1,1,0
t1_p5ti4sw,0,0.008711384609341621,-4.734375,0,0.08115318417549133,0,0.03397027697759415,english,comment,True,majority,3-0,0,0
t1_p22me38,0,0.0018102111062034965,-6.3125,0,0.02177470549941063,0,0.011389466077909098,taglish,comment,True,majority,3-0,0,0
t1_p46uc5h,0,0.0071214293129742146,-4.9375,0,0.15469370782375336,0,0.0295596485589102,taglish,comment,True,unanimous,3-0,0,0
t1_p43wge6,0,0.7732163667678833,1.2265625,1,0.9472883939743042,1,0.7041857945925182,tagalog,comment,True,adjudicator,2-1,0,1
t1_p63jmew,0,0.0034834241960197687,-5.65625,0,0.021973682567477226,0,0.017993758241836036,taglish,comment,True,majority,3-0,0,0
t1_p518mxx,0,0.014063626527786255,-4.25,0,0.05592482537031174,0,0.04719133486399959,tagalog,comment,True,majority,3-0,0,0
t1_p4x4wct,0,0.07423137128353119,-2.5234375,0,0.3748738765716553,0,0.14376808740968486,tagalog,comment,True,majority,3-0,0,0
t1_p5vubz9,1,0.37868884205818176,-0.4951171875,0,0.8582911491394043,0,0.41335799677305735,taglish,comment,True,majority,3-0,1,1
t1_p4xkkkx,0,0.7859664559364319,1.30078125,1,0.9298475980758667,1,0.7149995680558892,english,comment,True,unanimous,3-0,0,0
t1_p5bd847,0,0.9473810195922852,2.890625,1,0.9857398867607117,1,0.8853379712278487,tagalog,comment,True,adjudicator,2-1,0,1
t1_p7b0wgo,0,0.0059110685251653194,-5.125,0,0.03563067317008972,0,0.02598462040391766,taglish,comment,True,unanimous,3-0,0,0
t1_p60455m,0,0.1859472095966339,-1.4765625,0,0.6728429794311523,0,0.26036210598772164,taglish,comment,True,unanimous,3-0,0,0
t1_p6dj20j,0,0.9416541457176208,2.78125,1,0.9738941192626953,1,0.8772498371179867,taglish,comment,True,majority,3-0,0,0
t1_p7epzau,0,0.00806199200451374,-4.8125,0,0.05104271322488785,0,0.03220335386549478,taglish,comment,True,majority,3-0,0,0
t1_p712eyv,0,0.037326887249946594,-3.25,0,0.3596179485321045,0,0.09128068610746773,english,comment,True,adjudicator,2-1,0,1
t1_p5yy60x,0,0.0036499870475381613,-5.609375,0,0.030095048248767853,0,0.01858889461568454,english,comment,True,majority,3-0,0,0
t1_p5j8l8f,0,0.023509452119469643,-3.7265625,0,0.242537260055542,0,0.06691472085233648,english,comment,True,majority,3-0,0,0
t1_p22llr8,0,0.012336100451648235,-4.3828125,0,0.21495412290096283,0,0.043143715665271386,taglish,comment,True,unanimous,3-0,0,0
t1_p7c2r4a,0,0.007345826830714941,-4.90625,0,0.08187562227249146,0,0.03020015508288496,english,comment,True,adjudicator,2-1,0,0
t1_p5ys36v,0,0.04501553252339363,-3.0546875,0,0.38209518790245056,0,0.10340135577527661,taglish,comment,True,majority,3-0,0,0
t1_p7byut7,0,0.03210070729255676,-3.40625,0,0.4115932583808899,0,0.08252057689322384,tagalog,comment,True,adjudicator,2-1,0,0
t1_p1ef3av,0,0.0013250225456431508,-6.625,0,0.00897398591041565,0,0.009152056968169646,taglish,comment,True,majority,3-0,0,0
t1_p3t5b93,0,0.008644177578389645,-4.7421875,0,0.11454200744628906,0,0.03378945681123938,taglish,comment,True,majority,3-0,0,0
t1_p7jw9i0,0,0.0026730059180408716,-5.921875,0,0.013033579103648663,0,0.014958589915878276,tagalog,comment,True,unanimous,3-0,0,0
t1_p43vlxa,1,0.02178117074072361,-3.8046875,0,0.25696083903312683,0,0.06354695314372949,tagalog,comment,True,adjudicator,2-1,1,0
t1_p3ccey6,0,0.017309095710515976,-4.0390625,0,0.18151283264160156,0,0.0543695042431986,taglish,comment,True,majority,3-0,0,0
t1_p5u3p13,0,0.03210070729255676,-3.40625,0,0.33019691705703735,0,0.08252057689322384,taglish,comment,True,majority,3-0,0,0
t1_p7ins7p,0,0.0384661927819252,-3.21875,0,0.46490535140037537,0,0.0931302357788722,taglish,comment,True,majority,3-0,0,0
t1_p50lwcp,0,0.13161905109882355,-1.88671875,0,0.413449764251709,0,0.208480067951333,english,comment,True,majority,3-0,0,0
t1_p5jf81b,1,0.9381240010261536,2.71875,1,0.964067816734314,1,0.8724110087385121,taglish,comment,True,majority,3-0,1,1
t1_p4z3wwu,0,0.0010162440594285727,-6.890625,0,0.004760066978633404,0,0.0075967600897669805,taglish,comment,True,majority,3-0,0,0
t1_p50n1jv,0,0.018404891714453697,-3.9765625,0,0.224300354719162,0,0.05668694277551826,tagalog,comment,True,majority,3-0,0,0
t1_p4zq377,0,0.0017546144081279635,-6.34375,0,0.009212372824549675,0,0.011143326046006437,english,comment,True,adjudicator,3-0,0,0
t1_p50wrf6,0,0.008916127495467663,-4.7109375,0,0.06637256592512131,0,0.03451835590885907,taglish,comment,True,adjudicator,2-1,0,1
t1_p4rckt6,1,0.13753247261047363,-1.8359375,0,0.6219097971916199,0,0.21446746023044666,taglish,comment,True,adjudicator,3-0,1,1
t3_1vdt3b0,0,0.0015487609198316932,-6.46875,0,0.007562283426523209,0,0.01021028474814001,taglish,submission,True,unanimous,3-0,0,0
t1_p73mrwu,0,0.010489092208445072,-4.546875,0,0.05008811876177788,0,0.03860045026908221,taglish,comment,True,majority,3-0,0,0
t1_p7bdchv,0,0.2658804655075073,-1.015625,0,0.6646540760993958,0,0.32779932228712383,taglish,comment,True,unanimous,3-0,0,0
t1_p583iwc,0,0.0033244371879845858,-5.703125,0,0.016484592109918594,0,0.017417337421760517,english,comment,True,majority,3-0,0,0
t1_p50yl0g,0,0.0018969200318679214,-6.265625,0,0.012284877710044384,0,0.011768785934835982,taglish,comment,True,unanimous,3-0,0,0
t1_p50qft6,0,0.0014550630003213882,-6.53125,0,0.005494303070008755,0,0.00977318933019686,english,comment,True,majority,3-0,0,0
t1_p7evinm,0,0.09704755246639252,-2.23046875,0,0.5800095796585083,0,0.17119529346311838,taglish,comment,True,majority,3-0,0,0
t1_p511m6h,0,0.0038244836032390594,-5.5625,0,0.017383897677063942,0,0.019203329965028326,tagalog,comment,True,adjudicator,3-0,0,0
t1_p4yh4um,1,0.03488088399171829,-3.3203125,0,0.40673160552978516,0,0.08723956607260283,english,comment,True,adjudicator,2-1,1,0
t1_p3tid1w,0,0.3933267891407013,-0.433349609375,0,0.7924312949180603,0,0.42398772975693877,taglish,comment,True,unanimous,3-0,0,0
t1_p50sdda,0,0.010570489801466465,-4.5390625,0,0.17052310705184937,0,0.0388059818653298,tagalog,comment,True,majority,3-0,0,0
t1_p7kxprz,0,0.00970847625285387,-4.625,0,0.08712095022201538,0,0.03660181915783433,taglish,comment,True,unanimous,3-0,0,0
t1_p776xfa,1,0.8921873569488525,2.11328125,1,0.960162341594696,1,0.816725122539495,taglish,comment,True,adjudicator,2-1,1,1
t1_p7jfcal,0,0.45063135027885437,-0.1981201171875,0,0.887480616569519,0,0.46503414775585206,tagalog,comment,True,unanimous,3-0,0,0
t1_p2un5ns,0,0.0038244836032390594,-5.5625,0,0.049112021923065186,0,0.019203329965028326,taglish,comment,True,majority,3-0,0,0
t1_p4zq7k0,0,0.053403329104185104,-2.875,0,0.2977801561355591,0,0.11578840175982037,taglish,comment,True,majority,3-0,0,0
t1_p5jutvp,0,0.004399413242936134,-5.421875,0,0.11925160139799118,0,0.02116851463722092,taglish,comment,True,majority,3-0,0,0
t1_p4632da,0,0.009268012829124928,-4.671875,0,0.09902255982160568,0,0.03545081808373031,english,comment,True,majority,3-0,0,0
t1_p4g5mwi,0,0.00130450667347759,-6.640625,0,0.004719066433608532,0,0.009052406927953274,tagalog,comment,True,unanimous,3-0,0,0
t1_p6spagd,0,0.0036499870475381613,-5.609375,0,0.025987762957811356,0,0.01858889461568454,taglish,comment,True,unanimous,3-0,0,0
t1_p52b6w5,1,0.25608712434768677,-1.06640625,0,0.7244567275047302,0,0.319936618946401,tagalog,comment,True,adjudicator,2-1,1,1
t1_p30zqjo,0,0.00130450667347759,-6.640625,0,0.006057760678231716,0,0.009052406927953274,taglish,comment,True,unanimous,3-0,0,0
t1_p6q8dyy,0,0.007876706309616566,-4.8359375,0,0.03422218933701515,0,0.03169082578202977,taglish,comment,True,majority,3-0,0,0
t1_p4xld88,0,0.008916127495467663,-4.7109375,0,0.09729411453008652,0,0.03451835590885907,english,comment,True,majority,3-0,0,0
t1_p4ty1xu,0,0.03185885399580002,-3.4140625,0,0.1747579574584961,0,0.08210329256747433,english,comment,True,majority,3-0,0,0
t1_p741hny,0,0.00628990214318037,-5.0625,0,0.18517397344112396,0,0.02712689253281322,taglish,comment,True,adjudicator,2-1,0,0
t1_p4yge5m,1,0.08756383508443832,-2.34375,0,0.5237860679626465,0,0.16012725836778396,english,comment,True,majority,3-0,1,1
t1_p4r66gd,0,0.07004895806312561,-2.5859375,0,0.49350637197494507,0,0.1384130150425173,taglish,comment,True,unanimous,3-0,0,0
t1_p50arnj,0,0.010248602367937565,-4.5703125,0,0.09166090190410614,0,0.03799010662644487,taglish,comment,True,majority,3-0,0,0
t1_p4zzkbs,0,0.006797531619668007,-4.984375,0,0.0526009276509285,0,0.028623519921703203,english,comment,True,majority,3-0,0,0
t1_p4h4251,0,0.0019267346942797303,-6.25,0,0.011787491850554943,0,0.011897979192344485,taglish,comment,True,majority,3-0,0,0
t1_p7c1nkd,0,0.024798156693577766,-3.671875,0,0.13277503848075867,0,0.06936997202004999,english,comment,True,majority,3-0,0,0
t1_p50q9ps,0,0.0012644219677895308,-6.671875,0,0.004470209591090679,0,0.008856321092910683,taglish,comment,True,unanimous,3-0,0,0
t1_p3sq7q5,0,0.011869121342897415,-4.421875,0,0.12479588389396667,0,0.04201772196445243,english,comment,True,majority,3-0,0,0
t1_p3sjmdm,0,0.005301895085722208,-5.234375,0,0.0411578044295311,0,0.024097324222642443,taglish,comment,True,unanimous,3-0,0,0
t1_p6lczd7,1,0.009125636890530586,-4.6875,0,0.10099257528781891,0,0.03507495652005154,tagalog,comment,True,adjudicator,2-1,1,0
t1_p5xqhdb,0,0.005819959565997124,-5.140625,0,0.09724146127700806,0,0.025706447847561906,tagalog,comment,True,adjudicator,2-1,0,1
t1_p5i8hy7,0,0.004007288720458746,-5.515625,0,0.01980849727988243,0,0.01983766427133824,english,comment,True,majority,3-0,0,0
t1_p7lxvqg,1,0.1710611879825592,-1.578125,0,0.7295657992362976,0,0.24677204616149012,taglish,comment,True,majority,3-0,1,1
t1_p67lq9j,0,0.6656279563903809,0.6884765625,1,0.876994788646698,1,0.619358539686386,taglish,comment,True,majority,3-0,0,0
t1_p7bjjc6,0,0.03488088399171829,-3.3203125,0,0.3340737223625183,0,0.08723956607260283,taglish,comment,True,unanimous,3-0,0,0
t1_p4koesu,0,0.23370636999607086,-1.1875,0,0.6669102907180786,0,0.3016002244832269,taglish,comment,True,majority,3-0,0,0
t1_p501854,0,0.007815889082849026,-4.84375,0,0.03991968557238579,0,0.031521742980397005,english,comment,True,majority,3-0,0,0
t1_p76hfs9,0,0.00857748556882143,-4.75,0,0.058731865137815475,0,0.03360956564508052,taglish,comment,True,majority,3-0,0,0
t1_p73d0f0,0,0.00806199200451374,-4.8125,0,0.2128332257270813,0,0.03220335386549478,taglish,comment,True,unanimous,3-0,0,0
t1_p50v2gu,0,0.0014779430348426104,-6.515625,0,0.007291737943887711,0,0.009880694720057433,taglish,comment,True,adjudicator,2-1,0,0
t1_p5crzci,0,0.25201570987701416,-1.087890625,0,0.7559313178062439,0,0.31664032178008733,english,comment,True,adjudicator,2-1,0,0
t1_p6lcagm,1,0.4930424094200134,-0.02783203125,0,0.8237209320068359,0,0.4950801042853439,english,comment,True,adjudicator,2-1,1,0
t1_p5ynzyn,0,0.36116471886634827,-0.5703125,0,0.6941646337509155,0,0.4005265005358788,tagalog,comment,True,adjudicator,2-1,0,0
t1_p4o8ufm,0,0.024798156693577766,-3.671875,0,0.3180727958679199,0,0.06936997202004999,taglish,comment,True,unanimous,3-0,0,0
t1_p61i1gn,0,0.44744521379470825,-0.21099853515625,0,0.8404182195663452,0,0.4627694139629389,taglish,comment,True,majority,3-0,0,0
t1_p4zn8yc,0,0.018264278769493103,-3.984375,0,0.22889429330825806,0,0.0563922628624932,english,comment,True,adjudicator,2-1,0,1
t1_p3j03ka,0,0.01798621006309986,-4.0,0,0.16581997275352478,0,0.05580721920716969,taglish,comment,True,majority,3-0,0,0
t1_p50l2mp,0,0.0013885231455788016,-6.578125,0,0.005404190625995398,0,0.009457574010949937,tagalog,comment,True,majority,3-0,0,0
t1_p4hpi0j,0,0.13753247261047363,-1.8359375,0,0.6101404428482056,0,0.21446746023044666,taglish,comment,True,majority,3-0,0,0
t1_p5ufw8r,0,0.00130450667347759,-6.640625,0,0.007040712051093578,0,0.009052406927953274,tagalog,comment,True,adjudicator,2-1,0,0
t1_p3jrorz,0,0.012920473702251911,-4.3359375,0,0.07307028025388718,0,0.044532954461711766,taglish,comment,True,majority,3-0,0,0
t1_p3zn9qn,0,0.2553436756134033,-1.0703125,0,0.7558203935623169,0,0.3193359403527573,english,comment,True,unanimous,3-0,0,0
t1_p7jozg8,0,0.11124119907617569,-2.078125,0,0.6282851099967957,0,0.18702527084932324,english,comment,True,adjudicator,2-1,0,1
t1_p40c491,0,0.8474634885787964,1.71484375,1,0.9458300471305847,1,0.7707547157055783,taglish,comment,True,adjudicator,2-1,0,0
t1_p5daniw,0,0.03308597952127457,-3.375,0,0.2541317641735077,0,0.08420907575286526,taglish,comment,True,majority,3-0,0,0
t1_p7blv4p,1,0.09170696139335632,-2.29296875,0,0.4251794219017029,0,0.1650155001030605,english,comment,True,unanimous,3-0,1,1
t1_p5j1xse,0,0.0012448433553799987,-6.6875,0,0.0062901899218559265,0,0.008759862636132385,english,comment,True,majority,3-0,0,0
t1_p63xitr,0,0.004007288720458746,-5.515625,0,0.02750283107161522,0,0.01983766427133824,english,comment,True,majority,3-0,0,0
t1_p50yybt,1,0.9870795607566833,4.3359375,1,0.9863476753234863,1,0.9554670455382882,english,comment,True,majority,3-0,1,1
t1_p50opwo,0,0.27904197573661804,-0.94921875,0,0.8012325167655945,0,0.33822841330147285,tagalog,comment,True,majority,3-0,0,0
t1_p7jntkg,0,0.4683498740196228,-0.12677001953125,0,0.8303887844085693,0,0.4776050087847411,tagalog,comment,True,adjudicator,2-1,0,0
t1_p3ivjaw,0,0.13753247261047363,-1.8359375,0,0.5696291923522949,0,0.21446746023044666,taglish,comment,True,adjudicator,2-1,0,0
t1_p4r5haf,0,0.01578456163406372,-4.1328125,0,0.17596833407878876,0,0.051060213979399145,taglish,comment,True,majority,3-0,0,0
t1_p4xyecc,0,0.40380191802978516,-0.3896484375,0,0.7451004385948181,0,0.43155169941141375,english,comment,True,majority,3-0,0,0
t1_p4yyamq,0,0.011419614776968956,-4.4609375,0,0.07291769981384277,0,0.040919858474911766,taglish,comment,True,majority,3-0,0,0
t1_p2ebxux,0,0.0023596608079969883,-6.046875,0,0.019795037806034088,0,0.01371052220303113,tagalog,comment,True,majority,3-0,0,0
t1_p6n1mhj,0,0.024237634614109993,-3.6953125,0,0.10484065115451813,0,0.0683076735544845,english,comment,True,majority,3-0,0,0
t1_p61loo0,0,0.006797531619668007,-4.984375,0,0.08065954595804214,0,0.028623519921703203,tagalog,comment,True,majority,3-0,0,0
t1_p7jiwy7,0,0.053799647837877274,-2.8671875,0,0.6455167531967163,0,0.1163551862498442,english,comment,True,adjudicator,2-1,0,0
t1_p3h3106,0,0.609756588935852,0.4462890625,1,0.8549777865409851,1,0.5782452304372122,taglish,comment,True,adjudicator,2-1,0,0
t1_p5jitek,0,0.047074176371097565,-3.0078125,0,0.3914794921875,0,0.10651491539011097,english,comment,True,adjudicator,2-1,0,1
t1_p6ecvgn,0,0.037047166377305984,-3.2578125,0,0.2309342324733734,0,0.0908234893864755,english,comment,True,majority,3-0,0,0
t1_p50pumk,1,0.8701565861701965,1.90234375,1,0.9493368864059448,1,0.7933372480967278,taglish,comment,True,majority,3-0,1,1
t1_p7amgk9,0,0.004264634568244219,-5.453125,0,0.01243675034493208,0,0.020715466009706897,taglish,comment,True,unanimous,3-0,0,0
t1_p5to5mj,0,0.051082734018564224,-2.921875,0,0.34584805369377136,0,0.1124378795635367,taglish,comment,True,majority,3-0,0,0
t1_p4yiwta,0,0.22575782239437103,-1.232421875,0,0.6644339561462402,0,0.29495187299534503,taglish,comment,True,adjudicator,2-1,0,0
t1_p4z7t5f,0,0.33567744493484497,-0.6826171875,0,0.6739171743392944,0,0.38161871715301565,taglish,comment,True,adjudicator,2-1,0,0
t1_p5u85a6,0,0.0011695103021338582,-6.75,0,0.0043912362307310104,0,0.00838433284571872,taglish,comment,True,majority,3-0,0,0
t1_p74iikh,0,0.3361131250858307,-0.6806640625,0,0.7367307543754578,0,0.3819446829142405,english,comment,True,majority,3-0,0,0
t1_p7iadu9,0,0.014957086183130741,-4.1875,0,0.23059982061386108,0,0.04921873691470499,taglish,comment,True,unanimous,3-0,0,0
t3_1vsg6f2,0,0.0022872276604175568,-6.078125,0,0.022586263716220856,0,0.013414902017093479,english,submission,True,majority,3-0,0,0
t1_p1dkqqv,0,0.0019877743907272816,-6.21875,0,0.012096907012164593,0,0.012160583434445938,taglish,comment,True,unanimous,3-0,0,0
t1_p2oi53p,0,0.03358950838446617,-3.359375,0,0.3562402129173279,0,0.08506503979536176,tagalog,comment,True,adjudicator,2-1,0,0
t1_p78lp2b,0,0.011072159744799137,-4.4921875,0,0.14998623728752136,0,0.04006139243430389,taglish,comment,True,majority,3-0,0,0
t1_p5jekfr,1,0.8365545868873596,1.6328125,1,0.9052591323852539,1,0.7603451644827257,english,comment,True,adjudicator,2-1,1,1
t1_p511ge1,0,0.5424694418907166,0.1702880859375,1,0.833042562007904,0,0.5300666457909465,taglish,comment,True,adjudicator,2-1,0,1
t1_p5mgrmy,0,0.0026316740550100803,-5.9375,0,0.020959991961717606,0,0.014796660925601885,english,comment,True,majority,3-0,0,0
t3_1vh636w,0,0.0036499870475381613,-5.609375,0,0.0670538917183876,0,0.01858889461568454,taglish,submission,True,unanimous,3-0,0,0
t1_p63cjp6,0,0.5906611680984497,0.36669921875,1,0.8707622289657593,1,0.5644631032601531,taglish,comment,True,adjudicator,2-1,0,1
t1_p61kh6q,0,0.07159119844436646,-2.5625,0,0.46825242042541504,0,0.1404012728253873,taglish,comment,True,adjudicator,2-1,0,0
t1_p4zfofr,0,0.007636216934770346,-4.8671875,0,0.037604399025440216,0,0.03101971528028186,tagalog,comment,True,majority,3-0,0,0
t1_p51jn6p,0,0.012431650422513485,-4.375,0,0.06852289289236069,0,0.04337234694171856,tagalog,comment,True,unanimous,3-0,0,0
t1_p2ebj8h,0,0.09105828404426575,-2.30078125,0,0.45566368103027344,0,0.1642557440922674,taglish,comment,True,majority,3-0,0,0
t1_p58j6al,0,0.005469274707138538,-5.203125,0,0.0666162297129631,0,0.024622474677955537,taglish,comment,True,unanimous,3-0,0,0
t1_p50rort,1,0.16238003969192505,-1.640625,0,0.5709513425827026,0,0.23864964877250072,tagalog,comment,True,adjudicator,2-1,1,0
t1_p5teo2q,0,0.0023231625091284513,-6.0625,0,0.008360798470675945,0,0.013561917722806668,tagalog,comment,True,adjudicator,3-0,0,0
t1_p5mfv09,0,0.0025909794494509697,-5.953125,0,0.02273821085691452,0,0.014636458795106872,english,comment,True,majority,3-0,0,0
t1_p5ay3w2,0,0.01578456163406372,-4.1328125,0,0.19868218898773193,0,0.051060213979399145,english,comment,True,majority,3-0,0,0
t1_p4zboz5,1,0.6028801798820496,0.41748046875,1,0.8955067992210388,1,0.5732694997956373,taglish,comment,True,majority,3-0,1,1
t1_p50mzxj,0,0.0034834241960197687,-5.65625,0,0.02667064219713211,0,0.017993758241836036,english,comment,True,majority,3-0,0,0
t1_p50sh0g,0,0.022977370768785477,-3.75,0,0.3097238540649414,0,0.06588735899891444,english,comment,True,majority,3-0,0,0
t1_p5d9m2o,0,0.0011160142021253705,-6.796875,0,0.006654053460806608,0,0.008113201767127202,taglish,comment,True,majority,3-0,0,0
t1_p5ds4t0,0,0.00934002548456192,-4.6640625,0,0.04787394404411316,0,0.035640200879961545,english,comment,True,majority,3-0,0,0
t1_p4xv4wc,0,0.006003595422953367,-5.109375,0,0.026516016572713852,0,0.02626572194935037,taglish,comment,True,unanimous,3-0,0,0
t1_p55umsg,0,0.0035380858462303877,-5.640625,0,0.046620335429906845,0,0.018190029052986275,taglish,comment,True,unanimous,3-0,0,0
t1_p7dq8gs,0,0.0018969200318679214,-6.265625,0,0.010197196155786514,0,0.011768785934835982,english,comment,True,majority,3-0,0,0
t1_p5xo9x5,0,0.09773432463407516,-2.22265625,0,0.5021044015884399,0,0.17198054270923138,tagalog,comment,True,majority,3-0,0,0
t1_p7ad3kw,0,0.011331754736602306,-4.46875,0,0.14207163453102112,0,0.04070360507717041,english,comment,True,majority,3-0,0,0
t1_p1pcc8o,0,0.002182716503739357,-6.125,0,0.009743617847561836,0,0.012983223217297994,taglish,comment,True,majority,3-0,0,0
t1_p66lwsz,0,0.52993243932724,0.119873046875,1,0.8514582514762878,0,0.5211780826222635,taglish,comment,True,unanimous,3-0,0,0
t1_p66z66q,0,0.6187804341316223,0.484375,1,0.8888367414474487,1,0.5847988516475157,tagalog,comment,True,majority,3-0,0,0
t1_p6z9cnx,1,0.02280263788998127,-3.7578125,0,0.19933396577835083,0,0.06554817526201474,tagalog,comment,True,adjudicator,3-0,1,1
t1_p6ljb15,0,0.18624301254749298,-1.474609375,0,0.567359447479248,0,0.26062815132844824,english,comment,True,majority,3-0,0,0
t1_p40he7l,0,0.011072159744799137,-4.4921875,0,0.09380233287811279,0,0.04006139243430389,tagalog,comment,True,majority,3-0,0,0
t1_p5d4xa3,0,0.3172147274017334,-0.7666015625,0,0.8170492053031921,0,0.3677063735589777,tagalog,comment,True,adjudicator,2-1,0,1
t1_p1n6nx2,0,0.007345826830714941,-4.90625,0,0.06745943427085876,0,0.03020015508288496,taglish,comment,True,majority,3-0,0,0
t1_p77i1vp,0,0.007876706309616566,-4.8359375,0,0.10029339790344238,0,0.03169082578202977,tagalog,comment,True,majority,3-0,0,0
t1_p7bdfei,1,0.7981867790222168,1.375,1,0.8608383536338806,1,0.7255720888643419,english,comment,True,adjudicator,2-1,1,1
t1_p7dqk88,0,0.012053778395056725,-4.40625,0,0.08234597742557526,0,0.04246470772759495,english,comment,True,majority,3-0,0,0
t1_p7bcx2x,1,0.8984104990959167,2.1796875,1,0.9413716793060303,1,0.8236495332228994,english,comment,True,adjudicator,2-1,1,0
t1_p712c9x,1,0.05541279539465904,-2.8359375,0,0.41300246119499207,0,0.11864646578965246,taglish,comment,True,majority,3-0,1,1
t1_p7jfm0n,0,0.015072628855705261,-4.1796875,0,0.15043652057647705,0,0.04947789684217883,taglish,comment,True,majority,3-0,0,0
t1_p5tebd0,0,0.6526842713356018,0.630859375,1,0.867750883102417,1,0.6097079916535789,taglish,comment,True,adjudicator,2-1,0,1
t1_p73hy9v,0,0.01956867426633835,-3.9140625,0,0.16067619621753693,0,0.05909698637710714,taglish,comment,True,majority,3-0,0,0
t1_p6zfwd4,0,0.5816001892089844,0.329345703125,1,0.8445701599121094,1,0.5579589346431135,tagalog,comment,True,adjudicator,2-1,0,1
t1_p6kcoqx,0,0.7367795705795288,1.029296875,1,0.85201495885849,1,0.6743273193517338,english,comment,True,adjudicator,2-1,0,0
t1_p1km08o,0,0.00178219610825181,-6.328125,0,0.0049677263014018536,0,0.01126573151502374,taglish,comment,True,unanimous,3-0,0,0
t1_p5w0uzx,0,0.0016484829830005765,-6.40625,0,0.011928725056350231,0,0.010666718212494087,taglish,comment,True,unanimous,3-0,0,0
t1_p66wkpx,0,0.2516477108001709,-1.08984375,0,0.650958776473999,0,0.3163415630693913,english,comment,True,unanimous,3-0,0,0
t1_p518dkq,0,0.0018969200318679214,-6.265625,0,0.006983684375882149,0,0.011768785934835982,taglish,comment,True,majority,3-0,0,0
t1_p50cdu9,0,0.006003595422953367,-5.109375,0,0.03680863603949547,0,0.02626572194935037,taglish,comment,True,unanimous,3-0,0,0
t1_p5jdevd,0,0.011597361415624619,-4.4453125,0,0.1682412475347519,0,0.04135566931567037,taglish,comment,True,majority,3-0,0,0
t1_p7dmu6b,0,0.0027576221618801355,-5.890625,0,0.024753525853157043,0,0.015287700765514126,english,comment,True,majority,3-0,0,0
t1_p7jbpxq,0,0.0038844766095280647,-5.546875,0,0.025529911741614342,0,0.019412533625929863,taglish,comment,True,majority,3-0,0,0
t1_p7hzj2m,0,0.02779562398791313,-3.5546875,0,0.24716097116470337,0,0.07491415807570487,taglish,comment,True,majority,3-0,0,0
t1_p5bblpq,0,0.004905405919998884,-5.3125,0,0.023142993450164795,0,0.022831793770536908,english,comment,True,majority,3-0,0,0
t1_p22ksro,0,0.0023231625091284513,-6.0625,0,0.015657465904951096,0,0.013561917722806668,taglish,comment,True,majority,3-0,0,0
t1_p50m7eo,0,0.0038244836032390594,-5.5625,0,0.02933189831674099,0,0.019203329965028326,taglish,comment,True,majority,3-0,0,0
t1_p50p28n,1,0.039048291742801666,-3.203125,0,0.3469559848308563,0,0.0940675666233516,taglish,comment,True,adjudicator,3-0,1,1
t1_p6sk7e2,0,0.022457052022218704,-3.7734375,0,0.328622043132782,0,0.06487467386350963,taglish,comment,True,majority,3-0,0,0
t1_p665j5q,0,0.0030278346966952085,-5.796875,0,0.021146174520254135,0,0.01631838940158481,tagalog,comment,True,majority,3-0,0,0
t1_p50485d,0,0.0013458605390042067,-6.609375,0,0.005604713689535856,0,0.00925279372596265,taglish,comment,True,majority,3-0,0,0
t1_p4zydk1,0,0.01384861022233963,-4.265625,0,0.1685532182455063,0,0.04669702271120813,taglish,comment,True,unanimous,3-0,0,0
t1_p5avzgq,0,0.8164063692092896,1.4921875,1,0.9504146575927734,1,0.741759912733077,english,comment,True,unanimous,3-0,0,0
t1_p7bz6qx,0,0.015306354500353336,-4.1640625,0,0.20837490260601044,0,0.05000010203636064,taglish,comment,True,unanimous,3-0,0,0
t1_p5jplej,1,0.009125636890530586,-4.6875,0,0.09573938697576523,0,0.03507495652005154,taglish,comment,True,adjudicator,2-1,1,1
t1_p3mddxw,0,0.03760863468050957,-3.2421875,0,0.3629361093044281,0,0.09173995208282898,tagalog,comment,True,unanimous,3-0,0,0
t1_p6z64zd,1,0.2617081105709076,-1.037109375,0,0.6845924854278564,0,0.3244606657037798,english,comment,True,adjudicator,2-1,1,1
t1_p7c4h6z,0,0.9899863600730896,4.59375,1,0.992827296257019,1,0.9626109616839019,tagalog,comment,True,adjudicator,2-1,0,1
t1_p78p69y,0,0.008445627056062222,-4.765625,0,0.08272857964038849,0,0.03325255266167992,tagalog,comment,True,unanimous,3-0,0,0
t1_p50omfq,0,0.006589771714061499,-5.015625,0,0.04822469502687454,0,0.028015485840151812,tagalog,comment,True,adjudicator,2-1,0,0
t1_p50mcfc,0,0.0014103584690019488,-6.5625,0,0.004820129368454218,0,0.0095616411459085,taglish,comment,True,majority,3-0,0,0
t1_p29kchz,0,0.001048469333909452,-6.859375,0,0.004028541501611471,0,0.0077651767524600495,taglish,comment,True,unanimous,3-0,0,0
t1_p4ymrmw,0,0.04146227613091469,-3.140625,0,0.31397169828414917,0,0.0979019071442234,tagalog,comment,True,adjudicator,2-1,0,0
t1_p7hdt2u,1,0.012624949216842651,-4.359375,0,0.07913873344659805,0,0.0438330838818733,taglish,comment,True,majority,3-0,1,1
t1_p7bpwf4,0,0.05146276578307152,-2.9140625,0,0.39861059188842773,0,0.11299035904337178,tagalog,comment,True,adjudicator,2-1,0,0
t1_p5wl81n,0,0.18010665476322174,-1.515625,0,0.5806465148925781,0,0.2550782696168746,taglish,comment,True,majority,3-0,0,0
t1_p41nqdy,0,0.013121269643306732,-4.3203125,0,0.058310043066740036,0,0.045005440308668467,taglish,comment,True,majority,3-0,0,0
t1_p29jy3w,0,0.002396730938926339,-6.03125,0,0.011590610258281231,0,0.013860732134132955,tagalog,comment,True,majority,3-0,0,0
t1_p7jgmxu,0,0.020023442804813385,-3.890625,0,0.344130277633667,0,0.06002527175738791,english,comment,True,adjudicator,3-0,0,0
t1_p5jf9rz,0,0.02822098508477211,-3.5390625,0,0.1409435272216797,0,0.07568344974634346,english,comment,True,majority,3-0,0,0
t1_p3md5fw,0,0.005469274707138538,-5.203125,0,0.05827202647924423,0,0.024622474677955537,taglish,comment,True,unanimous,3-0,0,0
t1_p526re9,0,0.14175598323345184,-1.80078125,0,0.7352337837219238,0,0.218685243658728,tagalog,comment,True,adjudicator,2-1,0,1
t1_p7bu7wl,0,0.0061929901130497456,-5.078125,0,0.04830196499824524,0,0.026836828561741147,taglish,comment,True,majority,3-0,0,0
t1_p7i5myb,0,0.2762998044490814,-0.962890625,0,0.7183408737182617,0,0.3360679383448242,tagalog,comment,True,adjudicator,2-1,0,0
t1_p7bzzeh,0,0.9492946267127991,2.9296875,1,0.9781612753868103,1,0.8881122392610248,tagalog,comment,True,adjudicator,2-1,0,1
t1_p56rxu2,0,0.0055549247190356255,-5.1875,0,0.035066403448581696,0,0.024889217079120923,taglish,comment,True,unanimous,3-0,0,0
t1_p69177s,0,0.00407013762742281,-5.5,0,0.022248655557632446,0,0.02005363716108665,taglish,comment,True,majority,3-0,0,0
t1_p77yp8e,1,0.4790162444114685,-0.083984375,0,0.8899472951889038,0,0.48515788143423283,english,comment,True,majority,3-0,1,1
t1_p5iy195,1,0.19528697431087494,-1.416015625,0,0.6832180023193359,0,0.2686909622514298,english,comment,True,majority,3-0,1,1
t1_p7a2227,0,0.7439128756523132,1.06640625,1,0.9279624819755554,1,0.680063381053599,tagalog,comment,True,adjudicator,2-1,0,0
t1_p7c01oq,0,0.016657039523124695,-4.078125,0,0.09882821887731552,0,0.05296675016201559,english,comment,True,unanimous,3-0,0,0
t1_p6sm07x,0,0.03384403511881828,-3.3515625,0,0.3742970824241638,0,0.08549597492194466,taglish,comment,True,unanimous,3-0,0,0
t1_p7il0rq,0,0.39187130331993103,-0.439453125,0,0.8170182108879089,0,0.4229340540620261,tagalog,comment,True,adjudicator,2-1,0,1
t1_p4xo63e,0,0.00628990214318037,-5.0625,0,0.07162296772003174,0,0.02712689253281322,taglish,comment,True,majority,3-0,0,0
t1_p5tgom3,0,0.14804720878601074,-1.75,0,0.574171245098114,0,0.22488245121251346,taglish,comment,True,adjudicator,2-1,0,0
t1_p46fmwr,0,0.015189048834145069,-4.171875,0,0.1362352818250656,0,0.04973834998275411,taglish,comment,True,majority,3-0,0,0
t3_1vrm69f,0,0.0011879054363816977,-6.734375,0,0.004059349652379751,0,0.008476691551091157,taglish,submission,True,majority,3-0,0,0
t3_1vrkxur,0,0.00214894930832088,-6.140625,0,0.005534039344638586,0,0.012842399081709267,english,submission,True,unanimous,3-0,0,0
t1_p5j9vol,0,0.012431650422513485,-4.375,0,0.1252254843711853,0,0.04337234694171856,taglish,comment,True,majority,3-0,0,0
t1_p7jq3lh,1,0.8976953029632568,2.171875,1,0.9626611471176147,1,0.8228456921769675,taglish,comment,True,adjudicator,2-1,1,1
t1_p77b2br,0,0.14608725905418396,-1.765625,0,0.648524284362793,0,0.2229624316241024,tagalog,comment,True,adjudicator,2-1,0,0
t1_p5bpnf3,1,0.35801631212234497,-0.583984375,0,0.7385721206665039,0,0.398207539211416,tagalog,comment,True,adjudicator,2-1,1,1
t1_p7jfmhx,0,0.002082970691844821,-6.171875,0,0.00888936035335064,0,0.012565258513582124,tagalog,comment,True,adjudicator,2-1,0,0
t3_1vls88l,0,0.013325147330760956,-4.3046875,0,0.09764397144317627,0,0.04548270050622369,taglish,submission,True,majority,3-0,0,0
t3_1vraxjg,0,0.002889581024646759,-5.84375,0,0.01889094151556492,0,0.015794774931614106,tagalog,submission,True,unanimous,3-0,0,0
t3_1vr49in,0,0.0016484829830005765,-6.40625,0,0.010016292333602905,0,0.010666718212494087,taglish,submission,True,majority,3-0,0,0
t3_1vk7hh7,0,0.01652955636382103,-4.0859375,0,0.19232194125652313,0,0.052690328990979494,taglish,submission,True,unanimous,3-0,0,0
t1_p30urcu,0,0.022977370768785477,-3.75,0,0.14092513918876648,0,0.06588735899891444,taglish,comment,True,majority,3-0,0,0
t3_1vrsds7,0,0.0017546144081279635,-6.34375,0,0.009824532084167004,0,0.011143326046006437,taglish,submission,True,majority,3-0,0,0
t1_p5drlyn,0,0.028870904818177223,-3.515625,0,0.19721797108650208,0,0.07685099231829287,taglish,comment,True,majority,3-0,0,0
t3_1vrlb91,0,0.1761041283607483,-1.54296875,0,0.6354280710220337,0,0.2514218001769959,tagalog,submission,True,unanimous,3-0,0,0
t1_p7c5jmi,0,0.005819959565997124,-5.140625,0,0.09151007980108261,0,0.025706447847561906,taglish,comment,True,unanimous,3-0,0,0
t3_1vrjdew,0,0.0025114635936915874,-5.984375,0,0.01409735344350338,0,0.014321163867260506,taglish,submission,True,unanimous,3-0,0,0
t3_1vrjdvz,0,0.007937993854284286,-4.828125,0,0.065025694668293,0,0.03186078570772782,english,submission,True,majority,3-0,0,0
t1_p5bnajy,0,0.012241275049746037,-4.390625,0,0.08055630326271057,0,0.04291623551910936,taglish,comment,True,majority,3-0,0,0
t1_p4yxeir,0,0.0029349515680223703,-5.828125,0,0.03916734829545021,0,0.01596744986773952,taglish,comment,True,unanimous,3-0,0,0
t1_p5bcfe7,0,0.08359067142009735,-2.39453125,0,0.4609174132347107,0,0.15535687847255056,tagalog,comment,True,adjudicator,2-1,0,0
t1_p5x0pr5,0,0.12463856488466263,-1.94921875,0,0.688562273979187,0,0.20128123414958418,taglish,comment,True,majority,3-0,0,0
t1_p42sbnk,0,0.18476749956607819,-1.484375,0,0.6545631885528564,0,0.2592996858131928,english,comment,True,adjudicator,2-1,0,1
t1_p3z9udn,0,0.013955711387097836,-4.2578125,0,0.27003687620162964,0,0.046943560205248175,tagalog,comment,True,adjudicator,2-1,0,1
t1_p6ykmaf,0,0.008380454033613205,-4.7734375,0,0.14573776721954346,0,0.033075422061623325,taglish,comment,True,majority,3-0,0,0
t1_p7cb4mf,0,0.7725306153297424,1.22265625,1,0.9452561736106873,1,0.7036100948272015,taglish,comment,True,adjudicator,2-1,0,1
t1_p7cateh,0,0.005384938325732946,-5.21875,0,0.08711478114128113,0,0.024358519593292292,english,comment,True,adjudicator,3-0,0,0
t1_p5ax3me,0,0.09138210862874985,-2.296875,0,0.35011082887649536,0,0.16463527020817395,english,comment,True,unanimous,3-0,0,0
t1_p4n4boi,0,0.004681822843849659,-5.359375,0,0.010561550967395306,0,0.022103877481344885,taglish,comment,True,unanimous,3-0,0,0
t1_p7d4hyl,0,0.029535338282585144,-3.4921875,0,0.23286323249340057,0,0.07803502557392318,tagalog,comment,True,majority,3-0,0,0
t1_p6xc120,0,0.002217013156041503,-6.109375,0,0.019331181421875954,0,0.013125571036409624,english,comment,True,majority,3-0,0,0
t1_p7ji80y,0,0.3555510938167572,-0.5947265625,0,0.8669065237045288,0,0.39638869208984934,tagalog,comment,True,adjudicator,3-0,0,0
t1_p48219n,0,0.01384861022233963,-4.265625,0,0.06377088278532028,0,0.04669702271120813,taglish,comment,True,unanimous,3-0,0,0
t1_p4x17nv,0,0.02931223064661026,-3.5,0,0.2293749451637268,0,0.0776385040684186,english,comment,True,majority,3-0,0,0
t1_p512g6p,0,0.006797531619668007,-4.984375,0,0.048715006560087204,0,0.028623519921703203,taglish,comment,True,unanimous,3-0,0,0
t1_p405udj,0,0.001674399245530367,-6.390625,0,0.011926605366170406,0,0.0107839454082915,english,comment,True,majority,3-0,0,0
t1_p50s4g3,0,0.0011335690505802631,-6.78125,0,0.006296632811427116,0,0.008202598498628836,taglish,comment,True,unanimous,3-0,0,0
t1_p77offy,0,0.2802222669124603,-0.943359375,0,0.8107398748397827,0,0.3391564070782426,tagalog,comment,True,unanimous,3-0,0,0
t1_p6647je,0,0.014281933195888996,-4.234375,0,0.2806774377822876,0,0.047690617799459115,taglish,comment,True,majority,3-0,0,0
t1_p6ujsl2,0,0.007011795416474342,-4.953125,0,0.08044780790805817,0,0.029244353425029627,taglish,comment,True,majority,3-0,0,0
t1_p58wxqa,0,0.003429603995755315,-5.671875,0,0.03435823321342468,0,0.017799566803322817,tagalog,comment,True,adjudicator,2-1,0,0
t1_p5ax31n,0,0.1859472095966339,-1.4765625,0,0.546667754650116,0,0.26036210598772164,taglish,comment,True,majority,3-0,0,0
t1_p656etn,0,0.006692850962281227,-5.0,0,0.06603477895259857,0,0.028317918542645672,tagalog,comment,True,adjudicator,2-1,0,0
t1_p7cade5,0,0.026155617088079453,-3.6171875,0,0.2755041718482971,0,0.07190836916098524,taglish,comment,True,unanimous,3-0,0,0
t1_p5j4w1q,0,0.20497775077819824,-1.35546875,0,0.686599612236023,0,0.27718640508562015,tagalog,comment,True,majority,3-0,0,0
t1_p3ytunr,0,0.11240508407354355,-2.06640625,0,0.607318639755249,0,0.18828846154031142,taglish,comment,True,unanimous,3-0,0,0
t1_p6z6haf,0,0.8050197958946228,1.41796875,1,0.8890743255615234,1,0.7315803255442179,tagalog,comment,True,adjudicator,2-1,0,0
t1_p42ctwk,0,0.8832359910011292,2.0234375,1,0.9693822264671326,1,0.8070238129284973,taglish,comment,True,unanimous,3-0,0,0
t1_p7c8psr,0,0.9241418242454529,2.5,1,0.9704000949859619,1,0.8541797500063807,english,comment,True,majority,3-0,0,0
t1_p4y23az,0,0.09401018172502518,-2.265625,0,0.5092427134513855,0,0.16769685714641921,taglish,comment,True,adjudicator,2-1,0,0
t1_p4ylfct,0,0.009055264294147491,-4.6953125,0,0.07229017466306686,0,0.03488846862350986,english,comment,True,majority,3-0,0,0
t1_p5chztg,1,0.18010665476322174,-1.515625,0,0.8132511377334595,0,0.2550782696168746,taglish,comment,True,majority,3-0,1,1
t1_p5xr7b5,0,0.00740301376208663,-4.8984375,0,0.059554170817136765,0,0.03036237112433879,taglish,comment,True,unanimous,3-0,0,0
t1_p57021y,0,0.07004895806312561,-2.5859375,0,0.5120878219604492,0,0.1384130150425173,english,comment,True,adjudicator,2-1,0,1
t1_p6yl5e6,0,0.0027576221618801355,-5.890625,0,0.015128511004149914,0,0.015287700765514126,tagalog,comment,True,unanimous,3-0,0,0
t1_p50xs4l,0,0.007876706309616566,-4.8359375,0,0.07796754688024521,0,0.03169082578202977,taglish,comment,True,majority,3-0,0,0
t1_p50z0yp,0,0.0012644219677895308,-6.671875,0,0.005648727994412184,0,0.008856321092910683,tagalog,comment,True,adjudicator,3-0,0,0
t1_p51cdqw,0,0.014957086183130741,-4.1875,0,0.14154791831970215,0,0.04921873691470499,tagalog,comment,True,majority,3-0,0,0
t1_p4zim5z,0,0.11436852067708969,-2.046875,0,0.48825156688690186,0,0.1904083215689367,english,comment,True,majority,3-0,0,0
t1_p4zgnjj,0,0.35220175981521606,-0.609375,0,0.5850582122802734,0,0.3939130650828091,english,comment,True,adjudicator,2-1,0,0
t1_p3292q1,0,0.00970847625285387,-4.625,0,0.09212890267372131,0,0.03660181915783433,taglish,comment,True,majority,3-0,0,0
t1_p3bw101,0,0.04569203034043312,-3.0390625,0,0.3811798095703125,0,0.10443015846551057,taglish,comment,True,unanimous,3-0,0,0
t1_p65yzii,0,0.2372223436832428,-1.16796875,0,0.7412058711051941,0,0.3045172181525526,tagalog,comment,True,adjudicator,2-1,0,0
t1_p3egd14,0,0.001367025775834918,-6.59375,0,0.016027022153139114,0,0.009354628825668607,tagalog,comment,True,majority,3-0,0,0
t1_p4zxuyp,0,0.30404168367385864,-0.828125,0,0.745241641998291,0,0.3576513023204236,tagalog,comment,True,unanimous,3-0,0,0
t1_p79f15y,0,0.007232763804495335,-4.921875,0,0.071208655834198,0,0.029878238390907273,taglish,comment,True,majority,3-0,0,0
t1_p5jeeo2,0,0.27904197573661804,-0.94921875,0,0.5683521032333374,0,0.33822841330147285,english,comment,True,majority,3-0,0,0
t1_p6qmdda,0,0.06142404302954674,-2.7265625,0,0.35832589864730835,0,0.12697534835919577,taglish,comment,True,majority,3-0,0,0
t1_p7ckyo4,0,0.012722708284854889,-4.3515625,0,0.17249420285224915,0,0.0440652000880723,english,comment,True,adjudicator,3-0,0,0
t1_p6osg9i,0,0.004538431763648987,-5.390625,0,0.02444695495069027,0,0.021631252607868294,taglish,comment,True,unanimous,3-0,0,0
t1_p7jio5d,0,0.16398024559020996,-1.62890625,0,0.7809141874313354,0,0.24015851488636422,taglish,comment,True,unanimous,3-0,0,0
t1_p46d5xl,0,0.010489092208445072,-4.546875,0,0.11934217065572739,0,0.03860045026908221,taglish,comment,True,unanimous,3-0,0,0
t1_p7d3k69,0,0.15713684260845184,-1.6796875,0,0.6104289293289185,0,0.23366724258178811,taglish,comment,True,unanimous,3-0,0,0
t1_p519erp,0,0.00857748556882143,-4.75,0,0.0813012421131134,0,0.03360956564508052,taglish,comment,True,majority,3-0,0,0
t1_p50px1x,0,0.0020190139766782522,-6.203125,0,0.017250265926122665,0,0.012294024189592136,taglish,comment,True,majority,3-0,0,0
t1_p799dl2,1,0.06705629080533981,-2.6328125,0,0.45683297514915466,0,0.13450740420842003,tagalog,comment,True,adjudicator,2-1,1,0
t1_p7c35am,0,0.012431650422513485,-4.375,0,0.14078396558761597,0,0.04337234694171856,taglish,comment,True,unanimous,3-0,0,0
t1_p331rpg,0,0.005819959565997124,-5.140625,0,0.05586066097021103,0,0.025706447847561906,taglish,comment,True,majority,3-0,0,0
t1_p4zi4fy,0,0.9219217896461487,2.46875,1,0.9738157987594604,1,0.8514058127704012,tagalog,comment,True,adjudicator,2-1,0,1
t1_p4zmgwq,0,0.0011695103021338582,-6.75,0,0.007755312602967024,0,0.00838433284571872,english,comment,True,majority,3-0,0,0
t1_p6ql3fc,0,0.5938448309898376,0.3798828125,1,0.9199668765068054,1,0.5667535240462277,tagalog,comment,True,adjudicator,2-1,0,0
t1_p6yp870,0,0.0039454069919884205,-5.53125,0,0.017708702012896538,0,0.01962397077913328,english,comment,True,majority,3-0,0,0
t1_p50p426,0,0.0014550630003213882,-6.53125,0,0.0067225368693470955,0,0.00977318933019686,tagalog,comment,True,majority,3-0,0,0
t1_p6egbjt,0,0.011419614776968956,-4.4609375,0,0.10792732238769531,0,0.040919858474911766,taglish,comment,True,unanimous,3-0,0,0
t1_p518uqr,0,0.0025909794494509697,-5.953125,0,0.01497963722795248,0,0.014636458795106872,taglish,comment,True,unanimous,3-0,0,0
t1_p6peop2,0,0.0025509123224765062,-5.96875,0,0.007734017446637154,0,0.014477965669714809,english,comment,True,majority,3-0,0,0
t1_p6zcj7d,1,0.907967209815979,2.2890625,1,0.9678539633750916,1,0.8346035657181623,taglish,comment,True,unanimous,3-0,1,1
t1_p7ktzkw,0,0.006797531619668007,-4.984375,0,0.06916369497776031,0,0.028623519921703203,taglish,comment,True,unanimous,3-0,0,0
t1_p5h9246,0,0.007815889082849026,-4.84375,0,0.13651427626609802,0,0.031521742980397005,tagalog,comment,True,unanimous,3-0,0,0
t1_p4wvboo,1,0.007937993854284286,-4.828125,0,0.20804420113563538,0,0.03186078570772782,taglish,comment,True,unanimous,3-0,1,1
t1_p2k5vbg,0,0.08419108390808105,-2.38671875,0,0.6188955307006836,0,0.1560831605121485,taglish,comment,True,adjudicator,2-1,0,0
t1_p6w0hqd,0,0.00407013762742281,-5.5,0,0.032743774354457855,0,0.02005363716108665,taglish,comment,True,majority,3-0,0,0
t1_p1lh5c8,0,0.49548354744911194,-0.01806640625,0,0.8423678278923035,0,0.49680632384045537,taglish,comment,True,majority,3-0,0,0
t1_p5d81vf,0,0.00806199200451374,-4.8125,0,0.036321159452199936,0,0.03220335386549478,taglish,comment,True,unanimous,3-0,0,0
t1_p3zpkmt,0,0.027169233188033104,-3.578125,0,0.1869698464870453,0,0.07377368894927801,taglish,comment,True,majority,3-0,0,0
t1_p3jej5g,0,0.06278920918703079,-2.703125,0,0.5272312760353088,0,0.12882387356573421,taglish,comment,True,majority,3-0,0,0
t1_p6mmf5h,0,0.0026730059180408716,-5.921875,0,0.008354423567652702,0,0.014958589915878276,english,comment,True,majority,3-0,0,0
t1_p50r0pv,0,0.0038244836032390594,-5.5625,0,0.025390958413481712,0,0.019203329965028326,taglish,comment,True,adjudicator,2-1,0,1
t1_p4n33vx,0,0.010489092208445072,-4.546875,0,0.10881900042295456,0,0.03860045026908221,english,comment,True,unanimous,3-0,0,0
t1_p4zjv5z,0,0.001957016997039318,-6.234375,0,0.008648617193102837,0,0.01202857342181876,taglish,comment,True,majority,3-0,0,0
t1_p3ecxsz,0,0.03488088399171829,-3.3203125,0,0.30820128321647644,0,0.08723956607260283,tagalog,comment,True,majority,3-0,0,0
t1_p4z1ego,1,0.38711094856262207,-0.45947265625,0,0.6965141296386719,0,0.4194829644834712,english,comment,True,adjudicator,2-1,1,1
t1_p5jkmex,0,0.005139610730111599,-5.265625,0,0.03610837459564209,0,0.023583103416054976,english,comment,True,majority,3-0,0,0
t1_p5aznf0,0,0.008187909610569477,-4.796875,0,0.1278572976589203,0,0.03254948149163486,english,comment,True,adjudicator,2-1,0,0
t1_p5tlgoq,0,0.8519527316093445,1.75,1,0.9576091766357422,1,0.7751175487874866,english,comment,True,majority,3-0,0,0
t1_p4ys9aq,0,0.1772405207157135,-1.53515625,0,0.4934978485107422,0,0.2524629442291831,tagalog,comment,True,adjudicator,2-1,0,0
t1_p7bp9yi,0,0.26473838090896606,-1.021484375,0,0.7863103747367859,0,0.3268870322541843,tagalog,comment,True,adjudicator,2-1,0,1
t1_p7iylz1,0,0.0071214293129742146,-4.9375,0,0.11744844913482666,0,0.0295596485589102,taglish,comment,True,unanimous,3-0,0,0
t1_p4d15kd,0,0.0030753696337342262,-5.78125,0,0.01589903235435486,0,0.01649669275652105,tagalog,comment,True,adjudicator,3-0,0,0
t1_p6mkfs1,0,0.13028542697429657,-1.8984375,0,0.3842872977256775,0,0.20711598001382428,english,comment,True,majority,3-0,0,0
t1_p6072sb,0,0.012241275049746037,-4.390625,0,0.1562040150165558,0,0.04291623551910936,taglish,comment,True,majority,3-0,0,0
t1_p3mpua1,0,0.009196552447974682,-4.6796875,0,0.12265016883611679,0,0.035262404821513764,taglish,comment,True,unanimous,3-0,0,0
t1_p5j682m,0,0.06512754410505295,-2.6640625,0,0.39490365982055664,0,0.13195568061606766,tagalog,comment,True,majority,3-0,0,0
t1_p50znms,0,0.2635993957519531,-1.02734375,0,0.6706738471984863,0,0.32597604994742985,english,comment,True,adjudicator,2-1,0,0
t1_p4xkwys,0,0.008916127495467663,-4.7109375,0,0.05277309939265251,0,0.03451835590885907,taglish,comment,True,majority,3-0,0,0
t3_1vs22xc,0,0.004755199886858463,-5.34375,0,0.03894326835870743,0,0.02234396022753802,english,submission,True,majority,3-0,0,0
t1_p4yj21n,0,0.04569203034043312,-3.0390625,0,0.4280046820640564,0,0.10443015846551057,taglish,comment,True,unanimous,3-0,0,0
t1_p77tjok,0,0.0541987307369709,-2.859375,0,0.4494929313659668,0,0.11692437827488553,tagalog,comment,True,unanimous,3-0,0,0
t1_p7c7pvt,0,0.0061450921930372715,-5.0859375,0,0.03862803429365158,0,0.026692929794180885,english,comment,True,unanimous,3-0,0,0
t1_p5ze5x9,0,0.011687257327139378,-4.4375,0,0.07451919466257095,0,0.04157523691085933,english,comment,True,adjudicator,2-1,0,0
t1_p5rfv1p,0,0.009196552447974682,-4.6796875,0,0.07162309437990189,0,0.035262404821513764,english,comment,True,majority,3-0,0,0
t1_p6zluee,0,0.5165345072746277,0.066162109375,1,0.7909263968467712,0,0.511693786265757,tagalog,comment,True,adjudicator,2-1,0,0
t1_p72w912,0,0.048136770725250244,-2.984375,0,0.397676557302475,0,0.10810245800563088,taglish,comment,True,majority,3-0,0,0
t1_p7cdx8s,0,0.0038844766095280647,-5.546875,0,0.027124833315610886,0,0.019412533625929863,tagalog,comment,True,majority,3-0,0,0
t1_p4zc11o,0,0.0014779430348426104,-6.515625,0,0.011004745028913021,0,0.009880694720057433,taglish,comment,True,unanimous,3-0,0,0
t1_p5bwjxn,0,0.0012065897462889552,-6.71875,0,0.007673264946788549,0,0.00857005885294769,taglish,comment,True,majority,3-0,0,0
t1_p6z6nid,1,0.37250518798828125,-0.521484375,0,0.7612229585647583,0,0.40884427526843653,english,comment,True,adjudicator,2-1,1,1
t1_p7lwr2r,0,0.018978038802742958,-3.9453125,0,0.18131379783153534,0,0.057880192522757994,taglish,comment,True,unanimous,3-0,0,0
t1_p1neozm,0,0.07369627058506012,-2.53125,0,0.4945828914642334,0,0.1430893933968181,tagalog,comment,True,majority,3-0,0,0
t1_p7bj1l6,0,0.8524448275566101,1.75390625,1,0.9549063444137573,1,0.7755986517116744,taglish,comment,True,unanimous,3-0,0,0
t1_p74mfh3,0,0.004982269834727049,-5.296875,0,0.028446374461054802,0,0.023079596229234063,english,comment,True,majority,3-0,0,0
t3_1ves9p5,0,0.0012065897462889552,-6.71875,0,0.005177670158445835,0,0.00857005885294769,taglish,submission,True,unanimous,3-0,0,0
t1_p50rieo,0,0.023870835080742836,-3.7109375,0,0.24048766493797302,0,0.06760786995852916,tagalog,comment,True,adjudicator,3-0,0,0
t1_p5btn4j,0,0.0030753696337342262,-5.78125,0,0.013646639883518219,0,0.01649669275652105,english,comment,True,majority,3-0,0,0
t1_p3j76ua,0,0.1155608743429184,-2.03515625,0,0.5573970079421997,0,0.19168897415937572,english,comment,True,unanimous,3-0,0,0
t1_p79tytc,0,0.005060331430286169,-5.28125,0,0.056986354291439056,0,0.023330023973580267,english,comment,True,majority,3-0,0,0
t1_p7cqylp,0,0.003172682598233223,-5.75,0,0.017148399725556374,0,0.01685906493442356,taglish,comment,True,unanimous,3-0,0,0
t1_p7cc1fo,0,0.12378870695829391,-1.95703125,0,0.45844587683677673,0,0.20039457842755048,taglish,comment,True,unanimous,3-0,0,0
t1_p3bbbab,0,0.01353214867413044,-4.2890625,0,0.13732360303401947,0,0.045964778213865,english,comment,True,majority,3-0,0,0
t1_p753pw8,0,0.18068422377109528,-1.51171875,0,0.6154918074607849,0,0.25560346726048416,tagalog,comment,True,adjudicator,2-1,0,0
t1_p6xi5u9,0,0.21700547635555267,-1.283203125,0,0.7349481582641602,0,0.28754003234634234,tagalog,comment,True,adjudicator,2-1,0,0
t1_p1n6zcj,0,0.017045317217707634,-4.0546875,0,0.25713634490966797,0,0.05380424920396059,tagalog,comment,True,majority,3-0,0,0
t1_p7c0vrg,0,0.024237634614109993,-3.6953125,0,0.2733153700828552,0,0.0683076735544845,taglish,comment,True,adjudicator,2-1,0,1
t1_p5ud6qv,1,0.5869964361190796,0.3515625,1,0.8408859968185425,1,0.5618299698822723,taglish,comment,True,majority,3-0,1,1
t1_p31q2eu,0,0.09982065856456757,-2.19921875,0,0.6605254411697388,0,0.17435341030137047,tagalog,comment,True,adjudicator,2-1,0,1
t1_p6q9v0m,0,0.006003595422953367,-5.109375,0,0.04237505793571472,0,0.02626572194935037,taglish,comment,True,unanimous,3-0,0,0
t1_p3ta4gd,0,0.015189048834145069,-4.171875,0,0.12111467123031616,0,0.04973834998275411,english,comment,True,majority,3-0,0,0
t1_p6yqd1p,0,0.018689310178160667,-3.9609375,0,0.19994020462036133,0,0.05728064934554048,taglish,comment,True,majority,3-0,0,0
t1_p4ziiuy,0,0.004982269834727049,-5.296875,0,0.02982599288225174,0,0.023079596229234063,taglish,comment,True,unanimous,3-0,0,0
t1_p643l8a,0,0.024053553119301796,-3.703125,0,0.22765390574932098,0,0.06795693663986362,taglish,comment,True,unanimous,3-0,0,0
t1_p75g23k,1,0.6606104373931885,0.666015625,1,0.8385403156280518,1,0.6156072031809852,english,comment,True,adjudicator,2-1,1,0
t1_p66kblh,0,0.005384938325732946,-5.21875,0,0.02894708141684532,0,0.024358519593292292,english,comment,True,majority,3-0,0,0
t1_p7auxer,0,0.004198795650154352,-5.46875,0,0.06098490208387375,0,0.020492514435468494,english,comment,True,unanimous,3-0,0,0
t1_p6z6iic,0,0.001597845577634871,-6.4375,0,0.010844088159501553,0,0.010436032746416498,english,comment,True,majority,3-0,0,0
t1_p4yd2r0,0,0.34687307476997375,-0.6328125,0,0.7863281965255737,0,0.3899634135198268,taglish,comment,True,unanimous,3-0,0,0
t1_p50n5up,0,0.0032730652019381523,-5.71875,0,0.024018436670303345,0,0.017229257662342803,taglish,comment,True,unanimous,3-0,0,0
t1_p61iktw,0,0.11961366981267929,-1.99609375,0,0.7409185171127319,0,0.19600522923185948,tagalog,comment,True,adjudicator,2-1,0,0
t1_p66422t,0,0.0011160142021253705,-6.796875,0,0.006726022809743881,0,0.008113201767127202,tagalog,comment,True,adjudicator,2-1,0,0
t1_p68epn2,0,0.012241275049746037,-4.390625,0,0.23930904269218445,0,0.04291623551910936,taglish,comment,True,unanimous,3-0,0,0
t1_p7cwhzv,0,0.0014779430348426104,-6.515625,0,0.007670290768146515,0,0.009880694720057433,taglish,comment,True,majority,3-0,0,0
t1_p50hdc4,0,0.0059110685251653194,-5.125,0,0.08370935916900635,0,0.02598462040391766,english,comment,True,majority,3-0,0,0
t1_p5c9u7d,0,0.002115703420713544,-6.15625,0,0.007888704538345337,0,0.012703082753749456,english,comment,True,majority,3-0,0,0
t1_p3t9wr1,0,0.0038244836032390594,-5.5625,0,0.03957696631550789,0,0.019203329965028326,english,comment,True,majority,3-0,0,0
t1_p1nb8go,0,0.03090895712375641,-3.4453125,0,0.28628647327423096,0,0.08045330793857032,tagalog,comment,True,majority,3-0,0,0
t3_1vsb5ly,0,0.01798621006309986,-4.0,0,0.24627797305583954,0,0.05580721920716969,tagalog,submission,True,majority,3-0,0,0
t1_p1j0xwk,0,0.0029810327105224133,-5.8125,0,0.030259137973189354,0,0.016141981595754997,taglish,comment,True,unanimous,3-0,0,0
t1_p5jegwp,0,0.33220207691192627,-0.6982421875,0,0.7283424139022827,0,0.37901484918550965,english,comment,True,adjudicator,2-1,0,0
t1_p6yoffw,0,0.0032224843744188547,-5.734375,0,0.022267382591962814,0,0.01704317363988056,taglish,comment,True,majority,3-0,0,0
t1_p5gqrng,0,0.00482972152531147,-5.328125,0,0.026551930233836174,0,0.022586590418768725,english,comment,True,majority,3-0,0,0
t1_p4rhffd,0,0.03358950838446617,-3.359375,0,0.4102499186992645,0,0.08506503979536176,tagalog,comment,True,adjudicator,2-1,0,0
t1_p5uhg2b,0,0.0027576221618801355,-5.890625,0,0.034931451082229614,0,0.015287700765514126,english,comment,True,majority,3-0,0,0
t1_p31ou3d,0,0.028870904818177223,-3.515625,0,0.24060814082622528,0,0.07685099231829287,taglish,comment,True,majority,3-0,0,0
t1_p33iwl0,0,0.0025114635936915874,-5.984375,0,0.012385845184326172,0,0.014321163867260506,taglish,comment,True,majority,3-0,0,0
t1_p590j8e,0,0.27125170826911926,-0.98828125,0,0.7856280207633972,0,0.33207381806044284,taglish,comment,True,majority,3-0,0,0
t1_p58s6as,0,0.00482972152531147,-5.328125,0,0.05385848134756088,0,0.022586590418768725,taglish,comment,True,majority,3-0,0,0
t1_p7hu2vc,0,0.9879462122917175,4.40625,1,0.9887587428092957,1,0.957535292272405,tagalog,comment,True,unanimous,3-0,0,0
t1_p6ehh7g,0,0.002082970691844821,-6.171875,0,0.01335314940661192,0,0.012565258513582124,taglish,comment,True,majority,3-0,0,0
t1_p6mmumn,0,0.4021572768688202,-0.396484375,0,0.7462691068649292,0,0.43036630636190193,english,comment,True,unanimous,3-0,0,0
t1_p54ynbc,0,0.007755536586046219,-4.8515625,0,0.08745267987251282,0,0.031353533090431686,taglish,comment,True,unanimous,3-0,0,0
t1_p7bd4f6,0,0.005819959565997124,-5.140625,0,0.01574045419692993,0,0.025706447847561906,tagalog,comment,True,unanimous,3-0,0,0
t1_p3sl481,0,0.06656918674707413,-2.640625,0,0.6225085258483887,0,0.13386559271915938,tagalog,comment,True,adjudicator,2-1,0,0
t1_p3shchy,0,0.09170696139335632,-2.29296875,0,0.2510693669319153,0,0.1650155001030605,taglish,comment,True,majority,3-0,0,0
t1_p7aop1h,0,0.00857748556882143,-4.75,0,0.1332639455795288,0,0.03360956564508052,english,comment,True,adjudicator,2-1,0,0
t1_p65yxnk,0,0.09534946829080582,-2.25,0,0.5106953382492065,0,0.16924462022911999,tagalog,comment,True,adjudicator,2-1,0,0
t1_p4z1bmi,0,0.024798156693577766,-3.671875,0,0.3187966048717499,0,0.06936997202004999,taglish,comment,True,unanimous,3-0,0,0
t1_p50kynl,0,0.0013458605390042067,-6.609375,0,0.00431398069486022,0,0.00925279372596265,taglish,comment,True,unanimous,3-0,0,0
t1_p7cbhmo,0,0.014172366820275784,-4.2421875,0,0.08364236354827881,0,0.04744035221405276,taglish,comment,True,unanimous,3-0,0,0
t1_p7bq2bu,1,0.007755536586046219,-4.8515625,0,0.08392420411109924,0,0.031353533090431686,english,comment,True,adjudicator,2-1,1,0
t1_p68cd3c,0,0.00985985528677702,-4.609375,0,0.1205274686217308,0,0.03699341522860681,taglish,comment,True,unanimous,3-0,0,0
t1_p45ron6,0,0.004198795650154352,-5.46875,0,0.05559276044368744,0,0.020492514435468494,taglish,comment,True,unanimous,3-0,0,0
t1_p5jghi8,0,0.005730246659368277,-5.15625,0,0.03690844401717186,0,0.025431175453224215,taglish,comment,True,unanimous,3-0,0,0
t1_p5idulk,0,0.0029810327105224133,-5.8125,0,0.023334696888923645,0,0.016141981595754997,tagalog,comment,True,majority,3-0,0,0
t1_p73jdlx,0,0.001524786464869976,-6.484375,0,0.008383650332689285,0,0.010099229882113316,taglish,comment,True,unanimous,3-0,0,0
t1_p4n7x0y,0,0.24113182723522186,-1.146484375,0,0.7237017154693604,0,0.30774414588509236,tagalog,comment,True,adjudicator,2-1,0,1
t1_p4y4bee,0,0.0071214293129742146,-4.9375,0,0.06922966986894608,0,0.0295596485589102,english,comment,True,unanimous,3-0,0,0
t1_p4zftgy,0,0.010902374982833862,-4.5078125,0,0.26463812589645386,0,0.03963865686919409,taglish,comment,True,unanimous,3-0,0,0
t1_p50js6s,0,0.010169658809900284,-4.578125,0,0.10748698562383652,0,0.037788726338340066,taglish,comment,True,adjudicator,2-1,0,0
t1_p6ymwhd,0,0.0038244836032390594,-5.5625,0,0.04968196898698807,0,0.019203329965028326,tagalog,comment,True,majority,3-0,0,0
t1_p5unq9g,0,0.009936419315636158,-4.6015625,0,0.06181836128234863,0,0.037190721031987145,taglish,comment,True,majority,3-0,0,0
t1_p6sn5va,0,0.012241275049746037,-4.390625,0,0.1306295096874237,0,0.04291623551910936,tagalog,comment,True,adjudicator,3-0,0,0
t1_p4n8dn2,1,0.7918210625648499,1.3359375,1,0.9087612628936768,1,0.7200380719188084,taglish,comment,True,unanimous,3-0,1,1
t1_p77wcal,0,0.0016484829830005765,-6.40625,0,0.004270474426448345,0,0.010666718212494087,taglish,comment,True,majority,3-0,0,0
t1_p58i0fb,0,0.19132769107818604,-1.44140625,0,0.5266821384429932,0,0.26517777797456116,tagalog,comment,True,adjudicator,2-1,0,0
t1_p518r67,0,0.008124708198010921,-4.8046875,0,0.07684869319200516,0,0.032375970607033164,english,comment,True,majority,3-0,0,0
t1_p50tas2,0,0.039048291742801666,-3.203125,0,0.373235821723938,0,0.0940675666233516,taglish,comment,True,adjudicator,2-1,0,0
t1_p6phdft,0,0.1795305460691452,-1.51953125,0,0.5401625633239746,0,0.2545537820922777,taglish,comment,True,majority,3-0,0,0
t1_p50srid,0,0.0009110511746257544,-7.0,0,0.003536835080012679,0,0.007035351085173754,taglish,comment,True,unanimous,3-0,0,0
t1_p5c30vp,0,0.1465751975774765,-1.76171875,0,0.659866213798523,0,0.22344133833780733,tagalog,comment,True,adjudicator,2-1,0,1
t1_p6xqsag,0,0.006589771714061499,-5.015625,0,0.0457603745162487,0,0.028015485840151812,taglish,comment,True,adjudicator,3-0,0,0
t1_p4p442v,0,0.004331502132117748,-5.4375,0,0.02238418720662594,0,0.02094079136365112,taglish,comment,True,unanimous,3-0,0,0
t1_p5uip6i,0,0.016657039523124695,-4.078125,0,0.21920137107372284,0,0.05296675016201559,taglish,comment,True,adjudicator,2-1,0,1
t1_p4remfe,0,0.0015011822106316686,-6.5,0,0.004956906195729971,0,0.009989370742938373,taglish,comment,True,majority,3-0,0,0
t1_p77x09f,0,0.1555909961462021,-1.69140625,0,0.5738880038261414,0,0.23218669752281834,tagalog,comment,True,unanimous,3-0,0,0
t1_p5jiz6n,0,0.003429603995755315,-5.671875,0,0.013925897888839245,0,0.017799566803322817,taglish,comment,True,unanimous,3-0,0,0
t1_p1n63rm,0,0.004609572235494852,-5.375,0,0.036175914108753204,0,0.021866316694138327,taglish,comment,True,unanimous,3-0,0,0
t1_p50vj6p,0,0.004399413242936134,-5.421875,0,0.03914244472980499,0,0.02116851463722092,taglish,comment,True,unanimous,3-0,0,0
t1_p55u67b,0,0.018833130598068237,-3.953125,0,0.19059841334819794,0,0.05757968827925535,english,comment,True,majority,3-0,0,0
t1_p513n7j,1,0.319121390581131,-0.7578125,0,0.7191528677940369,0,0.36915249022927543,taglish,comment,True,majority,3-0,1,1
t1_p44j1kb,0,0.011244560591876507,-4.4765625,0,0.08046604692935944,0,0.04048844628933123,tagalog,comment,True,majority,3-0,0,0
t1_p5ji1hx,0,0.36364689469337463,-0.5595703125,0,0.7921246290206909,0,0.4023516782538123,taglish,comment,True,unanimous,3-0,0,0
t1_p5zvc06,0,0.019419347867369652,-3.921875,0,0.17682331800460815,0,0.0587905589645794,taglish,comment,True,adjudicator,2-1,0,1
t1_p77rgjz,0,0.5284117460250854,0.11376953125,1,0.8687777519226074,0,0.5201009622235323,taglish,comment,True,majority,3-0,0,0
t1_p5vbgen,0,0.04177388176321983,-3.1328125,0,0.29544228315353394,0,0.09839087984501126,taglish,comment,True,majority,3-0,0,0
t1_p5u7l3e,0,0.001838665222749114,-6.296875,0,0.012188608758151531,0,0.011514543824138487,taglish,comment,True,unanimous,3-0,0,0
t1_p50od3d,1,0.7766229510307312,1.24609375,1,0.8720232844352722,1,0.7070545365174156,english,comment,True,unanimous,3-0,1,1
t1_p5brd6o,0,0.6020615696907043,0.4140625,1,0.8948172926902771,1,0.5726781529121615,tagalog,comment,True,adjudicator,2-1,0,1
t1_p50mpvo,0,0.0018969200318679214,-6.265625,0,0.0110402163118124,0,0.011768785934835982,taglish,comment,True,majority,3-0,0,0
t1_p70d54q,0,0.0038844766095280647,-5.546875,0,0.02204633504152298,0,0.019412533625929863,english,comment,True,majority,3-0,0,0
t1_p6z7va1,0,0.22507576644420624,-1.236328125,0,0.693770170211792,0,0.2943777978024938,tagalog,comment,True,adjudicator,2-1,0,0
t1_p6wwyce,0,0.879561185836792,1.98828125,1,0.9337331652641296,1,0.8031227541653992,tagalog,comment,True,adjudicator,2-1,0,1
t1_p7c1pya,0,0.017576880753040314,-4.0234375,0,0.09881985187530518,0,0.05494035290926733,english,comment,True,adjudicator,2-1,0,0
t1_p6xa5qe,0,0.8365545868873596,1.6328125,1,0.9311009645462036,1,0.7603451644827257,tagalog,comment,True,adjudicator,2-1,0,1
t1_p1n4g8y,0,0.08913693577051163,-2.32421875,0,0.43283578753471375,0,0.1619933380427927,taglish,comment,True,majority,3-0,0,0
t1_p5zsumr,0,0.02161533385515213,-3.8125,0,0.22057542204856873,0,0.06321900225699442,taglish,comment,True,unanimous,3-0,0,0
t1_p50rwo1,0,0.4546537399291992,-0.181884765625,0,0.8623499274253845,0,0.4678912593254535,taglish,comment,True,majority,3-0,0,0
t1_p3lttgk,0,0.0012448433553799987,-6.6875,0,0.005119174253195524,0,0.008759862636132385,taglish,comment,True,majority,3-0,0,0
t1_p50rpjs,0,0.0012255674228072166,-6.703125,0,0.004945691209286451,0,0.008664445570854941,taglish,comment,True,unanimous,3-0,0,0
t1_p50lnzw,0,0.00172745855525136,-6.359375,0,0.0149235799908638,0,0.011022235721937763,tagalog,comment,True,majority,3-0,0,0
t1_p60na90,0,0.017712298780679703,-4.015625,0,0.14087723195552826,0,0.05522788986755136,taglish,comment,True,unanimous,3-0,0,0
t1_p5296a6,0,0.010248602367937565,-4.5703125,0,0.11791492998600006,0,0.03799010662644487,taglish,comment,True,majority,3-0,0,0
t1_p7cy5fc,0,0.015306354500353336,-4.1640625,0,0.09981538355350494,0,0.05000010203636064,taglish,comment,True,unanimous,3-0,0,0
t1_p50pcc5,0,0.009055264294147491,-4.6953125,0,0.07214276492595673,0,0.03488846862350986,tagalog,comment,True,adjudicator,2-1,0,0
t1_p77bzgf,0,0.007066400721669197,-4.9453125,0,0.046799011528491974,0,0.029401591154506496,english,comment,True,majority,3-0,0,0
t1_p5ztpi6,0,0.05184547230601311,-2.90625,0,0.3243193030357361,0,0.11354520592160702,english,comment,True,majority,3-0,0,0
t1_p7ekekw,0,0.001838665222749114,-6.296875,0,0.007514061406254768,0,0.011514543824138487,taglish,comment,True,unanimous,3-0,0,0
t1_p5jmjnc,0,0.048496000468730927,-2.9765625,0,0.3434365391731262,0,0.10863624219523085,taglish,comment,True,majority,3-0,0,0
t1_p7irohx,0,0.022977370768785477,-3.75,0,0.28034237027168274,0,0.06588735899891444,taglish,comment,True,adjudicator,2-1,0,0
t1_p77z2lc,0,0.8140527606010437,1.4765625,1,0.890364408493042,1,0.7396378940122784,english,comment,True,adjudicator,2-1,0,0
t1_p607e93,0,0.20497775077819824,-1.35546875,0,0.7340318560600281,0,0.27718640508562015,tagalog,comment,True,adjudicator,2-1,0,1
t1_p4xml64,0,0.20370754599571228,-1.36328125,0,0.616538941860199,0,0.27608095807184213,tagalog,comment,True,majority,3-0,0,0
t1_p712m18,0,0.009936419315636158,-4.6015625,0,0.05173693597316742,0,0.037190721031987145,taglish,comment,True,majority,3-0,0,0
t1_p5dprhe,0,0.12852515280246735,-1.9140625,0,0.6033833026885986,0,0.2053074704280775,tagalog,comment,True,majority,3-0,0,0
t1_p526mz5,0,0.0960254892706871,-2.2421875,0,0.5231888294219971,0,0.17002275750853563,english,comment,True,majority,3-0,0,0
t1_p32upaa,0,0.0025909794494509697,-5.953125,0,0.012253016233444214,0,0.014636458795106872,english,comment,True,majority,3-0,0,0
t1_p6csr6x,0,0.004264634568244219,-5.453125,0,0.040838323533535004,0,0.020715466009706897,taglish,comment,True,majority,3-0,0,0
t1_p50n62s,0,0.001957016997039318,-6.234375,0,0.014290153048932552,0,0.01202857342181876,taglish,comment,True,majority,3-0,0,0
t1_p4yisrq,1,0.8311430811882019,1.59375,1,0.9173638820648193,1,0.7552758580611767,taglish,comment,True,majority,3-0,1,1
t1_p6ydi3e,0,0.15921740233898163,-1.6640625,0,0.4910449683666229,0,0.23565148922942025,tagalog,comment,True,adjudicator,2-1,0,0
t1_p792gi5,0,0.19314739108085632,-1.4296875,0,0.6870323419570923,0,0.26679559386933593,tagalog,comment,True,adjudicator,2-1,0,0
t1_p7k4b48,0,0.015306354500353336,-4.1640625,0,0.16270530223846436,0,0.05000010203636064,tagalog,comment,True,adjudicator,2-1,0,1
t1_p5vz9tn,0,0.9888418912887573,4.484375,1,0.9936548471450806,1,0.9597256229203069,english,comment,True,majority,3-0,0,0
t1_p7jdoqx,0,0.028007520362734795,-3.546875,0,0.27509772777557373,0,0.07529790146887831,english,comment,True,adjudicator,2-1,0,1
t1_p40ntrr,0,0.005301895085722208,-5.234375,0,0.06216398626565933,0,0.024097324222642443,english,comment,True,majority,3-0,0,0
t1_p7apm2b,0,0.006744989659637213,-4.9921875,0,0.03950358182191849,0,0.028470321209076912,english,comment,True,majority,3-0,0,0
t1_p31jzo3,0,0.0019267346942797303,-6.25,0,0.0054650395177304745,0,0.011897979192344485,taglish,comment,True,majority,3-0,0,0
t1_p4xe90t,0,0.005819959565997124,-5.140625,0,0.06091561168432236,0,0.025706447847561906,english,comment,True,majority,3-0,0,0
t1_p7fndyw,0,0.2845759987831116,-0.921875,0,0.6825857162475586,0,0.34256959781377677,taglish,comment,True,adjudicator,2-1,0,1
t1_p61asna,0,0.043691061437129974,-3.0859375,0,0.27778512239456177,0,0.10137062485114995,taglish,comment,True,unanimous,3-0,0,0
t1_p4r7ah0,0,0.0014325366355478764,-6.546875,0,0.003548628417775035,0,0.009666842216206764,taglish,comment,True,majority,3-0,0,0
t1_p77jsq4,0,0.0034834241960197687,-5.65625,0,0.012426376342773438,0,0.017993758241836036,english,comment,True,majority,3-0,0,0
t1_p5zvzgz,0,0.002396730938926339,-6.03125,0,0.015096709132194519,0,0.013860732134132955,taglish,comment,True,majority,3-0,0,0
t1_p5tiewe,0,0.031143829226493835,-3.4375,0,0.09030526876449585,0,0.08086294509757058,english,comment,True,majority,3-0,0,0
t1_p515ym3,0,0.3172147274017334,-0.7666015625,0,0.7367638945579529,0,0.3677063735589777,tagalog,comment,True,adjudicator,2-1,0,0
t1_p3lrva2,0,0.00172745855525136,-6.359375,0,0.019008668139576912,0,0.011022235721937763,taglish,comment,True,majority,3-0,0,0
t1_p60sk5m,1,0.031143829226493835,-3.4375,0,0.18877117335796356,0,0.08086294509757058,taglish,comment,True,adjudicator,2-1,1,1
t1_p7bk7cx,0,0.0039454069919884205,-5.53125,0,0.018852386623620987,0,0.01962397077913328,taglish,comment,True,unanimous,3-0,0,0
t1_p5crti2,0,0.010169658809900284,-4.578125,0,0.1166733056306839,0,0.037788726338340066,taglish,comment,True,majority,3-0,0,0
t1_p50oy8z,0,0.0025114635936915874,-5.984375,0,0.010194280184805393,0,0.014321163867260506,tagalog,comment,True,majority,3-0,0,0
t1_p3mc1g2,0,0.06187598779797554,-2.71875,0,0.308465838432312,0,0.12758899126148798,taglish,comment,True,adjudicator,2-1,0,0
t1_p3sraro,0,0.0019877743907272816,-6.21875,0,0.019465096294879913,0,0.012160583434445938,tagalog,comment,True,majority,3-0,0,0
t1_p7koz5e,0,0.004399413242936134,-5.421875,0,0.015513083897531033,0,0.02116851463722092,taglish,comment,True,majority,3-0,0,0
t1_p5cyj63,0,0.002115703420713544,-6.15625,0,0.02253192663192749,0,0.012703082753749456,taglish,comment,True,majority,3-0,0,0
t1_p50y2er,0,0.3647775650024414,-0.5546875,0,0.7287874221801758,0,0.4031822030163381,english,comment,True,majority,3-0,0,0
t1_p3l2t1w,0,0.001622967072762549,-6.421875,0,0.023343566805124283,0,0.010550751746754102,taglish,comment,True,adjudicator,3-0,0,0
t1_p4zqkjq,0,0.008187909610569477,-4.796875,0,0.06977537274360657,0,0.03254948149163486,taglish,comment,True,majority,3-0,0,0
t1_p50m3bk,0,0.0025114635936915874,-5.984375,0,0.010166708379983902,0,0.014321163867260506,english,comment,True,adjudicator,2-1,0,1
t1_p6z5g4w,0,0.005139610730111599,-5.265625,0,0.027295684441924095,0,0.023583103416054976,taglish,comment,True,adjudicator,2-1,0,0
t1_p7a2d05,0,0.0029349515680223703,-5.828125,0,0.01916177198290825,0,0.01596744986773952,tagalog,comment,True,majority,3-0,0,0
t1_p456zke,0,0.009196552447974682,-4.6796875,0,0.07316663861274719,0,0.035262404821513764,taglish,comment,True,majority,3-0,0,0
t1_p7ijpqp,0,0.44094693660736084,-0.2373199462890625,0,0.8318683505058289,0,0.45814553789056944,taglish,comment,True,unanimous,3-0,0,0
t1_p5mkt8j,0,0.00407013762742281,-5.5,0,0.01741167902946472,0,0.02005363716108665,taglish,comment,True,majority,3-0,0,0
t1_p411l2z,0,0.002800926798954606,-5.875,0,0.033731456845998764,0,0.015454919209503223,taglish,comment,True,unanimous,3-0,0,0
t1_p5yxeju,0,0.0034834241960197687,-5.65625,0,0.033044178038835526,0,0.017993758241836036,taglish,comment,True,majority,3-0,0,0
t1_p6w3p58,0,0.10970578342676163,-2.09375,0,0.31806838512420654,0,0.18535118085363186,taglish,comment,True,majority,3-0,0,0
t1_p754218,0,0.0038844766095280647,-5.546875,0,0.014669816941022873,0,0.019412533625929863,english,comment,True,majority,3-0,0,0
t1_p52awg5,0,0.00178219610825181,-6.328125,0,0.009371121414005756,0,0.01126573151502374,english,comment,True,majority,3-0,0,0
t1_p5au6ui,0,0.5393471717834473,0.15771484375,1,0.8723621368408203,0,0.5278514491853831,english,comment,True,adjudicator,2-1,0,1
t1_p7k2cui,0,0.0034834241960197687,-5.65625,0,0.029219232499599457,0,0.017993758241836036,english,comment,True,majority,3-0,0,0
t1_p5hzuzh,0,0.0014550630003213882,-6.53125,0,0.005594692192971706,0,0.00977318933019686,taglish,comment,True,majority,3-0,0,0
t1_p5tph9w,0,0.011597361415624619,-4.4453125,0,0.05915471538901329,0,0.04135566931567037,taglish,comment,True,adjudicator,2-1,0,0
t1_p3fzkg2,0,0.004198795650154352,-5.46875,0,0.05927124619483948,0,0.020492514435468494,english,comment,True,majority,3-0,0,0
t1_p1sxc1n,0,0.05070536583662033,-2.9296875,0,0.3896636962890625,0,0.11188776073897519,taglish,comment,True,unanimous,3-0,0,0
t1_p50kcyd,0,0.00214894930832088,-6.140625,0,0.012246347963809967,0,0.012842399081709267,taglish,comment,True,unanimous,3-0,0,0
t1_p65qoci,0,0.4023921489715576,-0.3955078125,0,0.7383210062980652,0,0.4305355996905371,tagalog,comment,True,unanimous,3-0,0,0
t1_p5zru3x,0,0.010489092208445072,-4.546875,0,0.12065771222114563,0,0.03860045026908221,taglish,comment,True,unanimous,3-0,0,0
t1_p43q19b,0,0.034100428223609924,-3.34375,0,0.11383377760648727,0,0.08592888811176401,taglish,comment,True,majority,3-0,0,0
t1_p7ilrpi,0,0.0037654140032827854,-5.578125,0,0.024841731414198875,0,0.018996337160091005,taglish,comment,True,unanimous,3-0,0,0
t1_p4rkxfg,0,0.2936069667339325,-0.8779296875,0,0.7797901630401611,0,0.3496017915315167,tagalog,comment,True,adjudicator,2-1,0,0
t1_p22kgae,0,0.011072159744799137,-4.4921875,0,0.13974544405937195,0,0.04006139243430389,taglish,comment,True,adjudicator,2-1,0,0
t1_p1pcpgn,0,0.013325147330760956,-4.3046875,0,0.13515061140060425,0,0.04548270050622369,taglish,comment,True,majority,3-0,0,0
t1_p4diuk1,0,0.011597361415624619,-4.4453125,0,0.1414424031972885,0,0.04135566931567037,taglish,comment,True,majority,3-0,0,0
t1_p314t1s,0,0.003429603995755315,-5.671875,0,0.018685996532440186,0,0.017799566803322817,taglish,comment,True,unanimous,3-0,0,0
t1_p4rjep3,0,0.4081588387489319,-0.37158203125,0,0.7785042524337769,0,0.4346882665456036,tagalog,comment,True,adjudicator,2-1,0,1
t1_p6zn3tb,0,0.002251847181469202,-6.09375,0,0.014369349926710129,0,0.013269458572332627,english,comment,True,majority,3-0,0,0
t1_p5cicpw,0,0.0027576221618801355,-5.890625,0,0.02029060386121273,0,0.015287700765514126,tagalog,comment,True,adjudicator,2-1,0,0
t1_p3zsnd1,0,0.06903792917728424,-2.6015625,0,0.40832990407943726,0,0.13710067877007867,english,comment,True,unanimous,3-0,0,0
t1_p30x6qq,0,0.051082734018564224,-2.921875,0,0.41623347997665405,0,0.1124378795635367,taglish,comment,True,majority,3-0,0,0
t1_p6v3kz0,0,0.001032231142744422,-6.875,0,0.0032752803526818752,0,0.007680510381857505,taglish,comment,True,unanimous,3-0,0,0
t1_p7bgklv,0,0.7000752091407776,0.84765625,1,0.8833479285240173,1,0.6455152440727127,english,comment,True,majority,3-0,0,0
t1_p6efpmw,0,0.004755199886858463,-5.34375,0,0.05529850721359253,0,0.02234396022753802,tagalog,comment,True,unanimous,3-0,0,0
t1_p50mo68,0,0.0012843081494793296,-6.65625,0,0.004162423312664032,0,0.00895383209919784,english,comment,True,majority,3-0,0,0
t1_p4pchej,0,0.0010005043586716056,-6.90625,0,0.00484103336930275,0,0.0075139161176619625,taglish,comment,True,majority,3-0,0,0
t1_p7h6eyn,0,0.00407013762742281,-5.5,0,0.028364818543195724,0,0.02005363716108665,english,comment,True,majority,3-0,0,0
t1_p5grk8s,0,0.005060331430286169,-5.28125,0,0.021765364333987236,0,0.023330023973580267,english,comment,True,majority,3-0,0,0
t1_p55ijsl,0,0.03488088399171829,-3.3203125,0,0.3055775761604309,0,0.08723956607260283,taglish,comment,True,unanimous,3-0,0,0
t1_p31f785,0,0.6102211475372314,0.4482421875,1,0.8958238363265991,1,0.5785820056396737,taglish,comment,True,unanimous,3-0,0,0
t1_p4ylcjt,0,0.004468384198844433,-5.40625,0,0.03177424520254135,0,0.02139866019103284,taglish,comment,True,majority,3-0,0,0
t1_p7h3i8t,0,0.004905405919998884,-5.3125,0,0.0319695882499218,0,0.022831793770536908,english,comment,True,majority,3-0,0,0
t1_p3zrr0m,0,0.047074176371097565,-3.0078125,0,0.2861766815185547,0,0.10651491539011097,taglish,comment,True,majority,3-0,0,0
t1_p7cip8j,0,0.012336100451648235,-4.3828125,0,0.06173163652420044,0,0.043143715665271386,tagalog,comment,True,majority,3-0,0,0
t1_p7jsci6,0,0.01956867426633835,-3.9140625,0,0.1773342341184616,0,0.05909698637710714,english,comment,True,majority,3-0,0,0
t1_p7dvfcq,0,0.002714985515922308,-5.90625,0,0.008472505025565624,0,0.015122263794536682,english,comment,True,majority,3-0,0,0
t1_p4z7bgq,0,0.0020507436711341143,-6.1875,0,0.023737763985991478,0,0.012428910796098137,taglish,comment,True,unanimous,3-0,0,0
t1_p544gcw,1,0.026963496580719948,-3.5859375,0,0.15751594305038452,0,0.07339709688751817,english,comment,True,adjudicator,2-1,1,1
t1_p6y3hps,0,0.0024343819823116064,-6.015625,0,0.013285964727401733,0,0.0140125643566543,tagalog,comment,True,adjudicator,2-1,0,0
t1_p522v91,0,0.01652955636382103,-4.0859375,0,0.1166212260723114,0,0.052690328990979494,english,comment,True,majority,3-0,0,0
t1_p7bh1or,0,0.42268335819244385,-0.311767578125,0,0.718878984451294,0,0.44510888476151544,taglish,comment,True,adjudicator,2-1,0,0
t1_p50tqs0,0,0.001674399245530367,-6.390625,0,0.007601666264235973,0,0.0107839454082915,tagalog,comment,True,adjudicator,2-1,0,1
t1_p3lnyox,0,0.017045317217707634,-4.0546875,0,0.0983738899230957,0,0.05380424920396059,taglish,comment,True,unanimous,3-0,0,0
t1_p555j85,0,0.0028449094388633966,-5.859375,0,0.013083789497613907,0,0.015623937685376274,english,comment,True,majority,3-0,0,0
t1_p4ys2mg,0,0.0032224843744188547,-5.734375,0,0.035955674946308136,0,0.01704317363988056,english,comment,True,majority,3-0,0,0
t1_p6smdyz,0,0.0060975621454417706,-5.09375,0,0.05793029069900513,0,0.026549781559867355,taglish,comment,True,majority,3-0,0,0
t1_p2vgg7n,0,0.0036499870475381613,-5.609375,0,0.03600639849901199,0,0.01858889461568454,taglish,comment,True,unanimous,3-0,0,0
t1_p7iymry,0,0.0020190139766782522,-6.203125,0,0.010786759667098522,0,0.012294024189592136,taglish,comment,True,unanimous,3-0,0,0
t1_p5joe94,0,0.00407013762742281,-5.5,0,0.022229863330721855,0,0.02005363716108665,english,comment,True,majority,3-0,0,0
t1_p40s1ua,0,0.004133968148380518,-5.484375,0,0.025444578379392624,0,0.02027191272024212,english,comment,True,majority,3-0,0,0
t1_p50ypvj,0,0.005060331430286169,-5.28125,0,0.07092299312353134,0,0.023330023973580267,taglish,comment,True,unanimous,3-0,0,0
t1_p5e1dyz,0,0.0060975621454417706,-5.09375,0,0.039445362985134125,0,0.026549781559867355,tagalog,comment,True,adjudicator,2-1,0,0
t1_p7c0lmw,0,0.5950219631195068,0.384765625,1,0.82271409034729,1,0.5676011101012881,english,comment,True,unanimous,3-0,0,0
t1_p4dewm9,0,0.002800926798954606,-5.875,0,0.0099410405382514,0,0.015454919209503223,english,comment,True,majority,3-0,0,0
t1_p318958,0,0.02931223064661026,-3.5,0,0.1695706844329834,0,0.0776385040684186,english,comment,True,majority,3-0,0,0
t1_p7ilktb,0,0.0061929901130497456,-5.078125,0,0.02136148512363434,0,0.026836828561741147,taglish,comment,True,adjudicator,2-1,0,0
t1_p524njh,0,0.0059110685251653194,-5.125,0,0.12377359718084335,0,0.02598462040391766,taglish,comment,True,unanimous,3-0,0,0
t1_p5d829s,0,0.09401018172502518,-2.265625,0,0.4292476177215576,0,0.16769685714641921,english,comment,True,majority,3-0,0,0
t1_p3u0n7e,0,0.0015731120947748423,-6.453125,0,0.006536958273500204,0,0.010322548080028391,taglish,comment,True,majority,3-0,0,0
t1_p3c8286,0,0.009485713206231594,-4.6484375,0,0.10630936920642853,0,0.03602189345476424,tagalog,comment,True,adjudicator,2-1,0,0
t1_p5jfg7x,0,0.017712298780679703,-4.015625,0,0.17875736951828003,0,0.05522788986755136,english,comment,True,adjudicator,2-1,0,1
t1_p2nfkwk,0,0.00857748556882143,-4.75,0,0.1610965132713318,0,0.03360956564508052,taglish,comment,True,adjudicator,2-1,0,0
t1_p4rk5rc,0,0.0033766122069209814,-5.6875,0,0.028125977143645287,0,0.01760743353220208,taglish,comment,True,majority,3-0,0,0
t1_p732nft,0,0.09877258539199829,-2.2109375,0,0.48420780897140503,0,0.17316376330708594,taglish,comment,True,adjudicator,2-1,0,1
t1_p50opk0,0,0.26020145416259766,-1.044921875,0,0.710758626461029,0,0.3232509991232369,english,comment,True,adjudicator,2-1,0,1
t1_p7jbgj3,0,0.03963883966207504,-3.1875,0,0.41400906443595886,0,0.09501334304670195,taglish,comment,True,majority,3-0,0,0
t1_p1nn4ml,0,0.002115703420713544,-6.15625,0,0.012606773525476456,0,0.012703082753749456,taglish,comment,True,majority,3-0,0,0
t1_p3c40y7,0,0.02498779445886612,-3.6640625,0,0.25584182143211365,0,0.06972745624969988,taglish,comment,True,majority,3-0,0,0
t1_p515bx2,0,0.0015731120947748423,-6.453125,0,0.00503849983215332,0,0.010322548080028391,taglish,comment,True,unanimous,3-0,0,0
t1_p516agl,0,0.00482972152531147,-5.328125,0,0.03156106546521187,0,0.022586590418768725,tagalog,comment,True,majority,3-0,0,0
t1_p50qmxu,0,0.005301895085722208,-5.234375,0,0.02208082005381584,0,0.024097324222642443,english,comment,True,majority,3-0,0,0
t1_p7cop51,0,0.001674399245530367,-6.390625,0,0.006148540880531073,0,0.0107839454082915,taglish,comment,True,unanimous,3-0,0,0
t1_p6x4dfs,0,0.03384403511881828,-3.3515625,0,0.19160059094429016,0,0.08549597492194466,english,comment,True,majority,3-0,0,0
t1_p75vmiq,1,0.621540904045105,0.49609375,1,0.8364464640617371,1,0.5868094429682618,tagalog,comment,True,adjudicator,2-1,1,0
t1_p75n2z2,0,0.007460643537342548,-4.890625,0,0.041989922523498535,0,0.030525431061556748,english,comment,True,adjudicator,2-1,0,0
t1_p3cbxdr,0,0.3129996359348297,-0.7861328125,0,0.7633603811264038,0,0.3645013195481568,taglish,comment,True,majority,3-0,0,0
t1_p3kbgxe,0,0.00941259041428566,-4.65625,0,0.19660994410514832,0,0.035830557800914806,taglish,comment,True,majority,3-0,0,0
t1_p741sb9,0,0.001524786464869976,-6.484375,0,0.017032286152243614,0,0.010099229882113316,taglish,comment,True,unanimous,3-0,0,0
t1_p408op1,0,0.02595735713839531,-3.625,0,0.2828153967857361,0,0.0715405635262539,tagalog,comment,True,unanimous,3-0,0,0
t1_p50sp0c,0,0.0026730059180408716,-5.921875,0,0.018694300204515457,0,0.014958589915878276,taglish,comment,True,majority,3-0,0,0
t1_p6sy9mq,0,0.0008693673880770802,-7.046875,0,0.004438965581357479,0,0.0068075436638092715,taglish,comment,True,majority,3-0,0,0
t1_p3ahsd3,0,0.007695646956562996,-4.859375,0,0.14407552778720856,0,0.03118619191661616,taglish,comment,True,unanimous,3-0,0,0
t1_p50pr8b,0,0.011597361415624619,-4.4453125,0,0.11898788064718246,0,0.04135566931567037,taglish,comment,True,majority,3-0,0,0
t1_p50j1ol,0,0.05146276578307152,-2.9140625,0,0.2109050750732422,0,0.11299035904337178,taglish,comment,True,majority,3-0,0,0
t1_p6z9lwt,0,0.005384938325732946,-5.21875,0,0.017331738024950027,0,0.024358519593292292,taglish,comment,True,majority,3-0,0,0
t1_p50mmfj,0,0.002800926798954606,-5.875,0,0.017691567540168762,0,0.015454919209503223,tagalog,comment,True,adjudicator,2-1,0,1
t1_p721ylk,0,0.022977370768785477,-3.75,0,0.12617164850234985,0,0.06588735899891444,taglish,comment,True,majority,3-0,0,0
t1_p7egd9e,1,0.3559987545013428,-0.5927734375,0,0.7702218890190125,0,0.3967191801283717,english,comment,True,adjudicator,2-1,1,1
t1_p5jh1ur,0,0.021287353709340096,-3.828125,0,0.32178759574890137,0,0.06256783048362516,taglish,comment,True,majority,3-0,0,0
t1_p7aal37,0,0.002800926798954606,-5.875,0,0.010314440354704857,0,0.015454919209503223,taglish,comment,True,unanimous,3-0,0,0
t1_p519q50,0,0.0015731120947748423,-6.453125,0,0.004310452379286289,0,0.010322548080028391,taglish,comment,True,majority,3-0,0,0
t1_p5cxz83,0,0.00407013762742281,-5.5,0,0.05861492455005646,0,0.02005363716108665,taglish,comment,True,majority,3-0,0,0
t1_p7c42jn,0,0.004331502132117748,-5.4375,0,0.030284171923995018,0,0.02094079136365112,taglish,comment,True,majority,3-0,0,0
t1_p6ps3qb,0,0.00178219610825181,-6.328125,0,0.010694257915019989,0,0.01126573151502374,english,comment,True,majority,3-0,0,0
t1_p6n28kg,0,0.0023231625091284513,-6.0625,0,0.011537294834852219,0,0.013561917722806668,taglish,comment,True,majority,3-0,0,0
t1_p320e75,0,0.005730246659368277,-5.15625,0,0.04022637754678726,0,0.025431175453224215,english,comment,True,majority,3-0,0,0
t1_p7hyubr,0,0.2440025359392166,-1.130859375,0,0.6703628897666931,0,0.3101028883445822,tagalog,comment,True,majority,3-0,0,0
t1_p76y3k0,0,0.005384938325732946,-5.21875,0,0.02440412901341915,0,0.024358519593292292,english,comment,True,majority,3-0,0,0
t1_p75za7b,0,0.01678548939526081,-4.0703125,0,0.14128074049949646,0,0.0532445399719571,english,comment,True,majority,3-0,0,0
t1_p5z1mk9,0,0.015663648024201393,-4.140625,0,0.10577288269996643,0,0.050793208931795446,taglish,comment,True,majority,3-0,0,0
t1_p5jif2p,1,0.05184547230601311,-2.90625,0,0.35672956705093384,0,0.11354520592160702,taglish,comment,True,adjudicator,2-1,1,0
t1_p7i8it6,0,0.005139610730111599,-5.265625,0,0.032238222658634186,0,0.023583103416054976,tagalog,comment,True,majority,3-0,0,0
t3_1vf9bws,0,0.0064882696606218815,-5.03125,0,0.03969014436006546,0,0.027716190959487037,tagalog,submission,True,majority,3-0,0,0
t1_p6x5q1w,0,0.022629201412200928,-3.765625,0,0.30622953176498413,0,0.06521061572509834,taglish,comment,True,majority,3-0,0,0
t1_p4tw1nv,0,0.002251847181469202,-6.09375,0,0.0077105178497731686,0,0.013269458572332627,taglish,comment,True,unanimous,3-0,0,0
t1_p73d28p,0,0.003123648464679718,-5.765625,0,0.012095676735043526,0,0.016676911318673576,taglish,comment,True,majority,3-0,0,0
t1_p4ykj95,0,0.055005285888910294,-2.84375,0,0.3854968547821045,0,0.11807001143962172,taglish,comment,True,majority,3-0,0,0
t1_p4yrp4n,0,0.023689471185207367,-3.71875,0,0.23263037204742432,0,0.06726046689654415,taglish,comment,True,unanimous,3-0,0,0
t1_p5dqwhi,0,0.0037072529084980488,-5.59375,0,0.015543555840849876,0,0.0187915327836616,english,comment,True,majority,3-0,0,0
t1_p6t3krm,0,0.0015011822106316686,-6.5,0,0.009555559605360031,0,0.009989370742938373,taglish,comment,True,majority,3-0,0,0
t1_p7cl7aa,0,0.0023231625091284513,-6.0625,0,0.014113928191363811,0,0.013561917722806668,taglish,comment,True,majority,3-0,0,0
t1_p456e9j,0,0.004133968148380518,-5.484375,0,0.036564700305461884,0,0.02027191272024212,taglish,comment,True,unanimous,3-0,0,0
t1_p6p679l,0,0.004609572235494852,-5.375,0,0.017655199393630028,0,0.021866316694138327,english,comment,True,majority,3-0,0,0
t1_p7k0c8k,0,0.18126320838928223,-1.5078125,0,0.7327014207839966,0,0.25612937445872275,taglish,comment,True,adjudicator,2-1,0,0
t1_p4zt3aj,0,0.002251847181469202,-6.09375,0,0.01445800345391035,0,0.013269458572332627,taglish,comment,True,majority,3-0,0,0
t1_p50ntwh,1,0.05033063143491745,-2.9375,0,0.314744234085083,0,0.11133999581232842,taglish,comment,True,majority,3-0,1,1
t1_p7bc62w,1,0.8991213440895081,2.1875,1,0.9552807807922363,1,0.8244505049864256,taglish,comment,True,unanimous,3-0,1,1
t1_p5xrcg6,0,0.09268777817487717,-2.28125,0,0.6285136938095093,0,0.16616041749313223,taglish,comment,True,majority,3-0,0,0
t1_p5txqf8,0,0.0034834241960197687,-5.65625,0,0.04365259408950806,0,0.017993758241836036,tagalog,comment,True,adjudicator,2-1,0,0
t1_p3fo6x0,0,0.0061929901130497456,-5.078125,0,0.07604129612445831,0,0.026836828561741147,taglish,comment,True,majority,3-0,0,0
t1_p3zothk,0,0.007176882121711969,-4.9296875,0,0.08748577535152435,0,0.029718529633722113,english,comment,True,majority,3-0,0,0
t1_p597ssj,0,0.17384853959083557,-1.55859375,0,0.7034358978271484,0,0.24934808261217484,tagalog,comment,True,adjudicator,2-1,0,1
t1_p50mcww,0,0.0011160142021253705,-6.796875,0,0.004670262336730957,0,0.008113201767127202,taglish,comment,True,majority,3-0,0,0
t1_p32axvs,0,0.7981867790222168,1.375,1,0.9327380061149597,1,0.7255720888643419,tagalog,comment,True,adjudicator,2-1,0,1
t1_p7c666w,0,0.0017546144081279635,-6.34375,0,0.00919551681727171,0,0.011143326046006437,taglish,comment,True,unanimous,3-0,0,0
t1_p51bjwo,0,0.001838665222749114,-6.296875,0,0.005509363021701574,0,0.011514543824138487,taglish,comment,True,majority,3-0,0,0
t1_p3fv3p6,0,0.0832919254899025,-2.3984375,0,0.43083739280700684,0,0.15499477285131677,english,comment,True,majority,3-0,0,0
t1_p4xgpqg,0,0.36161550879478455,-0.568359375,0,0.708248496055603,0,0.40085814739214387,english,comment,True,majority,3-0,0,0
t1_p50qdxp,0,0.005060331430286169,-5.28125,0,0.04176107794046402,0,0.023330023973580267,tagalog,comment,True,majority,3-0,0,0
t1_p3lv2wn,0,0.002889581024646759,-5.84375,0,0.008992879651486874,0,0.015794774931614106,taglish,comment,True,majority,3-0,0,0
t1_p6q03i7,0,0.00628990214318037,-5.0625,0,0.06377895176410675,0,0.02712689253281322,taglish,comment,True,unanimous,3-0,0,0
t1_p7jy3fg,0,0.006589771714061499,-5.015625,0,0.03745298087596893,0,0.028015485840151812,english,comment,True,majority,3-0,0,0
t1_p3lun7m,0,0.0008559005800634623,-7.0625,0,0.0025014495477080345,0,0.006733247838657633,taglish,comment,True,majority,3-0,0,0
t1_p61oy0x,0,0.12549343705177307,-1.94140625,0,0.5614387392997742,0,0.2021708210261525,taglish,comment,True,unanimous,3-0,0,0
t1_p4y7mf9,0,0.9257686138153076,2.5234375,1,0.970119833946228,1,0.8562319125903152,tagalog,comment,True,adjudicator,2-1,0,1
t1_p56bypa,0,0.5084220767021179,0.03369140625,1,0.7918447256088257,0,0.5059555737829171,english,comment,True,unanimous,3-0,0,0
t1_p7bnglu,0,0.011777843348681927,-4.4296875,0,0.10735303163528442,0,0.04179591942029521,taglish,comment,True,unanimous,3-0,0,0
t1_p597itq,0,0.006797531619668007,-4.984375,0,0.21732130646705627,0,0.028623519921703203,taglish,comment,True,unanimous,3-0,0,0
t1_p7c9wch,0,0.029535338282585144,-3.4921875,0,0.2432011365890503,0,0.07803502557392318,english,comment,True,adjudicator,2-1,0,0
t1_p663nm4,0,0.005060331430286169,-5.28125,0,0.17011414468288422,0,0.023330023973580267,taglish,comment,True,unanimous,3-0,0,0
t1_p3fsd6a,0,0.008644177578389645,-4.7421875,0,0.04101793095469475,0,0.03378945681123938,taglish,comment,True,majority,3-0,0,0
t1_p6pyxdf,0,0.4603798985481262,-0.1588134765625,0,0.7035832405090332,0,0.4719549449409531,taglish,comment,True,majority,3-0,0,0
t1_p5y4oq8,0,0.016657039523124695,-4.078125,0,0.2888147532939911,0,0.05296675016201559,taglish,comment,True,majority,3-0,0,0
t1_p7cuc40,0,0.016277462244033813,-4.1015625,0,0.1538434624671936,0,0.05214156896997361,tagalog,comment,True,majority,3-0,0,0
t1_p55houk,0,0.00172745855525136,-6.359375,0,0.010852277278900146,0,0.011022235721937763,taglish,comment,True,majority,3-0,0,0
t1_p7bg0k5,0,0.37068089842796326,-0.529296875,0,0.8203622102737427,0,0.40750978593416953,taglish,comment,True,adjudicator,2-1,0,1
t1_p3zo70b,1,0.87103670835495,1.91015625,1,0.9314051866531372,1,0.7942415028279486,english,comment,True,adjudicator,3-0,1,1
t1_p50m9ci,0,0.0060975621454417706,-5.09375,0,0.0313536673784256,0,0.026549781559867355,taglish,comment,True,majority,3-0,0,0
t1_p3slqav,0,0.2223622351884842,-1.251953125,0,0.7534607648849487,0,0.2920880250276707,taglish,comment,True,unanimous,3-0,0,0
t1_p50nh3l,0,0.0014550630003213882,-6.53125,0,0.007393735460937023,0,0.00977318933019686,taglish,comment,True,adjudicator,2-1,0,0
t1_p7lr9m4,0,0.0036499870475381613,-5.609375,0,0.08138250559568405,0,0.01858889461568454,taglish,comment,True,unanimous,3-0,0,0
t1_p7dttip,0,0.0020507436711341143,-6.1875,0,0.006618917919695377,0,0.012428910796098137,english,comment,True,majority,3-0,0,0
t1_p4rlw89,0,0.001867565792053938,-6.28125,0,0.0077315447852015495,0,0.011640978984996535,taglish,comment,True,unanimous,3-0,0,0
t1_p5ujc58,0,0.12463856488466263,-1.94921875,0,0.5347859859466553,0,0.20128123414958418,taglish,comment,True,unanimous,3-0,0,0
t1_p4prynn,0,0.16238003969192505,-1.640625,0,0.4862825274467468,0,0.23864964877250072,english,comment,True,majority,3-0,0,0
t1_p7b8f2j,0,0.005060331430286169,-5.28125,0,0.04861852526664734,0,0.023330023973580267,english,comment,True,majority,3-0,0,0
t1_p5awdcu,0,0.9059898257255554,2.265625,1,0.9701594114303589,1,0.8323031428535809,taglish,comment,True,majority,3-0,0,0
t1_p50lcy9,0,0.0027576221618801355,-5.890625,0,0.016182517632842064,0,0.015287700765514126,taglish,comment,True,adjudicator,2-1,0,0
t1_p50lh1b,0,0.0032730652019381523,-5.71875,0,0.01234560739248991,0,0.017229257662342803,taglish,comment,True,unanimous,3-0,0,0
t1_p7e7e69,0,0.002396730938926339,-6.03125,0,0.016899898648262024,0,0.013860732134132955,english,comment,True,majority,3-0,0,0
t1_p529hqn,0,0.004905405919998884,-5.3125,0,0.03653242439031601,0,0.022831793770536908,taglish,comment,True,majority,3-0,0,0
t1_p5xiy6r,0,0.0037654140032827854,-5.578125,0,0.06413047015666962,0,0.018996337160091005,taglish,comment,True,majority,3-0,0,0
t1_p4yh5j0,0,0.027376487851142883,-3.5703125,0,0.28354522585868835,0,0.07415205863186045,english,comment,True,majority,3-0,0,0
t1_p7jz0wl,0,0.002714985515922308,-5.90625,0,0.036243945360183716,0,0.015122263794536682,taglish,comment,True,unanimous,3-0,0,0
t1_p4z0yj3,0,0.6036982536315918,0.4208984375,1,0.8905841112136841,1,0.573860637281603,taglish,comment,True,majority,3-0,0,0
t1_p44cwm5,0,0.11008788645267487,-2.08984375,0,0.5649973154067993,0,0.18576861518163523,taglish,comment,True,majority,3-0,0,0
t1_p4yd4cd,1,0.03676946833729744,-3.265625,0,0.22128723561763763,0,0.09036835489574363,english,comment,True,majority,3-0,1,1
t1_p50nys2,0,0.012920473702251911,-4.3359375,0,0.16773156821727753,0,0.044532954461711766,taglish,comment,True,majority,3-0,0,0
t1_p4y8ujd,0,0.04885777831077576,-2.96875,0,0.33144962787628174,0,0.10917233946238249,taglish,comment,True,unanimous,3-0,0,0
t1_p7417ol,0,0.001032231142744422,-6.875,0,0.006828718818724155,0,0.007680510381857505,taglish,comment,True,majority,3-0,0,0
t1_p5wbh0m,0,0.0018102111062034965,-6.3125,0,0.015083192847669125,0,0.011389466077909098,tagalog,comment,True,adjudicator,2-1,0,0
t1_p4we6c0,0,0.001367025775834918,-6.59375,0,0.006020103581249714,0,0.009354628825668607,english,comment,True,majority,3-0,0,0
t1_p6x7whp,0,0.4047427177429199,-0.3857421875,0,0.7607933282852173,0,0.43222942000308306,tagalog,comment,True,adjudicator,2-1,0,1
t1_p51y97e,0,0.004264634568244219,-5.453125,0,0.03771387040615082,0,0.020715466009706897,english,comment,True,majority,3-0,0,0
t1_p5vbe7t,0,0.07316472381353378,-2.5390625,0,0.4512462615966797,0,0.14241337043356853,taglish,comment,True,majority,3-0,0,0
t1_p6zk1fq,1,0.09773432463407516,-2.22265625,0,0.629638671875,0,0.17198054270923138,taglish,comment,True,majority,3-0,1,1
t1_p736vtu,0,0.00178219610825181,-6.328125,0,0.012401534244418144,0,0.01126573151502374,taglish,comment,True,majority,3-0,0,0
t1_p5wniq5,0,0.0032224843744188547,-5.734375,0,0.08670508861541748,0,0.01704317363988056,taglish,comment,True,majority,3-0,0,0
t1_p3eef0l,0,0.0038844766095280647,-5.546875,0,0.0609033964574337,0,0.019412533625929863,taglish,comment,True,unanimous,3-0,0,0
t1_p4ox8y9,0,0.7711548805236816,1.21484375,1,0.917250394821167,1,0.7024567526756186,tagalog,comment,True,adjudicator,2-1,0,0
t1_p5u9bs5,0,0.0027576221618801355,-5.890625,0,0.023759519681334496,0,0.015287700765514126,taglish,comment,True,majority,3-0,0,0
t1_p31hxeq,0,0.00482972152531147,-5.328125,0,0.03060435876250267,0,0.022586590418768725,taglish,comment,True,unanimous,3-0,0,0
t1_p4ypxbf,1,0.21272224187850952,-1.30859375,0,0.6084091663360596,0,0.28387606073981014,taglish,comment,True,majority,3-0,1,1
t1_p4xzo13,0,0.0035936026833951473,-5.625,0,0.017344102263450623,0,0.018388400642024457,taglish,comment,True,majority,3-0,0,0
t1_p50l6ay,0,0.0026730059180408716,-5.921875,0,0.015527578070759773,0,0.014958589915878276,taglish,comment,True,majority,3-0,0,0
t1_p5xr6j9,0,0.0032730652019381523,-5.71875,0,0.03732549399137497,0,0.017229257662342803,taglish,comment,True,unanimous,3-0,0,0
t1_p50ue24,0,0.01009131595492363,-4.5859375,0,0.11166021227836609,0,0.037588371829492165,taglish,comment,True,adjudicator,2-1,0,1
t1_p596l9r,0,0.006589771714061499,-5.015625,0,0.0802706629037857,0,0.028015485840151812,taglish,comment,True,majority,3-0,0,0
t1_p5jjqmf,0,0.013955711387097836,-4.2578125,0,0.17236469686031342,0,0.046943560205248175,taglish,comment,True,unanimous,3-0,0,0
t1_p4ymt1u,0,0.005819959565997124,-5.140625,0,0.02688535861670971,0,0.025706447847561906,english,comment,True,majority,3-0,0,0
t1_p4xikdu,0,0.05223086103796959,-2.8984375,0,0.2619096636772156,0,0.11410242692672538,taglish,comment,True,majority,3-0,0,0
t1_p7krgtq,0,0.001674399245530367,-6.390625,0,0.008784206584095955,0,0.0107839454082915,taglish,comment,True,majority,3-0,0,0
t1_p505za8,0,0.0030278346966952085,-5.796875,0,0.03532597795128822,0,0.01631838940158481,english,comment,True,majority,3-0,0,0
t1_p67ocqo,0,0.015424554236233234,-4.15625,0,0.21809975802898407,0,0.05026315872008512,taglish,comment,True,majority,3-0,0,0
t1_p4xo9tr,1,0.008380454033613205,-4.7734375,0,0.10456614941358566,0,0.033075422061623325,tagalog,comment,True,adjudicator,2-1,1,0
t1_p7aerm6,0,0.06928940862417221,-2.59765625,0,0.41139280796051025,0,0.137427778388873,english,comment,True,majority,3-0,0,0
t1_p7am40f,0,0.0032224843744188547,-5.734375,0,0.018620653077960014,0,0.01704317363988056,taglish,comment,True,unanimous,3-0,0,0
t1_p7c5pt8,0,0.0026316740550100803,-5.9375,0,0.02239871397614479,0,0.014796660925601885,taglish,comment,True,unanimous,3-0,0,0
t1_p50nlek,0,0.013121269643306732,-4.3203125,0,0.23905867338180542,0,0.045005440308668467,tagalog,comment,True,majority,3-0,0,0
t1_p4bzcpv,0,0.00628990214318037,-5.0625,0,0.06950345635414124,0,0.02712689253281322,taglish,comment,True,majority,3-0,0,0
t1_p6yhlx0,0,0.005819959565997124,-5.140625,0,0.02817523293197155,0,0.025706447847561906,taglish,comment,True,adjudicator,3-0,0,0
t1_p5axqid,0,0.006850480102002621,-4.9765625,0,0.031693682074546814,0,0.02877751857785674,english,comment,True,majority,3-0,0,0
t1_p3slctx,0,0.6996649503707886,0.845703125,1,0.9279846549034119,1,0.6451991572972794,taglish,comment,True,adjudicator,2-1,0,1
t1_p6xz4lo,0,0.020332353189587593,-3.875,0,0.15904608368873596,0,0.060651694027855634,taglish,comment,True,majority,3-0,0,0
t1_p6xchb9,0,0.027169233188033104,-3.578125,0,0.16144651174545288,0,0.07377368894927801,taglish,comment,True,unanimous,3-0,0,0
t1_p734fh4,0,0.6500230431556702,0.619140625,1,0.8889738917350769,1,0.6077343407365663,tagalog,comment,True,majority,3-0,0,0
t1_p7kpafk,0,0.001622967072762549,-6.421875,0,0.006649696733802557,0,0.010550751746754102,taglish,comment,True,majority,3-0,0,0
t1_p51cr9k,0,0.060086652636528015,-2.75,0,0.5465648770332336,0,0.1251495376296225,tagalog,comment,True,majority,3-0,0,0
t1_p6p1ds7,0,0.0029810327105224133,-5.8125,0,0.01683177798986435,0,0.016141981595754997,taglish,comment,True,unanimous,3-0,0,0
t1_p50svch,0,0.001867565792053938,-6.28125,0,0.006025300361216068,0,0.011640978984996535,tagalog,comment,True,adjudicator,2-1,0,0
t1_p6xterw,0,0.004609572235494852,-5.375,0,0.022422537207603455,0,0.021866316694138327,taglish,comment,True,unanimous,3-0,0,0
t3_1vq7v39,0,0.0026316740550100803,-5.9375,0,0.014423832297325134,0,0.014796660925601885,taglish,submission,True,majority,3-0,0,0
t1_p4yotpb,0,0.0071214293129742146,-4.9375,0,0.1076933965086937,0,0.0295596485589102,taglish,comment,True,majority,3-0,0,0
t1_p50k9oz,0,0.002800926798954606,-5.875,0,0.017160147428512573,0,0.015454919209503223,english,comment,True,majority,3-0,0,0
t1_p676108,0,0.019419347867369652,-3.921875,0,0.15178051590919495,0,0.0587905589645794,tagalog,comment,True,adjudicator,2-1,0,0
t1_p4zovuv,0,0.004538431763648987,-5.390625,0,0.025539768859744072,0,0.021631252607868294,taglish,comment,True,majority,3-0,0,0
t1_p50lyeq,0,0.0014103584690019488,-6.5625,0,0.0034930496476590633,0,0.0095616411459085,taglish,comment,True,majority,3-0,0,0
t1_p73uh8x,0,0.0033766122069209814,-5.6875,0,0.024445243179798126,0,0.01760743353220208,tagalog,comment,True,adjudicator,2-1,0,1
t1_p3dw5vq,0,0.0060975621454417706,-5.09375,0,0.023939883336424828,0,0.026549781559867355,english,comment,True,majority,3-0,0,0
t1_p66to8l,0,0.0029810327105224133,-5.8125,0,0.01915111392736435,0,0.016141981595754997,taglish,comment,True,unanimous,3-0,0,0
t1_p4ylcwa,0,0.0446808747947216,-3.0625,0,0.3001813292503357,0,0.10289032414879418,english,comment,True,unanimous,3-0,0,0
t1_p6x3o0t,0,0.04603390395641327,-3.03125,0,0.3550683259963989,0,0.10494794338440919,taglish,comment,True,adjudicator,2-1,0,0
t1_p65thlg,0,0.0017007224960252643,-6.375,0,0.009489929303526878,0,0.010902446733210305,english,comment,True,adjudicator,2-1,0,0
t1_p6xz8mt,0,0.007815889082849026,-4.84375,0,0.02732277475297451,0,0.031521742980397005,taglish,comment,True,unanimous,3-0,0,0
t1_p6fj35l,0,0.005730246659368277,-5.15625,0,0.07706981152296066,0,0.025431175453224215,taglish,comment,True,unanimous,3-0,0,0
t1_p6k9dkh,0,0.0012255674228072166,-6.703125,0,0.0030551967211067677,0,0.008664445570854941,taglish,comment,True,majority,3-0,0,0
t1_p3zvyqu,0,0.0020507436711341143,-6.1875,0,0.008098118007183075,0,0.012428910796098137,english,comment,True,majority,3-0,0,0
t1_p7c2q05,0,0.0033244371879845858,-5.703125,0,0.017641739919781685,0,0.017417337421760517,tagalog,comment,True,unanimous,3-0,0,0
t1_p78w1lc,0,0.048496000468730927,-2.9765625,0,0.39097970724105835,0,0.10863624219523085,taglish,comment,True,adjudicator,2-1,0,1
t1_p465fi2,0,0.2925952970981598,-0.8828125,0,0.6043434143066406,0,0.3488171303920721,taglish,comment,True,adjudicator,2-1,0,0
t1_p4k0pds,0,0.3242354094982147,-0.734375,0,0.8195779323577881,0,0.37302024843591974,english,comment,True,adjudicator,2-1,0,0
t3_1vpoq3d,0,0.33328619599342346,-0.693359375,0,0.661316454410553,0,0.379827817297325,english,submission,True,majority,3-0,0,0
t1_p7c1ngi,1,0.6498008370399475,0.6181640625,1,0.8555722236633301,1,0.6075697098164353,taglish,comment,True,majority,3-0,1,1
t1_p7bmmia,0,0.04401864856481552,-3.078125,0,0.28579503297805786,0,0.10187496563689195,taglish,comment,True,majority,3-0,0,0
t1_p50mxt1,0,0.004468384198844433,-5.40625,0,0.03940141946077347,0,0.02139866019103284,tagalog,comment,True,unanimous,3-0,0,0
t1_p5w2b6i,0,0.11008788645267487,-2.08984375,0,0.5421738028526306,0,0.18576861518163523,taglish,comment,True,majority,3-0,0,0
t1_p4z7ya6,0,0.04084571823477745,-3.15625,0,0.40014395117759705,0,0.09693045720873666,taglish,comment,True,adjudicator,2-1,0,0
t1_p7i6a7b,0,0.006797531619668007,-4.984375,0,0.03731995075941086,0,0.028623519921703203,english,comment,True,unanimous,3-0,0,0
t1_p5z7w1i,0,0.0020190139766782522,-6.203125,0,0.009445751085877419,0,0.012294024189592136,taglish,comment,True,unanimous,3-0,0,0
t1_p3sl966,0,0.0024726232513785362,-6.0,0,0.02519497647881508,0,0.014166035876688382,english,comment,True,majority,3-0,0,0
t1_p56ut3m,0,0.2186693549156189,-1.2734375,0,0.6867308616638184,0,0.288956738323497,english,comment,True,adjudicator,2-1,0,1
t1_p7bkutq,0,0.01384861022233963,-4.265625,0,0.11751139163970947,0,0.04669702271120813,taglish,comment,True,unanimous,3-0,0,0
t1_p3lyn6q,0,0.0012843081494793296,-6.65625,0,0.003986505325883627,0,0.00895383209919784,taglish,comment,True,majority,3-0,0,0
t1_p6vcpc7,0,0.026155617088079453,-3.6171875,0,0.1950371116399765,0,0.07190836916098524,taglish,comment,True,majority,3-0,0,0
t1_p55qy06,0,0.018404891714453697,-3.9765625,0,0.26368212699890137,0,0.05668694277551826,tagalog,comment,True,adjudicator,2-1,0,0
t1_p4wzcza,0,0.02498779445886612,-3.6640625,0,0.36739081144332886,0,0.06972745624969988,tagalog,comment,True,majority,3-0,0,0
t1_p5nbhdq,0,0.011072159744799137,-4.4921875,0,0.08475041389465332,0,0.04006139243430389,taglish,comment,True,majority,3-0,0,0
t1_p4zfkta,0,0.2693256139755249,-0.998046875,0,0.7155368328094482,0,0.3305439882676272,tagalog,comment,True,adjudicator,2-1,0,1
t3_1vqj80c,0,0.006744989659637213,-4.9921875,0,0.0666850209236145,0,0.028470321209076912,taglish,submission,True,unanimous,3-0,0,0
t1_p6g6iz6,0,0.00130450667347759,-6.640625,0,0.0035865488462150097,0,0.009052406927953274,taglish,comment,True,unanimous,3-0,0,0
t1_p3sbb84,0,0.010328153148293495,-4.5625,0,0.13474783301353455,0,0.0381925174952548,tagalog,comment,True,majority,3-0,0,0
t1_p4uuimp,0,0.038756195455789566,-3.2109375,0,0.36700814962387085,0,0.09359784901433707,taglish,comment,True,unanimous,3-0,0,0
t1_p5gxv76,0,0.0013885231455788016,-6.578125,0,0.010564865544438362,0,0.009457574010949937,taglish,comment,True,majority,3-0,0,0
t1_p6k9ho4,0,0.0012065897462889552,-6.71875,0,0.0030442681163549423,0,0.00857005885294769,taglish,comment,True,majority,3-0,0,0
t1_p5bxw7g,0,0.10743748396635056,-2.1171875,0,0.48680275678634644,0,0.1828617882589355,taglish,comment,True,majority,3-0,0,0
t1_p3bz6o9,0,0.2146914005279541,-1.296875,0,0.6022998094558716,0,0.28556362078897224,taglish,comment,True,majority,3-0,0,0
t1_p6x9f6t,0,0.2913839519023895,-0.888671875,0,0.6116390228271484,0,0.3478766180514105,tagalog,comment,True,adjudicator,2-1,0,1
t1_p52939y,0,0.48999154567718506,-0.0400390625,0,0.7888615131378174,0,0.4929224995975186,taglish,comment,True,adjudicator,2-1,0,0
t1_p77hne6,1,0.7745833992958069,1.234375,1,0.8813389539718628,1,0.7053352459997414,english,comment,True,adjudicator,2-1,1,1
t1_p46esww,0,0.00978387612849474,-4.6171875,0,0.0567953996360302,0,0.036797116175008915,taglish,comment,True,unanimous,3-0,0,0
t1_p4zagy4,0,0.04922211542725563,-2.9609375,0,0.29940077662467957,0,0.10971075664136526,english,comment,True,majority,3-0,0,0
t1_p6kmvge,0,0.004538431763648987,-5.390625,0,0.07009577751159668,0,0.021631252607868294,english,comment,True,majority,3-0,0,0
t1_p7dawix,0,0.011331754736602306,-4.46875,0,0.1678004115819931,0,0.04070360507717041,tagalog,comment,True,majority,3-0,0,0
t1_p5jozqy,1,0.5715872645378113,0.288330078125,1,0.8595783114433289,1,0.5507942127236615,english,comment,True,majority,3-0,1,1
t1_p5eqw9s,0,0.016277462244033813,-4.1015625,0,0.12111842632293701,0,0.05214156896997361,english,comment,True,adjudicator,2-1,0,0
t1_p5gf6kx,0,0.01009131595492363,-4.5859375,0,0.13854223489761353,0,0.037588371829492165,taglish,comment,True,unanimous,3-0,0,0
t1_p5ve53j,0,0.011687257327139378,-4.4375,0,0.17293262481689453,0,0.04157523691085933,taglish,comment,True,majority,3-0,0,0
t1_p7hygf3,1,0.8940516710281372,2.1328125,1,0.9425453543663025,1,0.8187833410394741,taglish,comment,True,adjudicator,2-1,1,1
t1_p464mzu,0,0.007289077155292034,-4.9140625,0,0.08230665326118469,0,0.03003877885894926,taglish,comment,True,unanimous,3-0,0,0
t1_p61s6cs,0,0.005730246659368277,-5.15625,0,0.08063548803329468,0,0.025431175453224215,taglish,comment,True,unanimous,3-0,0,0
t1_p58pnbx,0,0.005730246659368277,-5.15625,0,0.07377457618713379,0,0.025431175453224215,tagalog,comment,True,majority,3-0,0,0
t1_p7ajr0q,0,0.0055549247190356255,-5.1875,0,0.02451503835618496,0,0.024889217079120923,taglish,comment,True,majority,3-0,0,0
t1_p5jekcm,0,0.038756195455789566,-3.2109375,0,0.14956127107143402,0,0.09359784901433707,english,comment,True,majority,3-0,0,0
t1_p3l9b93,0,0.0024343819823116064,-6.015625,0,0.012711100280284882,0,0.0140125643566543,taglish,comment,True,majority,3-0,0,0
t1_p5joqv8,1,0.20497775077819824,-1.35546875,0,0.6564902067184448,0,0.27718640508562015,english,comment,True,adjudicator,2-1,1,0
t1_p63xo2x,0,0.030214587226510048,-3.46875,0,0.1928059458732605,0,0.07923573530741766,taglish,comment,True,unanimous,3-0,0,0
t1_p7iuo3c,0,0.007636216934770346,-4.8671875,0,0.20184867084026337,0,0.03101971528028186,tagalog,comment,True,adjudicator,2-1,0,0
t1_p5jimmu,1,0.16940587759017944,-1.58984375,0,0.555686354637146,0,0.24523503912393887,english,comment,True,majority,3-0,1,1
t1_p6slhge,0,0.006797531619668007,-4.984375,0,0.128050297498703,0,0.028623519921703203,taglish,comment,True,majority,3-0,0,0
t1_p5e7h59,1,0.060086652636528015,-2.75,0,0.4562693238258362,0,0.1251495376296225,taglish,comment,True,unanimous,3-0,1,1
t1_p50r0l4,0,0.015306354500353336,-4.1640625,0,0.16423463821411133,0,0.05000010203636064,taglish,comment,True,majority,3-0,0,0
t1_p5joipt,0,0.002251847181469202,-6.09375,0,0.006640923209488392,0,0.013269458572332627,taglish,comment,True,unanimous,3-0,0,0
t1_p5jsihm,0,0.5126925706863403,0.05078125,1,0.8836380839347839,0,0.5089759771341925,taglish,comment,True,unanimous,3-0,0,0
t1_p5x07xy,0,0.22953519225120544,-1.2109375,0,0.6458024978637695,0,0.29812088748738147,english,comment,True,majority,3-0,0,0
t1_p7hvkfw,1,0.949669361114502,2.9375,1,0.9769947528839111,1,0.8886600041876717,taglish,comment,True,majority,3-0,1,1
t1_p7c1yqw,0,0.6959583163261414,0.828125,1,0.902511477470398,1,0.6423486976795765,tagalog,comment,True,adjudicator,2-1,0,1
t1_p7hhvqv,0,0.004331502132117748,-5.4375,0,0.03125956282019615,0,0.02094079136365112,taglish,comment,True,majority,3-0,0,0
t1_p7iooa2,0,0.03676946833729744,-3.265625,0,0.1868048757314682,0,0.09036835489574363,taglish,comment,True,unanimous,3-0,0,0
t1_p6yg8x3,0,0.0033244371879845858,-5.703125,0,0.01950812339782715,0,0.017417337421760517,taglish,comment,True,unanimous,3-0,0,0
t1_p67nqpu,0,0.007176882121711969,-4.9296875,0,0.12255404889583588,0,0.029718529633722113,taglish,comment,True,majority,3-0,0,0
t1_p5bvcal,0,0.00482972152531147,-5.328125,0,0.05060143396258354,0,0.022586590418768725,taglish,comment,True,unanimous,3-0,0,0
t1_p7358bk,0,0.014503578655421734,-4.21875,0,0.336712121963501,0,0.04819491593969019,taglish,comment,True,adjudicator,2-1,0,0
t1_p77hvjm,0,0.13706977665424347,-1.83984375,0,0.5608105659484863,0,0.21400248698380628,english,comment,True,adjudicator,2-1,0,1
t1_p7fq4xh,0,0.00482972152531147,-5.328125,0,0.03622707352042198,0,0.022586590418768725,taglish,comment,True,unanimous,3-0,0,0
t1_p50s3qb,0,0.0035380858462303877,-5.640625,0,0.02753578871488571,0,0.018190029052986275,taglish,comment,True,majority,3-0,0,0
t1_p671auj,0,0.6034645438194275,0.419921875,1,0.8837097883224487,1,0.5736917623183111,tagalog,comment,True,adjudicator,2-1,0,0
t1_p50dfro,0,0.005384938325732946,-5.21875,0,0.10122860968112946,0,0.024358519593292292,english,comment,True,majority,3-0,0,0
t1_p7bdafa,0,0.14511536061763763,-1.7734375,0,0.41819772124290466,0,0.22200681545599874,taglish,comment,True,adjudicator,2-1,0,0
t3_1vr426q,0,0.005469274707138538,-5.203125,0,0.06758302450180054,0,0.024622474677955537,taglish,submission,True,unanimous,3-0,0,0
t1_p50kakm,0,0.3696563243865967,-0.53369140625,0,0.8485105037689209,0,0.40675973348456795,tagalog,comment,True,adjudicator,2-1,0,1
t1_p6ylgw8,0,0.08756383508443832,-2.34375,0,0.4937703311443329,0,0.16012725836778396,taglish,comment,True,unanimous,3-0,0,0
t1_p5brjms,1,0.982557475566864,4.03125,1,0.9871649742126465,1,0.9453457736260841,taglish,comment,True,unanimous,3-0,1,1
t1_p63vzsg,0,0.0038244836032390594,-5.5625,0,0.022380918264389038,0,0.019203329965028326,taglish,comment,True,majority,3-0,0,0
t1_p5116y2,0,0.002217013156041503,-6.109375,0,0.012876085937023163,0,0.013125571036409624,taglish,comment,True,unanimous,3-0,0,0
t1_p4r4j5u,0,0.0020190139766782522,-6.203125,0,0.020601727068424225,0,0.012294024189592136,taglish,comment,True,majority,3-0,0,0
t1_p6wwaad,0,0.005301895085722208,-5.234375,0,0.0505753718316555,0,0.024097324222642443,english,comment,True,majority,3-0,0,0
t1_p68dz3r,0,0.006744989659637213,-4.9921875,0,0.021174786612391472,0,0.028470321209076912,taglish,comment,True,majority,3-0,0,0
t1_p3l1eyy,0,0.004982269834727049,-5.296875,0,0.0314716175198555,0,0.023079596229234063,taglish,comment,True,adjudicator,2-1,0,0
t1_p5vygp6,0,0.00955939944833517,-4.640625,0,0.11374767869710922,0,0.036214212467170125,tagalog,comment,True,majority,3-0,0,0
t1_p56unog,1,0.9507778882980347,2.9609375,1,0.977700412273407,1,0.8902892433586347,english,comment,True,adjudicator,2-1,1,1
t1_p76hl1m,0,0.001597845577634871,-6.4375,0,0.006671664770692587,0,0.010436032746416498,tagalog,comment,True,adjudicator,3-0,0,0
t1_p66lezt,0,0.00934002548456192,-4.6640625,0,0.2519688606262207,0,0.035640200879961545,tagalog,comment,True,adjudicator,2-1,0,0
t1_p5h9n7h,0,0.0027576221618801355,-5.890625,0,0.007698678877204657,0,0.015287700765514126,english,comment,True,majority,3-0,0,0
t1_p780d5b,1,0.020023442804813385,-3.890625,0,0.2323397845029831,0,0.06002527175738791,english,comment,True,adjudicator,2-1,1,1
t1_p7hx42h,0,0.6544531583786011,0.638671875,1,0.8807317614555359,1,0.6110217707501765,tagalog,comment,True,adjudicator,2-1,0,0
t1_p5c0yv5,0,0.015663648024201393,-4.140625,0,0.2988685965538025,0,0.050793208931795446,taglish,comment,True,adjudicator,2-1,0,0
t1_p32cbyp,0,0.0023231625091284513,-6.0625,0,0.015853315591812134,0,0.013561917722806668,taglish,comment,True,unanimous,3-0,0,0
t1_p6e92sc,0,0.001867565792053938,-6.28125,0,0.008305642753839493,0,0.011640978984996535,english,comment,True,majority,3-0,0,0
t1_p6y4qx4,0,0.005641908384859562,-5.171875,0,0.0782753974199295,0,0.02515877464146465,tagalog,comment,True,adjudicator,2-1,0,0
t1_p67mjkz,0,0.007176882121711969,-4.9296875,0,0.057336028665304184,0,0.029718529633722113,taglish,comment,True,unanimous,3-0,0,0
t1_p7098x8,0,0.17217184603214264,-1.5703125,0,0.6313459873199463,0,0.24780030932461106,taglish,comment,True,majority,3-0,0,0
t1_p72xql0,0,0.004007288720458746,-5.515625,0,0.03669128939509392,0,0.01983766427133824,taglish,comment,True,unanimous,3-0,0,0
t1_p4yyyqr,1,0.004399413242936134,-5.421875,0,0.06535828113555908,0,0.02116851463722092,tagalog,comment,True,adjudicator,2-1,1,0
t1_p5g3p8k,0,0.003429603995755315,-5.671875,0,0.050519492477178574,0,0.017799566803322817,english,comment,True,majority,3-0,0,0
t1_p7jb1lf,0,0.2465333193540573,-1.1171875,0,0.6772702932357788,0,0.3121749269956901,tagalog,comment,True,adjudicator,2-1,0,0
t1_p313k9u,0,0.001367025775834918,-6.59375,0,0.011571764945983887,0,0.009354628825668607,english,comment,True,majority,3-0,0,0
t1_p7ibaw8,0,0.022977370768785477,-3.75,0,0.05042853206396103,0,0.06588735899891444,taglish,comment,True,majority,3-0,0,0
t1_p5x97bx,0,0.0066411131992936134,-5.0078125,0,0.061625123023986816,0,0.02816630804130722,taglish,comment,True,unanimous,3-0,0,0
t1_p60tlxy,0,0.004468384198844433,-5.40625,0,0.04329865425825119,0,0.02139866019103284,taglish,comment,True,majority,3-0,0,0
t1_p3smn3l,0,0.04084571823477745,-3.15625,0,0.3682015836238861,0,0.09693045720873666,tagalog,comment,True,adjudicator,2-1,0,0
t1_p7bjoj7,0,0.0020190139766782522,-6.203125,0,0.03808733820915222,0,0.012294024189592136,taglish,comment,True,majority,3-0,0,0
t1_p7ke6gm,0,0.005384938325732946,-5.21875,0,0.037984199821949005,0,0.024358519593292292,taglish,comment,True,unanimous,3-0,0,0
t1_p77r4w4,0,0.0027576221618801355,-5.890625,0,0.04118390381336212,0,0.015287700765514126,taglish,comment,True,majority,3-0,0,0
t1_p6xftmk,0,0.028007520362734795,-3.546875,0,0.2746841311454773,0,0.07529790146887831,tagalog,comment,True,adjudicator,2-1,0,0
t1_p6y8b1r,0,0.8272706270217896,1.56640625,1,0.9436556100845337,1,0.7516844829168989,tagalog,comment,True,adjudicator,2-1,0,0
t1_p3mzc8e,0,0.006744989659637213,-4.9921875,0,0.07506141066551208,0,0.028470321209076912,english,comment,True,majority,3-0,0,0
t1_p5jp3tf,0,0.12635333836078644,-1.93359375,0,0.5829178094863892,0,0.2030633399749336,tagalog,comment,True,adjudicator,2-1,0,0
t1_p7ctvyj,1,0.7725306153297424,1.22265625,1,0.8932825922966003,1,0.7036100948272015,english,comment,True,adjudicator,2-1,1,0
t1_p6s76hb,0,0.005384938325732946,-5.21875,0,0.08117830753326416,0,0.024358519593292292,taglish,comment,True,majority,3-0,0,0
t1_p6n2x8a,1,0.014957086183130741,-4.1875,0,0.11838367581367493,0,0.04921873691470499,english,comment,True,adjudicator,2-1,1,1
t1_p40cs7m,0,0.023689471185207367,-3.71875,0,0.1306573897600174,0,0.06726046689654415,taglish,comment,True,majority,3-0,0,0
t1_p5b8sam,0,0.16451646387577057,-1.625,0,0.5955662727355957,0,0.24066291777325555,taglish,comment,True,majority,3-0,0,0
t1_p50tfdu,1,0.3854902982711792,-0.46630859375,0,0.723493754863739,0,0.41830632736718293,tagalog,comment,True,adjudicator,2-1,1,0
t1_p517y50,0,0.0018969200318679214,-6.265625,0,0.007525605149567127,0,0.011768785934835982,taglish,comment,True,majority,3-0,0,0
t1_p6edzjp,0,0.0026316740550100803,-5.9375,0,0.011373959481716156,0,0.014796660925601885,taglish,comment,True,majority,3-0,0,0
t1_p6f4ivk,0,0.0028449094388633966,-5.859375,0,0.029006948694586754,0,0.015623937685376274,taglish,comment,True,unanimous,3-0,0,0
t1_p50o5z0,0,0.0024726232513785362,-6.0,0,0.021131504327058792,0,0.014166035876688382,taglish,comment,True,majority,3-0,0,0
t1_p74k6m1,0,0.0035936026833951473,-5.625,0,0.021232355386018753,0,0.018388400642024457,taglish,comment,True,majority,3-0,0,0
t1_p7jfo8h,0,0.0025114635936915874,-5.984375,0,0.006026586517691612,0,0.014321163867260506,taglish,comment,True,unanimous,3-0,0,0
t1_p4qvdsp,0,0.004681822843849659,-5.359375,0,0.05314476788043976,0,0.022103877481344885,taglish,comment,True,unanimous,3-0,0,0
t1_p4yc148,0,0.022116590291261673,-3.7890625,0,0.22963044047355652,0,0.06420761713408671,english,comment,True,majority,3-0,0,0
t1_p4pt0uy,0,0.030444350093603134,-3.4609375,0,0.30833330750465393,0,0.07963970997283831,tagalog,comment,True,unanimous,3-0,0,0
t1_p40l9rp,0,0.00482972152531147,-5.328125,0,0.0594833642244339,0,0.022586590418768725,taglish,comment,True,majority,3-0,0,0
t1_p3mhkwh,0,0.017045317217707634,-4.0546875,0,0.21269665658473969,0,0.05380424920396059,taglish,comment,True,majority,3-0,0,0
t1_p4n6wf0,0,0.0023596608079969883,-6.046875,0,0.004903818480670452,0,0.01371052220303113,taglish,comment,True,majority,3-0,0,0
t1_p6p7zfa,0,0.07290027290582657,-2.54296875,0,0.3688286244869232,0,0.14207635888368253,taglish,comment,True,majority,3-0,0,0
t1_p513ngl,0,0.01615283451974392,-4.109375,0,0.2480190396308899,0,0.051869218363923074,tagalog,comment,True,majority,3-0,0,0
t1_p325h6y,0,0.6245225667953491,0.5087890625,1,0.8770489692687988,1,0.5889843197584862,taglish,comment,True,unanimous,3-0,0,0
t1_p4zzjvn,0,0.013636835850775242,-4.28125,0,0.07285546511411667,0,0.04620763719834893,english,comment,True,unanimous,3-0,0,0
t1_p5xpo92,0,0.007011795416474342,-4.953125,0,0.04011313617229462,0,0.029244353425029627,taglish,comment,True,majority,3-0,0,0
t1_p4y38s5,1,0.44323888421058655,-0.22802734375,0,0.8322412371635437,0,0.4597771855127787,tagalog,comment,True,adjudicator,2-1,1,0
t1_p5vnn8u,1,0.11676401644945145,-2.0234375,0,0.6677098274230957,0,0.19297618707150266,tagalog,comment,True,adjudicator,2-1,1,0
t1_p6xezaj,0,0.23022674024105072,-1.20703125,0,0.6624152660369873,0,0.2986991722139614,english,comment,True,adjudicator,2-1,0,0
t1_p66jm72,0,0.0055549247190356255,-5.1875,0,0.018429450690746307,0,0.024889217079120923,english,comment,True,majority,3-0,0,0
t1_p3ckvrq,0,0.0014103584690019488,-6.5625,0,0.005671844817698002,0,0.0095616411459085,taglish,comment,True,majority,3-0,0,0
t1_p7iuyoo,0,0.005139610730111599,-5.265625,0,0.07335531711578369,0,0.023583103416054976,taglish,comment,True,unanimous,3-0,0,0
t1_p5d0azw,0,0.002182716503739357,-6.125,0,0.010397281497716904,0,0.012983223217297994,taglish,comment,True,majority,3-0,0,0
t1_p66ivzu,0,0.010902374982833862,-4.5078125,0,0.1570548713207245,0,0.03963865686919409,taglish,comment,True,majority,3-0,0,0
t1_p50n0pq,0,0.011072159744799137,-4.4921875,0,0.1295536607503891,0,0.04006139243430389,taglish,comment,True,unanimous,3-0,0,0
t1_p6mq5u4,0,0.013955711387097836,-4.2578125,0,0.04372883960604668,0,0.046943560205248175,tagalog,comment,True,majority,3-0,0,0
t1_p5jev7e,0,0.06536578387022018,-2.66015625,0,0.37477022409439087,0,0.13227238674953307,taglish,comment,True,unanimous,3-0,0,0
t1_p599dyq,0,0.017576880753040314,-4.0234375,0,0.22512629628181458,0,0.05494035290926733,taglish,comment,True,unanimous,3-0,0,0
t1_p311yij,0,0.007176882121711969,-4.9296875,0,0.04357825219631195,0,0.029718529633722113,english,comment,True,majority,3-0,0,0
t1_p3kbnnn,0,0.005426943302154541,-5.2109375,0,0.04366225004196167,0,0.024490150451876795,tagalog,comment,True,majority,3-0,0,0
t1_p3yv8za,0,0.002396730938926339,-6.03125,0,0.02446760982275009,0,0.013860732134132955,taglish,comment,True,unanimous,3-0,0,0
t1_p41mc59,1,0.0384661927819252,-3.21875,0,0.25027963519096375,0,0.0931302357788722,english,comment,True,adjudicator,2-1,1,1
t1_p5jlrqz,0,0.00482972152531147,-5.328125,0,0.02102547697722912,0,0.022586590418768725,english,comment,True,majority,3-0,0,0
t1_p7c3fs0,0,0.0024726232513785362,-6.0,0,0.011092505417764187,0,0.014166035876688382,english,comment,True,unanimous,3-0,0,0
t1_p52dvob,0,0.0023596608079969883,-6.046875,0,0.013979708775877953,0,0.01371052220303113,taglish,comment,True,majority,3-0,0,0
t1_p40cw0k,0,0.005819959565997124,-5.140625,0,0.03932075947523117,0,0.025706447847561906,taglish,comment,True,unanimous,3-0,0,0
t1_p5vvpfk,0,0.008315778337419033,-4.78125,0,0.05476650595664978,0,0.03289920289608108,english,comment,True,majority,3-0,0,0
t1_p741cw8,0,0.0011695103021338582,-6.75,0,0.009813252836465836,0,0.00838433284571872,taglish,comment,True,majority,3-0,0,0
t3_1vs2m8l,0,0.0026730059180408716,-5.921875,0,0.018469776958227158,0,0.014958589915878276,taglish,submission,True,unanimous,3-0,0,0
t1_p5bjonw,0,0.0059110685251653194,-5.125,0,0.02242811769247055,0,0.02598462040391766,english,comment,True,majority,3-0,0,0
t1_p5h0jee,0,0.00214894930832088,-6.140625,0,0.0062753064557909966,0,0.012842399081709267,english,comment,True,adjudicator,2-1,0,0
t1_p4xxckh,0,0.0071214293129742146,-4.9375,0,0.05341118574142456,0,0.0295596485589102,taglish,comment,True,unanimous,3-0,0,0
t1_p5jriqg,0,0.6311396956443787,0.537109375,1,0.9044051170349121,1,0.5938233404091426,tagalog,comment,True,adjudicator,2-1,0,0
t1_p4cxe4u,0,0.002082970691844821,-6.171875,0,0.01290040835738182,0,0.012565258513582124,taglish,comment,True,majority,3-0,0,0
t1_p3memsa,0,0.01590639352798462,-4.125,0,0.12224950641393661,0,0.051328546696275984,taglish,comment,True,majority,3-0,0,0
t1_p6zzi0z,0,0.06512754410505295,-2.6640625,0,0.4474848210811615,0,0.13195568061606766,tagalog,comment,True,adjudicator,2-1,0,0
t3_1vsmw8l,0,0.002396730938926339,-6.03125,0,0.019848380237817764,0,0.013860732134132955,english,submission,True,majority,3-0,0,0
t3_1vsx0z4,0,0.0017007224960252643,-6.375,0,0.009573079645633698,0,0.010902446733210305,english,submission,True,majority,3-0,0,0
t3_1vsbsbn,0,0.0023596608079969883,-6.046875,0,0.013731489889323711,0,0.01371052220303113,english,submission,True,majority,3-0,0,0
t3_1vqfm8p,0,0.0035380858462303877,-5.640625,0,0.02124476060271263,0,0.018190029052986275,taglish,submission,True,majority,3-0,0,0
t1_p3zyf1x,0,0.001622967072762549,-6.421875,0,0.004607673734426498,0,0.010550751746754102,english,comment,True,majority,3-0,0,0
t1_p5tiq7y,0,0.2766905128955841,-0.9609375,0,0.7096754908561707,0,0.3363761606267005,taglish,comment,True,majority,3-0,0,0
t1_p6zj1i5,0,0.012431650422513485,-4.375,0,0.1256609410047531,0,0.04337234694171856,tagalog,comment,True,adjudicator,2-1,0,1
t1_p7c5awf,0,0.022629201412200928,-3.765625,0,0.2659507989883423,0,0.06521061572509834,taglish,comment,True,majority,3-0,0,0
t1_p4y5gs8,0,0.008315778337419033,-4.78125,0,0.0668298676609993,0,0.03289920289608108,taglish,comment,True,majority,3-0,0,0
t1_p2tssly,0,0.014392335899174213,-4.2265625,0,0.14213231205940247,0,0.047942137181705965,taglish,comment,True,majority,3-0,0,0
t1_p4zsrso,0,0.004198795650154352,-5.46875,0,0.08179785311222076,0,0.020492514435468494,english,comment,True,majority,3-0,0,0
t1_p5dkn78,0,0.4797474145889282,-0.0810546875,0,0.8192989230155945,0,0.48567534128395384,taglish,comment,True,majority,3-0,0,0
t1_p4z4uit,0,0.0033766122069209814,-5.6875,0,0.013423996977508068,0,0.01760743353220208,taglish,comment,True,majority,3-0,0,0
t1_p6zj1aw,1,0.013020490296185017,-4.328125,0,0.11313965916633606,0,0.04476860327781515,tagalog,comment,True,adjudicator,2-1,1,1
t1_p73qkbb,0,0.005060331430286169,-5.28125,0,0.04242204874753952,0,0.023330023973580267,tagalog,comment,True,unanimous,3-0,0,0
t1_p3dvyko,0,0.021125193685293198,-3.8359375,0,0.22316023707389832,0,0.06224459675216054,taglish,comment,True,unanimous,3-0,0,0
t1_p7b6qgm,0,0.0019267346942797303,-6.25,0,0.008282562717795372,0,0.011897979192344485,english,comment,True,majority,3-0,0,0
t1_p78170w,0,0.6249805092811584,0.5107421875,1,0.6799920797348022,1,0.5893186100215357,english,comment,True,majority,3-0,0,0
t1_p5j8xc2,0,0.002082970691844821,-6.171875,0,0.017610637471079826,0,0.012565258513582124,taglish,comment,True,unanimous,3-0,0,0
t1_p73bv49,0,0.22270013391971588,-1.25,0,0.5920835733413696,0,0.29237367402548536,english,comment,True,adjudicator,2-1,0,0
t1_p7ij4ik,0,0.037892427295446396,-3.234375,0,0.3347901701927185,0,0.09220129433695914,taglish,comment,True,unanimous,3-0,0,0
t1_p7jfkna,0,0.014615669846534729,-4.2109375,0,0.17983339726924896,0,0.048448959669690844,taglish,comment,True,majority,3-0,0,0
t1_p61u48d,0,0.0038844766095280647,-5.546875,0,0.0326165109872818,0,0.019412533625929863,taglish,comment,True,majority,3-0,0,0
t1_p3vnlf6,0,0.09534946829080582,-2.25,0,0.3847723603248596,0,0.16924462022911999,taglish,comment,True,adjudicator,2-1,0,0
t1_p51wn7b,0,0.028652667999267578,-3.5234375,0,0.21004091203212738,0,0.07645998831886903,english,comment,True,unanimous,3-0,0,0
t1_p6mgmtr,0,0.017045317217707634,-4.0546875,0,0.12565892934799194,0,0.05380424920396059,english,comment,True,adjudicator,3-0,0,0
t1_p7eannv,0,0.002714985515922308,-5.90625,0,0.011758445762097836,0,0.015122263794536682,taglish,comment,True,unanimous,3-0,0,0
t1_p5dlbry,0,0.015306354500353336,-4.1640625,0,0.054389916360378265,0,0.05000010203636064,english,comment,True,unanimous,3-0,0,0
t1_p7k3m0u,0,0.37433314323425293,-0.513671875,0,0.7051986455917358,0,0.4101801092913277,english,comment,True,majority,3-0,0,0
t1_p4qvw6u,0,0.002217013156041503,-6.109375,0,0.03917678818106651,0,0.013125571036409624,taglish,comment,True,majority,3-0,0,0
t1_p4ugtdn,0,0.001674399245530367,-6.390625,0,0.012012730352580547,0,0.0107839454082915,taglish,comment,True,unanimous,3-0,0,0
t1_p4wv42s,0,0.004133968148380518,-5.484375,0,0.05613231658935547,0,0.02027191272024212,tagalog,comment,True,majority,3-0,0,0
t1_p77gsqx,0,0.021948251873254776,-3.796875,0,0.20457236468791962,0,0.06387648928369032,tagalog,comment,True,adjudicator,2-1,0,0
t1_p5ifb78,0,0.003172682598233223,-5.75,0,0.008168450556695461,0,0.01685906493442356,taglish,comment,True,adjudicator,2-1,0,0
t1_p4y7x53,0,0.016277462244033813,-4.1015625,0,0.17133113741874695,0,0.05214156896997361,tagalog,comment,True,majority,3-0,0,0
t1_p5jjxf0,0,0.014842418022453785,-4.1953125,0,0.2190413475036621,0,0.04896086451759548,taglish,comment,True,adjudicator,2-1,0,1
t1_p7bqdrw,0,0.2447238266468048,-1.126953125,0,0.6230281591415405,0,0.3106941269109697,taglish,comment,True,majority,3-0,0,0
t1_p792pcy,1,0.4294891953468323,-0.283935546875,0,0.8315860629081726,0,0.4499747414785247,taglish,comment,True,unanimous,3-0,1,1
t1_p6nfeor,0,0.026155617088079453,-3.6171875,0,0.206075057387352,0,0.07190836916098524,tagalog,comment,True,majority,3-0,0,0
t1_p5rh8h5,0,0.008711384609341621,-4.734375,0,0.06891106069087982,0,0.03397027697759415,taglish,comment,True,majority,3-0,0,0
t1_p4ujrsj,0,0.00214894930832088,-6.140625,0,0.009390342980623245,0,0.012842399081709267,english,comment,True,majority,3-0,0,0
t1_p7ea00l,0,0.0034834241960197687,-5.65625,0,0.008220313116908073,0,0.017993758241836036,english,comment,True,adjudicator,2-1,0,0
t1_p7efmzv,0,0.012527931481599808,-4.3671875,0,0.132139652967453,0,0.043602134593122344,taglish,comment,True,majority,3-0,0,0
t1_p5ywqk5,0,0.007876706309616566,-4.8359375,0,0.11436527967453003,0,0.03169082578202977,taglish,comment,True,majority,3-0,0,0
t1_p7c27lp,0,0.07369627058506012,-2.53125,0,0.4649543762207031,0,0.1430893933968181,tagalog,comment,True,adjudicator,2-1,0,0
t1_p7hx7o0,0,0.006388320587575436,-5.046875,0,0.05055959150195122,0,0.02742000330378375,english,comment,True,majority,3-0,0,0
t1_p40bzkq,0,0.029535338282585144,-3.4921875,0,0.23655638098716736,0,0.07803502557392318,taglish,comment,True,majority,3-0,0,0
t1_p4pzc9e,0,0.002182716503739357,-6.125,0,0.015172435902059078,0,0.012983223217297994,taglish,comment,True,majority,3-0,0,0
t1_p6pltew,0,0.006903837900608778,-4.96875,0,0.08007963746786118,0,0.028932321091136786,taglish,comment,True,majority,3-0,0,0
t1_p5z15qv,0,0.0024726232513785362,-6.0,0,0.015182956121861935,0,0.014166035876688382,taglish,comment,True,majority,3-0,0,0
t1_p6td8n3,0,0.001151399570517242,-6.765625,0,0.005234335549175739,0,0.008292972027966125,taglish,comment,True,majority,3-0,0,0
t1_p3mbl7h,0,0.6080123782157898,0.43896484375,1,0.8352330923080444,1,0.5769816775466826,taglish,comment,True,adjudicator,2-1,0,0
t1_p6tuzhb,0,0.005730246659368277,-5.15625,0,0.06967660039663315,0,0.025431175453224215,taglish,comment,True,unanimous,3-0,0,0
t1_p5b2pjv,0,0.18417982757091522,-1.48828125,0,0.5554790496826172,0,0.2587695335290278,english,comment,True,adjudicator,2-1,0,0
t1_p77i7c8,0,0.014392335899174213,-4.2265625,0,0.17205628752708435,0,0.047942137181705965,tagalog,comment,True,majority,3-0,0,0
t1_p1eb0oi,0,0.001597845577634871,-6.4375,0,0.0043424260802567005,0,0.010436032746416498,english,comment,True,majority,3-0,0,0
t1_p6qwwww,0,0.025760557502508163,-3.6328125,0,0.12924131751060486,0,0.07117449491340037,english,comment,True,majority,3-0,0,0
t1_p428w1b,0,0.05460060387849808,-2.8515625,0,0.10341332852840424,0,0.11749598446674744,taglish,comment,True,majority,3-0,0,0
t1_p3j3b9f,0,0.002251847181469202,-6.09375,0,0.014283190481364727,0,0.013269458572332627,taglish,comment,True,majority,3-0,0,0
t1_p6oltl1,0,0.7718434929847717,1.21875,1,0.917147159576416,1,0.703033747152262,english,comment,True,adjudicator,2-1,0,1
t1_p7c8iip,0,0.03090895712375641,-3.4453125,0,0.22571824491024017,0,0.08045330793857032,taglish,comment,True,unanimous,3-0,0,0
t1_p6vy6jj,0,0.008644177578389645,-4.7421875,0,0.03106200322508812,0,0.03378945681123938,taglish,comment,True,unanimous,3-0,0,0
t1_p7l0u04,0,0.0015011822106316686,-6.5,0,0.007813943549990654,0,0.009989370742938373,english,comment,True,unanimous,3-0,0,0
t1_p5v9jyk,0,0.0032224843744188547,-5.734375,0,0.02880275249481201,0,0.01704317363988056,taglish,comment,True,unanimous,3-0,0,0
t1_p7k0sas,0,0.0427221953868866,-3.109375,0,0.29265350103378296,0,0.09987087283321909,taglish,comment,True,adjudicator,2-1,0,0
t1_p40yu43,0,0.007011795416474342,-4.953125,0,0.051751669496297836,0,0.029244353425029627,taglish,comment,True,unanimous,3-0,0,0
t1_p3mmp9z,0,0.3197583258152008,-0.7548828125,0,0.7678618431091309,0,0.369635053293857,taglish,comment,True,majority,3-0,0,0
t1_p5d0evc,0,0.2716379463672638,-0.986328125,0,0.7979148626327515,0,0.33238021103823434,taglish,comment,True,majority,3-0,0,0
t3_1vrzjcg,0,0.00130450667347759,-6.640625,0,0.005862025078386068,0,0.009052406927953274,taglish,submission,True,unanimous,3-0,0,0
t1_p5vlg9s,0,0.006388320587575436,-5.046875,0,0.054810598492622375,0,0.02742000330378375,english,comment,True,majority,3-0,0,0
t1_p6z7e4p,0,0.34775859117507935,-0.62890625,0,0.6568760871887207,0,0.3906207027616461,tagalog,comment,True,adjudicator,2-1,0,0
t1_p7g2ti7,0,0.0065388246439397335,-5.0234375,0,0.068104088306427,0,0.02786544809042446,taglish,comment,True,majority,3-0,0,0
t1_p5yy22f,0,0.028652667999267578,-3.5234375,0,0.12411719560623169,0,0.07645998831886903,taglish,comment,True,majority,3-0,0,0
t1_p74mw1n,0,0.011687257327139378,-4.4375,0,0.11134207248687744,0,0.04157523691085933,taglish,comment,True,unanimous,3-0,0,0
t1_p5bvwvd,0,0.0020507436711341143,-6.1875,0,0.015152186155319214,0,0.012428910796098137,taglish,comment,True,unanimous,3-0,0,0
t1_p30xdut,0,0.0033766122069209814,-5.6875,0,0.03513709455728531,0,0.01760743353220208,taglish,comment,True,unanimous,3-0,0,0
t1_p7akqic,0,0.005301895085722208,-5.234375,0,0.041476309299468994,0,0.024097324222642443,taglish,comment,True,majority,3-0,0,0
t1_p730gus,0,0.007755536586046219,-4.8515625,0,0.14751382172107697,0,0.031353533090431686,taglish,comment,True,majority,3-0,0,0
t1_p6fqyjj,0,0.010408314876258373,-4.5546875,0,0.17019128799438477,0,0.038395963763875586,taglish,comment,True,majority,3-0,0,0
t1_p79kwyp,1,0.4373428225517273,-0.251953125,0,0.8268830180168152,0,0.45557799398760684,english,comment,True,adjudicator,2-1,1,0
t1_p4y5ln6,0,0.4740833044052124,-0.103759765625,0,0.7977268695831299,0,0.4816659152231018,tagalog,comment,True,adjudicator,2-1,0,1
t1_p6ioqm2,0,0.006850480102002621,-4.9765625,0,0.02759368345141411,0,0.02877751857785674,taglish,comment,True,unanimous,3-0,0,0
t1_p7aukfr,0,0.0011160142021253705,-6.796875,0,0.005652110558003187,0,0.008113201767127202,taglish,comment,True,majority,3-0,0,0
t1_p7b8kel,0,0.006388320587575436,-5.046875,0,0.07219408452510834,0,0.02742000330378375,taglish,comment,True,majority,3-0,0,0
t1_p6x4tbf,0,0.10230471193790436,-2.171875,0,0.45877978205680847,0,0.17715430782303251,tagalog,comment,True,adjudicator,2-1,0,0
t1_p6xwyam,0,0.00941259041428566,-4.65625,0,0.0835864394903183,0,0.035830557800914806,tagalog,comment,True,unanimous,3-0,0,0
t3_1vsqsja,0,0.001838665222749114,-6.296875,0,0.02040698379278183,0,0.011514543824138487,english,submission,True,majority,3-0,0,0
t1_p66lpln,0,0.0011879054363816977,-6.734375,0,0.005561932921409607,0,0.008476691551091157,taglish,comment,True,unanimous,3-0,0,0
t1_p67cbqu,0,0.027376487851142883,-3.5703125,0,0.39066657423973083,0,0.07415205863186045,taglish,comment,True,majority,3-0,0,0
t1_p663jq1,0,0.002115703420713544,-6.15625,0,0.020412223413586617,0,0.012703082753749456,taglish,comment,True,unanimous,3-0,0,0
t1_p5wvu4w,0,0.005220125894993544,-5.25,0,0.09310312569141388,0,0.02383886120432118,taglish,comment,True,unanimous,3-0,0,0
t1_p4jxfsy,0,0.0023596608079969883,-6.046875,0,0.014111998490989208,0,0.01371052220303113,tagalog,comment,True,adjudicator,3-0,0,0
t1_p4rhk3a,0,0.006797531619668007,-4.984375,0,0.060077548027038574,0,0.028623519921703203,tagalog,comment,True,adjudicator,2-1,0,0
t1_p65bwu5,0,0.0064882696606218815,-5.03125,0,0.09058326482772827,0,0.027716190959487037,taglish,comment,True,majority,3-0,0,0
t3_1vq4hwn,0,0.008315778337419033,-4.78125,0,0.06353636831045151,0,0.03289920289608108,english,submission,True,majority,3-0,0,0
t1_p6ochn3,0,0.00214894930832088,-6.140625,0,0.010173996910452843,0,0.012842399081709267,taglish,comment,True,unanimous,3-0,0,0
t1_p7kc355,0,0.1561048924922943,-1.6875,0,0.49115443229675293,0,0.23267948437205613,english,comment,True,majority,3-0,0,0
t1_p7bc4z3,0,0.03934250399470329,-3.1953125,0,0.2578050494194031,0,0.09453939562744847,english,comment,True,majority,3-0,0,0
t1_p52cjl8,0,0.028870904818177223,-3.515625,0,0.33648598194122314,0,0.07685099231829287,taglish,comment,True,majority,3-0,0,0
t1_p54rmf7,0,0.006003595422953367,-5.109375,0,0.04905800148844719,0,0.02626572194935037,taglish,comment,True,unanimous,3-0,0,0
t1_p3kxp2w,0,0.008380454033613205,-4.7734375,0,0.025082599371671677,0,0.033075422061623325,taglish,comment,True,majority,3-0,0,0
t1_p4yjbl0,0,0.005060331430286169,-5.28125,0,0.04146134853363037,0,0.023330023973580267,taglish,comment,True,unanimous,3-0,0,0
t1_p4n7ysy,0,0.002396730938926339,-6.03125,0,0.013833662495017052,0,0.013860732134132955,taglish,comment,True,majority,3-0,0,0
t1_p5ycq6j,1,0.9458011984825134,2.859375,1,0.9774441719055176,1,0.8830756217251144,taglish,comment,True,majority,3-0,1,1
t1_p74e5xl,0,0.005384938325732946,-5.21875,0,0.02516530454158783,0,0.024358519593292292,english,comment,True,majority,3-0,0,0
t1_p6q2pvh,0,0.01652955636382103,-4.0859375,0,0.1388445496559143,0,0.052690328990979494,tagalog,comment,True,adjudicator,2-1,0,0
t1_p66uope,0,0.014503578655421734,-4.21875,0,0.12762650847434998,0,0.04819491593969019,taglish,comment,True,unanimous,3-0,0,0
t1_p4n5had,0,0.0016484829830005765,-6.40625,0,0.010911139659583569,0,0.010666718212494087,taglish,comment,True,majority,3-0,0,0
t1_p5avc9b,0,0.034100428223609924,-3.34375,0,0.20860132575035095,0,0.08592888811176401,english,comment,True,majority,3-0,0,0
t1_p3l2sdd,0,0.001838665222749114,-6.296875,0,0.006623291876167059,0,0.011514543824138487,taglish,comment,True,majority,3-0,0,0
t3_1voudyb,0,0.012722708284854889,-4.3515625,0,0.05770860239863396,0,0.0440652000880723,taglish,submission,True,unanimous,3-0,0,0
t3_1vpxfhj,0,0.0014325366355478764,-6.546875,0,0.007846909575164318,0,0.009666842216206764,taglish,submission,True,majority,3-0,0,0
t1_p7elily,0,0.020023442804813385,-3.890625,0,0.14182709157466888,0,0.06002527175738791,english,comment,True,unanimous,3-0,0,0
t1_p4z8v3b,0,0.011072159744799137,-4.4921875,0,0.25053519010543823,0,0.04006139243430389,taglish,comment,True,majority,3-0,0,0
t1_p7at8v6,0,0.00628990214318037,-5.0625,0,0.06610558927059174,0,0.02712689253281322,taglish,comment,True,majority,3-0,0,0
t1_p44wzsd,0,0.010489092208445072,-4.546875,0,0.10005839914083481,0,0.03860045026908221,taglish,comment,True,majority,3-0,0,0
t1_p6dmjlb,0,0.001957016997039318,-6.234375,0,0.00934675894677639,0,0.01202857342181876,taglish,comment,True,majority,3-0,0,0
t1_p58nu9h,0,0.026963496580719948,-3.5859375,0,0.2822774648666382,0,0.07339709688751817,tagalog,comment,True,unanimous,3-0,0,0
t1_p4rlxqc,0,0.09842541068792343,-2.21484375,0,0.4645720422267914,0,0.17276864296534597,taglish,comment,True,majority,3-0,0,0
t1_p4xhvw5,0,0.0032730652019381523,-5.71875,0,0.016819946467876434,0,0.017229257662342803,taglish,comment,True,majority,3-0,0,0
t1_p6m9f9h,0,0.0022872276604175568,-6.078125,0,0.027367569506168365,0,0.013414902017093479,taglish,comment,True,majority,3-0,0,0
t1_p75n7jo,0,0.0008295890875160694,-7.09375,0,0.0030339928343892097,0,0.006587063802200354,taglish,comment,True,majority,3-0,0,0
t1_p7besxy,0,0.00482972152531147,-5.328125,0,0.03805907815694809,0,0.022586590418768725,taglish,comment,True,adjudicator,2-1,0,1
t1_p6krvx7,0,0.001081715221516788,-6.828125,0,0.004907201509922743,0,0.007937297272282373,taglish,comment,True,majority,3-0,0,0
t1_p75nh20,0,0.007460643537342548,-4.890625,0,0.1875377893447876,0,0.030525431061556748,taglish,comment,True,majority,3-0,0,0
t1_p35nfz8,0,0.0024726232513785362,-6.0,0,0.006935966666787863,0,0.014166035876688382,english,comment,True,majority,3-0,0,0
t1_p5ckw4m,0,0.0032224843744188547,-5.734375,0,0.026018116623163223,0,0.01704317363988056,english,comment,True,unanimous,3-0,0,0
t1_p314wt7,0,0.07892589271068573,-2.45703125,0,0.41946741938591003,0,0.14964558897670496,taglish,comment,True,adjudicator,2-1,0,0
t1_p6c1im3,0,0.006003595422953367,-5.109375,0,0.041427817195653915,0,0.02626572194935037,tagalog,comment,True,majority,3-0,0,0
t1_p4r48o8,0,0.00934002548456192,-4.6640625,0,0.06435324251651764,0,0.035640200879961545,tagalog,comment,True,majority,3-0,0,0
t1_p4yjr3e,0,0.0204885546118021,-3.8671875,0,0.05846330523490906,0,0.06096719366615995,english,comment,True,majority,3-0,0,0
t1_p7bgqjs,0,0.002714985515922308,-5.90625,0,0.013163009658455849,0,0.015122263794536682,taglish,comment,True,majority,3-0,0,0
t1_p50kxys,0,0.004198795650154352,-5.46875,0,0.04973713681101799,0,0.020492514435468494,taglish,comment,True,unanimous,3-0,0,0
t1_p6gxvcp,0,0.004681822843849659,-5.359375,0,0.025789067149162292,0,0.022103877481344885,taglish,comment,True,unanimous,3-0,0,0
t1_p4pyjmi,0,0.010489092208445072,-4.546875,0,0.09536360949277878,0,0.03860045026908221,tagalog,comment,True,majority,3-0,0,0
t1_p5yzw7h,0,0.004609572235494852,-5.375,0,0.0376618430018425,0,0.021866316694138327,taglish,comment,True,unanimous,3-0,0,0
t1_p5wusu3,0,0.048496000468730927,-2.9765625,0,0.2760617136955261,0,0.10863624219523085,taglish,comment,True,adjudicator,2-1,0,0
t1_p468i7c,0,0.012241275049746037,-4.390625,0,0.1826983094215393,0,0.04291623551910936,taglish,comment,True,majority,3-0,0,0
t1_p3fpfwv,0,0.006903837900608778,-4.96875,0,0.050998058170080185,0,0.028932321091136786,tagalog,comment,True,majority,3-0,0,0
t1_p7f22jg,0,0.0024343819823116064,-6.015625,0,0.012630867771804333,0,0.0140125643566543,english,comment,True,majority,3-0,0,0
t1_p5zky70,0,0.0204885546118021,-3.8671875,0,0.1154104471206665,0,0.06096719366615995,taglish,comment,True,unanimous,3-0,0,0
t1_p3jzr0s,0,0.002115703420713544,-6.15625,0,0.01139109767973423,0,0.012703082753749456,english,comment,True,majority,3-0,0,0
t1_p67hq2v,0,0.016657039523124695,-4.078125,0,0.15938155353069305,0,0.05296675016201559,tagalog,comment,True,majority,3-0,0,0
t1_p5xvfpt,0,0.0026316740550100803,-5.9375,0,0.016468919813632965,0,0.014796660925601885,taglish,comment,True,majority,3-0,0,0
t1_p5dolvx,0,0.007232763804495335,-4.921875,0,0.032520096749067307,0,0.029878238390907273,english,comment,True,majority,3-0,0,0
t1_p7bydkx,0,0.04742587357759476,-3.0,0,0.31461793184280396,0,0.10704180146517034,tagalog,comment,True,adjudicator,2-1,0,0
t1_p525kc6,0,0.002182716503739357,-6.125,0,0.018305715173482895,0,0.012983223217297994,tagalog,comment,True,adjudicator,2-1,0,0
t1_p4ynusd,0,0.004264634568244219,-5.453125,0,0.035190559923648834,0,0.020715466009706897,english,comment,True,majority,3-0,0,0
t1_p79lh0k,0,0.689723789691925,0.798828125,1,0.8715282678604126,1,0.6375755599721198,english,comment,True,adjudicator,2-1,0,1
t1_p3mf3db,0,0.006692850962281227,-5.0,0,0.07005535811185837,0,0.028317918542645672,taglish,comment,True,majority,3-0,0,0
t1_p7cc3tl,0,0.053799647837877274,-2.8671875,0,0.33592039346694946,0,0.1163551862498442,taglish,comment,True,majority,3-0,0,0
t1_p5um2jo,0,0.006003595422953367,-5.109375,0,0.08015501499176025,0,0.02626572194935037,taglish,comment,True,unanimous,3-0,0,0
t1_p7b38h0,0,0.5927844643592834,0.37548828125,1,0.8430707454681396,1,0.5659903623354051,tagalog,comment,True,adjudicator,2-1,0,1
t1_p7drylp,0,0.0024343819823116064,-6.015625,0,0.014572828076779842,0,0.0140125643566543,english,comment,True,majority,3-0,0,0
t1_p65uctk,0,0.0022872276604175568,-6.078125,0,0.011412335559725761,0,0.013414902017093479,tagalog,comment,True,adjudicator,3-0,0,0
t1_p40ec7o,0,0.005730246659368277,-5.15625,0,0.049338631331920624,0,0.025431175453224215,taglish,comment,True,majority,3-0,0,0
t1_p5jm1rd,0,0.00482972152531147,-5.328125,0,0.04773841053247452,0,0.022586590418768725,english,comment,True,majority,3-0,0,0
t1_p7c7iqe,0,0.0038244836032390594,-5.5625,0,0.026895280927419662,0,0.019203329965028326,taglish,comment,True,majority,3-0,0,0
t1_p7cq5vu,0,0.0011695103021338582,-6.75,0,0.004736106842756271,0,0.00838433284571872,taglish,comment,True,unanimous,3-0,0,0
t1_p52bbz9,0,0.0055549247190356255,-5.1875,0,0.015016238205134869,0,0.024889217079120923,english,comment,True,majority,3-0,0,0
t1_p3nccn8,0,0.002182716503739357,-6.125,0,0.010828875005245209,0,0.012983223217297994,taglish,comment,True,unanimous,3-0,0,0
t1_p7a4gru,0,0.41430625319480896,-0.34619140625,0,0.7427371740341187,0,0.4391052134983196,english,comment,True,majority,3-0,0,0
t1_p664h8p,0,0.018833130598068237,-3.953125,0,0.27135491371154785,0,0.05757968827925535,taglish,comment,True,adjudicator,2-1,0,0
t1_p51x3mr,0,0.008315778337419033,-4.78125,0,0.041296835988759995,0,0.03289920289608108,english,comment,True,unanimous,3-0,0,0
t1_p4rla39,0,0.13072869181632996,-1.89453125,0,0.5099579691886902,0,0.2075699420275258,taglish,comment,True,unanimous,3-0,0,0
t1_p5gss74,0,0.002889581024646759,-5.84375,0,0.011055509559810162,0,0.015794774931614106,english,comment,True,majority,3-0,0,0
t1_p5bwgwo,0,0.006003595422953367,-5.109375,0,0.19951960444450378,0,0.02626572194935037,taglish,comment,True,unanimous,3-0,0,0
t1_p3mb1rq,0,0.05033063143491745,-2.9375,0,0.31635403633117676,0,0.11133999581232842,taglish,comment,True,unanimous,3-0,0,0
t1_p7a37af,0,0.00628990214318037,-5.0625,0,0.04596315324306488,0,0.02712689253281322,taglish,comment,True,unanimous,3-0,0,0
t1_p66khe3,0,0.004681822843849659,-5.359375,0,0.032230135053396225,0,0.022103877481344885,taglish,comment,True,majority,3-0,0,0
t1_p77bo29,0,0.034358687698841095,-3.3359375,0,0.3412132263183594,0,0.08636378636430087,taglish,comment,True,majority,3-0,0,0
t1_p50ou5f,0,0.01956867426633835,-3.9140625,0,0.264082670211792,0,0.05909698637710714,tagalog,comment,True,adjudicator,3-0,0,0
t1_p6koe8u,1,0.3326354920864105,-0.6962890625,0,0.7603499293327332,0,0.37933995518535407,taglish,comment,True,adjudicator,2-1,1,0
t1_p3kd0lw,0,0.04958902671933174,-2.953125,0,0.35412508249282837,0,0.11025150055463165,taglish,comment,True,majority,3-0,0,0
t1_p4nskwg,0,0.0023231625091284513,-6.0625,0,0.013050096109509468,0,0.013561917722806668,taglish,comment,True,majority,3-0,0,0
t1_p65swx8,0,0.03934250399470329,-3.1953125,0,0.3533993661403656,0,0.09453939562744847,taglish,comment,True,unanimous,3-0,0,0
t1_p77neyd,0,0.5483334064483643,0.193939208984375,1,0.7547541856765747,0,0.5342303040735782,taglish,comment,True,majority,3-0,0,0
t1_p5cdws7,0,0.19436782598495483,-1.421875,0,0.7244900465011597,0,0.26787761938278404,english,comment,True,adjudicator,2-1,0,0
t1_p50i7wd,0,0.06233103200793266,-2.7109375,0,0.2962639331817627,0,0.12820516425710904,taglish,comment,True,unanimous,3-0,0,0
t1_p7aszrj,0,0.00130450667347759,-6.640625,0,0.006406863685697317,0,0.009052406927953274,english,comment,True,majority,3-0,0,0
t1_p7cjioq,1,0.016277462244033813,-4.1015625,0,0.24562470614910126,0,0.05214156896997361,taglish,comment,True,adjudicator,3-0,1,1
t1_p5zu475,0,0.004133968148380518,-5.484375,0,0.039208076894283295,0,0.02027191272024212,taglish,comment,True,unanimous,3-0,0,0
t1_p65e4ei,0,0.4797474145889282,-0.0810546875,0,0.7810112237930298,0,0.48567534128395384,taglish,comment,True,adjudicator,2-1,0,0
t1_p7cbvp3,0,0.005139610730111599,-5.265625,0,0.03756213188171387,0,0.023583103416054976,taglish,comment,True,majority,3-0,0,0
t1_p5e8ofe,0,0.052618954330682755,-2.890625,0,0.2681804299354553,0,0.11466202877215123,taglish,comment,True,unanimous,3-0,0,0
t1_p4rkszt,0,0.004905405919998884,-5.3125,0,0.07681965827941895,0,0.022831793770536908,taglish,comment,True,majority,3-0,0,0
t1_p3mdxt0,0,0.1937568634748459,-1.42578125,0,0.5233129262924194,0,0.26733625894504787,taglish,comment,True,unanimous,3-0,0,0
t1_p50ftlb,0,0.004198795650154352,-5.46875,0,0.06657855957746506,0,0.020492514435468494,taglish,comment,True,adjudicator,3-0,0,0
t1_p7c7bnk,0,0.0032224843744188547,-5.734375,0,0.03238149359822273,0,0.01704317363988056,taglish,comment,True,majority,3-0,0,0
t1_p75n6x3,1,0.07004895806312561,-2.5859375,0,0.4661185145378113,0,0.1384130150425173,english,comment,True,majority,3-0,1,1
t1_p5yx7de,0,0.0055549247190356255,-5.1875,0,0.03239554166793823,0,0.024889217079120923,taglish,comment,True,majority,3-0,0,0
t1_p7bcwea,0,0.08632347732782364,-2.359375,0,0.48863309621810913,0,0.15864695196803164,taglish,comment,True,majority,3-0,0,0
t1_p46h171,0,0.006692850962281227,-5.0,0,0.036310046911239624,0,0.028317918542645672,taglish,comment,True,majority,3-0,0,0
t1_p7awl8s,0,0.02517884038388729,-3.65625,0,0.2952515482902527,0,0.07008664396298057,tagalog,comment,True,majority,3-0,0,0
t1_p511xos,0,0.0012065897462889552,-6.71875,0,0.003509645815938711,0,0.00857005885294769,taglish,comment,True,unanimous,3-0,0,0
t1_p6p80s7,0,0.0032224843744188547,-5.734375,0,0.009457128122448921,0,0.01704317363988056,english,comment,True,majority,3-0,0,0
t3_1vsezpj,0,0.058345843106508255,-2.78125,0,0.3099903464317322,0,0.12275016288201333,taglish,submission,True,majority,3-0,0,0
t1_p5fj5r5,0,0.4910898506641388,-0.03564453125,0,0.8036097288131714,0,0.49369921111326803,tagalog,comment,True,majority,3-0,0,0
t1_p4qqers,0,0.0017546144081279635,-6.34375,0,0.013807552866637707,0,0.011143326046006437,tagalog,comment,True,adjudicator,3-0,0,0
t1_p77lv8g,0,0.004331502132117748,-5.4375,0,0.031439587473869324,0,0.02094079136365112,taglish,comment,True,majority,3-0,0,0
t1_p3ttsi2,0,0.01374231930822134,-4.2734375,0,0.10814511775970459,0,0.04645171687277415,taglish,comment,True,majority,3-0,0,0
t1_p7kania,0,0.013955711387097836,-4.2578125,0,0.09224136918783188,0,0.046943560205248175,taglish,comment,True,majority,3-0,0,0
t1_p5grefn,0,0.004982269834727049,-5.296875,0,0.023518336936831474,0,0.023079596229234063,english,comment,True,majority,3-0,0,0
t1_p5ty8ei,0,0.0009253848693333566,-6.984375,0,0.0034351907670497894,0,0.00711295649848888,taglish,comment,True,majority,3-0,0,0
t1_p5txoe3,0,0.04672495648264885,-3.015625,0,0.33756574988365173,0,0.10599031494497013,tagalog,comment,True,adjudicator,3-0,0,0
t1_p521m6z,0,0.05877655744552612,-2.7734375,0,0.33739346265792847,0,0.12334627139841443,english,comment,True,majority,3-0,0,0
t1_p6n7oj4,0,0.9105454087257385,2.3203125,1,0.9635252952575684,1,0.8376313477178243,english,comment,True,majority,3-0,0,0
t1_p6pqp84,0,0.0026316740550100803,-5.9375,0,0.00607852078974247,0,0.014796660925601885,taglish,comment,True,unanimous,3-0,0,0
t1_p61prsw,0,0.16451646387577057,-1.625,0,0.5907433032989502,0,0.24066291777325555,taglish,comment,True,majority,3-0,0,0
t1_p40kp2s,0,0.012527931481599808,-4.3671875,0,0.16428476572036743,0,0.043602134593122344,taglish,comment,True,majority,3-0,0,0
t1_p7dz7gf,0,0.011597361415624619,-4.4453125,0,0.12597784399986267,0,0.04135566931567037,tagalog,comment,True,majority,3-0,0,0
t1_p61az4g,0,0.023509452119469643,-3.7265625,0,0.304410457611084,0,0.06691472085233648,tagalog,comment,True,majority,3-0,0,0
t1_p7chvtf,0,0.0037654140032827854,-5.578125,0,0.02241167053580284,0,0.018996337160091005,taglish,comment,True,adjudicator,2-1,0,0
t1_p4k796x,0,0.0012065897462889552,-6.71875,0,0.004716856405138969,0,0.00857005885294769,tagalog,comment,True,majority,3-0,0,0
t1_p3u0lvb,0,0.0034834241960197687,-5.65625,0,0.010630512610077858,0,0.017993758241836036,taglish,comment,True,majority,3-0,0,0
t1_p4k5sys,0,0.0028449094388633966,-5.859375,0,0.021743979305028915,0,0.015623937685376274,tagalog,comment,True,adjudicator,2-1,0,0
t1_p46gq0h,0,0.002182716503739357,-6.125,0,0.021690813824534416,0,0.012983223217297994,taglish,comment,True,unanimous,3-0,0,0
t1_p5ddyo8,0,0.0015731120947748423,-6.453125,0,0.0075860172510147095,0,0.010322548080028391,taglish,comment,True,majority,3-0,0,0
t1_p5ctx38,0,0.35801631212234497,-0.583984375,0,0.6668044924736023,0,0.398207539211416,english,comment,True,majority,3-0,0,0
t1_p58lx0q,0,0.0017546144081279635,-6.34375,0,0.008640948683023453,0,0.011143326046006437,taglish,comment,True,majority,3-0,0,0
t1_p6uazoa,0,0.00214894930832088,-6.140625,0,0.004832716658711433,0,0.012842399081709267,taglish,comment,True,unanimous,3-0,0,0
t1_p6tby9w,0,0.00407013762742281,-5.5,0,0.03070492297410965,0,0.02005363716108665,english,comment,True,adjudicator,3-0,0,0
t1_p7b317o,0,0.13846179842948914,-1.828125,0,0.5626329779624939,0,0.215399608707392,tagalog,comment,True,majority,3-0,0,0
t1_p7aah19,0,0.272024542093277,-0.984375,0,0.6656049489974976,0,0.33268674590531516,english,comment,True,adjudicator,2-1,0,1
t1_p7chkjk,0,0.012431650422513485,-4.375,0,0.09160997718572617,0,0.04337234694171856,english,comment,True,majority,3-0,0,0
t1_p5s81gm,0,0.0036499870475381613,-5.609375,0,0.013729512691497803,0,0.01858889461568454,taglish,comment,True,majority,3-0,0,0
t1_p66iiwh,0,0.008124708198010921,-4.8046875,0,0.032679345458745956,0,0.032375970607033164,english,comment,True,majority,3-0,0,0
t1_p7eu1u8,0,0.00214894930832088,-6.140625,0,0.005001104436814785,0,0.012842399081709267,english,comment,True,majority,3-0,0,0
t1_p758lxt,0,0.007999754510819912,-4.8203125,0,0.046781234443187714,0,0.03203162698679968,tagalog,comment,True,majority,3-0,0,0
t1_p66cyhc,0,0.012053778395056725,-4.40625,0,0.08179447054862976,0,0.04246470772759495,english,comment,True,majority,3-0,0,0
t3_1vshj66,0,0.09773432463407516,-2.22265625,0,0.4994301497936249,0,0.17198054270923138,tagalog,submission,True,unanimous,3-0,0,0
t1_p7bmg6p,0,0.004905405919998884,-5.3125,0,0.019952869042754173,0,0.022831793770536908,english,comment,True,majority,3-0,0,0
t1_p6nd2ab,0,0.0025909794494509697,-5.953125,0,0.012104950845241547,0,0.014636458795106872,taglish,comment,True,majority,3-0,0,0
t1_p5jqymm,0,0.9124361872673035,2.34375,1,0.9750107526779175,1,0.8398727416322159,taglish,comment,True,majority,3-0,0,0
t1_p663x8o,0,0.15002882480621338,-1.734375,0,0.6133612394332886,0,0.22681417863767728,taglish,comment,True,majority,3-0,0,0
t1_p4piwmi,0,0.1919327974319458,-1.4375,0,0.5538042783737183,0,0.26571635267522314,taglish,comment,True,majority,3-0,0,0
t1_p4r7qao,0,0.010570489801466465,-4.5390625,0,0.09187202900648117,0,0.0388059818653298,taglish,comment,True,unanimous,3-0,0,0
t1_p61ruld,1,0.9790357351303101,3.84375,1,0.9876071214675903,1,0.9380770774155263,taglish,comment,True,unanimous,3-0,1,1
t1_p5hj7v3,0,0.005384938325732946,-5.21875,0,0.020329121500253677,0,0.024358519593292292,english,comment,True,adjudicator,2-1,0,0
t1_p66kelv,0,0.002182716503739357,-6.125,0,0.010381747037172318,0,0.012983223217297994,taglish,comment,True,unanimous,3-0,0,0
t1_p7bt2l4,0,0.010013570077717304,-4.59375,0,0.03294578567147255,0,0.03738903831609814,taglish,comment,True,majority,3-0,0,0
t1_p7419nk,1,0.037326887249946594,-3.25,0,0.45660388469696045,0,0.09128068610746773,taglish,comment,True,adjudicator,2-1,1,0
t1_p66581s,0,0.007999754510819912,-4.8203125,0,0.05504148453474045,0,0.03203162698679968,taglish,comment,True,majority,3-0,0,0
t1_p5jrbsn,0,0.2934044897556305,-0.87890625,0,0.6676051616668701,0,0.3494447939679227,tagalog,comment,True,adjudicator,2-1,0,1
t1_p73kneh,0,0.004007288720458746,-5.515625,0,0.03745114803314209,0,0.01983766427133824,english,comment,True,majority,3-0,0,0
t3_1vsswu3,0,0.002082970691844821,-6.171875,0,0.01131698489189148,0,0.012565258513582124,tagalog,submission,True,adjudicator,2-1,0,0
t1_p7iacx6,0,0.005220125894993544,-5.25,0,0.0695638656616211,0,0.02383886120432118,english,comment,True,unanimous,3-0,0,0
t1_p5vvkg6,0,0.004905405919998884,-5.3125,0,0.0300445593893528,0,0.022831793770536908,taglish,comment,True,unanimous,3-0,0,0
t1_p3mbs4g,0,0.023689471185207367,-3.71875,0,0.2465493530035019,0,0.06726046689654415,taglish,comment,True,adjudicator,2-1,0,0
t3_1vsxjai,0,0.12852515280246735,-1.9140625,0,0.6096242666244507,0,0.2053074704280775,taglish,submission,True,unanimous,3-0,0,0
t1_p6rcvgg,0,0.0204885546118021,-3.8671875,0,0.1645323783159256,0,0.06096719366615995,english,comment,True,majority,3-0,0,0
t1_p3hq016,0,0.007815889082849026,-4.84375,0,0.05097950994968414,0,0.031521742980397005,taglish,comment,True,unanimous,3-0,0,0
t1_p5xn0xe,0,0.0012644219677895308,-6.671875,0,0.01149662584066391,0,0.008856321092910683,taglish,comment,True,majority,3-0,0,0
t1_p77ehhm,0,0.07640768587589264,-2.4921875,0,0.42840051651000977,0,0.14650968225547809,taglish,comment,True,unanimous,3-0,0,0
t1_p6r0x6j,0,0.0033244371879845858,-5.703125,0,0.018565302714705467,0,0.017417337421760517,taglish,comment,True,majority,3-0,0,0
t1_p66wsx5,0,0.014172366820275784,-4.2421875,0,0.09977442026138306,0,0.04744035221405276,tagalog,comment,True,adjudicator,2-1,0,1
t3_1vqzimg,0,0.0011335690505802631,-6.78125,0,0.006124168634414673,0,0.008202598498628836,tagalog,submission,True,adjudicator,2-1,0,0
t1_p3urs8i,0,0.0012644219677895308,-6.671875,0,0.004917594138532877,0,0.008856321092910683,taglish,comment,True,unanimous,3-0,0,0
t1_p46dhw3,0,0.0033244371879845858,-5.703125,0,0.020373838022351265,0,0.017417337421760517,taglish,comment,True,unanimous,3-0,0,0
t1_p6w7zvs,0,0.002396730938926339,-6.03125,0,0.007642736192792654,0,0.013860732134132955,taglish,comment,True,unanimous,3-0,0,0
t1_p3jzu69,0,0.02498779445886612,-3.6640625,0,0.2397385835647583,0,0.06972745624969988,taglish,comment,True,majority,3-0,0,0
t1_p5u3kgw,0,0.001098731067031622,-6.8125,0,0.003249966073781252,0,0.00802477145047943,taglish,comment,True,unanimous,3-0,0,0
t1_p5ynhqy,0,0.113973468542099,-2.05078125,0,0.6005313992500305,0,0.1899828941274716,taglish,comment,True,unanimous,3-0,0,0
t1_p52d4cc,0,0.027585282921791077,-3.5625,0,0.2591089904308319,0,0.07453221273692028,tagalog,comment,True,adjudicator,2-1,0,0
t3_1vpu6e2,0,0.001838665222749114,-6.296875,0,0.01007066573947668,0,0.011514543824138487,taglish,submission,True,unanimous,3-0,0,0
t1_p4ri1o1,0,0.3849121630191803,-0.46875,0,0.8205342292785645,0,0.4178863242869297,taglish,comment,True,adjudicator,2-1,0,0
t1_p7cb7wo,0,0.001622967072762549,-6.421875,0,0.004751964472234249,0,0.010550751746754102,taglish,comment,True,majority,3-0,0,0
t1_p74ovv3,0,0.005730246659368277,-5.15625,0,0.04205433651804924,0,0.025431175453224215,english,comment,True,majority,3-0,0,0
t1_p5b5kqr,0,0.014281933195888996,-4.234375,0,0.08697019517421722,0,0.047690617799459115,english,comment,True,majority,3-0,0,0
t1_p46mjby,0,0.007577240467071533,-4.875,0,0.05395200103521347,0,0.03085409901957805,taglish,comment,True,majority,3-0,0,0
t1_p66xj5a,0,0.006589771714061499,-5.015625,0,0.06554526090621948,0,0.028015485840151812,taglish,comment,True,majority,3-0,0,0
t1_p7dcqq0,0,0.0037654140032827854,-5.578125,0,0.02751605212688446,0,0.018996337160091005,taglish,comment,True,adjudicator,3-0,0,0
t1_p75tigt,0,0.005469274707138538,-5.203125,0,0.1056060940027237,0,0.024622474677955537,taglish,comment,True,unanimous,3-0,0,0
t1_p58p020,0,0.029760092496871948,-3.484375,0,0.32932329177856445,0,0.07843340001626163,taglish,comment,True,unanimous,3-0,0,0
t1_p6w7h6d,0,0.0017007224960252643,-6.375,0,0.016053568571805954,0,0.010902446733210305,taglish,comment,True,unanimous,3-0,0,0
t1_p510lbn,0,0.0017546144081279635,-6.34375,0,0.009205639362335205,0,0.011143326046006437,taglish,comment,True,majority,3-0,0,0
t1_p6xttcf,0,0.0014779430348426104,-6.515625,0,0.006064667832106352,0,0.009880694720057433,taglish,comment,True,unanimous,3-0,0,0
t1_p7c7v6i,0,0.007937993854284286,-4.828125,0,0.07700036466121674,0,0.03186078570772782,taglish,comment,True,adjudicator,2-1,0,0
t1_p529nvk,0,0.03384403511881828,-3.3515625,0,0.20943140983581543,0,0.08549597492194466,english,comment,True,majority,3-0,0,0
t1_p756ifd,0,0.11757213622331619,-2.015625,0,0.5575810670852661,0,0.1938379766180714,taglish,comment,True,majority,3-0,0,0
t1_p45q7wt,0,0.0030278346966952085,-5.796875,0,0.025958817452192307,0,0.01631838940158481,taglish,comment,True,adjudicator,3-0,0,0
t1_p45r0e1,0,0.0016484829830005765,-6.40625,0,0.00925997830927372,0,0.010666718212494087,taglish,comment,True,majority,3-0,0,0
t1_p66elhu,0,0.004007288720458746,-5.515625,0,0.011380957439541817,0,0.01983766427133824,english,comment,True,majority,3-0,0,0
t1_p66nnp1,0,0.0025509123224765062,-5.96875,0,0.008676226250827312,0,0.014477965669714809,taglish,comment,True,majority,3-0,0,0
t1_p5u7d1a,0,0.007518718484789133,-4.8828125,0,0.027925614267587662,0,0.030689338989439978,english,comment,True,adjudicator,3-0,0,0
t1_p3o0679,0,0.011687257327139378,-4.4375,0,0.19283854961395264,0,0.04157523691085933,taglish,comment,True,majority,3-0,0,0
t1_p7grkl1,0,0.0008426423300988972,-7.078125,0,0.003050894243642688,0,0.006659757422467821,english,comment,True,majority,3-0,0,0
t1_p7h2ir1,0,0.001367025775834918,-6.59375,0,0.004408696666359901,0,0.009354628825668607,taglish,comment,True,unanimous,3-0,0,0
t1_p7hl6tx,0,0.0015011822106316686,-6.5,0,0.005736581049859524,0,0.009989370742938373,taglish,comment,True,majority,3-0,0,0
t1_p667kbd,0,0.006903837900608778,-4.96875,0,0.038480814546346664,0,0.028932321091136786,taglish,comment,True,adjudicator,3-0,0,0
t1_p7e2ib9,0,0.003123648464679718,-5.765625,0,0.008041813969612122,0,0.016676911318673576,english,comment,True,majority,3-0,0,0
t1_p5xzhku,0,0.001622967072762549,-6.421875,0,0.006949475035071373,0,0.010550751746754102,english,comment,True,unanimous,3-0,0,0
t1_p3lb1lk,0,0.0032224843744188547,-5.734375,0,0.020126789808273315,0,0.01704317363988056,taglish,comment,True,unanimous,3-0,0,0
t1_p6nbn6d,0,0.004609572235494852,-5.375,0,0.03612866997718811,0,0.021866316694138327,tagalog,comment,True,adjudicator,3-0,0,0
t1_p50cgbh,0,0.00172745855525136,-6.359375,0,0.011124350130558014,0,0.011022235721937763,taglish,comment,True,unanimous,3-0,0,0
t1_p676mc7,0,0.0014779430348426104,-6.515625,0,0.005736441817134619,0,0.009880694720057433,taglish,comment,True,unanimous,3-0,0,0
t1_p5gyre4,0,0.002182716503739357,-6.125,0,0.005557413678616285,0,0.012983223217297994,taglish,comment,True,majority,3-0,0,0
t1_p3mhu4e,0,0.0025509123224765062,-5.96875,0,0.02208017185330391,0,0.014477965669714809,taglish,comment,True,majority,3-0,0,0
t1_p7c9nwu,0,0.0022872276604175568,-6.078125,0,0.005441761575639248,0,0.013414902017093479,english,comment,True,majority,3-0,0,0
t1_p7cf6qu,0,0.0011335690505802631,-6.78125,0,0.0041988324373960495,0,0.008202598498628836,taglish,comment,True,majority,3-0,0,0
t1_p5aviwm,0,0.2845759987831116,-0.921875,0,0.5323191285133362,0,0.34256959781377677,english,comment,True,majority,3-0,0,0
t1_p7bg61o,0,0.001674399245530367,-6.390625,0,0.0038963849656283855,0,0.0107839454082915,taglish,comment,True,adjudicator,2-1,0,0
t1_p5b78mn,0,0.005384938325732946,-5.21875,0,0.023181576281785965,0,0.024358519593292292,english,comment,True,majority,3-0,0,0
t1_p7cgi2h,0,0.002115703420713544,-6.15625,0,0.00435536727309227,0,0.012703082753749456,english,comment,True,majority,3-0,0,0
t1_p7cgx7p,0,0.001367025775834918,-6.59375,0,0.003840736113488674,0,0.009354628825668607,english,comment,True,majority,3-0,0,0
t1_p7dsz5m,0,0.0014103584690019488,-6.5625,0,0.0030849729664623737,0,0.0095616411459085,english,comment,True,majority,3-0,0,0
t1_p2jk2vz,0,0.001048469333909452,-6.859375,0,0.0032265381887555122,0,0.0077651767524600495,taglish,comment,True,unanimous,3-0,0,0
t1_p6sv11i,0,0.004982269834727049,-5.296875,0,0.03903481364250183,0,0.023079596229234063,taglish,comment,True,majority,3-0,0,0
t1_p57i56s,0,0.0026730059180408716,-5.921875,0,0.010139363817870617,0,0.014958589915878276,taglish,comment,True,unanimous,3-0,0,0
t1_p32e32f,0,0.0028449094388633966,-5.859375,0,0.009167586453258991,0,0.015623937685376274,taglish,comment,True,unanimous,3-0,0,0
t1_p3szz9j,0,0.7409248948097229,1.05078125,1,0.8997840881347656,1,0.6776547027244231,taglish,comment,True,unanimous,3-0,0,0
t1_p4686rl,0,0.007518718484789133,-4.8828125,0,0.08722381293773651,0,0.030689338989439978,tagalog,comment,True,majority,3-0,0,0
t3_1vqgd6e,0,0.002889581024646759,-5.84375,0,0.015904337167739868,0,0.015794774931614106,taglish,submission,True,unanimous,3-0,0,0
t1_p50zh8u,0,0.0016484829830005765,-6.40625,0,0.0046242703683674335,0,0.010666718212494087,taglish,comment,True,unanimous,3-0,0,0
t1_p4pvuel,0,0.012241275049746037,-4.390625,0,0.13523977994918823,0,0.04291623551910936,taglish,comment,True,unanimous,3-0,0,0
t1_p5cp2es,0,0.11879339814186096,-2.00390625,0,0.386954665184021,0,0.1951361365530626,english,comment,True,majority,3-0,0,0
t3_1vi0wci,0,0.001838665222749114,-6.296875,0,0.0064145601354539394,0,0.011514543824138487,taglish,submission,True,majority,3-0,0,0
t3_1vt9k4d,0,0.00178219610825181,-6.328125,0,0.0190763957798481,0,0.01126573151502374,taglish,submission,True,unanimous,3-0,0,0
t1_p3me6y3,0,0.0061929901130497456,-5.078125,0,0.19362616539001465,0,0.026836828561741147,english,comment,True,majority,3-0,0,0
t1_p7b5on5,0,0.016914913430809975,-4.0625,0,0.07723145186901093,0,0.05352370434051187,taglish,comment,True,adjudicator,2-1,0,0
t1_p519ejj,0,0.01384861022233963,-4.265625,0,0.06681012362241745,0,0.04669702271120813,taglish,comment,True,majority,3-0,0,0
t1_p5sbtkw,0,0.0025509123224765062,-5.96875,0,0.02184184640645981,0,0.014477965669714809,taglish,comment,True,majority,3-0,0,0
t1_p65tkou,0,0.008711384609341621,-4.734375,0,0.055120326578617096,0,0.03397027697759415,taglish,comment,True,majority,3-0,0,0
t1_p5eqvm3,0,0.002396730938926339,-6.03125,0,0.01149328239262104,0,0.013860732134132955,taglish,comment,True,adjudicator,3-0,0,0
t1_p6fj33o,0,0.013020490296185017,-4.328125,0,0.1664482057094574,0,0.04476860327781515,taglish,comment,True,unanimous,3-0,0,0
t3_1vsq4b8,0,0.0020190139766782522,-6.203125,0,0.006601783446967602,0,0.012294024189592136,english,submission,True,unanimous,3-0,0,0
t1_p50m85w,0,0.028870904818177223,-3.515625,0,0.2889457643032074,0,0.07685099231829287,taglish,comment,True,adjudicator,2-1,0,1
t3_1vq9p8e,0,0.01615283451974392,-4.109375,0,0.1268349289894104,0,0.051869218363923074,taglish,submission,True,unanimous,3-0,0,0
t1_p7b8g41,0,0.0011160142021253705,-6.796875,0,0.0035323910415172577,0,0.008113201767127202,english,comment,True,majority,3-0,0,0
t1_p4zj66q,0,0.010328153148293495,-4.5625,0,0.14968621730804443,0,0.0381925174952548,taglish,comment,True,majority,3-0,0,0
t3_1vq36yq,0,0.00857748556882143,-4.75,0,0.051124703139066696,0,0.03360956564508052,taglish,submission,True,unanimous,3-0,0,0
t1_p7cfnvj,0,0.03384403511881828,-3.3515625,0,0.30414795875549316,0,0.08549597492194466,taglish,comment,True,adjudicator,2-1,0,0
t1_p3k350i,0,0.010408314876258373,-4.5546875,0,0.0599207729101181,0,0.038395963763875586,tagalog,comment,True,unanimous,3-0,0,0
t1_p578rjo,0,0.004755199886858463,-5.34375,0,0.040493808686733246,0,0.02234396022753802,taglish,comment,True,majority,3-0,0,0
t3_1vt7r85,0,0.0010005043586716056,-6.90625,0,0.004579913802444935,0,0.0075139161176619625,taglish,submission,True,majority,3-0,0,0
t1_p55bzaz,0,0.0029349515680223703,-5.828125,0,0.016112398356199265,0,0.01596744986773952,taglish,comment,True,unanimous,3-0,0,0
t1_p7bomwr,0,0.5141563415527344,0.056640625,1,0.7381795644760132,0,0.5100114042848635,english,comment,True,majority,3-0,0,0
t1_p7c06lt,0,0.0035380858462303877,-5.640625,0,0.01204242929816246,0,0.018190029052986275,english,comment,True,majority,3-0,0,0
t1_p7c441m,0,0.0038844766095280647,-5.546875,0,0.02424529194831848,0,0.019412533625929863,taglish,comment,True,unanimous,3-0,0,0
t1_p7i5o2t,0,0.07558479905128479,-2.50390625,0,0.39610791206359863,0,0.14547654391613585,taglish,comment,True,unanimous,3-0,0,0
t1_p58ql3h,0,0.0026730059180408716,-5.921875,0,0.024425286799669266,0,0.014958589915878276,taglish,comment,True,majority,3-0,0,0
t1_p6xjm1m,0,0.012527931481599808,-4.3671875,0,0.12605628371238708,0,0.043602134593122344,english,comment,True,majority,3-0,0,0
t1_p79dxq6,0,0.08035747706890106,-2.4375,0,0.4135488271713257,0,0.15141153931100024,english,comment,True,majority,3-0,0,0
t1_p5x2ygl,0,0.001674399245530367,-6.390625,0,0.0063396948389709,0,0.0107839454082915,taglish,comment,True,majority,3-0,0,0
t1_p4wop69,0,0.0032730652019381523,-5.71875,0,0.01311639603227377,0,0.017229257662342803,english,comment,True,majority,3-0,0,0
t1_p61q9cr,0,0.15974101424217224,-1.66015625,0,0.5358728170394897,0,0.2361493679857997,taglish,comment,True,majority,3-0,0,0
t1_p5crykb,0,0.18535661697387695,-1.48046875,0,0.6060276031494141,0,0.25983054350617807,english,comment,True,adjudicator,2-1,0,1
t1_p5tu2kh,0,0.0055549247190356255,-5.1875,0,0.05927058681845665,0,0.024889217079120923,taglish,comment,True,unanimous,3-0,0,0
t1_p7c51ha,0,0.0016484829830005765,-6.40625,0,0.005630896892398596,0,0.010666718212494087,taglish,comment,True,majority,3-0,0,0
t1_p7fs854,0,0.005384938325732946,-5.21875,0,0.031063959002494812,0,0.024358519593292292,taglish,comment,True,unanimous,3-0,0,0
t3_1vpx5x6,0,0.0020190139766782522,-6.203125,0,0.014958019368350506,0,0.012294024189592136,taglish,submission,True,unanimous,3-0,0,0
t1_p5cclem,0,0.07696083933115005,-2.484375,0,0.2869192361831665,0,0.14720181239315755,english,comment,True,majority,3-0,0,0
t1_p3l8uvs,0,0.004133968148380518,-5.484375,0,0.0362127348780632,0,0.02027191272024212,taglish,comment,True,majority,3-0,0,0
t1_p5vt9eg,0,0.039048291742801666,-3.203125,0,0.2683292031288147,0,0.0940675666233516,taglish,comment,True,majority,3-0,0,0
t3_1vt6ez5,0,0.014842418022453785,-4.1953125,0,0.124723419547081,0,0.04896086451759548,taglish,submission,True,unanimous,3-0,0,0
t1_p4oz7ir,0,0.2196720987558365,-1.267578125,0,0.6882318258285522,0,0.28980874782268834,tagalog,comment,True,adjudicator,2-1,0,1
t1_p7436eq,0,0.0026730059180408716,-5.921875,0,0.056321561336517334,0,0.014958589915878276,taglish,comment,True,unanimous,3-0,0,0
t1_p4rmeoj,0,0.0013458605390042067,-6.609375,0,0.013822101056575775,0,0.00925279372596265,taglish,comment,True,majority,3-0,0,0
t1_p40hyoe,0,0.002889581024646759,-5.84375,0,0.017682380974292755,0,0.015794774931614106,taglish,comment,True,majority,3-0,0,0
t1_p6uc50n,0,0.002800926798954606,-5.875,0,0.013940039090812206,0,0.015454919209503223,taglish,comment,True,majority,3-0,0,0
t3_1vmm5ga,0,0.00985985528677702,-4.609375,0,0.07368256151676178,0,0.03699341522860681,taglish,submission,True,unanimous,3-0,0,0
t1_p7bcy0n,0,0.0064882696606218815,-5.03125,0,0.03825590759515762,0,0.027716190959487037,taglish,comment,True,unanimous,3-0,0,0
t1_p7b67y3,0,0.012722708284854889,-4.3515625,0,0.0625801607966423,0,0.0440652000880723,taglish,comment,True,majority,3-0,0,0
t1_p5we5ju,0,0.0032730652019381523,-5.71875,0,0.045924656093120575,0,0.017229257662342803,taglish,comment,True,majority,3-0,0,0
t1_p5jto61,1,0.6462370157241821,0.6025390625,1,0.9109033346176147,1,0.6049323116389395,taglish,comment,True,majority,3-0,1,1
t1_p75wikd,0,0.001032231142744422,-6.875,0,0.005166639573872089,0,0.007680510381857505,taglish,comment,True,majority,3-0,0,0
t1_p6x8aw3,1,0.17441026866436005,-1.5546875,0,0.5950428247451782,0,0.24986543942570266,taglish,comment,True,unanimous,3-0,1,1
t1_p3shofv,0,0.053799647837877274,-2.8671875,0,0.2821941375732422,0,0.1163551862498442,english,comment,True,adjudicator,2-1,0,0
t1_p75o02s,0,0.005060331430286169,-5.28125,0,0.04146164655685425,0,0.023330023973580267,taglish,comment,True,majority,3-0,0,0
t1_p7dz7jl,0,0.001151399570517242,-6.765625,0,0.0030082096345722675,0,0.008292972027966125,english,comment,True,majority,3-0,0,0
t1_p7bf31u,0,0.006850480102002621,-4.9765625,0,0.021768108010292053,0,0.02877751857785674,taglish,comment,True,unanimous,3-0,0,0
t1_p7edfjs,0,0.010902374982833862,-4.5078125,0,0.14299258589744568,0,0.03963865686919409,taglish,comment,True,unanimous,3-0,0,0
t1_p4zmf5f,0,0.017712298780679703,-4.015625,0,0.13046535849571228,0,0.05522788986755136,english,comment,True,adjudicator,2-1,0,0
t1_p7bw5cm,0,0.019870713353157043,-3.8984375,0,0.26335009932518005,0,0.059714336511653594,taglish,comment,True,adjudicator,2-1,0,0
t1_p3mpmy0,0,0.003172682598233223,-5.75,0,0.01703997328877449,0,0.01685906493442356,taglish,comment,True,majority,3-0,0,0
t1_p66js6h,0,0.0015487609198316932,-6.46875,0,0.006298625376075506,0,0.01021028474814001,taglish,comment,True,majority,3-0,0,0
t1_p5zv6ba,0,0.005301895085722208,-5.234375,0,0.12852632999420166,0,0.024097324222642443,taglish,comment,True,adjudicator,2-1,0,0
t1_p5paxwq,0,0.0015011822106316686,-6.5,0,0.006974920630455017,0,0.009989370742938373,taglish,comment,True,majority,3-0,0,0
t1_p6w38wb,0,0.25423112511634827,-1.076171875,0,0.6100048422813416,0,0.318436046397344,tagalog,comment,True,adjudicator,2-1,0,1
t1_p7bhehl,0,0.023509452119469643,-3.7265625,0,0.16657838225364685,0,0.06691472085233648,english,comment,True,majority,3-0,0,0
t1_p79qeyc,0,0.5246382355690002,0.0986328125,1,0.7901834845542908,0,0.5174289183791576,english,comment,True,adjudicator,2-1,0,0
t1_p7afwv9,0,0.007518718484789133,-4.8828125,0,0.022368505597114563,0,0.030689338989439978,taglish,comment,True,adjudicator,2-1,0,0
t3_1vptjkd,0,0.001838665222749114,-6.296875,0,0.010057946667075157,0,0.011514543824138487,english,submission,True,majority,3-0,0,0
t1_p4ziqse,0,0.0032224843744188547,-5.734375,0,0.017499063163995743,0,0.01704317363988056,taglish,comment,True,unanimous,3-0,0,0
t1_p7hk2yw,0,0.004982269834727049,-5.296875,0,0.018359674140810966,0,0.023079596229234063,english,comment,True,majority,3-0,0,0
t1_p6kqe8d,0,0.0035936026833951473,-5.625,0,0.053650662302970886,0,0.018388400642024457,taglish,comment,True,majority,3-0,0,0
t1_p7c4nem,0,0.013020490296185017,-4.328125,0,0.07711385190486908,0,0.04476860327781515,english,comment,True,majority,3-0,0,0
t3_1vj16m6,0,0.0011335690505802631,-6.78125,0,0.005537877790629864,0,0.008202598498628836,taglish,submission,True,majority,3-0,0,0
t1_p6ktukz,0,0.0035380858462303877,-5.640625,0,0.022010277956724167,0,0.018190029052986275,taglish,comment,True,unanimous,3-0,0,0
t1_p4ymkh6,0,0.0033766122069209814,-5.6875,0,0.020790331065654755,0,0.01760743353220208,taglish,comment,True,majority,3-0,0,0
t1_p5i1tzy,0,0.0066411131992936134,-5.0078125,0,0.07181444019079208,0,0.02816630804130722,english,comment,True,majority,3-0,0,0
t1_p7ckulj,0,0.00178219610825181,-6.328125,0,0.014047671109437943,0,0.01126573151502374,taglish,comment,True,unanimous,3-0,0,0
t1_p5d8eyi,0,0.007518718484789133,-4.8828125,0,0.06934912502765656,0,0.030689338989439978,english,comment,True,majority,3-0,0,0
t1_p5208ph,0,0.08570928126573563,-2.3671875,0,0.3758124113082886,0,0.15791097242086816,english,comment,True,majority,3-0,0,0
t1_p3tofpi,0,0.6060321927070618,0.4306640625,1,0.8488150835037231,1,0.5755484333118494,taglish,comment,True,unanimous,3-0,0,0
t1_p5cybv3,0,0.008644177578389645,-4.7421875,0,0.07396959513425827,0,0.03378945681123938,taglish,comment,True,majority,3-0,0,0
t3_1vqk7kb,0,0.004007288720458746,-5.515625,0,0.05250319093465805,0,0.01983766427133824,taglish,submission,True,unanimous,3-0,0,0
t3_1vqkgmy,0,0.007755536586046219,-4.8515625,0,0.04643747955560684,0,0.031353533090431686,taglish,submission,True,majority,3-0,0,0
t1_p52501z,0,0.0034834241960197687,-5.65625,0,0.032081734389066696,0,0.017993758241836036,tagalog,comment,True,adjudicator,2-1,0,0
t1_p6fpqh4,0,0.0020190139766782522,-6.203125,0,0.008253387175500393,0,0.012294024189592136,taglish,comment,True,unanimous,3-0,0,0
t1_p5fq05p,0,0.0029349515680223703,-5.828125,0,0.042013898491859436,0,0.01596744986773952,english,comment,True,majority,3-0,0,0
t1_p5u7lsk,0,0.02843603305518627,-3.53125,0,0.3085952401161194,0,0.07607080974706149,taglish,comment,True,majority,3-0,0,0
t1_p7c3zoz,0,0.0014779430348426104,-6.515625,0,0.006104311905801296,0,0.009880694720057433,taglish,comment,True,majority,3-0,0,0
t1_p3mve6o,0,0.002714985515922308,-5.90625,0,0.023979954421520233,0,0.015122263794536682,english,comment,True,majority,3-0,0,0
t1_p5jkjjx,0,0.0026316740550100803,-5.9375,0,0.013706319034099579,0,0.014796660925601885,taglish,comment,True,unanimous,3-0,0,0
t1_p4x5fwx,1,0.0018102111062034965,-6.3125,0,0.005240895785391331,0,0.011389466077909098,tagalog,comment,True,adjudicator,2-1,1,0
t1_p3j1pra,0,0.001524786464869976,-6.484375,0,0.0044042496010661125,0,0.010099229882113316,taglish,comment,True,majority,3-0,0,0
t1_p5gqboq,0,0.005139610730111599,-5.265625,0,0.0185459703207016,0,0.023583103416054976,english,comment,True,majority,3-0,0,0
t1_p7kgyz6,0,0.0034834241960197687,-5.65625,0,0.027682244777679443,0,0.017993758241836036,taglish,comment,True,unanimous,3-0,0,0
t1_p77vzf2,1,0.9626730680465698,3.25,1,0.9796358942985535,1,0.9087193138925322,taglish,comment,True,majority,3-0,1,1
t1_p5crsh9,0,0.609756588935852,0.4462890625,1,0.8605336546897888,1,0.5782452304372122,english,comment,True,unanimous,3-0,0,0
t1_p5jnwur,0,0.01652955636382103,-4.0859375,0,0.22518877685070038,0,0.052690328990979494,taglish,comment,True,majority,3-0,0,0
t1_p58r4yf,0,0.0036499870475381613,-5.609375,0,0.018999934196472168,0,0.01858889461568454,taglish,comment,True,unanimous,3-0,0,0
t1_p6yy49q,0,0.0033766122069209814,-5.6875,0,0.019092371687293053,0,0.01760743353220208,taglish,comment,True,unanimous,3-0,0,0
t1_p3trly1,0,0.10158944875001907,-2.1796875,0,0.5254747867584229,0,0.1763504667771007,taglish,comment,True,adjudicator,3-0,0,1
t1_p5syu6s,0,0.002217013156041503,-6.109375,0,0.00793668907135725,0,0.013125571036409624,taglish,comment,True,unanimous,3-0,0,0
t1_p79mwen,0,0.9111796617507935,2.328125,1,0.9618884325027466,1,0.8383812760487047,tagalog,comment,True,adjudicator,2-1,0,0
t1_p7c9bxr,0,0.0035380858462303877,-5.640625,0,0.05077634006738663,0,0.018190029052986275,taglish,comment,True,unanimous,3-0,0,0
t1_p7brmep,0,0.06779313087463379,-2.62109375,0,0.4137008786201477,0,0.135474992615761,tagalog,comment,True,majority,3-0,0,0
t1_p7b3d5e,1,0.664322555065155,0.6826171875,1,0.8857879638671875,1,0.6183812828469843,tagalog,comment,True,adjudicator,2-1,1,0
t1_p6ycmxz,0,0.008779109455645084,-4.7265625,0,0.04152340441942215,0,0.03415203057861078,english,comment,True,majority,3-0,0,0
t1_p7dd5bd,0,0.0013458605390042067,-6.609375,0,0.005256423261016607,0,0.00925279372596265,english,comment,True,majority,3-0,0,0
t1_p57alod,0,0.0025509123224765062,-5.96875,0,0.007945372723042965,0,0.014477965669714809,english,comment,True,adjudicator,2-1,0,1
t1_p5c2kq8,0,0.030444350093603134,-3.4609375,0,0.1845438927412033,0,0.07963970997283831,english,comment,True,majority,3-0,0,0
t1_p7bd7wh,0,0.016914913430809975,-4.0625,0,0.09309660643339157,0,0.05352370434051187,english,comment,True,majority,3-0,0,0
t1_p79us21,0,0.113973468542099,-2.05078125,0,0.3820948302745819,0,0.1899828941274716,english,comment,True,adjudicator,2-1,0,1
t1_p6x8xu1,0,0.007460643537342548,-4.890625,0,0.07047229260206223,0,0.030525431061556748,taglish,comment,True,majority,3-0,0,0
t1_p5bukg8,0,0.34975478053092957,-0.6201171875,0,0.7548109292984009,0,0.3921010528366578,taglish,comment,True,adjudicator,2-1,0,0
t1_p6wdytl,0,0.0026316740550100803,-5.9375,0,0.022876523435115814,0,0.014796660925601885,taglish,comment,True,majority,3-0,0,0
t1_p7dbddr,0,0.004198795650154352,-5.46875,0,0.06411226093769073,0,0.020492514435468494,english,comment,True,majority,3-0,0,0
t1_p78mgmi,0,0.5273773670196533,0.109619140625,1,0.8562124967575073,0,0.5193684129858089,taglish,comment,True,adjudicator,2-1,0,0
t1_p7ciext,0,0.004399413242936134,-5.421875,0,0.0665304884314537,0,0.02116851463722092,tagalog,comment,True,majority,3-0,0,0
t1_p526zt5,0,0.005384938325732946,-5.21875,0,0.09486265480518341,0,0.024358519593292292,english,comment,True,majority,3-0,0,0
t1_p7d6vvc,0,0.0033244371879845858,-5.703125,0,0.018873587250709534,0,0.017417337421760517,english,comment,True,majority,3-0,0,0
t1_p77r1cs,0,0.36840569972991943,-0.5390625,0,0.640175998210907,0,0.4058435931096694,english,comment,True,majority,3-0,0,0
t1_p7223p4,0,0.0030753696337342262,-5.78125,0,0.020407309755682945,0,0.01649669275652105,taglish,comment,True,majority,3-0,0,0
t1_p796iqm,0,0.03934250399470329,-3.1953125,0,0.21228820085525513,0,0.09453939562744847,english,comment,True,majority,3-0,0,0
t1_p77y5y2,0,0.15002882480621338,-1.734375,0,0.35653552412986755,0,0.22681417863767728,english,comment,True,adjudicator,3-0,0,0
t1_p7ajbgz,0,0.1465751975774765,-1.76171875,0,0.35649117827415466,0,0.22344133833780733,english,comment,True,majority,3-0,0,0
t1_p78tms3,0,0.7379143238067627,1.03515625,1,0.8959166407585144,1,0.675236550264084,english,comment,True,majority,3-0,0,0
t1_p780ws2,0,0.566138505935669,0.26611328125,1,0.5625829100608826,0,0.546904308515755,english,comment,True,adjudicator,2-1,0,1
