reddit_fullname,y_true,prob,margin,pred,prob_annotators,pred_tuned,prob_cal,language,record_type,natural,resolved_by,sarcasm_votes,sarcastic_adjudicated,sarcastic_majority
t1_p6sh89r,0,0.11676401644945145,-2.0234375,0,0.6346282958984375,0,0.1671442274237576,tagalog,comment,True,majority,3-0,0,0
t1_p73gkte,0,0.18713268637657166,-1.46875,0,0.7536014318466187,0,0.23762447686087673,english,comment,True,adjudicator,2-1,0,1
t3_1vcothy,0,0.04146227613091469,-3.140625,0,0.3841410279273987,0,0.07637041583637276,english,submission,True,majority,3-0,0,0
t1_p70ex41,0,0.13296425342559814,-1.875,0,0.6123025417327881,0,0.1841937814192294,tagalog,comment,True,adjudicator,2-1,0,1
t1_p70usoi,0,0.09467770159244537,-2.2578125,0,0.6530773639678955,0,0.14282439093381138,tagalog,comment,True,majority,3-0,0,0
t1_p2y3ith,0,0.4981079399585724,-0.007568359375,0,0.8609384298324585,1,0.4984982518115829,english,comment,True,majority,3-0,0,0
t1_p73kwvi,0,0.09268777817487717,-2.28125,0,0.5887901782989502,0,0.1405620833285403,tagalog,comment,True,adjudicator,2-1,0,0
t1_p6suxfn,0,0.05877655744552612,-2.7734375,0,0.5723444223403931,0,0.09963571099503953,english,comment,True,adjudicator,2-1,0,1
t1_p73fu3t,0,0.11838509887456894,-2.0078125,0,0.7103561162948608,0,0.16887774694577812,english,comment,True,majority,3-0,0,0
t1_p2yjhcw,0,0.021948251873254776,-3.796875,0,0.39112135767936707,0,0.04681605578418362,english,comment,True,majority,3-0,0,0
t1_p7kchjb,0,0.16398024559020996,-1.62890625,0,0.7858802676200867,0,0.2153684863017242,english,comment,True,adjudicator,2-1,0,1
t1_p70o6lv,0,0.1204388216137886,-1.98828125,0,0.730528712272644,0,0.17106475456626946,english,comment,True,adjudicator,2-1,0,1
t1_p74icd1,0,0.037892427295446396,-3.234375,0,0.4503452181816101,0,0.07128439390487697,english,comment,True,unanimous,3-0,0,0
t1_p509lsq,0,0.5855752229690552,0.345703125,1,0.9413682818412781,1,0.5681690369181474,english,comment,True,adjudicator,2-1,0,1
t1_p74imhg,0,0.7711548805236816,1.21484375,1,0.9312291145324707,1,0.723966347708604,english,comment,True,unanimous,3-0,0,0
t1_p7jdn5e,1,0.5521775484085083,0.20947265625,1,0.8928675651550293,1,0.5414691594493968,taglish,comment,True,adjudicator,2-1,1,1
t1_p75kryd,0,0.21933749318122864,-1.26953125,0,0.6625415086746216,0,0.2674443857576247,tagalog,comment,True,unanimous,3-0,0,0
t1_p2ygis0,0,0.15152934193611145,-1.72265625,0,0.7253469228744507,0,0.2030607638324763,english,comment,True,majority,3-0,0,0
t1_p6sh65x,0,0.012624949216842651,-4.359375,0,0.1847236007452011,0,0.030470903823707325,english,comment,True,majority,3-0,0,0
t1_p5di3ga,0,0.4371625781059265,-0.252685546875,0,0.9094847440719604,0,0.4500282260506437,english,comment,True,adjudicator,2-1,0,0
t1_p73s4hr,0,0.025371311232447624,-3.6484375,0,0.23800788819789886,0,0.052363224273872154,tagalog,comment,True,majority,3-0,0,0
t1_p7406iz,0,0.08694165199995041,-2.3515625,0,0.4847436547279358,0,0.13395460028109668,tagalog,comment,True,majority,3-0,0,0
t1_p2yn7fr,0,0.005384938325732946,-5.21875,0,0.07719037681818008,0,0.015640543908527996,english,comment,True,adjudicator,2-1,0,0
t1_p7lxviy,0,0.25832599401474,-1.0546875,0,0.8120061755180359,0,0.30214463874396985,english,comment,True,unanimous,3-0,0,0
t1_p7j82r2,0,0.0832919254899025,-2.3984375,0,0.6905879378318787,0,0.12969692785355177,tagalog,comment,True,majority,3-0,0,0
t1_p74d4bz,0,0.29624688625335693,-0.865234375,0,0.8015533685684204,0,0.3347593412886394,tagalog,comment,True,adjudicator,2-1,0,0
t1_p6sttnx,0,0.04401864856481552,-3.078125,0,0.4678565263748169,0,0.07994390560597635,tagalog,comment,True,adjudicator,2-1,0,1
t1_p73w2yi,0,0.17328819632530212,-1.5625,0,0.794985294342041,0,0.22440864628534166,tagalog,comment,True,adjudicator,2-1,0,0
t1_p6zhr2y,0,0.15869519114494324,-1.66796875,0,0.801115870475769,0,0.2101755329836329,english,comment,True,adjudicator,2-1,0,0
t1_p366kfm,0,0.01798621006309986,-4.0,0,0.2306067943572998,0,0.04012505323791517,english,comment,True,majority,3-0,0,0
t1_p71oxr6,0,0.09947021305561066,-2.203125,0,0.5225867033004761,0,0.14822115515987383,taglish,comment,True,majority,3-0,0,0
t1_p74ks71,0,0.11124119907617569,-2.078125,0,0.6185938119888306,0,0.16118885368198108,english,comment,True,adjudicator,2-1,0,0
t1_p6sm8hl,1,0.7570766806602478,1.13671875,1,0.9564511179924011,1,0.7114043231114061,tagalog,comment,True,majority,3-0,1,1
t1_p7jxc0e,0,0.11047115921974182,-2.0859375,0,0.6517295837402344,0,0.16035222440281,tagalog,comment,True,majority,3-0,0,0
t1_p76ljcl,0,0.05877655744552612,-2.7734375,0,0.4955170154571533,0,0.09963571099503953,tagalog,comment,True,majority,3-0,0,0
t1_p7k1qap,0,0.08269734680652618,-2.40625,0,0.6121307611465454,0,0.12899861595036446,english,comment,True,adjudicator,2-1,0,0
t1_p7jto0j,0,0.055005285888910294,-2.84375,0,0.3931841552257538,0,0.0947400023151256,english,comment,True,adjudicator,2-1,0,1
t1_p7agod5,1,0.36908766627311707,-0.5361328125,0,0.8555363416671753,0,0.39519449395001066,english,comment,True,adjudicator,2-1,1,1
t1_p5doj8d,0,0.6088266372680664,0.4423828125,1,0.9196366667747498,1,0.586889021361771,tagalog,comment,True,adjudicator,2-1,0,1
t1_p7l6w1l,0,0.23161423206329346,-1.19921875,0,0.7058741450309753,0,0.2785188415608846,english,comment,True,majority,3-0,0,0
t1_p70aroj,0,0.01640303246676922,-4.09375,0,0.15450601279735565,0,0.03735523030364032,taglish,comment,True,adjudicator,2-1,0,0
t1_p50v5jq,0,0.6540113091468811,0.63671875,1,0.9167892336845398,1,0.6237190622038236,tagalog,comment,True,adjudicator,2-1,0,0
t1_p5djzu4,0,0.7793218493461609,1.26171875,1,0.9545660018920898,1,0.7313390190159232,taglish,comment,True,majority,3-0,0,0
t1_p74tdv1,0,0.0017007224960252643,-6.375,0,0.022480910643935204,0,0.00630654454601807,english,comment,True,majority,3-0,0,0
t1_p366e1f,0,0.004468384198844433,-5.40625,0,0.05441955476999283,0,0.013507062511842293,english,comment,True,unanimous,3-0,0,0
t1_p36kq8s,0,0.0427221953868866,-3.109375,0,0.47923868894577026,0,0.07813846609002577,english,comment,True,majority,3-0,0,0
t1_p50p1fm,0,0.40450742840766907,-0.38671875,0,0.8476616740226746,0,0.4238620999997591,tagalog,comment,True,adjudicator,2-1,0,1
t1_p7lxajf,0,0.09534946829080582,-2.25,0,0.5742319226264954,0,0.14358520830163538,tagalog,comment,True,adjudicator,2-1,0,1
t1_p7j7yau,0,0.04054073989391327,-3.1640625,0,0.48433947563171387,0,0.07506854028413167,english,comment,True,majority,3-0,0,0
t1_p71p767,0,0.06418264657258987,-2.6796875,0,0.46871575713157654,0,0.10651255873719023,english,comment,True,adjudicator,2-1,0,0
t1_p73yzem,0,0.0443485863506794,-3.0703125,0,0.33082282543182373,0,0.08040118080161701,tagalog,comment,True,majority,3-0,0,0
t1_p50sodh,0,0.1225232183933258,-1.96875,0,0.7137504816055298,0,0.17327417977370702,english,comment,True,adjudicator,2-1,0,0
t1_p6sjt6u,0,0.010328153148293495,-4.5625,0,0.15538372099399567,0,0.02605211985458114,tagalog,comment,True,adjudicator,2-1,0,0
t1_p4zydo6,0,0.022457052022218704,-3.7734375,0,0.20907366275787354,0,0.047653206419695324,tagalog,comment,True,adjudicator,3-0,0,0
t1_p5dsna8,0,0.7193835973739624,0.94140625,1,0.9527920484542847,1,0.6785671173407449,tagalog,comment,True,adjudicator,2-1,0,0
t1_p6sj50r,1,0.04569203034043312,-3.0390625,0,0.5763885378837585,0,0.08225423691662574,english,comment,True,adjudicator,2-1,1,1
t1_p7jhogr,1,0.6437773108482361,0.591796875,1,0.9121677279472351,1,0.615314994493852,english,comment,True,adjudicator,2-1,1,1
t1_p741stj,0,0.08570928126573563,-2.3671875,0,0.5282326936721802,0,0.1325224044337178,english,comment,True,majority,3-0,0,0
t1_p748zp3,0,0.09842541068792343,-2.21484375,0,0.5580199956893921,0,0.1470507042423279,tagalog,comment,True,adjudicator,2-1,0,0
t1_p5dp0gj,0,0.017442483454942703,-4.03125,0,0.25693729519844055,0,0.039180580814391304,english,comment,True,unanimous,3-0,0,0
t1_p7l1f41,0,0.2183358371257782,-1.275390625,0,0.8663886785507202,0,0.2665342381706978,tagalog,comment,True,adjudicator,2-1,0,1
t1_p50qjt7,1,0.6959583163261414,0.828125,1,0.9528253078460693,1,0.658649844028327,tagalog,comment,True,majority,3-0,1,1
t1_p7jnpjy,0,0.35667070746421814,-0.58984375,0,0.9145626425743103,0,0.3850520063128256,tagalog,comment,True,adjudicator,2-1,0,0
t1_p72w3fr,1,0.016657039523124695,-4.078125,0,0.23467019200325012,0,0.037803756196639386,tagalog,comment,True,majority,3-0,1,1
t1_p7jld1z,0,0.33415472507476807,-0.689453125,0,0.8508139848709106,0,0.3665097911024237,taglish,comment,True,majority,3-0,0,0
t1_p6xlqi1,0,0.4909677505493164,-0.0361328125,0,0.910245418548584,1,0.4928308332867286,tagalog,comment,True,adjudicator,2-1,0,1
t1_p5dp75s,0,0.10230471193790436,-2.171875,0,0.6790138483047485,0,0.151379992159552,tagalog,comment,True,majority,3-0,0,0
t1_p5071iw,1,0.5830846428871155,0.33544921875,1,0.9659066200256348,1,0.5661711267134208,taglish,comment,True,majority,3-0,1,1
t3_1vcgov8,0,0.021287353709340096,-3.828125,0,0.3321424722671509,0,0.0457215909597448,taglish,submission,True,majority,3-0,0,0
t1_p7jr6b6,0,0.04778006672859192,-2.9921875,0,0.4917232394218445,0,0.08510676933563796,tagalog,comment,True,adjudicator,2-1,0,0
t1_p5jsuih,0,0.00970847625285387,-4.625,0,0.18541964888572693,0,0.024822598595254295,taglish,comment,True,majority,3-0,0,0
t1_p7k5lz8,0,0.005641908384859562,-5.171875,0,0.06782283633947372,0,0.016223787621276468,english,comment,True,majority,3-0,0,0
t1_p7jbqlr,0,0.2635993957519531,-1.02734375,0,0.860399603843689,0,0.3067402873416972,english,comment,True,unanimous,3-0,0,0
t1_p5jsjeg,1,0.8221890926361084,1.53125,1,0.9723284244537354,1,0.7712448941508184,english,comment,True,majority,3-0,1,1
t1_p2zdssq,0,0.034618839621543884,-3.328125,0,0.5118727087974548,0,0.0665126930624139,taglish,comment,True,adjudicator,2-1,0,0
t1_p7lqru7,0,0.05146276578307152,-2.9140625,0,0.41676637530326843,0,0.0900607874854846,english,comment,True,unanimous,3-0,0,0
t1_p36d5bg,0,0.0038244836032390594,-5.5625,0,0.04602421447634697,0,0.01195050594416123,tagalog,comment,True,majority,3-0,0,0
t1_p50n4ib,0,0.12378870695829391,-1.95703125,0,0.6940934658050537,0,0.17461062748804634,taglish,comment,True,majority,3-0,0,0
t1_p50ksck,0,0.027376487851142883,-3.5703125,0,0.3336479663848877,0,0.055526937165020177,english,comment,True,unanimous,3-0,0,0
t1_p6zchg8,0,0.014063626527786255,-4.25,0,0.1504044532775879,0,0.03314273839248867,english,comment,True,majority,3-0,0,0
t1_p6sqp3i,0,0.043042849749326706,-3.1015625,0,0.586086094379425,0,0.07858629634024085,tagalog,comment,True,adjudicator,2-1,0,1
t1_p6xo7px,1,0.9469902515411377,2.8828125,1,0.9841055870056152,1,0.9078858258759304,tagalog,comment,True,adjudicator,2-1,1,1
t1_p7jh4g7,0,0.03308597952127457,-3.375,0,0.3479937016963959,0,0.06423962059689768,taglish,comment,True,majority,3-0,0,0
t1_p7k8bzm,0,0.20817892253398895,-1.3359375,0,0.7523258924484253,0,0.25724557539801624,english,comment,True,adjudicator,2-1,0,0
t1_p353apj,0,0.11476478725671768,-2.04296875,0,0.6985329985618591,0,0.16499736569083995,tagalog,comment,True,adjudicator,2-1,0,0
t1_p5dlzfy,1,0.46645063161849976,-0.1343994140625,0,0.8376557230949402,0,0.47335703822210307,taglish,comment,True,majority,3-0,1,1
t1_p6smqo5,0,0.011331754736602306,-4.46875,0,0.1345207393169403,0,0.028008222276532428,tagalog,comment,True,majority,3-0,0,0
t1_p5duwoh,0,0.4749964475631714,-0.10009765625,0,0.8281195163726807,1,0.4801485500202229,english,comment,True,adjudicator,2-1,0,1
t1_p745f2j,0,0.1540575623512268,-1.703125,0,0.6734398603439331,0,0.20558095177087027,english,comment,True,unanimous,3-0,0,0
t1_p7kvo1j,0,0.013020490296185017,-4.328125,0,0.1150655671954155,0,0.031212244335297512,taglish,comment,True,majority,3-0,0,0
t1_p50b9xo,0,0.3402659296989441,-0.662109375,0,0.8975555896759033,0,0.3715631850736652,tagalog,comment,True,adjudicator,2-1,0,0
t1_p6shvdw,0,0.004681822843849659,-5.359375,0,0.05018264800310135,0,0.014011880113174616,english,comment,True,majority,3-0,0,0
t1_p7j89c8,0,0.10932482779026031,-2.09765625,0,0.5198081731796265,0,0.1591038721788046,tagalog,comment,True,adjudicator,2-1,0,0
t1_p4sgfbg,1,0.628065288066864,0.52392578125,1,0.9374969005584717,1,0.602487411394496,english,comment,True,adjudicator,2-1,1,1
t1_p50q53j,0,0.29828691482543945,-0.85546875,0,0.8389865159988403,0,0.33648765515757334,tagalog,comment,True,adjudicator,2-1,0,0
t1_p5juk2v,1,0.208823561668396,-1.33203125,0,0.8271926641464233,0,0.2578384140400256,taglish,comment,True,majority,3-0,1,1
t1_p7jf41u,0,0.037326887249946594,-3.25,0,0.27418383955955505,0,0.07046772608097757,english,comment,True,majority,3-0,0,0
t1_p7k6u7t,0,0.006003595422953367,-5.109375,0,0.04075515270233154,0,0.017034829842774442,english,comment,True,unanimous,3-0,0,0
t1_p5djz3f,0,0.09807931631803513,-2.21875,0,0.6096991300582886,0,0.14666225730786656,tagalog,comment,True,majority,3-0,0,0
t1_p50dmkh,0,0.6381590366363525,0.5673828125,1,0.9209563136100769,1,0.6107181757526183,tagalog,comment,True,adjudicator,2-1,0,1
t1_p7lhsm7,0,0.4736572504043579,-0.10546875,0,0.8966387510299683,1,0.47908456166972774,tagalog,comment,True,adjudicator,2-1,0,0
t1_p5bp7be,1,0.03934250399470329,-3.1953125,0,0.3826309144496918,0,0.07336442556138476,english,comment,True,adjudicator,2-1,1,1
t1_p76n39g,1,0.2024431973695755,-1.37109375,0,0.7896932363510132,0,0.251950251606328,tagalog,comment,True,majority,3-0,1,1
t1_p7jittj,0,0.5637382864952087,0.25634765625,1,0.9460198283195496,1,0.550691065157582,tagalog,comment,True,adjudicator,2-1,0,0
t1_p6svx3u,0,0.008315778337419033,-4.78125,0,0.10414114594459534,0,0.021991106544370382,english,comment,True,adjudicator,2-1,0,0
t1_p73y0kb,0,0.1949802190065384,-1.41796875,0,0.6335647106170654,0,0.2450031438487773,taglish,comment,True,majority,3-0,0,0
t1_p79fdqy,0,0.0024726232513785362,-6.0,0,0.018647972494363785,0,0.008474330736828782,taglish,comment,True,majority,3-0,0,0
t1_p50r45a,0,0.18952110409736633,-1.453125,0,0.8402937650680542,0,0.2398784392725491,tagalog,comment,True,adjudicator,2-1,0,0
t1_p1u2q4t,0,0.21601152420043945,-1.2890625,0,0.6998102068901062,0,0.2644182439054262,english,comment,True,adjudicator,2-1,0,1
t1_p50ryro,0,0.004007288720458746,-5.515625,0,0.07124219834804535,0,0.012397879390280978,taglish,comment,True,majority,3-0,0,0
t1_p6y4ge5,0,0.4754835367202759,-0.09814453125,0,0.9150964617729187,1,0.4805355000340718,tagalog,comment,True,adjudicator,2-1,0,1
t1_p50vqnh,0,0.5312398076057434,0.1251220703125,1,0.8673696517944336,1,0.5248069786436744,tagalog,comment,True,adjudicator,2-1,0,1
t1_p7jd6ix,0,0.043042849749326706,-3.1015625,0,0.5063780546188354,0,0.07858629634024085,english,comment,True,adjudicator,2-1,0,0
t1_p5jrav0,1,0.13660839200019836,-1.84375,0,0.6844136118888855,0,0.1879500915485283,english,comment,True,adjudicator,2-1,1,1
t1_p6stl31,0,0.13117322325706482,-1.890625,0,0.7807452082633972,0,0.18233753539787032,taglish,comment,True,adjudicator,2-1,0,0
t1_p7ira21,1,0.6379335522651672,0.56640625,1,0.9434759020805359,1,0.6105338869562823,taglish,comment,True,adjudicator,2-1,1,1
t1_p5jrq9r,1,0.04177388176321983,-3.1328125,0,0.4083981513977051,0,0.07680895725292183,taglish,comment,True,majority,3-0,1,1
t1_p5djmbn,0,0.3106943964958191,-0.796875,0,0.833459734916687,0,0.34694839404099087,tagalog,comment,True,adjudicator,2-1,0,1
t1_p4sueon,0,0.4176870882511139,-0.332275390625,0,0.9132503271102905,0,0.43444771333548154,tagalog,comment,True,adjudicator,2-1,0,0
t1_p60v1iq,0,0.015663648024201393,-4.140625,0,0.20942538976669312,0,0.03604014337098749,english,comment,True,unanimous,3-0,0,0
t1_p36isa7,0,0.0030753696337342262,-5.78125,0,0.05052226781845093,0,0.01006494081054021,tagalog,comment,True,adjudicator,3-0,0,0
t3_1vcntzj,0,0.0018102111062034965,-6.3125,0,0.008160815574228764,0,0.006625153302870124,english,submission,True,unanimous,3-0,0,0
t1_p72ppsm,1,0.053009770810604095,-2.8828125,0,0.500089168548584,0,0.09211417412406958,taglish,comment,True,unanimous,3-0,1,1
t1_p2y2p0h,1,0.8283842206001282,1.57421875,1,0.8458733558654785,1,0.7772060675490663,english,comment,True,majority,3-0,1,1
t1_p611uon,0,0.9289263486862183,2.5703125,1,0.9772641062736511,1,0.884939212770049,tagalog,comment,True,adjudicator,3-0,0,0
t1_p61129t,0,0.08210662752389908,-2.4140625,0,0.36155086755752563,0,0.12830350959553968,english,comment,True,majority,3-0,0,0
t1_p50rwi1,0,0.05070536583662033,-2.9296875,0,0.4919244647026062,0,0.08904963427534035,tagalog,comment,True,majority,3-0,0,0
t1_p5jtb3b,0,0.057918090373277664,-2.7890625,0,0.5204331874847412,0,0.09852869615926792,tagalog,comment,True,adjudicator,2-1,0,0
t1_p60wphy,0,0.4217304289340973,-0.315673828125,0,0.8972951769828796,0,0.4376880110228002,tagalog,comment,True,adjudicator,2-1,0,0
t1_p73fep1,0,0.0832919254899025,-2.3984375,0,0.5911116600036621,0,0.12969692785355177,tagalog,comment,True,majority,3-0,0,0
t1_p7lhp6k,0,0.010489092208445072,-4.546875,0,0.11332257837057114,0,0.02636864634508289,english,comment,True,majority,3-0,0,0
t1_p50ew3x,0,0.1795305460691452,-1.51953125,0,0.7642726898193359,0,0.23040021599833382,english,comment,True,adjudicator,2-1,0,0
t1_p73e15r,0,0.07423137128353119,-2.5234375,0,0.4719797372817993,0,0.11890363030259186,tagalog,comment,True,adjudicator,2-1,0,1
t1_p50kt3d,0,0.22270013391971588,-1.25,0,0.8172949552536011,0,0.2704924250110057,tagalog,comment,True,adjudicator,2-1,0,0
t1_p73bm74,0,0.8652240633964539,1.859375,1,0.9598168134689331,1,0.8139353756280457,english,comment,True,adjudicator,2-1,0,0
t1_p507wrw,0,0.17895588278770447,-1.5234375,0,0.7827093601226807,0,0.2298509264769197,tagalog,comment,True,adjudicator,2-1,0,0
t1_p738pzh,0,0.021287353709340096,-3.828125,0,0.26883888244628906,0,0.0457215909597448,tagalog,comment,True,adjudicator,2-1,0,0
t1_p4scjh5,0,0.01956867426633835,-3.9140625,0,0.25980088114738464,0,0.0428360988171633,tagalog,comment,True,adjudicator,2-1,0,1
t1_p4zrz8r,0,0.018264278769493103,-3.984375,0,0.25785988569259644,0,0.040605433682942,tagalog,comment,True,adjudicator,2-1,0,0
t1_p4zl8xa,0,0.0036499870475381613,-5.609375,0,0.03970905765891075,0,0.011519087532579032,taglish,comment,True,majority,3-0,0,0
t1_p707f7g,1,0.02822098508477211,-3.5390625,0,0.34293481707572937,0,0.05684213735851474,tagalog,comment,True,adjudicator,2-1,1,0
t1_p4z1tkc,0,0.0025114635936915874,-5.984375,0,0.02833520621061325,0,0.008579172880391962,taglish,comment,True,majority,3-0,0,0
t1_p50iisz,0,0.05033063143491745,-2.9375,0,0.4308306574821472,0,0.08854790794049147,tagalog,comment,True,adjudicator,2-1,0,0
t1_p30tp6e,0,0.07159119844436646,-2.5625,0,0.5591133236885071,0,0.1156936709904669,taglish,comment,True,unanimous,3-0,0,0
t1_p610h1i,0,0.07423137128353119,-2.5234375,0,0.32989242672920227,0,0.11890363030259186,english,comment,True,majority,3-0,0,0
t1_p4m3z47,0,0.2635993957519531,-1.02734375,0,0.8901309967041016,0,0.3067402873416972,tagalog,comment,True,adjudicator,2-1,0,0
t1_p7mmg33,0,0.2018132209777832,-1.375,0,0.7620092630386353,0,0.2513663660041661,tagalog,comment,True,adjudicator,2-1,0,0
t1_p50gt9l,0,0.046378206461668015,-3.0234375,0,0.40852388739585876,0,0.08319527579048955,tagalog,comment,True,adjudicator,2-1,0,1
t1_p4zt80n,0,0.00941259041428566,-4.65625,0,0.17883840203285217,0,0.02422922674622167,tagalog,comment,True,adjudicator,2-1,0,0
t1_p739c9z,0,0.026155617088079453,-3.6171875,0,0.3420337438583374,0,0.05360774265342616,tagalog,comment,True,adjudicator,2-1,0,0
t1_p5ilrui,0,0.04922211542725563,-2.9609375,0,0.31338679790496826,0,0.08705801091950026,english,comment,True,adjudicator,2-1,0,0
t1_p6zfskh,0,0.02161533385515213,-3.8125,0,0.34824037551879883,0,0.04626574412509038,tagalog,comment,True,majority,3-0,0,0
t1_p4m4zyh,0,0.3345894515514374,-0.6875,0,0.8431136608123779,0,0.36686979067786296,tagalog,comment,True,adjudicator,2-1,0,1
t1_p50v909,1,0.16184942424297333,-1.64453125,0,0.7269610166549683,0,0.21328020623461524,english,comment,True,unanimous,3-0,1,1
t1_p4zgyfn,0,0.007695646956562996,-4.859375,0,0.12742947041988373,0,0.02069626706744707,english,comment,True,unanimous,3-0,0,0
t1_p4tn78u,1,0.6645402908325195,0.68359375,1,0.8633928298950195,1,0.6324097646444057,taglish,comment,True,unanimous,3-0,1,1
t1_p50llx6,0,0.037892427295446396,-3.234375,0,0.4524725377559662,0,0.07128439390487697,english,comment,True,adjudicator,2-1,0,0
t1_p50op1z,1,0.937210738658905,2.703125,1,0.9854207038879395,1,0.8952448687838118,english,comment,True,majority,3-0,1,1
t1_p5jlmdj,0,0.005220125894993544,-5.25,0,0.08599396049976349,0,0.015263229060930807,tagalog,comment,True,majority,3-0,0,0
t1_p5dgexb,0,0.24689632654190063,-1.115234375,0,0.7760109305381775,0,0.2921092061033696,tagalog,comment,True,adjudicator,2-1,0,1
t1_p65rtbt,0,0.014392335899174213,-4.2265625,0,0.14228717982769012,0,0.03374404259448308,tagalog,comment,True,majority,3-0,0,0
t3_1vcj2r5,0,0.012624949216842651,-4.359375,0,0.219919353723526,0,0.030470903823707325,taglish,submission,True,majority,3-0,0,0
t1_p50w8eg,0,0.04084571823477745,-3.15625,0,0.4137803018093109,0,0.07550021703806414,english,comment,True,majority,3-0,0,0
t1_p7d9jhk,0,0.013222821988165379,-4.3125,0,0.13226532936096191,0,0.03158943154923523,english,comment,True,unanimous,3-0,0,0
t1_p5dt72r,1,0.14854057133197784,-1.74609375,0,0.7593368291854858,0,0.200067021752678,english,comment,True,majority,3-0,1,1
t1_p76yxop,0,0.023509452119469643,-3.7265625,0,0.3998396396636963,0,0.04937034514650597,tagalog,comment,True,adjudicator,2-1,0,0
t1_p7jf2m0,0,0.16830945014953613,-1.59765625,0,0.7512820959091187,0,0.21958942511917479,taglish,comment,True,majority,3-0,0,0
t1_p34ute8,0,0.02822098508477211,-3.5390625,0,0.3620094954967499,0,0.05684213735851474,taglish,comment,True,majority,3-0,0,0
t1_p768hxr,0,0.029986508190631866,-3.4765625,0,0.28614088892936707,0,0.05956079304096947,taglish,comment,True,majority,3-0,0,0
t1_p4mdque,0,0.2806163728237152,-0.94140625,0,0.6589386463165283,0,0.3214328826592551,tagalog,comment,True,adjudicator,2-1,0,0
t3_1vm2q5q,0,0.004681822843849659,-5.359375,0,0.05883859097957611,0,0.014011880113174616,english,submission,True,majority,3-0,0,0
t1_p73fbil,0,0.04958902671933174,-2.953125,0,0.36550700664520264,0,0.0875521061833663,tagalog,comment,True,majority,3-0,0,0
t1_p4m3b7r,1,0.21206879615783691,-1.3125,0,0.7796294689178467,0,0.2608159531235439,taglish,comment,True,majority,3-0,1,1
t1_p4umtjg,0,0.09773432463407516,-2.22265625,0,0.6178228855133057,0,0.14627466051756674,tagalog,comment,True,adjudicator,2-1,0,1
t1_p7kf0zf,0,0.04401864856481552,-3.078125,0,0.39652881026268005,0,0.07994390560597635,english,comment,True,adjudicator,2-1,0,0
t1_p4zhotf,0,0.008315778337419033,-4.78125,0,0.1351567506790161,0,0.021991106544370382,taglish,comment,True,unanimous,3-0,0,0
t1_p5jsgnt,0,0.00482972152531147,-5.328125,0,0.04638103395700455,0,0.014358712030039116,taglish,comment,True,unanimous,3-0,0,0
t1_p4m43mt,0,0.808672308921814,1.44140625,1,0.9676851630210876,1,0.7584215130307167,tagalog,comment,True,adjudicator,3-0,0,1
t3_1vcmaxo,0,0.001048469333909452,-6.859375,0,0.008414944633841515,0,0.004302318799948333,taglish,submission,True,majority,3-0,0,0
t1_p2y2euo,0,0.00857748556882143,-4.75,0,0.2749723196029663,0,0.0225309326230367,english,comment,True,unanimous,3-0,0,0
t1_p4m4zri,0,0.40262699127197266,-0.39453125,0,0.9217548370361328,0,0.42234856889748673,english,comment,True,adjudicator,2-1,0,0
t1_p50itq4,0,0.27904197573661804,-0.94921875,0,0.8730236887931824,0,0.3200819061031432,tagalog,comment,True,unanimous,3-0,0,0
t1_p7jejv3,1,0.3186971843242645,-0.759765625,0,0.7725287675857544,0,0.3536516122021377,taglish,comment,True,majority,3-0,1,1
t1_p7jd1kk,0,0.49572762846946716,-0.01708984375,0,0.9170657396316528,1,0.4966089974984836,tagalog,comment,True,majority,3-0,0,0
t1_p4zto6n,1,0.1225232183933258,-1.96875,0,0.6060699820518494,0,0.17327417977370702,english,comment,True,adjudicator,2-1,1,0
t1_p7jeyp8,0,0.34886693954467773,-0.6240234375,0,0.8531264066696167,0,0.37864870696269004,taglish,comment,True,unanimous,3-0,0,0
t1_p7lq2ix,0,0.0446808747947216,-3.0625,0,0.39418408274650574,0,0.08086084171268425,taglish,comment,True,adjudicator,2-1,0,1
t3_1vp4x7l,0,0.020332353189587593,-3.875,0,0.16540279984474182,0,0.044125468090371774,english,submission,True,unanimous,3-0,0,0
t1_p5js06a,0,0.022977370768785477,-3.75,0,0.3261082172393799,0,0.04850456497097235,tagalog,comment,True,adjudicator,2-1,0,0
t1_p4z4z43,0,0.007011795416474342,-4.953125,0,0.09982185065746307,0,0.019240724960142272,taglish,comment,True,unanimous,3-0,0,0
t1_p2xx8ji,0,0.0024343819823116064,-6.015625,0,0.0543978214263916,0,0.008370759003441308,taglish,comment,True,majority,3-0,0,0
t1_p6lm5t5,0,0.19253934919834137,-1.43359375,0,0.7331854701042175,0,0.24271640422657617,tagalog,comment,True,majority,3-0,0,0
t1_p4tc197,0,0.004905405919998884,-5.3125,0,0.05127095803618431,0,0.014535286945762125,english,comment,True,majority,3-0,0,0
t1_p7k3j0t,0,0.004007288720458746,-5.515625,0,0.02309824898838997,0,0.012397879390280978,english,comment,True,unanimous,3-0,0,0
t1_p4zt4bk,1,0.9686195850372314,3.4296875,1,0.9804404973983765,1,0.9383207789863787,tagalog,comment,True,majority,3-0,1,1
t1_p7n8dj9,0,0.06804042309522629,-2.6171875,0,0.32938945293426514,0,0.11132644864738975,english,comment,True,majority,3-0,0,0
t1_p50w45t,0,0.37983837723731995,-0.490234375,0,0.9042263031005859,0,0.4039341491861552,tagalog,comment,True,adjudicator,2-1,0,1
t1_p74k6xw,1,0.04023794084787369,-3.171875,0,0.370919793844223,0,0.07463913240239117,english,comment,True,adjudicator,2-1,1,1
t1_p5jq22u,0,0.010169658809900284,-4.578125,0,0.18908551335334778,0,0.025739292468785622,tagalog,comment,True,adjudicator,2-1,0,0
t1_p74i4w9,0,0.08819004148244858,-2.3359375,0,0.5879476070404053,0,0.13539985827184872,english,comment,True,adjudicator,2-1,0,1
t1_p50mdyc,0,0.8787311315536499,1.98046875,1,0.9787571430206299,1,0.8280541698530428,tagalog,comment,True,adjudicator,2-1,0,1
t1_p4z3639,0,0.006589771714061499,-5.015625,0,0.10432827472686768,0,0.018326616361903126,english,comment,True,majority,3-0,0,0
t1_p50jgzq,0,0.011687257327139378,-4.4375,0,0.12652698159217834,0,0.028691420180336213,taglish,comment,True,majority,3-0,0,0
t1_p50gkon,0,0.0446808747947216,-3.0625,0,0.39874428510665894,0,0.08086084171268425,tagalog,comment,True,adjudicator,3-0,0,0
t1_p50v2bg,0,0.05921025201678276,-2.765625,0,0.5179816484451294,0,0.10019335636070993,tagalog,comment,True,adjudicator,2-1,0,1
t1_p73s7dd,0,0.00985985528677702,-4.609375,0,0.10485991090536118,0,0.025124572081194795,english,comment,True,majority,3-0,0,0
t1_p6xmib9,0,0.530722975730896,0.123046875,1,0.8972050547599792,1,0.5243962046424001,tagalog,comment,True,adjudicator,2-1,0,1
t1_p7jojit,0,0.019271137192845345,-3.9296875,0,0.15641939640045166,0,0.042330492977363125,english,comment,True,adjudicator,2-1,0,0
t1_p4v8t5x,0,0.4692161977291107,-0.123291015625,0,0.886851966381073,0,0.4755554672803211,tagalog,comment,True,adjudicator,2-1,0,1
t1_p6553bn,0,0.006388320587575436,-5.046875,0,0.04843137413263321,0,0.017885679689180187,english,comment,True,majority,3-0,0,0
t1_p4scwb1,0,0.13660839200019836,-1.84375,0,0.7296061515808105,0,0.1879500915485283,tagalog,comment,True,adjudicator,2-1,0,1
t1_p5elx5s,0,0.028870904818177223,-3.515625,0,0.45964568853378296,0,0.057847690858655224,english,comment,True,unanimous,3-0,0,0
t1_p4sf400,1,0.5678617358207703,0.27313232421875,1,0.8999316692352295,1,0.5539850599352456,tagalog,comment,True,majority,3-0,1,1
t1_p50h9yy,0,0.32552051544189453,-0.728515625,0,0.8349291682243347,0,0.35934152971549777,english,comment,True,adjudicator,2-1,0,1
t1_p50jbsw,0,0.004198795650154352,-5.46875,0,0.046083882451057434,0,0.012861782485476652,english,comment,True,majority,3-0,0,0
t1_p4z3fcl,0,0.0019877743907272816,-6.21875,0,0.022694312036037445,0,0.007133280940827821,english,comment,True,majority,3-0,0,0
t1_p4se1p7,0,0.1710611879825592,-1.578125,0,0.6774415373802185,0,0.2222575398188983,english,comment,True,adjudicator,2-1,0,1
t1_p4v51mm,0,0.09534946829080582,-2.25,0,0.49720650911331177,0,0.14358520830163538,tagalog,comment,True,adjudicator,2-1,0,0
t1_p4zikgp,0,0.011158031411468983,-4.484375,0,0.154741108417511,0,0.02767257386929264,taglish,comment,True,unanimous,3-0,0,0
t1_p4z0a0q,0,0.014957086183130741,-4.1875,0,0.18427860736846924,0,0.03476968171953476,tagalog,comment,True,adjudicator,2-1,0,1
t1_p60wvga,0,0.005819959565997124,-5.140625,0,0.07682294398546219,0,0.01662444709449999,english,comment,True,majority,3-0,0,0
t1_p60wol7,0,0.037326887249946594,-3.25,0,0.3557373881340027,0,0.07046772608097757,taglish,comment,True,majority,3-0,0,0
t1_p7k6gri,0,0.04501553252339363,-3.0546875,0,0.5232831239700317,0,0.08132289815205554,taglish,comment,True,majority,3-0,0,0
t1_p5bj0bc,0,0.007345826830714941,-4.90625,0,0.06383956223726273,0,0.0199554995819404,tagalog,comment,True,adjudicator,3-0,0,0
t1_p5bhjgk,0,0.11920293420553207,-2.0,0,0.663715124130249,0,0.16974986496321137,tagalog,comment,True,adjudicator,2-1,0,0
t1_p5i5naj,0,0.11357959359884262,-2.0546875,0,0.5551437735557556,0,0.1637199019863113,tagalog,comment,True,adjudicator,2-1,0,0
t1_p50g6um,0,0.053799647837877274,-2.8671875,0,0.49229443073272705,0,0.09315656648335208,tagalog,comment,True,adjudicator,2-1,0,0
t1_p5doxl4,0,0.2557152211666107,-1.068359375,0,0.8240291476249695,0,0.29986151539920564,tagalog,comment,True,adjudicator,2-1,0,1
t1_p7lqeaf,0,0.07807817310094833,-2.46875,0,0.48062819242477417,0,0.12352678025634592,english,comment,True,majority,3-0,0,0
t1_p4y7pqs,0,0.5519964098930359,0.208740234375,1,0.9179880023002625,1,0.5413248247642454,tagalog,comment,True,adjudicator,2-1,0,1
t1_p4yjp1i,0,0.6116139888763428,0.4541015625,1,0.8899416327476501,1,0.5891422575060137,english,comment,True,adjudicator,2-1,0,0
t1_p516bxq,0,0.10087861120700836,-2.1875,0,0.5301909446716309,0,0.14979371416247458,english,comment,True,adjudicator,2-1,0,1
t1_p7je9bc,0,0.008847354911267757,-4.71875,0,0.078455351293087,0,0.02308369729877056,tagalog,comment,True,unanimous,3-0,0,0
t1_p4z32up,0,0.0013458605390042067,-6.609375,0,0.01599203422665596,0,0.0052416452819631166,english,comment,True,majority,3-0,0,0
t1_p7lpea6,0,0.004399413242936134,-5.421875,0,0.033220551908016205,0,0.013342809362448659,taglish,comment,True,adjudicator,2-1,0,0
t1_p50radr,0,0.5826246738433838,0.33355712890625,1,0.9233578443527222,1,0.5658022275496465,taglish,comment,True,adjudicator,2-1,0,1
t1_p4z02s4,0,0.002396730938926339,-6.03125,0,0.03096480667591095,0,0.00826844254905784,tagalog,comment,True,majority,3-0,0,0
t1_p4zi704,0,0.37822940945625305,-0.4970703125,0,0.687630295753479,0,0.40262848289104186,tagalog,comment,True,unanimous,3-0,0,0
t1_p5020gl,0,0.008187909610569477,-4.796875,0,0.10769491642713547,0,0.02172595502245546,taglish,comment,True,unanimous,3-0,0,0
t1_p50hxp5,0,0.33306920528411865,-0.6943359375,0,0.8681268095970154,0,0.36561044461942604,tagalog,comment,True,adjudicator,2-1,0,1
t1_p50n4tb,0,0.005730246659368277,-5.15625,0,0.07551610469818115,0,0.016422915972736242,english,comment,True,unanimous,3-0,0,0
t1_p5dk107,0,0.18126320838928223,-1.5078125,0,0.6926905512809753,0,0.23205359737065,english,comment,True,adjudicator,2-1,0,1
t1_p304m44,0,0.003123648464679718,-5.765625,0,0.03387477248907089,0,0.010189259330599046,english,comment,True,majority,3-0,0,0
t1_p4ypkig,0,0.004609572235494852,-5.375,0,0.09376104176044464,0,0.013841574244893321,taglish,comment,True,majority,3-0,0,0
t1_p7kpw1f,1,0.875361442565918,1.94921875,1,0.9803224802017212,1,0.8244939005384004,english,comment,True,adjudicator,2-1,1,1
t1_p4yswdj,0,0.001838665222749114,-6.296875,0,0.02273469977080822,0,0.006707272677205642,english,comment,True,majority,3-0,0,0
t1_p63ee9o,0,0.010013570077717304,-4.59375,0,0.13412083685398102,0,0.025430123356836434,english,comment,True,majority,3-0,0,0
t1_p4yc8o8,0,0.1540575623512268,-1.703125,0,0.5726399421691895,0,0.20558095177087027,taglish,comment,True,adjudicator,3-0,0,0
t1_p61l0ev,0,0.4170340299606323,-0.3349609375,0,0.7703559398651123,0,0.4339240660683996,taglish,comment,True,majority,3-0,0,0
t1_p501pg2,0,0.02843603305518627,-3.53125,0,0.3521750867366791,0,0.057175483279021125,taglish,comment,True,majority,3-0,0,0
t1_p4z9rj0,0,0.4825967252254486,-0.06964111328125,0,0.8341145515441895,1,0.4861849701084699,english,comment,True,unanimous,3-0,0,0
t1_p32iari,0,0.001867565792053938,-6.28125,0,0.017101876437664032,0,0.006790402970719936,taglish,comment,True,unanimous,3-0,0,0
t1_p4yxoxp,0,0.010489092208445072,-4.546875,0,0.1689232587814331,0,0.02636864634508289,english,comment,True,majority,3-0,0,0
t1_p4ia7lv,0,0.3090236783027649,-0.8046875,0,0.8922711610794067,0,0.34554478639877123,tagalog,comment,True,adjudicator,2-1,0,1
t1_p72oz2i,0,0.23970511555671692,-1.154296875,0,0.8441118001937866,0,0.2857397343625872,tagalog,comment,True,adjudicator,2-1,0,0
t1_p7js6r2,1,0.18653921782970428,-1.47265625,0,0.8427882194519043,0,0.23706326953361012,tagalog,comment,True,adjudicator,2-1,1,0
t1_p7cooxk,0,0.001367025775834918,-6.59375,0,0.007640812546014786,0,0.005306707559366049,taglish,comment,True,majority,3-0,0,0
t1_p50se9s,0,0.002182716503739357,-6.125,0,0.019678346812725067,0,0.007680079008253995,taglish,comment,True,unanimous,3-0,0,0
t1_p28b6yb,0,0.018689310178160667,-3.9609375,0,0.23647475242614746,0,0.04133634398259861,tagalog,comment,True,unanimous,3-0,0,0
t1_p50pdhv,1,0.1212688684463501,-1.98046875,0,0.6313420534133911,0,0.17194583014695722,taglish,comment,True,unanimous,3-0,1,1
t1_p71ve5a,0,0.0222861859947443,-3.78125,0,0.2734152674674988,0,0.04737258803967525,taglish,comment,True,majority,3-0,0,0
t1_p5dvm25,0,0.021125193685293198,-3.8359375,0,0.3574075400829315,0,0.04545180452696595,taglish,comment,True,majority,3-0,0,0
t1_p4z09le,0,0.004982269834727049,-5.296875,0,0.09323986619710922,0,0.01471400085933903,english,comment,True,majority,3-0,0,0
t1_p7lysbj,0,0.40827676653862,-0.37109375,0,0.8392738699913025,0,0.42689342443924055,tagalog,comment,True,adjudicator,2-1,0,0
t1_p7n6xo2,1,0.8951566815376282,2.14453125,1,0.974629282951355,1,0.8458108400304865,taglish,comment,True,unanimous,3-0,1,1
t1_p7jcfb9,1,0.032344330102205276,-3.3984375,0,0.38094648718833923,0,0.06313040267526514,taglish,comment,True,majority,3-0,1,1
t1_p7j7rdz,0,0.10669060051441193,-2.125,0,0.6238211393356323,0,0.15622170163933402,taglish,comment,True,majority,3-0,0,0
t1_p6zdb79,1,0.9124361872673035,2.34375,1,0.9800301790237427,1,0.8653244076884726,taglish,comment,True,unanimous,3-0,1,1
t1_p7jd8i9,0,0.13251455128192902,-1.87890625,0,0.7579983472824097,0,0.1837283525575781,english,comment,True,adjudicator,2-1,0,1
t1_p4m1zph,0,0.47755420207977295,-0.08984375,0,0.8530741930007935,1,0.48218029252064454,taglish,comment,True,adjudicator,2-1,0,0
t1_p5de435,0,0.9504110217094421,2.953125,1,0.9847275614738464,1,0.9124478938166337,tagalog,comment,True,adjudicator,2-1,0,1
t1_p7khhh3,1,0.8210441470146179,1.5234375,1,0.9749526381492615,1,0.7701490735230804,taglish,comment,True,majority,3-0,1,1
t1_p6m9ljp,0,0.24364246428012848,-1.1328125,0,0.8671196699142456,0,0.289232629938674,tagalog,comment,True,majority,3-0,0,0
t1_p4mgnl4,1,0.6473524570465088,0.607421875,1,0.9621161222457886,1,0.6182462471770627,taglish,comment,True,majority,3-0,1,1
t1_p7j87d0,0,0.1705079972743988,-1.58203125,0,0.798715353012085,0,0.2217220701781851,tagalog,comment,True,adjudicator,2-1,0,0
t1_p7j6ws1,0,0.22884514927864075,-1.21484375,0,0.8654934167861938,0,0.27603365229139604,english,comment,True,unanimous,3-0,0,0
t1_p4zbezh,0,0.7918210625648499,1.3359375,1,0.9610704183578491,1,0.7427544246019837,tagalog,comment,True,adjudicator,2-1,0,1
t1_p7jgdmg,0,0.004468384198844433,-5.40625,0,0.05763307958841324,0,0.013507062511842293,english,comment,True,adjudicator,2-1,0,1
t1_p29egm9,0,0.0022872276604175568,-6.078125,0,0.015602591447532177,0,0.00796887614464604,taglish,comment,True,majority,3-0,0,0
t1_p2ryc9v,0,0.0017007224960252643,-6.375,0,0.010786152444779873,0,0.00630654454601807,english,comment,True,majority,3-0,0,0
t1_p2sc7o8,0,0.02161533385515213,-3.8125,0,0.2387544959783554,0,0.04626574412509038,taglish,comment,True,unanimous,3-0,0,0
t1_p4y6b6j,0,0.512174129486084,0.0487060546875,1,0.933038592338562,1,0.509663301898488,taglish,comment,True,majority,3-0,0,0
t1_p73epc3,0,0.19436782598495483,-1.421875,0,0.6742256879806519,0,0.24443009724600576,tagalog,comment,True,adjudicator,2-1,0,1
t1_p7kmj02,0,0.06097517907619476,-2.734375,0,0.5266358256340027,0,0.10245175437552338,tagalog,comment,True,adjudicator,2-1,0,1
t1_p60wrjg,0,0.14414885640144348,-1.78125,0,0.525818407535553,0,0.19563868326399708,taglish,comment,True,unanimous,3-0,0,0
t1_p5dte8v,0,0.0020190139766782522,-6.203125,0,0.020451752468943596,0,0.007221652815790418,tagalog,comment,True,adjudicator,3-0,0,0
t1_p6lm0zu,0,0.4423955976963043,-0.2314453125,0,0.8744288682937622,0,0.4542041430304527,english,comment,True,majority,3-0,0,0
t1_p7jt1vc,0,0.2267836332321167,-1.2265625,0,0.8758551478385925,0,0.27417879080343494,tagalog,comment,True,adjudicator,2-1,0,1
t1_p7j8vmt,1,0.7325918078422546,1.0078125,1,0.9603270888328552,1,0.6899533702712425,english,comment,True,adjudicator,2-1,1,1
t1_p2ut9hv,0,0.017309095710515976,-4.0390625,0,0.3402666747570038,0,0.03894781523920633,tagalog,comment,True,majority,3-0,0,0
t1_p5065ft,1,0.009268012829124928,-4.671875,0,0.12345635890960693,0,0.023937750222767996,english,comment,True,adjudicator,2-1,1,1
t1_p4yftgm,1,0.2716379463672638,-0.986328125,0,0.7717304229736328,0,0.3137061537570955,taglish,comment,True,majority,3-0,1,1
t1_p51mv74,0,0.04054073989391327,-3.1640625,0,0.38669925928115845,0,0.07506854028413167,tagalog,comment,True,majority,3-0,0,0
t1_p7jho9v,0,0.28378137946128845,-0.92578125,0,0.8471615314483643,0,0.32414380481067295,english,comment,True,adjudicator,2-1,0,0
t1_p51cw83,0,0.012821215204894543,-4.34375,0,0.13254128396511078,0,0.03083941742596216,english,comment,True,adjudicator,2-1,0,1
t1_p6skahu,0,0.019271137192845345,-3.9296875,0,0.22099368274211884,0,0.042330492977363125,english,comment,True,adjudicator,2-1,0,1
t1_p50jkb1,0,0.13206616044044495,-1.8828125,0,0.7502445578575134,0,0.1832638355687587,tagalog,comment,True,adjudicator,2-1,0,1
t1_p5jtn8m,0,0.010169658809900284,-4.578125,0,0.12941113114356995,0,0.025739292468785622,taglish,comment,True,majority,3-0,0,0
t1_p63488q,0,0.023689471185207367,-3.71875,0,0.20119468867778778,0,0.049662180601942656,taglish,comment,True,majority,3-0,0,0
t1_p36drc4,0,0.007577240467071533,-4.875,0,0.13901448249816895,0,0.020446401314649764,tagalog,comment,True,adjudicator,2-1,0,1
t1_p4zu0we,0,0.00407013762742281,-5.5,0,0.04540960118174553,0,0.012550648194851056,taglish,comment,True,unanimous,3-0,0,0
t3_1vsmir2,0,0.006589771714061499,-5.015625,0,0.05119962617754936,0,0.018326616361903126,taglish,submission,True,majority,3-0,0,0
t1_p7jbge5,0,0.11879339814186096,-2.00390625,0,0.5950022339820862,0,0.16931335888167326,tagalog,comment,True,unanimous,3-0,0,0
t1_p6siz6q,1,0.20689406991004944,-1.34375,0,0.7969855666160583,0,0.2560625740699581,tagalog,comment,True,majority,3-0,1,1
t1_p3ulruj,0,0.00985985528677702,-4.609375,0,0.08737405389547348,0,0.025124572081194795,taglish,comment,True,majority,3-0,0,0
t1_p7lugnm,0,0.0038244836032390594,-5.5625,0,0.024817829951643944,0,0.01195050594416123,tagalog,comment,True,majority,3-0,0,0
t1_p7jd4a0,0,0.011508148163557053,-4.453125,0,0.08948290348052979,0,0.02834782316394796,english,comment,True,majority,3-0,0,0
t1_p7f2wrm,0,0.016657039523124695,-4.078125,0,0.139113187789917,0,0.037803756196639386,english,comment,True,unanimous,3-0,0,0
t1_p60wcj6,0,0.18126320838928223,-1.5078125,0,0.6077398061752319,0,0.23205359737065,taglish,comment,True,majority,3-0,0,0
t1_p4mhhr3,1,0.9001793265342712,2.19921875,1,0.9827879667282104,1,0.8513869881006136,taglish,comment,True,adjudicator,2-1,1,1
t1_p6ydczp,0,0.5232376456260681,0.093017578125,1,0.9511944651603699,1,0.5184486462671752,english,comment,True,adjudicator,2-1,0,1
t1_p2xgw6d,0,0.020023442804813385,-3.890625,0,0.23738108575344086,0,0.04360533680148906,tagalog,comment,True,adjudicator,2-1,0,1
t1_p4ipf36,0,0.11516222357749939,-2.0390625,0,0.7521044015884399,0,0.16542496059463072,tagalog,comment,True,adjudicator,2-1,0,1
t1_p5182no,0,0.00970847625285387,-4.625,0,0.10277974605560303,0,0.024822598595254295,tagalog,comment,True,adjudicator,3-0,0,0
t1_p4yhmga,1,0.8037906289100647,1.41015625,1,0.9800979495048523,1,0.75384804313726,taglish,comment,True,adjudicator,2-1,1,0
t1_p4y4mmo,1,0.9863631129264832,4.28125,1,0.9929510354995728,1,0.9676429229809077,taglish,comment,True,majority,3-0,1,1
t1_p1yzayp,0,0.0028449094388633966,-5.859375,0,0.03594275563955307,0,0.009465519384885593,taglish,comment,True,majority,3-0,0,0
t1_p5i56tk,0,0.4519311189651489,-0.19287109375,0,0.8463329076766968,0,0.4618040891979396,tagalog,comment,True,adjudicator,2-1,0,0
t1_p68ipp5,0,0.0014103584690019488,-6.5625,0,0.011614680290222168,0,0.005439251606207412,english,comment,True,majority,3-0,0,0
t1_p1uhh3a,0,0.0033766122069209814,-5.6875,0,0.04227706044912338,0,0.01083401162837129,tagalog,comment,True,unanimous,3-0,0,0
t1_p4ya7k6,0,0.20689406991004944,-1.34375,0,0.7207492589950562,0,0.2560625740699581,tagalog,comment,True,adjudicator,2-1,0,1
t1_p6nahxx,0,0.06052939593791962,-2.7421875,0,0.599504828453064,0,0.10188296268196406,tagalog,comment,True,adjudicator,2-1,0,0
t1_p4miyx0,0,0.008711384609341621,-4.734375,0,0.06863930821418762,0,0.02280567936249107,english,comment,True,unanimous,3-0,0,0
t1_p50c8qw,0,0.04208773002028465,-3.125,0,0.45401352643966675,0,0.07724980628534726,tagalog,comment,True,adjudicator,2-1,0,0
t1_p7lj52x,0,0.006903837900608778,-4.96875,0,0.06021369621157646,0,0.019008090864153445,english,comment,True,adjudicator,2-1,0,0
t1_p4mh4i5,0,0.9911527037620544,4.71875,1,0.9948692321777344,1,0.9769163027012295,tagalog,comment,True,adjudicator,2-1,0,1
t1_p4yzuj7,1,0.9944451451301575,5.1875,1,0.9951679110527039,1,0.9839729656353022,taglish,comment,True,majority,3-0,1,1
t1_p4iruyk,1,0.12808823585510254,-1.91796875,0,0.6619262099266052,0,0.1791241402142067,english,comment,True,adjudicator,2-1,1,1
t1_p68ikpy,0,0.002251847181469202,-6.09375,0,0.028199993073940277,0,0.00787143294365646,english,comment,True,unanimous,3-0,0,0
t1_p37lo72,0,0.053799647837877274,-2.8671875,0,0.6007049083709717,0,0.09315656648335208,tagalog,comment,True,adjudicator,2-1,0,0
t1_p50o5dc,0,0.14080817997455597,-1.80859375,0,0.7044462561607361,0,0.1922459913234055,english,comment,True,adjudicator,2-1,0,0
t1_p72ev2h,0,0.03514484316110611,-3.3125,0,0.36322784423828125,0,0.06728684299382143,tagalog,comment,True,adjudicator,2-1,0,1
t1_p6laorf,0,0.18184363842010498,-1.50390625,0,0.8203467726707458,0,0.2326065609219806,tagalog,comment,True,adjudicator,2-1,0,0
t1_p7looyf,0,0.07369627058506012,-2.53125,0,0.39686429500579834,0,0.11825553515871444,english,comment,True,majority,3-0,0,0
t1_p4jcsse,1,0.10594828426837921,-2.1328125,0,0.6598421335220337,0,0.15540607720652888,taglish,comment,True,adjudicator,2-1,1,0
t1_p5iaaih,0,0.004007288720458746,-5.515625,0,0.025913909077644348,0,0.012397879390280978,taglish,comment,True,majority,3-0,0,0
t1_p7k59rz,0,0.0012644219677895308,-6.671875,0,0.006273589096963406,0,0.004989236330433244,english,comment,True,majority,3-0,0,0
t1_p7jaarx,0,0.04778006672859192,-2.9921875,0,0.4679521322250366,0,0.08510676933563796,english,comment,True,adjudicator,2-1,0,1
t1_p4ycanw,1,0.2018132209777832,-1.375,0,0.82164466381073,0,0.2513663660041661,taglish,comment,True,unanimous,3-0,1,1
t1_p51cnw4,0,0.02096424251794815,-3.84375,0,0.18377189338207245,0,0.04518353463111131,english,comment,True,majority,3-0,0,0
t1_p4yzlq1,0,0.11838509887456894,-2.0078125,0,0.6199052333831787,0,0.16887774694577812,tagalog,comment,True,adjudicator,2-1,0,1
t1_p4z3ety,0,0.0033244371879845858,-5.703125,0,0.02703273855149746,0,0.010701911579695408,taglish,comment,True,unanimous,3-0,0,0
t1_p5dukg6,0,0.6947170495986938,0.822265625,1,0.9515361189842224,1,0.6576034809067036,taglish,comment,True,adjudicator,2-1,0,0
t1_p4znly8,1,0.7256486415863037,0.97265625,1,0.9526952505111694,1,0.6839528945391401,taglish,comment,True,majority,3-0,1,1
t1_p4z1v5i,0,0.0017546144081279635,-6.34375,0,0.021621961146593094,0,0.006463898940371175,tagalog,comment,True,adjudicator,2-1,0,1
t1_p31mhxn,0,0.018124721944332123,-3.9921875,0,0.2610233426094055,0,0.0403645588962974,taglish,comment,True,majority,3-0,0,0
t1_p7n8hmm,0,0.03161877021193504,-3.421875,0,0.333207368850708,0,0.062039067699607146,tagalog,comment,True,majority,3-0,0,0
t1_p5dwl9a,0,0.06142404302954674,-2.7265625,0,0.5725437998771667,0,0.10302335725968206,tagalog,comment,True,unanimous,3-0,0,0
t1_p4zd3tm,0,0.17441026866436005,-1.5546875,0,0.8079754710197449,0,0.2254897332793965,english,comment,True,majority,3-0,0,0
t1_p5desr2,0,0.027585282921791077,-3.5625,0,0.3706202507019043,0,0.055853026955312565,english,comment,True,adjudicator,2-1,0,1
t1_p37e5bx,0,0.02460992895066738,-3.6796875,0,0.383298397064209,0,0.05114603632197734,tagalog,comment,True,adjudicator,2-1,0,1
t1_p31sz14,0,0.006797531619668007,-4.984375,0,0.09112657606601715,0,0.01877821562650026,english,comment,True,adjudicator,2-1,0,0
t1_p4zw98l,0,0.00628990214318037,-5.0625,0,0.06748851388692856,0,0.017669133896818876,english,comment,True,majority,3-0,0,0
t1_p6me1mc,0,0.010986942797899246,-4.5,0,0.1301763951778412,0,0.02734083470272198,tagalog,comment,True,majority,3-0,0,0
t1_p6cmkfn,0,0.0035380858462303877,-5.640625,0,0.04295870661735535,0,0.011240064003385574,taglish,comment,True,unanimous,3-0,0,0
t1_p28p235,0,0.0028449094388633966,-5.859375,0,0.03855666518211365,0,0.009465519384885593,taglish,comment,True,majority,3-0,0,0
t1_p4ypp6r,1,0.31489264965057373,-0.77734375,0,0.9160827994346619,0,0.3504690371654608,tagalog,comment,True,unanimous,3-0,1,1
t1_p4za2mn,0,0.8489722013473511,1.7265625,1,0.9595924615859985,1,0.797440501811963,taglish,comment,True,unanimous,3-0,0,0
t1_p4zviu8,1,0.053403329104185104,-2.875,0,0.5155574083328247,0,0.09263405377221931,tagalog,comment,True,majority,3-0,1,1
t1_p7jyy5t,1,0.010489092208445072,-4.546875,0,0.09626179188489914,0,0.02636864634508289,english,comment,True,adjudicator,2-1,1,1
t1_p5dmm72,0,0.0035936026833951473,-5.625,0,0.032348573207855225,0,0.011378730383391086,english,comment,True,unanimous,3-0,0,0
t1_p73kpvf,0,0.010986942797899246,-4.5,0,0.1320483684539795,0,0.02734083470272198,taglish,comment,True,unanimous,3-0,0,0
t1_p312bfo,0,0.006589771714061499,-5.015625,0,0.058635275810956955,0,0.018326616361903126,taglish,comment,True,unanimous,3-0,0,0
t1_p7jn47v,0,0.015663648024201393,-4.140625,0,0.2734720706939697,0,0.03604014337098749,english,comment,True,adjudicator,2-1,0,0
t1_p4zunn4,0,0.0541987307369709,-2.859375,0,0.5486403703689575,0,0.09368172219026707,tagalog,comment,True,adjudicator,2-1,0,1
t1_p4zupvg,0,0.397236704826355,-0.4169921875,0,0.9171955585479736,0,0.41800537559598827,taglish,comment,True,majority,3-0,0,0
t1_p7jfemr,0,0.007815889082849026,-4.84375,0,0.04448877274990082,0,0.020949121007695408,english,comment,True,unanimous,3-0,0,0
t1_p2tp7nu,0,0.0071214293129742146,-4.9375,0,0.1096889078617096,0,0.01947614966658446,taglish,comment,True,unanimous,3-0,0,0
t1_p32i7o6,0,0.0011335690505802631,-6.78125,0,0.005902104079723358,0,0.00457628165317955,tagalog,comment,True,adjudicator,3-0,0,0
t1_p507slc,0,0.25312182307243347,-1.08203125,0,0.8077417612075806,0,0.2975882873393698,tagalog,comment,True,adjudicator,2-1,0,1
t1_p2s6ikw,0,0.001674399245530367,-6.390625,0,0.006688149180263281,0,0.0062293006508510945,taglish,comment,True,unanimous,3-0,0,0
t1_p2tsyqk,0,0.1830088496208191,-1.49609375,0,0.7671297788619995,0,0.23371524044433367,tagalog,comment,True,adjudicator,2-1,0,0
t1_p4jegbz,0,0.06754669547080994,-2.625,0,0.5501841306686401,0,0.11071446404608441,taglish,comment,True,unanimous,3-0,0,0
t1_p4kmw14,0,0.10932482779026031,-2.09765625,0,0.6325041055679321,0,0.1591038721788046,taglish,comment,True,adjudicator,2-1,0,0
t1_p3054pd,0,0.001032231142744422,-6.875,0,0.007652491331100464,0,0.004249518106794319,taglish,comment,True,majority,3-0,0,0
t1_p50treq,0,0.10521054267883301,-2.140625,0,0.7303793430328369,0,0.1545939309064968,tagalog,comment,True,adjudicator,2-1,0,1
t1_p4muhyr,0,0.17838265001773834,-1.52734375,0,0.7781330943107605,0,0.2293025563196214,taglish,comment,True,adjudicator,2-1,0,0
t1_p4iapcw,0,0.6071974039077759,0.435546875,1,0.9003371000289917,1,0.5855729446730816,tagalog,comment,True,majority,3-0,0,0
t1_p7kwk5y,0,0.009125636890530586,-4.6875,0,0.1602458357810974,0,0.023649695163366853,tagalog,comment,True,adjudicator,2-1,0,0
t1_p36xz46,0,0.014503578655421734,-4.21875,0,0.3076183795928955,0,0.03394680714463563,tagalog,comment,True,adjudicator,2-1,0,0
t1_p7jgv6p,0,0.44414275884628296,-0.224365234375,0,0.8863932490348816,0,0.4555975779191096,taglish,comment,True,majority,3-0,0,0
t1_p4y89vc,1,0.837619960308075,1.640625,1,0.9682266116142273,1,0.7861991109806782,tagalog,comment,True,adjudicator,2-1,1,0
t1_p1yy84t,0,0.005819959565997124,-5.140625,0,0.07837868481874466,0,0.01662444709449999,taglish,comment,True,adjudicator,2-1,0,0
t1_p74owa0,1,0.07316472381353378,-2.5390625,0,0.4637995958328247,0,0.1176105009914503,english,comment,True,majority,3-0,1,1
t1_p278bc4,0,0.0024726232513785362,-6.0,0,0.0219779834151268,0,0.008474330736828782,taglish,comment,True,majority,3-0,0,0
t1_p74g1w3,0,0.0038244836032390594,-5.5625,0,0.02811530791223049,0,0.01195050594416123,taglish,comment,True,unanimous,3-0,0,0
t1_p7ejdu7,0,0.011331754736602306,-4.46875,0,0.10684019327163696,0,0.028008222276532428,taglish,comment,True,unanimous,3-0,0,0
t1_p7jfu60,1,0.4101654887199402,-0.36328125,0,0.8935668468475342,0,0.42841116339463897,english,comment,True,adjudicator,2-1,1,1
t1_p74kayp,1,0.8921873569488525,2.11328125,1,0.9808622598648071,1,0.8425483257738973,taglish,comment,True,majority,3-0,1,1
t1_p7k77i3,0,0.02161533385515213,-3.8125,0,0.282431960105896,0,0.04626574412509038,taglish,comment,True,majority,3-0,0,0
t1_p7jpgad,0,0.0025509123224765062,-5.96875,0,0.019129803404211998,0,0.008685300740989898,taglish,comment,True,majority,3-0,0,0
t1_p4mdflr,0,0.487917423248291,-0.04833984375,0,0.923416018486023,1,0.4904093366166261,tagalog,comment,True,adjudicator,2-1,0,0
t1_p7ji71n,0,0.0013250225456431508,-6.625,0,0.012598786503076553,0,0.0051773765411583985,tagalog,comment,True,unanimous,3-0,0,0
t1_p276i3e,0,0.10230471193790436,-2.171875,0,0.5743319392204285,0,0.151379992159552,tagalog,comment,True,adjudicator,2-1,0,1
t1_p32jczf,0,0.010818448849022388,-4.515625,0,0.12028559297323227,0,0.027012961944413504,english,comment,True,unanimous,3-0,0,0
t1_p6xm4jf,1,0.9924227595329285,4.875,1,0.99432772397995,1,0.9795535986853502,taglish,comment,True,unanimous,3-0,1,1
t1_p7cjrcg,0,0.003172682598233223,-5.75,0,0.025756463408470154,0,0.010315097387934697,taglish,comment,True,unanimous,3-0,0,0
t1_p7jixbi,0,0.7086160182952881,0.888671875,1,0.9383507966995239,1,0.6693705064690834,taglish,comment,True,adjudicator,2-1,0,0
t1_p6nfs0s,0,0.0015731120947748423,-6.453125,0,0.013512044213712215,0,0.0059296151207206965,tagalog,comment,True,majority,3-0,0,0
t1_p1vinv1,0,0.00941259041428566,-4.65625,0,0.11523311585187912,0,0.02422922674622167,tagalog,comment,True,adjudicator,2-1,0,0
t1_p4m3bg0,1,0.9732407331466675,3.59375,1,0.9852522611618042,1,0.9454406113193178,taglish,comment,True,majority,3-0,1,1
t1_p2s9wdn,1,0.00178219610825181,-6.328125,0,0.012025721371173859,0,0.006544032719501775,taglish,comment,True,majority,3-0,1,1
t1_p4z6ph3,0,0.0014779430348426104,-6.515625,0,0.013022455386817455,0,0.005644265280094572,tagalog,comment,True,adjudicator,2-1,0,0
t1_p7475ev,0,0.02517884038388729,-3.65625,0,0.20460540056228638,0,0.05205638581234172,english,comment,True,adjudicator,2-1,0,0
t1_p50gb5c,0,0.034100428223609924,-3.34375,0,0.3252762258052826,0,0.06574682205961832,taglish,comment,True,adjudicator,2-1,0,1
t1_p7ib28w,0,0.001524786464869976,-6.484375,0,0.010135970078408718,0,0.005785191369504364,taglish,comment,True,unanimous,3-0,0,0
t1_p6ld5z6,0,0.01798621006309986,-4.0,0,0.29039034247398376,0,0.04012505323791517,taglish,comment,True,majority,3-0,0,0
t1_p680obn,0,0.0029349515680223703,-5.828125,0,0.04111111909151077,0,0.009700923786446087,taglish,comment,True,unanimous,3-0,0,0
t1_p680c7h,0,0.006589771714061499,-5.015625,0,0.07881417870521545,0,0.018326616361903126,english,comment,True,majority,3-0,0,0
t1_p4ikob1,0,0.5746335387229919,0.30078125,1,0.8969737887382507,1,0.5594007122860435,english,comment,True,unanimous,3-0,0,0
t1_p7fb8kj,0,0.023330770432949066,-3.734375,0,0.299612820148468,0,0.04908013606831653,english,comment,True,adjudicator,2-1,0,1
t1_p4y4sbu,0,0.5297955870628357,0.11932373046875,1,0.939640998840332,1,0.5236591453775763,taglish,comment,True,adjudicator,2-1,0,0
t1_p4y6zrk,0,0.8879840970039368,2.0703125,1,0.9744900465011597,1,0.8379709943083814,tagalog,comment,True,adjudicator,2-1,0,0
t1_p36xpo1,0,0.3745619058609009,-0.5126953125,0,0.8204725980758667,0,0.3996493078514175,tagalog,comment,True,adjudicator,2-1,0,1
t1_p7jb3i0,0,0.12852515280246735,-1.9140625,0,0.6613060832023621,0,0.1795804714809744,tagalog,comment,True,adjudicator,2-1,0,0
t1_p33o7er,0,0.0022872276604175568,-6.078125,0,0.019240256398916245,0,0.00796887614464604,english,comment,True,unanimous,3-0,0,0
t1_p73ihnb,0,0.8807970285415649,2.0,1,0.9728925228118896,1,0.8302501350367887,tagalog,comment,True,adjudicator,2-1,0,1
t1_p655yaa,0,0.32874488830566406,-0.7138671875,0,0.8868181109428406,0,0.3620224744725125,taglish,comment,True,majority,3-0,0,0
t1_p7jadkr,0,0.1030244380235672,-2.1640625,0,0.6123759746551514,0,0.15217829355333357,tagalog,comment,True,adjudicator,2-1,0,0
t1_p5docdc,0,0.023330770432949066,-3.734375,0,0.32292455434799194,0,0.04908013606831653,english,comment,True,adjudicator,2-1,0,0
t1_p6xz8jj,0,0.41584742069244385,-0.33984375,0,0.9406416416168213,0,0.4329723587628485,taglish,comment,True,majority,3-0,0,0
t1_p317i7v,0,0.17384853959083557,-1.55859375,0,0.6062276363372803,0,0.22494872882511027,taglish,comment,True,adjudicator,2-1,0,0
t1_p73dvo3,0,0.06418264657258987,-2.6796875,0,0.4003944993019104,0,0.10651255873719023,taglish,comment,True,adjudicator,3-0,0,0
t1_p5eo8sk,0,0.2501792907714844,-1.09765625,0,0.7859548330307007,0,0.2950025172311829,english,comment,True,unanimous,3-0,0,0
t1_p2rvvzl,0,0.0015487609198316932,-6.46875,0,0.008312991820275784,0,0.00585696072558967,english,comment,True,majority,3-0,0,0
t1_p74obof,0,0.08945459872484207,-2.3203125,0,0.6205599308013916,0,0.13685824525739057,tagalog,comment,True,adjudicator,2-1,0,1
t1_p277m26,0,0.13161905109882355,-1.88671875,0,0.5769671201705933,0,0.18280023000157855,taglish,comment,True,majority,3-0,0,0
t1_p17edm7,0,0.004755199886858463,-5.34375,0,0.0556691512465477,0,0.014184251274941625,english,comment,True,majority,3-0,0,0
t1_p75kvur,0,0.11920293420553207,-2.0,0,0.6611396074295044,0,0.16974986496321137,tagalog,comment,True,majority,3-0,0,0
t1_p7jt3eb,0,0.016277462244033813,-4.1015625,0,0.17846128344535828,0,0.03713288975071403,tagalog,comment,True,adjudicator,2-1,0,0
t1_p5dv1l4,0,0.06233103200793266,-2.7109375,0,0.5708842277526855,0,0.10417503587604024,tagalog,comment,True,adjudicator,2-1,0,1
t1_p5065ar,0,0.0753123015165329,-2.5078125,0,0.5863907337188721,0,0.12020904065781979,tagalog,comment,True,adjudicator,2-1,0,1
t1_p6xqjnv,0,0.4036843776702881,-0.39013671875,0,0.850761890411377,0,0.42319975261486215,tagalog,comment,True,adjudicator,2-1,0,0
t1_p5di5ul,1,0.5783290863037109,0.31591796875,1,0.9407777190208435,1,0.5623596796521424,taglish,comment,True,majority,3-0,1,1
t1_p36xy0e,0,0.0446808747947216,-3.0625,0,0.4970057010650635,0,0.08086084171268425,tagalog,comment,True,unanimous,3-0,0,0
t1_p6yhyp7,0,0.6636689305305481,0.6796875,1,0.910981297492981,1,0.6316887282070559,taglish,comment,True,majority,3-0,0,0
t1_p7jiwsr,0,0.2546016275882721,-1.07421875,0,0.8521461486816406,0,0.2988860590839069,tagalog,comment,True,adjudicator,2-1,0,1
t1_p7322uy,0,0.09268777817487717,-2.28125,0,0.6466616988182068,0,0.1405620833285403,tagalog,comment,True,majority,3-0,0,0
t1_p73cr3q,1,0.04672495648264885,-3.015625,0,0.42673906683921814,0,0.08366945739938521,tagalog,comment,True,adjudicator,2-1,1,1
t1_p5dg4v8,1,0.9912885427474976,4.734375,1,0.9917434453964233,1,0.9771943206375089,taglish,comment,True,majority,3-0,1,1
t1_p7ed8q3,0,0.002396730938926339,-6.03125,0,0.013024985790252686,0,0.00826844254905784,taglish,comment,True,majority,3-0,0,0
t1_p7k1aqi,0,0.7322090864181519,1.005859375,1,0.9689418077468872,1,0.6896216581979643,english,comment,True,adjudicator,2-1,0,0
t1_p73qlse,0,0.05707139894366264,-2.8046875,0,0.3904580771923065,0,0.09743264994797168,english,comment,True,majority,3-0,0,0
t1_p7jkq5e,0,0.6621413826942444,0.6728515625,1,0.9398908615112305,1,0.6304254987682243,tagalog,comment,True,adjudicator,2-1,0,1
t1_p5doazr,0,0.0222861859947443,-3.78125,0,0.28004807233810425,0,0.04737258803967525,tagalog,comment,True,adjudicator,2-1,0,0
t1_p6y60qh,0,0.02595735713839531,-3.625,0,0.28375130891799927,0,0.05329402168243236,english,comment,True,adjudicator,2-1,0,0
t1_p4zui84,1,0.6736212372779846,0.724609375,1,0.960250973701477,1,0.6399444019492992,taglish,comment,True,majority,3-0,1,1
t1_p4ywiff,0,0.04501553252339363,-3.0546875,0,0.4811405539512634,0,0.08132289815205554,tagalog,comment,True,majority,3-0,0,0
t1_p50d3r5,0,0.001867565792053938,-6.28125,0,0.01749594882130623,0,0.006790402970719936,tagalog,comment,True,majority,3-0,0,0
t1_p17bhzz,0,0.004331502132117748,-5.4375,0,0.04652617499232292,0,0.013180526932409332,english,comment,True,majority,3-0,0,0
t1_p71shsl,1,0.11797800660133362,-2.01171875,0,0.6285977959632874,0,0.16844302849818016,tagalog,comment,True,adjudicator,2-1,1,0
t1_p30fosl,0,0.055005285888910294,-2.84375,0,0.3695751130580902,0,0.0947400023151256,english,comment,True,unanimous,3-0,0,0
t1_p737g6f,0,0.13206616044044495,-1.8828125,0,0.6661043167114258,0,0.1832638355687587,tagalog,comment,True,adjudicator,2-1,0,0
t1_p3se9am,0,0.006692850962281227,-5.0,0,0.07970958948135376,0,0.0185510678244272,taglish,comment,True,majority,3-0,0,0
t1_p3np19k,1,0.053009770810604095,-2.8828125,0,0.49360132217407227,0,0.09211417412406958,tagalog,comment,True,unanimous,3-0,1,1
t1_p2towhz,0,0.005301895085722208,-5.234375,0,0.05762647092342377,0,0.015450752824396475,taglish,comment,True,unanimous,3-0,0,0
t1_p4mlqt4,0,0.18952110409736633,-1.453125,0,0.7203319072723389,0,0.2398784392725491,tagalog,comment,True,adjudicator,2-1,0,1
t1_p4jl4bt,0,0.002889581024646759,-5.84375,0,0.008532702922821045,0,0.009582505736265769,taglish,comment,True,majority,3-0,0,0
t1_p4zvuh3,0,0.23370636999607086,-1.1875,0,0.7872414588928223,0,0.2803917216779378,tagalog,comment,True,adjudicator,2-1,0,1
t1_p50fgcb,0,0.0023596608079969883,-6.046875,0,0.023961558938026428,0,0.008167366416337467,taglish,comment,True,majority,3-0,0,0
t1_p3o4gee,1,0.2986958920955658,-0.853515625,0,0.6680393218994141,0,0.3368338454300897,taglish,comment,True,majority,3-0,1,1
t1_p4zwdzp,0,0.0017546144081279635,-6.34375,0,0.01197450514882803,0,0.006463898940371175,taglish,comment,True,unanimous,3-0,0,0
t1_p5eahze,1,0.13386748731136322,-1.8671875,0,0.5953673720359802,0,0.18512737653071634,english,comment,True,adjudicator,2-1,1,1
t1_p517grh,1,0.5992506742477417,0.40234375,1,0.9089064598083496,1,0.5791635053808951,english,comment,True,majority,3-0,1,1
t1_p7j8y6f,0,0.06754669547080994,-2.625,0,0.5194369554519653,0,0.11071446404608441,english,comment,True,unanimous,3-0,0,0
t1_p73a36h,0,0.1949802190065384,-1.41796875,0,0.6202095150947571,0,0.2450031438487773,english,comment,True,unanimous,3-0,0,0
t1_p4z5dct,0,0.46210893988609314,-0.15185546875,0,0.8541805744171143,0,0.4699044828135897,english,comment,True,adjudicator,2-1,0,0
t1_p4z06d5,0,0.0026316740550100803,-5.9375,0,0.026218585669994354,0,0.008901475730412245,taglish,comment,True,unanimous,3-0,0,0
t1_p4yjgy2,0,0.058345843106508255,-2.78125,0,0.39867353439331055,0,0.09908082755451954,english,comment,True,adjudicator,3-0,0,0
t1_p718k7g,0,0.005384938325732946,-5.21875,0,0.16527791321277618,0,0.015640543908527996,taglish,comment,True,majority,3-0,0,0
t1_p7m969u,0,0.000954731716774404,-6.953125,0,0.004645131528377533,0,0.003995038711076537,taglish,comment,True,majority,3-0,0,0
t1_p4zgrzx,0,0.010489092208445072,-4.546875,0,0.05067100375890732,0,0.02636864634508289,taglish,comment,True,majority,3-0,0,0
t1_p3nkskg,0,0.023689471185207367,-3.71875,0,0.2900804877281189,0,0.049662180601942656,tagalog,comment,True,adjudicator,2-1,0,0
t1_p4ig2a4,0,0.00857748556882143,-4.75,0,0.058305274695158005,0,0.0225309326230367,taglish,comment,True,unanimous,3-0,0,0
t1_p4zn9cu,0,0.0014325366355478764,-6.546875,0,0.013805495575070381,0,0.005506753107359832,taglish,comment,True,majority,3-0,0,0
t1_p4zuxhw,0,0.1672186702489853,-1.60546875,0,0.7297703623771667,0,0.2185286449405357,tagalog,comment,True,majority,3-0,0,0
t1_p2z7y4g,0,0.03934250399470329,-3.1953125,0,0.3122853636741638,0,0.07336442556138476,english,comment,True,majority,3-0,0,0
t1_p36yiuf,0,0.08269734680652618,-2.40625,0,0.6023809313774109,0,0.12899861595036446,taglish,comment,True,majority,3-0,0,0
t1_p6xxfkg,0,0.8944211602210999,2.13671875,1,0.9832111597061157,1,0.8450004302939275,tagalog,comment,True,adjudicator,2-1,0,1
t1_p4yyoqr,0,0.001597845577634871,-6.4375,0,0.015545351430773735,0,0.006003165336399166,taglish,comment,True,majority,3-0,0,0
t1_p4z97j9,0,0.0011335690505802631,-6.78125,0,0.005710693076252937,0,0.00457628165317955,taglish,comment,True,unanimous,3-0,0,0
t1_p2zp7lo,0,0.6980208158493042,0.837890625,1,0.9530831575393677,1,0.6603903500029893,tagalog,comment,True,adjudicator,2-1,0,1
t1_p5i7ibd,0,0.02931223064661026,-3.5,0,0.36331450939178467,0,0.05852731093223528,taglish,comment,True,unanimous,3-0,0,0
t1_p4yxti0,0,0.0014103584690019488,-6.5625,0,0.01041308231651783,0,0.005439251606207412,english,comment,True,majority,3-0,0,0
t1_p56to2j,0,0.0037072529084980488,-5.59375,0,0.031348809599876404,0,0.01166115557202624,tagalog,comment,True,unanimous,3-0,0,0
t1_p56u2xe,0,0.008985428139567375,-4.703125,0,0.09048648923635483,0,0.023365023439488975,english,comment,True,unanimous,3-0,0,0
t1_p6mn8bp,0,0.019870713353157043,-3.8984375,0,0.22497811913490295,0,0.04334747038780218,taglish,comment,True,majority,3-0,0,0
t1_p4yefdo,1,0.9477691650390625,2.8984375,1,0.9854003190994263,1,0.9089177257183374,taglish,comment,True,adjudicator,2-1,1,1
t1_p6m3zfv,0,0.013636835850775242,-4.28125,0,0.1683802604675293,0,0.032357077019092316,taglish,comment,True,majority,3-0,0,0
t1_p56tbpd,0,0.007232763804495335,-4.921875,0,0.06428000330924988,0,0.01971439706759826,taglish,comment,True,majority,3-0,0,0
t1_p70od11,0,0.043365802615880966,-3.09375,0,0.4925861358642578,0,0.07903647316155538,english,comment,True,adjudicator,2-1,0,0
t1_p4z92s5,0,0.0011160142021253705,-6.796875,0,0.009612887166440487,0,0.004520133983425725,taglish,comment,True,majority,3-0,0,0
t1_p7k7iip,0,0.01590639352798462,-4.125,0,0.32253819704055786,0,0.036473477233485777,english,comment,True,majority,3-0,0,0
t1_p4wpt88,0,0.0020507436711341143,-6.1875,0,0.014511818066239357,0,0.007311111439104162,taglish,comment,True,majority,3-0,0,0
t1_p4ywkvg,0,0.0024343819823116064,-6.015625,0,0.012177800759673119,0,0.008370759003441308,taglish,comment,True,unanimous,3-0,0,0
t1_p4z2nd8,0,0.03138043358922005,-3.4296875,0,0.19993995130062103,0,0.061679221013621374,taglish,comment,True,majority,3-0,0,0
t1_p5bgmzx,0,0.1250653862953186,-1.9453125,0,0.4514796733856201,0,0.17595518923103787,english,comment,True,unanimous,3-0,0,0
t1_p56j1wj,0,0.10017221421003342,-2.1953125,0,0.4518671929836273,0,0.1490057233763646,tagalog,comment,True,adjudicator,2-1,0,1
t1_p7e64pt,0,0.015424554236233234,-4.15625,0,0.18055163323879242,0,0.03561176757665666,english,comment,True,majority,3-0,0,0
t1_p6xwjvq,0,0.0027576221618801355,-5.890625,0,0.011191299185156822,0,0.009235774074904706,taglish,comment,True,majority,3-0,0,0
t1_p5dmcxb,0,0.4144247770309448,-0.345703125,0,0.7607256174087524,0,0.43183096308185265,english,comment,True,adjudicator,2-1,0,1
t1_p4v5v3r,0,0.010013570077717304,-4.59375,0,0.10844486951828003,0,0.025430123356836434,english,comment,True,majority,3-0,0,0
t1_p31cvso,0,0.001524786464869976,-6.484375,0,0.014290230348706245,0,0.005785191369504364,english,comment,True,majority,3-0,0,0
t1_p5dfgzq,1,0.024423090741038322,-3.6875,0,0.2944628596305847,0,0.050845947651243395,taglish,comment,True,unanimous,3-0,1,1
t1_p752rqj,0,0.5547720193862915,0.219970703125,1,0.9423097968101501,1,0.5435371802533728,tagalog,comment,True,adjudicator,2-1,0,0
t1_p4yuuic,0,0.00857748556882143,-4.75,0,0.1295071244239807,0,0.0225309326230367,taglish,comment,True,adjudicator,2-1,0,0
t1_p7dn3a3,0,0.035678550601005554,-3.296875,0,0.3083062171936035,0,0.06806934632207341,taglish,comment,True,adjudicator,2-1,0,0
t1_p6x8bib,0,0.0029810327105224133,-5.8125,0,0.026738284155726433,0,0.00982079070472427,taglish,comment,True,unanimous,3-0,0,0
t1_p47n7lj,0,0.037326887249946594,-3.25,0,0.3938636779785156,0,0.07046772608097757,tagalog,comment,True,majority,3-0,0,0
t1_p6xx41r,0,0.05749328061938286,-2.796875,0,0.3948657214641571,0,0.0979793069218711,tagalog,comment,True,adjudicator,2-1,0,1
t1_p6m1tpq,0,0.001674399245530367,-6.390625,0,0.012190899811685085,0,0.0062293006508510945,taglish,comment,True,unanimous,3-0,0,0
t1_p4tx0q4,0,0.0008426423300988972,-7.078125,0,0.003221992403268814,0,0.0036190736855555464,tagalog,comment,True,majority,3-0,0,0
t3_1vjboux,0,0.03760863468050957,-3.2421875,0,0.20747599005699158,0,0.0708749734557281,taglish,submission,True,majority,3-0,0,0
t1_p5dovdt,0,0.006692850962281227,-5.0,0,0.06876365840435028,0,0.0185510678244272,english,comment,True,majority,3-0,0,0
t1_p6l8i3c,0,0.035678550601005554,-3.296875,0,0.39032691717147827,0,0.06806934632207341,tagalog,comment,True,majority,3-0,0,0
t1_p56u49o,0,0.14560064673423767,-1.76953125,0,0.6461445093154907,0,0.1971065002905161,tagalog,comment,True,adjudicator,2-1,0,0
t1_p7e9v6k,0,0.013636835850775242,-4.28125,0,0.11795692890882492,0,0.032357077019092316,english,comment,True,unanimous,3-0,0,0
t1_p73p3q6,0,0.40922078490257263,-0.3671875,0,0.8952144384384155,0,0.4276521236974722,tagalog,comment,True,adjudicator,2-1,0,0
t1_p7jxddc,0,0.006589771714061499,-5.015625,0,0.0513264499604702,0,0.018326616361903126,taglish,comment,True,unanimous,3-0,0,0
t1_p6mkt5y,0,0.0204885546118021,-3.8671875,0,0.1877506673336029,0,0.044387747931805825,taglish,comment,True,majority,3-0,0,0
t1_p7k8wbr,0,0.05707139894366264,-2.8046875,0,0.5894876718521118,0,0.09743264994797168,english,comment,True,majority,3-0,0,0
t3_1vlc4v4,0,0.0014779430348426104,-6.515625,0,0.014988012611865997,0,0.005644265280094572,taglish,submission,True,majority,3-0,0,0
t1_p36y877,0,0.014957086183130741,-4.1875,0,0.33683642745018005,0,0.03476968171953476,tagalog,comment,True,adjudicator,2-1,0,0
t1_p50pgmm,0,0.024423090741038322,-3.6875,0,0.3053147792816162,0,0.050845947651243395,taglish,comment,True,majority,3-0,0,0
t1_p5dme0f,0,0.33437204360961914,-0.6884765625,0,0.847434401512146,0,0.3666897722910338,tagalog,comment,True,adjudicator,2-1,0,1
t1_p73khuk,0,0.16451646387577057,-1.625,0,0.6744512319564819,0,0.21589286818397085,taglish,comment,True,majority,3-0,0,0
t1_p56i9gb,0,0.167763352394104,-1.6015625,0,0.6662994027137756,0,0.21905857304521223,tagalog,comment,True,adjudicator,2-1,0,0
t1_p5c22fh,1,0.00970847625285387,-4.625,0,0.09238618612289429,0,0.024822598595254295,english,comment,True,adjudicator,2-1,1,1
t1_p301bxj,0,0.048496000468730927,-2.9765625,0,0.3890555799007416,0,0.08607738204669695,taglish,comment,True,majority,3-0,0,0
t1_p7jzpn2,0,0.19744443893432617,-1.40234375,0,0.7521095275878906,0,0.24730439216164,tagalog,comment,True,unanimous,3-0,0,0
t1_p1yq1yz,0,0.0038244836032390594,-5.5625,0,0.0639231950044632,0,0.01195050594416123,english,comment,True,majority,3-0,0,0
t1_p56i3qz,0,0.7988152503967285,1.37890625,1,0.9682701826095581,1,0.7492166201017757,tagalog,comment,True,adjudicator,2-1,0,0
t1_p4mh9r3,1,0.6074303388595581,0.4365234375,1,0.9159026145935059,1,0.5857610308971272,tagalog,comment,True,majority,3-0,1,1
t1_p5bmzdx,0,0.025565214455127716,-3.640625,0,0.1514575481414795,0,0.052671770853921863,english,comment,True,unanimous,3-0,0,0
t1_p5bpjnp,0,0.002251847181469202,-6.09375,0,0.02655830606818199,0,0.00787143294365646,english,comment,True,adjudicator,2-1,0,0
t1_p7jdvqk,0,0.007232763804495335,-4.921875,0,0.07385298609733582,0,0.01971439706759826,tagalog,comment,True,adjudicator,2-1,0,1
t1_p5jszr2,1,0.2018132209777832,-1.375,0,0.6812758445739746,0,0.2513663660041661,tagalog,comment,True,adjudicator,2-1,1,0
t1_p60xpw9,0,0.05223086103796959,-2.8984375,0,0.31821393966674805,0,0.09108227428166264,taglish,comment,True,unanimous,3-0,0,0
t1_p1xck60,0,0.00806199200451374,-4.8125,0,0.1044820249080658,0,0.021463930326802754,english,comment,True,unanimous,3-0,0,0
t1_p70nt2n,0,0.17441026866436005,-1.5546875,0,0.6916141510009766,0,0.2254897332793965,taglish,comment,True,majority,3-0,0,0
t1_p38t6zu,0,0.0008830457809381187,-7.03125,0,0.007065263576805592,0,0.003755741155354361,english,comment,True,majority,3-0,0,0
t1_p7n7833,0,0.01912403479218483,-3.9375,0,0.10879024118185043,0,0.042079833832798334,taglish,comment,True,adjudicator,3-0,0,0
t1_p6yt5cw,1,0.6829967498779297,0.767578125,1,0.9612427949905396,1,0.6477644870312277,taglish,comment,True,adjudicator,2-1,1,1
t1_p56m5v2,1,0.3227394223213196,-0.7412109375,0,0.8486124873161316,0,0.3570251205031196,taglish,comment,True,majority,3-0,1,1
t1_p2u8rm1,0,0.0015011822106316686,-6.5,0,0.011103793978691101,0,0.005714296397571114,taglish,comment,True,unanimous,3-0,0,0
t1_p6wsuw8,0,0.0020507436711341143,-6.1875,0,0.016341350972652435,0,0.007311111439104162,english,comment,True,majority,3-0,0,0
t1_p4sd6lc,0,0.09138210862874985,-2.296875,0,0.5117665529251099,0,0.13907058681936177,taglish,comment,True,adjudicator,2-1,0,1
t1_p5dmjvl,1,0.09670579433441162,-2.234375,0,0.5342661142349243,0,0.1451169616804246,taglish,comment,True,adjudicator,2-1,1,1
t1_p56tp4k,0,0.0022872276604175568,-6.078125,0,0.012064091861248016,0,0.00796887614464604,english,comment,True,majority,3-0,0,0
t1_p6yncqn,0,0.001674399245530367,-6.390625,0,0.009262294508516788,0,0.0062293006508510945,english,comment,True,majority,3-0,0,0
t1_p74yyee,0,0.05665242671966553,-2.8125,0,0.42682918906211853,0,0.09688871533684998,tagalog,comment,True,adjudicator,2-1,0,1
t1_p4ye9o0,0,0.38560599088668823,-0.4658203125,0,0.9178005456924438,0,0.4086082396698199,tagalog,comment,True,adjudicator,2-1,0,0
t1_p6km3z9,0,0.016277462244033813,-4.1015625,0,0.1783628761768341,0,0.03713288975071403,taglish,comment,True,majority,3-0,0,0
t1_p4z7ojg,0,0.001032231142744422,-6.875,0,0.007283526472747326,0,0.004249518106794319,taglish,comment,True,majority,3-0,0,0
t1_p74l68y,0,0.13341522216796875,-1.87109375,0,0.7338329553604126,0,0.18466012259789566,tagalog,comment,True,adjudicator,2-1,0,1
t1_p7kmkoj,0,0.38191089034080505,-0.4814453125,0,0.8595273494720459,0,0.4056148616009666,taglish,comment,True,adjudicator,2-1,0,1
t1_p4yzufs,0,0.006797531619668007,-4.984375,0,0.08144982159137726,0,0.01877821562650026,taglish,comment,True,majority,3-0,0,0
t1_p74veum,0,0.047074176371097565,-3.0078125,0,0.5141372084617615,0,0.08414609360919395,tagalog,comment,True,adjudicator,2-1,0,0
t1_p307e3k,0,0.007937993854284286,-4.828125,0,0.14703302085399628,0,0.021204997266854198,taglish,comment,True,unanimous,3-0,0,0
t1_p4zbeal,0,0.001151399570517242,-6.765625,0,0.006080493330955505,0,0.004633123525429323,taglish,comment,True,unanimous,3-0,0,0
t1_p4udoc5,0,0.0027576221618801355,-5.890625,0,0.01748552918434143,0,0.009235774074904706,taglish,comment,True,majority,3-0,0,0
t1_p4uy3vu,0,0.0012065897462889552,-6.71875,0,0.0049560414627194405,0,0.004807899887783024,tagalog,comment,True,majority,3-0,0,0
t1_p7kv3yd,0,0.10706345736980438,-2.12109375,0,0.6126362085342407,0,0.15663082022425903,tagalog,comment,True,adjudicator,2-1,0,0
t1_p4yxw3e,0,0.0029349515680223703,-5.828125,0,0.03070460632443428,0,0.009700923786446087,english,comment,True,majority,3-0,0,0
t1_p5dst81,0,0.227469339966774,-1.22265625,0,0.7914721965789795,0,0.2747962155568812,taglish,comment,True,adjudicator,2-1,0,0
t1_p37xt27,0,0.001367025775834918,-6.59375,0,0.01805444248020649,0,0.005306707559366049,taglish,comment,True,majority,3-0,0,0
t1_p4incqe,0,0.007815889082849026,-4.84375,0,0.10355382412672043,0,0.020949121007695408,english,comment,True,adjudicator,2-1,0,0
t1_p37xpi8,0,0.0015731120947748423,-6.453125,0,0.011708952486515045,0,0.0059296151207206965,english,comment,True,majority,3-0,0,0
t1_p56iyi0,1,0.4428774416446686,-0.2294921875,0,0.9168523550033569,0,0.4545884681570948,english,comment,True,adjudicator,2-1,1,1
t1_p5dme58,0,0.8338664174079895,1.61328125,1,0.9569724798202515,1,0.7825284388499247,tagalog,comment,True,unanimous,3-0,0,0
t1_p7jbzzg,0,0.08151976019144058,-2.421875,0,0.5390971899032593,0,0.12761160003883104,tagalog,comment,True,adjudicator,2-1,0,1
t1_p4z8fjp,0,0.0015731120947748423,-6.453125,0,0.02164824679493904,0,0.0059296151207206965,english,comment,True,majority,3-0,0,0
t1_p381jg4,0,0.2075357586145401,-1.33984375,0,0.7630728483200073,0,0.2566536284652474,english,comment,True,majority,3-0,0,0
t1_p50k56a,1,0.4414322078227997,-0.2353515625,0,0.900194525718689,0,0.4534356569208888,taglish,comment,True,majority,3-0,1,1
t1_p7iqsje,0,0.1030244380235672,-2.1640625,0,0.6975897550582886,0,0.15217829355333357,tagalog,comment,True,adjudicator,2-1,0,0
t1_p3o4tbi,0,0.0022872276604175568,-6.078125,0,0.013795564882457256,0,0.00796887614464604,english,comment,True,adjudicator,2-1,0,1
t1_p74rwkz,0,0.0035380858462303877,-5.640625,0,0.036297790706157684,0,0.011240064003385574,tagalog,comment,True,adjudicator,2-1,0,0
t1_p4yj7z9,0,0.35353976488113403,-0.603515625,0,0.8504764437675476,0,0.38248576853768,tagalog,comment,True,adjudicator,2-1,0,1
t1_p6b56rq,0,0.0011695103021338582,-6.75,0,0.014846719801425934,0,0.00469066810207283,tagalog,comment,True,majority,3-0,0,0
t1_p4yixkk,0,0.9246877431869507,2.5078125,1,0.9595798850059509,1,0.8797909593421801,tagalog,comment,True,adjudicator,2-1,0,1
t1_p5ds095,0,0.00941259041428566,-4.65625,0,0.10979422926902771,0,0.02422922674622167,taglish,comment,True,unanimous,3-0,0,0
t1_p4wvtn5,0,0.018978038802742958,-3.9453125,0,0.3572175204753876,0,0.04183059412880054,taglish,comment,True,unanimous,3-0,0,0
t1_p4ygew8,1,0.2913839519023895,-0.888671875,0,0.8319698572158813,0,0.3306294935309167,taglish,comment,True,majority,3-0,1,1
t1_p6kdbp6,0,0.006589771714061499,-5.015625,0,0.054469987750053406,0,0.018326616361903126,tagalog,comment,True,adjudicator,2-1,0,1
t1_p56sles,0,0.02822098508477211,-3.5390625,0,0.31491729617118835,0,0.05684213735851474,tagalog,comment,True,adjudicator,2-1,0,0
t1_p4v4xn4,1,0.30280327796936035,-0.833984375,0,0.8387696743011475,0,0.34030533575416955,taglish,comment,True,adjudicator,2-1,1,0
t1_p749202,0,0.2523840665817261,-1.0859375,0,0.6612986326217651,0,0.2969406207778599,taglish,comment,True,majority,3-0,0,0
t1_p7jsnea,0,0.23440666496753693,-1.18359375,0,0.7106456160545349,0,0.2810177204659935,tagalog,comment,True,adjudicator,2-1,0,0
t1_p5doj7q,0,0.03993731364607811,-3.1796875,0,0.36481568217277527,0,0.07421198374248297,taglish,comment,True,majority,3-0,0,0
t1_p6t8ri4,0,0.8918110132217407,2.109375,1,0.9770311117172241,1,0.8421365887337336,english,comment,True,adjudicator,2-1,0,1
t1_p6t7aby,1,0.1204388216137886,-1.98828125,0,0.7179856300354004,0,0.17106475456626946,english,comment,True,majority,3-0,1,1
t1_p6xuio3,0,0.11201595515012741,-2.0703125,0,0.5964128971099854,0,0.16202900569161865,taglish,comment,True,adjudicator,2-1,0,0
t1_p73fagx,0,0.024798156693577766,-3.671875,0,0.1291814148426056,0,0.05144780009139454,english,comment,True,majority,3-0,0,0
t1_p6w52pz,0,0.007345826830714941,-4.90625,0,0.10386170446872711,0,0.0199554995819404,english,comment,True,adjudicator,2-1,0,0
t1_p51a500,0,0.08269734680652618,-2.40625,0,0.5874574184417725,0,0.12899861595036446,tagalog,comment,True,majority,3-0,0,0
t1_p4w9rpr,0,0.001622967072762549,-6.421875,0,0.005956979468464851,0,0.006077622282158479,taglish,comment,True,majority,3-0,0,0
t1_p4jfjri,0,0.001838665222749114,-6.296875,0,0.01163448952138424,0,0.006707272677205642,english,comment,True,majority,3-0,0,0
t1_p6t63wc,0,0.405213326215744,-0.3837890625,0,0.8755075335502625,0,0.42443004423651753,tagalog,comment,True,adjudicator,2-1,0,1
t1_p6z2lce,0,0.0029349515680223703,-5.828125,0,0.030104320496320724,0,0.009700923786446087,english,comment,True,majority,3-0,0,0
t1_p73aahf,0,0.9161096215248108,2.390625,1,0.9729124903678894,1,0.8696015459875813,taglish,comment,True,adjudicator,2-1,0,1
t1_p2y82am,0,0.03934250399470329,-3.1953125,0,0.4065026044845581,0,0.07336442556138476,taglish,comment,True,majority,3-0,0,0
t1_p4kw5h7,0,0.007232763804495335,-4.921875,0,0.1503314971923828,0,0.01971439706759826,tagalog,comment,True,unanimous,3-0,0,0
t1_p4j66cg,0,0.011508148163557053,-4.453125,0,0.14949987828731537,0,0.02834782316394796,tagalog,comment,True,unanimous,3-0,0,0
t1_p753v9m,0,0.012241275049746037,-4.390625,0,0.15171097218990326,0,0.029746630675691697,english,comment,True,adjudicator,2-1,0,1
t1_p4ttmro,0,0.002217013156041503,-6.109375,0,0.0316980741918087,0,0.0077751719366889625,english,comment,True,majority,3-0,0,0
t1_p2tp5pv,0,0.2613309323787689,-1.0390625,0,0.6703170537948608,0,0.3047659486670026,tagalog,comment,True,adjudicator,2-1,0,1
t1_p7ip290,0,0.06142404302954674,-2.7265625,0,0.5244399309158325,0,0.10302335725968206,english,comment,True,adjudicator,2-1,0,0
t1_p5ddnif,0,0.0010162440594285727,-6.890625,0,0.003964322619140148,0,0.0041973626844538,taglish,comment,True,majority,3-0,0,0
t1_p7idlwv,0,0.01971912942826748,-3.90625,0,0.29679256677627563,0,0.04309106019730337,tagalog,comment,True,majority,3-0,0,0
t1_p5h521c,0,0.015424554236233234,-4.15625,0,0.2842458486557007,0,0.03561176757665666,taglish,comment,True,adjudicator,3-0,0,0
t1_p7jehpu,0,0.024053553119301796,-3.703125,0,0.15213534235954285,0,0.05025076288115008,english,comment,True,majority,3-0,0,0
t1_p56g3be,0,0.9485372304916382,2.9140625,1,0.9779156446456909,1,0.9099392125145155,tagalog,comment,True,adjudicator,2-1,0,0
t1_p7ioxpj,0,0.14854057133197784,-1.74609375,0,0.7556881904602051,0,0.200067021752678,tagalog,comment,True,adjudicator,2-1,0,0
t1_p7it05a,0,0.272024542093277,-0.984375,0,0.6394836902618408,0,0.314039999007413,english,comment,True,adjudicator,2-1,0,0
t3_1vohxr0,0,0.002082970691844821,-6.171875,0,0.06796049326658249,0,0.007401669974056704,english,submission,True,unanimous,3-0,0,0
t1_p5ci7eu,0,0.0012843081494793296,-6.65625,0,0.011334165930747986,0,0.005051181473573054,english,comment,True,majority,3-0,0,0
t1_p4yascs,0,0.299105167388916,-0.8515625,0,0.8616025447845459,0,0.3371802108773208,taglish,comment,True,unanimous,3-0,0,0
t1_p6828vl,0,0.328529417514801,-0.71484375,0,0.8617657423019409,0,0.3618434752443124,taglish,comment,True,majority,3-0,0,0
t1_p70e75c,0,0.12378870695829391,-1.95703125,0,0.6479806303977966,0,0.17461062748804634,taglish,comment,True,adjudicator,2-1,0,0
t1_p7jym7u,0,0.00178219610825181,-6.328125,0,0.0099679259583354,0,0.006544032719501775,english,comment,True,unanimous,3-0,0,0
t1_p7hcvef,0,0.06097517907619476,-2.734375,0,0.49566230177879333,0,0.10245175437552338,taglish,comment,True,unanimous,3-0,0,0
t1_p7gror1,0,0.007937993854284286,-4.828125,0,0.13184820115566254,0,0.021204997266854198,taglish,comment,True,majority,3-0,0,0
t1_p74qrlc,0,0.046378206461668015,-3.0234375,0,0.4895884394645691,0,0.08319527579048955,tagalog,comment,True,adjudicator,2-1,0,1
t1_p5edz8n,0,0.32338008284568787,-0.73828125,0,0.7142922282218933,0,0.35755908816924786,english,comment,True,adjudicator,2-1,0,0
t1_p700j7b,0,0.10521054267883301,-2.140625,0,0.7094922065734863,0,0.1545939309064968,tagalog,comment,True,adjudicator,2-1,0,0
t1_p75d299,1,0.39793843030929565,-0.4140625,0,0.9354586005210876,0,0.41857117361408674,tagalog,comment,True,majority,3-0,1,1
t1_p7jv8yc,0,0.14175598323345184,-1.80078125,0,0.6874508261680603,0,0.19321073353710858,taglish,comment,True,majority,3-0,0,0
t1_p4ycxdq,0,0.006692850962281227,-5.0,0,0.045567240566015244,0,0.0185510678244272,english,comment,True,majority,3-0,0,0
t1_p3n7o0t,0,0.005384938325732946,-5.21875,0,0.044518351554870605,0,0.015640543908527996,taglish,comment,True,majority,3-0,0,0
t1_p4y88lk,0,0.36840569972991943,-0.5390625,0,0.7320296764373779,0,0.394638847472261,taglish,comment,True,majority,3-0,0,0
t1_p74prus,1,0.8349459171295166,1.62109375,1,0.981631875038147,1,0.7835818253231606,taglish,comment,True,majority,3-0,1,1
t1_p5dudd2,0,0.0204885546118021,-3.8671875,0,0.2235773503780365,0,0.044387747931805825,taglish,comment,True,majority,3-0,0,0
t1_p5dxeej,0,0.018546564504504204,-3.96875,0,0.15514962375164032,0,0.041091319080897776,english,comment,True,majority,3-0,0,0
t1_p77l8nx,0,0.017309095710515976,-4.0390625,0,0.16071277856826782,0,0.03894781523920633,tagalog,comment,True,adjudicator,2-1,0,0
t1_p7j6y0t,0,0.010328153148293495,-4.5625,0,0.13947197794914246,0,0.02605211985458114,english,comment,True,majority,3-0,0,0
t1_p4z8s1f,0,0.0010005043586716056,-6.90625,0,0.006161411292850971,0,0.004145844713797377,taglish,comment,True,adjudicator,2-1,0,0
t1_p17gt8l,0,0.012722708284854889,-4.3515625,0,0.1563926786184311,0,0.030654624382154293,taglish,comment,True,unanimous,3-0,0,0
t1_p7kahut,0,0.1755380630493164,-1.546875,0,0.7176114916801453,0,0.22657450694469597,taglish,comment,True,majority,3-0,0,0
t1_p50pdpg,1,0.012241275049746037,-4.390625,0,0.15002579987049103,0,0.029746630675691697,taglish,comment,True,adjudicator,2-1,1,1
t1_p6xnr7c,0,0.00178219610825181,-6.328125,0,0.010066905058920383,0,0.006544032719501775,english,comment,True,majority,3-0,0,0
t1_p6wmn6g,0,0.07316472381353378,-2.5390625,0,0.4845500588417053,0,0.1176105009914503,english,comment,True,majority,3-0,0,0
t1_p5jglg9,0,0.0017546144081279635,-6.34375,0,0.01121239922940731,0,0.006463898940371175,taglish,comment,True,unanimous,3-0,0,0
t1_p4y5gf2,0,0.11961366981267929,-1.99609375,0,0.628314733505249,0,0.1701872658418271,taglish,comment,True,adjudicator,2-1,0,1
t1_p6cw69m,0,0.0032730652019381523,-5.71875,0,0.04894961044192314,0,0.010571405024497727,english,comment,True,adjudicator,2-1,0,0
t1_p7ixnx8,1,0.02779562398791313,-3.5546875,0,0.28992265462875366,0,0.05618091784188819,taglish,comment,True,majority,3-0,1,1
t1_p6wpz6d,0,0.0037072529084980488,-5.59375,0,0.03692784905433655,0,0.01166115557202624,taglish,comment,True,majority,3-0,0,0
t1_p6t5zhs,0,0.7704647779464722,1.2109375,1,0.9540507197380066,1,0.7233463380751926,english,comment,True,adjudicator,2-1,0,0
t1_p7go8mv,0,0.02779562398791313,-3.5546875,0,0.31701380014419556,0,0.05618091784188819,english,comment,True,majority,3-0,0,0
t1_p5dswxn,1,0.04177388176321983,-3.1328125,0,0.40423139929771423,0,0.07680895725292183,tagalog,comment,True,adjudicator,2-1,1,1
t1_p7hg7mw,0,0.015189048834145069,-4.171875,0,0.27996644377708435,0,0.035188297621366334,tagalog,comment,True,majority,3-0,0,0
t1_p75lgtu,0,0.05665242671966553,-2.8125,0,0.38275712728500366,0,0.09688871533684998,tagalog,comment,True,adjudicator,2-1,0,1
t1_p2u717g,0,0.006797531619668007,-4.984375,0,0.08224084973335266,0,0.01877821562650026,taglish,comment,True,majority,3-0,0,0
t1_p56ir81,0,0.020645931363105774,-3.859375,0,0.27229827642440796,0,0.04465151392886822,taglish,comment,True,unanimous,3-0,0,0
t1_p2xp1xn,0,0.002251847181469202,-6.09375,0,0.036602381616830826,0,0.00787143294365646,taglish,comment,True,majority,3-0,0,0
t1_p17cc1p,0,0.002800926798954606,-5.875,0,0.025426559150218964,0,0.009349947758124552,taglish,comment,True,majority,3-0,0,0
t1_p17gqxd,0,0.0015731120947748423,-6.453125,0,0.015253360383212566,0,0.0059296151207206965,taglish,comment,True,unanimous,3-0,0,0
t1_p2u9ahf,0,0.12678517401218414,-1.9296875,0,0.6353849768638611,0,0.17776058663666391,tagalog,comment,True,majority,3-0,0,0
t1_p5bs9rg,0,0.4743572771549225,-0.1026611328125,0,0.8543970584869385,1,0.4796407143412923,english,comment,True,adjudicator,2-1,0,0
t1_p7ji2tp,0,0.0038844766095280647,-5.546875,0,0.0162263922393322,0,0.012097829663948222,english,comment,True,majority,3-0,0,0
t1_p75flec,0,0.03649376332759857,-3.2734375,0,0.43261098861694336,0,0.06925892761137564,taglish,comment,True,majority,3-0,0,0
t1_p2ture1,0,0.005641908384859562,-5.171875,0,0.08345179259777069,0,0.016223787621276468,taglish,comment,True,unanimous,3-0,0,0
t1_p76ab9l,0,0.04084571823477745,-3.15625,0,0.5680994987487793,0,0.07550021703806414,english,comment,True,adjudicator,2-1,0,1
t1_p5ejp4e,0,0.02080449089407921,-3.8515625,0,0.19055801630020142,0,0.044916773634859054,taglish,comment,True,unanimous,3-0,0,0
t1_p17cxz7,0,0.014172366820275784,-4.2421875,0,0.1573011577129364,0,0.033342014444017284,taglish,comment,True,majority,3-0,0,0
t1_p7hy2rb,1,0.07477004826068878,-2.515625,0,0.5226152539253235,0,0.11955479571508143,english,comment,True,majority,3-0,1,1
t1_p3uzduu,0,0.005220125894993544,-5.25,0,0.04011918604373932,0,0.015263229060930807,tagalog,comment,True,majority,3-0,0,0
t1_p7k7z1g,0,0.037326887249946594,-3.25,0,0.300041139125824,0,0.07046772608097757,english,comment,True,unanimous,3-0,0,0
t1_p71jr3h,0,0.01590639352798462,-4.125,0,0.17425763607025146,0,0.036473477233485777,english,comment,True,majority,3-0,0,0
t1_p693fee,0,0.001151399570517242,-6.765625,0,0.0061208950355648994,0,0.004633123525429323,tagalog,comment,True,unanimous,3-0,0,0
t1_p17ohe5,0,0.002889581024646759,-5.84375,0,0.023715978488326073,0,0.009582505736265769,english,comment,True,majority,3-0,0,0
t1_p7k15xs,0,0.006903837900608778,-4.96875,0,0.10814660042524338,0,0.019008090864153445,tagalog,comment,True,majority,3-0,0,0
t1_p7gptuj,0,0.012053778395056725,-4.40625,0,0.13486085832118988,0,0.029390779254572418,tagalog,comment,True,unanimous,3-0,0,0
t1_p6wtl3j,0,0.0061929901130497456,-5.078125,0,0.06877925992012024,0,0.017455163274419126,taglish,comment,True,majority,3-0,0,0
t1_p7jo0j3,0,0.09203286468982697,-2.2890625,0,0.5978065729141235,0,0.13981466950132873,english,comment,True,unanimous,3-0,0,0
t1_p6pzxac,0,0.00985985528677702,-4.609375,0,0.13209980726242065,0,0.025124572081194795,tagalog,comment,True,majority,3-0,0,0
t1_p6xm01t,0,0.9202179908752441,2.4453125,1,0.9810433387756348,1,0.8744450359705898,tagalog,comment,True,adjudicator,2-1,0,1
t1_p4x9pyh,0,0.00970847625285387,-4.625,0,0.12844395637512207,0,0.024822598595254295,english,comment,True,majority,3-0,0,0
t1_p6xvdt2,1,0.02498779445886612,-3.6640625,0,0.3641110360622406,0,0.051751247174305744,taglish,comment,True,adjudicator,2-1,1,1
t1_p6lptiv,1,0.14608725905418396,-1.765625,0,0.6565017700195312,0,0.19759761537779386,taglish,comment,True,majority,3-0,1,1
t1_p7ikjj6,1,0.34466397762298584,-0.642578125,0,0.7660250067710876,0,0.37519010394194097,english,comment,True,adjudicator,2-1,1,1
t1_p27hhzv,0,0.06853749603033066,-2.609375,0,0.5081972479820251,0,0.11194139023103447,taglish,comment,True,majority,3-0,0,0
t1_p70xfhq,0,0.0033766122069209814,-5.6875,0,0.048742249608039856,0,0.01083401162837129,taglish,comment,True,majority,3-0,0,0
t1_p5dm2f0,1,0.30777397751808167,-0.810546875,0,0.774274468421936,0,0.34449384231169305,english,comment,True,adjudicator,2-1,1,1
t1_p7m0pvx,0,0.13799647986888885,-1.83203125,0,0.6854855418205261,0,0.1893738044602199,english,comment,True,majority,3-0,0,0
t1_p7jxipk,0,0.004198795650154352,-5.46875,0,0.03397401422262192,0,0.012861782485476652,taglish,comment,True,majority,3-0,0,0
t1_p5j5ewr,0,0.014503578655421734,-4.21875,0,0.21779827773571014,0,0.03394680714463563,tagalog,comment,True,majority,3-0,0,0
t1_p7k72f2,0,0.24077458679676056,-1.1484375,0,0.7352951765060425,0,0.2866898298788115,taglish,comment,True,adjudicator,2-1,0,0
t1_p6t6u0y,0,0.15002882480621338,-1.734375,0,0.6410084962844849,0,0.20155973773902375,tagalog,comment,True,adjudicator,2-1,0,1
t1_p27fsrj,0,0.011687257327139378,-4.4375,0,0.10908329486846924,0,0.028691420180336213,tagalog,comment,True,majority,3-0,0,0
t1_p5bn0i6,0,0.017176708206534386,-4.046875,0,0.24858200550079346,0,0.03871637676605561,tagalog,comment,True,adjudicator,2-1,0,1
t1_p4yfx4a,1,0.7975567579269409,1.37109375,1,0.9741013050079346,1,0.748049748393672,taglish,comment,True,majority,3-0,1,1
t1_p4mhd55,1,0.06853749603033066,-2.609375,0,0.4898054003715515,0,0.11194139023103447,tagalog,comment,True,adjudicator,2-1,1,0
t1_p6t62vc,1,0.053009770810604095,-2.8828125,0,0.4888114333152771,0,0.09211417412406958,english,comment,True,adjudicator,2-1,1,1
t1_p6xyml6,0,0.0038244836032390594,-5.5625,0,0.03287379443645477,0,0.01195050594416123,english,comment,True,unanimous,3-0,0,0
t1_p4yy6co,0,0.001098731067031622,-6.8125,0,0.007554471492767334,0,0.004464672115202112,taglish,comment,True,majority,3-0,0,0
t1_p74xzjg,0,0.010652512311935425,-4.53125,0,0.14333385229110718,0,0.026688913166836692,taglish,comment,True,majority,3-0,0,0
t1_p4ib0tl,0,0.031143829226493835,-3.4375,0,0.2647330164909363,0,0.061321325097737724,tagalog,comment,True,adjudicator,2-1,0,0
t1_p385ih2,0,0.0035936026833951473,-5.625,0,0.09150037169456482,0,0.011378730383391086,taglish,comment,True,unanimous,3-0,0,0
t1_p278hys,0,0.0029349515680223703,-5.828125,0,0.027635246515274048,0,0.009700923786446087,english,comment,True,majority,3-0,0,0
t1_p6k47eu,0,0.005301895085722208,-5.234375,0,0.031743139028549194,0,0.015450752824396475,taglish,comment,True,unanimous,3-0,0,0
t1_p4ya5u5,0,0.017576880753040314,-4.0234375,0,0.23230275511741638,0,0.03941468042563757,tagalog,comment,True,majority,3-0,0,0
t1_p74wywl,0,0.15662017464637756,-1.68359375,0,0.6949776411056519,0,0.20812424936564855,tagalog,comment,True,majority,3-0,0,0
t1_p6we07z,0,0.02517884038388729,-3.65625,0,0.31675249338150024,0,0.05205638581234172,tagalog,comment,True,adjudicator,2-1,0,0
t1_p38g5kr,0,0.0009697519708424807,-6.9375,0,0.007894626818597317,0,0.004044690315564025,english,comment,True,majority,3-0,0,0
t1_p6d0ql5,0,0.10087861120700836,-2.1875,0,0.4678654670715332,0,0.14979371416247458,tagalog,comment,True,adjudicator,2-1,0,0
t1_p4ykqgp,1,0.8423450589179993,1.67578125,1,0.97258061170578,1,0.7908519585752724,taglish,comment,True,majority,3-0,1,1
t1_p7j732d,0,0.08756383508443832,-2.34375,0,0.630905032157898,0,0.13467559231152743,english,comment,True,majority,3-0,0,0
t1_p736y0f,0,0.051082734018564224,-2.921875,0,0.21985861659049988,0,0.08955392414757564,taglish,comment,True,unanimous,3-0,0,0
t1_p7lamfm,0,0.8158201575279236,1.48828125,1,0.9062161445617676,1,0.7651724127427078,tagalog,comment,True,adjudicator,2-1,0,1
t1_p6t5sxh,1,0.5943158864974976,0.3818359375,1,0.890571117401123,1,0.5751912152750758,english,comment,True,adjudicator,2-1,1,0
t1_p7lrub7,1,0.04023794084787369,-3.171875,0,0.38546067476272583,0,0.07463913240239117,english,comment,True,majority,3-0,1,1
t1_p73q9s2,0,0.009125636890530586,-4.6875,0,0.08652158826589584,0,0.023649695163366853,taglish,comment,True,unanimous,3-0,0,0
t1_p46mpo9,0,0.09009299427270889,-2.3125,0,0.6679809093475342,0,0.13759238279157207,tagalog,comment,True,adjudicator,2-1,0,0
t1_p2ttuij,0,0.023153413087129593,-3.7421875,0,0.19567841291427612,0,0.04879154534235378,taglish,comment,True,adjudicator,2-1,0,0
t1_p37yoj0,0,0.0012448433553799987,-6.6875,0,0.018853863701224327,0,0.004928047088634591,english,comment,True,majority,3-0,0,0
t1_p757f37,0,0.011331754736602306,-4.46875,0,0.08489152789115906,0,0.028008222276532428,english,comment,True,majority,3-0,0,0
t1_p751fu7,1,0.18417982757091522,-1.48828125,0,0.7173330187797546,0,0.23482758725729233,taglish,comment,True,unanimous,3-0,1,1
t1_p4xkbsg,0,0.01798621006309986,-4.0,0,0.258762001991272,0,0.04012505323791517,tagalog,comment,True,adjudicator,3-0,0,0
t1_p6lc79x,0,0.04501553252339363,-3.0546875,0,0.3246624171733856,0,0.08132289815205554,taglish,comment,True,majority,3-0,0,0
t1_p69kzib,0,0.002396730938926339,-6.03125,0,0.03519853577017784,0,0.00826844254905784,taglish,comment,True,majority,3-0,0,0
t1_p7bwlg1,0,0.037047166377305984,-3.2578125,0,0.2835116982460022,0,0.07006264229252465,english,comment,True,majority,3-0,0,0
t3_1vrl5t7,0,0.0012255674228072166,-6.703125,0,0.005619884934276342,0,0.004867604615834009,taglish,submission,True,unanimous,3-0,0,0
t3_1vmb9un,0,0.0014325366355478764,-6.546875,0,0.015754317864775658,0,0.005506753107359832,taglish,submission,True,majority,3-0,0,0
t1_p48wyu4,0,0.00857748556882143,-4.75,0,0.12677641212940216,0,0.0225309326230367,tagalog,comment,True,majority,3-0,0,0
t1_p6xe81w,0,0.002182716503739357,-6.125,0,0.015264473855495453,0,0.007680079008253995,english,comment,True,majority,3-0,0,0
t1_p6885i3,0,0.18417982757091522,-1.48828125,0,0.7925509810447693,0,0.23482758725729233,taglish,comment,True,majority,3-0,0,0
t1_p3ezmwy,0,0.015072628855705261,-4.1796875,0,0.180517315864563,0,0.03497838613307221,tagalog,comment,True,majority,3-0,0,0
t1_p38pg52,0,0.001674399245530367,-6.390625,0,0.03276095539331436,0,0.0062293006508510945,tagalog,comment,True,majority,3-0,0,0
t1_p7n7vmp,0,0.015189048834145069,-4.171875,0,0.15826061367988586,0,0.035188297621366334,taglish,comment,True,adjudicator,2-1,0,0
t1_p74ujst,0,0.0015011822106316686,-6.5,0,0.006000043358653784,0,0.005714296397571114,taglish,comment,True,unanimous,3-0,0,0
t1_p7jy0tj,0,0.4831606447696686,-0.0673828125,0,0.8934098482131958,1,0.48663274261456047,taglish,comment,True,unanimous,3-0,0,0
t1_p50wffb,0,0.05460060387849808,-2.8515625,0,0.525658130645752,0,0.09420953082436609,tagalog,comment,True,adjudicator,2-1,0,1
t3_1vm6epe,1,0.2030746191740036,-1.3671875,0,0.7578858137130737,0,0.25253503597530924,tagalog,submission,True,majority,3-0,1,1
t1_p72i2u2,0,0.0014779430348426104,-6.515625,0,0.0070264507085084915,0,0.005644265280094572,taglish,comment,True,unanimous,3-0,0,0
t1_p6g3apf,0,0.0025509123224765062,-5.96875,0,0.10203694552183151,0,0.008685300740989898,taglish,comment,True,unanimous,3-0,0,0
t1_p4ydlmc,1,0.8524448275566101,1.75390625,1,0.9671616554260254,1,0.8009235078488685,taglish,comment,True,majority,3-0,1,1
t1_p4z0293,0,0.001674399245530367,-6.390625,0,0.006860710680484772,0,0.0062293006508510945,taglish,comment,True,majority,3-0,0,0
t1_p4yaz2h,0,0.0384661927819252,-3.21875,0,0.3119621276855469,0,0.07210979206613143,english,comment,True,majority,3-0,0,0
t1_p7h7gb8,0,0.008847354911267757,-4.71875,0,0.10313104838132858,0,0.02308369729877056,taglish,comment,True,unanimous,3-0,0,0
t1_p469r5e,0,0.2587003707885742,-1.052734375,0,0.8695992827415466,0,0.3024716029089173,tagalog,comment,True,adjudicator,2-1,0,1
t1_p689kmj,0,0.008445627056062222,-4.765625,0,0.05852026864886284,0,0.022259420441350534,taglish,comment,True,majority,3-0,0,0
t1_p46zy9c,0,0.026355354115366936,-3.609375,0,0.3772021234035492,0,0.053923205187818415,tagalog,comment,True,unanimous,3-0,0,0
t1_p75gtvw,0,0.11920293420553207,-2.0,0,0.5436254739761353,0,0.16974986496321137,taglish,comment,True,majority,3-0,0,0
t1_p7ljii1,0,0.015663648024201393,-4.140625,0,0.2654864192008972,0,0.03604014337098749,tagalog,comment,True,adjudicator,2-1,0,0
t1_p7llnvx,0,0.006589771714061499,-5.015625,0,0.03404110670089722,0,0.018326616361903126,taglish,comment,True,unanimous,3-0,0,0
t1_p6xw345,0,0.01384861022233963,-4.265625,0,0.2484779953956604,0,0.032747631413404366,english,comment,True,majority,3-0,0,0
t1_p6b5sk3,0,0.0022872276604175568,-6.078125,0,0.038577139377593994,0,0.00796887614464604,taglish,comment,True,unanimous,3-0,0,0
t1_p751yhf,0,0.0333368256688118,-3.3671875,0,0.32238179445266724,0,0.06461337644780597,tagalog,comment,True,adjudicator,2-1,0,1
t1_p7l9raq,0,0.010328153148293495,-4.5625,0,0.10954108834266663,0,0.02605211985458114,tagalog,comment,True,adjudicator,2-1,0,0
t1_p6t6258,1,0.07107366621494293,-2.5703125,0,0.5648864507675171,0,0.11506078722995094,taglish,comment,True,majority,3-0,1,1
t1_p78ix6u,0,0.0035936026833951473,-5.625,0,0.0359833687543869,0,0.011378730383391086,english,comment,True,adjudicator,2-1,0,0
t1_p7jt2cy,0,0.2579519748687744,-1.056640625,0,0.6876269578933716,0,0.3018178750868869,taglish,comment,True,adjudicator,2-1,0,0
t1_p44kaua,0,0.09877258539199829,-2.2109375,0,0.6288077235221863,0,0.14744000224793938,english,comment,True,unanimous,3-0,0,0
t1_p4k03fn,0,0.002217013156041503,-6.109375,0,0.04941302537918091,0,0.0077751719366889625,taglish,comment,True,majority,3-0,0,0
t1_p7gpnqt,0,0.0030278346966952085,-5.796875,0,0.050340261310338974,0,0.009942123857544062,tagalog,comment,True,majority,3-0,0,0
t1_p7jhdcq,0,0.7306743860244751,0.998046875,1,0.9491114616394043,1,0.6882928614652213,tagalog,comment,True,adjudicator,2-1,0,1
t1_p7km27j,0,0.010986942797899246,-4.5,0,0.0907241702079773,0,0.02734083470272198,taglish,comment,True,unanimous,3-0,0,0
t1_p4x28yv,0,0.004133968148380518,-5.484375,0,0.04367634654045105,0,0.012705275225730527,taglish,comment,True,majority,3-0,0,0
t1_p44fncb,0,0.4208376109600067,-0.3193359375,0,0.8452655076980591,0,0.4369727723043807,tagalog,comment,True,majority,3-0,0,0
t1_p6xn99k,0,0.030214587226510048,-3.46875,0,0.2515711486339569,0,0.059909069573680473,tagalog,comment,True,adjudicator,2-1,0,0
t3_1vkjj9l,0,0.012241275049746037,-4.390625,0,0.18945889174938202,0,0.029746630675691697,taglish,submission,True,unanimous,3-0,0,0
t1_p4547r9,0,0.3259495198726654,-0.7265625,0,0.8538215160369873,0,0.3596984862300068,taglish,comment,True,majority,3-0,0,0
t1_p2todaj,0,0.05877655744552612,-2.7734375,0,0.39459356665611267,0,0.09963571099503953,taglish,comment,True,unanimous,3-0,0,0
t1_p7gq2ua,0,0.05070536583662033,-2.9296875,0,0.41813480854034424,0,0.08904963427534035,english,comment,True,majority,3-0,0,0
t1_p7ib42v,0,0.010328153148293495,-4.5625,0,0.15261702239513397,0,0.02605211985458114,tagalog,comment,True,majority,3-0,0,0
t1_p44ny6c,0,0.36026397347450256,-0.57421875,0,0.8541615009307861,0,0.38799269088829186,english,comment,True,unanimous,3-0,0,0
t1_p2to1mx,0,0.043691061437129974,-3.0859375,0,0.41044557094573975,0,0.07948900632322718,taglish,comment,True,unanimous,3-0,0,0
t1_p7kkdf9,0,0.010986942797899246,-4.5,0,0.22948120534420013,0,0.02734083470272198,taglish,comment,True,majority,3-0,0,0
t1_p58fb73,1,0.1629120409488678,-1.63671875,0,0.6103965044021606,0,0.21432249665846237,taglish,comment,True,majority,3-0,1,1
t1_p5jd9bp,0,0.002217013156041503,-6.109375,0,0.009864787571132183,0,0.0077751719366889625,taglish,comment,True,majority,3-0,0,0
t1_p2xz8oa,0,0.0039454069919884205,-5.53125,0,0.1079292893409729,0,0.012246947052753488,taglish,comment,True,unanimous,3-0,0,0
t1_p50uybu,0,0.014957086183130741,-4.1875,0,0.3255952298641205,0,0.03476968171953476,taglish,comment,True,adjudicator,2-1,0,1
t1_p7gq7va,0,0.02517884038388729,-3.65625,0,0.21240274608135223,0,0.05205638581234172,taglish,comment,True,unanimous,3-0,0,0
t1_p4sp0fb,0,0.1772405207157135,-1.53515625,0,0.7353429794311523,0,0.22820857537843528,english,comment,True,adjudicator,2-1,0,0
t1_p4z5k70,0,0.0014103584690019488,-6.5625,0,0.009607477113604546,0,0.005439251606207412,taglish,comment,True,majority,3-0,0,0
t1_p4zddwn,1,0.6800292134284973,0.75390625,1,0.8713687658309937,1,0.6452846240769391,taglish,comment,True,adjudicator,2-1,1,1
t1_p51ch6z,1,0.015663648024201393,-4.140625,0,0.13445936143398285,0,0.03604014337098749,tagalog,comment,True,adjudicator,2-1,1,1
t1_p7k5vb5,0,0.007695646956562996,-4.859375,0,0.13473951816558838,0,0.02069626706744707,taglish,comment,True,unanimous,3-0,0,0
t1_p75mdus,0,0.005469274707138538,-5.203125,0,0.11687779426574707,0,0.015832628822900405,taglish,comment,True,majority,3-0,0,0
t1_p7jscyj,0,0.010986942797899246,-4.5,0,0.19569699466228485,0,0.02734083470272198,english,comment,True,adjudicator,2-1,0,0
t1_p44suuv,1,0.41519519686698914,-0.342529296875,0,0.8384637832641602,0,0.43244913001298013,taglish,comment,True,majority,3-0,1,1
t1_p2xyfk8,0,0.023870835080742836,-3.7109375,0,0.342849463224411,0,0.049955650486961774,taglish,comment,True,adjudicator,2-1,0,0
t3_1vd9bxu,0,0.005139610730111599,-5.265625,0,0.05257472023367882,0,0.015077946393610781,taglish,submission,True,unanimous,3-0,0,0
t1_p6e7cph,0,0.0015487609198316932,-6.46875,0,0.010460097342729568,0,0.00585696072558967,taglish,comment,True,majority,3-0,0,0
t1_p74viyf,0,0.00214894930832088,-6.140625,0,0.026271626353263855,0,0.00758614020588063,taglish,comment,True,majority,3-0,0,0
t1_p4307hu,0,0.06371499598026276,-2.6875,0,0.5482689738273621,0,0.10592388288304846,tagalog,comment,True,adjudicator,2-1,0,1
t1_p4sv9rj,0,0.013636835850775242,-4.28125,0,0.2524120807647705,0,0.032357077019092316,english,comment,True,unanimous,3-0,0,0
t1_p505a7e,0,0.011508148163557053,-4.453125,0,0.07277550548315048,0,0.02834782316394796,tagalog,comment,True,unanimous,3-0,0,0
t1_p6y1y1a,1,0.4795646369457245,-0.081787109375,0,0.933015763759613,1,0.48377707846626117,english,comment,True,majority,3-0,1,1
t1_p495jfo,0,0.19682621955871582,-1.40625,0,0.8363865613937378,0,0.2467277220413792,taglish,comment,True,majority,3-0,0,0
t1_p42p9lh,0,0.20817892253398895,-1.3359375,0,0.7724320292472839,0,0.25724557539801624,english,comment,True,adjudicator,2-1,0,1
t1_p50xp0n,0,0.003172682598233223,-5.75,0,0.017716340720653534,0,0.010315097387934697,english,comment,True,adjudicator,3-0,0,0
t1_p5i9rcc,0,0.07585818320512772,-2.5,0,0.5762995481491089,0,0.1208663743612852,taglish,comment,True,majority,3-0,0,0
t1_p6i8fgj,0,0.5616956949234009,0.248046875,1,0.922804594039917,1,0.5490603721223337,taglish,comment,True,majority,3-0,0,0
t1_p58fqwh,0,0.4775237441062927,-0.0899658203125,0,0.8951499462127686,1,0.4821561015103952,tagalog,comment,True,majority,3-0,0,0
t1_p73rqnd,0,0.013636835850775242,-4.28125,0,0.12161366641521454,0,0.032357077019092316,taglish,comment,True,majority,3-0,0,0
t1_p2xh8dm,1,0.03384403511881828,-3.3515625,0,0.28486472368240356,0,0.06536696797367714,taglish,comment,True,majority,3-0,1,1
t1_p7kdg5w,0,0.1629120409488678,-1.63671875,0,0.7259368896484375,0,0.21432249665846237,taglish,comment,True,unanimous,3-0,0,0
t1_p6y41bi,0,0.0022872276604175568,-6.078125,0,0.012539658695459366,0,0.00796887614464604,taglish,comment,True,unanimous,3-0,0,0
t1_p7k90op,0,0.17217184603214264,-1.5703125,0,0.6800960898399353,0,0.2233312478781119,english,comment,True,majority,3-0,0,0
t1_p6xybqp,0,0.017309095710515976,-4.0390625,0,0.17712044715881348,0,0.03894781523920633,taglish,comment,True,majority,3-0,0,0
t1_p7gsjfu,0,0.005819959565997124,-5.140625,0,0.14251714944839478,0,0.01662444709449999,english,comment,True,majority,3-0,0,0
t1_p6zzcr8,0,0.04084571823477745,-3.15625,0,0.371815025806427,0,0.07550021703806414,taglish,comment,True,adjudicator,2-1,0,0
t1_p6px8ax,0,0.002082970691844821,-6.171875,0,0.011844313703477383,0,0.007401669974056704,taglish,comment,True,unanimous,3-0,0,0
t1_p4y61wk,0,0.23161423206329346,-1.19921875,0,0.6246130466461182,0,0.2785188415608846,taglish,comment,True,majority,3-0,0,0
t1_p7ht9w7,0,0.07640768587589264,-2.4921875,0,0.5240776538848877,0,0.12152680602399525,taglish,comment,True,unanimous,3-0,0,0
t1_p75i45o,0,0.008445627056062222,-4.765625,0,0.0753677636384964,0,0.022259420441350534,english,comment,True,majority,3-0,0,0
t1_p2u99bb,0,0.011331754736602306,-4.46875,0,0.24841229617595673,0,0.028008222276532428,taglish,comment,True,unanimous,3-0,0,0
t1_p7irjbh,0,0.053403329104185104,-2.875,0,0.48952388763427734,0,0.09263405377221931,english,comment,True,majority,3-0,0,0
t1_p6t6gc5,0,0.005730246659368277,-5.15625,0,0.06509927660226822,0,0.016422915972736242,taglish,comment,True,majority,3-0,0,0
t1_p2u2fb8,0,0.024423090741038322,-3.6875,0,0.1673297882080078,0,0.050845947651243395,english,comment,True,majority,3-0,0,0
t1_p7gs3t1,1,0.0038244836032390594,-5.5625,0,0.08348280191421509,0,0.01195050594416123,tagalog,comment,True,adjudicator,2-1,1,0
t1_p7jnr2h,0,0.21011726558208466,-1.32421875,0,0.7447063326835632,0,0.2590267630833833,tagalog,comment,True,adjudicator,2-1,0,0
t1_p5ilvwj,0,0.06278920918703079,-2.703125,0,0.5379512310028076,0,0.1047551312161881,tagalog,comment,True,adjudicator,2-1,0,0
t1_p7bsazt,0,0.1830088496208191,-1.49609375,0,0.5482895374298096,0,0.23371524044433367,english,comment,True,adjudicator,2-1,0,0
t1_p6frm4j,0,0.36817848682403564,-0.5400390625,0,0.8780690431594849,0,0.39445369240322614,tagalog,comment,True,majority,3-0,0,0
t1_p73ahuj,0,0.01798621006309986,-4.0,0,0.12770016491413116,0,0.04012505323791517,english,comment,True,unanimous,3-0,0,0
t1_p45ucbl,0,0.14903530478477478,-1.7421875,0,0.731413722038269,0,0.20056367068472186,taglish,comment,True,adjudicator,2-1,0,0
t3_1vqar3t,0,0.006797531619668007,-4.984375,0,0.10647165775299072,0,0.01877821562650026,tagalog,submission,True,adjudicator,2-1,0,0
t1_p6tzww2,0,0.051082734018564224,-2.921875,0,0.5237481594085693,0,0.08955392414757564,english,comment,True,majority,3-0,0,0
t1_p2vax93,0,0.3345894515514374,-0.6875,0,0.7949508428573608,0,0.36686979067786296,taglish,comment,True,adjudicator,2-1,0,0
t1_p5jm962,0,0.001098731067031622,-6.8125,0,0.004755714908242226,0,0.004464672115202112,english,comment,True,majority,3-0,0,0
t1_p73g5uf,0,0.006589771714061499,-5.015625,0,0.13244381546974182,0,0.018326616361903126,english,comment,True,majority,3-0,0,0
t1_p5j5xv7,0,0.0011160142021253705,-6.796875,0,0.006672663148492575,0,0.004520133983425725,tagalog,comment,True,majority,3-0,0,0
t1_p3zdpyp,0,0.014957086183130741,-4.1875,0,0.16897031664848328,0,0.03476968171953476,english,comment,True,majority,3-0,0,0
t1_p3k09j6,0,0.010652512311935425,-4.53125,0,0.1811460703611374,0,0.026688913166836692,english,comment,True,majority,3-0,0,0
t1_p71xuwt,0,0.0037072529084980488,-5.59375,0,0.06409522145986557,0,0.01166115557202624,taglish,comment,True,majority,3-0,0,0
t1_p7k238u,0,0.017576880753040314,-4.0234375,0,0.24956536293029785,0,0.03941468042563757,english,comment,True,majority,3-0,0,0
t1_p4bwv09,0,0.012053778395056725,-4.40625,0,0.1350170075893402,0,0.029390779254572418,taglish,comment,True,unanimous,3-0,0,0
t1_p7jfi2l,0,0.020332353189587593,-3.875,0,0.19114212691783905,0,0.044125468090371774,english,comment,True,majority,3-0,0,0
t1_p6t5b41,0,0.21733753383159637,-1.28125,0,0.7796408534049988,0,0.2656260648281775,tagalog,comment,True,majority,3-0,0,0
t1_p4jvly9,0,0.0035380858462303877,-5.640625,0,0.018696673214435577,0,0.011240064003385574,taglish,comment,True,majority,3-0,0,0
t1_p73e4cb,0,0.27747297286987305,-0.95703125,0,0.6925086379051208,0,0.3187339405675483,english,comment,True,majority,3-0,0,0
t1_p2u351c,0,0.01342825498431921,-4.296875,0,0.28114092350006104,0,0.03197102649256034,english,comment,True,adjudicator,2-1,0,0
t1_p4fukrk,0,0.24148938059806824,-1.14453125,0,0.7960829734802246,0,0.28732427545179084,tagalog,comment,True,majority,3-0,0,0
t1_p4fthcx,0,0.038756195455789566,-3.2109375,0,0.22959136962890625,0,0.07252578884096182,tagalog,comment,True,majority,3-0,0,0
t1_p58finu,0,0.4830387234687805,-0.06787109375,0,0.9208896160125732,1,0.48653592509474813,taglish,comment,True,unanimous,3-0,0,0
t1_p4yb0y5,0,0.005301895085722208,-5.234375,0,0.06631698459386826,0,0.015450752824396475,english,comment,True,majority,3-0,0,0
t1_p44lihp,0,0.07640768587589264,-2.4921875,0,0.600498378276825,0,0.12152680602399525,tagalog,comment,True,adjudicator,2-1,0,0
t1_p4xie0n,0,0.02096424251794815,-3.84375,0,0.14379695057868958,0,0.04518353463111131,tagalog,comment,True,unanimous,3-0,0,0
t1_p5fzrpl,0,0.07159119844436646,-2.5625,0,0.486837238073349,0,0.1156936709904669,tagalog,comment,True,unanimous,3-0,0,0
t1_p7jp07q,0,0.048136770725250244,-2.984375,0,0.4232897162437439,0,0.08559082862170651,taglish,comment,True,majority,3-0,0,0
t1_p72zbeg,1,0.4930729568004608,-0.0277099609375,0,0.8700037002563477,1,0.4945018689805696,english,comment,True,majority,3-0,1,1
t1_p7lw5a1,0,0.08694165199995041,-2.3515625,0,0.4793502688407898,0,0.13395460028109668,tagalog,comment,True,adjudicator,2-1,0,0
t1_p4yahvy,0,0.0023596608079969883,-6.046875,0,0.03295258432626724,0,0.008167366416337467,english,comment,True,majority,3-0,0,0
t1_p50vjka,0,0.24617071449756622,-1.119140625,0,0.5983826518058777,0,0.2914685159749141,english,comment,True,majority,3-0,0,0
t1_p6znmzk,0,0.0018102111062034965,-6.3125,0,0.014799880795180798,0,0.006625153302870124,tagalog,comment,True,unanimous,3-0,0,0
t1_p30a9ex,0,0.18242552876472473,-1.5,0,0.6927247047424316,0,0.23316044207413125,english,comment,True,adjudicator,2-1,0,0
t1_p747ipr,0,0.2727987766265869,-0.98046875,0,0.6273881196975708,0,0.3147082668737936,tagalog,comment,True,adjudicator,2-1,0,0
t1_p44surq,0,0.7613611221313477,1.16015625,1,0.9342827200889587,1,0.7152084696222519,english,comment,True,adjudicator,2-1,0,0
t1_p7j5zvf,1,0.17217184603214264,-1.5703125,0,0.5967671871185303,0,0.2233312478781119,tagalog,comment,True,adjudicator,2-1,1,1
t1_p6jlcpw,0,0.9437636137008667,2.8203125,1,0.9872657060623169,1,0.9036525068180006,english,comment,True,adjudicator,2-1,0,1
t1_p7lvuwf,0,0.38676342368125916,-0.4609375,0,0.7777847051620483,0,0.40954507316627103,taglish,comment,True,majority,3-0,0,0
t1_p47eulu,0,0.9353464841842651,2.671875,1,0.9864570498466492,1,0.8928958857345634,tagalog,comment,True,adjudicator,2-1,0,1
t1_p7mqvuq,0,0.07751766592264175,-2.4765625,0,0.356507271528244,0,0.1228569998565616,tagalog,comment,True,majority,3-0,0,0
t1_p3o6jlb,0,0.0011335690505802631,-6.78125,0,0.00875740498304367,0,0.00457628165317955,english,comment,True,majority,3-0,0,0
t1_p64zlf9,0,0.03817827254533768,-3.2265625,0,0.35029229521751404,0,0.07169599693405204,english,comment,True,majority,3-0,0,0
t1_p42dg8y,0,0.00806199200451374,-4.8125,0,0.09466660022735596,0,0.021463930326802754,english,comment,True,majority,3-0,0,0
t1_p3zb2pk,0,0.3963017463684082,-0.4208984375,0,0.891027569770813,0,0.41725131403144344,tagalog,comment,True,adjudicator,2-1,0,0
t1_p5djpdh,0,0.10230471193790436,-2.171875,0,0.6907927393913269,0,0.151379992159552,tagalog,comment,True,adjudicator,3-0,0,0
t1_p7lsgq0,0,0.043691061437129974,-3.0859375,0,0.38133105635643005,0,0.07948900632322718,english,comment,True,majority,3-0,0,0
t1_p30bmjw,0,0.017576880753040314,-4.0234375,0,0.2089402675628662,0,0.03941468042563757,english,comment,True,adjudicator,2-1,0,0
t1_p73kl5k,1,0.36184096336364746,-0.5673828125,0,0.8498070240020752,0,0.38928182424738167,english,comment,True,adjudicator,2-1,1,1
t1_p4vo11e,1,0.8539127111434937,1.765625,1,0.9419115781784058,1,0.8024023846222061,english,comment,True,adjudicator,2-1,1,1
t1_p72z0xt,0,0.2609540820121765,-1.041015625,0,0.7610735297203064,0,0.3044375868295759,tagalog,comment,True,adjudicator,2-1,0,0
t1_p31od6l,0,0.06142404302954674,-2.7265625,0,0.47703275084495544,0,0.10302335725968206,tagalog,comment,True,adjudicator,2-1,0,1
t1_p6yi684,0,0.0011695103021338582,-6.75,0,0.0112533550709486,0,0.00469066810207283,english,comment,True,adjudicator,2-1,0,0
t1_p50hmn1,0,0.005641908384859562,-5.171875,0,0.14673976600170135,0,0.016223787621276468,english,comment,True,adjudicator,2-1,0,0
t1_p2vsfpr,0,0.0015731120947748423,-6.453125,0,0.02268962934613228,0,0.0059296151207206965,english,comment,True,majority,3-0,0,0
t1_p4d0vb4,0,0.755636990070343,1.12890625,1,0.9389146566390991,1,0.7101295840188518,taglish,comment,True,majority,3-0,0,0
t1_p1xf4mj,0,0.003429603995755315,-5.671875,0,0.046536028385162354,0,0.01096772418906386,english,comment,True,majority,3-0,0,0
t1_p4xt9rc,1,0.8316905498504639,1.59765625,1,0.9132840633392334,1,0.7804105748808251,english,comment,True,majority,3-0,1,1
t1_p6hu3xg,0,0.1475551873445511,-1.75390625,0,0.5026334524154663,0,0.19907649215113157,english,comment,True,majority,3-0,0,0
t1_p7ly1cf,0,0.05070536583662033,-2.9296875,0,0.2986109256744385,0,0.08904963427534035,tagalog,comment,True,unanimous,3-0,0,0
t1_p5jtd7h,0,0.17838265001773834,-1.52734375,0,0.6516241431236267,0,0.2293025563196214,english,comment,True,adjudicator,2-1,0,1
t1_p5jldf6,1,0.8423450589179993,1.67578125,1,0.964617908000946,1,0.7908519585752724,tagalog,comment,True,adjudicator,2-1,1,1
t1_p7min0w,0,0.07696083933115005,-2.484375,0,0.4155958294868469,0,0.12219034481169884,tagalog,comment,True,adjudicator,2-1,0,0
t1_p7k0v3f,0,0.0033244371879845858,-5.703125,0,0.0349242240190506,0,0.010701911579695408,taglish,comment,True,majority,3-0,0,0
t1_p7mf016,0,0.5971381068229675,0.3935546875,1,0.8638648986816406,1,0.5774623188314356,english,comment,True,unanimous,3-0,0,0
t1_p50i4vw,0,0.9268352389335632,2.5390625,1,0.9657257795333862,1,0.8823894990085497,english,comment,True,adjudicator,2-1,0,1
t1_p7lwno8,0,0.09268777817487717,-2.28125,0,0.45410558581352234,0,0.1405620833285403,tagalog,comment,True,adjudicator,2-1,0,0
t1_p52z89l,0,0.024237634614109993,-3.6953125,0,0.24744538962841034,0,0.05054752589128036,english,comment,True,majority,3-0,0,0
t1_p56u2c3,0,0.029986508190631866,-3.4765625,0,0.30390286445617676,0,0.05956079304096947,taglish,comment,True,unanimous,3-0,0,0
t1_p5a55za,0,0.013020490296185017,-4.328125,0,0.21629677712917328,0,0.031212244335297512,english,comment,True,majority,3-0,0,0
t1_p7b65rb,0,0.28537195920944214,-0.91796875,0,0.8253908157348633,0,0.32550371792951216,english,comment,True,majority,3-0,0,0
t1_p7lnz1e,0,0.03138043358922005,-3.4296875,0,0.2194155752658844,0,0.061679221013621374,tagalog,comment,True,unanimous,3-0,0,0
t1_p7jddzl,0,0.09138210862874985,-2.296875,0,0.45620816946029663,0,0.13907058681936177,tagalog,comment,True,adjudicator,2-1,0,0
t1_p2w6ktk,0,0.007345826830714941,-4.90625,0,0.1496817171573639,0,0.0199554995819404,english,comment,True,majority,3-0,0,0
t1_p4538ts,0,0.04115288704633713,-3.1484375,0,0.3593289256095886,0,0.07593417232909877,taglish,comment,True,unanimous,3-0,0,0
t1_p5f3e8k,0,0.0071214293129742146,-4.9375,0,0.19453106820583344,0,0.01947614966658446,taglish,comment,True,unanimous,3-0,0,0
t1_p6tvfm4,0,0.026963496580719948,-3.5859375,0,0.3530358076095581,0,0.05488012657122779,english,comment,True,majority,3-0,0,0
t1_p5ruim4,0,0.9099069833755493,2.3125,1,0.9811899662017822,1,0.862407617208428,taglish,comment,True,adjudicator,2-1,0,1
t1_p5lizie,0,0.25945019721984863,-1.048828125,0,0.6971935629844666,0,0.30312613192719884,english,comment,True,adjudicator,2-1,0,0
t1_p5zdh3f,0,0.408040851354599,-0.3720703125,0,0.8827316164970398,0,0.4267038032186042,tagalog,comment,True,unanimous,3-0,0,0
t1_p446w0q,0,0.06804042309522629,-2.6171875,0,0.3437296748161316,0,0.11132644864738975,english,comment,True,unanimous,3-0,0,0
t1_p73vo06,0,0.2538610100746155,-1.078125,0,0.7212646007537842,0,0.29823676730448856,tagalog,comment,True,unanimous,3-0,0,0
t1_p6eoviz,0,0.0023231625091284513,-6.0625,0,0.03117465041577816,0,0.008067515819929075,taglish,comment,True,majority,3-0,0,0
t1_p7lz0hm,0,0.07055959850549698,-2.578125,0,0.4824943244457245,0,0.11443091755806302,taglish,comment,True,adjudicator,2-1,0,0
t1_p7luuvw,0,0.10447732359170914,-2.1484375,0,0.45015794038772583,0,0.15378525605209312,tagalog,comment,True,adjudicator,2-1,0,0
t1_p76ea1t,1,0.8311430811882019,1.59375,1,0.9464842081069946,1,0.7798787989770165,english,comment,True,majority,3-0,1,1
t1_p4jws32,0,0.0035380858462303877,-5.640625,0,0.020783621817827225,0,0.011240064003385574,taglish,comment,True,majority,3-0,0,0
t1_p452uju,0,0.13614831864833832,-1.84765625,0,0.6694127321243286,0,0.18747735230962861,english,comment,True,majority,3-0,0,0
t1_p5csvz1,0,0.007460643537342548,-4.890625,0,0.0682365670800209,0,0.02019948996564318,english,comment,True,majority,3-0,0,0
t1_p5iz0xr,0,0.09138210862874985,-2.296875,0,0.6054477095603943,0,0.13907058681936177,tagalog,comment,True,unanimous,3-0,0,0
t1_p7kn318,0,0.0019267346942797303,-6.25,0,0.01531884353607893,0,0.006959745544957729,english,comment,True,majority,3-0,0,0
t1_p7lqb3b,0,0.0446808747947216,-3.0625,0,0.19934937357902527,0,0.08086084171268425,tagalog,comment,True,unanimous,3-0,0,0
t1_p3mnzuq,0,0.27747297286987305,-0.95703125,0,0.5539429187774658,0,0.3187339405675483,tagalog,comment,True,majority,3-0,0,0
t1_p7lt88q,0,0.018833130598068237,-3.953125,0,0.1548081636428833,0,0.04158276659334749,tagalog,comment,True,adjudicator,2-1,0,0
t1_p5s5z3l,0,0.004399413242936134,-5.421875,0,0.09784874320030212,0,0.013342809362448659,english,comment,True,unanimous,3-0,0,0
t1_p4uuqg3,0,0.30033501982688904,-0.845703125,0,0.747802734375,0,0.3382203554287749,english,comment,True,adjudicator,2-1,0,0
t1_p50mfn3,1,0.8221890926361084,1.53125,1,0.9303646087646484,1,0.7712448941508184,taglish,comment,True,adjudicator,2-1,1,1
t1_p4tz1s4,0,0.0037072529084980488,-5.59375,0,0.0313476026058197,0,0.01166115557202624,english,comment,True,majority,3-0,0,0
t1_p7lkmnu,0,0.002800926798954606,-5.875,0,0.018243590369820595,0,0.009349947758124552,taglish,comment,True,adjudicator,2-1,0,0
t1_p4u9lnx,0,0.0038844766095280647,-5.546875,0,0.0691380500793457,0,0.012097829663948222,english,comment,True,unanimous,3-0,0,0
t1_p2uzf5f,0,0.0427221953868866,-3.109375,0,0.24204716086387634,0,0.07813846609002577,english,comment,True,majority,3-0,0,0
t1_p7myz5z,1,0.024423090741038322,-3.6875,0,0.3029531240463257,0,0.050845947651243395,taglish,comment,True,majority,3-0,1,1
t1_p7n04u3,0,0.5776740312576294,0.313232421875,1,0.9193923473358154,1,0.5618350190255005,tagalog,comment,True,adjudicator,2-1,0,1
t1_p6819lj,0,0.0018102111062034965,-6.3125,0,0.03252742439508438,0,0.006625153302870124,english,comment,True,adjudicator,2-1,0,0
t1_p7muw78,0,0.33111974596977234,-0.703125,0,0.7822681665420532,0,0.36399398401265826,tagalog,comment,True,adjudicator,2-1,0,1
t1_p4zya4n,0,0.0028449094388633966,-5.859375,0,0.01860799640417099,0,0.009465519384885593,tagalog,comment,True,adjudicator,2-1,0,1
t1_p6zbn9x,0,0.012241275049746037,-4.390625,0,0.12256614863872528,0,0.029746630675691697,english,comment,True,majority,3-0,0,0
t1_p30d2ij,1,0.1475551873445511,-1.75390625,0,0.7374268770217896,0,0.19907649215113157,taglish,comment,True,majority,3-0,1,1
t1_p73uqhk,0,0.38237205147743225,-0.4794921875,0,0.7632603049278259,0,0.4059886552945265,tagalog,comment,True,adjudicator,2-1,0,0
t1_p5yke50,0,0.08570928126573563,-2.3671875,0,0.6063183546066284,0,0.1325224044337178,tagalog,comment,True,unanimous,3-0,0,0
t1_p7n3xxj,0,0.1200256198644638,-1.9921875,0,0.6010728478431702,0,0.17062556216300986,taglish,comment,True,majority,3-0,0,0
t1_p30bovs,0,0.5256123542785645,0.1025390625,1,0.9136598110198975,1,0.5203351039530408,tagalog,comment,True,adjudicator,2-1,0,0
t1_p7lwu7b,0,0.31658050417900085,-0.76953125,0,0.765002429485321,0,0.35188189247592144,tagalog,comment,True,adjudicator,2-1,0,1
t1_p3mqc0v,0,0.043365802615880966,-3.09375,0,0.2934573292732239,0,0.07903647316155538,tagalog,comment,True,majority,3-0,0,0
t1_p45za02,0,0.021948251873254776,-3.796875,0,0.2563956379890442,0,0.04681605578418362,taglish,comment,True,unanimous,3-0,0,0
t1_p3xlo9r,0,0.2186693549156189,-1.2734375,0,0.7055972814559937,0,0.266837401507372,english,comment,True,adjudicator,2-1,0,0
t1_p74gg7s,1,0.10158944875001907,-2.1796875,0,0.5226678848266602,0,0.15058513471462,tagalog,comment,True,majority,3-0,1,1
t1_p2tug3t,0,0.3415825068950653,-0.65625,0,0.8842045664787292,0,0.3726497632024854,tagalog,comment,True,adjudicator,2-1,0,1
t1_p4cv0g5,0,0.2743513882160187,-0.97265625,0,0.7658414840698242,0,0.31604710546085985,tagalog,comment,True,adjudicator,2-1,0,0
t1_p77fwps,1,0.8037906289100647,1.41015625,1,0.9556345343589783,1,0.75384804313726,taglish,comment,True,unanimous,3-0,1,1
t1_p468bor,1,0.08694165199995041,-2.3515625,0,0.56432044506073,0,0.13395460028109668,tagalog,comment,True,majority,3-0,1,1
t1_p42v4zw,0,0.47156259417533875,-0.11387252807617188,0,0.8630067706108093,1,0.47742019712714845,taglish,comment,True,unanimous,3-0,0,0
t1_p5bjpt3,0,0.052618954330682755,-2.890625,0,0.39177441596984863,0,0.09159691760522852,tagalog,comment,True,majority,3-0,0,0
t1_p702cl9,0,0.1766716092824936,-1.5390625,0,0.6645196676254272,0,0.22766296521033916,tagalog,comment,True,unanimous,3-0,0,0
t1_p4u2980,0,0.00806199200451374,-4.8125,0,0.11765189468860626,0,0.021463930326802754,english,comment,True,unanimous,3-0,0,0
t1_p7m381y,0,0.589716374874115,0.36279296875,1,0.934942364692688,1,0.5714939328764337,tagalog,comment,True,majority,3-0,0,0
t1_p73draa,0,0.9178933501243591,2.4140625,1,0.9686786532402039,1,0.8716964904044603,english,comment,True,adjudicator,2-1,0,0
t1_p45gz72,0,0.006692850962281227,-5.0,0,0.13672898709774017,0,0.0185510678244272,english,comment,True,adjudicator,2-1,0,1
t1_p66e9tm,0,0.055005285888910294,-2.84375,0,0.3539227843284607,0,0.0947400023151256,english,comment,True,unanimous,3-0,0,0
t1_p680dh5,0,0.001098731067031622,-6.8125,0,0.00775589793920517,0,0.004464672115202112,english,comment,True,adjudicator,3-0,0,0
t1_p7m6ok7,0,0.014728614129126072,-4.203125,0,0.14385570585727692,0,0.034355868527968784,tagalog,comment,True,adjudicator,2-1,0,0
t1_p4cuwvf,0,0.28616926074028015,-0.9140625,0,0.8340722322463989,0,0.32618478030407383,tagalog,comment,True,adjudicator,2-1,0,1
t1_p74p0wo,0,0.037892427295446396,-3.234375,0,0.38948124647140503,0,0.07128439390487697,tagalog,comment,True,adjudicator,2-1,0,0
t1_p6euh2b,1,0.15713684260845184,-1.6796875,0,0.7350454330444336,0,0.20863568297745624,tagalog,comment,True,majority,3-0,1,1
t1_p5w1gcd,0,0.007577240467071533,-4.875,0,0.04343012720346451,0,0.020446401314649764,english,comment,True,adjudicator,2-1,0,0
t1_p2tqkgq,0,0.4369899332523346,-0.253387451171875,0,0.9106090068817139,0,0.44989034562279795,tagalog,comment,True,adjudicator,2-1,0,1
t1_p6f25zx,0,0.009125636890530586,-4.6875,0,0.07454188913106918,0,0.023649695163366853,english,comment,True,unanimous,3-0,0,0
t1_p58es7v,0,0.019870713353157043,-3.8984375,0,0.2206052541732788,0,0.04334747038780218,tagalog,comment,True,majority,3-0,0,0
t1_p3mvbds,1,0.04958902671933174,-2.953125,0,0.27725863456726074,0,0.0875521061833663,english,comment,True,adjudicator,2-1,1,1
t1_p5d2ib3,0,0.018833130598068237,-3.953125,0,0.24166163802146912,0,0.04158276659334749,tagalog,comment,True,adjudicator,2-1,0,0
t1_p6t62v0,0,0.21206879615783691,-1.3125,0,0.7314195036888123,0,0.2608159531235439,taglish,comment,True,adjudicator,2-1,0,0
t1_p5yuzso,0,0.2240554690361023,-1.2421875,0,0.833068311214447,0,0.2717177427326587,tagalog,comment,True,unanimous,3-0,0,0
t1_p44ag5k,0,0.00941259041428566,-4.65625,0,0.1411319524049759,0,0.02422922674622167,english,comment,True,majority,3-0,0,0
t1_p5d6qte,0,0.07004895806312561,-2.5859375,0,0.34453195333480835,0,0.11380405251701085,english,comment,True,majority,3-0,0,0
t1_p6uad6g,0,0.04958902671933174,-2.953125,0,0.43355172872543335,0,0.0875521061833663,english,comment,True,majority,3-0,0,0
t1_p3moxt8,0,0.004264634568244219,-5.453125,0,0.07090882956981659,0,0.013020192222294742,tagalog,comment,True,majority,3-0,0,0
t1_p75lpor,0,0.08945459872484207,-2.3203125,0,0.5455201864242554,0,0.13685824525739057,english,comment,True,unanimous,3-0,0,0
t1_p511vok,0,0.05921025201678276,-2.765625,0,0.3823268413543701,0,0.10019335636070993,tagalog,comment,True,majority,3-0,0,0
t1_p7dh05i,0,0.22953519225120544,-1.2109375,0,0.7708897590637207,0,0.2766536619248074,taglish,comment,True,majority,3-0,0,0
t1_p4vkr17,0,0.2018132209777832,-1.375,0,0.67779940366745,0,0.2513663660041661,tagalog,comment,True,adjudicator,2-1,0,0
t1_p7m57xc,0,0.2240554690361023,-1.2421875,0,0.6783007979393005,0,0.2717177427326587,tagalog,comment,True,unanimous,3-0,0,0
t1_p5s53tr,0,0.10017221421003342,-2.1953125,0,0.5665416121482849,0,0.1490057233763646,tagalog,comment,True,majority,3-0,0,0
t1_p4wg4c7,0,0.004905405919998884,-5.3125,0,0.03134031221270561,0,0.014535286945762125,english,comment,True,majority,3-0,0,0
t1_p516l0j,0,0.2024431973695755,-1.37109375,0,0.5912379026412964,0,0.251950251606328,taglish,comment,True,majority,3-0,0,0
t1_p30fm7m,0,0.1063188686966896,-2.12890625,0,0.6292355060577393,0,0.15581345424138013,tagalog,comment,True,adjudicator,2-1,0,0
t1_p5jr8mr,0,0.26549941301345825,-1.017578125,0,0.6795743703842163,0,0.30839100332738256,tagalog,comment,True,adjudicator,2-1,0,1
t1_p7172i4,0,0.0038244836032390594,-5.5625,0,0.056274279952049255,0,0.01195050594416123,taglish,comment,True,unanimous,3-0,0,0
t1_p718bsb,0,0.09947021305561066,-2.203125,0,0.511764645576477,0,0.14822115515987383,english,comment,True,majority,3-0,0,0
t1_p30be6v,0,0.1525365114212036,-1.71484375,0,0.6442819237709045,0,0.2040660666822695,english,comment,True,adjudicator,2-1,0,0
t1_p4j7rfa,0,0.001597845577634871,-6.4375,0,0.011528540402650833,0,0.006003165336399166,english,comment,True,majority,3-0,0,0
t1_p7lvlbu,0,0.05460060387849808,-2.8515625,0,0.3886672854423523,0,0.09420953082436609,tagalog,comment,True,unanimous,3-0,0,0
t1_p7jt53l,0,0.01342825498431921,-4.296875,0,0.14847424626350403,0,0.03197102649256034,taglish,comment,True,unanimous,3-0,0,0
t1_p7lsuj4,0,0.11240508407354355,-2.06640625,0,0.5862313508987427,0,0.1624504046119198,tagalog,comment,True,adjudicator,2-1,0,0
t1_p729hba,0,0.7981867790222168,1.375,1,0.967839241027832,1,0.7486336339958339,tagalog,comment,True,adjudicator,2-1,0,0
t1_p6lxtis,1,0.06371499598026276,-2.6875,0,0.5244004726409912,0,0.10592388288304846,tagalog,comment,True,adjudicator,2-1,1,0
t1_p5junzy,0,0.5931380391120911,0.376953125,1,0.9236490726470947,1,0.5742439786564925,tagalog,comment,True,adjudicator,2-1,0,1
t1_p72ytgg,1,0.3643251061439514,-0.556640625,0,0.8407353162765503,0,0.39131073012158474,english,comment,True,adjudicator,2-1,1,1
t1_p45fxqi,0,0.005819959565997124,-5.140625,0,0.08446770906448364,0,0.01662444709449999,tagalog,comment,True,adjudicator,2-1,0,1
t1_p77ljo2,0,0.3023911118507385,-0.8359375,0,0.7605533599853516,0,0.3399574065766789,tagalog,comment,True,adjudicator,2-1,0,1
t1_p6y4rd2,0,0.06512754410505295,-2.6640625,0,0.467879056930542,0,0.10769855919352117,tagalog,comment,True,adjudicator,2-1,0,0
t1_p5bugb4,1,0.8300437331199646,1.5859375,1,0.9698149561882019,1,0.7788124762845574,english,comment,True,majority,3-0,1,1
t1_p4isyyt,0,0.001367025775834918,-6.59375,0,0.011144804768264294,0,0.005306707559366049,taglish,comment,True,unanimous,3-0,0,0
t1_p5d5tww,0,0.021948251873254776,-3.796875,0,0.3046572804450989,0,0.04681605578418362,taglish,comment,True,unanimous,3-0,0,0
t1_p76s0i1,0,0.5285334587097168,0.1142578125,1,0.8057310581207275,1,0.5226560965463231,tagalog,comment,True,adjudicator,2-1,0,1
t1_p7ls1mp,0,0.5172127485275269,0.068878173828125,1,0.8891729116439819,1,0.5136637578407637,english,comment,True,adjudicator,2-1,0,1
t1_p387mh6,0,0.0025509123224765062,-5.96875,0,0.028624560683965683,0,0.008685300740989898,taglish,comment,True,unanimous,3-0,0,0
t1_p7k0m6n,0,0.04958902671933174,-2.953125,0,0.374453604221344,0,0.0875521061833663,english,comment,True,majority,3-0,0,0
t1_p77o8p9,0,0.9890130758285522,4.5,1,0.9924084544181824,1,0.9726591652972781,taglish,comment,True,adjudicator,2-1,0,1
t1_p4u7ozv,0,0.002217013156041503,-6.109375,0,0.04018422216176987,0,0.0077751719366889625,english,comment,True,majority,3-0,0,0
t1_p3z7bs5,0,0.6446726322174072,0.595703125,1,0.9402720332145691,1,0.6160486021750621,tagalog,comment,True,adjudicator,2-1,0,1
t1_p7loryq,0,0.05460060387849808,-2.8515625,0,0.34266185760498047,0,0.09420953082436609,tagalog,comment,True,adjudicator,2-1,0,0
t1_p7jf0r2,0,0.05921025201678276,-2.765625,0,0.4182601571083069,0,0.10019335636070993,english,comment,True,adjudicator,2-1,0,1
t1_p30e7kk,0,0.7690802216529846,1.203125,1,0.9718083143234253,1,0.7221037422319125,tagalog,comment,True,adjudicator,2-1,0,1
t1_p51369z,0,0.10017221421003342,-2.1953125,0,0.4565572738647461,0,0.1490057233763646,english,comment,True,majority,3-0,0,0
t1_p7mc36a,0,0.10447732359170914,-2.1484375,0,0.6298554539680481,0,0.15378525605209312,tagalog,comment,True,unanimous,3-0,0,0
t1_p4ll1ak,0,0.13386748731136322,-1.8671875,0,0.5036160945892334,0,0.18512737653071634,english,comment,True,majority,3-0,0,0
t1_p5dxf1t,0,0.0029349515680223703,-5.828125,0,0.10072726011276245,0,0.009700923786446087,tagalog,comment,True,majority,3-0,0,0
t1_p6egz8h,0,0.02843603305518627,-3.53125,0,0.2608676850795746,0,0.057175483279021125,english,comment,True,majority,3-0,0,0
t1_p6u5m5s,0,0.2501792907714844,-1.09765625,0,0.8303346633911133,0,0.2950025172311829,taglish,comment,True,majority,3-0,0,0
t1_p7lz7qd,0,0.2458084672689438,-1.12109375,0,0.7803549766540527,0,0.2911484812866295,tagalog,comment,True,adjudicator,2-1,0,0
t1_p32bbyd,1,0.3656831681728363,-0.55078125,0,0.8902465105056763,0,0.3924189965032745,taglish,comment,True,majority,3-0,1,1
t1_p7lx153,0,0.15203222632408142,-1.71875,0,0.5565513372421265,0,0.20356295328526977,tagalog,comment,True,majority,3-0,0,0
t1_p5t8r1x,0,0.001674399245530367,-6.390625,0,0.033391352742910385,0,0.0062293006508510945,english,comment,True,unanimous,3-0,0,0
t1_p6zbl8i,0,0.11436852067708969,-2.046875,0,0.4630126357078552,0,0.16457065809883922,taglish,comment,True,adjudicator,2-1,0,1
t1_p7m5qex,0,0.037326887249946594,-3.25,0,0.3789099156856537,0,0.07046772608097757,english,comment,True,unanimous,3-0,0,0
t1_p50z1kz,0,0.2422056347131729,-1.140625,0,0.6553213000297546,0,0.28795955825538666,english,comment,True,majority,3-0,0,0
t1_p7m05zg,0,0.47892484068870544,-0.0843505859375,0,0.832396388053894,1,0.48326897272004976,english,comment,True,majority,3-0,0,0
t1_p5bqaya,1,0.21011726558208466,-1.32421875,0,0.6243120431900024,0,0.2590267630833833,english,comment,True,adjudicator,2-1,1,1
t1_p3mn17a,0,0.0039454069919884205,-5.53125,0,0.019239258021116257,0,0.012246947052753488,taglish,comment,True,unanimous,3-0,0,0
t1_p70kvvd,0,0.007232763804495335,-4.921875,0,0.16131246089935303,0,0.01971439706759826,english,comment,True,unanimous,3-0,0,0
t1_p5luaf8,0,0.40721553564071655,-0.37548828125,0,0.7729315757751465,0,0.42604029895649775,tagalog,comment,True,unanimous,3-0,0,0
t1_p77i4ja,0,0.9367494583129883,2.6953125,1,0.9838113784790039,1,0.8946619230384468,english,comment,True,adjudicator,2-1,0,1
t1_p4k59bk,0,0.002251847181469202,-6.09375,0,0.017250265926122665,0,0.00787143294365646,english,comment,True,majority,3-0,0,0
t1_p6eedw6,0,0.8198933005332947,1.515625,1,0.967568576335907,1,0.769049575448814,taglish,comment,True,majority,3-0,0,0
t1_p4452nc,0,0.015189048834145069,-4.171875,0,0.07839645445346832,0,0.035188297621366334,english,comment,True,majority,3-0,0,0
t1_p5dxbs7,0,0.005641908384859562,-5.171875,0,0.06649069488048553,0,0.016223787621276468,tagalog,comment,True,majority,3-0,0,0
t1_p7m8j5k,1,0.5053098797798157,0.021240234375,1,0.8832880854606628,1,0.5042144964842042,tagalog,comment,True,majority,3-0,1,1
t1_p610xfe,0,0.02178117074072361,-3.8046875,0,0.23316024243831635,0,0.04654012627193318,tagalog,comment,True,majority,3-0,0,0
t1_p4yddnz,0,0.0055549247190356255,-5.1875,0,0.043493129312992096,0,0.01602703436469781,english,comment,True,majority,3-0,0,0
t1_p5jjsuq,0,0.37662312388420105,-0.50390625,0,0.7575194239616394,0,0.40132419545039977,tagalog,comment,True,adjudicator,2-1,0,1
t1_p30a33k,1,0.9416541457176208,2.78125,1,0.9858362674713135,1,0.9009191724454805,tagalog,comment,True,adjudicator,2-1,1,1
t1_p5q08hk,1,0.8140527606010437,1.4765625,1,0.9370831251144409,1,0.763497023539284,tagalog,comment,True,majority,3-0,1,1
t1_p7dlmrq,0,0.6183196306228638,0.482421875,1,0.8376493453979492,1,0.5945719942580275,english,comment,True,majority,3-0,0,0
t1_p5alzy3,1,0.08756383508443832,-2.34375,0,0.5814586281776428,0,0.13467559231152743,taglish,comment,True,majority,3-0,1,1
t1_p73rxxq,1,0.012821215204894543,-4.34375,0,0.14125043153762817,0,0.03083941742596216,english,comment,True,adjudicator,2-1,1,0
t1_p3oa9m7,0,0.07807817310094833,-2.46875,0,0.4053388237953186,0,0.12352678025634592,tagalog,comment,True,adjudicator,2-1,0,0
t1_p5j6obd,0,0.022457052022218704,-3.7734375,0,0.22877328097820282,0,0.047653206419695324,tagalog,comment,True,majority,3-0,0,0
t1_p7lqtlz,1,0.006903837900608778,-4.96875,0,0.04159490019083023,0,0.019008090864153445,english,comment,True,adjudicator,2-1,1,0
t1_p66cgu2,1,0.11920293420553207,-2.0,0,0.4499927759170532,0,0.16974986496321137,tagalog,comment,True,adjudicator,2-1,1,0
t1_p7m8iww,0,0.7201715111732483,0.9453125,1,0.9140028357505798,1,0.6792429810032955,taglish,comment,True,majority,3-0,0,0
t1_p7igqse,1,0.793105959892273,1.34375,1,0.9643174409866333,1,0.7439374259300419,tagalog,comment,True,majority,3-0,1,1
t1_p3oiuav,1,0.5051267743110657,0.0205078125,1,0.7059036493301392,1,0.504069175550864,english,comment,True,adjudicator,2-1,1,1
t1_p7n16lm,0,0.00857748556882143,-4.75,0,0.12786537408828735,0,0.0225309326230367,taglish,comment,True,unanimous,3-0,0,0
t1_p733aoh,1,0.641983687877655,0.583984375,1,0.9371092319488525,1,0.6138462078545327,taglish,comment,True,majority,3-0,1,1
t1_p5xey6d,0,0.05146276578307152,-2.9140625,0,0.2979985475540161,0,0.0900607874854846,english,comment,True,unanimous,3-0,0,0
t1_p6tp72a,0,0.057918090373277664,-2.7890625,0,0.4516449570655823,0,0.09852869615926792,taglish,comment,True,adjudicator,2-1,0,0
t1_p3xxbj0,0,0.0038244836032390594,-5.5625,0,0.025741174817085266,0,0.01195050594416123,tagalog,comment,True,adjudicator,3-0,0,0
t1_p44q444,0,0.13161905109882355,-1.88671875,0,0.5272367596626282,0,0.18280023000157855,tagalog,comment,True,unanimous,3-0,0,0
t1_p4xz0s4,0,0.0844927504658699,-2.3828125,0,0.34286803007125854,0,0.13110320309046855,tagalog,comment,True,adjudicator,2-1,0,1
t1_p4xldd2,0,0.002115703420713544,-6.15625,0,0.01761464588344097,0,0.00749334173836876,taglish,comment,True,majority,3-0,0,0
t3_1vqn89y,0,0.0017007224960252643,-6.375,0,0.03043324500322342,0,0.00630654454601807,taglish,submission,True,majority,3-0,0,0
t1_p461yau,0,0.3785739541053772,-0.49560546875,0,0.7898591756820679,0,0.40290815302884875,taglish,comment,True,majority,3-0,0,0
t1_p51blof,0,0.010986942797899246,-4.5,0,0.10696016997098923,0,0.02734083470272198,tagalog,comment,True,adjudicator,3-0,0,0
t1_p55v360,0,0.10017221421003342,-2.1953125,0,0.5482308268547058,0,0.1490057233763646,tagalog,comment,True,majority,3-0,0,0
t1_p46rh5r,0,0.027585282921791077,-3.5625,0,0.23093990981578827,0,0.055853026955312565,taglish,comment,True,majority,3-0,0,0
t1_p7mc4rp,0,0.2901756167411804,-0.89453125,0,0.6945837736129761,0,0.3296010667034488,tagalog,comment,True,majority,3-0,0,0
t1_p4kzdl5,0,0.17895588278770447,-1.5234375,0,0.7080661654472351,0,0.2298509264769197,tagalog,comment,True,adjudicator,2-1,0,0
t1_p56k2bj,0,0.07211221009492874,-2.5546875,0,0.5092179775238037,0,0.11632957827169044,tagalog,comment,True,adjudicator,2-1,0,0
t1_p46fyu9,0,0.0036499870475381613,-5.609375,0,0.03818122297525406,0,0.011519087532579032,english,comment,True,majority,3-0,0,0
t1_p6j8qqn,0,0.0014325366355478764,-6.546875,0,0.016467835754156113,0,0.005506753107359832,taglish,comment,True,majority,3-0,0,0
t1_p4uxjit,0,0.1427091360092163,-1.79296875,0,0.643170952796936,0,0.19417915325946433,english,comment,True,majority,3-0,0,0
t1_p5v4a9p,0,0.03185885399580002,-3.4140625,0,0.41299566626548767,0,0.06240087417405471,taglish,comment,True,majority,3-0,0,0
t1_p7mf6jg,0,0.5030517578125,0.01220703125,1,0.8368543386459351,1,0.502422162833329,tagalog,comment,True,adjudicator,2-1,0,0
t1_p7lvryi,0,0.4047427177429199,-0.3857421875,0,0.8693837523460388,0,0.42405139247528395,tagalog,comment,True,unanimous,3-0,0,0
t1_p5l58uw,0,0.11920293420553207,-2.0,0,0.6098859310150146,0,0.16974986496321137,tagalog,comment,True,adjudicator,2-1,0,0
t1_p6y3oor,0,0.001597845577634871,-6.4375,0,0.005920790135860443,0,0.006003165336399166,english,comment,True,majority,3-0,0,0
t1_p4j29k6,0,0.07055959850549698,-2.578125,0,0.47377094626426697,0,0.11443091755806302,english,comment,True,majority,3-0,0,0
t1_p627nx9,0,0.8875949382781982,2.06640625,1,0.9658616781234741,1,0.8375495953880802,english,comment,True,adjudicator,2-1,0,1
t1_p6f0edl,1,0.4196479320526123,-0.32421875,0,0.775647759437561,0,0.4360195287474045,tagalog,comment,True,majority,3-0,1,1
t1_p6kbz9w,0,0.09073548763990402,-2.3046875,0,0.5323057770729065,0,0.1383298272716938,tagalog,comment,True,adjudicator,2-1,0,0
t1_p4zy57r,0,0.9734434485435486,3.6015625,1,0.9879039525985718,1,0.9457595822874434,tagalog,comment,True,adjudicator,2-1,0,1
t3_1vl1vnf,0,0.002182716503739357,-6.125,0,0.020133376121520996,0,0.007680079008253995,tagalog,submission,True,majority,3-0,0,0
t1_p33ap6r,1,0.5940803289413452,0.380859375,1,0.9313758611679077,1,0.5750018118906811,taglish,comment,True,majority,3-0,1,1
t1_p4zy17b,1,0.0844927504658699,-2.3828125,0,0.5107565522193909,0,0.13110320309046855,english,comment,True,adjudicator,2-1,1,0
t1_p64hplz,0,0.7779752612113953,1.25390625,1,0.9410938024520874,1,0.7301189284148076,tagalog,comment,True,adjudicator,2-1,0,1
t1_p6xo7to,1,0.44419553875923157,-0.224151611328125,0,0.7313682436943054,0,0.4556396321308551,tagalog,comment,True,adjudicator,2-1,1,1
t1_p6vk56k,0,0.037892427295446396,-3.234375,0,0.31210753321647644,0,0.07128439390487697,taglish,comment,True,majority,3-0,0,0
t1_p3zjbyt,1,0.7599387168884277,1.15234375,1,0.9134843349456787,1,0.7139437770742743,tagalog,comment,True,adjudicator,2-1,1,1
t1_p7lzbql,0,0.39326852560043335,-0.43359375,0,0.80869460105896,0,0.4148033025800772,tagalog,comment,True,adjudicator,2-1,0,0
t1_p7jgx0i,0,0.0023231625091284513,-6.0625,0,0.012640929780900478,0,0.008067515819929075,english,comment,True,majority,3-0,0,0
t1_p5bj47c,0,0.0015487609198316932,-6.46875,0,0.0049162255600094795,0,0.00585696072558967,taglish,comment,True,adjudicator,3-0,0,0
t1_p5ajepy,0,0.030444350093603134,-3.4609375,0,0.28981631994247437,0,0.06025925213186165,tagalog,comment,True,majority,3-0,0,0
t1_p5083g2,0,0.014281933195888996,-4.234375,0,0.12086354196071625,0,0.03354244710736576,english,comment,True,majority,3-0,0,0
t1_p7ltic7,0,0.10521054267883301,-2.140625,0,0.6396188735961914,0,0.1545939309064968,taglish,comment,True,adjudicator,2-1,0,0
t1_p7n0o3p,0,0.12984344363212585,-1.90234375,0,0.5598082542419434,0,0.18095491268199992,tagalog,comment,True,unanimous,3-0,0,0
t1_p7n0ga9,0,0.5954925417900085,0.38671875,1,0.8417527675628662,1,0.5761379000002409,taglish,comment,True,adjudicator,2-1,0,0
t1_p7lebl4,0,0.02096424251794815,-3.84375,0,0.21434947848320007,0,0.04518353463111131,tagalog,comment,True,adjudicator,2-1,0,0
t1_p7n1v1v,0,0.5538672804832458,0.21630859375,1,0.8674954175949097,1,0.5428159444115545,taglish,comment,True,adjudicator,2-1,0,1
t1_p7mctno,0,0.5048216581344604,0.019287109375,1,0.7735623121261597,1,0.5038269724796042,tagalog,comment,True,adjudicator,2-1,0,0
t1_p4kzv99,1,0.03090895712375641,-3.4453125,0,0.26964518427848816,0,0.060965370956510424,tagalog,comment,True,adjudicator,2-1,1,1
t1_p7jnuge,0,0.0023596608079969883,-6.046875,0,0.01564810238778591,0,0.008167366416337467,english,comment,True,majority,3-0,0,0
t1_p455jti,0,0.103748619556427,-2.15625,0,0.7609496116638184,0,0.152980045880313,english,comment,True,majority,3-0,0,0
t1_p5dnn5b,0,0.6557770371437073,0.64453125,1,0.8999614119529724,1,0.6251732265738963,taglish,comment,True,majority,3-0,0,0
t1_p43r8ma,0,0.09138210862874985,-2.296875,0,0.5083379149436951,0,0.13907058681936177,english,comment,True,majority,3-0,0,0
t1_p7mh06f,0,0.2509128153324127,-1.09375,0,0.6792656183242798,0,0.29564773416393714,tagalog,comment,True,adjudicator,2-1,0,0
t1_p4u0e8o,0,0.24798741936683655,-1.109375,0,0.44703182578086853,0,0.2930717904001729,english,comment,True,adjudicator,2-1,0,0
t1_p6m6aah,0,0.001367025775834918,-6.59375,0,0.007238247897475958,0,0.005306707559366049,taglish,comment,True,majority,3-0,0,0
t1_p1myxf9,0,0.0017007224960252643,-6.375,0,0.004043647088110447,0,0.00630654454601807,english,comment,True,majority,3-0,0,0
t1_p3rxrx2,0,0.08694165199995041,-2.3515625,0,0.5608021020889282,0,0.13395460028109668,tagalog,comment,True,majority,3-0,0,0
t1_p7n6vpo,0,0.3250918686389923,-0.73046875,0,0.7990350723266602,0,0.35898472883450566,tagalog,comment,True,unanimous,3-0,0,0
t1_p7n72jk,0,0.13161905109882355,-1.88671875,0,0.5539106726646423,0,0.18280023000157855,english,comment,True,adjudicator,2-1,0,1
t1_p6tqlro,0,0.02080449089407921,-3.8515625,0,0.20136630535125732,0,0.044916773634859054,taglish,comment,True,majority,3-0,0,0
t1_p7mk698,0,0.01912403479218483,-3.9375,0,0.20703744888305664,0,0.042079833832798334,tagalog,comment,True,adjudicator,2-1,0,0
t1_p76eqcm,1,0.3988746404647827,-0.41015625,0,0.6413601636886597,0,0.4193259040892927,english,comment,True,adjudicator,2-1,1,1
t1_p7ksy6a,0,0.002889581024646759,-5.84375,0,0.013828249648213387,0,0.009582505736265769,tagalog,comment,True,majority,3-0,0,0
t1_p4xxwxn,0,0.0029349515680223703,-5.828125,0,0.04714255779981613,0,0.009700923786446087,english,comment,True,unanimous,3-0,0,0
t1_p7mtgul,0,0.621540904045105,0.49609375,1,0.9289401769638062,1,0.5971850773750822,tagalog,comment,True,unanimous,3-0,0,0
t1_p2tqipw,1,0.13892841339111328,-1.82421875,0,0.7051121592521667,0,0.19032752943393377,tagalog,comment,True,majority,3-0,1,1
t1_p5dvi1v,0,0.004609572235494852,-5.375,0,0.04963326081633568,0,0.013841574244893321,tagalog,comment,True,majority,3-0,0,0
t1_p7jqa0f,0,0.04778006672859192,-2.9921875,0,0.26390692591667175,0,0.08510676933563796,tagalog,comment,True,majority,3-0,0,0
t1_p78jbcj,0,0.001838665222749114,-6.296875,0,0.006842833943665028,0,0.006707272677205642,english,comment,True,majority,3-0,0,0
t1_p51b5nl,0,0.0064882696606218815,-5.03125,0,0.05566657334566116,0,0.018104830466984485,english,comment,True,majority,3-0,0,0
t1_p7mb1zu,0,0.10230471193790436,-2.171875,0,0.5260922312736511,0,0.151379992159552,tagalog,comment,True,unanimous,3-0,0,0
t1_p7m5dkz,0,0.014728614129126072,-4.203125,0,0.22277101874351501,0,0.034355868527968784,english,comment,True,majority,3-0,0,0
t1_p7k4hik,0,0.07159119844436646,-2.5625,0,0.44864165782928467,0,0.1156936709904669,taglish,comment,True,adjudicator,2-1,0,0
t1_p7m0qh3,0,0.030214587226510048,-3.46875,0,0.2990717887878418,0,0.059909069573680473,taglish,comment,True,majority,3-0,0,0
t1_p7mjd9n,1,0.907312273979187,2.28125,1,0.9758261442184448,1,0.8594379166714596,taglish,comment,True,unanimous,3-0,1,1
t1_p4y64c3,0,0.45544078946113586,-0.1787109375,0,0.8968237638473511,0,0.4645985935003483,taglish,comment,True,adjudicator,2-1,0,0
t1_p48b9hy,0,0.007815889082849026,-4.84375,0,0.10587110370397568,0,0.020949121007695408,taglish,comment,True,unanimous,3-0,0,0
t1_p750jhx,0,0.02460992895066738,-3.6796875,0,0.18680761754512787,0,0.05114603632197734,tagalog,comment,True,adjudicator,2-1,0,0
t1_p2tpzco,1,0.1778108775615692,-1.53125,0,0.7334471940994263,0,0.2287551058491815,taglish,comment,True,adjudicator,2-1,1,1
t1_p4mixqq,0,0.19132769107818604,-1.44140625,0,0.7039449214935303,0,0.24157848696928333,tagalog,comment,True,adjudicator,2-1,0,1
t1_p4u5001,0,0.0035936026833951473,-5.625,0,0.0440092533826828,0,0.011378730383391086,english,comment,True,majority,3-0,0,0
t1_p3k9gx1,0,0.014503578655421734,-4.21875,0,0.12015786021947861,0,0.03394680714463563,tagalog,comment,True,adjudicator,2-1,0,0
t1_p5b3kwg,0,0.14903530478477478,-1.7421875,0,0.5707001686096191,0,0.20056367068472186,tagalog,comment,True,adjudicator,2-1,0,0
t1_p5zotr8,0,0.5872331261634827,0.3525390625,1,0.8468755483627319,1,0.5694997500044924,tagalog,comment,True,majority,3-0,0,0
t1_p5jkxyk,1,0.8688268065452576,1.890625,1,0.9678663015365601,1,0.8176624646021298,taglish,comment,True,majority,3-0,1,1
t1_p7lvgds,0,0.1225232183933258,-1.96875,0,0.5379116535186768,0,0.17327417977370702,tagalog,comment,True,majority,3-0,0,0
t1_p4wzm2e,0,0.0028449094388633966,-5.859375,0,0.04696723446249962,0,0.009465519384885593,english,comment,True,unanimous,3-0,0,0
t1_p5vx7lp,1,0.00628990214318037,-5.0625,0,0.06458179652690887,0,0.017669133896818876,english,comment,True,adjudicator,2-1,1,0
t1_p7mnl05,0,0.14804720878601074,-1.75,0,0.6615604758262634,0,0.19957129563938336,tagalog,comment,True,unanimous,3-0,0,0
t1_p6ezudb,0,0.08570928126573563,-2.3671875,0,0.3915424942970276,0,0.1325224044337178,taglish,comment,True,unanimous,3-0,0,0
t1_p5irplk,0,0.005819959565997124,-5.140625,0,0.07950057089328766,0,0.01662444709449999,taglish,comment,True,unanimous,3-0,0,0
t1_p7mfg7n,0,0.043365802615880966,-3.09375,0,0.36590683460235596,0,0.07903647316155538,tagalog,comment,True,adjudicator,2-1,0,0
t1_p4ueu4r,0,0.0023231625091284513,-6.0625,0,0.03586205095052719,0,0.008067515819929075,taglish,comment,True,adjudicator,3-0,0,0
t1_p7m2x0y,0,0.18476749956607819,-1.484375,0,0.6996390223503113,0,0.23538513488390386,tagalog,comment,True,adjudicator,2-1,0,0
t1_p4mooy7,0,0.008445627056062222,-4.765625,0,0.09776750206947327,0,0.022259420441350534,tagalog,comment,True,adjudicator,3-0,0,0
t1_p7lokkm,0,0.18417982757091522,-1.48828125,0,0.6429593563079834,0,0.23482758725729233,tagalog,comment,True,adjudicator,2-1,0,0
t1_p7lp80y,0,0.3670434057712555,-0.544921875,0,0.8454412817955017,0,0.3935283724027368,tagalog,comment,True,adjudicator,2-1,0,0
t1_p7agwnf,0,0.004198795650154352,-5.46875,0,0.08880873024463654,0,0.012861782485476652,tagalog,comment,True,unanimous,3-0,0,0
t1_p6xo7mp,0,0.04084571823477745,-3.15625,0,0.2947351038455963,0,0.07550021703806414,tagalog,comment,True,unanimous,3-0,0,0
t1_p6zjax0,0,0.06097517907619476,-2.734375,0,0.3715995252132416,0,0.10245175437552338,tagalog,comment,True,majority,3-0,0,0
t1_p7bki45,0,0.05146276578307152,-2.9140625,0,0.4637734293937683,0,0.0900607874854846,english,comment,True,majority,3-0,0,0
t1_p57oyhj,0,0.009268012829124928,-4.671875,0,0.1576761156320572,0,0.023937750222767996,english,comment,True,majority,3-0,0,0
t1_p7jie1w,0,0.03283695876598358,-3.3828125,0,0.1825861632823944,0,0.06386787911550772,tagalog,comment,True,unanimous,3-0,0,0
t1_p513bmg,1,0.7846492528915405,1.29296875,1,0.9437370300292969,1,0.7361843456917536,english,comment,True,adjudicator,2-1,1,0
t1_p736ggr,0,0.3246634900569916,-0.732421875,0,0.6375046372413635,0,0.35862808391370293,english,comment,True,unanimous,3-0,0,0
t1_p5jdv8x,0,0.0028449094388633966,-5.859375,0,0.046190597116947174,0,0.009465519384885593,tagalog,comment,True,majority,3-0,0,0
t1_p5jhb6o,0,0.03358950838446617,-3.359375,0,0.3152048587799072,0,0.06498915584176368,tagalog,comment,True,adjudicator,2-1,0,0
t1_p73rg96,1,0.8068526387214661,1.4296875,1,0.9435291290283203,1,0.7567132731495111,taglish,comment,True,adjudicator,3-0,1,1
t1_p4veg0e,0,0.0018102111062034965,-6.3125,0,0.020512593910098076,0,0.006625153302870124,english,comment,True,majority,3-0,0,0
t1_p4ugaif,0,0.004007288720458746,-5.515625,0,0.031010432168841362,0,0.012397879390280978,english,comment,True,unanimous,3-0,0,0
t1_p643guo,0,0.08509904891252518,-2.375,0,0.4585452079772949,0,0.13181118370650136,taglish,comment,True,adjudicator,2-1,0,1
t1_p4zkylt,0,0.0033766122069209814,-5.6875,0,0.05756080895662308,0,0.01083401162837129,english,comment,True,adjudicator,2-1,0,0
t1_p2uml1r,1,0.08269734680652618,-2.40625,0,0.46354541182518005,0,0.12899861595036446,english,comment,True,adjudicator,2-1,1,1
t1_p2uhdx6,0,0.20497775077819824,-1.35546875,0,0.7004328966140747,0,0.25429477422554,taglish,comment,True,unanimous,3-0,0,0
t1_p5x0sxv,1,0.756717324256897,1.134765625,1,0.9015766382217407,1,0.7110859507997204,tagalog,comment,True,majority,3-0,1,1
t1_p2tyawn,0,0.4154323637485504,-0.341552734375,0,0.8484182357788086,0,0.43263937764103405,tagalog,comment,True,adjudicator,2-1,0,1
t1_p5c5o6c,0,0.12984344363212585,-1.90234375,0,0.7124163508415222,0,0.18095491268199992,taglish,comment,True,majority,3-0,0,0
t1_p4zsr2h,0,0.04084571823477745,-3.15625,0,0.33122333884239197,0,0.07550021703806414,taglish,comment,True,majority,3-0,0,0
t1_p51aow7,0,0.24689632654190063,-1.115234375,0,0.7572122812271118,0,0.2921092061033696,tagalog,comment,True,adjudicator,2-1,0,1
t1_p60ftr7,0,0.0015011822106316686,-6.5,0,0.008389878086745739,0,0.005714296397571114,english,comment,True,majority,3-0,0,0
t1_p7jqdah,0,0.012241275049746037,-4.390625,0,0.19541260600090027,0,0.029746630675691697,taglish,comment,True,majority,3-0,0,0
t1_p7n2vs1,0,0.20561502873897552,-1.3515625,0,0.6716001033782959,0,0.2548831461494818,tagalog,comment,True,adjudicator,2-1,0,1
t1_p5s30sq,0,0.0011879054363816977,-6.734375,0,0.021423745900392532,0,0.004748923987102981,english,comment,True,adjudicator,2-1,0,0
t1_p6z5htd,0,0.005730246659368277,-5.15625,0,0.058390479534864426,0,0.016422915972736242,taglish,comment,True,majority,3-0,0,0
t1_p4zvlej,0,0.0007554056355729699,-7.1875,0,0.0042973654344677925,0,0.003319147855740285,taglish,comment,True,unanimous,3-0,0,0
t1_p5i9015,0,0.1705079972743988,-1.58203125,0,0.6622113585472107,0,0.2217220701781851,tagalog,comment,True,adjudicator,2-1,0,0
t1_p73r98w,0,0.9124361872673035,2.34375,1,0.9782137870788574,1,0.8653244076884726,tagalog,comment,True,adjudicator,2-1,0,1
t1_p7ml1k9,0,0.227469339966774,-1.22265625,0,0.6947088241577148,0,0.2747962155568812,tagalog,comment,True,adjudicator,2-1,0,0
t1_p7giw5m,0,0.037892427295446396,-3.234375,0,0.27633869647979736,0,0.07128439390487697,taglish,comment,True,majority,3-0,0,0
t1_p3l0ali,1,0.944587230682373,2.8359375,1,0.975660502910614,1,0.9047268534104371,taglish,comment,True,majority,3-0,1,1
t1_p512z9c,0,0.001867565792053938,-6.28125,0,0.008927155286073685,0,0.006790402970719936,english,comment,True,majority,3-0,0,0
t1_p4xzkq6,0,0.00407013762742281,-5.5,0,0.0372922345995903,0,0.012550648194851056,english,comment,True,majority,3-0,0,0
t1_p2trcxp,0,0.2782568037509918,-0.953125,0,0.7950353026390076,0,0.31940754596762627,taglish,comment,True,majority,3-0,0,0
t1_p6f6lz0,0,0.01640303246676922,-4.09375,0,0.25040769577026367,0,0.03735523030364032,tagalog,comment,True,majority,3-0,0,0
t1_p60nin3,1,0.27125170826911926,-0.98828125,0,0.7385549545288086,0,0.3133725012747703,taglish,comment,True,unanimous,3-0,1,1
t1_p4zfzaf,0,0.06142404302954674,-2.7265625,0,0.5057920217514038,0,0.10302335725968206,tagalog,comment,True,unanimous,3-0,0,0
t1_p4vxflx,0,0.012821215204894543,-4.34375,0,0.20147208869457245,0,0.03083941742596216,taglish,comment,True,majority,3-0,0,0
t1_p7lvk4g,0,0.027585282921791077,-3.5625,0,0.26691746711730957,0,0.055853026955312565,tagalog,comment,True,majority,3-0,0,0
t1_p50elob,0,0.07477004826068878,-2.515625,0,0.3977980613708496,0,0.11955479571508143,tagalog,comment,True,unanimous,3-0,0,0
t1_p4u87m2,0,0.0034834241960197687,-5.65625,0,0.04373125731945038,0,0.011103068496421335,english,comment,True,majority,3-0,0,0
t1_p4u6zzm,0,0.03488088399171829,-3.3203125,0,0.33701226115226746,0,0.0668987285152979,tagalog,comment,True,unanimous,3-0,0,0
t1_p30c4wc,0,0.16885694861412048,-1.59375,0,0.6850072145462036,0,0.22012120102298346,taglish,comment,True,adjudicator,2-1,0,1
t1_p65tyao,0,0.06052939593791962,-2.7421875,0,0.4610593020915985,0,0.10188296268196406,taglish,comment,True,unanimous,3-0,0,0
t1_p7jbnaw,0,0.05146276578307152,-2.9140625,0,0.37720584869384766,0,0.0900607874854846,taglish,comment,True,majority,3-0,0,0
t1_p7c2ojg,0,0.14953139424324036,-1.73828125,0,0.6470514535903931,0,0.20106124262105626,tagalog,comment,True,adjudicator,2-1,0,0
t1_p6ghwwp,0,0.08093671500682831,-2.4296875,0,0.5740500092506409,0,0.12692287848794154,taglish,comment,True,majority,3-0,0,0
t1_p7ifrk3,0,0.16079242527484894,-1.65234375,0,0.6171841621398926,0,0.21224161537257258,tagalog,comment,True,adjudicator,2-1,0,0
t1_p50qks9,0,0.07864238321781158,-2.4609375,0,0.47527962923049927,0,0.12419969507358472,taglish,comment,True,majority,3-0,0,0
t1_p4yghgu,1,0.0844927504658699,-2.3828125,0,0.40510404109954834,0,0.13110320309046855,english,comment,True,majority,3-0,1,1
t1_p4x92up,0,0.004609572235494852,-5.375,0,0.026630520820617676,0,0.013841574244893321,taglish,comment,True,majority,3-0,0,0
t1_p2tqrp0,1,0.027585282921791077,-3.5625,0,0.18948140740394592,0,0.055853026955312565,tagalog,comment,True,adjudicator,2-1,1,1
t1_p4q21ky,0,0.04778006672859192,-2.9921875,0,0.29190385341644287,0,0.08510676933563796,english,comment,True,majority,3-0,0,0
t1_p60lhu5,0,0.0019877743907272816,-6.21875,0,0.02269202098250389,0,0.007133280940827821,english,comment,True,majority,3-0,0,0
t1_p608is8,0,0.0026316740550100803,-5.9375,0,0.04553896188735962,0,0.008901475730412245,tagalog,comment,True,majority,3-0,0,0
t1_p6z9udn,1,0.10557883977890015,-2.13671875,0,0.494548499584198,0,0.1549995697060726,english,comment,True,adjudicator,2-1,1,0
t1_p6dqjzr,0,0.004609572235494852,-5.375,0,0.03300179913640022,0,0.013841574244893321,taglish,comment,True,adjudicator,2-1,0,1
t1_p5ymiyh,0,0.6761924028396606,0.736328125,1,0.8789726495742798,1,0.6420847367439463,tagalog,comment,True,adjudicator,2-1,0,0
t1_p6bfpfe,0,0.06608537584543228,-2.6484375,0,0.3171267807483673,0,0.10889615606946729,english,comment,True,unanimous,3-0,0,0
t1_p30fbj0,0,0.05070536583662033,-2.9296875,0,0.4270915389060974,0,0.08904963427534035,tagalog,comment,True,adjudicator,2-1,0,0
t1_p4yroje,0,0.0015011822106316686,-6.5,0,0.012590530328452587,0,0.005714296397571114,english,comment,True,majority,3-0,0,0
t1_p7m08zd,0,0.08945459872484207,-2.3203125,0,0.4877433776855469,0,0.13685824525739057,taglish,comment,True,adjudicator,2-1,0,0
t1_p50ir21,0,0.08632347732782364,-2.359375,0,0.44411811232566833,0,0.13323687379881835,taglish,comment,True,adjudicator,2-1,0,0
t1_p73s69c,0,0.15052762627601624,-1.73046875,0,0.6270981431007385,0,0.20205915620773537,tagalog,comment,True,adjudicator,2-1,0,0
t1_p4whtq5,0,0.039048291742801666,-3.203125,0,0.2713187336921692,0,0.07294399681507249,tagalog,comment,True,adjudicator,2-1,0,1
t1_p4xeh56,0,0.15817435085773468,-1.671875,0,0.5342873930931091,0,0.2096613247491446,tagalog,comment,True,adjudicator,2-1,0,1
t1_p60fumn,0,0.0013250225456431508,-6.625,0,0.010808106511831284,0,0.0051773765411583985,english,comment,True,majority,3-0,0,0
t1_p4y9kys,0,0.5983121991157532,0.3984375,1,0.9432848691940308,1,0.5784076520300352,tagalog,comment,True,adjudicator,2-1,0,0
t1_p7mx7f6,0,0.501739501953125,0.0069580078125,1,0.7552818059921265,1,0.5013806401061552,english,comment,True,adjudicator,2-1,0,1
t1_p5rmw8p,0,0.0013250225456431508,-6.625,0,0.007886617444455624,0,0.0051773765411583985,english,comment,True,adjudicator,3-0,0,0
t1_p5rnkzw,0,0.012624949216842651,-4.359375,0,0.08507024496793747,0,0.030470903823707325,english,comment,True,majority,3-0,0,0
t1_p7n8j7j,1,0.9213575720787048,2.4609375,1,0.9711045026779175,1,0.8758003049264153,taglish,comment,True,majority,3-0,1,1
t1_p7mgpg5,1,0.021287353709340096,-3.828125,0,0.2312513291835785,0,0.0457215909597448,tagalog,comment,True,adjudicator,2-1,1,0
t1_p5slogr,0,0.017442483454942703,-4.03125,0,0.18737362325191498,0,0.039180580814391304,tagalog,comment,True,majority,3-0,0,0
t1_p4jzi1e,0,0.010489092208445072,-4.546875,0,0.16165287792682648,0,0.02636864634508289,taglish,comment,True,adjudicator,2-1,0,0
t1_p3zqwoo,0,0.10447732359170914,-2.1484375,0,0.7079758048057556,0,0.15378525605209312,taglish,comment,True,majority,3-0,0,0
t1_p6zqdwy,0,0.004538431763648987,-5.390625,0,0.04460446164011955,0,0.013673309635231667,tagalog,comment,True,adjudicator,2-1,0,0
t1_p7lorn4,0,0.8006919622421265,1.390625,1,0.9599711894989014,1,0.7509601743113259,tagalog,comment,True,adjudicator,2-1,0,0
t1_p7lzg2d,0,0.3729618489742279,-0.51953125,0,0.8594205379486084,0,0.39834823573082984,tagalog,comment,True,unanimous,3-0,0,0
t1_p50tbf8,0,0.0018969200318679214,-6.265625,0,0.034233808517456055,0,0.006874556454673583,taglish,comment,True,majority,3-0,0,0
t1_p4zabq2,1,0.1427091360092163,-1.79296875,0,0.49451780319213867,0,0.19417915325946433,english,comment,True,adjudicator,2-1,1,1
t1_p30d38o,0,0.3640989661216736,-0.5576171875,0,0.8784103393554688,0,0.39112612765184923,tagalog,comment,True,adjudicator,2-1,0,1
t1_p50yp3l,0,0.02280263788998127,-3.7578125,0,0.2500038743019104,0,0.04821918698396029,taglish,comment,True,majority,3-0,0,0
t1_p5j2efy,0,0.057918090373277664,-2.7890625,0,0.40880298614501953,0,0.09852869615926792,english,comment,True,majority,3-0,0,0
t1_p7jf6ix,0,0.03358950838446617,-3.359375,0,0.29387807846069336,0,0.06498915584176368,taglish,comment,True,unanimous,3-0,0,0
t1_p384082,0,0.0017546144081279635,-6.34375,0,0.011835388839244843,0,0.006463898940371175,tagalog,comment,True,majority,3-0,0,0
t1_p7m2vfz,1,0.11676401644945145,-2.0234375,0,0.5940533876419067,0,0.1671442274237576,english,comment,True,adjudicator,2-1,1,0
t1_p60bvz2,0,0.00482972152531147,-5.328125,0,0.07563245296478271,0,0.014358712030039116,english,comment,True,majority,3-0,0,0
t1_p511sw7,0,0.002800926798954606,-5.875,0,0.016327081248164177,0,0.009349947758124552,taglish,comment,True,unanimous,3-0,0,0
t1_p7m4zun,0,0.052618954330682755,-2.890625,0,0.4977526068687439,0,0.09159691760522852,taglish,comment,True,majority,3-0,0,0
t1_p5bzv4g,0,0.005641908384859562,-5.171875,0,0.051132600754499435,0,0.016223787621276468,taglish,comment,True,unanimous,3-0,0,0
t1_p4u3xsx,0,0.0029349515680223703,-5.828125,0,0.027125805616378784,0,0.009700923786446087,english,comment,True,majority,3-0,0,0
t1_p5jhneh,0,0.04885777831077576,-2.96875,0,0.4997219443321228,0,0.08656643951077618,tagalog,comment,True,adjudicator,2-1,0,0
t1_p74oz6d,0,0.1859472095966339,-1.4765625,0,0.679706335067749,0,0.23650297646071608,english,comment,True,majority,3-0,0,0
t1_p4g1qz1,1,0.3734187185764313,-0.517578125,0,0.7378942370414734,0,0.3987198249918536,taglish,comment,True,adjudicator,2-1,1,0
t1_p748phk,0,0.5371324419975281,0.1488037109375,1,0.9062836170196533,1,0.5294921219178879,taglish,comment,True,adjudicator,2-1,0,0
t1_p6yl0v2,0,0.011331754736602306,-4.46875,0,0.10296563804149628,0,0.028008222276532428,english,comment,True,unanimous,3-0,0,0
t1_p5036a3,1,0.8727816939353943,1.92578125,1,0.954389750957489,1,0.821785801685239,english,comment,True,majority,3-0,1,1
t1_p7ltlyb,0,0.13892841339111328,-1.82421875,0,0.7327069640159607,0,0.19032752943393377,taglish,comment,True,adjudicator,3-0,0,0
t1_p5uuj0z,1,0.004007288720458746,-5.515625,0,0.023821834474802017,0,0.012397879390280978,english,comment,True,majority,3-0,1,1
t1_p7lp7fc,0,0.29624688625335693,-0.865234375,0,0.8099451065063477,0,0.3347593412886394,english,comment,True,adjudicator,2-1,0,1
t1_p7jbig7,0,0.004538431763648987,-5.390625,0,0.051588065922260284,0,0.013673309635231667,english,comment,True,majority,3-0,0,0
t1_p6xteht,0,0.0011879054363816977,-6.734375,0,0.004893128294497728,0,0.004748923987102981,english,comment,True,majority,3-0,0,0
t1_p5yqv3v,1,0.02080449089407921,-3.8515625,0,0.20298819243907928,0,0.044916773634859054,taglish,comment,True,majority,3-0,1,1
t1_p7n4wbu,0,0.10818895697593689,-2.109375,0,0.5941080451011658,0,0.15786341126626632,tagalog,comment,True,adjudicator,2-1,0,0
t1_p2tq7gu,0,0.33895182609558105,-0.66796875,0,0.6922495365142822,0,0.37047790420874205,tagalog,comment,True,adjudicator,2-1,0,0
t1_p65t64d,0,0.016914913430809975,-4.0625,0,0.16582465171813965,0,0.03825745353026623,taglish,comment,True,majority,3-0,0,0
t1_p45ehgo,0,0.023509452119469643,-3.7265625,0,0.303859144449234,0,0.04937034514650597,english,comment,True,adjudicator,2-1,0,0
t1_p4jlary,0,0.0011160142021253705,-6.796875,0,0.006045469548553228,0,0.004520133983425725,english,comment,True,majority,3-0,0,0
t1_p4zu4vf,0,0.0012065897462889552,-6.71875,0,0.006736805662512779,0,0.004807899887783024,english,comment,True,majority,3-0,0,0
t1_p4x9009,0,0.09434341639280319,-2.26171875,0,0.5348162055015564,0,0.14244524371400494,taglish,comment,True,adjudicator,2-1,0,1
t1_p454epx,0,0.13028542697429657,-1.8984375,0,0.6586986780166626,0,0.18141487721353106,taglish,comment,True,adjudicator,2-1,0,1
t1_p74br4v,0,0.0032730652019381523,-5.71875,0,0.015288293361663818,0,0.010571405024497727,taglish,comment,True,adjudicator,2-1,0,0
t1_p383o79,0,0.0033244371879845858,-5.703125,0,0.03778079152107239,0,0.010701911579695408,taglish,comment,True,unanimous,3-0,0,0
t1_p73bpgk,0,0.011687257327139378,-4.4375,0,0.10438289493322372,0,0.028691420180336213,english,comment,True,majority,3-0,0,0
t1_p4z43vb,0,0.14128142595291138,-1.8046875,0,0.6045136451721191,0,0.1927279028929596,tagalog,comment,True,adjudicator,2-1,0,1
t1_p7lsks9,0,0.09467770159244537,-2.2578125,0,0.476491779088974,0,0.14282439093381138,english,comment,True,majority,3-0,0,0
t1_p7dfsdv,0,0.021948251873254776,-3.796875,0,0.2776382267475128,0,0.04681605578418362,tagalog,comment,True,adjudicator,2-1,0,0
t1_p6klcbn,0,0.0009850084315985441,-6.921875,0,0.004767363891005516,0,0.00409495646881847,taglish,comment,True,unanimous,3-0,0,0
t3_1vsxcjv,0,0.0222861859947443,-3.78125,0,0.29820817708969116,0,0.04737258803967525,taglish,submission,True,unanimous,3-0,0,0
t1_p2toy18,0,0.35667070746421814,-0.58984375,0,0.7467150092124939,0,0.3850520063128256,tagalog,comment,True,adjudicator,2-1,0,1
t1_p7coaos,0,0.0037654140032827854,-5.578125,0,0.12275253236293793,0,0.011804954849988933,english,comment,True,adjudicator,2-1,0,0
t1_p647gr2,1,0.6270381808280945,0.51953125,1,0.8945274353027344,1,0.6016517642691702,tagalog,comment,True,adjudicator,2-1,1,1
t1_p6arcbc,0,0.010328153148293495,-4.5625,0,0.22548823058605194,0,0.02605211985458114,tagalog,comment,True,adjudicator,3-0,0,0
t1_p310ut6,0,0.0019877743907272816,-6.21875,0,0.03335551917552948,0,0.007133280940827821,taglish,comment,True,unanimous,3-0,0,0
t1_p30bzig,0,0.11757213622331619,-2.015625,0,0.5523438453674316,0,0.16800920287565635,tagalog,comment,True,majority,3-0,0,0
t1_p7ja6fr,0,0.01353214867413044,-4.2890625,0,0.11678890883922577,0,0.03216349180025522,tagalog,comment,True,majority,3-0,0,0
t1_p7ezfxl,0,0.1859472095966339,-1.4765625,0,0.554027259349823,0,0.23650297646071608,taglish,comment,True,adjudicator,2-1,0,0
t1_p74ni82,1,0.33328619599342346,-0.693359375,0,0.7869011163711548,0,0.3657902391799551,tagalog,comment,True,adjudicator,2-1,1,1
t1_p60dx3a,1,0.8294920325279236,1.58203125,1,0.9188591241836548,1,0.7782779298218149,taglish,comment,True,majority,3-0,1,1
t1_p74b71a,0,0.013020490296185017,-4.328125,0,0.16443473100662231,0,0.031212244335297512,taglish,comment,True,majority,3-0,0,0
t1_p7mdf7w,0,0.11436852067708969,-2.046875,0,0.6742746829986572,0,0.16457065809883922,taglish,comment,True,majority,3-0,0,0
t1_p7lp1y4,0,0.12549343705177307,-1.94140625,0,0.6437065601348877,0,0.1764051822778325,tagalog,comment,True,unanimous,3-0,0,0
t1_p7mfoiu,0,0.2575782835483551,-1.05859375,0,0.7285548448562622,0,0.30149131214554836,tagalog,comment,True,adjudicator,2-1,0,0
t1_p50zwiu,0,0.008187909610569477,-4.796875,0,0.06321252137422562,0,0.02172595502245546,english,comment,True,majority,3-0,0,0
t1_p73qlb6,0,0.2857704162597656,-0.916015625,0,0.7501786947250366,0,0.32584415718164866,tagalog,comment,True,majority,3-0,0,0
t1_p4fv6um,1,0.9918121099472046,4.796875,1,0.9919831156730652,1,0.9782740449775444,taglish,comment,True,unanimous,3-0,1,1
t1_p7kisij,0,0.030214587226510048,-3.46875,0,0.26439350843429565,0,0.059909069573680473,english,comment,True,unanimous,3-0,0,0
t1_p7lz2vt,0,0.6059156656265259,0.43017578125,1,0.8234278559684753,1,0.5845380258030468,taglish,comment,True,adjudicator,2-1,0,1
t1_p4kxsng,0,0.004331502132117748,-5.4375,0,0.055567484349012375,0,0.013180526932409332,taglish,comment,True,majority,3-0,0,0
t1_p4trkiv,0,0.42765066027641296,-0.29144287109375,0,0.861859917640686,0,0.44242690065920315,taglish,comment,True,unanimous,3-0,0,0
t1_p4ufn6b,0,0.0029349515680223703,-5.828125,0,0.024945653975009918,0,0.009700923786446087,english,comment,True,majority,3-0,0,0
t1_p7lx4re,0,0.05146276578307152,-2.9140625,0,0.4394002854824066,0,0.0900607874854846,taglish,comment,True,adjudicator,2-1,0,0
t1_p4fxpfh,0,0.012624949216842651,-4.359375,0,0.0849495455622673,0,0.030470903823707325,taglish,comment,True,majority,3-0,0,0
t1_p6yxmwe,0,0.11757213622331619,-2.015625,0,0.6414288282394409,0,0.16800920287565635,taglish,comment,True,adjudicator,2-1,0,0
t1_p6fm9xr,1,0.16995622217655182,-1.5859375,0,0.4525536894798279,0,0.22118752371544248,english,comment,True,adjudicator,2-1,1,1
t1_p7lviww,1,0.015424554236233234,-4.15625,0,0.21633058786392212,0,0.03561176757665666,english,comment,True,majority,3-0,1,1
t1_p45cyin,0,0.21800270676612854,-1.27734375,0,0.651836097240448,0,0.26623129419498626,taglish,comment,True,majority,3-0,0,0
t1_p73uz2a,0,0.06804042309522629,-2.6171875,0,0.4509316682815552,0,0.11132644864738975,tagalog,comment,True,adjudicator,2-1,0,0
t1_p7jja9e,0,0.0024726232513785362,-6.0,0,0.013865466229617596,0,0.008474330736828782,taglish,comment,True,majority,3-0,0,0
t1_p7jt0q5,0,0.011331754736602306,-4.46875,0,0.10022522509098053,0,0.028008222276532428,taglish,comment,True,unanimous,3-0,0,0
t1_p5qucbl,1,0.08509904891252518,-2.375,0,0.5068010687828064,0,0.13181118370650136,taglish,comment,True,adjudicator,2-1,1,1
t1_p7m5j10,1,0.36931508779525757,-0.53515625,0,0.8098020553588867,0,0.3953797697052617,tagalog,comment,True,adjudicator,2-1,1,1
t1_p4dkxkh,0,0.023689471185207367,-3.71875,0,0.2583005130290985,0,0.049662180601942656,taglish,comment,True,unanimous,3-0,0,0
t1_p6xmt4g,0,0.13568955659866333,-1.8515625,0,0.6393148899078369,0,0.18700552829787864,english,comment,True,unanimous,3-0,0,0
t1_p50g5j6,0,0.7655933499336243,1.18359375,1,0.9099413752555847,1,0.7189822795340065,english,comment,True,adjudicator,3-0,0,1
t1_p50q5oi,1,0.1525365114212036,-1.71484375,0,0.6128208041191101,0,0.2040660666822695,tagalog,comment,True,adjudicator,2-1,1,1
t1_p44rjag,1,0.22884514927864075,-1.21484375,0,0.831739604473114,0,0.27603365229139604,taglish,comment,True,unanimous,3-0,1,1
t1_p7mf09u,0,0.0038244836032390594,-5.5625,0,0.04301604628562927,0,0.01195050594416123,english,comment,True,adjudicator,2-1,0,0
t1_p5dnved,0,0.5501240491867065,0.201171875,1,0.9206342697143555,1,0.5398329646282308,tagalog,comment,True,adjudicator,2-1,0,1
t1_p5ie0dn,0,0.0033766122069209814,-5.6875,0,0.028632406145334244,0,0.01083401162837129,tagalog,comment,True,adjudicator,2-1,0,0
t1_p5jrfg1,0,0.04672495648264885,-3.015625,0,0.32503998279571533,0,0.08366945739938521,taglish,comment,True,adjudicator,2-1,0,1
t1_p4tjekx,0,0.002115703420713544,-6.15625,0,0.015493455342948437,0,0.00749334173836876,taglish,comment,True,majority,3-0,0,0
t1_p4u2mae,0,0.04885777831077576,-2.96875,0,0.21145805716514587,0,0.08656643951077618,english,comment,True,majority,3-0,0,0
t1_p5jt0rk,0,0.5273773670196533,0.109619140625,1,0.9171344637870789,1,0.5217374817027334,tagalog,comment,True,adjudicator,2-1,0,1
t1_p483rqa,0,0.012624949216842651,-4.359375,0,0.11855407804250717,0,0.030470903823707325,taglish,comment,True,majority,3-0,0,0
t1_p4ecv3f,0,0.056236349046230316,-2.8203125,0,0.4636649489402771,0,0.0963474931819994,english,comment,True,majority,3-0,0,0
t3_1vkahtp,0,0.007815889082849026,-4.84375,0,0.0916852056980133,0,0.020949121007695408,taglish,submission,True,unanimous,3-0,0,0
t3_1vf3h8b,0,0.0012255674228072166,-6.703125,0,0.0035100446548312902,0,0.004867604615834009,taglish,submission,True,majority,3-0,0,0
t1_p3jm6p5,0,0.0025909794494509697,-5.953125,0,0.049309082329273224,0,0.008792729803041254,tagalog,comment,True,adjudicator,2-1,0,1
t1_p77lmf8,0,0.052618954330682755,-2.890625,0,0.5100564360618591,0,0.09159691760522852,tagalog,comment,True,adjudicator,2-1,0,0
t1_p448l30,0,0.011158031411468983,-4.484375,0,0.09905533492565155,0,0.02767257386929264,taglish,comment,True,adjudicator,3-0,0,0
t1_p50cv03,0,0.4464947283267975,-0.21484375,0,0.7118158340454102,0,0.45747260036249754,english,comment,True,majority,3-0,0,0
t1_p5io5u0,0,0.7994423508644104,1.3828125,1,0.9236226081848145,1,0.7497987059929757,tagalog,comment,True,adjudicator,2-1,0,0
t1_p73t0d5,0,0.001622967072762549,-6.421875,0,0.009156791493296623,0,0.006077622282158479,english,comment,True,unanimous,3-0,0,0
t1_p4l2s2p,0,0.0015487609198316932,-6.46875,0,0.006237347610294819,0,0.00585696072558967,english,comment,True,majority,3-0,0,0
t1_p50pvuh,0,0.028870904818177223,-3.515625,0,0.1689111441373825,0,0.057847690858655224,english,comment,True,majority,3-0,0,0
t1_p54gif5,0,0.012053778395056725,-4.40625,0,0.12946419417858124,0,0.029390779254572418,taglish,comment,True,unanimous,3-0,0,0
t1_p50au6o,0,0.957277774810791,3.109375,1,0.980862557888031,1,0.9218615339099742,english,comment,True,adjudicator,2-1,0,0
t1_p5syyh9,0,0.006589771714061499,-5.015625,0,0.18146495521068573,0,0.018326616361903126,taglish,comment,True,majority,3-0,0,0
t1_p7moe5s,0,0.007460643537342548,-4.890625,0,0.1467331349849701,0,0.02019948996564318,tagalog,comment,True,adjudicator,2-1,0,1
t1_p6tgu1c,1,0.46678483486175537,-0.133056640625,0,0.9143375754356384,0,0.47362272921018944,taglish,comment,True,majority,3-0,1,1
t1_p4xcwy0,0,0.0016484829830005765,-6.40625,0,0.00741377379745245,0,0.006152996997001279,taglish,comment,True,majority,3-0,0,0
t1_p5c77fo,0,0.024423090741038322,-3.6875,0,0.36608392000198364,0,0.050845947651243395,taglish,comment,True,unanimous,3-0,0,0
t1_p5q7ki2,0,0.03210070729255676,-3.40625,0,0.31822532415390015,0,0.0627646494780586,taglish,comment,True,unanimous,3-0,0,0
t1_p4vqg21,0,0.00806199200451374,-4.8125,0,0.16780880093574524,0,0.021463930326802754,taglish,comment,True,majority,3-0,0,0
t1_p4cp0lk,0,0.0038244836032390594,-5.5625,0,0.03756894916296005,0,0.01195050594416123,taglish,comment,True,majority,3-0,0,0
t1_p4817ch,0,0.005060331430286169,-5.28125,0,0.06847662478685379,0,0.014894878880425746,taglish,comment,True,unanimous,3-0,0,0
t1_p7jjpo1,0,0.0012255674228072166,-6.703125,0,0.009188893251121044,0,0.004867604615834009,tagalog,comment,True,unanimous,3-0,0,0
t1_p5fipul,1,0.020023442804813385,-3.890625,0,0.3001996874809265,0,0.04360533680148906,english,comment,True,majority,3-0,1,1
t1_p30yuvj,0,0.014281933195888996,-4.234375,0,0.20051446557044983,0,0.03354244710736576,taglish,comment,True,majority,3-0,0,0
t1_p502ue7,0,0.03993731364607811,-3.1796875,0,0.29096272587776184,0,0.07421198374248297,tagalog,comment,True,unanimous,3-0,0,0
t1_p73s2mn,0,0.0032730652019381523,-5.71875,0,0.030902061611413956,0,0.010571405024497727,english,comment,True,majority,3-0,0,0
t1_p7m1rkx,0,0.11436852067708969,-2.046875,0,0.536822497844696,0,0.16457065809883922,tagalog,comment,True,adjudicator,2-1,0,0
t1_p4uowx1,0,0.16830945014953613,-1.59765625,0,0.4885629415512085,0,0.21958942511917479,tagalog,comment,True,majority,3-0,0,0
t1_p4e4wi8,0,0.1276526302099228,-1.921875,0,0.6193325519561768,0,0.1786687159986003,tagalog,comment,True,adjudicator,2-1,0,1
t1_p4tfxen,0,0.004007288720458746,-5.515625,0,0.03478012606501579,0,0.012397879390280978,taglish,comment,True,majority,3-0,0,0
t1_p7jd8hz,0,0.05033063143491745,-2.9375,0,0.43362534046173096,0,0.08854790794049147,taglish,comment,True,unanimous,3-0,0,0
t1_p5r3506,0,0.8193157911300659,1.51171875,1,0.9281916618347168,1,0.7684984482071648,taglish,comment,True,adjudicator,2-1,0,0
t1_p5ui0hy,0,0.0026730059180408716,-5.921875,0,0.008925016969442368,0,0.009011554368320265,english,comment,True,majority,3-0,0,0
t1_p74jxzr,0,0.00172745855525136,-6.359375,0,0.009795714169740677,0,0.006384740118678921,english,comment,True,majority,3-0,0,0
t1_p5g0w2g,0,0.26779094338417053,-1.005859375,0,0.6892684698104858,0,0.3103783418020358,taglish,comment,True,adjudicator,2-1,0,1
t1_p73rb1a,0,0.31174105405807495,-0.7919921875,0,0.7558392286300659,0,0.3478270042262718,tagalog,comment,True,adjudicator,2-1,0,0
t3_1vq2ryv,0,0.08509904891252518,-2.375,0,0.5127182602882385,0,0.13181118370650136,taglish,submission,True,majority,3-0,0,0
t1_p5d035b,0,0.001867565792053938,-6.28125,0,0.009820262901484966,0,0.006790402970719936,english,comment,True,majority,3-0,0,0
t1_p55x2jo,0,0.009268012829124928,-4.671875,0,0.13627466559410095,0,0.023937750222767996,english,comment,True,majority,3-0,0,0
t1_p60fsfd,0,0.0015731120947748423,-6.453125,0,0.009049134328961372,0,0.0059296151207206965,english,comment,True,majority,3-0,0,0
t1_p7m7cxw,0,0.0061929901130497456,-5.078125,0,0.06412253528833389,0,0.017455163274419126,tagalog,comment,True,unanimous,3-0,0,0
t1_p5em4m2,0,0.004007288720458746,-5.515625,0,0.08963991701602936,0,0.012397879390280978,taglish,comment,True,unanimous,3-0,0,0
t1_p734wp5,0,0.0222861859947443,-3.78125,0,0.33352726697921753,0,0.04737258803967525,taglish,comment,True,adjudicator,2-1,0,1
t1_p62dwwm,0,0.005730246659368277,-5.15625,0,0.028016677126288414,0,0.016422915972736242,tagalog,comment,True,adjudicator,2-1,0,0
t1_p60dg8g,0,0.0015487609198316932,-6.46875,0,0.019929971545934677,0,0.00585696072558967,english,comment,True,majority,3-0,0,0
t1_p5fkind,0,0.0010649627074599266,-6.84375,0,0.008891656994819641,0,0.0043557726772487215,tagalog,comment,True,majority,3-0,0,0
t1_p3zck8b,1,0.6320486664772034,0.541015625,1,0.9376670122146606,1,0.605731432373679,taglish,comment,True,majority,3-0,1,1
t1_p7bieuf,0,0.04115288704633713,-3.1484375,0,0.3692246079444885,0,0.07593417232909877,taglish,comment,True,adjudicator,2-1,0,0
t1_p4kxiyf,0,0.09334688633680344,-2.2734375,0,0.487459272146225,0,0.14131283625517563,tagalog,comment,True,unanimous,3-0,0,0
t1_p7369ly,0,0.06804042309522629,-2.6171875,0,0.535540759563446,0,0.11132644864738975,tagalog,comment,True,adjudicator,2-1,0,1
t1_p4ft070,0,0.15921740233898163,-1.6640625,0,0.7052540183067322,0,0.2106906661523308,taglish,comment,True,majority,3-0,0,0
t1_p7im5vu,0,0.026963496580719948,-3.5859375,0,0.20311376452445984,0,0.05488012657122779,tagalog,comment,True,adjudicator,3-0,0,0
t1_p5qdpvh,0,0.014281933195888996,-4.234375,0,0.13137081265449524,0,0.03354244710736576,english,comment,True,adjudicator,3-0,0,1
t1_p4z9wsd,0,0.0038244836032390594,-5.5625,0,0.10514241456985474,0,0.01195050594416123,taglish,comment,True,majority,3-0,0,0
t1_p7luxcl,0,0.33545970916748047,-0.68359375,0,0.8041159510612488,0,0.3675902353555944,tagalog,comment,True,adjudicator,2-1,0,0
t1_p7huf95,0,0.38861799240112305,-0.453125,0,0.751517653465271,0,0.41104537079586095,tagalog,comment,True,adjudicator,2-1,0,0
t1_p72obei,0,0.11757213622331619,-2.015625,0,0.45879170298576355,0,0.16800920287565635,taglish,comment,True,unanimous,3-0,0,0
t1_p7lva82,0,0.3036285638809204,-0.830078125,0,0.8138206005096436,0,0.3410017107425582,tagalog,comment,True,adjudicator,2-1,0,1
t1_p6yw182,0,0.2778647243976593,-0.955078125,0,0.7678728103637695,0,0.31907064880252606,tagalog,comment,True,adjudicator,2-1,0,1
t1_p44tx41,0,0.01971912942826748,-3.90625,0,0.2485285848379135,0,0.04309106019730337,taglish,comment,True,majority,3-0,0,0
t1_p7ji1in,0,0.0025909794494509697,-5.953125,0,0.009936644695699215,0,0.008792729803041254,taglish,comment,True,majority,3-0,0,0
t1_p3z9zuj,0,0.5360396504402161,0.1444091796875,1,0.9197074174880981,1,0.5286230817227168,tagalog,comment,True,adjudicator,2-1,0,1
t1_p7bxg5m,0,0.05460060387849808,-2.8515625,0,0.47727078199386597,0,0.09420953082436609,tagalog,comment,True,unanimous,3-0,0,0
t1_p56p7c6,0,0.012821215204894543,-4.34375,0,0.07340525090694427,0,0.03083941742596216,taglish,comment,True,majority,3-0,0,0
t1_p5rje95,0,0.00172745855525136,-6.359375,0,0.010859627276659012,0,0.006384740118678921,taglish,comment,True,majority,3-0,0,0
t1_p6f5qnj,1,0.73829185962677,1.037109375,1,0.9584888815879822,1,0.6949054906772876,taglish,comment,True,unanimous,3-0,1,1
t1_p7lrbd1,1,0.6252092719078064,0.51171875,1,0.9514927268028259,1,0.6001647085905044,tagalog,comment,True,adjudicator,2-1,1,1
t1_p74grz2,1,0.38641607761383057,-0.46240234375,0,0.7673758268356323,0,0.40926395383763015,english,comment,True,adjudicator,2-1,1,1
t1_p7lpnuu,1,0.27125170826911926,-0.98828125,0,0.7775635719299316,0,0.3133725012747703,tagalog,comment,True,unanimous,3-0,1,1
t1_p5zwl9l,0,0.03676946833729744,-3.265625,0,0.2363201081752777,0,0.06965971262006837,taglish,comment,True,unanimous,3-0,0,0
t1_p7mi612,0,0.018124721944332123,-3.9921875,0,0.2484026551246643,0,0.0403645588962974,taglish,comment,True,unanimous,3-0,0,0
t1_p5191jp,0,0.0019877743907272816,-6.21875,0,0.02315250039100647,0,0.007133280940827821,taglish,comment,True,unanimous,3-0,0,0
t1_p5zve3c,0,0.002800926798954606,-5.875,0,0.010852957144379616,0,0.009349947758124552,taglish,comment,True,majority,3-0,0,0
t1_p4c3ldm,0,0.0017007224960252643,-6.375,0,0.01203282829374075,0,0.00630654454601807,taglish,comment,True,majority,3-0,0,0
t1_p4zfjt2,0,0.020177319645881653,-3.8828125,0,0.24519473314285278,0,0.04386466687932189,taglish,comment,True,majority,3-0,0,0
t1_p7m8yyq,0,0.18417982757091522,-1.48828125,0,0.6921869516372681,0,0.23482758725729233,taglish,comment,True,adjudicator,2-1,0,0
t1_p7hp35d,0,0.09401018172502518,-2.265625,0,0.5414611101150513,0,0.14206693617768312,taglish,comment,True,adjudicator,2-1,0,0
t1_p5jgtx3,0,0.019271137192845345,-3.9296875,0,0.2124568223953247,0,0.042330492977363125,taglish,comment,True,unanimous,3-0,0,0
t1_p3moigg,0,0.001838665222749114,-6.296875,0,0.00422266311943531,0,0.006707272677205642,taglish,comment,True,majority,3-0,0,0
t1_p7lncuv,0,0.034618839621543884,-3.328125,0,0.337242066860199,0,0.0665126930624139,taglish,comment,True,majority,3-0,0,0
t1_p66c3a3,0,0.008187909610569477,-4.796875,0,0.09424380958080292,0,0.02172595502245546,english,comment,True,majority,3-0,0,0
t1_p7iklgo,0,0.011687257327139378,-4.4375,0,0.09119870513677597,0,0.028691420180336213,english,comment,True,majority,3-0,0,0
t1_p2uwn3a,0,0.014503578655421734,-4.21875,0,0.2004377841949463,0,0.03394680714463563,english,comment,True,majority,3-0,0,0
t1_p30bval,0,0.24725964665412903,-1.11328125,0,0.6697254180908203,0,0.2924298611741965,taglish,comment,True,adjudicator,2-1,0,0
t1_p5jgk7q,0,0.002082970691844821,-6.171875,0,0.010488102212548256,0,0.007401669974056704,tagalog,comment,True,majority,3-0,0,0
t1_p7jnxvv,0,0.6918097734451294,0.80859375,1,0.8880825042724609,1,0.6551560113692187,tagalog,comment,True,majority,3-0,0,0
t1_p7jjtds,0,0.13614831864833832,-1.84765625,0,0.5420433878898621,0,0.18747735230962861,english,comment,True,adjudicator,2-1,0,0
t1_p6ahdqi,0,0.005641908384859562,-5.171875,0,0.11091136932373047,0,0.016223787621276468,taglish,comment,True,majority,3-0,0,0
t1_p30rcth,0,0.00407013762742281,-5.5,0,0.0671907514333725,0,0.012550648194851056,english,comment,True,majority,3-0,0,0
t1_p7j3cdm,0,0.031143829226493835,-3.4375,0,0.2600463628768921,0,0.061321325097737724,taglish,comment,True,majority,3-0,0,0
t1_p6zf4an,0,0.010986942797899246,-4.5,0,0.07033250480890274,0,0.02734083470272198,english,comment,True,unanimous,3-0,0,0
t1_p506pyp,1,0.6334102749824524,0.546875,1,0.747926652431488,1,0.6068415422056707,english,comment,True,adjudicator,2-1,1,0
t1_p66btta,0,0.02080449089407921,-3.8515625,0,0.24540534615516663,0,0.044916773634859054,tagalog,comment,True,majority,3-0,0,0
t1_p74cac7,0,0.00628990214318037,-5.0625,0,0.10091358423233032,0,0.017669133896818876,taglish,comment,True,unanimous,3-0,0,0
t1_p6ep13w,0,0.004133968148380518,-5.484375,0,0.04302120953798294,0,0.012705275225730527,taglish,comment,True,majority,3-0,0,0
t1_p5yyn32,0,0.010489092208445072,-4.546875,0,0.10686083883047104,0,0.02636864634508289,english,comment,True,majority,3-0,0,0
t1_p5z6z6k,0,0.46210893988609314,-0.15185546875,0,0.8954455852508545,0,0.4699044828135897,tagalog,comment,True,adjudicator,2-1,0,0
t1_p3zbstw,0,0.2351084202528,-1.1796875,0,0.7607412338256836,0,0.2816445698509014,taglish,comment,True,majority,3-0,0,0
t1_p5wwtn8,0,0.026963496580719948,-3.5859375,0,0.30970272421836853,0,0.05488012657122779,english,comment,True,majority,3-0,0,0
t1_p7jihek,0,0.008847354911267757,-4.71875,0,0.06691411137580872,0,0.02308369729877056,english,comment,True,adjudicator,2-1,0,0
t1_p456kfn,0,0.03963883966207504,-3.1875,0,0.47093161940574646,0,0.07378708466891659,tagalog,comment,True,adjudicator,2-1,0,1
t1_p7lsw8u,0,0.6872103214263916,0.787109375,1,0.9068371653556824,1,0.6512933486662055,tagalog,comment,True,adjudicator,2-1,0,1
t1_p7jsdxt,0,0.0055549247190356255,-5.1875,0,0.04976387321949005,0,0.01602703436469781,taglish,comment,True,majority,3-0,0,0
t1_p6enmiz,1,0.15662017464637756,-1.68359375,0,0.6146912574768066,0,0.20812424936564855,english,comment,True,majority,3-0,1,1
t1_p7gjhfl,0,0.13251455128192902,-1.87890625,0,0.6389373540878296,0,0.1837283525575781,tagalog,comment,True,adjudicator,2-1,0,0
t1_p5z33jv,1,0.8998278379440308,2.1953125,1,0.9193951487541199,1,0.8509942766236354,english,comment,True,majority,3-0,1,1
t1_p44p460,0,0.8098781704902649,1.44921875,1,0.9689311981201172,1,0.7595557892996542,taglish,comment,True,unanimous,3-0,0,0
t1_p4zw7pw,0,0.32809871435165405,-0.716796875,0,0.7905237078666687,0,0.3614855918256747,english,comment,True,majority,3-0,0,0
t1_p7jlbkd,0,0.10521054267883301,-2.140625,0,0.5418733954429626,0,0.1545939309064968,english,comment,True,majority,3-0,0,0
t1_p5054lx,1,0.5483711957931519,0.194091796875,1,0.8244635462760925,1,0.5384367065350548,tagalog,comment,True,adjudicator,2-1,1,0
t1_p4z4h68,1,0.18653921782970428,-1.47265625,0,0.6456043720245361,0,0.23706326953361012,taglish,comment,True,adjudicator,2-1,1,1
t1_p6ke2hu,0,0.49932861328125,-0.002685546875,0,0.7970737218856812,1,0.49946712020994555,taglish,comment,True,majority,3-0,0,0
t1_p47j2uc,0,0.16559313237667084,-1.6171875,0,0.6557773351669312,0,0.21694440569653747,tagalog,comment,True,adjudicator,3-0,0,0
t1_p30sgh7,0,0.018833130598068237,-3.953125,0,0.19046984612941742,0,0.04158276659334749,taglish,comment,True,majority,3-0,0,0
t1_p57i8fk,0,0.1294027417898178,-1.90625,0,0.6767145991325378,0,0.18049585721220904,taglish,comment,True,adjudicator,2-1,0,1
t1_p73uofn,0,0.07864238321781158,-2.4609375,0,0.4809377193450928,0,0.12419969507358472,tagalog,comment,True,majority,3-0,0,0
t1_p509kuf,0,0.0753123015165329,-2.5078125,0,0.47325772047042847,0,0.12020904065781979,taglish,comment,True,unanimous,3-0,0,0
t1_p7d99yc,0,0.7279754281044006,0.984375,1,0.9280267953872681,1,0.685960000992587,taglish,comment,True,majority,3-0,0,0
t1_p5c8afp,0,0.013020490296185017,-4.328125,0,0.17591170966625214,0,0.031212244335297512,taglish,comment,True,majority,3-0,0,0
t1_p7efw3a,0,0.053799647837877274,-2.8671875,0,0.43064016103744507,0,0.09315656648335208,english,comment,True,adjudicator,2-1,0,0
t1_p4soapy,0,0.0029349515680223703,-5.828125,0,0.035780712962150574,0,0.009700923786446087,taglish,comment,True,majority,3-0,0,0
t1_p55vx02,0,0.8568122982978821,1.7890625,1,0.9554824829101562,1,0.8053352570764603,tagalog,comment,True,adjudicator,2-1,0,1
t1_p3l74dm,0,0.0029810327105224133,-5.8125,0,0.03256888687610626,0,0.00982079070472427,taglish,comment,True,majority,3-0,0,0
t1_p30auzl,0,0.319121390581131,-0.7578125,0,0.7382778525352478,0,0.35400603975101946,tagalog,comment,True,adjudicator,2-1,0,0
t1_p4mc2md,0,0.16026602685451508,-1.65625,0,0.5580354332923889,0,0.21172370734477625,tagalog,comment,True,adjudicator,2-1,0,0
t1_p7ix4ga,0,0.0016484829830005765,-6.40625,0,0.028992511332035065,0,0.006152996997001279,taglish,comment,True,unanimous,3-0,0,0
t1_p3qxqae,0,0.01590639352798462,-4.125,0,0.13716906309127808,0,0.036473477233485777,taglish,comment,True,adjudicator,2-1,0,0
t1_p469ozo,0,0.26473838090896606,-1.021484375,0,0.8861204981803894,0,0.3077301261300605,tagalog,comment,True,adjudicator,2-1,0,0
t1_p50eh17,1,0.9768466353416443,3.7421875,1,0.9875048398971558,1,0.9512084546576463,taglish,comment,True,majority,3-0,1,1
t1_p7lrxwi,0,0.09203286468982697,-2.2890625,0,0.526617169380188,0,0.13981466950132873,tagalog,comment,True,adjudicator,2-1,0,1
t1_p6ewq51,0,0.00970847625285387,-4.625,0,0.11032918095588684,0,0.024822598595254295,taglish,comment,True,majority,3-0,0,0
t1_p7lvx69,0,0.05582314357161522,-2.828125,0,0.42271292209625244,0,0.09580897357169622,tagalog,comment,True,adjudicator,2-1,0,0
t1_p7dmni1,0,0.0013458605390042067,-6.609375,0,0.017630288377404213,0,0.0052416452819631166,english,comment,True,majority,3-0,0,0
t1_p4l17yd,0,0.338733047246933,-0.6689453125,0,0.7564171552658081,0,0.3702971508477694,tagalog,comment,True,adjudicator,2-1,0,1
t1_p79i9yq,0,0.02080449089407921,-3.8515625,0,0.36620602011680603,0,0.044916773634859054,english,comment,True,adjudicator,2-1,0,0
t1_p55yca1,0,0.16398024559020996,-1.62890625,0,0.5994635820388794,0,0.2153684863017242,taglish,comment,True,adjudicator,2-1,0,0
t1_p5efcdb,0,0.0026730059180408716,-5.921875,0,0.12402796000242233,0,0.009011554368320265,taglish,comment,True,majority,3-0,0,0
t1_p6etzfx,0,0.28378137946128845,-0.92578125,0,0.8625506162643433,0,0.32414380481067295,english,comment,True,adjudicator,2-1,0,0
t1_p7lq1th,0,0.0014325366355478764,-6.546875,0,0.0062517221085727215,0,0.005506753107359832,taglish,comment,True,majority,3-0,0,0
t1_p450mvi,0,0.13939638435840607,-1.8203125,0,0.6600974798202515,0,0.1908057679027064,english,comment,True,majority,3-0,0,0
t1_p5sk3ve,0,0.030214587226510048,-3.46875,0,0.3566384017467499,0,0.059909069573680473,taglish,comment,True,unanimous,3-0,0,0
t1_p742eld,0,0.0025114635936915874,-5.984375,0,0.03263276442885399,0,0.008579172880391962,taglish,comment,True,unanimous,3-0,0,0
t1_p72slrl,0,0.14903530478477478,-1.7421875,0,0.637009859085083,0,0.20056367068472186,taglish,comment,True,adjudicator,2-1,0,1
t1_p730f4p,0,0.5186681151390076,0.07470703125,1,0.8873319029808044,1,0.5148194107922119,taglish,comment,True,majority,3-0,0,0
t1_p1zjzkb,0,0.005819959565997124,-5.140625,0,0.07650002092123032,0,0.01662444709449999,taglish,comment,True,adjudicator,2-1,0,0
t1_p58ecy9,0,0.09739040583372116,-2.2265625,0,0.49073517322540283,0,0.14588791294033895,english,comment,True,unanimous,3-0,0,0
t1_p2k9kv6,0,0.012821215204894543,-4.34375,0,0.08333508670330048,0,0.03083941742596216,taglish,comment,True,majority,3-0,0,0
t1_p7lnpog,0,0.16940587759017944,-1.58984375,0,0.6480602025985718,0,0.22065390060781706,tagalog,comment,True,adjudicator,2-1,0,0
t1_p7d7pr3,0,0.40615516901016235,-0.3798828125,0,0.8084720373153687,0,0.4251876135164572,taglish,comment,True,majority,3-0,0,0
t1_p445358,0,0.12168575078248978,-1.9765625,0,0.5187427997589111,0,0.17238771457320082,taglish,comment,True,adjudicator,2-1,0,0
t1_p1qju8b,0,0.010818448849022388,-4.515625,0,0.11438670754432678,0,0.027012961944413504,english,comment,True,adjudicator,2-1,0,0
t1_p5x3e7v,1,0.1540575623512268,-1.703125,0,0.5810829401016235,0,0.20558095177087027,taglish,comment,True,adjudicator,2-1,1,1
t1_p73pin8,1,0.1352320909500122,-1.85546875,0,0.6990054845809937,0,0.1865346191191224,taglish,comment,True,unanimous,3-0,1,1
t1_p7360fs,0,0.017176708206534386,-4.046875,0,0.27183160185813904,0,0.03871637676605561,tagalog,comment,True,adjudicator,2-1,0,1
t1_p736e47,1,0.9857181310653687,4.234375,1,0.9881266951560974,1,0.9664575528926344,taglish,comment,True,majority,3-0,1,1
t1_p5qbd26,0,0.024798156693577766,-3.671875,0,0.1190686970949173,0,0.05144780009139454,english,comment,True,unanimous,3-0,0,0
t1_p5p1pfa,0,0.01640303246676922,-4.09375,0,0.07982546091079712,0,0.03735523030364032,taglish,comment,True,majority,3-0,0,0
t1_p4zzpng,1,0.010652512311935425,-4.53125,0,0.04703151807188988,0,0.026688913166836692,english,comment,True,adjudicator,2-1,1,0
t1_p4bbs3s,0,0.0032224843744188547,-5.734375,0,0.0246946569532156,0,0.010442473158180787,tagalog,comment,True,majority,3-0,0,0
t1_p7jb3gt,0,0.014503578655421734,-4.21875,0,0.1070774644613266,0,0.03394680714463563,taglish,comment,True,unanimous,3-0,0,0
t1_p49m8a3,0,0.010169658809900284,-4.578125,0,0.08194504678249359,0,0.025739292468785622,taglish,comment,True,majority,3-0,0,0
t1_p4dmtel,0,0.00806199200451374,-4.8125,0,0.0977187305688858,0,0.021463930326802754,tagalog,comment,True,unanimous,3-0,0,0
t1_p5plp18,0,0.29057809710502625,-0.892578125,0,0.6598371863365173,0,0.3299436950402712,tagalog,comment,True,adjudicator,2-1,0,0
t1_p64msd7,0,0.47134488821029663,-0.11474609375,0,0.7810041308403015,1,0.4772472159610444,taglish,comment,True,adjudicator,2-1,0,0
t1_p729gus,0,0.03676946833729744,-3.265625,0,0.3853047788143158,0,0.06965971262006837,taglish,comment,True,unanimous,3-0,0,0
t1_p5j0vvs,0,0.023330770432949066,-3.734375,0,0.22284559905529022,0,0.04908013606831653,tagalog,comment,True,majority,3-0,0,0
t1_p73owup,0,0.06465348601341248,-2.671875,0,0.36006641387939453,0,0.10710411426543666,tagalog,comment,True,adjudicator,2-1,0,1
t1_p7h5n44,0,0.19744443893432617,-1.40234375,0,0.4798368811607361,0,0.24730439216164,taglish,comment,True,majority,3-0,0,0
t1_p6eu82q,0,0.007345826830714941,-4.90625,0,0.1385439783334732,0,0.0199554995819404,tagalog,comment,True,adjudicator,2-1,0,1
t1_p744kyx,0,0.05582314357161522,-2.828125,0,0.5023363828659058,0,0.09580897357169622,tagalog,comment,True,adjudicator,2-1,0,1
t1_p50aj1l,1,0.22815652191638947,-1.21875,0,0.6390402317047119,0,0.27541450310888577,taglish,comment,True,adjudicator,2-1,1,0
t1_p7jioth,0,0.1212688684463501,-1.98046875,0,0.601081132888794,0,0.17194583014695722,english,comment,True,adjudicator,2-1,0,0
t1_p6fiqqf,0,0.0071214293129742146,-4.9375,0,0.06278875470161438,0,0.01947614966658446,taglish,comment,True,adjudicator,3-0,0,0
t1_p5c7hlw,0,0.01342825498431921,-4.296875,0,0.11757682263851166,0,0.03197102649256034,taglish,comment,True,majority,3-0,0,0
t1_p6gxn16,0,0.007232763804495335,-4.921875,0,0.05827219411730766,0,0.01971439706759826,taglish,comment,True,adjudicator,2-1,0,0
t1_p7dbpy7,0,0.002115703420713544,-6.15625,0,0.014613072387874126,0,0.00749334173836876,english,comment,True,majority,3-0,0,0
t1_p73k78z,1,0.4985962212085724,-0.005615234375,0,0.8424682021141052,1,0.49888579822505963,tagalog,comment,True,majority,3-0,1,1
t1_p3jn6ru,0,0.00407013762742281,-5.5,0,0.08149564266204834,0,0.012550648194851056,taglish,comment,True,unanimous,3-0,0,0
t1_p6ewdte,0,0.2613309323787689,-1.0390625,0,0.6138202548027039,0,0.3047659486670026,tagalog,comment,True,adjudicator,3-0,0,1
t1_p6gskyn,0,0.0012843081494793296,-6.65625,0,0.005079616326838732,0,0.005051181473573054,taglish,comment,True,unanimous,3-0,0,0
t1_p793zrh,0,0.002217013156041503,-6.109375,0,0.013079601339995861,0,0.0077751719366889625,english,comment,True,unanimous,3-0,0,0
t1_p5jc9z8,0,0.13161905109882355,-1.88671875,0,0.6436967253684998,0,0.18280023000157855,taglish,comment,True,adjudicator,2-1,0,0
t1_p7k38cq,0,0.0007916296017356217,-7.140625,0,0.004232353530824184,0,0.00344452834897484,english,comment,True,majority,3-0,0,0
t1_p7dla4s,0,0.030675798654556274,-3.453125,0,0.27303874492645264,0,0.06061134961758331,english,comment,True,majority,3-0,0,0
t1_p5ylzau,1,0.23440666496753693,-1.18359375,0,0.7396332621574402,0,0.2810177204659935,taglish,comment,True,majority,3-0,1,1
t1_p448ul1,0,0.3259495198726654,-0.7265625,0,0.8065418004989624,0,0.3596984862300068,taglish,comment,True,adjudicator,2-1,0,0
t1_p7lgmaj,0,0.002251847181469202,-6.09375,0,0.025840675458312035,0,0.00787143294365646,taglish,comment,True,unanimous,3-0,0,0
t1_p7j8i3v,0,0.005139610730111599,-5.265625,0,0.027747487649321556,0,0.015077946393610781,tagalog,comment,True,majority,3-0,0,0
t1_p3ij7kt,0,0.007460643537342548,-4.890625,0,0.18650132417678833,0,0.02019948996564318,taglish,comment,True,majority,3-0,0,0
t1_p7k2n9a,0,0.0008040859247557819,-7.125,0,0.005707096308469772,0,0.003487361992535183,taglish,comment,True,majority,3-0,0,0
t1_p4uryqc,0,0.019870713353157043,-3.8984375,0,0.18627014756202698,0,0.04334747038780218,english,comment,True,adjudicator,2-1,0,1
t1_p5jme0e,0,0.2267836332321167,-1.2265625,0,0.6875234842300415,0,0.27417879080343494,taglish,comment,True,majority,3-0,0,0
t1_p72hzrf,0,0.2693256139755249,-0.998046875,0,0.7002229690551758,0,0.3117071385347786,tagalog,comment,True,adjudicator,2-1,0,1
t1_p5jdmt8,0,0.005060331430286169,-5.28125,0,0.0688193142414093,0,0.014894878880425746,taglish,comment,True,unanimous,3-0,0,0
t1_p4uogt9,0,0.017176708206534386,-4.046875,0,0.17718353867530823,0,0.03871637676605561,tagalog,comment,True,majority,3-0,0,0
t1_p5533wx,1,0.9136765599250793,2.359375,1,0.9309036731719971,1,0.8667631262011816,english,comment,True,majority,3-0,1,1
t1_p450l59,0,0.037326887249946594,-3.25,0,0.3655261993408203,0,0.07046772608097757,taglish,comment,True,unanimous,3-0,0,0
t1_p5t2yml,0,0.06325051933526993,-2.6953125,0,0.3017067611217499,0,0.10533807696155315,english,comment,True,majority,3-0,0,0
t1_p3sk7t4,0,0.002082970691844821,-6.171875,0,0.017241623252630234,0,0.007401669974056704,taglish,comment,True,majority,3-0,0,0
t1_p3ns2dr,0,0.001367025775834918,-6.59375,0,0.005051117390394211,0,0.005306707559366049,english,comment,True,majority,3-0,0,0
t1_p77oasy,0,0.1980641782283783,-1.3984375,0,0.7906371355056763,0,0.2478819665805391,tagalog,comment,True,adjudicator,2-1,0,1
t1_p6kog21,0,0.1980641782283783,-1.3984375,0,0.7857990264892578,0,0.2478819665805391,tagalog,comment,True,adjudicator,2-1,0,1
t1_p30baxk,0,0.3647775650024414,-0.5546875,0,0.7503266334533691,0,0.39168002833214854,english,comment,True,majority,3-0,0,0
t1_p4mx6j5,0,0.4259634017944336,-0.29833984375,0,0.788019061088562,0,0.4410769416728913,taglish,comment,True,unanimous,3-0,0,0
t3_1vs3ad6,0,0.02822098508477211,-3.5390625,0,0.30146944522857666,0,0.05684213735851474,english,submission,True,majority,3-0,0,0
t1_p5cvv94,0,0.011869121342897415,-4.421875,0,0.11130304634571075,0,0.0290390573859408,english,comment,True,unanimous,3-0,0,0
t1_p74ezi4,0,0.011687257327139378,-4.4375,0,0.15368184447288513,0,0.028691420180336213,taglish,comment,True,majority,3-0,0,0
t1_p5alosv,0,0.16026602685451508,-1.65625,0,0.6869105100631714,0,0.21172370734477625,tagalog,comment,True,adjudicator,2-1,0,0
t1_p6sz9gh,0,0.00955939944833517,-4.640625,0,0.21378110349178314,0,0.02452416324092925,taglish,comment,True,majority,3-0,0,0
t1_p2v45nz,0,0.0014325366355478764,-6.546875,0,0.008461611345410347,0,0.005506753107359832,tagalog,comment,True,unanimous,3-0,0,0
t1_p72c1fl,0,0.048136770725250244,-2.984375,0,0.3631628751754761,0,0.08559082862170651,taglish,comment,True,unanimous,3-0,0,0
t1_p49c6vt,0,0.08269734680652618,-2.40625,0,0.6536471843719482,0,0.12899861595036446,tagalog,comment,True,adjudicator,2-1,0,0
t1_p45evop,1,0.07107366621494293,-2.5703125,0,0.5452697277069092,0,0.11506078722995094,tagalog,comment,True,majority,3-0,1,1
t1_p4yghnt,0,0.03622005507349968,-3.28125,0,0.19804880023002625,0,0.06886027783254492,english,comment,True,majority,3-0,0,0
t1_p57f2zg,0,0.016914913430809975,-4.0625,0,0.15073630213737488,0,0.03825745353026623,taglish,comment,True,adjudicator,2-1,0,1
t1_p77kdvi,0,0.03258974477648735,-3.390625,0,0.32166075706481934,0,0.06349814285168599,taglish,comment,True,adjudicator,2-1,0,0
t1_p5c44zx,1,0.030675798654556274,-3.453125,0,0.2869093716144562,0,0.06061134961758331,tagalog,comment,True,adjudicator,2-1,1,1
t1_p6sywqo,0,0.14560064673423767,-1.76953125,0,0.6920075416564941,0,0.1971065002905161,english,comment,True,majority,3-0,0,0
t1_p7jb3vx,0,0.0446808747947216,-3.0625,0,0.31298819184303284,0,0.08086084171268425,tagalog,comment,True,adjudicator,2-1,0,0
t1_p3zb372,1,0.032344330102205276,-3.3984375,0,0.3413843512535095,0,0.06313040267526514,taglish,comment,True,adjudicator,2-1,1,0
t1_p6eqbtu,0,0.02460992895066738,-3.6796875,0,0.18341249227523804,0,0.05114603632197734,tagalog,comment,True,adjudicator,2-1,0,0
t1_p749ndq,0,0.007815889082849026,-4.84375,0,0.08519037812948227,0,0.020949121007695408,english,comment,True,majority,3-0,0,0
t1_p50y7o5,0,0.014281933195888996,-4.234375,0,0.07863332331180573,0,0.03354244710736576,english,comment,True,majority,3-0,0,0
t1_p2vn936,0,0.0027576221618801355,-5.890625,0,0.043616555631160736,0,0.009235774074904706,english,comment,True,majority,3-0,0,0
t1_p56369i,0,0.8333246111869812,1.609375,1,0.9524937868118286,1,0.782000359064766,tagalog,comment,True,adjudicator,2-1,0,1
t1_p7mqrax,0,0.0039454069919884205,-5.53125,0,0.03870029002428055,0,0.012246947052753488,taglish,comment,True,adjudicator,2-1,0,0
t1_p56sp0k,0,0.3127896785736084,-0.787109375,0,0.7282649874687195,0,0.3487066513337945,tagalog,comment,True,adjudicator,2-1,0,1
t1_p63ca40,0,0.014615669846534729,-4.2109375,0,0.1877042055130005,0,0.034150747024452324,taglish,comment,True,majority,3-0,0,0
t1_p4t8jcp,0,0.001098731067031622,-6.8125,0,0.00324272271245718,0,0.004464672115202112,taglish,comment,True,unanimous,3-0,0,0
t1_p4mrmw6,0,0.0033244371879845858,-5.703125,0,0.03092639520764351,0,0.010701911579695408,tagalog,comment,True,majority,3-0,0,0
t1_p7d5fe5,0,0.0010005043586716056,-6.90625,0,0.006308267824351788,0,0.004145844713797377,tagalog,comment,True,unanimous,3-0,0,0
t1_p46rtff,0,0.011508148163557053,-4.453125,0,0.18539850413799286,0,0.02834782316394796,tagalog,comment,True,adjudicator,2-1,0,0
t1_p452vis,1,0.6064984202384949,0.4326171875,1,0.9529880285263062,1,0.5850085364939421,taglish,comment,True,majority,3-0,1,1
t1_p7hfvll,0,0.014281933195888996,-4.234375,0,0.16782395541667938,0,0.03354244710736576,tagalog,comment,True,adjudicator,2-1,0,0
t1_p669cwo,0,0.015306354500353336,-4.1640625,0,0.09895455837249756,0,0.03539942261611269,english,comment,True,majority,3-0,0,0
t1_p3t6iwq,0,0.0012255674228072166,-6.703125,0,0.008740491233766079,0,0.004867604615834009,tagalog,comment,True,majority,3-0,0,0
t1_p2s40jd,0,0.002082970691844821,-6.171875,0,0.008063232526183128,0,0.007401669974056704,english,comment,True,majority,3-0,0,0
t1_p519y4r,0,0.00172745855525136,-6.359375,0,0.007034245878458023,0,0.006384740118678921,taglish,comment,True,majority,3-0,0,0
t1_p740tf6,0,0.0015487609198316932,-6.46875,0,0.015930382534861565,0,0.00585696072558967,english,comment,True,majority,3-0,0,0
t1_p5yr8he,0,0.0009850084315985441,-6.921875,0,0.0032686502672731876,0,0.00409495646881847,english,comment,True,majority,3-0,0,0
t1_p7lqyox,0,0.023509452119469643,-3.7265625,0,0.20268619060516357,0,0.04937034514650597,tagalog,comment,True,adjudicator,2-1,0,0
t1_p51dkks,0,0.02161533385515213,-3.8125,0,0.3098459839820862,0,0.04626574412509038,taglish,comment,True,majority,3-0,0,0
t1_p79eky1,0,0.023330770432949066,-3.734375,0,0.2847079932689667,0,0.04908013606831653,tagalog,comment,True,adjudicator,3-0,0,0
t1_p735n97,0,0.029535338282585144,-3.4921875,0,0.1381869912147522,0,0.058869922562613676,taglish,comment,True,majority,3-0,0,0
t1_p4t45i1,0,0.0009110511746257544,-7.0,0,0.005357848480343819,0,0.0038496971036692416,tagalog,comment,True,majority,3-0,0,0
t1_p4ymeja,0,0.01652955636382103,-4.0859375,0,0.08426587283611298,0,0.03757885020639204,taglish,comment,True,majority,3-0,0,0
t1_p75movm,0,0.09534946829080582,-2.25,0,0.5853760838508606,0,0.14358520830163538,taglish,comment,True,adjudicator,2-1,0,0
t1_p5j6334,0,0.03283695876598358,-3.3828125,0,0.308793842792511,0,0.06386787911550772,tagalog,comment,True,adjudicator,2-1,0,0
t1_p7a9x0p,0,0.08151976019144058,-2.421875,0,0.5549483299255371,0,0.12761160003883104,english,comment,True,adjudicator,2-1,0,0
t1_p4npzck,0,0.00214894930832088,-6.140625,0,0.0088790999725461,0,0.00758614020588063,english,comment,True,unanimous,3-0,0,0
t1_p55w001,0,0.39793843030929565,-0.4140625,0,0.9168781042098999,0,0.41857117361408674,taglish,comment,True,adjudicator,3-0,0,0
t1_p4507ie,1,0.011331754736602306,-4.46875,0,0.1553971916437149,0,0.028008222276532428,english,comment,True,majority,3-0,1,1
t1_p444y02,0,0.6774740219116211,0.7421875,1,0.8683333396911621,1,0.6431527899001952,taglish,comment,True,adjudicator,2-1,0,0
t1_p74azoy,1,0.8656789064407349,1.86328125,1,0.9627651572227478,1,0.8144044563522472,tagalog,comment,True,majority,3-0,1,1
t1_p7lo1ij,0,0.2516477108001709,-1.08984375,0,0.7083925008773804,0,0.2962937691974743,taglish,comment,True,adjudicator,2-1,0,0
t1_p7dqgpz,0,0.0018969200318679214,-6.265625,0,0.010713910683989525,0,0.006874556454673583,tagalog,comment,True,majority,3-0,0,0
t1_p6fiq1i,0,0.004755199886858463,-5.34375,0,0.12543556094169617,0,0.014184251274941625,tagalog,comment,True,adjudicator,2-1,0,1
t1_p5extns,0,0.0022872276604175568,-6.078125,0,0.020814385265111923,0,0.00796887614464604,taglish,comment,True,majority,3-0,0,0
t1_p5c35qw,0,0.3119506537914276,-0.791015625,0,0.7103051543235779,0,0.34800285084659804,taglish,comment,True,adjudicator,2-1,0,1
t1_p30k0q5,0,0.015189048834145069,-4.171875,0,0.0512964092195034,0,0.035188297621366334,english,comment,True,majority,3-0,0,0
t1_p3l8d0g,0,0.001867565792053938,-6.28125,0,0.016668837517499924,0,0.006790402970719936,taglish,comment,True,majority,3-0,0,0
t1_p77lqcr,0,0.10669060051441193,-2.125,0,0.6347916126251221,0,0.15622170163933402,english,comment,True,unanimous,3-0,0,0
t1_p7m1ppc,0,0.0020190139766782522,-6.203125,0,0.01518962811678648,0,0.007221652815790418,tagalog,comment,True,adjudicator,3-0,0,0
t1_p5jk389,0,0.010818448849022388,-4.515625,0,0.10238760709762573,0,0.027012961944413504,tagalog,comment,True,adjudicator,2-1,0,0
t1_p4u52zt,0,0.00172745855525136,-6.359375,0,0.01629806123673916,0,0.006384740118678921,english,comment,True,majority,3-0,0,0
t1_p5je21x,0,0.008985428139567375,-4.703125,0,0.11552005261182785,0,0.023365023439488975,taglish,comment,True,majority,3-0,0,0
t1_p4tx4d8,0,0.007577240467071533,-4.875,0,0.08699548244476318,0,0.020446401314649764,english,comment,True,majority,3-0,0,0
t1_p72sxch,1,0.7379143238067627,1.03515625,1,0.9354082942008972,1,0.6945767314178095,english,comment,True,adjudicator,2-1,1,1
t1_p684xfn,0,0.09009299427270889,-2.3125,0,0.5550878047943115,0,0.13759238279157207,taglish,comment,True,unanimous,3-0,0,0
t1_p4btruj,0,0.20946967601776123,-1.328125,0,0.7074427008628845,0,0.258432143551955,taglish,comment,True,unanimous,3-0,0,0
t1_p7310y1,0,0.034358687698841095,-3.3359375,0,0.3330669105052948,0,0.0661287273366111,tagalog,comment,True,adjudicator,2-1,0,0
t1_p7da1r9,0,0.06325051933526993,-2.6953125,0,0.4150586724281311,0,0.10533807696155315,english,comment,True,majority,3-0,0,0
t1_p60grm8,0,0.004538431763648987,-5.390625,0,0.017670415341854095,0,0.013673309635231667,taglish,comment,True,majority,3-0,0,0
t1_p7n634m,0,0.3473156988620758,-0.630859375,0,0.7794790267944336,0,0.37737302762933655,taglish,comment,True,unanimous,3-0,0,0
t1_p509ccc,0,0.00178219610825181,-6.328125,0,0.009123205207288265,0,0.006544032719501775,english,comment,True,majority,3-0,0,0
t1_p7d9dcx,0,0.0027576221618801355,-5.890625,0,0.026924777776002884,0,0.009235774074904706,taglish,comment,True,unanimous,3-0,0,0
t1_p3zl63r,0,0.00407013762742281,-5.5,0,0.02634253352880478,0,0.012550648194851056,taglish,comment,True,majority,3-0,0,0
t1_p7jvm4b,0,0.004133968148380518,-5.484375,0,0.038593631237745285,0,0.012705275225730527,taglish,comment,True,adjudicator,2-1,0,0
t1_p4zsnkt,0,0.01384861022233963,-4.265625,0,0.1134728193283081,0,0.032747631413404366,taglish,comment,True,majority,3-0,0,0
t1_p44d1i3,0,0.004133968148380518,-5.484375,0,0.01626686006784439,0,0.012705275225730527,english,comment,True,unanimous,3-0,0,0
t1_p73xb5h,0,0.004468384198844433,-5.40625,0,0.03424942120909691,0,0.013507062511842293,english,comment,True,majority,3-0,0,0
t1_p50b74h,0,0.0026316740550100803,-5.9375,0,0.012813417240977287,0,0.008901475730412245,english,comment,True,majority,3-0,0,0
t1_p74x1nf,1,0.01615283451974392,-4.109375,0,0.29837915301322937,0,0.036911821837906714,tagalog,comment,True,adjudicator,2-1,1,0
t1_p7jif6c,0,0.034100428223609924,-3.34375,0,0.4045918881893158,0,0.06574682205961832,tagalog,comment,True,adjudicator,3-0,0,1
t1_p2k9va0,0,0.002082970691844821,-6.171875,0,0.021121060475707054,0,0.007401669974056704,english,comment,True,majority,3-0,0,0
t1_p5i73zk,0,0.7057850360870361,0.875,1,0.9296287298202515,1,0.6669645510949528,tagalog,comment,True,adjudicator,2-1,0,1
t1_p7kfa7f,0,0.010013570077717304,-4.59375,0,0.08314149081707001,0,0.025430123356836434,taglish,comment,True,unanimous,3-0,0,0
t1_p73dqfd,0,0.16132023930549622,-1.6484375,0,0.5853633880615234,0,0.2127604483426124,taglish,comment,True,unanimous,3-0,0,0
t1_p4xlkvo,0,0.0071214293129742146,-4.9375,0,0.05891682952642441,0,0.01947614966658446,taglish,comment,True,majority,3-0,0,0
t1_p5jpyg6,0,0.0029810327105224133,-5.8125,0,0.025055136531591415,0,0.00982079070472427,taglish,comment,True,majority,3-0,0,0
t1_p72ylc3,1,0.47878777980804443,-0.08489990234375,0,0.8627331256866455,1,0.4831600973820878,tagalog,comment,True,majority,3-0,1,1
t1_p454fs8,1,0.4870634377002716,-0.0517578125,0,0.9168000221252441,1,0.48973139330203436,taglish,comment,True,majority,3-0,1,1
t1_p7ex3x9,0,0.026355354115366936,-3.609375,0,0.2650774121284485,0,0.053923205187818415,taglish,comment,True,majority,3-0,0,0
t1_p4hrk26,0,0.001674399245530367,-6.390625,0,0.008223103359341621,0,0.0062293006508510945,taglish,comment,True,unanimous,3-0,0,0
t1_p44puyl,0,0.0838903859257698,-2.390625,0,0.4583684802055359,0,0.13039845401241865,english,comment,True,adjudicator,2-1,0,0
t1_p6eh8uv,0,0.0019267346942797303,-6.25,0,0.019216688349843025,0,0.006959745544957729,taglish,comment,True,majority,3-0,0,0
t1_p7bemk8,0,0.037892427295446396,-3.234375,0,0.39459657669067383,0,0.07128439390487697,tagalog,comment,True,adjudicator,2-1,0,0
t1_p1s48r8,0,0.005641908384859562,-5.171875,0,0.03367169201374054,0,0.016223787621276468,taglish,comment,True,unanimous,3-0,0,0
t1_p6edahj,0,0.007011795416474342,-4.953125,0,0.0776197761297226,0,0.019240724960142272,taglish,comment,True,majority,3-0,0,0
t1_p7aqayk,0,0.06371499598026276,-2.6875,0,0.5887478590011597,0,0.10592388288304846,tagalog,comment,True,adjudicator,2-1,0,1
t1_p43ax2i,1,0.47731050848960876,-0.0908203125,0,0.8768979907035828,1,0.48198676678704205,taglish,comment,True,majority,3-0,1,1
t1_p44rcmp,0,0.03488088399171829,-3.3203125,0,0.2782052755355835,0,0.0668987285152979,taglish,comment,True,majority,3-0,0,0
t1_p6irmzx,0,0.0036499870475381613,-5.609375,0,0.12010611593723297,0,0.011519087532579032,taglish,comment,True,unanimous,3-0,0,0
t1_p45715d,0,0.011331754736602306,-4.46875,0,0.11080002784729004,0,0.028008222276532428,taglish,comment,True,majority,3-0,0,0
t1_p5rqdae,0,0.008847354911267757,-4.71875,0,0.1762741655111313,0,0.02308369729877056,taglish,comment,True,majority,3-0,0,0
t1_p47cc3b,0,0.007345826830714941,-4.90625,0,0.10127954185009003,0,0.0199554995819404,taglish,comment,True,majority,3-0,0,0
t1_p736jxe,0,0.02843603305518627,-3.53125,0,0.24545589089393616,0,0.057175483279021125,tagalog,comment,True,adjudicator,2-1,0,1
t1_p30flmm,0,0.021125193685293198,-3.8359375,0,0.14402258396148682,0,0.04545180452696595,taglish,comment,True,unanimous,3-0,0,0
t1_p58i7xv,0,0.06418264657258987,-2.6796875,0,0.4311206042766571,0,0.10651255873719023,taglish,comment,True,majority,3-0,0,0
t1_p7m4br9,0,0.2986958920955658,-0.853515625,0,0.7426630854606628,0,0.3368338454300897,taglish,comment,True,adjudicator,2-1,0,0
t1_p4y4qs6,0,0.0015487609198316932,-6.46875,0,0.014493545517325401,0,0.00585696072558967,english,comment,True,majority,3-0,0,0
t1_p4e4u5y,0,0.03541072830557823,-3.3046875,0,0.40243467688560486,0,0.0676770458166002,tagalog,comment,True,adjudicator,2-1,0,0
t1_p5s60ix,0,0.007695646956562996,-4.859375,0,0.035577915608882904,0,0.02069626706744707,english,comment,True,majority,3-0,0,0
t1_p753qtq,0,0.0025909794494509697,-5.953125,0,0.005721684545278549,0,0.008792729803041254,taglish,comment,True,majority,3-0,0,0
t1_p5r89rb,0,0.048496000468730927,-2.9765625,0,0.29592058062553406,0,0.08607738204669695,taglish,comment,True,majority,3-0,0,0
t1_p5ryxkq,0,0.0019267346942797303,-6.25,0,0.0385005846619606,0,0.006959745544957729,english,comment,True,majority,3-0,0,0
t1_p48zy40,1,0.014063626527786255,-4.25,0,0.27766790986061096,0,0.03314273839248867,english,comment,True,adjudicator,2-1,1,1
t1_p57hxrj,0,0.08632347732782364,-2.359375,0,0.4360404908657074,0,0.13323687379881835,taglish,comment,True,majority,3-0,0,0
t1_p5na7n6,0,0.004264634568244219,-5.453125,0,0.054922234266996384,0,0.013020192222294742,taglish,comment,True,majority,3-0,0,0
t1_p5gdrva,0,0.5871148109436035,0.35205078125,1,0.8232673406600952,1,0.5694047321206785,english,comment,True,adjudicator,2-1,0,0
t1_p57ecq6,0,0.09739040583372116,-2.2265625,0,0.42506617307662964,0,0.14588791294033895,taglish,comment,True,unanimous,3-0,0,0
t1_p4u5umn,0,0.05707139894366264,-2.8046875,0,0.4241182208061218,0,0.09743264994797168,taglish,comment,True,majority,3-0,0,0
t1_p3ks522,0,0.004982269834727049,-5.296875,0,0.059415653347969055,0,0.01471400085933903,english,comment,True,majority,3-0,0,0
t1_p71hvyj,1,0.5604932308197021,0.2431640625,1,0.8938966989517212,1,0.5481006461324306,english,comment,True,adjudicator,3-0,1,1
t1_p5zw3b6,0,0.04501553252339363,-3.0546875,0,0.4649507403373718,0,0.08132289815205554,taglish,comment,True,majority,3-0,0,0
t1_p7dzoas,0,0.39420098066329956,-0.4296875,0,0.8702583312988281,0,0.41555609486220985,taglish,comment,True,majority,3-0,0,0
t1_p7mu80i,0,0.060086652636528015,-2.75,0,0.43435609340667725,0,0.10131697234580529,english,comment,True,adjudicator,2-1,0,0
t1_p5zi0ly,0,0.6590760350227356,0.6591796875,1,0.953210711479187,1,0.6278936874308525,taglish,comment,True,adjudicator,2-1,0,1
t1_p18lnfm,0,0.0011335690505802631,-6.78125,0,0.004812911152839661,0,0.00457628165317955,taglish,comment,True,majority,3-0,0,0
t1_p7lp3me,0,0.7134315967559814,0.912109375,1,0.9228832721710205,1,0.6734744129638189,tagalog,comment,True,adjudicator,2-1,0,0
t1_p7m1wrz,1,0.12168575078248978,-1.9765625,0,0.4886481761932373,0,0.17238771457320082,taglish,comment,True,adjudicator,3-0,1,1
t1_p4utq42,0,0.5291721224784851,0.1168212890625,1,0.76521897315979,1,0.5231636867725744,taglish,comment,True,adjudicator,2-1,0,1
t1_p7jie8q,1,0.9032942056655884,2.234375,1,0.9665729999542236,1,0.8548830383195755,taglish,comment,True,majority,3-0,1,1
t1_p5hdsmw,0,0.003172682598233223,-5.75,0,0.076832115650177,0,0.010315097387934697,taglish,comment,True,majority,3-0,0,0
t1_p4nabj2,1,0.05749328061938286,-2.796875,0,0.3970184326171875,0,0.0979793069218711,taglish,comment,True,majority,3-0,1,1
t1_p7lxbij,0,0.0018969200318679214,-6.265625,0,0.01651458442211151,0,0.006874556454673583,tagalog,comment,True,unanimous,3-0,0,0
t1_p7hifqm,0,0.0028449094388633966,-5.859375,0,0.0504220649600029,0,0.009465519384885593,taglish,comment,True,unanimous,3-0,0,0
t1_p7m7lmw,0,0.1525365114212036,-1.71484375,0,0.6724168658256531,0,0.2040660666822695,english,comment,True,majority,3-0,0,0
t1_p7j76ff,1,0.7345005869865417,1.017578125,1,0.9114218950271606,1,0.6916089966726174,tagalog,comment,True,majority,3-0,1,1
t1_p4z44pj,1,0.5784481763839722,0.31640625,1,0.8769310712814331,1,0.5624550575435316,english,comment,True,adjudicator,2-1,1,1
t1_p7jfc3n,0,0.012821215204894543,-4.34375,0,0.23586434125900269,0,0.03083941742596216,tagalog,comment,True,adjudicator,2-1,0,1
t1_p5ypa4d,0,0.2755194306373596,-0.966796875,0,0.8571357727050781,0,0.31705324190621725,taglish,comment,True,majority,3-0,0,0
t1_p7jccwe,0,0.2146914005279541,-1.296875,0,0.6790752410888672,0,0.2632139465742019,taglish,comment,True,majority,3-0,0,0
t1_p18ei05,0,0.0009110511746257544,-7.0,0,0.0037940889596939087,0,0.0038496971036692416,taglish,comment,True,majority,3-0,0,0
t1_p7go7aw,0,0.15102779865264893,-1.7265625,0,0.5610536336898804,0,0.20255949818803695,tagalog,comment,True,majority,3-0,0,0
t1_p5hxxon,0,0.008315778337419033,-4.78125,0,0.15207311511039734,0,0.021991106544370382,taglish,comment,True,unanimous,3-0,0,0
t1_p58j5wr,0,0.7045668363571167,0.869140625,1,0.9597382545471191,1,0.6659307481927829,tagalog,comment,True,adjudicator,2-1,0,0
t1_p78ml6m,0,0.04922211542725563,-2.9609375,0,0.4156659245491028,0,0.08705801091950026,tagalog,comment,True,unanimous,3-0,0,0
t1_p55zjt1,0,0.0384661927819252,-3.21875,0,0.45040595531463623,0,0.07210979206613143,taglish,comment,True,adjudicator,2-1,0,0
t1_p7535fe,0,0.0030753696337342262,-5.78125,0,0.022536125034093857,0,0.01006494081054021,taglish,comment,True,majority,3-0,0,0
t1_p5qd842,0,0.08269734680652618,-2.40625,0,0.5894548296928406,0,0.12899861595036446,tagalog,comment,True,adjudicator,2-1,0,1
t1_p50mgb4,0,0.056236349046230316,-2.8203125,0,0.47206243872642517,0,0.0963474931819994,taglish,comment,True,adjudicator,2-1,0,0
t1_p4klzjf,0,0.001081715221516788,-6.828125,0,0.005302343517541885,0,0.00440988774732401,english,comment,True,majority,3-0,0,0
t1_p4ziowc,0,0.0032224843744188547,-5.734375,0,0.025066843256354332,0,0.010442473158180787,english,comment,True,majority,3-0,0,0
t1_p5al41l,0,0.2590751051902771,-1.05078125,0,0.7954823970794678,0,0.3027987673731118,tagalog,comment,True,adjudicator,2-1,0,0
t1_p5zur2y,0,0.07864238321781158,-2.4609375,0,0.4844066798686981,0,0.12419969507358472,taglish,comment,True,majority,3-0,0,0
t1_p44w57o,1,0.4054487347602844,-0.3828125,0,0.6858139038085938,0,0.4246194034163176,english,comment,True,majority,3-0,1,1
t1_p5cx553,0,0.007011795416474342,-4.953125,0,0.052783217281103134,0,0.019240724960142272,english,comment,True,adjudicator,2-1,0,0
t1_p71vz3p,0,0.008315778337419033,-4.78125,0,0.10321497172117233,0,0.021991106544370382,english,comment,True,majority,3-0,0,0
t1_p734z3r,0,0.009268012829124928,-4.671875,0,0.06043856590986252,0,0.023937750222767996,tagalog,comment,True,adjudicator,2-1,0,0
t1_p5l7pu0,0,0.0019877743907272816,-6.21875,0,0.008005782961845398,0,0.007133280940827821,english,comment,True,majority,3-0,0,0
t3_1vf9sj9,0,0.013636835850775242,-4.28125,0,0.2643894851207733,0,0.032357077019092316,taglish,submission,True,unanimous,3-0,0,0
t1_p2sare7,0,0.03488088399171829,-3.3203125,0,0.3405939042568207,0,0.0668987285152979,tagalog,comment,True,adjudicator,2-1,0,0
t1_p671tlr,0,0.0059110685251653194,-5.125,0,0.13663670420646667,0,0.016828408959900492,english,comment,True,majority,3-0,0,0
t1_p6xrwwp,0,0.0009253848693333566,-6.984375,0,0.005662137642502785,0,0.0038975494252805735,english,comment,True,majority,3-0,0,0
t1_p512jb2,0,0.12294380366802216,-1.96484375,0,0.47861596941947937,0,0.17371876175998588,tagalog,comment,True,adjudicator,2-1,0,0
t1_p5ajtrc,1,0.02280263788998127,-3.7578125,0,0.25311264395713806,0,0.04821918698396029,taglish,comment,True,adjudicator,2-1,1,1
t1_p5ak7bv,0,0.06705629080533981,-2.6328125,0,0.4719047546386719,0,0.11010542683065756,tagalog,comment,True,unanimous,3-0,0,0
t1_p4u7uah,0,0.002714985515922308,-5.90625,0,0.023571811616420746,0,0.009122981745253242,english,comment,True,majority,3-0,0,0
t1_p4v1rhh,0,0.0019267346942797303,-6.25,0,0.017248306423425674,0,0.006959745544957729,english,comment,True,majority,3-0,0,0
t1_p653zlu,0,0.0033766122069209814,-5.6875,0,0.009851998649537563,0,0.01083401162837129,english,comment,True,majority,3-0,0,0
t1_p2zdon7,0,0.0019267346942797303,-6.25,0,0.030001064762473106,0,0.006959745544957729,taglish,comment,True,majority,3-0,0,0
t1_p5uu4pd,0,0.004399413242936134,-5.421875,0,0.04015122726559639,0,0.013342809362448659,taglish,comment,True,majority,3-0,0,0
t1_p5yq0vl,0,0.034618839621543884,-3.328125,0,0.3575519919395447,0,0.0665126930624139,tagalog,comment,True,adjudicator,2-1,0,0
t1_p453nki,1,0.0384661927819252,-3.21875,0,0.35665541887283325,0,0.07210979206613143,english,comment,True,adjudicator,2-1,1,1
t1_p5l9vji,0,0.23231014609336853,-1.1953125,0,0.6168267130851746,0,0.2791422809704175,tagalog,comment,True,adjudicator,2-1,0,0
t1_p55zvoy,0,0.6695287823677063,0.7060546875,1,0.9028026461601257,1,0.6365441567307809,taglish,comment,True,adjudicator,2-1,0,1
t1_p34pmjt,0,0.00985985528677702,-4.609375,0,0.18131443858146667,0,0.025124572081194795,taglish,comment,True,majority,3-0,0,0
t1_p2tr3px,0,0.007695646956562996,-4.859375,0,0.14026539027690887,0,0.02069626706744707,tagalog,comment,True,adjudicator,2-1,0,0
t1_p30e5hi,0,0.19436782598495483,-1.421875,0,0.6625357866287231,0,0.24443009724600576,tagalog,comment,True,adjudicator,2-1,0,0
t1_p7kejka,0,0.0012065897462889552,-6.71875,0,0.008111866191029549,0,0.004807899887783024,taglish,comment,True,majority,3-0,0,0
t1_p7j5xzr,0,0.6038150191307068,0.42138671875,1,0.9523069858551025,1,0.5828429165344181,tagalog,comment,True,adjudicator,2-1,0,1
t1_p4ziusw,0,0.007011795416474342,-4.953125,0,0.08809759467840195,0,0.019240724960142272,taglish,comment,True,majority,3-0,0,0
t1_p5zyraz,0,0.001081715221516788,-6.828125,0,0.009258374571800232,0,0.00440988774732401,english,comment,True,adjudicator,2-1,0,0
t1_p43gacw,1,0.38029852509498596,-0.48828125,0,0.8802814483642578,0,0.40430744757242054,taglish,comment,True,majority,3-0,1,1
t1_p3zatla,1,0.34953272342681885,-0.62109375,0,0.8466489315032959,0,0.379195942157063,tagalog,comment,True,adjudicator,2-1,1,1
t1_p7l5ead,0,0.024053553119301796,-3.703125,0,0.3196147084236145,0,0.05025076288115008,tagalog,comment,True,majority,3-0,0,0
t1_p7locwq,0,0.49925997853279114,-0.002960205078125,0,0.8576607704162598,1,0.4994126211883232,taglish,comment,True,adjudicator,2-1,0,0
t1_p73g85d,0,0.6959583163261414,0.828125,1,0.927640438079834,1,0.658649844028327,tagalog,comment,True,adjudicator,2-1,0,1
t1_p7j4f99,0,0.03649376332759857,-3.2734375,0,0.3468347191810608,0,0.06925892761137564,tagalog,comment,True,majority,3-0,0,0
t1_p512c7h,0,0.0035936026833951473,-5.625,0,0.03850420564413071,0,0.011378730383391086,taglish,comment,True,majority,3-0,0,0
t1_p77smoq,1,0.02080449089407921,-3.8515625,0,0.26983264088630676,0,0.044916773634859054,tagalog,comment,True,majority,3-0,1,1
t1_p73chc4,0,0.002217013156041503,-6.109375,0,0.004326708149164915,0,0.0077751719366889625,english,comment,True,unanimous,3-0,0,0
t1_p4emiwh,0,0.001151399570517242,-6.765625,0,0.007346365600824356,0,0.004633123525429323,english,comment,True,majority,3-0,0,0
t1_p4uqeg7,0,0.0016484829830005765,-6.40625,0,0.0070288944989442825,0,0.006152996997001279,english,comment,True,majority,3-0,0,0
t1_p30bbg6,0,0.05223086103796959,-2.8984375,0,0.3643840253353119,0,0.09108227428166264,taglish,comment,True,majority,3-0,0,0
t1_p4s6mxc,0,0.001081715221516788,-6.828125,0,0.0047531952150166035,0,0.00440988774732401,taglish,comment,True,adjudicator,3-0,0,0
t1_p6wbvr7,0,0.002396730938926339,-6.03125,0,0.014960959553718567,0,0.00826844254905784,taglish,comment,True,majority,3-0,0,0
t1_p2tqqd4,0,0.01342825498431921,-4.296875,0,0.23523402214050293,0,0.03197102649256034,taglish,comment,True,adjudicator,2-1,0,0
t1_p29d6d9,0,0.0030753696337342262,-5.78125,0,0.018557604402303696,0,0.01006494081054021,taglish,comment,True,adjudicator,2-1,0,0
t1_p3grfjm,0,0.04401864856481552,-3.078125,0,0.20937399566173553,0,0.07994390560597635,tagalog,comment,True,adjudicator,2-1,0,1
t1_p7adtod,0,0.007011795416474342,-4.953125,0,0.0683559700846672,0,0.019240724960142272,taglish,comment,True,unanimous,3-0,0,0
t1_p4zzxjk,0,0.0013250225456431508,-6.625,0,0.010312690399587154,0,0.0051773765411583985,taglish,comment,True,majority,3-0,0,0
t1_p3k9lfk,0,0.016914913430809975,-4.0625,0,0.2319798320531845,0,0.03825745353026623,tagalog,comment,True,adjudicator,2-1,0,0
t1_p77i5r8,0,0.2829881012439728,-0.9296875,0,0.8279654383659363,0,0.32346495819558496,tagalog,comment,True,adjudicator,2-1,0,0
t1_p44qze1,0,0.05460060387849808,-2.8515625,0,0.480055570602417,0,0.09420953082436609,tagalog,comment,True,adjudicator,2-1,0,0
t1_p4wxm7g,0,0.00955939944833517,-4.640625,0,0.08572784066200256,0,0.02452416324092925,taglish,comment,True,majority,3-0,0,0
t1_p4dj8uc,0,0.005819959565997124,-5.140625,0,0.06070718914270401,0,0.01662444709449999,english,comment,True,majority,3-0,0,0
t1_p4rjt3b,0,0.001622967072762549,-6.421875,0,0.013393927365541458,0,0.006077622282158479,taglish,comment,True,majority,3-0,0,0
t1_p4kncq6,0,0.0008693673880770802,-7.046875,0,0.004339435137808323,0,0.00370962340660892,taglish,comment,True,majority,3-0,0,0
t1_p6tfh6s,0,0.25832599401474,-1.0546875,0,0.8399896025657654,0,0.30214463874396985,taglish,comment,True,adjudicator,2-1,0,0
t1_p7lrxvu,0,0.012624949216842651,-4.359375,0,0.162307471036911,0,0.030470903823707325,tagalog,comment,True,adjudicator,2-1,0,0
t1_p7lsegc,0,0.008847354911267757,-4.71875,0,0.06139492616057396,0,0.02308369729877056,tagalog,comment,True,majority,3-0,0,0
t1_p7jbx2a,0,0.18476749956607819,-1.484375,0,0.726998507976532,0,0.23538513488390386,tagalog,comment,True,adjudicator,2-1,0,0
t1_p44tq5g,0,0.04778006672859192,-2.9921875,0,0.4616878926753998,0,0.08510676933563796,tagalog,comment,True,adjudicator,2-1,0,1
t1_p4ud2by,0,0.017712298780679703,-4.015625,0,0.2724282741546631,0,0.03965012103509363,english,comment,True,adjudicator,2-1,0,0
t1_p7antyp,0,0.0055549247190356255,-5.1875,0,0.04963305592536926,0,0.01602703436469781,tagalog,comment,True,majority,3-0,0,0
t1_p4r154a,0,0.004331502132117748,-5.4375,0,0.022831788286566734,0,0.013180526932409332,taglish,comment,True,majority,3-0,0,0
t1_p4w0yti,0,0.014281933195888996,-4.234375,0,0.07927535474300385,0,0.03354244710736576,english,comment,True,adjudicator,2-1,0,0
t1_p6p7dd0,1,0.5264036059379578,0.105712890625,1,0.8879401087760925,1,0.5209637970019971,english,comment,True,majority,3-0,1,1
t1_p7me7uh,0,0.008985428139567375,-4.703125,0,0.0794810876250267,0,0.023365023439488975,taglish,comment,True,majority,3-0,0,0
t1_p5cp7ph,0,0.006903837900608778,-4.96875,0,0.06690721213817596,0,0.019008090864153445,taglish,comment,True,majority,3-0,0,0
t1_p4c4rr2,0,0.0025509123224765062,-5.96875,0,0.026242002844810486,0,0.008685300740989898,english,comment,True,majority,3-0,0,0
t1_p6emxwk,0,0.0014550630003213882,-6.53125,0,0.007147176191210747,0,0.0055750876111817635,english,comment,True,majority,3-0,0,0
t1_p503kt3,0,0.001032231142744422,-6.875,0,0.0032859414350241423,0,0.004249518106794319,taglish,comment,True,unanimous,3-0,0,0
t1_p5qf3ap,0,0.014503578655421734,-4.21875,0,0.16151835024356842,0,0.03394680714463563,taglish,comment,True,majority,3-0,0,0
t1_p6kwlwa,0,0.16559313237667084,-1.6171875,0,0.7683185935020447,0,0.21694440569653747,taglish,comment,True,majority,3-0,0,0
t1_p3ohd7m,0,0.2372223436832428,-1.16796875,0,0.6376427412033081,0,0.2835302086877885,taglish,comment,True,adjudicator,2-1,0,0
t1_p3uj7ug,0,0.0020507436711341143,-6.1875,0,0.027127932757139206,0,0.007311111439104162,tagalog,comment,True,adjudicator,3-0,0,0
t1_p7jjbbd,0,0.4423052668571472,-0.2318115234375,0,0.7671003341674805,0,0.45413208813020706,tagalog,comment,True,adjudicator,2-1,0,0
t1_p26eoyo,0,0.007460643537342548,-4.890625,0,0.07526340335607529,0,0.02019948996564318,taglish,comment,True,unanimous,3-0,0,0
t1_p4zx9og,0,0.012241275049746037,-4.390625,0,0.0862484723329544,0,0.029746630675691697,english,comment,True,majority,3-0,0,0
t1_p4r0ap6,0,0.021287353709340096,-3.828125,0,0.19473016262054443,0,0.0457215909597448,english,comment,True,majority,3-0,0,0
t1_p6xrt1a,0,0.0011160142021253705,-6.796875,0,0.005630915053188801,0,0.004520133983425725,taglish,comment,True,majority,3-0,0,0
t1_p6z9wdx,0,0.0019267346942797303,-6.25,0,0.008114366792142391,0,0.006959745544957729,taglish,comment,True,adjudicator,2-1,0,0
t1_p4anh9h,0,0.0012843081494793296,-6.65625,0,0.003520339261740446,0,0.005051181473573054,taglish,comment,True,unanimous,3-0,0,0
t1_p7lm5q5,0,0.001098731067031622,-6.8125,0,0.0065116542391479015,0,0.004464672115202112,taglish,comment,True,majority,3-0,0,0
t1_p5e8icc,0,0.0012255674228072166,-6.703125,0,0.006523356772959232,0,0.004867604615834009,taglish,comment,True,unanimous,3-0,0,0
t1_p6xvdqt,0,0.9768466353416443,3.7421875,1,0.989321231842041,1,0.9512084546576463,taglish,comment,True,majority,3-0,0,0
t1_p5ak8zz,0,0.30985841155052185,-0.80078125,0,0.8184377551078796,0,0.34624625567238454,tagalog,comment,True,unanimous,3-0,0,0
t1_p5blhoa,1,0.005641908384859562,-5.171875,0,0.03677178546786308,0,0.016223787621276468,taglish,comment,True,adjudicator,2-1,1,1
t1_p49i2a9,0,0.0012843081494793296,-6.65625,0,0.0042268335819244385,0,0.005051181473573054,taglish,comment,True,majority,3-0,0,0
t1_p4522z7,0,0.08945459872484207,-2.3203125,0,0.46489593386650085,0,0.13685824525739057,taglish,comment,True,unanimous,3-0,0,0
t1_p46kgxz,0,0.011869121342897415,-4.421875,0,0.14383237063884735,0,0.0290390573859408,taglish,comment,True,majority,3-0,0,0
t1_p5ckey9,0,0.0033766122069209814,-5.6875,0,0.026277294382452965,0,0.01083401162837129,taglish,comment,True,majority,3-0,0,0
t1_p468uq7,0,0.00482972152531147,-5.328125,0,0.05042555183172226,0,0.014358712030039116,taglish,comment,True,majority,3-0,0,0
t1_p4j13uh,0,0.06754669547080994,-2.625,0,0.3761212229728699,0,0.11071446404608441,taglish,comment,True,adjudicator,2-1,0,0
t1_p6kvaw3,0,0.3734187185764313,-0.517578125,0,0.88908451795578,0,0.3987198249918536,tagalog,comment,True,adjudicator,2-1,0,0
t1_p50cu7q,0,0.49609386920928955,-0.015625,0,0.8180454969406128,1,0.49689964705619327,tagalog,comment,True,adjudicator,2-1,0,1
t1_p6ehfif,0,0.001098731067031622,-6.8125,0,0.005700455512851477,0,0.004464672115202112,taglish,comment,True,majority,3-0,0,0
t1_p3kn1mx,0,0.022116590291261673,-3.7890625,0,0.21635662019252777,0,0.04709354043858997,taglish,comment,True,adjudicator,2-1,0,0
t1_p508vlz,0,0.0012644219677895308,-6.671875,0,0.013045585714280605,0,0.004989236330433244,taglish,comment,True,majority,3-0,0,0
t1_p500tw0,0,0.19559408724308014,-1.4140625,0,0.7956532835960388,0,0.2455770972580049,tagalog,comment,True,unanimous,3-0,0,0
t1_p5j68cx,0,0.0007321811863221228,-7.21875,0,0.0026343627832829952,0,0.0032380984346193275,taglish,comment,True,unanimous,3-0,0,0
t1_p7inl7t,0,0.009268012829124928,-4.671875,0,0.07828697562217712,0,0.023937750222767996,tagalog,comment,True,adjudicator,2-1,0,0
t1_p2to0zs,0,0.9536218643188477,3.0234375,1,0.9824451208114624,1,0.9168047242095105,taglish,comment,True,unanimous,3-0,0,0
t1_p7m7vex,1,0.006589771714061499,-5.015625,0,0.06454036384820938,0,0.018326616361903126,taglish,comment,True,adjudicator,2-1,1,0
t1_p4kwum0,0,0.0033766122069209814,-5.6875,0,0.07216472178697586,0,0.01083401162837129,taglish,comment,True,majority,3-0,0,0
t1_p5cnmub,0,0.01384861022233963,-4.265625,0,0.0979841873049736,0,0.032747631413404366,english,comment,True,majority,3-0,0,0
t1_p55dlc7,0,0.10970578342676163,-2.09375,0,0.5969711542129517,0,0.15951911172743963,tagalog,comment,True,adjudicator,2-1,0,0
t1_p6xqnb9,0,0.0008969393675215542,-7.015625,0,0.006286239251494408,0,0.003802430048180752,taglish,comment,True,unanimous,3-0,0,0
t1_p5ajxuq,0,0.32766830921173096,-0.71875,0,0.6030202507972717,0,0.36112786206670844,english,comment,True,majority,3-0,0,0
t1_p4mpcby,0,0.5486130118370056,0.195068359375,1,0.641943633556366,1,0.5386293302143491,taglish,comment,True,adjudicator,2-1,0,1
t1_p3z7paz,0,0.0012843081494793296,-6.65625,0,0.008866289630532265,0,0.005051181473573054,tagalog,comment,True,unanimous,3-0,0,0
t1_p3z0hlw,0,0.004468384198844433,-5.40625,0,0.045173682272434235,0,0.013507062511842293,taglish,comment,True,unanimous,3-0,0,0
t1_p2ybp2q,0,0.0013885231455788016,-6.578125,0,0.015254582278430462,0,0.005372573064999557,english,comment,True,adjudicator,3-0,0,0
t1_p4q6qmb,0,0.001957016997039318,-6.234375,0,0.01604471728205681,0,0.0070459828036904155,taglish,comment,True,unanimous,3-0,0,0
t1_p5bok5x,0,0.028652667999267578,-3.5234375,0,0.2052113264799118,0,0.057510664876469116,english,comment,True,unanimous,3-0,0,0
t1_p747u3c,0,0.002396730938926339,-6.03125,0,0.005536026321351528,0,0.00826844254905784,tagalog,comment,True,majority,3-0,0,0
t1_p7lslbs,0,0.0753123015165329,-2.5078125,0,0.484947144985199,0,0.12020904065781979,taglish,comment,True,unanimous,3-0,0,0
t1_p5ic7oc,0,0.0037654140032827854,-5.578125,0,0.03220978006720543,0,0.011804954849988933,tagalog,comment,True,adjudicator,2-1,0,0
t1_p4zyvy3,0,0.018404891714453697,-3.9765625,0,0.10652246326208115,0,0.040847684700774246,taglish,comment,True,majority,3-0,0,0
t1_p6evfqh,1,0.01590639352798462,-4.125,0,0.27154162526130676,0,0.036473477233485777,english,comment,True,adjudicator,2-1,1,1
t1_p5tdikt,0,0.0024726232513785362,-6.0,0,0.0265777837485075,0,0.008474330736828782,taglish,comment,True,unanimous,3-0,0,0
t1_p7mywvv,0,0.03384403511881828,-3.3515625,0,0.36364707350730896,0,0.06536696797367714,taglish,comment,True,majority,3-0,0,0
t1_p5n7zbt,0,0.10017221421003342,-2.1953125,0,0.5097751617431641,0,0.1490057233763646,taglish,comment,True,unanimous,3-0,0,0
t1_p42kfmf,0,0.014503578655421734,-4.21875,0,0.1446526050567627,0,0.03394680714463563,tagalog,comment,True,majority,3-0,0,0
t1_p4zso0v,0,0.0832919254899025,-2.3984375,0,0.592261552810669,0,0.12969692785355177,english,comment,True,majority,3-0,0,0
t3_1vfu3bz,0,0.018546564504504204,-3.96875,0,0.24753227829933167,0,0.041091319080897776,taglish,submission,True,majority,3-0,0,0
t1_p6mfrhg,0,0.0015731120947748423,-6.453125,0,0.00604774197563529,0,0.0059296151207206965,taglish,comment,True,majority,3-0,0,0
t1_p4xgjet,0,0.03817827254533768,-3.2265625,0,0.2538943886756897,0,0.07169599693405204,taglish,comment,True,majority,3-0,0,0
t1_p3recjs,0,0.004681822843849659,-5.359375,0,0.05034428462386131,0,0.014011880113174616,taglish,comment,True,unanimous,3-0,0,0
t1_p3z1tih,0,0.01615283451974392,-4.109375,0,0.23627452552318573,0,0.036911821837906714,taglish,comment,True,unanimous,3-0,0,0
t1_p5tbsqh,1,0.5734395980834961,0.2958984375,1,0.8557233214378357,1,0.5584452952807135,taglish,comment,True,unanimous,3-0,1,1
t1_p3lfwye,0,0.001957016997039318,-6.234375,0,0.01526433601975441,0,0.0070459828036904155,taglish,comment,True,majority,3-0,0,0
t1_p70c3as,0,0.6233768463134766,0.50390625,1,0.763567328453064,1,0.5986758045496002,taglish,comment,True,unanimous,3-0,0,0
t1_p44iql0,0,0.034358687698841095,-3.3359375,0,0.39079827070236206,0,0.0661287273366111,tagalog,comment,True,adjudicator,2-1,0,0
t1_p43jou3,0,0.2934044897556305,-0.87890625,0,0.7010793089866638,0,0.3323471377415733,tagalog,comment,True,majority,3-0,0,0
t1_p42u05n,0,0.01971912942826748,-3.90625,0,0.22465965151786804,0,0.04309106019730337,english,comment,True,majority,3-0,0,0
t1_p7k45c9,0,0.002396730938926339,-6.03125,0,0.02540469542145729,0,0.00826844254905784,english,comment,True,majority,3-0,0,0
t1_p5emwes,0,0.0012843081494793296,-6.65625,0,0.023913418874144554,0,0.005051181473573054,taglish,comment,True,adjudicator,2-1,0,0
t1_p744g80,0,0.0036499870475381613,-5.609375,0,0.015387531369924545,0,0.011519087532579032,english,comment,True,adjudicator,2-1,0,0
t1_p4u0hht,0,0.0016484829830005765,-6.40625,0,0.00569072924554348,0,0.006152996997001279,taglish,comment,True,majority,3-0,0,0
t1_p66ynv1,0,0.01956867426633835,-3.9140625,0,0.21950708329677582,0,0.0428360988171633,english,comment,True,majority,3-0,0,0
t3_1vrbv5m,0,0.0037654140032827854,-5.578125,0,0.024879440665245056,0,0.011804954849988933,taglish,submission,True,unanimous,3-0,0,0
t1_p7lyv2i,0,0.004399413242936134,-5.421875,0,0.06529509276151657,0,0.013342809362448659,taglish,comment,True,unanimous,3-0,0,0
t1_p7lqosu,0,0.021125193685293198,-3.8359375,0,0.27379804849624634,0,0.04545180452696595,tagalog,comment,True,adjudicator,2-1,0,0
t1_p748ub9,0,0.07807817310094833,-2.46875,0,0.31491899490356445,0,0.12352678025634592,english,comment,True,majority,3-0,0,0
t1_p7j763w,1,0.016914913430809975,-4.0625,0,0.07359150052070618,0,0.03825745353026623,taglish,comment,True,unanimous,3-0,1,1
t1_p622au2,0,0.0038844766095280647,-5.546875,0,0.0317348912358284,0,0.012097829663948222,tagalog,comment,True,adjudicator,2-1,0,0
t1_p7mwkqj,0,0.006003595422953367,-5.109375,0,0.0304881539195776,0,0.017034829842774442,taglish,comment,True,unanimous,3-0,0,0
t1_p3wqy9j,0,0.0033766122069209814,-5.6875,0,0.048344843089580536,0,0.01083401162837129,taglish,comment,True,unanimous,3-0,0,0
t1_p7jfqdd,0,0.013020490296185017,-4.328125,0,0.11732813715934753,0,0.031212244335297512,english,comment,True,unanimous,3-0,0,0
t1_p7mk1sb,0,0.03258974477648735,-3.390625,0,0.32262152433395386,0,0.06349814285168599,tagalog,comment,True,adjudicator,2-1,0,1
t1_p55pqwb,0,0.01912403479218483,-3.9375,0,0.15558680891990662,0,0.042079833832798334,tagalog,comment,True,majority,3-0,0,0
t1_p5bk3bw,1,0.019419347867369652,-3.921875,0,0.21099373698234558,0,0.04258257886269454,english,comment,True,adjudicator,2-1,1,1
t1_p5am8kj,0,0.012624949216842651,-4.359375,0,0.149065300822258,0,0.030470903823707325,taglish,comment,True,majority,3-0,0,0
t1_p4s6jbw,0,0.006692850962281227,-5.0,0,0.08917614817619324,0,0.0185510678244272,taglish,comment,True,unanimous,3-0,0,0
t1_p59zb3f,1,0.3674972355365753,-0.54296875,0,0.7878912687301636,0,0.3938984091415159,taglish,comment,True,unanimous,3-0,1,1
t1_p44z1hv,0,0.012821215204894543,-4.34375,0,0.13210844993591309,0,0.03083941742596216,english,comment,True,majority,3-0,0,0
t1_p5eg3tr,0,0.0025509123224765062,-5.96875,0,0.01829420030117035,0,0.008685300740989898,tagalog,comment,True,adjudicator,2-1,0,0
t1_p4wrn61,0,0.0032224843744188547,-5.734375,0,0.022018659859895706,0,0.010442473158180787,tagalog,comment,True,majority,3-0,0,0
t1_p4zt9gn,0,0.14511536061763763,-1.7734375,0,0.6420041918754578,0,0.19661630673844213,tagalog,comment,True,adjudicator,2-1,0,0
t1_p79znvj,0,0.03541072830557823,-3.3046875,0,0.4289659261703491,0,0.0676770458166002,tagalog,comment,True,adjudicator,2-1,0,1
t1_p7mnztk,0,0.008985428139567375,-4.703125,0,0.07258190214633942,0,0.023365023439488975,english,comment,True,unanimous,3-0,0,0
t1_p7mjh4r,0,0.00178219610825181,-6.328125,0,0.017496708780527115,0,0.006544032719501775,english,comment,True,majority,3-0,0,0
t1_p44wn2h,1,0.4823072552680969,-0.07080078125,0,0.9199002981185913,1,0.4859550414477666,tagalog,comment,True,majority,3-0,1,1
t1_p42gcay,0,0.004681822843849659,-5.359375,0,0.047153290361166,0,0.014011880113174616,taglish,comment,True,unanimous,3-0,0,0
t1_p4zfgxk,0,0.0060975621454417706,-5.09375,0,0.13272440433502197,0,0.017243738320063123,taglish,comment,True,adjudicator,2-1,0,0
t1_p50993l,0,0.004905405919998884,-5.3125,0,0.027739789336919785,0,0.014535286945762125,english,comment,True,majority,3-0,0,0
t1_p74h5ow,0,0.0023596608079969883,-6.046875,0,0.020664870738983154,0,0.008167366416337467,tagalog,comment,True,majority,3-0,0,0
t1_p4wqitu,0,0.2011847198009491,-1.37890625,0,0.6278977394104004,0,0.25078337989822425,english,comment,True,adjudicator,2-1,0,1
t1_p7jvixv,0,0.00970847625285387,-4.625,0,0.08940234035253525,0,0.024822598595254295,taglish,comment,True,unanimous,3-0,0,0
t1_p3my412,0,0.004982269834727049,-5.296875,0,0.05005928874015808,0,0.01471400085933903,taglish,comment,True,unanimous,3-0,0,0
t1_p7lue0s,0,0.24725964665412903,-1.11328125,0,0.8083555102348328,0,0.2924298611741965,tagalog,comment,True,adjudicator,2-1,0,0
t1_p30z9p4,0,0.002217013156041503,-6.109375,0,0.024116862565279007,0,0.0077751719366889625,taglish,comment,True,unanimous,3-0,0,0
t1_p56ut8f,0,0.014063626527786255,-4.25,0,0.06466047465801239,0,0.03314273839248867,english,comment,True,majority,3-0,0,0
t1_p4526w0,0,0.38931432366371155,-0.4501953125,0,0.8427960872650146,0,0.4116084107484781,english,comment,True,adjudicator,2-1,0,0
t1_p4ma40f,0,0.010489092208445072,-4.546875,0,0.08177313208580017,0,0.02636864634508289,taglish,comment,True,majority,3-0,0,0
t1_p55amzv,0,0.01615283451974392,-4.109375,0,0.1421889364719391,0,0.036911821837906714,english,comment,True,unanimous,3-0,0,0
t1_p64j1qq,0,0.6734064817428589,0.7236328125,1,0.9270629286766052,1,0.6397657879016039,english,comment,True,adjudicator,2-1,0,0
t1_p4rh8k8,0,0.02145073004066944,-3.8203125,0,0.21915876865386963,0,0.0459929015947215,tagalog,comment,True,majority,3-0,0,0
t1_p7m30vs,1,0.05921025201678276,-2.765625,0,0.42029041051864624,0,0.10019335636070993,english,comment,True,adjudicator,2-1,1,0
t1_p7m4n3e,0,0.0014550630003213882,-6.53125,0,0.022460533306002617,0,0.0055750876111817635,english,comment,True,majority,3-0,0,0
t1_p3lhcxe,0,0.0038844766095280647,-5.546875,0,0.024050097912549973,0,0.012097829663948222,taglish,comment,True,majority,3-0,0,0
t3_1vskg14,0,0.0011335690505802631,-6.78125,0,0.004711702466011047,0,0.00457628165317955,taglish,submission,True,majority,3-0,0,0
t3_1vqvfsc,0,0.0019877743907272816,-6.21875,0,0.008496015332639217,0,0.007133280940827821,taglish,submission,True,majority,3-0,0,0
t1_p7m0hgn,0,0.020023442804813385,-3.890625,0,0.15937307476997375,0,0.04360533680148906,taglish,comment,True,unanimous,3-0,0,0
t1_p459ic4,0,0.0020190139766782522,-6.203125,0,0.023186329752206802,0,0.007221652815790418,english,comment,True,majority,3-0,0,0
t3_1vpbbpg,0,0.0010649627074599266,-6.84375,0,0.006198175251483917,0,0.0043557726772487215,tagalog,submission,True,majority,3-0,0,0
t3_1vrdku6,0,0.002217013156041503,-6.109375,0,0.00829465314745903,0,0.0077751719366889625,english,submission,True,majority,3-0,0,0
t1_p7iley9,0,0.026355354115366936,-3.609375,0,0.26650217175483704,0,0.053923205187818415,tagalog,comment,True,adjudicator,2-1,0,0
t3_1vskgn5,0,0.0029810327105224133,-5.8125,0,0.011294583790004253,0,0.00982079070472427,taglish,submission,True,majority,3-0,0,0
t1_p70l0oc,0,0.0222861859947443,-3.78125,0,0.15235593914985657,0,0.04737258803967525,taglish,comment,True,majority,3-0,0,0
t1_p3kvhod,0,0.0028449094388633966,-5.859375,0,0.009373286738991737,0,0.009465519384885593,taglish,comment,True,unanimous,3-0,0,0
t3_1vryasm,0,0.3178495764732361,-0.763671875,0,0.7447772026062012,0,0.35294323976203,tagalog,submission,True,adjudicator,2-1,0,0
t3_1vrlmdq,0,0.17838265001773834,-1.52734375,0,0.6586015224456787,0,0.2293025563196214,taglish,submission,True,unanimous,3-0,0,0
t3_1vp9np3,0,0.0008830457809381187,-7.03125,0,0.0036347820423543453,0,0.003755741155354361,taglish,submission,True,unanimous,3-0,0,0
t3_1vsyivt,0,0.010986942797899246,-4.5,0,0.09283874928951263,0,0.02734083470272198,tagalog,submission,True,majority,3-0,0,0
t3_1vt13ce,0,0.003429603995755315,-5.671875,0,0.034664202481508255,0,0.01096772418906386,taglish,submission,True,unanimous,3-0,0,0
t1_p5057mr,1,0.03514484316110611,-3.3125,0,0.19951781630516052,0,0.06728684299382143,english,comment,True,adjudicator,2-1,1,1
t1_p5ojmel,0,0.010169658809900284,-4.578125,0,0.10284316539764404,0,0.025739292468785622,english,comment,True,majority,3-0,0,0
t1_p6ji302,0,0.006003595422953367,-5.109375,0,0.06525231152772903,0,0.017034829842774442,english,comment,True,majority,3-0,0,0
t1_p7j6zah,1,0.03258974477648735,-3.390625,0,0.25593096017837524,0,0.06349814285168599,tagalog,comment,True,unanimous,3-0,1,1
t1_p7msa8l,0,0.04885777831077576,-2.96875,0,0.4121505916118622,0,0.08656643951077618,tagalog,comment,True,adjudicator,2-1,0,1
t1_p75joyo,0,0.005641908384859562,-5.171875,0,0.0717899426817894,0,0.016223787621276468,taglish,comment,True,unanimous,3-0,0,0
t1_p6yhqm4,0,0.008315778337419033,-4.78125,0,0.03042994998395443,0,0.021991106544370382,english,comment,True,adjudicator,2-1,0,0
t1_p5mjiwo,0,0.3842187523841858,-0.4716796875,0,0.6509943008422852,0,0.4074849157110974,english,comment,True,adjudicator,2-1,0,0
t1_p6q3p57,0,0.001367025775834918,-6.59375,0,0.006436315830796957,0,0.005306707559366049,taglish,comment,True,majority,3-0,0,0
t3_1vpaama,0,0.0019877743907272816,-6.21875,0,0.017833860591053963,0,0.007133280940827821,taglish,submission,True,unanimous,3-0,0,0
t3_1vsg1jc,0,0.004609572235494852,-5.375,0,0.027841269969940186,0,0.013841574244893321,english,submission,True,adjudicator,2-1,0,0
t3_1vrpzk8,0,0.000954731716774404,-6.953125,0,0.005199150647968054,0,0.003995038711076537,taglish,submission,True,unanimous,3-0,0,0
t3_1vrse2s,0,0.0014779430348426104,-6.515625,0,0.02098327875137329,0,0.005644265280094572,taglish,submission,True,unanimous,3-0,0,0
t3_1vtdeks,0,0.009125636890530586,-4.6875,0,0.06096788868308067,0,0.023649695163366853,taglish,submission,True,unanimous,3-0,0,0
t1_p77l4mb,0,0.23792988061904907,-1.1640625,0,0.6595779657363892,0,0.2841604475028351,english,comment,True,unanimous,3-0,0,0
t1_p7m7hn2,0,0.0038244836032390594,-5.5625,0,0.029663410037755966,0,0.01195050594416123,taglish,comment,True,unanimous,3-0,0,0
t1_p458t1g,0,0.018689310178160667,-3.9609375,0,0.208116352558136,0,0.04133634398259861,taglish,comment,True,unanimous,3-0,0,0
t1_p6dib8t,0,0.0026316740550100803,-5.9375,0,0.009446926414966583,0,0.008901475730412245,english,comment,True,unanimous,3-0,0,0
t1_p50f5oh,0,0.02909075655043125,-3.5078125,0,0.3287575840950012,0,0.05818656995816496,taglish,comment,True,unanimous,3-0,0,0
t1_p5nau8v,0,0.001674399245530367,-6.390625,0,0.007482600398361683,0,0.0062293006508510945,english,comment,True,majority,3-0,0,0
t1_p6yelay,0,0.06278920918703079,-2.703125,0,0.42676204442977905,0,0.1047551312161881,tagalog,comment,True,adjudicator,2-1,0,0
t1_p5lfpl8,0,0.0020190139766782522,-6.203125,0,0.02169525995850563,0,0.007221652815790418,taglish,comment,True,majority,3-0,0,0
t1_p6p86k3,1,0.167763352394104,-1.6015625,0,0.6649708151817322,0,0.21905857304521223,english,comment,True,majority,3-0,1,1
t1_p5s0rbj,0,0.0017546144081279635,-6.34375,0,0.02669590339064598,0,0.006463898940371175,taglish,comment,True,unanimous,3-0,0,0
t1_p44bimy,0,0.056236349046230316,-2.8203125,0,0.15952923893928528,0,0.0963474931819994,taglish,comment,True,majority,3-0,0,0
t1_p30h8ke,0,0.001048469333909452,-6.859375,0,0.005270038731396198,0,0.004302318799948333,taglish,comment,True,majority,3-0,0,0
t1_p6xian7,0,0.19253934919834137,-1.43359375,0,0.680169939994812,0,0.24271640422657617,tagalog,comment,True,majority,3-0,0,0
t1_p7ipcih,0,0.08819004148244858,-2.3359375,0,0.44472813606262207,0,0.13539985827184872,english,comment,True,adjudicator,2-1,0,1
t3_1vrgt5h,0,0.011331754736602306,-4.46875,0,0.13268029689788818,0,0.028008222276532428,tagalog,submission,True,adjudicator,2-1,0,0
t1_p742s93,0,0.15921740233898163,-1.6640625,0,0.6836165189743042,0,0.2106906661523308,taglish,comment,True,unanimous,3-0,0,0
t1_p5zb9dr,0,0.053403329104185104,-2.875,0,0.2435222566127777,0,0.09263405377221931,taglish,comment,True,majority,3-0,0,0
t1_p6y7shb,0,0.005730246659368277,-5.15625,0,0.05908564478158951,0,0.016422915972736242,english,comment,True,majority,3-0,0,0
t1_p6xb78y,0,0.008187909610569477,-4.796875,0,0.06520353257656097,0,0.02172595502245546,english,comment,True,unanimous,3-0,0,0
t1_p54s2u0,0,0.4942019283771515,-0.023193359375,0,0.8854937553405762,1,0.49539798457478035,tagalog,comment,True,adjudicator,2-1,0,1
t1_p4tu56e,0,0.19253934919834137,-1.43359375,0,0.5770525932312012,0,0.24271640422657617,english,comment,True,majority,3-0,0,0
t1_p5602yf,1,0.07477004826068878,-2.515625,0,0.5919265747070312,0,0.11955479571508143,taglish,comment,True,adjudicator,2-1,1,0
t1_p74etj3,1,0.14128142595291138,-1.8046875,0,0.5957212448120117,0,0.1927279028929596,taglish,comment,True,unanimous,3-0,1,1
t1_p5qll5m,0,0.0055549247190356255,-5.1875,0,0.03784424066543579,0,0.01602703436469781,taglish,comment,True,unanimous,3-0,0,0
t1_p7hb1j5,0,0.06903792917728424,-2.6015625,0,0.31183212995529175,0,0.1125592983721955,taglish,comment,True,majority,3-0,0,0
t1_p74w6ph,0,0.002889581024646759,-5.84375,0,0.019648633897304535,0,0.009582505736265769,tagalog,comment,True,adjudicator,2-1,0,0
t1_p4zdj8p,0,0.013020490296185017,-4.328125,0,0.23514032363891602,0,0.031212244335297512,taglish,comment,True,majority,3-0,0,0
t1_p4yb5cn,0,0.017176708206534386,-4.046875,0,0.13573035597801208,0,0.03871637676605561,english,comment,True,majority,3-0,0,0
t1_p7dqwe6,0,0.028652667999267578,-3.5234375,0,0.20541058480739594,0,0.057510664876469116,english,comment,True,unanimous,3-0,0,0
t1_p43qody,0,0.0055549247190356255,-5.1875,0,0.055464476346969604,0,0.01602703436469781,taglish,comment,True,unanimous,3-0,0,0
t1_p4mb8p7,0,0.5622966289520264,0.25048828125,1,0.8057293891906738,1,0.5495400987240456,tagalog,comment,True,adjudicator,2-1,0,0
t1_p7mebve,0,0.2133771777153015,-1.3046875,0,0.6448323726654053,0,0.26201318048885647,english,comment,True,adjudicator,2-1,0,0
t1_p44wk4d,0,0.0013458605390042067,-6.609375,0,0.019489292055368423,0,0.0052416452819631166,taglish,comment,True,majority,3-0,0,0
t1_p7m28bo,0,0.845432698726654,1.69921875,1,0.9536303281784058,1,0.7939122378652238,taglish,comment,True,adjudicator,2-1,0,0
t1_p44vank,0,0.018404891714453697,-3.9765625,0,0.21196240186691284,0,0.040847684700774246,taglish,comment,True,adjudicator,2-1,0,0
t1_p5rczey,0,0.002115703420713544,-6.15625,0,0.0039680893532931805,0,0.00749334173836876,taglish,comment,True,unanimous,3-0,0,0
t1_p50oo68,0,0.001081715221516788,-6.828125,0,0.005184033885598183,0,0.00440988774732401,english,comment,True,majority,3-0,0,0
t1_p5dj6ny,0,0.008847354911267757,-4.71875,0,0.1048378199338913,0,0.02308369729877056,taglish,comment,True,majority,3-0,0,0
t1_p5brabp,0,0.012241275049746037,-4.390625,0,0.2474910467863083,0,0.029746630675691697,taglish,comment,True,unanimous,3-0,0,0
t1_p6botey,0,0.014063626527786255,-4.25,0,0.18030205368995667,0,0.03314273839248867,taglish,comment,True,majority,3-0,0,0
t1_p487gpr,0,0.002396730938926339,-6.03125,0,0.013709429651498795,0,0.00826844254905784,english,comment,True,majority,3-0,0,0
t1_p5d03sd,1,0.9437636137008667,2.8203125,1,0.9778706431388855,1,0.9036525068180006,english,comment,True,adjudicator,2-1,1,1
t1_p453e79,0,0.3789186179637909,-0.494140625,0,0.853071391582489,0,0.4031878863141037,taglish,comment,True,adjudicator,2-1,0,1
t1_p7e07q4,0,0.0026730059180408716,-5.921875,0,0.026606794446706772,0,0.009011554368320265,taglish,comment,True,majority,3-0,0,0
t1_p5zhlxw,0,0.0011335690505802631,-6.78125,0,0.006391221657395363,0,0.00457628165317955,taglish,comment,True,unanimous,3-0,0,0
t1_p74tu88,0,0.007577240467071533,-4.875,0,0.1152477115392685,0,0.020446401314649764,tagalog,comment,True,adjudicator,2-1,0,1
t1_p5ym9ua,0,0.24328269064426422,-1.134765625,0,0.8184902667999268,0,0.2889140492002796,tagalog,comment,True,adjudicator,2-1,0,0
t1_p708z3d,0,0.001622967072762549,-6.421875,0,0.013118751347064972,0,0.006077622282158479,taglish,comment,True,majority,3-0,0,0
t1_p6koe9k,0,0.010652512311935425,-4.53125,0,0.10335984826087952,0,0.026688913166836692,tagalog,comment,True,adjudicator,2-1,0,0
t1_p3h6w9m,0,0.0029810327105224133,-5.8125,0,0.03977707028388977,0,0.00982079070472427,taglish,comment,True,majority,3-0,0,0
t1_p6dmdko,0,0.0009850084315985441,-6.921875,0,0.004908055067062378,0,0.00409495646881847,taglish,comment,True,majority,3-0,0,0
t1_p6lzpgw,0,0.001597845577634871,-6.4375,0,0.018437590450048447,0,0.006003165336399166,tagalog,comment,True,adjudicator,3-0,0,0
t1_p3mae26,0,0.023689471185207367,-3.71875,0,0.31632155179977417,0,0.049662180601942656,english,comment,True,adjudicator,2-1,0,0
t1_p4zxhbz,0,0.022116590291261673,-3.7890625,0,0.2456549108028412,0,0.04709354043858997,english,comment,True,unanimous,3-0,0,0
t1_p5ukt3z,0,0.0025114635936915874,-5.984375,0,0.01615360751748085,0,0.008579172880391962,english,comment,True,majority,3-0,0,0
t1_p7n7u1a,0,0.0014325366355478764,-6.546875,0,0.004520715214312077,0,0.005506753107359832,taglish,comment,True,majority,3-0,0,0
t1_p5l5zsg,0,0.6085940003395081,0.44140625,1,0.7998135089874268,1,0.5867010859319473,tagalog,comment,True,adjudicator,2-1,0,0
t1_p6jmjmi,0,0.004007288720458746,-5.515625,0,0.029376229271292686,0,0.012397879390280978,taglish,comment,True,unanimous,3-0,0,0
t1_p5zcdof,0,0.004681822843849659,-5.359375,0,0.08160069584846497,0,0.014011880113174616,taglish,comment,True,unanimous,3-0,0,0
t1_p452dbx,1,0.9976032376289368,6.03125,1,0.9964722394943237,1,0.9917315574509421,tagalog,comment,True,majority,3-0,1,1
t1_p51dj2a,0,0.004905405919998884,-5.3125,0,0.025332480669021606,0,0.014535286945762125,english,comment,True,majority,3-0,0,0
t1_p6t39ns,0,0.001032231142744422,-6.875,0,0.008865263313055038,0,0.004249518106794319,english,comment,True,majority,3-0,0,0
t1_p7cmz58,0,0.0012843081494793296,-6.65625,0,0.011861464940011501,0,0.005051181473573054,taglish,comment,True,unanimous,3-0,0,0
t1_p7mep86,0,0.0018969200318679214,-6.265625,0,0.01095668040215969,0,0.006874556454673583,taglish,comment,True,unanimous,3-0,0,0
t1_p4zmnie,0,0.5109235644340515,0.043701171875,1,0.7247645258903503,1,0.5086705415036699,tagalog,comment,True,adjudicator,2-1,0,0
t1_p6es1yo,0,0.04778006672859192,-2.9921875,0,0.437894344329834,0,0.08510676933563796,taglish,comment,True,majority,3-0,0,0
t1_p64xt0g,0,0.04958902671933174,-2.953125,0,0.30205339193344116,0,0.0875521061833663,taglish,comment,True,adjudicator,2-1,0,0
t1_p5zth6t,0,0.0222861859947443,-3.78125,0,0.3039848804473877,0,0.04737258803967525,english,comment,True,majority,3-0,0,0
t1_p4v1a5u,0,0.002251847181469202,-6.09375,0,0.00586490286514163,0,0.00787143294365646,english,comment,True,unanimous,3-0,0,0
t1_p5bon51,0,0.0032224843744188547,-5.734375,0,0.013464361429214478,0,0.010442473158180787,english,comment,True,unanimous,3-0,0,0
t1_p7ma2th,0,0.2062538117170334,-1.34765625,0,0.7305058836936951,0,0.2554724130293249,tagalog,comment,True,majority,3-0,0,0
t1_p450wb0,1,0.03622005507349968,-3.28125,0,0.3427027463912964,0,0.06886027783254492,tagalog,comment,True,majority,3-0,1,1
t1_p6epmh2,0,0.10230471193790436,-2.171875,0,0.5710468292236328,0,0.151379992159552,english,comment,True,majority,3-0,0,0
t1_p6koc3k,0,0.001367025775834918,-6.59375,0,0.0065972814336419106,0,0.005306707559366049,taglish,comment,True,majority,3-0,0,0
t1_p7jemz9,0,0.008315778337419033,-4.78125,0,0.24873942136764526,0,0.021991106544370382,tagalog,comment,True,adjudicator,2-1,0,0
t1_p640vhz,0,0.0034834241960197687,-5.65625,0,0.04650593549013138,0,0.011103068496421335,taglish,comment,True,unanimous,3-0,0,0
t1_p72isee,0,0.11047115921974182,-2.0859375,0,0.47678837180137634,0,0.16035222440281,tagalog,comment,True,adjudicator,2-1,0,0
t1_p7m2yhi,0,0.011158031411468983,-4.484375,0,0.22677892446517944,0,0.02767257386929264,taglish,comment,True,majority,3-0,0,0
t1_p4j7xc9,0,0.01342825498431921,-4.296875,0,0.18360589444637299,0,0.03197102649256034,english,comment,True,unanimous,3-0,0,0
t1_p513ts6,0,0.0030278346966952085,-5.796875,0,0.029153984040021896,0,0.009942123857544062,english,comment,True,adjudicator,2-1,0,0
t1_p4u3d0c,0,0.0033244371879845858,-5.703125,0,0.02211381122469902,0,0.010701911579695408,english,comment,True,majority,3-0,0,0
t1_p50j5x3,0,0.2233770787715912,-1.24609375,0,0.6988696455955505,0,0.2711046490893418,tagalog,comment,True,adjudicator,2-1,0,0
t1_p7lno3k,0,0.1200256198644638,-1.9921875,0,0.6234651803970337,0,0.17062556216300986,tagalog,comment,True,unanimous,3-0,0,0
t1_p629c15,0,0.06371499598026276,-2.6875,0,0.4167846143245697,0,0.10592388288304846,tagalog,comment,True,majority,3-0,0,0
t1_p5liqmm,0,0.018833130598068237,-3.953125,0,0.2518916726112366,0,0.04158276659334749,tagalog,comment,True,majority,3-0,0,0
t1_p44m9qn,0,0.167763352394104,-1.6015625,0,0.799039363861084,0,0.21905857304521223,taglish,comment,True,adjudicator,3-0,0,0
t1_p5g1jtj,0,0.1225232183933258,-1.96875,0,0.6819471120834351,0,0.17327417977370702,english,comment,True,adjudicator,2-1,0,1
t1_p6aaa25,0,0.024053553119301796,-3.703125,0,0.19705705344676971,0,0.05025076288115008,taglish,comment,True,majority,3-0,0,0
t1_p2uhgpo,0,0.00407013762742281,-5.5,0,0.13510942459106445,0,0.012550648194851056,taglish,comment,True,unanimous,3-0,0,0
t1_p7ava6g,0,0.008315778337419033,-4.78125,0,0.055067360401153564,0,0.021991106544370382,english,comment,True,majority,3-0,0,0
t1_p62jeep,0,0.002217013156041503,-6.109375,0,0.010746157728135586,0,0.0077751719366889625,english,comment,True,majority,3-0,0,0
t1_p30atns,1,0.9086179733276367,2.296875,1,0.9426145553588867,1,0.8609294131806383,taglish,comment,True,adjudicator,2-1,1,1
t1_p58fd6g,0,0.5454673171043396,0.182373046875,1,0.8984074592590332,1,0.5361243433889058,tagalog,comment,True,adjudicator,2-1,0,0
t1_p5eh644,0,0.0013458605390042067,-6.609375,0,0.010654060170054436,0,0.0052416452819631166,english,comment,True,majority,3-0,0,0
t1_p5dmnmz,0,0.0029810327105224133,-5.8125,0,0.009693176485598087,0,0.00982079070472427,english,comment,True,majority,3-0,0,0
t1_p4n1t8r,0,0.035678550601005554,-3.296875,0,0.3334345817565918,0,0.06806934632207341,taglish,comment,True,majority,3-0,0,0
t1_p4543hs,0,0.2075357586145401,-1.33984375,0,0.7846359610557556,0,0.2566536284652474,taglish,comment,True,majority,3-0,0,0
t1_p7jyop2,0,0.0020190139766782522,-6.203125,0,0.016025882214307785,0,0.007221652815790418,taglish,comment,True,unanimous,3-0,0,0
t1_p3pa9zj,0,0.011687257327139378,-4.4375,0,0.10955607891082764,0,0.028691420180336213,english,comment,True,adjudicator,2-1,0,1
t1_p7mhq64,0,0.006003595422953367,-5.109375,0,0.046535469591617584,0,0.017034829842774442,taglish,comment,True,unanimous,3-0,0,0
t1_p7aocw7,0,0.03138043358922005,-3.4296875,0,0.17473956942558289,0,0.061679221013621374,english,comment,True,majority,3-0,0,0
t1_p73kboj,0,0.0026316740550100803,-5.9375,0,0.01614832505583763,0,0.008901475730412245,english,comment,True,majority,3-0,0,0
t1_p4j0x8c,0,0.000954731716774404,-6.953125,0,0.006878647953271866,0,0.003995038711076537,english,comment,True,majority,3-0,0,0
t1_p4kl93k,0,0.001048469333909452,-6.859375,0,0.0085519477725029,0,0.004302318799948333,taglish,comment,True,unanimous,3-0,0,0
t1_p6h2di8,0,0.0012065897462889552,-6.71875,0,0.01651296205818653,0,0.004807899887783024,english,comment,True,majority,3-0,0,0
t1_p6zv55a,0,0.0035380858462303877,-5.640625,0,0.06119056046009064,0,0.011240064003385574,english,comment,True,adjudicator,2-1,0,0
t1_p3slj9x,0,0.0030278346966952085,-5.796875,0,0.009372039698064327,0,0.009942123857544062,english,comment,True,majority,3-0,0,0
t1_p50ctkj,0,0.002396730938926339,-6.03125,0,0.030028145760297775,0,0.00826844254905784,english,comment,True,unanimous,3-0,0,0
t1_p5qki91,0,0.028007520362734795,-3.546875,0,0.2830082178115845,0,0.0565106184320767,taglish,comment,True,majority,3-0,0,0
t1_p30eyu9,0,0.018689310178160667,-3.9609375,0,0.22519437968730927,0,0.04133634398259861,taglish,comment,True,majority,3-0,0,0
t1_p4zviq9,1,0.308190256357193,-0.80859375,0,0.6504137516021729,0,0.34484398863078125,english,comment,True,adjudicator,2-1,1,1
t1_p5zunco,0,0.0035380858462303877,-5.640625,0,0.008332408964633942,0,0.011240064003385574,taglish,comment,True,unanimous,3-0,0,0
t1_p50nlvb,1,0.9130584001541138,2.3515625,1,0.9806000590324402,1,0.8660453997189034,taglish,comment,True,adjudicator,2-1,1,1
t1_p4y4w92,1,0.9575962424278259,3.1171875,1,0.9804553985595703,1,0.9223070273465225,taglish,comment,True,majority,3-0,1,1
t1_p736qxd,0,0.001957016997039318,-6.234375,0,0.008086246438324451,0,0.0070459828036904155,tagalog,comment,True,adjudicator,2-1,0,0
t1_p5s9slh,0,0.0015731120947748423,-6.453125,0,0.03615551441907883,0,0.0059296151207206965,taglish,comment,True,unanimous,3-0,0,0
t1_p6db8l4,0,0.011869121342897415,-4.421875,0,0.18390199542045593,0,0.0290390573859408,taglish,comment,True,majority,3-0,0,0
t1_p79oh8d,0,0.007345826830714941,-4.90625,0,0.06820011138916016,0,0.0199554995819404,taglish,comment,True,majority,3-0,0,0
t1_p3ty0ko,0,0.001622967072762549,-6.421875,0,0.018885228782892227,0,0.006077622282158479,english,comment,True,majority,3-0,0,0
t1_p30agwc,0,0.13706977665424347,-1.83984375,0,0.5626907348632812,0,0.18842374640144965,taglish,comment,True,adjudicator,2-1,0,1
t1_p5mtfcq,0,0.0064882696606218815,-5.03125,0,0.03916249796748161,0,0.018104830466984485,taglish,comment,True,majority,3-0,0,0
t1_p3n11sr,0,0.04501553252339363,-3.0546875,0,0.40209469199180603,0,0.08132289815205554,taglish,comment,True,adjudicator,2-1,0,0
t1_p44n0kf,1,0.10743748396635056,-2.1171875,0,0.6207868456840515,0,0.15704081081515148,english,comment,True,adjudicator,2-1,1,1
t1_p6ywz3e,0,0.06754669547080994,-2.625,0,0.49361270666122437,0,0.11071446404608441,english,comment,True,majority,3-0,0,0
t1_p3pin53,0,0.008187909610569477,-4.796875,0,0.06271887570619583,0,0.02172595502245546,taglish,comment,True,majority,3-0,0,0
t1_p7n42w7,0,0.004538431763648987,-5.390625,0,0.025407513603568077,0,0.013673309635231667,tagalog,comment,True,majority,3-0,0,0
t1_p7596mi,0,0.0025114635936915874,-5.984375,0,0.021587654948234558,0,0.008579172880391962,taglish,comment,True,majority,3-0,0,0
t1_p5u2xf4,0,0.0012255674228072166,-6.703125,0,0.007425847928971052,0,0.004867604615834009,english,comment,True,majority,3-0,0,0
t1_p4bwjhr,0,0.0011879054363816977,-6.734375,0,0.0053365714848041534,0,0.004748923987102981,english,comment,True,adjudicator,3-0,0,0
t1_p58i4p2,0,0.7122321724891663,0.90625,1,0.864945113658905,1,0.6724508937263052,tagalog,comment,True,adjudicator,2-1,0,0
t1_p53eew6,0,0.00941259041428566,-4.65625,0,0.13707950711250305,0,0.02422922674622167,tagalog,comment,True,majority,3-0,0,0
t1_p6zdhnd,0,0.0011335690505802631,-6.78125,0,0.0037034288980066776,0,0.00457628165317955,english,comment,True,majority,3-0,0,0
t1_p30a4s6,0,0.037892427295446396,-3.234375,0,0.3040353059768677,0,0.07128439390487697,taglish,comment,True,majority,3-0,0,0
t1_p5c3lxv,0,0.015663648024201393,-4.140625,0,0.20087087154388428,0,0.03604014337098749,taglish,comment,True,adjudicator,2-1,0,0
t1_p66jj08,0,0.4160846769809723,-0.3388671875,0,0.7415029406547546,0,0.4331626608953817,tagalog,comment,True,adjudicator,2-1,0,1
t1_p4zvx9f,0,0.005301895085722208,-5.234375,0,0.1051882654428482,0,0.015450752824396475,taglish,comment,True,majority,3-0,0,0
t1_p7jh0p6,0,0.002115703420713544,-6.15625,0,0.010833188891410828,0,0.00749334173836876,english,comment,True,adjudicator,3-0,0,0
t1_p6038wl,0,0.010013570077717304,-4.59375,0,0.12683649361133575,0,0.025430123356836434,tagalog,comment,True,adjudicator,2-1,0,0
t1_p5cqd1t,0,0.0015011822106316686,-6.5,0,0.007817581295967102,0,0.005714296397571114,english,comment,True,majority,3-0,0,0
t1_p7jc3l4,0,0.011331754736602306,-4.46875,0,0.0886920690536499,0,0.028008222276532428,english,comment,True,majority,3-0,0,0
t1_p5c4jtq,0,0.0026316740550100803,-5.9375,0,0.006008066236972809,0,0.008901475730412245,taglish,comment,True,majority,3-0,0,0
t1_p44fh9u,0,0.6928498148918152,0.8134765625,1,0.9566866159439087,1,0.6560310606198851,tagalog,comment,True,adjudicator,2-1,0,1
t1_p7jdqff,0,0.02655657008290291,-3.6015625,0,0.21558141708374023,0,0.05424041771255655,taglish,comment,True,unanimous,3-0,0,0
t1_p70hmaj,1,0.43518126010894775,-0.2607421875,0,0.8594390749931335,0,0.44844606539748894,tagalog,comment,True,adjudicator,2-1,1,1
t1_p7jis7i,1,0.2841785252094269,-0.923828125,0,0.7859775424003601,0,0.3244835059900536,taglish,comment,True,majority,3-0,1,1
t1_p6zu22v,0,0.0013250225456431508,-6.625,0,0.009866820648312569,0,0.0051773765411583985,taglish,comment,True,majority,3-0,0,0
t1_p3h6n99,1,0.5241511464118958,0.0966796875,1,0.9175898432731628,1,0.5191742721053462,tagalog,comment,True,adjudicator,3-0,1,0
t1_p4axnmj,1,0.8300437331199646,1.5859375,1,0.9422935247421265,1,0.7788124762845574,taglish,comment,True,adjudicator,2-1,1,1
t1_p519jeo,0,0.003429603995755315,-5.671875,0,0.019079774618148804,0,0.01096772418906386,english,comment,True,majority,3-0,0,0
t1_p7jfceu,0,0.05146276578307152,-2.9140625,0,0.2316737174987793,0,0.0900607874854846,taglish,comment,True,adjudicator,2-1,0,0
t1_p44to38,0,0.5854567289352417,0.34521484375,1,0.9267365336418152,1,0.5680739480833782,english,comment,True,adjudicator,2-1,0,1
t1_p7jdxj8,0,0.002889581024646759,-5.84375,0,0.019245538860559464,0,0.009582505736265769,english,comment,True,majority,3-0,0,0
t1_p7d3xht,0,0.0012065897462889552,-6.71875,0,0.0196230486035347,0,0.004807899887783024,english,comment,True,majority,3-0,0,0
t1_p6at5pk,0,0.007815889082849026,-4.84375,0,0.06781773269176483,0,0.020949121007695408,taglish,comment,True,majority,3-0,0,0
t1_p600vbg,0,0.010328153148293495,-4.5625,0,0.11046002805233002,0,0.02605211985458114,taglish,comment,True,unanimous,3-0,0,0
t1_p7mkum3,0,0.01384861022233963,-4.265625,0,0.20719097554683685,0,0.032747631413404366,tagalog,comment,True,adjudicator,3-0,0,0
t1_p4wexfv,0,0.0012448433553799987,-6.6875,0,0.005151625256985426,0,0.004928047088634591,english,comment,True,majority,3-0,0,0
t1_p4yk32o,0,0.010818448849022388,-4.515625,0,0.05234307795763016,0,0.027012961944413504,taglish,comment,True,majority,3-0,0,0
t1_p6672dj,0,0.0032224843744188547,-5.734375,0,0.01714758574962616,0,0.010442473158180787,english,comment,True,majority,3-0,0,0
t1_p5scoej,0,0.006797531619668007,-4.984375,0,0.10904382169246674,0,0.01877821562650026,tagalog,comment,True,unanimous,3-0,0,0
t1_p5c24vj,0,0.017176708206534386,-4.046875,0,0.17692558467388153,0,0.03871637676605561,taglish,comment,True,majority,3-0,0,0
t1_p4bnpvw,0,0.03210070729255676,-3.40625,0,0.34882646799087524,0,0.0627646494780586,taglish,comment,True,unanimous,3-0,0,0
t1_p6254y5,0,0.028007520362734795,-3.546875,0,0.10301532596349716,0,0.0565106184320767,tagalog,comment,True,majority,3-0,0,0
t1_p77y3tq,0,0.07107366621494293,-2.5703125,0,0.3908347487449646,0,0.11506078722995094,english,comment,True,majority,3-0,0,0
t1_p74c54r,0,0.06903792917728424,-2.6015625,0,0.5024569034576416,0,0.1125592983721955,tagalog,comment,True,adjudicator,2-1,0,1
t1_p44raji,0,0.1276526302099228,-1.921875,0,0.47540828585624695,0,0.1786687159986003,english,comment,True,majority,3-0,0,0
t1_p5exghx,0,0.0007672924548387527,-7.171875,0,0.0039275228045880795,0,0.0033604276163745343,taglish,comment,True,unanimous,3-0,0,0
t1_p73pilv,0,0.7520126104354858,1.109375,1,0.9229429960250854,1,0.7069282095998272,tagalog,comment,True,adjudicator,2-1,0,0
t1_p5s97zj,0,0.0014550630003213882,-6.53125,0,0.015912111848592758,0,0.0055750876111817635,taglish,comment,True,unanimous,3-0,0,0
t1_p454w2l,1,0.015189048834145069,-4.171875,0,0.18125775456428528,0,0.035188297621366334,tagalog,comment,True,adjudicator,2-1,1,1
t1_p7n7f29,1,0.021948251873254776,-3.796875,0,0.21284863352775574,0,0.04681605578418362,tagalog,comment,True,adjudicator,2-1,1,1
t1_p6asi7t,0,0.0037654140032827854,-5.578125,0,0.05453849956393242,0,0.011804954849988933,english,comment,True,majority,3-0,0,0
t1_p4swyw6,0,0.006903837900608778,-4.96875,0,0.030410386621952057,0,0.019008090864153445,english,comment,True,majority,3-0,0,0
t1_p45z054,0,0.00941259041428566,-4.65625,0,0.1433221846818924,0,0.02422922674622167,tagalog,comment,True,majority,3-0,0,0
t1_p5gzb33,0,0.0060975621454417706,-5.09375,0,0.09708292782306671,0,0.017243738320063123,english,comment,True,majority,3-0,0,0
t1_p744tm0,0,0.4332919418811798,-0.2684326171875,0,0.7858554720878601,0,0.4469367934893203,taglish,comment,True,majority,3-0,0,0
t1_p5c7392,1,0.013222821988165379,-4.3125,0,0.1086646318435669,0,0.03158943154923523,english,comment,True,majority,3-0,1,1
t1_p7mm60x,0,0.0023596608079969883,-6.046875,0,0.01694352738559246,0,0.008167366416337467,taglish,comment,True,majority,3-0,0,0
t1_p7j7nyv,0,0.006797531619668007,-4.984375,0,0.030913328751921654,0,0.01877821562650026,english,comment,True,majority,3-0,0,0
t1_p74k6ol,0,0.0013885231455788016,-6.578125,0,0.006531035527586937,0,0.005372573064999557,taglish,comment,True,majority,3-0,0,0
t1_p7m9t0d,0,0.0036499870475381613,-5.609375,0,0.026934271678328514,0,0.011519087532579032,english,comment,True,unanimous,3-0,0,0
t1_p7j7j2r,0,0.004331502132117748,-5.4375,0,0.02413102053105831,0,0.013180526932409332,tagalog,comment,True,unanimous,3-0,0,0
t1_p7dqnn4,0,0.0014550630003213882,-6.53125,0,0.010416312143206596,0,0.0055750876111817635,taglish,comment,True,majority,3-0,0,0
t1_p7n79bc,0,0.04177388176321983,-3.1328125,0,0.39723628759384155,0,0.07680895725292183,taglish,comment,True,unanimous,3-0,0,0
t1_p47zerh,0,0.016657039523124695,-4.078125,0,0.21950963139533997,0,0.037803756196639386,tagalog,comment,True,adjudicator,2-1,0,0
t1_p6hjw94,0,0.020023442804813385,-3.890625,0,0.34889692068099976,0,0.04360533680148906,tagalog,comment,True,majority,3-0,0,0
t1_p5c58b0,0,0.012053778395056725,-4.40625,0,0.07712936401367188,0,0.029390779254572418,english,comment,True,adjudicator,2-1,0,1
t1_p7mvl6b,0,0.0030753696337342262,-5.78125,0,0.03491027280688286,0,0.01006494081054021,taglish,comment,True,unanimous,3-0,0,0
t1_p5l9nof,0,0.0033766122069209814,-5.6875,0,0.008506531827151775,0,0.01083401162837129,english,comment,True,majority,3-0,0,0
t1_p783qi7,0,0.01640303246676922,-4.09375,0,0.19525668025016785,0,0.03735523030364032,tagalog,comment,True,unanimous,3-0,0,0
t1_p6ziu6m,0,0.0011160142021253705,-6.796875,0,0.004968772176653147,0,0.004520133983425725,taglish,comment,True,unanimous,3-0,0,0
t1_p3kq2uh,0,0.01678548939526081,-4.0703125,0,0.2857321500778198,0,0.03802995504004082,tagalog,comment,True,adjudicator,2-1,0,0
t1_p7mjyq2,1,0.09467770159244537,-2.2578125,0,0.5583850145339966,0,0.14282439093381138,tagalog,comment,True,adjudicator,2-1,1,0
t1_p488our,1,0.224735289812088,-1.23828125,0,0.7362855672836304,0,0.27233170484195207,tagalog,comment,True,majority,3-0,1,1
t1_p5opxl1,0,0.014503578655421734,-4.21875,0,0.21739459037780762,0,0.03394680714463563,tagalog,comment,True,adjudicator,2-1,0,0
t1_p5ph2jq,0,0.0011160142021253705,-6.796875,0,0.007486812304705381,0,0.004520133983425725,taglish,comment,True,majority,3-0,0,0
t1_p46vg9x,0,0.04742587357759476,-3.0,0,0.4138335585594177,0,0.084625194294156,taglish,comment,True,adjudicator,2-1,0,0
t1_p510vmj,0,0.09009299427270889,-2.3125,0,0.42613932490348816,0,0.13759238279157207,taglish,comment,True,unanimous,3-0,0,0
t1_p51brua,0,0.005819959565997124,-5.140625,0,0.03784381225705147,0,0.01662444709449999,taglish,comment,True,majority,3-0,0,0
t1_p2w9oei,0,0.001048469333909452,-6.859375,0,0.01148475706577301,0,0.004302318799948333,taglish,comment,True,majority,3-0,0,0
t1_p7detth,0,0.0017546144081279635,-6.34375,0,0.020547466352581978,0,0.006463898940371175,taglish,comment,True,unanimous,3-0,0,0
t1_p4ugrsw,0,0.009125636890530586,-4.6875,0,0.12075574696063995,0,0.023649695163366853,taglish,comment,True,majority,3-0,0,0
t1_p3kqsmp,0,0.05964693799614906,-2.7578125,0,0.43981510400772095,0,0.10075377352328777,taglish,comment,True,majority,3-0,0,0
t1_p5oes9v,0,0.0024343819823116064,-6.015625,0,0.04171637445688248,0,0.008370759003441308,taglish,comment,True,majority,3-0,0,0
t1_p5m46vz,0,0.010986942797899246,-4.5,0,0.10508626699447632,0,0.02734083470272198,taglish,comment,True,majority,3-0,0,0
t1_p47pog4,0,0.16079242527484894,-1.65234375,0,0.7466961741447449,0,0.21224161537257258,taglish,comment,True,majority,3-0,0,0
t1_p45tp20,0,0.19930799305438995,-1.390625,0,0.7327474355697632,0,0.24903982568867408,english,comment,True,majority,3-0,0,0
t1_p7mhk1d,0,0.46065282821655273,-0.15771484375,0,0.8017134666442871,0,0.4687462119853001,taglish,comment,True,adjudicator,2-1,0,0
t1_p6ciapk,0,0.0037072529084980488,-5.59375,0,0.019483424723148346,0,0.01166115557202624,taglish,comment,True,majority,3-0,0,0
t1_p3l2g3g,0,0.15974101424217224,-1.66015625,0,0.6098206043243408,0,0.2112067242705565,tagalog,comment,True,adjudicator,2-1,0,0
t1_p73f27d,0,0.37983837723731995,-0.490234375,0,0.9003313779830933,0,0.4039341491861552,tagalog,comment,True,majority,3-0,0,0
t1_p58mmjr,0,0.368632972240448,-0.5380859375,0,0.7253920435905457,0,0.39482403278522926,tagalog,comment,True,adjudicator,2-1,0,1
t1_p7japha,0,0.002115703420713544,-6.15625,0,0.008209548890590668,0,0.00749334173836876,english,comment,True,unanimous,3-0,0,0
t1_p6c6j8z,0,0.0059110685251653194,-5.125,0,0.059983592480421066,0,0.016828408959900492,english,comment,True,majority,3-0,0,0
t1_p72kkms,0,0.0017546144081279635,-6.34375,0,0.015966521576046944,0,0.006463898940371175,english,comment,True,majority,3-0,0,0
t1_p7j5uev,1,0.05964693799614906,-2.7578125,0,0.4841616749763489,0,0.10075377352328777,taglish,comment,True,adjudicator,2-1,1,0
t1_p450tf2,1,0.03283695876598358,-3.3828125,0,0.3334890604019165,0,0.06386787911550772,taglish,comment,True,adjudicator,2-1,1,1
t1_p6ezwnm,0,0.0023596608079969883,-6.046875,0,0.02055571787059307,0,0.008167366416337467,taglish,comment,True,unanimous,3-0,0,0
t1_p3o75j5,0,0.03817827254533768,-3.2265625,0,0.3251795172691345,0,0.07169599693405204,english,comment,True,adjudicator,2-1,0,0
t1_p55cd8b,1,0.5051878094673157,0.020751953125,1,0.8743540048599243,1,0.5041176159395806,taglish,comment,True,majority,3-0,1,1
t1_p4bbme2,0,0.010986942797899246,-4.5,0,0.1246994361281395,0,0.02734083470272198,taglish,comment,True,majority,3-0,0,0
t1_p59qyoe,0,0.8683809638023376,1.88671875,1,0.9475459456443787,1,0.8171997699984214,tagalog,comment,True,adjudicator,2-1,0,1
t1_p7ltmon,0,0.0035380858462303877,-5.640625,0,0.02152218669652939,0,0.011240064003385574,english,comment,True,majority,3-0,0,0
t1_p30c16v,0,0.0023596608079969883,-6.046875,0,0.011116592213511467,0,0.008167366416337467,taglish,comment,True,unanimous,3-0,0,0
t1_p5quwpa,0,0.0061929901130497456,-5.078125,0,0.051023297011852264,0,0.017455163274419126,taglish,comment,True,unanimous,3-0,0,0
t1_p44tik4,0,0.02843603305518627,-3.53125,0,0.26172301173210144,0,0.057175483279021125,taglish,comment,True,majority,3-0,0,0
t1_p46bkxf,0,0.007937993854284286,-4.828125,0,0.07698763906955719,0,0.021204997266854198,taglish,comment,True,unanimous,3-0,0,0
t1_p7jvnt0,0,0.001674399245530367,-6.390625,0,0.02761465311050415,0,0.0062293006508510945,english,comment,True,majority,3-0,0,0
t1_p4vv023,0,0.0013250225456431508,-6.625,0,0.006416359916329384,0,0.0051773765411583985,english,comment,True,majority,3-0,0,0
t1_p4x97yj,0,0.006003595422953367,-5.109375,0,0.06347604840993881,0,0.017034829842774442,taglish,comment,True,adjudicator,2-1,0,0
t1_p54i4zy,0,0.4602282643318176,-0.159423828125,0,0.9002513885498047,0,0.46840844585859576,taglish,comment,True,majority,3-0,0,0
t1_p4tnpic,0,0.001622967072762549,-6.421875,0,0.0055677033960819244,0,0.006077622282158479,taglish,comment,True,unanimous,3-0,0,0
t1_p73d7z2,1,0.08945459872484207,-2.3203125,0,0.5610630512237549,0,0.13685824525739057,tagalog,comment,True,adjudicator,2-1,1,0
t1_p58fd3g,0,0.23370636999607086,-1.1875,0,0.8214011192321777,0,0.2803917216779378,taglish,comment,True,unanimous,3-0,0,0
t1_p60dy37,0,0.007232763804495335,-4.921875,0,0.07482174038887024,0,0.01971439706759826,tagalog,comment,True,majority,3-0,0,0
t1_p4bbc6r,0,0.0037072529084980488,-5.59375,0,0.02365894243121147,0,0.01166115557202624,taglish,comment,True,unanimous,3-0,0,0
t1_p4z83fm,0,0.06325051933526993,-2.6953125,0,0.4566199779510498,0,0.10533807696155315,taglish,comment,True,unanimous,3-0,0,0
t1_p4wrft0,0,0.12852515280246735,-1.9140625,0,0.5686439871788025,0,0.1795804714809744,taglish,comment,True,adjudicator,3-0,0,0
t1_p7jcr2g,0,0.048496000468730927,-2.9765625,0,0.40684396028518677,0,0.08607738204669695,taglish,comment,True,majority,3-0,0,0
t1_p5ddttq,0,0.001597845577634871,-6.4375,0,0.005783561617136002,0,0.006003165336399166,english,comment,True,unanimous,3-0,0,0
t1_p7mu4py,0,0.001622967072762549,-6.421875,0,0.009489389136433601,0,0.006077622282158479,taglish,comment,True,majority,3-0,0,0
t1_p3sn7aa,0,0.0025909794494509697,-5.953125,0,0.02022143453359604,0,0.008792729803041254,taglish,comment,True,unanimous,3-0,0,0
t1_p55y75u,0,0.010328153148293495,-4.5625,0,0.1409580409526825,0,0.02605211985458114,taglish,comment,True,unanimous,3-0,0,0
t1_p7j6h4q,0,0.026355354115366936,-3.609375,0,0.12636548280715942,0,0.053923205187818415,taglish,comment,True,majority,3-0,0,0
t1_p601f7z,0,0.014957086183130741,-4.1875,0,0.16734550893306732,0,0.03476968171953476,english,comment,True,majority,3-0,0,0
t1_p5r16hi,0,0.005301895085722208,-5.234375,0,0.05462807044386864,0,0.015450752824396475,english,comment,True,majority,3-0,0,0
t1_p7lp8ow,0,0.012053778395056725,-4.40625,0,0.09179817885160446,0,0.029390779254572418,taglish,comment,True,majority,3-0,0,0
t1_p6x4mu1,0,0.0027576221618801355,-5.890625,0,0.012476427480578423,0,0.009235774074904706,english,comment,True,majority,3-0,0,0
t1_p5cyph5,0,0.07159119844436646,-2.5625,0,0.5250130295753479,0,0.1156936709904669,tagalog,comment,True,adjudicator,2-1,0,0
t1_p7l3u63,0,0.00214894930832088,-6.140625,0,0.007428438868373632,0,0.00758614020588063,english,comment,True,majority,3-0,0,0
t1_p5cyi3m,0,0.11318691074848175,-2.05859375,0,0.5291579961776733,0,0.1632958520200239,tagalog,comment,True,majority,3-0,0,0
t1_p5g5asp,0,0.200557678937912,-1.3828125,0,0.6986910700798035,0,0.2502012940070243,tagalog,comment,True,adjudicator,2-1,0,0
t1_p5n70ly,0,0.027376487851142883,-3.5703125,0,0.16964517533779144,0,0.055526937165020177,english,comment,True,majority,3-0,0,0
t1_p3h516h,0,0.02498779445886612,-3.6640625,0,0.33845338225364685,0,0.051751247174305744,tagalog,comment,True,adjudicator,2-1,0,0
t1_p7ly0w3,0,0.0012255674228072166,-6.703125,0,0.007075722329318523,0,0.004867604615834009,taglish,comment,True,adjudicator,2-1,0,1
t1_p3z0j6s,0,0.012431650422513485,-4.375,0,0.2102019041776657,0,0.03010665695645304,taglish,comment,True,unanimous,3-0,0,0
t1_p4ftgtn,0,0.0035380858462303877,-5.640625,0,0.044541023671627045,0,0.011240064003385574,taglish,comment,True,majority,3-0,0,0
t1_p4tqbd1,0,0.008847354911267757,-4.71875,0,0.046726297587156296,0,0.02308369729877056,taglish,comment,True,unanimous,3-0,0,0
t1_p2rpnhz,0,0.0014103584690019488,-6.5625,0,0.011675017885863781,0,0.005439251606207412,taglish,comment,True,unanimous,3-0,0,0
t1_p5ih75k,0,0.0015487609198316932,-6.46875,0,0.014536773785948753,0,0.00585696072558967,taglish,comment,True,majority,3-0,0,0
t1_p450ga6,0,0.2613309323787689,-1.0390625,0,0.8216644525527954,0,0.3047659486670026,english,comment,True,majority,3-0,0,0
t1_p7k2dtu,0,0.003429603995755315,-5.671875,0,0.007232974749058485,0,0.01096772418906386,english,comment,True,majority,3-0,0,0
t1_p5h5rez,0,0.004007288720458746,-5.515625,0,0.01653933897614479,0,0.012397879390280978,taglish,comment,True,unanimous,3-0,0,0
t1_p5gymw6,0,0.001151399570517242,-6.765625,0,0.016418669372797012,0,0.004633123525429323,taglish,comment,True,majority,3-0,0,0
t1_p508azl,0,0.0013250225456431508,-6.625,0,0.004853132180869579,0,0.0051773765411583985,english,comment,True,majority,3-0,0,0
t1_p5h2klo,0,0.004982269834727049,-5.296875,0,0.05947768688201904,0,0.01471400085933903,english,comment,True,adjudicator,2-1,0,0
t1_p5ra2t3,0,0.053403329104185104,-2.875,0,0.39225542545318604,0,0.09263405377221931,taglish,comment,True,adjudicator,3-0,0,1
t1_p4vra41,0,0.4888324439525604,-0.044677734375,0,0.7016741633415222,1,0.4911357435359723,english,comment,True,unanimous,3-0,0,0
t1_p50z0ju,0,0.018689310178160667,-3.9609375,0,0.1247830018401146,0,0.04133634398259861,english,comment,True,majority,3-0,0,0
t1_p4s25yp,0,0.0025114635936915874,-5.984375,0,0.01710626855492592,0,0.008579172880391962,english,comment,True,unanimous,3-0,0,0
t1_p7m3qhc,0,0.027376487851142883,-3.5703125,0,0.2546224594116211,0,0.055526937165020177,taglish,comment,True,adjudicator,2-1,0,0
t1_p73uwex,0,0.10669060051441193,-2.125,0,0.5119330883026123,0,0.15622170163933402,english,comment,True,adjudicator,2-1,0,1
t1_p5v4ay2,0,0.008985428139567375,-4.703125,0,0.13645994663238525,0,0.023365023439488975,tagalog,comment,True,adjudicator,2-1,0,1
t1_p50hghp,0,0.646683394908905,0.6044921875,1,0.8729972839355469,1,0.6176972855306414,tagalog,comment,True,majority,3-0,0,0
t1_p4rzzwd,0,0.001524786464869976,-6.484375,0,0.008461462333798409,0,0.005785191369504364,taglish,comment,True,unanimous,3-0,0,0
t1_p6ikt1f,0,0.002182716503739357,-6.125,0,0.031579792499542236,0,0.007680079008253995,taglish,comment,True,unanimous,3-0,0,0
t1_p49a4em,0,0.010652512311935425,-4.53125,0,0.10126914829015732,0,0.026688913166836692,taglish,comment,True,unanimous,3-0,0,0
t1_p73mipe,0,0.0027576221618801355,-5.890625,0,0.016269873827695847,0,0.009235774074904706,english,comment,True,unanimous,3-0,0,0
t1_p7khmj1,0,0.0035936026833951473,-5.625,0,0.027821388095617294,0,0.011378730383391086,english,comment,True,majority,3-0,0,0
t1_p3yxc4u,0,0.002251847181469202,-6.09375,0,0.028736460953950882,0,0.00787143294365646,taglish,comment,True,majority,3-0,0,0
t1_p44wfgg,1,0.9425067901611328,2.796875,1,0.9816454648971558,1,0.9020206930781289,english,comment,True,adjudicator,3-0,1,1
t1_p5quqpg,0,0.8674854636192322,1.87890625,1,0.9616144895553589,1,0.816271647442422,tagalog,comment,True,adjudicator,2-1,0,1
t1_p5qnvpy,0,0.021948251873254776,-3.796875,0,0.1300750970840454,0,0.04681605578418362,taglish,comment,True,majority,3-0,0,0
t1_p4tnvcj,0,0.07807817310094833,-2.46875,0,0.5316640138626099,0,0.12352678025634592,taglish,comment,True,unanimous,3-0,0,0
t1_p67e96u,0,0.0025114635936915874,-5.984375,0,0.014827660284936428,0,0.008579172880391962,taglish,comment,True,majority,3-0,0,0
t1_p44hhtb,0,0.23022674024105072,-1.20703125,0,0.7567391395568848,0,0.27727453081795217,taglish,comment,True,unanimous,3-0,0,0
t1_p4syu2n,0,0.004681822843849659,-5.359375,0,0.055392876267433167,0,0.014011880113174616,taglish,comment,True,unanimous,3-0,0,0
t1_p5v2o7o,0,0.028652667999267578,-3.5234375,0,0.32076478004455566,0,0.057510664876469116,taglish,comment,True,majority,3-0,0,0
t1_p50cla6,0,0.02178117074072361,-3.8046875,0,0.18903164565563202,0,0.04654012627193318,taglish,comment,True,unanimous,3-0,0,0
t1_p3yx4vy,0,0.0019267346942797303,-6.25,0,0.05517534539103508,0,0.006959745544957729,taglish,comment,True,majority,3-0,0,0
t1_p3l92sd,0,0.00407013762742281,-5.5,0,0.014956975355744362,0,0.012550648194851056,tagalog,comment,True,adjudicator,2-1,0,0
t1_p3sdr43,0,0.0013885231455788016,-6.578125,0,0.012601002119481564,0,0.005372573064999557,taglish,comment,True,majority,3-0,0,0
t1_p67t1zr,0,0.007695646956562996,-4.859375,0,0.08053240925073624,0,0.02069626706744707,taglish,comment,True,unanimous,3-0,0,0
t1_p4bac9p,0,0.0019877743907272816,-6.21875,0,0.01450655609369278,0,0.007133280940827821,english,comment,True,majority,3-0,0,0
t1_p5qbnhx,0,0.4451676905155182,-0.22021484375,0,0.8498470187187195,0,0.456414743813691,tagalog,comment,True,majority,3-0,0,0
t1_p5n9dyz,0,0.0039454069919884205,-5.53125,0,0.022803431376814842,0,0.012246947052753488,english,comment,True,majority,3-0,0,0
t1_p2v09zt,0,0.0011695103021338582,-6.75,0,0.018761033192276955,0,0.00469066810207283,english,comment,True,unanimous,3-0,0,0
t1_p4bbqc0,0,0.9773707389831543,3.765625,1,0.9917687773704529,1,0.9520645965614052,taglish,comment,True,adjudicator,2-1,0,1
t1_p4mzxo3,0,0.00970847625285387,-4.625,0,0.07019536197185516,0,0.024822598595254295,taglish,comment,True,majority,3-0,0,0
t1_p5ajlh1,1,0.9178933501243591,2.4140625,1,0.9735449552536011,1,0.8716964904044603,taglish,comment,True,majority,3-0,1,1
t1_p74vd03,0,0.002217013156041503,-6.109375,0,0.009745674207806587,0,0.0077751719366889625,taglish,comment,True,majority,3-0,0,0
t1_p3novji,0,0.06371499598026276,-2.6875,0,0.5037215948104858,0,0.10592388288304846,taglish,comment,True,majority,3-0,0,0
t1_p5jnx6g,0,0.8122723698616028,1.46484375,1,0.9736747145652771,1,0.7618134020217988,tagalog,comment,True,adjudicator,2-1,0,0
t1_p5zf353,0,0.002115703420713544,-6.15625,0,0.009678399190306664,0,0.00749334173836876,taglish,comment,True,adjudicator,3-0,0,0
t1_p7j5d9d,0,0.0032730652019381523,-5.71875,0,0.034790344536304474,0,0.010571405024497727,taglish,comment,True,majority,3-0,0,0
t1_p74beju,0,0.010986942797899246,-4.5,0,0.10278625786304474,0,0.02734083470272198,tagalog,comment,True,adjudicator,2-1,0,0
t1_p5dkuhk,0,0.06052939593791962,-2.7421875,0,0.41343051195144653,0,0.10188296268196406,tagalog,comment,True,adjudicator,2-1,0,0
t1_p6xs6ll,0,0.0007672924548387527,-7.171875,0,0.004165972117334604,0,0.0033604276163745343,taglish,comment,True,unanimous,3-0,0,0
t1_p67rpy9,0,0.04569203034043312,-3.0390625,0,0.35527777671813965,0,0.08225423691662574,tagalog,comment,True,majority,3-0,0,0
t1_p4i8cw5,0,0.13117322325706482,-1.890625,0,0.7039417624473572,0,0.18233753539787032,taglish,comment,True,majority,3-0,0,0
t1_p4sx7kx,0,0.002082970691844821,-6.171875,0,0.018174592405557632,0,0.007401669974056704,taglish,comment,True,majority,3-0,0,0
t1_p30fljf,0,0.07004895806312561,-2.5859375,0,0.44881922006607056,0,0.11380405251701085,taglish,comment,True,majority,3-0,0,0
t1_p5qkjrq,0,0.004399413242936134,-5.421875,0,0.06171741709113121,0,0.013342809362448659,taglish,comment,True,majority,3-0,0,0
t1_p60d1bd,0,0.08632347732782364,-2.359375,0,0.48172932863235474,0,0.13323687379881835,taglish,comment,True,unanimous,3-0,0,0
t1_p7j636g,0,0.001674399245530367,-6.390625,0,0.004666154272854328,0,0.0062293006508510945,tagalog,comment,True,majority,3-0,0,0
t1_p50dxfu,0,0.004982269834727049,-5.296875,0,0.025942757725715637,0,0.01471400085933903,english,comment,True,majority,3-0,0,0
t1_p5049xf,1,0.12852515280246735,-1.9140625,0,0.5280374884605408,0,0.1795804714809744,english,comment,True,adjudicator,2-1,1,1
t1_p6esv7s,0,0.07696083933115005,-2.484375,0,0.2824142575263977,0,0.12219034481169884,taglish,comment,True,adjudicator,2-1,0,1
t1_p6wfih1,0,0.0008295890875160694,-7.09375,0,0.0039543756283819675,0,0.0035746280917020143,taglish,comment,True,unanimous,3-0,0,0
t1_p545ro9,1,0.4198858141899109,-0.3232421875,0,0.7918063998222351,0,0.4362101398680598,taglish,comment,True,majority,3-0,1,1
t1_p4but41,0,0.020177319645881653,-3.8828125,0,0.27431946992874146,0,0.04386466687932189,english,comment,True,majority,3-0,0,0
t1_p50ln59,0,0.1200256198644638,-1.9921875,0,0.5536067485809326,0,0.17062556216300986,taglish,comment,True,majority,3-0,0,0
t1_p5cf6md,0,0.013636835850775242,-4.28125,0,0.11168943345546722,0,0.032357077019092316,tagalog,comment,True,majority,3-0,0,0
t1_p5hpawa,0,0.018404891714453697,-3.9765625,0,0.21890243887901306,0,0.040847684700774246,taglish,comment,True,adjudicator,2-1,0,0
t1_p73nsao,1,0.0037654140032827854,-5.578125,0,0.01991080678999424,0,0.011804954849988933,tagalog,comment,True,adjudicator,2-1,1,1
t1_p3l9emt,0,0.0014779430348426104,-6.515625,0,0.004750791471451521,0,0.005644265280094572,taglish,comment,True,majority,3-0,0,0
t1_p7lmjdi,0,0.08509904891252518,-2.375,0,0.5600268840789795,0,0.13181118370650136,tagalog,comment,True,unanimous,3-0,0,0
t1_p5bjg1z,0,0.27125170826911926,-0.98828125,0,0.8130483031272888,0,0.3133725012747703,tagalog,comment,True,unanimous,3-0,0,0
t1_p454d26,1,0.09009299427270889,-2.3125,0,0.586355447769165,0,0.13759238279157207,tagalog,comment,True,majority,3-0,1,1
t1_p689bta,0,0.004331502132117748,-5.4375,0,0.10481324791908264,0,0.013180526932409332,taglish,comment,True,unanimous,3-0,0,0
t1_p60g3d6,0,0.037047166377305984,-3.2578125,0,0.30383482575416565,0,0.07006264229252465,tagalog,comment,True,adjudicator,2-1,0,0
t1_p3sifhr,0,0.04958902671933174,-2.953125,0,0.38129323720932007,0,0.0875521061833663,taglish,comment,True,majority,3-0,0,0
t1_p45032k,0,0.007577240467071533,-4.875,0,0.17703205347061157,0,0.020446401314649764,tagalog,comment,True,adjudicator,2-1,0,0
t1_p6ddi0b,0,0.003172682598233223,-5.75,0,0.026374291628599167,0,0.010315097387934697,taglish,comment,True,majority,3-0,0,0
t1_p5rzpba,0,0.003123648464679718,-5.765625,0,0.017512239515781403,0,0.010189259330599046,taglish,comment,True,unanimous,3-0,0,0
t1_p503yhl,0,0.0059110685251653194,-5.125,0,0.03303827345371246,0,0.016828408959900492,taglish,comment,True,majority,3-0,0,0
t1_p7j5jz9,0,0.0025509123224765062,-5.96875,0,0.029996108263731003,0,0.008685300740989898,taglish,comment,True,unanimous,3-0,0,0
t1_p5rtoaf,0,0.007011795416474342,-4.953125,0,0.09380576014518738,0,0.019240724960142272,taglish,comment,True,majority,3-0,0,0
t1_p7j1xni,0,0.058345843106508255,-2.78125,0,0.47790849208831787,0,0.09908082755451954,tagalog,comment,True,majority,3-0,0,0
t1_p7dvqqn,0,0.0012843081494793296,-6.65625,0,0.004142822232097387,0,0.005051181473573054,taglish,comment,True,unanimous,3-0,0,0
t1_p7n8qys,0,0.06325051933526993,-2.6953125,0,0.38108086585998535,0,0.10533807696155315,english,comment,True,majority,3-0,0,0
t1_p4m9jvb,0,0.019271137192845345,-3.9296875,0,0.12767371535301208,0,0.042330492977363125,tagalog,comment,True,adjudicator,2-1,0,0
t1_p4kzjke,0,0.011869121342897415,-4.421875,0,0.04169970750808716,0,0.0290390573859408,taglish,comment,True,unanimous,3-0,0,0
t1_p58lh5j,1,0.6201616525650024,0.490234375,1,0.8956345319747925,1,0.5960658508138448,taglish,comment,True,unanimous,3-0,1,1
t1_p44fag9,0,0.8860265612602234,2.05078125,1,0.9257275462150574,1,0.8358551628959611,taglish,comment,True,adjudicator,2-1,0,1
t1_p78axio,0,0.02517884038388729,-3.65625,0,0.32550036907196045,0,0.05205638581234172,tagalog,comment,True,adjudicator,3-0,0,1
t1_p60aozz,0,0.27009502053260803,-0.994140625,0,0.7833126783370972,0,0.3123727027684898,tagalog,comment,True,adjudicator,2-1,0,0
t1_p7j3i13,0,0.0016484829830005765,-6.40625,0,0.005879521369934082,0,0.006152996997001279,english,comment,True,majority,3-0,0,0
t1_p7mg4wk,1,0.01384861022233963,-4.265625,0,0.2563742995262146,0,0.032747631413404366,tagalog,comment,True,adjudicator,2-1,1,0
t1_p6eubm2,0,0.001622967072762549,-6.421875,0,0.027144581079483032,0,0.006077622282158479,taglish,comment,True,majority,3-0,0,0
t1_p3munuh,0,0.0025114635936915874,-5.984375,0,0.00890381820499897,0,0.008579172880391962,taglish,comment,True,majority,3-0,0,0
t1_p6y63jo,0,0.038756195455789566,-3.2109375,0,0.372187077999115,0,0.07252578884096182,taglish,comment,True,adjudicator,2-1,0,0
t1_p4m9dmq,0,0.1755380630493164,-1.546875,0,0.6339573860168457,0,0.22657450694469597,taglish,comment,True,unanimous,3-0,0,0
t1_p4z2afw,0,0.047074176371097565,-3.0078125,0,0.32655346393585205,0,0.08414609360919395,tagalog,comment,True,majority,3-0,0,0
t1_p3m0mud,0,0.0059110685251653194,-5.125,0,0.0378667488694191,0,0.016828408959900492,taglish,comment,True,majority,3-0,0,0
t1_p58gg2e,1,0.017309095710515976,-4.0390625,0,0.21287161111831665,0,0.03894781523920633,tagalog,comment,True,adjudicator,2-1,1,0
t3_1vndxd0,0,0.011508148163557053,-4.453125,0,0.0992390513420105,0,0.02834782316394796,taglish,submission,True,majority,3-0,0,0
t1_p7mgrfd,0,0.012241275049746037,-4.390625,0,0.1487313210964203,0,0.029746630675691697,taglish,comment,True,unanimous,3-0,0,0
t1_p2z0c2h,0,0.001048469333909452,-6.859375,0,0.02303568832576275,0,0.004302318799948333,taglish,comment,True,majority,3-0,0,0
t1_p5jokkl,1,0.35488012433052063,-0.59765625,0,0.7584454417228699,0,0.383584791690321,taglish,comment,True,adjudicator,2-1,1,1
t1_p6ez7qi,0,0.007232763804495335,-4.921875,0,0.11731559038162231,0,0.01971439706759826,taglish,comment,True,majority,3-0,0,0
t1_p5qwx84,0,0.053403329104185104,-2.875,0,0.2236858308315277,0,0.09263405377221931,taglish,comment,True,unanimous,3-0,0,0
t1_p77sc7z,0,0.23792988061904907,-1.1640625,0,0.7733082175254822,0,0.2841604475028351,english,comment,True,adjudicator,2-1,0,1
t1_p7ltry6,0,0.001838665222749114,-6.296875,0,0.01613299734890461,0,0.006707272677205642,taglish,comment,True,majority,3-0,0,0
t1_p456pe2,0,0.012241275049746037,-4.390625,0,0.14955958724021912,0,0.029746630675691697,tagalog,comment,True,adjudicator,2-1,0,0
t1_p5ehbtc,0,0.005730246659368277,-5.15625,0,0.04465525597333908,0,0.016422915972736242,taglish,comment,True,majority,3-0,0,0
t1_p50ctyp,0,0.00178219610825181,-6.328125,0,0.009368902072310448,0,0.006544032719501775,english,comment,True,majority,3-0,0,0
t1_p3ekzoo,0,0.0020190139766782522,-6.203125,0,0.007646874990314245,0,0.007221652815790418,english,comment,True,unanimous,3-0,0,0
t1_p6zt7kd,0,0.005384938325732946,-5.21875,0,0.06674928963184357,0,0.015640543908527996,english,comment,True,adjudicator,2-1,0,0
t1_p7481ia,0,0.0020190139766782522,-6.203125,0,0.011278532445430756,0,0.007221652815790418,english,comment,True,majority,3-0,0,0
t1_p3oyqez,0,0.002800926798954606,-5.875,0,0.030914384871721268,0,0.009349947758124552,taglish,comment,True,majority,3-0,0,0
t1_p70sbs8,0,0.005060331430286169,-5.28125,0,0.06651725620031357,0,0.014894878880425746,taglish,comment,True,majority,3-0,0,0
t1_p547tor,0,0.006589771714061499,-5.015625,0,0.1054452583193779,0,0.018326616361903126,english,comment,True,majority,3-0,0,0
t1_p67nnms,0,0.0061929901130497456,-5.078125,0,0.04590536653995514,0,0.017455163274419126,taglish,comment,True,unanimous,3-0,0,0
t1_p3la0u2,0,0.0025114635936915874,-5.984375,0,0.008874379098415375,0,0.008579172880391962,tagalog,comment,True,majority,3-0,0,0
t1_p3lklq8,0,0.0037072529084980488,-5.59375,0,0.020963525399565697,0,0.01166115557202624,taglish,comment,True,majority,3-0,0,0
t1_p6z1vjk,0,0.1431877166032791,-1.7890625,0,0.4748242497444153,0,0.19466474292353972,taglish,comment,True,majority,3-0,0,0
t1_p508rqk,0,0.0010162440594285727,-6.890625,0,0.005503806285560131,0,0.0041973626844538,english,comment,True,majority,3-0,0,0
t1_p7j4j4e,0,0.005220125894993544,-5.25,0,0.08938047289848328,0,0.015263229060930807,taglish,comment,True,adjudicator,2-1,0,0
t1_p458n1p,0,0.26511871814727783,-1.01953125,0,0.7682666778564453,0,0.3080604664087312,taglish,comment,True,majority,3-0,0,0
t1_p3majvr,0,0.006003595422953367,-5.109375,0,0.0884421095252037,0,0.017034829842774442,english,comment,True,majority,3-0,0,0
t1_p7lp75f,0,0.016914913430809975,-4.0625,0,0.2548457980155945,0,0.03825745353026623,english,comment,True,adjudicator,2-1,0,0
t1_p54025j,0,0.005139610730111599,-5.265625,0,0.0996919721364975,0,0.015077946393610781,taglish,comment,True,unanimous,3-0,0,0
t1_p79o33m,0,0.0064882696606218815,-5.03125,0,0.03482166677713394,0,0.018104830466984485,taglish,comment,True,majority,3-0,0,0
t1_p6282jb,0,0.005641908384859562,-5.171875,0,0.05317985266447067,0,0.016223787621276468,taglish,comment,True,unanimous,3-0,0,0
t1_p2v1vcf,0,0.008711384609341621,-4.734375,0,0.14962869882583618,0,0.02280567936249107,taglish,comment,True,majority,3-0,0,0
t1_p3vzvr2,0,0.0016484829830005765,-6.40625,0,0.012803982943296432,0,0.006152996997001279,english,comment,True,majority,3-0,0,0
t1_p3lcqvl,0,0.0060975621454417706,-5.09375,0,0.12370612472295761,0,0.017243738320063123,taglish,comment,True,majority,3-0,0,0
t1_p3kxckg,0,0.014615669846534729,-4.2109375,0,0.1701241433620453,0,0.034150747024452324,taglish,comment,True,majority,3-0,0,0
t1_p55wxib,0,0.3402659296989441,-0.662109375,0,0.6920353174209595,0,0.3715631850736652,taglish,comment,True,majority,3-0,0,0
t1_p3ed6c0,0,0.0014103584690019488,-6.5625,0,0.005982161965221167,0,0.005439251606207412,taglish,comment,True,majority,3-0,0,0
t1_p7mtvkz,0,0.12294380366802216,-1.96484375,0,0.5223867893218994,0,0.17371876175998588,taglish,comment,True,majority,3-0,0,0
t1_p44riio,1,0.056236349046230316,-2.8203125,0,0.485759437084198,0,0.0963474931819994,taglish,comment,True,unanimous,3-0,1,1
t1_p7kelnh,0,0.012821215204894543,-4.34375,0,0.13240087032318115,0,0.03083941742596216,tagalog,comment,True,unanimous,3-0,0,0
t1_p44sav9,0,0.4690034091472626,-0.1241455078125,0,0.8358018398284912,0,0.4753863226211818,tagalog,comment,True,adjudicator,2-1,0,1
t1_p6zd0x9,0,0.005730246659368277,-5.15625,0,0.03978941589593887,0,0.016422915972736242,taglish,comment,True,majority,3-0,0,0
t1_p7bmr4c,0,0.0018102111062034965,-6.3125,0,0.00700097531080246,0,0.006625153302870124,tagalog,comment,True,adjudicator,2-1,0,0
t1_p2rr3bl,1,0.026759279891848564,-3.59375,0,0.327349990606308,0,0.05455938868068221,taglish,comment,True,majority,3-0,1,1
t1_p44kte0,0,0.5833221077919006,0.33642578125,1,0.9286817908287048,1,0.5663614976236035,tagalog,comment,True,adjudicator,2-1,0,1
t1_p76zcwj,0,0.17328819632530212,-1.5625,0,0.6308189630508423,0,0.22440864628534166,taglish,comment,True,majority,3-0,0,0
t1_p5cmmfp,0,0.019271137192845345,-3.9296875,0,0.18153300881385803,0,0.042330492977363125,taglish,comment,True,adjudicator,2-1,0,0
t1_p6f404a,0,0.0024726232513785362,-6.0,0,0.013749061152338982,0,0.008474330736828782,taglish,comment,True,unanimous,3-0,0,0
t1_p7ild8v,0,0.0017007224960252643,-6.375,0,0.005868188105523586,0,0.00630654454601807,taglish,comment,True,majority,3-0,0,0
t1_p3lmamh,0,0.010818448849022388,-4.515625,0,0.1645505577325821,0,0.027012961944413504,taglish,comment,True,majority,3-0,0,0
t1_p4zusn3,0,0.10052486509084702,-2.19140625,0,0.5291831493377686,0,0.14939929049682035,taglish,comment,True,unanimous,3-0,0,0
t1_p4u6wsr,0,0.001838665222749114,-6.296875,0,0.009101202711462975,0,0.006707272677205642,taglish,comment,True,majority,3-0,0,0
t3_1vq43vq,0,0.0010162440594285727,-6.890625,0,0.010209565050899982,0,0.0041973626844538,tagalog,submission,True,majority,3-0,0,0
t1_p4zsnp2,0,0.0008295890875160694,-7.09375,0,0.0032829628325998783,0,0.0035746280917020143,taglish,comment,True,unanimous,3-0,0,0
t1_p6z15di,0,0.005060331430286169,-5.28125,0,0.07042781263589859,0,0.014894878880425746,english,comment,True,adjudicator,3-0,0,0
t1_p5c6mq1,0,0.0030278346966952085,-5.796875,0,0.02100374363362789,0,0.009942123857544062,taglish,comment,True,unanimous,3-0,0,0
t1_p5g3k4b,0,0.1155608743429184,-2.03515625,0,0.5875753164291382,0,0.16585344351922915,tagalog,comment,True,adjudicator,2-1,0,0
t1_p3sy17w,0,0.0037654140032827854,-5.578125,0,0.048765357583761215,0,0.011804954849988933,taglish,comment,True,majority,3-0,0,0
t1_p6xp0bx,0,0.0020507436711341143,-6.1875,0,0.01879560574889183,0,0.007311111439104162,taglish,comment,True,majority,3-0,0,0
t1_p5tv2qk,0,0.004905405919998884,-5.3125,0,0.04962218925356865,0,0.014535286945762125,english,comment,True,majority,3-0,0,0
t1_p6evpkm,0,0.0018969200318679214,-6.265625,0,0.010161416605114937,0,0.006874556454673583,taglish,comment,True,majority,3-0,0,0
t1_p7n2q65,1,0.30280327796936035,-0.833984375,0,0.7345060110092163,0,0.34030533575416955,taglish,comment,True,adjudicator,2-1,1,1
t1_p2rs2bp,0,0.001151399570517242,-6.765625,0,0.014868346974253654,0,0.004633123525429323,taglish,comment,True,majority,3-0,0,0
t3_1vtdjag,0,0.004755199886858463,-5.34375,0,0.052946627140045166,0,0.014184251274941625,english,submission,True,majority,3-0,0,0
t1_p5ju6ap,0,0.011687257327139378,-4.4375,0,0.12298338860273361,0,0.028691420180336213,tagalog,comment,True,majority,3-0,0,0
t1_p6znq6d,0,0.0030753696337342262,-5.78125,0,0.014395068399608135,0,0.01006494081054021,taglish,comment,True,majority,3-0,0,0
t1_p4bbxu2,0,0.0010005043586716056,-6.90625,0,0.0030028612818568945,0,0.004145844713797377,taglish,comment,True,unanimous,3-0,0,0
t1_p7e6b40,0,0.03963883966207504,-3.1875,0,0.23007528483867645,0,0.07378708466891659,taglish,comment,True,majority,3-0,0,0
t1_p522mcr,0,0.0024726232513785362,-6.0,0,0.046668440103530884,0,0.008474330736828782,english,comment,True,majority,3-0,0,0
t1_p7jiij8,0,0.18713268637657166,-1.46875,0,0.664085865020752,0,0.23762447686087673,taglish,comment,True,adjudicator,2-1,0,0
t1_p7jmhd1,0,0.0018969200318679214,-6.265625,0,0.005588834173977375,0,0.006874556454673583,english,comment,True,majority,3-0,0,0
t1_p5ixle9,0,0.2254166156053543,-1.234375,0,0.6808728575706482,0,0.2729465343067421,taglish,comment,True,majority,3-0,0,0
t1_p5c4bzb,0,0.005220125894993544,-5.25,0,0.05639638751745224,0,0.015263229060930807,taglish,comment,True,unanimous,3-0,0,0
t1_p73zbxp,0,0.0029810327105224133,-5.8125,0,0.024504465982317924,0,0.00982079070472427,english,comment,True,majority,3-0,0,0
t1_p75j7iv,0,0.12085322290658951,-1.984375,0,0.6051901578903198,0,0.17150484368510235,english,comment,True,majority,3-0,0,0
t1_p50hk6j,0,0.0020507436711341143,-6.1875,0,0.0180882066488266,0,0.007311111439104162,taglish,comment,True,majority,3-0,0,0
t1_p4uc4i7,0,0.004538431763648987,-5.390625,0,0.01993469148874283,0,0.013673309635231667,english,comment,True,majority,3-0,0,0
t1_p50utv7,0,0.001367025775834918,-6.59375,0,0.004982418846338987,0,0.005306707559366049,taglish,comment,True,unanimous,3-0,0,0
t1_p73e7sh,0,0.28101080656051636,-0.939453125,0,0.7189639806747437,0,0.3217710954041355,tagalog,comment,True,majority,3-0,0,0
t1_p7n80jw,0,0.23370636999607086,-1.1875,0,0.7681859731674194,0,0.2803917216779378,tagalog,comment,True,adjudicator,2-1,0,0
t1_p3raf6l,0,0.0024726232513785362,-6.0,0,0.024990275502204895,0,0.008474330736828782,english,comment,True,majority,3-0,0,0
t1_p73elhz,1,0.8891444206237793,2.08203125,1,0.952922523021698,1,0.8392299009179598,english,comment,True,unanimous,3-0,1,1
t1_p3y7ali,0,0.0011879054363816977,-6.734375,0,0.00788390263915062,0,0.004748923987102981,taglish,comment,True,unanimous,3-0,0,0
t1_p4yfvny,0,0.0038244836032390594,-5.5625,0,0.023913614451885223,0,0.01195050594416123,english,comment,True,majority,3-0,0,0
t1_p7m3gnr,1,0.1475551873445511,-1.75390625,0,0.5960704684257507,0,0.19907649215113157,tagalog,comment,True,adjudicator,2-1,1,0
t1_p4zn29i,0,0.011869121342897415,-4.421875,0,0.08708497136831284,0,0.0290390573859408,tagalog,comment,True,adjudicator,2-1,0,0
t1_p663a81,0,0.06325051933526993,-2.6953125,0,0.38320693373680115,0,0.10533807696155315,taglish,comment,True,unanimous,3-0,0,0
t1_p456hvs,1,0.7106282711029053,0.8984375,1,0.9379507303237915,1,0.6710836468105408,taglish,comment,True,majority,3-0,1,1
t1_p72eeqj,0,0.22000709176063538,-1.265625,0,0.7597206830978394,0,0.2680522459266746,english,comment,True,majority,3-0,0,0
t1_p6ev3a3,0,0.03283695876598358,-3.3828125,0,0.22061753273010254,0,0.06386787911550772,english,comment,True,adjudicator,2-1,0,0
t1_p3kxdda,0,0.010328153148293495,-4.5625,0,0.19234810769557953,0,0.02605211985458114,taglish,comment,True,majority,3-0,0,0
t1_p3nxcm6,0,0.0022872276604175568,-6.078125,0,0.014744400978088379,0,0.00796887614464604,taglish,comment,True,majority,3-0,0,0
t1_p65w94h,0,0.0025909794494509697,-5.953125,0,0.010874110274016857,0,0.008792729803041254,taglish,comment,True,unanimous,3-0,0,0
t1_p5d5qz3,0,0.0008830457809381187,-7.03125,0,0.0040917834267020226,0,0.003755741155354361,taglish,comment,True,unanimous,3-0,0,0
t1_p6emwqi,0,0.005301895085722208,-5.234375,0,0.10265684127807617,0,0.015450752824396475,taglish,comment,True,majority,3-0,0,0
t1_p508wu2,0,0.002396730938926339,-6.03125,0,0.01663752645254135,0,0.00826844254905784,taglish,comment,True,majority,3-0,0,0
t1_p7n68zk,0,0.26549941301345825,-1.017578125,0,0.7430877089500427,0,0.30839100332738256,taglish,comment,True,adjudicator,3-0,0,1
t1_p4u8nnl,0,0.03817827254533768,-3.2265625,0,0.20693695545196533,0,0.07169599693405204,taglish,comment,True,majority,3-0,0,0
t1_p44qzac,1,0.8164063692092896,1.4921875,1,0.9522671699523926,1,0.7657290443602808,tagalog,comment,True,majority,3-0,1,1
t1_p5i4qlb,0,0.13568955659866333,-1.8515625,0,0.6305205225944519,0,0.18700552829787864,taglish,comment,True,adjudicator,2-1,0,0
t1_p6ewg4c,0,0.0037072529084980488,-5.59375,0,0.03000783734023571,0,0.01166115557202624,tagalog,comment,True,adjudicator,2-1,0,1
t1_p3h5ed1,0,0.0020190139766782522,-6.203125,0,0.016416411846876144,0,0.007221652815790418,taglish,comment,True,majority,3-0,0,0
t1_p7dbwlr,0,0.39770448207855225,-0.4150390625,0,0.8220506906509399,0,0.4183825503936709,taglish,comment,True,adjudicator,2-1,0,1
t1_p6et4if,0,0.0071214293129742146,-4.9375,0,0.06595896184444427,0,0.01947614966658446,taglish,comment,True,adjudicator,2-1,0,0
t1_p74nuig,0,0.007011795416474342,-4.953125,0,0.10159122198820114,0,0.019240724960142272,taglish,comment,True,majority,3-0,0,0
t1_p5coywx,0,0.018978038802742958,-3.9453125,0,0.23491953313350677,0,0.04183059412880054,tagalog,comment,True,adjudicator,2-1,0,1
t1_p3grrpo,0,0.0018102111062034965,-6.3125,0,0.011174856685101986,0,0.006625153302870124,taglish,comment,True,majority,3-0,0,0
t1_p6ymmy3,1,0.13477592170238495,-1.859375,0,0.6706289052963257,0,0.18606462437195415,taglish,comment,True,majority,3-0,1,1
t1_p451zu7,0,0.006903837900608778,-4.96875,0,0.07880964875221252,0,0.019008090864153445,english,comment,True,adjudicator,2-1,0,1
t1_p6d4zgn,0,0.002217013156041503,-6.109375,0,0.02671678364276886,0,0.0077751719366889625,taglish,comment,True,majority,3-0,0,0
t1_p6lolqe,0,0.000954731716774404,-6.953125,0,0.005436444189399481,0,0.003995038711076537,taglish,comment,True,unanimous,3-0,0,0
t1_p47gmnm,1,0.6641048192977905,0.681640625,1,0.9111298322677612,1,0.6320493202246508,taglish,comment,True,unanimous,3-0,1,1
t1_p6fksty,0,0.006388320587575436,-5.046875,0,0.12503108382225037,0,0.017885679689180187,taglish,comment,True,majority,3-0,0,0
t3_1voodmg,0,0.004007288720458746,-5.515625,0,0.05027373880147934,0,0.012397879390280978,taglish,submission,True,unanimous,3-0,0,0
t1_p7613ws,0,0.0030278346966952085,-5.796875,0,0.00921575166285038,0,0.009942123857544062,taglish,comment,True,unanimous,3-0,0,0
t1_p7mfrbx,0,0.006388320587575436,-5.046875,0,0.054078564047813416,0,0.017885679689180187,taglish,comment,True,majority,3-0,0,0
t1_p6zp5lc,0,0.002800926798954606,-5.875,0,0.008373040705919266,0,0.009349947758124552,tagalog,comment,True,majority,3-0,0,0
t1_p7n6lpa,0,0.2260994017124176,-1.23046875,0,0.8030573725700378,0,0.27356223000506,taglish,comment,True,adjudicator,2-1,0,0
t1_p4ykvi2,0,0.4007493853569031,-0.40234375,0,0.7878047823905945,0,0.42083649461910494,tagalog,comment,True,adjudicator,2-1,0,0
t3_1vhm9uf,0,0.0036499870475381613,-5.609375,0,0.02779497019946575,0,0.011519087532579032,taglish,submission,True,majority,3-0,0,0
t1_p7jxt20,0,0.053799647837877274,-2.8671875,0,0.4031345844268799,0,0.09315656648335208,english,comment,True,majority,3-0,0,0
t1_p476uv7,1,0.4367421567440033,-0.25439453125,0,0.7552342414855957,0,0.44969253063408704,taglish,comment,True,unanimous,3-0,1,1
t1_p7di6tl,0,0.027376487851142883,-3.5703125,0,0.20964311063289642,0,0.055526937165020177,english,comment,True,majority,3-0,0,0
t1_p6xm0yr,0,0.018833130598068237,-3.953125,0,0.17558220028877258,0,0.04158276659334749,tagalog,comment,True,unanimous,3-0,0,0
t1_p5cq40n,0,0.0025509123224765062,-5.96875,0,0.014863403514027596,0,0.008685300740989898,taglish,comment,True,majority,3-0,0,0
t1_p75yon2,0,0.04778006672859192,-2.9921875,0,0.3472881317138672,0,0.08510676933563796,tagalog,comment,True,adjudicator,2-1,0,0
t1_p6ywgfy,0,0.047074176371097565,-3.0078125,0,0.3058614730834961,0,0.08414609360919395,english,comment,True,majority,3-0,0,0
t1_p4zkbgz,0,0.006388320587575436,-5.046875,0,0.042454954236745834,0,0.017885679689180187,tagalog,comment,True,majority,3-0,0,0
t1_p6zmxsw,0,0.0022872276604175568,-6.078125,0,0.013983759097754955,0,0.00796887614464604,taglish,comment,True,unanimous,3-0,0,0
t1_p5zzsy0,0,0.0844927504658699,-2.3828125,0,0.4788530766963959,0,0.13110320309046855,english,comment,True,unanimous,3-0,0,0
t1_p7d5hr5,0,0.005641908384859562,-5.171875,0,0.05296042189002037,0,0.016223787621276468,tagalog,comment,True,majority,3-0,0,0
t1_p6ewgb7,0,0.001622967072762549,-6.421875,0,0.007453950121998787,0,0.006077622282158479,english,comment,True,majority,3-0,0,0
t1_p4ygdhd,0,0.04603390395641327,-3.03125,0,0.23345045745372772,0,0.08272353891581348,taglish,comment,True,unanimous,3-0,0,0
t1_p7msa2l,0,0.016657039523124695,-4.078125,0,0.1961575150489807,0,0.037803756196639386,taglish,comment,True,unanimous,3-0,0,0
t1_p6xw6qc,0,0.45057088136672974,-0.1983642578125,0,0.7034053802490234,0,0.46072065035748244,tagalog,comment,True,majority,3-0,0,0
t1_p4nncu5,0,0.06418264657258987,-2.6796875,0,0.40457892417907715,0,0.10651255873719023,tagalog,comment,True,adjudicator,2-1,0,0
t1_p4fx4lr,0,0.19930799305438995,-1.390625,0,0.6088047027587891,0,0.24903982568867408,taglish,comment,True,majority,3-0,0,0
t3_1vtewfp,0,0.0039454069919884205,-5.53125,0,0.08864305913448334,0,0.012246947052753488,taglish,submission,True,majority,3-0,0,0
t1_p5hqqmw,0,0.003123648464679718,-5.765625,0,0.044540368020534515,0,0.010189259330599046,taglish,comment,True,unanimous,3-0,0,0
t1_p4ma79v,0,0.004609572235494852,-5.375,0,0.02933948114514351,0,0.013841574244893321,english,comment,True,majority,3-0,0,0
t1_p508yt4,0,0.001367025775834918,-6.59375,0,0.005161327309906483,0,0.005306707559366049,english,comment,True,majority,3-0,0,0
t1_p7jw74c,0,0.957912266254425,3.125,1,0.9846531748771667,1,0.9227501937146527,tagalog,comment,True,adjudicator,2-1,0,0
t1_p6xvali,0,0.13432106375694275,-1.86328125,0,0.6112881302833557,0,0.18559554364775285,english,comment,True,adjudicator,2-1,0,0
t1_p4c9e3h,0,0.10194652527570724,-2.17578125,0,0.6183618307113647,0,0.150982133382815,english,comment,True,majority,3-0,0,0
t1_p5cq11b,0,0.056236349046230316,-2.8203125,0,0.40344321727752686,0,0.0963474931819994,taglish,comment,True,majority,3-0,0,0
t1_p4crq2c,0,0.002217013156041503,-6.109375,0,0.031028293073177338,0,0.0077751719366889625,taglish,comment,True,adjudicator,2-1,0,0
t1_p4b84s6,0,0.023509452119469643,-3.7265625,0,0.32841283082962036,0,0.04937034514650597,taglish,comment,True,adjudicator,2-1,0,0
t1_p4beia0,0,0.04146227613091469,-3.140625,0,0.34660714864730835,0,0.07637041583637276,taglish,comment,True,adjudicator,3-0,0,0
t1_p746c5q,0,0.002800926798954606,-5.875,0,0.042625900357961655,0,0.009349947758124552,taglish,comment,True,unanimous,3-0,0,0
t1_p4cw4sk,0,0.004399413242936134,-5.421875,0,0.15577319264411926,0,0.013342809362448659,taglish,comment,True,majority,3-0,0,0
t1_p7lnkkv,0,0.0023596608079969883,-6.046875,0,0.012058290652930737,0,0.008167366416337467,taglish,comment,True,unanimous,3-0,0,0
t1_p4b03nq,0,0.005220125894993544,-5.25,0,0.06072987616062164,0,0.015263229060930807,taglish,comment,True,adjudicator,2-1,0,0
t1_p44yj8h,0,0.8991213440895081,2.1875,1,0.9770991802215576,1,0.8502062858375254,english,comment,True,adjudicator,2-1,0,1
t1_p6exlci,0,0.10017221421003342,-2.1953125,0,0.3152424693107605,0,0.1490057233763646,taglish,comment,True,adjudicator,2-1,0,0
t1_p61zsi6,0,0.046378206461668015,-3.0234375,0,0.3956894874572754,0,0.08319527579048955,english,comment,True,adjudicator,2-1,0,0
t1_p44wa6k,0,0.01798621006309986,-4.0,0,0.18314461410045624,0,0.04012505323791517,taglish,comment,True,majority,3-0,0,0
t1_p4yt2gj,0,0.002714985515922308,-5.90625,0,0.02429354190826416,0,0.009122981745253242,english,comment,True,majority,3-0,0,0
t1_p5yufyd,0,0.06278920918703079,-2.703125,0,0.4859851598739624,0,0.1047551312161881,taglish,comment,True,unanimous,3-0,0,0
t1_p7lpalt,0,0.032344330102205276,-3.3984375,0,0.33165714144706726,0,0.06313040267526514,taglish,comment,True,unanimous,3-0,0,0
t1_p51584x,0,0.0024343819823116064,-6.015625,0,0.017545262351632118,0,0.008370759003441308,taglish,comment,True,adjudicator,2-1,0,0
t1_p5n7dsn,0,0.0013250225456431508,-6.625,0,0.009923194535076618,0,0.0051773765411583985,taglish,comment,True,adjudicator,3-0,0,0
t1_p5n7jts,0,0.0014103584690019488,-6.5625,0,0.0034258500672876835,0,0.005439251606207412,english,comment,True,majority,3-0,0,0
t1_p50f0l2,0,0.1233656257390976,-1.9609375,0,0.6171436309814453,0,0.17416424413461765,english,comment,True,adjudicator,2-1,0,0
t1_p74idhq,0,0.012624949216842651,-4.359375,0,0.18632625043392181,0,0.030470903823707325,english,comment,True,majority,3-0,0,0
t1_p6zrvze,0,0.004198795650154352,-5.46875,0,0.013278346508741379,0,0.012861782485476652,english,comment,True,unanimous,3-0,0,0
t1_p5yp5do,1,0.24689632654190063,-1.115234375,0,0.7363561391830444,0,0.2921092061033696,taglish,comment,True,majority,3-0,1,1
t1_p7ihaxt,0,0.015663648024201393,-4.140625,0,0.1702674925327301,0,0.03604014337098749,taglish,comment,True,majority,3-0,0,0
t1_p55w81w,1,0.2845759987831116,-0.921875,0,0.8247365355491638,0,0.32482339207491606,taglish,comment,True,unanimous,3-0,1,1
t1_p7m1gd8,0,0.0025509123224765062,-5.96875,0,0.012925896793603897,0,0.008685300740989898,taglish,comment,True,unanimous,3-0,0,0
t1_p7lmhg7,0,0.2146914005279541,-1.296875,0,0.7123191356658936,0,0.2632139465742019,english,comment,True,adjudicator,2-1,0,0
t1_p452nld,0,0.722527027130127,0.95703125,1,0.9458763599395752,1,0.6812660594324518,tagalog,comment,True,adjudicator,2-1,0,1
t1_p44zwwh,0,0.5626609325408936,0.2519683837890625,1,0.9221128225326538,1,0.5498308881916814,tagalog,comment,True,adjudicator,2-1,0,0
t1_p41aqpx,0,0.002889581024646759,-5.84375,0,0.07025018334388733,0,0.009582505736265769,taglish,comment,True,unanimous,3-0,0,0
t1_p3rv3e5,0,0.004007288720458746,-5.515625,0,0.030995285138487816,0,0.012397879390280978,taglish,comment,True,majority,3-0,0,0
t1_p5qf8bj,0,0.1672186702489853,-1.60546875,0,0.5027653574943542,0,0.2185286449405357,taglish,comment,True,adjudicator,2-1,0,1
t1_p73biyf,0,0.019271137192845345,-3.9296875,0,0.16433680057525635,0,0.042330492977363125,english,comment,True,majority,3-0,0,0
t1_p3n3gv2,0,0.0032730652019381523,-5.71875,0,0.058148495852947235,0,0.010571405024497727,tagalog,comment,True,adjudicator,2-1,0,0
t1_p3h3teg,0,0.004007288720458746,-5.515625,0,0.020168069750070572,0,0.012397879390280978,english,comment,True,majority,3-0,0,0
t1_p7j5cbc,0,0.019870713353157043,-3.8984375,0,0.19362178444862366,0,0.04334747038780218,taglish,comment,True,majority,3-0,0,0
t1_p7j3plz,0,0.03760863468050957,-3.2421875,0,0.29370051622390747,0,0.0708749734557281,tagalog,comment,True,unanimous,3-0,0,0
t1_p3h9p36,0,0.0022872276604175568,-6.078125,0,0.016225889325141907,0,0.00796887614464604,taglish,comment,True,unanimous,3-0,0,0
t1_p7j5etb,0,0.00178219610825181,-6.328125,0,0.008627863600850105,0,0.006544032719501775,tagalog,comment,True,adjudicator,2-1,0,0
t1_p5ixw9c,0,0.05070536583662033,-2.9296875,0,0.3436914384365082,0,0.08904963427534035,taglish,comment,True,adjudicator,2-1,0,1
t1_p72pd9i,0,0.0011695103021338582,-6.75,0,0.008196510374546051,0,0.00469066810207283,taglish,comment,True,unanimous,3-0,0,0
t1_p6j1o6t,0,0.0012644219677895308,-6.671875,0,0.00823374092578888,0,0.004989236330433244,taglish,comment,True,unanimous,3-0,0,0
t1_p7jafvu,0,0.001867565792053938,-6.28125,0,0.004838660359382629,0,0.006790402970719936,taglish,comment,True,majority,3-0,0,0
t1_p6xmxvd,0,0.523938000202179,0.0958251953125,1,0.9326738119125366,1,0.5190049665315606,tagalog,comment,True,adjudicator,2-1,0,0
t1_p6fpx4u,0,0.006388320587575436,-5.046875,0,0.13939060270786285,0,0.017885679689180187,taglish,comment,True,majority,3-0,0,0
t1_p60qogu,0,0.06560484319925308,-2.65625,0,0.5166089534759521,0,0.10829590323077888,tagalog,comment,True,adjudicator,2-1,0,0
t1_p7mguuu,0,0.003429603995755315,-5.671875,0,0.017058420926332474,0,0.01096772418906386,taglish,comment,True,unanimous,3-0,0,0
t1_p61xtg2,0,0.031143829226493835,-3.4375,0,0.13967779278755188,0,0.061321325097737724,taglish,comment,True,adjudicator,2-1,0,0
t1_p5xqsg5,0,0.0018102111062034965,-6.3125,0,0.010117955505847931,0,0.006625153302870124,tagalog,comment,True,adjudicator,2-1,0,0
t1_p5qj6s9,0,0.012241275049746037,-4.390625,0,0.12681972980499268,0,0.029746630675691697,tagalog,comment,True,adjudicator,3-0,0,0
t1_p7352hx,0,0.08570928126573563,-2.3671875,0,0.47823452949523926,0,0.1325224044337178,taglish,comment,True,majority,3-0,0,0
t3_1vssv2i,0,0.00172745855525136,-6.359375,0,0.058002255856990814,0,0.006384740118678921,english,submission,True,majority,3-0,0,0
t1_p4x4pqs,0,0.0029349515680223703,-5.828125,0,0.03058788925409317,0,0.009700923786446087,taglish,comment,True,majority,3-0,0,0
t1_p4ur7ns,1,0.1108555942773819,-2.08203125,0,0.5623221397399902,0,0.16077009908204024,english,comment,True,adjudicator,2-1,1,1
t1_p7kc2nd,0,0.0020507436711341143,-6.1875,0,0.013290783390402794,0,0.007311111439104162,english,comment,True,majority,3-0,0,0
t3_1vq0rvu,0,0.03258974477648735,-3.390625,0,0.14675042033195496,0,0.06349814285168599,english,submission,True,majority,3-0,0,0
t1_p508gjr,0,0.0037072529084980488,-5.59375,0,0.016241520643234253,0,0.01166115557202624,tagalog,comment,True,unanimous,3-0,0,0
t1_p7luigq,0,0.18952110409736633,-1.453125,0,0.5563318133354187,0,0.2398784392725491,taglish,comment,True,adjudicator,2-1,0,1
t1_p5v09nw,0,0.0023231625091284513,-6.0625,0,0.022764114663004875,0,0.008067515819929075,tagalog,comment,True,adjudicator,2-1,0,0
t1_p44mtt0,0,0.16238003969192505,-1.640625,0,0.7632452845573425,0,0.21380088901932187,english,comment,True,adjudicator,2-1,0,1
t1_p451m4k,0,0.19682621955871582,-1.40625,0,0.7887694239616394,0,0.2467277220413792,tagalog,comment,True,adjudicator,2-1,0,1
t1_p603e27,0,0.0038844766095280647,-5.546875,0,0.0285163726657629,0,0.012097829663948222,taglish,comment,True,unanimous,3-0,0,0
t1_p65qjif,0,0.01384861022233963,-4.265625,0,0.15000580251216888,0,0.032747631413404366,taglish,comment,True,unanimous,3-0,0,0
t1_p4d3s19,0,0.09534946829080582,-2.25,0,0.6360334753990173,0,0.14358520830163538,tagalog,comment,True,majority,3-0,0,0
t1_p6lm952,0,0.015189048834145069,-4.171875,0,0.10094259679317474,0,0.035188297621366334,taglish,comment,True,unanimous,3-0,0,0
t1_p6yb36g,0,0.1475551873445511,-1.75390625,0,0.6834017038345337,0,0.19907649215113157,taglish,comment,True,majority,3-0,0,0
t1_p66gnga,0,0.10230471193790436,-2.171875,0,0.49082621932029724,0,0.151379992159552,taglish,comment,True,adjudicator,2-1,0,1
t1_p5jg25f,0,0.01342825498431921,-4.296875,0,0.13704723119735718,0,0.03197102649256034,taglish,comment,True,adjudicator,3-0,0,0
t1_p47r7m7,0,0.37937837839126587,-0.4921875,0,0.8574826121330261,0,0.40356096196719843,english,comment,True,adjudicator,2-1,0,0
t1_p3kshov,0,0.1766716092824936,-1.5390625,0,0.5173283815383911,0,0.22766296521033916,tagalog,comment,True,majority,3-0,0,0
t1_p2xonew,0,0.0036499870475381613,-5.609375,0,0.023653749376535416,0,0.011519087532579032,english,comment,True,majority,3-0,0,0
t1_p7btkc4,0,0.0025114635936915874,-5.984375,0,0.015438318252563477,0,0.008579172880391962,taglish,comment,True,unanimous,3-0,0,0
t1_p6xmo6h,1,0.113973468542099,-2.05078125,0,0.5828813910484314,0,0.164144837104039,taglish,comment,True,adjudicator,2-1,1,0
t1_p4s3w6s,0,0.002115703420713544,-6.15625,0,0.0476100854575634,0,0.00749334173836876,taglish,comment,True,unanimous,3-0,0,0
t1_p6eyfbc,0,0.0035936026833951473,-5.625,0,0.03707612305879593,0,0.011378730383391086,taglish,comment,True,majority,3-0,0,0
t3_1vtflv2,0,0.0018969200318679214,-6.265625,0,0.008339185267686844,0,0.006874556454673583,taglish,submission,True,adjudicator,2-1,0,0
t1_p76aiql,0,0.004468384198844433,-5.40625,0,0.0445939265191555,0,0.013507062511842293,taglish,comment,True,unanimous,3-0,0,0
t1_p4bkmtj,0,0.00941259041428566,-4.65625,0,0.11217298358678818,0,0.02422922674622167,english,comment,True,majority,3-0,0,0
t1_p2v5oee,0,0.0012255674228072166,-6.703125,0,0.007781193591654301,0,0.004867604615834009,taglish,comment,True,unanimous,3-0,0,0
t1_p2wd6vn,0,0.03963883966207504,-3.1875,0,0.27373039722442627,0,0.07378708466891659,taglish,comment,True,adjudicator,2-1,0,0
t1_p5cxl4m,0,0.0009399438858963549,-6.96875,0,0.006570926867425442,0,0.003945994202347267,taglish,comment,True,majority,3-0,0,0
t1_p4u7hmv,0,0.0020507436711341143,-6.1875,0,0.007098653819411993,0,0.007311111439104162,taglish,comment,True,majority,3-0,0,0
t1_p5ja56l,0,0.4016878604888916,-0.3984375,0,0.8410326242446899,0,0.4215923479699648,english,comment,True,adjudicator,2-1,0,0
t1_p607khe,0,0.0012448433553799987,-6.6875,0,0.011911528185009956,0,0.004928047088634591,taglish,comment,True,unanimous,3-0,0,0
t1_p3o1g8f,1,0.03760863468050957,-3.2421875,0,0.3561437129974365,0,0.0708749734557281,taglish,comment,True,majority,3-0,1,1
t1_p4y96pd,0,0.08509904891252518,-2.375,0,0.4564816653728485,0,0.13181118370650136,english,comment,True,majority,3-0,0,0
t1_p4yi623,0,0.12592275440692902,-1.9375,0,0.5816255807876587,0,0.17685607916064733,english,comment,True,majority,3-0,0,0
t1_p7mresh,0,0.06754669547080994,-2.625,0,0.46883830428123474,0,0.11071446404608441,tagalog,comment,True,adjudicator,2-1,0,0
t1_p4ze22t,0,0.01678548939526081,-4.0703125,0,0.13827452063560486,0,0.03802995504004082,english,comment,True,majority,3-0,0,0
t1_p7dhzx7,0,0.00970847625285387,-4.625,0,0.08180838823318481,0,0.024822598595254295,taglish,comment,True,majority,3-0,0,0
t1_p76eq8s,0,0.001597845577634871,-6.4375,0,0.007879553362727165,0,0.006003165336399166,taglish,comment,True,majority,3-0,0,0
t1_p6kfklp,0,0.0034834241960197687,-5.65625,0,0.04492027685046196,0,0.011103068496421335,taglish,comment,True,unanimous,3-0,0,0
t1_p7j4sne,0,0.002217013156041503,-6.109375,0,0.013931496068835258,0,0.0077751719366889625,taglish,comment,True,majority,3-0,0,0
t3_1vt5tz4,0,0.005641908384859562,-5.171875,0,0.06905895471572876,0,0.016223787621276468,taglish,submission,True,majority,3-0,0,0
t1_p5e90w2,0,0.0010162440594285727,-6.890625,0,0.009793711826205254,0,0.0041973626844538,taglish,comment,True,majority,3-0,0,0
t1_p7jg2hx,0,0.001674399245530367,-6.390625,0,0.008611472323536873,0,0.0062293006508510945,english,comment,True,unanimous,3-0,0,0
t1_p7mz3ti,0,0.28977349400520325,-0.896484375,0,0.8295530676841736,0,0.3292586193305739,taglish,comment,True,majority,3-0,0,0
t1_p6jqocx,0,0.002217013156041503,-6.109375,0,0.04899584874510765,0,0.0077751719366889625,taglish,comment,True,majority,3-0,0,0
t1_p6xssk7,0,0.0443485863506794,-3.0703125,0,0.3774866461753845,0,0.08040118080161701,tagalog,comment,True,adjudicator,2-1,0,1
t1_p7b4nt0,0,0.0018969200318679214,-6.265625,0,0.019155900925397873,0,0.006874556454673583,english,comment,True,majority,3-0,0,0
t1_p50im1k,0,0.002396730938926339,-6.03125,0,0.03791065141558647,0,0.00826844254905784,taglish,comment,True,majority,3-0,0,0
t1_p7kblm8,0,0.3473156988620758,-0.630859375,0,0.7809033393859863,0,0.37737302762933655,english,comment,True,majority,3-0,0,0
t1_p6y668u,1,0.9178933501243591,2.4140625,1,0.9641475081443787,1,0.8716964904044603,taglish,comment,True,majority,3-0,1,1
t1_p5d24xa,0,0.001838665222749114,-6.296875,0,0.01164126768708229,0,0.006707272677205642,taglish,comment,True,majority,3-0,0,0
t1_p517c9w,0,0.0022872276604175568,-6.078125,0,0.012753630988299847,0,0.00796887614464604,taglish,comment,True,unanimous,3-0,0,0
t1_p7j2yn2,0,0.0064882696606218815,-5.03125,0,0.061065852642059326,0,0.018104830466984485,english,comment,True,majority,3-0,0,0
t1_p60a1rz,0,0.0015011822106316686,-6.5,0,0.0048253173008561134,0,0.005714296397571114,taglish,comment,True,unanimous,3-0,0,0
t1_p7mi4ex,0,0.004133968148380518,-5.484375,0,0.059621863067150116,0,0.012705275225730527,english,comment,True,majority,3-0,0,0
t1_p7jan2b,0,0.011508148163557053,-4.453125,0,0.08445525169372559,0,0.02834782316394796,english,comment,True,unanimous,3-0,0,0
t1_p4atuua,0,0.0019267346942797303,-6.25,0,0.009382586926221848,0,0.006959745544957729,taglish,comment,True,unanimous,3-0,0,0
t1_p7mgu56,0,0.004264634568244219,-5.453125,0,0.04050661250948906,0,0.013020192222294742,taglish,comment,True,majority,3-0,0,0
t1_p5gglm7,0,0.004755199886858463,-5.34375,0,0.04679592698812485,0,0.014184251274941625,english,comment,True,majority,3-0,0,0
t1_p7icutd,0,0.03258974477648735,-3.390625,0,0.2531651258468628,0,0.06349814285168599,taglish,comment,True,adjudicator,2-1,0,0
t1_p3h9m47,0,0.2114168107509613,-1.31640625,0,0.6906905174255371,0,0.26021866874743504,tagalog,comment,True,adjudicator,2-1,0,1
t1_p3jpmjm,0,0.4314597547054291,-0.2758979797363281,0,0.8972145915031433,0,0.4454726263651805,english,comment,True,majority,3-0,0,0
t1_p61wk2v,0,0.5510905385017395,0.205078125,1,0.853183388710022,1,0.5406030477929001,tagalog,comment,True,adjudicator,2-1,0,0
t1_p432jll,0,0.001867565792053938,-6.28125,0,0.005540802143514156,0,0.006790402970719936,taglish,comment,True,unanimous,3-0,0,0
t1_p5cir1k,0,0.06853749603033066,-2.609375,0,0.44931721687316895,0,0.11194139023103447,taglish,comment,True,adjudicator,3-0,0,0
t1_p50da6v,0,0.007815889082849026,-4.84375,0,0.04406879469752312,0,0.020949121007695408,english,comment,True,majority,3-0,0,0
t1_p4ym2y4,0,0.014281933195888996,-4.234375,0,0.19741442799568176,0,0.03354244710736576,tagalog,comment,True,adjudicator,2-1,0,0
t1_p7ix2nh,0,0.0024726232513785362,-6.0,0,0.019838133826851845,0,0.008474330736828782,taglish,comment,True,unanimous,3-0,0,0
t1_p7j5pk5,1,0.2978782653808594,-0.857421875,0,0.8421406745910645,0,0.33614164034256366,tagalog,comment,True,adjudicator,2-1,1,0
t1_p73ev0i,0,0.06512754410505295,-2.6640625,0,0.3916066586971283,0,0.10769855919352117,taglish,comment,True,adjudicator,2-1,0,1
t1_p7mwmwk,0,0.004264634568244219,-5.453125,0,0.027935480698943138,0,0.013020192222294742,tagalog,comment,True,adjudicator,2-1,0,0
t1_p5c4p8w,0,0.012821215204894543,-4.34375,0,0.11396481841802597,0,0.03083941742596216,taglish,comment,True,adjudicator,2-1,0,0
t1_p66h41p,0,0.034358687698841095,-3.3359375,0,0.25161346793174744,0,0.0661287273366111,taglish,comment,True,adjudicator,2-1,0,0
t1_p65oy1k,0,0.0012843081494793296,-6.65625,0,0.0065483651123940945,0,0.005051181473573054,taglish,comment,True,majority,3-0,0,0
t1_p4xri25,0,0.0060975621454417706,-5.09375,0,0.03352659195661545,0,0.017243738320063123,english,comment,True,adjudicator,2-1,0,0
t1_p3h5l6u,0,0.020645931363105774,-3.859375,0,0.2177864909172058,0,0.04465151392886822,taglish,comment,True,unanimous,3-0,0,0
t1_p5cx3zd,0,0.0015011822106316686,-6.5,0,0.018392520025372505,0,0.005714296397571114,taglish,comment,True,unanimous,3-0,0,0
t1_p7mr2qq,0,0.0059110685251653194,-5.125,0,0.031662359833717346,0,0.016828408959900492,taglish,comment,True,majority,3-0,0,0
t1_p2s6clq,0,0.001957016997039318,-6.234375,0,0.010669765993952751,0,0.0070459828036904155,english,comment,True,majority,3-0,0,0
t1_p3kx7tt,0,0.10669060051441193,-2.125,0,0.5375615358352661,0,0.15622170163933402,taglish,comment,True,unanimous,3-0,0,0
t1_p3ler51,0,0.011508148163557053,-4.453125,0,0.14666134119033813,0,0.02834782316394796,taglish,comment,True,unanimous,3-0,0,0
t1_p4bswfz,0,0.0333368256688118,-3.3671875,0,0.34329086542129517,0,0.06461337644780597,taglish,comment,True,unanimous,3-0,0,0
t1_p3mo324,0,0.002800926798954606,-5.875,0,0.014524979516863823,0,0.009349947758124552,taglish,comment,True,unanimous,3-0,0,0
t1_p7a0ktr,0,0.13161905109882355,-1.88671875,0,0.6398506164550781,0,0.18280023000157855,tagalog,comment,True,adjudicator,2-1,0,0
t1_p6021og,0,0.002217013156041503,-6.109375,0,0.011169186793267727,0,0.0077751719366889625,taglish,comment,True,majority,3-0,0,0
t1_p75cjyq,0,0.002115703420713544,-6.15625,0,0.029553275555372238,0,0.00749334173836876,english,comment,True,majority,3-0,0,0
t1_p4d6qmr,0,0.011158031411468983,-4.484375,0,0.061598461121320724,0,0.02767257386929264,english,comment,True,majority,3-0,0,0
t1_p7j1qwz,0,0.017176708206534386,-4.046875,0,0.10212778300046921,0,0.03871637676605561,english,comment,True,majority,3-0,0,0
t1_p5al8hv,0,0.19993212819099426,-1.38671875,0,0.5098921060562134,0,0.24962010903823115,taglish,comment,True,unanimous,3-0,0,0
t3_1vpkdkr,0,0.00214894930832088,-6.140625,0,0.02812548540532589,0,0.00758614020588063,taglish,submission,True,unanimous,3-0,0,0
t3_1vr5b7s,0,0.05184547230601311,-2.90625,0,0.35708528757095337,0,0.09057023421948997,taglish,submission,True,adjudicator,2-1,0,0
t1_p7j17sm,0,0.011869121342897415,-4.421875,0,0.11702258884906769,0,0.0290390573859408,taglish,comment,True,majority,3-0,0,0
t3_1vrgwew,0,0.001524786464869976,-6.484375,0,0.009695343673229218,0,0.005785191369504364,tagalog,submission,True,adjudicator,3-0,0,0
t3_1vqqoay,0,0.002251847181469202,-6.09375,0,0.021032795310020447,0,0.00787143294365646,taglish,submission,True,majority,3-0,0,0
t3_1vq66ut,0,0.001081715221516788,-6.828125,0,0.014054464176297188,0,0.00440988774732401,tagalog,submission,True,adjudicator,3-0,0,0
t3_1vq1d93,0,0.002082970691844821,-6.171875,0,0.031422704458236694,0,0.007401669974056704,taglish,submission,True,unanimous,3-0,0,0
t1_p49e6ux,0,0.0792103260755539,-2.453125,0,0.40704411268234253,0,0.12487575333474901,taglish,comment,True,majority,3-0,0,0
t1_p7antvb,0,0.0038244836032390594,-5.5625,0,0.01720821112394333,0,0.01195050594416123,english,comment,True,majority,3-0,0,0
t1_p4z2u8g,0,0.16344542801380157,-1.6328125,0,0.6691417694091797,0,0.2148450291047248,taglish,comment,True,adjudicator,2-1,0,0
t1_p6y7xro,0,0.011508148163557053,-4.453125,0,0.07258076965808868,0,0.02834782316394796,taglish,comment,True,majority,3-0,0,0
t1_p5j1kgj,0,0.007011795416474342,-4.953125,0,0.06831620633602142,0,0.019240724960142272,taglish,comment,True,unanimous,3-0,0,0
t1_p5xqz18,0,0.012241275049746037,-4.390625,0,0.1162853091955185,0,0.029746630675691697,taglish,comment,True,unanimous,3-0,0,0
t1_p5yfuxf,0,0.0020190139766782522,-6.203125,0,0.04880962893366814,0,0.007221652815790418,english,comment,True,unanimous,3-0,0,0
t1_p7mkke0,0,0.008847354911267757,-4.71875,0,0.06866949796676636,0,0.02308369729877056,taglish,comment,True,majority,3-0,0,0
t1_p73vg5f,0,0.0032224843744188547,-5.734375,0,0.01456333976238966,0,0.010442473158180787,taglish,comment,True,unanimous,3-0,0,0
t1_p6pgdyj,0,0.001098731067031622,-6.8125,0,0.007902726531028748,0,0.004464672115202112,tagalog,comment,True,majority,3-0,0,0
t1_p6yfy8o,0,0.227469339966774,-1.22265625,0,0.717869758605957,0,0.2747962155568812,tagalog,comment,True,adjudicator,2-1,0,0
t1_p5nd7iu,0,0.007695646956562996,-4.859375,0,0.10080064833164215,0,0.02069626706744707,english,comment,True,majority,3-0,0,0
t1_p6tfuuu,0,0.003172682598233223,-5.75,0,0.05453626066446304,0,0.010315097387934697,taglish,comment,True,unanimous,3-0,0,0
t1_p7jaxz2,0,0.004681822843849659,-5.359375,0,0.14828118681907654,0,0.014011880113174616,tagalog,comment,True,adjudicator,2-1,0,0
t1_p3mgb44,1,0.5754090547561646,0.303955078125,1,0.9392726421356201,1,0.560021497934223,tagalog,comment,True,adjudicator,2-1,1,1
t1_p5vqijr,0,0.007695646956562996,-4.859375,0,0.10185480117797852,0,0.02069626706744707,taglish,comment,True,adjudicator,2-1,0,1
t1_p5zy40t,0,0.3963017463684082,-0.4208984375,0,0.7086470127105713,0,0.41725131403144344,taglish,comment,True,majority,3-0,0,0
t1_p44w120,0,0.011158031411468983,-4.484375,0,0.14773061871528625,0,0.02767257386929264,english,comment,True,majority,3-0,0,0
t1_p7jmy1f,0,0.0016484829830005765,-6.40625,0,0.034212589263916016,0,0.006152996997001279,english,comment,True,majority,3-0,0,0
t1_p3535ei,0,0.0033244371879845858,-5.703125,0,0.01674932986497879,0,0.010701911579695408,taglish,comment,True,adjudicator,2-1,0,0
t1_p6t36e9,0,0.002396730938926339,-6.03125,0,0.019527817144989967,0,0.00826844254905784,taglish,comment,True,majority,3-0,0,0
t1_p7javcb,0,0.0013885231455788016,-6.578125,0,0.007192681543529034,0,0.005372573064999557,taglish,comment,True,unanimous,3-0,0,0
t1_p3jjc8b,0,0.0012255674228072166,-6.703125,0,0.0033197698649019003,0,0.004867604615834009,taglish,comment,True,unanimous,3-0,0,0
t1_p6db4ph,0,0.018978038802742958,-3.9453125,0,0.23967397212982178,0,0.04183059412880054,taglish,comment,True,unanimous,3-0,0,0
t3_1vsz23r,0,0.0029810327105224133,-5.8125,0,0.0134479571133852,0,0.00982079070472427,english,submission,True,unanimous,3-0,0,0
t1_p797usj,0,0.00178219610825181,-6.328125,0,0.009451795369386673,0,0.006544032719501775,tagalog,comment,True,majority,3-0,0,0
t1_p5svbak,0,0.004755199886858463,-5.34375,0,0.06860910356044769,0,0.014184251274941625,taglish,comment,True,adjudicator,3-0,0,0
t1_p7lrkad,0,0.005220125894993544,-5.25,0,0.06375753879547119,0,0.015263229060930807,taglish,comment,True,unanimous,3-0,0,0
t1_p6yx36j,0,0.031143829226493835,-3.4375,0,0.22119605541229248,0,0.061321325097737724,english,comment,True,adjudicator,2-1,0,0
t1_p7c3gys,0,0.332852303981781,-0.6953125,0,0.7601476907730103,0,0.36543068751162994,tagalog,comment,True,adjudicator,2-1,0,0
t1_p6013ck,1,0.3937346339225769,-0.431640625,0,0.8165861964225769,0,0.4151796492295034,taglish,comment,True,adjudicator,2-1,1,1
t1_p5c7eie,0,0.011158031411468983,-4.484375,0,0.1583649069070816,0,0.02767257386929264,tagalog,comment,True,unanimous,3-0,0,0
t1_p4zt1ck,0,0.0035380858462303877,-5.640625,0,0.019170472398400307,0,0.011240064003385574,english,comment,True,majority,3-0,0,0
t1_p65xt8x,0,0.0029349515680223703,-5.828125,0,0.03868243843317032,0,0.009700923786446087,taglish,comment,True,unanimous,3-0,0,0
t1_p44gnv2,1,0.8006919622421265,1.390625,1,0.9602980613708496,1,0.7509601743113259,tagalog,comment,True,adjudicator,2-1,1,1
t1_p5s2d5h,0,0.001838665222749114,-6.296875,0,0.01824985258281231,0,0.006707272677205642,taglish,comment,True,adjudicator,2-1,0,0
t1_p6t4j35,0,0.006388320587575436,-5.046875,0,0.10802321135997772,0,0.017885679689180187,taglish,comment,True,unanimous,3-0,0,0
t1_p3nh9za,0,0.0753123015165329,-2.5078125,0,0.47396227717399597,0,0.12020904065781979,taglish,comment,True,unanimous,3-0,0,0
t1_p6zrajz,0,0.2501792907714844,-1.09765625,0,0.741838812828064,0,0.2950025172311829,taglish,comment,True,unanimous,3-0,0,0
t1_p3tv9yi,0,0.002714985515922308,-5.90625,0,0.018789613619446754,0,0.009122981745253242,taglish,comment,True,majority,3-0,0,0
t1_p3rrmte,0,0.0018102111062034965,-6.3125,0,0.013353805057704449,0,0.006625153302870124,taglish,comment,True,unanimous,3-0,0,0
t1_p3upurw,0,0.0035936026833951473,-5.625,0,0.007041317876428366,0,0.011378730383391086,taglish,comment,True,majority,3-0,0,0
t1_p480gwv,0,0.2024431973695755,-1.37109375,0,0.7191505432128906,0,0.251950251606328,english,comment,True,adjudicator,2-1,0,0
t1_p7mhxal,0,0.023870835080742836,-3.7109375,0,0.24080729484558105,0,0.049955650486961774,english,comment,True,adjudicator,2-1,0,0
t1_p6y591p,1,0.8469578623771667,1.7109375,1,0.9713351130485535,1,0.7954298958490696,taglish,comment,True,unanimous,3-0,1,1
t1_p504bel,0,0.001674399245530367,-6.390625,0,0.00397841352969408,0,0.0062293006508510945,taglish,comment,True,majority,3-0,0,0
t1_p7abggm,0,0.6533480882644653,0.6337890625,1,0.9036736488342285,1,0.6231731736820296,tagalog,comment,True,adjudicator,2-1,0,1
t1_p4tomgf,0,0.0012448433553799987,-6.6875,0,0.004072597250342369,0,0.004928047088634591,taglish,comment,True,unanimous,3-0,0,0
t1_p4ye23l,0,0.0027576221618801355,-5.890625,0,0.035660773515701294,0,0.009235774074904706,taglish,comment,True,unanimous,3-0,0,0
t1_p3mp6up,0,0.0033766122069209814,-5.6875,0,0.03911026939749718,0,0.01083401162837129,english,comment,True,majority,3-0,0,0
t1_p3lm444,0,0.048136770725250244,-2.984375,0,0.194203183054924,0,0.08559082862170651,taglish,comment,True,majority,3-0,0,0
t1_p5s6ub3,0,0.0016484829830005765,-6.40625,0,0.013361847028136253,0,0.006152996997001279,taglish,comment,True,majority,3-0,0,0
t1_p7eq17k,0,0.0039454069919884205,-5.53125,0,0.038008853793144226,0,0.012246947052753488,taglish,comment,True,majority,3-0,0,0
t1_p570avh,0,0.002714985515922308,-5.90625,0,0.02551162615418434,0,0.009122981745253242,tagalog,comment,True,unanimous,3-0,0,0
t1_p74o70w,0,0.0027576221618801355,-5.890625,0,0.0317346416413784,0,0.009235774074904706,taglish,comment,True,majority,3-0,0,0
t1_p79myra,0,0.00857748556882143,-4.75,0,0.067474365234375,0,0.0225309326230367,english,comment,True,majority,3-0,0,0
t1_p2v5mt7,0,0.0019877743907272816,-6.21875,0,0.027780164033174515,0,0.007133280940827821,english,comment,True,majority,3-0,0,0
t1_p7jue81,0,0.027585282921791077,-3.5625,0,0.15656957030296326,0,0.055853026955312565,english,comment,True,majority,3-0,0,0
t1_p4yjuu7,0,0.0029810327105224133,-5.8125,0,0.007468033581972122,0,0.00982079070472427,taglish,comment,True,majority,3-0,0,0
t1_p644k4r,0,0.004982269834727049,-5.296875,0,0.05663297697901726,0,0.01471400085933903,tagalog,comment,True,adjudicator,2-1,0,0
t1_p2s0mug,0,0.010986942797899246,-4.5,0,0.08021499961614609,0,0.02734083470272198,tagalog,comment,True,adjudicator,2-1,0,1
t1_p72ux8i,0,0.023870835080742836,-3.7109375,0,0.32867178320884705,0,0.049955650486961774,taglish,comment,True,unanimous,3-0,0,0
t1_p50m0eu,1,0.8670357465744019,1.875,1,0.9715049266815186,1,0.8158062185807705,taglish,comment,True,unanimous,3-0,1,1
t1_p6y55f8,0,0.7166153788566589,0.927734375,1,0.925152063369751,1,0.6761957112062378,tagalog,comment,True,adjudicator,2-1,0,0
t1_p2vay48,0,0.001957016997039318,-6.234375,0,0.029151281341910362,0,0.0070459828036904155,english,comment,True,majority,3-0,0,0
t1_p64y6td,0,0.0064882696606218815,-5.03125,0,0.07493501901626587,0,0.018104830466984485,tagalog,comment,True,adjudicator,2-1,0,0
t1_p5jjw0c,0,0.0008693673880770802,-7.046875,0,0.002788515528663993,0,0.00370962340660892,taglish,comment,True,majority,3-0,0,0
t3_1vpofxq,0,0.007460643537342548,-4.890625,0,0.09061767160892487,0,0.02019948996564318,taglish,submission,True,majority,3-0,0,0
t1_p67ovho,0,0.0018969200318679214,-6.265625,0,0.01485837809741497,0,0.006874556454673583,taglish,comment,True,unanimous,3-0,0,0
t1_p498u4a,0,0.0018102111062034965,-6.3125,0,0.010112701915204525,0,0.006625153302870124,english,comment,True,majority,3-0,0,0
t1_p7m4mi8,0,0.003172682598233223,-5.75,0,0.018251463770866394,0,0.010315097387934697,taglish,comment,True,unanimous,3-0,0,0
t3_1vqigry,0,0.06325051933526993,-2.6953125,0,0.5608532428741455,0,0.10533807696155315,taglish,submission,True,majority,3-0,0,0
t1_p4ye92r,0,0.5422573685646057,0.16943359375,1,0.7586624622344971,1,0.5335693073326074,english,comment,True,adjudicator,2-1,0,1
t1_p74a40m,0,0.0039454069919884205,-5.53125,0,0.030779166147112846,0,0.012246947052753488,taglish,comment,True,adjudicator,2-1,0,1
t1_p4ydv3q,0,0.7244806289672852,0.966796875,1,0.9522557258605957,1,0.6829467580937828,taglish,comment,True,adjudicator,2-1,0,1
t1_p79mlp0,0,0.008711384609341621,-4.734375,0,0.050587624311447144,0,0.02280567936249107,english,comment,True,majority,3-0,0,0
t1_p605v1o,0,0.0071214293129742146,-4.9375,0,0.07469339668750763,0,0.01947614966658446,taglish,comment,True,unanimous,3-0,0,0
t1_p7mq97s,0,0.0017546144081279635,-6.34375,0,0.007397678680717945,0,0.006463898940371175,taglish,comment,True,unanimous,3-0,0,0
t1_p3muwp6,0,0.00172745855525136,-6.359375,0,0.008731989189982414,0,0.006384740118678921,taglish,comment,True,unanimous,3-0,0,0
t1_p7jmfep,0,0.007815889082849026,-4.84375,0,0.07021200656890869,0,0.020949121007695408,taglish,comment,True,unanimous,3-0,0,0
t1_p6xpcuo,0,0.01784873940050602,-4.0078125,0,0.0633343756198883,0,0.039886909633042866,english,comment,True,majority,3-0,0,0
t1_p3m4y3w,0,0.0029349515680223703,-5.828125,0,0.04182269424200058,0,0.009700923786446087,taglish,comment,True,unanimous,3-0,0,0
t1_p7jcdnk,0,0.0026730059180408716,-5.921875,0,0.013917027972638607,0,0.009011554368320265,tagalog,comment,True,majority,3-0,0,0
t1_p56tno2,0,0.024237634614109993,-3.6953125,0,0.19988363981246948,0,0.05054752589128036,taglish,comment,True,majority,3-0,0,0
t1_p5094ny,0,0.0029810327105224133,-5.8125,0,0.012224855832755566,0,0.00982079070472427,english,comment,True,majority,3-0,0,0
t1_p5hcscq,0,0.2751297354698181,-0.96875,0,0.7954429388046265,0,0.316717672378781,taglish,comment,True,unanimous,3-0,0,0
t3_1vrvjqy,0,0.0055549247190356255,-5.1875,0,0.031987302005290985,0,0.01602703436469781,tagalog,submission,True,adjudicator,2-1,0,0
t1_p4zsdy4,0,0.022457052022218704,-3.7734375,0,0.22361209988594055,0,0.047653206419695324,taglish,comment,True,adjudicator,2-1,0,0
t1_p6xk7ai,1,0.9485372304916382,2.9140625,1,0.9834966659545898,1,0.9099392125145155,tagalog,comment,True,adjudicator,2-1,1,1
t1_p72xjz2,0,0.01590639352798462,-4.125,0,0.07401964068412781,0,0.036473477233485777,english,comment,True,majority,3-0,0,0
t1_p5ez6vx,0,0.0015487609198316932,-6.46875,0,0.004468526691198349,0,0.00585696072558967,taglish,comment,True,majority,3-0,0,0
t1_p50frda,0,0.36908766627311707,-0.5361328125,0,0.6120402812957764,0,0.39519449395001066,taglish,comment,True,unanimous,3-0,0,0
t1_p66oklb,0,0.004468384198844433,-5.40625,0,0.03672660142183304,0,0.013507062511842293,english,comment,True,majority,3-0,0,0
t1_p7m84mx,0,0.004399413242936134,-5.421875,0,0.02389707788825035,0,0.013342809362448659,taglish,comment,True,majority,3-0,0,0
t1_p735tk6,0,0.08756383508443832,-2.34375,0,0.5660245418548584,0,0.13467559231152743,taglish,comment,True,unanimous,3-0,0,0
t1_p7lnmfj,0,0.16667540371418,-1.609375,0,0.5928909778594971,0,0.217999640935234,tagalog,comment,True,adjudicator,2-1,0,0
t1_p3oo4rr,0,0.0017007224960252643,-6.375,0,0.006622077897191048,0,0.00630654454601807,tagalog,comment,True,unanimous,3-0,0,0
t1_p3kk341,0,0.007695646956562996,-4.859375,0,0.01517394557595253,0,0.02069626706744707,taglish,comment,True,majority,3-0,0,0
t1_p4z36l3,0,0.008315778337419033,-4.78125,0,0.05778788775205612,0,0.021991106544370382,english,comment,True,majority,3-0,0,0
t1_p44yzuy,1,0.16079242527484894,-1.65234375,0,0.7179369926452637,0,0.21224161537257258,english,comment,True,majority,3-0,1,1
t1_p7juhgx,0,0.0025114635936915874,-5.984375,0,0.0060602291487157345,0,0.008579172880391962,taglish,comment,True,unanimous,3-0,0,0
t1_p44mwvn,0,0.27125170826911926,-0.98828125,0,0.7704781889915466,0,0.3133725012747703,taglish,comment,True,majority,3-0,0,0
t1_p7lyhwn,1,0.20497775077819824,-1.35546875,0,0.6731762290000916,0,0.25429477422554,english,comment,True,adjudicator,2-1,1,0
t1_p5n92hr,0,0.0037072529084980488,-5.59375,0,0.018673380836844444,0,0.01166115557202624,english,comment,True,majority,3-0,0,0
t1_p513vxd,0,0.0036499870475381613,-5.609375,0,0.011048520915210247,0,0.011519087532579032,taglish,comment,True,unanimous,3-0,0,0
t1_p4baur3,0,0.004905405919998884,-5.3125,0,0.08339998126029968,0,0.014535286945762125,taglish,comment,True,unanimous,3-0,0,0
t1_p5elx6r,0,0.0017007224960252643,-6.375,0,0.011682920157909393,0,0.00630654454601807,taglish,comment,True,unanimous,3-0,0,0
t1_p7m9jm9,0,0.0061929901130497456,-5.078125,0,0.03467341139912605,0,0.017455163274419126,taglish,comment,True,unanimous,3-0,0,0
t1_p6fn2vv,0,0.14854057133197784,-1.74609375,0,0.5930376052856445,0,0.200067021752678,taglish,comment,True,majority,3-0,0,0
t1_p73bshp,0,0.1650540828704834,-1.62109375,0,0.639293372631073,0,0.21641817467683935,taglish,comment,True,majority,3-0,0,0
t1_p5do17w,0,0.006797531619668007,-4.984375,0,0.1328810751438141,0,0.01877821562650026,taglish,comment,True,majority,3-0,0,0
t1_p574yga,0,0.004755199886858463,-5.34375,0,0.03706107288599014,0,0.014184251274941625,taglish,comment,True,majority,3-0,0,0
t1_p606hwp,0,0.001622967072762549,-6.421875,0,0.007564394734799862,0,0.006077622282158479,taglish,comment,True,majority,3-0,0,0
t1_p51ab74,1,0.0792103260755539,-2.453125,0,0.46815913915634155,0,0.12487575333474901,taglish,comment,True,unanimous,3-0,1,1
t1_p46n8bv,0,0.001367025775834918,-6.59375,0,0.01976357214152813,0,0.005306707559366049,tagalog,comment,True,majority,3-0,0,0
t1_p7mh21a,0,0.13161905109882355,-1.88671875,0,0.6073732376098633,0,0.18280023000157855,tagalog,comment,True,adjudicator,2-1,0,0
t1_p5css8b,0,0.0013885231455788016,-6.578125,0,0.004772437736392021,0,0.005372573064999557,taglish,comment,True,majority,3-0,0,0
t3_1vssxch,0,0.0012843081494793296,-6.65625,0,0.012610884383320808,0,0.005051181473573054,english,submission,True,majority,3-0,0,0
t1_p2sh721,0,0.001597845577634871,-6.4375,0,0.00957835465669632,0,0.006003165336399166,taglish,comment,True,majority,3-0,0,0
t3_1vqt3sn,0,0.002714985515922308,-5.90625,0,0.03780943900346756,0,0.009122981745253242,tagalog,submission,True,majority,3-0,0,0
t1_p5xr6ze,0,0.004007288720458746,-5.515625,0,0.026438824832439423,0,0.012397879390280978,taglish,comment,True,unanimous,3-0,0,0
t1_p604btm,0,0.001151399570517242,-6.765625,0,0.006125542800873518,0,0.004633123525429323,taglish,comment,True,majority,3-0,0,0
t1_p628rnm,1,0.7299050092697144,0.994140625,1,0.959429919719696,1,0.6876272972315103,taglish,comment,True,majority,3-0,1,1
t1_p6bheq0,0,0.001367025775834918,-6.59375,0,0.006684589199721813,0,0.005306707559366049,english,comment,True,majority,3-0,0,0
t1_p6g8uqg,0,0.0059110685251653194,-5.125,0,0.0994400680065155,0,0.016828408959900492,english,comment,True,majority,3-0,0,0
t1_p50wwmj,0,0.0028449094388633966,-5.859375,0,0.019000208005309105,0,0.009465519384885593,taglish,comment,True,majority,3-0,0,0
t1_p3ka5g5,0,0.00214894930832088,-6.140625,0,0.07131116092205048,0,0.00758614020588063,taglish,comment,True,majority,3-0,0,0
t1_p6xl7fl,0,0.5206486582756042,0.0826416015625,1,0.9097573757171631,1,0.5163922938946806,tagalog,comment,True,unanimous,3-0,0,0
t1_p7idkxw,0,0.012624949216842651,-4.359375,0,0.12841862440109253,0,0.030470903823707325,taglish,comment,True,majority,3-0,0,0
t1_p7l72wd,0,0.03760863468050957,-3.2421875,0,0.3016808032989502,0,0.0708749734557281,english,comment,True,majority,3-0,0,0
t1_p61z89e,1,0.08269734680652618,-2.40625,0,0.4582045078277588,0,0.12899861595036446,taglish,comment,True,unanimous,3-0,1,1
t1_p6xtaaw,1,0.9853842854499817,4.2109375,1,0.9924613237380981,1,0.9658492529755477,tagalog,comment,True,adjudicator,2-1,1,0
t1_p5h62ud,1,0.32874488830566406,-0.7138671875,0,0.8078801035881042,0,0.3620224744725125,english,comment,True,adjudicator,2-1,1,1
t1_p79d2r0,0,0.0022872276604175568,-6.078125,0,0.008947286754846573,0,0.00796887614464604,tagalog,comment,True,adjudicator,2-1,0,0
t1_p3jvq6c,0,0.006003595422953367,-5.109375,0,0.04469890892505646,0,0.017034829842774442,taglish,comment,True,unanimous,3-0,0,0
t1_p2xyc12,0,0.0032730652019381523,-5.71875,0,0.055830880999565125,0,0.010571405024497727,taglish,comment,True,unanimous,3-0,0,0
t1_p3h5baq,0,0.00130450667347759,-6.640625,0,0.006180929951369762,0,0.005113891759729068,taglish,comment,True,majority,3-0,0,0
t1_p3jkyem,0,0.002251847181469202,-6.09375,0,0.01026487909257412,0,0.00787143294365646,taglish,comment,True,majority,3-0,0,0
t1_p30qcp4,0,0.014728614129126072,-4.203125,0,0.1273331642150879,0,0.034355868527968784,taglish,comment,True,unanimous,3-0,0,0
t1_p4zohf8,0,0.0023596608079969883,-6.046875,0,0.016251176595687866,0,0.008167366416337467,taglish,comment,True,unanimous,3-0,0,0
t1_p4yb5ir,0,0.02178117074072361,-3.8046875,0,0.10075172036886215,0,0.04654012627193318,taglish,comment,True,majority,3-0,0,0
t1_p56ot21,0,0.005139610730111599,-5.265625,0,0.04022454097867012,0,0.015077946393610781,taglish,comment,True,unanimous,3-0,0,0
t1_p5jo04w,0,0.06187598779797554,-2.71875,0,0.3495926856994629,0,0.10359778115645446,english,comment,True,adjudicator,2-1,0,1
t1_p5rysce,0,0.0024726232513785362,-6.0,0,0.02231483906507492,0,0.008474330736828782,taglish,comment,True,unanimous,3-0,0,0
t1_p74wb6s,0,0.002396730938926339,-6.03125,0,0.02794010564684868,0,0.00826844254905784,taglish,comment,True,majority,3-0,0,0
t1_p5jgjnz,0,0.0015487609198316932,-6.46875,0,0.010731356218457222,0,0.00585696072558967,taglish,comment,True,majority,3-0,0,0
t1_p6evpjy,0,0.0023596608079969883,-6.046875,0,0.014928735792636871,0,0.008167366416337467,taglish,comment,True,majority,3-0,0,0
t1_p72wyrl,1,0.00628990214318037,-5.0625,0,0.05759885907173157,0,0.017669133896818876,tagalog,comment,True,adjudicator,2-1,1,1
t1_p3h8xyj,0,0.037326887249946594,-3.25,0,0.3231796622276306,0,0.07046772608097757,taglish,comment,True,unanimous,3-0,0,0
t1_p4xsezl,0,0.0012448433553799987,-6.6875,0,0.00933036208152771,0,0.004928047088634591,english,comment,True,majority,3-0,0,0
t1_p50kpb9,0,0.0011160142021253705,-6.796875,0,0.008738193660974503,0,0.004520133983425725,english,comment,True,majority,3-0,0,0
t1_p4tr7am,0,0.001081715221516788,-6.828125,0,0.00408830214291811,0,0.00440988774732401,taglish,comment,True,unanimous,3-0,0,0
t1_p45dw1l,0,0.0018969200318679214,-6.265625,0,0.021014783531427383,0,0.006874556454673583,tagalog,comment,True,majority,3-0,0,0
t1_p64vx6x,0,0.016657039523124695,-4.078125,0,0.2548999786376953,0,0.037803756196639386,taglish,comment,True,adjudicator,2-1,0,0
t1_p75ob5u,0,0.00407013762742281,-5.5,0,0.023719247430562973,0,0.012550648194851056,taglish,comment,True,unanimous,3-0,0,0
t1_p75op54,0,0.0017546144081279635,-6.34375,0,0.010887863114476204,0,0.006463898940371175,taglish,comment,True,adjudicator,2-1,0,0
t1_p317nil,0,0.002217013156041503,-6.109375,0,0.01129959523677826,0,0.0077751719366889625,taglish,comment,True,unanimous,3-0,0,0
t1_p7emr9d,0,0.012624949216842651,-4.359375,0,0.11904202401638031,0,0.030470903823707325,taglish,comment,True,unanimous,3-0,0,0
t1_p731gm1,0,0.10706345736980438,-2.12109375,0,0.495178759098053,0,0.15663082022425903,english,comment,True,unanimous,3-0,0,0
t1_p7mbnec,0,0.06560484319925308,-2.65625,0,0.5275630950927734,0,0.10829590323077888,tagalog,comment,True,majority,3-0,0,0
t1_p4myntl,0,0.0022872276604175568,-6.078125,0,0.014338629320263863,0,0.00796887614464604,taglish,comment,True,majority,3-0,0,0
t1_p55z64x,0,0.01590639352798462,-4.125,0,0.17325864732265472,0,0.036473477233485777,taglish,comment,True,unanimous,3-0,0,0
t1_p5zjfdd,0,0.0029810327105224133,-5.8125,0,0.024917539209127426,0,0.00982079070472427,taglish,comment,True,majority,3-0,0,0
t1_p4b7z5r,0,0.015663648024201393,-4.140625,0,0.10890337079763412,0,0.03604014337098749,taglish,comment,True,unanimous,3-0,0,0
t1_p7ml5a1,0,0.001524786464869976,-6.484375,0,0.006240302696824074,0,0.005785191369504364,tagalog,comment,True,majority,3-0,0,0
t1_p7e7azv,0,0.004681822843849659,-5.359375,0,0.09285008907318115,0,0.014011880113174616,taglish,comment,True,majority,3-0,0,0
t1_p50ima4,0,0.2934044897556305,-0.87890625,0,0.6733264327049255,0,0.3323471377415733,taglish,comment,True,majority,3-0,0,0
t1_p7m3vl4,0,0.026759279891848564,-3.59375,0,0.18123233318328857,0,0.05455938868068221,tagalog,comment,True,majority,3-0,0,0
t1_p5mmb6r,0,0.003172682598233223,-5.75,0,0.019690845161676407,0,0.010315097387934697,taglish,comment,True,majority,3-0,0,0
t1_p6z9kzi,0,0.002082970691844821,-6.171875,0,0.0066106501035392284,0,0.007401669974056704,english,comment,True,majority,3-0,0,0
t1_p3vjky6,0,0.0446808747947216,-3.0625,0,0.16779331862926483,0,0.08086084171268425,taglish,comment,True,unanimous,3-0,0,0
t1_p634v7k,0,0.043691061437129974,-3.0859375,0,0.35295653343200684,0,0.07948900632322718,taglish,comment,True,adjudicator,2-1,0,0
t1_p6cdwlj,0,0.012624949216842651,-4.359375,0,0.08282724022865295,0,0.030470903823707325,english,comment,True,majority,3-0,0,0
t1_p5rhxoq,0,0.017576880753040314,-4.0234375,0,0.2134123295545578,0,0.03941468042563757,taglish,comment,True,majority,3-0,0,0
t1_p3n2z6k,1,0.0025114635936915874,-5.984375,0,0.013969678431749344,0,0.008579172880391962,taglish,comment,True,adjudicator,2-1,1,1
t1_p50xxxd,0,0.0023231625091284513,-6.0625,0,0.017017925158143044,0,0.008067515819929075,taglish,comment,True,majority,3-0,0,0
t1_p511ow1,0,0.001838665222749114,-6.296875,0,0.007711193989962339,0,0.006707272677205642,taglish,comment,True,majority,3-0,0,0
t1_p5n8vnc,0,0.15921740233898163,-1.6640625,0,0.6423225402832031,0,0.2106906661523308,taglish,comment,True,adjudicator,3-0,0,0
t1_p63noq7,0,0.0024343819823116064,-6.015625,0,0.014554131776094437,0,0.008370759003441308,english,comment,True,majority,3-0,0,0
t1_p7kaujt,0,0.1030244380235672,-2.1640625,0,0.5677261352539062,0,0.15217829355333357,english,comment,True,majority,3-0,0,0
t1_p50842h,0,0.0017007224960252643,-6.375,0,0.011723238974809647,0,0.00630654454601807,english,comment,True,adjudicator,2-1,0,0
t1_p76tb7o,0,0.010652512311935425,-4.53125,0,0.08490876853466034,0,0.026688913166836692,english,comment,True,majority,3-0,0,0
t1_p7ih2hp,1,0.7379143238067627,1.03515625,1,0.9008110761642456,1,0.6945767314178095,taglish,comment,True,adjudicator,2-1,1,1
t1_p4bcc4w,0,0.0032730652019381523,-5.71875,0,0.04036204144358635,0,0.010571405024497727,taglish,comment,True,majority,3-0,0,0
t1_p7kj8s1,0,0.001597845577634871,-6.4375,0,0.005505302920937538,0,0.006003165336399166,english,comment,True,majority,3-0,0,0
t1_p6022up,0,0.004399413242936134,-5.421875,0,0.02275584638118744,0,0.013342809362448659,english,comment,True,majority,3-0,0,0
t1_p50mkfn,0,0.001622967072762549,-6.421875,0,0.008983732201159,0,0.006077622282158479,english,comment,True,majority,3-0,0,0
t1_p4xtc7w,0,0.0012255674228072166,-6.703125,0,0.00842356588691473,0,0.004867604615834009,english,comment,True,majority,3-0,0,0
t1_p75abfd,0,0.0013458605390042067,-6.609375,0,0.011360470205545425,0,0.0052416452819631166,english,comment,True,majority,3-0,0,0
t1_p3h6gra,0,0.02931223064661026,-3.5,0,0.26435577869415283,0,0.05852731093223528,taglish,comment,True,unanimous,3-0,0,0
t1_p4y743x,0,0.028652667999267578,-3.5234375,0,0.13442739844322205,0,0.057510664876469116,taglish,comment,True,unanimous,3-0,0,0
t1_p754r4p,0,0.0012644219677895308,-6.671875,0,0.010822199285030365,0,0.004989236330433244,taglish,comment,True,majority,3-0,0,0
t1_p5vxgbr,0,0.0015487609198316932,-6.46875,0,0.012317894026637077,0,0.00585696072558967,taglish,comment,True,majority,3-0,0,0
t1_p74ni1s,0,0.0015731120947748423,-6.453125,0,0.012185445055365562,0,0.0059296151207206965,taglish,comment,True,unanimous,3-0,0,0
t1_p3h4gof,0,0.006903837900608778,-4.96875,0,0.07876676321029663,0,0.019008090864153445,taglish,comment,True,majority,3-0,0,0
t1_p5rzcd3,0,0.14854057133197784,-1.74609375,0,0.6697699427604675,0,0.200067021752678,taglish,comment,True,majority,3-0,0,0
t1_p5e91uu,0,0.004905405919998884,-5.3125,0,0.016903100535273552,0,0.014535286945762125,taglish,comment,True,majority,3-0,0,0
t1_p50hdfb,0,0.0019877743907272816,-6.21875,0,0.01378236711025238,0,0.007133280940827821,taglish,comment,True,unanimous,3-0,0,0
t1_p74nvs7,0,0.0013458605390042067,-6.609375,0,0.0053922804072499275,0,0.0052416452819631166,taglish,comment,True,majority,3-0,0,0
t1_p5c7axj,0,0.17217184603214264,-1.5703125,0,0.7284512519836426,0,0.2233312478781119,taglish,comment,True,adjudicator,2-1,0,0
t1_p501ocq,0,0.004982269834727049,-5.296875,0,0.013948088511824608,0,0.01471400085933903,english,comment,True,majority,3-0,0,0
t1_p7lzcfe,0,0.022629201412200928,-3.765625,0,0.340921014547348,0,0.04793540343859473,tagalog,comment,True,adjudicator,2-1,0,0
t1_p7jhc0s,0,0.021948251873254776,-3.796875,0,0.27302202582359314,0,0.04681605578418362,taglish,comment,True,majority,3-0,0,0
t1_p744557,0,0.004982269834727049,-5.296875,0,0.03909387066960335,0,0.01471400085933903,english,comment,True,majority,3-0,0,0
t1_p7mvf0k,0,0.08035747706890106,-2.4375,0,0.4570678174495697,0,0.12623733610939633,tagalog,comment,True,adjudicator,2-1,0,0
t1_p57591c,0,0.01615283451974392,-4.109375,0,0.12496571987867355,0,0.036911821837906714,taglish,comment,True,unanimous,3-0,0,0
t1_p5g4boj,0,0.07477004826068878,-2.515625,0,0.39057689905166626,0,0.11955479571508143,taglish,comment,True,adjudicator,2-1,0,0
t1_p44aocl,0,0.004538431763648987,-5.390625,0,0.04996280372142792,0,0.013673309635231667,taglish,comment,True,adjudicator,3-0,0,0
t1_p7mh2x5,0,0.003429603995755315,-5.671875,0,0.022752299904823303,0,0.01096772418906386,taglish,comment,True,majority,3-0,0,0
t1_p738w2t,0,0.0023231625091284513,-6.0625,0,0.021416664123535156,0,0.008067515819929075,taglish,comment,True,majority,3-0,0,0
t1_p3l718x,1,0.0844927504658699,-2.3828125,0,0.5566091537475586,0,0.13110320309046855,taglish,comment,True,adjudicator,2-1,1,0
t1_p7muvhj,0,0.002182716503739357,-6.125,0,0.01297019049525261,0,0.007680079008253995,english,comment,True,unanimous,3-0,0,0
t1_p6eu56p,0,0.008711384609341621,-4.734375,0,0.13718917965888977,0,0.02280567936249107,tagalog,comment,True,majority,3-0,0,0
t3_1vqxnxz,0,0.007937993854284286,-4.828125,0,0.04055679589509964,0,0.021204997266854198,taglish,submission,True,majority,3-0,0,0
t1_p3l1zkz,0,0.0055549247190356255,-5.1875,0,0.043377526104450226,0,0.01602703436469781,tagalog,comment,True,adjudicator,2-1,0,0
t1_p5gc89b,0,0.7988152503967285,1.37890625,1,0.9511027336120605,1,0.7492166201017757,tagalog,comment,True,adjudicator,2-1,0,0
t1_p3kyf9j,0,0.06754669547080994,-2.625,0,0.42425596714019775,0,0.11071446404608441,taglish,comment,True,unanimous,3-0,0,0
t1_p6ywloh,0,0.09138210862874985,-2.296875,0,0.5960988998413086,0,0.13907058681936177,taglish,comment,True,majority,3-0,0,0
t1_p7m4xe0,0,0.04603390395641327,-3.03125,0,0.36944183707237244,0,0.08272353891581348,taglish,comment,True,unanimous,3-0,0,0
t1_p3mhfo6,0,0.0030278346966952085,-5.796875,0,0.0245625339448452,0,0.009942123857544062,taglish,comment,True,majority,3-0,0,0
t1_p6dd4qn,0,0.06278920918703079,-2.703125,0,0.3774067759513855,0,0.1047551312161881,taglish,comment,True,adjudicator,2-1,0,0
t1_p6xl0j2,0,0.19868534803390503,-1.39453125,0,0.7730571627616882,0,0.24846044464436864,tagalog,comment,True,adjudicator,2-1,0,0
t1_p77t8ox,1,0.7248703241348267,0.96875,1,0.930163562297821,1,0.683282327621219,taglish,comment,True,majority,3-0,1,1
t1_p73h91q,0,0.0029810327105224133,-5.8125,0,0.02295592427253723,0,0.00982079070472427,taglish,comment,True,majority,3-0,0,0
t1_p5c4yjb,0,0.05033063143491745,-2.9375,0,0.2746241092681885,0,0.08854790794049147,english,comment,True,majority,3-0,0,0
t1_p5senae,0,0.002217013156041503,-6.109375,0,0.012314698658883572,0,0.0077751719366889625,english,comment,True,majority,3-0,0,0
t1_p7jojs8,0,0.0061929901130497456,-5.078125,0,0.03317573666572571,0,0.017455163274419126,english,comment,True,majority,3-0,0,0
t1_p6xtq97,0,0.004681822843849659,-5.359375,0,0.017512932419776917,0,0.014011880113174616,english,comment,True,majority,3-0,0,0
t1_p2xad8j,0,0.0017007224960252643,-6.375,0,0.028729921206831932,0,0.00630654454601807,english,comment,True,adjudicator,3-0,0,0
t1_p3zksmu,0,0.0010162440594285727,-6.890625,0,0.002569673117250204,0,0.0041973626844538,english,comment,True,majority,3-0,0,0
t1_p5qenwu,0,0.0032224843744188547,-5.734375,0,0.007848843932151794,0,0.010442473158180787,taglish,comment,True,majority,3-0,0,0
t1_p6fjdkc,0,0.0038244836032390594,-5.5625,0,0.042163848876953125,0,0.01195050594416123,taglish,comment,True,unanimous,3-0,0,0
t1_p6ytrrc,0,0.0025909794494509697,-5.953125,0,0.01864013820886612,0,0.008792729803041254,taglish,comment,True,majority,3-0,0,0
t1_p3e53xb,0,0.0037072529084980488,-5.59375,0,0.030233025550842285,0,0.01166115557202624,taglish,comment,True,unanimous,3-0,0,0
t1_p77hi9i,0,0.06954174488782883,-2.59375,0,0.5214000940322876,0,0.11318018262404288,taglish,comment,True,unanimous,3-0,0,0
t3_1vspewi,0,0.00628990214318037,-5.0625,0,0.04660320281982422,0,0.017669133896818876,english,submission,True,majority,3-0,0,0
t1_p5gjwo4,0,0.003123648464679718,-5.765625,0,0.020304515957832336,0,0.010189259330599046,english,comment,True,adjudicator,2-1,0,0
t1_p3ln6bx,0,0.016657039523124695,-4.078125,0,0.17878632247447968,0,0.037803756196639386,taglish,comment,True,unanimous,3-0,0,0
t1_p3sulw0,0,0.0020190139766782522,-6.203125,0,0.007886994630098343,0,0.007221652815790418,taglish,comment,True,majority,3-0,0,0
t3_1vn3kiw,0,0.00407013762742281,-5.5,0,0.013879073783755302,0,0.012550648194851056,taglish,submission,True,majority,3-0,0,0
t1_p72v82n,0,0.004133968148380518,-5.484375,0,0.024745531380176544,0,0.012705275225730527,taglish,comment,True,unanimous,3-0,0,0
t1_p56m5f3,0,0.002251847181469202,-6.09375,0,0.01253168098628521,0,0.00787143294365646,taglish,comment,True,adjudicator,2-1,0,0
t1_p775bkl,0,0.0015487609198316932,-6.46875,0,0.006895626895129681,0,0.00585696072558967,taglish,comment,True,majority,3-0,0,0
t1_p3vtbwj,0,0.001622967072762549,-6.421875,0,0.007332349196076393,0,0.006077622282158479,taglish,comment,True,majority,3-0,0,0
t1_p56qowl,0,0.1127954050898552,-2.0625,0,0.5806889533996582,0,0.16287268647407355,tagalog,comment,True,adjudicator,2-1,0,0
t1_p3oioed,0,0.025760557502508163,-3.6328125,0,0.24432139098644257,0,0.05298203387408432,taglish,comment,True,unanimous,3-0,0,0
t1_p4takp3,0,0.04240382835268974,-3.1171875,0,0.3296498656272888,0,0.07769297265347763,english,comment,True,unanimous,3-0,0,0
t1_p65re3b,0,0.010489092208445072,-4.546875,0,0.06130557879805565,0,0.02636864634508289,english,comment,True,majority,3-0,0,0
t1_p7279ss,0,0.005819959565997124,-5.140625,0,0.03123689815402031,0,0.01662444709449999,english,comment,True,adjudicator,3-0,0,0
t1_p74mk0m,0,0.0013885231455788016,-6.578125,0,0.0088061997666955,0,0.005372573064999557,taglish,comment,True,majority,3-0,0,0
t1_p65qf4l,0,0.005730246659368277,-5.15625,0,0.06318683922290802,0,0.016422915972736242,taglish,comment,True,unanimous,3-0,0,0
t1_p6ytwrm,0,0.0035380858462303877,-5.640625,0,0.024001389741897583,0,0.011240064003385574,taglish,comment,True,unanimous,3-0,0,0
t3_1vpjlw4,0,0.0017546144081279635,-6.34375,0,0.020995160564780235,0,0.006463898940371175,tagalog,submission,True,majority,3-0,0,0
t3_1vr6q1r,0,0.0025114635936915874,-5.984375,0,0.02829735353589058,0,0.008579172880391962,taglish,submission,True,unanimous,3-0,0,0
t1_p6f3ozn,0,0.001367025775834918,-6.59375,0,0.0038360280450433493,0,0.005306707559366049,taglish,comment,True,majority,3-0,0,0
t1_p7mv37w,0,0.0032730652019381523,-5.71875,0,0.04421120882034302,0,0.010571405024497727,taglish,comment,True,unanimous,3-0,0,0
t3_1vqnjx1,0,0.004133968148380518,-5.484375,0,0.03423994779586792,0,0.012705275225730527,taglish,submission,True,unanimous,3-0,0,0
t1_p6teymd,1,0.01956867426633835,-3.9140625,0,0.1597914695739746,0,0.0428360988171633,taglish,comment,True,adjudicator,2-1,1,0
t1_p45vbpz,0,0.001957016997039318,-6.234375,0,0.05409448966383934,0,0.0070459828036904155,taglish,comment,True,unanimous,3-0,0,0
t1_p42u125,0,0.0019877743907272816,-6.21875,0,0.011198467575013638,0,0.007133280940827821,taglish,comment,True,majority,3-0,0,0
t1_p6qve0x,0,0.0020190139766782522,-6.203125,0,0.02032366394996643,0,0.007221652815790418,english,comment,True,majority,3-0,0,0
t1_p7386g4,0,0.051082734018564224,-2.921875,0,0.35328707098960876,0,0.08955392414757564,taglish,comment,True,majority,3-0,0,0
t1_p2zddgg,0,0.002082970691844821,-6.171875,0,0.028564458712935448,0,0.007401669974056704,english,comment,True,majority,3-0,0,0
t1_p745ejb,0,0.002714985515922308,-5.90625,0,0.010642020031809807,0,0.009122981745253242,taglish,comment,True,majority,3-0,0,0
t1_p766ui7,0,0.003429603995755315,-5.671875,0,0.011701042763888836,0,0.01096772418906386,taglish,comment,True,majority,3-0,0,0
t1_p7lmfqb,0,0.08151976019144058,-2.421875,0,0.45669040083885193,0,0.12761160003883104,english,comment,True,majority,3-0,0,0
t1_p2wepxw,0,0.0008830457809381187,-7.03125,0,0.007280885241925716,0,0.003755741155354361,taglish,comment,True,unanimous,3-0,0,0
t1_p3u2fe0,0,0.0030753696337342262,-5.78125,0,0.0454760305583477,0,0.01006494081054021,tagalog,comment,True,adjudicator,3-0,0,0
t1_p6ys6hm,1,0.5732006430625916,0.294921875,1,0.9197263717651367,1,0.5582541597102567,tagalog,comment,True,adjudicator,2-1,1,1
t1_p57cxhe,0,0.00178219610825181,-6.328125,0,0.00726381316781044,0,0.006544032719501775,taglish,comment,True,majority,3-0,0,0
t1_p705hqs,0,0.001081715221516788,-6.828125,0,0.003602538723498583,0,0.00440988774732401,tagalog,comment,True,majority,3-0,0,0
t1_p6xksuc,0,0.7122321724891663,0.90625,1,0.9394885897636414,1,0.6724508937263052,tagalog,comment,True,adjudicator,2-1,0,1
t1_p7lqf4e,0,0.005730246659368277,-5.15625,0,0.055574819445610046,0,0.016422915972736242,taglish,comment,True,majority,3-0,0,0
t1_p7m1h73,0,0.009268012829124928,-4.671875,0,0.07872982323169708,0,0.023937750222767996,taglish,comment,True,adjudicator,2-1,0,0
t1_p44qw7r,1,0.5407419800758362,0.163330078125,1,0.8962979316711426,1,0.5323634818121555,tagalog,comment,True,unanimous,3-0,1,1
t1_p7mad9j,0,0.008985428139567375,-4.703125,0,0.0915166586637497,0,0.023365023439488975,english,comment,True,adjudicator,2-1,0,0
t1_p4tq755,0,0.0038844766095280647,-5.546875,0,0.04694182798266411,0,0.012097829663948222,taglish,comment,True,majority,3-0,0,0
t1_p7jqme1,0,0.1204388216137886,-1.98828125,0,0.5134499073028564,0,0.17106475456626946,english,comment,True,adjudicator,2-1,0,1
t1_p2v84lv,0,0.001098731067031622,-6.8125,0,0.009356996044516563,0,0.004464672115202112,taglish,comment,True,unanimous,3-0,0,0
t1_p785jky,0,0.0013250225456431508,-6.625,0,0.009069539606571198,0,0.0051773765411583985,taglish,comment,True,majority,3-0,0,0
t1_p4zgb4t,0,0.0019877743907272816,-6.21875,0,0.009301777929067612,0,0.007133280940827821,taglish,comment,True,majority,3-0,0,0
t1_p4zwhx8,1,0.11476478725671768,-2.04296875,0,0.48848626017570496,0,0.16499736569083995,english,comment,True,adjudicator,2-1,1,1
t1_p50gopc,0,0.0055549247190356255,-5.1875,0,0.036483995616436005,0,0.01602703436469781,taglish,comment,True,unanimous,3-0,0,0
t1_p50i3zh,0,0.0013250225456431508,-6.625,0,0.00869867205619812,0,0.0051773765411583985,tagalog,comment,True,adjudicator,2-1,0,0
t1_p4u8y8n,0,0.0012843081494793296,-6.65625,0,0.009753517806529999,0,0.005051181473573054,english,comment,True,majority,3-0,0,0
t1_p54i7pj,0,0.01652955636382103,-4.0859375,0,0.08542528003454208,0,0.03757885020639204,english,comment,True,unanimous,3-0,0,0
t1_p4mafgp,0,0.0020190139766782522,-6.203125,0,0.006677871569991112,0,0.007221652815790418,taglish,comment,True,adjudicator,3-0,0,0
t1_p4nvq9q,0,0.004133968148380518,-5.484375,0,0.08273442089557648,0,0.012705275225730527,english,comment,True,majority,3-0,0,0
t1_p5en2xl,0,0.001081715221516788,-6.828125,0,0.003986482974141836,0,0.00440988774732401,taglish,comment,True,majority,3-0,0,0
t1_p4o2zr1,0,0.0028449094388633966,-5.859375,0,0.03380198776721954,0,0.009465519384885593,taglish,comment,True,majority,3-0,0,0
t1_p5q96vh,0,0.14223189651966095,-1.796875,0,0.5256704092025757,0,0.19369448356034413,taglish,comment,True,unanimous,3-0,0,0
t1_p5icjpf,0,0.002396730938926339,-6.03125,0,0.006607762537896633,0,0.00826844254905784,taglish,comment,True,unanimous,3-0,0,0
t1_p5h6klo,0,0.0030753696337342262,-5.78125,0,0.05927514657378197,0,0.01006494081054021,taglish,comment,True,unanimous,3-0,0,0
t1_p5hlhfu,0,0.007577240467071533,-4.875,0,0.07143574208021164,0,0.020446401314649764,tagalog,comment,True,adjudicator,3-0,0,0
t1_p60x48v,0,0.014842418022453785,-4.1953125,0,0.1677316278219223,0,0.034562177976670445,english,comment,True,unanimous,3-0,0,0
t1_p6eyncu,0,0.0019267346942797303,-6.25,0,0.03317129611968994,0,0.006959745544957729,taglish,comment,True,majority,3-0,0,0
t1_p6ezkef,0,0.0033244371879845858,-5.703125,0,0.02643035724759102,0,0.010701911579695408,taglish,comment,True,majority,3-0,0,0
t1_p60po6d,0,0.002082970691844821,-6.171875,0,0.005917898844927549,0,0.007401669974056704,taglish,comment,True,majority,3-0,0,0
t1_p3rh37t,0,0.0012065897462889552,-6.71875,0,0.011943526566028595,0,0.004807899887783024,taglish,comment,True,majority,3-0,0,0
t1_p2yu6hx,0,0.005384938325732946,-5.21875,0,0.06828761100769043,0,0.015640543908527996,english,comment,True,majority,3-0,0,0
t1_p2xza4p,0,0.001151399570517242,-6.765625,0,0.005497327074408531,0,0.004633123525429323,tagalog,comment,True,majority,3-0,0,0
t1_p7i50a3,0,0.0014779430348426104,-6.515625,0,0.006305200979113579,0,0.005644265280094572,taglish,comment,True,majority,3-0,0,0
t1_p3kasiz,0,0.002396730938926339,-6.03125,0,0.020755888894200325,0,0.00826844254905784,taglish,comment,True,majority,3-0,0,0
t1_p30blgl,0,0.0023596608079969883,-6.046875,0,0.009267338551580906,0,0.008167366416337467,taglish,comment,True,unanimous,3-0,0,0
t1_p31hjl1,0,0.0035936026833951473,-5.625,0,0.05100266635417938,0,0.011378730383391086,tagalog,comment,True,adjudicator,3-0,0,0
t1_p30kk6v,0,0.0029349515680223703,-5.828125,0,0.009298795834183693,0,0.009700923786446087,taglish,comment,True,unanimous,3-0,0,0
t1_p3kk426,0,0.004538431763648987,-5.390625,0,0.05405649542808533,0,0.013673309635231667,taglish,comment,True,unanimous,3-0,0,0
t1_p3kjua4,0,0.0025114635936915874,-5.984375,0,0.08963718265295029,0,0.008579172880391962,taglish,comment,True,unanimous,3-0,0,0
t1_p6jbaf9,0,0.0019877743907272816,-6.21875,0,0.008073683828115463,0,0.007133280940827821,taglish,comment,True,unanimous,3-0,0,0
t1_p7jc4f6,0,0.0060975621454417706,-5.09375,0,0.012510344386100769,0,0.017243738320063123,english,comment,True,majority,3-0,0,0
t1_p7eazn6,0,0.023153413087129593,-3.7421875,0,0.22172191739082336,0,0.04879154534235378,taglish,comment,True,unanimous,3-0,0,0
t1_p2s093d,0,0.00178219610825181,-6.328125,0,0.007708632852882147,0,0.006544032719501775,taglish,comment,True,unanimous,3-0,0,0
t3_1vt9jme,0,0.001367025775834918,-6.59375,0,0.010363212786614895,0,0.005306707559366049,english,submission,True,majority,3-0,0,0
t1_p3ll2dy,0,0.004538431763648987,-5.390625,0,0.05284466594457626,0,0.013673309635231667,taglish,comment,True,majority,3-0,0,0
t1_p65ruus,0,0.006003595422953367,-5.109375,0,0.051327820867300034,0,0.017034829842774442,taglish,comment,True,majority,3-0,0,0
t1_p60alw8,0,0.00130450667347759,-6.640625,0,0.0054529751650989056,0,0.005113891759729068,taglish,comment,True,majority,3-0,0,0
t3_1vqahby,0,0.007460643537342548,-4.890625,0,0.02670050412416458,0,0.02019948996564318,taglish,submission,True,unanimous,3-0,0,0
t1_p7moafl,0,0.0023596608079969883,-6.046875,0,0.007169738411903381,0,0.008167366416337467,english,comment,True,unanimous,3-0,0,0
t1_p2wxt50,0,0.00178219610825181,-6.328125,0,0.04485739767551422,0,0.006544032719501775,taglish,comment,True,unanimous,3-0,0,0
t1_p609axs,0,0.00178219610825181,-6.328125,0,0.008277258835732937,0,0.006544032719501775,taglish,comment,True,unanimous,3-0,0,0
t1_p44aahk,0,0.11797800660133362,-2.01171875,0,0.6757158637046814,0,0.16844302849818016,taglish,comment,True,unanimous,3-0,0,0
t1_p5ceuk4,0,0.005469274707138538,-5.203125,0,0.028587346896529198,0,0.015832628822900405,english,comment,True,majority,3-0,0,0
t1_p458p0v,0,0.6779006123542786,0.744140625,1,0.927848756313324,1,0.6435084922367722,english,comment,True,majority,3-0,0,0
t1_p5pm0vy,0,0.0014779430348426104,-6.515625,0,0.01830672100186348,0,0.005644265280094572,taglish,comment,True,majority,3-0,0,0
t1_p5gnryh,0,0.0018102111062034965,-6.3125,0,0.008355762809515,0,0.006625153302870124,english,comment,True,unanimous,3-0,0,0
t1_p74wz2d,0,0.002217013156041503,-6.109375,0,0.013372021727263927,0,0.0077751719366889625,taglish,comment,True,unanimous,3-0,0,0
t1_p3kazge,0,0.08035747706890106,-2.4375,0,0.29410797357559204,0,0.12623733610939633,taglish,comment,True,majority,3-0,0,0
t1_p578er9,0,0.004538431763648987,-5.390625,0,0.020269155502319336,0,0.013673309635231667,tagalog,comment,True,adjudicator,3-0,0,0
t1_p5cv1qg,0,0.0015487609198316932,-6.46875,0,0.01202821172773838,0,0.00585696072558967,taglish,comment,True,majority,3-0,0,0
t1_p5almct,0,0.8098781704902649,1.44921875,1,0.9022049903869629,1,0.7595557892996542,taglish,comment,True,adjudicator,2-1,0,0
t3_1vq13mb,0,0.0011695103021338582,-6.75,0,0.006611501332372427,0,0.00469066810207283,taglish,submission,True,unanimous,3-0,0,0
t1_p7512mr,0,0.014063626527786255,-4.25,0,0.1305180788040161,0,0.03314273839248867,english,comment,True,majority,3-0,0,0
t1_p5naici,0,0.011158031411468983,-4.484375,0,0.07028068602085114,0,0.02767257386929264,english,comment,True,adjudicator,2-1,0,0
t1_p74qa7d,0,0.005384938325732946,-5.21875,0,0.07934661954641342,0,0.015640543908527996,taglish,comment,True,majority,3-0,0,0
t1_p74q03p,0,0.010652512311935425,-4.53125,0,0.12739305198192596,0,0.026688913166836692,taglish,comment,True,adjudicator,2-1,0,0
t1_p5zfjp2,0,0.0060975621454417706,-5.09375,0,0.05431211739778519,0,0.017243738320063123,taglish,comment,True,majority,3-0,0,0
t1_p6ytiix,0,0.0016484829830005765,-6.40625,0,0.011321546509861946,0,0.006152996997001279,taglish,comment,True,majority,3-0,0,0
t1_p6yzu9z,0,0.0064882696606218815,-5.03125,0,0.031064946204423904,0,0.018104830466984485,english,comment,True,majority,3-0,0,0
t3_1vs6t4l,0,0.0012255674228072166,-6.703125,0,0.01002810150384903,0,0.004867604615834009,taglish,submission,True,majority,3-0,0,0
t1_p50mpty,0,0.11879339814186096,-2.00390625,0,0.5363363027572632,0,0.16931335888167326,taglish,comment,True,unanimous,3-0,0,0
t1_p6ejgwl,0,0.007460643537342548,-4.890625,0,0.07810882478952408,0,0.02019948996564318,taglish,comment,True,majority,3-0,0,0
t1_p5d8opu,0,0.0029810327105224133,-5.8125,0,0.024201877415180206,0,0.00982079070472427,taglish,comment,True,unanimous,3-0,0,0
t1_p5zyycp,0,0.11757213622331619,-2.015625,0,0.5639591217041016,0,0.16800920287565635,tagalog,comment,True,adjudicator,2-1,0,0
t1_p79csij,0,0.0019267346942797303,-6.25,0,0.02420622482895851,0,0.006959745544957729,tagalog,comment,True,majority,3-0,0,0
t1_p3vr43x,0,0.00130450667347759,-6.640625,0,0.009583214297890663,0,0.005113891759729068,taglish,comment,True,majority,3-0,0,0
t1_p6xqrkb,0,0.2658804655075073,-1.015625,0,0.7859483957290649,0,0.3087217366641336,tagalog,comment,True,adjudicator,2-1,0,0
t1_p3n3eqd,0,0.00628990214318037,-5.0625,0,0.05329275131225586,0,0.017669133896818876,english,comment,True,majority,3-0,0,0
t1_p71156w,0,0.024053553119301796,-3.703125,0,0.18236404657363892,0,0.05025076288115008,taglish,comment,True,adjudicator,2-1,0,0
t1_p77izwt,0,0.006003595422953367,-5.109375,0,0.08708153665065765,0,0.017034829842774442,taglish,comment,True,majority,3-0,0,0
t1_p7lletk,0,0.00482972152531147,-5.328125,0,0.023503471165895462,0,0.014358712030039116,taglish,comment,True,majority,3-0,0,0
t1_p65q4o4,0,0.0014325366355478764,-6.546875,0,0.004028920084238052,0,0.005506753107359832,taglish,comment,True,unanimous,3-0,0,0
t1_p7jg97t,0,0.015663648024201393,-4.140625,0,0.15539997816085815,0,0.03604014337098749,taglish,comment,True,majority,3-0,0,0
t1_p4g07t7,0,0.011158031411468983,-4.484375,0,0.11844711005687714,0,0.02767257386929264,taglish,comment,True,unanimous,3-0,0,0
t3_1vq32u1,0,0.002889581024646759,-5.84375,0,0.031220218166708946,0,0.009582505736265769,taglish,submission,True,unanimous,3-0,0,0
t1_p7looh8,0,0.08509904891252518,-2.375,0,0.4703142046928406,0,0.13181118370650136,english,comment,True,adjudicator,2-1,0,0
t1_p4wgnnz,0,0.0018102111062034965,-6.3125,0,0.0043298592790961266,0,0.006625153302870124,english,comment,True,unanimous,3-0,0,0
t1_p6zbzk2,0,0.001838665222749114,-6.296875,0,0.004578847903758287,0,0.006707272677205642,english,comment,True,majority,3-0,0,0
t1_p4zm7dt,0,0.004681822843849659,-5.359375,0,0.011942332610487938,0,0.014011880113174616,english,comment,True,majority,3-0,0,0
t1_p75mcv9,0,0.0025909794494509697,-5.953125,0,0.017702534794807434,0,0.008792729803041254,taglish,comment,True,unanimous,3-0,0,0
t1_p6t2i95,0,0.0026316740550100803,-5.9375,0,0.017465217038989067,0,0.008901475730412245,english,comment,True,majority,3-0,0,0
t1_p508np3,0,0.0012255674228072166,-6.703125,0,0.005408609285950661,0,0.004867604615834009,taglish,comment,True,unanimous,3-0,0,0
t1_p5de6sp,0,0.23440666496753693,-1.18359375,0,0.7217936515808105,0,0.2810177204659935,taglish,comment,True,majority,3-0,0,0
t1_p62q1n6,0,0.14706452190876007,-1.7578125,0,0.6406649351119995,0,0.19858261108608458,taglish,comment,True,unanimous,3-0,0,0
t1_p4trxcb,0,0.7390459179878235,1.041015625,1,0.9438082575798035,1,0.6955624131704241,english,comment,True,majority,3-0,0,0
t1_p2xs4po,0,0.0012448433553799987,-6.6875,0,0.027222707867622375,0,0.004928047088634591,taglish,comment,True,majority,3-0,0,0
t1_p65nvpv,0,0.012241275049746037,-4.390625,0,0.10774095356464386,0,0.029746630675691697,taglish,comment,True,majority,3-0,0,0
t3_1vsg864,0,0.0038844766095280647,-5.546875,0,0.022043608129024506,0,0.012097829663948222,taglish,submission,True,majority,3-0,0,0
t1_p5ga6xl,0,0.10230471193790436,-2.171875,0,0.5183993577957153,0,0.151379992159552,taglish,comment,True,adjudicator,2-1,0,1
t1_p71fq9m,0,0.0017007224960252643,-6.375,0,0.004207177087664604,0,0.00630654454601807,english,comment,True,majority,3-0,0,0
t1_p63lrbv,0,0.001524786464869976,-6.484375,0,0.007239238359034061,0,0.005785191369504364,english,comment,True,majority,3-0,0,0
t1_p5cws25,0,0.0014325366355478764,-6.546875,0,0.024288322776556015,0,0.005506753107359832,taglish,comment,True,majority,3-0,0,0
t1_p6fpjoj,0,0.0023596608079969883,-6.046875,0,0.01766359619796276,0,0.008167366416337467,taglish,comment,True,unanimous,3-0,0,0
t3_1vssepe,0,0.0023596608079969883,-6.046875,0,0.03402736783027649,0,0.008167366416337467,taglish,submission,True,majority,3-0,0,0
t1_p6xi91m,0,0.5257341265678406,0.10302734375,1,0.8932304382324219,1,0.5204318302028605,tagalog,comment,True,adjudicator,2-1,0,0
t1_p65oxtw,0,0.009268012829124928,-4.671875,0,0.1291733682155609,0,0.023937750222767996,taglish,comment,True,majority,3-0,0,0
t1_p4zlfgf,0,0.0025114635936915874,-5.984375,0,0.014082185924053192,0,0.008579172880391962,taglish,comment,True,unanimous,3-0,0,0
t1_p732275,0,0.06233103200793266,-2.7109375,0,0.4770199656486511,0,0.10417503587604024,taglish,comment,True,unanimous,3-0,0,0
t1_p6evgfw,1,0.002082970691844821,-6.171875,0,0.011110454797744751,0,0.007401669974056704,taglish,comment,True,adjudicator,2-1,1,0
t1_p7jfhal,0,0.004982269834727049,-5.296875,0,0.028462087735533714,0,0.01471400085933903,english,comment,True,majority,3-0,0,0
t1_p71apif,0,0.02498779445886612,-3.6640625,0,0.18272563815116882,0,0.051751247174305744,taglish,comment,True,adjudicator,3-0,0,0
t1_p50fxty,0,0.0011695103021338582,-6.75,0,0.004500955808907747,0,0.00469066810207283,tagalog,comment,True,adjudicator,3-0,0,0
t1_p5xv7r4,0,0.001957016997039318,-6.234375,0,0.008552363142371178,0,0.0070459828036904155,taglish,comment,True,unanimous,3-0,0,0
t1_p459lhf,0,0.012624949216842651,-4.359375,0,0.09858550876379013,0,0.030470903823707325,taglish,comment,True,majority,3-0,0,0
t1_p4zumf8,0,0.13477592170238495,-1.859375,0,0.6058624982833862,0,0.18606462437195415,english,comment,True,majority,3-0,0,0
t1_p6ayxn6,0,0.0018102111062034965,-6.3125,0,0.007142883725464344,0,0.006625153302870124,taglish,comment,True,unanimous,3-0,0,0
t1_p4x5jjy,0,0.0038244836032390594,-5.5625,0,0.019684458151459694,0,0.01195050594416123,taglish,comment,True,adjudicator,3-0,0,0
t1_p4txia7,1,0.19314739108085632,-1.4296875,0,0.7352003455162048,0,0.2432867268504889,taglish,comment,True,adjudicator,2-1,1,0
t1_p6f78im,0,0.0018102111062034965,-6.3125,0,0.01014432217925787,0,0.006625153302870124,taglish,comment,True,unanimous,3-0,0,0
t1_p4zja68,0,0.0013458605390042067,-6.609375,0,0.008200060576200485,0,0.0052416452819631166,tagalog,comment,True,majority,3-0,0,0
t1_p3kxoal,0,0.01956867426633835,-3.9140625,0,0.13510854542255402,0,0.0428360988171633,tagalog,comment,True,adjudicator,2-1,0,0
t1_p7jqza1,0,0.02280263788998127,-3.7578125,0,0.26325124502182007,0,0.04821918698396029,taglish,comment,True,majority,3-0,0,0
t1_p7lvm7l,0,0.0032730652019381523,-5.71875,0,0.029612835496664047,0,0.010571405024497727,taglish,comment,True,majority,3-0,0,0
t1_p3l9u52,0,0.028870904818177223,-3.515625,0,0.28864115476608276,0,0.057847690858655224,tagalog,comment,True,adjudicator,2-1,0,0
t1_p509t9j,0,0.0222861859947443,-3.78125,0,0.12236069142818451,0,0.04737258803967525,english,comment,True,majority,3-0,0,0
t3_1vrss82,0,0.006797531619668007,-4.984375,0,0.11770164221525192,0,0.01877821562650026,taglish,submission,True,unanimous,3-0,0,0
t1_p6xq79h,1,0.8933094143867493,2.125,1,0.9806529879570007,1,0.843778298360666,taglish,comment,True,adjudicator,2-1,1,0
t1_p5ncqon,1,0.01384861022233963,-4.265625,0,0.2639247179031372,0,0.032747631413404366,english,comment,True,adjudicator,2-1,1,0
t3_1vr4luu,0,0.0026316740550100803,-5.9375,0,0.023178808391094208,0,0.008901475730412245,english,submission,True,majority,3-0,0,0
t1_p7lspmz,1,0.024423090741038322,-3.6875,0,0.23649725317955017,0,0.050845947651243395,taglish,comment,True,unanimous,3-0,1,1
t1_p6w5zbn,0,0.0012448433553799987,-6.6875,0,0.010404457338154316,0,0.004928047088634591,taglish,comment,True,majority,3-0,0,0
t1_p3u6gas,0,0.0019877743907272816,-6.21875,0,0.006648651789873838,0,0.007133280940827821,taglish,comment,True,unanimous,3-0,0,0
t1_p6y0pe7,0,0.4273967444896698,-0.29248046875,0,0.8626715540885925,0,0.4422237546137771,tagalog,comment,True,adjudicator,2-1,0,1
t1_p50j206,0,0.001597845577634871,-6.4375,0,0.0044896043837070465,0,0.006003165336399166,english,comment,True,majority,3-0,0,0
t1_p2wdahu,0,0.008315778337419033,-4.78125,0,0.2018447369337082,0,0.021991106544370382,taglish,comment,True,unanimous,3-0,0,0
t1_p4xlpof,0,0.0014779430348426104,-6.515625,0,0.004423890262842178,0,0.005644265280094572,taglish,comment,True,majority,3-0,0,0
t1_p5gy31a,0,0.001151399570517242,-6.765625,0,0.006938092410564423,0,0.004633123525429323,taglish,comment,True,majority,3-0,0,0
t1_p74l2cg,0,0.0012843081494793296,-6.65625,0,0.0042746104300022125,0,0.005051181473573054,taglish,comment,True,unanimous,3-0,0,0
t3_1vsmhv9,0,0.007577240467071533,-4.875,0,0.040249183773994446,0,0.020446401314649764,taglish,submission,True,unanimous,3-0,0,0
t1_p75yfsi,0,0.0033244371879845858,-5.703125,0,0.012248951010406017,0,0.010701911579695408,taglish,comment,True,unanimous,3-0,0,0
t1_p608ypt,0,0.0015487609198316932,-6.46875,0,0.00686602620407939,0,0.00585696072558967,taglish,comment,True,majority,3-0,0,0
t1_p6eyims,0,0.010986942797899246,-4.5,0,0.15567076206207275,0,0.02734083470272198,tagalog,comment,True,adjudicator,2-1,0,1
t1_p6079jq,1,0.011508148163557053,-4.453125,0,0.06292243301868439,0,0.02834782316394796,english,comment,True,adjudicator,2-1,1,0
t1_p5n85jx,0,0.0037072529084980488,-5.59375,0,0.027998274192214012,0,0.01166115557202624,english,comment,True,majority,3-0,0,0
t1_p50bd28,0,0.0013250225456431508,-6.625,0,0.007159154396504164,0,0.0051773765411583985,english,comment,True,majority,3-0,0,0
t1_p5csube,0,0.015189048834145069,-4.171875,0,0.10018233954906464,0,0.035188297621366334,taglish,comment,True,majority,3-0,0,0
t1_p3kcf36,0,0.007937993854284286,-4.828125,0,0.10528307408094406,0,0.021204997266854198,taglish,comment,True,majority,3-0,0,0
t1_p730n6o,0,0.014728614129126072,-4.203125,0,0.14184358716011047,0,0.034355868527968784,english,comment,True,majority,3-0,0,0
t1_p6xkgb6,0,0.4670659005641937,-0.131927490234375,0,0.8618170619010925,0,0.47384616274629665,taglish,comment,True,majority,3-0,0,0
t1_p3l66jl,0,0.001674399245530367,-6.390625,0,0.005695289000868797,0,0.0062293006508510945,taglish,comment,True,majority,3-0,0,0
t1_p3k8hy8,0,0.003172682598233223,-5.75,0,0.02976950630545616,0,0.010315097387934697,taglish,comment,True,majority,3-0,0,0
t1_p4zv9bw,0,0.0012843081494793296,-6.65625,0,0.0028682590927928686,0,0.005051181473573054,english,comment,True,majority,3-0,0,0
t1_p641vmo,0,0.00172745855525136,-6.359375,0,0.007062654010951519,0,0.006384740118678921,tagalog,comment,True,adjudicator,2-1,0,0
t1_p70vo1x,0,0.002217013156041503,-6.109375,0,0.007307685911655426,0,0.0077751719366889625,english,comment,True,majority,3-0,0,0
t1_p74besf,0,0.015424554236233234,-4.15625,0,0.2716194987297058,0,0.03561176757665666,taglish,comment,True,adjudicator,2-1,0,0
t1_p5ph7id,0,0.0034834241960197687,-5.65625,0,0.024737615138292313,0,0.011103068496421335,english,comment,True,majority,3-0,0,0
t1_p3wxmbm,0,0.0033766122069209814,-5.6875,0,0.017736483365297318,0,0.01083401162837129,english,comment,True,majority,3-0,0,0
t1_p6hb15o,0,0.005384938325732946,-5.21875,0,0.17725005745887756,0,0.015640543908527996,taglish,comment,True,majority,3-0,0,0
t1_p76a4gy,0,0.0019267346942797303,-6.25,0,0.007563301827758551,0,0.006959745544957729,taglish,comment,True,unanimous,3-0,0,0
t1_p5zz773,0,0.0038844766095280647,-5.546875,0,0.06824126094579697,0,0.012097829663948222,taglish,comment,True,unanimous,3-0,0,0
t1_p2v0e6k,0,0.0038844766095280647,-5.546875,0,0.09421860426664352,0,0.012097829663948222,english,comment,True,majority,3-0,0,0
t1_p74jixa,0,0.001957016997039318,-6.234375,0,0.013175996951758862,0,0.0070459828036904155,taglish,comment,True,majority,3-0,0,0
t1_p6xkg26,0,0.35376304388046265,-0.6025390625,0,0.8684322834014893,0,0.3826688559560213,tagalog,comment,True,adjudicator,2-1,0,1
t1_p5xe9p3,0,0.005384938325732946,-5.21875,0,0.04284272342920303,0,0.015640543908527996,taglish,comment,True,unanimous,3-0,0,0
t1_p3kvm9v,0,0.0022872276604175568,-6.078125,0,0.012664154171943665,0,0.00796887614464604,taglish,comment,True,majority,3-0,0,0
t1_p749drl,0,0.0017007224960252643,-6.375,0,0.014715783298015594,0,0.00630654454601807,taglish,comment,True,unanimous,3-0,0,0
t1_p6yr9gy,0,0.0011160142021253705,-6.796875,0,0.003729377407580614,0,0.004520133983425725,taglish,comment,True,majority,3-0,0,0
t1_p44843l,0,0.2166738063097,-1.28515625,0,0.6638430953025818,0,0.2650217144033117,tagalog,comment,True,adjudicator,2-1,0,1
t1_p65bnkv,0,0.004905405919998884,-5.3125,0,0.020719710737466812,0,0.014535286945762125,english,comment,True,majority,3-0,0,0
t1_p73h0d7,0,0.0020507436711341143,-6.1875,0,0.007205072790384293,0,0.007311111439104162,taglish,comment,True,adjudicator,2-1,0,0
t1_p74lqi7,0,0.0015731120947748423,-6.453125,0,0.005088937468826771,0,0.0059296151207206965,taglish,comment,True,majority,3-0,0,0
t1_p3lalc2,0,0.002396730938926339,-6.03125,0,0.033622849732637405,0,0.00826844254905784,taglish,comment,True,unanimous,3-0,0,0
t1_p6f0vqx,0,0.0035936026833951473,-5.625,0,0.07081474363803864,0,0.011378730383391086,taglish,comment,True,majority,3-0,0,0
t1_p6xjpsr,1,0.8994751572608948,2.19140625,1,0.96568763256073,1,0.8506007095031797,taglish,comment,True,majority,3-0,1,1
t1_p3kalyf,0,0.002714985515922308,-5.90625,0,0.012760131619870663,0,0.009122981745253242,taglish,comment,True,majority,3-0,0,0
t1_p4ztvqr,0,0.004133968148380518,-5.484375,0,0.012851457111537457,0,0.012705275225730527,english,comment,True,majority,3-0,0,0
t1_p760jmg,0,0.001048469333909452,-6.859375,0,0.005312898196280003,0,0.004302318799948333,english,comment,True,majority,3-0,0,0
t1_p73dyrd,0,0.00482972152531147,-5.328125,0,0.023644857108592987,0,0.014358712030039116,taglish,comment,True,majority,3-0,0,0
t1_p70mi6o,0,0.017309095710515976,-4.0390625,0,0.11717934906482697,0,0.03894781523920633,tagalog,comment,True,adjudicator,2-1,0,0
t1_p3kc1cn,0,0.0020507436711341143,-6.1875,0,0.010847307741641998,0,0.007311111439104162,taglish,comment,True,unanimous,3-0,0,0
t1_p73as4b,0,0.04115288704633713,-3.1484375,0,0.34115132689476013,0,0.07593417232909877,taglish,comment,True,unanimous,3-0,0,0
t1_p744t37,0,0.0028449094388633966,-5.859375,0,0.011445204727351665,0,0.009465519384885593,english,comment,True,adjudicator,2-1,0,0
t1_p65rl4s,0,0.0025909794494509697,-5.953125,0,0.018594400957226753,0,0.008792729803041254,taglish,comment,True,majority,3-0,0,0
t1_p2vff9h,0,0.0020190139766782522,-6.203125,0,0.04174946993589401,0,0.007221652815790418,taglish,comment,True,unanimous,3-0,0,0
t1_p74ao0j,0,0.0023231625091284513,-6.0625,0,0.016672875732183456,0,0.008067515819929075,tagalog,comment,True,adjudicator,3-0,0,0
t1_p50k7ki,0,0.005730246659368277,-5.15625,0,0.02830529771745205,0,0.016422915972736242,taglish,comment,True,unanimous,3-0,0,0
t1_p73kr45,0,0.0024343819823116064,-6.015625,0,0.013168584555387497,0,0.008370759003441308,english,comment,True,majority,3-0,0,0
t1_p4y24nt,1,0.048136770725250244,-2.984375,0,0.40508168935775757,0,0.08559082862170651,english,comment,True,adjudicator,2-1,1,0
t1_p6j6zqb,0,0.004007288720458746,-5.515625,0,0.056938834488391876,0,0.012397879390280978,taglish,comment,True,unanimous,3-0,0,0
t1_p44kbir,0,0.008985428139567375,-4.703125,0,0.1447724997997284,0,0.023365023439488975,taglish,comment,True,unanimous,3-0,0,0
t1_p4z83pl,0,0.0014325366355478764,-6.546875,0,0.0033441174309700727,0,0.005506753107359832,taglish,comment,True,majority,3-0,0,0
t1_p5cqeji,0,0.0029349515680223703,-5.828125,0,0.010606212541460991,0,0.009700923786446087,taglish,comment,True,majority,3-0,0,0
t1_p3zmfou,0,0.003429603995755315,-5.671875,0,0.031623467803001404,0,0.01096772418906386,english,comment,True,majority,3-0,0,0
t1_p3lm3b7,0,0.0020190139766782522,-6.203125,0,0.00900321826338768,0,0.007221652815790418,taglish,comment,True,unanimous,3-0,0,0
t1_p5zk7u6,0,0.0036499870475381613,-5.609375,0,0.01610630378127098,0,0.011519087532579032,taglish,comment,True,majority,3-0,0,0
t1_p7m1xk4,0,0.0014325366355478764,-6.546875,0,0.005976608023047447,0,0.005506753107359832,taglish,comment,True,majority,3-0,0,0
t1_p606xkv,0,0.0014779430348426104,-6.515625,0,0.007328484207391739,0,0.005644265280094572,taglish,comment,True,unanimous,3-0,0,0
t1_p63l88m,0,0.004331502132117748,-5.4375,0,0.01349676214158535,0,0.013180526932409332,taglish,comment,True,majority,3-0,0,0
t1_p7lnr7y,0,0.0026316740550100803,-5.9375,0,0.03353060036897659,0,0.008901475730412245,taglish,comment,True,unanimous,3-0,0,0
t1_p44c7xt,1,0.25608712434768677,-1.06640625,0,0.7905029058456421,0,0.30018707166943015,taglish,comment,True,majority,3-0,1,1
t1_p79ns9o,0,0.0035380858462303877,-5.640625,0,0.06041813641786575,0,0.011240064003385574,english,comment,True,majority,3-0,0,0
t1_p5cv7pe,0,0.0025509123224765062,-5.96875,0,0.01440465822815895,0,0.008685300740989898,taglish,comment,True,majority,3-0,0,0
t1_p4w57h7,0,0.0015487609198316932,-6.46875,0,0.003292436245828867,0,0.00585696072558967,english,comment,True,unanimous,3-0,0,0
t1_p5p8scc,0,0.00178219610825181,-6.328125,0,0.02775508165359497,0,0.006544032719501775,english,comment,True,majority,3-0,0,0
t1_p5ghcml,0,0.001957016997039318,-6.234375,0,0.01205417513847351,0,0.0070459828036904155,taglish,comment,True,majority,3-0,0,0
t1_p44iais,1,0.38537469506263733,-0.466796875,0,0.7128599882125854,0,0.4084209523753978,tagalog,comment,True,adjudicator,2-1,1,1
t1_p447ghm,0,0.001622967072762549,-6.421875,0,0.005501780193299055,0,0.006077622282158479,tagalog,comment,True,adjudicator,2-1,0,0
t1_p6z3o7i,0,0.004468384198844433,-5.40625,0,0.03938331454992294,0,0.013507062511842293,taglish,comment,True,unanimous,3-0,0,0
t1_p70ucq8,0,0.002115703420713544,-6.15625,0,0.005622541066259146,0,0.00749334173836876,taglish,comment,True,majority,3-0,0,0
t1_p7lozsj,0,0.007345826830714941,-4.90625,0,0.08711312711238861,0,0.0199554995819404,taglish,comment,True,unanimous,3-0,0,0
t1_p6ywgwi,0,0.0028449094388633966,-5.859375,0,0.014522070996463299,0,0.009465519384885593,taglish,comment,True,unanimous,3-0,0,0
t1_p71ir2r,0,0.00214894930832088,-6.140625,0,0.005292538087815046,0,0.00758614020588063,taglish,comment,True,unanimous,3-0,0,0
t1_p65pp7g,0,0.0022872276604175568,-6.078125,0,0.009770429693162441,0,0.00796887614464604,taglish,comment,True,unanimous,3-0,0,0
t1_p45c6et,0,0.07369627058506012,-2.53125,0,0.4833032488822937,0,0.11825553515871444,taglish,comment,True,unanimous,3-0,0,0
t1_p6jbpr2,0,0.004264634568244219,-5.453125,0,0.057591117918491364,0,0.013020192222294742,taglish,comment,True,unanimous,3-0,0,0
t1_p4524gk,0,0.24508504569530487,-1.125,0,0.7261601686477661,0,0.29050903357979185,tagalog,comment,True,adjudicator,2-1,0,1
t1_p44nwvy,0,0.008187909610569477,-4.796875,0,0.06331521272659302,0,0.02172595502245546,taglish,comment,True,majority,3-0,0,0
t1_p3skcyu,0,0.0037072529084980488,-5.59375,0,0.014579661190509796,0,0.01166115557202624,taglish,comment,True,unanimous,3-0,0,0
t1_p5dci0o,0,0.019870713353157043,-3.8984375,0,0.10265094041824341,0,0.04334747038780218,english,comment,True,majority,3-0,0,0
