reddit_fullname,y_true,prob,margin,pred,prob_annotators,pred_tuned,prob_cal,language,record_type,natural,resolved_by,sarcasm_votes,sarcastic_adjudicated,sarcastic_majority
t1_p7jj59h,0,0.41869693994522095,-0.328125,0,0.8149569034576416,0,0.4388535894062546,tagalog,comment,True,adjudicator,2-1,0,1
t1_p7jl159,0,0.09203286468982697,-2.2890625,0,0.5095404386520386,0,0.15253450761519688,tagalog,comment,True,adjudicator,2-1,0,0
t1_p4zzikk,0,0.41276684403419495,-0.3525390625,0,0.7524576187133789,0,0.434354659654955,tagalog,comment,True,adjudicator,2-1,0,0
t1_p4zywyn,0,0.7690802216529846,1.203125,1,0.9340311884880066,1,0.7112217864836458,tagalog,comment,True,adjudicator,2-1,0,1
t1_p50933h,1,0.7291342616081238,0.990234375,1,0.8249870538711548,1,0.6773975549199865,english,comment,True,adjudicator,2-1,1,1
t1_p4zwu5w,0,0.3598138988018036,-0.576171875,0,0.7764374613761902,0,0.39373449659713083,tagalog,comment,True,adjudicator,2-1,0,0
t1_p501fes,0,0.47594019770622253,-0.0963134765625,0,0.7628558874130249,0,0.48196942635307705,english,comment,True,majority,3-0,0,0
t1_p3g033a,0,0.01784873940050602,-4.0078125,0,0.4192313849925995,0,0.04731455050714704,tagalog,comment,True,adjudicator,2-1,0,0
t1_p50np0m,0,0.5994850993156433,0.4033203125,1,0.8918660879135132,1,0.5749677342042584,tagalog,comment,True,adjudicator,2-1,0,1
t1_p7jy4x2,0,0.13341522216796875,-1.87109375,0,0.6308257579803467,0,0.19754069914161757,tagalog,comment,True,adjudicator,2-1,0,0
t1_p7jr9ed,0,0.14414885640144348,-1.78125,0,0.6991354823112488,0,0.20842757821418992,tagalog,comment,True,adjudicator,2-1,0,1
t1_p50w54e,1,0.4170340299606323,-0.3349609375,0,0.6700658798217773,0,0.4375928427074944,english,comment,True,adjudicator,2-1,1,1
t1_p3halwh,0,0.01578456163406372,-4.1328125,0,0.3508948087692261,0,0.04326795324716089,tagalog,comment,True,unanimous,3-0,0,0
t1_p7jnfur,1,0.9111796617507935,2.328125,1,0.9382392764091492,1,0.8512100165758605,english,comment,True,majority,3-0,1,1
t1_p4zwr1x,0,0.4909067749977112,-0.036376953125,0,0.8691920042037964,1,0.4931874408290674,tagalog,comment,True,adjudicator,2-1,0,0
t1_p7iv34z,0,0.8929365277290344,2.12109375,1,0.932703971862793,1,0.8304788674327723,english,comment,True,adjudicator,2-1,0,0
t1_p7jjwfe,0,0.12984344363212585,-1.90234375,0,0.48392045497894287,0,0.19385587803534043,english,comment,True,adjudicator,2-1,0,1
t1_p7iv0ud,1,0.4943850040435791,-0.0224609375,0,0.8473884463310242,1,0.49579342655157205,english,comment,True,adjudicator,2-1,1,1
t1_p501ntx,0,0.28219619393348694,-0.93359375,0,0.6952685713768005,0,0.33194414660176036,english,comment,True,majority,3-0,0,0
t1_p7jk77p,0,0.2146914005279541,-1.296875,0,0.623440146446228,0,0.27456997007831346,english,comment,True,adjudicator,2-1,0,0
t1_p50dcbg,0,0.8832359910011292,2.0234375,1,0.9595135450363159,1,0.8199288271591036,tagalog,comment,True,adjudicator,2-1,0,0
t1_p50g6ky,0,0.6491339206695557,0.615234375,1,0.8581449389457703,1,0.6132288474588069,english,comment,True,adjudicator,2-1,0,0
t1_p5cl3by,0,0.8006919622421265,1.390625,1,0.9291567206382751,1,0.7391955561485987,tagalog,comment,True,adjudicator,2-1,0,0
t1_p4zx6dq,0,0.060086652636528015,-2.75,0,0.43911296129226685,0,0.11302856225801737,tagalog,comment,True,adjudicator,2-1,0,1
t1_p36h846,0,0.7106282711029053,0.8984375,1,0.8646082282066345,1,0.6621897126914489,english,comment,True,adjudicator,2-1,0,0
t1_p511bxb,0,0.328529417514801,-0.71484375,0,0.7033010721206665,0,0.36922855939387006,tagalog,comment,True,adjudicator,2-1,0,0
t1_p51cwhc,0,0.4315841495990753,-0.275390625,0,0.7330181002616882,0,0.4486047035998734,english,comment,True,adjudicator,2-1,0,0
t1_p7iw3ai,0,0.5834407210350037,0.3369140625,1,0.906627893447876,1,0.562767223355842,tagalog,comment,True,unanimous,3-0,0,0
t1_p4zz6we,1,0.707808792591095,0.884765625,1,0.9246666431427002,1,0.6598947667384407,taglish,comment,True,majority,3-0,1,1
t1_p50tbuu,0,0.6134681105613708,0.4619140625,1,0.9081768989562988,1,0.5856580661686982,tagalog,comment,True,adjudicator,2-1,0,0
t1_p7iv5yr,0,0.4287715256214142,-0.286865234375,0,0.7438773512840271,0,0.44647930142766157,english,comment,True,majority,3-0,0,0
t3_1vikkpz,0,0.28656840324401855,-0.912109375,0,0.7660062313079834,0,0.33552295337753335,taglish,submission,True,adjudicator,2-1,0,0
t1_p5d8oez,0,0.1755380630493164,-1.546875,0,0.777575671672821,0,0.23887687624943146,tagalog,comment,True,majority,3-0,0,0
t1_p7iz3ji,0,0.7047700881958008,0.8701171875,1,0.8131479024887085,1,0.657427543284998,tagalog,comment,True,adjudicator,2-1,0,0
t1_p5buc0u,0,0.5862860083580017,0.3486328125,1,0.920684278011322,1,0.5649262181451513,tagalog,comment,True,adjudicator,2-1,0,0
t1_p7ivssl,0,0.06142404302954674,-2.7265625,0,0.6952160596847534,0,0.11480083122580735,tagalog,comment,True,unanimous,3-0,0,0
t1_p5dkrfg,0,0.3132096529006958,-0.78515625,0,0.8131102919578552,0,0.35704737143730564,english,comment,True,adjudicator,2-1,0,1
t1_p3t5pdh,0,0.5324859023094177,0.130126953125,1,0.8229050636291504,1,0.5243519844698398,english,comment,True,adjudicator,2-1,0,1
t1_p7ivqh5,0,0.45060110092163086,-0.1982421875,0,0.7860580682754517,0,0.4629396339773685,tagalog,comment,True,adjudicator,2-1,0,0
t1_p58mnsi,0,0.6706082820892334,0.7109375,1,0.9355286955833435,1,0.6300896294582009,tagalog,comment,True,adjudicator,2-1,0,1
t1_p5078hw,0,0.5353413820266724,0.1416015625,1,0.772411584854126,1,0.5264954858755663,tagalog,comment,True,adjudicator,2-1,0,1
t1_p4zy707,0,0.5552393198013306,0.22186279296875,1,0.8853205442428589,1,0.5414569288770587,tagalog,comment,True,adjudicator,2-1,0,1
t1_p50uw6y,0,0.22135066986083984,-1.2578125,0,0.686393141746521,0,0.2804370600184571,english,comment,True,majority,3-0,0,0
t1_p5ei18d,0,0.31658050417900085,-0.76953125,0,0.7429372668266296,0,0.3597390180423918,tagalog,comment,True,adjudicator,2-1,0,0
t1_p7k97ke,0,0.18126320838928223,-1.5078125,0,0.5479297041893005,0,0.2442380521265463,english,comment,True,adjudicator,2-1,0,1
t1_p50mcal,0,0.4401082694530487,-0.24072265625,0,0.8592801094055176,0,0.45503723270592716,tagalog,comment,True,majority,3-0,0,0
t1_p3q6ebo,0,0.08694165199995041,-2.3515625,0,0.617379903793335,0,0.1465798854032424,tagalog,comment,True,unanimous,3-0,0,0
t1_p7ivwtp,0,0.19132769107818604,-1.44140625,0,0.5820484757423401,0,0.253537319769546,english,comment,True,majority,3-0,0,0
t1_p502m5t,0,0.15203222632408142,-1.71875,0,0.6600669026374817,0,0.21625801712196938,tagalog,comment,True,adjudicator,2-1,0,1
t1_p3z0rlz,0,0.12294380366802216,-1.96484375,0,0.7084333300590515,0,0.1866434217906247,english,comment,True,adjudicator,2-1,0,0
t1_p4zxlji,0,0.7364006042480469,1.02734375,1,0.8935458660125732,1,0.6834426251257161,english,comment,True,adjudicator,2-1,0,1
t1_p5jpltc,0,0.055005285888910294,-2.84375,0,0.4113946855068207,0,0.10617651421040851,english,comment,True,majority,3-0,0,0
t1_p508dcb,0,0.12210386991500854,-1.97265625,0,0.5816205143928528,0,0.18575655675726532,tagalog,comment,True,adjudicator,2-1,0,0
t1_p5081z2,0,0.9678993225097656,3.40625,1,0.9793622493743896,1,0.9276946316392228,english,comment,True,adjudicator,3-0,0,1
t1_p5czbys,1,0.9124361872673035,2.34375,1,0.9429841041564941,1,0.8526864524078492,english,comment,True,unanimous,3-0,1,1
t1_p3rexry,0,0.01678548939526081,-4.0703125,0,0.3055591583251953,0,0.04524817879446525,tagalog,comment,True,adjudicator,3-0,0,0
t1_p4zwveo,0,0.09073548763990402,-2.3046875,0,0.592074990272522,0,0.15102750765210138,tagalog,comment,True,unanimous,3-0,0,0
t1_p7j3qse,0,0.9582260847091675,3.1328125,1,0.9733424186706543,1,0.9126920949875101,english,comment,True,adjudicator,2-1,0,1
t1_p7jltmt,0,0.16079242527484894,-1.65234375,0,0.5938704013824463,0,0.2248088485190056,tagalog,comment,True,adjudicator,2-1,0,0
t1_p4zxhpb,0,0.04177388176321983,-3.1328125,0,0.3646319806575775,0,0.08730790501248989,tagalog,comment,True,adjudicator,2-1,0,0
t1_p4zy9tx,0,0.6617043018341064,0.6708984375,1,0.8649373054504395,1,0.6230715406806596,tagalog,comment,True,adjudicator,2-1,0,0
t1_p74nozt,0,0.3470943570137024,-0.6318359375,0,0.7785828113555908,0,0.38382551232811546,english,comment,True,majority,3-0,0,0
t1_p7ixu0v,0,0.3071501553058624,-0.8134765625,0,0.6983704566955566,0,0.3521917785733479,english,comment,True,adjudicator,2-1,0,0
t1_p7bdubv,0,0.03760863468050957,-3.2421875,0,0.527197539806366,0,0.08099558809348903,tagalog,comment,True,adjudicator,2-1,0,0
t1_p4zzw7a,0,0.6597340703010559,0.662109375,1,0.8737318515777588,1,0.6215239335082053,tagalog,comment,True,adjudicator,2-1,0,0
t1_p2r3dxn,0,0.027169233188033104,-3.578125,0,0.3925802409648895,0,0.06412995799131095,tagalog,comment,True,unanimous,3-0,0,0
t1_p4teilx,0,0.1661335527896881,-1.61328125,0,0.6596207618713379,0,0.22994968071714433,tagalog,comment,True,adjudicator,2-1,0,0
t1_p7jqyo7,0,0.01956867426633835,-3.9140625,0,0.26500362157821655,0,0.05058294184229423,english,comment,True,adjudicator,2-1,0,1
t1_p7ivahf,0,0.7559974193572998,1.130859375,1,0.8614640235900879,1,0.6999767822793878,english,comment,True,majority,3-0,0,0
t1_p4zgmjx,0,0.4217899739742279,-0.3154296875,0,0.8486589193344116,0,0.441197059608358,tagalog,comment,True,adjudicator,2-1,0,0
t1_p4zyi5d,0,0.29098084568977356,-0.890625,0,0.6905429363250732,0,0.33912075819890597,taglish,comment,True,unanimous,3-0,0,0
t1_p514hcf,0,0.23686911165714264,-1.169921875,0,0.7987234592437744,0,0.2939137350302384,tagalog,comment,True,adjudicator,2-1,0,0
t1_p50hq64,1,0.8433797955513,1.68359375,1,0.9593226909637451,1,0.7792446907363102,taglish,comment,True,majority,3-0,1,1
t1_p3yjl5u,0,0.037326887249946594,-3.25,0,0.42921966314315796,0,0.08056100296841062,tagalog,comment,True,majority,3-0,0,0
t1_p5demxp,1,0.60089111328125,0.4091796875,1,0.8899597525596619,1,0.5760401023706757,taglish,comment,True,majority,3-0,1,1
t1_p4zxlkg,0,0.056236349046230316,-2.8203125,0,0.40026456117630005,0,0.10785440862874546,english,comment,True,adjudicator,2-1,0,0
t1_p4zl5en,1,0.6027632355690002,0.4169921875,1,0.8866201639175415,1,0.5774688117189796,tagalog,comment,True,majority,3-0,1,1
t1_p7jpv87,0,0.12463856488466263,-1.94921875,0,0.5600274801254272,0,0.18842693149846967,tagalog,comment,True,adjudicator,2-1,0,1
t1_p4zs2z6,0,0.5259775519371033,0.10400390625,1,0.8459436893463135,1,0.5194688753992962,tagalog,comment,True,adjudicator,2-1,0,0
t1_p5034yw,1,0.2833845913410187,-0.927734375,0,0.7540615797042847,0,0.3329182828717883,taglish,comment,True,majority,3-0,1,1
t1_p2regbb,0,0.030214587226510048,-3.46875,0,0.4202779233455658,0,0.06922687933387604,tagalog,comment,True,majority,3-0,0,0
t1_p51a6ak,0,0.4973144829273224,-0.0107421875,0,0.8562166690826416,1,0.49798812391387176,tagalog,comment,True,adjudicator,2-1,0,1
t1_p4zhckl,0,0.6959583163261414,0.828125,1,0.9177209734916687,1,0.6503078736208863,tagalog,comment,True,adjudicator,2-1,0,0
t1_p75pjpp,0,0.5101304650306702,0.04052734375,1,0.8042029738426208,1,0.507589717733921,tagalog,comment,True,adjudicator,2-1,0,0
t1_p67mqq5,0,0.06187598779797554,-2.71875,0,0.3986380100250244,0,0.11539694048300798,english,comment,True,majority,3-0,0,0
t1_p7iv83y,0,0.37410444021224976,-0.5146484375,0,0.7880427837371826,0,0.40478883684735706,tagalog,comment,True,adjudicator,2-1,0,0
t1_p7jkyer,0,0.48038727045059204,-0.0784912109375,0,0.876276969909668,0,0.4853037422227488,tagalog,comment,True,adjudicator,2-1,0,0
t1_p5d20od,0,0.8354835510253906,1.625,1,0.9273151159286499,1,0.771601180182549,tagalog,comment,True,adjudicator,3-0,0,1
t1_p2h3oav,0,0.0019267346942797303,-6.25,0,0.08300915360450745,0,0.00917359939476919,taglish,comment,True,unanimous,3-0,0,0
t1_p7jiww0,0,0.4745398461818695,-0.1019287109375,0,0.799518346786499,0,0.48091920698027474,english,comment,True,adjudicator,2-1,0,0
t1_p4zexhl,0,0.6934729218482971,0.81640625,1,0.9217374324798584,1,0.6483088051941901,english,comment,True,adjudicator,2-1,0,0
t1_p7lhzij,1,0.1661335527896881,-1.61328125,0,0.6005896925926208,0,0.22994968071714433,tagalog,comment,True,unanimous,3-0,1,1
t1_p50xc5h,0,0.019271137192845345,-3.9296875,0,0.2499876469373703,0,0.050023740307959856,english,comment,True,unanimous,3-0,0,0
t1_p3qgyt6,0,0.11636175215244293,-2.02734375,0,0.6166597008705139,0,0.17963951016542268,tagalog,comment,True,adjudicator,3-0,0,1
t1_p5d50ke,0,0.760650634765625,1.15625,1,0.9359599351882935,1,0.703956211848893,tagalog,comment,True,adjudicator,2-1,0,0
t1_p50q1a9,1,0.21733753383159637,-1.28125,0,0.7696866393089294,0,0.2769076334717634,tagalog,comment,True,majority,3-0,1,1
t1_p4zwijb,0,0.19072403013706207,-1.4453125,0,0.6247967481613159,0,0.25298388373150205,tagalog,comment,True,adjudicator,2-1,0,0
t1_p56tixe,0,0.008711384609341621,-4.734375,0,0.23827002942562103,0,0.02801027616326973,tagalog,comment,True,adjudicator,2-1,0,1
t1_p500nuq,0,0.23581157624721527,-1.17578125,0,0.6838361620903015,0,0.2930035988498649,english,comment,True,unanimous,3-0,0,0
t1_p4zxpkq,0,0.9136765599250793,2.359375,1,0.9488352537155151,1,0.8541507479227267,taglish,comment,True,majority,3-0,0,0
t1_p7i23nn,0,0.791176438331604,1.33203125,1,0.8732346892356873,1,0.7306446911639042,english,comment,True,adjudicator,2-1,0,1
t1_p38csbl,0,0.4059196412563324,-0.380859375,0,0.8695448637008667,0,0.4291494663177606,tagalog,comment,True,adjudicator,2-1,0,1
t1_p67i2nm,0,0.12592275440692902,-1.9375,0,0.5520877242088318,0,0.18977313124006817,tagalog,comment,True,majority,3-0,0,0
t1_p3pq2hf,0,0.896975576877594,2.1640625,1,0.9605996012687683,1,0.8349626359286592,tagalog,comment,True,unanimous,3-0,0,0
t1_p72j2s2,0,0.029535338282585144,-3.4921875,0,0.40117475390434265,0,0.06810404121342764,english,comment,True,majority,3-0,0,0
t1_p72nk1f,0,0.051082734018564224,-2.921875,0,0.45779091119766235,0,0.10074872134331561,english,comment,True,majority,3-0,0,0
t1_p50drni,0,0.45438137650489807,-0.1829833984375,0,0.8597346544265747,0,0.4657829011172381,tagalog,comment,True,adjudicator,2-1,0,1
t1_p7iwa9e,0,0.8158201575279236,1.48828125,1,0.9145692586898804,1,0.7530510088546601,english,comment,True,majority,3-0,0,0
t1_p4tdt5e,0,0.10521054267883301,-2.140625,0,0.6272038221359253,0,0.16747114791767703,tagalog,comment,True,adjudicator,2-1,0,1
t1_p7aqkt5,0,0.6116139888763428,0.4541015625,1,0.8856017589569092,1,0.5842371108396224,tagalog,comment,True,adjudicator,2-1,0,1
t1_p7l0ksb,0,0.025760557502508163,-3.6328125,0,0.3090355098247528,0,0.06171455926280479,tagalog,comment,True,adjudicator,2-1,0,1
t1_p4zgcif,0,0.8000679016113281,1.38671875,1,0.9398798942565918,1,0.7386309975883915,tagalog,comment,True,adjudicator,2-1,0,1
t1_p56ftcu,1,0.6697447896003723,0.70703125,1,0.8668326139450073,1,0.6294072989930873,english,comment,True,adjudicator,2-1,1,1
t1_p7iweo9,0,0.2333567589521408,-1.189453125,0,0.7592155337333679,0,0.2908863812333659,tagalog,comment,True,unanimous,3-0,0,0
t1_p4zyqfc,0,0.540620744228363,0.162841796875,1,0.8588170409202576,1,0.530460609162321,tagalog,comment,True,adjudicator,2-1,0,1
t1_p7j4l6c,0,0.2628418207168579,-1.03125,0,0.7218132019042969,0,0.3159245959867589,tagalog,comment,True,adjudicator,2-1,0,1
t1_p514efx,0,0.05665242671966553,-2.8125,0,0.4567958116531372,0,0.10841886602556666,english,comment,True,unanimous,3-0,0,0
t1_p4zw6fh,1,0.20817892253398895,-1.3359375,0,0.7013684511184692,0,0.2687797770652461,taglish,comment,True,adjudicator,2-1,1,0
t1_p38b6vw,0,0.6437773108482361,0.591796875,1,0.9025769233703613,1,0.609056198261809,tagalog,comment,True,adjudicator,2-1,0,1
t1_p7j4az2,0,0.39210402965545654,-0.4384765625,0,0.8744524717330933,0,0.4186089829126012,tagalog,comment,True,adjudicator,2-1,0,1
t1_p4tglh0,0,0.9012274742126465,2.2109375,1,0.9643952250480652,1,0.8397449560794903,tagalog,comment,True,adjudicator,2-1,0,0
t1_p7jl1kj,1,0.33676713705062866,-0.677734375,0,0.6898096799850464,0,0.3757264961014911,english,comment,True,majority,3-0,1,1
t1_p501svf,0,0.060086652636528015,-2.75,0,0.5700740814208984,0,0.11302856225801737,taglish,comment,True,unanimous,3-0,0,0
t1_p4yliu2,0,0.7185943722724915,0.9375,1,0.8807867765426636,1,0.6687044800906935,english,comment,True,unanimous,3-0,0,0
t1_p50qob0,0,0.031143829226493835,-3.4375,0,0.4632234573364258,0,0.07075065641317402,taglish,comment,True,majority,3-0,0,0
t1_p5gu672,1,0.08509904891252518,-2.375,0,0.4884680509567261,0,0.1443970468368283,taglish,comment,True,majority,3-0,1,1
t1_p7iy5l3,0,0.5774953961372375,0.3125,1,0.8084959387779236,1,0.5582617634243981,tagalog,comment,True,adjudicator,2-1,0,0
t1_p7b7s1d,0,0.03210070729255676,-3.40625,0,0.4375196099281311,0,0.0723053683607772,tagalog,comment,True,majority,3-0,0,0
t1_p4tgfsj,0,0.04885777831077576,-2.96875,0,0.5927720069885254,0,0.09761152248619476,taglish,comment,True,majority,3-0,0,0
t1_p3klgsq,0,0.010328153148293495,-4.5625,0,0.21043050289154053,0,0.031737231481715415,tagalog,comment,True,majority,3-0,0,0
t1_p4zwuaf,0,0.35197898745536804,-0.6103515625,0,0.7664346694946289,0,0.3876391070563087,tagalog,comment,True,adjudicator,2-1,0,1
t1_p5ilowd,0,0.26971012353897095,-0.99609375,0,0.6319046020507812,0,0.32164393947174935,english,comment,True,unanimous,3-0,0,0
t1_p5dm7pj,1,0.8553685545921326,1.77734375,1,0.9247232675552368,1,0.7910891993191965,english,comment,True,majority,3-0,1,1
t1_p56fcks,1,0.28101080656051636,-0.939453125,0,0.7134332656860352,0,0.3309714464973557,english,comment,True,majority,3-0,1,1
t1_p7bdpkr,0,0.0059110685251653194,-5.125,0,0.2400406301021576,0,0.021053464794638353,tagalog,comment,True,unanimous,3-0,0,0
t1_p7iv0ce,0,0.6783269047737122,0.74609375,1,0.8754099607467651,1,0.6362069572499804,english,comment,True,adjudicator,2-1,0,1
t1_p73oo5i,1,0.058345843106508255,-2.78125,0,0.459979385137558,0,0.11070270904364289,tagalog,comment,True,adjudicator,2-1,1,0
t1_p4zz5m8,0,0.7918210625648499,1.3359375,1,0.9306625127792358,1,0.731220222934754,taglish,comment,True,adjudicator,2-1,0,1
t1_p3d90x5,0,0.0030278346966952085,-5.796875,0,0.08044210076332092,0,0.012833884637165806,english,comment,True,majority,3-0,0,0
t1_p40mjue,0,0.2929997146129608,-0.880859375,0,0.8557383418083191,0,0.34076231866241097,taglish,comment,True,adjudicator,2-1,0,0
t1_p7jm4ni,0,0.037326887249946594,-3.25,0,0.36790555715560913,0,0.08056100296841062,tagalog,comment,True,adjudicator,2-1,0,0
t1_p38ihh5,0,0.837619960308075,1.640625,1,0.9359678030014038,1,0.773657516392602,tagalog,comment,True,adjudicator,2-1,0,1
t1_p68bki8,0,0.0035936026833951473,-5.625,0,0.12103088945150375,0,0.014571792241652169,taglish,comment,True,majority,3-0,0,0
t1_p453ho3,0,0.06954174488782883,-2.59375,0,0.38768360018730164,0,0.12530582186574052,english,comment,True,majority,3-0,0,0
t1_p7c4f2u,0,0.07263670861721039,-2.546875,0,0.3953537344932556,0,0.12920566145368317,tagalog,comment,True,adjudicator,2-1,0,0
t1_p2ubaij,0,0.027376487851142883,-3.5703125,0,0.3954777419567108,0,0.06448212238461329,taglish,comment,True,majority,3-0,0,0
t1_p3g0zhb,0,0.007011795416474342,-4.953125,0,0.18181142210960388,0,0.023877508806176746,tagalog,comment,True,adjudicator,2-1,0,0
t1_p5d40vk,0,0.18359361588954926,-1.4921875,0,0.67729651927948,0,0.2464051892401721,tagalog,comment,True,adjudicator,2-1,0,0
t1_p5dbgir,0,0.5531432628631592,0.21337890625,1,0.8148772120475769,1,0.539878508308035,tagalog,comment,True,adjudicator,2-1,0,0
t1_p7jv0ob,0,0.23231014609336853,-1.1953125,0,0.6240811347961426,0,0.28998176957006466,english,comment,True,unanimous,3-0,0,0
t1_p54ijgj,0,0.007695646956562996,-4.859375,0,0.23499177396297455,0,0.02557037173968303,tagalog,comment,True,unanimous,3-0,0,0
t1_p501l48,1,0.9477691650390625,2.8984375,1,0.9648751020431519,1,0.897649337018807,taglish,comment,True,majority,3-0,1,1
t1_p5jposm,0,0.014728614129126072,-4.203125,0,0.1778436005115509,0,0.04113914117147127,tagalog,comment,True,majority,3-0,0,0
t1_p56pizi,0,0.14953139424324036,-1.73828125,0,0.5383908152580261,0,0.21378834576823177,english,comment,True,adjudicator,2-1,0,0
t3_1vqe0cr,0,0.009268012829124928,-4.671875,0,0.17988571524620056,0,0.0293136054224161,taglish,submission,True,majority,3-0,0,0
t1_p4tg9di,0,0.6592954993247986,0.66015625,1,0.8856911063194275,1,0.6211796832259249,tagalog,comment,True,adjudicator,2-1,0,1
t1_p3ux07e,0,0.6701767444610596,0.708984375,1,0.8687261343002319,1,0.6297485289947656,tagalog,comment,True,adjudicator,2-1,0,1
t1_p511am0,0,0.00628990214318037,-5.0625,0,0.2618938386440277,0,0.022040431019355326,taglish,comment,True,unanimous,3-0,0,0
t1_p5jjd81,0,0.11838509887456894,-2.0078125,0,0.5449541807174683,0,0.18180591802294346,taglish,comment,True,majority,3-0,0,0
t1_p4zwasv,0,0.7898827195167542,1.32421875,1,0.912533164024353,1,0.7294912962003257,tagalog,comment,True,adjudicator,2-1,0,1
t1_p570nj4,0,0.037326887249946594,-3.25,0,0.4489090144634247,0,0.08056100296841062,tagalog,comment,True,adjudicator,2-1,0,0
t1_p6shdhh,0,0.1212688684463501,-1.98046875,0,0.5837823152542114,0,0.18487294795608167,english,comment,True,adjudicator,2-1,0,1
t1_p3cwvys,0,0.2516477108001709,-1.08984375,0,0.579511284828186,0,0.30651555577483536,tagalog,comment,True,adjudicator,2-1,0,0
t1_p56v9u9,0,0.02280263788998127,-3.7578125,0,0.33604520559310913,0,0.0565094466354128,taglish,comment,True,majority,3-0,0,0
t1_p4yivgr,1,0.242923304438591,-1.13671875,0,0.7503132820129395,0,0.2991021769185752,taglish,comment,True,majority,3-0,1,1
t1_p4zdtln,0,0.05665242671966553,-2.8125,0,0.5355779528617859,0,0.10841886602556666,tagalog,comment,True,adjudicator,2-1,0,0
t1_p7iw054,0,0.07107366621494293,-2.5703125,0,0.5169895887374878,0,0.1272429798124617,tagalog,comment,True,unanimous,3-0,0,0
t1_p50ql5h,0,0.1427091360092163,-1.79296875,0,0.6391211152076721,0,0.20698285413167294,tagalog,comment,True,adjudicator,2-1,0,0
t1_p3kb9ev,0,0.04177388176321983,-3.1328125,0,0.37987273931503296,0,0.08730790501248989,tagalog,comment,True,adjudicator,2-1,0,0
t1_p7mcjoy,0,0.19253934919834137,-1.43359375,0,0.6465656757354736,0,0.2546465878988988,tagalog,comment,True,majority,3-0,0,0
t1_p5dwkcb,1,0.6392857432365417,0.572265625,1,0.8477301597595215,1,0.6055667370911577,taglish,comment,True,unanimous,3-0,1,1
t1_p3r6p6x,0,0.034358687698841095,-3.3359375,0,0.48148608207702637,0,0.0759192361113778,tagalog,comment,True,adjudicator,2-1,0,0
t1_p2ri7dc,0,0.026963496580719948,-3.5859375,0,0.29031458497047424,0,0.06377958579438398,tagalog,comment,True,adjudicator,2-1,0,0
t1_p50493j,0,0.3925696909427643,-0.4365234375,0,0.7754310369491577,0,0.4189651299869285,tagalog,comment,True,adjudicator,2-1,0,0
t1_p4zmo02,1,0.27708157896995544,-0.958984375,0,0.779375433921814,0,0.32773956408424915,tagalog,comment,True,majority,3-0,1,1
t1_p3xraqe,0,0.9358173608779907,2.6796875,1,0.9632293581962585,1,0.8815820093630615,tagalog,comment,True,adjudicator,2-1,0,1
t1_p56ge9a,0,0.06233103200793266,-2.7109375,0,0.4745067059993744,0,0.11599573945922906,english,comment,True,adjudicator,2-1,0,1
t1_p75ptee,0,0.10894505679607391,-2.1015625,0,0.6263509392738342,0,0.17159103873930584,tagalog,comment,True,majority,3-0,0,0
t1_p2remor,0,0.0541987307369709,-2.859375,0,0.3534919023513794,0,0.10507073430860968,english,comment,True,adjudicator,2-1,0,0
t1_p4zyz1y,0,0.3011564612388611,-0.841796875,0,0.723376452922821,0,0.3473665430482742,tagalog,comment,True,adjudicator,2-1,0,1
t1_p5ckbnh,0,0.05749328061938286,-2.796875,0,0.366635799407959,0,0.10955556860560209,english,comment,True,adjudicator,2-1,0,0
t1_p3gmrfg,0,0.0022872276604175568,-6.078125,0,0.06966100633144379,0,0.010421079904172405,english,comment,True,majority,3-0,0,0
t1_p73lxdn,0,0.02843603305518627,-3.53125,0,0.277588427066803,0,0.06627009767480319,english,comment,True,adjudicator,3-0,0,0
t1_p50e58a,0,0.18535661697387695,-1.48046875,0,0.6419049501419067,0,0.24803901238971568,english,comment,True,adjudicator,2-1,0,1
t1_p4zt3ub,0,0.029986508190631866,-3.4765625,0,0.39560794830322266,0,0.06885070891061511,tagalog,comment,True,adjudicator,2-1,0,0
t1_p4zm16c,0,0.334806889295578,-0.6865234375,0,0.7907832860946655,0,0.37418336322445683,tagalog,comment,True,adjudicator,2-1,0,1
t1_p3l1c0p,0,0.010169658809900284,-4.578125,0,0.20628386735916138,0,0.03137948594809,tagalog,comment,True,unanimous,3-0,0,0
t1_p2sv6o3,0,0.05921025201678276,-2.765625,0,0.3911939561367035,0,0.11186035209602119,taglish,comment,True,majority,3-0,0,0
t1_p2s1lp7,0,0.20370754599571228,-1.36328125,0,0.7234207987785339,0,0.26477289636365187,tagalog,comment,True,adjudicator,2-1,0,0
t1_p2or0l1,0,0.06705629080533981,-2.6328125,0,0.4357698857784271,0,0.12213339522563688,taglish,comment,True,unanimous,3-0,0,0
t1_p56g61g,0,0.937210738658905,2.703125,1,0.9682742953300476,1,0.8834027639252507,tagalog,comment,True,adjudicator,2-1,0,1
t1_p4zvjts,1,0.8674854636192322,1.87890625,1,0.9274463057518005,1,0.8033854290648841,english,comment,True,adjudicator,2-1,1,1
t1_p5ckm7l,0,0.11318691074848175,-2.05859375,0,0.5842148065567017,0,0.17621528177682588,taglish,comment,True,adjudicator,2-1,0,0
t1_p746quy,0,0.058345843106508255,-2.78125,0,0.41749143600463867,0,0.11070270904364289,taglish,comment,True,majority,3-0,0,0
t1_p2r1osy,0,0.014063626527786255,-4.25,0,0.2719044089317322,0,0.03977601286698117,taglish,comment,True,majority,3-0,0,0
t1_p7ivyqk,0,0.14511536061763763,-1.7734375,0,0.6815242767333984,0,0.20939484710313297,english,comment,True,unanimous,3-0,0,0
t1_p3ge4mk,0,0.002714985515922308,-5.90625,0,0.0816606730222702,0,0.011836173743242948,english,comment,True,majority,3-0,0,0
t1_p6xqgkj,0,0.14128142595291138,-1.8046875,0,0.4594762921333313,0,0.20554554386035903,tagalog,comment,True,adjudicator,2-1,0,0
t1_p76a04r,1,0.6374822854995728,0.564453125,1,0.8212087154388428,1,0.6041679114515902,tagalog,comment,True,majority,3-0,1,1
t1_p3g1gjf,0,0.00407013762742281,-5.5,0,0.10264807194471359,0,0.015979431097218357,taglish,comment,True,unanimous,3-0,0,0
t1_p55saf4,0,0.0037072529084980488,-5.59375,0,0.16427601873874664,0,0.014911810706179801,tagalog,comment,True,unanimous,3-0,0,0
t1_p76r2xi,0,0.07159119844436646,-2.5625,0,0.5378894209861755,0,0.1278943611655978,tagalog,comment,True,adjudicator,2-1,0,0
t1_p5ct483,0,0.20689406991004944,-1.34375,0,0.7350842356681824,0,0.26763104938177523,taglish,comment,True,majority,3-0,0,0
t1_p4y0tpn,0,0.9124361872673035,2.34375,1,0.9523655772209167,1,0.8526864524078492,taglish,comment,True,adjudicator,2-1,0,0
t1_p6xn9cx,0,0.007695646956562996,-4.859375,0,0.09120762348175049,0,0.02557037173968303,english,comment,True,majority,3-0,0,0
t1_p4u0xys,0,0.7659436464309692,1.185546875,1,0.865402340888977,1,0.7085096205991818,english,comment,True,adjudicator,2-1,0,0
t1_p3dztkd,0,0.022977370768785477,-3.75,0,0.3296971917152405,0,0.0568223044252538,english,comment,True,majority,3-0,0,0
t1_p4zofxi,0,0.12721826136112213,-1.92578125,0,0.6650051474571228,0,0.1911266837801147,tagalog,comment,True,adjudicator,2-1,0,0
t1_p56ube0,0,0.3106943964958191,-0.796875,0,0.7638154029846191,0,0.3550345305003535,tagalog,comment,True,adjudicator,2-1,0,1
t1_p75ujk6,1,0.9515040516853333,2.9765625,1,0.9677070379257202,1,0.9029027966212985,tagalog,comment,True,unanimous,3-0,1,1
t1_p4zk9ge,0,0.29992473125457764,-0.84765625,0,0.7902048826217651,0,0.34637208177651013,english,comment,True,majority,3-0,0,0
t1_p762lky,0,0.8031737804412842,1.40625,1,0.888567328453064,1,0.7414458848769978,tagalog,comment,True,adjudicator,2-1,0,1
t1_p53ejq2,0,0.011508148163557053,-4.453125,0,0.19693231582641602,0,0.034354149161319444,taglish,comment,True,majority,3-0,0,0
t1_p4zjnbk,0,0.34975478053092957,-0.6201171875,0,0.7803009748458862,0,0.3859039167210477,tagalog,comment,True,adjudicator,2-1,0,1
t1_p5isuuo,0,0.028007520362734795,-3.546875,0,0.31874656677246094,0,0.06554944590931258,english,comment,True,adjudicator,2-1,0,0
t1_p7amptq,0,0.14033624529838562,-1.8125,0,0.6149616241455078,0,0.20459145485220176,tagalog,comment,True,adjudicator,2-1,0,0
t1_p75p9x9,0,0.16667540371418,-1.609375,0,0.5783945322036743,0,0.23046827272737305,tagalog,comment,True,adjudicator,2-1,0,1
t1_p760mru,0,0.6254380941390991,0.5126953125,1,0.8872097730636597,1,0.5948585805345562,tagalog,comment,True,majority,3-0,0,0
t1_p4r5wg2,1,0.8272706270217896,1.56640625,1,0.9163036346435547,1,0.7637732467038466,taglish,comment,True,majority,3-0,1,1
t1_p2rgdnv,0,0.012053778395056725,-4.40625,0,0.28124797344207764,0,0.03553834644186387,tagalog,comment,True,unanimous,3-0,0,0
t1_p5iwm00,0,0.034618839621543884,-3.328125,0,0.45408591628074646,0,0.07633086008428057,tagalog,comment,True,unanimous,3-0,0,0
t1_p67gtqn,0,0.03210070729255676,-3.40625,0,0.4233401417732239,0,0.0723053683607772,taglish,comment,True,unanimous,3-0,0,0
t1_p2r1vu0,0,0.027169233188033104,-3.578125,0,0.4025934636592865,0,0.06412995799131095,tagalog,comment,True,unanimous,3-0,0,0
t1_p72m2ne,0,0.06560484319925308,-2.65625,0,0.3991423547267914,0,0.12026330697210863,english,comment,True,majority,3-0,0,0
t1_p750uar,0,0.038756195455789566,-3.2109375,0,0.38367366790771484,0,0.08275537854113714,taglish,comment,True,majority,3-0,0,0
t1_p4iaido,0,0.012821215204894543,-4.34375,0,0.2064899206161499,0,0.037178561446541046,english,comment,True,majority,3-0,0,0
t1_p7b3yf9,0,0.14080817997455597,-1.80859375,0,0.6537799835205078,0,0.20506808762750214,tagalog,comment,True,majority,3-0,0,0
t1_p3js9ge,0,0.07263670861721039,-2.546875,0,0.5067703127861023,0,0.12920566145368317,tagalog,comment,True,unanimous,3-0,0,0
t1_p3ezlsv,0,0.04922211542725563,-2.9609375,0,0.4661974608898163,0,0.09812826983486815,tagalog,comment,True,majority,3-0,0,0
t1_p3rqnvc,0,0.008315778337419033,-4.78125,0,0.2713807225227356,0,0.027069886167298093,taglish,comment,True,majority,3-0,0,0
t1_p5104ys,0,0.0055549247190356255,-5.1875,0,0.137405663728714,0,0.020109785920264852,english,comment,True,unanimous,3-0,0,0
t1_p3fwq8b,0,0.0838903859257698,-2.390625,0,0.5985724329948425,0,0.1429568810082022,english,comment,True,adjudicator,2-1,0,0
t1_p3siquu,0,0.0019877743907272816,-6.21875,0,0.044633638113737106,0,0.009388856452133908,english,comment,True,majority,3-0,0,0
t1_p56zxlp,0,0.015306354500353336,-4.1640625,0,0.11110231280326843,0,0.042309129394895305,english,comment,True,unanimous,3-0,0,0
t1_p3famw2,0,0.2546016275882721,-1.07421875,0,0.7759034633636475,0,0.309009345644749,tagalog,comment,True,adjudicator,3-0,0,1
t1_p503bad,0,0.16995622217655182,-1.5859375,0,0.5689452886581421,0,0.2335970076590748,taglish,comment,True,majority,3-0,0,0
t1_p56tc7c,0,0.2458084672689438,-1.12109375,0,0.7570258975028992,0,0.3015618799222999,taglish,comment,True,majority,3-0,0,0
t1_p7kkwjh,0,0.45011767745018005,-0.2001953125,0,0.8230168223381042,0,0.46257586579123855,tagalog,comment,True,adjudicator,2-1,0,1
t1_p5ivil6,0,0.907312273979187,2.28125,1,0.9620413780212402,1,0.8467073795559366,taglish,comment,True,adjudicator,2-1,0,0
t1_p58atkp,0,0.6943026781082153,0.8203125,1,0.9263629913330078,1,0.6489757432956329,tagalog,comment,True,adjudicator,2-1,0,1
t1_p48uzbx,0,0.034100428223609924,-3.34375,0,0.30339908599853516,0,0.0755096504110247,taglish,comment,True,majority,3-0,0,0
t3_1vsgx0z,0,0.001081715221516788,-6.828125,0,0.02988148294389248,0,0.005968258252546301,taglish,submission,True,majority,3-0,0,0
t1_p589q0r,0,0.8887588381767273,2.078125,1,0.9474825859069824,1,0.8258986833220022,tagalog,comment,True,adjudicator,2-1,0,1
t1_p7jlspi,0,0.028652667999267578,-3.5234375,0,0.398290753364563,0,0.06663317770797107,tagalog,comment,True,majority,3-0,0,0
t1_p4to7sm,0,0.46964189410209656,-0.12158203125,0,0.8333206176757812,0,0.4772448274285333,tagalog,comment,True,adjudicator,2-1,0,1
t3_1vi0ni5,0,0.002714985515922308,-5.90625,0,0.042572274804115295,0,0.011836173743242948,english,submission,True,majority,3-0,0,0
t1_p7mbff3,0,0.06954174488782883,-2.59375,0,0.49392080307006836,0,0.12530582186574052,tagalog,comment,True,adjudicator,2-1,0,1
t1_p3evq8z,0,0.030675798654556274,-3.453125,0,0.35564789175987244,0,0.06998493291195615,taglish,comment,True,majority,3-0,0,0
t1_p72e5co,0,0.019870713353157043,-3.8984375,0,0.2162439227104187,0,0.05114805796446534,tagalog,comment,True,adjudicator,2-1,0,1
t1_p4ydghc,0,0.01678548939526081,-4.0703125,0,0.22767160832881927,0,0.04524817879446525,english,comment,True,majority,3-0,0,0
t1_p4ie5zr,0,0.018546564504504204,-3.96875,0,0.2901134490966797,0,0.048651254945635436,tagalog,comment,True,majority,3-0,0,0
t1_p4tpsa6,0,0.037047166377305984,-3.2578125,0,0.48120760917663574,0,0.08012854631784959,english,comment,True,majority,3-0,0,0
t1_p3g7db7,0,0.037047166377305984,-3.2578125,0,0.4718753695487976,0,0.08012854631784959,taglish,comment,True,majority,3-0,0,0
t1_p7jj8ti,0,0.1475551873445511,-1.75390625,0,0.6601126194000244,0,0.21182743940203794,tagalog,comment,True,adjudicator,2-1,0,1
t1_p6ya1ka,0,0.1155608743429184,-2.03515625,0,0.4114722013473511,0,0.17877861020267957,english,comment,True,majority,3-0,0,0
t1_p7iwruh,1,0.7229183912277222,0.958984375,1,0.840688169002533,1,0.6722604359157509,english,comment,True,majority,3-0,1,1
t1_p38hels,0,0.05460060387849808,-2.8515625,0,0.5794178247451782,0,0.10562234808337331,tagalog,comment,True,adjudicator,2-1,0,0
t1_p4tmk6i,0,0.47469204664230347,-0.101318359375,0,0.8172697424888611,0,0.4810333532593818,tagalog,comment,True,adjudicator,2-1,0,0
t1_p708dim,1,0.12210386991500854,-1.97265625,0,0.4582112729549408,0,0.18575655675726532,english,comment,True,adjudicator,2-1,1,1
t1_p3iqvxf,0,0.10818895697593689,-2.109375,0,0.5947895050048828,0,0.1707606813330581,english,comment,True,majority,3-0,0,0
t1_p6wcnv1,0,0.6281793713569641,0.5244140625,1,0.797059953212738,1,0.5969725961616867,english,comment,True,adjudicator,2-1,0,1
t1_p3difvl,1,0.001838665222749114,-6.296875,0,0.06177772581577301,0,0.008859849344304676,taglish,comment,True,unanimous,3-0,1,1
t1_p4nlhqb,0,0.016029147431254387,-4.1171875,0,0.17626532912254333,0,0.04375511214698672,english,comment,True,unanimous,3-0,0,0
t1_p3ez7a5,0,0.03622005507349968,-3.28125,0,0.3970514237880707,0,0.07884386479317726,taglish,comment,True,majority,3-0,0,0
t1_p7deb7z,0,0.02595735713839531,-3.625,0,0.2642805278301239,0,0.06205433918054301,tagalog,comment,True,adjudicator,2-1,0,0
t1_p7b3pne,0,0.6625781655311584,0.6748046875,1,0.7709418535232544,1,0.623758563273995,english,comment,True,unanimous,3-0,0,0
t1_p3nzuws,0,0.026963496580719948,-3.5859375,0,0.31713980436325073,0,0.06377958579438398,taglish,comment,True,majority,3-0,0,0
t1_p73mgga,0,0.06325051933526993,-2.6953125,0,0.569412112236023,0,0.11720143822854746,tagalog,comment,True,majority,3-0,0,0
t1_p7cczam,0,0.027169233188033104,-3.578125,0,0.32415980100631714,0,0.06412995799131095,tagalog,comment,True,adjudicator,3-0,0,0
t1_p3buqud,0,0.05070536583662033,-2.9296875,0,0.47144150733947754,0,0.10021970803980035,tagalog,comment,True,adjudicator,2-1,0,1
t1_p3kk6sm,0,0.19744443893432617,-1.40234375,0,0.6771249175071716,0,0.25911550999058175,tagalog,comment,True,adjudicator,2-1,0,1
t1_p3exe59,0,0.09203286468982697,-2.2890625,0,0.6100260019302368,0,0.15253450761519688,tagalog,comment,True,adjudicator,2-1,0,1
t1_p56sonm,0,0.015543648041784763,-4.1484375,0,0.3173401355743408,0,0.04278597557137281,english,comment,True,majority,3-0,0,0
t1_p56eroe,1,0.7799928784370422,1.265625,1,0.8856953382492065,1,0.7207424620987296,taglish,comment,True,majority,3-0,1,1
t1_p27mvrh,0,0.01640303246676922,-4.09375,0,0.23547422885894775,0,0.04449567494372924,taglish,comment,True,unanimous,3-0,0,0
t1_p6w2hj0,0,0.019271137192845345,-3.9296875,0,0.2449844479560852,0,0.050023740307959856,english,comment,True,majority,3-0,0,0
t1_p73m7fg,0,0.048136770725250244,-2.984375,0,0.3078840374946594,0,0.09658530418371278,english,comment,True,majority,3-0,0,0
t1_p5dnz4u,0,0.1761041283607483,-1.54296875,0,0.6954892873764038,0,0.23940934187780097,english,comment,True,adjudicator,2-1,0,0
t1_p7b4t02,0,0.2802222669124603,-0.943359375,0,0.684095561504364,0,0.3303237806830044,tagalog,comment,True,unanimous,3-0,0,0
t1_p4zjxvl,0,0.05541279539465904,-2.8359375,0,0.5608050227165222,0,0.10673324088821476,tagalog,comment,True,adjudicator,2-1,0,1
t3_1vsnpkz,0,0.007345826830714941,-4.90625,0,0.09432090818881989,0,0.02470981430760416,taglish,submission,True,unanimous,3-0,0,0
t1_p3h6dmg,0,0.023153413087129593,-3.7421875,0,0.3489544093608856,0,0.05713678942068834,taglish,comment,True,majority,3-0,0,0
t1_p7ccbnn,0,0.04146227613091469,-3.140625,0,0.41031497716903687,0,0.08684265139354869,taglish,comment,True,unanimous,3-0,0,0
t3_1vc8dyu,0,0.012722708284854889,-4.3515625,0,0.17865286767482758,0,0.03696962069947779,english,submission,True,majority,3-0,0,0
t1_p4zfyyb,0,0.07004895806312561,-2.5859375,0,0.5865613222122192,0,0.12594871762367607,tagalog,comment,True,adjudicator,2-1,0,0
t1_p4y85sb,0,0.07055959850549698,-2.578125,0,0.4117657542228699,0,0.12659443444692434,english,comment,True,adjudicator,2-1,0,0
t1_p5cuuzs,0,0.11436852067708969,-2.046875,0,0.687067449092865,0,0.17749331719578096,tagalog,comment,True,adjudicator,2-1,0,0
t1_p5016gw,0,0.0832919254899025,-2.3984375,0,0.5624003410339355,0,0.14224129676042765,tagalog,comment,True,adjudicator,2-1,0,1
t1_p7iw8dy,0,0.9449946880340576,2.84375,1,0.9702386856079102,1,0.8938234857895915,taglish,comment,True,adjudicator,2-1,0,0
t1_p3nvcgm,0,0.0333368256688118,-3.3671875,0,0.37084218859672546,0,0.0742930416111243,english,comment,True,adjudicator,3-0,0,0
t1_p38ba2f,0,0.7892336845397949,1.3203125,1,0.9042431712150574,1,0.72891343480934,tagalog,comment,True,adjudicator,2-1,0,1
t1_p53vm77,0,0.5544704794883728,0.21875,1,0.7697059512138367,1,0.540877891079399,english,comment,True,adjudicator,2-1,0,1
t1_p6yl8qm,0,0.03676946833729744,-3.265625,0,0.4387732744216919,0,0.0796982098955743,tagalog,comment,True,adjudicator,2-1,0,0
t1_p7c62qa,0,0.9742394685745239,3.6328125,1,0.9849413633346558,1,0.9382854407371952,tagalog,comment,True,adjudicator,2-1,0,1
t1_p5iaxyo,0,0.15817435085773468,-1.671875,0,0.6605461835861206,0,0.22226922021428963,english,comment,True,adjudicator,2-1,0,1
t1_p3fo4vm,0,0.06142404302954674,-2.7265625,0,0.46916264295578003,0,0.11480083122580735,taglish,comment,True,adjudicator,2-1,0,0
t1_p3lcowc,0,0.5009765625,0.00390625,1,0.7783639430999756,1,0.5007315947302844,english,comment,True,majority,3-0,0,0
t1_p55v84k,0,0.02843603305518627,-3.53125,0,0.34650033712387085,0,0.06627009767480319,tagalog,comment,True,unanimous,3-0,0,0
t1_p5ie02z,0,0.44729429483413696,-0.21160888671875,0,0.7755923271179199,0,0.46045090440382413,tagalog,comment,True,adjudicator,2-1,0,1
t1_p3e3pq4,0,0.011158031411468983,-4.484375,0,0.19275683164596558,0,0.03358592214713221,taglish,comment,True,unanimous,3-0,0,0
t1_p38t9ig,0,0.014842418022453785,-4.1953125,0,0.2765558362007141,0,0.041370634428885215,english,comment,True,majority,3-0,0,0
t1_p3lvqwa,0,0.1650540828704834,-1.62109375,0,0.7426789999008179,0,0.22891495399298928,tagalog,comment,True,adjudicator,2-1,0,0
t1_p6xzqoz,1,0.5501240491867065,0.201171875,1,0.8636381030082703,1,0.5376060033869852,taglish,comment,True,unanimous,3-0,1,1
t1_p4y3klk,0,0.6701767444610596,0.708984375,1,0.8739395141601562,1,0.6297485289947656,english,comment,True,unanimous,3-0,0,0
t1_p4j2qy3,0,0.017176708206534386,-4.046875,0,0.26911628246307373,0,0.046012796033967227,taglish,comment,True,majority,3-0,0,0
t1_p3inhz7,0,0.01640303246676922,-4.09375,0,0.2524643540382385,0,0.04449567494372924,english,comment,True,majority,3-0,0,0
t1_p5dlyeh,0,0.04501553252339363,-3.0546875,0,0.4087778925895691,0,0.09208573145653194,taglish,comment,True,unanimous,3-0,0,0
t1_p7i0oww,0,0.005641908384859562,-5.171875,0,0.19425645470619202,0,0.020341748116036198,taglish,comment,True,majority,3-0,0,0
t1_p38gdc9,0,0.760650634765625,1.15625,1,0.9239925742149353,1,0.703956211848893,tagalog,comment,True,adjudicator,2-1,0,0
t1_p3ealbk,0,0.0007916296017356217,-7.140625,0,0.029304686933755875,0,0.004728420238044691,taglish,comment,True,unanimous,3-0,0,0
t1_p3er2di,0,0.1980641782283783,-1.3984375,0,0.7106610536575317,0,0.2596776968926291,taglish,comment,True,majority,3-0,0,0
t1_p4zakm8,0,0.010328153148293495,-4.5625,0,0.2066580355167389,0,0.031737231481715415,taglish,comment,True,majority,3-0,0,0
t1_p7bgb5l,0,0.6270381808280945,0.51953125,1,0.7387790679931641,1,0.5960921892312666,english,comment,True,adjudicator,2-1,0,1
t1_p4x6g2g,0,0.2267836332321167,-1.2265625,0,0.449643075466156,0,0.2851854155532516,english,comment,True,majority,3-0,0,0
t1_p7bb4cl,0,0.6141626238822937,0.46484375,1,0.8432883620262146,1,0.586190558474115,tagalog,comment,True,adjudicator,2-1,0,1
t1_p3foi7m,0,0.016657039523124695,-4.078125,0,0.26830360293388367,0,0.04499600679287852,taglish,comment,True,majority,3-0,0,0
t1_p50tmxr,0,0.009268012829124928,-4.671875,0,0.20446103811264038,0,0.0293136054224161,taglish,comment,True,majority,3-0,0,0
t1_p4u0btx,0,0.20497775077819824,-1.35546875,0,0.6594962477684021,0,0.2659138105397576,taglish,comment,True,unanimous,3-0,0,0
t1_p504u40,0,0.027585282921791077,-3.5625,0,0.3689100444316864,0,0.06483608668244899,tagalog,comment,True,adjudicator,2-1,0,1
t1_p3eyl3v,1,0.6442250609397888,0.59375,1,0.9164317846298218,1,0.6094045381443807,taglish,comment,True,majority,3-0,1,1
t1_p4zx41q,1,0.20561502873897552,-1.3515625,0,0.6251864433288574,0,0.26648544198549257,english,comment,True,adjudicator,2-1,1,1
t1_p27n0ke,0,0.13206616044044495,-1.8828125,0,0.6998461484909058,0,0.19615273810105702,taglish,comment,True,adjudicator,2-1,0,0
t1_p7ccre7,1,0.9536218643188477,3.0234375,1,0.9746748208999634,1,0.905938184885671,taglish,comment,True,majority,3-0,1,1
t1_p3f3yqs,0,0.011508148163557053,-4.453125,0,0.2654765844345093,0,0.034354149161319444,tagalog,comment,True,adjudicator,3-0,0,0
t1_p73wuws,0,0.0333368256688118,-3.3671875,0,0.3682386875152588,0,0.0742930416111243,taglish,comment,True,adjudicator,2-1,0,1
t1_p5dlmov,0,0.14414885640144348,-1.78125,0,0.6104674935340881,0,0.20842757821418992,english,comment,True,adjudicator,2-1,0,0
t1_p4inedd,0,0.027169233188033104,-3.578125,0,0.31473755836486816,0,0.06412995799131095,tagalog,comment,True,majority,3-0,0,0
t1_p6xupxo,0,0.007345826830714941,-4.90625,0,0.07986041903495789,0,0.02470981430760416,english,comment,True,adjudicator,2-1,0,1
t1_p7b3qeg,0,0.0838903859257698,-2.390625,0,0.480108380317688,0,0.1429568810082022,taglish,comment,True,unanimous,3-0,0,0
t1_p7j5by4,1,0.043042849749326706,-3.1015625,0,0.36018842458724976,0,0.08919153261419548,tagalog,comment,True,adjudicator,2-1,1,0
t1_p4j4bo5,0,0.5650887489318848,0.2618408203125,1,0.8646664619445801,1,0.5488830996292817,english,comment,True,adjudicator,2-1,0,0
t1_p50a60d,0,0.03993731364607811,-3.1796875,0,0.3318125903606415,0,0.08454988626357358,english,comment,True,majority,3-0,0,0
t1_p4i6qaq,0,0.013636835850775242,-4.28125,0,0.2093217819929123,0,0.038891425303223426,taglish,comment,True,adjudicator,2-1,0,0
t1_p27mq1d,0,0.08093671500682831,-2.4296875,0,0.6346273422241211,0,0.139408797957999,taglish,comment,True,unanimous,3-0,0,0
t1_p7jl2zl,1,0.9826908707618713,4.0390625,1,0.9873572587966919,1,0.9537296096433208,taglish,comment,True,majority,3-0,1,1
t1_p3immhh,0,0.7057850360870361,0.875,1,0.9264108538627625,1,0.6582509050824351,taglish,comment,True,adjudicator,2-1,0,1
t1_p3fse21,0,0.5543498396873474,0.21826171875,1,0.8817465305328369,1,0.5407870515640951,tagalog,comment,True,adjudicator,2-1,0,0
t1_p3ktk1i,0,0.020645931363105774,-3.859375,0,0.3942194879055023,0,0.05258708638282998,tagalog,comment,True,adjudicator,2-1,0,0
t1_p4icm2l,1,0.35197898745536804,-0.6103515625,0,0.8002325892448425,0,0.3876391070563087,tagalog,comment,True,adjudicator,2-1,1,1
t1_p70307o,0,0.0028449094388633966,-5.859375,0,0.0818176418542862,0,0.012254019984483786,tagalog,comment,True,adjudicator,2-1,0,0
t3_1vk6m52,0,0.020023442804813385,-3.890625,0,0.2594943642616272,0,0.05143285117077024,taglish,submission,True,unanimous,3-0,0,0
t1_p3etfu1,0,0.014503578655421734,-4.21875,0,0.21321043372154236,0,0.04067986882402621,english,comment,True,majority,3-0,0,0
t1_p6snw48,0,0.00482972152531147,-5.328125,0,0.19992046058177948,0,0.018135469279809878,tagalog,comment,True,adjudicator,2-1,0,1
t1_p3m8tkc,0,0.022116590291261673,-3.7890625,0,0.2762620747089386,0,0.055274142239103374,taglish,comment,True,unanimous,3-0,0,0
t1_p3f7jx0,0,0.08151976019144058,-2.421875,0,0.5809698104858398,0,0.14011246017918338,tagalog,comment,True,adjudicator,2-1,0,0
t1_p5feovv,0,0.87364661693573,1.93359375,1,0.9498780965805054,1,0.8097765019534228,tagalog,comment,True,adjudicator,2-1,0,0
t1_p5fl88v,0,0.8187368512153625,1.5078125,1,0.9192334413528442,1,0.7557619478734536,tagalog,comment,True,unanimous,3-0,0,0
t1_p6sfuvk,0,0.015543648041784763,-4.1484375,0,0.2369476556777954,0,0.04278597557137281,tagalog,comment,True,adjudicator,2-1,0,0
t1_p5du4ih,1,0.9289263486862183,2.5703125,1,0.957741916179657,1,0.8727570201875383,english,comment,True,majority,3-0,1,1
t1_p3fs17k,0,0.013222821988165379,-4.3125,0,0.2289324253797531,0,0.03802573122811927,tagalog,comment,True,majority,3-0,0,0
t1_p3rbynx,0,0.12168575078248978,-1.9765625,0,0.6046993136405945,0,0.18531434550365491,taglish,comment,True,unanimous,3-0,0,0
t1_p5ia6ze,0,0.39817240834236145,-0.4130859375,0,0.7615092992782593,0,0.4232453825017582,english,comment,True,adjudicator,2-1,0,0
t1_p3f7adt,0,0.004538431763648987,-5.390625,0,0.11633868515491486,0,0.017320269544532634,english,comment,True,majority,3-0,0,0
t1_p7cnndy,0,0.0029810327105224133,-5.8125,0,0.06209639832377434,0,0.012686427853579403,taglish,comment,True,majority,3-0,0,0
t1_p5iiyxz,0,0.01590639352798462,-4.125,0,0.24766862392425537,0,0.0435108819223144,tagalog,comment,True,majority,3-0,0,0
t1_p5iza8a,0,0.1761041283607483,-1.54296875,0,0.6861905455589294,0,0.23940934187780097,tagalog,comment,True,adjudicator,2-1,0,1
t1_p5itg7e,1,0.6597340703010559,0.662109375,1,0.8758422136306763,1,0.6215239335082053,english,comment,True,adjudicator,2-1,1,0
t1_p3f5hb2,0,0.1661335527896881,-1.61328125,0,0.6724385023117065,0,0.22994968071714433,taglish,comment,True,adjudicator,2-1,0,0
t1_p6wjk7r,0,0.09982065856456757,-2.19921875,0,0.41127216815948486,0,0.16144000948805673,english,comment,True,majority,3-0,0,0
t1_p6w885b,0,0.023870835080742836,-3.7109375,0,0.4962136149406433,0,0.05841114774575512,tagalog,comment,True,adjudicator,2-1,0,1
t1_p7jjytz,1,0.6446726322174072,0.595703125,1,0.8876766562461853,1,0.6097527665205472,taglish,comment,True,unanimous,3-0,1,1
t1_p4zc7k9,1,0.9053223133087158,2.2578125,1,0.9564501643180847,1,0.8444145204245908,taglish,comment,True,majority,3-0,1,1
t1_p7dpy6e,0,0.15203222632408142,-1.71875,0,0.5472890138626099,0,0.21625801712196938,english,comment,True,unanimous,3-0,0,0
t1_p7e7clf,0,0.0015731120947748423,-6.453125,0,0.05507257580757141,0,0.007888876215518405,english,comment,True,unanimous,3-0,0,0
t1_p7d5lsh,0,0.07316472381353378,-2.5390625,0,0.5249514579772949,0,0.12986559511507098,tagalog,comment,True,majority,3-0,0,0
t1_p7741aw,0,0.5526000261306763,0.211181640625,1,0.858989953994751,1,0.5394695769955008,tagalog,comment,True,unanimous,3-0,0,0
t1_p7jly72,0,0.006797531619668007,-4.984375,0,0.17382657527923584,0,0.023337898196897935,english,comment,True,majority,3-0,0,0
t1_p6utghy,0,0.07978201657533646,-2.4453125,0,0.32620054483413696,0,0.1380103582469899,taglish,comment,True,majority,3-0,0,0
t1_p3fn9rl,0,0.2260994017124176,-1.23046875,0,0.7759522199630737,0,0.2845892342496312,tagalog,comment,True,adjudicator,2-1,0,1
t1_p548opy,0,0.0022872276604175568,-6.078125,0,0.11121823638677597,0,0.010421079904172405,taglish,comment,True,unanimous,3-0,0,0
t1_p73lws3,0,0.007577240467071533,-4.875,0,0.22636842727661133,0,0.025280324796512977,taglish,comment,True,majority,3-0,0,0
t1_p5hhth3,0,0.949669361114502,2.9375,1,0.9710816144943237,1,0.9003068354589999,tagalog,comment,True,adjudicator,2-1,0,1
t1_p75y4gp,0,0.9353464841842651,2.671875,1,0.9729844927787781,1,0.8809696434222112,taglish,comment,True,adjudicator,2-1,0,1
t1_p501scw,0,0.05707139894366264,-2.8046875,0,0.4543527364730835,0,0.10898591664033609,taglish,comment,True,majority,3-0,0,0
t1_p74jed9,0,0.0037654140032827854,-5.578125,0,0.07047484070062637,0,0.015084738345133585,taglish,comment,True,unanimous,3-0,0,0
t1_p6sficv,0,0.12210386991500854,-1.97265625,0,0.5431889891624451,0,0.18575655675726532,taglish,comment,True,adjudicator,2-1,0,0
t1_p3kp7pr,0,0.039048291742801666,-3.203125,0,0.5252113342285156,0,0.08320073000571294,tagalog,comment,True,adjudicator,2-1,0,0
t1_p3kijwr,0,0.05184547230601311,-2.90625,0,0.4626855254173279,0,0.10181419053169236,tagalog,comment,True,adjudicator,2-1,0,0
t1_p2lr6vc,0,0.001674399245530367,-6.390625,0,0.0634961947798729,0,0.00826390885960667,taglish,comment,True,majority,3-0,0,0
t1_p53kc0j,0,0.0037654140032827854,-5.578125,0,0.10581845045089722,0,0.015084738345133585,tagalog,comment,True,majority,3-0,0,0
t1_p4dhebd,0,0.06512754410505295,-2.6640625,0,0.4428095817565918,0,0.11964545942825905,taglish,comment,True,majority,3-0,0,0
t1_p6ua9sd,0,0.001367025775834918,-6.59375,0,0.03341597318649292,0,0.007105670299905561,taglish,comment,True,majority,3-0,0,0
t1_p4mdscq,0,0.01912403479218483,-3.9375,0,0.1596975028514862,0,0.04974634041692687,taglish,comment,True,majority,3-0,0,0
t1_p2801kr,0,0.01678548939526081,-4.0703125,0,0.2783815264701843,0,0.04524817879446525,tagalog,comment,True,adjudicator,2-1,0,0
t1_p7dseow,0,0.008711384609341621,-4.734375,0,0.18722403049468994,0,0.02801027616326973,taglish,comment,True,majority,3-0,0,0
t1_p4zzjgs,0,0.8803863525390625,1.99609375,1,0.9403948187828064,1,0.8168845124398045,tagalog,comment,True,adjudicator,2-1,0,1
t1_p6ss6y1,0,0.004609572235494852,-5.375,0,0.0760984942317009,0,0.01752063057141709,english,comment,True,majority,3-0,0,0
t1_p75vjn0,0,0.04742587357759476,-3.0,0,0.36797448992729187,0,0.09556873219539853,tagalog,comment,True,adjudicator,2-1,0,0
t1_p72zfo4,0,0.7094219326972961,0.892578125,1,0.8648032546043396,1,0.6612070917064089,tagalog,comment,True,adjudicator,2-1,0,1
t1_p5fexch,0,0.7070003151893616,0.880859375,1,0.8966858386993408,1,0.659237681337589,tagalog,comment,True,adjudicator,2-1,0,1
t1_p3ewny7,0,0.3385142982006073,-0.669921875,0,0.808116614818573,0,0.37710029241270693,tagalog,comment,True,adjudicator,2-1,0,1
t1_p4zw37q,1,0.9594592452049255,3.1640625,1,0.977238118648529,1,0.9145396749702671,taglish,comment,True,majority,3-0,1,1
t1_p5ie04u,0,0.33895182609558105,-0.66796875,0,0.7258042693138123,0,0.37744405127011416,tagalog,comment,True,adjudicator,3-0,0,0
t1_p6xbx95,0,0.0060975621454417706,-5.09375,0,0.15772134065628052,0,0.0215414205481145,tagalog,comment,True,adjudicator,2-1,0,0
t3_1vmczp1,0,0.3019792437553406,-0.837890625,0,0.7507750988006592,0,0.34803025846758173,tagalog,submission,True,majority,3-0,0,0
t1_p27zybu,0,0.10743748396635056,-2.1171875,0,0.527427077293396,0,0.1699335178930344,tagalog,comment,True,adjudicator,2-1,0,1
t1_p3khdbr,0,0.1250653862953186,-1.9453125,0,0.6036471128463745,0,0.18887484827032464,tagalog,comment,True,majority,3-0,0,0
t1_p3841a8,0,0.0832919254899025,-2.3984375,0,0.5521752238273621,0,0.14224129676042765,english,comment,True,adjudicator,2-1,0,0
t1_p6sdbo2,0,0.00806199200451374,-4.8125,0,0.15075892210006714,0,0.02646008630603746,english,comment,True,majority,3-0,0,0
t1_p7awgct,0,0.6162432432174683,0.4736328125,1,0.8752467036247253,1,0.587786822175523,tagalog,comment,True,adjudicator,2-1,0,0
t1_p7c4a45,0,0.017045317217707634,-4.0546875,0,0.30083000659942627,0,0.04575656697670378,tagalog,comment,True,unanimous,3-0,0,0
t1_p50zy7x,0,0.2802222669124603,-0.943359375,0,0.7270805239677429,0,0.3303237806830044,tagalog,comment,True,majority,3-0,0,0
t1_p3e1jwn,0,0.0012448433553799987,-6.6875,0,0.04200725257396698,0,0.006626932336174924,taglish,comment,True,majority,3-0,0,0
t1_p7cm5yl,0,0.01615283451974392,-4.109375,0,0.24712435901165009,0,0.04400065019258756,english,comment,True,adjudicator,2-1,0,0
t1_p75p4b8,0,0.09739040583372116,-2.2265625,0,0.525206446647644,0,0.15868604980024484,tagalog,comment,True,adjudicator,2-1,0,1
t1_p7cf3o9,0,0.5466171503067017,0.18701171875,1,0.8232945203781128,1,0.5349679450779062,english,comment,True,majority,3-0,0,0
t1_p179xnz,0,0.0039454069919884205,-5.53125,0,0.11416816711425781,0,0.015615454693007319,tagalog,comment,True,majority,3-0,0,0
t1_p3n1rjf,0,0.012053778395056725,-4.40625,0,0.25824373960494995,0,0.03553834644186387,taglish,comment,True,adjudicator,2-1,0,1
t1_p73690z,0,0.04084571823477745,-3.15625,0,0.31295517086982727,0,0.08591886973219272,tagalog,comment,True,adjudicator,2-1,0,1
t1_p7bf5ws,0,0.13117322325706482,-1.890625,0,0.4775753915309906,0,0.19523153392135748,tagalog,comment,True,majority,3-0,0,0
t1_p7ckqoa,0,0.011687257327139378,-4.4375,0,0.19004420936107635,0,0.03474459122869208,tagalog,comment,True,majority,3-0,0,0
t1_p5istnf,0,0.03185885399580002,-3.4140625,0,0.49470657110214233,0,0.07191376225915978,taglish,comment,True,majority,3-0,0,0
t1_p4zw3pr,0,0.7201715111732483,0.9453125,1,0.8956902027130127,1,0.669999811264703,english,comment,True,adjudicator,2-1,0,0
t1_p7cqdro,0,0.004609572235494852,-5.375,0,0.1337628811597824,0,0.01752063057141709,tagalog,comment,True,majority,3-0,0,0
t1_p4zx4em,0,0.1294027417898178,-1.90625,0,0.5486066341400146,0,0.19339896524214864,taglish,comment,True,unanimous,3-0,0,0
t1_p72ibpe,0,0.018833130598068237,-3.953125,0,0.24121181666851044,0,0.04919590838703354,tagalog,comment,True,majority,3-0,0,0
t1_p4zflgz,0,0.2632204294204712,-1.029296875,0,0.765763521194458,0,0.31624090036146096,tagalog,comment,True,adjudicator,2-1,0,1
t1_p5i1uq3,0,0.5932558178901672,0.37744140625,1,0.8311203718185425,1,0.5702231279677421,english,comment,True,adjudicator,2-1,0,1
t1_p73lp9u,0,0.010902374982833862,-4.5078125,0,0.17966040968894958,0,0.033020660606949685,english,comment,True,majority,3-0,0,0
t1_p5d8pfa,0,0.003123648464679718,-5.765625,0,0.05797600746154785,0,0.013133891220358898,taglish,comment,True,majority,3-0,0,0
t1_p73mcow,0,0.03649376332759857,-3.2734375,0,0.31286364793777466,0,0.07926998546374149,taglish,comment,True,majority,3-0,0,0
t1_p2kqqji,0,0.0033766122069209814,-5.6875,0,0.08772514760494232,0,0.013914511705098519,english,comment,True,majority,3-0,0,0
t1_p48bcl6,0,0.03760863468050957,-3.2421875,0,0.31142911314964294,0,0.08099558809348903,taglish,comment,True,unanimous,3-0,0,0
t1_p27yi19,0,0.02822098508477211,-3.5390625,0,0.33652836084365845,0,0.06590885633914588,tagalog,comment,True,majority,3-0,0,0
t1_p3ettn0,0,0.012241275049746037,-4.390625,0,0.21991413831710815,0,0.03594174622161488,taglish,comment,True,majority,3-0,0,0
t1_p760b01,0,0.9202179908752441,2.4453125,1,0.9648205637931824,1,0.8619896417530101,tagalog,comment,True,majority,3-0,0,0
t1_p1m5x7f,0,0.005641908384859562,-5.171875,0,0.11378675699234009,0,0.020341748116036198,tagalog,comment,True,unanimous,3-0,0,0
t1_p44rmvn,0,0.06418264657258987,-2.6796875,0,0.46588510274887085,0,0.1184179906369386,english,comment,True,majority,3-0,0,0
t1_p4i7j69,0,0.007577240467071533,-4.875,0,0.19709257781505585,0,0.025280324796512977,tagalog,comment,True,adjudicator,2-1,0,0
t1_p7b78u4,0,0.07263670861721039,-2.546875,0,0.40827858448028564,0,0.12920566145368317,english,comment,True,adjudicator,2-1,0,0
t1_p7cuyvj,0,0.01640303246676922,-4.09375,0,0.21048209071159363,0,0.04449567494372924,taglish,comment,True,unanimous,3-0,0,0
t1_p5cjw6t,0,0.07316472381353378,-2.5390625,0,0.2356988787651062,0,0.12986559511507098,english,comment,True,majority,3-0,0,0
t1_p27u5zq,1,0.4509637653827667,-0.19677734375,0,0.854748010635376,0,0.4632124860294647,taglish,comment,True,unanimous,3-0,1,1
t1_p75paso,0,0.24364246428012848,-1.1328125,0,0.7570759057998657,0,0.2997160240675595,taglish,comment,True,adjudicator,2-1,0,1
t1_p7cm5o9,0,0.016029147431254387,-4.1171875,0,0.22381971776485443,0,0.04375511214698672,taglish,comment,True,adjudicator,2-1,0,0
t1_p6xngqr,1,0.00985985528677702,-4.609375,0,0.20092754065990448,0,0.030675665191402326,taglish,comment,True,unanimous,3-0,1,1
t1_p4i7379,1,0.28537195920944214,-0.91796875,0,0.7812374830245972,0,0.3345450178790991,tagalog,comment,True,adjudicator,2-1,1,1
t1_p6zroni,0,0.024798156693577766,-3.671875,0,0.18928584456443787,0,0.06004158954237694,english,comment,True,majority,3-0,0,0
t1_p73bf3o,0,0.05921025201678276,-2.765625,0,0.42249807715415955,0,0.11186035209602119,tagalog,comment,True,adjudicator,2-1,0,1
t1_p72xq0x,0,0.010652512311935425,-4.53125,0,0.15122927725315094,0,0.032464593008292054,tagalog,comment,True,majority,3-0,0,0
t1_p3fe0l3,0,0.21601152420043945,-1.2890625,0,0.6490651369094849,0,0.275737267621891,tagalog,comment,True,adjudicator,2-1,0,0
t1_p6xg4if,0,0.0032224843744188547,-5.734375,0,0.05451607331633568,0,0.013440815311279984,english,comment,True,majority,3-0,0,0
t1_p72r73n,0,0.9433475732803345,2.8125,1,0.9716951251029968,1,0.8915811339744334,tagalog,comment,True,adjudicator,2-1,0,1
t1_p56ycd2,0,0.0033244371879845858,-5.703125,0,0.12268280982971191,0,0.01375481190000257,tagalog,comment,True,unanimous,3-0,0,0
t1_p506evv,1,0.053799647837877274,-2.8671875,0,0.6203891634941101,0,0.10452166467593718,taglish,comment,True,adjudicator,2-1,1,1
t1_p4zz7jm,0,0.005220125894993544,-5.25,0,0.11937352269887924,0,0.01920757561389441,tagalog,comment,True,majority,3-0,0,0
t3_1vf0mft,0,0.0035380858462303877,-5.640625,0,0.06291072070598602,0,0.01440465888676637,taglish,submission,True,unanimous,3-0,0,0
t1_p79hkin,0,0.16184942424297333,-1.64453125,0,0.5206897258758545,0,0.2258304508673948,taglish,comment,True,unanimous,3-0,0,0
t1_p73uwo5,0,0.007460643537342548,-4.890625,0,0.25234729051589966,0,0.02499348349390211,taglish,comment,True,majority,3-0,0,0
t1_p4mctow,0,0.8683809638023376,1.88671875,1,0.926737904548645,1,0.8043082741647734,tagalog,comment,True,adjudicator,2-1,0,0
t1_p7446ww,0,0.0029349515680223703,-5.828125,0,0.05660620331764221,0,0.012540643773239032,taglish,comment,True,majority,3-0,0,0
t1_p745nm4,0,0.018124721944332123,-3.9921875,0,0.24275851249694824,0,0.04784499205956626,taglish,comment,True,unanimous,3-0,0,0
t1_p7bco0h,0,0.14414885640144348,-1.78125,0,0.5717267394065857,0,0.20842757821418992,tagalog,comment,True,majority,3-0,0,0
t1_p75cezi,0,0.0030753696337342262,-5.78125,0,0.054978638887405396,0,0.012983032801439235,english,comment,True,majority,3-0,0,0
t1_p75cfk1,0,0.0029810327105224133,-5.8125,0,0.05520651862025261,0,0.012686427853579403,english,comment,True,majority,3-0,0,0
t1_p4mdvr0,0,0.47682324051856995,-0.0927734375,0,0.7091958522796631,0,0.48263160364615176,english,comment,True,adjudicator,2-1,0,0
t1_p75fi9e,0,0.08151976019144058,-2.421875,0,0.44926518201828003,0,0.14011246017918338,english,comment,True,adjudicator,2-1,0,0
t1_p7b5tbp,0,0.13660839200019836,-1.84375,0,0.5490623712539673,0,0.20080802457287394,tagalog,comment,True,unanimous,3-0,0,0
t3_1vna3cl,0,0.0029810327105224133,-5.8125,0,0.07481806725263596,0,0.012686427853579403,taglish,submission,True,majority,3-0,0,0
t1_p3km5es,0,0.2516477108001709,-1.08984375,0,0.735914409160614,0,0.30651555577483536,tagalog,comment,True,adjudicator,2-1,0,1
t1_p74b2gk,0,0.034618839621543884,-3.328125,0,0.3958926200866699,0,0.07633086008428057,taglish,comment,True,unanimous,3-0,0,0
t1_p5fv6sf,1,0.17217184603214264,-1.5703125,0,0.5951743125915527,0,0.23569917249860448,english,comment,True,adjudicator,2-1,1,1
t1_p7cooem,0,0.03258974477648735,-3.390625,0,0.41631588339805603,0,0.07309448494742783,tagalog,comment,True,adjudicator,2-1,0,1
t1_p6ysr0x,0,0.014063626527786255,-4.25,0,0.27459999918937683,0,0.03977601286698117,taglish,comment,True,adjudicator,2-1,0,1
t1_p4mdcaf,0,0.046378206461668015,-3.0234375,0,0.5025793313980103,0,0.09406181511432907,tagalog,comment,True,majority,3-0,0,0
t1_p27mrqh,0,0.03541072830557823,-3.3046875,0,0.3471108376979828,0,0.0775780431932074,taglish,comment,True,adjudicator,2-1,0,1
t1_p3k4aop,0,0.020023442804813385,-3.890625,0,0.3501712679862976,0,0.05143285117077024,taglish,comment,True,majority,3-0,0,0
t1_p3g3iqe,0,0.023870835080742836,-3.7109375,0,0.4303538501262665,0,0.05841114774575512,taglish,comment,True,unanimous,3-0,0,0
t1_p7c5z5s,0,0.03161877021193504,-3.421875,0,0.2906579375267029,0,0.07152411357556374,tagalog,comment,True,adjudicator,2-1,0,0
t1_p5ijgbc,1,0.7146279811859131,0.91796875,1,0.7881643176078796,1,0.6654549821209009,tagalog,comment,True,majority,3-0,1,1
t1_p3fd8u6,0,0.09138210862874985,-2.296875,0,0.6354436874389648,0,0.15177947196597827,tagalog,comment,True,adjudicator,2-1,0,0
t1_p4xru6b,0,0.8921873569488525,2.11328125,1,0.9418237209320068,1,0.8296532993652962,taglish,comment,True,adjudicator,2-1,0,1
t1_p3fdc66,0,0.03308597952127457,-3.375,0,0.3628931939601898,0,0.07389152772422952,taglish,comment,True,majority,3-0,0,0
t1_p4ttar2,0,0.6062653660774231,0.431640625,1,0.8900253176689148,1,0.5801441335558881,taglish,comment,True,unanimous,3-0,0,0
t1_p501rgp,0,0.019870713353157043,-3.8984375,0,0.2709141969680786,0,0.05114805796446534,taglish,comment,True,majority,3-0,0,0
t1_p5cr76w,0,0.005819959565997124,-5.140625,0,0.11457234621047974,0,0.020813559138190333,taglish,comment,True,majority,3-0,0,0
t1_p3fjudp,0,0.08570928126573563,-2.3671875,0,0.6127889156341553,0,0.14512164133272337,tagalog,comment,True,adjudicator,2-1,0,0
t1_p3f3esb,0,0.053009770810604095,-2.8828125,0,0.4298555850982666,0,0.10343112494069132,taglish,comment,True,adjudicator,2-1,0,0
t1_p74em8i,0,0.07864238321781158,-2.4609375,0,0.4551198482513428,0,0.1366237195539455,english,comment,True,adjudicator,2-1,0,0
t1_p3etqi4,1,0.6383845806121826,0.568359375,1,0.8374719619750977,1,0.6048675389086876,tagalog,comment,True,adjudicator,2-1,1,1
t1_p79wfkz,0,0.10557883977890015,-2.13671875,0,0.538100004196167,0,0.1678795544411648,tagalog,comment,True,unanimous,3-0,0,0
t1_p4temin,0,0.8327813148498535,1.60546875,1,0.9417009353637695,1,0.7690123165356916,tagalog,comment,True,majority,3-0,0,0
t3_1vkn1es,0,0.0019877743907272816,-6.21875,0,0.06099732965230942,0,0.009388856452133908,taglish,submission,True,unanimous,3-0,0,0
t1_p7cplnf,0,0.007937993854284286,-4.828125,0,0.18315748870372772,0,0.02616021819323484,taglish,comment,True,adjudicator,2-1,0,1
t1_p5j3i5t,0,0.006003595422953367,-5.109375,0,0.11426246166229248,0,0.02129607556176179,taglish,comment,True,unanimous,3-0,0,0
t1_p73lsd9,0,0.005301895085722208,-5.234375,0,0.12418358027935028,0,0.01942933734851006,english,comment,True,majority,3-0,0,0
t1_p7jle5m,0,0.07978201657533646,-2.4453125,0,0.3949376940727234,0,0.1380103582469899,tagalog,comment,True,unanimous,3-0,0,0
t1_p7bzinf,0,0.808672308921814,1.44140625,1,0.9116248488426208,1,0.746462680230454,taglish,comment,True,unanimous,3-0,0,0
t3_1vn5hr5,0,0.08509904891252518,-2.375,0,0.4783463478088379,0,0.1443970468368283,taglish,submission,True,majority,3-0,0,0
t1_p7b2zfe,0,0.00628990214318037,-5.0625,0,0.12947863340377808,0,0.022040431019355326,taglish,comment,True,unanimous,3-0,0,0
t1_p7jnjat,1,0.6645402908325195,0.68359375,1,0.8627021312713623,1,0.6253025416569513,tagalog,comment,True,majority,3-0,1,1
t1_p1tx8go,0,0.010652512311935425,-4.53125,0,0.1190032809972763,0,0.032464593008292054,tagalog,comment,True,unanimous,3-0,0,0
t1_p5ijuh1,0,0.7683857679367065,1.19921875,1,0.8943516612052917,1,0.7106203793657095,tagalog,comment,True,adjudicator,2-1,0,1
t1_p7j17ud,1,0.015189048834145069,-4.171875,0,0.17968985438346863,0,0.0420726151776803,tagalog,comment,True,adjudicator,2-1,1,0
t1_p5ik2mt,0,0.12721826136112213,-1.92578125,0,0.5680164694786072,0,0.1911266837801147,tagalog,comment,True,adjudicator,3-0,0,0
t1_p5iixis,0,0.3965354859828949,-0.419921875,0,0.7407166957855225,0,0.4219957549191279,taglish,comment,True,adjudicator,2-1,0,1
t1_p5inhrk,0,0.2523840665817261,-1.0859375,0,0.590387761592865,0,0.3071379503155666,tagalog,comment,True,adjudicator,2-1,0,1
t1_p7apo08,0,0.03358950838446617,-3.359375,0,0.46897441148757935,0,0.07469656128292845,taglish,comment,True,majority,3-0,0,0
t1_p539k62,0,0.006903837900608778,-4.96875,0,0.2262541651725769,0,0.02360619896586913,taglish,comment,True,majority,3-0,0,0
t1_p7jmcko,0,0.01971912942826748,-3.90625,0,0.3955835700035095,0,0.05086475715029827,tagalog,comment,True,adjudicator,2-1,0,1
t3_1vmfdu4,0,0.00806199200451374,-4.8125,0,0.1339859664440155,0,0.02646008630603746,taglish,submission,True,adjudicator,2-1,0,0
t1_p6vmioe,0,0.0071214293129742146,-4.9375,0,0.11475823819637299,0,0.02415185972281284,taglish,comment,True,majority,3-0,0,0
t1_p73l2yp,0,0.005220125894993544,-5.25,0,0.10879389941692352,0,0.01920757561389441,taglish,comment,True,majority,3-0,0,0
t3_1vjvros,0,0.2685575783252716,-1.001953125,0,0.7412227392196655,0,0.3206869335278722,tagalog,submission,True,majority,3-0,0,0
t1_p6t9u07,0,0.0036499870475381613,-5.609375,0,0.08300819993019104,0,0.014740835796323182,taglish,comment,True,majority,3-0,0,0
t1_p730s7k,0,0.0059110685251653194,-5.125,0,0.13859987258911133,0,0.021053464794638353,taglish,comment,True,majority,3-0,0,0
t1_p2repsp,0,0.013020490296185017,-4.328125,0,0.20092390477657318,0,0.037599853652667665,taglish,comment,True,majority,3-0,0,0
t1_p6y3fo9,0,0.4016694724559784,-0.3985137939453125,0,0.6899844408035278,0,0.42591247035661334,english,comment,True,unanimous,3-0,0,0
t1_p3k8lgh,0,0.004905405919998884,-5.3125,0,0.11531950533390045,0,0.018345084496537066,tagalog,comment,True,unanimous,3-0,0,0
t1_p2r1wa5,0,0.013020490296185017,-4.328125,0,0.2280820608139038,0,0.037599853652667665,tagalog,comment,True,majority,3-0,0,0
t1_p7alvaf,0,0.0025509123224765062,-5.96875,0,0.1301904171705246,0,0.011300871927375038,english,comment,True,majority,3-0,0,0
t1_p3jzkmd,0,0.0061929901130497456,-5.078125,0,0.1246810182929039,0,0.021789529143186256,taglish,comment,True,majority,3-0,0,0
t1_p47w28i,0,0.05070536583662033,-2.9296875,0,0.4233388304710388,0,0.10021970803980035,taglish,comment,True,adjudicator,2-1,0,1
t1_p5dc63m,0,0.03760863468050957,-3.2421875,0,0.4329461455345154,0,0.08099558809348903,taglish,comment,True,majority,3-0,0,0
t1_p3h2zmc,0,0.10894505679607391,-2.1015625,0,0.5626106262207031,0,0.17159103873930584,taglish,comment,True,majority,3-0,0,0
t1_p72hos4,0,0.011687257327139378,-4.4375,0,0.23348896205425262,0,0.03474459122869208,taglish,comment,True,majority,3-0,0,0
t1_p5cm6yc,0,0.008315778337419033,-4.78125,0,0.12160062789916992,0,0.027069886167298093,taglish,comment,True,unanimous,3-0,0,0
t1_p7jmwuw,0,0.14080817997455597,-1.80859375,0,0.61329185962677,0,0.20506808762750214,taglish,comment,True,unanimous,3-0,0,0
t1_p2kp7px,0,0.0009253848693333566,-6.984375,0,0.02546004019677639,0,0.005312483292174722,english,comment,True,majority,3-0,0,0
t1_p51678c,0,0.1761041283607483,-1.54296875,0,0.46499547362327576,0,0.23940934187780097,english,comment,True,majority,3-0,0,0
t1_p4s1e0i,0,0.07640768587589264,-2.4921875,0,0.45709046721458435,0,0.13388562474662985,taglish,comment,True,unanimous,3-0,0,0
t1_p5gpret,1,0.7189891934394836,0.939453125,1,0.8648154735565186,1,0.6690285535026442,taglish,comment,True,unanimous,3-0,1,1
t1_p7j0fuj,0,0.501220703125,0.0048828125,1,0.796722412109375,1,0.5009144930457567,taglish,comment,True,majority,3-0,0,0
t1_p3g3bgw,0,0.018124721944332123,-3.9921875,0,0.3413025140762329,0,0.04784499205956626,taglish,comment,True,majority,3-0,0,0
t1_p4cxm10,0,0.004264634568244219,-5.453125,0,0.10604321956634521,0,0.016541096182127752,taglish,comment,True,majority,3-0,0,0
t1_p27676o,0,0.001674399245530367,-6.390625,0,0.0472455695271492,0,0.00826390885960667,tagalog,comment,True,adjudicator,3-0,0,0
t1_p1753z6,0,0.007011795416474342,-4.953125,0,0.13096940517425537,0,0.023877508806176746,taglish,comment,True,majority,3-0,0,0
t1_p1u8a4a,0,0.00482972152531147,-5.328125,0,0.0756869912147522,0,0.018135469279809878,english,comment,True,majority,3-0,0,0
t1_p7k6xn5,0,0.0443485863506794,-3.0703125,0,0.3749849200248718,0,0.09111174178084105,english,comment,True,adjudicator,2-1,0,0
t1_p3lsnni,0,0.001867565792053938,-6.28125,0,0.05786829814314842,0,0.008963232852867506,english,comment,True,majority,3-0,0,0
t1_p3fov8w,0,0.03622005507349968,-3.28125,0,0.37593507766723633,0,0.07884386479317726,taglish,comment,True,unanimous,3-0,0,0
t1_p1tc4gj,0,0.010169658809900284,-4.578125,0,0.11170420050621033,0,0.03137948594809,english,comment,True,majority,3-0,0,0
t3_1vhs53z,0,0.037047166377305984,-3.2578125,0,0.41799259185791016,0,0.08012854631784959,taglish,submission,True,adjudicator,2-1,0,1
t1_p4ryksa,0,0.005730246659368277,-5.15625,0,0.10079123079776764,0,0.020576329762842415,english,comment,True,majority,3-0,0,0
t1_p174s1z,0,0.0035380858462303877,-5.640625,0,0.09532994031906128,0,0.01440465888676637,taglish,comment,True,unanimous,3-0,0,0
t1_p4ryfsy,1,0.058345843106508255,-2.78125,0,0.35183799266815186,0,0.11070270904364289,english,comment,True,majority,3-0,1,1
t1_p7c3l69,0,0.024237634614109993,-3.6953125,0,0.20150059461593628,0,0.05905828086570057,taglish,comment,True,majority,3-0,0,0
t1_p4mavs0,0,0.9184802770614624,2.421875,1,0.9608238935470581,1,0.8598875398208167,tagalog,comment,True,adjudicator,2-1,0,0
t1_p7bkjap,0,0.2829881012439728,-0.9296875,0,0.7314703464508057,0,0.33259341159099265,tagalog,comment,True,adjudicator,2-1,0,1
t1_p75ofnj,1,0.8984104990959167,2.1796875,1,0.945037841796875,1,0.8365693394312201,tagalog,comment,True,majority,3-0,1,1
t1_p7cjao1,0,0.001838665222749114,-6.296875,0,0.05486235022544861,0,0.008859849344304676,taglish,comment,True,majority,3-0,0,0
t1_p3p30ek,0,0.005139610730111599,-5.265625,0,0.12362127006053925,0,0.018988295999576993,tagalog,comment,True,majority,3-0,0,0
t1_p73lthh,0,0.012053778395056725,-4.40625,0,0.27081629633903503,0,0.03553834644186387,taglish,comment,True,majority,3-0,0,0
t3_1vchihj,0,0.005384938325732946,-5.21875,0,0.14643214643001556,0,0.019653608135243982,taglish,submission,True,majority,3-0,0,0
t1_p72pp3f,1,0.014392335899174213,-4.2265625,0,0.2074447125196457,0,0.04045207770532572,tagalog,comment,True,adjudicator,2-1,1,0
t1_p72kh9o,0,0.00857748556882143,-4.75,0,0.17307624220848083,0,0.02769333972740153,taglish,comment,True,majority,3-0,0,0
t1_p7e01e8,0,0.0014325366355478764,-6.546875,0,0.050027232617139816,0,0.007357761508922906,taglish,comment,True,majority,3-0,0,0
t1_p170sk2,0,0.0029349515680223703,-5.828125,0,0.06392163038253784,0,0.012540643773239032,tagalog,comment,True,majority,3-0,0,0
t1_p6utm4e,0,0.09467770159244537,-2.2578125,0,0.45875462889671326,0,0.15558547957540922,tagalog,comment,True,adjudicator,2-1,0,0
t1_p7bjlmq,0,0.053403329104185104,-2.875,0,0.37287938594818115,0,0.1039751309639871,taglish,comment,True,unanimous,3-0,0,0
t1_p1tgod4,0,0.09203286468982697,-2.2890625,0,0.47592589259147644,0,0.15253450761519688,tagalog,comment,True,adjudicator,2-1,0,0
t1_p3jv73o,0,0.021125193685293198,-3.8359375,0,0.2996613383293152,0,0.053468773484727145,taglish,comment,True,majority,3-0,0,0
t1_p73oayr,0,0.004007288720458746,-5.515625,0,0.04783857613801956,0,0.015796411423831536,taglish,comment,True,majority,3-0,0,0
t1_p6s87ve,0,0.0029810327105224133,-5.8125,0,0.06056348234415054,0,0.012686427853579403,english,comment,True,majority,3-0,0,0
t1_p501kyt,0,0.012431650422513485,-4.375,0,0.3517102897167206,0,0.036349552458675695,tagalog,comment,True,adjudicator,2-1,0,0
t1_p5fgvsq,1,0.622459352016449,0.5,1,0.8654271364212036,1,0.5925644225775644,taglish,comment,True,majority,3-0,1,1
t1_p5fb6ya,0,0.3677242696285248,-0.5419921875,0,0.7014817595481873,0,0.39986314613668017,english,comment,True,adjudicator,2-1,0,0
t1_p6s69yr,0,0.004198795650154352,-5.46875,0,0.06170808523893356,0,0.01635175040280427,english,comment,True,majority,3-0,0,0
t1_p73ltjr,0,0.008445627056062222,-4.765625,0,0.11520036309957504,0,0.02737988841155039,english,comment,True,majority,3-0,0,0
t1_p5id8nt,0,0.4443236291408539,-0.2236328125,0,0.6242407560348511,0,0.45821386416361126,tagalog,comment,True,majority,3-0,0,0
t1_p5h9wbt,1,0.9059898257255554,2.265625,1,0.9603440165519714,1,0.8451818992733258,english,comment,True,adjudicator,2-1,1,1
t1_p5ih4jw,1,0.7037531733512878,0.865234375,1,0.8638474941253662,1,0.6566032326497293,taglish,comment,True,majority,3-0,1,1
t1_p3rmjs2,0,0.14560064673423767,-1.76953125,0,0.6542102694511414,0,0.2098797175124836,taglish,comment,True,majority,3-0,0,0
t1_p4zw01z,1,0.7000752091407776,0.84765625,1,0.8723387122154236,1,0.6536279182234899,taglish,comment,True,majority,3-0,1,1
t1_p56lwbi,0,0.012431650422513485,-4.375,0,0.24473623931407928,0,0.036349552458675695,taglish,comment,True,majority,3-0,0,0
t1_p4miji8,0,0.07864238321781158,-2.4609375,0,0.42259663343429565,0,0.1366237195539455,tagalog,comment,True,adjudicator,2-1,0,0
t1_p3m00z4,0,0.002714985515922308,-5.90625,0,0.0658467635512352,0,0.011836173743242948,english,comment,True,majority,3-0,0,0
t1_p744yjy,0,0.016914913430809975,-4.0625,0,0.23702308535575867,0,0.045501696713335225,taglish,comment,True,majority,3-0,0,0
t1_p3gk5rl,0,0.0038844766095280647,-5.546875,0,0.0642564445734024,0,0.015436538409855137,taglish,comment,True,majority,3-0,0,0
t1_p7b941u,0,0.15713684260845184,-1.6796875,0,0.5662163496017456,0,0.2212591237018565,tagalog,comment,True,unanimous,3-0,0,0
t1_p4l6vav,0,0.001151399570517242,-6.765625,0,0.0421379953622818,0,0.006252561251905091,english,comment,True,majority,3-0,0,0
t1_p3lw9cc,0,0.0026316740550100803,-5.9375,0,0.07822873443365097,0,0.011565462450000445,english,comment,True,majority,3-0,0,0
t1_p6znf3i,0,0.003172682598233223,-5.75,0,0.053311001509428024,0,0.01328647896618652,taglish,comment,True,unanimous,3-0,0,0
t1_p5iikoh,0,0.5854567289352417,0.34521484375,1,0.8222452402114868,1,0.5642967619153125,tagalog,comment,True,adjudicator,2-1,0,1
t1_p3yp6yt,0,0.09807931631803513,-2.21875,0,0.5189135670661926,0,0.15946898332532772,tagalog,comment,True,adjudicator,2-1,0,1
t1_p2fjeqv,0,0.0020507436711341143,-6.1875,0,0.04908854886889458,0,0.009609115497521404,english,comment,True,majority,3-0,0,0
t1_p3lxvql,0,0.0013885231455788016,-6.578125,0,0.04826570674777031,0,0.007188733166008599,taglish,comment,True,unanimous,3-0,0,0
t1_p7b9oyf,0,0.06052939593791962,-2.7421875,0,0.5495710372924805,0,0.11361665008427911,taglish,comment,True,unanimous,3-0,0,0
t1_p3givw4,0,0.007695646956562996,-4.859375,0,0.12541764974594116,0,0.02557037173968303,taglish,comment,True,unanimous,3-0,0,0
t1_p7iwoea,0,0.07751766592264175,-2.4765625,0,0.5603540539741516,0,0.13524882692727336,tagalog,comment,True,adjudicator,2-1,0,0
t1_p3ndwj2,0,0.01784873940050602,-4.0078125,0,0.2631074786186218,0,0.04731455050714704,taglish,comment,True,majority,3-0,0,0
t1_p56v3dp,0,0.896251380443573,2.15625,1,0.9208781123161316,1,0.8341545432080865,english,comment,True,adjudicator,2-1,0,0
t1_p56qvxs,1,0.9252299070358276,2.515625,1,0.9576791524887085,1,0.8681373821926806,english,comment,True,unanimous,3-0,1,1
t1_p7b7xq0,0,0.35086607933044434,-0.615234375,0,0.5962613821029663,0,0.38677115254119315,english,comment,True,unanimous,3-0,0,0
t1_p5g9bus,0,0.467818021774292,-0.12890625,0,0.8131812810897827,0,0.47587610179756556,english,comment,True,adjudicator,2-1,0,1
t3_1vqi616,1,0.7879312038421631,1.3125,1,0.9247471690177917,1,0.7277553887814663,taglish,submission,True,majority,3-0,1,1
t1_p73mpuk,0,0.005641908384859562,-5.171875,0,0.11561667919158936,0,0.020341748116036198,tagalog,comment,True,adjudicator,2-1,0,0
t1_p76vpz3,1,0.9257686138153076,2.5234375,1,0.9487142562866211,1,0.8688059339674881,taglish,comment,True,majority,3-0,1,1
t1_p292hor,0,0.0012065897462889552,-6.71875,0,0.028458749875426292,0,0.006474583672895699,taglish,comment,True,unanimous,3-0,0,0
t1_p50o4cl,0,0.026759279891848564,-3.59375,0,0.33347630500793457,0,0.06343099810285073,taglish,comment,True,adjudicator,2-1,0,0
t1_p74y1de,0,0.00806199200451374,-4.8125,0,0.24794453382492065,0,0.02646008630603746,english,comment,True,unanimous,3-0,0,0
t1_p7cf1k7,0,0.026963496580719948,-3.5859375,0,0.2330610454082489,0,0.06377958579438398,tagalog,comment,True,adjudicator,2-1,0,1
t1_p4zh708,0,0.011508148163557053,-4.453125,0,0.15695539116859436,0,0.034354149161319444,taglish,comment,True,majority,3-0,0,0
t1_p3mg8ib,0,0.003429603995755315,-5.671875,0,0.09851422160863876,0,0.014076039236044125,english,comment,True,majority,3-0,0,0
t1_p72jub2,0,0.627266526222229,0.5205078125,1,0.8533345460891724,1,0.5962683203168441,tagalog,comment,True,adjudicator,2-1,0,1
t1_p5cuakc,0,0.4223259389400482,-0.313232421875,0,0.7709972262382507,0,0.44160292930802375,tagalog,comment,True,adjudicator,2-1,0,0
t1_p6y5vfc,0,0.0019877743907272816,-6.21875,0,0.030717503279447556,0,0.009388856452133908,taglish,comment,True,unanimous,3-0,0,0
t1_p72i3dh,0,0.007815889082849026,-4.84375,0,0.17350417375564575,0,0.025863658157008633,taglish,comment,True,adjudicator,2-1,0,0
t1_p3mc8tw,0,0.005220125894993544,-5.25,0,0.1237216591835022,0,0.01920757561389441,taglish,comment,True,majority,3-0,0,0
t1_p7ixzm5,1,0.5688350200653076,0.277099609375,1,0.8343758583068848,1,0.5517119665821757,tagalog,comment,True,adjudicator,2-1,1,0
t1_p7ccwv7,0,0.05749328061938286,-2.796875,0,0.3361266255378723,0,0.10955556860560209,tagalog,comment,True,adjudicator,2-1,0,1
t1_p1t667x,0,0.0015487609198316932,-6.46875,0,0.04191417247056961,0,0.007797787023189781,taglish,comment,True,majority,3-0,0,0
t1_p3gghb0,0,0.00214894930832088,-6.140625,0,0.037582866847515106,0,0.009949132644884997,taglish,comment,True,unanimous,3-0,0,0
t1_p75f6ia,0,0.1127954050898552,-2.0625,0,0.49817347526550293,0,0.17579088062556048,taglish,comment,True,majority,3-0,0,0
t1_p1t5z9b,0,0.004331502132117748,-5.4375,0,0.06883791089057922,0,0.01673259720212957,taglish,comment,True,unanimous,3-0,0,0
t3_1vmbtkh,0,0.01784873940050602,-4.0078125,0,0.23954033851623535,0,0.04731455050714704,taglish,submission,True,majority,3-0,0,0
t1_p3mzjh2,0,0.0035936026833951473,-5.625,0,0.11842140555381775,0,0.014571792241652169,taglish,comment,True,unanimous,3-0,0,0
t1_p3lrd7j,0,0.001622967072762549,-6.421875,0,0.044767752289772034,0,0.008074233104883321,taglish,comment,True,majority,3-0,0,0
t1_p570gq4,0,0.6486889719963074,0.61328125,1,0.8478361964225769,1,0.6128817516210121,tagalog,comment,True,adjudicator,2-1,0,1
t1_p6yeasx,1,0.9019206762313843,2.21875,1,0.9473612308502197,1,0.8405310166746723,taglish,comment,True,majority,3-0,1,1
t1_p5inice,1,0.028870904818177223,-3.515625,0,0.3679735064506531,0,0.06699810424655157,taglish,comment,True,unanimous,3-0,1,1
t1_p4yzclk,0,0.007460643537342548,-4.890625,0,0.20952729880809784,0,0.02499348349390211,tagalog,comment,True,unanimous,3-0,0,0
t1_p75lqbr,0,0.00941259041428566,-4.65625,0,0.24789854884147644,0,0.029648519554399132,taglish,comment,True,majority,3-0,0,0
t1_p7b4tpz,0,0.001524786464869976,-6.484375,0,0.058945201337337494,0,0.0077077414242979645,tagalog,comment,True,majority,3-0,0,0
t1_p6xrwg6,0,0.29098084568977356,-0.890625,0,0.7301914691925049,0,0.33912075819890597,tagalog,comment,True,adjudicator,2-1,0,1
t1_p3mepmv,0,0.001151399570517242,-6.765625,0,0.05109527334570885,0,0.006252561251905091,english,comment,True,majority,3-0,0,0
t1_p7anc03,0,0.011508148163557053,-4.453125,0,0.16866052150726318,0,0.034354149161319444,taglish,comment,True,unanimous,3-0,0,0
t1_p3lx9gn,0,0.0012644219677895308,-6.671875,0,0.04240419715642929,0,0.006704436706949743,english,comment,True,majority,3-0,0,0
t1_p4zg2ok,0,0.007460643537342548,-4.890625,0,0.1430658996105194,0,0.02499348349390211,tagalog,comment,True,majority,3-0,0,0
t3_1vt61l7,0,0.004681822843849659,-5.359375,0,0.13243713974952698,0,0.017723267573747804,tagalog,submission,True,majority,3-0,0,0
t1_p3qfzqe,0,0.0009697519708424807,-6.9375,0,0.03523367643356323,0,0.005501309247383878,taglish,comment,True,majority,3-0,0,0
t1_p739rsl,0,0.008315778337419033,-4.78125,0,0.14416320621967316,0,0.027069886167298093,taglish,comment,True,majority,3-0,0,0
t1_p56shvj,0,0.00970847625285387,-4.625,0,0.13860994577407837,0,0.03032951092726271,tagalog,comment,True,unanimous,3-0,0,0
t1_p74qxt5,0,0.007345826830714941,-4.90625,0,0.12448664754629135,0,0.02470981430760416,taglish,comment,True,majority,3-0,0,0
t1_p7jlh3k,0,0.005819959565997124,-5.140625,0,0.09896578639745712,0,0.020813559138190333,tagalog,comment,True,majority,3-0,0,0
t1_p5i2g2g,0,0.06512754410505295,-2.6640625,0,0.30070310831069946,0,0.11964545942825905,english,comment,True,majority,3-0,0,0
t1_p7asonj,1,0.25608712434768677,-1.06640625,0,0.6551636457443237,0,0.31026043735993497,english,comment,True,adjudicator,2-1,1,0
t1_p7akr6w,0,0.053799647837877274,-2.8671875,0,0.4116048812866211,0,0.10452166467593718,taglish,comment,True,unanimous,3-0,0,0
t1_p46c1ys,0,0.49224910140037537,-0.031005859375,0,0.8089167475700378,1,0.49419322376756164,tagalog,comment,True,adjudicator,2-1,0,0
t1_p3s504y,0,0.0025509123224765062,-5.96875,0,0.06556685268878937,0,0.011300871927375038,taglish,comment,True,majority,3-0,0,0
t1_p5btd0h,1,0.6697447896003723,0.70703125,1,0.8242383003234863,1,0.6294072989930873,english,comment,True,adjudicator,3-0,1,1
t1_p79v19c,1,0.9196425676345825,2.4375,1,0.950904130935669,1,0.861291900432485,taglish,comment,True,majority,3-0,1,1
t1_p6l0our,0,0.016914913430809975,-4.0625,0,0.10287810862064362,0,0.045501696713335225,english,comment,True,adjudicator,2-1,0,1
t1_p5qheju,0,0.06954174488782883,-2.59375,0,0.46284565329551697,0,0.12530582186574052,tagalog,comment,True,adjudicator,2-1,0,0
t1_p469u4w,1,0.8140527606010437,1.4765625,1,0.9413403272628784,1,0.7514147693673718,taglish,comment,True,unanimous,3-0,1,1
t1_p5g0w8c,1,0.22135066986083984,-1.2578125,0,0.639496922492981,0,0.2804370600184571,english,comment,True,adjudicator,2-1,1,1
t1_p3gjnmz,0,0.001622967072762549,-6.421875,0,0.04223712906241417,0,0.008074233104883321,english,comment,True,majority,3-0,0,0
t1_p7ak5ny,0,0.0443485863506794,-3.0703125,0,0.3625522255897522,0,0.09111174178084105,taglish,comment,True,majority,3-0,0,0
t1_p57hyi6,0,0.029535338282585144,-3.4921875,0,0.33127260208129883,0,0.06810404121342764,english,comment,True,adjudicator,2-1,0,0
t1_p51u0yc,0,0.0010162440594285727,-6.890625,0,0.03173132613301277,0,0.005696808359663538,tagalog,comment,True,majority,3-0,0,0
t1_p56z4ga,0,0.4066263437271118,-0.3779296875,0,0.7980090975761414,0,0.42968722878275195,tagalog,comment,True,adjudicator,2-1,0,1
t1_p3hib7w,0,0.07864238321781158,-2.4609375,0,0.46470996737480164,0,0.1366237195539455,taglish,comment,True,unanimous,3-0,0,0
t1_p5e0sq3,1,0.04672495648264885,-3.015625,0,0.4851663112640381,0,0.09456173981316968,taglish,comment,True,majority,3-0,1,1
t1_p56zaib,0,0.8670357465744019,1.875,1,0.929900586605072,1,0.8029227754525985,english,comment,True,adjudicator,2-1,0,1
t1_p56r0lz,0,0.7725306153297424,1.22265625,1,0.8899907469749451,1,0.7142176531180799,taglish,comment,True,adjudicator,2-1,0,0
t1_p5jj6g4,0,0.028652667999267578,-3.5234375,0,0.2804643511772156,0,0.06663317770797107,english,comment,True,adjudicator,2-1,0,0
t1_p7bchp8,0,0.012431650422513485,-4.375,0,0.08643894642591476,0,0.036349552458675695,english,comment,True,majority,3-0,0,0
t1_p5bqsqg,0,0.012053778395056725,-4.40625,0,0.23549744486808777,0,0.03553834644186387,tagalog,comment,True,majority,3-0,0,0
t1_p505gfw,0,0.028652667999267578,-3.5234375,0,0.3226650059223175,0,0.06663317770797107,taglish,comment,True,majority,3-0,0,0
t1_p7jjze4,0,0.5504865646362305,0.20263671875,1,0.6557894349098206,1,0.53787878837619,english,comment,True,unanimous,3-0,0,0
t1_p56ss9e,0,0.0030753696337342262,-5.78125,0,0.09507450461387634,0,0.012983032801439235,taglish,comment,True,adjudicator,2-1,0,0
t1_p7447d8,0,0.0015487609198316932,-6.46875,0,0.04654337093234062,0,0.007797787023189781,taglish,comment,True,majority,3-0,0,0
t1_p7bz4l9,0,0.0027576221618801355,-5.890625,0,0.07168911397457123,0,0.011973867714531792,taglish,comment,True,majority,3-0,0,0
t1_p4bsnv1,0,0.42465054988861084,-0.3037109375,0,0.7356224060058594,0,0.44336259299439557,tagalog,comment,True,majority,3-0,0,0
t1_p61jws7,0,0.006388320587575436,-5.046875,0,0.13703198730945587,0,0.022294156133835563,english,comment,True,adjudicator,2-1,0,1
t1_p6ru8e6,0,0.060086652636528015,-2.75,0,0.4700326919555664,0,0.11302856225801737,taglish,comment,True,majority,3-0,0,0
t1_p73y8o3,0,0.006589771714061499,-5.015625,0,0.0787375271320343,0,0.022810197342402572,english,comment,True,majority,3-0,0,0
t1_p742bdi,0,0.006797531619668007,-4.984375,0,0.09048092365264893,0,0.023337898196897935,english,comment,True,adjudicator,2-1,0,0
t1_p5is9gx,0,0.19132769107818604,-1.44140625,0,0.624564528465271,0,0.253537319769546,taglish,comment,True,adjudicator,2-1,0,1
t1_p74w4x6,1,0.17441026866436005,-1.5546875,0,0.5654088854789734,0,0.237814384824974,taglish,comment,True,adjudicator,2-1,1,0
t1_p7ct6hb,0,0.0005614788387902081,-7.484375,0,0.025473972782492638,0,0.003658831096061634,taglish,comment,True,majority,3-0,0,0
t1_p3cd49q,0,0.2950267493724823,-0.87109375,0,0.7211490869522095,0,0.34240770832460016,taglish,comment,True,adjudicator,2-1,0,0
t1_p4nkkv3,0,0.013020490296185017,-4.328125,0,0.11596278846263885,0,0.037599853652667665,english,comment,True,unanimous,3-0,0,0
t1_p56tge7,0,0.9515040516853333,2.9765625,1,0.9699498414993286,1,0.9029027966212985,tagalog,comment,True,adjudicator,2-1,0,0
t1_p6l35h6,0,0.0071214293129742146,-4.9375,0,0.12340863794088364,0,0.02415185972281284,tagalog,comment,True,majority,3-0,0,0
t1_p3ccojs,0,0.021125193685293198,-3.8359375,0,0.24389958381652832,0,0.053468773484727145,tagalog,comment,True,adjudicator,2-1,0,0
t1_p5owqcx,0,0.03161877021193504,-3.421875,0,0.33183202147483826,0,0.07152411357556374,english,comment,True,unanimous,3-0,0,0
t1_p4zxny7,0,0.3319854736328125,-0.69921875,0,0.7791478633880615,0,0.3719589105550581,taglish,comment,True,adjudicator,2-1,0,0
t1_p3qp9i0,0,0.0025509123224765062,-5.96875,0,0.06935938447713852,0,0.011300871927375038,taglish,comment,True,majority,3-0,0,0
t1_p4znx78,0,0.25720497965812683,-1.060546875,0,0.6791906356811523,0,0.3112005823423284,tagalog,comment,True,adjudicator,2-1,0,1
t1_p7cv2ix,0,0.0025509123224765062,-5.96875,0,0.06607698649168015,0,0.011300871927375038,taglish,comment,True,majority,3-0,0,0
t1_p46zdqa,0,0.0032224843744188547,-5.734375,0,0.07682760059833527,0,0.013440815311279984,taglish,comment,True,majority,3-0,0,0
t1_p3giaih,0,0.0009253848693333566,-6.984375,0,0.027983522042632103,0,0.005312483292174722,taglish,comment,True,majority,3-0,0,0
t1_p5jlwpx,0,0.10017221421003342,-2.1953125,0,0.39754518866539,0,0.16183656716739067,tagalog,comment,True,majority,3-0,0,0
t1_p506jlc,1,0.7193835973739624,0.94140625,1,0.897706151008606,1,0.6693524666539553,taglish,comment,True,majority,3-0,1,1
t1_p7k5zbv,1,0.8587185740470886,1.8046875,1,0.9122341871261597,1,0.794454456139641,taglish,comment,True,adjudicator,2-1,1,1
t1_p3km1oi,0,0.0037654140032827854,-5.578125,0,0.09159596264362335,0,0.015084738345133585,taglish,comment,True,majority,3-0,0,0
t1_p7du9bc,0,0.06853749603033066,-2.609375,0,0.39736923575401306,0,0.12402846348342512,tagalog,comment,True,majority,3-0,0,0
t1_p6rpvsx,0,0.05964693799614906,-2.7578125,0,0.5135671496391296,0,0.1124431322680288,tagalog,comment,True,unanimous,3-0,0,0
t1_p7airw8,0,0.1830088496208191,-1.49609375,0,0.5894631147384644,0,0.24586219386303554,taglish,comment,True,majority,3-0,0,0
t1_p4mkcna,1,0.02909075655043125,-3.5078125,0,0.3047161102294922,0,0.06736488511449203,english,comment,True,majority,3-0,1,1
t1_p53cx84,0,0.002115703420713544,-6.15625,0,0.031687650829553604,0,0.009834490439014618,english,comment,True,majority,3-0,0,0
t1_p7ba30m,0,0.006388320587575436,-5.046875,0,0.07548405975103378,0,0.022294156133835563,taglish,comment,True,unanimous,3-0,0,0
t1_p3gclze,0,0.001524786464869976,-6.484375,0,0.04083975777029991,0,0.0077077414242979645,taglish,comment,True,unanimous,3-0,0,0
t1_p7ch7u7,0,0.010986942797899246,-4.5,0,0.12836739420890808,0,0.033208052663887364,english,comment,True,unanimous,3-0,0,0
t1_p6zkkgj,0,0.0023596608079969883,-6.046875,0,0.033730458468198776,0,0.010665293809961326,english,comment,True,majority,3-0,0,0
t1_p4zszjj,0,0.09807931631803513,-2.21875,0,0.5866175889968872,0,0.15946898332532772,tagalog,comment,True,adjudicator,2-1,0,0
t1_p509rh2,0,0.8606036305427551,1.8203125,1,0.9255822896957397,1,0.7963593407039256,taglish,comment,True,adjudicator,2-1,0,0
t1_p5ihpji,0,0.41229352355003357,-0.3544921875,0,0.726392924785614,0,0.4339952019619074,tagalog,comment,True,adjudicator,2-1,0,1
t1_p50eyio,0,0.16885694861412048,-1.59375,0,0.5478103160858154,0,0.2325508251063963,english,comment,True,adjudicator,2-1,0,0
t1_p6rp2hj,0,0.012241275049746037,-4.390625,0,0.19910602271556854,0,0.03594174622161488,taglish,comment,True,unanimous,3-0,0,0
t1_p56rw0h,0,0.6761924028396606,0.736328125,1,0.8709666728973389,1,0.6345120157009478,tagalog,comment,True,adjudicator,2-1,0,0
t3_1vqocnh,0,0.006692850962281227,-5.0,0,0.10624067485332489,0,0.023072574792530495,taglish,submission,True,majority,3-0,0,0
t1_p7coaxk,0,0.001524786464869976,-6.484375,0,0.03765761852264404,0,0.0077077414242979645,taglish,comment,True,majority,3-0,0,0
t1_p50o20n,0,0.6645402908325195,0.68359375,1,0.8642365336418152,1,0.6253025416569513,tagalog,comment,True,majority,3-0,0,0
t3_1vhps53,0,0.004681822843849659,-5.359375,0,0.08796979486942291,0,0.017723267573747804,taglish,submission,True,unanimous,3-0,0,0
t1_p5ngq2s,0,0.008187909610569477,-4.796875,0,0.16145162284374237,0,0.02676329726778762,english,comment,True,adjudicator,2-1,0,0
t1_p510wd0,1,0.8469578623771667,1.7109375,1,0.8569676280021667,1,0.7827483481249329,english,comment,True,adjudicator,2-1,1,1
t1_p4x4z0t,0,0.00482972152531147,-5.328125,0,0.16994187235832214,0,0.018135469279809878,taglish,comment,True,majority,3-0,0,0
t1_p4ms7si,0,0.3306872844696045,-0.705078125,0,0.7693390250205994,0,0.370934060255157,tagalog,comment,True,adjudicator,2-1,0,1
t1_p7dyofs,0,0.09138210862874985,-2.296875,0,0.4012854993343353,0,0.15177947196597827,english,comment,True,majority,3-0,0,0
t1_p7c6wl0,0,0.0035380858462303877,-5.640625,0,0.10066570341587067,0,0.01440465888676637,tagalog,comment,True,majority,3-0,0,0
t1_p504d3m,0,0.08819004148244858,-2.3359375,0,0.5958460569381714,0,0.14805024487352383,tagalog,comment,True,adjudicator,2-1,0,0
t1_p74y6fq,0,0.006903837900608778,-4.96875,0,0.15010809898376465,0,0.02360619896586913,taglish,comment,True,majority,3-0,0,0
t1_p4mltiq,1,0.06371499598026276,-2.6875,0,0.4647000730037689,0,0.11780835379772778,taglish,comment,True,adjudicator,2-1,1,1
t1_p7e1vz2,0,0.007232763804495335,-4.921875,0,0.10616054385900497,0,0.024429284020908854,tagalog,comment,True,majority,3-0,0,0
t3_1vj52sf,0,0.003123648464679718,-5.765625,0,0.040988653898239136,0,0.013133891220358898,taglish,submission,True,unanimous,3-0,0,0
t1_p500gza,0,0.03649376332759857,-3.2734375,0,0.3664361834526062,0,0.07926998546374149,english,comment,True,majority,3-0,0,0
t1_p5gv2tw,0,0.03308597952127457,-3.375,0,0.36928147077560425,0,0.07389152772422952,taglish,comment,True,unanimous,3-0,0,0
t1_p4zwlf0,0,0.2523840665817261,-1.0859375,0,0.7151985168457031,0,0.3071379503155666,tagalog,comment,True,adjudicator,2-1,0,0
t1_p6rotah,0,0.25832599401474,-1.0546875,0,0.6882078647613525,0,0.312142286902289,tagalog,comment,True,majority,3-0,0,0
t1_p4zuz5g,0,0.03676946833729744,-3.265625,0,0.4752551019191742,0,0.0796982098955743,tagalog,comment,True,unanimous,3-0,0,0
t1_p4ibiuu,1,0.9600626826286316,3.1796875,1,0.9491820335388184,1,0.9154501137364265,english,comment,True,majority,3-0,1,1
t1_p51bah9,1,0.766992449760437,1.19140625,1,0.8820332288742065,1,0.7094153408860402,tagalog,comment,True,adjudicator,2-1,1,0
t1_p56rofd,0,0.017576880753040314,-4.0234375,0,0.21674224734306335,0,0.04678970079529831,english,comment,True,unanimous,3-0,0,0
t1_p4i7qsg,1,0.13028542697429657,-1.8984375,0,0.5479645133018494,0,0.19431361025324032,taglish,comment,True,unanimous,3-0,1,1
t1_p7dybdv,0,0.08694165199995041,-2.3515625,0,0.5321763157844543,0,0.1465798854032424,tagalog,comment,True,adjudicator,2-1,0,0
t1_p3m5ru1,0,0.0017546144081279635,-6.34375,0,0.0472080335021019,0,0.00855673731866246,taglish,comment,True,majority,3-0,0,0
t1_p6xbhhg,0,0.001048469333909452,-6.859375,0,0.02470618300139904,0,0.005830963173865106,taglish,comment,True,majority,3-0,0,0
t1_p7b762c,1,0.3011564612388611,-0.841796875,0,0.789455771446228,0,0.3473665430482742,tagalog,comment,True,majority,3-0,1,1
t1_p50lrxl,0,0.842863142490387,1.6796875,1,0.8827255964279175,1,0.7787408762981435,tagalog,comment,True,unanimous,3-0,0,0
t1_p509n2f,0,0.0024343819823116064,-6.015625,0,0.10829939693212509,0,0.01091516764654445,taglish,comment,True,majority,3-0,0,0
t1_p5fngij,0,0.04885777831077576,-2.96875,0,0.2939428687095642,0,0.09761152248619476,tagalog,comment,True,majority,3-0,0,0
t1_p7d4g3w,0,0.000552778597921133,-7.5,0,0.026480723172426224,0,0.0036164062331415048,taglish,comment,True,majority,3-0,0,0
t1_p4zstxo,1,0.2024431973695755,-1.37109375,0,0.6731181144714355,0,0.26363511931718836,taglish,comment,True,adjudicator,2-1,1,1
t1_p7dycpl,0,0.00985985528677702,-4.609375,0,0.16618983447551727,0,0.030675665191402326,english,comment,True,majority,3-0,0,0
t1_p4njhnu,0,0.13568955659866333,-1.8515625,0,0.579990565776825,0,0.1998703935275176,tagalog,comment,True,adjudicator,2-1,0,0
t1_p6rozmh,0,0.00955939944833517,-4.640625,0,0.18406498432159424,0,0.029987141941164693,taglish,comment,True,majority,3-0,0,0
t1_p6vqyp4,1,0.9702399373054504,3.484375,1,0.9726487994194031,1,0.9315235678290278,taglish,comment,True,majority,3-0,1,1
t1_p50vqmi,0,0.2929997146129608,-0.880859375,0,0.7070562243461609,0,0.34076231866241097,tagalog,comment,True,adjudicator,2-1,0,1
t1_p514wk1,1,0.907967209815979,2.2890625,1,0.9379293322563171,1,0.8474654923848032,taglish,comment,True,majority,3-0,1,1
t1_p514ukl,1,0.566917896270752,0.269287109375,1,0.8103389143943787,1,0.5502639930019982,tagalog,comment,True,adjudicator,2-1,1,1
t1_p50tzmc,0,0.07004895806312561,-2.5859375,0,0.47934970259666443,0,0.12594871762367607,english,comment,True,unanimous,3-0,0,0
t1_p3l1wn3,0,0.03384403511881828,-3.3515625,0,0.32823097705841064,0,0.0751020948441399,taglish,comment,True,majority,3-0,0,0
t1_p4bljcw,0,0.7793218493461609,1.26171875,1,0.9294306635856628,1,0.7201530809944859,taglish,comment,True,adjudicator,2-1,0,1
t1_p5bsp12,0,0.03138043358922005,-3.4296875,0,0.3074488937854767,0,0.07113641429428318,taglish,comment,True,majority,3-0,0,0
t1_p7eoik5,0,0.03210070729255676,-3.40625,0,0.3109123110771179,0,0.0723053683607772,english,comment,True,adjudicator,2-1,0,0
t1_p2876z5,0,0.007815889082849026,-4.84375,0,0.1078462153673172,0,0.025863658157008633,taglish,comment,True,adjudicator,2-1,0,0
t1_p3kosqw,0,0.1127954050898552,-2.0625,0,0.537405252456665,0,0.17579088062556048,tagalog,comment,True,adjudicator,2-1,0,1
t1_p7e4ypy,0,0.03760863468050957,-3.2421875,0,0.2530149519443512,0,0.08099558809348903,tagalog,comment,True,unanimous,3-0,0,0
t1_p4zof9p,0,0.1672186702489853,-1.60546875,0,0.5719026327133179,0,0.23098768346430848,taglish,comment,True,adjudicator,2-1,0,0
t1_p2861tb,0,0.685528576374054,0.779296875,1,0.8556809425354004,1,0.6419443074677151,taglish,comment,True,adjudicator,2-1,0,1
t1_p7b73di,0,0.875361442565918,1.94921875,1,0.9063862562179565,1,0.8115730685015304,english,comment,True,adjudicator,2-1,0,0
t1_p50hh2s,0,0.04501553252339363,-3.0546875,0,0.46139249205589294,0,0.09208573145653194,tagalog,comment,True,adjudicator,2-1,0,0
t1_p6rox95,0,0.0038844766095280647,-5.546875,0,0.05437317118048668,0,0.015436538409855137,tagalog,comment,True,majority,3-0,0,0
t1_p73m224,0,0.10194652527570724,-2.17578125,0,0.42223304510116577,0,0.16383115271114324,tagalog,comment,True,adjudicator,2-1,0,0
t1_p79wf25,0,0.030444350093603134,-3.4609375,0,0.31443899869918823,0,0.06960495135723807,taglish,comment,True,majority,3-0,0,0
t1_p4zwdd5,0,0.002182716503739357,-6.125,0,0.0866168737411499,0,0.010065097668410206,taglish,comment,True,majority,3-0,0,0
t3_1vd7u2z,0,0.010489092208445072,-4.546875,0,0.18234102427959442,0,0.032098920378265644,tagalog,submission,True,adjudicator,2-1,0,0
t1_p7d0uz0,0,0.006797531619668007,-4.984375,0,0.11717723309993744,0,0.023337898196897935,taglish,comment,True,unanimous,3-0,0,0
t1_p7e13mw,0,0.04240382835268974,-3.1171875,0,0.21721327304840088,0,0.08824517950541334,english,comment,True,majority,3-0,0,0
t3_1vfzcf0,0,0.004007288720458746,-5.515625,0,0.0846790075302124,0,0.015796411423831536,english,submission,True,unanimous,3-0,0,0
t1_p516ley,1,0.05707139894366264,-2.8046875,0,0.3665408492088318,0,0.10898591664033609,english,comment,True,majority,3-0,1,1
t1_p1803rr,0,0.001957016997039318,-6.234375,0,0.04067372530698776,0,0.009280609698506389,taglish,comment,True,majority,3-0,0,0
t1_p75nrvi,0,0.15203222632408142,-1.71875,0,0.6025954484939575,0,0.21625801712196938,english,comment,True,adjudicator,2-1,0,0
t1_p74upfg,0,0.06512754410505295,-2.6640625,0,0.3247998058795929,0,0.11964545942825905,english,comment,True,majority,3-0,0,0
t1_p7ecnwc,0,0.02822098508477211,-3.5390625,0,0.22241756319999695,0,0.06590885633914588,taglish,comment,True,unanimous,3-0,0,0
t1_p731obh,0,0.007937993854284286,-4.828125,0,0.18631944060325623,0,0.02616021819323484,tagalog,comment,True,majority,3-0,0,0
t1_p73c4yz,0,0.06278920918703079,-2.703125,0,0.3583872318267822,0,0.11659723607474917,tagalog,comment,True,adjudicator,2-1,0,0
t1_p5cmehd,0,0.005641908384859562,-5.171875,0,0.06432953476905823,0,0.020341748116036198,taglish,comment,True,unanimous,3-0,0,0
t1_p50qk1g,0,0.01652955636382103,-4.0859375,0,0.24055783450603485,0,0.0447451743035627,taglish,comment,True,unanimous,3-0,0,0
t1_p7b5i1i,0,0.2233770787715912,-1.24609375,0,0.5636240839958191,0,0.28221203185159927,taglish,comment,True,majority,3-0,0,0
t1_p5120d0,0,0.02931223064661026,-3.5,0,0.2797177731990814,0,0.06773352815161206,english,comment,True,majority,3-0,0,0
t1_p72esdo,1,0.02822098508477211,-3.5390625,0,0.3597809970378876,0,0.06590885633914588,taglish,comment,True,majority,3-0,1,1
t1_p50uvzx,0,0.2587003707885742,-1.052734375,0,0.5463619828224182,0,0.3124565340957364,english,comment,True,adjudicator,2-1,0,1
t1_p5dzg7h,0,0.73829185962677,1.037109375,1,0.8885577917098999,1,0.685023294299975,english,comment,True,adjudicator,2-1,0,1
t1_p5jcfy6,0,0.0427221953868866,-3.109375,0,0.3772110342979431,0,0.0887172170607258,tagalog,comment,True,adjudicator,2-1,0,0
t1_p76xl88,0,0.007011795416474342,-4.953125,0,0.16514179110527039,0,0.023877508806176746,taglish,comment,True,unanimous,3-0,0,0
t1_p6z7ljg,0,0.004538431763648987,-5.390625,0,0.08298809826374054,0,0.017320269544532634,english,comment,True,adjudicator,3-0,0,0
t1_p514hk4,0,0.018404891714453697,-3.9765625,0,0.37758752703666687,0,0.04838107837162765,taglish,comment,True,majority,3-0,0,0
t1_p3kp53c,0,0.009268012829124928,-4.671875,0,0.169753298163414,0,0.0293136054224161,taglish,comment,True,unanimous,3-0,0,0
t1_p7bzeup,0,0.004468384198844433,-5.40625,0,0.11127136647701263,0,0.017122159859112,tagalog,comment,True,majority,3-0,0,0
t1_p3kiols,0,0.004198795650154352,-5.46875,0,0.10637174546718597,0,0.01635175040280427,taglish,comment,True,majority,3-0,0,0
t1_p5b0c5q,0,0.007232763804495335,-4.921875,0,0.15115012228488922,0,0.024429284020908854,english,comment,True,majority,3-0,0,0
t1_p5dmblv,1,0.7813306450843811,1.2734375,1,0.8936564326286316,1,0.7219189403825874,taglish,comment,True,majority,3-0,1,1
t1_p50es34,0,0.7221353054046631,0.955078125,1,0.863402247428894,1,0.6716153523659409,tagalog,comment,True,adjudicator,2-1,0,1
t1_p76r6vy,0,0.18184363842010498,-1.50390625,0,0.6185711622238159,0,0.24477862479200857,tagalog,comment,True,adjudicator,2-1,0,0
t1_p50eikf,0,0.5319388508796692,0.1279296875,1,0.7457138895988464,1,0.5239414219379435,taglish,comment,True,majority,3-0,0,0
t1_p5jb0ue,1,0.16344542801380157,-1.6328125,0,0.5267435312271118,0,0.2273690111265346,english,comment,True,adjudicator,2-1,1,1
t1_p3k7vlg,0,0.012821215204894543,-4.34375,0,0.20434169471263885,0,0.037178561446541046,tagalog,comment,True,adjudicator,2-1,0,1
t1_p4sedm6,0,0.0024726232513785362,-6.0,0,0.15349863469600677,0,0.011042266989075379,taglish,comment,True,majority,3-0,0,0
t1_p515im6,1,0.9481545686721802,2.90625,1,0.9702641367912292,1,0.8981858094683076,tagalog,comment,True,adjudicator,2-1,1,1
t1_p51b5y4,0,0.7969253659248352,1.3671875,1,0.9259746074676514,1,0.7357963847094829,tagalog,comment,True,adjudicator,2-1,0,1
t1_p7bcn8s,0,0.007011795416474342,-4.953125,0,0.11703526973724365,0,0.023877508806176746,taglish,comment,True,unanimous,3-0,0,0
t1_p7af9i2,0,0.11436852067708969,-2.046875,0,0.5534488558769226,0,0.17749331719578096,tagalog,comment,True,majority,3-0,0,0
t1_p50eju2,0,0.13206616044044495,-1.8828125,0,0.5217940807342529,0,0.19615273810105702,tagalog,comment,True,majority,3-0,0,0
t1_p7b823m,0,0.40615516901016235,-0.3798828125,0,0.7787150740623474,0,0.4293287019528713,taglish,comment,True,majority,3-0,0,0
t1_p7aahw5,0,0.7577943801879883,1.140625,1,0.8842951655387878,1,0.701510948889137,english,comment,True,adjudicator,2-1,0,1
t1_p73qnil,0,0.012431650422513485,-4.375,0,0.1441320776939392,0,0.036349552458675695,taglish,comment,True,majority,3-0,0,0
t1_p510zkq,0,0.22988080978393555,-1.208984375,0,0.6576098203659058,0,0.2878774963712075,tagalog,comment,True,adjudicator,2-1,0,1
t1_p5e7f1a,0,0.0008693673880770802,-7.046875,0,0.020195573568344116,0,0.0050707073810302705,taglish,comment,True,unanimous,3-0,0,0
t1_p50eau6,0,0.3094409108161926,-0.802734375,0,0.6655019521713257,0,0.3540300252277067,english,comment,True,majority,3-0,0,0
t1_p7bm5y3,0,0.19930799305438995,-1.390625,0,0.5881910920143127,0,0.2608044438514013,tagalog,comment,True,majority,3-0,0,0
t1_p51ddqi,0,0.6495786309242249,0.6171875,1,0.8662707209587097,1,0.6135758283052075,tagalog,comment,True,adjudicator,2-1,0,0
t1_p4btc0n,0,0.007577240467071533,-4.875,0,0.09711771458387375,0,0.025280324796512977,english,comment,True,majority,3-0,0,0
t1_p7a3pl2,0,0.16451646387577057,-1.625,0,0.6038191318511963,0,0.22839881981745097,tagalog,comment,True,majority,3-0,0,0
t1_p4zmr6q,0,0.05146276578307152,-2.9140625,0,0.4467068314552307,0,0.10128021274519652,taglish,comment,True,unanimous,3-0,0,0
t1_p5p4oyd,0,0.0033244371879845858,-5.703125,0,0.06578858196735382,0,0.01375481190000257,english,comment,True,majority,3-0,0,0
t1_p6sb45o,0,0.0007208379684016109,-7.234375,0,0.015644054859876633,0,0.004409136055040238,taglish,comment,True,unanimous,3-0,0,0
t1_p75vad5,0,0.04501553252339363,-3.0546875,0,0.4016788601875305,0,0.09208573145653194,english,comment,True,adjudicator,2-1,0,0
t1_p73d24m,0,0.008315778337419033,-4.78125,0,0.06623953580856323,0,0.027069886167298093,english,comment,True,majority,3-0,0,0
t1_p3ncczb,0,0.001867565792053938,-6.28125,0,0.05990178883075714,0,0.008963232852867506,taglish,comment,True,majority,3-0,0,0
t1_p7bngsw,0,0.17217184603214264,-1.5703125,0,0.5455852746963501,0,0.23569917249860448,english,comment,True,majority,3-0,0,0
t1_p7bey85,0,0.3464307188987732,-0.634765625,0,0.6718044281005859,0,0.38330657036738564,taglish,comment,True,unanimous,3-0,0,0
t1_p3n7ncs,0,0.004007288720458746,-5.515625,0,0.09438838809728622,0,0.015796411423831536,taglish,comment,True,adjudicator,2-1,0,0
t1_p3konht,0,0.00178219610825181,-6.328125,0,0.05847468599677086,0,0.008656614775585112,taglish,comment,True,majority,3-0,0,0
t1_p7e88qt,0,0.00941259041428566,-4.65625,0,0.15936684608459473,0,0.029648519554399132,taglish,comment,True,unanimous,3-0,0,0
t1_p7ba3dl,0,0.03622005507349968,-3.28125,0,0.18683573603630066,0,0.07884386479317726,english,comment,True,unanimous,3-0,0,0
t1_p4zwm5y,0,0.051082734018564224,-2.921875,0,0.34676969051361084,0,0.10074872134331561,taglish,comment,True,unanimous,3-0,0,0
t1_p75eh8d,1,0.2351084202528,-1.1796875,0,0.6804513931274414,0,0.29239775915726474,taglish,comment,True,majority,3-0,1,1
t1_p4bn67m,0,0.01353214867413044,-4.2890625,0,0.1629350185394287,0,0.03867324503905063,english,comment,True,unanimous,3-0,0,0
t1_p7gqfj1,0,0.07263670861721039,-2.546875,0,0.30235010385513306,0,0.12920566145368317,english,comment,True,unanimous,3-0,0,0
t1_p170d0o,0,0.0017546144081279635,-6.34375,0,0.037761107087135315,0,0.00855673731866246,taglish,comment,True,majority,3-0,0,0
t1_p50j0ac,0,0.005641908384859562,-5.171875,0,0.09722375869750977,0,0.020341748116036198,taglish,comment,True,unanimous,3-0,0,0
t1_p6sf1y1,1,0.23161423206329346,-1.19921875,0,0.5699689388275146,0,0.28937962063429057,taglish,comment,True,adjudicator,2-1,1,0
t1_p7byzr3,0,0.020023442804813385,-3.890625,0,0.10588806867599487,0,0.05143285117077024,english,comment,True,unanimous,3-0,0,0
t1_p75itto,0,0.0037654140032827854,-5.578125,0,0.11481957137584686,0,0.015084738345133585,taglish,comment,True,majority,3-0,0,0
t1_p5cmvvb,0,0.5618159174919128,0.24853515625,1,0.8255273699760437,1,0.5464137395853996,tagalog,comment,True,adjudicator,2-1,0,0
t1_p6rsban,0,0.1427091360092163,-1.79296875,0,0.6327447295188904,0,0.20698285413167294,taglish,comment,True,adjudicator,2-1,0,0
t1_p75g9y4,0,0.023870835080742836,-3.7109375,0,0.30697405338287354,0,0.05841114774575512,tagalog,comment,True,adjudicator,2-1,0,0
t1_p5jhm4c,0,0.016914913430809975,-4.0625,0,0.17666016519069672,0,0.045501696713335225,tagalog,comment,True,adjudicator,2-1,0,0
t3_1vn48aj,0,0.0055549247190356255,-5.1875,0,0.09003632515668869,0,0.020109785920264852,taglish,submission,True,unanimous,3-0,0,0
t1_p4qfxr5,1,0.18772760033607483,-1.46484375,0,0.5692280530929565,0,0.2502287090872627,taglish,comment,True,adjudicator,2-1,1,0
t1_p5f4dar,0,0.03993731364607811,-3.1796875,0,0.3664962947368622,0,0.08454988626357358,english,comment,True,unanimous,3-0,0,0
t1_p50lvlh,0,0.32917603850364685,-0.7119140625,0,0.7381097674369812,0,0.3697398689779352,tagalog,comment,True,adjudicator,2-1,0,0
t1_p56xct1,1,0.5229940414428711,0.092041015625,1,0.7924150228500366,1,0.5172313864621848,taglish,comment,True,unanimous,3-0,1,1
t1_p56vs86,0,0.014728614129126072,-4.203125,0,0.16534942388534546,0,0.04113914117147127,english,comment,True,unanimous,3-0,0,0
t1_p7dwlze,0,0.01578456163406372,-4.1328125,0,0.20854708552360535,0,0.04326795324716089,taglish,comment,True,unanimous,3-0,0,0
t1_p759tqm,0,0.007815889082849026,-4.84375,0,0.1555599570274353,0,0.025863658157008633,tagalog,comment,True,unanimous,3-0,0,0
t3_1vqtr8w,0,0.2841785252094269,-0.923828125,0,0.6535136699676514,0,0.33356850185055403,taglish,submission,True,unanimous,3-0,0,0
t1_p5f8utp,0,0.030444350093603134,-3.4609375,0,0.3317860960960388,0,0.06960495135723807,english,comment,True,majority,3-0,0,0
t1_p5faek8,0,0.04054073989391327,-3.1640625,0,0.3679221272468567,0,0.085460325029733,english,comment,True,majority,3-0,0,0
t1_p7cz8v9,0,0.01590639352798462,-4.125,0,0.37559112906455994,0,0.0435108819223144,taglish,comment,True,majority,3-0,0,0
t1_p7b5gkq,0,0.13386748731136322,-1.8671875,0,0.5672945380210876,0,0.19800499491514867,taglish,comment,True,majority,3-0,0,0
t1_p513f5o,0,0.9324532747268677,2.625,1,0.9309898614883423,1,0.8772377011248197,tagalog,comment,True,adjudicator,2-1,0,1
t1_p77ytu9,0,0.07640768587589264,-2.4921875,0,0.45186886191368103,0,0.13388562474662985,english,comment,True,unanimous,3-0,0,0
t1_p3m3i1y,0,0.008985428139567375,-4.703125,0,0.15297053754329681,0,0.028654750206493915,english,comment,True,majority,3-0,0,0
t1_p79hyyd,1,0.4818195700645447,-0.07275390625,0,0.7624167203903198,0,0.4863774106080742,english,comment,True,adjudicator,2-1,1,1
t1_p7as6az,0,0.0029349515680223703,-5.828125,0,0.13519945740699768,0,0.012540643773239032,tagalog,comment,True,majority,3-0,0,0
t1_p39ifp9,0,0.06560484319925308,-2.65625,0,0.4044930934906006,0,0.12026330697210863,english,comment,True,adjudicator,2-1,0,0
t1_p7kmmyz,0,0.2465333193540573,-1.1171875,0,0.5456799268722534,0,0.30217859874970915,tagalog,comment,True,majority,3-0,0,0
t1_p79nzak,0,0.05223086103796959,-2.8984375,0,0.3978056311607361,0,0.102350662981193,english,comment,True,majority,3-0,0,0
t1_p6y7pio,0,0.011687257327139378,-4.4375,0,0.35753947496414185,0,0.03474459122869208,tagalog,comment,True,adjudicator,2-1,0,0
t1_p6y2rz2,0,0.0037072529084980488,-5.59375,0,0.11446359008550644,0,0.014911810706179801,english,comment,True,majority,3-0,0,0
t1_p5s4j66,1,0.006003595422953367,-5.109375,0,0.08739980310201645,0,0.02129607556176179,english,comment,True,adjudicator,2-1,1,0
t1_p5jccnb,0,0.01342825498431921,-4.296875,0,0.20813333988189697,0,0.03845623978795531,taglish,comment,True,majority,3-0,0,0
t1_p6rklxt,0,0.04084571823477745,-3.15625,0,0.32073765993118286,0,0.08591886973219272,tagalog,comment,True,majority,3-0,0,0
t1_p6si5v5,0,0.004007288720458746,-5.515625,0,0.15297167003154755,0,0.015796411423831536,english,comment,True,adjudicator,2-1,0,0
t1_p582gg7,0,0.008711384609341621,-4.734375,0,0.0957137793302536,0,0.02801027616326973,english,comment,True,majority,3-0,0,0
t1_p5z1rj5,0,0.19682621955871582,-1.40625,0,0.5998837351799011,0,0.2585541151230023,tagalog,comment,True,adjudicator,2-1,0,0
t1_p7bpvlc,0,0.017309095710515976,-4.0390625,0,0.2311614453792572,0,0.046270390356679215,tagalog,comment,True,unanimous,3-0,0,0
t1_p5cn5ng,1,0.9026095867156982,2.2265625,1,0.958408772945404,1,0.8413139501997552,taglish,comment,True,majority,3-0,1,1
t1_p6ae97q,0,0.024798156693577766,-3.671875,0,0.2735251784324646,0,0.06004158954237694,english,comment,True,unanimous,3-0,0,0
t1_p775b8v,0,0.500244140625,0.0009765625,1,0.7282706499099731,1,0.5001828988049375,tagalog,comment,True,adjudicator,2-1,0,1
t1_p75vvh6,0,0.8514594435691833,1.74609375,1,0.8755842447280884,1,0.7871937554310755,english,comment,True,unanimous,3-0,0,0
t1_p3fu247,0,0.023689471185207367,-3.71875,0,0.2028612494468689,0,0.05809008073496682,english,comment,True,adjudicator,2-1,0,0
t1_p6cqrb7,0,0.0012255674228072166,-6.703125,0,0.034769367426633835,0,0.006550318019983763,english,comment,True,majority,3-0,0,0
t1_p5f9534,0,0.03541072830557823,-3.3046875,0,0.3532547950744629,0,0.0775780431932074,english,comment,True,unanimous,3-0,0,0
t1_p5fbzvy,0,0.42465054988861084,-0.3037109375,0,0.8112685680389404,0,0.44336259299439557,tagalog,comment,True,majority,3-0,0,0
t1_p6w66kr,0,0.42709800601005554,-0.293701171875,0,0.726767897605896,0,0.4452140287017515,tagalog,comment,True,adjudicator,2-1,0,1
t1_p50l1o4,1,0.3670434057712555,-0.544921875,0,0.5279837846755981,0,0.3993365736099846,tagalog,comment,True,majority,3-0,1,1
t1_p7cmr7j,0,0.0071214293129742146,-4.9375,0,0.0764763355255127,0,0.02415185972281284,taglish,comment,True,unanimous,3-0,0,0
t1_p6w56rf,0,0.39770448207855225,-0.4150390625,0,0.6812806129455566,0,0.42288824510041967,tagalog,comment,True,adjudicator,2-1,0,1
t1_p77vx7p,0,0.40333181619644165,-0.3916015625,0,0.766323447227478,0,0.4271791105165593,english,comment,True,majority,3-0,0,0
t1_p7655u1,0,0.7118317484855652,0.904296875,1,0.7666060328483582,1,0.6631709355331951,tagalog,comment,True,adjudicator,2-1,0,0
t1_p7bk46f,0,0.048496000468730927,-2.9765625,0,0.2985241413116455,0,0.09709720337870163,tagalog,comment,True,unanimous,3-0,0,0
t1_p76nqje,0,0.07807817310094833,-2.46875,0,0.3558691740036011,0,0.1359348084431743,tagalog,comment,True,unanimous,3-0,0,0
t1_p7kk8ri,0,0.45919734239578247,-0.16357421875,0,0.6643048524856567,0,0.46940272812269973,english,comment,True,adjudicator,2-1,0,0
t1_p7dy7cs,1,0.10894505679607391,-2.1015625,0,0.5016531944274902,0,0.17159103873930584,english,comment,True,adjudicator,2-1,1,1
t1_p7kpsab,0,0.7742421627044678,1.232421875,1,0.8056609630584717,1,0.7157085747876547,english,comment,True,adjudicator,2-1,0,0
t1_p4nb5o8,0,0.008985428139567375,-4.703125,0,0.093645840883255,0,0.028654750206493915,english,comment,True,majority,3-0,0,0
t1_p73r713,0,0.376852422952652,-0.5029296875,0,0.5783603191375732,0,0.4069057941286903,tagalog,comment,True,adjudicator,2-1,0,1
t1_p5ergfp,0,0.43818405270576477,-0.24853515625,0,0.8003820776939392,0,0.45358626041460043,english,comment,True,adjudicator,2-1,0,1
t1_p4kpg8l,1,0.037326887249946594,-3.25,0,0.29800501465797424,0,0.08056100296841062,tagalog,comment,True,adjudicator,2-1,1,1
t1_p79w46z,0,0.12852515280246735,-1.9140625,0,0.5227470397949219,0,0.19248759693484213,tagalog,comment,True,adjudicator,2-1,0,1
t1_p7ij78v,0,0.3123700022697449,-0.7890625,0,0.5997378826141357,0,0.3563758595048653,tagalog,comment,True,adjudicator,2-1,0,0
t1_p7f8qy6,1,0.08945459872484207,-2.3203125,0,0.4520101547241211,0,0.1495327693672716,tagalog,comment,True,adjudicator,2-1,1,0
t1_p7am77z,1,0.4132404029369354,-0.3505859375,0,0.7749266028404236,0,0.43471418640762444,taglish,comment,True,majority,3-0,1,1
t1_p5dsa7b,0,0.42817363142967224,-0.289306640625,0,0.7553819417953491,0,0.446027337835862,tagalog,comment,True,adjudicator,2-1,0,1
t1_p7cwwlg,1,0.3186971843242645,-0.759765625,0,0.7080276012420654,0,0.3614258017499954,tagalog,comment,True,adjudicator,2-1,1,0
t1_p5ez20f,0,0.05033063143491745,-2.9375,0,0.4009567201137543,0,0.09969316454100016,english,comment,True,adjudicator,2-1,0,0
t1_p7czzsb,1,0.3720487952232361,-0.5234375,0,0.6691937446594238,0,0.40320343544119813,taglish,comment,True,majority,3-0,1,1
t1_p78jd3y,0,0.6893056035041809,0.796875,1,0.8742861747741699,1,0.6449654694996465,english,comment,True,adjudicator,2-1,0,1
t1_p7cfvti,1,0.8791467547416687,1.984375,1,0.9229029417037964,1,0.8155676362445378,english,comment,True,majority,3-0,1,1
t1_p5palw7,0,0.09704755246639252,-2.23046875,0,0.4373810887336731,0,0.15829575403738164,english,comment,True,adjudicator,2-1,0,0
t1_p5fp0is,0,0.024053553119301796,-3.703125,0,0.28617972135543823,0,0.05873387865683369,english,comment,True,adjudicator,2-1,0,0
t1_p4ttzbi,0,0.002714985515922308,-5.90625,0,0.07582183182239532,0,0.011836173743242948,taglish,comment,True,majority,3-0,0,0
t1_p6mfvsd,0,0.4023921489715576,-0.3955078125,0,0.7241736650466919,0,0.426463186592694,english,comment,True,majority,3-0,0,0
t1_p76285e,0,0.11240508407354355,-2.06640625,0,0.4624459445476532,0,0.17536728401957288,taglish,comment,True,unanimous,3-0,0,0
t1_p50fvmc,0,0.49462905526161194,-0.021484375,0,0.61720871925354,1,0.4959763129735765,english,comment,True,adjudicator,2-1,0,0
t1_p7fchya,0,0.3023911118507385,-0.8359375,0,0.5376222729682922,0,0.34836233778041337,tagalog,comment,True,unanimous,3-0,0,0
t1_p7biq9m,0,0.03676946833729744,-3.265625,0,0.3649945855140686,0,0.0796982098955743,english,comment,True,adjudicator,2-1,0,0
t1_p7a9mm4,1,0.7427950501441956,1.060546875,1,0.8987275958061218,1,0.6887994176576716,english,comment,True,adjudicator,2-1,1,1
t1_p6chu5d,0,0.005730246659368277,-5.15625,0,0.13679122924804688,0,0.020576329762842415,english,comment,True,majority,3-0,0,0
t1_p78kto7,1,0.16885694861412048,-1.59375,0,0.5425660610198975,0,0.2325508251063963,english,comment,True,adjudicator,2-1,1,0
t1_p7klaya,0,0.837619960308075,1.640625,1,0.8868705630302429,1,0.773657516392602,tagalog,comment,True,majority,3-0,0,0
t1_p7jhj3y,1,0.04958902671933174,-2.953125,0,0.3944815993309021,0,0.09864745374865584,english,comment,True,majority,3-0,1,1
t1_p5ca25n,0,0.004198795650154352,-5.46875,0,0.05345488712191582,0,0.01635175040280427,english,comment,True,majority,3-0,0,0
t1_p5c3jae,0,0.30466195940971375,-0.8251953125,0,0.6326165795326233,0,0.350191401723147,english,comment,True,majority,3-0,0,0
t1_p6972gb,0,0.008985428139567375,-4.703125,0,0.1948452889919281,0,0.028654750206493915,tagalog,comment,True,majority,3-0,0,0
t1_p4mcm4v,1,0.35734322667121887,-0.5869140625,0,0.7179425954818726,0,0.3918151371873555,taglish,comment,True,majority,3-0,1,1
t1_p7b2ed6,0,0.005730246659368277,-5.15625,0,0.1293981522321701,0,0.020576329762842415,tagalog,comment,True,majority,3-0,0,0
t1_p5fciax,0,0.010328153148293495,-4.5625,0,0.16755525767803192,0,0.031737231481715415,taglish,comment,True,majority,3-0,0,0
t1_p5fu46f,0,0.02909075655043125,-3.5078125,0,0.31247013807296753,0,0.06736488511449203,english,comment,True,majority,3-0,0,0
t1_p6ttlip,0,0.15203222632408142,-1.71875,0,0.42232176661491394,0,0.21625801712196938,english,comment,True,adjudicator,2-1,0,1
t1_p7k81p8,0,0.7453983426094055,1.07421875,1,0.8569931983947754,1,0.690990654355251,tagalog,comment,True,adjudicator,2-1,0,0
t1_p7cliw4,0,0.031143829226493835,-3.4375,0,0.30125153064727783,0,0.07075065641317402,english,comment,True,majority,3-0,0,0
t1_p77xju6,0,0.2133771777153015,-1.3046875,0,0.654334306716919,0,0.2734057487047751,tagalog,comment,True,adjudicator,2-1,0,0
t1_p3jwb7h,1,0.1772405207157135,-1.53515625,0,0.5769559741020203,0,0.24047671087558947,tagalog,comment,True,majority,3-0,1,1
t1_p2y2mmi,0,0.007695646956562996,-4.859375,0,0.19887620210647583,0,0.02557037173968303,tagalog,comment,True,majority,3-0,0,0
t1_p792vtl,1,0.06512754410505295,-2.6640625,0,0.4334852397441864,0,0.11964545942825905,english,comment,True,adjudicator,2-1,1,0
t1_p2vg49l,0,0.029760092496871948,-3.484375,0,0.3123527765274048,0,0.06847643217097228,english,comment,True,unanimous,3-0,0,0
t1_p5z1umr,0,0.007232763804495335,-4.921875,0,0.0977344661951065,0,0.024429284020908854,tagalog,comment,True,majority,3-0,0,0
t1_p7fjp05,0,0.007011795416474342,-4.953125,0,0.14501486718654633,0,0.023877508806176746,english,comment,True,majority,3-0,0,0
t1_p3fakiq,0,0.008847354911267757,-4.71875,0,0.15725603699684143,0,0.028330734090797918,english,comment,True,adjudicator,2-1,0,0
t1_p3jdbrh,0,0.0061929901130497456,-5.078125,0,0.1173996850848198,0,0.021789529143186256,english,comment,True,majority,3-0,0,0
t1_p6rzert,0,0.010013570077717304,-4.59375,0,0.2370879352092743,0,0.03102564374789907,english,comment,True,majority,3-0,0,0
t1_p66882u,0,0.09568693488836288,-2.24609375,0,0.49168631434440613,0,0.1567423620241802,english,comment,True,majority,3-0,0,0
t1_p7i4usd,0,0.3555510938167572,-0.5947265625,0,0.6913690567016602,0,0.3904213337092841,tagalog,comment,True,majority,3-0,0,0
t1_p7brpn7,1,0.227469339966774,-1.22265625,0,0.6638633012771606,0,0.2857823468819201,english,comment,True,adjudicator,2-1,1,1
t1_p7kroht,1,0.8158201575279236,1.48828125,1,0.8976026773452759,1,0.7530510088546601,tagalog,comment,True,adjudicator,2-1,1,0
t1_p3gjm41,0,0.02843603305518627,-3.53125,0,0.27992647886276245,0,0.06627009767480319,taglish,comment,True,unanimous,3-0,0,0
t1_p2yjd22,0,0.30985841155052185,-0.80078125,0,0.6366624236106873,0,0.35436471773664907,english,comment,True,adjudicator,2-1,0,1
t1_p775b3h,0,0.1937568634748459,-1.42578125,0,0.6300313472747803,0,0.25575904640778063,english,comment,True,majority,3-0,0,0
t1_p7avfnw,0,0.25312182307243347,-1.08203125,0,0.7154606580734253,0,0.3077610477963476,tagalog,comment,True,adjudicator,2-1,0,0
t1_p5j86c6,0,0.0541987307369709,-2.859375,0,0.38092344999313354,0,0.10507073430860968,english,comment,True,unanimous,3-0,0,0
t1_p7lb2ol,0,0.005469274707138538,-5.203125,0,0.06337838619947433,0,0.01988041517110467,english,comment,True,majority,3-0,0,0
t1_p2tsh2r,0,0.14175598323345184,-1.80078125,0,0.532122015953064,0,0.20602382363689895,english,comment,True,majority,3-0,0,0
t1_p38iio7,0,0.038756195455789566,-3.2109375,0,0.3175024390220642,0,0.08275537854113714,taglish,comment,True,majority,3-0,0,0
t1_p5i6zrd,0,0.01615283451974392,-4.109375,0,0.21732032299041748,0,0.04400065019258756,tagalog,comment,True,adjudicator,2-1,0,0
t1_p460bgg,0,0.5059201121330261,0.023681640625,1,0.8020004034042358,1,0.5044351798872316,tagalog,comment,True,adjudicator,2-1,0,1
t1_p50oacc,0,0.05707139894366264,-2.8046875,0,0.21790145337581635,0,0.10898591664033609,english,comment,True,majority,3-0,0,0
t1_p5zegy3,0,0.002396730938926339,-6.03125,0,0.05744641274213791,0,0.010789515289521092,taglish,comment,True,majority,3-0,0,0
t1_p7a9gyr,0,0.570451021194458,0.28369140625,1,0.8377642035484314,1,0.5529330137152604,tagalog,comment,True,adjudicator,2-1,0,0
t1_p7kpcat,0,0.060086652636528015,-2.75,0,0.4093726575374603,0,0.11302856225801737,tagalog,comment,True,unanimous,3-0,0,0
t1_p7koixa,0,0.35309353470802307,-0.60546875,0,0.5948571562767029,0,0.38850777534600933,tagalog,comment,True,unanimous,3-0,0,0
t1_p796yea,0,0.15304215252399445,-1.7109375,0,0.5773106813430786,0,0.21725165187506712,taglish,comment,True,unanimous,3-0,0,0
t1_p2fvg69,0,0.0016484829830005765,-6.40625,0,0.04701193422079086,0,0.008168524993053225,tagalog,comment,True,adjudicator,2-1,0,0
t1_p3kmmqe,0,0.001622967072762549,-6.421875,0,0.0440010204911232,0,0.008074233104883321,taglish,comment,True,unanimous,3-0,0,0
t1_p3ywykd,0,0.005301895085722208,-5.234375,0,0.12775537371635437,0,0.01942933734851006,english,comment,True,adjudicator,2-1,0,0
t1_p5q7qs6,0,0.007345826830714941,-4.90625,0,0.12302610278129578,0,0.02470981430760416,english,comment,True,unanimous,3-0,0,0
t1_p7e5rof,0,0.002217013156041503,-6.109375,0,0.07340244948863983,0,0.01018240045466772,tagalog,comment,True,majority,3-0,0,0
t1_p7icrdx,0,0.8719117641448975,1.91796875,1,0.8971065282821655,1,0.8079668590920629,english,comment,True,unanimous,3-0,0,0
t1_p5pd45a,0,0.007232763804495335,-4.921875,0,0.16309309005737305,0,0.024429284020908854,tagalog,comment,True,majority,3-0,0,0
t1_p7g7ji3,0,0.38029852509498596,-0.48828125,0,0.7520450949668884,0,0.40955685216963666,english,comment,True,majority,3-0,0,0
t1_p4nfcdo,0,0.00407013762742281,-5.5,0,0.09430550783872604,0,0.015979431097218357,taglish,comment,True,unanimous,3-0,0,0
t1_p75sb6f,1,0.4765796363353729,-0.09375,0,0.700681209564209,0,0.48244892785629506,tagalog,comment,True,majority,3-0,1,1
t1_p5cuoq5,0,0.05877655744552612,-2.7734375,0,0.24170492589473724,0,0.11128021370576575,english,comment,True,adjudicator,2-1,0,0
t1_p4q85h6,0,0.01342825498431921,-4.296875,0,0.2446914166212082,0,0.03845623978795531,taglish,comment,True,majority,3-0,0,0
t1_p586mpz,0,0.0059110685251653194,-5.125,0,0.08841423690319061,0,0.021053464794638353,tagalog,comment,True,majority,3-0,0,0
t1_p75lsgh,0,0.09401018172502518,-2.265625,0,0.6085124015808105,0,0.1548181007266743,tagalog,comment,True,majority,3-0,0,0
t1_p7820ky,1,0.11596072465181351,-2.03125,0,0.5265759825706482,0,0.1792086560961064,taglish,comment,True,adjudicator,2-1,1,0
t1_p7m34ce,1,0.8074606657028198,1.43359375,1,0.8670710921287537,1,0.7453534121011013,tagalog,comment,True,majority,3-0,1,1
t1_p764y35,0,0.02080449089407921,-3.8515625,0,0.2700009047985077,0,0.05287944558456361,taglish,comment,True,majority,3-0,0,0
t1_p3kmf0f,0,0.0017007224960252643,-6.375,0,0.04972373694181442,0,0.008360397135093588,taglish,comment,True,majority,3-0,0,0
t1_p79av9q,0,0.07477004826068878,-2.515625,0,0.4647669792175293,0,0.13186261780731934,taglish,comment,True,majority,3-0,0,0
t1_p7aatno,0,0.16995622217655182,-1.5859375,0,0.5940194129943848,0,0.2335970076590748,tagalog,comment,True,unanimous,3-0,0,0
t1_p4unzip,1,0.9403530955314636,2.7578125,1,0.9440945982933044,1,0.8875568677319712,english,comment,True,adjudicator,2-1,1,1
t1_p77y5ul,0,0.16344542801380157,-1.6328125,0,0.6019070744514465,0,0.2273690111265346,english,comment,True,majority,3-0,0,0
t1_p57a2cw,0,0.010818448849022388,-4.515625,0,0.12888610363006592,0,0.032834290084680744,tagalog,comment,True,unanimous,3-0,0,0
t1_p5i6aid,0,0.01971912942826748,-3.90625,0,0.2798020839691162,0,0.05086475715029827,taglish,comment,True,unanimous,3-0,0,0
t1_p5zblr6,0,0.16238003969192505,-1.640625,0,0.6148166656494141,0,0.22634248360739798,tagalog,comment,True,adjudicator,2-1,0,0
t1_p5j7dsz,0,0.04742587357759476,-3.0,0,0.4000868499279022,0,0.09556873219539853,english,comment,True,unanimous,3-0,0,0
t1_p5j2bfc,0,0.020177319645881653,-3.8828125,0,0.19613473117351532,0,0.05171914367653667,taglish,comment,True,majority,3-0,0,0
t1_p4yz9vz,0,0.006003595422953367,-5.109375,0,0.15307287871837616,0,0.02129607556176179,english,comment,True,majority,3-0,0,0
t1_p77uxsi,0,0.3949008285999298,-0.4267578125,0,0.7600498199462891,0,0.420747125319977,english,comment,True,unanimous,3-0,0,0
t1_p5cnoit,0,0.9713473320007324,3.5234375,1,0.9794025421142578,1,0.9333668222920289,tagalog,comment,True,adjudicator,2-1,0,1
t1_p73l304,0,0.004264634568244219,-5.453125,0,0.11717532575130463,0,0.016541096182127752,english,comment,True,majority,3-0,0,0
t1_p77cv5i,0,0.3015676736831665,-0.83984375,0,0.754025936126709,0,0.34769832680465784,english,comment,True,adjudicator,3-0,0,0
t1_p7bbeka,1,0.4888247847557068,-0.044708251953125,0,0.8002198934555054,0,0.49162744639547584,taglish,comment,True,adjudicator,2-1,1,0
t1_p50q6im,0,0.011687257327139378,-4.4375,0,0.2301073670387268,0,0.03474459122869208,taglish,comment,True,majority,3-0,0,0
t1_p5rmtyk,0,0.008187909610569477,-4.796875,0,0.08437514305114746,0,0.02676329726778762,taglish,comment,True,majority,3-0,0,0
t1_p50v04u,1,0.74167400598526,1.0546875,1,0.8848965167999268,1,0.687857713097711,taglish,comment,True,majority,3-0,1,1
t1_p79lfcn,0,0.31362995505332947,-0.783203125,0,0.7092694044113159,0,0.35738333831444374,english,comment,True,majority,3-0,0,0
t1_p77u4ef,1,0.6926419734954834,0.8125,1,0.8993115425109863,1,0.6476412879287609,tagalog,comment,True,adjudicator,2-1,1,0
t1_p77cdyz,0,0.3350244164466858,-0.685546875,0,0.6894807815551758,0,0.3743546967750115,taglish,comment,True,majority,3-0,0,0
t1_p7aquf7,1,0.3324187695980072,-0.697265625,0,0.6789875030517578,0,0.37230078386285653,english,comment,True,adjudicator,2-1,1,0
t1_p79tc8v,1,0.6067315340042114,0.43359375,1,0.8575860857963562,1,0.580500491137021,tagalog,comment,True,adjudicator,2-1,1,0
t1_p6y31u7,0,0.0039454069919884205,-5.53125,0,0.06619130820035934,0,0.015615454693007319,english,comment,True,majority,3-0,0,0
t1_p7laogc,0,0.685528576374054,0.779296875,1,0.8226040601730347,1,0.6419443074677151,tagalog,comment,True,adjudicator,2-1,0,1
t1_p2xls51,0,0.04922211542725563,-2.9609375,0,0.3635534942150116,0,0.09812826983486815,taglish,comment,True,adjudicator,2-1,0,0
t1_p6xzrs4,0,0.0024343819823116064,-6.015625,0,0.06039376184344292,0,0.01091516764654445,tagalog,comment,True,unanimous,3-0,0,0
t1_p38ne47,0,0.04208773002028465,-3.125,0,0.3258545994758606,0,0.08777541160339505,taglish,comment,True,adjudicator,2-1,0,0
t1_p7m7fuw,0,0.010013570077717304,-4.59375,0,0.14012867212295532,0,0.03102564374789907,taglish,comment,True,majority,3-0,0,0
t1_p4dgecm,0,0.03934250399470329,-3.1953125,0,0.3466901183128357,0,0.08364825958213414,taglish,comment,True,majority,3-0,0,0
t1_p65uqzq,0,0.001867565792053938,-6.28125,0,0.03587697446346283,0,0.008963232852867506,english,comment,True,majority,3-0,0,0
t1_p73xp3y,0,0.006903837900608778,-4.96875,0,0.16360144317150116,0,0.02360619896586913,tagalog,comment,True,unanimous,3-0,0,0
t1_p456qkl,0,0.018404891714453697,-3.9765625,0,0.1844707429409027,0,0.04838107837162765,english,comment,True,adjudicator,2-1,0,0
t1_p5ih7nx,0,0.40286189317703247,-0.3935546875,0,0.7362963557243347,0,0.4268211102259794,tagalog,comment,True,adjudicator,2-1,0,0
t1_p75imjy,0,0.004331502132117748,-5.4375,0,0.09165556728839874,0,0.01673259720212957,taglish,comment,True,majority,3-0,0,0
t1_p4rn3ty,0,0.00985985528677702,-4.609375,0,0.1366177499294281,0,0.030675665191402326,tagalog,comment,True,adjudicator,2-1,0,0
t1_p2id2ht,0,0.004538431763648987,-5.390625,0,0.06020762026309967,0,0.017320269544532634,english,comment,True,majority,3-0,0,0
t1_p75rv22,1,0.9178933501243591,2.4140625,1,0.9350032210350037,1,0.8591809070528305,english,comment,True,adjudicator,2-1,1,1
t1_p760jky,0,0.3830641508102417,-0.4765625,0,0.7705766558647156,0,0.4116814982128935,tagalog,comment,True,adjudicator,2-1,0,0
t1_p6a1tky,0,0.003123648464679718,-5.765625,0,0.0954558476805687,0,0.013133891220358898,tagalog,comment,True,adjudicator,3-0,0,0
t1_p75whm4,0,0.1901218295097351,-1.44921875,0,0.5747153759002686,0,0.2524312472321007,taglish,comment,True,adjudicator,2-1,0,0
t1_p75g8kv,0,0.010169658809900284,-4.578125,0,0.17303314805030823,0,0.03137948594809,tagalog,comment,True,adjudicator,2-1,0,0
t1_p781rv6,0,0.03488088399171829,-3.3203125,0,0.3722214102745056,0,0.07674453047985484,english,comment,True,majority,3-0,0,0
t1_p38szj9,0,0.09739040583372116,-2.2265625,0,0.42775410413742065,0,0.15868604980024484,english,comment,True,majority,3-0,0,0
t1_p74po25,0,0.11476478725671768,-2.04296875,0,0.47042497992515564,0,0.17792094119597163,tagalog,comment,True,adjudicator,2-1,0,1
t3_1vshgz3,0,0.03676946833729744,-3.265625,0,0.2730894088745117,0,0.0796982098955743,taglish,submission,True,unanimous,3-0,0,0
t1_p5j8lbu,0,0.5908086895942688,0.3673095703125,1,0.7511816024780273,1,0.5683619996652873,english,comment,True,unanimous,3-0,0,0
t1_p5j5ppr,0,0.07159119844436646,-2.5625,0,0.24442212283611298,0,0.1278943611655978,english,comment,True,unanimous,3-0,0,0
t1_p5qvcar,0,0.004982269834727049,-5.296875,0,0.12637148797512054,0,0.018557076718640854,english,comment,True,majority,3-0,0,0
t1_p3jmd8b,0,0.0007096704212017357,-7.25,0,0.042841389775276184,0,0.004358049313188457,english,comment,True,majority,3-0,0,0
t1_p7k3th6,0,0.034358687698841095,-3.3359375,0,0.4120040833950043,0,0.0759192361113778,taglish,comment,True,majority,3-0,0,0
t1_p6gflpe,0,0.0032730652019381523,-5.71875,0,0.1536557376384735,0,0.01359691972989611,tagalog,comment,True,majority,3-0,0,0
t1_p7g1jl7,1,0.014281933195888996,-4.234375,0,0.22721438109874725,0,0.04022550864147266,taglish,comment,True,adjudicator,2-1,1,0
t1_p5i2fit,1,0.2501792907714844,-1.09765625,0,0.6786987781524658,0,0.305272881390716,tagalog,comment,True,majority,3-0,1,1
t1_p5i6y0k,0,0.08093671500682831,-2.4296875,0,0.44205936789512634,0,0.139408797957999,taglish,comment,True,adjudicator,2-1,0,0
t1_p50jafa,0,0.0039454069919884205,-5.53125,0,0.13278192281723022,0,0.015615454693007319,taglish,comment,True,majority,3-0,0,0
t1_p6x999n,0,0.13251455128192902,-1.87890625,0,0.5462546944618225,0,0.1966145709351159,taglish,comment,True,majority,3-0,0,0
t1_p5fjklt,1,0.956308901309967,3.0859375,1,0.9726260900497437,1,0.9098529688936596,taglish,comment,True,majority,3-0,1,1
t1_p7b7yaf,0,0.8031737804412842,1.40625,1,0.9234781265258789,1,0.7414458848769978,tagalog,comment,True,adjudicator,2-1,0,0
t1_p7c25tw,0,0.017712298780679703,-4.015625,0,0.2220558524131775,0,0.04705142996486635,english,comment,True,majority,3-0,0,0
t1_p3ybx75,0,0.2829881012439728,-0.9296875,0,0.6192283034324646,0,0.33259341159099265,english,comment,True,adjudicator,2-1,0,0
t1_p5rr8fc,0,0.0036499870475381613,-5.609375,0,0.05986626073718071,0,0.014740835796323182,tagalog,comment,True,unanimous,3-0,0,0
t1_p7lup40,0,0.017576880753040314,-4.0234375,0,0.15396088361740112,0,0.04678970079529831,taglish,comment,True,majority,3-0,0,0
t1_p5c6kf2,0,0.001957016997039318,-6.234375,0,0.0818697139620781,0,0.009280609698506389,tagalog,comment,True,majority,3-0,0,0
t1_p6x5dwc,1,0.9358173608779907,2.6796875,1,0.9679834246635437,1,0.8815820093630615,taglish,comment,True,majority,3-0,1,1
t1_p50m2oj,1,0.10017221421003342,-2.1953125,0,0.4487684667110443,0,0.16183656716739067,english,comment,True,adjudicator,2-1,1,1
t3_1vtbxgt,0,0.0022872276604175568,-6.078125,0,0.03517138957977295,0,0.010421079904172405,taglish,submission,True,majority,3-0,0,0
t1_p3olkdj,0,0.07640768587589264,-2.4921875,0,0.42972230911254883,0,0.13388562474662985,english,comment,True,adjudicator,2-1,0,1
t1_p4441wl,0,0.04023794084787369,-3.171875,0,0.3026284873485565,0,0.08500399997981964,english,comment,True,majority,3-0,0,0
t1_p5bqmrp,0,0.01374231930822134,-4.2734375,0,0.35718852281570435,0,0.039110786382555905,english,comment,True,majority,3-0,0,0
t1_p4uka1g,0,0.13799647986888885,-1.83203125,0,0.42980241775512695,0,0.2022206393539943,tagalog,comment,True,adjudicator,2-1,0,1
t1_p32did0,0,0.08035747706890106,-2.4375,0,0.43290090560913086,0,0.13870809956751498,taglish,comment,True,unanimous,3-0,0,0
t1_p5seo1m,0,0.014503578655421734,-4.21875,0,0.2897375822067261,0,0.04067986882402621,english,comment,True,adjudicator,2-1,0,0
t1_p7225hc,0,0.07107366621494293,-2.5703125,0,0.4518544375896454,0,0.1272429798124617,tagalog,comment,True,majority,3-0,0,0
t1_p7a7bo1,1,0.23091977834701538,-1.203125,0,0.6029130220413208,0,0.28877821351635424,english,comment,True,adjudicator,2-1,1,0
t1_p5209j0,0,0.0004173157794866711,-7.78125,0,0.014762620441615582,0,0.00293136632486758,taglish,comment,True,majority,3-0,0,0
t1_p5de6ja,1,0.010652512311935425,-4.53125,0,0.35003408789634705,0,0.032464593008292054,taglish,comment,True,unanimous,3-0,1,1
t1_p7bhl2m,0,0.23934932053089142,-1.15625,0,0.6901801824569702,0,0.29604378815110705,tagalog,comment,True,adjudicator,2-1,0,1
t1_p6xmyl3,0,0.0023231625091284513,-6.0625,0,0.02862241491675377,0,0.010542487270768569,english,comment,True,majority,3-0,0,0
t1_p2ypqtn,0,0.4596218466758728,-0.161865234375,0,0.8369306325912476,0,0.4697216148937685,tagalog,comment,True,adjudicator,2-1,0,0
t1_p630e86,0,0.026759279891848564,-3.59375,0,0.4037254750728607,0,0.06343099810285073,tagalog,comment,True,adjudicator,2-1,0,0
t1_p7ksaqn,0,0.04054073989391327,-3.1640625,0,0.29504427313804626,0,0.085460325029733,taglish,comment,True,unanimous,3-0,0,0
t1_p3j9h67,0,0.04569203034043312,-3.0390625,0,0.4602041244506836,0,0.09306906696018251,tagalog,comment,True,adjudicator,2-1,0,0
t1_p7afo2s,0,0.39187130331993103,-0.439453125,0,0.7440955638885498,0,0.41843094116003265,english,comment,True,majority,3-0,0,0
t1_p5b04tc,1,0.7924642562866211,1.33984375,1,0.8908603191375732,1,0.731794976378932,taglish,comment,True,adjudicator,2-1,1,0
t1_p75m85e,0,0.00214894930832088,-6.140625,0,0.08000282943248749,0,0.009949132644884997,taglish,comment,True,majority,3-0,0,0
t1_p7kmyht,0,0.012624949216842651,-4.359375,0,0.29509106278419495,0,0.036761809350129786,taglish,comment,True,unanimous,3-0,0,0
t1_p7eatjp,0,0.03993731364607811,-3.1796875,0,0.34051501750946045,0,0.08454988626357358,tagalog,comment,True,adjudicator,2-1,0,0
t1_p7augm9,0,0.09739040583372116,-2.2265625,0,0.47504091262817383,0,0.15868604980024484,taglish,comment,True,adjudicator,2-1,0,0
t1_p7cq0d3,0,0.08509904891252518,-2.375,0,0.4631749093532562,0,0.1443970468368283,tagalog,comment,True,adjudicator,2-1,0,0
t1_p77reee,0,0.04146227613091469,-3.140625,0,0.46871334314346313,0,0.08684265139354869,tagalog,comment,True,adjudicator,2-1,0,1
t1_p5c5hsz,0,0.0014325366355478764,-6.546875,0,0.027375314384698868,0,0.007357761508922906,english,comment,True,majority,3-0,0,0
t1_p50jnmn,0,0.2598256468772888,-1.046875,0,0.5901817083358765,0,0.3134003099780581,english,comment,True,adjudicator,2-1,0,1
t1_p5je0go,0,0.010328153148293495,-4.5625,0,0.10063486546278,0,0.031737231481715415,english,comment,True,majority,3-0,0,0
t1_p5ilagy,0,0.024053553119301796,-3.703125,0,0.30363211035728455,0,0.05873387865683369,taglish,comment,True,unanimous,3-0,0,0
t1_p585bcp,0,0.007345826830714941,-4.90625,0,0.06338044255971909,0,0.02470981430760416,english,comment,True,unanimous,3-0,0,0
t1_p5rovkq,1,0.5629575252532959,0.253173828125,1,0.7862951755523682,1,0.5472748830517695,english,comment,True,adjudicator,2-1,1,1
t1_p5dsrck,1,0.8104788661003113,1.453125,1,0.8855151534080505,1,0.748120589098847,tagalog,comment,True,majority,3-0,1,1
t1_p5zl5v6,0,0.4974976181983948,-0.010009765625,0,0.8400184512138367,1,0.4981252959507486,taglish,comment,True,majority,3-0,0,0
t1_p75rjkb,0,0.6568784117698669,0.6494140625,1,0.8280903697013855,1,0.6192841323131715,tagalog,comment,True,adjudicator,2-1,0,1
t1_p762sf2,1,0.9656413197517395,3.3359375,1,0.9704382419586182,1,0.9240807638886221,taglish,comment,True,majority,3-0,1,1
t1_p7bhymk,0,0.7793218493461609,1.26171875,1,0.9066771268844604,1,0.7201530809944859,english,comment,True,adjudicator,2-1,0,1
t1_p7h5m1u,0,0.005139610730111599,-5.265625,0,0.10724429786205292,0,0.018988295999576993,taglish,comment,True,majority,3-0,0,0
t1_p5dhwz3,0,0.002889581024646759,-5.84375,0,0.10775282233953476,0,0.012396513913447024,tagalog,comment,True,majority,3-0,0,0
t1_p7htjrq,0,0.004198795650154352,-5.46875,0,0.07187429815530777,0,0.01635175040280427,taglish,comment,True,majority,3-0,0,0
t1_p3ntkr9,0,0.002800926798954606,-5.875,0,0.10475805401802063,0,0.012113143887852191,taglish,comment,True,majority,3-0,0,0
t1_p7l1bqh,0,0.5340050458908081,0.13623046875,1,0.7509621381759644,1,0.5254922615341373,tagalog,comment,True,majority,3-0,0,0
t1_p7ditbc,0,0.010652512311935425,-4.53125,0,0.17372678220272064,0,0.032464593008292054,tagalog,comment,True,unanimous,3-0,0,0
t1_p4tqn1o,0,0.24689632654190063,-1.115234375,0,0.6334938406944275,0,0.30248722617024754,taglish,comment,True,adjudicator,2-1,0,0
t1_p78u6r9,1,0.7853085398674011,1.296875,1,0.9180611371994019,1,0.7254300299216866,tagalog,comment,True,majority,3-0,1,1
t1_p7324tn,0,0.04885777831077576,-2.96875,0,0.351113885641098,0,0.09761152248619476,tagalog,comment,True,unanimous,3-0,0,0
t1_p7bgyp5,0,0.5487943887710571,0.19580078125,1,0.8196185827255249,1,0.536605600352962,tagalog,comment,True,adjudicator,2-1,0,0
t1_p74xnsz,1,0.5399536490440369,0.16015625,1,0.6863446235656738,1,0.5299594736108111,english,comment,True,majority,3-0,1,1
t1_p6fxfke,0,0.006003595422953367,-5.109375,0,0.04355702921748161,0,0.02129607556176179,english,comment,True,majority,3-0,0,0
t1_p740s7a,1,0.0007096704212017357,-7.25,0,0.022635750472545624,0,0.004358049313188457,taglish,comment,True,adjudicator,2-1,1,1
t1_p7acp88,0,0.3858373761177063,-0.46484375,0,0.7639802694320679,0,0.41380944152588495,tagalog,comment,True,adjudicator,2-1,0,0
t1_p6xa1dx,1,0.9690910577774048,3.4453125,1,0.9828100204467773,1,0.9296331680561365,taglish,comment,True,unanimous,3-0,1,1
t1_p65mrzl,0,0.002714985515922308,-5.90625,0,0.10503308475017548,0,0.011836173743242948,english,comment,True,majority,3-0,0,0
t1_p51vat8,0,0.0009697519708424807,-6.9375,0,0.021788105368614197,0,0.005501309247383878,tagalog,comment,True,majority,3-0,0,0
t1_p783u0s,0,0.04672495648264885,-3.015625,0,0.44330665469169617,0,0.09456173981316968,taglish,comment,True,majority,3-0,0,0
t1_p7epidn,0,0.04501553252339363,-3.0546875,0,0.30589860677719116,0,0.09208573145653194,taglish,comment,True,adjudicator,2-1,0,1
t1_p6yxg2t,0,0.07107366621494293,-2.5703125,0,0.40438148379325867,0,0.1272429798124617,english,comment,True,adjudicator,2-1,0,0
t1_p66r9kz,0,0.00628990214318037,-5.0625,0,0.1403527557849884,0,0.022040431019355326,tagalog,comment,True,adjudicator,3-0,0,0
t1_p2vijjk,0,0.16079242527484894,-1.65234375,0,0.5930126905441284,0,0.2248088485190056,taglish,comment,True,adjudicator,2-1,0,0
t3_1vtdr0f,0,0.0017546144081279635,-6.34375,0,0.058669447898864746,0,0.00855673731866246,taglish,submission,True,unanimous,3-0,0,0
t1_p5cpwni,1,0.6390605568885803,0.5712890625,1,0.8834654688835144,1,0.6053919779321301,taglish,comment,True,majority,3-0,1,1
t1_p746z7f,1,0.7962924242019653,1.36328125,1,0.900885283946991,1,0.735227103636348,tagalog,comment,True,unanimous,3-0,1,1
t1_p50tgfh,0,0.005220125894993544,-5.25,0,0.07053552567958832,0,0.01920757561389441,taglish,comment,True,majority,3-0,0,0
t1_p3kkj87,0,0.0060975621454417706,-5.09375,0,0.13284969329833984,0,0.0215414205481145,english,comment,True,majority,3-0,0,0
t1_p7a1wg5,0,0.8006919622421265,1.390625,1,0.8887971639633179,1,0.7391955561485987,english,comment,True,majority,3-0,0,0
t1_p67y5n5,0,0.00407013762742281,-5.5,0,0.08288607746362686,0,0.015979431097218357,tagalog,comment,True,unanimous,3-0,0,0
t1_p6ywh9d,0,0.005220125894993544,-5.25,0,0.10771491378545761,0,0.01920757561389441,taglish,comment,True,majority,3-0,0,0
t1_p4o65k5,0,0.017309095710515976,-4.0390625,0,0.22920650243759155,0,0.046270390356679215,tagalog,comment,True,adjudicator,2-1,0,0
t1_p4zdcfd,0,0.014728614129126072,-4.203125,0,0.17062155902385712,0,0.04113914117147127,tagalog,comment,True,adjudicator,2-1,0,0
t1_p7k552w,0,0.14366762340068817,-1.78515625,0,0.5960168838500977,0,0.20794517966504938,english,comment,True,majority,3-0,0,0
t1_p5dtcat,0,0.0007554056355729699,-7.1875,0,0.01851470209658146,0,0.004566000987801088,taglish,comment,True,unanimous,3-0,0,0
t1_p3hd3co,0,0.0032730652019381523,-5.71875,0,0.05763232707977295,0,0.01359691972989611,tagalog,comment,True,adjudicator,2-1,0,1
t1_p2wekrp,0,0.0013885231455788016,-6.578125,0,0.02940276265144348,0,0.007188733166008599,english,comment,True,majority,3-0,0,0
t1_p70cqzj,0,0.0071214293129742146,-4.9375,0,0.11645375192165375,0,0.02415185972281284,tagalog,comment,True,adjudicator,2-1,0,1
t1_p30m1mi,0,0.23440666496753693,-1.18359375,0,0.562355637550354,0,0.2917926551406036,english,comment,True,adjudicator,2-1,0,0
t1_p6v6185,0,0.0055549247190356255,-5.1875,0,0.09513753652572632,0,0.020109785920264852,taglish,comment,True,majority,3-0,0,0
t1_p69yce2,0,0.004905405919998884,-5.3125,0,0.12141764163970947,0,0.018345084496537066,tagalog,comment,True,adjudicator,2-1,0,0
t1_p7cfyef,0,0.11047115921974182,-2.0859375,0,0.3866569995880127,0,0.17326135229716336,tagalog,comment,True,majority,3-0,0,0
t1_p78sls3,0,0.08945459872484207,-2.3203125,0,0.43613409996032715,0,0.1495327693672716,english,comment,True,adjudicator,2-1,0,0
t1_p7fvb3b,0,0.37250518798828125,-0.521484375,0,0.7328698039054871,0,0.40355557340545983,tagalog,comment,True,adjudicator,2-1,0,1
t1_p5z8f79,0,0.03993731364607811,-3.1796875,0,0.435436487197876,0,0.08454988626357358,taglish,comment,True,adjudicator,2-1,0,0
t1_p7ahges,0,0.20434190332889557,-1.359375,0,0.6267745494842529,0,0.2653429617214405,tagalog,comment,True,adjudicator,2-1,0,0
t1_p4nak5b,0,0.3036285638809204,-0.830078125,0,0.6672183275222778,0,0.3493594590438618,english,comment,True,majority,3-0,0,0
t1_p50kade,0,0.002115703420713544,-6.15625,0,0.05266916751861572,0,0.009834490439014618,taglish,comment,True,unanimous,3-0,0,0
t1_p72yt57,0,0.0010649627074599266,-6.84375,0,0.06329265236854553,0,0.005899213680373309,taglish,comment,True,majority,3-0,0,0
t1_p6znlau,0,0.04115288704633713,-3.1484375,0,0.36956700682640076,0,0.08637964241080011,tagalog,comment,True,adjudicator,3-0,0,0
t1_p3uaj0a,0,0.0029349515680223703,-5.828125,0,0.05512584373354912,0,0.012540643773239032,english,comment,True,unanimous,3-0,0,0
t1_p7a36dh,0,0.13799647986888885,-1.83203125,0,0.5558239817619324,0,0.2022206393539943,english,comment,True,majority,3-0,0,0
t1_p77yljm,0,0.023870835080742836,-3.7109375,0,0.290399968624115,0,0.05841114774575512,english,comment,True,majority,3-0,0,0
t1_p7l1ig6,0,0.06608537584543228,-2.6484375,0,0.47623583674430847,0,0.12088390696827844,tagalog,comment,True,adjudicator,2-1,0,0
t1_p6s0q0m,0,0.010489092208445072,-4.546875,0,0.15680980682373047,0,0.032098920378265644,taglish,comment,True,majority,3-0,0,0
t1_p5ihcoy,0,0.10970578342676163,-2.09375,0,0.48515447974205017,0,0.17242459434278012,english,comment,True,adjudicator,2-1,0,1
t1_p79tkvu,0,0.025565214455127716,-3.640625,0,0.2266814112663269,0,0.06137651807350888,english,comment,True,majority,3-0,0,0
t1_p7e3dl1,0,0.8591918349266052,1.80859375,1,0.934664249420166,1,0.7949319123724978,english,comment,True,adjudicator,2-1,0,0
t1_p3k03nh,0,0.027376487851142883,-3.5703125,0,0.26264044642448425,0,0.06448212238461329,taglish,comment,True,majority,3-0,0,0
t1_p7kpu1i,0,0.10894505679607391,-2.1015625,0,0.4538418650627136,0,0.17159103873930584,tagalog,comment,True,adjudicator,2-1,0,0
t3_1vcgopx,0,0.015306354500353336,-4.1640625,0,0.11817009747028351,0,0.042309129394895305,english,submission,True,unanimous,3-0,0,0
t1_p7i30af,0,0.029986508190631866,-3.4765625,0,0.17669767141342163,0,0.06885070891061511,english,comment,True,majority,3-0,0,0
t1_p7b51zi,1,0.1716158092021942,-1.57421875,0,0.5681967735290527,0,0.23517240717912433,taglish,comment,True,adjudicator,2-1,1,1
t1_p3lgy3u,0,0.005469274707138538,-5.203125,0,0.07903604209423065,0,0.01988041517110467,taglish,comment,True,unanimous,3-0,0,0
t1_p3egqib,0,0.006797531619668007,-4.984375,0,0.13251619040966034,0,0.023337898196897935,taglish,comment,True,majority,3-0,0,0
t1_p3bv2j9,0,0.001151399570517242,-6.765625,0,0.033718645572662354,0,0.006252561251905091,english,comment,True,majority,3-0,0,0
t1_p6dlj67,0,0.014392335899174213,-4.2265625,0,0.22883450984954834,0,0.04045207770532572,english,comment,True,unanimous,3-0,0,0
t1_p4biygx,0,0.012821215204894543,-4.34375,0,0.2186831831932068,0,0.037178561446541046,english,comment,True,majority,3-0,0,0
t1_p6z0md9,0,0.0061929901130497456,-5.078125,0,0.22618553042411804,0,0.021789529143186256,tagalog,comment,True,adjudicator,2-1,0,0
t1_p3f8mlm,1,0.27943506836891174,-0.947265625,0,0.5585520267486572,0,0.3296767577294154,english,comment,True,adjudicator,2-1,1,1
t1_p5dmlgf,0,0.008985428139567375,-4.703125,0,0.1372222900390625,0,0.028654750206493915,english,comment,True,unanimous,3-0,0,0
t1_p5dhipi,0,0.030675798654556274,-3.453125,0,0.3943593204021454,0,0.06998493291195615,english,comment,True,adjudicator,2-1,0,0
t1_p50zvx1,0,0.007815889082849026,-4.84375,0,0.2783850431442261,0,0.025863658157008633,taglish,comment,True,unanimous,3-0,0,0
t1_p7jwx3u,1,0.07978201657533646,-2.4453125,0,0.4542713761329651,0,0.1380103582469899,english,comment,True,adjudicator,2-1,1,1
t1_p767qhe,1,0.9241418242454529,2.5,1,0.9505219459533691,1,0.8667916099851305,tagalog,comment,True,adjudicator,3-0,1,1
t1_p68nj1y,0,0.0060975621454417706,-5.09375,0,0.13867688179016113,0,0.0215414205481145,taglish,comment,True,majority,3-0,0,0
t1_p77vte9,0,0.242923304438591,-1.13671875,0,0.6719540953636169,0,0.2991021769185752,english,comment,True,adjudicator,2-1,0,0
t1_p5zgd61,0,0.03676946833729744,-3.265625,0,0.3241964280605316,0,0.0796982098955743,english,comment,True,majority,3-0,0,0
t1_p6x4kqb,1,0.24148938059806824,-1.14453125,0,0.635450005531311,0,0.2978766479943627,english,comment,True,adjudicator,2-1,1,1
t1_p6x3dor,1,0.46332281827926636,-0.14697265625,0,0.8256509304046631,0,0.4725015036711076,tagalog,comment,True,majority,3-0,1,1
t1_p7l474i,1,0.7732163667678833,1.2265625,1,0.8754140138626099,1,0.7148145844467484,taglish,comment,True,majority,3-0,1,1
t1_p5qt44u,0,0.013636835850775242,-4.28125,0,0.13315366208553314,0,0.038891425303223426,english,comment,True,majority,3-0,0,0
t1_p6ryuq9,1,0.888372004032135,2.07421875,1,0.9231382608413696,1,0.8254774974696274,english,comment,True,majority,3-0,1,1
t1_p3a6b8z,0,0.023689471185207367,-3.71875,0,0.21213021874427795,0,0.05809008073496682,taglish,comment,True,unanimous,3-0,0,0
t1_p6mgw4q,0,0.627494752407074,0.521484375,1,0.7946925163269043,1,0.5964444265945402,tagalog,comment,True,adjudicator,2-1,0,0
t1_p7i2wbm,0,0.16238003969192505,-1.640625,0,0.4142180383205414,0,0.22634248360739798,english,comment,True,majority,3-0,0,0
t1_p6w4ii3,0,0.2986958920955658,-0.853515625,0,0.62215256690979,0,0.3453789608499833,tagalog,comment,True,adjudicator,2-1,0,0
t1_p76j7qh,0,0.007345826830714941,-4.90625,0,0.17479225993156433,0,0.02470981430760416,tagalog,comment,True,adjudicator,2-1,0,1
t1_p69zn8v,0,0.21601152420043945,-1.2890625,0,0.6561648845672607,0,0.275737267621891,tagalog,comment,True,adjudicator,2-1,0,0
t1_p5rwjuo,0,0.0036499870475381613,-5.609375,0,0.09886974096298218,0,0.014740835796323182,taglish,comment,True,unanimous,3-0,0,0
t1_p7comku,0,0.5365557670593262,0.146484375,1,0.8466566801071167,1,0.527407322610459,tagalog,comment,True,adjudicator,2-1,0,0
t1_p6sdu2r,1,0.6000126004219055,0.405517578125,1,0.8222059011459351,1,0.5753699555200786,tagalog,comment,True,adjudicator,2-1,1,1
t1_p57rbor,0,0.45875877141952515,-0.16534042358398438,0,0.8130647540092468,0,0.46907319059375385,tagalog,comment,True,adjudicator,2-1,0,1
t1_p6x7e3c,1,0.43194353580474854,-0.27392578125,0,0.753209114074707,0,0.4488761683656207,tagalog,comment,True,majority,3-0,1,1
t1_p7mvzml,0,0.5329720973968506,0.132080078125,1,0.7557487487792969,1,0.5247169013283706,tagalog,comment,True,adjudicator,2-1,0,0
t1_p4v58lq,1,0.16132023930549622,-1.6484375,0,0.5366232991218567,0,0.22531923910100615,tagalog,comment,True,adjudicator,2-1,1,1
t1_p6vzgnz,0,0.06233103200793266,-2.7109375,0,0.4888527989387512,0,0.11599573945922906,tagalog,comment,True,adjudicator,2-1,0,1
t1_p3nt7nq,0,0.001367025775834918,-6.59375,0,0.047055166214704514,0,0.007105670299905561,taglish,comment,True,majority,3-0,0,0
t1_p6p92x5,0,0.0012843081494793296,-6.65625,0,0.04759058356285095,0,0.006782841330110021,tagalog,comment,True,adjudicator,2-1,0,0
t1_p7iqat2,0,0.007695646956562996,-4.859375,0,0.12858019769191742,0,0.02557037173968303,tagalog,comment,True,adjudicator,3-0,0,0
t1_p7e4oey,1,0.6649755239486694,0.685546875,1,0.820608377456665,1,0.6256453032249886,taglish,comment,True,majority,3-0,1,1
t1_p4zs8xq,0,0.01384861022233963,-4.265625,0,0.155959352850914,0,0.03933133410143569,tagalog,comment,True,majority,3-0,0,0
t1_p6rhuik,0,0.0009253848693333566,-6.984375,0,0.026718487963080406,0,0.005312483292174722,taglish,comment,True,unanimous,3-0,0,0
t1_p6s67b3,0,0.20561502873897552,-1.3515625,0,0.6832067966461182,0,0.26648544198549257,tagalog,comment,True,adjudicator,2-1,0,1
t1_p4zngjr,0,0.0019267346942797303,-6.25,0,0.03953256458044052,0,0.00917359939476919,english,comment,True,majority,3-0,0,0
t1_p78s50r,0,0.17384853959083557,-1.55859375,0,0.5929701924324036,0,0.23728435984070242,english,comment,True,adjudicator,2-1,0,0
t1_p76qwcu,0,0.957277774810791,3.109375,1,0.9700864553451538,1,0.9112827829392741,tagalog,comment,True,adjudicator,2-1,0,1
t1_p5omyji,0,0.07263670861721039,-2.546875,0,0.42910313606262207,0,0.12920566145368317,taglish,comment,True,majority,3-0,0,0
t1_p7dfkfu,0,0.02843603305518627,-3.53125,0,0.2578433156013489,0,0.06627009767480319,tagalog,comment,True,adjudicator,2-1,0,0
t1_p5av7dh,0,0.7197777628898621,0.943359375,1,0.8259472846984863,1,0.6696762193169956,english,comment,True,adjudicator,2-1,0,1
t1_p4p8bvr,0,0.008847354911267757,-4.71875,0,0.12669476866722107,0,0.028330734090797918,english,comment,True,majority,3-0,0,0
t1_p753tau,0,0.00985985528677702,-4.609375,0,0.10061798989772797,0,0.030675665191402326,tagalog,comment,True,majority,3-0,0,0
t1_p5fpvqy,0,0.02843603305518627,-3.53125,0,0.303644597530365,0,0.06627009767480319,taglish,comment,True,unanimous,3-0,0,0
t1_p3ke9rx,0,0.0033244371879845858,-5.703125,0,0.03309343010187149,0,0.01375481190000257,english,comment,True,majority,3-0,0,0
t1_p2x47yo,0,0.8679338097572327,1.8828125,1,0.909194827079773,1,0.803847261898943,english,comment,True,majority,3-0,0,0
t3_1vrsgw9,0,0.004133968148380518,-5.484375,0,0.17626647651195526,0,0.016164536437985755,tagalog,submission,True,adjudicator,3-0,0,0
t1_p50vbc4,0,0.0035380858462303877,-5.640625,0,0.07518088072538376,0,0.01440465888676637,english,comment,True,majority,3-0,0,0
t1_p7bj4st,0,0.057918090373277664,-2.7890625,0,0.3838168978691101,0,0.11012783003918279,taglish,comment,True,unanimous,3-0,0,0
t1_p77zrla,0,0.7106282711029053,0.8984375,1,0.895739734172821,1,0.6621897126914489,tagalog,comment,True,majority,3-0,0,0
t1_p7bbozl,0,0.053799647837877274,-2.8671875,0,0.4016384482383728,0,0.10452166467593718,tagalog,comment,True,adjudicator,2-1,0,0
t1_p3kj419,0,0.0032224843744188547,-5.734375,0,0.08516563475131989,0,0.013440815311279984,english,comment,True,majority,3-0,0,0
t1_p7e50re,0,0.05146276578307152,-2.9140625,0,0.2696695923805237,0,0.10128021274519652,tagalog,comment,True,unanimous,3-0,0,0
t1_p7jbjjc,0,0.007577240467071533,-4.875,0,0.19982439279556274,0,0.025280324796512977,english,comment,True,majority,3-0,0,0
t1_p657tbd,0,0.13660839200019836,-1.84375,0,0.5640527606010437,0,0.20080802457287394,english,comment,True,adjudicator,2-1,0,1
t1_p7ac8ad,0,0.018978038802742958,-3.9453125,0,0.3379775285720825,0,0.04947039870275616,tagalog,comment,True,adjudicator,2-1,0,0
t1_p6lfn0d,1,0.766992449760437,1.19140625,1,0.8914738893508911,1,0.7094153408860402,tagalog,comment,True,adjudicator,2-1,1,1
t1_p7bx5xc,0,0.05964693799614906,-2.7578125,0,0.3805181682109833,0,0.1124431322680288,taglish,comment,True,majority,3-0,0,0
t1_p7d5q6s,0,0.26817408204078674,-1.00390625,0,0.5610690116882324,0,0.3203682657886672,tagalog,comment,True,adjudicator,2-1,0,0
t1_p3te8we,0,0.021287353709340096,-3.828125,0,0.28958651423454285,0,0.053765756272290396,taglish,comment,True,majority,3-0,0,0
t1_p5z1pun,0,0.00214894930832088,-6.140625,0,0.061136335134506226,0,0.009949132644884997,tagalog,comment,True,adjudicator,3-0,0,0
t1_p4n9a42,0,0.018264278769493103,-3.984375,0,0.21879255771636963,0,0.0481123262994903,english,comment,True,majority,3-0,0,0
t1_p5jjvc9,0,0.07640768587589264,-2.4921875,0,0.2932894229888916,0,0.13388562474662985,english,comment,True,majority,3-0,0,0
t1_p5i3caa,0,0.012241275049746037,-4.390625,0,0.19733449816703796,0,0.03594174622161488,taglish,comment,True,unanimous,3-0,0,0
t1_p79xe9y,0,0.00482972152531147,-5.328125,0,0.07228239625692368,0,0.018135469279809878,tagalog,comment,True,majority,3-0,0,0
t1_p786g4y,0,0.06465348601341248,-2.671875,0,0.4013495147228241,0,0.11903035657778882,english,comment,True,majority,3-0,0,0
t1_p78dkdt,0,0.5912512540817261,0.369140625,1,0.8355550765991211,1,0.568698492688364,taglish,comment,True,adjudicator,2-1,0,1
t1_p6zs8qi,0,0.004198795650154352,-5.46875,0,0.06793950498104095,0,0.01635175040280427,english,comment,True,majority,3-0,0,0
t1_p75wctw,0,0.2146914005279541,-1.296875,0,0.5609342455863953,0,0.27456997007831346,taglish,comment,True,majority,3-0,0,0
t1_p79m7m2,0,0.012821215204894543,-4.34375,0,0.13974033296108246,0,0.037178561446541046,english,comment,True,majority,3-0,0,0
t1_p7laa29,1,0.021948251873254776,-3.796875,0,0.27065205574035645,0,0.05496931168343075,tagalog,comment,True,adjudicator,2-1,1,1
t1_p2tp8go,0,0.03541072830557823,-3.3046875,0,0.3403717875480652,0,0.0775780431932074,taglish,comment,True,majority,3-0,0,0
t1_p7idnnt,0,0.008445627056062222,-4.765625,0,0.22461411356925964,0,0.02737988841155039,tagalog,comment,True,majority,3-0,0,0
t1_p764s1y,0,0.10932482779026031,-2.09765625,0,0.5831263661384583,0,0.1720074165049627,tagalog,comment,True,adjudicator,2-1,0,0
t1_p780jhn,0,0.017309095710515976,-4.0390625,0,0.15391281247138977,0,0.046270390356679215,tagalog,comment,True,majority,3-0,0,0
t1_p50zbcj,0,0.05707139894366264,-2.8046875,0,0.46248793601989746,0,0.10898591664033609,tagalog,comment,True,adjudicator,2-1,0,1
t1_p6x7o6u,1,0.1276526302099228,-1.921875,0,0.5409343242645264,0,0.19157950328021045,tagalog,comment,True,adjudicator,2-1,1,1
t1_p4ut050,1,0.9207897186279297,2.453125,1,0.9446724653244019,1,0.8626844328082414,english,comment,True,majority,3-0,1,1
t1_p7b1m6h,0,0.22270013391971588,-1.25,0,0.6486051082611084,0,0.2816196175165286,english,comment,True,adjudicator,2-1,0,0
t1_p3i4nnr,0,0.010328153148293495,-4.5625,0,0.14018189907073975,0,0.031737231481715415,taglish,comment,True,majority,3-0,0,0
t1_p7bgqoa,1,0.2030746191740036,-1.3671875,0,0.5603505373001099,0,0.2642036152905171,english,comment,True,adjudicator,3-0,1,0
t1_p79p7nm,0,0.2929997146129608,-0.880859375,0,0.6669616103172302,0,0.34076231866241097,taglish,comment,True,majority,3-0,0,0
t1_p6ktn2q,0,0.873214840888977,1.9296875,1,0.9398443102836609,1,0.8093253178699125,taglish,comment,True,adjudicator,2-1,0,0
t1_p6xzha6,0,0.001151399570517242,-6.765625,0,0.016523411497473717,0,0.006252561251905091,english,comment,True,adjudicator,2-1,0,0
t1_p5rot3a,0,0.02498779445886612,-3.6640625,0,0.2366146296262741,0,0.060372751301069776,taglish,comment,True,adjudicator,2-1,0,0
t1_p656d1x,0,0.00970847625285387,-4.625,0,0.23953181505203247,0,0.03032951092726271,english,comment,True,adjudicator,2-1,0,0
t1_p77gn5r,0,0.22270013391971588,-1.25,0,0.6415163278579712,0,0.2816196175165286,taglish,comment,True,unanimous,3-0,0,0
t1_p7jeqsz,0,0.007232763804495335,-4.921875,0,0.14341174066066742,0,0.024429284020908854,english,comment,True,majority,3-0,0,0
t1_p5iuqzb,0,0.0027576221618801355,-5.890625,0,0.06770385801792145,0,0.011973867714531792,taglish,comment,True,unanimous,3-0,0,0
t1_p517aep,0,0.008847354911267757,-4.71875,0,0.303745836019516,0,0.028330734090797918,taglish,comment,True,adjudicator,2-1,0,0
t1_p7buldv,0,0.0023231625091284513,-6.0625,0,0.08075185865163803,0,0.010542487270768569,taglish,comment,True,unanimous,3-0,0,0
t1_p3yznzs,0,0.5192927718162537,0.07720947265625,1,0.7489466667175293,1,0.514456407106853,tagalog,comment,True,adjudicator,2-1,0,0
t1_p7ktpl9,0,0.03090895712375641,-3.4453125,0,0.29219532012939453,0,0.07036683194386341,taglish,comment,True,unanimous,3-0,0,0
t1_p3ev21r,0,0.018833130598068237,-3.953125,0,0.19355253875255585,0,0.04919590838703354,english,comment,True,adjudicator,2-1,0,0
t1_p7e3klb,0,0.07978201657533646,-2.4453125,0,0.47099122405052185,0,0.1380103582469899,taglish,comment,True,majority,3-0,0,0
t1_p7dpbba,0,0.14366762340068817,-1.78515625,0,0.5433613061904907,0,0.20794517966504938,taglish,comment,True,adjudicator,2-1,0,1
t1_p4thbix,0,0.11516222357749939,-2.0390625,0,0.5950301885604858,0,0.17834937204957896,tagalog,comment,True,adjudicator,2-1,0,0
t1_p5z2zvd,1,0.004198795650154352,-5.46875,0,0.08747795224189758,0,0.01635175040280427,tagalog,comment,True,majority,3-0,1,1
t1_p513w3g,1,0.7229183912277222,0.958984375,1,0.8367146849632263,1,0.6722604359157509,english,comment,True,majority,3-0,1,1
t1_p2vjmz5,0,0.09670579433441162,-2.234375,0,0.44555437564849854,0,0.157906238052035,tagalog,comment,True,majority,3-0,0,0
t1_p6y037g,0,0.014957086183130741,-4.1875,0,0.19805371761322021,0,0.04160337379848945,english,comment,True,majority,3-0,0,0
t1_p7d23oe,0,0.49353066086769104,-0.02587890625,0,0.8414332270622253,1,0.4951533332602887,taglish,comment,True,adjudicator,2-1,0,0
t1_p5i4hvt,0,0.03488088399171829,-3.3203125,0,0.30711328983306885,0,0.07674453047985484,taglish,comment,True,unanimous,3-0,0,0
t1_p7kvr87,0,0.025760557502508163,-3.6328125,0,0.2535167634487152,0,0.06171455926280479,english,comment,True,unanimous,3-0,0,0
t1_p77t84c,0,0.6020615696907043,0.4140625,1,0.8284057378768921,1,0.5769331962494644,english,comment,True,adjudicator,2-1,0,0
t1_p5f9wh2,0,0.014957086183130741,-4.1875,0,0.22786733508110046,0,0.04160337379848945,taglish,comment,True,majority,3-0,0,0
t1_p5ckeni,0,0.010652512311935425,-4.53125,0,0.2652406096458435,0,0.032464593008292054,taglish,comment,True,adjudicator,2-1,0,0
t1_p3gee5s,0,0.0022872276604175568,-6.078125,0,0.06595116853713989,0,0.010421079904172405,english,comment,True,majority,3-0,0,0
t1_p7k4xld,0,0.12592275440692902,-1.9375,0,0.46619510650634766,0,0.18977313124006817,taglish,comment,True,unanimous,3-0,0,0
t1_p7a7fkl,0,0.11676401644945145,-2.0234375,0,0.49850666522979736,0,0.18007117284089638,taglish,comment,True,majority,3-0,0,0
t1_p7hocjp,0,0.06278920918703079,-2.703125,0,0.3916015625,0,0.11659723607474917,taglish,comment,True,majority,3-0,0,0
t1_p50fdri,0,0.14033624529838562,-1.8125,0,0.3743593096733093,0,0.20459145485220176,english,comment,True,majority,3-0,0,0
t1_p6w95o8,0,0.19132769107818604,-1.44140625,0,0.6091457605361938,0,0.253537319769546,taglish,comment,True,adjudicator,2-1,0,0
t1_p6x6kjl,0,0.03993731364607811,-3.1796875,0,0.3829376697540283,0,0.08454988626357358,english,comment,True,adjudicator,2-1,0,1
t1_p5rpqpe,0,0.5032348036766052,0.012939453125,1,0.7678428888320923,1,0.5024233902970635,tagalog,comment,True,adjudicator,2-1,0,0
t1_p584lsx,0,0.008711384609341621,-4.734375,0,0.18196314573287964,0,0.02801027616326973,english,comment,True,majority,3-0,0,0
t1_p79hd8z,0,0.02931223064661026,-3.5,0,0.3171275854110718,0,0.06773352815161206,english,comment,True,majority,3-0,0,0
t1_p4t3p3g,0,0.15052762627601624,-1.73046875,0,0.6215658187866211,0,0.21477374277083472,tagalog,comment,True,adjudicator,2-1,0,1
t1_p6tvsv8,0,0.0012065897462889552,-6.71875,0,0.04243859648704529,0,0.006474583672895699,taglish,comment,True,adjudicator,2-1,0,0
t1_p5z7dkf,0,0.007695646956562996,-4.859375,0,0.15217751264572144,0,0.02557037173968303,taglish,comment,True,unanimous,3-0,0,0
t1_p50pzlk,0,0.05146276578307152,-2.9140625,0,0.40001869201660156,0,0.10128021274519652,english,comment,True,adjudicator,2-1,0,0
t1_p6m99jg,0,0.06754669547080994,-2.625,0,0.4531027674674988,0,0.1227622988751803,taglish,comment,True,majority,3-0,0,0
t1_p5z5ipw,0,0.011331754736602306,-4.46875,0,0.21392004191875458,0,0.03396794028155376,tagalog,comment,True,adjudicator,3-0,0,0
t1_p6s85r6,1,0.05749328061938286,-2.796875,0,0.30485332012176514,0,0.10955556860560209,taglish,comment,True,majority,3-0,1,1
t1_p50ss8o,0,0.0333368256688118,-3.3671875,0,0.24001610279083252,0,0.0742930416111243,taglish,comment,True,majority,3-0,0,0
t1_p7cjmsj,0,0.0222861859947443,-3.78125,0,0.17677846550941467,0,0.05558056380285582,taglish,comment,True,majority,3-0,0,0
t1_p7d121o,0,0.1431877166032791,-1.7890625,0,0.5711595416069031,0,0.20746360498822555,taglish,comment,True,adjudicator,2-1,0,0
t1_p7isgm3,0,0.005469274707138538,-5.203125,0,0.13415485620498657,0,0.01988041517110467,tagalog,comment,True,unanimous,3-0,0,0
t1_p6rxbx6,0,0.19993212819099426,-1.38671875,0,0.6375435590744019,0,0.2613690024116086,tagalog,comment,True,adjudicator,3-0,0,1
t1_p7k5edx,0,0.008315778337419033,-4.78125,0,0.06278230249881744,0,0.027069886167298093,english,comment,True,majority,3-0,0,0
t1_p5zafuy,0,0.0010649627074599266,-6.84375,0,0.027872053906321526,0,0.005899213680373309,english,comment,True,majority,3-0,0,0
t1_p4ndcqd,0,0.0017546144081279635,-6.34375,0,0.13596005737781525,0,0.00855673731866246,tagalog,comment,True,adjudicator,2-1,0,0
t1_p79bp22,0,0.0024726232513785362,-6.0,0,0.10086604952812195,0,0.011042266989075379,tagalog,comment,True,adjudicator,2-1,0,0
t1_p4sx1e4,1,0.917302668094635,2.40625,1,0.9480026960372925,1,0.8584712970673013,tagalog,comment,True,adjudicator,2-1,1,1
t1_p6vxruc,1,0.15052762627601624,-1.73046875,0,0.5555272698402405,0,0.21477374277083472,english,comment,True,adjudicator,2-1,1,1
t1_p7lf6st,0,0.0033766122069209814,-5.6875,0,0.04236699268221855,0,0.013914511705098519,english,comment,True,majority,3-0,0,0
t1_p56ooj5,0,0.0010005043586716056,-6.90625,0,0.03366933390498161,0,0.005630886302036954,taglish,comment,True,majority,3-0,0,0
t1_p6bufix,0,0.01384861022233963,-4.265625,0,0.19638368487358093,0,0.03933133410143569,tagalog,comment,True,unanimous,3-0,0,0
t1_p6sfwqq,0,0.28937169909477234,-0.8984375,0,0.6424669027328491,0,0.33781028730855117,taglish,comment,True,majority,3-0,0,0
t1_p50fbrs,0,0.16559313237667084,-1.6171875,0,0.49338388442993164,0,0.22943190771464025,tagalog,comment,True,adjudicator,2-1,0,0
t1_p6d5ebs,0,0.002396730938926339,-6.03125,0,0.06495606899261475,0,0.010789515289521092,english,comment,True,majority,3-0,0,0
t1_p4u1uis,1,0.1772405207157135,-1.53515625,0,0.54930579662323,0,0.24047671087558947,english,comment,True,adjudicator,2-1,1,1
t1_p79e778,0,0.04742587357759476,-3.0,0,0.35701096057891846,0,0.09556873219539853,tagalog,comment,True,adjudicator,2-1,0,1
t1_p65n1i6,0,0.0014779430348426104,-6.515625,0,0.05469854921102524,0,0.007530734060740145,taglish,comment,True,majority,3-0,0,0
t1_p6euv7s,0,0.014063626527786255,-4.25,0,0.2645512521266937,0,0.03977601286698117,taglish,comment,True,majority,3-0,0,0
t1_p2zvy8a,1,0.615319013595581,0.4697265625,1,0.8280586004257202,1,0.5870775974628525,english,comment,True,majority,3-0,1,1
t1_p76idpi,0,0.003429603995755315,-5.671875,0,0.07001262158155441,0,0.014076039236044125,taglish,comment,True,unanimous,3-0,0,0
t1_p7bmq1p,0,0.18772760033607483,-1.46484375,0,0.6226843595504761,0,0.2502287090872627,tagalog,comment,True,majority,3-0,0,0
t1_p4pq6qr,0,0.004399413242936134,-5.421875,0,0.0506400540471077,0,0.016926277126643928,english,comment,True,majority,3-0,0,0
t1_p7ea9p3,0,0.014281933195888996,-4.234375,0,0.2108844816684723,0,0.04022550864147266,tagalog,comment,True,majority,3-0,0,0
t1_p7hc4va,0,0.1766716092824936,-1.5390625,0,0.5971145629882812,0,0.23994262022868393,taglish,comment,True,majority,3-0,0,0
t1_p6zfvsk,0,0.001674399245530367,-6.390625,0,0.04337634891271591,0,0.00826390885960667,taglish,comment,True,unanimous,3-0,0,0
t1_p4t3t98,0,0.06608537584543228,-2.6484375,0,0.5017807483673096,0,0.12088390696827844,taglish,comment,True,majority,3-0,0,0
t1_p6eo5lu,0,0.0059110685251653194,-5.125,0,0.12856337428092957,0,0.021053464794638353,tagalog,comment,True,adjudicator,2-1,0,1
t1_p2x2qxx,0,0.12678517401218414,-1.9296875,0,0.5021625757217407,0,0.19067468213008756,taglish,comment,True,unanimous,3-0,0,0
t1_p7m9h9j,1,0.6930575966835022,0.814453125,1,0.8445900678634644,1,0.6479751188254762,tagalog,comment,True,adjudicator,2-1,1,1
t1_p5f5e8r,0,0.37731119990348816,-0.5009765625,0,0.8016156554222107,0,0.4072589590119586,tagalog,comment,True,adjudicator,2-1,0,0
t1_p5n5gge,0,0.002115703420713544,-6.15625,0,0.13841848075389862,0,0.009834490439014618,english,comment,True,majority,3-0,0,0
t1_p47hvja,1,0.0427221953868866,-3.109375,0,0.3902464509010315,0,0.0887172170607258,taglish,comment,True,majority,3-0,1,1
t1_p76qr78,0,0.001032231142744422,-6.875,0,0.01436721719801426,0,0.005763497708455889,taglish,comment,True,unanimous,3-0,0,0
t1_p5s0ie8,1,0.0020507436711341143,-6.1875,0,0.04776231199502945,0,0.009609115497521404,taglish,comment,True,adjudicator,2-1,1,1
t1_p6co89h,0,0.014957086183130741,-4.1875,0,0.1807810664176941,0,0.04160337379848945,english,comment,True,adjudicator,2-1,0,0
t1_p7jty2q,0,0.7501869201660156,1.099609375,1,0.8891813158988953,1,0.6950373455796781,tagalog,comment,True,adjudicator,2-1,0,0
t1_p7lecgg,1,0.05964693799614906,-2.7578125,0,0.33363887667655945,0,0.1124431322680288,english,comment,True,adjudicator,2-1,1,0
t1_p64ib8c,0,0.3609394431114197,-0.5712890625,0,0.7289237380027771,0,0.39460802206787,tagalog,comment,True,adjudicator,2-1,0,0
t1_p56of1n,0,0.002182716503739357,-6.125,0,0.061749331653118134,0,0.010065097668410206,english,comment,True,unanimous,3-0,0,0
t1_p78ba67,0,0.6233768463134766,0.50390625,1,0.8563310503959656,1,0.5932707522593802,taglish,comment,True,adjudicator,2-1,0,0
t1_p77f4p4,0,0.022457052022218704,-3.7734375,0,0.26386791467666626,0,0.05588858357384836,english,comment,True,unanimous,3-0,0,0
t1_p2ytd7e,0,0.006589771714061499,-5.015625,0,0.1527385264635086,0,0.022810197342402572,taglish,comment,True,adjudicator,2-1,0,0
t1_p7693zn,0,0.005060331430286169,-5.28125,0,0.13900768756866455,0,0.018771471836949896,taglish,comment,True,unanimous,3-0,0,0
t1_p2zx3qg,0,0.14080817997455597,-1.80859375,0,0.5746901035308838,0,0.20506808762750214,tagalog,comment,True,adjudicator,2-1,0,0
t1_p5x4bpa,0,0.23651622235774994,-1.171875,0,0.6230030655860901,0,0.2936101729620122,tagalog,comment,True,adjudicator,2-1,0,1
t1_p7anh8l,1,0.8305941224098206,1.58984375,1,0.9167430400848389,1,0.7669264922185386,taglish,comment,True,adjudicator,2-1,1,0
t1_p7jdld3,0,0.5117166042327881,0.046875,1,0.7952904105186462,1,0.5087782409558371,english,comment,True,majority,3-0,0,0
t1_p5rovuh,1,0.6671476364135742,0.6953125,1,0.8566490411758423,1,0.6273572150486129,english,comment,True,majority,3-0,1,1
t1_p7erayc,0,0.005139610730111599,-5.265625,0,0.10727754235267639,0,0.018988295999576993,tagalog,comment,True,adjudicator,2-1,0,0
t1_p7i7mqf,0,0.007011795416474342,-4.953125,0,0.16361218690872192,0,0.023877508806176746,taglish,comment,True,majority,3-0,0,0
t1_p4x583k,0,0.0025509123224765062,-5.96875,0,0.0717153400182724,0,0.011300871927375038,tagalog,comment,True,adjudicator,2-1,0,0
t1_p7bu88w,0,0.1030244380235672,-2.1640625,0,0.46766459941864014,0,0.16503736407134081,taglish,comment,True,majority,3-0,0,0
t1_p4dwqfb,1,0.5283965468406677,0.11370849609375,1,0.8336033821105957,1,0.5212834118406192,english,comment,True,adjudicator,2-1,1,1
t1_p7knj9u,0,0.04535258188843727,-3.046875,0,0.3704712986946106,0,0.09257622680321015,taglish,comment,True,majority,3-0,0,0
t1_p5f7dns,0,0.6504672765731812,0.62109375,1,0.857964038848877,1,0.61426944376784,tagalog,comment,True,adjudicator,2-1,0,0
t1_p7hh5q0,0,0.0014103584690019488,-6.5625,0,0.04548234865069389,0,0.007272759896513995,taglish,comment,True,unanimous,3-0,0,0
t1_p7bsvbl,0,0.10669060051441193,-2.125,0,0.42166003584861755,0,0.16910954411173126,english,comment,True,adjudicator,2-1,0,1
t3_1vrrfi8,0,0.004331502132117748,-5.4375,0,0.11771145462989807,0,0.01673259720212957,taglish,submission,True,majority,3-0,0,0
t1_p6x3jha,1,0.4198858141899109,-0.3232421875,0,0.7813587188720703,0,0.43975460725241416,tagalog,comment,True,adjudicator,2-1,1,1
t1_p78wrsu,0,0.09947021305561066,-2.203125,0,0.5054409503936768,0,0.1610442368138394,tagalog,comment,True,adjudicator,2-1,0,1
t1_p6ztuf8,0,0.10894505679607391,-2.1015625,0,0.4589795470237732,0,0.17159103873930584,tagalog,comment,True,majority,3-0,0,0
t1_p4xz1az,0,0.00482972152531147,-5.328125,0,0.09331270307302475,0,0.018135469279809878,english,comment,True,majority,3-0,0,0
t1_p5roqqv,0,0.24508504569530487,-1.125,0,0.6172045469284058,0,0.3009458769427699,english,comment,True,majority,3-0,0,0
t1_p77zzxn,0,0.5584473609924316,0.23486328125,1,0.807632327079773,1,0.5438740354628239,tagalog,comment,True,adjudicator,2-1,0,1
t1_p3gkat4,0,0.03358950838446617,-3.359375,0,0.25743648409843445,0,0.07469656128292845,taglish,comment,True,majority,3-0,0,0
t1_p7cb332,0,0.048496000468730927,-2.9765625,0,0.4039669632911682,0,0.09709720337870163,tagalog,comment,True,adjudicator,2-1,0,0
t1_p72yo6v,0,0.0037654140032827854,-5.578125,0,0.04520534723997116,0,0.015084738345133585,taglish,comment,True,majority,3-0,0,0
t1_p4ssv2p,0,0.5353413820266724,0.1416015625,1,0.7455800771713257,1,0.5264954858755663,tagalog,comment,True,unanimous,3-0,0,0
t3_1vsem4e,0,0.0012448433553799987,-6.6875,0,0.035845473408699036,0,0.006626932336174924,taglish,submission,True,majority,3-0,0,0
t1_p5incbq,0,0.06325051933526993,-2.6953125,0,0.4846760928630829,0,0.11720143822854746,tagalog,comment,True,adjudicator,2-1,0,0
t1_p6ls6y1,0,0.001151399570517242,-6.765625,0,0.029692724347114563,0,0.006252561251905091,taglish,comment,True,unanimous,3-0,0,0
t1_p6c40zg,0,0.24148938059806824,-1.14453125,0,0.6733319163322449,0,0.2978766479943627,tagalog,comment,True,adjudicator,2-1,0,0
t1_p76mp20,0,0.004007288720458746,-5.515625,0,0.063203826546669,0,0.015796411423831536,english,comment,True,adjudicator,2-1,0,0
t1_p7ab1f2,0,0.1398656666278839,-1.81640625,0,0.5823197364807129,0,0.20411564544158842,taglish,comment,True,adjudicator,2-1,0,0
t1_p50n0sd,0,0.03488088399171829,-3.3203125,0,0.25849828124046326,0,0.07674453047985484,english,comment,True,unanimous,3-0,0,0
t1_p77vhmq,0,0.025760557502508163,-3.6328125,0,0.27181828022003174,0,0.06171455926280479,taglish,comment,True,majority,3-0,0,0
t1_p47i2r2,0,0.0025509123224765062,-5.96875,0,0.10747385025024414,0,0.011300871927375038,taglish,comment,True,majority,3-0,0,0
t1_p7eipfc,0,0.010986942797899246,-4.5,0,0.2420789897441864,0,0.033208052663887364,taglish,comment,True,unanimous,3-0,0,0
t1_p6leryv,1,0.06418264657258987,-2.6796875,0,0.5432201623916626,0,0.1184179906369386,tagalog,comment,True,adjudicator,2-1,1,0
t1_p4tc9d3,0,0.5669703483581543,0.269500732421875,1,0.7841247320175171,1,0.5503035974715395,english,comment,True,adjudicator,2-1,0,1
t1_p7n6ben,0,0.09401018172502518,-2.265625,0,0.4972972869873047,0,0.1548181007266743,tagalog,comment,True,adjudicator,2-1,0,0
t1_p4617tr,0,0.005730246659368277,-5.15625,0,0.16307184100151062,0,0.020576329762842415,english,comment,True,majority,3-0,0,0
t1_p7ky9x7,0,0.03541072830557823,-3.3046875,0,0.2713049054145813,0,0.0775780431932074,tagalog,comment,True,unanimous,3-0,0,0
t1_p7ke3gb,0,0.023330770432949066,-3.734375,0,0.23574452102184296,0,0.057452908921270876,taglish,comment,True,unanimous,3-0,0,0
t1_p75z2bv,1,0.9485372304916382,2.9140625,1,0.9714311957359314,1,0.8987197872548035,taglish,comment,True,unanimous,3-0,1,1
t1_p6y900m,0,0.0038844766095280647,-5.546875,0,0.05730491131544113,0,0.015436538409855137,tagalog,comment,True,majority,3-0,0,0
t1_p2zy5gz,0,0.0025509123224765062,-5.96875,0,0.05802898854017258,0,0.011300871927375038,english,comment,True,majority,3-0,0,0
t1_p7jvjug,0,0.8553685545921326,1.77734375,1,0.8768643736839294,1,0.7910891993191965,tagalog,comment,True,adjudicator,2-1,0,0
t1_p68hnvq,0,0.0753123015165329,-2.5078125,0,0.4453842043876648,0,0.13253405674532912,english,comment,True,majority,3-0,0,0
t1_p6r4d0s,0,0.001151399570517242,-6.765625,0,0.03258306533098221,0,0.006252561251905091,tagalog,comment,True,majority,3-0,0,0
t1_p4onbxw,0,0.002396730938926339,-6.03125,0,0.05986088514328003,0,0.010789515289521092,taglish,comment,True,majority,3-0,0,0
t1_p7e77zy,0,0.002714985515922308,-5.90625,0,0.09159749746322632,0,0.011836173743242948,taglish,comment,True,majority,3-0,0,0
t1_p5jimtp,1,0.43584150075912476,-0.258056640625,0,0.7065871953964233,0,0.45181895586041787,taglish,comment,True,majority,3-0,1,1
t1_p6kecwp,0,0.0019877743907272816,-6.21875,0,0.06000128015875816,0,0.009388856452133908,taglish,comment,True,unanimous,3-0,0,0
t1_p4mp9bw,0,0.006903837900608778,-4.96875,0,0.19015255570411682,0,0.02360619896586913,taglish,comment,True,adjudicator,2-1,0,0
t1_p457cku,0,0.017176708206534386,-4.046875,0,0.30211731791496277,0,0.046012796033967227,tagalog,comment,True,majority,3-0,0,0
t1_p4e9crn,0,0.25645938515663147,-1.064453125,0,0.6950082778930664,0,0.31057364541460447,tagalog,comment,True,adjudicator,2-1,0,0
t1_p7ckl7z,0,0.8860265612602234,2.05078125,1,0.9249570369720459,1,0.8229335004022879,tagalog,comment,True,adjudicator,2-1,0,0
t1_p7a8qk5,1,0.378459095954895,-0.49609375,0,0.7239421606063843,0,0.4081422898670894,taglish,comment,True,majority,3-0,1,1
t1_p5dfsas,0,0.5573635101318359,0.23046875,1,0.8122246265411377,1,0.5430572107752197,taglish,comment,True,unanimous,3-0,0,0
t1_p6qr4jk,1,0.8757869601249695,1.953125,1,0.9377267360687256,1,0.8120201692135741,taglish,comment,True,majority,3-0,1,1
t1_p48vekj,0,0.0018102111062034965,-6.3125,0,0.0815400704741478,0,0.008757647741912457,taglish,comment,True,majority,3-0,0,0
t1_p7hto58,0,0.07107366621494293,-2.5703125,0,0.383048951625824,0,0.1272429798124617,taglish,comment,True,unanimous,3-0,0,0
t1_p2yp9nz,0,0.8037906289100647,1.41015625,1,0.9077911376953125,1,0.7420064869839847,taglish,comment,True,adjudicator,2-1,0,1
t1_p5clmlh,0,0.058345843106508255,-2.78125,0,0.42798277735710144,0,0.11070270904364289,taglish,comment,True,majority,3-0,0,0
t1_p5rq04g,0,0.0060975621454417706,-5.09375,0,0.08801960945129395,0,0.0215414205481145,english,comment,True,majority,3-0,0,0
t1_p7c6l3m,0,0.016029147431254387,-4.1171875,0,0.17508530616760254,0,0.04375511214698672,english,comment,True,majority,3-0,0,0
t1_p5z3w01,0,0.010489092208445072,-4.546875,0,0.2511996328830719,0,0.032098920378265644,taglish,comment,True,unanimous,3-0,0,0
t1_p7dx9j9,0,0.7229183912277222,0.958984375,1,0.854311466217041,1,0.6722604359157509,english,comment,True,majority,3-0,0,0
t1_p3g4gf0,0,0.0024726232513785362,-6.0,0,0.05514988303184509,0,0.011042266989075379,taglish,comment,True,majority,3-0,0,0
t1_p3hfbd5,0,0.03488088399171829,-3.3203125,0,0.23522472381591797,0,0.07674453047985484,english,comment,True,majority,3-0,0,0
t1_p79xtsd,0,0.0838903859257698,-2.390625,0,0.448481023311615,0,0.1429568810082022,english,comment,True,majority,3-0,0,0
t1_p3f71ak,0,0.18010665476322174,-1.515625,0,0.5565229654312134,0,0.24315933304353488,taglish,comment,True,majority,3-0,0,0
t1_p5jkezm,0,0.0030278346966952085,-5.796875,0,0.04381464421749115,0,0.012833884637165806,english,comment,True,majority,3-0,0,0
t1_p6k5hug,0,0.004905405919998884,-5.3125,0,0.10564078390598297,0,0.018345084496537066,english,comment,True,majority,3-0,0,0
t1_p78b5um,0,0.224735289812088,-1.23828125,0,0.6579057574272156,0,0.28339912624928826,english,comment,True,adjudicator,2-1,0,0
t1_p7i590u,0,0.029986508190631866,-3.4765625,0,0.3926451802253723,0,0.06885070891061511,taglish,comment,True,unanimous,3-0,0,0
t1_p7djczh,0,0.11436852067708969,-2.046875,0,0.5476932525634766,0,0.17749331719578096,tagalog,comment,True,majority,3-0,0,0
t1_p6rtlgn,0,0.006797531619668007,-4.984375,0,0.1623406708240509,0,0.023337898196897935,taglish,comment,True,majority,3-0,0,0
t1_p5ckfsi,0,0.024053553119301796,-3.703125,0,0.19453394412994385,0,0.05873387865683369,english,comment,True,majority,3-0,0,0
t1_p7kk0ar,0,0.010652512311935425,-4.53125,0,0.09135108441114426,0,0.032464593008292054,taglish,comment,True,majority,3-0,0,0
t1_p3mm42l,0,0.7213507890701294,0.951171875,1,0.9025278091430664,1,0.6709696205537476,tagalog,comment,True,adjudicator,2-1,0,1
t1_p393o0y,0,0.043042849749326706,-3.1015625,0,0.2613605856895447,0,0.08919153261419548,taglish,comment,True,unanimous,3-0,0,0
t1_p58vdxr,0,0.7468782067298889,1.08203125,1,0.8299385905265808,1,0.6922389522036525,tagalog,comment,True,adjudicator,2-1,0,0
t1_p74ikrc,0,0.0006563728675246239,-7.328125,0,0.030076131224632263,0,0.00411132231569428,taglish,comment,True,majority,3-0,0,0
t1_p7d43dc,1,0.34246155619621277,-0.65234375,0,0.7170686721801758,0,0.380198535851666,taglish,comment,True,unanimous,3-0,1,1
t1_p7b31me,0,0.21502088010311127,-1.294921875,0,0.5691888332366943,0,0.2748615063779385,english,comment,True,adjudicator,2-1,0,0
t1_p5d33sl,0,0.2693256139755249,-0.998046875,0,0.6298048496246338,0,0.3213247705795503,english,comment,True,unanimous,3-0,0,0
t1_p5ez526,0,0.026355354115366936,-3.609375,0,0.31181246042251587,0,0.06273914555882056,taglish,comment,True,unanimous,3-0,0,0
t1_p50eivj,0,0.014063626527786255,-4.25,0,0.22725866734981537,0,0.03977601286698117,taglish,comment,True,majority,3-0,0,0
t1_p5evs12,0,0.5086966156959534,0.0347900390625,1,0.8349214792251587,1,0.5065154014032682,tagalog,comment,True,adjudicator,2-1,0,1
t1_p7kwraw,0,0.0038844766095280647,-5.546875,0,0.039185479283332825,0,0.015436538409855137,english,comment,True,majority,3-0,0,0
t1_p72vwpm,0,0.4517497420310974,-0.193603515625,0,0.7466956973075867,0,0.46380374083910586,english,comment,True,adjudicator,2-1,0,1
t1_p5rtmmq,0,0.2925952970981598,-0.8828125,0,0.6746225357055664,0,0.3404336992551974,english,comment,True,adjudicator,3-0,0,0
t1_p7cn5o7,1,0.06325051933526993,-2.6953125,0,0.4293758273124695,0,0.11720143822854746,english,comment,True,majority,3-0,1,1
t1_p3mk15j,0,0.024237634614109993,-3.6953125,0,0.3237115442752838,0,0.05905828086570057,english,comment,True,unanimous,3-0,0,0
t1_p70bt1i,0,0.00970847625285387,-4.625,0,0.10207656025886536,0,0.03032951092726271,taglish,comment,True,majority,3-0,0,0
t1_p61w9xz,0,0.001597845577634871,-6.4375,0,0.06312035024166107,0,0.007981020899623078,english,comment,True,adjudicator,2-1,0,0
t1_p2xicor,0,0.4451846778392792,-0.22014617919921875,0,0.7516334056854248,0,0.45886237969134647,tagalog,comment,True,adjudicator,2-1,0,0
t1_p5jglh8,0,0.008187909610569477,-4.796875,0,0.3177061080932617,0,0.02676329726778762,tagalog,comment,True,adjudicator,2-1,0,0
t1_p3zz7ts,0,0.0038844766095280647,-5.546875,0,0.1415162980556488,0,0.015436538409855137,taglish,comment,True,majority,3-0,0,0
t1_p75qnxv,0,0.04240382835268974,-3.1171875,0,0.27394282817840576,0,0.08824517950541334,english,comment,True,majority,3-0,0,0
t1_p79i6zf,0,0.04742587357759476,-3.0,0,0.37059900164604187,0,0.09556873219539853,english,comment,True,majority,3-0,0,0
t1_p4qu5cn,0,0.012624949216842651,-4.359375,0,0.1549212783575058,0,0.036761809350129786,tagalog,comment,True,adjudicator,2-1,0,0
t1_p7afn9w,0,0.08210662752389908,-2.4140625,0,0.46506237983703613,0,0.1408190929471696,english,comment,True,majority,3-0,0,0
t1_p51c9tq,0,0.0038844766095280647,-5.546875,0,0.2273753136396408,0,0.015436538409855137,taglish,comment,True,majority,3-0,0,0
t1_p67kt9n,0,0.00130450667347759,-6.640625,0,0.037660859525203705,0,0.006862156516952526,taglish,comment,True,majority,3-0,0,0
t1_p7ajowh,0,0.3761647045612335,-0.505859375,0,0.7420167922973633,0,0.40637622728322453,taglish,comment,True,adjudicator,2-1,0,0
t1_p73oenm,0,0.012821215204894543,-4.34375,0,0.1544497162103653,0,0.037178561446541046,tagalog,comment,True,majority,3-0,0,0
t1_p7brkvq,0,0.001098731067031622,-6.8125,0,0.010498002171516418,0,0.006038106016096041,taglish,comment,True,majority,3-0,0,0
t1_p7lem5c,0,0.9118099808692932,2.3359375,1,0.9525824785232544,1,0.8519497551264762,tagalog,comment,True,adjudicator,2-1,0,0
t1_p74rzdi,0,0.10743748396635056,-2.1171875,0,0.46895918250083923,0,0.1699335178930344,tagalog,comment,True,adjudicator,2-1,0,0
t1_p79d9th,0,0.19993212819099426,-1.38671875,0,0.6294037103652954,0,0.2613690024116086,tagalog,comment,True,adjudicator,2-1,0,0
t1_p7aepiv,0,0.0832919254899025,-2.3984375,0,0.4418349266052246,0,0.14224129676042765,tagalog,comment,True,adjudicator,2-1,0,0
t1_p73o9cq,0,0.03488088399171829,-3.3203125,0,0.2479228377342224,0,0.07674453047985484,english,comment,True,unanimous,3-0,0,0
t1_p5ai9q3,0,0.0006878511630930007,-7.28125,0,0.016616180539131165,0,0.004257637165921209,english,comment,True,majority,3-0,0,0
t1_p75wlro,0,0.14366762340068817,-1.78515625,0,0.5117901563644409,0,0.20794517966504938,english,comment,True,unanimous,3-0,0,0
t1_p50jpev,0,0.49218809604644775,-0.03125,0,0.7683762311935425,1,0.4941475052800718,tagalog,comment,True,adjudicator,2-1,0,1
t1_p75euy4,1,0.9219217896461487,2.46875,1,0.9590179324150085,1,0.8640651915568256,taglish,comment,True,majority,3-0,1,1
t1_p3givpi,0,0.012053778395056725,-4.40625,0,0.1746000349521637,0,0.03553834644186387,taglish,comment,True,adjudicator,2-1,0,0
t1_p7mra15,0,0.0427221953868866,-3.109375,0,0.278081476688385,0,0.0887172170607258,english,comment,True,adjudicator,2-1,0,0
t1_p7k7ilt,0,0.008315778337419033,-4.78125,0,0.1060469001531601,0,0.027069886167298093,taglish,comment,True,majority,3-0,0,0
t3_1vsgvwd,0,0.16238003969192505,-1.640625,0,0.4981248080730438,0,0.22634248360739798,taglish,submission,True,unanimous,3-0,0,0
t1_p4q6ia8,1,0.6959583163261414,0.828125,1,0.7787930369377136,1,0.6503078736208863,tagalog,comment,True,adjudicator,2-1,1,1
t1_p675hvz,0,0.0019267346942797303,-6.25,0,0.04891018196940422,0,0.00917359939476919,taglish,comment,True,unanimous,3-0,0,0
t1_p7kdw6q,0,0.1127954050898552,-2.0625,0,0.5156867504119873,0,0.17579088062556048,taglish,comment,True,unanimous,3-0,0,0
t1_p6w0op2,0,0.5930201411247253,0.37646484375,1,0.7956905364990234,1,0.570043827657778,tagalog,comment,True,adjudicator,2-1,0,1
t1_p7ayjj8,0,0.5469801425933838,0.1884765625,1,0.8002632856369019,1,0.5352409409493004,taglish,comment,True,adjudicator,2-1,0,0
t1_p7jbrxc,0,0.0036499870475381613,-5.609375,0,0.08695955574512482,0,0.014740835796323182,english,comment,True,adjudicator,3-0,0,0
t1_p30mv2j,0,0.02080449089407921,-3.8515625,0,0.32559797167778015,0,0.05287944558456361,taglish,comment,True,majority,3-0,0,0
t1_p3lyi6l,0,0.035678550601005554,-3.296875,0,0.3034367263317108,0,0.07799790186416966,taglish,comment,True,adjudicator,2-1,0,1
t1_p79gkuq,0,0.26473838090896606,-1.021484375,0,0.6532135009765625,0,0.3175078172212113,taglish,comment,True,adjudicator,2-1,0,0
t1_p6y249q,0,0.0009253848693333566,-6.984375,0,0.035941701382398605,0,0.005312483292174722,tagalog,comment,True,unanimous,3-0,0,0
t1_p7dqfr1,0,0.016914913430809975,-4.0625,0,0.36043938994407654,0,0.045501696713335225,tagalog,comment,True,adjudicator,2-1,0,1
t1_p6zwkbj,0,0.05070536583662033,-2.9296875,0,0.32954123616218567,0,0.10021970803980035,tagalog,comment,True,adjudicator,2-1,0,0
t1_p796mnx,1,0.07751766592264175,-2.4765625,0,0.4142917990684509,0,0.13524882692727336,english,comment,True,adjudicator,2-1,1,1
t1_p6s1gzr,0,0.04084571823477745,-3.15625,0,0.3556259572505951,0,0.08591886973219272,taglish,comment,True,majority,3-0,0,0
t1_p74lbe3,0,0.5050047039985657,0.02001953125,1,0.7787044048309326,1,0.5037493553898356,tagalog,comment,True,adjudicator,2-1,0,1
t1_p7bj8kc,0,0.3944341838359833,-0.4287109375,0,0.6990393400192261,0,0.42039055943162423,taglish,comment,True,adjudicator,2-1,0,0
t1_p6xy6oj,0,0.0025509123224765062,-5.96875,0,0.09657999128103256,0,0.011300871927375038,english,comment,True,majority,3-0,0,0
t1_p50vpbc,0,0.002251847181469202,-6.09375,0,0.05841641128063202,0,0.01030105611011823,taglish,comment,True,majority,3-0,0,0
t1_p7hu2dg,1,0.17272931337356567,-1.56640625,0,0.5786145329475403,0,0.2362267532961533,english,comment,True,adjudicator,2-1,1,1
t1_p60ini5,1,0.012241275049746037,-4.390625,0,0.21816693246364594,0,0.03594174622161488,english,comment,True,majority,3-0,1,1
t1_p74eoly,1,0.15152934193611145,-1.72265625,0,0.47540634870529175,0,0.21576243523279304,taglish,comment,True,unanimous,3-0,1,1
t1_p57775v,0,0.0018969200318679214,-6.265625,0,0.0933971256017685,0,0.009067811682585967,taglish,comment,True,majority,3-0,0,0
t1_p4qem03,0,0.011869121342897415,-4.421875,0,0.10282675921916962,0,0.03513930927505064,english,comment,True,unanimous,3-0,0,0
t1_p6yxpxt,0,0.23091977834701538,-1.203125,0,0.6823182106018066,0,0.28877821351635424,tagalog,comment,True,majority,3-0,0,0
t1_p5c8o4w,0,0.0005703156930394471,-7.46875,0,0.011766871437430382,0,0.0037017518054181207,english,comment,True,majority,3-0,0,0
t1_p5cpmxp,0,0.0009850084315985441,-6.921875,0,0.06476503610610962,0,0.005565722808113128,taglish,comment,True,majority,3-0,0,0
t1_p74l3ot,0,0.32338008284568787,-0.73828125,0,0.7053437232971191,0,0.3651487277163499,tagalog,comment,True,adjudicator,2-1,0,0
t1_p5pvzu8,0,0.0025114635936915874,-5.984375,0,0.08065567910671234,0,0.011170829597737159,taglish,comment,True,unanimous,3-0,0,0
t1_p5ja9a6,0,0.0032224843744188547,-5.734375,0,0.10775347799062729,0,0.013440815311279984,taglish,comment,True,unanimous,3-0,0,0
t1_p7a4x4d,0,0.3011564612388611,-0.841796875,0,0.6779911518096924,0,0.3473665430482742,english,comment,True,unanimous,3-0,0,0
t1_p7hn2ei,0,0.00407013762742281,-5.5,0,0.08206705749034882,0,0.015979431097218357,english,comment,True,majority,3-0,0,0
t1_p3gj36e,0,0.01590639352798462,-4.125,0,0.19617021083831787,0,0.0435108819223144,taglish,comment,True,unanimous,3-0,0,0
t1_p74wdcy,0,0.0030278346966952085,-5.796875,0,0.05625314638018608,0,0.012833884637165806,taglish,comment,True,unanimous,3-0,0,0
t1_p4t9ywx,0,0.0008167380001395941,-7.109375,0,0.017316080629825592,0,0.0048398813701223805,tagalog,comment,True,unanimous,3-0,0,0
t1_p7mzui1,0,0.02822098508477211,-3.5390625,0,0.34732693433761597,0,0.06590885633914588,tagalog,comment,True,majority,3-0,0,0
t1_p58wc9w,0,0.113973468542099,-2.05078125,0,0.4646391272544861,0,0.17706649959771217,english,comment,True,unanimous,3-0,0,0
t1_p74ely0,0,0.16184942424297333,-1.64453125,0,0.44701120257377625,0,0.2258304508673948,taglish,comment,True,adjudicator,2-1,0,0
t1_p66w6a3,0,0.001032231142744422,-6.875,0,0.038431089371442795,0,0.005763497708455889,tagalog,comment,True,majority,3-0,0,0
t1_p6ry2to,0,0.0007672924548387527,-7.171875,0,0.047222428023815155,0,0.004619514109484817,tagalog,comment,True,majority,3-0,0,0
t1_p4svza9,0,0.07107366621494293,-2.5703125,0,0.4197872579097748,0,0.1272429798124617,tagalog,comment,True,adjudicator,2-1,0,0
t1_p30l3p2,0,0.009125636890530586,-4.6875,0,0.20328128337860107,0,0.0289823615333465,english,comment,True,unanimous,3-0,0,0
t1_p465g9d,0,0.011687257327139378,-4.4375,0,0.1748795509338379,0,0.03474459122869208,taglish,comment,True,adjudicator,2-1,0,0
t1_p79bjy1,0,0.13161905109882355,-1.88671875,0,0.5194670557975769,0,0.19569172583522665,english,comment,True,adjudicator,2-1,0,0
t1_p75e3qj,0,0.03258974477648735,-3.390625,0,0.35078200697898865,0,0.07309448494742783,taglish,comment,True,majority,3-0,0,0
t1_p517odk,0,0.5185461640357971,0.07421875,1,0.8116225004196167,1,0.513896729837221,tagalog,comment,True,adjudicator,2-1,0,1
t1_p7bw6m1,0,0.0006462032324634492,-7.34375,0,0.016119878739118576,0,0.004063672127752942,english,comment,True,majority,3-0,0,0
t1_p66vjwx,0,0.0023231625091284513,-6.0625,0,0.05224763602018356,0,0.010542487270768569,tagalog,comment,True,majority,3-0,0,0
t1_p5vixtt,0,0.15002882480621338,-1.734375,0,0.5584279298782349,0,0.2142806323129177,taglish,comment,True,majority,3-0,0,0
t1_p79ib3k,0,0.026355354115366936,-3.609375,0,0.3658897578716278,0,0.06273914555882056,taglish,comment,True,unanimous,3-0,0,0
t1_p58kee9,0,0.01971912942826748,-3.90625,0,0.2097926139831543,0,0.05086475715029827,english,comment,True,unanimous,3-0,0,0
t1_p59fdwe,0,0.06608537584543228,-2.6484375,0,0.4812130928039551,0,0.12088390696827844,english,comment,True,adjudicator,2-1,0,1
t1_p6siibl,1,0.609117329120636,0.443603515625,1,0.8340964317321777,1,0.5823254987085289,english,comment,True,majority,3-0,1,1
t1_p7kdl3z,1,0.86200350522995,1.83203125,1,0.9336642026901245,1,0.7977793606460057,taglish,comment,True,majority,3-0,1,1
t1_p6c038g,0,0.004331502132117748,-5.4375,0,0.09398940205574036,0,0.01673259720212957,taglish,comment,True,unanimous,3-0,0,0
t1_p3zq2x9,0,0.0005703156930394471,-7.46875,0,0.0204792283475399,0,0.0037017518054181207,english,comment,True,majority,3-0,0,0
t1_p5cmw8l,0,0.9719924926757812,3.546875,1,0.9832944869995117,1,0.9344505540906874,tagalog,comment,True,adjudicator,2-1,0,1
t1_p451dv5,1,0.5580862164497375,0.2333984375,1,0.7915971279144287,1,0.5436017865680782,tagalog,comment,True,adjudicator,2-1,1,1
t1_p4bi0wm,0,0.016657039523124695,-4.078125,0,0.3412665128707886,0,0.04499600679287852,tagalog,comment,True,adjudicator,2-1,0,0
t1_p6xyj2g,0,0.012431650422513485,-4.375,0,0.20578633248806,0,0.036349552458675695,taglish,comment,True,majority,3-0,0,0
t1_p6scjhs,0,0.005384938325732946,-5.21875,0,0.05243956670165062,0,0.019653608135243982,english,comment,True,majority,3-0,0,0
t1_p2hmf6m,0,0.0024343819823116064,-6.015625,0,0.06999713182449341,0,0.01091516764654445,taglish,comment,True,unanimous,3-0,0,0
t1_p7bqhwn,0,0.14560064673423767,-1.76953125,0,0.4924011826515198,0,0.2098797175124836,taglish,comment,True,adjudicator,2-1,0,0
t1_p50sx7y,0,0.10158944875001907,-2.1796875,0,0.5214707255363464,0,0.16343066056877983,taglish,comment,True,majority,3-0,0,0
t1_p5se4w6,0,0.0059110685251653194,-5.125,0,0.08173994719982147,0,0.021053464794638353,english,comment,True,majority,3-0,0,0
t1_p5wj2ku,0,0.8122723698616028,1.46484375,1,0.9007264971733093,1,0.7497712909127374,english,comment,True,adjudicator,2-1,0,1
t1_p3239ik,1,0.3153141736984253,-0.775390625,0,0.6625857353210449,0,0.358728605551037,english,comment,True,adjudicator,2-1,1,1
t1_p5z09ya,0,0.0008693673880770802,-7.046875,0,0.022922663018107414,0,0.0050707073810302705,english,comment,True,majority,3-0,0,0
t1_p6ep96k,1,0.0832919254899025,-2.3984375,0,0.49255526065826416,0,0.14224129676042765,taglish,comment,True,majority,3-0,1,1
t1_p50lw40,1,0.15052762627601624,-1.73046875,0,0.570000410079956,0,0.21477374277083472,english,comment,True,adjudicator,2-1,1,1
t1_p6rxmzn,0,0.007232763804495335,-4.921875,0,0.19321897625923157,0,0.024429284020908854,english,comment,True,majority,3-0,0,0
t1_p6dl87e,0,0.06278920918703079,-2.703125,0,0.4557078778743744,0,0.11659723607474917,tagalog,comment,True,adjudicator,2-1,0,0
t1_p30mnwp,1,0.060086652636528015,-2.75,0,0.30647867918014526,0,0.11302856225801737,english,comment,True,majority,3-0,1,1
t1_p4ur86n,0,0.0018102111062034965,-6.3125,0,0.04589785262942314,0,0.008757647741912457,taglish,comment,True,unanimous,3-0,0,0
t1_p6s9jvf,0,0.03622005507349968,-3.28125,0,0.25475966930389404,0,0.07884386479317726,taglish,comment,True,majority,3-0,0,0
t1_p7bvma7,0,0.0007672924548387527,-7.171875,0,0.01644604280591011,0,0.004619514109484817,tagalog,comment,True,majority,3-0,0,0
t1_p6kea8c,0,0.0014550630003213882,-6.53125,0,0.043896354734897614,0,0.007443749142741675,english,comment,True,majority,3-0,0,0
t1_p7akh1u,0,0.025760557502508163,-3.6328125,0,0.28228282928466797,0,0.06171455926280479,taglish,comment,True,majority,3-0,0,0
t1_p3ffwh3,1,0.11716747283935547,-2.01953125,0,0.6057472229003906,0,0.1805036445474743,taglish,comment,True,majority,3-0,1,1
t1_p74ve93,0,0.30074557662010193,-0.84375,0,0.6751809120178223,0,0.3470349074545182,english,comment,True,majority,3-0,0,0
t1_p5cn2vp,1,0.15304215252399445,-1.7109375,0,0.498360812664032,0,0.21725165187506712,taglish,comment,True,majority,3-0,1,1
t1_p74qbp4,0,0.0023231625091284513,-6.0625,0,0.06266926974058151,0,0.010542487270768569,tagalog,comment,True,majority,3-0,0,0
t1_p30kfc2,0,0.5571828484535217,0.229736328125,1,0.7761702537536621,1,0.5429210506931545,english,comment,True,adjudicator,2-1,0,0
t1_p2zw8oh,0,0.0036499870475381613,-5.609375,0,0.07257705926895142,0,0.014740835796323182,tagalog,comment,True,adjudicator,3-0,0,0
t1_p4stnfe,0,0.0204885546118021,-3.8671875,0,0.2127041518688202,0,0.05229625432213942,tagalog,comment,True,adjudicator,2-1,0,1
t1_p5xy6zh,0,0.001048469333909452,-6.859375,0,0.02636093460023403,0,0.005830963173865106,taglish,comment,True,majority,3-0,0,0
t1_p5fzzes,0,0.029535338282585144,-3.4921875,0,0.3186458349227905,0,0.06810404121342764,taglish,comment,True,adjudicator,2-1,0,1
t1_p75rwe2,1,0.0832919254899025,-2.3984375,0,0.38815414905548096,0,0.14224129676042765,tagalog,comment,True,adjudicator,2-1,1,0
t1_p3f2ovk,0,0.08509904891252518,-2.375,0,0.4451608657836914,0,0.1443970468368283,taglish,comment,True,unanimous,3-0,0,0
t1_p6d6eto,0,0.004198795650154352,-5.46875,0,0.12302881479263306,0,0.01635175040280427,tagalog,comment,True,adjudicator,2-1,0,0
t1_p3za0te,0,0.2553436756134033,-1.0703125,0,0.657650887966156,0,0.309634543022342,taglish,comment,True,adjudicator,2-1,0,0
t1_p3wnwnp,0,0.01912403479218483,-3.9375,0,0.2554970979690552,0,0.04974634041692687,taglish,comment,True,majority,3-0,0,0
t1_p5jhy3n,0,0.012431650422513485,-4.375,0,0.1377081722021103,0,0.036349552458675695,taglish,comment,True,unanimous,3-0,0,0
t1_p6k0olj,0,0.0222861859947443,-3.78125,0,0.2404179573059082,0,0.05558056380285582,taglish,comment,True,unanimous,3-0,0,0
t1_p6e2mll,0,0.5881797075271606,0.3564453125,1,0.7957054376602173,1,0.5663641863067393,taglish,comment,True,adjudicator,2-1,0,1
t1_p4sutzg,0,0.6035813689231873,0.42041015625,1,0.8245043158531189,1,0.5780934661856032,taglish,comment,True,adjudicator,2-1,0,1
t1_p70dx7c,0,0.0019877743907272816,-6.21875,0,0.042025502771139145,0,0.009388856452133908,taglish,comment,True,unanimous,3-0,0,0
t1_p7a1lxz,1,0.6909762620925903,0.8046875,1,0.8586711883544922,1,0.6463045243432788,taglish,comment,True,adjudicator,2-1,1,1
t1_p7bg11b,0,0.015663648024201393,-4.140625,0,0.1962968111038208,0,0.04302631987243452,tagalog,comment,True,adjudicator,2-1,0,0
t1_p5s5z5a,0,0.2590751051902771,-1.05078125,0,0.658173680305481,0,0.31277095380278047,tagalog,comment,True,adjudicator,2-1,0,1
t1_p7d8mki,0,0.015189048834145069,-4.171875,0,0.23364344239234924,0,0.0420726151776803,taglish,comment,True,adjudicator,2-1,0,0
t1_p511mps,1,0.5327441692352295,0.13116455078125,1,0.7935056686401367,1,0.5245458498136424,taglish,comment,True,majority,3-0,1,1
t1_p6wltad,0,0.026759279891848564,-3.59375,0,0.2310655117034912,0,0.06343099810285073,tagalog,comment,True,adjudicator,2-1,0,0
t1_p79fxga,0,0.09534946829080582,-2.25,0,0.4939977526664734,0,0.1563559583922131,taglish,comment,True,adjudicator,2-1,0,0
t1_p6scwsx,0,0.030214587226510048,-3.46875,0,0.22086292505264282,0,0.06922687933387604,english,comment,True,majority,3-0,0,0
t1_p51c5db,0,0.057918090373277664,-2.7890625,0,0.36738547682762146,0,0.11012783003918279,taglish,comment,True,majority,3-0,0,0
t1_p5etm2t,0,0.011869121342897415,-4.421875,0,0.16641537845134735,0,0.03513930927505064,taglish,comment,True,majority,3-0,0,0
t1_p3jn9cc,0,0.0006878511630930007,-7.28125,0,0.011857735924422741,0,0.004257637165921209,taglish,comment,True,unanimous,3-0,0,0
t1_p5s22l7,0,0.026963496580719948,-3.5859375,0,0.16333618760108948,0,0.06377958579438398,english,comment,True,majority,3-0,0,0
t1_p6zvsxc,0,0.0010649627074599266,-6.84375,0,0.023678675293922424,0,0.005899213680373309,taglish,comment,True,unanimous,3-0,0,0
t1_p7jaz31,0,0.01578456163406372,-4.1328125,0,0.29237204790115356,0,0.04326795324716089,taglish,comment,True,unanimous,3-0,0,0
t1_p6sbqgt,0,0.0333368256688118,-3.3671875,0,0.24352914094924927,0,0.0742930416111243,english,comment,True,adjudicator,2-1,0,0
t1_p5bw2ty,0,0.0030278346966952085,-5.796875,0,0.11475294083356857,0,0.012833884637165806,english,comment,True,majority,3-0,0,0
t1_p3z7dpc,0,0.7786493301391602,1.2578125,1,0.8779048323631287,1,0.719562939981543,taglish,comment,True,majority,3-0,0,0
t1_p7br2fp,0,0.004007288720458746,-5.515625,0,0.10299941152334213,0,0.015796411423831536,english,comment,True,majority,3-0,0,0
t1_p4pupu7,0,0.0017546144081279635,-6.34375,0,0.027286868542432785,0,0.00855673731866246,taglish,comment,True,majority,3-0,0,0
t1_p6a7ngv,0,0.012053778395056725,-4.40625,0,0.3341097831726074,0,0.03553834644186387,taglish,comment,True,adjudicator,2-1,0,0
t1_p67j2mc,0,0.0011879054363816977,-6.734375,0,0.04041548818349838,0,0.006399719320588072,tagalog,comment,True,majority,3-0,0,0
t1_p5z998y,0,0.009125636890530586,-4.6875,0,0.15854579210281372,0,0.0289823615333465,taglish,comment,True,adjudicator,3-0,0,0
t1_p71n1o6,0,0.0023596608079969883,-6.046875,0,0.05557646602392197,0,0.010665293809961326,taglish,comment,True,majority,3-0,0,0
t1_p5sbgsf,0,0.00970847625285387,-4.625,0,0.1039014682173729,0,0.03032951092726271,taglish,comment,True,majority,3-0,0,0
t1_p5jsxyn,0,0.13386748731136322,-1.8671875,0,0.4693745970726013,0,0.19800499491514867,taglish,comment,True,unanimous,3-0,0,0
t1_p7jkrnn,0,0.525764524936676,0.1031494140625,1,0.800834059715271,1,0.5193090795908033,tagalog,comment,True,adjudicator,2-1,0,1
t1_p3equtk,0,0.0013458605390042067,-6.609375,0,0.022697605192661285,0,0.007023560401461338,taglish,comment,True,unanimous,3-0,0,0
t1_p3ucskm,0,0.09401018172502518,-2.265625,0,0.5392885208129883,0,0.1548181007266743,tagalog,comment,True,adjudicator,2-1,0,0
t1_p6x6dzq,1,0.86200350522995,1.83203125,1,0.9444324374198914,1,0.7977793606460057,tagalog,comment,True,unanimous,3-0,1,1
t1_p50ma7a,1,0.8062431216239929,1.42578125,1,0.903165340423584,1,0.7442409535922193,tagalog,comment,True,adjudicator,2-1,1,1
t1_p6wrmnt,0,0.007011795416474342,-4.953125,0,0.11143600940704346,0,0.023877508806176746,tagalog,comment,True,unanimous,3-0,0,0
t1_p74qsqq,1,0.21733753383159637,-1.28125,0,0.5252506732940674,0,0.2769076334717634,tagalog,comment,True,majority,3-0,1,1
t1_p7jc35b,0,0.007011795416474342,-4.953125,0,0.1796746551990509,0,0.023877508806176746,english,comment,True,majority,3-0,0,0
t1_p48edr7,0,0.23934932053089142,-1.15625,0,0.6394784450531006,0,0.29604378815110705,taglish,comment,True,majority,3-0,0,0
t1_p7gtjj1,0,0.44494912028312683,-0.221099853515625,0,0.6239739060401917,0,0.45868498185447315,tagalog,comment,True,adjudicator,2-1,0,1
t1_p4net0h,0,0.017309095710515976,-4.0390625,0,0.1924286186695099,0,0.046270390356679215,english,comment,True,majority,3-0,0,0
t1_p7b82fh,0,0.3393895626068115,-0.666015625,0,0.7016217112541199,0,0.3777879334371448,tagalog,comment,True,adjudicator,2-1,0,0
t1_p7er2rg,0,0.023870835080742836,-3.7109375,0,0.2645585536956787,0,0.05841114774575512,tagalog,comment,True,unanimous,3-0,0,0
t1_p51apmu,0,0.024423090741038322,-3.6875,0,0.1402500569820404,0,0.05938436178912311,english,comment,True,unanimous,3-0,0,0
t1_p5cakcu,0,0.000487857119878754,-7.625,0,0.006539472844451666,0,0.003294188719094835,taglish,comment,True,majority,3-0,0,0
t1_p78kmta,0,0.00941259041428566,-4.65625,0,0.12711948156356812,0,0.029648519554399132,tagalog,comment,True,adjudicator,2-1,0,0
t1_p3nsqo0,0,0.004681822843849659,-5.359375,0,0.13381808996200562,0,0.017723267573747804,taglish,comment,True,unanimous,3-0,0,0
t1_p50lrue,0,0.010489092208445072,-4.546875,0,0.15073087811470032,0,0.032098920378265644,english,comment,True,adjudicator,2-1,0,0
t1_p5dfs1x,0,0.21206879615783691,-1.3125,0,0.6601404547691345,0,0.27224461121853366,tagalog,comment,True,adjudicator,2-1,0,0
t1_p66tpb2,0,0.0030753696337342262,-5.78125,0,0.10087950527667999,0,0.012983032801439235,english,comment,True,majority,3-0,0,0
t1_p60m9a1,0,0.0012255674228072166,-6.703125,0,0.03665599972009659,0,0.006550318019983763,taglish,comment,True,majority,3-0,0,0
t1_p6gaw8o,0,0.0013885231455788016,-6.578125,0,0.06102858483791351,0,0.007188733166008599,taglish,comment,True,majority,3-0,0,0
t1_p7ez7pb,0,0.08151976019144058,-2.421875,0,0.4228101968765259,0,0.14011246017918338,tagalog,comment,True,adjudicator,2-1,0,0
t1_p7lnrs6,0,0.0023596608079969883,-6.046875,0,0.052702680230140686,0,0.010665293809961326,english,comment,True,majority,3-0,0,0
t1_p66om79,0,0.2766905128955841,-0.9609375,0,0.7190973162651062,0,0.3274172659650554,taglish,comment,True,adjudicator,2-1,0,0
t1_p5d0oid,1,0.05070536583662033,-2.9296875,0,0.4383819103240967,0,0.10021970803980035,tagalog,comment,True,majority,3-0,1,1
t1_p5b5hbz,0,0.13296425342559814,-1.875,0,0.48401206731796265,0,0.19707722454740143,english,comment,True,adjudicator,2-1,0,0
t1_p6rhul2,1,0.3922204077243805,-0.43798828125,0,0.7680937051773071,0,0.4186980117432598,tagalog,comment,True,majority,3-0,1,1
t1_p6srpnp,0,0.002217013156041503,-6.109375,0,0.11033176630735397,0,0.01018240045466772,taglish,comment,True,unanimous,3-0,0,0
t3_1vnuz4r,0,0.0014779430348426104,-6.515625,0,0.05426923558115959,0,0.007530734060740145,taglish,submission,True,majority,3-0,0,0
t1_p7b9jj2,1,0.3195458948612213,-0.755859375,0,0.7271990776062012,0,0.36210147578624025,taglish,comment,True,adjudicator,2-1,1,0
t1_p7lyhlv,0,0.000954731716774404,-6.953125,0,0.01796334981918335,0,0.005437637085272226,taglish,comment,True,unanimous,3-0,0,0
t1_p38c638,1,0.7779752612113953,1.25390625,1,0.8864104747772217,1,0.7189720401210692,tagalog,comment,True,adjudicator,2-1,1,1
t1_p7a4lhe,0,0.0025909794494509697,-5.953125,0,0.10019117593765259,0,0.011432410608709562,taglish,comment,True,unanimous,3-0,0,0
t1_p77sk36,0,0.05707139894366264,-2.8046875,0,0.4161902070045471,0,0.10898591664033609,taglish,comment,True,adjudicator,2-1,0,0
t1_p5z2t5f,0,0.0015487609198316932,-6.46875,0,0.03573751077055931,0,0.007797787023189781,taglish,comment,True,unanimous,3-0,0,0
t1_p7jdi0d,0,0.0016484829830005765,-6.40625,0,0.029797863215208054,0,0.008168524993053225,english,comment,True,majority,3-0,0,0
t1_p5cseyk,1,0.9343951344490051,2.65625,1,0.9672220945358276,1,0.8797366930278913,taglish,comment,True,unanimous,3-0,1,1
t1_p7lbiex,0,0.007345826830714941,-4.90625,0,0.14885157346725464,0,0.02470981430760416,english,comment,True,majority,3-0,0,0
t1_p78k2ir,1,0.8494724035263062,1.73046875,1,0.9052419662475586,1,0.7852262572291652,taglish,comment,True,adjudicator,2-1,1,0
t1_p7hyhoq,0,0.09073548763990402,-2.3046875,0,0.45153138041496277,0,0.15102750765210138,taglish,comment,True,unanimous,3-0,0,0
t1_p6hvxya,0,0.0019267346942797303,-6.25,0,0.0738549679517746,0,0.00917359939476919,taglish,comment,True,unanimous,3-0,0,0
t1_p3dmz5w,0,0.008985428139567375,-4.703125,0,0.11162536591291428,0,0.028654750206493915,taglish,comment,True,majority,3-0,0,0
t1_p7m16hz,0,0.001524786464869976,-6.484375,0,0.05410278961062431,0,0.0077077414242979645,taglish,comment,True,majority,3-0,0,0
t1_p33vmsa,0,0.005060331430286169,-5.28125,0,0.13310718536376953,0,0.018771471836949896,tagalog,comment,True,adjudicator,2-1,0,0
t1_p79tu41,0,0.018689310178160667,-3.9609375,0,0.25044339895248413,0,0.04892286271300754,taglish,comment,True,unanimous,3-0,0,0
t1_p60h4k2,0,0.0008559005800634623,-7.0625,0,0.031703367829322815,0,0.005011993888730829,taglish,comment,True,unanimous,3-0,0,0
t1_p5ccd6g,0,0.25275275111198425,-1.083984375,0,0.6104347109794617,0,0.3074494112807936,tagalog,comment,True,adjudicator,2-1,0,0
t1_p78lpxo,1,0.45834869146347046,-0.1669921875,0,0.7271538972854614,0,0.46876502978731716,taglish,comment,True,majority,3-0,1,1
t1_p7jcey0,0,0.15002882480621338,-1.734375,0,0.5993798971176147,0,0.2142806323129177,tagalog,comment,True,adjudicator,2-1,0,0
t1_p58ucht,0,0.9582260847091675,3.1328125,1,0.9693319201469421,1,0.9126920949875101,english,comment,True,adjudicator,2-1,0,1
t1_p6r5b23,1,0.41469138860702515,-0.3446044921875,0,0.7873303294181824,0,0.43581566285326223,tagalog,comment,True,adjudicator,2-1,1,1
t1_p6l7ohc,0,0.0030753696337342262,-5.78125,0,0.07491336017847061,0,0.012983032801439235,english,comment,True,adjudicator,2-1,0,0
t1_p65nb4r,0,0.0071214293129742146,-4.9375,0,0.16227079927921295,0,0.02415185972281284,english,comment,True,majority,3-0,0,0
t1_p6d4a5h,0,0.008445627056062222,-4.765625,0,0.17629873752593994,0,0.02737988841155039,taglish,comment,True,majority,3-0,0,0
t1_p5qtu2j,0,0.006692850962281227,-5.0,0,0.1675940454006195,0,0.023072574792530495,taglish,comment,True,adjudicator,2-1,0,1
t1_p3zo2om,0,0.0007672924548387527,-7.171875,0,0.023073509335517883,0,0.004619514109484817,taglish,comment,True,majority,3-0,0,0
t1_p74e40k,0,0.0019267346942797303,-6.25,0,0.04450700432062149,0,0.00917359939476919,english,comment,True,majority,3-0,0,0
t1_p77v4is,0,0.09807931631803513,-2.21875,0,0.503508448600769,0,0.15946898332532772,taglish,comment,True,majority,3-0,0,0
t1_p5d09u9,0,0.048136770725250244,-2.984375,0,0.39404481649398804,0,0.09658530418371278,taglish,comment,True,unanimous,3-0,0,0
t1_p4qxjol,0,0.011869121342897415,-4.421875,0,0.061472661793231964,0,0.03513930927505064,english,comment,True,unanimous,3-0,0,0
t1_p7iajx6,0,0.0034834241960197687,-5.65625,0,0.05911558121442795,0,0.014239414792898553,taglish,comment,True,majority,3-0,0,0
t1_p7i5tlx,0,0.0443485863506794,-3.0703125,0,0.3244820833206177,0,0.09111174178084105,english,comment,True,majority,3-0,0,0
t1_p6mzzu2,0,0.08570928126573563,-2.3671875,0,0.5191317796707153,0,0.14512164133272337,taglish,comment,True,majority,3-0,0,0
t1_p74tsga,0,0.04778006672859192,-2.9921875,0,0.38353580236434937,0,0.09607581656823831,english,comment,True,majority,3-0,0,0
t1_p7l6kti,0,0.023330770432949066,-3.734375,0,0.22928015887737274,0,0.057452908921270876,taglish,comment,True,unanimous,3-0,0,0
t1_p6s5qhf,0,0.013222821988165379,-4.3125,0,0.25283798575401306,0,0.03802573122811927,taglish,comment,True,majority,3-0,0,0
t1_p6x607g,1,0.8423450589179993,1.67578125,1,0.9369470477104187,1,0.7782362392646746,taglish,comment,True,unanimous,3-0,1,1
t1_p6vvs2w,1,0.6455669403076172,0.599609375,1,0.8002694845199585,1,0.6104488874778944,english,comment,True,majority,3-0,1,1
t1_p6xspd1,0,0.2869678735733032,-0.91015625,0,0.7809011340141296,0,0.33584924621944556,tagalog,comment,True,adjudicator,2-1,0,1
t1_p3zck9z,1,0.0014779430348426104,-6.515625,0,0.032836854457855225,0,0.007530734060740145,tagalog,comment,True,adjudicator,2-1,1,0
t1_p7bjyob,0,0.013636835850775242,-4.28125,0,0.17476066946983337,0,0.038891425303223426,english,comment,True,adjudicator,2-1,0,0
t1_p6d72uq,0,0.00628990214318037,-5.0625,0,0.16943977773189545,0,0.022040431019355326,tagalog,comment,True,adjudicator,2-1,0,1
t1_p6qrg23,0,0.0011160142021253705,-6.796875,0,0.06046120449900627,0,0.006108766198952918,taglish,comment,True,unanimous,3-0,0,0
t1_p5c2l29,0,0.0012448433553799987,-6.6875,0,0.016371427103877068,0,0.006626932336174924,english,comment,True,adjudicator,2-1,0,0
t1_p7l2cqq,0,0.33895182609558105,-0.66796875,0,0.6582241058349609,0,0.37744405127011416,taglish,comment,True,adjudicator,2-1,0,0
t1_p3sv1c4,0,0.0009850084315985441,-6.921875,0,0.02895498089492321,0,0.005565722808113128,taglish,comment,True,majority,3-0,0,0
t1_p51wv23,0,0.0005442132824100554,-7.515625,0,0.01573745720088482,0,0.0035744715299856297,taglish,comment,True,unanimous,3-0,0,0
t1_p7821r9,1,0.4649319350719452,-0.1405029296875,0,0.7565323114395142,0,0.47370970196589157,taglish,comment,True,majority,3-0,1,1
t1_p6s4gzr,0,0.00806199200451374,-4.8125,0,0.15755051374435425,0,0.02646008630603746,taglish,comment,True,majority,3-0,0,0
t1_p2umwyx,0,0.011869121342897415,-4.421875,0,0.18481187522411346,0,0.03513930927505064,taglish,comment,True,unanimous,3-0,0,0
t1_p6k2fwb,0,0.2825919985771179,-0.931640625,0,0.7002598643302917,0,0.3322686994241599,tagalog,comment,True,adjudicator,2-1,0,0
t1_p31h3ut,0,0.004133968148380518,-5.484375,0,0.08371605724096298,0,0.016164536437985755,english,comment,True,majority,3-0,0,0
t1_p7i4d5o,0,0.0017007224960252643,-6.375,0,0.02067648619413376,0,0.008360397135093588,english,comment,True,majority,3-0,0,0
t1_p6ehy4o,0,0.024423090741038322,-3.6875,0,0.3652656078338623,0,0.05938436178912311,tagalog,comment,True,adjudicator,2-1,0,0
t1_p7joyca,0,0.004133968148380518,-5.484375,0,0.10572074353694916,0,0.016164536437985755,tagalog,comment,True,unanimous,3-0,0,0
t1_p7l4qss,0,0.048136770725250244,-2.984375,0,0.4256269633769989,0,0.09658530418371278,taglish,comment,True,majority,3-0,0,0
t1_p74qzfr,1,0.6477982401847839,0.609375,1,0.8591169118881226,1,0.6121872162299543,tagalog,comment,True,majority,3-0,1,1
t1_p787d09,0,0.015189048834145069,-4.171875,0,0.25575923919677734,0,0.0420726151776803,taglish,comment,True,unanimous,3-0,0,0
t1_p2wkldr,1,0.6649755239486694,0.685546875,1,0.8490654826164246,1,0.6256453032249886,taglish,comment,True,unanimous,3-0,1,1
t1_p3zb5sw,0,0.0011335690505802631,-6.78125,0,0.016533344984054565,0,0.006180248132347982,taglish,comment,True,majority,3-0,0,0
t1_p7ba4b8,0,0.01615283451974392,-4.109375,0,0.2937965989112854,0,0.04400065019258756,tagalog,comment,True,unanimous,3-0,0,0
t1_p73cwi9,0,0.0011879054363816977,-6.734375,0,0.01407832931727171,0,0.006399719320588072,taglish,comment,True,majority,3-0,0,0
t1_p300myd,0,0.0017546144081279635,-6.34375,0,0.04977395385503769,0,0.00855673731866246,taglish,comment,True,majority,3-0,0,0
t1_p5jhey8,0,0.0018102111062034965,-6.3125,0,0.02935277484357357,0,0.008757647741912457,english,comment,True,majority,3-0,0,0
t1_p5cmoo9,0,0.06560484319925308,-2.65625,0,0.5654405951499939,0,0.12026330697210863,tagalog,comment,True,unanimous,3-0,0,0
t1_p7dyjvh,0,0.09401018172502518,-2.265625,0,0.47300752997398376,0,0.1548181007266743,taglish,comment,True,unanimous,3-0,0,0
t1_p78rnqf,0,0.055005285888910294,-2.84375,0,0.48386090993881226,0,0.10617651421040851,tagalog,comment,True,adjudicator,2-1,0,0
t1_p3jzbm8,0,0.1710611879825592,-1.578125,0,0.6479510068893433,0,0.23464645769875545,tagalog,comment,True,adjudicator,2-1,0,1
t1_p7l0via,1,0.8255897164344788,1.5546875,1,0.896481990814209,1,0.762185615175026,taglish,comment,True,majority,3-0,1,1
t1_p6s1evf,0,0.5264036059379578,0.105712890625,1,0.8060545325279236,1,0.5197884550347073,tagalog,comment,True,adjudicator,2-1,0,1
t1_p5dtsdj,0,0.011158031411468983,-4.484375,0,0.17958974838256836,0,0.03358592214713221,taglish,comment,True,adjudicator,2-1,0,0
t1_p51dk1z,0,0.0020507436711341143,-6.1875,0,0.024770226329565048,0,0.009609115497521404,taglish,comment,True,majority,3-0,0,0
t1_p2tsuch,0,0.0060975621454417706,-5.09375,0,0.12558779120445251,0,0.0215414205481145,taglish,comment,True,majority,3-0,0,0
t1_p5cc6mt,0,0.0023596608079969883,-6.046875,0,0.05917155742645264,0,0.010665293809961326,english,comment,True,adjudicator,2-1,0,0
t1_p5j8rrn,0,0.0022872276604175568,-6.078125,0,0.026341384276747704,0,0.010421079904172405,taglish,comment,True,majority,3-0,0,0
t1_p7gyxym,0,0.04177388176321983,-3.1328125,0,0.40195727348327637,0,0.08730790501248989,tagalog,comment,True,adjudicator,2-1,0,1
t1_p32ojum,0,0.0015487609198316932,-6.46875,0,0.018160002306103706,0,0.007797787023189781,taglish,comment,True,majority,3-0,0,0
t1_p7hwhl9,0,0.006589771714061499,-5.015625,0,0.15452709794044495,0,0.022810197342402572,tagalog,comment,True,adjudicator,2-1,0,1
t1_p7b1e3w,0,0.015663648024201393,-4.140625,0,0.20543313026428223,0,0.04302631987243452,taglish,comment,True,majority,3-0,0,0
t1_p50mpx7,0,0.004007288720458746,-5.515625,0,0.23129302263259888,0,0.015796411423831536,tagalog,comment,True,majority,3-0,0,0
t1_p4v5a4f,0,0.006589771714061499,-5.015625,0,0.0939643606543541,0,0.022810197342402572,taglish,comment,True,majority,3-0,0,0
t1_p7ea6q0,0,0.3015676736831665,-0.83984375,0,0.6803712248802185,0,0.34769832680465784,taglish,comment,True,unanimous,3-0,0,0
t1_p6214pr,0,0.006388320587575436,-5.046875,0,0.12649428844451904,0,0.022294156133835563,taglish,comment,True,unanimous,3-0,0,0
t1_p4pzjeu,0,0.03934250399470329,-3.1953125,0,0.33295804262161255,0,0.08364825958213414,english,comment,True,adjudicator,2-1,0,0
t1_p5z7q2j,0,0.010818448849022388,-4.515625,0,0.20613399147987366,0,0.032834290084680744,taglish,comment,True,majority,3-0,0,0
t1_p6e8qgz,0,0.010169658809900284,-4.578125,0,0.1297358274459839,0,0.03137948594809,english,comment,True,unanimous,3-0,0,0
t1_p7k9hk0,0,0.00214894930832088,-6.140625,0,0.04891893267631531,0,0.009949132644884997,taglish,comment,True,majority,3-0,0,0
t1_p4qebjx,0,0.004198795650154352,-5.46875,0,0.029468124732375145,0,0.01635175040280427,english,comment,True,majority,3-0,0,0
t1_p7je99f,0,0.0023596608079969883,-6.046875,0,0.08475011587142944,0,0.010665293809961326,taglish,comment,True,majority,3-0,0,0
t1_p5rp9di,0,0.0384661927819252,-3.21875,0,0.32828059792518616,0,0.08231219689795859,english,comment,True,adjudicator,2-1,0,0
t1_p6s60nq,0,0.006797531619668007,-4.984375,0,0.1521531045436859,0,0.023337898196897935,english,comment,True,majority,3-0,0,0
t1_p50vq6u,0,0.004264634568244219,-5.453125,0,0.12243619561195374,0,0.016541096182127752,taglish,comment,True,majority,3-0,0,0
t1_p7je7gw,0,0.0015011822106316686,-6.5,0,0.035109326243400574,0,0.007618727650220669,english,comment,True,majority,3-0,0,0
t1_p58x3no,0,0.250545859336853,-1.095703125,0,0.6120778918266296,0,0.3055832851929801,tagalog,comment,True,adjudicator,2-1,0,1
t1_p6tcqvk,1,0.5432267785072327,0.17333984375,1,0.7300252914428711,1,0.5324189949496061,english,comment,True,adjudicator,2-1,1,1
t1_p50jzos,1,0.004538431763648987,-5.390625,0,0.07065191864967346,0,0.017320269544532634,tagalog,comment,True,adjudicator,2-1,1,1
t1_p787f5k,0,0.24364246428012848,-1.1328125,0,0.6861593127250671,0,0.2997160240675595,tagalog,comment,True,adjudicator,2-1,0,1
t1_p3l7b39,0,0.0028449094388633966,-5.859375,0,0.13391384482383728,0,0.012254019984483786,taglish,comment,True,majority,3-0,0,0
t1_p73rmiw,0,0.0037072529084980488,-5.59375,0,0.07912443578243256,0,0.014911810706179801,taglish,comment,True,majority,3-0,0,0
t1_p4qgz5t,0,0.4851118326187134,-0.0595703125,0,0.6835290193557739,0,0.48884502369102817,english,comment,True,adjudicator,2-1,0,1
t1_p72oofz,0,0.018833130598068237,-3.953125,0,0.12444934248924255,0,0.04919590838703354,english,comment,True,unanimous,3-0,0,0
t1_p6lpg3h,0,0.0020507436711341143,-6.1875,0,0.050508588552474976,0,0.009609115497521404,taglish,comment,True,unanimous,3-0,0,0
t1_p7kix8h,0,0.22202469408512115,-1.25390625,0,0.5615543723106384,0,0.28102795987893076,taglish,comment,True,unanimous,3-0,0,0
t1_p5dcpdj,0,0.4819871783256531,-0.07208251953125,0,0.7140845060348511,0,0.48650306106140656,taglish,comment,True,adjudicator,2-1,0,0
t1_p3glnke,0,0.011687257327139378,-4.4375,0,0.18525338172912598,0,0.03474459122869208,taglish,comment,True,unanimous,3-0,0,0
t1_p7axcm7,0,0.07640768587589264,-2.4921875,0,0.4128647744655609,0,0.13388562474662985,english,comment,True,majority,3-0,0,0
t1_p75wmxj,0,0.014281933195888996,-4.234375,0,0.30728933215141296,0,0.04022550864147266,tagalog,comment,True,adjudicator,2-1,0,0
t1_p76trep,1,0.5086051225662231,0.034423828125,1,0.749311625957489,1,0.5064468258724165,taglish,comment,True,unanimous,3-0,1,1
t1_p7mcx08,0,0.04115288704633713,-3.1484375,0,0.3009737730026245,0,0.08637964241080011,tagalog,comment,True,majority,3-0,0,0
t1_p5qmfzz,0,0.001151399570517242,-6.765625,0,0.04649960622191429,0,0.006252561251905091,taglish,comment,True,unanimous,3-0,0,0
t1_p7c2dj7,0,0.09434341639280319,-2.26171875,0,0.46958374977111816,0,0.15520140300405913,english,comment,True,adjudicator,2-1,0,1
t1_p63qyw4,0,0.14366762340068817,-1.78515625,0,0.6248895525932312,0,0.20794517966504938,tagalog,comment,True,adjudicator,2-1,0,0
t1_p7mladu,0,0.0008830457809381187,-7.03125,0,0.017906861379742622,0,0.005130105131988475,taglish,comment,True,majority,3-0,0,0
t1_p5zbsyw,0,0.006692850962281227,-5.0,0,0.11137248575687408,0,0.023072574792530495,taglish,comment,True,majority,3-0,0,0
t1_p2x9kms,0,0.00628990214318037,-5.0625,0,0.08216053992509842,0,0.022040431019355326,taglish,comment,True,unanimous,3-0,0,0
t1_p5jexhg,0,0.004681822843849659,-5.359375,0,0.037253886461257935,0,0.017723267573747804,english,comment,True,majority,3-0,0,0
t1_p7iqa3d,0,0.027376487851142883,-3.5703125,0,0.3432205617427826,0,0.06448212238461329,tagalog,comment,True,adjudicator,2-1,0,0
t1_p50mbf4,0,0.03934250399470329,-3.1953125,0,0.3713104724884033,0,0.08364825958213414,tagalog,comment,True,adjudicator,2-1,0,0
t1_p74vm16,0,0.002800926798954606,-5.875,0,0.03688720241189003,0,0.012113143887852191,english,comment,True,majority,3-0,0,0
t1_p7hty2g,0,0.0030753696337342262,-5.78125,0,0.052315257489681244,0,0.012983032801439235,taglish,comment,True,majority,3-0,0,0
t1_p3khg70,0,0.09807931631803513,-2.21875,0,0.49206477403640747,0,0.15946898332532772,tagalog,comment,True,adjudicator,2-1,0,0
t1_p74dltk,0,0.0033244371879845858,-5.703125,0,0.04777853935956955,0,0.01375481190000257,taglish,comment,True,unanimous,3-0,0,0
t1_p6fjy95,0,0.749454140663147,1.095703125,1,0.881533145904541,1,0.6944167148070198,english,comment,True,majority,3-0,0,0
t1_p7e2lqi,0,0.44022855162620544,-0.240234375,0,0.7440454363822937,0,0.45512794408848534,tagalog,comment,True,majority,3-0,0,0
t1_p3inwlh,0,0.0025909794494509697,-5.953125,0,0.08477562665939331,0,0.011432410608709562,taglish,comment,True,unanimous,3-0,0,0
t1_p6q1sni,0,0.804405927658081,1.4140625,1,0.9157273769378662,1,0.7425662956130832,tagalog,comment,True,adjudicator,2-1,0,1
t1_p79eg95,0,0.15304215252399445,-1.7109375,0,0.5701915621757507,0,0.21725165187506712,taglish,comment,True,unanimous,3-0,0,0
t1_p74smsg,0,0.3250918686389923,-0.73046875,0,0.7015010714530945,0,0.3665065543221,tagalog,comment,True,unanimous,3-0,0,0
t1_p7lgfcn,0,0.018404891714453697,-3.9765625,0,0.21503446996212006,0,0.04838107837162765,taglish,comment,True,majority,3-0,0,0
t1_p4zepu0,0,0.08093671500682831,-2.4296875,0,0.4846763014793396,0,0.139408797957999,taglish,comment,True,majority,3-0,0,0
t1_p7c1vly,0,0.0030278346966952085,-5.796875,0,0.04832431674003601,0,0.012833884637165806,english,comment,True,majority,3-0,0,0
t1_p68p9ww,0,0.000374095601728186,-7.890625,0,0.015361592173576355,0,0.0027013742101052824,taglish,comment,True,unanimous,3-0,0,0
t1_p4q9za0,0,0.5619511604309082,0.24908447265625,1,0.7587899565696716,1,0.5465157317023505,english,comment,True,adjudicator,2-1,0,0
t1_p4sxwjj,0,0.008847354911267757,-4.71875,0,0.11623009294271469,0,0.028330734090797918,tagalog,comment,True,majority,3-0,0,0
t1_p7c4tmm,0,0.013222821988165379,-4.3125,0,0.24412594735622406,0,0.03802573122811927,taglish,comment,True,unanimous,3-0,0,0
t1_p5zzaj2,0,0.9059898257255554,2.265625,1,0.9506410360336304,1,0.8451818992733258,taglish,comment,True,adjudicator,2-1,0,1
t1_p65pbc7,0,0.014063626527786255,-4.25,0,0.33464980125427246,0,0.03977601286698117,tagalog,comment,True,adjudicator,2-1,0,0
t1_p7jek9p,0,0.06705629080533981,-2.6328125,0,0.46290886402130127,0,0.12213339522563688,taglish,comment,True,adjudicator,2-1,0,0
t1_p7ak056,0,0.18068422377109528,-1.51171875,0,0.51531982421875,0,0.2436982880460067,tagalog,comment,True,adjudicator,2-1,0,0
t1_p3hvmlx,0,0.0005193048855289817,-7.5625,0,0.013762691989541054,0,0.003451552472033256,taglish,comment,True,majority,3-0,0,0
t1_p7aja77,1,0.9763104915618896,3.71875,1,0.9823040962219238,1,0.9419099192650331,taglish,comment,True,adjudicator,3-0,1,1
t1_p5s1hvo,0,0.002217013156041503,-6.109375,0,0.09272241592407227,0,0.01018240045466772,tagalog,comment,True,unanimous,3-0,0,0
t1_p5mnhwc,0,0.001838665222749114,-6.296875,0,0.05962115153670311,0,0.008859849344304676,english,comment,True,majority,3-0,0,0
t1_p5f50xn,0,0.11047115921974182,-2.0859375,0,0.5233609676361084,0,0.17326135229716336,taglish,comment,True,unanimous,3-0,0,0
t1_p5x1ccr,0,0.0015731120947748423,-6.453125,0,0.11527605354785919,0,0.007888876215518405,tagalog,comment,True,adjudicator,2-1,0,0
t1_p79ecqn,0,0.18184363842010498,-1.50390625,0,0.6164885759353638,0,0.24477862479200857,english,comment,True,adjudicator,2-1,0,0
t1_p3rplf2,0,0.0033244371879845858,-5.703125,0,0.09670745581388474,0,0.01375481190000257,taglish,comment,True,majority,3-0,0,0
t1_p777n8a,0,0.1525365114212036,-1.71484375,0,0.5653592944145203,0,0.2167544226946001,tagalog,comment,True,adjudicator,2-1,0,0
t1_p77x3cx,0,0.007695646956562996,-4.859375,0,0.2096121609210968,0,0.02557037173968303,taglish,comment,True,majority,3-0,0,0
t1_p3i3r5t,0,0.0011335690505802631,-6.78125,0,0.017130427062511444,0,0.006180248132347982,taglish,comment,True,unanimous,3-0,0,0
t1_p74bw25,0,0.06754669547080994,-2.625,0,0.5183550119400024,0,0.1227622988751803,tagalog,comment,True,adjudicator,2-1,0,0
t1_p7j8vok,0,0.32316645979881287,-0.7392578125,0,0.6770832538604736,0,0.36497914960217487,english,comment,True,adjudicator,3-0,0,0
t1_p6osm23,0,0.19314739108085632,-1.4296875,0,0.5388563871383667,0,0.2552024186871206,english,comment,True,majority,3-0,0,0
t1_p50sale,0,0.007815889082849026,-4.84375,0,0.1246459037065506,0,0.025863658157008633,tagalog,comment,True,adjudicator,3-0,0,0
t1_p5rqxre,0,0.0008426423300988972,-7.078125,0,0.07770724594593048,0,0.004953956852246251,tagalog,comment,True,majority,3-0,0,0
t1_p5eljbe,0,0.0023596608079969883,-6.046875,0,0.03360157087445259,0,0.010665293809961326,taglish,comment,True,unanimous,3-0,0,0
t1_p5bbhvs,0,0.03283695876598358,-3.3828125,0,0.22658640146255493,0,0.07349201152974996,tagalog,comment,True,unanimous,3-0,0,0
t1_p7j9pzd,0,0.010986942797899246,-4.5,0,0.23049718141555786,0,0.033208052663887364,taglish,comment,True,majority,3-0,0,0
t1_p76hk6t,0,0.16132023930549622,-1.6484375,0,0.6258310079574585,0,0.22531923910100615,english,comment,True,majority,3-0,0,0
t1_p6qw36r,0,0.004982269834727049,-5.296875,0,0.17989680171012878,0,0.018557076718640854,tagalog,comment,True,adjudicator,3-0,0,0
t1_p4n673n,0,0.02517884038388729,-3.65625,0,0.21534310281276703,0,0.06070562163180529,taglish,comment,True,unanimous,3-0,0,0
t1_p30on4g,1,0.907967209815979,2.2890625,1,0.9235898852348328,1,0.8474654923848032,english,comment,True,majority,3-0,1,1
t1_p6wd9wj,0,0.003429603995755315,-5.671875,0,0.0634986162185669,0,0.014076039236044125,taglish,comment,True,majority,3-0,0,0
t1_p7e7snu,0,0.09401018172502518,-2.265625,0,0.4797719419002533,0,0.1548181007266743,english,comment,True,majority,3-0,0,0
t1_p6et3yt,0,0.012624949216842651,-4.359375,0,0.18621371686458588,0,0.036761809350129786,tagalog,comment,True,majority,3-0,0,0
t1_p7dnwvs,0,0.5865228176116943,0.349609375,1,0.8055466413497925,1,0.5651060244327549,english,comment,True,adjudicator,2-1,0,0
t1_p75ta58,0,0.8994751572608948,2.19140625,1,0.9424182176589966,1,0.8377660895133393,tagalog,comment,True,adjudicator,2-1,0,0
t1_p3z7eou,0,0.2523840665817261,-1.0859375,0,0.6088937520980835,0,0.3071379503155666,tagalog,comment,True,adjudicator,2-1,0,0
t1_p5dlg00,0,0.002182716503739357,-6.125,0,0.05999336391687393,0,0.010065097668410206,taglish,comment,True,unanimous,3-0,0,0
t1_p77w7or,0,0.10743748396635056,-2.1171875,0,0.4357396066188812,0,0.1699335178930344,taglish,comment,True,majority,3-0,0,0
t1_p5rbv9j,0,0.01678548939526081,-4.0703125,0,0.1962219923734665,0,0.04524817879446525,taglish,comment,True,adjudicator,2-1,0,0
t1_p40efa2,0,0.001032231142744422,-6.875,0,0.02763848379254341,0,0.005763497708455889,taglish,comment,True,majority,3-0,0,0
t1_p6z6epo,0,0.11961366981267929,-1.99609375,0,0.5580724477767944,0,0.1831154875601955,tagalog,comment,True,adjudicator,2-1,0,1
t1_p6eqhjg,0,0.019870713353157043,-3.8984375,0,0.24036729335784912,0,0.05114805796446534,taglish,comment,True,unanimous,3-0,0,0
t1_p7ka6tc,0,0.006589771714061499,-5.015625,0,0.13673263788223267,0,0.022810197342402572,taglish,comment,True,majority,3-0,0,0
t1_p7cj6bh,0,0.0025114635936915874,-5.984375,0,0.0653759241104126,0,0.011170829597737159,tagalog,comment,True,adjudicator,2-1,0,0
t1_p6ke3xw,0,0.4056842029094696,-0.3818359375,0,0.7350627779960632,0,0.4289702492626551,tagalog,comment,True,adjudicator,2-1,0,0
t1_p5qgju6,0,0.01798621006309986,-4.0,0,0.1985214799642563,0,0.04757906900407436,taglish,comment,True,adjudicator,2-1,0,0
t1_p7fl1tm,0,0.0007437028689309955,-7.203125,0,0.05232619494199753,0,0.004513104959208384,tagalog,comment,True,majority,3-0,0,0
t1_p6q5lui,0,0.0020190139766782522,-6.203125,0,0.030919965356588364,0,0.009498353664713466,english,comment,True,majority,3-0,0,0
t1_p2xcwww,0,0.17328819632530212,-1.5625,0,0.5362279415130615,0,0.23675514920261534,taglish,comment,True,unanimous,3-0,0,0
t1_p5nerzx,0,0.0017007224960252643,-6.375,0,0.12434398382902145,0,0.008360397135093588,taglish,comment,True,unanimous,3-0,0,0
t1_p38y4gc,0,0.7000752091407776,0.84765625,1,0.8700260519981384,1,0.6536279182234899,taglish,comment,True,adjudicator,2-1,0,1
t1_p5jarzz,0,0.0035380858462303877,-5.640625,0,0.03291987627744675,0,0.01440465888676637,taglish,comment,True,unanimous,3-0,0,0
t1_p4tccib,0,0.008445627056062222,-4.765625,0,0.13758216798305511,0,0.02737988841155039,english,comment,True,majority,3-0,0,0
t1_p4nu0xc,1,0.05877655744552612,-2.7734375,0,0.4524729251861572,0,0.11128021370576575,english,comment,True,majority,3-0,1,1
t1_p51z2oj,0,0.000398213102016598,-7.828125,0,0.011674109846353531,0,0.0028304995708679174,taglish,comment,True,unanimous,3-0,0,0
t1_p50eccg,0,0.13386748731136322,-1.8671875,0,0.4665142893791199,0,0.19800499491514867,english,comment,True,majority,3-0,0,0
t1_p3ougwj,0,0.0059110685251653194,-5.125,0,0.12590210139751434,0,0.021053464794638353,english,comment,True,adjudicator,2-1,0,0
t1_p7b90uz,0,0.8267117738723755,1.5625,1,0.9161979556083679,1,0.7632448507973847,taglish,comment,True,adjudicator,2-1,0,0
t1_p5j96ub,0,0.011331754736602306,-4.46875,0,0.09405858814716339,0,0.03396794028155376,english,comment,True,unanimous,3-0,0,0
t1_p5z4so5,0,0.0006667023408226669,-7.3125,0,0.012449091300368309,0,0.004159528911098092,taglish,comment,True,unanimous,3-0,0,0
t1_p5s1y99,0,0.0009850084315985441,-6.921875,0,0.02423800900578499,0,0.005565722808113128,taglish,comment,True,unanimous,3-0,0,0
t1_p79vpti,0,0.08882029354572296,-2.328125,0,0.470453679561615,0,0.14878998342413952,tagalog,comment,True,adjudicator,2-1,0,0
t1_p67v0lr,0,0.008985428139567375,-4.703125,0,0.2412821650505066,0,0.028654750206493915,tagalog,comment,True,adjudicator,2-1,0,0
t1_p6du7t8,1,0.5969031453132629,0.392578125,1,0.8186754584312439,1,0.5729998991884799,taglish,comment,True,majority,3-0,1,1
t1_p6k7qq2,1,0.3858373761177063,-0.46484375,0,0.6988543272018433,0,0.41380944152588495,taglish,comment,True,majority,3-0,1,1
t1_p7kknye,0,0.06560484319925308,-2.65625,0,0.3338581919670105,0,0.12026330697210863,taglish,comment,True,majority,3-0,0,0
t1_p6d0ute,0,0.0014550630003213882,-6.53125,0,0.060964636504650116,0,0.007443749142741675,taglish,comment,True,adjudicator,2-1,0,0
t1_p3k28vw,0,0.03934250399470329,-3.1953125,0,0.40119802951812744,0,0.08364825958213414,taglish,comment,True,unanimous,3-0,0,0
t1_p7i40j4,0,0.04778006672859192,-2.9921875,0,0.23317967355251312,0,0.09607581656823831,tagalog,comment,True,majority,3-0,0,0
t1_p58a6x0,0,0.06371499598026276,-2.6875,0,0.49351415038108826,0,0.11780835379772778,taglish,comment,True,adjudicator,2-1,0,0
t1_p591y9q,1,0.2330075204372406,-1.19140625,0,0.5780569314956665,0,0.29058465911395986,english,comment,True,majority,3-0,1,1
t1_p7kzk2p,0,0.0026730059180408716,-5.921875,0,0.03755311667919159,0,0.01170004443872098,taglish,comment,True,unanimous,3-0,0,0
t3_1vt39b9,0,0.007460643537342548,-4.890625,0,0.08236073702573776,0,0.02499348349390211,english,submission,True,adjudicator,2-1,0,0
t3_1vpvw48,0,0.011508148163557053,-4.453125,0,0.2476908415555954,0,0.034354149161319444,taglish,submission,True,unanimous,3-0,0,0
t3_1vqqy2h,0,0.0064882696606218815,-5.03125,0,0.058254923671483994,0,0.02255073473061746,taglish,submission,True,majority,3-0,0,0
t3_1vqswlc,0,0.005220125894993544,-5.25,0,0.06449071317911148,0,0.01920757561389441,taglish,submission,True,unanimous,3-0,0,0
t3_1vpddgk,0,0.0026316740550100803,-5.9375,0,0.0505279079079628,0,0.011565462450000445,taglish,submission,True,unanimous,3-0,0,0
t3_1vpe8de,0,0.0025114635936915874,-5.984375,0,0.08586014807224274,0,0.011170829597737159,taglish,submission,True,majority,3-0,0,0
t3_1vpaday,0,0.0006986756343394518,-7.265625,0,0.048665598034858704,0,0.0043075519301784965,tagalog,submission,True,unanimous,3-0,0,0
t3_1vm4kgg,0,0.004609572235494852,-5.375,0,0.08482418954372406,0,0.01752063057141709,taglish,submission,True,unanimous,3-0,0,0
t1_p4suo52,0,0.014281933195888996,-4.234375,0,0.16557703912258148,0,0.04022550864147266,taglish,comment,True,majority,3-0,0,0
t3_1vseiez,0,0.0037654140032827854,-5.578125,0,0.089178167283535,0,0.015084738345133585,taglish,submission,True,majority,3-0,0,0
t3_1vsw6tp,0,0.002396730938926339,-6.03125,0,0.07656721770763397,0,0.010789515289521092,taglish,submission,True,unanimous,3-0,0,0
t3_1vt0ebr,0,0.005220125894993544,-5.25,0,0.04652513563632965,0,0.01920757561389441,taglish,submission,True,majority,3-0,0,0
t1_p79fo73,0,0.30528295040130615,-0.822265625,0,0.646026611328125,0,0.3506910054962824,tagalog,comment,True,adjudicator,2-1,0,0
t1_p74qmzd,0,0.5311029553413391,0.12457275390625,1,0.8111855983734131,1,0.5233141113247024,tagalog,comment,True,adjudicator,2-1,0,1
t1_p7kntcm,0,0.000954731716774404,-6.953125,0,0.054321806877851486,0,0.005437637085272226,taglish,comment,True,majority,3-0,0,0
t1_p75kifr,0,0.0019267346942797303,-6.25,0,0.045934319496154785,0,0.00917359939476919,english,comment,True,unanimous,3-0,0,0
t3_1vs9fes,0,0.0008167380001395941,-7.109375,0,0.04464263468980789,0,0.0048398813701223805,tagalog,submission,True,majority,3-0,0,0
t1_p77wola,0,0.1919327974319458,-1.4375,0,0.58768230676651,0,0.25409155470774086,taglish,comment,True,adjudicator,2-1,0,0
t1_p6zzg2r,1,0.6162432432174683,0.4736328125,1,0.8399121165275574,1,0.587786822175523,english,comment,True,majority,3-0,1,1
t1_p5s1n9m,0,0.00172745855525136,-6.359375,0,0.02870219573378563,0,0.00845800238650723,taglish,comment,True,majority,3-0,0,0
t1_p5savzs,1,0.004755199886858463,-5.34375,0,0.07392606139183044,0,0.01792820543294057,english,comment,True,adjudicator,2-1,1,0
t1_p5f98ex,0,0.11961366981267929,-1.99609375,0,0.5640547275543213,0,0.1831154875601955,taglish,comment,True,unanimous,3-0,0,0
t1_p7aors1,1,0.16132023930549622,-1.6484375,0,0.5583676099777222,0,0.22531923910100615,tagalog,comment,True,adjudicator,2-1,1,1
t1_p6x3gua,1,0.9658995866775513,3.34375,1,0.9803091287612915,1,0.9244903495889752,taglish,comment,True,majority,3-0,1,1
t1_p5ipls8,0,0.008315778337419033,-4.78125,0,0.11463572829961777,0,0.027069886167298093,taglish,comment,True,majority,3-0,0,0
t1_p7i6tor,0,0.002251847181469202,-6.09375,0,0.055469200015068054,0,0.01030105611011823,english,comment,True,majority,3-0,0,0
t1_p50nzwd,0,0.00955939944833517,-4.640625,0,0.17259584367275238,0,0.029987141941164693,taglish,comment,True,majority,3-0,0,0
t1_p76o003,0,0.004133968148380518,-5.484375,0,0.09087938070297241,0,0.016164536437985755,tagalog,comment,True,adjudicator,2-1,0,0
t1_p6y4otw,0,0.0011160142021253705,-6.796875,0,0.0319242887198925,0,0.006108766198952918,english,comment,True,majority,3-0,0,0
t1_p756zjs,0,0.0010162440594285727,-6.890625,0,0.016530577093362808,0,0.005696808359663538,english,comment,True,unanimous,3-0,0,0
t1_p7izgv7,0,0.10230471193790436,-2.171875,0,0.47128304839134216,0,0.1642324336036858,taglish,comment,True,unanimous,3-0,0,0
t1_p6qs09c,0,0.0030753696337342262,-5.78125,0,0.045764170587062836,0,0.012983032801439235,english,comment,True,majority,3-0,0,0
t1_p2yph9l,0,0.008445627056062222,-4.765625,0,0.17858892679214478,0,0.02737988841155039,tagalog,comment,True,unanimous,3-0,0,0
t1_p7lo5pt,0,0.18476749956607819,-1.484375,0,0.5815231800079346,0,0.2474935990431507,english,comment,True,adjudicator,2-1,0,0
t1_p65i5qr,0,0.0032730652019381523,-5.71875,0,0.10195302218198776,0,0.01359691972989611,taglish,comment,True,majority,3-0,0,0
t1_p5rp9nu,0,0.0038244836032390594,-5.5625,0,0.07492487132549286,0,0.015259640307492805,taglish,comment,True,unanimous,3-0,0,0
t1_p68rnzt,0,0.001622967072762549,-6.421875,0,0.061807598918676376,0,0.008074233104883321,taglish,comment,True,majority,3-0,0,0
t1_p6xyzvj,0,0.0028449094388633966,-5.859375,0,0.048340242356061935,0,0.012254019984483786,tagalog,comment,True,adjudicator,3-0,0,0
t1_p50tfzy,1,0.34620967507362366,-0.6357421875,0,0.7176361083984375,0,0.3831336487181118,taglish,comment,True,unanimous,3-0,1,1
t1_p5be6ke,0,0.010986942797899246,-4.5,0,0.13112853467464447,0,0.033208052663887364,taglish,comment,True,majority,3-0,0,0
t1_p7jrlsk,0,0.30777397751808167,-0.810546875,0,0.7218644022941589,0,0.35269268723228875,taglish,comment,True,majority,3-0,0,0
t1_p7klxiv,0,0.17895588278770447,-1.5234375,0,0.6153497099876404,0,0.2420838522034148,tagalog,comment,True,adjudicator,2-1,0,0
t1_p7fy09p,0,0.05877655744552612,-2.7734375,0,0.4187849462032318,0,0.11128021370576575,taglish,comment,True,adjudicator,2-1,0,0
t1_p7haar9,0,0.011687257327139378,-4.4375,0,0.11370016634464264,0,0.03474459122869208,english,comment,True,adjudicator,2-1,0,0
t1_p5cq96q,1,0.8688268065452576,1.890625,1,0.9190332293510437,1,0.8047684660786425,taglish,comment,True,majority,3-0,1,1
t1_p6sdk5b,0,0.0010005043586716056,-6.90625,0,0.018039871007204056,0,0.005630886302036954,english,comment,True,majority,3-0,0,0
t1_p7aiaaw,0,0.08151976019144058,-2.421875,0,0.42859768867492676,0,0.14011246017918338,tagalog,comment,True,adjudicator,2-1,0,0
t1_p7ax9hc,0,0.2798284888267517,-0.9453125,0,0.6104831695556641,0,0.330000188735297,tagalog,comment,True,adjudicator,2-1,0,0
t1_p742eq6,0,0.00985985528677702,-4.609375,0,0.1580912321805954,0,0.030675665191402326,taglish,comment,True,adjudicator,2-1,0,0
t1_p50lxlv,0,0.010328153148293495,-4.5625,0,0.29248350858688354,0,0.031737231481715415,tagalog,comment,True,adjudicator,2-1,0,1
t1_p79cu01,0,0.02080449089407921,-3.8515625,0,0.2335999608039856,0,0.05287944558456361,taglish,comment,True,unanimous,3-0,0,0
t1_p7lm414,0,0.04023794084787369,-3.171875,0,0.31010839343070984,0,0.08500399997981964,tagalog,comment,True,majority,3-0,0,0
t1_p65rlmo,0,0.0013458605390042067,-6.609375,0,0.038471370935440063,0,0.007023560401461338,taglish,comment,True,majority,3-0,0,0
t1_p2y4mmb,0,0.0008426423300988972,-7.078125,0,0.022966459393501282,0,0.004953956852246251,taglish,comment,True,unanimous,3-0,0,0
t1_p2y196r,0,0.014957086183130741,-4.1875,0,0.2641872763633728,0,0.04160337379848945,taglish,comment,True,majority,3-0,0,0
t1_p6x4cbi,1,0.9086179733276367,2.296875,1,0.946490466594696,1,0.8482205280340217,taglish,comment,True,unanimous,3-0,1,1
t1_p2sl5gs,0,0.017176708206534386,-4.046875,0,0.3024559020996094,0,0.046012796033967227,taglish,comment,True,majority,3-0,0,0
t1_p6z5qr1,0,0.00172745855525136,-6.359375,0,0.048429232090711594,0,0.00845800238650723,taglish,comment,True,majority,3-0,0,0
t1_p7adt55,1,0.35309353470802307,-0.60546875,0,0.6888778209686279,0,0.38850777534600933,taglish,comment,True,adjudicator,2-1,1,1
t1_p4e3pc6,0,0.0038244836032390594,-5.5625,0,0.0668456107378006,0,0.015259640307492805,taglish,comment,True,majority,3-0,0,0
t1_p4n5bbj,0,0.0018969200318679214,-6.265625,0,0.0735192522406578,0,0.009067811682585967,taglish,comment,True,majority,3-0,0,0
t1_p5zi6km,0,0.0020507436711341143,-6.1875,0,0.07839848846197128,0,0.009609115497521404,taglish,comment,True,unanimous,3-0,0,0
t1_p5xl909,0,0.011331754736602306,-4.46875,0,0.147081658244133,0,0.03396794028155376,english,comment,True,majority,3-0,0,0
t1_p4wdp58,1,0.00970847625285387,-4.625,0,0.0908983051776886,0,0.03032951092726271,english,comment,True,adjudicator,2-1,1,1
t1_p46ija3,0,0.19868534803390503,-1.39453125,0,0.5235140323638916,0,0.26024067509417687,taglish,comment,True,majority,3-0,0,0
t1_p5j749a,0,0.0020190139766782522,-6.203125,0,0.031911902129650116,0,0.009498353664713466,taglish,comment,True,unanimous,3-0,0,0
t1_p7ifa7e,1,0.32723817229270935,-0.720703125,0,0.6572797894477844,0,0.3682068214720002,english,comment,True,adjudicator,2-1,1,1
t1_p5dbobp,0,0.003429603995755315,-5.671875,0,0.07660894095897675,0,0.014076039236044125,taglish,comment,True,majority,3-0,0,0
t1_p67y1v1,0,0.0026316740550100803,-5.9375,0,0.06140598654747009,0,0.011565462450000445,tagalog,comment,True,adjudicator,2-1,0,1
t1_p79tvkg,1,0.7446563243865967,1.0703125,1,0.8900601267814636,1,0.690365456977658,taglish,comment,True,unanimous,3-0,1,1
t1_p50lr03,0,0.05460060387849808,-2.8515625,0,0.38122376799583435,0,0.10562234808337331,taglish,comment,True,majority,3-0,0,0
t1_p50kr51,0,0.010169658809900284,-4.578125,0,0.22828957438468933,0,0.03137948594809,english,comment,True,majority,3-0,0,0
t1_p7e3jrl,0,0.015424554236233234,-4.15625,0,0.26565492153167725,0,0.042546914139551965,taglish,comment,True,unanimous,3-0,0,0
t1_p5cwz72,0,0.2240554690361023,-1.2421875,0,0.6401697397232056,0,0.2828052017952397,taglish,comment,True,majority,3-0,0,0
t1_p742w7h,0,0.0541987307369709,-2.859375,0,0.4452502131462097,0,0.10507073430860968,taglish,comment,True,majority,3-0,0,0
t1_p7lhn75,0,0.0024343819823116064,-6.015625,0,0.04986164718866348,0,0.01091516764654445,taglish,comment,True,majority,3-0,0,0
t1_p3kxp80,0,0.016914913430809975,-4.0625,0,0.29869768023490906,0,0.045501696713335225,tagalog,comment,True,majority,3-0,0,0
t1_p76m5bt,0,0.6500230431556702,0.619140625,1,0.8566713333129883,1,0.6139226938461035,english,comment,True,adjudicator,2-1,0,0
t1_p5bdsnu,0,0.2447238266468048,-1.126953125,0,0.6054936051368713,0,0.30063814432988606,english,comment,True,adjudicator,2-1,0,0
t1_p3ja4pl,0,0.012241275049746037,-4.390625,0,0.23623141646385193,0,0.03594174622161488,taglish,comment,True,majority,3-0,0,0
t1_p4du5ih,0,0.001867565792053938,-6.28125,0,0.03786502406001091,0,0.008963232852867506,english,comment,True,majority,3-0,0,0
t1_p4rw6f0,0,0.004982269834727049,-5.296875,0,0.0729028731584549,0,0.018557076718640854,english,comment,True,adjudicator,2-1,0,1
t1_p4zucjx,0,0.0030278346966952085,-5.796875,0,0.038998521864414215,0,0.012833884637165806,taglish,comment,True,majority,3-0,0,0
t1_p5oyw7y,0,0.0007321811863221228,-7.21875,0,0.04047306627035141,0,0.00446081897237235,taglish,comment,True,majority,3-0,0,0
t1_p5d7uvb,0,0.021287353709340096,-3.828125,0,0.20729970932006836,0,0.053765756272290396,taglish,comment,True,unanimous,3-0,0,0
t1_p7l13ow,0,0.0038244836032390594,-5.5625,0,0.11808747053146362,0,0.015259640307492805,taglish,comment,True,majority,3-0,0,0
t1_p6yxi0s,0,0.057918090373277664,-2.7890625,0,0.34151655435562134,0,0.11012783003918279,tagalog,comment,True,adjudicator,2-1,0,0
t1_p68h6ho,0,0.0005614788387902081,-7.484375,0,0.018482215702533722,0,0.003658831096061634,taglish,comment,True,unanimous,3-0,0,0
t1_p78399m,0,0.026155617088079453,-3.6171875,0,0.23766939342021942,0,0.06239586541158243,english,comment,True,majority,3-0,0,0
t1_p780n2y,0,0.4883444011211395,-0.046630859375,0,0.7584596872329712,0,0.4912674697269712,taglish,comment,True,majority,3-0,0,0
t1_p599ncq,0,0.3656831681728363,-0.55078125,0,0.7099802494049072,0,0.3982841275435973,taglish,comment,True,majority,3-0,0,0
t1_p46f6fr,0,0.0026730059180408716,-5.921875,0,0.07698458433151245,0,0.01170004443872098,tagalog,comment,True,majority,3-0,0,0
t1_p66pvj1,0,0.0007208379684016109,-7.234375,0,0.016179533675312996,0,0.004409136055040238,english,comment,True,majority,3-0,0,0
t1_p5mred0,1,0.907967209815979,2.2890625,1,0.9363336563110352,1,0.8474654923848032,tagalog,comment,True,majority,3-0,1,1
t1_p7dfjf7,0,0.12294380366802216,-1.96484375,0,0.5066357851028442,0,0.1866434217906247,tagalog,comment,True,adjudicator,2-1,0,1
t1_p5wvdca,1,0.9053223133087158,2.2578125,1,0.9574869871139526,1,0.8444145204245908,taglish,comment,True,unanimous,3-0,1,1
t1_p76t18e,0,0.001367025775834918,-6.59375,0,0.016056235879659653,0,0.007105670299905561,taglish,comment,True,majority,3-0,0,0
t1_p5zb1aa,0,0.0012255674228072166,-6.703125,0,0.08384431898593903,0,0.006550318019983763,taglish,comment,True,unanimous,3-0,0,0
t1_p4t4rfj,0,0.0009850084315985441,-6.921875,0,0.023643147200345993,0,0.005565722808113128,taglish,comment,True,unanimous,3-0,0,0
t1_p6zepsz,0,0.001674399245530367,-6.390625,0,0.03977140784263611,0,0.00826390885960667,english,comment,True,adjudicator,2-1,0,0
t1_p3zsw04,0,0.0006667023408226669,-7.3125,0,0.019704869017004967,0,0.004159528911098092,taglish,comment,True,unanimous,3-0,0,0
t1_p7jxi1w,0,0.09467770159244537,-2.2578125,0,0.40763264894485474,0,0.15558547957540922,tagalog,comment,True,adjudicator,2-1,0,0
t1_p79c6su,0,0.23231014609336853,-1.1953125,0,0.6184248328208923,0,0.28998176957006466,taglish,comment,True,adjudicator,2-1,0,0
t1_p5wsvyx,0,0.8128673434257507,1.46875,1,0.9318968057632446,1,0.7503199204448215,tagalog,comment,True,adjudicator,2-1,0,0
t1_p2u10do,0,0.006388320587575436,-5.046875,0,0.25729167461395264,0,0.022294156133835563,tagalog,comment,True,adjudicator,2-1,0,0
t1_p3gyo9g,0,0.0007554056355729699,-7.1875,0,0.025720369070768356,0,0.004566000987801088,taglish,comment,True,majority,3-0,0,0
t1_p5evp5a,1,0.6247515678405762,0.509765625,1,0.7963205575942993,1,0.5943295231730611,taglish,comment,True,majority,3-0,1,1
t1_p6s3i12,0,0.3464307188987732,-0.634765625,0,0.7091416120529175,0,0.38330657036738564,tagalog,comment,True,unanimous,3-0,0,0
t1_p79nndi,0,0.014063626527786255,-4.25,0,0.19310033321380615,0,0.03977601286698117,taglish,comment,True,adjudicator,2-1,0,0
t1_p6xxs7h,0,0.043691061437129974,-3.0859375,0,0.26954716444015503,0,0.09014703110634038,tagalog,comment,True,adjudicator,2-1,0,1
t1_p2uwcht,0,0.0007916296017356217,-7.140625,0,0.02886229008436203,0,0.004728420238044691,taglish,comment,True,majority,3-0,0,0
t1_p517xa6,1,0.3607141971588135,-0.572265625,0,0.7077027559280396,0,0.3944332629088423,tagalog,comment,True,adjudicator,2-1,1,1
t1_p63l8fh,0,0.0030753696337342262,-5.78125,0,0.04198043793439865,0,0.012983032801439235,english,comment,True,adjudicator,2-1,0,0
t1_p796zsd,0,0.04672495648264885,-3.015625,0,0.40018296241760254,0,0.09456173981316968,taglish,comment,True,unanimous,3-0,0,0
t1_p599fek,0,0.09203286468982697,-2.2890625,0,0.49240100383758545,0,0.15253450761519688,tagalog,comment,True,adjudicator,2-1,0,1
t1_p6rq1jm,0,0.0060975621454417706,-5.09375,0,0.2393050640821457,0,0.0215414205481145,taglish,comment,True,unanimous,3-0,0,0
t1_p685eax,0,0.0204885546118021,-3.8671875,0,0.35909736156463623,0,0.05229625432213942,tagalog,comment,True,adjudicator,2-1,0,0
t1_p5cnwp2,1,0.966156005859375,3.3515625,1,0.9732677340507507,1,0.9248979051558601,tagalog,comment,True,adjudicator,3-0,1,1
t1_p467600,0,0.0026316740550100803,-5.9375,0,0.1134086474776268,0,0.011565462450000445,tagalog,comment,True,adjudicator,2-1,0,0
t1_p50t6p6,1,0.42972850799560547,-0.282958984375,0,0.738335132598877,0,0.4472026269360106,english,comment,True,adjudicator,2-1,1,1
t1_p30kfxi,1,0.38861799240112305,-0.453125,0,0.7744109034538269,0,0.415940607597832,tagalog,comment,True,majority,3-0,1,1
t1_p51xptv,0,0.0007672924548387527,-7.171875,0,0.0187554769217968,0,0.004619514109484817,taglish,comment,True,majority,3-0,0,0
t1_p5p2vrj,0,0.0008830457809381187,-7.03125,0,0.01424773782491684,0,0.005130105131988475,taglish,comment,True,majority,3-0,0,0
t1_p77m0e8,0,0.0018102111062034965,-6.3125,0,0.023162096738815308,0,0.008757647741912457,taglish,comment,True,unanimous,3-0,0,0
t1_p78xgky,0,0.015663648024201393,-4.140625,0,0.23961803317070007,0,0.04302631987243452,taglish,comment,True,majority,3-0,0,0
t1_p7bak1l,0,0.016657039523124695,-4.078125,0,0.1907939910888672,0,0.04499600679287852,english,comment,True,majority,3-0,0,0
t1_p5mtyx6,0,0.023509452119469643,-3.7265625,0,0.28152012825012207,0,0.057770670246349735,taglish,comment,True,majority,3-0,0,0
t1_p7bel7e,0,0.023870835080742836,-3.7109375,0,0.33152294158935547,0,0.05841114774575512,taglish,comment,True,majority,3-0,0,0
t1_p3ubs81,0,0.001867565792053938,-6.28125,0,0.036569833755493164,0,0.008963232852867506,taglish,comment,True,adjudicator,2-1,0,0
t1_p63itkv,0,0.002182716503739357,-6.125,0,0.019920237362384796,0,0.010065097668410206,english,comment,True,majority,3-0,0,0
t1_p6578jk,0,0.015663648024201393,-4.140625,0,0.28725719451904297,0,0.04302631987243452,taglish,comment,True,unanimous,3-0,0,0
t1_p4dnfav,0,0.3663630187511444,-0.5478515625,0,0.7433000802993774,0,0.39881023370803925,tagalog,comment,True,adjudicator,2-1,0,0
t1_p5sotw5,0,0.0055549247190356255,-5.1875,0,0.07505059242248535,0,0.020109785920264852,taglish,comment,True,majority,3-0,0,0
t1_p6w7t4i,1,0.10894505679607391,-2.1015625,0,0.5152630805969238,0,0.17159103873930584,tagalog,comment,True,adjudicator,2-1,1,1
t1_p300zhn,0,0.000954731716774404,-6.953125,0,0.02401852421462536,0,0.005437637085272226,taglish,comment,True,majority,3-0,0,0
t1_p6r7p20,0,0.34466397762298584,-0.642578125,0,0.7014502286911011,0,0.38192402720399343,tagalog,comment,True,adjudicator,2-1,0,0
t1_p7435vc,0,0.7386690378189087,1.0390625,1,0.8372747302055359,1,0.6853389161164525,tagalog,comment,True,adjudicator,2-1,0,1
t1_p7j6bsx,1,0.9559813141822815,3.078125,1,0.9683459997177124,1,0.9093717692550543,taglish,comment,True,majority,3-0,1,1
t1_p77trkh,0,0.018978038802742958,-3.9453125,0,0.28673624992370605,0,0.04947039870275616,taglish,comment,True,unanimous,3-0,0,0
t1_p4ax4kj,0,0.4589548707008362,-0.16455078125,0,0.7774274349212646,0,0.4692205183108531,taglish,comment,True,unanimous,3-0,0,0
t1_p7hgig1,0,0.17384853959083557,-1.55859375,0,0.5484534502029419,0,0.23728435984070242,taglish,comment,True,majority,3-0,0,0
t1_p40vxa0,0,0.029535338282585144,-3.4921875,0,0.2871392071247101,0,0.06810404121342764,tagalog,comment,True,adjudicator,2-1,0,1
t1_p3kdw2q,1,0.4732920825481415,-0.10693359375,0,0.6841096878051758,0,0.47998328369583076,taglish,comment,True,adjudicator,2-1,1,1
t1_p3hdq1k,0,0.0029349515680223703,-5.828125,0,0.07959385961294174,0,0.012540643773239032,english,comment,True,majority,3-0,0,0
t1_p6q7agm,0,0.024798156693577766,-3.671875,0,0.25105786323547363,0,0.06004158954237694,taglish,comment,True,unanimous,3-0,0,0
t1_p782p63,0,0.017442483454942703,-4.03125,0,0.21069428324699402,0,0.046529356438525696,english,comment,True,majority,3-0,0,0
t1_p77uoky,1,0.0333368256688118,-3.3671875,0,0.3183249831199646,0,0.0742930416111243,taglish,comment,True,adjudicator,2-1,1,0
t1_p54nz23,0,0.0030753696337342262,-5.78125,0,0.06957454979419708,0,0.012983032801439235,taglish,comment,True,unanimous,3-0,0,0
t1_p743b24,0,0.200557678937912,-1.3828125,0,0.6180131435394287,0,0.2619343500132214,taglish,comment,True,unanimous,3-0,0,0
t1_p5y72o7,0,0.002251847181469202,-6.09375,0,0.07567977160215378,0,0.01030105611011823,english,comment,True,majority,3-0,0,0
t1_p5xu1jd,0,0.004609572235494852,-5.375,0,0.05588596314191818,0,0.01752063057141709,tagalog,comment,True,majority,3-0,0,0
t1_p50iukl,0,0.027169233188033104,-3.578125,0,0.1512344777584076,0,0.06412995799131095,tagalog,comment,True,adjudicator,3-0,0,0
t1_p3zxck1,0,0.0017007224960252643,-6.375,0,0.05654590576887131,0,0.008360397135093588,taglish,comment,True,majority,3-0,0,0
t1_p40phsy,0,0.00482972152531147,-5.328125,0,0.06929629296064377,0,0.018135469279809878,tagalog,comment,True,unanimous,3-0,0,0
t1_p742tbm,0,0.511228621006012,0.044921875,1,0.7872840166091919,1,0.5084125514477092,tagalog,comment,True,adjudicator,3-0,0,1
t1_p6wk3dz,0,0.008315778337419033,-4.78125,0,0.12028419226408005,0,0.027069886167298093,english,comment,True,adjudicator,2-1,0,1
t1_p742cdq,1,0.7662936449050903,1.1875,1,0.8639294505119324,1,0.7088117119530685,english,comment,True,unanimous,3-0,1,1
t1_p6dx5af,1,0.9304582476615906,2.59375,1,0.958053469657898,1,0.8746941781342594,taglish,comment,True,majority,3-0,1,1
t1_p78llri,0,0.057918090373277664,-2.7890625,0,0.3998137414455414,0,0.11012783003918279,tagalog,comment,True,adjudicator,2-1,0,0
t1_p5c5ngm,0,0.007232763804495335,-4.921875,0,0.06601324677467346,0,0.024429284020908854,english,comment,True,majority,3-0,0,0
t1_p7a55ro,0,0.0038244836032390594,-5.5625,0,0.099803626537323,0,0.015259640307492805,taglish,comment,True,unanimous,3-0,0,0
t1_p72it5y,0,0.018264278769493103,-3.984375,0,0.21968726813793182,0,0.0481123262994903,taglish,comment,True,majority,3-0,0,0
t1_p6eld8l,0,0.0013885231455788016,-6.578125,0,0.04810049384832382,0,0.007188733166008599,english,comment,True,majority,3-0,0,0
t1_p7ib4se,1,0.33589524030685425,-0.681640625,0,0.7793065309524536,0,0.37504034561894356,taglish,comment,True,majority,3-0,1,1
t1_p468emq,0,0.022977370768785477,-3.75,0,0.2716757655143738,0,0.0568223044252538,taglish,comment,True,majority,3-0,0,0
t1_p6e1bpi,0,0.027169233188033104,-3.578125,0,0.4445851743221283,0,0.06412995799131095,taglish,comment,True,unanimous,3-0,0,0
t1_p3ifa43,0,0.0038244836032390594,-5.5625,0,0.10836219042539597,0,0.015259640307492805,taglish,comment,True,unanimous,3-0,0,0
t1_p5ug01j,0,0.002182716503739357,-6.125,0,0.027114860713481903,0,0.010065097668410206,taglish,comment,True,majority,3-0,0,0
t1_p6rxq8o,1,0.21933749318122864,-1.26953125,0,0.6508054733276367,0,0.2786689177576648,tagalog,comment,True,adjudicator,2-1,1,1
t1_p74metr,0,0.015543648041784763,-4.1484375,0,0.20729641616344452,0,0.04278597557137281,tagalog,comment,True,adjudicator,2-1,0,1
t1_p2ufm58,0,0.00214894930832088,-6.140625,0,0.05341193825006485,0,0.009949132644884997,english,comment,True,majority,3-0,0,0
t1_p7a4i1w,0,0.02822098508477211,-3.5390625,0,0.2699275314807892,0,0.06590885633914588,taglish,comment,True,unanimous,3-0,0,0
t1_p7i91xi,0,0.07585818320512772,-2.5,0,0.3965480923652649,0,0.13320839001486942,taglish,comment,True,majority,3-0,0,0
t1_p7m2zbp,0,0.22135066986083984,-1.2578125,0,0.6096256971359253,0,0.2804370600184571,tagalog,comment,True,adjudicator,2-1,0,0
t1_p5s23c6,0,0.0011160142021253705,-6.796875,0,0.033070117235183716,0,0.006108766198952918,taglish,comment,True,unanimous,3-0,0,0
t1_p7b5cn0,0,0.4232196509838104,-0.3095703125,0,0.6926076412200928,0,0.44227955196334845,taglish,comment,True,adjudicator,2-1,0,1
t1_p6cnw1j,0,0.002889581024646759,-5.84375,0,0.0934988409280777,0,0.012396513913447024,english,comment,True,majority,3-0,0,0
t1_p7i7oz5,1,0.6577582955360413,0.6533203125,1,0.8214267492294312,1,0.6199738477040015,tagalog,comment,True,adjudicator,2-1,1,0
t1_p6d602e,0,0.07640768587589264,-2.4921875,0,0.4767429232597351,0,0.13388562474662985,taglish,comment,True,majority,3-0,0,0
t1_p3jz6za,0,0.001867565792053938,-6.28125,0,0.04825896769762039,0,0.008963232852867506,english,comment,True,majority,3-0,0,0
t1_p5cu7wt,0,0.010169658809900284,-4.578125,0,0.09995697438716888,0,0.03137948594809,english,comment,True,majority,3-0,0,0
t1_p6e0fce,0,0.003172682598233223,-5.75,0,0.0568266287446022,0,0.01328647896618652,english,comment,True,majority,3-0,0,0
t1_p5g20k7,0,0.034100428223609924,-3.34375,0,0.31305837631225586,0,0.0755096504110247,taglish,comment,True,majority,3-0,0,0
t1_p6s66ir,0,0.008847354911267757,-4.71875,0,0.25578543543815613,0,0.028330734090797918,tagalog,comment,True,majority,3-0,0,0
t1_p6s4bxj,1,0.8529354929924011,1.7578125,1,0.9018294811248779,1,0.7886607271288552,taglish,comment,True,adjudicator,2-1,1,1
t1_p5116jv,0,0.07807817310094833,-2.46875,0,0.25311824679374695,0,0.1359348084431743,english,comment,True,adjudicator,2-1,0,1
t1_p51e3p8,0,0.008445627056062222,-4.765625,0,0.052558522671461105,0,0.02737988841155039,english,comment,True,adjudicator,2-1,0,0
t1_p5c9bva,0,0.0011160142021253705,-6.796875,0,0.017038527876138687,0,0.006108766198952918,english,comment,True,unanimous,3-0,0,0
t1_p7kgbw3,0,0.10743748396635056,-2.1171875,0,0.5032350420951843,0,0.1699335178930344,tagalog,comment,True,unanimous,3-0,0,0
t1_p74mce8,0,0.2869678735733032,-0.91015625,0,0.659395694732666,0,0.33584924621944556,taglish,comment,True,unanimous,3-0,0,0
t1_p6n49j6,0,0.0015487609198316932,-6.46875,0,0.03714736923575401,0,0.007797787023189781,taglish,comment,True,majority,3-0,0,0
t1_p7amr7k,0,0.023870835080742836,-3.7109375,0,0.2781018614768982,0,0.05841114774575512,taglish,comment,True,adjudicator,2-1,0,0
t1_p6sa3ez,0,0.014392335899174213,-4.2265625,0,0.28902530670166016,0,0.04045207770532572,english,comment,True,unanimous,3-0,0,0
t1_p6d5a9r,0,0.09947021305561066,-2.203125,0,0.4634016454219818,0,0.1610442368138394,taglish,comment,True,majority,3-0,0,0
t1_p6ywmi2,0,0.06097517907619476,-2.734375,0,0.4173228144645691,0,0.11420740374662035,taglish,comment,True,majority,3-0,0,0
t1_p7l1qef,0,0.026355354115366936,-3.609375,0,0.28257134556770325,0,0.06273914555882056,taglish,comment,True,unanimous,3-0,0,0
t1_p5crdbp,0,0.014063626527786255,-4.25,0,0.15514911711215973,0,0.03977601286698117,english,comment,True,unanimous,3-0,0,0
t1_p78y5du,0,0.0222861859947443,-3.78125,0,0.23154757916927338,0,0.05558056380285582,english,comment,True,majority,3-0,0,0
t1_p5owd5p,0,0.0011335690505802631,-6.78125,0,0.0229528546333313,0,0.006180248132347982,english,comment,True,majority,3-0,0,0
t1_p79aq8h,0,0.022629201412200928,-3.765625,0,0.2779710292816162,0,0.05619820877150267,taglish,comment,True,unanimous,3-0,0,0
t1_p3gjm0x,0,0.001151399570517242,-6.765625,0,0.0358453169465065,0,0.006252561251905091,taglish,comment,True,majority,3-0,0,0
t1_p6s2ym6,0,0.7634837031364441,1.171875,1,0.8812138438224792,1,0.7063898270379878,tagalog,comment,True,adjudicator,2-1,0,1
t1_p4klhcp,0,0.001151399570517242,-6.765625,0,0.04929187148809433,0,0.006252561251905091,english,comment,True,majority,3-0,0,0
t1_p4bbpyq,0,0.001838665222749114,-6.296875,0,0.05217270180583,0,0.008859849344304676,english,comment,True,majority,3-0,0,0
t1_p7jm0fp,0,0.00214894930832088,-6.140625,0,0.11649107933044434,0,0.009949132644884997,taglish,comment,True,unanimous,3-0,0,0
t1_p6ryi6a,0,0.0014779430348426104,-6.515625,0,0.06003875285387039,0,0.007530734060740145,english,comment,True,majority,3-0,0,0
t1_p30lg6j,0,0.06187598779797554,-2.71875,0,0.4266037940979004,0,0.11539694048300798,english,comment,True,majority,3-0,0,0
t1_p3kjj5w,0,0.0023231625091284513,-6.0625,0,0.06255930662155151,0,0.010542487270768569,english,comment,True,majority,3-0,0,0
t1_p6n8ciw,1,0.5091237425804138,0.0364990234375,1,0.7851061820983887,1,0.5068354172640579,taglish,comment,True,adjudicator,3-0,1,1
t1_p6x4z3a,0,0.09073548763990402,-2.3046875,0,0.5061174631118774,0,0.15102750765210138,english,comment,True,majority,3-0,0,0
t1_p7k4ywy,0,0.0012448433553799987,-6.6875,0,0.03884243965148926,0,0.006626932336174924,english,comment,True,majority,3-0,0,0
t1_p7afqiy,0,0.012624949216842651,-4.359375,0,0.26680997014045715,0,0.036761809350129786,taglish,comment,True,unanimous,3-0,0,0
t1_p6br5ul,0,0.0012448433553799987,-6.6875,0,0.05941566452383995,0,0.006626932336174924,taglish,comment,True,unanimous,3-0,0,0
t1_p69t9vn,0,0.00172745855525136,-6.359375,0,0.07694343477487564,0,0.00845800238650723,taglish,comment,True,majority,3-0,0,0
t1_p3hx9p2,0,0.0011879054363816977,-6.734375,0,0.08920314162969589,0,0.006399719320588072,taglish,comment,True,majority,3-0,0,0
t1_p75odws,0,0.0012448433553799987,-6.6875,0,0.034727875143289566,0,0.006626932336174924,taglish,comment,True,unanimous,3-0,0,0
t1_p5tmwe1,0,0.008187909610569477,-4.796875,0,0.08487363159656525,0,0.02676329726778762,english,comment,True,unanimous,3-0,0,0
t1_p30o96b,0,0.0008693673880770802,-7.046875,0,0.028637459501624107,0,0.0050707073810302705,taglish,comment,True,unanimous,3-0,0,0
t1_p5jo7kp,0,0.10932482779026031,-2.09765625,0,0.43310484290122986,0,0.1720074165049627,tagalog,comment,True,adjudicator,2-1,0,0
t1_p5cweq7,0,0.0012065897462889552,-6.71875,0,0.0163201205432415,0,0.006474583672895699,taglish,comment,True,majority,3-0,0,0
t1_p30l6ra,0,0.9124361872673035,2.34375,1,0.9504868984222412,1,0.8526864524078492,tagalog,comment,True,adjudicator,2-1,0,1
t1_p6y003z,0,0.007577240467071533,-4.875,0,0.17059925198554993,0,0.025280324796512977,taglish,comment,True,majority,3-0,0,0
t1_p30mdif,0,0.914290726184845,2.3671875,1,0.935688853263855,1,0.8548783586672766,english,comment,True,adjudicator,2-1,0,1
t1_p7a25ft,0,0.008315778337419033,-4.78125,0,0.1476370394229889,0,0.027069886167298093,taglish,comment,True,unanimous,3-0,0,0
t1_p5143ya,0,0.0009697519708424807,-6.9375,0,0.021682284772396088,0,0.005501309247383878,taglish,comment,True,unanimous,3-0,0,0
t1_p2ypu78,1,0.037047166377305984,-3.2578125,0,0.3973862826824188,0,0.08012854631784959,tagalog,comment,True,unanimous,3-0,1,1
t1_p4gft2f,0,0.0014779430348426104,-6.515625,0,0.03818940371274948,0,0.007530734060740145,taglish,comment,True,majority,3-0,0,0
t1_p589aw3,0,0.6884683966636658,0.79296875,1,0.838538646697998,1,0.6442950881935947,taglish,comment,True,adjudicator,2-1,0,1
t1_p5b1qoc,0,0.014842418022453785,-4.1953125,0,0.19096820056438446,0,0.041370634428885215,taglish,comment,True,majority,3-0,0,0
t1_p50izq3,0,0.0014103584690019488,-6.5625,0,0.02554534748196602,0,0.007272759896513995,taglish,comment,True,majority,3-0,0,0
t1_p51c7pk,0,0.009268012829124928,-4.671875,0,0.2584102153778076,0,0.0293136054224161,tagalog,comment,True,unanimous,3-0,0,0
t1_p67xo52,1,0.019271137192845345,-3.9296875,0,0.1911357343196869,0,0.050023740307959856,tagalog,comment,True,majority,3-0,1,1
t1_p6eswyp,0,0.003429603995755315,-5.671875,0,0.12014995515346527,0,0.014076039236044125,taglish,comment,True,unanimous,3-0,0,0
t1_p3kjuid,0,0.027169233188033104,-3.578125,0,0.2858017683029175,0,0.06412995799131095,taglish,comment,True,majority,3-0,0,0
t1_p4gcvtp,0,0.004133968148380518,-5.484375,0,0.11353033035993576,0,0.016164536437985755,taglish,comment,True,majority,3-0,0,0
t1_p7ltirq,1,0.06278920918703079,-2.703125,0,0.3286703824996948,0,0.11659723607474917,english,comment,True,adjudicator,2-1,1,1
t1_p58wkah,0,0.006003595422953367,-5.109375,0,0.260625422000885,0,0.02129607556176179,taglish,comment,True,majority,3-0,0,0
t1_p3pcwwb,0,0.002889581024646759,-5.84375,0,0.020021667703986168,0,0.012396513913447024,english,comment,True,majority,3-0,0,0
t1_p7i5k42,0,0.0008426423300988972,-7.078125,0,0.024435143917798996,0,0.004953956852246251,taglish,comment,True,unanimous,3-0,0,0
t1_p6x2xeo,1,0.103748619556427,-2.15625,0,0.5395764112472534,0,0.1658454567919136,tagalog,comment,True,majority,3-0,1,1
t1_p2y9hhq,0,0.00214894930832088,-6.140625,0,0.07910310477018356,0,0.009949132644884997,tagalog,comment,True,adjudicator,2-1,0,0
t1_p2tp8yk,0,0.14033624529838562,-1.8125,0,0.4882682263851166,0,0.20459145485220176,english,comment,True,adjudicator,2-1,0,0
t1_p7ammcj,0,0.06705629080533981,-2.6328125,0,0.41179442405700684,0,0.12213339522563688,taglish,comment,True,majority,3-0,0,0
t1_p517odr,0,0.0032224843744188547,-5.734375,0,0.0875416025519371,0,0.013440815311279984,taglish,comment,True,unanimous,3-0,0,0
t1_p50stit,0,0.02178117074072361,-3.8046875,0,0.10934463143348694,0,0.05466606495702603,english,comment,True,unanimous,3-0,0,0
t1_p73tcqr,0,0.5424997806549072,0.17041015625,1,0.8092741370201111,1,0.5318725665503774,taglish,comment,True,majority,3-0,0,0
t1_p5pbwr5,0,0.019271137192845345,-3.9296875,0,0.1979745328426361,0,0.050023740307959856,english,comment,True,majority,3-0,0,0
t1_p3k99yb,0,0.33982762694358826,-0.6640625,0,0.6513381004333496,0,0.3781319386118483,english,comment,True,adjudicator,2-1,0,0
t1_p6epc1a,0,0.1127954050898552,-2.0625,0,0.5158219337463379,0,0.17579088062556048,tagalog,comment,True,adjudicator,2-1,0,0
t1_p5uu9ss,0,0.0014103584690019488,-6.5625,0,0.07568798214197159,0,0.007272759896513995,taglish,comment,True,majority,3-0,0,0
t1_p5yhue3,0,0.0008040859247557819,-7.125,0,0.03883993625640869,0,0.0047838277507882745,taglish,comment,True,majority,3-0,0,0
t1_p7m3twq,0,0.005220125894993544,-5.25,0,0.1435130089521408,0,0.01920757561389441,english,comment,True,majority,3-0,0,0
t1_p4mv2i7,0,0.0008693673880770802,-7.046875,0,0.027131754904985428,0,0.0050707073810302705,taglish,comment,True,unanimous,3-0,0,0
t1_p7bm2ox,0,0.02460992895066738,-3.6796875,0,0.25679755210876465,0,0.05971212886302601,tagalog,comment,True,majority,3-0,0,0
t1_p73rln3,0,0.6901415586471558,0.80078125,1,0.8307642936706543,1,0.645635282263351,taglish,comment,True,unanimous,3-0,0,0
t1_p7a7f2g,0,0.08210662752389908,-2.4140625,0,0.3985685110092163,0,0.1408190929471696,taglish,comment,True,unanimous,3-0,0,0
t1_p6yhpaz,0,0.0006361912237480283,-7.359375,0,0.02403867244720459,0,0.004016571977682394,taglish,comment,True,majority,3-0,0,0
t1_p5yh286,0,0.00806199200451374,-4.8125,0,0.1827712506055832,0,0.02646008630603746,taglish,comment,True,majority,3-0,0,0
t1_p4yma05,0,0.0013458605390042067,-6.609375,0,0.02220735512673855,0,0.007023560401461338,english,comment,True,majority,3-0,0,0
t1_p77wrq7,0,0.018546564504504204,-3.96875,0,0.18683168292045593,0,0.048651254945635436,taglish,comment,True,unanimous,3-0,0,0
t1_p75qvxz,0,0.48852741718292236,-0.0458984375,0,0.7422499656677246,0,0.49140460264843466,english,comment,True,adjudicator,2-1,0,1
t1_p7jl0bl,0,0.0016484829830005765,-6.40625,0,0.02978598140180111,0,0.008168524993053225,taglish,comment,True,unanimous,3-0,0,0
t1_p79tgdx,0,0.0222861859947443,-3.78125,0,0.3748922348022461,0,0.05558056380285582,taglish,comment,True,majority,3-0,0,0
t1_p5c6ylh,0,0.0037072529084980488,-5.59375,0,0.04366965591907501,0,0.014911810706179801,english,comment,True,majority,3-0,0,0
t1_p5cl6hj,0,0.4099293053150177,-0.3642578125,0,0.7104731798171997,0,0.43219896214810016,taglish,comment,True,adjudicator,2-1,0,1
t1_p3eruxa,0,0.012821215204894543,-4.34375,0,0.20517253875732422,0,0.037178561446541046,taglish,comment,True,unanimous,3-0,0,0
t1_p7jsvzn,0,0.0023596608079969883,-6.046875,0,0.08344855904579163,0,0.010665293809961326,taglish,comment,True,unanimous,3-0,0,0
t1_p6avr6a,1,0.08210662752389908,-2.4140625,0,0.5577505230903625,0,0.1408190929471696,taglish,comment,True,majority,3-0,1,1
t1_p3merrd,0,0.0032224843744188547,-5.734375,0,0.057212185114622116,0,0.013440815311279984,taglish,comment,True,adjudicator,2-1,0,0
t1_p7jm1cj,0,0.0013458605390042067,-6.609375,0,0.014772841706871986,0,0.007023560401461338,english,comment,True,majority,3-0,0,0
t1_p7dcf6a,0,0.2546016275882721,-1.07421875,0,0.6078648567199707,0,0.309009345644749,taglish,comment,True,adjudicator,2-1,0,1
t1_p4tuflx,0,0.0032224843744188547,-5.734375,0,0.08751578629016876,0,0.013440815311279984,tagalog,comment,True,majority,3-0,0,0
t1_p79yd7y,0,0.023509452119469643,-3.7265625,0,0.28058478236198425,0,0.057770670246349735,taglish,comment,True,unanimous,3-0,0,0
t1_p2u0kv1,0,0.001048469333909452,-6.859375,0,0.03730753809213638,0,0.005830963173865106,taglish,comment,True,majority,3-0,0,0
t1_p69tbzs,1,0.28219619393348694,-0.93359375,0,0.664911687374115,0,0.33194414660176036,tagalog,comment,True,adjudicator,2-1,1,1
t1_p6mhswo,0,0.0019267346942797303,-6.25,0,0.1032855436205864,0,0.00917359939476919,taglish,comment,True,unanimous,3-0,0,0
t1_p50i4kx,0,0.04742587357759476,-3.0,0,0.22821184992790222,0,0.09556873219539853,tagalog,comment,True,adjudicator,3-0,0,0
t1_p5r0ktr,0,0.007815889082849026,-4.84375,0,0.17821010947227478,0,0.025863658157008633,taglish,comment,True,unanimous,3-0,0,0
t1_p6zg7ae,0,0.001838665222749114,-6.296875,0,0.048196494579315186,0,0.008859849344304676,english,comment,True,majority,3-0,0,0
t1_p7abfqn,0,0.06278920918703079,-2.703125,0,0.496255099773407,0,0.11659723607474917,tagalog,comment,True,adjudicator,2-1,0,0
t1_p6gwkw5,0,0.0020507436711341143,-6.1875,0,0.06627781689167023,0,0.009609115497521404,taglish,comment,True,majority,3-0,0,0
t1_p77ru5i,0,0.030675798654556274,-3.453125,0,0.3387124240398407,0,0.06998493291195615,taglish,comment,True,unanimous,3-0,0,0
t1_p46k54m,0,0.002251847181469202,-6.09375,0,0.10244521498680115,0,0.01030105611011823,taglish,comment,True,majority,3-0,0,0
t1_p7a4s7r,0,0.36116471886634827,-0.5703125,0,0.7072420120239258,0,0.3947828081783294,taglish,comment,True,unanimous,3-0,0,0
t1_p7b6ukd,0,0.005641908384859562,-5.171875,0,0.08503087610006332,0,0.020341748116036198,english,comment,True,unanimous,3-0,0,0
t1_p79vtek,0,0.06097517907619476,-2.734375,0,0.3838370442390442,0,0.11420740374662035,taglish,comment,True,majority,3-0,0,0
t1_p6f5ipu,0,0.0008295890875160694,-7.09375,0,0.020632287487387657,0,0.004896588555874046,english,comment,True,majority,3-0,0,0
t1_p571ubf,0,0.004331502132117748,-5.4375,0,0.11464321613311768,0,0.01673259720212957,taglish,comment,True,unanimous,3-0,0,0
t1_p742mvf,0,0.6800292134284973,0.75390625,1,0.8783635497093201,1,0.6375604824755849,taglish,comment,True,unanimous,3-0,0,0
t1_p7cbcu5,0,0.09041372686624527,-2.30859375,0,0.36038094758987427,0,0.15065267540387325,english,comment,True,majority,3-0,0,0
t1_p7ad8ct,0,0.005730246659368277,-5.15625,0,0.14994120597839355,0,0.020576329762842415,english,comment,True,majority,3-0,0,0
t1_p5z9z6z,0,0.0008693673880770802,-7.046875,0,0.02580217272043228,0,0.0050707073810302705,taglish,comment,True,adjudicator,3-0,0,0
t1_p6z0lga,0,0.0018969200318679214,-6.265625,0,0.047623973339796066,0,0.009067811682585967,tagalog,comment,True,majority,3-0,0,0
t1_p61jmcu,0,0.00130450667347759,-6.640625,0,0.025194186717271805,0,0.006862156516952526,taglish,comment,True,unanimous,3-0,0,0
t1_p6nuzog,1,0.7122321724891663,0.90625,1,0.8276414275169373,1,0.6634976979989544,english,comment,True,majority,3-0,1,1
t1_p300iwt,0,0.01615283451974392,-4.109375,0,0.18840651214122772,0,0.04400065019258756,taglish,comment,True,majority,3-0,0,0
t1_p6fq1hu,0,0.007577240467071533,-4.875,0,0.1667269468307495,0,0.025280324796512977,taglish,comment,True,adjudicator,2-1,0,0
t1_p73qhx0,0,0.29462069272994995,-0.873046875,0,0.6718050241470337,0,0.34207832552836254,taglish,comment,True,adjudicator,2-1,0,0
t1_p75ksdr,0,0.010169658809900284,-4.578125,0,0.1174103319644928,0,0.03137948594809,tagalog,comment,True,majority,3-0,0,0
t1_p50f9f1,0,0.010013570077717304,-4.59375,0,0.08239143341779709,0,0.03102564374789907,english,comment,True,majority,3-0,0,0
t1_p7a163b,0,0.012053778395056725,-4.40625,0,0.2137281894683838,0,0.03553834644186387,tagalog,comment,True,adjudicator,2-1,0,0
t1_p73q9ap,0,0.6988435387611389,0.841796875,1,0.8482086062431335,1,0.6526334569517258,tagalog,comment,True,adjudicator,2-1,0,0
t1_p5cdkaw,0,0.0029349515680223703,-5.828125,0,0.04102930426597595,0,0.012540643773239032,taglish,comment,True,majority,3-0,0,0
t1_p79ibcs,0,0.027585282921791077,-3.5625,0,0.3019118905067444,0,0.06483608668244899,taglish,comment,True,unanimous,3-0,0,0
t1_p6zdg7p,0,0.0014103584690019488,-6.5625,0,0.03182614594697952,0,0.007272759896513995,taglish,comment,True,majority,3-0,0,0
t1_p75eglh,0,0.016657039523124695,-4.078125,0,0.3276500403881073,0,0.04499600679287852,taglish,comment,True,majority,3-0,0,0
t1_p7aqfg2,0,0.0009399438858963549,-6.96875,0,0.01648988388478756,0,0.005374697882118288,english,comment,True,unanimous,3-0,0,0
t1_p5csk7w,0,0.7498207092285156,1.09765625,1,0.8843469023704529,1,0.694727118609284,tagalog,comment,True,adjudicator,2-1,0,1
t1_p7ki9ed,0,0.002800926798954606,-5.875,0,0.07770435512065887,0,0.012113143887852191,tagalog,comment,True,majority,3-0,0,0
t1_p79b0sj,0,0.001674399245530367,-6.390625,0,0.01699252985417843,0,0.00826390885960667,taglish,comment,True,majority,3-0,0,0
t1_p4sty57,0,0.35331663489341736,-0.6044921875,0,0.6787662506103516,0,0.3886815942226618,taglish,comment,True,majority,3-0,0,0
t1_p4z4tuk,1,0.565898597240448,0.26513671875,1,0.7729746699333191,1,0.5494944088910942,taglish,comment,True,unanimous,3-0,1,1
t1_p5c2j4s,0,0.004755199886858463,-5.34375,0,0.21688774228096008,0,0.01792820543294057,taglish,comment,True,unanimous,3-0,0,0
t1_p2ultws,0,0.05223086103796959,-2.8984375,0,0.2836412489414215,0,0.102350662981193,taglish,comment,True,unanimous,3-0,0,0
t1_p3h9md9,0,0.0014779430348426104,-6.515625,0,0.042782530188560486,0,0.007530734060740145,english,comment,True,majority,3-0,0,0
t1_p7dwnon,0,0.0033766122069209814,-5.6875,0,0.06831881403923035,0,0.013914511705098519,english,comment,True,adjudicator,3-0,0,0
t1_p4vjm7i,0,0.012241275049746037,-4.390625,0,0.1902511566877365,0,0.03594174622161488,tagalog,comment,True,adjudicator,2-1,0,0
t1_p510rod,0,0.007011795416474342,-4.953125,0,0.19578802585601807,0,0.023877508806176746,taglish,comment,True,majority,3-0,0,0
t1_p510zrc,0,0.015189048834145069,-4.171875,0,0.2810175120830536,0,0.0420726151776803,taglish,comment,True,majority,3-0,0,0
t1_p5b339o,0,0.17384853959083557,-1.55859375,0,0.5225919485092163,0,0.23728435984070242,taglish,comment,True,majority,3-0,0,0
t1_p73napw,0,0.004133968148380518,-5.484375,0,0.08770617097616196,0,0.016164536437985755,english,comment,True,majority,3-0,0,0
t1_p76okyw,0,0.013020490296185017,-4.328125,0,0.17011593282222748,0,0.037599853652667665,taglish,comment,True,majority,3-0,0,0
t1_p5q0afk,1,0.024237634614109993,-3.6953125,0,0.22348646819591522,0,0.05905828086570057,taglish,comment,True,adjudicator,2-1,1,1
t1_p5auq3e,0,0.004399413242936134,-5.421875,0,0.0797024667263031,0,0.016926277126643928,taglish,comment,True,majority,3-0,0,0
t1_p79pfeh,0,0.03161877021193504,-3.421875,0,0.32122325897216797,0,0.07152411357556374,english,comment,True,majority,3-0,0,0
t1_p3sc60l,0,0.008711384609341621,-4.734375,0,0.2535046339035034,0,0.02801027616326973,english,comment,True,adjudicator,2-1,0,0
t1_p3qwhkd,0,0.0025509123224765062,-5.96875,0,0.11048992723226547,0,0.011300871927375038,english,comment,True,adjudicator,2-1,0,0
t1_p5cqowe,0,0.0015011822106316686,-6.5,0,0.061448030173778534,0,0.007618727650220669,tagalog,comment,True,majority,3-0,0,0
t1_p7klc7o,0,0.7272012233734131,0.98046875,1,0.8638595342636108,1,0.6757967285647185,taglish,comment,True,majority,3-0,0,0
t1_p7k9ypx,0,0.043691061437129974,-3.0859375,0,0.46454232931137085,0,0.09014703110634038,tagalog,comment,True,adjudicator,2-1,0,1
t1_p6zmbbn,0,0.0039454069919884205,-5.53125,0,0.040249504148960114,0,0.015615454693007319,tagalog,comment,True,adjudicator,2-1,0,0
t1_p655j54,0,0.019870713353157043,-3.8984375,0,0.24933087825775146,0,0.05114805796446534,taglish,comment,True,unanimous,3-0,0,0
t1_p58hsl1,0,0.0025909794494509697,-5.953125,0,0.037545252591371536,0,0.011432410608709562,taglish,comment,True,adjudicator,2-1,0,1
t1_p7goh43,0,0.005469274707138538,-5.203125,0,0.22500205039978027,0,0.01988041517110467,taglish,comment,True,unanimous,3-0,0,0
t1_p5etwso,0,0.0012255674228072166,-6.703125,0,0.06214509531855583,0,0.006550318019983763,taglish,comment,True,majority,3-0,0,0
t1_p5c7omv,1,0.5183632969856262,0.073486328125,1,0.7639740705490112,1,0.5137596606494367,english,comment,True,majority,3-0,1,1
t1_p5pw7vm,0,0.0012065897462889552,-6.71875,0,0.037342675030231476,0,0.006474583672895699,tagalog,comment,True,adjudicator,2-1,0,0
t1_p65l49e,0,0.043691061437129974,-3.0859375,0,0.415306031703949,0,0.09014703110634038,tagalog,comment,True,adjudicator,2-1,0,0
t1_p5z8ue3,0,0.001674399245530367,-6.390625,0,0.028027331456542015,0,0.00826390885960667,taglish,comment,True,majority,3-0,0,0
t1_p5zhwji,0,0.13028542697429657,-1.8984375,0,0.46163368225097656,0,0.19431361025324032,taglish,comment,True,unanimous,3-0,0,0
t1_p7bwy13,0,0.2024431973695755,-1.37109375,0,0.5403943061828613,0,0.26363511931718836,taglish,comment,True,majority,3-0,0,0
t1_p7b5750,0,0.005220125894993544,-5.25,0,0.12269264459609985,0,0.01920757561389441,english,comment,True,majority,3-0,0,0
t1_p5s5mjv,0,0.001151399570517242,-6.765625,0,0.05089772865176201,0,0.006252561251905091,taglish,comment,True,majority,3-0,0,0
t1_p3kqtje,0,0.0027576221618801355,-5.890625,0,0.07483237236738205,0,0.011973867714531792,taglish,comment,True,unanimous,3-0,0,0
t1_p5y3rii,0,0.0005884088459424675,-7.4375,0,0.018476303666830063,0,0.0037891038356918463,taglish,comment,True,majority,3-0,0,0
t1_p7aui8d,0,0.07696083933115005,-2.484375,0,0.43757376074790955,0,0.1345657680329782,taglish,comment,True,majority,3-0,0,0
t1_p5ad4jk,0,0.0005884088459424675,-7.4375,0,0.011250702664256096,0,0.0037891038356918463,tagalog,comment,True,adjudicator,2-1,0,0
t1_p7k6fel,0,0.0012644219677895308,-6.671875,0,0.019093289971351624,0,0.006704436706949743,taglish,comment,True,majority,3-0,0,0
t1_p7lr7hp,0,0.029760092496871948,-3.484375,0,0.23038458824157715,0,0.06847643217097228,tagalog,comment,True,majority,3-0,0,0
t1_p65k14a,0,0.07978201657533646,-2.4453125,0,0.5434104204177856,0,0.1380103582469899,tagalog,comment,True,adjudicator,2-1,0,0
t1_p6qnlfh,0,0.002082970691844821,-6.171875,0,0.03436175733804703,0,0.00972115626554913,english,comment,True,unanimous,3-0,0,0
t1_p7er1we,0,0.0009110511746257544,-7.0,0,0.02823401801288128,0,0.0052509850626115805,english,comment,True,majority,3-0,0,0
t1_p5bzxqy,0,0.004133968148380518,-5.484375,0,0.09178599715232849,0,0.016164536437985755,english,comment,True,majority,3-0,0,0
t1_p5843ah,0,0.0006462032324634492,-7.34375,0,0.020821472629904747,0,0.004063672127752942,english,comment,True,majority,3-0,0,0
t1_p67usuh,0,0.0019877743907272816,-6.21875,0,0.09260233491659164,0,0.009388856452133908,taglish,comment,True,unanimous,3-0,0,0
t1_p64u75y,0,0.000954731716774404,-6.953125,0,0.014577127993106842,0,0.005437637085272226,taglish,comment,True,unanimous,3-0,0,0
t1_p5y114p,0,0.0030753696337342262,-5.78125,0,0.09677022695541382,0,0.012983032801439235,taglish,comment,True,unanimous,3-0,0,0
t1_p73r9ah,0,0.7322090864181519,1.005859375,1,0.85853111743927,1,0.679950234480229,tagalog,comment,True,adjudicator,2-1,0,1
t1_p5oeand,0,0.0012065897462889552,-6.71875,0,0.05429847538471222,0,0.006474583672895699,english,comment,True,majority,3-0,0,0
t1_p5u1w84,0,0.02909075655043125,-3.5078125,0,0.3407081067562103,0,0.06736488511449203,taglish,comment,True,adjudicator,2-1,0,0
t1_p73qywm,1,0.8338664174079895,1.61328125,1,0.8825652003288269,1,0.7700503192828557,english,comment,True,unanimous,3-0,1,1
t1_p5qlj6c,0,0.0026316740550100803,-5.9375,0,0.09589504450559616,0,0.011565462450000445,english,comment,True,majority,3-0,0,0
t1_p7h0ly2,0,0.0037072529084980488,-5.59375,0,0.12769410014152527,0,0.014911810706179801,tagalog,comment,True,adjudicator,2-1,0,1
t1_p7fmy61,0,0.942081868648529,2.7890625,1,0.9654514789581299,1,0.8898721699608172,tagalog,comment,True,adjudicator,2-1,0,1
t1_p7jdf4l,0,0.010489092208445072,-4.546875,0,0.2429613173007965,0,0.032098920378265644,taglish,comment,True,majority,3-0,0,0
t1_p58va0p,1,0.8856314420700073,2.046875,1,0.9241821765899658,1,0.8225066828042191,taglish,comment,True,adjudicator,2-1,1,0
t1_p79jg3r,0,0.0015011822106316686,-6.5,0,0.074258953332901,0,0.007618727650220669,english,comment,True,majority,3-0,0,0
t1_p7dr495,0,0.0009253848693333566,-6.984375,0,0.034280769526958466,0,0.005312483292174722,english,comment,True,majority,3-0,0,0
t1_p6xgz2j,1,0.11516222357749939,-2.0390625,0,0.49123212695121765,0,0.17834937204957896,tagalog,comment,True,adjudicator,2-1,1,1
t1_p6rotok,0,0.001032231142744422,-6.875,0,0.023313602432608604,0,0.005763497708455889,taglish,comment,True,majority,3-0,0,0
t1_p7k378k,0,0.0008295890875160694,-7.09375,0,0.03447544574737549,0,0.004896588555874046,taglish,comment,True,majority,3-0,0,0
t1_p7krwq5,0,0.6710395812988281,0.712890625,1,0.8433256149291992,1,0.6304306000922152,tagalog,comment,True,adjudicator,2-1,0,0
t1_p7kuxef,0,0.6442250609397888,0.59375,1,0.8260747790336609,1,0.6094045381443807,taglish,comment,True,adjudicator,2-1,0,0
t1_p705dn8,0,0.001838665222749114,-6.296875,0,0.084259532392025,0,0.008859849344304676,tagalog,comment,True,adjudicator,2-1,0,0
t1_p2s2ocq,0,0.000954731716774404,-6.953125,0,0.023590771481394768,0,0.005437637085272226,taglish,comment,True,unanimous,3-0,0,0
t1_p5ytdtr,0,0.004198795650154352,-5.46875,0,0.13130375742912292,0,0.01635175040280427,taglish,comment,True,majority,3-0,0,0
t1_p4zgbjx,0,0.001048469333909452,-6.859375,0,0.02771030366420746,0,0.005830963173865106,taglish,comment,True,unanimous,3-0,0,0
t1_p2s2gzc,0,0.005641908384859562,-5.171875,0,0.11500342935323715,0,0.020341748116036198,english,comment,True,adjudicator,2-1,0,0
t1_p514y4d,1,0.0204885546118021,-3.8671875,0,0.26724106073379517,0,0.05229625432213942,taglish,comment,True,adjudicator,2-1,1,1
t1_p704rmf,0,0.008847354911267757,-4.71875,0,0.08732865750789642,0,0.028330734090797918,english,comment,True,majority,3-0,0,0
t1_p6zc0tc,0,0.005730246659368277,-5.15625,0,0.18045255541801453,0,0.020576329762842415,tagalog,comment,True,adjudicator,2-1,0,0
t1_p7b71gp,0,0.0019267346942797303,-6.25,0,0.06960573047399521,0,0.00917359939476919,english,comment,True,majority,3-0,0,0
t1_p6izwa7,0,0.0006986756343394518,-7.265625,0,0.024580826982855797,0,0.0043075519301784965,taglish,comment,True,unanimous,3-0,0,0
t1_p5yh2b0,0,0.0014103584690019488,-6.5625,0,0.052048251032829285,0,0.007272759896513995,english,comment,True,majority,3-0,0,0
t1_p7kqof7,0,0.018264278769493103,-3.984375,0,0.21937009692192078,0,0.0481123262994903,taglish,comment,True,unanimous,3-0,0,0
t1_p4gftyg,0,0.0014103584690019488,-6.5625,0,0.05386931821703911,0,0.007272759896513995,taglish,comment,True,unanimous,3-0,0,0
t1_p7if1i8,0,0.09073548763990402,-2.3046875,0,0.39262792468070984,0,0.15102750765210138,english,comment,True,majority,3-0,0,0
t1_p3xs87d,0,0.004982269834727049,-5.296875,0,0.12873007357120514,0,0.018557076718640854,english,comment,True,adjudicator,3-0,0,0
t1_p4ne8td,0,0.004468384198844433,-5.40625,0,0.07482992857694626,0,0.017122159859112,tagalog,comment,True,adjudicator,2-1,0,0
t1_p6tr1qe,1,0.18535661697387695,-1.48046875,0,0.6023303866386414,0,0.24803901238971568,tagalog,comment,True,majority,3-0,1,1
t1_p21vsuy,0,0.012431650422513485,-4.375,0,0.2064095437526703,0,0.036349552458675695,tagalog,comment,True,adjudicator,2-1,0,0
t1_p75oau8,0,0.001597845577634871,-6.4375,0,0.045507293194532394,0,0.007981020899623078,taglish,comment,True,majority,3-0,0,0
t1_p509nl2,0,0.0025909794494509697,-5.953125,0,0.037981949746608734,0,0.011432410608709562,tagalog,comment,True,majority,3-0,0,0
t1_p3lhab2,0,0.0007554056355729699,-7.1875,0,0.02693876251578331,0,0.004566000987801088,taglish,comment,True,majority,3-0,0,0
t1_p79xxpp,0,0.013636835850775242,-4.28125,0,0.18028676509857178,0,0.038891425303223426,taglish,comment,True,majority,3-0,0,0
t1_p5n1l17,0,0.00044421834172680974,-7.71875,0,0.013892929069697857,0,0.003071451423163293,tagalog,comment,True,majority,3-0,0,0
t1_p6xbx7v,0,0.814643383026123,1.48046875,1,0.9273080825805664,1,0.7519609876102843,tagalog,comment,True,adjudicator,2-1,0,0
t1_p7ag9ah,0,0.001867565792053938,-6.28125,0,0.06732708215713501,0,0.008963232852867506,english,comment,True,majority,3-0,0,0
t1_p72g2r7,0,0.1294027417898178,-1.90625,0,0.5393698215484619,0,0.19339896524214864,english,comment,True,adjudicator,2-1,0,0
t1_p6s43ki,1,0.8936811685562134,2.12890625,1,0.9343833327293396,1,0.8313012480237117,tagalog,comment,True,adjudicator,2-1,1,0
t1_p7dxekk,0,0.0011160142021253705,-6.796875,0,0.02616932988166809,0,0.006108766198952918,taglish,comment,True,majority,3-0,0,0
t1_p33rvfq,0,0.001622967072762549,-6.421875,0,0.08253146708011627,0,0.008074233104883321,taglish,comment,True,unanimous,3-0,0,0
t1_p7l17c1,0,0.1795305460691452,-1.51953125,0,0.5335618853569031,0,0.2426211876038802,taglish,comment,True,unanimous,3-0,0,0
t3_1vqo2c3,0,0.022629201412200928,-3.765625,0,0.17728126049041748,0,0.05619820877150267,taglish,submission,True,majority,3-0,0,0
t1_p50hkzl,1,0.44945305585861206,-0.202880859375,0,0.6614917516708374,0,0.46207574965931686,english,comment,True,adjudicator,2-1,1,0
t1_p7klzd9,0,0.014615669846534729,-4.2109375,0,0.20083042979240417,0,0.040908887978358,tagalog,comment,True,adjudicator,2-1,0,1
t1_p4g9xex,0,0.0007321811863221228,-7.21875,0,0.020310206338763237,0,0.00446081897237235,english,comment,True,majority,3-0,0,0
t1_p3kls4p,0,0.00130450667347759,-6.640625,0,0.03430432826280594,0,0.006862156516952526,english,comment,True,majority,3-0,0,0
t1_p50z82d,1,0.19993212819099426,-1.38671875,0,0.5943602919578552,0,0.2613690024116086,english,comment,True,majority,3-0,1,1
t1_p7547vn,0,0.018264278769493103,-3.984375,0,0.19719628989696503,0,0.0481123262994903,english,comment,True,majority,3-0,0,0
t1_p79o9tm,0,0.00214894930832088,-6.140625,0,0.0352901853621006,0,0.009949132644884997,english,comment,True,majority,3-0,0,0
t1_p7iqysa,0,0.003172682598233223,-5.75,0,0.21148084104061127,0,0.01328647896618652,taglish,comment,True,adjudicator,2-1,0,0
t1_p3ci3lu,0,0.008187909610569477,-4.796875,0,0.07556146383285522,0,0.02676329726778762,english,comment,True,unanimous,3-0,0,0
t1_p5rvhz0,1,0.028870904818177223,-3.515625,0,0.29957839846611023,0,0.06699810424655157,taglish,comment,True,majority,3-0,1,1
t1_p7dwpjn,0,0.0037654140032827854,-5.578125,0,0.06997154653072357,0,0.015084738345133585,taglish,comment,True,adjudicator,2-1,0,1
t1_p6ywjhu,0,0.020177319645881653,-3.8828125,0,0.2749311625957489,0,0.05171914367653667,tagalog,comment,True,unanimous,3-0,0,0
t1_p6shkkc,0,0.28378137946128845,-0.92578125,0,0.6707291007041931,0,0.3332433130355099,taglish,comment,True,unanimous,3-0,0,0
t1_p50wfiv,0,0.10669060051441193,-2.125,0,0.430700421333313,0,0.16910954411173126,tagalog,comment,True,adjudicator,2-1,0,0
t1_p5bg0nu,0,0.023870835080742836,-3.7109375,0,0.2588686943054199,0,0.05841114774575512,taglish,comment,True,majority,3-0,0,0
t1_p79ehh3,0,0.00482972152531147,-5.328125,0,0.10189446061849594,0,0.018135469279809878,taglish,comment,True,unanimous,3-0,0,0
t1_p650yjl,0,0.0026730059180408716,-5.921875,0,0.1344645917415619,0,0.01170004443872098,taglish,comment,True,unanimous,3-0,0,0
t1_p3mkrdc,0,0.07585818320512772,-2.5,0,0.40840035676956177,0,0.13320839001486942,taglish,comment,True,adjudicator,2-1,0,0
t1_p6vy67q,0,0.004755199886858463,-5.34375,0,0.09012957662343979,0,0.01792820543294057,taglish,comment,True,majority,3-0,0,0
t1_p7af9a2,0,0.011508148163557053,-4.453125,0,0.17685388028621674,0,0.034354149161319444,english,comment,True,majority,3-0,0,0
t1_p6ylyg8,0,0.002217013156041503,-6.109375,0,0.03338770568370819,0,0.01018240045466772,english,comment,True,majority,3-0,0,0
t1_p1xs63v,0,0.08882029354572296,-2.328125,0,0.477678120136261,0,0.14878998342413952,tagalog,comment,True,adjudicator,2-1,0,0
t1_p7b8aam,0,0.014281933195888996,-4.234375,0,0.15201884508132935,0,0.04022550864147266,taglish,comment,True,unanimous,3-0,0,0
t1_p6xv3ng,0,0.010328153148293495,-4.5625,0,0.24516277015209198,0,0.031737231481715415,taglish,comment,True,adjudicator,2-1,0,0
t1_p3ve88l,0,0.0022872276604175568,-6.078125,0,0.02881576679646969,0,0.010421079904172405,taglish,comment,True,unanimous,3-0,0,0
t1_p5cm593,0,0.004399413242936134,-5.421875,0,0.25345945358276367,0,0.016926277126643928,taglish,comment,True,unanimous,3-0,0,0
t1_p2uyzyj,1,0.0011160142021253705,-6.796875,0,0.04114224761724472,0,0.006108766198952918,tagalog,comment,True,adjudicator,2-1,1,0
t1_p46lrim,0,0.0025909794494509697,-5.953125,0,0.0715361088514328,0,0.011432410608709562,taglish,comment,True,majority,3-0,0,0
t1_p583nqj,0,0.4248295724391937,-0.302978515625,0,0.6486048102378845,0,0.44349801120300336,english,comment,True,majority,3-0,0,0
t1_p4vrwks,0,0.0024726232513785362,-6.0,0,0.04890973120927811,0,0.011042266989075379,english,comment,True,majority,3-0,0,0
t1_p7la0pf,0,0.043691061437129974,-3.0859375,0,0.2166348397731781,0,0.09014703110634038,english,comment,True,majority,3-0,0,0
t1_p5z2jse,0,0.000487857119878754,-7.625,0,0.0201282799243927,0,0.003294188719094835,taglish,comment,True,majority,3-0,0,0
t1_p7e0gsf,0,0.0014325366355478764,-6.546875,0,0.03419382870197296,0,0.007357761508922906,taglish,comment,True,unanimous,3-0,0,0
t1_p5efbw8,0,0.0028449094388633966,-5.859375,0,0.04393445700407028,0,0.012254019984483786,english,comment,True,majority,3-0,0,0
t1_p5eq1rz,0,0.0035936026833951473,-5.625,0,0.13050009310245514,0,0.014571792241652169,taglish,comment,True,majority,3-0,0,0
t1_p788517,0,0.5185157060623169,0.0740966796875,1,0.7696951627731323,1,0.513873885117195,tagalog,comment,True,adjudicator,2-1,0,0
t1_p3lwkjv,1,0.022629201412200928,-3.765625,0,0.257718563079834,0,0.05619820877150267,taglish,comment,True,adjudicator,2-1,1,0
t1_p7aw2bk,0,0.004468384198844433,-5.40625,0,0.11589863151311874,0,0.017122159859112,english,comment,True,majority,3-0,0,0
t1_p6krqpa,0,0.02595735713839531,-3.625,0,0.27784544229507446,0,0.06205433918054301,taglish,comment,True,unanimous,3-0,0,0
t1_p7dz5rm,0,0.007460643537342548,-4.890625,0,0.16194772720336914,0,0.02499348349390211,taglish,comment,True,adjudicator,2-1,0,0
t3_1vsq8gw,0,0.09009299427270889,-2.3125,0,0.3825780749320984,0,0.15027860877193056,tagalog,submission,True,adjudicator,2-1,0,0
t1_p5d93yl,0,0.001674399245530367,-6.390625,0,0.01807357929646969,0,0.00826390885960667,english,comment,True,majority,3-0,0,0
t1_p75gwjv,1,0.009268012829124928,-4.671875,0,0.21435289084911346,0,0.0293136054224161,taglish,comment,True,adjudicator,2-1,1,0
t1_p6ebd8n,1,0.028652667999267578,-3.5234375,0,0.25302839279174805,0,0.06663317770797107,taglish,comment,True,majority,3-0,1,1
t1_p6cwcvw,0,0.0006263342220336199,-7.375,0,0.02601303718984127,0,0.003970015567597095,taglish,comment,True,majority,3-0,0,0
t1_p6s5qic,0,0.06608537584543228,-2.6484375,0,0.26051533222198486,0,0.12088390696827844,english,comment,True,adjudicator,2-1,0,0
t1_p3v4tfh,0,0.0019267346942797303,-6.25,0,0.04518788307905197,0,0.00917359939476919,taglish,comment,True,majority,3-0,0,0
t1_p6n6i61,0,0.0025509123224765062,-5.96875,0,0.10172784328460693,0,0.011300871927375038,taglish,comment,True,majority,3-0,0,0
t1_p3m3y27,0,0.0012843081494793296,-6.65625,0,0.028429556638002396,0,0.006782841330110021,taglish,comment,True,unanimous,3-0,0,0
t1_p4xmofl,0,0.0019877743907272816,-6.21875,0,0.05092383176088333,0,0.009388856452133908,english,comment,True,majority,3-0,0,0
t1_p7lyg06,0,0.4288312792778015,-0.28662109375,0,0.7185466289520264,0,0.4465245026659977,tagalog,comment,True,unanimous,3-0,0,0
t1_p6zi1ty,0,0.0029349515680223703,-5.828125,0,0.1645355075597763,0,0.012540643773239032,taglish,comment,True,majority,3-0,0,0
t1_p7lqcfg,0,0.015189048834145069,-4.171875,0,0.21224866807460785,0,0.0420726151776803,taglish,comment,True,majority,3-0,0,0
t1_p3vrkpf,0,0.0010162440594285727,-6.890625,0,0.03811781108379364,0,0.005696808359663538,taglish,comment,True,majority,3-0,0,0
t1_p7bmd1u,0,0.010818448849022388,-4.515625,0,0.23065626621246338,0,0.032834290084680744,english,comment,True,unanimous,3-0,0,0
t1_p6doeci,1,0.6796041131019592,0.751953125,1,0.8609051704406738,1,0.6372223046298555,taglish,comment,True,majority,3-0,1,1
t1_p73s14s,1,0.2568320035934448,-1.0625,0,0.6609258651733398,0,0.3108870271391542,taglish,comment,True,majority,3-0,1,1
t1_p2zr4tg,1,0.06954174488782883,-2.59375,0,0.36174631118774414,0,0.12530582186574052,english,comment,True,adjudicator,2-1,1,0
t1_p5rxsc5,0,0.0012644219677895308,-6.671875,0,0.021681100130081177,0,0.006704436706949743,english,comment,True,majority,3-0,0,0
t1_p2tsbrl,0,0.0008295890875160694,-7.09375,0,0.025244399905204773,0,0.004896588555874046,taglish,comment,True,unanimous,3-0,0,0
t1_p7b8c1i,0,0.005384938325732946,-5.21875,0,0.11789703369140625,0,0.019653608135243982,english,comment,True,majority,3-0,0,0
t1_p74tjen,0,0.02779562398791313,-3.5546875,0,0.40200352668762207,0,0.06519185860999926,taglish,comment,True,majority,3-0,0,0
t1_p5s2ufl,0,0.0427221953868866,-3.109375,0,0.3947713375091553,0,0.0887172170607258,taglish,comment,True,unanimous,3-0,0,0
t1_p7beq6x,0,0.0038244836032390594,-5.5625,0,0.13246946036815643,0,0.015259640307492805,english,comment,True,majority,3-0,0,0
t1_p3vqy0i,0,0.0029349515680223703,-5.828125,0,0.0883796215057373,0,0.012540643773239032,taglish,comment,True,majority,3-0,0,0
t1_p5rq1km,0,0.001674399245530367,-6.390625,0,0.03516241908073425,0,0.00826390885960667,taglish,comment,True,unanimous,3-0,0,0
t1_p5rpg8i,0,0.0023596608079969883,-6.046875,0,0.040913376957178116,0,0.010665293809961326,taglish,comment,True,majority,3-0,0,0
t1_p30kkmz,0,0.07423137128353119,-2.5234375,0,0.4446732997894287,0,0.13119406603251194,english,comment,True,majority,3-0,0,0
t1_p4rcpu8,0,0.13386748731136322,-1.8671875,0,0.4295893609523773,0,0.19800499491514867,taglish,comment,True,unanimous,3-0,0,0
t1_p2s699m,0,0.002082970691844821,-6.171875,0,0.05532629415392876,0,0.00972115626554913,taglish,comment,True,unanimous,3-0,0,0
t1_p7awhfy,0,0.0037654140032827854,-5.578125,0,0.1027866005897522,0,0.015084738345133585,english,comment,True,majority,3-0,0,0
t1_p72y08e,0,0.00172745855525136,-6.359375,0,0.02070779912173748,0,0.00845800238650723,taglish,comment,True,majority,3-0,0,0
t1_p4dyzc9,0,0.001081715221516788,-6.828125,0,0.031431276351213455,0,0.005968258252546301,english,comment,True,majority,3-0,0,0
t1_p7dh66k,0,0.02655657008290291,-3.6015625,0,0.29852092266082764,0,0.06308418724305638,english,comment,True,adjudicator,2-1,0,0
t1_p61w981,0,0.011869121342897415,-4.421875,0,0.21291127800941467,0,0.03513930927505064,taglish,comment,True,majority,3-0,0,0
t1_p5ej66o,0,0.035678550601005554,-3.296875,0,0.3443303108215332,0,0.07799790186416966,taglish,comment,True,adjudicator,2-1,0,0
t1_p2xq8v7,0,0.017176708206534386,-4.046875,0,0.20014868676662445,0,0.046012796033967227,tagalog,comment,True,adjudicator,2-1,0,0
t1_p2800xg,0,0.0016484829830005765,-6.40625,0,0.054493170231580734,0,0.008168524993053225,taglish,comment,True,unanimous,3-0,0,0
t1_p6rz9ma,0,0.0024726232513785362,-6.0,0,0.07656155526638031,0,0.011042266989075379,taglish,comment,True,majority,3-0,0,0
t1_p6s1uy8,0,0.0032730652019381523,-5.71875,0,0.1628391146659851,0,0.01359691972989611,taglish,comment,True,majority,3-0,0,0
t1_p5z07j5,0,0.06418264657258987,-2.6796875,0,0.3699060082435608,0,0.1184179906369386,english,comment,True,adjudicator,2-1,0,0
t1_p45l9bf,0,0.003429603995755315,-5.671875,0,0.08496105670928955,0,0.014076039236044125,english,comment,True,majority,3-0,0,0
t1_p5l09b4,0,0.0018102111062034965,-6.3125,0,0.039732713252305984,0,0.008757647741912457,tagalog,comment,True,adjudicator,2-1,0,0
t1_p6xfvzn,0,0.1755380630493164,-1.546875,0,0.5681986808776855,0,0.23887687624943146,taglish,comment,True,unanimous,3-0,0,0
t3_1vt7zux,0,0.0012255674228072166,-6.703125,0,0.02964942716062069,0,0.006550318019983763,taglish,submission,True,majority,3-0,0,0
t1_p6s5tag,0,0.0037072529084980488,-5.59375,0,0.1899661123752594,0,0.014911810706179801,taglish,comment,True,adjudicator,2-1,0,0
t1_p6rxtds,0,0.14223189651966095,-1.796875,0,0.5348689556121826,0,0.20650292703648115,taglish,comment,True,majority,3-0,0,0
t1_p5r8a6g,0,0.0006878511630930007,-7.28125,0,0.009119237773120403,0,0.004257637165921209,taglish,comment,True,majority,3-0,0,0
t1_p5b1r09,0,0.0019877743907272816,-6.21875,0,0.033170100301504135,0,0.009388856452133908,taglish,comment,True,unanimous,3-0,0,0
t1_p4u40p6,0,0.0029349515680223703,-5.828125,0,0.11460839211940765,0,0.012540643773239032,taglish,comment,True,majority,3-0,0,0
t1_p39w3n5,0,0.002251847181469202,-6.09375,0,0.034714847803115845,0,0.01030105611011823,english,comment,True,majority,3-0,0,0
t1_p7kz1kh,0,0.005730246659368277,-5.15625,0,0.02567356452345848,0,0.020576329762842415,english,comment,True,unanimous,3-0,0,0
t1_p73t8s1,0,0.012053778395056725,-4.40625,0,0.13374648988246918,0,0.03553834644186387,tagalog,comment,True,adjudicator,2-1,0,0
t1_p6fqn4g,0,0.002800926798954606,-5.875,0,0.0720958337187767,0,0.012113143887852191,taglish,comment,True,unanimous,3-0,0,0
t1_p2y64j1,0,0.0015731120947748423,-6.453125,0,0.039815209805965424,0,0.007888876215518405,taglish,comment,True,majority,3-0,0,0
t1_p5cz1pl,1,0.4651293456554413,-0.13970947265625,0,0.6984320878982544,0,0.47385789871124473,taglish,comment,True,majority,3-0,1,1
t1_p5xzcvn,0,0.002251847181469202,-6.09375,0,0.029756072908639908,0,0.01030105611011823,taglish,comment,True,unanimous,3-0,0,0
t1_p6x7ge1,0,0.010013570077717304,-4.59375,0,0.23798143863677979,0,0.03102564374789907,taglish,comment,True,majority,3-0,0,0
t1_p5p0mea,0,0.000458312890259549,-7.6875,0,0.008340959437191486,0,0.0031439768857299474,taglish,comment,True,unanimous,3-0,0,0
t1_p74pu6f,0,0.4315841495990753,-0.275390625,0,0.7102257013320923,0,0.4486047035998734,taglish,comment,True,adjudicator,2-1,0,1
t1_p7mqnx2,0,0.0019877743907272816,-6.21875,0,0.06387440115213394,0,0.009388856452133908,english,comment,True,majority,3-0,0,0
t1_p7c6v15,0,0.0013885231455788016,-6.578125,0,0.03972790390253067,0,0.007188733166008599,english,comment,True,majority,3-0,0,0
t1_p5rxwkl,0,0.001674399245530367,-6.390625,0,0.04210805520415306,0,0.00826390885960667,english,comment,True,majority,3-0,0,0
t1_p4x1g48,0,0.0019877743907272816,-6.21875,0,0.0630570650100708,0,0.009388856452133908,taglish,comment,True,majority,3-0,0,0
t1_p5b0oru,0,0.004331502132117748,-5.4375,0,0.11210411041975021,0,0.01673259720212957,taglish,comment,True,majority,3-0,0,0
t1_p4u98p5,0,0.0010162440594285727,-6.890625,0,0.01868418976664543,0,0.005696808359663538,taglish,comment,True,majority,3-0,0,0
t1_p3zzaks,0,0.0004044815432280302,-7.8125,0,0.01310111116617918,0,0.0028637312869907185,taglish,comment,True,majority,3-0,0,0
t1_p58xvb4,0,0.01615283451974392,-4.109375,0,0.1888473927974701,0,0.04400065019258756,english,comment,True,majority,3-0,0,0
t1_p4n6x5q,1,0.8740772008895874,1.9375,1,0.9325428009033203,1,0.8102268687599319,taglish,comment,True,majority,3-0,1,1
t1_p79tteg,1,0.006903837900608778,-4.96875,0,0.09149102866649628,0,0.02360619896586913,tagalog,comment,True,unanimous,3-0,1,1
t1_p5ru3xv,0,0.0029349515680223703,-5.828125,0,0.049007754772901535,0,0.012540643773239032,taglish,comment,True,unanimous,3-0,0,0
t1_p7b7nir,0,0.0013250225456431508,-6.625,0,0.04292024299502373,0,0.006942392693453109,taglish,comment,True,adjudicator,2-1,0,0
t1_p6kehs9,0,0.010652512311935425,-4.53125,0,0.1534748375415802,0,0.032464593008292054,taglish,comment,True,majority,3-0,0,0
t1_p6yeybg,0,0.0016484829830005765,-6.40625,0,0.045195572078228,0,0.008168524993053225,taglish,comment,True,majority,3-0,0,0
t3_1vq1qpn,0,0.010169658809900284,-4.578125,0,0.2501121163368225,0,0.03137948594809,tagalog,submission,True,adjudicator,2-1,0,0
t1_p4ww4f9,0,0.00482972152531147,-5.328125,0,0.10720255970954895,0,0.018135469279809878,taglish,comment,True,majority,3-0,0,0
t1_p3vbu17,0,0.0014325366355478764,-6.546875,0,0.03572729974985123,0,0.007357761508922906,taglish,comment,True,adjudicator,2-1,0,0
t1_p60c9w7,0,0.0007554056355729699,-7.1875,0,0.02387523278594017,0,0.004566000987801088,taglish,comment,True,unanimous,3-0,0,0
t1_p75ukud,0,0.5698227286338806,0.2811279296875,1,0.7345525026321411,1,0.5524582370951058,english,comment,True,adjudicator,2-1,0,0
t1_p4jun35,0,0.0029349515680223703,-5.828125,0,0.11642705649137497,0,0.012540643773239032,taglish,comment,True,adjudicator,3-0,0,0
t1_p6x95ss,0,0.08210662752389908,-2.4140625,0,0.5022591948509216,0,0.1408190929471696,tagalog,comment,True,unanimous,3-0,0,0
t1_p6zeur1,0,0.005469274707138538,-5.203125,0,0.20186470448970795,0,0.01988041517110467,tagalog,comment,True,unanimous,3-0,0,0
t1_p6yyoyd,0,0.001151399570517242,-6.765625,0,0.03605461120605469,0,0.006252561251905091,taglish,comment,True,majority,3-0,0,0
t1_p7mqvy7,0,0.0030278346966952085,-5.796875,0,0.07253935188055038,0,0.012833884637165806,taglish,comment,True,majority,3-0,0,0
t1_p7442sg,0,0.4700067341327667,-0.1201171875,0,0.6658549904823303,0,0.4775186142298254,tagalog,comment,True,adjudicator,2-1,0,1
t1_p5i6d5s,1,0.5298411846160889,0.1195068359375,1,0.7853044867515564,1,0.5223673039397283,taglish,comment,True,adjudicator,2-1,1,1
t1_p7hqyna,0,0.0012644219677895308,-6.671875,0,0.021967295557260513,0,0.006704436706949743,english,comment,True,majority,3-0,0,0
t1_p7dr1ta,0,0.01342825498431921,-4.296875,0,0.1828935444355011,0,0.03845623978795531,taglish,comment,True,majority,3-0,0,0
t1_p6s4vy1,0,0.0026730059180408716,-5.921875,0,0.043424516916275024,0,0.01170004443872098,taglish,comment,True,unanimous,3-0,0,0
t1_p6z1fep,0,0.0017546144081279635,-6.34375,0,0.05234875530004501,0,0.00855673731866246,taglish,comment,True,majority,3-0,0,0
t1_p5depxp,0,0.09807931631803513,-2.21875,0,0.38285112380981445,0,0.15946898332532772,taglish,comment,True,majority,3-0,0,0
t1_p4st9rn,0,0.4394466280937195,-0.243408203125,0,0.6908869743347168,0,0.4545383735971124,taglish,comment,True,majority,3-0,0,0
t1_p4ztq57,0,0.012053778395056725,-4.40625,0,0.18263551592826843,0,0.03553834644186387,english,comment,True,adjudicator,2-1,0,0
t1_p7jpiid,0,0.0009850084315985441,-6.921875,0,0.0657191127538681,0,0.005565722808113128,tagalog,comment,True,adjudicator,2-1,0,0
t1_p5rboo5,0,0.001674399245530367,-6.390625,0,0.031952790915966034,0,0.00826390885960667,english,comment,True,majority,3-0,0,0
t1_p7aqx6b,0,0.0333368256688118,-3.3671875,0,0.3238029479980469,0,0.0742930416111243,taglish,comment,True,adjudicator,2-1,0,0
t1_p5cl3xm,0,0.01384861022233963,-4.265625,0,0.25539112091064453,0,0.03933133410143569,taglish,comment,True,adjudicator,2-1,0,0
t1_p75u8oa,0,0.048496000468730927,-2.9765625,0,0.22015905380249023,0,0.09709720337870163,taglish,comment,True,unanimous,3-0,0,0
t1_p77t2it,0,0.0012448433553799987,-6.6875,0,0.04759333282709122,0,0.006626932336174924,taglish,comment,True,unanimous,3-0,0,0
t1_p2uhq0y,1,0.0838903859257698,-2.390625,0,0.455392450094223,0,0.1429568810082022,english,comment,True,majority,3-0,1,1
t1_p5dkuua,0,0.0844927504658699,-2.3828125,0,0.31383007764816284,0,0.14367546220632632,english,comment,True,adjudicator,2-1,0,1
t1_p5dloov,0,0.004905405919998884,-5.3125,0,0.08411362022161484,0,0.018345084496537066,english,comment,True,majority,3-0,0,0
t1_p6y3nji,0,0.002251847181469202,-6.09375,0,0.025269409641623497,0,0.01030105611011823,english,comment,True,majority,3-0,0,0
t1_p3v75o1,0,0.24077458679676056,-1.1484375,0,0.5967829823493958,0,0.2972649689096521,taglish,comment,True,adjudicator,2-1,0,1
t1_p225yow,0,0.02280263788998127,-3.7578125,0,0.3671754002571106,0,0.0565094466354128,taglish,comment,True,majority,3-0,0,0
t1_p7l5tem,0,0.013636835850775242,-4.28125,0,0.16719549894332886,0,0.038891425303223426,taglish,comment,True,majority,3-0,0,0
t1_p7ku363,0,0.0009697519708424807,-6.9375,0,0.01678278110921383,0,0.005501309247383878,taglish,comment,True,adjudicator,2-1,0,0
t1_p6819md,0,0.38006845116615295,-0.4892578125,0,0.7350949048995972,0,0.40937994949177653,english,comment,True,adjudicator,2-1,0,1
t1_p5c7gzl,0,0.0015011822106316686,-6.5,0,0.016742557287216187,0,0.007618727650220669,taglish,comment,True,majority,3-0,0,0
t1_p3vgugz,0,0.0008559005800634623,-7.0625,0,0.013321064412593842,0,0.005011993888730829,taglish,comment,True,majority,3-0,0,0
t1_p79zm51,0,0.02931223064661026,-3.5,0,0.2108088582754135,0,0.06773352815161206,tagalog,comment,True,adjudicator,2-1,0,0
t1_p7km0h3,0,0.5155093669891357,0.0620574951171875,1,0.8185046911239624,1,0.5116205550572315,taglish,comment,True,majority,3-0,0,0
t1_p5tokt2,0,0.0033244371879845858,-5.703125,0,0.03304901719093323,0,0.01375481190000257,english,comment,True,majority,3-0,0,0
t1_p7al2wt,0,0.0038844766095280647,-5.546875,0,0.11858498305082321,0,0.015436538409855137,taglish,comment,True,unanimous,3-0,0,0
t1_p6khn4l,0,0.012053778395056725,-4.40625,0,0.17619936168193817,0,0.03553834644186387,taglish,comment,True,majority,3-0,0,0
t1_p6hm98v,0,0.01615283451974392,-4.109375,0,0.1987011879682541,0,0.04400065019258756,taglish,comment,True,majority,3-0,0,0
t1_p6zpuu5,0,0.0030278346966952085,-5.796875,0,0.04717807099223137,0,0.012833884637165806,taglish,comment,True,unanimous,3-0,0,0
t1_p5qcx9f,0,0.0013250225456431508,-6.625,0,0.034382663667201996,0,0.006942392693453109,english,comment,True,majority,3-0,0,0
t1_p5jiql7,0,0.006003595422953367,-5.109375,0,0.039432186633348465,0,0.02129607556176179,english,comment,True,majority,3-0,0,0
t3_1vmdwmg,0,0.0071214293129742146,-4.9375,0,0.10765552520751953,0,0.02415185972281284,taglish,submission,True,unanimous,3-0,0,0
t1_p5d00ch,0,0.0015011822106316686,-6.5,0,0.0475221686065197,0,0.007618727650220669,taglish,comment,True,unanimous,3-0,0,0
t1_p4x4fwa,0,0.0032730652019381523,-5.71875,0,0.06373580545186996,0,0.01359691972989611,taglish,comment,True,majority,3-0,0,0
t1_p5bi02g,0,0.001674399245530367,-6.390625,0,0.08961860835552216,0,0.00826390885960667,taglish,comment,True,majority,3-0,0,0
t1_p7d8a3e,0,0.0013250225456431508,-6.625,0,0.021522780880331993,0,0.006942392693453109,taglish,comment,True,majority,3-0,0,0
t1_p7ldn0g,0,0.006903837900608778,-4.96875,0,0.14492647349834442,0,0.02360619896586913,taglish,comment,True,unanimous,3-0,0,0
t1_p4er23j,0,0.016914913430809975,-4.0625,0,0.20944735407829285,0,0.045501696713335225,english,comment,True,majority,3-0,0,0
t1_p5pdlh3,0,0.001367025775834918,-6.59375,0,0.07361333072185516,0,0.007105670299905561,taglish,comment,True,unanimous,3-0,0,0
t1_p46fpdb,0,0.0019877743907272816,-6.21875,0,0.06492309272289276,0,0.009388856452133908,taglish,comment,True,unanimous,3-0,0,0
t1_p78lkl6,0,0.0006667023408226669,-7.3125,0,0.02066325768828392,0,0.004159528911098092,tagalog,comment,True,majority,3-0,0,0
t1_p773hqh,0,0.019419347867369652,-3.921875,0,0.28978848457336426,0,0.05030260517588418,tagalog,comment,True,adjudicator,2-1,0,0
t1_p7i4e8q,0,0.001367025775834918,-6.59375,0,0.018821673467755318,0,0.007105670299905561,english,comment,True,majority,3-0,0,0
t1_p7b6jol,0,0.4179840087890625,-0.3310546875,0,0.6864969730377197,0,0.43831317175803725,taglish,comment,True,majority,3-0,0,0
t1_p7n1l39,0,0.0008426423300988972,-7.078125,0,0.03020133636891842,0,0.004953956852246251,taglish,comment,True,majority,3-0,0,0
t1_p79o2hr,0,0.003429603995755315,-5.671875,0,0.16611021757125854,0,0.014076039236044125,tagalog,comment,True,adjudicator,2-1,0,0
t1_p5djfgh,1,0.7154240012168884,0.921875,1,0.8931695222854614,1,0.6661061509152489,taglish,comment,True,adjudicator,2-1,1,0
t1_p50iuzs,0,0.019870713353157043,-3.8984375,0,0.32417023181915283,0,0.05114805796446534,english,comment,True,majority,3-0,0,0
t1_p50sr4b,0,0.31489264965057373,-0.77734375,0,0.614025354385376,0,0.35839207932809836,taglish,comment,True,adjudicator,2-1,0,0
t1_p77sbcd,0,0.18010665476322174,-1.515625,0,0.5590261220932007,0,0.24315933304353488,english,comment,True,majority,3-0,0,0
t1_p4g9s91,0,0.001098731067031622,-6.8125,0,0.038685984909534454,0,0.006038106016096041,taglish,comment,True,majority,3-0,0,0
t1_p5i91xr,1,0.011331754736602306,-4.46875,0,0.2138034552335739,0,0.03396794028155376,taglish,comment,True,unanimous,3-0,1,1
t1_p3mefhu,0,0.001622967072762549,-6.421875,0,0.023069819435477257,0,0.008074233104883321,taglish,comment,True,unanimous,3-0,0,0
t1_p3fq6qy,0,0.011331754736602306,-4.46875,0,0.28972506523132324,0,0.03396794028155376,taglish,comment,True,majority,3-0,0,0
t1_p50rx3u,0,0.004331502132117748,-5.4375,0,0.1098330020904541,0,0.01673259720212957,tagalog,comment,True,majority,3-0,0,0
t1_p6x6xq3,0,0.005819959565997124,-5.140625,0,0.13263705372810364,0,0.020813559138190333,taglish,comment,True,majority,3-0,0,0
t1_p6eni46,0,0.011508148163557053,-4.453125,0,0.34992825984954834,0,0.034354149161319444,taglish,comment,True,majority,3-0,0,0
t1_p3c49lt,0,0.0012065897462889552,-6.71875,0,0.01563768833875656,0,0.006474583672895699,tagalog,comment,True,majority,3-0,0,0
t1_p7jslnr,0,0.14804720878601074,-1.75,0,0.53307044506073,0,0.21231642997157266,english,comment,True,adjudicator,2-1,0,1
t1_p4q8v9j,0,0.7950222492218018,1.35546875,1,0.8430030345916748,1,0.7340861894602424,english,comment,True,adjudicator,2-1,0,1
t1_p3nxpy9,0,0.001838665222749114,-6.296875,0,0.06961172819137573,0,0.008859849344304676,taglish,comment,True,unanimous,3-0,0,0
t1_p6lwczc,0,0.0064882696606218815,-5.03125,0,0.20660269260406494,0,0.02255073473061746,taglish,comment,True,unanimous,3-0,0,0
t1_p72ai81,0,0.0036499870475381613,-5.609375,0,0.0371708944439888,0,0.014740835796323182,english,comment,True,majority,3-0,0,0
t1_p6z63wn,0,0.0013885231455788016,-6.578125,0,0.04245460778474808,0,0.007188733166008599,english,comment,True,majority,3-0,0,0
t1_p4xaq6j,0,0.04535258188843727,-3.046875,0,0.3349366784095764,0,0.09257622680321015,taglish,comment,True,unanimous,3-0,0,0
t1_p651rju,0,0.0010649627074599266,-6.84375,0,0.03830450028181076,0,0.005899213680373309,taglish,comment,True,adjudicator,2-1,0,0
t1_p2e6wb4,0,0.0006263342220336199,-7.375,0,0.015275580808520317,0,0.003970015567597095,taglish,comment,True,majority,3-0,0,0
t1_p6nhkp4,1,0.053009770810604095,-2.8828125,0,0.4010659158229828,0,0.10343112494069132,taglish,comment,True,adjudicator,2-1,1,0
t1_p6x6bxk,0,0.224735289812088,-1.23828125,0,0.6770004034042358,0,0.28339912624928826,tagalog,comment,True,adjudicator,2-1,0,1
t1_p6x58aq,0,0.010169658809900284,-4.578125,0,0.14245793223381042,0,0.03137948594809,english,comment,True,majority,3-0,0,0
t1_p3gudyz,0,0.005469274707138538,-5.203125,0,0.11679352819919586,0,0.01988041517110467,tagalog,comment,True,majority,3-0,0,0
t1_p46j4uw,0,0.0010649627074599266,-6.84375,0,0.015825193375349045,0,0.005899213680373309,taglish,comment,True,unanimous,3-0,0,0
t1_p5er79z,0,0.008315778337419033,-4.78125,0,0.1656838059425354,0,0.027069886167298093,taglish,comment,True,unanimous,3-0,0,0
t1_p7k5sks,0,0.0013458605390042067,-6.609375,0,0.017574235796928406,0,0.007023560401461338,taglish,comment,True,majority,3-0,0,0
t1_p796743,1,0.3720487952232361,-0.5234375,0,0.6360446810722351,0,0.40320343544119813,taglish,comment,True,adjudicator,2-1,1,1
t1_p7aqqfj,0,0.0035936026833951473,-5.625,0,0.06279419362545013,0,0.014571792241652169,tagalog,comment,True,majority,3-0,0,0
t1_p4x6d9i,0,0.027376487851142883,-3.5703125,0,0.2728012502193451,0,0.06448212238461329,tagalog,comment,True,adjudicator,2-1,0,0
t1_p6cd5mu,0,0.00130450667347759,-6.640625,0,0.06662594527006149,0,0.006862156516952526,english,comment,True,majority,3-0,0,0
t1_p77oxz9,0,0.08210662752389908,-2.4140625,0,0.43976515531539917,0,0.1408190929471696,english,comment,True,adjudicator,2-1,0,1
t1_p6n9ar5,0,0.006903837900608778,-4.96875,0,0.16193920373916626,0,0.02360619896586913,taglish,comment,True,majority,3-0,0,0
t1_p6d2xv7,0,0.0011335690505802631,-6.78125,0,0.04269538074731827,0,0.006180248132347982,taglish,comment,True,majority,3-0,0,0
t1_p30ncdf,1,0.5639784336090088,0.25732421875,1,0.7687902450561523,1,0.5480451401913643,taglish,comment,True,adjudicator,2-1,1,1
t1_p76e2rw,0,0.034100428223609924,-3.34375,0,0.3327268362045288,0,0.0755096504110247,english,comment,True,majority,3-0,0,0
t1_p60ltlu,0,0.0012843081494793296,-6.65625,0,0.04833701252937317,0,0.006782841330110021,english,comment,True,majority,3-0,0,0
t1_p4tdnbr,0,0.00172745855525136,-6.359375,0,0.07803155481815338,0,0.00845800238650723,taglish,comment,True,unanimous,3-0,0,0
t1_p5898ke,0,0.031143829226493835,-3.4375,0,0.24457094073295593,0,0.07075065641317402,taglish,comment,True,adjudicator,2-1,0,0
t1_p5eq471,0,0.024423090741038322,-3.6875,0,0.3229079842567444,0,0.05938436178912311,tagalog,comment,True,adjudicator,2-1,0,0
t1_p7518kr,1,0.023153413087129593,-3.7421875,0,0.2562538981437683,0,0.05713678942068834,tagalog,comment,True,majority,3-0,1,1
t1_p6l4u59,0,0.0010649627074599266,-6.84375,0,0.022869359701871872,0,0.005899213680373309,taglish,comment,True,majority,3-0,0,0
t1_p3imb72,0,0.0005792916635982692,-7.453125,0,0.02718917652964592,0,0.0037451741128520268,taglish,comment,True,majority,3-0,0,0
t1_p5z1onc,0,0.3526475131511688,-0.607421875,0,0.6860257983207703,0,0.38816022269281913,taglish,comment,True,unanimous,3-0,0,0
t1_p73q478,0,0.5427269339561462,0.17132568359375,1,0.7511978149414062,1,0.5320433336991144,english,comment,True,adjudicator,2-1,0,0
t1_p788ar1,0,0.0026730059180408716,-5.921875,0,0.06372108310461044,0,0.01170004443872098,english,comment,True,majority,3-0,0,0
t1_p75gz21,1,0.043042849749326706,-3.1015625,0,0.37942808866500854,0,0.08919153261419548,taglish,comment,True,adjudicator,2-1,1,1
t1_p6fpm8n,0,0.0017546144081279635,-6.34375,0,0.03894123062491417,0,0.00855673731866246,taglish,comment,True,unanimous,3-0,0,0
t1_p60w4q8,0,0.00039204180939123034,-7.84375,0,0.014771975576877594,0,0.0027976524049679033,taglish,comment,True,unanimous,3-0,0,0
t1_p749kpc,0,0.006797531619668007,-4.984375,0,0.22537219524383545,0,0.023337898196897935,tagalog,comment,True,adjudicator,2-1,0,0
t1_p76ojbn,0,0.0018102111062034965,-6.3125,0,0.018604693934321404,0,0.008757647741912457,english,comment,True,majority,3-0,0,0
t1_p3z7hln,0,0.0025909794494509697,-5.953125,0,0.06378275156021118,0,0.011432410608709562,tagalog,comment,True,unanimous,3-0,0,0
t1_p6p30dx,0,0.00857748556882143,-4.75,0,0.10269394516944885,0,0.02769333972740153,english,comment,True,unanimous,3-0,0,0
t1_p6dhcd8,0,0.740174412727356,1.046875,1,0.8586472868919373,1,0.6865996900219419,taglish,comment,True,adjudicator,2-1,0,1
t1_p6xe1ts,0,0.00857748556882143,-4.75,0,0.12027901411056519,0,0.02769333972740153,english,comment,True,majority,3-0,0,0
t1_p5jc4ju,0,0.1204388216137886,-1.98828125,0,0.4520198702812195,0,0.18399259253708342,english,comment,True,adjudicator,2-1,0,0
t1_p5izqx9,0,0.006003595422953367,-5.109375,0,0.13217571377754211,0,0.02129607556176179,taglish,comment,True,majority,3-0,0,0
t1_p6eids9,0,0.0007916296017356217,-7.140625,0,0.02946379780769348,0,0.004728420238044691,taglish,comment,True,majority,3-0,0,0
t1_p4gw8oy,0,0.0010649627074599266,-6.84375,0,0.04808177798986435,0,0.005899213680373309,taglish,comment,True,unanimous,3-0,0,0
t1_p6rx9j3,0,0.007815889082849026,-4.84375,0,0.1787099838256836,0,0.025863658157008633,english,comment,True,majority,3-0,0,0
t1_p6gv4u5,0,0.00955939944833517,-4.640625,0,0.1256384700536728,0,0.029987141941164693,english,comment,True,majority,3-0,0,0
t1_p661azn,1,0.30033501982688904,-0.845703125,0,0.7368661165237427,0,0.34670342027893175,english,comment,True,majority,3-0,1,1
t1_p2xa3p1,0,0.18713268637657166,-1.46875,0,0.5744597911834717,0,0.24968007955517846,english,comment,True,majority,3-0,0,0
t1_p4z2m20,0,0.004198795650154352,-5.46875,0,0.114357128739357,0,0.01635175040280427,taglish,comment,True,majority,3-0,0,0
t1_p5jpg3o,0,0.16995622217655182,-1.5859375,0,0.5431475043296814,0,0.2335970076590748,tagalog,comment,True,adjudicator,2-1,0,0
t1_p22gufq,0,0.02595735713839531,-3.625,0,0.36691945791244507,0,0.06205433918054301,tagalog,comment,True,adjudicator,2-1,0,0
t1_p2ypp7m,0,0.015189048834145069,-4.171875,0,0.29673171043395996,0,0.0420726151776803,tagalog,comment,True,majority,3-0,0,0
t1_p4eease,0,0.00049553596181795,-7.609375,0,0.02942229062318802,0,0.003332846220855032,taglish,comment,True,unanimous,3-0,0,0
t1_p2v9pmv,0,0.007577240467071533,-4.875,0,0.13677117228507996,0,0.025280324796512977,taglish,comment,True,majority,3-0,0,0
t1_p6y4fmz,0,0.10856642574071884,-2.10546875,0,0.4862017035484314,0,0.17117546052416371,english,comment,True,adjudicator,2-1,0,0
t1_p30lyie,0,0.038756195455789566,-3.2109375,0,0.329851359128952,0,0.08275537854113714,taglish,comment,True,majority,3-0,0,0
t1_p5121dv,0,0.006903837900608778,-4.96875,0,0.04241698607802391,0,0.02360619896586913,english,comment,True,majority,3-0,0,0
t1_p7k70p1,0,0.0006462032324634492,-7.34375,0,0.014223131351172924,0,0.004063672127752942,taglish,comment,True,unanimous,3-0,0,0
t1_p7k7vip,0,0.0006263342220336199,-7.375,0,0.017185036092996597,0,0.003970015567597095,english,comment,True,majority,3-0,0,0
t1_p78ku2u,0,0.017176708206534386,-4.046875,0,0.22946231067180634,0,0.046012796033967227,taglish,comment,True,majority,3-0,0,0
t1_p7jqarc,0,0.005139610730111599,-5.265625,0,0.04700697213411331,0,0.018988295999576993,english,comment,True,majority,3-0,0,0
t1_p2y5zbe,0,0.017442483454942703,-4.03125,0,0.27559512853622437,0,0.046529356438525696,taglish,comment,True,adjudicator,2-1,0,0
t1_p596ahr,0,0.005641908384859562,-5.171875,0,0.09041279554367065,0,0.020341748116036198,tagalog,comment,True,majority,3-0,0,0
t1_p3zvxdr,0,0.001674399245530367,-6.390625,0,0.0563715361058712,0,0.00826390885960667,taglish,comment,True,unanimous,3-0,0,0
t1_p1yfwf0,0,0.1041124165058136,-2.15234375,0,0.5643261671066284,0,0.16625069048400962,tagalog,comment,True,adjudicator,2-1,0,1
t1_p6jey0u,0,0.0009110511746257544,-7.0,0,0.014795641414821148,0,0.0052509850626115805,taglish,comment,True,majority,3-0,0,0
t1_p2wzjy8,0,0.08151976019144058,-2.421875,0,0.3968439996242523,0,0.14011246017918338,english,comment,True,adjudicator,2-1,0,1
t1_p2n5l9y,0,0.0007096704212017357,-7.25,0,0.03432440757751465,0,0.004358049313188457,taglish,comment,True,majority,3-0,0,0
t1_p7kb827,0,0.00985985528677702,-4.609375,0,0.13977597653865814,0,0.030675665191402326,english,comment,True,adjudicator,2-1,0,0
t1_p5jcdlc,0,0.002714985515922308,-5.90625,0,0.0966319888830185,0,0.011836173743242948,taglish,comment,True,unanimous,3-0,0,0
t1_p5qyx14,0,0.0014550630003213882,-6.53125,0,0.027814138680696487,0,0.007443749142741675,english,comment,True,adjudicator,2-1,0,0
t1_p4g9m05,0,0.00941259041428566,-4.65625,0,0.16941559314727783,0,0.029648519554399132,taglish,comment,True,majority,3-0,0,0
t1_p785wnf,0,0.005819959565997124,-5.140625,0,0.14280965924263,0,0.020813559138190333,english,comment,True,majority,3-0,0,0
t3_1vlgxei,0,0.003172682598233223,-5.75,0,0.034482263028621674,0,0.01328647896618652,taglish,submission,True,unanimous,3-0,0,0
t1_p4xc95l,0,0.0019877743907272816,-6.21875,0,0.04691024124622345,0,0.009388856452133908,english,comment,True,majority,3-0,0,0
t1_p3bbhbj,1,0.004538431763648987,-5.390625,0,0.059695061296224594,0,0.017320269544532634,english,comment,True,adjudicator,2-1,1,0
t1_p7lizpx,0,0.003123648464679718,-5.765625,0,0.11978637427091599,0,0.013133891220358898,tagalog,comment,True,adjudicator,2-1,0,0
t1_p5ryfw1,0,0.002115703420713544,-6.15625,0,0.05594983696937561,0,0.009834490439014618,taglish,comment,True,majority,3-0,0,0
t1_p74oy14,0,0.004133968148380518,-5.484375,0,0.17880144715309143,0,0.016164536437985755,tagalog,comment,True,majority,3-0,0,0
t1_p2unb9d,0,0.7256486415863037,0.97265625,1,0.8747572898864746,1,0.6745130976248609,taglish,comment,True,majority,3-0,0,0
t1_p597vr8,0,0.0017546144081279635,-6.34375,0,0.033547792583703995,0,0.00855673731866246,taglish,comment,True,majority,3-0,0,0
t1_p7jxtad,0,0.0011335690505802631,-6.78125,0,0.028554245829582214,0,0.006180248132347982,taglish,comment,True,majority,3-0,0,0
t1_p3eujvw,0,0.001622967072762549,-6.421875,0,0.05907091498374939,0,0.008074233104883321,taglish,comment,True,majority,3-0,0,0
t3_1vstsaf,0,0.00178219610825181,-6.328125,0,0.03760441392660141,0,0.008656614775585112,taglish,submission,True,unanimous,3-0,0,0
t1_p6cabpt,0,0.002217013156041503,-6.109375,0,0.05958149954676628,0,0.01018240045466772,english,comment,True,adjudicator,2-1,0,0
t1_p586qua,0,0.0017546144081279635,-6.34375,0,0.052651118487119675,0,0.00855673731866246,taglish,comment,True,unanimous,3-0,0,0
t1_p74wg6l,0,0.0011335690505802631,-6.78125,0,0.02859162911772728,0,0.006180248132347982,english,comment,True,majority,3-0,0,0
t1_p7kcsle,0,0.0034834241960197687,-5.65625,0,0.07064531743526459,0,0.014239414792898553,english,comment,True,majority,3-0,0,0
t1_p5ezlzq,0,0.002396730938926339,-6.03125,0,0.08830122649669647,0,0.010789515289521092,taglish,comment,True,unanimous,3-0,0,0
t1_p3vmm1h,0,0.014063626527786255,-4.25,0,0.26064011454582214,0,0.03977601286698117,tagalog,comment,True,majority,3-0,0,0
t1_p7awfua,0,0.009268012829124928,-4.671875,0,0.26708799600601196,0,0.0293136054224161,taglish,comment,True,unanimous,3-0,0,0
t1_p4x7qt6,0,0.00941259041428566,-4.65625,0,0.18756011128425598,0,0.029648519554399132,english,comment,True,majority,3-0,0,0
t3_1vsqrbc,0,0.0017007224960252643,-6.375,0,0.03930983692407608,0,0.008360397135093588,tagalog,submission,True,majority,3-0,0,0
t3_1vthf6q,0,0.0018102111062034965,-6.3125,0,0.03736686706542969,0,0.008757647741912457,tagalog,submission,True,majority,3-0,0,0
t1_p3ntzw9,0,0.021287353709340096,-3.828125,0,0.22209720313549042,0,0.053765756272290396,taglish,comment,True,unanimous,3-0,0,0
t1_p6kgofq,0,0.004007288720458746,-5.515625,0,0.09385301172733307,0,0.015796411423831536,taglish,comment,True,unanimous,3-0,0,0
t1_p74auzk,0,0.10970578342676163,-2.09375,0,0.50483238697052,0,0.17242459434278012,english,comment,True,majority,3-0,0,0
t1_p74suws,0,0.0018969200318679214,-6.265625,0,0.04077219218015671,0,0.009067811682585967,taglish,comment,True,majority,3-0,0,0
t1_p5oca33,0,0.00214894930832088,-6.140625,0,0.060510359704494476,0,0.009949132644884997,taglish,comment,True,majority,3-0,0,0
t1_p3jwn7p,0,0.0011879054363816977,-6.734375,0,0.047101330012083054,0,0.006399719320588072,taglish,comment,True,majority,3-0,0,0
t3_1vt4p7d,0,0.0018102111062034965,-6.3125,0,0.041043251752853394,0,0.008757647741912457,taglish,submission,True,unanimous,3-0,0,0
t1_p3kxql2,0,0.001867565792053938,-6.28125,0,0.03219088912010193,0,0.008963232852867506,english,comment,True,majority,3-0,0,0
t1_p7a3byo,0,0.01615283451974392,-4.109375,0,0.25502294301986694,0,0.04400065019258756,taglish,comment,True,unanimous,3-0,0,0
t1_p5ycfpn,0,0.016029147431254387,-4.1171875,0,0.22616633772850037,0,0.04375511214698672,taglish,comment,True,unanimous,3-0,0,0
t3_1vqzvtd,0,0.0064882696606218815,-5.03125,0,0.11103665828704834,0,0.02255073473061746,taglish,submission,True,majority,3-0,0,0
t1_p5pckpz,0,0.004905405919998884,-5.3125,0,0.10169671475887299,0,0.018345084496537066,taglish,comment,True,unanimous,3-0,0,0
t1_p4olswb,1,0.6876299977302551,0.7890625,1,0.8196816444396973,1,0.6436241404951347,taglish,comment,True,unanimous,3-0,1,1
t1_p5dxl1i,0,0.004755199886858463,-5.34375,0,0.17766569554805756,0,0.01792820543294057,tagalog,comment,True,adjudicator,2-1,0,0
t1_p79ylit,0,0.0008830457809381187,-7.03125,0,0.03489452227950096,0,0.005130105131988475,taglish,comment,True,majority,3-0,0,0
t1_p4y71lk,0,0.06853749603033066,-2.609375,0,0.38425588607788086,0,0.12402846348342512,taglish,comment,True,unanimous,3-0,0,0
t1_p77v35j,0,0.0009850084315985441,-6.921875,0,0.03304247558116913,0,0.005565722808113128,english,comment,True,majority,3-0,0,0
t3_1vruolz,0,0.0071214293129742146,-4.9375,0,0.12947267293930054,0,0.02415185972281284,tagalog,submission,True,majority,3-0,0,0
t1_p5c8sko,0,0.3015676736831665,-0.83984375,0,0.6508209109306335,0,0.34769832680465784,english,comment,True,unanimous,2-0,0,0
t1_p63x3gh,0,0.006903837900608778,-4.96875,0,0.10624583810567856,0,0.02360619896586913,taglish,comment,True,adjudicator,2-1,0,0
t1_p6595x1,0,0.010169658809900284,-4.578125,0,0.2726631760597229,0,0.03137948594809,tagalog,comment,True,majority,3-0,0,0
t1_p7aaft1,0,0.0007672924548387527,-7.171875,0,0.009922612458467484,0,0.004619514109484817,taglish,comment,True,majority,3-0,0,0
t1_p1xk6cu,0,0.0039454069919884205,-5.53125,0,0.10729412734508514,0,0.015615454693007319,taglish,comment,True,unanimous,3-0,0,0
t1_p5ji7am,0,0.0011335690505802631,-6.78125,0,0.022511254996061325,0,0.006180248132347982,english,comment,True,majority,3-0,0,0
t1_p7iq8ai,0,0.0019267346942797303,-6.25,0,0.03564425930380821,0,0.00917359939476919,taglish,comment,True,majority,3-0,0,0
t1_p65gf5j,0,0.0024343819823116064,-6.015625,0,0.1682884395122528,0,0.01091516764654445,tagalog,comment,True,adjudicator,2-1,0,0
t1_p7i7877,0,0.004538431763648987,-5.390625,0,0.09757089614868164,0,0.017320269544532634,taglish,comment,True,majority,3-0,0,0
t1_p5a1yhi,0,0.00970847625285387,-4.625,0,0.2220451831817627,0,0.03032951092726271,english,comment,True,majority,3-0,0,0
t1_p50iizm,0,0.007577240467071533,-4.875,0,0.25031578540802,0,0.025280324796512977,taglish,comment,True,majority,3-0,0,0
t1_p5rb5uc,0,0.0019877743907272816,-6.21875,0,0.058039888739585876,0,0.009388856452133908,taglish,comment,True,majority,3-0,0,0
t1_p74tlgq,0,0.001674399245530367,-6.390625,0,0.023213891312479973,0,0.00826390885960667,taglish,comment,True,majority,3-0,0,0
t1_p76bylz,1,0.1212688684463501,-1.98046875,0,0.4137578010559082,0,0.18487294795608167,english,comment,True,adjudicator,2-1,1,0
t1_p79ij3l,0,0.006589771714061499,-5.015625,0,0.16439402103424072,0,0.022810197342402572,taglish,comment,True,unanimous,3-0,0,0
t1_p791hwq,0,0.007232763804495335,-4.921875,0,0.13880282640457153,0,0.024429284020908854,taglish,comment,True,adjudicator,3-0,0,0
t1_p7cnibr,0,0.004399413242936134,-5.421875,0,0.12643921375274658,0,0.016926277126643928,taglish,comment,True,unanimous,3-0,0,0
t3_1vrwip9,0,0.002714985515922308,-5.90625,0,0.09181945025920868,0,0.011836173743242948,taglish,submission,True,majority,3-0,0,0
t1_p7d3orv,0,0.010986942797899246,-4.5,0,0.21911153197288513,0,0.033208052663887364,taglish,comment,True,unanimous,3-0,0,0
t1_p7hc5tm,0,0.1980641782283783,-1.3984375,0,0.6407772898674011,0,0.2596776968926291,tagalog,comment,True,adjudicator,2-1,0,1
t1_p50qzrv,1,0.6413100361824036,0.5810546875,1,0.8210219144821167,1,0.6071383500303856,tagalog,comment,True,adjudicator,2-1,1,0
t1_p6z3f4r,0,0.0010649627074599266,-6.84375,0,0.027816755697131157,0,0.005899213680373309,english,comment,True,majority,3-0,0,0
t1_p7k4jsc,0,0.010013570077717304,-4.59375,0,0.12209665775299072,0,0.03102564374789907,english,comment,True,majority,3-0,0,0
t1_p7b6haz,0,0.03934250399470329,-3.1953125,0,0.3189942240715027,0,0.08364825958213414,english,comment,True,majority,3-0,0,0
t1_p79qkpy,0,0.03817827254533768,-3.2265625,0,0.3036997616291046,0,0.08187117679235223,taglish,comment,True,majority,3-0,0,0
t1_p7kkj6h,0,0.01798621006309986,-4.0,0,0.14994047582149506,0,0.04757906900407436,taglish,comment,True,majority,3-0,0,0
t1_p7ib0q0,1,0.8740772008895874,1.9375,1,0.9348454475402832,1,0.8102268687599319,taglish,comment,True,unanimous,3-0,1,1
t1_p73lg55,0,0.0030278346966952085,-5.796875,0,0.08455821126699448,0,0.012833884637165806,taglish,comment,True,majority,3-0,0,0
t1_p5zajnv,0,0.001098731067031622,-6.8125,0,0.02355075441300869,0,0.006038106016096041,taglish,comment,True,majority,3-0,0,0
t1_p5jk1q2,0,0.004133968148380518,-5.484375,0,0.030993228778243065,0,0.016164536437985755,english,comment,True,majority,3-0,0,0
t1_p7cjlht,0,0.022977370768785477,-3.75,0,0.28793174028396606,0,0.0568223044252538,english,comment,True,majority,3-0,0,0
t1_p79lp8v,0,0.0013250225456431508,-6.625,0,0.055958449840545654,0,0.006942392693453109,taglish,comment,True,majority,3-0,0,0
t1_p7axnlo,1,0.319121390581131,-0.7578125,0,0.6576845645904541,0,0.3617635704351096,english,comment,True,adjudicator,2-1,1,0
t1_p6ej25y,0,0.0013250225456431508,-6.625,0,0.05191740021109581,0,0.006942392693453109,taglish,comment,True,majority,3-0,0,0
t1_p5c7acj,0,0.0005884088459424675,-7.4375,0,0.007101898081600666,0,0.0037891038356918463,english,comment,True,unanimous,3-0,0,0
t1_p4em7l7,0,0.0005792916635982692,-7.453125,0,0.018426917493343353,0,0.0037451741128520268,english,comment,True,majority,3-0,0,0
t1_p7ck1ue,0,0.0008426423300988972,-7.078125,0,0.026868490502238274,0,0.004953956852246251,english,comment,True,majority,3-0,0,0
t1_p7k8net,0,0.0008426423300988972,-7.078125,0,0.017294757068157196,0,0.004953956852246251,tagalog,comment,True,majority,3-0,0,0
t1_p75g7hh,0,0.05964693799614906,-2.7578125,0,0.445654034614563,0,0.1124431322680288,tagalog,comment,True,adjudicator,2-1,0,0
t1_p6em1fp,0,0.004399413242936134,-5.421875,0,0.15397372841835022,0,0.016926277126643928,tagalog,comment,True,majority,3-0,0,0
t1_p5cqhnt,0,0.8344069123268127,1.6171875,1,0.9259984493255615,1,0.7705680922853597,english,comment,True,adjudicator,2-1,0,1
t1_p77ddzg,0,0.0006462032324634492,-7.34375,0,0.01570945605635643,0,0.004063672127752942,taglish,comment,True,unanimous,3-0,0,0
t1_p5bvnyi,0,0.1772405207157135,-1.53515625,0,0.5278908610343933,0,0.24047671087558947,taglish,comment,True,majority,3-0,0,0
t1_p35nizi,0,0.0013885231455788016,-6.578125,0,0.04475872963666916,0,0.007188733166008599,taglish,comment,True,unanimous,3-0,0,0
t1_p7jsawz,0,0.008187909610569477,-4.796875,0,0.18225440382957458,0,0.02676329726778762,taglish,comment,True,majority,3-0,0,0
t1_p226o49,0,0.016914913430809975,-4.0625,0,0.2893690764904022,0,0.045501696713335225,taglish,comment,True,unanimous,3-0,0,0
t1_p4uf0vv,0,0.007937993854284286,-4.828125,0,0.12181328237056732,0,0.02616021819323484,english,comment,True,adjudicator,2-1,0,1
t1_p4ndhyz,0,0.0012065897462889552,-6.71875,0,0.024949051439762115,0,0.006474583672895699,tagalog,comment,True,unanimous,3-0,0,0
t1_p3gcwif,0,0.00970847625285387,-4.625,0,0.1599753201007843,0,0.03032951092726271,english,comment,True,majority,3-0,0,0
t1_p47sah4,0,0.0026730059180408716,-5.921875,0,0.10715537518262863,0,0.01170004443872098,taglish,comment,True,majority,3-0,0,0
t1_p7abshr,0,0.031143829226493835,-3.4375,0,0.2614779472351074,0,0.07075065641317402,taglish,comment,True,adjudicator,2-1,0,0
t1_p7ciont,0,0.001032231142744422,-6.875,0,0.028094366192817688,0,0.005763497708455889,tagalog,comment,True,majority,3-0,0,0
t1_p50k72z,0,0.004755199886858463,-5.34375,0,0.041744038462638855,0,0.01792820543294057,english,comment,True,majority,3-0,0,0
t1_p513ffe,0,0.0033766122069209814,-5.6875,0,0.0370931401848793,0,0.013914511705098519,english,comment,True,majority,3-0,0,0
t1_p75qcc8,0,0.014728614129126072,-4.203125,0,0.15998929738998413,0,0.04113914117147127,taglish,comment,True,unanimous,3-0,0,0
t1_p7fo1ph,0,0.497344970703125,-0.0106201171875,0,0.7708535194396973,1,0.49801098589954423,taglish,comment,True,adjudicator,2-1,0,1
t1_p61uox2,0,0.0055549247190356255,-5.1875,0,0.14808842539787292,0,0.020109785920264852,taglish,comment,True,unanimous,3-0,0,0
t1_p5ch1zb,0,0.0007321811863221228,-7.21875,0,0.010846327058970928,0,0.00446081897237235,english,comment,True,adjudicator,2-1,0,1
t1_p77wo3f,0,0.0024343819823116064,-6.015625,0,0.04580830782651901,0,0.01091516764654445,taglish,comment,True,majority,3-0,0,0
t3_1vppgbz,0,0.0008040859247557819,-7.125,0,0.019586404785513878,0,0.0047838277507882745,tagalog,submission,True,majority,3-0,0,0
t1_p6dumj1,0,0.0022872276604175568,-6.078125,0,0.08154304325580597,0,0.010421079904172405,english,comment,True,adjudicator,2-1,0,0
t1_p6mqz8i,0,0.004982269834727049,-5.296875,0,0.13736534118652344,0,0.018557076718640854,taglish,comment,True,majority,3-0,0,0
t1_p7dxy67,0,0.0009697519708424807,-6.9375,0,0.017164409160614014,0,0.005501309247383878,english,comment,True,majority,3-0,0,0
t1_p6d5g6l,0,0.0009399438858963549,-6.96875,0,0.03912237286567688,0,0.005374697882118288,tagalog,comment,True,adjudicator,2-1,0,0
t1_p2ufyli,0,0.00048029719619080424,-7.640625,0,0.013013431802392006,0,0.003255978138773839,english,comment,True,majority,3-0,0,0
t1_p75je3m,0,0.0019267346942797303,-6.25,0,0.07031337916851044,0,0.00917359939476919,taglish,comment,True,majority,3-0,0,0
t1_p5z79pk,0,0.007460643537342548,-4.890625,0,0.20647379755973816,0,0.02499348349390211,taglish,comment,True,adjudicator,2-1,0,0
t1_p309v85,1,0.896251380443573,2.15625,1,0.9339906573295593,1,0.8341545432080865,tagalog,comment,True,unanimous,3-0,1,1
t1_p6nblvn,0,0.0012644219677895308,-6.671875,0,0.0252367090433836,0,0.006704436706949743,taglish,comment,True,adjudicator,2-1,0,0
t1_p50rj6u,0,0.2075357586145401,-1.33984375,0,0.5510110259056091,0,0.268205023621068,tagalog,comment,True,adjudicator,2-1,0,0
t1_p4yzcc9,0,0.012053778395056725,-4.40625,0,0.20460304617881775,0,0.03553834644186387,taglish,comment,True,unanimous,3-0,0,0
t1_p3z7948,0,0.0006563728675246239,-7.328125,0,0.02794286422431469,0,0.00411132231569428,taglish,comment,True,majority,3-0,0,0
t1_p5idg4g,0,0.0009697519708424807,-6.9375,0,0.050221726298332214,0,0.005501309247383878,taglish,comment,True,unanimous,3-0,0,0
t1_p79la3p,0,0.001098731067031622,-6.8125,0,0.015718046575784683,0,0.006038106016096041,taglish,comment,True,unanimous,3-0,0,0
t1_p781245,0,0.023689471185207367,-3.71875,0,0.2377711534500122,0,0.05809008073496682,english,comment,True,adjudicator,2-1,0,0
t1_p7bhutj,0,0.012431650422513485,-4.375,0,0.21658265590667725,0,0.036349552458675695,english,comment,True,majority,3-0,0,0
t1_p6otkfn,0,0.0017007224960252643,-6.375,0,0.07381188124418259,0,0.008360397135093588,taglish,comment,True,majority,3-0,0,0
t3_1vsvjqx,0,0.006797531619668007,-4.984375,0,0.08025738596916199,0,0.023337898196897935,english,submission,True,majority,3-0,0,0
t1_p7ijion,0,0.0028449094388633966,-5.859375,0,0.051692597568035126,0,0.012254019984483786,english,comment,True,majority,3-0,0,0
t1_p753zn1,0,0.0025909794494509697,-5.953125,0,0.030631927773356438,0,0.011432410608709562,taglish,comment,True,majority,3-0,0,0
t1_p301ybi,0,0.0010649627074599266,-6.84375,0,0.039205241948366165,0,0.005899213680373309,english,comment,True,majority,3-0,0,0
t1_p6cpjq0,0,0.02178117074072361,-3.8046875,0,0.3385203778743744,0,0.05466606495702603,tagalog,comment,True,adjudicator,2-1,0,0
t1_p50tpwv,0,0.013222821988165379,-4.3125,0,0.29030340909957886,0,0.03802573122811927,tagalog,comment,True,adjudicator,2-1,0,1
t1_p3lwzlk,0,0.0020507436711341143,-6.1875,0,0.046586643904447556,0,0.009609115497521404,english,comment,True,majority,3-0,0,0
t1_p73azaa,0,0.0009110511746257544,-7.0,0,0.02098662033677101,0,0.0052509850626115805,taglish,comment,True,majority,3-0,0,0
t1_p79x7re,0,0.0204885546118021,-3.8671875,0,0.25241619348526,0,0.05229625432213942,taglish,comment,True,majority,3-0,0,0
t1_p30apmw,0,0.007937993854284286,-4.828125,0,0.11920486390590668,0,0.02616021819323484,taglish,comment,True,unanimous,3-0,0,0
t1_p5jbbe2,0,0.0037654140032827854,-5.578125,0,0.030058253556489944,0,0.015084738345133585,english,comment,True,unanimous,3-0,0,0
t1_p7le1eh,0,0.004264634568244219,-5.453125,0,0.06992857158184052,0,0.016541096182127752,taglish,comment,True,majority,3-0,0,0
t1_p656rg4,0,0.004538431763648987,-5.390625,0,0.2637920081615448,0,0.017320269544532634,taglish,comment,True,majority,3-0,0,0
t1_p76hwfx,0,0.0007916296017356217,-7.140625,0,0.020559463649988174,0,0.004728420238044691,taglish,comment,True,majority,3-0,0,0
t1_p6wyb63,0,0.0037654140032827854,-5.578125,0,0.02992543950676918,0,0.015084738345133585,taglish,comment,True,adjudicator,2-1,0,0
t1_p5j9l6w,0,0.05665242671966553,-2.8125,0,0.19058141112327576,0,0.10841886602556666,english,comment,True,majority,3-0,0,0
t1_p7kiv8w,0,0.023330770432949066,-3.734375,0,0.20138351619243622,0,0.057452908921270876,taglish,comment,True,unanimous,3-0,0,0
t1_p5yhc7b,0,0.0015731120947748423,-6.453125,0,0.07705007493495941,0,0.007888876215518405,taglish,comment,True,unanimous,3-0,0,0
t1_p40w4c5,0,0.002251847181469202,-6.09375,0,0.068809874355793,0,0.01030105611011823,taglish,comment,True,majority,3-0,0,0
t3_1vqlxq4,0,0.0008167380001395941,-7.109375,0,0.025519639253616333,0,0.0048398813701223805,tagalog,submission,True,majority,3-0,0,0
t1_p2sw82v,1,0.6118459105491638,0.455078125,1,0.8047699928283691,1,0.5844148073737523,taglish,comment,True,adjudicator,2-1,1,1
t1_p76ijq2,0,0.0008693673880770802,-7.046875,0,0.020317133516073227,0,0.0050707073810302705,taglish,comment,True,majority,3-0,0,0
t1_p300sau,0,0.0017546144081279635,-6.34375,0,0.04330318421125412,0,0.00855673731866246,english,comment,True,majority,3-0,0,0
t1_p2vofl1,0,0.060086652636528015,-2.75,0,0.3043217062950134,0,0.11302856225801737,taglish,comment,True,majority,3-0,0,0
t1_p5ctfwv,0,0.0006462032324634492,-7.34375,0,0.008086826652288437,0,0.004063672127752942,taglish,comment,True,majority,3-0,0,0
t1_p67vk7r,0,0.034100428223609924,-3.34375,0,0.32095664739608765,0,0.0755096504110247,english,comment,True,majority,3-0,0,0
t1_p7ap70e,0,0.010328153148293495,-4.5625,0,0.20848318934440613,0,0.031737231481715415,taglish,comment,True,majority,3-0,0,0
t1_p5jfjqi,0,0.00178219610825181,-6.328125,0,0.01738683134317398,0,0.008656614775585112,english,comment,True,adjudicator,2-1,0,0
t1_p74okhz,0,0.010169658809900284,-4.578125,0,0.17709186673164368,0,0.03137948594809,tagalog,comment,True,adjudicator,3-0,0,0
t1_p7k47v9,0,0.005060331430286169,-5.28125,0,0.1354188621044159,0,0.018771471836949896,taglish,comment,True,adjudicator,2-1,0,0
t1_p50lenz,0,0.010328153148293495,-4.5625,0,0.055931657552719116,0,0.031737231481715415,english,comment,True,unanimous,3-0,0,0
t1_p787co1,0,0.0016484829830005765,-6.40625,0,0.030466660857200623,0,0.008168524993053225,english,comment,True,majority,3-0,0,0
t3_1vspji0,0,0.0013885231455788016,-6.578125,0,0.027920842170715332,0,0.007188733166008599,tagalog,submission,True,adjudicator,2-1,0,0
t1_p5jdpfi,0,0.005139610730111599,-5.265625,0,0.07371799647808075,0,0.018988295999576993,english,comment,True,majority,3-0,0,0
t1_p74qtsz,0,0.06656918674707413,-2.640625,0,0.44975680112838745,0,0.12150726715028945,tagalog,comment,True,unanimous,3-0,0,0
t1_p7401pr,0,0.02931223064661026,-3.5,0,0.3466646075248718,0,0.06773352815161206,tagalog,comment,True,adjudicator,2-1,0,0
t1_p51ebvn,0,0.005301895085722208,-5.234375,0,0.0537438690662384,0,0.01942933734851006,english,comment,True,majority,3-0,0,0
t1_p6yxtzz,0,0.0038244836032390594,-5.5625,0,0.05400381609797478,0,0.015259640307492805,taglish,comment,True,adjudicator,2-1,0,0
t3_1vpu0p5,0,0.005139610730111599,-5.265625,0,0.07081173360347748,0,0.018988295999576993,taglish,submission,True,unanimous,3-0,0,0
t1_p7cjg8g,0,0.0007437028689309955,-7.203125,0,0.022593319416046143,0,0.004513104959208384,english,comment,True,adjudicator,3-0,0,0
t1_p46i36k,0,0.0025909794494509697,-5.953125,0,0.09751920402050018,0,0.011432410608709562,taglish,comment,True,adjudicator,2-1,0,0
t1_p7h85v7,0,0.0011879054363816977,-6.734375,0,0.032033659517765045,0,0.006399719320588072,english,comment,True,majority,3-0,0,0
t1_p5qp88r,0,0.014281933195888996,-4.234375,0,0.19923719763755798,0,0.04022550864147266,taglish,comment,True,unanimous,3-0,0,0
t3_1vr7bob,0,0.0025509123224765062,-5.96875,0,0.05059746652841568,0,0.011300871927375038,english,submission,True,unanimous,3-0,0,0
t1_p3vltwc,0,0.023153413087129593,-3.7421875,0,0.25453469157218933,0,0.05713678942068834,taglish,comment,True,unanimous,3-0,0,0
t1_p6cqz6j,0,0.0027576221618801355,-5.890625,0,0.07253700494766235,0,0.011973867714531792,taglish,comment,True,majority,3-0,0,0
t1_p30cf5s,0,0.0008559005800634623,-7.0625,0,0.03573014587163925,0,0.005011993888730829,taglish,comment,True,majority,3-0,0,0
t1_p6en2t3,0,0.005641908384859562,-5.171875,0,0.2251688688993454,0,0.020341748116036198,taglish,comment,True,majority,3-0,0,0
t1_p7ivvut,0,0.0008167380001395941,-7.109375,0,0.016713805496692657,0,0.0048398813701223805,taglish,comment,True,majority,3-0,0,0
t1_p7ax3ms,1,0.09073548763990402,-2.3046875,0,0.4209625720977783,0,0.15102750765210138,tagalog,comment,True,adjudicator,2-1,1,1
t3_1vth25k,0,0.0009253848693333566,-6.984375,0,0.01679733209311962,0,0.005312483292174722,taglish,submission,True,majority,3-0,0,0
t1_p6ewk1l,0,0.0005274784052744508,-7.546875,0,0.015452636405825615,0,0.00349205017686332,taglish,comment,True,majority,3-0,0,0
t1_p67xlc9,0,0.0015011822106316686,-6.5,0,0.039036303758621216,0,0.007618727650220669,taglish,comment,True,majority,3-0,0,0
t1_p6z556i,0,0.001098731067031622,-6.8125,0,0.037109728902578354,0,0.006038106016096041,taglish,comment,True,unanimous,3-0,0,0
t1_p6yecc6,0,0.06705629080533981,-2.6328125,0,0.40720614790916443,0,0.12213339522563688,tagalog,comment,True,adjudicator,2-1,0,0
t1_p2s61ly,0,0.009125636890530586,-4.6875,0,0.19658002257347107,0,0.0289823615333465,taglish,comment,True,unanimous,3-0,0,0
t1_p5jb8nw,1,0.015543648041784763,-4.1484375,0,0.19314157962799072,0,0.04278597557137281,taglish,comment,True,adjudicator,2-1,1,1
t1_p5oyf3u,0,0.001151399570517242,-6.765625,0,0.01572183147072792,0,0.006252561251905091,taglish,comment,True,unanimous,3-0,0,0
t1_p6y9r2e,0,0.04084571823477745,-3.15625,0,0.32544440031051636,0,0.08591886973219272,english,comment,True,majority,3-0,0,0
t1_p67uwel,0,0.0029349515680223703,-5.828125,0,0.11571542918682098,0,0.012540643773239032,taglish,comment,True,unanimous,3-0,0,0
t1_p7kb5ba,0,0.0009110511746257544,-7.0,0,0.01659563183784485,0,0.0052509850626115805,taglish,comment,True,majority,3-0,0,0
t1_p7kicpd,0,0.05749328061938286,-2.796875,0,0.4024660587310791,0,0.10955556860560209,taglish,comment,True,unanimous,3-0,0,0
t1_p750vgw,1,0.6127732396125793,0.458984375,1,0.8069858551025391,1,0.5851253736074313,taglish,comment,True,majority,3-0,1,1
t1_p7k69ef,0,0.0061929901130497456,-5.078125,0,0.06736492365598679,0,0.021789529143186256,tagalog,comment,True,majority,3-0,0,0
t1_p3ynuhx,0,0.004681822843849659,-5.359375,0,0.03996767848730087,0,0.017723267573747804,english,comment,True,majority,3-0,0,0
t1_p7i68rn,0,0.001151399570517242,-6.765625,0,0.03502126410603523,0,0.006252561251905091,taglish,comment,True,majority,3-0,0,0
t1_p5rdwsw,0,0.0008040859247557819,-7.125,0,0.031155576929450035,0,0.0047838277507882745,taglish,comment,True,adjudicator,2-1,0,0
t1_p50ja7r,0,0.016029147431254387,-4.1171875,0,0.10504847764968872,0,0.04375511214698672,english,comment,True,majority,3-0,0,0
t1_p46114s,0,0.010013570077717304,-4.59375,0,0.21823273599147797,0,0.03102564374789907,taglish,comment,True,majority,3-0,0,0
t1_p7iupq2,0,0.0006070756353437901,-7.40625,0,0.012780900113284588,0,0.0038785091297029567,taglish,comment,True,unanimous,3-0,0,0
t1_p7i938l,0,0.07978201657533646,-2.4453125,0,0.33684515953063965,0,0.1380103582469899,english,comment,True,majority,3-0,0,0
t1_p46gwy2,0,0.001867565792053938,-6.28125,0,0.08360987156629562,0,0.008963232852867506,taglish,comment,True,majority,3-0,0,0
t1_p77ywug,0,0.1250653862953186,-1.9453125,0,0.48238930106163025,0,0.18887484827032464,taglish,comment,True,adjudicator,2-1,0,0
t1_p5jppg0,0,0.0035936026833951473,-5.625,0,0.04103322699666023,0,0.014571792241652169,english,comment,True,majority,3-0,0,0
t1_p7hbz5y,1,0.8879840970039368,2.0703125,1,0.9323068857192993,1,0.8250555085181357,tagalog,comment,True,adjudicator,2-1,1,0
t1_p5os1rk,0,0.0008830457809381187,-7.03125,0,0.015659771859645844,0,0.005130105131988475,taglish,comment,True,unanimous,3-0,0,0
t1_p7bktkn,0,0.006388320587575436,-5.046875,0,0.09709461778402328,0,0.022294156133835563,english,comment,True,adjudicator,2-1,0,0
t1_p6t2rai,1,0.6734064817428589,0.7236328125,1,0.7829505205154419,1,0.6323036049138736,english,comment,True,unanimous,3-0,1,1
t1_p7b6cmb,0,0.048136770725250244,-2.984375,0,0.32144808769226074,0,0.09658530418371278,taglish,comment,True,unanimous,3-0,0,0
t1_p30p5db,0,0.014063626527786255,-4.25,0,0.086359903216362,0,0.03977601286698117,english,comment,True,majority,3-0,0,0
t1_p50oull,0,0.0013885231455788016,-6.578125,0,0.031002547591924667,0,0.007188733166008599,taglish,comment,True,majority,3-0,0,0
t1_p6xyboa,0,0.0015731120947748423,-6.453125,0,0.03262237086892128,0,0.007888876215518405,taglish,comment,True,unanimous,3-0,0,0
t1_p7arfn0,0,0.006903837900608778,-4.96875,0,0.20370160043239594,0,0.02360619896586913,taglish,comment,True,unanimous,3-0,0,0
t1_p73rs6i,0,0.7728736996650696,1.224609375,1,0.8564900159835815,1,0.7145162124642286,tagalog,comment,True,adjudicator,2-1,0,1
t1_p7k7rbj,0,0.047074176371097565,-3.0078125,0,0.26434919238090515,0,0.0950640427248437,english,comment,True,majority,3-0,0,0
t1_p51cle6,0,0.0015011822106316686,-6.5,0,0.013809682801365852,0,0.007618727650220669,english,comment,True,majority,3-0,0,0
t1_p4gj6sh,0,0.002217013156041503,-6.109375,0,0.09397142380475998,0,0.01018240045466772,english,comment,True,majority,3-0,0,0
t1_p74yd6e,0,0.0006263342220336199,-7.375,0,0.010534262284636497,0,0.003970015567597095,english,comment,True,majority,3-0,0,0
t1_p5c3vgk,0,0.005641908384859562,-5.171875,0,0.1331506371498108,0,0.020341748116036198,taglish,comment,True,majority,3-0,0,0
t1_p50i3ky,0,0.0960254892706871,-2.2421875,0,0.41845688223838806,0,0.15712954272309007,taglish,comment,True,majority,3-0,0,0
t1_p7895gy,0,0.006692850962281227,-5.0,0,0.11012165248394012,0,0.023072574792530495,taglish,comment,True,majority,3-0,0,0
t1_p77vgly,0,0.020645931363105774,-3.859375,0,0.28929147124290466,0,0.05258708638282998,taglish,comment,True,adjudicator,2-1,0,1
t1_p7bkmvn,0,0.028870904818177223,-3.515625,0,0.25570404529571533,0,0.06699810424655157,english,comment,True,majority,3-0,0,0
t1_p3n9wiv,0,0.0019877743907272816,-6.21875,0,0.040503695607185364,0,0.009388856452133908,taglish,comment,True,unanimous,3-0,0,0
t1_p7k6mih,0,0.04778006672859192,-2.9921875,0,0.3494037985801697,0,0.09607581656823831,tagalog,comment,True,adjudicator,2-1,0,0
t1_p74p0np,0,0.05541279539465904,-2.8359375,0,0.3778507709503174,0,0.10673324088821476,tagalog,comment,True,adjudicator,2-1,0,1
t1_p7apb0n,0,0.004681822843849659,-5.359375,0,0.0842401385307312,0,0.017723267573747804,english,comment,True,majority,3-0,0,0
t1_p784k7h,0,0.36727026104927063,-0.5439453125,0,0.6680967807769775,0,0.39951207199336675,english,comment,True,adjudicator,2-1,0,0
t1_p2ejama,0,0.0019877743907272816,-6.21875,0,0.041435547173023224,0,0.009388856452133908,tagalog,comment,True,majority,3-0,0,0
t1_p514won,0,0.004198795650154352,-5.46875,0,0.03366508707404137,0,0.01635175040280427,taglish,comment,True,majority,3-0,0,0
t1_p2sn4ye,0,0.001032231142744422,-6.875,0,0.027700617909431458,0,0.005763497708455889,taglish,comment,True,unanimous,3-0,0,0
t1_p7jwtc5,0,0.002251847181469202,-6.09375,0,0.022600051015615463,0,0.01030105611011823,tagalog,comment,True,adjudicator,2-1,0,0
t1_p5c3m8u,0,0.0009850084315985441,-6.921875,0,0.01014144066721201,0,0.005565722808113128,english,comment,True,majority,3-0,0,0
t3_1vtg4c1,0,0.2724114954471588,-0.982421875,0,0.5511775016784668,0,0.32388277546155225,english,submission,True,majority,3-0,0,0
t3_1vstabm,0,0.002889581024646759,-5.84375,0,0.043820153921842575,0,0.012396513913447024,taglish,submission,True,adjudicator,3-0,0,0
t1_p7jczbh,1,0.001151399570517242,-6.765625,0,0.025019576773047447,0,0.006252561251905091,english,comment,True,adjudicator,2-1,1,0
t1_p7leyiv,0,0.7994423508644104,1.3828125,1,0.8489381670951843,1,0.7380656499867786,taglish,comment,True,majority,3-0,0,0
t1_p77yaid,0,0.0025114635936915874,-5.984375,0,0.07404327392578125,0,0.011170829597737159,english,comment,True,majority,3-0,0,0
t1_p5z3fwx,0,0.0007096704212017357,-7.25,0,0.03625479340553284,0,0.004358049313188457,taglish,comment,True,unanimous,3-0,0,0
t1_p5jmhqm,0,0.0020190139766782522,-6.203125,0,0.03808506950736046,0,0.009498353664713466,taglish,comment,True,unanimous,3-0,0,0
t1_p7i62l1,0,0.0006878511630930007,-7.28125,0,0.01180737093091011,0,0.004257637165921209,taglish,comment,True,majority,3-0,0,0
t1_p6mdm8w,0,0.008847354911267757,-4.71875,0,0.17895209789276123,0,0.028330734090797918,taglish,comment,True,majority,3-0,0,0
t1_p7j8j3b,0,0.00042388474685139954,-7.765625,0,0.010765096172690392,0,0.002965778753375512,taglish,comment,True,unanimous,3-0,0,0
t1_p3nvpln,0,0.0014103584690019488,-6.5625,0,0.037802256643772125,0,0.007272759896513995,taglish,comment,True,unanimous,3-0,0,0
t1_p7lbluu,0,0.07640768587589264,-2.4921875,0,0.2716237008571625,0,0.13388562474662985,taglish,comment,True,unanimous,3-0,0,0
t1_p5883y0,0,0.0015731120947748423,-6.453125,0,0.04130418598651886,0,0.007888876215518405,taglish,comment,True,majority,3-0,0,0
t1_p50ywrp,0,0.006388320587575436,-5.046875,0,0.15061704814434052,0,0.022294156133835563,taglish,comment,True,majority,3-0,0,0
t1_p77ro88,0,0.020645931363105774,-3.859375,0,0.226738840341568,0,0.05258708638282998,taglish,comment,True,adjudicator,2-1,0,0
t1_p587cg6,0,0.00857748556882143,-4.75,0,0.14901608228683472,0,0.02769333972740153,taglish,comment,True,majority,3-0,0,0
t1_p6x2tb2,1,0.542742133140564,0.17138671875,1,0.8170709609985352,1,0.5320547179092582,taglish,comment,True,unanimous,3-0,1,1
t1_p6xlffl,0,0.04958902671933174,-2.953125,0,0.3416360318660736,0,0.09864745374865584,tagalog,comment,True,majority,3-0,0,0
t1_p6xg0jc,0,0.007695646956562996,-4.859375,0,0.08488248288631439,0,0.02557037173968303,taglish,comment,True,majority,3-0,0,0
t1_p50tgm1,0,0.1716158092021942,-1.57421875,0,0.571143627166748,0,0.23517240717912433,tagalog,comment,True,adjudicator,2-1,0,0
t1_p7a8s27,0,0.3242354094982147,-0.734375,0,0.6473581790924072,0,0.3658273744507442,taglish,comment,True,majority,3-0,0,0
t1_p7i4q0m,0,0.007460643537342548,-4.890625,0,0.07946962118148804,0,0.02499348349390211,english,comment,True,majority,3-0,0,0
t1_p2zvr2s,0,0.0037654140032827854,-5.578125,0,0.09253759682178497,0,0.015084738345133585,tagalog,comment,True,adjudicator,2-1,0,0
t1_p3xuma1,0,0.0013250225456431508,-6.625,0,0.041526131331920624,0,0.006942392693453109,taglish,comment,True,unanimous,3-0,0,0
t1_p7kp28v,0,0.06656918674707413,-2.640625,0,0.4724835753440857,0,0.12150726715028945,tagalog,comment,True,adjudicator,2-1,0,0
t1_p5l9l30,0,0.001032231142744422,-6.875,0,0.02497085928916931,0,0.005763497708455889,taglish,comment,True,majority,3-0,0,0
t1_p79mayf,0,0.11961366981267929,-1.99609375,0,0.4748370051383972,0,0.1831154875601955,taglish,comment,True,majority,3-0,0,0
t3_1vt3fqa,0,0.2075357586145401,-1.33984375,0,0.41481202840805054,0,0.268205023621068,english,submission,True,majority,3-0,0,0
t1_p76hzqg,0,0.00130450667347759,-6.640625,0,0.019021866843104362,0,0.006862156516952526,taglish,comment,True,unanimous,3-0,0,0
t1_p5rojos,0,0.002115703420713544,-6.15625,0,0.029874220490455627,0,0.009834490439014618,taglish,comment,True,unanimous,3-0,0,0
t1_p789fxp,0,0.08035747706890106,-2.4375,0,0.4282704293727875,0,0.13870809956751498,tagalog,comment,True,adjudicator,2-1,0,0
t1_p6d4a5b,0,0.004331502132117748,-5.4375,0,0.0810587927699089,0,0.01673259720212957,taglish,comment,True,majority,3-0,0,0
t1_p4rtcjc,0,0.0020507436711341143,-6.1875,0,0.0477961003780365,0,0.009609115497521404,taglish,comment,True,adjudicator,2-1,0,0
t1_p519v1g,0,0.0017007224960252643,-6.375,0,0.04532475769519806,0,0.008360397135093588,tagalog,comment,True,majority,3-0,0,0
t1_p510ngs,0,0.0443485863506794,-3.0703125,0,0.178410142660141,0,0.09111174178084105,english,comment,True,adjudicator,2-1,0,0
t1_p6i8tq3,0,0.0018969200318679214,-6.265625,0,0.03856998309493065,0,0.009067811682585967,taglish,comment,True,majority,3-0,0,0
t1_p5i6jtj,0,0.0007672924548387527,-7.171875,0,0.03434176743030548,0,0.004619514109484817,taglish,comment,True,majority,3-0,0,0
t1_p5jnnz5,1,0.00941259041428566,-4.65625,0,0.08704639971256256,0,0.029648519554399132,tagalog,comment,True,adjudicator,2-1,1,1
t1_p77w7ob,0,0.005060331430286169,-5.28125,0,0.14159038662910461,0,0.018771471836949896,english,comment,True,majority,3-0,0,0
t1_p7kszi0,0,0.08570928126573563,-2.3671875,0,0.46168193221092224,0,0.14512164133272337,taglish,comment,True,unanimous,3-0,0,0
t1_p5rp0ff,0,0.006797531619668007,-4.984375,0,0.10129058361053467,0,0.023337898196897935,taglish,comment,True,unanimous,3-0,0,0
t1_p77qerq,0,0.0008040859247557819,-7.125,0,0.011478317901492119,0,0.0047838277507882745,taglish,comment,True,majority,3-0,0,0
t1_p51eayg,0,0.0022872276604175568,-6.078125,0,0.03817101567983627,0,0.010421079904172405,tagalog,comment,True,adjudicator,2-1,0,0
t1_p6x3bf7,0,0.4888172149658203,-0.04473876953125,0,0.7078308463096619,0,0.4916217324113035,tagalog,comment,True,adjudicator,2-1,0,0
t1_p7i5dy2,0,0.002115703420713544,-6.15625,0,0.026755422353744507,0,0.009834490439014618,english,comment,True,majority,3-0,0,0
t1_p7ifa0o,1,0.5131805539131165,0.052734375,1,0.7201520800590515,1,0.5098752515526773,english,comment,True,adjudicator,2-1,1,1
t1_p7k6gpx,0,0.002889581024646759,-5.84375,0,0.06276345252990723,0,0.012396513913447024,tagalog,comment,True,adjudicator,3-0,0,0
t1_p6kttwd,0,0.0007321811863221228,-7.21875,0,0.01922275871038437,0,0.00446081897237235,taglish,comment,True,majority,3-0,0,0
t1_p3zfmm6,0,0.007937993854284286,-4.828125,0,0.17771059274673462,0,0.02616021819323484,taglish,comment,True,majority,3-0,0,0
t1_p75uf71,0,0.6103373169898987,0.44873046875,1,0.7539417743682861,1,0.583259389547359,english,comment,True,majority,3-0,0,0
t1_p5zca8w,0,0.001622967072762549,-6.421875,0,0.03555431589484215,0,0.008074233104883321,taglish,comment,True,majority,3-0,0,0
t1_p5q49b4,0,0.0014103584690019488,-6.5625,0,0.06329968571662903,0,0.007272759896513995,taglish,comment,True,majority,3-0,0,0
t1_p5qo88c,0,0.0014779430348426104,-6.515625,0,0.07783347368240356,0,0.007530734060740145,taglish,comment,True,unanimous,3-0,0,0
t1_p2zqdyp,0,0.8116759657859802,1.4609375,1,0.8840386271476746,1,0.7492218587794462,taglish,comment,True,adjudicator,2-1,0,0
t1_p7mcz3r,0,0.011158031411468983,-4.484375,0,0.20350414514541626,0,0.03358592214713221,taglish,comment,True,majority,3-0,0,0
t1_p5za4gp,0,0.0012448433553799987,-6.6875,0,0.038433969020843506,0,0.006626932336174924,taglish,comment,True,adjudicator,3-0,0,0
t1_p7a5716,0,0.0027576221618801355,-5.890625,0,0.06887246668338776,0,0.011973867714531792,english,comment,True,majority,3-0,0,0
t1_p2yg5kp,0,0.0008969393675215542,-7.015625,0,0.03691113740205765,0,0.005190195032530541,taglish,comment,True,majority,3-0,0,0
t1_p6z27mn,1,0.08093671500682831,-2.4296875,0,0.47132954001426697,0,0.139408797957999,taglish,comment,True,adjudicator,2-1,1,0
t1_p2f6nj0,0,0.0009697519708424807,-6.9375,0,0.02598656341433525,0,0.005501309247383878,english,comment,True,majority,3-0,0,0
t1_p4nubx1,1,0.7275885343551636,0.982421875,1,0.8080679774284363,1,0.6761172245384477,taglish,comment,True,majority,3-0,1,1
t1_p3069ki,0,0.011158031411468983,-4.484375,0,0.22802650928497314,0,0.03358592214713221,taglish,comment,True,adjudicator,3-0,0,0
t1_p5rvjli,0,0.0014325366355478764,-6.546875,0,0.04875167831778526,0,0.007357761508922906,taglish,comment,True,majority,3-0,0,0
t1_p6ks2os,0,0.0009850084315985441,-6.921875,0,0.02464938908815384,0,0.005565722808113128,english,comment,True,majority,3-0,0,0
t1_p513x9i,0,0.002251847181469202,-6.09375,0,0.06082318350672722,0,0.01030105611011823,taglish,comment,True,unanimous,3-0,0,0
t1_p50dmbc,0,0.047074176371097565,-3.0078125,0,0.2754555940628052,0,0.0950640427248437,english,comment,True,adjudicator,2-1,0,0
t1_p7gg2g5,0,0.001081715221516788,-6.828125,0,0.03404746577143669,0,0.005968258252546301,taglish,comment,True,majority,3-0,0,0
t1_p40nepi,0,0.001524786464869976,-6.484375,0,0.05614791065454483,0,0.0077077414242979645,taglish,comment,True,majority,3-0,0,0
t1_p6vx1q0,0,0.0014325366355478764,-6.546875,0,0.01735329069197178,0,0.007357761508922906,english,comment,True,majority,3-0,0,0
t1_p76j0sy,0,0.0022872276604175568,-6.078125,0,0.038246363401412964,0,0.010421079904172405,taglish,comment,True,majority,3-0,0,0
t1_p77sdo4,0,0.2806163728237152,-0.94140625,0,0.6078855991363525,0,0.33064753334604463,english,comment,True,majority,3-0,0,0
t1_p3m7zka,0,0.0015487609198316932,-6.46875,0,0.05390854924917221,0,0.007797787023189781,taglish,comment,True,unanimous,3-0,0,0
t1_p7hgk6d,0,0.0020190139766782522,-6.203125,0,0.06170382723212242,0,0.009498353664713466,tagalog,comment,True,majority,3-0,0,0
t3_1vppeq5,0,0.001867565792053938,-6.28125,0,0.04123436659574509,0,0.008963232852867506,tagalog,submission,True,unanimous,3-0,0,0
t1_p5rs2dr,0,0.0020507436711341143,-6.1875,0,0.06941989064216614,0,0.009609115497521404,taglish,comment,True,unanimous,3-0,0,0
t1_p6y0y3k,0,0.0006462032324634492,-7.34375,0,0.017710980027914047,0,0.004063672127752942,taglish,comment,True,majority,3-0,0,0
t1_p65kqda,0,0.0032730652019381523,-5.71875,0,0.10696575045585632,0,0.01359691972989611,english,comment,True,majority,3-0,0,0
t1_p30k7eg,0,0.6088266372680664,0.4423828125,1,0.8553497195243835,1,0.5821030564331479,taglish,comment,True,majority,3-0,0,0
t1_p3vfivh,0,0.017442483454942703,-4.03125,0,0.20907911658287048,0,0.046529356438525696,taglish,comment,True,majority,3-0,0,0
t3_1vs9ynp,0,0.0010005043586716056,-6.90625,0,0.027470551431179047,0,0.005630886302036954,english,submission,True,majority,3-0,0,0
t1_p67x3v9,0,0.0018102111062034965,-6.3125,0,0.059716545045375824,0,0.008757647741912457,english,comment,True,majority,3-0,0,0
t1_p51e36n,0,0.0037072529084980488,-5.59375,0,0.026171401143074036,0,0.014911810706179801,taglish,comment,True,majority,3-0,0,0
t3_1vpovj3,0,0.0010649627074599266,-6.84375,0,0.021084308624267578,0,0.005899213680373309,taglish,submission,True,unanimous,3-0,0,0
t1_p5pjwsh,0,0.006003595422953367,-5.109375,0,0.0955096110701561,0,0.02129607556176179,english,comment,True,majority,3-0,0,0
t1_p3vdjmm,0,0.0018969200318679214,-6.265625,0,0.039633795619010925,0,0.009067811682585967,tagalog,comment,True,majority,3-0,0,0
t1_p78azsc,0,0.011687257327139378,-4.4375,0,0.18713924288749695,0,0.03474459122869208,taglish,comment,True,unanimous,3-0,0,0
t1_p5e96xb,0,0.014957086183130741,-4.1875,0,0.1208285540342331,0,0.04160337379848945,taglish,comment,True,majority,3-0,0,0
t1_p5rdnit,0,0.002115703420713544,-6.15625,0,0.08297150582075119,0,0.009834490439014618,english,comment,True,majority,3-0,0,0
t1_p7bksya,0,0.002217013156041503,-6.109375,0,0.09947623312473297,0,0.01018240045466772,taglish,comment,True,majority,3-0,0,0
t1_p7iu5xa,0,0.0015011822106316686,-6.5,0,0.019805630668997765,0,0.007618727650220669,taglish,comment,True,unanimous,3-0,0,0
t1_p5dc0hl,0,0.005301895085722208,-5.234375,0,0.11572634428739548,0,0.01942933734851006,taglish,comment,True,majority,3-0,0,0
t1_p6xi0gj,0,0.01971912942826748,-3.90625,0,0.2545948028564453,0,0.05086475715029827,taglish,comment,True,majority,3-0,0,0
t1_p6ywpv2,0,0.0011879054363816977,-6.734375,0,0.03541071340441704,0,0.006399719320588072,taglish,comment,True,unanimous,3-0,0,0
t1_p6ygtxd,0,0.0006667023408226669,-7.3125,0,0.017390184104442596,0,0.004159528911098092,taglish,comment,True,majority,3-0,0,0
t3_1vgih69,0,0.014728614129126072,-4.203125,0,0.21990618109703064,0,0.04113914117147127,taglish,submission,True,unanimous,3-0,0,0
t1_p5psqr6,0,0.0025114635936915874,-5.984375,0,0.07777214050292969,0,0.011170829597737159,english,comment,True,majority,3-0,0,0
t1_p7knupo,0,0.6693126559257507,0.705078125,1,0.7611095309257507,1,0.629065939744843,english,comment,True,adjudicator,2-1,0,0
t1_p5cj37l,0,0.0015731120947748423,-6.453125,0,0.016677651554346085,0,0.007888876215518405,english,comment,True,unanimous,3-0,0,0
t1_p5jl3dg,0,0.010818448849022388,-4.515625,0,0.1478729248046875,0,0.032834290084680744,taglish,comment,True,majority,3-0,0,0
t1_p5czlrx,0,0.0034834241960197687,-5.65625,0,0.18498975038528442,0,0.014239414792898553,tagalog,comment,True,majority,3-0,0,0
t1_p50x1v7,0,0.17384853959083557,-1.55859375,0,0.4849810302257538,0,0.23728435984070242,english,comment,True,adjudicator,2-1,0,1
t1_p3zog7n,0,0.0010005043586716056,-6.90625,0,0.03647303581237793,0,0.005630886302036954,taglish,comment,True,majority,3-0,0,0
t1_p6tj25e,0,0.002115703420713544,-6.15625,0,0.02870309352874756,0,0.009834490439014618,english,comment,True,majority,3-0,0,0
t1_p7bn7d4,0,0.024423090741038322,-3.6875,0,0.28079694509506226,0,0.05938436178912311,english,comment,True,adjudicator,2-1,0,0
t1_p7aae1l,0,0.008985428139567375,-4.703125,0,0.17344820499420166,0,0.028654750206493915,taglish,comment,True,unanimous,3-0,0,0
t1_p61esk1,0,0.0061929901130497456,-5.078125,0,0.1459067314863205,0,0.021789529143186256,taglish,comment,True,unanimous,3-0,0,0
t1_p4eskwg,0,0.002396730938926339,-6.03125,0,0.058166153728961945,0,0.010789515289521092,taglish,comment,True,unanimous,3-0,0,0
t1_p72jhno,0,0.4645371437072754,-0.14208984375,0,0.6241552233695984,0,0.4734133223966057,english,comment,True,majority,3-0,0,0
t1_p77unr5,0,0.04084571823477745,-3.15625,0,0.27678367495536804,0,0.08591886973219272,taglish,comment,True,majority,3-0,0,0
t1_p77hvnr,0,0.004399413242936134,-5.421875,0,0.14276334643363953,0,0.016926277126643928,taglish,comment,True,majority,3-0,0,0
t1_p50hd5d,0,0.010986942797899246,-4.5,0,0.17287525534629822,0,0.033208052663887364,taglish,comment,True,majority,3-0,0,0
t1_p785ze5,0,0.014281933195888996,-4.234375,0,0.19150090217590332,0,0.04022550864147266,english,comment,True,adjudicator,2-1,0,0
t1_p3z200l,0,0.0006563728675246239,-7.328125,0,0.017723821103572845,0,0.00411132231569428,tagalog,comment,True,majority,3-0,0,0
t1_p7bayru,0,0.00970847625285387,-4.625,0,0.14964799582958221,0,0.03032951092726271,english,comment,True,majority,3-0,0,0
t1_p60sjby,0,0.001674399245530367,-6.390625,0,0.03886282444000244,0,0.00826390885960667,taglish,comment,True,adjudicator,3-0,0,0
t1_p4nb10g,0,0.0029810327105224133,-5.8125,0,0.03870765119791031,0,0.012686427853579403,taglish,comment,True,unanimous,3-0,0,0
t3_1vminyh,0,0.007011795416474342,-4.953125,0,0.057560961693525314,0,0.023877508806176746,english,submission,True,majority,3-0,0,0
t1_p7bz0bi,0,0.005641908384859562,-5.171875,0,0.09939475357532501,0,0.020341748116036198,taglish,comment,True,majority,3-0,0,0
t1_p3vgz7d,0,0.007011795416474342,-4.953125,0,0.1673092544078827,0,0.023877508806176746,taglish,comment,True,majority,3-0,0,0
t1_p785mpj,0,0.0035936026833951473,-5.625,0,0.08218304812908173,0,0.014571792241652169,english,comment,True,majority,3-0,0,0
t1_p7bils6,0,0.019870713353157043,-3.8984375,0,0.2287108600139618,0,0.05114805796446534,taglish,comment,True,unanimous,3-0,0,0
t1_p7knb3a,0,0.0012255674228072166,-6.703125,0,0.0340116024017334,0,0.006550318019983763,taglish,comment,True,unanimous,3-0,0,0
t1_p7bqj89,0,0.017442483454942703,-4.03125,0,0.2985987365245819,0,0.046529356438525696,taglish,comment,True,adjudicator,2-1,0,0
t1_p6m9jv1,0,0.06853749603033066,-2.609375,0,0.4741043448448181,0,0.12402846348342512,tagalog,comment,True,adjudicator,2-1,0,0
t1_p7cfcze,0,0.0032224843744188547,-5.734375,0,0.06578728556632996,0,0.013440815311279984,taglish,comment,True,majority,3-0,0,0
t1_p7jsff6,0,0.0013885231455788016,-6.578125,0,0.02639537863433361,0,0.007188733166008599,taglish,comment,True,majority,3-0,0,0
t1_p7cbzno,0,0.0033766122069209814,-5.6875,0,0.05092477798461914,0,0.013914511705098519,taglish,comment,True,majority,3-0,0,0
t1_p5nc9gc,0,0.0006361912237480283,-7.359375,0,0.029399579390883446,0,0.004016571977682394,taglish,comment,True,adjudicator,3-0,0,0
t1_p5954c8,0,0.0011160142021253705,-6.796875,0,0.023899182677268982,0,0.006108766198952918,taglish,comment,True,unanimous,3-0,0,0
t1_p5c1ore,0,0.0005357805639505386,-7.53125,0,0.007721350993961096,0,0.003533021364179703,taglish,comment,True,unanimous,3-0,0,0
t1_p7ji1sj,0,0.0017546144081279635,-6.34375,0,0.06436017900705338,0,0.00855673731866246,taglish,comment,True,unanimous,3-0,0,0
t1_p7j8zyo,0,0.0008167380001395941,-7.109375,0,0.03305641934275627,0,0.0048398813701223805,taglish,comment,True,majority,3-0,0,0
t1_p7br7vh,0,0.02080449089407921,-3.8515625,0,0.2619404196739197,0,0.05287944558456361,taglish,comment,True,unanimous,3-0,0,0
t1_p6g3fw7,0,0.001032231142744422,-6.875,0,0.04446503147482872,0,0.005763497708455889,taglish,comment,True,majority,3-0,0,0
t1_p6clw9k,0,0.0009697519708424807,-6.9375,0,0.040247321128845215,0,0.005501309247383878,taglish,comment,True,unanimous,3-0,0,0
t1_p695c5c,0,0.0004173157794866711,-7.78125,0,0.009401253424584866,0,0.00293136632486758,taglish,comment,True,majority,3-0,0,0
t1_p6d4m4o,0,0.001367025775834918,-6.59375,0,0.04683308303356171,0,0.007105670299905561,taglish,comment,True,majority,3-0,0,0
t1_p644uyu,0,0.0007437028689309955,-7.203125,0,0.021167419850826263,0,0.004513104959208384,taglish,comment,True,unanimous,3-0,0,0
t1_p7artsm,0,0.4138324558734894,-0.34814453125,0,0.6581369042396545,0,0.4351636914073704,taglish,comment,True,adjudicator,2-1,0,0
t1_p6ss0n1,0,0.0020507436711341143,-6.1875,0,0.034582510590553284,0,0.009609115497521404,english,comment,True,majority,3-0,0,0
t1_p7aokq0,0,0.1661335527896881,-1.61328125,0,0.5368794798851013,0,0.22994968071714433,taglish,comment,True,unanimous,3-0,0,0
t1_p7mgcc5,0,0.0005703156930394471,-7.46875,0,0.013605937361717224,0,0.0037017518054181207,taglish,comment,True,unanimous,3-0,0,0
t1_p6xzavi,0,0.004538431763648987,-5.390625,0,0.10787324607372284,0,0.017320269544532634,english,comment,True,majority,3-0,0,0
t1_p3jsyoe,0,0.001597845577634871,-6.4375,0,0.014291255734860897,0,0.007981020899623078,english,comment,True,majority,3-0,0,0
t1_p7amre1,0,0.0015731120947748423,-6.453125,0,0.03457358852028847,0,0.007888876215518405,english,comment,True,majority,3-0,0,0
t1_p7aty8j,0,0.005641908384859562,-5.171875,0,0.15964296460151672,0,0.020341748116036198,taglish,comment,True,majority,3-0,0,0
t1_p6euog5,0,0.0008969393675215542,-7.015625,0,0.0332685261964798,0,0.005190195032530541,tagalog,comment,True,majority,3-0,0,0
t1_p7ba407,0,0.02517884038388729,-3.65625,0,0.21124112606048584,0,0.06070562163180529,english,comment,True,majority,3-0,0,0
t1_p6dzcut,0,0.0008040859247557819,-7.125,0,0.028241455554962158,0,0.0047838277507882745,taglish,comment,True,adjudicator,3-0,0,0
t1_p6d2bev,0,0.0006771942717023194,-7.296875,0,0.017350055277347565,0,0.004208298356049309,taglish,comment,True,unanimous,3-0,0,0
t1_p5phn5i,0,0.0009253848693333566,-6.984375,0,0.022348903119564056,0,0.005312483292174722,taglish,comment,True,majority,3-0,0,0
t1_p5p0sau,0,0.00049553596181795,-7.609375,0,0.02855643257498741,0,0.003332846220855032,taglish,comment,True,majority,3-0,0,0
t1_p5jiwo4,0,0.0023596608079969883,-6.046875,0,0.015054643154144287,0,0.010665293809961326,english,comment,True,majority,3-0,0,0
t1_p7d311o,0,0.0015487609198316932,-6.46875,0,0.07295642048120499,0,0.007797787023189781,taglish,comment,True,unanimous,3-0,0,0
t1_p7cvapq,0,0.02178117074072361,-3.8046875,0,0.17210569977760315,0,0.05466606495702603,english,comment,True,majority,3-0,0,0
t1_p45u9v9,0,0.0012843081494793296,-6.65625,0,0.0223380234092474,0,0.006782841330110021,english,comment,True,majority,3-0,0,0
t1_p7e8ohv,0,0.007695646956562996,-4.859375,0,0.10395519435405731,0,0.02557037173968303,tagalog,comment,True,adjudicator,2-1,0,0
t1_p4gd9e2,0,0.0014779430348426104,-6.515625,0,0.07019078731536865,0,0.007530734060740145,taglish,comment,True,unanimous,3-0,0,0
t1_p59wsxo,0,0.0018969200318679214,-6.265625,0,0.11409097164869308,0,0.009067811682585967,taglish,comment,True,unanimous,3-0,0,0
t1_p5cip1a,0,0.7866228222846985,1.3046875,1,0.8336341381072998,1,0.7265942512952248,tagalog,comment,True,adjudicator,2-1,0,0
t1_p59mvvk,0,0.0016484829830005765,-6.40625,0,0.02613154612481594,0,0.008168524993053225,taglish,comment,True,majority,3-0,0,0
t1_p784ts0,0,0.0027576221618801355,-5.890625,0,0.08206690847873688,0,0.011973867714531792,taglish,comment,True,majority,3-0,0,0
t1_p5158zq,0,0.014728614129126072,-4.203125,0,0.14925619959831238,0,0.04113914117147127,tagalog,comment,True,unanimous,3-0,0,0
t1_p60mlo8,0,0.0008426423300988972,-7.078125,0,0.017229892313480377,0,0.004953956852246251,taglish,comment,True,unanimous,3-0,0,0
t1_p2t5hqv,0,0.0006166296661831439,-7.390625,0,0.013962971046566963,0,0.003923996670538364,taglish,comment,True,majority,3-0,0,0
t1_p79bxbq,0,0.012431650422513485,-4.375,0,0.21413657069206238,0,0.036349552458675695,taglish,comment,True,majority,3-0,0,0
t1_p79pf4i,0,0.006003595422953367,-5.109375,0,0.1532904952764511,0,0.02129607556176179,taglish,comment,True,majority,3-0,0,0
t1_p78fc5l,1,0.012241275049746037,-4.390625,0,0.20243319869041443,0,0.03594174622161488,taglish,comment,True,unanimous,3-0,1,1
t1_p66kjs6,0,0.0015487609198316932,-6.46875,0,0.025670580565929413,0,0.007797787023189781,english,comment,True,majority,3-0,0,0
t1_p79nmkd,0,0.024423090741038322,-3.6875,0,0.2998732030391693,0,0.05938436178912311,taglish,comment,True,majority,3-0,0,0
t1_p6z8245,0,0.0015011822106316686,-6.5,0,0.03858292102813721,0,0.007618727650220669,taglish,comment,True,unanimous,3-0,0,0
t1_p3iocck,0,0.005301895085722208,-5.234375,0,0.14167454838752747,0,0.01942933734851006,taglish,comment,True,majority,3-0,0,0
t1_p7a8pop,0,0.021948251873254776,-3.796875,0,0.29140037298202515,0,0.05496931168343075,tagalog,comment,True,adjudicator,2-1,0,0
t1_p5w0u8l,0,0.0018969200318679214,-6.265625,0,0.059141259640455246,0,0.009067811682585967,taglish,comment,True,majority,3-0,0,0
t1_p5j9t65,0,0.001957016997039318,-6.234375,0,0.01786470226943493,0,0.009280609698506389,taglish,comment,True,unanimous,3-0,0,0
t1_p50x2qf,0,0.04742587357759476,-3.0,0,0.19579367339611053,0,0.09556873219539853,english,comment,True,unanimous,3-0,0,0
t3_1vt74o7,0,0.005469274707138538,-5.203125,0,0.07716922461986542,0,0.01988041517110467,taglish,submission,True,unanimous,3-0,0,0
t1_p7l17yc,0,0.0222861859947443,-3.78125,0,0.3610002398490906,0,0.05558056380285582,taglish,comment,True,majority,3-0,0,0
t1_p7kav72,0,0.00407013762742281,-5.5,0,0.06606284528970718,0,0.015979431097218357,taglish,comment,True,unanimous,3-0,0,0
t1_p59a2cx,0,0.0020507436711341143,-6.1875,0,0.04337581992149353,0,0.009609115497521404,taglish,comment,True,unanimous,3-0,0,0
t1_p73whxy,0,0.001032231142744422,-6.875,0,0.04759250581264496,0,0.005763497708455889,taglish,comment,True,majority,3-0,0,0
t1_p7i6zpu,0,0.2030746191740036,-1.3671875,0,0.56937575340271,0,0.2642036152905171,tagalog,comment,True,majority,3-0,0,0
t1_p7ih1tt,0,0.005384938325732946,-5.21875,0,0.09121446311473846,0,0.019653608135243982,english,comment,True,adjudicator,3-0,0,0
t1_p7l76j1,0,0.15203222632408142,-1.71875,0,0.5003260374069214,0,0.21625801712196938,taglish,comment,True,majority,3-0,0,0
t1_p7k5c70,0,0.5682960748672485,0.27490234375,1,0.7985725402832031,1,0.5513048115392779,tagalog,comment,True,adjudicator,2-1,0,1
t1_p4ewq7q,0,0.001081715221516788,-6.828125,0,0.026759076863527298,0,0.005968258252546301,english,comment,True,majority,3-0,0,0
t1_p7kao2a,0,0.014503578655421734,-4.21875,0,0.1482359766960144,0,0.04067986882402621,tagalog,comment,True,majority,3-0,0,0
t1_p67vyc3,0,0.005384938325732946,-5.21875,0,0.0920308530330658,0,0.019653608135243982,tagalog,comment,True,majority,3-0,0,0
t1_p4n9omu,0,0.0023596608079969883,-6.046875,0,0.025529658421874046,0,0.010665293809961326,taglish,comment,True,unanimous,3-0,0,0
t1_p5rb0d1,0,0.0013250225456431508,-6.625,0,0.03234202414751053,0,0.006942392693453109,tagalog,comment,True,majority,3-0,0,0
t1_p5rp9n2,0,0.0026316740550100803,-5.9375,0,0.03817322850227356,0,0.011565462450000445,taglish,comment,True,majority,3-0,0,0
t1_p3vcc6j,0,0.0006361912237480283,-7.359375,0,0.013559798710048199,0,0.004016571977682394,tagalog,comment,True,majority,3-0,0,0
t1_p6d679g,0,0.0007554056355729699,-7.1875,0,0.030946772545576096,0,0.004566000987801088,taglish,comment,True,majority,3-0,0,0
t1_p5jdxsd,0,0.00214894930832088,-6.140625,0,0.02899329923093319,0,0.009949132644884997,english,comment,True,majority,3-0,0,0
t1_p6m71t4,0,0.001151399570517242,-6.765625,0,0.030173882842063904,0,0.006252561251905091,tagalog,comment,True,adjudicator,2-1,0,0
t3_1vquf6s,0,0.028007520362734795,-3.546875,0,0.23589985072612762,0,0.06554944590931258,taglish,submission,True,unanimous,3-0,0,0
t1_p4svbbp,0,0.0838903859257698,-2.390625,0,0.33751019835472107,0,0.1429568810082022,taglish,comment,True,majority,3-0,0,0
t1_p7mkfgf,0,0.0014779430348426104,-6.515625,0,0.03494465351104736,0,0.007530734060740145,english,comment,True,majority,3-0,0,0
t1_p4ncmm6,0,0.0011335690505802631,-6.78125,0,0.01725195161998272,0,0.006180248132347982,taglish,comment,True,majority,3-0,0,0
t1_p5rr64z,0,0.005641908384859562,-5.171875,0,0.059911780059337616,0,0.020341748116036198,taglish,comment,True,majority,3-0,0,0
t1_p6dbzkq,0,0.00172745855525136,-6.359375,0,0.049259066581726074,0,0.00845800238650723,taglish,comment,True,adjudicator,2-1,0,0
t1_p7i5fbw,0,0.003123648464679718,-5.765625,0,0.034894540905952454,0,0.013133891220358898,taglish,comment,True,majority,3-0,0,0
t1_p7k60wy,0,0.039048291742801666,-3.203125,0,0.29557693004608154,0,0.08320073000571294,tagalog,comment,True,adjudicator,2-1,0,0
t1_p754306,0,0.07807817310094833,-2.46875,0,0.3563739061355591,0,0.1359348084431743,english,comment,True,adjudicator,2-1,0,1
t1_p5qpka7,0,0.001524786464869976,-6.484375,0,0.041908688843250275,0,0.0077077414242979645,taglish,comment,True,majority,3-0,0,0
t1_p2f82p9,0,0.011869121342897415,-4.421875,0,0.17241951823234558,0,0.03513930927505064,taglish,comment,True,adjudicator,2-1,0,0
t1_p6yzgsq,0,0.004468384198844433,-5.40625,0,0.10766670107841492,0,0.017122159859112,english,comment,True,majority,3-0,0,0
t1_p2f72om,0,0.0024726232513785362,-6.0,0,0.09366358816623688,0,0.011042266989075379,taglish,comment,True,unanimous,3-0,0,0
t1_p50ttd5,0,0.570877194404602,0.285430908203125,1,0.7362467646598816,1,0.5532551286486054,english,comment,True,adjudicator,2-1,0,1
t1_p7l71t3,0,0.03283695876598358,-3.3828125,0,0.34053748846054077,0,0.07349201152974996,tagalog,comment,True,adjudicator,2-1,0,1
t1_p516l7j,0,0.0014779430348426104,-6.515625,0,0.02684248797595501,0,0.007530734060740145,taglish,comment,True,unanimous,3-0,0,0
t1_p5d2mg5,0,0.046378206461668015,-3.0234375,0,0.3812449872493744,0,0.09406181511432907,english,comment,True,unanimous,3-0,0,0
t3_1vrjcnw,0,0.0015487609198316932,-6.46875,0,0.027413969859480858,0,0.007797787023189781,english,submission,True,majority,3-0,0,0
t1_p6zz41t,0,0.010818448849022388,-4.515625,0,0.15095527470111847,0,0.032834290084680744,taglish,comment,True,majority,3-0,0,0
t1_p5jmmrx,1,0.011869121342897415,-4.421875,0,0.10582058131694794,0,0.03513930927505064,taglish,comment,True,majority,3-0,1,1
t1_p30b0xz,0,0.001622967072762549,-6.421875,0,0.05016492307186127,0,0.008074233104883321,tagalog,comment,True,adjudicator,3-0,0,0
t1_p6mx9qt,0,0.002217013156041503,-6.109375,0,0.14593800902366638,0,0.01018240045466772,taglish,comment,True,majority,3-0,0,0
t1_p6ksuoj,0,0.000503335555549711,-7.59375,0,0.020027251914143562,0,0.0033719558359747936,taglish,comment,True,majority,3-0,0,0
t1_p56ybe4,0,0.009125636890530586,-4.6875,0,0.11533127725124359,0,0.0289823615333465,english,comment,True,majority,3-0,0,0
t1_p6m8vbx,0,0.0014550630003213882,-6.53125,0,0.03089713677763939,0,0.007443749142741675,taglish,comment,True,unanimous,3-0,0,0
t1_p7fn2tx,0,0.3731902539730072,-0.5185546875,0,0.6765233874320984,0,0.40408396662028906,taglish,comment,True,adjudicator,2-1,0,0
t1_p79bm3n,0,0.0023596608079969883,-6.046875,0,0.030662253499031067,0,0.010665293809961326,taglish,comment,True,unanimous,3-0,0,0
t1_p6y1eoh,0,0.0026316740550100803,-5.9375,0,0.03600027412176132,0,0.011565462450000445,taglish,comment,True,unanimous,3-0,0,0
t1_p7a7sqn,0,0.046378206461668015,-3.0234375,0,0.3468573987483978,0,0.09406181511432907,taglish,comment,True,majority,3-0,0,0
t1_p60muff,0,0.06233103200793266,-2.7109375,0,0.4431183934211731,0,0.11599573945922906,taglish,comment,True,unanimous,3-0,0,0
t1_p79lawq,0,0.27125170826911926,-0.98828125,0,0.6077966690063477,0,0.3229222792194646,taglish,comment,True,adjudicator,2-1,0,0
t1_p6xg25u,0,0.014728614129126072,-4.203125,0,0.250582218170166,0,0.04113914117147127,taglish,comment,True,majority,3-0,0,0
t1_p5r80av,0,0.0014550630003213882,-6.53125,0,0.033234819769859314,0,0.007443749142741675,english,comment,True,majority,3-0,0,0
t1_p74ueit,0,0.003172682598233223,-5.75,0,0.050135523080825806,0,0.01328647896618652,taglish,comment,True,unanimous,3-0,0,0
t1_p77rfio,0,0.004264634568244219,-5.453125,0,0.055427663028240204,0,0.016541096182127752,english,comment,True,majority,3-0,0,0
t1_p7332av,0,0.0025509123224765062,-5.96875,0,0.031757354736328125,0,0.011300871927375038,taglish,comment,True,majority,3-0,0,0
t1_p68a85m,0,0.0011160142021253705,-6.796875,0,0.042738717049360275,0,0.006108766198952918,taglish,comment,True,majority,3-0,0,0
t1_p7kj0wi,0,0.001674399245530367,-6.390625,0,0.02118810825049877,0,0.00826390885960667,taglish,comment,True,majority,3-0,0,0
t1_p77mqk2,0,0.0005193048855289817,-7.5625,0,0.012923955917358398,0,0.003451552472033256,taglish,comment,True,majority,3-0,0,0
t1_p6xzxgn,0,0.003172682598233223,-5.75,0,0.03456930071115494,0,0.01328647896618652,english,comment,True,majority,3-0,0,0
t1_p656jyx,0,0.005641908384859562,-5.171875,0,0.25680941343307495,0,0.020341748116036198,taglish,comment,True,unanimous,3-0,0,0
t1_p76rjoy,0,0.00482972152531147,-5.328125,0,0.05087175965309143,0,0.018135469279809878,english,comment,True,majority,3-0,0,0
t1_p4ebxzn,0,0.002115703420713544,-6.15625,0,0.07666045427322388,0,0.009834490439014618,taglish,comment,True,unanimous,3-0,0,0
t1_p50l9c6,0,0.007815889082849026,-4.84375,0,0.049320727586746216,0,0.025863658157008633,english,comment,True,majority,3-0,0,0
t1_p4u29jx,0,0.007345826830714941,-4.90625,0,0.11889346688985825,0,0.02470981430760416,english,comment,True,majority,3-0,0,0
t1_p5jq0y1,0,0.0018969200318679214,-6.265625,0,0.06455135345458984,0,0.009067811682585967,tagalog,comment,True,majority,3-0,0,0
t1_p6yggb7,0,0.0007321811863221228,-7.21875,0,0.01355598121881485,0,0.00446081897237235,taglish,comment,True,unanimous,3-0,0,0
t1_p78bc8f,0,0.5227503776550293,0.091064453125,1,0.7381943464279175,1,0.5170487025800109,taglish,comment,True,adjudicator,2-1,0,0
t3_1vqkgz7,0,0.0015487609198316932,-6.46875,0,0.03256838768720627,0,0.007797787023189781,taglish,submission,True,unanimous,3-0,0,0
t1_p7dm83y,0,0.0007321811863221228,-7.21875,0,0.013310667127370834,0,0.00446081897237235,taglish,comment,True,unanimous,3-0,0,0
t1_p5radv6,0,0.0006361912237480283,-7.359375,0,0.028820764273405075,0,0.004016571977682394,taglish,comment,True,majority,3-0,0,0
t1_p5jpj4g,0,0.00214894930832088,-6.140625,0,0.04577256366610527,0,0.009949132644884997,taglish,comment,True,unanimous,3-0,0,0
t1_p5j1wvv,0,0.0007554056355729699,-7.1875,0,0.021182645112276077,0,0.004566000987801088,taglish,comment,True,majority,3-0,0,0
t1_p786rb7,0,0.04054073989391327,-3.1640625,0,0.313478022813797,0,0.085460325029733,english,comment,True,adjudicator,2-1,0,0
t1_p2zj4x8,1,0.11124119907617569,-2.078125,0,0.5218928456306458,0,0.17410131667799783,tagalog,comment,True,adjudicator,3-0,1,1
t1_p703ag7,0,0.0033766122069209814,-5.6875,0,0.05137424170970917,0,0.013914511705098519,english,comment,True,majority,3-0,0,0
t1_p5req1g,0,0.0008167380001395941,-7.109375,0,0.024673156440258026,0,0.0048398813701223805,tagalog,comment,True,adjudicator,2-1,0,0
t1_p7i8gqv,0,0.0037072529084980488,-5.59375,0,0.04240463301539421,0,0.014911810706179801,english,comment,True,majority,3-0,0,0
t1_p7i7nbd,0,0.05223086103796959,-2.8984375,0,0.2888161838054657,0,0.102350662981193,english,comment,True,majority,3-0,0,0
t1_p774l94,0,0.0036499870475381613,-5.609375,0,0.07513238489627838,0,0.014740835796323182,taglish,comment,True,majority,3-0,0,0
t1_p2e3ng6,0,0.00047285438631661236,-7.65625,0,0.007323162630200386,0,0.0032182093467962906,tagalog,comment,True,adjudicator,3-0,0,0
t1_p5l64f2,0,0.0005884088459424675,-7.4375,0,0.014526507817208767,0,0.0037891038356918463,taglish,comment,True,majority,3-0,0,0
t1_p5jao1x,0,0.0006771942717023194,-7.296875,0,0.011354791931807995,0,0.004208298356049309,taglish,comment,True,unanimous,3-0,0,0
t1_p50s65k,1,0.1352320909500122,-1.85546875,0,0.3978145122528076,0,0.19940281119015418,english,comment,True,adjudicator,2-1,1,1
t1_p511awz,0,0.02931223064661026,-3.5,0,0.13116160035133362,0,0.06773352815161206,english,comment,True,majority,3-0,0,0
t1_p7b1teo,0,0.13028542697429657,-1.8984375,0,0.4868248701095581,0,0.19431361025324032,taglish,comment,True,unanimous,3-0,0,0
t1_p7537xf,0,0.002251847181469202,-6.09375,0,0.03895600885152817,0,0.01030105611011823,taglish,comment,True,unanimous,3-0,0,0
t1_p76tjj1,0,0.0013250225456431508,-6.625,0,0.05735131725668907,0,0.006942392693453109,taglish,comment,True,majority,3-0,0,0
t3_1viin45,0,0.0011160142021253705,-6.796875,0,0.023367196321487427,0,0.006108766198952918,english,submission,True,unanimous,3-0,0,0
t1_p7itlm8,0,0.0008426423300988972,-7.078125,0,0.018369972705841064,0,0.004953956852246251,taglish,comment,True,majority,3-0,0,0
t1_p30b5x6,0,0.00130450667347759,-6.640625,0,0.04369986057281494,0,0.006862156516952526,taglish,comment,True,unanimous,3-0,0,0
t1_p7kdtat,0,0.007937993854284286,-4.828125,0,0.10183991491794586,0,0.02616021819323484,taglish,comment,True,majority,3-0,0,0
t1_p3jg6ib,0,0.0019877743907272816,-6.21875,0,0.029832784086465836,0,0.009388856452133908,taglish,comment,True,majority,3-0,0,0
t1_p51b42d,0,0.009125636890530586,-4.6875,0,0.10308906435966492,0,0.0289823615333465,english,comment,True,adjudicator,2-1,0,0
t1_p5j8j22,0,0.00214894930832088,-6.140625,0,0.02587856352329254,0,0.009949132644884997,taglish,comment,True,unanimous,3-0,0,0
t1_p74pqmh,0,0.06608537584543228,-2.6484375,0,0.4823508858680725,0,0.12088390696827844,tagalog,comment,True,adjudicator,2-1,0,1
t1_p7dnrk5,0,0.001032231142744422,-6.875,0,0.025510486215353012,0,0.005763497708455889,taglish,comment,True,unanimous,3-0,0,0
t1_p403hxf,0,0.007577240467071533,-4.875,0,0.10017667710781097,0,0.025280324796512977,english,comment,True,majority,3-0,0,0
t1_p7i4tmq,0,0.5648187398910522,0.2607421875,1,0.7880347967147827,1,0.5486792969889472,taglish,comment,True,adjudicator,2-1,0,1
t1_p5zu0gn,0,0.0006166296661831439,-7.390625,0,0.021138228476047516,0,0.003923996670538364,taglish,comment,True,unanimous,3-0,0,0
t1_p3vf3pc,0,0.001032231142744422,-6.875,0,0.031569406390190125,0,0.005763497708455889,taglish,comment,True,unanimous,3-0,0,0
t1_p77qzm1,0,0.0011695103021338582,-6.75,0,0.047197312116622925,0,0.006325715098743096,english,comment,True,majority,3-0,0,0
t1_p50f0y7,0,0.01640303246676922,-4.09375,0,0.3091954290866852,0,0.04449567494372924,taglish,comment,True,unanimous,3-0,0,0
t1_p51cx9a,0,0.01384861022233963,-4.265625,0,0.12613581120967865,0,0.03933133410143569,taglish,comment,True,majority,3-0,0,0
t1_p5pqaac,0,0.0006263342220336199,-7.375,0,0.022362694144248962,0,0.003970015567597095,taglish,comment,True,majority,3-0,0,0
t1_p616jzp,0,0.014957086183130741,-4.1875,0,0.18889105319976807,0,0.04160337379848945,taglish,comment,True,adjudicator,2-1,0,0
t1_p6ys9v5,0,0.000954731716774404,-6.953125,0,0.017549803480505943,0,0.005437637085272226,english,comment,True,unanimous,3-0,0,0
t1_p7i4ckh,0,0.008445627056062222,-4.765625,0,0.11199299991130829,0,0.02737988841155039,english,comment,True,majority,3-0,0,0
t1_p3xq6o6,0,0.0006878511630930007,-7.28125,0,0.02507304772734642,0,0.004257637165921209,taglish,comment,True,unanimous,3-0,0,0
t1_p7mid55,1,0.5759457945823669,0.30615234375,1,0.7719323635101318,1,0.5570887401387358,taglish,comment,True,adjudicator,2-1,1,1
t1_p74t9az,0,0.0014779430348426104,-6.515625,0,0.06355977058410645,0,0.007530734060740145,taglish,comment,True,majority,3-0,0,0
t1_p7ky524,0,0.0027576221618801355,-5.890625,0,0.05542172119021416,0,0.011973867714531792,taglish,comment,True,unanimous,3-0,0,0
t1_p519qku,0,0.001838665222749114,-6.296875,0,0.01611882448196411,0,0.008859849344304676,english,comment,True,majority,3-0,0,0
t1_p6cmyu9,0,0.0006563728675246239,-7.328125,0,0.024885525926947594,0,0.00411132231569428,taglish,comment,True,unanimous,3-0,0,0
t1_p5pfccl,0,0.001674399245530367,-6.390625,0,0.030508719384670258,0,0.00826390885960667,english,comment,True,majority,3-0,0,0
t1_p7kax5v,0,0.02517884038388729,-3.65625,0,0.2123357355594635,0,0.06070562163180529,taglish,comment,True,majority,3-0,0,0
t1_p7k3r6i,0,0.002217013156041503,-6.109375,0,0.0568297803401947,0,0.01018240045466772,english,comment,True,adjudicator,2-1,0,0
t1_p6oquzf,0,0.001032231142744422,-6.875,0,0.01471995934844017,0,0.005763497708455889,taglish,comment,True,majority,3-0,0,0
t1_p7mdh91,0,0.14080817997455597,-1.80859375,0,0.5180906057357788,0,0.20506808762750214,taglish,comment,True,adjudicator,2-1,0,0
t1_p77ttcl,0,0.0007437028689309955,-7.203125,0,0.01913353241980076,0,0.004513104959208384,english,comment,True,majority,3-0,0,0
t1_p6x4hml,0,0.004331502132117748,-5.4375,0,0.05072365328669548,0,0.01673259720212957,english,comment,True,majority,3-0,0,0
t1_p7i5trb,0,0.6546739935874939,0.6396484375,1,0.794992208480835,1,0.6175577418255735,tagalog,comment,True,adjudicator,2-1,0,0
t1_p3gv5a5,0,0.0019877743907272816,-6.21875,0,0.04107590392231941,0,0.009388856452133908,english,comment,True,majority,3-0,0,0
t1_p5d361k,0,0.0033766122069209814,-5.6875,0,0.030579403042793274,0,0.013914511705098519,taglish,comment,True,majority,3-0,0,0
t1_p5pzo7z,0,0.0015011822106316686,-6.5,0,0.020708996802568436,0,0.007618727650220669,english,comment,True,majority,3-0,0,0
t1_p7k9qph,0,0.00955939944833517,-4.640625,0,0.12792670726776123,0,0.029987141941164693,tagalog,comment,True,adjudicator,2-1,0,0
t1_p72wy0h,0,0.004007288720458746,-5.515625,0,0.0580424964427948,0,0.015796411423831536,taglish,comment,True,majority,3-0,0,0
t1_p3icjj8,0,0.0007793660624884069,-7.15625,0,0.01614021137356758,0,0.004673651455536427,taglish,comment,True,unanimous,3-0,0,0
t1_p511qag,0,0.051082734018564224,-2.921875,0,0.21352538466453552,0,0.10074872134331561,english,comment,True,adjudicator,2-1,0,0
t1_p41suvt,0,0.0029810327105224133,-5.8125,0,0.036308374255895615,0,0.012686427853579403,english,comment,True,majority,3-0,0,0
t1_p5ibfw2,0,0.002714985515922308,-5.90625,0,0.03460231423377991,0,0.011836173743242948,taglish,comment,True,majority,3-0,0,0
t1_p73gjdk,0,0.0026730059180408716,-5.921875,0,0.040448419749736786,0,0.01170004443872098,english,comment,True,majority,3-0,0,0
t1_p74tfnh,0,0.0011879054363816977,-6.734375,0,0.018555765971541405,0,0.006399719320588072,taglish,comment,True,unanimous,3-0,0,0
t1_p7kcbjl,0,0.013222821988165379,-4.3125,0,0.16774068772792816,0,0.03802573122811927,taglish,comment,True,majority,3-0,0,0
t1_p5pzvsc,0,0.001524786464869976,-6.484375,0,0.05357353389263153,0,0.0077077414242979645,taglish,comment,True,unanimous,3-0,0,0
t1_p4se7l8,1,0.9669140577316284,3.375,1,0.9671532511711121,1,0.9261084722757704,taglish,comment,True,unanimous,3-0,1,1
t1_p7i68z2,0,0.03358950838446617,-3.359375,0,0.23729822039604187,0,0.07469656128292845,taglish,comment,True,majority,3-0,0,0
t1_p50w0db,1,0.22000709176063538,-1.265625,0,0.4847809970378876,0,0.2792575379012705,english,comment,True,adjudicator,2-1,1,0
t1_p60419u,0,0.01956867426633835,-3.9140625,0,0.2636798024177551,0,0.05058294184229423,taglish,comment,True,adjudicator,2-1,0,0
t1_p72nurl,0,0.41982632875442505,-0.323486328125,0,0.6664748191833496,0,0.43970954687836367,taglish,comment,True,majority,3-0,0,0
t1_p2t7bog,0,0.0009697519708424807,-6.9375,0,0.04463360831141472,0,0.005501309247383878,taglish,comment,True,majority,3-0,0,0
t1_p3vjl3w,0,0.0012448433553799987,-6.6875,0,0.03542622923851013,0,0.006626932336174924,taglish,comment,True,majority,3-0,0,0
t1_p5zvoje,0,0.0029810327105224133,-5.8125,0,0.11308817565441132,0,0.012686427853579403,taglish,comment,True,majority,3-0,0,0
t1_p2ybi8j,0,0.0018969200318679214,-6.265625,0,0.04593922942876816,0,0.009067811682585967,english,comment,True,adjudicator,2-1,0,0
t1_p607m5q,0,0.005641908384859562,-5.171875,0,0.14254899322986603,0,0.020341748116036198,taglish,comment,True,unanimous,3-0,0,0
t1_p6scrqj,0,0.002217013156041503,-6.109375,0,0.02884785830974579,0,0.01018240045466772,tagalog,comment,True,majority,3-0,0,0
t1_p72vzbh,0,0.2024431973695755,-1.37109375,0,0.4463508725166321,0,0.26363511931718836,english,comment,True,adjudicator,2-1,0,1
t1_p5c7f23,0,0.04146227613091469,-3.140625,0,0.31729865074157715,0,0.08684265139354869,taglish,comment,True,unanimous,3-0,0,0
t1_p4s8zys,0,0.9130584001541138,2.3515625,1,0.9151159524917603,1,0.8534201145967576,tagalog,comment,True,adjudicator,2-1,0,1
t1_p4qzg0c,0,0.01912403479218483,-3.9375,0,0.12686051428318024,0,0.04974634041692687,tagalog,comment,True,adjudicator,2-1,0,0
t1_p4t4jul,0,0.7122321724891663,0.90625,1,0.7998313903808594,1,0.6634976979989544,taglish,comment,True,majority,3-0,0,0
t1_p7i6szx,0,0.029986508190631866,-3.4765625,0,0.2346692681312561,0,0.06885070891061511,taglish,comment,True,adjudicator,3-0,0,0
t1_p74to1m,0,0.010328153148293495,-4.5625,0,0.10089312493801117,0,0.031737231481715415,taglish,comment,True,adjudicator,2-1,0,0
t1_p4o3le5,0,0.031143829226493835,-3.4375,0,0.17811068892478943,0,0.07075065641317402,taglish,comment,True,majority,3-0,0,0
t1_p6d76ne,0,0.000503335555549711,-7.59375,0,0.01979934796690941,0,0.0033719558359747936,taglish,comment,True,unanimous,3-0,0,0
t1_p5dnuvy,0,0.0032224843744188547,-5.734375,0,0.03860323503613472,0,0.013440815311279984,taglish,comment,True,unanimous,3-0,0,0
t1_p72rnxm,1,0.37513402104377747,-0.51025390625,0,0.6411849856376648,0,0.4055822853533056,taglish,comment,True,majority,3-0,1,1
t1_p4rv6tw,1,0.6082450747489929,0.43994140625,1,0.7096648216247559,1,0.5816580717509146,tagalog,comment,True,adjudicator,2-1,1,1
t1_p6sehwy,0,0.0027576221618801355,-5.890625,0,0.02919451892375946,0,0.011973867714531792,english,comment,True,majority,3-0,0,0
t1_p77votq,0,0.0008295890875160694,-7.09375,0,0.017220549285411835,0,0.004896588555874046,taglish,comment,True,majority,3-0,0,0
t1_p77wqnl,0,0.010169658809900284,-4.578125,0,0.19343456625938416,0,0.03137948594809,taglish,comment,True,unanimous,3-0,0,0
t1_p516l0e,0,0.008711384609341621,-4.734375,0,0.058612942695617676,0,0.02801027616326973,english,comment,True,majority,3-0,0,0
t1_p602o0j,0,0.006003595422953367,-5.109375,0,0.1376035213470459,0,0.02129607556176179,taglish,comment,True,unanimous,3-0,0,0
t1_p77ydf9,0,0.0008040859247557819,-7.125,0,0.021189114078879356,0,0.0047838277507882745,taglish,comment,True,unanimous,3-0,0,0
t1_p3y6r7v,0,0.0028449094388633966,-5.859375,0,0.07182599604129791,0,0.012254019984483786,taglish,comment,True,unanimous,3-0,0,0
t1_p6sjv6d,0,0.19253934919834137,-1.43359375,0,0.5528531670570374,0,0.2546465878988988,taglish,comment,True,majority,3-0,0,0
t1_p6sqvf3,0,0.0028449094388633966,-5.859375,0,0.04596182703971863,0,0.012254019984483786,english,comment,True,majority,3-0,0,0
t1_p4rrt41,0,0.023689471185207367,-3.71875,0,0.149644672870636,0,0.05809008073496682,taglish,comment,True,adjudicator,2-1,0,1
t1_p72u7fx,0,0.014728614129126072,-4.203125,0,0.10428889095783234,0,0.04113914117147127,english,comment,True,majority,3-0,0,0
