reddit_fullname,y_true,prob,margin,pred,gate_conv,gate_temp,gate_ret,gate_null,pred_tuned,prob_cal,language,record_type,natural,resolved_by,sarcasm_votes,sarcastic_adjudicated,sarcastic_majority
t1_p170d0o,0,0.030675798654556274,-3.453125,0,0.01601378060877323,0.48590022325515747,0.48590022325515747,0.012185784988105297,0,0.06998493291195615,taglish,comment,True,majority,3-0,0,0
t1_p170sk2,0,0.030675798654556274,-3.453125,0,0.02602982148528099,0.48319435119628906,0.47712913155555725,0.013646702282130718,0,0.06998493291195615,tagalog,comment,True,majority,3-0,0,0
t1_p174s1z,0,0.029986508190631866,-3.4765625,0,0.023927079513669014,0.4841119050979614,0.48006075620651245,0.011900240555405617,0,0.06885070891061511,taglish,comment,True,unanimous,3-0,0,0
t1_p1753z6,0,0.023870835080742836,-3.7109375,0,0.018243158236145973,0.4998125731945038,0.4678245782852173,0.014119705185294151,0,0.05841114774575512,taglish,comment,True,majority,3-0,0,0
t1_p179xnz,0,0.6727617979049683,0.720703125,1,0.30645161867141724,0.36021506786346436,0.3154121935367584,0.017921147868037224,1,0.6317931785279999,tagalog,comment,True,majority,3-0,0,0
t1_p1803rr,0,0.024053553119301796,-3.703125,0,0.014150643721222878,0.4893711507320404,0.48124879598617554,0.015229392796754837,0,0.05873387865683369,taglish,comment,True,majority,3-0,0,0
t1_p1m5x7f,0,0.1250653862953186,-1.9453125,0,0.08491839468479156,0.45747944712638855,0.4456988573074341,0.011903300881385803,0,0.18887484827032464,tagalog,comment,True,unanimous,3-0,0,0
t1_p1t5z9b,0,0.03760863468050957,-3.2421875,0,0.02914598397910595,0.4785541594028473,0.47448134422302246,0.017818504944443703,0,0.08099558809348903,taglish,comment,True,unanimous,3-0,0,0
t1_p1t667x,0,0.018404891714453697,-3.9765625,0,0.02004578337073326,0.49693745374679565,0.46724000573158264,0.015776773914694786,0,0.04838107837162765,taglish,comment,True,majority,3-0,0,0
t1_p1tc4gj,0,0.1233656257390976,-1.9609375,0,0.08564356714487076,0.4574257433414459,0.44356435537338257,0.013366336934268475,0,0.18708807626015714,english,comment,True,majority,3-0,0,0
t1_p1tgod4,0,0.08570928126573563,-2.3671875,0,0.057615768164396286,0.4690125584602356,0.45890453457832336,0.014467117376625538,0,0.14512164133272337,tagalog,comment,True,adjudicator,2-1,0,0
t1_p1tx8go,0,0.10017221421003342,-2.1953125,0,0.0703900158405304,0.4672698974609375,0.4492979645729065,0.01304212212562561,0,0.16183656716739067,tagalog,comment,True,unanimous,3-0,0,0
t1_p1u8a4a,0,0.0753123015165329,-2.5078125,0,0.056143805384635925,0.48657965660095215,0.43536075949668884,0.02191578410565853,0,0.13253405674532912,english,comment,True,majority,3-0,0,0
t1_p1xk6cu,0,0.014063626527786255,-4.25,0,0.008226806297898293,0.488039493560791,0.4900645613670349,0.013669155538082123,0,0.03977601286698117,taglish,comment,True,unanimous,3-0,0,0
t1_p1xs63v,0,0.1937568634748459,-1.42578125,0,0.1016574576497078,0.48520565032958984,0.39680784940719604,0.01632903702557087,0,0.25575904640778063,tagalog,comment,True,adjudicator,2-1,0,0
t1_p1yfwf0,0,0.8529354929924011,1.7578125,1,0.3856993019580841,0.3223477303981781,0.2645860016345978,0.02736694924533367,1,0.7886607271288552,tagalog,comment,True,adjudicator,2-1,0,1
t1_p21vsuy,0,0.103748619556427,-2.15625,0,0.043241843581199646,0.4722941517829895,0.4557224214076996,0.028741585090756416,0,0.1658454567919136,tagalog,comment,True,adjudicator,2-1,0,0
t1_p225yow,0,0.03210070729255676,-3.40625,0,0.025169895961880684,0.48527559638023376,0.47923484444618225,0.010319657623767853,0,0.0723053683607772,taglish,comment,True,majority,3-0,0,0
t1_p226o49,0,0.020645931363105774,-3.859375,0,0.02198888175189495,0.49808523058891296,0.47041383385658264,0.009512044489383698,0,0.05258708638282998,taglish,comment,True,unanimous,3-0,0,0
t1_p22gufq,0,0.5994850993156433,0.4033203125,1,0.25803273916244507,0.3919734060764313,0.32500308752059937,0.024990767240524292,1,0.5749677342042584,tagalog,comment,True,adjudicator,2-1,0,0
t1_p27676o,0,0.017045317217707634,-4.0546875,0,0.024474862962961197,0.4783952534198761,0.4824323356151581,0.014697534032166004,0,0.04575656697670378,tagalog,comment,True,adjudicator,3-0,0,0
t1_p27mq1d,0,0.17441026866436005,-1.5546875,0,0.130239337682724,0.4354270398616791,0.41210058331489563,0.02223302237689495,0,0.237814384824974,taglish,comment,True,unanimous,3-0,0,0
t1_p27mrqh,0,0.06608537584543228,-2.6484375,0,0.05253807082772255,0.46700507402420044,0.4629441499710083,0.017512690275907516,0,0.12088390696827844,taglish,comment,True,adjudicator,2-1,0,1
t1_p27mvrh,0,0.18653921782970428,-1.47265625,0,0.1128828153014183,0.4434320330619812,0.42115920782089233,0.02252594195306301,0,0.24913225321094667,taglish,comment,True,unanimous,3-0,0,0
t1_p27n0ke,0,0.42256420850753784,-0.312255859375,0,0.20067889988422394,0.44554397463798523,0.3406018018722534,0.013175305910408497,0,0.4417833409216012,taglish,comment,True,adjudicator,2-1,0,0
t1_p27u5zq,1,0.14366762340068817,-1.78515625,0,0.10099408775568008,0.44886258244514465,0.4371531307697296,0.01299018133431673,0,0.20794517966504938,taglish,comment,True,unanimous,3-0,1,1
t1_p27yi19,0,0.4562280774116516,-0.175537109375,0,0.1927710771560669,0.43278998136520386,0.355303555727005,0.0191353652626276,0,0.46717123470611327,tagalog,comment,True,majority,3-0,0,0
t1_p27zybu,0,0.18535661697387695,-1.48046875,0,0.11503010988235474,0.45225512981414795,0.4227602183818817,0.009954528883099556,0,0.24803901238971568,tagalog,comment,True,adjudicator,2-1,0,1
t1_p2800xg,0,0.5783290863037109,0.31591796875,1,0.22280912101268768,0.4110444188117981,0.3495798408985138,0.016566626727581024,1,0.5588931230075211,taglish,comment,True,unanimous,3-0,0,0
t1_p2801kr,0,0.2708657681941986,-0.990234375,0,0.12741975486278534,0.4626317024230957,0.39010047912597656,0.01984807662665844,0,0.32260244508001346,tagalog,comment,True,adjudicator,2-1,0,0
t1_p2861tb,0,0.8484706878662109,1.72265625,1,0.41965973377227783,0.29300567507743835,0.24952740967273712,0.03780718520283699,1,0.784237564767207,taglish,comment,True,adjudicator,2-1,0,1
t1_p2876z5,0,0.019870713353157043,-3.8984375,0,0.024352556094527245,0.4924902617931366,0.4727115333080292,0.010445639491081238,0,0.05114805796446534,taglish,comment,True,adjudicator,2-1,0,0
t1_p292hor,0,0.018264278769493103,-3.984375,0,0.021401146426796913,0.4793856739997864,0.4834141135215759,0.015799080953001976,0,0.0481123262994903,taglish,comment,True,unanimous,3-0,0,0
t1_p2e3ng6,0,0.012821215204894543,-4.34375,0,0.011311505921185017,0.4866461455821991,0.4886570870876312,0.013385282829403877,0,0.037178561446541046,tagalog,comment,True,adjudicator,3-0,0,0
t1_p2e6wb4,0,0.012241275049746037,-4.390625,0,0.018463073298335075,0.4830339252948761,0.485029935836792,0.013473053462803364,0,0.03594174622161488,taglish,comment,True,majority,3-0,0,0
t1_p2ejama,0,0.015072628855705261,-4.1796875,0,0.012807571329176426,0.48656150698661804,0.48656150698661804,0.01406940072774887,0,0.041837365350544393,tagalog,comment,True,majority,3-0,0,0
t1_p2f6nj0,0,0.007460643537342548,-4.890625,0,0.009494450874626637,0.4971639811992645,0.4794081449508667,0.013933415524661541,0,0.02499348349390211,english,comment,True,majority,3-0,0,0
t1_p2f72om,0,0.006797531619668007,-4.984375,0,0.008260386995971203,0.499075323343277,0.4793490469455719,0.013315251097083092,0,0.023337898196897935,taglish,comment,True,unanimous,3-0,0,0
t1_p2f82p9,0,0.058345843106508255,-2.78125,0,0.03628401458263397,0.4984673261642456,0.4504222571849823,0.014826400205492973,0,0.11070270904364289,taglish,comment,True,adjudicator,2-1,0,0
t1_p2fjeqv,0,0.010986942797899246,-4.5,0,0.02674155868589878,0.49233776330947876,0.46693935990333557,0.013981317169964314,0,0.033208052663887364,english,comment,True,majority,3-0,0,0
t1_p2fvg69,0,0.04958902671933174,-2.953125,0,0.04899497330188751,0.4623115658760071,0.4643216133117676,0.024371858686208725,0,0.09864745374865584,tagalog,comment,True,adjudicator,2-1,0,0
t1_p2h3oav,0,0.011869121342897415,-4.421875,0,0.02373959869146347,0.4894762635231018,0.46989721059799194,0.016886930912733078,0,0.03513930927505064,taglish,comment,True,unanimous,3-0,0,0
t1_p2hmf6m,0,0.01615283451974392,-4.109375,0,0.022354787215590477,0.4822605848312378,0.4822605848312378,0.013124018907546997,0,0.04400065019258756,taglish,comment,True,unanimous,3-0,0,0
t1_p2id2ht,0,0.1672186702489853,-1.60546875,0,0.12404568493366241,0.4450494050979614,0.42042967677116394,0.010475232265889645,0,0.23098768346430848,english,comment,True,majority,3-0,0,0
t1_p2kp7px,0,0.01590639352798462,-4.125,0,0.011030809953808784,0.4828198254108429,0.48890578746795654,0.01724356599152088,0,0.0435108819223144,english,comment,True,majority,3-0,0,0
t1_p2kqqji,0,0.048136770725250244,-2.984375,0,0.0397120863199234,0.49044427275657654,0.4527178108692169,0.01712583750486374,0,0.09658530418371278,english,comment,True,majority,3-0,0,0
t1_p2lr6vc,0,0.07978201657533646,-2.4453125,0,0.03557617962360382,0.4743490517139435,0.4681619107723236,0.021912863478064537,0,0.1380103582469899,taglish,comment,True,majority,3-0,0,0
t1_p2n5l9y,0,0.01342825498431921,-4.296875,0,0.02207888849079609,0.4822624623775482,0.4822624623775482,0.013396179303526878,0,0.03845623978795531,taglish,comment,True,majority,3-0,0,0
t1_p2or0l1,0,0.13706977665424347,-1.83984375,0,0.09309811145067215,0.4555864930152893,0.4377592206001282,0.01355617493391037,0,0.20127807359225033,taglish,comment,True,unanimous,3-0,0,0
t1_p2r1osy,0,0.6136996746063232,0.462890625,1,0.25939714908599854,0.38813498616218567,0.33241263031959534,0.020055241882801056,1,0.5858355859122488,taglish,comment,True,majority,3-0,0,0
t1_p2r1vu0,0,0.7110297679901123,0.900390625,1,0.33150970935821533,0.3333721458911896,0.30729833245277405,0.027819812297821045,1,0.6625169426407929,tagalog,comment,True,unanimous,3-0,0,0
t1_p2r1wa5,0,0.405213326215744,-0.3837890625,0,0.1430201530456543,0.446304053068161,0.3895017206668854,0.021174084395170212,0,0.4286118710726996,tagalog,comment,True,majority,3-0,0,0
t1_p2r3dxn,0,0.14560064673423767,-1.76953125,0,0.1177472323179245,0.43790292739868164,0.41649433970451355,0.027855491265654564,0,0.2098797175124836,tagalog,comment,True,unanimous,3-0,0,0
t1_p2regbb,0,0.6909762620925903,0.8046875,1,0.32365715503692627,0.3547428548336029,0.2980571389198303,0.02354285679757595,1,0.6463045243432788,tagalog,comment,True,majority,3-0,0,0
t1_p2remor,0,0.07807817310094833,-2.46875,0,0.09181515872478485,0.45037752389907837,0.4445786774158478,0.01322863157838583,0,0.1359348084431743,english,comment,True,adjudicator,2-1,0,0
t1_p2repsp,0,0.04240382835268974,-3.1171875,0,0.03262931481003761,0.47755154967308044,0.47755154967308044,0.012267610989511013,0,0.08824517950541334,taglish,comment,True,majority,3-0,0,0
t1_p2rgdnv,0,0.0427221953868866,-3.109375,0,0.035224806517362595,0.49413952231407166,0.458418607711792,0.012217054143548012,0,0.0887172170607258,tagalog,comment,True,unanimous,3-0,0,0
t1_p2ri7dc,0,0.45007988810539246,-0.200347900390625,0,0.2353450208902359,0.41358426213264465,0.3339822590351105,0.017088470980525017,0,0.46254744807443643,tagalog,comment,True,adjudicator,2-1,0,0
t1_p2s1lp7,0,0.8844391107559204,2.03515625,1,0.42589667439460754,0.31581321358680725,0.2364087551832199,0.02188134379684925,1,0.8212213897973205,tagalog,comment,True,adjudicator,2-1,0,0
t1_p2s2gzc,0,0.32809871435165405,-0.716796875,0,0.15510451793670654,0.4304150342941284,0.40327173471450806,0.011208724230527878,0,0.3688878492902332,english,comment,True,adjudicator,2-1,0,0
t1_p2s2ocq,0,0.008985428139567375,-4.703125,0,0.010651473887264729,0.4993807375431061,0.4775823652744293,0.012385434471070766,0,0.028654750206493915,taglish,comment,True,unanimous,3-0,0,0
t1_p2s61ly,0,0.13846179842948914,-1.828125,0,0.05082135647535324,0.47433266043663025,0.46201232075691223,0.012833675369620323,0,0.20269315636854987,taglish,comment,True,unanimous,3-0,0,0
t1_p2s699m,0,0.014957086183130741,-4.1875,0,0.012976530939340591,0.5006829500198364,0.47485408186912537,0.011486402712762356,0,0.04160337379848945,taglish,comment,True,unanimous,3-0,0,0
t1_p2sl5gs,0,0.13206616044044495,-1.8828125,0,0.08812610059976578,0.45767146348953247,0.4440387189388275,0.010163715109229088,0,0.19615273810105702,taglish,comment,True,majority,3-0,0,0
t1_p2sn4ye,0,0.023330770432949066,-3.734375,0,0.012851354666054249,0.4882248640060425,0.4882248640060425,0.010698910802602768,0,0.057452908921270876,taglish,comment,True,unanimous,3-0,0,0
t1_p2sv6o3,0,0.1352320909500122,-1.85546875,0,0.0745326355099678,0.4707324504852295,0.43935027718544006,0.015384615398943424,0,0.19940281119015418,taglish,comment,True,majority,3-0,0,0
t1_p2sw82v,1,0.07263670861721039,-2.546875,0,0.05550416186451912,0.4716620445251465,0.4637681245803833,0.009065680205821991,0,0.12920566145368317,taglish,comment,True,adjudicator,2-1,1,1
t1_p2t5hqv,0,0.01342825498431921,-4.296875,0,0.023742929100990295,0.48132264614105225,0.48132264614105225,0.01361178420484066,0,0.03845623978795531,taglish,comment,True,majority,3-0,0,0
t1_p2t7bog,0,0.017309095710515976,-4.0390625,0,0.01445678435266018,0.5003412365913391,0.47453001141548157,0.01067196112126112,0,0.046270390356679215,taglish,comment,True,majority,3-0,0,0
t1_p2tp8go,0,0.022977370768785477,-3.75,0,0.03513174504041672,0.4717691242694855,0.47578418254852295,0.017314931377768517,0,0.0568223044252538,taglish,comment,True,majority,3-0,0,0
t1_p2tp8yk,0,0.11676401644945145,-2.0234375,0,0.07124175131320953,0.4702951908111572,0.4463818669319153,0.01208120584487915,0,0.18007117284089638,english,comment,True,adjudicator,2-1,0,0
t1_p2tsbrl,0,0.007937993854284286,-4.828125,0,0.010120958089828491,0.4996297359466553,0.4779067039489746,0.012342631816864014,0,0.02616021819323484,taglish,comment,True,unanimous,3-0,0,0
t1_p2tsh2r,0,0.16132023930549622,-1.6484375,0,0.107604019343853,0.44571974873542786,0.4323290288448334,0.014347202144563198,0,0.22531923910100615,english,comment,True,majority,3-0,0,0
t1_p2tsuch,0,0.7799928784370422,1.265625,1,0.3513960838317871,0.3425670564174652,0.28429532051086426,0.021741529926657677,1,0.7207424620987296,taglish,comment,True,majority,3-0,0,0
t1_p2u0kv1,0,0.015424554236233234,-4.15625,0,0.022839313372969627,0.483244925737381,0.48124805092811584,0.012667707167565823,0,0.042546914139551965,taglish,comment,True,majority,3-0,0,0
t1_p2u10do,0,0.07807817310094833,-2.46875,0,0.05366949737071991,0.47129306197166443,0.4633050560951233,0.011732401326298714,0,0.1359348084431743,tagalog,comment,True,adjudicator,2-1,0,0
t1_p2ubaij,0,0.035678550601005554,-3.296875,0,0.09831245988607407,0.44781559705734253,0.44405245780944824,0.009819486178457737,0,0.07799790186416966,taglish,comment,True,majority,3-0,0,0
t1_p2ufm58,0,0.012821215204894543,-4.34375,0,0.019980020821094513,0.4795204699039459,0.48551449179649353,0.01498501468449831,0,0.037178561446541046,english,comment,True,majority,3-0,0,0
t1_p2ufyli,0,0.01342825498431921,-4.296875,0,0.021375752985477448,0.48120301961898804,0.4851799011230469,0.012241346761584282,0,0.03845623978795531,english,comment,True,majority,3-0,0,0
t1_p2uhq0y,1,0.12294380366802216,-1.96484375,0,0.08369019627571106,0.46005138754844666,0.44439005851745605,0.01186834741383791,0,0.1866434217906247,english,comment,True,majority,3-0,1,1
t1_p2ultws,0,0.03138043358922005,-3.4296875,0,0.012630634009838104,0.48829904198646545,0.48624736070632935,0.012822979129850864,0,0.07113641429428318,taglish,comment,True,unanimous,3-0,0,0
t1_p2umwyx,0,0.03308597952127457,-3.375,0,0.057946208864450455,0.46552568674087524,0.4596576988697052,0.016870414838194847,0,0.07389152772422952,taglish,comment,True,unanimous,3-0,0,0
t1_p2unb9d,0,0.8050197958946228,1.41796875,1,0.34586307406425476,0.3884570300579071,0.24534128606319427,0.020338622853159904,1,0.7431253100558116,taglish,comment,True,majority,3-0,0,0
t1_p2uwcht,0,0.015306354500353336,-4.1640625,0,0.025302255526185036,0.4786239564418793,0.4786239564418793,0.01744983159005642,0,0.042309129394895305,taglish,comment,True,majority,3-0,0,0
t1_p2uyzyj,1,0.015306354500353336,-4.1640625,0,0.022699082270264626,0.4822624623775482,0.4822624623775482,0.012775986455380917,0,0.042309129394895305,tagalog,comment,True,adjudicator,2-1,1,0
t1_p2v9pmv,0,0.014281933195888996,-4.234375,0,0.007529739290475845,0.4900025427341461,0.4879777133464813,0.014490002766251564,0,0.04022550864147266,taglish,comment,True,majority,3-0,0,0
t1_p2vg49l,0,0.09268777817487717,-2.28125,0,0.07613005489110947,0.45482829213142395,0.45482829213142395,0.014213384129106998,0,0.15329262044406342,english,comment,True,unanimous,3-0,0,0
t1_p2vijjk,0,0.1766716092824936,-1.5390625,0,0.10691515356302261,0.44727808237075806,0.433545857667923,0.012260911986231804,0,0.23994262022868393,taglish,comment,True,adjudicator,2-1,0,0
t1_p2vjmz5,0,0.03138043358922005,-3.4296875,0,0.04772207513451576,0.4688137471675873,0.4688137471675873,0.014650429598987103,0,0.07113641429428318,tagalog,comment,True,majority,3-0,0,0
t1_p2vofl1,0,0.08035747706890106,-2.4375,0,0.030637098476290703,0.4819895029067993,0.4758364260196686,0.011536982841789722,0,0.13870809956751498,taglish,comment,True,majority,3-0,0,0
t1_p2wekrp,0,0.029535338282585144,-3.4921875,0,0.03547339513897896,0.47364476323127747,0.4756432771682739,0.015238570980727673,0,0.06810404121342764,english,comment,True,majority,3-0,0,0
t1_p2wkldr,1,0.7450275421142578,1.072265625,1,0.3360539674758911,0.34650126099586487,0.3029709458351135,0.014473827555775642,1,0.6906781428809879,taglish,comment,True,unanimous,3-0,1,1
t1_p2wzjy8,0,0.04054073989391327,-3.1640625,0,0.049789492040872574,0.4842272400856018,0.4529867470264435,0.012996521778404713,0,0.085460325029733,english,comment,True,adjudicator,2-1,0,1
t1_p2x2qxx,0,0.031143829226493835,-3.4375,0,0.03063153848052025,0.4820370674133301,0.47598639130592346,0.011345014907419682,0,0.07075065641317402,taglish,comment,True,unanimous,3-0,0,0
t1_p2x47yo,0,0.5035399794578552,0.01416015625,1,0.2695547640323639,0.3710753619670868,0.33781862258911133,0.021551253274083138,1,0.5026520079201835,english,comment,True,majority,3-0,0,0
t1_p2x9kms,0,0.043691061437129974,-3.0859375,0,0.03912412375211716,0.46847984194755554,0.47655707597732544,0.01583896018564701,0,0.09014703110634038,taglish,comment,True,unanimous,3-0,0,0
t1_p2xa3p1,0,0.1859472095966339,-1.4765625,0,0.060301508754491806,0.4722345769405365,0.45391514897346497,0.013548756018280983,0,0.2485852306326281,english,comment,True,majority,3-0,0,0
t1_p2xcwww,0,0.2849738299846649,-0.919921875,0,0.149867445230484,0.4467746615409851,0.38833579421043396,0.015022091567516327,0,0.33421935450536616,taglish,comment,True,unanimous,3-0,0,0
t1_p2xicor,0,0.7453983426094055,1.07421875,1,0.35247981548309326,0.33402538299560547,0.2749711573123932,0.03852364420890808,1,0.690990654355251,tagalog,comment,True,adjudicator,2-1,0,0
t1_p2xls51,0,0.03161877021193504,-3.421875,0,0.038384344428777695,0.47165077924728394,0.4736578166484833,0.016307074576616287,0,0.07152411357556374,taglish,comment,True,adjudicator,2-1,0,0
t1_p2xq8v7,0,0.016657039523124695,-4.078125,0,0.025250326842069626,0.48162198066711426,0.48162198066711426,0.011505690403282642,0,0.04499600679287852,tagalog,comment,True,adjudicator,2-1,0,0
t1_p2y196r,0,0.02460992895066738,-3.6796875,0,0.017526034265756607,0.4856489598751068,0.48158496618270874,0.015240030363202095,0,0.05971212886302601,taglish,comment,True,majority,3-0,0,0
t1_p2y2mmi,0,0.06097517907619476,-2.734375,0,0.0659722238779068,0.4583333432674408,0.454365074634552,0.021329365670681,0,0.11420740374662035,tagalog,comment,True,majority,3-0,0,0
t1_p2y4mmb,0,0.027169233188033104,-3.578125,0,0.02988620661199093,0.47817930579185486,0.4801800549030304,0.011754407547414303,0,0.06412995799131095,taglish,comment,True,unanimous,3-0,0,0
t1_p2y5zbe,0,0.043691061437129974,-3.0859375,0,0.04025594890117645,0.47710752487182617,0.4711436927318573,0.011492825113236904,0,0.09014703110634038,taglish,comment,True,adjudicator,2-1,0,0
t1_p2y64j1,0,0.012821215204894543,-4.34375,0,0.01749671995639801,0.4839092791080475,0.4859088957309723,0.012685121968388557,0,0.037178561446541046,taglish,comment,True,majority,3-0,0,0
t1_p2y9hhq,0,0.020177319645881653,-3.8828125,0,0.014715169556438923,0.48705318570137024,0.48705318570137024,0.011178476735949516,0,0.05171914367653667,tagalog,comment,True,adjudicator,2-1,0,0
t1_p2ybi8j,0,0.008985428139567375,-4.703125,0,0.010006176307797432,0.5000617504119873,0.4783199429512024,0.01161210611462593,0,0.028654750206493915,english,comment,True,adjudicator,2-1,0,0
t1_p2yg5kp,0,0.01590639352798462,-4.125,0,0.015810027718544006,0.48576468229293823,0.48374906182289124,0.01467624120414257,0,0.0435108819223144,taglish,comment,True,majority,3-0,0,0
t1_p2yjd22,0,0.3350244164466858,-0.685546875,0,0.21942956745624542,0.3933996260166168,0.3706698715686798,0.0165009293705225,0,0.3743546967750115,english,comment,True,adjudicator,2-1,0,1
t1_p2yp9nz,0,0.9213575720787048,2.4609375,1,0.43478259444236755,0.2971014380455017,0.23731884360313416,0.03079710155725479,1,0.8633762804460545,taglish,comment,True,adjudicator,2-1,0,1
t1_p2yph9l,0,0.027585282921791077,-3.5625,0,0.017249999567866325,0.4959999918937683,0.47600001096725464,0.01075000036507845,0,0.06483608668244899,tagalog,comment,True,unanimous,3-0,0,0
t1_p2ypp7m,0,0.6667138338088989,0.693359375,1,0.27511483430862427,0.4089035391807556,0.29207396507263184,0.02390766702592373,1,0.6270150864740008,tagalog,comment,True,majority,3-0,0,0
t1_p2ypqtn,0,0.6791787147521973,0.75,1,0.3107790946960449,0.3739594519138336,0.30053362250328064,0.01472785510122776,1,0.6368839909565778,tagalog,comment,True,adjudicator,2-1,0,0
t1_p2ypu78,1,0.3289604187011719,-0.712890625,0,0.0920475497841835,0.4760027825832367,0.41904520988464355,0.0129044558852911,0,0.36956939990778476,tagalog,comment,True,unanimous,3-0,1,1
t1_p2ytd7e,0,0.02161533385515213,-3.8125,0,0.02704225294291973,0.4807511866092682,0.4807511866092682,0.011455398984253407,0,0.05436439490151039,taglish,comment,True,adjudicator,2-1,0,0
t1_p2zj4x8,1,0.8940516710281372,2.1328125,1,0.4115004539489746,0.3270440399646759,0.23000898957252502,0.03144654259085655,1,0.8317112443940373,tagalog,comment,True,adjudicator,3-0,1,1
t1_p2zqdyp,0,0.3170032501220703,-0.767578125,0,0.12377209961414337,0.4675835072994232,0.3909626603126526,0.017681729048490524,0,0.3600760992309989,taglish,comment,True,adjudicator,2-1,0,0
t1_p2zr4tg,1,0.05541279539465904,-2.8359375,0,0.036381885409355164,0.4817463159561157,0.4717099368572235,0.010161836631596088,0,0.10673324088821476,english,comment,True,adjudicator,2-1,1,0
t1_p2zvr2s,0,0.014063626527786255,-4.25,0,0.009876077063381672,0.489148885011673,0.489148885011673,0.01182613056153059,0,0.03977601286698117,tagalog,comment,True,adjudicator,2-1,0,0
t1_p2zvy8a,1,0.5065914392471313,0.0263671875,1,0.2653742730617523,0.4049542248249054,0.30500808358192444,0.02466343529522419,1,0.5049381073904727,english,comment,True,majority,3-0,1,1
t1_p2zw8oh,0,0.023330770432949066,-3.734375,0,0.021384993568062782,0.48707467317581177,0.48103654384613037,0.010503805242478848,0,0.057452908921270876,tagalog,comment,True,adjudicator,3-0,0,0
t1_p2zx3qg,0,0.24725964665412903,-1.11328125,0,0.13882027566432953,0.4395975172519684,0.4087485671043396,0.012833644635975361,0,0.30279603202824007,tagalog,comment,True,adjudicator,2-1,0,0
t1_p2zy5gz,0,0.02178117074072361,-3.8046875,0,0.022655759006738663,0.47929516434669495,0.4813089966773987,0.016740087419748306,0,0.05466606495702603,english,comment,True,majority,3-0,0,0
t1_p300iwt,0,0.15052762627601624,-1.73046875,0,0.07498417049646378,0.49651679396629333,0.4073464274406433,0.02115262858569622,0,0.21477374277083472,taglish,comment,True,majority,3-0,0,0
t1_p300myd,0,0.0333368256688118,-3.3671875,0,0.02120758406817913,0.4910179674625397,0.45708581805229187,0.03068862296640873,0,0.0742930416111243,taglish,comment,True,majority,3-0,0,0
t1_p300sau,0,0.014503578655421734,-4.21875,0,0.014187472872436047,0.4976147711277008,0.47580695152282715,0.012390806339681149,0,0.04067986882402621,english,comment,True,majority,3-0,0,0
t1_p300zhn,0,0.008187909610569477,-4.796875,0,0.01671069674193859,0.49738895893096924,0.47379738092422485,0.012102967128157616,0,0.02676329726778762,taglish,comment,True,majority,3-0,0,0
t1_p301ybi,0,0.007345826830714941,-4.90625,0,0.009494450874626637,0.4971639811992645,0.4794081449508667,0.013933415524661541,0,0.02470981430760416,english,comment,True,majority,3-0,0,0
t1_p3069ki,0,0.03384403511881828,-3.3515625,0,0.019046418368816376,0.48637738823890686,0.4843592345714569,0.010216952301561832,0,0.0751020948441399,taglish,comment,True,adjudicator,3-0,0,0
t1_p309v85,1,0.6984323263168335,0.83984375,1,0.3070196807384491,0.37503036856651306,0.30119019746780396,0.016759777441620827,1,0.6523016731953422,tagalog,comment,True,unanimous,3-0,1,1
t1_p30apmw,0,0.00955939944833517,-4.640625,0,0.011831020936369896,0.4995044469833374,0.47770068049430847,0.01096382550895214,0,0.029987141941164693,taglish,comment,True,unanimous,3-0,0,0
t1_p30b0xz,0,0.0071214293129742146,-4.9375,0,0.007352486718446016,0.5002162456512451,0.48044484853744507,0.011986407451331615,0,0.02415185972281284,tagalog,comment,True,adjudicator,3-0,0,0
t1_p30b5x6,0,0.008315778337419033,-4.78125,0,0.009825125336647034,0.49632328748703003,0.48050424456596375,0.013347339816391468,0,0.027069886167298093,taglish,comment,True,unanimous,3-0,0,0
t1_p30cf5s,0,0.017176708206534386,-4.046875,0,0.013812325894832611,0.49550944566726685,0.4717249870300293,0.0189532358199358,0,0.046012796033967227,taglish,comment,True,majority,3-0,0,0
t1_p30k7eg,0,0.28776782751083374,-0.90625,0,0.14874467253684998,0.4661298096179962,0.373282790184021,0.011842728592455387,0,0.3365023020010456,taglish,comment,True,majority,3-0,0,0
t1_p30kfc2,0,0.5439838767051697,0.1763916015625,1,0.2713465392589569,0.37954166531562805,0.33660709857940674,0.012504695914685726,1,0.5329881084982809,english,comment,True,adjudicator,2-1,0,0
t1_p30kfxi,1,0.13386748731136322,-1.8671875,0,0.07112014293670654,0.46329692006111145,0.4490728974342346,0.01651003211736679,0,0.19800499491514867,tagalog,comment,True,majority,3-0,1,1
t1_p30kkmz,0,0.015663648024201393,-4.140625,0,0.015551424585282803,0.49566295742988586,0.4758364260196686,0.012949194759130478,0,0.04302631987243452,english,comment,True,majority,3-0,0,0
t1_p30l3p2,0,0.5350376963615417,0.140380859375,1,0.2955326437950134,0.35567009449005127,0.3144329786300659,0.034364260733127594,1,0.5262674988356528,english,comment,True,unanimous,3-0,0,0
t1_p30l6ra,0,0.7866228222846985,1.3046875,1,0.36995282769203186,0.34050384163856506,0.2705625295639038,0.018980789929628372,1,0.7265942512952248,tagalog,comment,True,adjudicator,2-1,0,1
t1_p30lg6j,0,0.03308597952127457,-3.375,0,0.06305558979511261,0.4741021692752838,0.4532416760921478,0.009600568562746048,0,0.07389152772422952,english,comment,True,majority,3-0,0,0
t1_p30lyie,0,0.012241275049746037,-4.390625,0,0.0109658632427454,0.49959731101989746,0.4777894914150238,0.011647357605397701,0,0.03594174622161488,taglish,comment,True,majority,3-0,0,0
t1_p30m1mi,0,0.7490872144699097,1.09375,1,0.35050639510154724,0.3346543312072754,0.28357550501823425,0.03126376122236252,1,0.694106134354209,english,comment,True,adjudicator,2-1,0,0
t1_p30mdif,0,0.5429693460464478,0.17230224609375,1,0.20080813765525818,0.42512550950050354,0.3526386618614197,0.02142769657075405,1,0.5322254770502577,english,comment,True,adjudicator,2-1,0,1
t1_p30mnwp,1,0.023153413087129593,-3.7421875,0,0.02213788777589798,0.4796963930130005,0.4817204177379608,0.016445288434624672,0,0.05713678942068834,english,comment,True,majority,3-0,1,1
t1_p30mv2j,0,0.024053553119301796,-3.703125,0,0.03475886210799217,0.47669294476509094,0.47669294476509094,0.01185525394976139,0,0.05873387865683369,taglish,comment,True,majority,3-0,0,0
t1_p30ncdf,1,0.7439128756523132,1.06640625,1,0.3311105966567993,0.35318464040756226,0.2961600422859192,0.019544722512364388,1,0.689739562640065,taglish,comment,True,adjudicator,2-1,1,1
t1_p30o96b,0,0.012624949216842651,-4.359375,0,0.019377421587705612,0.4820602536201477,0.48606076836586,0.01250156294554472,0,0.036761809350129786,taglish,comment,True,unanimous,3-0,0,0
t1_p30on4g,1,0.8610715270042419,1.82421875,1,0.40499433875083923,0.3087400794029236,0.2578887641429901,0.02837684378027916,1,0.7968335036906217,english,comment,True,majority,3-0,1,1
t1_p30p5db,0,0.00970847625285387,-4.625,0,0.012849677354097366,0.4957885146141052,0.47808176279067993,0.013280048966407776,0,0.03032951092726271,english,comment,True,majority,3-0,0,0
t1_p31h3ut,0,0.018546564504504204,-3.96875,0,0.03262722119688988,0.48697346448898315,0.45775505900382996,0.022644266486167908,0,0.048651254945635436,english,comment,True,majority,3-0,0,0
t1_p3239ik,1,0.04672495648264885,-3.015625,0,0.041080541908741,0.4800199270248413,0.4680692255496979,0.010830325074493885,0,0.09456173981316968,english,comment,True,adjudicator,2-1,1,1
t1_p32did0,0,0.36954259872436523,-0.5341796875,0,0.15818092226982117,0.4270884692668915,0.3934750258922577,0.021255560219287872,0,0.4012684683326934,taglish,comment,True,unanimous,3-0,0,0
t1_p32ojum,0,0.026963496580719948,-3.5859375,0,0.03244929760694504,0.48124805092811584,0.47525739669799805,0.011045241728425026,0,0.06377958579438398,taglish,comment,True,majority,3-0,0,0
t1_p33rvfq,0,0.012624949216842651,-4.359375,0,0.015502906404435635,0.48409077525138855,0.48809152841567993,0.01231480948626995,0,0.036761809350129786,taglish,comment,True,unanimous,3-0,0,0
t1_p33vmsa,0,0.019870713353157043,-3.8984375,0,0.02070913091301918,0.48195794224739075,0.4839661121368408,0.013366802595555782,0,0.05114805796446534,tagalog,comment,True,adjudicator,2-1,0,0
t1_p35nizi,0,0.012821215204894543,-4.34375,0,0.01904524862766266,0.48397335410118103,0.48397335410118103,0.013008029200136662,0,0.037178561446541046,taglish,comment,True,unanimous,3-0,0,0
t1_p36h846,0,0.8852352499961853,2.04296875,1,0.4141381084918976,0.3010331690311432,0.26101142168045044,0.023817291483283043,1,0.8220790588040283,english,comment,True,adjudicator,2-1,0,0
t1_p3841a8,0,0.29380956292152405,-0.876953125,0,0.21335694193840027,0.40192553400993347,0.37182536721229553,0.012892159633338451,0,0.3414200167389444,english,comment,True,adjudicator,2-1,0,0
t1_p38b6vw,0,0.8006919622421265,1.390625,1,0.37318310141563416,0.3317182958126068,0.26861971616744995,0.026478873565793037,1,0.7391955561485987,tagalog,comment,True,adjudicator,2-1,0,1
t1_p38ba2f,0,0.1127954050898552,-2.0625,0,0.045627377927303314,0.4805052578449249,0.46194496750831604,0.011922407895326614,0,0.17579088062556048,tagalog,comment,True,adjudicator,2-1,0,1
t1_p38c638,1,0.8122723698616028,1.46484375,1,0.3679182529449463,0.3377027213573456,0.2754943370819092,0.01888469234108925,1,0.7497712909127374,tagalog,comment,True,adjudicator,2-1,1,1
t1_p38csbl,0,0.23934932053089142,-1.15625,0,0.19530941545963287,0.41051143407821655,0.3797682821750641,0.014410850591957569,0,0.29604378815110705,tagalog,comment,True,adjudicator,2-1,0,1
t1_p38gdc9,0,0.9219217896461487,2.46875,1,0.44186586141586304,0.28220003843307495,0.23764213919639587,0.038291946053504944,1,0.8640651915568256,tagalog,comment,True,adjudicator,2-1,0,0
t1_p38hels,0,0.8338664174079895,1.61328125,1,0.3984878659248352,0.30776071548461914,0.26506561040878296,0.028685791417956352,1,0.7700503192828557,tagalog,comment,True,adjudicator,2-1,0,0
t1_p38ihh5,0,0.7505527138710022,1.1015625,1,0.35672706365585327,0.34442612528800964,0.27589237689971924,0.022954421117901802,1,0.6953473955374638,tagalog,comment,True,adjudicator,2-1,0,1
t1_p38iio7,0,0.053403329104185104,-2.875,0,0.06889023631811142,0.4754396677017212,0.43274712562561035,0.022922983393073082,0,0.1039751309639871,taglish,comment,True,majority,3-0,0,0
t1_p38ne47,0,0.035678550601005554,-3.296875,0,0.03998987749218941,0.46975448727607727,0.46975448727607727,0.020501138642430305,0,0.07799790186416966,taglish,comment,True,adjudicator,2-1,0,0
t1_p38szj9,0,0.048496000468730927,-2.9765625,0,0.05415095388889313,0.466835618019104,0.4648575186729431,0.014155900105834007,0,0.09709720337870163,english,comment,True,majority,3-0,0,0
t1_p38t9ig,0,0.06754669547080994,-2.625,0,0.08592119812965393,0.45562782883644104,0.43795260787010193,0.02049834281206131,0,0.1227622988751803,english,comment,True,majority,3-0,0,0
t1_p38y4gc,0,0.8216173648834229,1.52734375,1,0.3621787428855896,0.3376561999320984,0.2772930860519409,0.022871963679790497,1,0.7584526726898492,taglish,comment,True,adjudicator,2-1,0,1
t1_p393o0y,0,0.0204885546118021,-3.8671875,0,0.026234857738018036,0.4780016243457794,0.4800100326538086,0.01575346849858761,0,0.05229625432213942,taglish,comment,True,unanimous,3-0,0,0
t1_p39ifp9,0,0.0792103260755539,-2.453125,0,0.07504407316446304,0.44522789120674133,0.4432132840156555,0.036514732986688614,0,0.13731556719175855,english,comment,True,adjudicator,2-1,0,0
t1_p39w3n5,0,0.05070536583662033,-2.9296875,0,0.02186626009643078,0.4861429035663605,0.48004066944122314,0.011950165033340454,0,0.10021970803980035,english,comment,True,majority,3-0,0,0
t1_p3a6b8z,0,0.039048291742801666,-3.203125,0,0.044593922793865204,0.47234678268432617,0.47234678268432617,0.010712506249547005,0,0.08320073000571294,taglish,comment,True,unanimous,3-0,0,0
t1_p3bbhbj,1,0.02498779445886612,-3.6640625,0,0.037336960434913635,0.4767262041568756,0.47276997566223145,0.013166842050850391,0,0.060372751301069776,english,comment,True,adjudicator,2-1,1,0
t1_p3buqud,0,0.43194353580474854,-0.27392578125,0,0.25667527318000793,0.37898364663124084,0.35142117738723755,0.01291989628225565,0,0.4488761683656207,tagalog,comment,True,adjudicator,2-1,0,1
t1_p3bv2j9,0,0.06052939593791962,-2.7421875,0,0.06231217458844185,0.4670959711074829,0.45924562215805054,0.011346212588250637,0,0.11361665008427911,english,comment,True,majority,3-0,0,0
t1_p3c49lt,0,0.031143829226493835,-3.4375,0,0.0195657666772604,0.4887654781341553,0.4806866943836212,0.010982074774801731,0,0.07075065641317402,tagalog,comment,True,majority,3-0,0,0
t1_p3ccojs,0,0.048496000468730927,-2.9765625,0,0.04598863050341606,0.46696147322654724,0.46493998169898987,0.022109918296337128,0,0.09709720337870163,tagalog,comment,True,adjudicator,2-1,0,0
t1_p3cd49q,0,0.6872103214263916,0.787109375,1,0.3303581178188324,0.38025593757629395,0.2632541060447693,0.02613184228539467,1,0.6432884549229294,taglish,comment,True,adjudicator,2-1,0,0
t1_p3ci3lu,0,0.7509182095527649,1.103515625,1,0.3501860499382019,0.3414313793182373,0.2766469717025757,0.031735610216856,1,0.6956572683024878,english,comment,True,unanimous,3-0,0,0
t1_p3cwvys,0,0.14511536061763763,-1.7734375,0,0.09728995710611343,0.45039817690849304,0.4365701675415039,0.015741713345050812,0,0.20939484710313297,tagalog,comment,True,adjudicator,2-1,0,0
t1_p3d90x5,0,0.4714818000793457,-0.11419677734375,0,0.24341507256031036,0.3832879066467285,0.34695732593536377,0.026339691132307053,0,0.4786253051648603,english,comment,True,majority,3-0,0,0
t1_p3difvl,1,0.043365802615880966,-3.09375,0,0.06058740243315697,0.46696633100509644,0.46105536818504333,0.011390924453735352,0,0.08966813451301332,taglish,comment,True,unanimous,3-0,1,1
t1_p3dmz5w,0,0.01912403479218483,-3.9375,0,0.020991766825318336,0.4846961200237274,0.4826849400997162,0.011627175845205784,0,0.04974634041692687,taglish,comment,True,majority,3-0,0,0
t1_p3dztkd,0,0.0753123015165329,-2.5078125,0,0.0994366854429245,0.4271368980407715,0.43693363666534424,0.03649277612566948,0,0.13253405674532912,english,comment,True,majority,3-0,0,0
t1_p3e1jwn,0,0.05541279539465904,-2.8359375,0,0.06228075549006462,0.46476706862449646,0.45885899662971497,0.01409317459911108,0,0.10673324088821476,taglish,comment,True,majority,3-0,0,0
t1_p3e3pq4,0,0.0753123015165329,-2.5078125,0,0.08451392501592636,0.4533463716506958,0.4474841356277466,0.014655593782663345,0,0.13253405674532912,taglish,comment,True,unanimous,3-0,0,0
t1_p3ealbk,0,0.057918090373277664,-2.7890625,0,0.07456594705581665,0.46396589279174805,0.4503198266029358,0.011148340068757534,0,0.11012783003918279,taglish,comment,True,unanimous,3-0,0,0
t1_p3egqib,0,0.035678550601005554,-3.296875,0,0.029632432386279106,0.48218902945518494,0.4761364459991455,0.012042115442454815,0,0.07799790186416966,taglish,comment,True,majority,3-0,0,0
t1_p3equtk,0,0.12896330654621124,-1.91015625,0,0.07138873636722565,0.46600979566574097,0.45212864875793457,0.010472826659679413,0,0.1929428716264323,taglish,comment,True,unanimous,3-0,0,0
t1_p3er2di,0,0.03622005507349968,-3.28125,0,0.03583144024014473,0.47236940264701843,0.47438809275627136,0.01741105131804943,0,0.07884386479317726,taglish,comment,True,majority,3-0,0,0
t1_p3eruxa,0,0.013020490296185017,-4.328125,0,0.019109472632408142,0.48160868883132935,0.4856054484844208,0.013676388189196587,0,0.037599853652667665,taglish,comment,True,unanimous,3-0,0,0
t1_p3etfu1,0,0.02779562398791313,-3.5546875,0,0.038173653185367584,0.4710578918457031,0.4710578918457031,0.01971057802438736,0,0.06519185860999926,english,comment,True,majority,3-0,0,0
t1_p3etqi4,1,0.7921428084373474,1.337890625,1,0.37156930565834045,0.3415435254573822,0.2627257704734802,0.024161389097571373,1,0.7315076970027773,tagalog,comment,True,adjudicator,2-1,1,1
t1_p3ettn0,0,0.03676946833729744,-3.265625,0,0.03906003758311272,0.4777924716472626,0.4697284698486328,0.0134190134704113,0,0.0796982098955743,taglish,comment,True,majority,3-0,0,0
t1_p3eujvw,0,0.026155617088079453,-3.6171875,0,0.030178837478160858,0.48087432980537415,0.4788872301578522,0.010059612803161144,0,0.06239586541158243,taglish,comment,True,majority,3-0,0,0
t1_p3ev21r,0,0.38745856285095215,-0.4580078125,0,0.14462704956531525,0.43084701895713806,0.39848291873931885,0.026042982935905457,0,0.4150522348786594,english,comment,True,adjudicator,2-1,0,0
t1_p3evq8z,0,0.09073548763990402,-2.3046875,0,0.07511267066001892,0.45668503642082214,0.4506760239601135,0.01752628944814205,0,0.15102750765210138,taglish,comment,True,majority,3-0,0,0
t1_p3ewny7,0,0.21733753383159637,-1.28125,0,0.09510630369186401,0.4609384834766388,0.4247075021266937,0.01924770325422287,0,0.2769076334717634,tagalog,comment,True,adjudicator,2-1,0,1
t1_p3exe59,0,0.1155608743429184,-2.03515625,0,0.0901910811662674,0.4402547776699066,0.43210190534591675,0.037452228367328644,0,0.17877861020267957,tagalog,comment,True,adjudicator,2-1,0,1
t1_p3eyl3v,1,0.5085440874099731,0.0341796875,1,0.23822222650051117,0.41600000858306885,0.3306666612625122,0.015111111104488373,1,0.5064011087169249,taglish,comment,True,majority,3-0,1,1
t1_p3ez7a5,0,0.6192409992218018,0.486328125,1,0.283454030752182,0.37437325716018677,0.3208913505077362,0.02128133736550808,1,0.5900892722811661,taglish,comment,True,majority,3-0,0,0
t1_p3ezlsv,0,0.18126320838928223,-1.5078125,0,0.114691823720932,0.4411224126815796,0.4254380464553833,0.01874770224094391,0,0.2442380521265463,tagalog,comment,True,majority,3-0,0,0
t1_p3f2ovk,0,0.446977436542511,-0.212890625,0,0.1872941106557846,0.42352941632270813,0.3764705955982208,0.012705882079899311,0,0.46021236069675625,taglish,comment,True,unanimous,3-0,0,0
t1_p3f3esb,0,0.06052939593791962,-2.7421875,0,0.05458930879831314,0.4712454080581665,0.4549955427646637,0.01916973479092121,0,0.11361665008427911,taglish,comment,True,adjudicator,2-1,0,0
t1_p3f3yqs,0,0.022457052022218704,-3.7734375,0,0.028009083122015,0.47842544317245483,0.47842544317245483,0.015140045434236526,0,0.05588858357384836,tagalog,comment,True,adjudicator,3-0,0,0
t1_p3f5hb2,0,0.05877655744552612,-2.7734375,0,0.052043698728084564,0.4791947901248932,0.449736088514328,0.01902540773153305,0,0.11128021370576575,taglish,comment,True,adjudicator,2-1,0,0
t1_p3f71ak,0,0.7711548805236816,1.21484375,1,0.3383849859237671,0.3546708822250366,0.2913368046283722,0.015607329085469246,1,0.7130215449730879,taglish,comment,True,majority,3-0,0,0
t1_p3f7adt,0,0.013222821988165379,-4.3125,0,0.04163892939686775,0.4822368919849396,0.46093323826789856,0.01519094593822956,0,0.03802573122811927,english,comment,True,majority,3-0,0,0
t1_p3f7jx0,0,0.4919440448284149,-0.0322265625,0,0.22757409512996674,0.40074801445007324,0.3572278618812561,0.014450048096477985,1,0.4939646323165095,tagalog,comment,True,adjudicator,2-1,0,0
t1_p3f8mlm,1,0.9149009585380554,2.375,1,0.44268035888671875,0.28578099608421326,0.23628297448158264,0.035255663096904755,1,0.8556029531631718,english,comment,True,adjudicator,2-1,1,1
t1_p3fakiq,0,0.04501553252339363,-3.0546875,0,0.0554237924516201,0.4573711156845093,0.4653601348400116,0.021844962611794472,0,0.09208573145653194,english,comment,True,adjudicator,2-1,0,0
t1_p3famw2,0,0.6399611234664917,0.5751953125,1,0.28542211651802063,0.36904898285865784,0.32178160548210144,0.02374730072915554,1,0.6060908524545416,tagalog,comment,True,adjudicator,3-0,0,1
t1_p3fd8u6,0,0.2062538117170334,-1.34765625,0,0.10199828445911407,0.47860732674598694,0.39622411131858826,0.023170283064246178,0,0.2670578552165375,tagalog,comment,True,adjudicator,2-1,0,0
t1_p3fdc66,0,0.026759279891848564,-3.59375,0,0.037915851920843124,0.48532289266586304,0.4559686779975891,0.020792564377188683,0,0.06343099810285073,taglish,comment,True,majority,3-0,0,0
t1_p3fe0l3,0,0.024237634614109993,-3.6953125,0,0.02344784140586853,0.48206743597984314,0.48206743597984314,0.012417270801961422,0,0.05905828086570057,tagalog,comment,True,adjudicator,2-1,0,0
t1_p3ffwh3,1,0.25945019721984863,-1.048828125,0,0.13783201575279236,0.4383823871612549,0.4134960472583771,0.010289543308317661,0,0.31308554582866677,taglish,comment,True,majority,3-0,1,1
t1_p3fjudp,0,0.058345843106508255,-2.78125,0,0.04106249287724495,0.46605929732322693,0.4640061557292938,0.028872065246105194,0,0.11070270904364289,tagalog,comment,True,adjudicator,2-1,0,0
t1_p3fn9rl,0,0.4232196509838104,-0.3095703125,0,0.18684695661067963,0.42089736461639404,0.3717271089553833,0.020528580993413925,0,0.44227955196334845,tagalog,comment,True,adjudicator,2-1,0,1
t1_p3fo4vm,0,0.031143829226493835,-3.4375,0,0.038856856524944305,0.4712960720062256,0.4712960720062256,0.018551014363765717,0,0.07075065641317402,taglish,comment,True,adjudicator,2-1,0,0
t1_p3foi7m,0,0.0838903859257698,-2.390625,0,0.06685096770524979,0.4624277353286743,0.45237496495246887,0.01834631897509098,0,0.1429568810082022,taglish,comment,True,majority,3-0,0,0
t1_p3fov8w,0,0.05707139894366264,-2.8046875,0,0.04885687306523323,0.4710303843021393,0.4670216143131256,0.013091136701405048,0,0.10898591664033609,taglish,comment,True,unanimous,3-0,0,0
t1_p3fq6qy,0,0.11797800660133362,-2.01171875,0,0.100516676902771,0.4659464657306671,0.42461249232292175,0.008924378082156181,0,0.18137101672696984,taglish,comment,True,majority,3-0,0,0
t1_p3fs17k,0,0.8872045874595642,2.0625,1,0.4167149066925049,0.3129991888999939,0.24262067675590515,0.027665238827466965,1,0.8242091193744395,tagalog,comment,True,majority,3-0,0,0
t1_p3fse21,0,0.7813306450843811,1.2734375,1,0.37630030512809753,0.3165988326072693,0.26413387060165405,0.04296698421239853,1,0.7219189403825874,tagalog,comment,True,adjudicator,2-1,0,0
t1_p3fu247,0,0.8238958716392517,1.54296875,1,0.3734486997127533,0.32790619134902954,0.27143344283103943,0.027211658656597137,1,0.7605906581221992,english,comment,True,adjudicator,2-1,0,0
t1_p3fwq8b,0,0.05707139894366264,-2.8046875,0,0.06059113144874573,0.4650246202945709,0.45911329984664917,0.01527093630284071,0,0.10898591664033609,english,comment,True,adjudicator,2-1,0,0
t1_p3g033a,0,0.8175745010375977,1.5,1,0.38621941208839417,0.3100634515285492,0.2719855010509491,0.03173164278268814,1,0.7546799944591651,tagalog,comment,True,adjudicator,2-1,0,0
t1_p3g0zhb,0,0.11838509887456894,-2.0078125,0,0.10233702510595322,0.4408363997936249,0.4349323511123657,0.021894218400120735,0,0.18180591802294346,tagalog,comment,True,adjudicator,2-1,0,0
t1_p3g1gjf,0,0.13251455128192902,-1.87890625,0,0.09656862914562225,0.45098039507865906,0.43921568989753723,0.013235294260084629,0,0.1966145709351159,taglish,comment,True,unanimous,3-0,0,0
t1_p3g3bgw,0,0.15456733107566833,-1.69921875,0,0.06160060688853264,0.48674577474594116,0.4281747043132782,0.02347891964018345,0,0.2187482801974284,taglish,comment,True,majority,3-0,0,0
t1_p3g3iqe,0,0.643105149269104,0.5888671875,1,0.2875226140022278,0.4014466404914856,0.29294756054878235,0.018083183094859123,1,0.6085334800624627,taglish,comment,True,unanimous,3-0,0,0
t1_p3g4gf0,0,0.020645931363105774,-3.859375,0,0.027333999052643776,0.48127809166908264,0.47928106784820557,0.012106839567422867,0,0.05258708638282998,taglish,comment,True,majority,3-0,0,0
t1_p3g7db7,0,0.7975567579269409,1.37109375,1,0.3681776225566864,0.33672526478767395,0.2682701349258423,0.02682701125741005,1,0.7363648806828117,taglish,comment,True,majority,3-0,0,0
t1_p3gclze,0,0.02096424251794815,-3.84375,0,0.013953488320112228,0.4832112193107605,0.4872889518737793,0.015546352602541447,0,0.05317333894049006,taglish,comment,True,unanimous,3-0,0,0
t1_p3gcwif,0,0.011331754736602306,-4.46875,0,0.00910442229360342,0.49944257736206055,0.4776415228843689,0.01381147000938654,0,0.03396794028155376,english,comment,True,majority,3-0,0,0
t1_p3ge4mk,0,0.33415472507476807,-0.689453125,0,0.20972779393196106,0.4087460935115814,0.3391343057155609,0.042391788214445114,0,0.3736695519523999,english,comment,True,majority,3-0,0,0
t1_p3gee5s,0,0.01912403479218483,-3.9375,0,0.020998366177082062,0.47680121660232544,0.4848484992980957,0.017351942136883736,0,0.04974634041692687,english,comment,True,majority,3-0,0,0
t1_p3gghb0,0,0.018546564504504204,-3.96875,0,0.013694287277758121,0.4869080185890198,0.4869080185890198,0.012489697895944118,0,0.048651254945635436,taglish,comment,True,unanimous,3-0,0,0
t1_p3giaih,0,0.010169658809900284,-4.578125,0,0.010806110687553883,0.498820036649704,0.47695937752723694,0.013414482586085796,0,0.03137948594809,taglish,comment,True,majority,3-0,0,0
t1_p3givpi,0,0.05877655744552612,-2.7734375,0,0.06092860922217369,0.4678534269332886,0.46002325415611267,0.011194714345037937,0,0.11128021370576575,taglish,comment,True,adjudicator,2-1,0,0
t1_p3givw4,0,0.2030746191740036,-1.3671875,0,0.09352608770132065,0.45053425431251526,0.4304211139678955,0.025518542155623436,0,0.2642036152905171,taglish,comment,True,unanimous,3-0,0,0
t1_p3gj36e,0,0.01971912942826748,-3.90625,0,0.025868022814393044,0.4781816899776459,0.48019087314605713,0.015759402886033058,0,0.05086475715029827,taglish,comment,True,unanimous,3-0,0,0
t1_p3gjm0x,0,0.012053778395056725,-4.40625,0,0.013331687077879906,0.4957412779331207,0.47204047441482544,0.01888655684888363,0,0.03553834644186387,taglish,comment,True,majority,3-0,0,0
t1_p3gjm41,0,0.15304215252399445,-1.7109375,0,0.09514370560646057,0.4539147615432739,0.4360753297805786,0.014866204001009464,0,0.21725165187506712,taglish,comment,True,unanimous,3-0,0,0
t1_p3gjnmz,0,0.04603390395641327,-3.03125,0,0.024014584720134735,0.4948764741420746,0.4667127728462219,0.014396177604794502,0,0.09356426028003874,english,comment,True,majority,3-0,0,0
t1_p3gk5rl,0,0.6477982401847839,0.609375,1,0.306755393743515,0.3536709249019623,0.3121687173843384,0.027404984459280968,1,0.6121872162299543,taglish,comment,True,majority,3-0,0,0
t1_p3gkat4,0,0.03090895712375641,-3.4453125,0,0.035480041056871414,0.47973015904426575,0.473733514547348,0.011056280694901943,0,0.07036683194386341,taglish,comment,True,majority,3-0,0,0
t1_p3glnke,0,0.014281933195888996,-4.234375,0,0.018306061625480652,0.48348066210746765,0.48548680543899536,0.012726474553346634,0,0.04022550864147266,taglish,comment,True,unanimous,3-0,0,0
t1_p3gmrfg,0,0.029986508190631866,-3.4765625,0,0.05014133080840111,0.46798574924468994,0.46798574924468994,0.013887181878089905,0,0.06885070891061511,english,comment,True,majority,3-0,0,0
t1_p3gudyz,0,0.02080449089407921,-3.8515625,0,0.02186133712530136,0.48369768261909485,0.48369768261909485,0.010743285529315472,0,0.05287944558456361,tagalog,comment,True,majority,3-0,0,0
t1_p3gv5a5,0,0.007937993854284286,-4.828125,0,0.006704359315335751,0.49828529357910156,0.4824666976928711,0.012543640099465847,0,0.02616021819323484,english,comment,True,majority,3-0,0,0
t1_p3gyo9g,0,0.013222821988165379,-4.3125,0,0.020246203988790512,0.4819096326828003,0.4839092791080475,0.013934887014329433,0,0.03802573122811927,taglish,comment,True,majority,3-0,0,0
t1_p3h2zmc,0,0.21206879615783691,-1.3125,0,0.09793420135974884,0.45090538263320923,0.42846211791038513,0.022698290646076202,0,0.27224461121853366,taglish,comment,True,majority,3-0,0,0
t1_p3h6dmg,0,0.06560484319925308,-2.65625,0,0.0638563260436058,0.46495383977890015,0.45497629046440125,0.016213519498705864,0,0.12026330697210863,taglish,comment,True,majority,3-0,0,0
t1_p3h9md9,0,0.013636835850775242,-4.28125,0,0.010043585672974586,0.4831027686595917,0.4911881685256958,0.015665465965867043,0,0.038891425303223426,english,comment,True,majority,3-0,0,0
t1_p3halwh,0,0.45090335607528687,-0.197021484375,0,0.22643211483955383,0.39693278074264526,0.36084797978401184,0.015787100419402122,0,0.46316700915314224,tagalog,comment,True,unanimous,3-0,0,0
t1_p3hd3co,0,0.03963883966207504,-3.1875,0,0.02542426809668541,0.484078049659729,0.4759422838687897,0.014555392786860466,0,0.08409797556716471,tagalog,comment,True,adjudicator,2-1,0,1
t1_p3hdq1k,0,0.020645931363105774,-3.859375,0,0.014492753893136978,0.4799696207046509,0.48807036876678467,0.017467249184846878,0,0.05258708638282998,english,comment,True,majority,3-0,0,0
t1_p3hfbd5,0,0.02909075655043125,-3.5078125,0,0.03177393972873688,0.4762323498725891,0.4762323498725891,0.01576138101518154,0,0.06736488511449203,english,comment,True,majority,3-0,0,0
t1_p3hib7w,0,0.12852515280246735,-1.9140625,0,0.0693451464176178,0.465675413608551,0.4515026807785034,0.013476748019456863,0,0.19248759693484213,taglish,comment,True,unanimous,3-0,0,0
t1_p3hvmlx,0,0.015072628855705261,-4.1796875,0,0.019982514902949333,0.48357686400413513,0.48357686400413513,0.012863744050264359,0,0.041837365350544393,taglish,comment,True,majority,3-0,0,0
t1_p3hx9p2,0,0.014503578655421734,-4.21875,0,0.020553063601255417,0.4823119044303894,0.48430493474006653,0.012830094434320927,0,0.04067986882402621,taglish,comment,True,majority,3-0,0,0
t1_p3i3r5t,0,0.02517884038388729,-3.65625,0,0.026718759909272194,0.4799294173717499,0.4799294173717499,0.013422396034002304,0,0.06070562163180529,taglish,comment,True,unanimous,3-0,0,0
t1_p3i4nnr,0,0.06233103200793266,-2.7109375,0,0.03211067244410515,0.475187212228775,0.4772179126739502,0.015484198927879333,0,0.11599573945922906,taglish,comment,True,majority,3-0,0,0
t1_p3icjj8,0,0.012624949216842651,-4.359375,0,0.01049258653074503,0.48655441403388977,0.48856496810913086,0.014388036914169788,0,0.036761809350129786,taglish,comment,True,unanimous,3-0,0,0
t1_p3ifa43,0,0.01971912942826748,-3.90625,0,0.022939518094062805,0.4813538193702698,0.4833594560623169,0.012347226962447166,0,0.05086475715029827,taglish,comment,True,unanimous,3-0,0,0
t1_p3imb72,0,0.01798621006309986,-4.0,0,0.02559165097773075,0.4830113649368286,0.4810236692428589,0.010373314842581749,0,0.04757906900407436,taglish,comment,True,majority,3-0,0,0
t1_p3immhh,0,0.6971967220306396,0.833984375,1,0.3174320161342621,0.36023184657096863,0.30316540598869324,0.01917075365781784,1,0.6513054355140248,taglish,comment,True,adjudicator,2-1,0,1
t1_p3inhz7,0,0.012624949216842651,-4.359375,0,0.03401567041873932,0.48788192868232727,0.46261313557624817,0.015489279292523861,0,0.036761809350129786,english,comment,True,majority,3-0,0,0
t1_p3inwlh,0,0.017045317217707634,-4.0546875,0,0.020644353702664375,0.4844541847705841,0.4844541847705841,0.01044729445129633,0,0.04575656697670378,taglish,comment,True,unanimous,3-0,0,0
t1_p3iocck,0,0.014281933195888996,-4.234375,0,0.02356608398258686,0.48279300332069397,0.48279300332069397,0.010847880505025387,0,0.04022550864147266,taglish,comment,True,majority,3-0,0,0
t1_p3iqvxf,0,0.12210386991500854,-1.97265625,0,0.10439024120569229,0.44682925939559937,0.4292683005332947,0.019512195140123367,0,0.18575655675726532,english,comment,True,majority,3-0,0,0
t1_p3j9h67,0,0.6706082820892334,0.7109375,1,0.3025132715702057,0.3596956431865692,0.31542539596557617,0.022365691140294075,1,0.6300896294582009,tagalog,comment,True,adjudicator,2-1,0,0
t1_p3ja4pl,0,0.04177388176321983,-3.1328125,0,0.022135086357593536,0.48773083090782166,0.48165950179100037,0.008474576286971569,0,0.08730790501248989,taglish,comment,True,majority,3-0,0,0
t1_p3jdbrh,0,0.046378206461668015,-3.0234375,0,0.0603213831782341,0.4588380753993988,0.45686033368110657,0.023980222642421722,0,0.09406181511432907,english,comment,True,majority,3-0,0,0
t1_p3jg6ib,0,0.224735289812088,-1.23828125,0,0.08268601447343826,0.468382865190506,0.4355138838291168,0.013417217880487442,0,0.28339912624928826,taglish,comment,True,majority,3-0,0,0
t1_p3jmd8b,0,0.008187909610569477,-4.796875,0,0.019304784014821053,0.4926385283470154,0.47504428029060364,0.013012401759624481,0,0.02676329726778762,english,comment,True,majority,3-0,0,0
t1_p3jn9cc,0,0.015663648024201393,-4.140625,0,0.01515433844178915,0.5008384585380554,0.4710266590118408,0.012980559840798378,0,0.04302631987243452,taglish,comment,True,unanimous,3-0,0,0
t1_p3js9ge,0,0.6417592167854309,0.5830078125,1,0.3016810417175293,0.3543843626976013,0.31258517503738403,0.031349387019872665,1,0.607487297475347,tagalog,comment,True,unanimous,3-0,0,0
t1_p3jsyoe,0,0.012624949216842651,-4.359375,0,0.02136380597949028,0.4809340536594391,0.48490869998931885,0.012793442234396935,0,0.036761809350129786,english,comment,True,majority,3-0,0,0
t1_p3jv73o,0,0.14903530478477478,-1.7421875,0,0.10078662633895874,0.47000983357429504,0.389380544424057,0.0398230105638504,0,0.21329688317616366,taglish,comment,True,majority,3-0,0,0
t1_p3jwb7h,1,0.7505527138710022,1.1015625,1,0.3427262306213379,0.3372279405593872,0.2914089262485504,0.028636883944272995,1,0.6953473955374638,tagalog,comment,True,majority,3-0,1,1
t1_p3jwn7p,0,0.014957086183130741,-4.1875,0,0.020658569410443306,0.48278453946113586,0.48478779196739197,0.011769125238060951,0,0.04160337379848945,taglish,comment,True,majority,3-0,0,0
t1_p3jz6za,0,0.018124721944332123,-3.9921875,0,0.011871684342622757,0.47890880703926086,0.49103307723999023,0.018186410889029503,0,0.04784499205956626,english,comment,True,majority,3-0,0,0
t1_p3jzbm8,0,0.14706452190876007,-1.7578125,0,0.0898040160536766,0.45844703912734985,0.4366162121295929,0.01513272151350975,0,0.21133927287114487,tagalog,comment,True,adjudicator,2-1,0,1
t1_p3jzkmd,0,0.14033624529838562,-1.8125,0,0.06260338425636292,0.47028884291648865,0.454001784324646,0.013105993159115314,0,0.20459145485220176,taglish,comment,True,majority,3-0,0,0
t1_p3k03nh,0,0.05541279539465904,-2.8359375,0,0.045545544475317,0.4744744598865509,0.4644644558429718,0.015515515580773354,0,0.10673324088821476,taglish,comment,True,majority,3-0,0,0
t1_p3k28vw,0,0.034618839621543884,-3.328125,0,0.027483751997351646,0.49718353152275085,0.463509738445282,0.011822964996099472,0,0.07633086008428057,taglish,comment,True,unanimous,3-0,0,0
t1_p3k4aop,0,0.2523840665817261,-1.0859375,0,0.09127181768417358,0.48279300332069397,0.41097256541252136,0.014962593093514442,0,0.3071379503155666,taglish,comment,True,majority,3-0,0,0
t1_p3k7vlg,0,0.04569203034043312,-3.0390625,0,0.02792120911180973,0.48345765471458435,0.4752980172634125,0.013323133811354637,0,0.09306906696018251,tagalog,comment,True,adjudicator,2-1,0,1
t1_p3k8lgh,0,0.049958519637584686,-2.9453125,0,0.04617208614945412,0.47519809007644653,0.4672115743160248,0.011418231762945652,0,0.09916908254631718,tagalog,comment,True,unanimous,3-0,0,0
t1_p3k99yb,0,0.845432698726654,1.69921875,1,0.39550140500068665,0.32052484154701233,0.2567947506904602,0.02717900648713112,1,0.7812517198025717,english,comment,True,adjudicator,2-1,0,0
t1_p3kb9ev,0,0.43278244137763977,-0.2705078125,0,0.24148263037204742,0.38885805010795593,0.35512152314186096,0.014537787064909935,0,0.4495097043405602,tagalog,comment,True,adjudicator,2-1,0,0
t1_p3kdw2q,1,0.016277462244033813,-4.1015625,0,0.02724219486117363,0.47966164350509644,0.47966164350509644,0.013434506952762604,0,0.044247502352832487,taglish,comment,True,adjudicator,2-1,1,1
t1_p3ke9rx,0,0.017309095710515976,-4.0390625,0,0.02682063728570938,0.4787980318069458,0.4787980318069458,0.015583286993205547,0,0.046270390356679215,english,comment,True,majority,3-0,0,0
t1_p3khdbr,0,0.6623597741127014,0.673828125,1,0.3259636461734772,0.3444843292236328,0.30188679695129395,0.027665238827466965,1,0.6235868541678377,tagalog,comment,True,majority,3-0,0,0
t1_p3khg70,0,0.2620856761932373,-1.03515625,0,0.12430800497531891,0.4408656358718872,0.41469553112983704,0.02013085037469864,0,0.31529249845575735,tagalog,comment,True,adjudicator,2-1,0,0
t1_p3kijwr,0,0.224735289812088,-1.23828125,0,0.10778819769620895,0.453314870595932,0.42309388518333435,0.015803059563040733,0,0.28339912624928826,tagalog,comment,True,adjudicator,2-1,0,0
t1_p3kiols,0,0.03384403511881828,-3.3515625,0,0.019941421225667,0.49853554368019104,0.4726116955280304,0.008911322802305222,0,0.0751020948441399,taglish,comment,True,majority,3-0,0,0
t1_p3kj419,0,0.01784873940050602,-4.0078125,0,0.02569219283759594,0.47892242670059204,0.48291343450546265,0.012471938505768776,0,0.04731455050714704,english,comment,True,majority,3-0,0,0
t1_p3kjj5w,0,0.04742587357759476,-3.0,0,0.027964981272816658,0.4837185740470886,0.47767210006713867,0.010644327849149704,0,0.09556873219539853,english,comment,True,majority,3-0,0,0
t1_p3kjuid,0,0.008847354911267757,-4.71875,0,0.017210645601153374,0.49566659331321716,0.47403037548065186,0.013092384673655033,0,0.028330734090797918,taglish,comment,True,majority,3-0,0,0
t1_p3kk6sm,0,0.16830945014953613,-1.59765625,0,0.110096275806427,0.44235992431640625,0.4305109977722168,0.01703283190727234,0,0.23202895995465544,tagalog,comment,True,adjudicator,2-1,0,1
t1_p3kkj87,0,0.017442483454942703,-4.03125,0,0.026879044249653816,0.48183175921440125,0.47784966230392456,0.013439522124826908,0,0.046529356438525696,english,comment,True,majority,3-0,0,0
t1_p3klgsq,0,0.7252596020698547,0.970703125,1,0.34360742568969727,0.3293646275997162,0.3008790612220764,0.026148881763219833,1,0.6741917792139221,tagalog,comment,True,majority,3-0,0,0
t1_p3kls4p,0,0.020023442804813385,-3.890625,0,0.030971258878707886,0.4796828627586365,0.47770068049430847,0.011645193211734295,0,0.05143285117077024,english,comment,True,majority,3-0,0,0
t1_p3km1oi,0,0.26473838090896606,-1.021484375,0,0.1478218287229538,0.4307391047477722,0.39549681544303894,0.0259422417730093,0,0.3175078172212113,taglish,comment,True,majority,3-0,0,0
t1_p3km5es,0,0.17217184603214264,-1.5703125,0,0.0838300809264183,0.45780259370803833,0.44374725222587585,0.014620066620409489,0,0.23569917249860448,tagalog,comment,True,adjudicator,2-1,0,1
t1_p3kmf0f,0,0.13117322325706482,-1.890625,0,0.06717292964458466,0.487991601228714,0.4306970536708832,0.014138421043753624,0,0.19523153392135748,taglish,comment,True,majority,3-0,0,0
t1_p3kmmqe,0,0.05582314357161522,-2.828125,0,0.037592582404613495,0.49592331051826477,0.45609012246131897,0.010393975302577019,0,0.10729253630311329,taglish,comment,True,unanimous,3-0,0,0
t1_p3konht,0,0.03594832494854927,-3.2890625,0,0.015131200663745403,0.49032753705978394,0.4841984212398529,0.010342846624553204,0,0.0784198396636551,taglish,comment,True,majority,3-0,0,0
t1_p3kosqw,0,0.055005285888910294,-2.84375,0,0.05934498831629753,0.47869983315467834,0.4452105462551117,0.016744643449783325,0,0.10617651421040851,tagalog,comment,True,adjudicator,2-1,0,1
t1_p3kp53c,0,0.10932482779026031,-2.09765625,0,0.11291921883821487,0.46474191546440125,0.41248178482055664,0.009857101365923882,0,0.1720074165049627,taglish,comment,True,unanimous,3-0,0,0
t1_p3kp7pr,0,0.5392941236495972,0.157501220703125,1,0.2596934139728546,0.4093778133392334,0.3083859384059906,0.022542830556631088,1,0.5294639733880655,tagalog,comment,True,adjudicator,2-1,0,0
t1_p3kqtje,0,0.014281933195888996,-4.234375,0,0.02145574800670147,0.4810079336166382,0.48300379514694214,0.014532526955008507,0,0.04022550864147266,taglish,comment,True,unanimous,3-0,0,0
t1_p3ktk1i,0,0.8289388418197632,1.578125,1,0.38298356533050537,0.3339761793613434,0.2559273838996887,0.027112875133752823,1,0.7653535423012445,tagalog,comment,True,adjudicator,2-1,0,0
t1_p3kxp80,0,0.4642638862133026,-0.1431884765625,0,0.1513170450925827,0.4448111653327942,0.38997143507003784,0.013900348916649818,0,0.4732081475033882,tagalog,comment,True,majority,3-0,0,0
t1_p3kxql2,0,0.01384861022233963,-4.265625,0,0.009556743316352367,0.4848789572715759,0.49091479182243347,0.014649481512606144,0,0.03933133410143569,english,comment,True,majority,3-0,0,0
t1_p3l1c0p,0,0.12549343705177307,-1.94140625,0,0.1675824224948883,0.4065934121608734,0.40109890699386597,0.024725275114178658,0,0.1893235814151062,tagalog,comment,True,unanimous,3-0,0,0
t1_p3l1wn3,0,0.2609540820121765,-1.041015625,0,0.13845786452293396,0.4487944543361664,0.3915015459060669,0.02124612033367157,0,0.3143456332051549,taglish,comment,True,majority,3-0,0,0
t1_p3l7b39,0,0.00970847625285387,-4.625,0,0.012397718615829945,0.4998760223388672,0.47607240080833435,0.011653855443000793,0,0.03032951092726271,taglish,comment,True,majority,3-0,0,0
t1_p3lcowc,0,0.24148938059806824,-1.14453125,0,0.17112299799919128,0.4166472852230072,0.39246687293052673,0.01976284570991993,0,0.2978766479943627,english,comment,True,majority,3-0,0,0
t1_p3lgy3u,0,0.1937568634748459,-1.42578125,0,0.1256021410226822,0.43960750102996826,0.4262860417366028,0.008504311554133892,0,0.25575904640778063,taglish,comment,True,unanimous,3-0,0,0
t1_p3lhab2,0,0.016277462244033813,-4.1015625,0,0.024091897532343864,0.4808444678783417,0.4808444678783417,0.014219186268746853,0,0.044247502352832487,taglish,comment,True,majority,3-0,0,0
t1_p3lrd7j,0,0.018689310178160667,-3.9609375,0,0.03231419250369072,0.4752672016620636,0.47725579142570496,0.015162813477218151,0,0.04892286271300754,taglish,comment,True,majority,3-0,0,0
t1_p3lsnni,0,0.053009770810604095,-2.8828125,0,0.08621100336313248,0.46868303418159485,0.42867350578308105,0.01643248461186886,0,0.10343112494069132,english,comment,True,majority,3-0,0,0
t1_p3lvqwa,0,0.19559408724308014,-1.4140625,0,0.12553904950618744,0.44082415103912354,0.42165789008140564,0.011978916823863983,0,0.2574337043869168,tagalog,comment,True,adjudicator,2-1,0,0
t1_p3lw9cc,0,0.04885777831077576,-2.96875,0,0.08249909430742264,0.45543360710144043,0.4419249892234802,0.020142322406172752,0,0.09761152248619476,english,comment,True,majority,3-0,0,0
t1_p3lwkjv,1,0.06371499598026276,-2.6875,0,0.03911425173282623,0.48047441244125366,0.47038042545318604,0.010030913166701794,0,0.11780835379772778,taglish,comment,True,adjudicator,2-1,1,0
t1_p3lwzlk,0,0.00970847625285387,-4.625,0,0.01527093630284071,0.4965517222881317,0.4729064106941223,0.01527093630284071,0,0.03032951092726271,english,comment,True,majority,3-0,0,0
t1_p3lx9gn,0,0.021125193685293198,-3.8359375,0,0.038224413990974426,0.47348952293395996,0.47348952293395996,0.014796547591686249,0,0.053468773484727145,english,comment,True,majority,3-0,0,0
t1_p3lxvql,0,0.04501553252339363,-3.0546875,0,0.05671495199203491,0.4674687087535858,0.46354037523269653,0.01227596402168274,0,0.09208573145653194,taglish,comment,True,unanimous,3-0,0,0
t1_p3lyi6l,0,0.04023794084787369,-3.171875,0,0.041529376059770584,0.4754740297794342,0.4714951813220978,0.011501398868858814,0,0.08500399997981964,taglish,comment,True,adjudicator,2-1,0,1
t1_p3m00z4,0,0.3178495764732361,-0.763671875,0,0.20379255712032318,0.40392962098121643,0.3728581368923187,0.01941969431936741,0,0.36075067549111395,english,comment,True,majority,3-0,0,0
t1_p3m3i1y,0,0.09138210862874985,-2.296875,0,0.08608035743236542,0.44582659006118774,0.43786540627479553,0.03022764064371586,0,0.15177947196597827,english,comment,True,majority,3-0,0,0
t1_p3m3y27,0,0.014957086183130741,-4.1875,0,0.024546757340431213,0.4804685115814209,0.4804685115814209,0.01451622974127531,0,0.04160337379848945,taglish,comment,True,unanimous,3-0,0,0
t1_p3m5ru1,0,0.02655657008290291,-3.6015625,0,0.03911617398262024,0.4753357768058777,0.4733552038669586,0.012192857451736927,0,0.06308418724305638,taglish,comment,True,majority,3-0,0,0
t1_p3m7zka,0,0.01384861022233963,-4.265625,0,0.02271175943315029,0.4825318157672882,0.4825318157672882,0.012224635109305382,0,0.03933133410143569,taglish,comment,True,unanimous,3-0,0,0
t1_p3m8tkc,0,0.20497775077819824,-1.35546875,0,0.12334802001714706,0.44640234112739563,0.41703376173973083,0.013215859420597553,0,0.2659138105397576,taglish,comment,True,unanimous,3-0,0,0
t1_p3mc8tw,0,0.26626187562942505,-1.013671875,0,0.1706642061471939,0.4206642210483551,0.3948339521884918,0.013837638311088085,0,0.31877744331243457,taglish,comment,True,majority,3-0,0,0
t1_p3mefhu,0,0.02822098508477211,-3.5390625,0,0.026014437898993492,0.4998755156993866,0.4620363414287567,0.01207368727773428,0,0.06590885633914588,taglish,comment,True,unanimous,3-0,0,0
t1_p3mepmv,0,0.02655657008290291,-3.6015625,0,0.04361754655838013,0.4691966474056244,0.47116807103157043,0.016017742455005646,0,0.06308418724305638,english,comment,True,majority,3-0,0,0
t1_p3merrd,0,0.03760863468050957,-3.2421875,0,0.035072553902864456,0.49397963285446167,0.45841309428215027,0.012534732930362225,0,0.08099558809348903,taglish,comment,True,adjudicator,2-1,0,0
t1_p3mg8ib,0,0.10158944875001907,-2.1796875,0,0.0900508314371109,0.4570322036743164,0.44153958559036255,0.01137739047408104,0,0.16343066056877983,english,comment,True,majority,3-0,0,0
t1_p3mk15j,0,0.07696083933115005,-2.484375,0,0.06099735572934151,0.47026994824409485,0.45846399664878845,0.010268707759678364,0,0.1345657680329782,english,comment,True,unanimous,3-0,0,0
t1_p3mkrdc,0,0.39793843030929565,-0.4140625,0,0.2112724334001541,0.40425288677215576,0.3694981038570404,0.014976562932133675,0,0.42306680375053557,taglish,comment,True,adjudicator,2-1,0,0
t1_p3mm42l,0,0.15203222632408142,-1.71875,0,0.09231148660182953,0.48179686069488525,0.4067629277706146,0.019128717482089996,0,0.21625801712196938,tagalog,comment,True,adjudicator,2-1,0,1
t1_p3mzjh2,0,0.13799647986888885,-1.83203125,0,0.10477127134799957,0.44072797894477844,0.4348253905773163,0.01967535726726055,0,0.2022206393539943,taglish,comment,True,unanimous,3-0,0,0
t1_p3n1rjf,0,0.0753123015165329,-2.5078125,0,0.056779976934194565,0.46818578243255615,0.46220892667770386,0.012825301848351955,0,0.13253405674532912,taglish,comment,True,adjudicator,2-1,0,1
t1_p3n7ncs,0,0.04501553252339363,-3.0546875,0,0.029963023960590363,0.4794083833694458,0.47532832622528076,0.01530026737600565,0,0.09208573145653194,taglish,comment,True,adjudicator,2-1,0,0
t1_p3n9wiv,0,0.05146276578307152,-2.9140625,0,0.052345678210258484,0.4701234698295593,0.4681481420993805,0.009382716380059719,0,0.10128021274519652,taglish,comment,True,unanimous,3-0,0,0
t1_p3ncczb,0,0.4476715922355652,-0.2100830078125,0,0.2133943885564804,0.4084716737270355,0.36634230613708496,0.011791642755270004,0,0.4607349086223783,taglish,comment,True,majority,3-0,0,0
t1_p3ndwj2,0,0.6183196306228638,0.482421875,1,0.27970749139785767,0.38208410143852234,0.3199268877506256,0.018281536176800728,1,0.5893812416055655,taglish,comment,True,majority,3-0,0,0
t1_p3nsqo0,0,0.1250653862953186,-1.9453125,0,0.0712728202342987,0.4605320394039154,0.4545511305332184,0.013644009828567505,0,0.18887484827032464,taglish,comment,True,unanimous,3-0,0,0
t1_p3nt7nq,0,0.017309095710515976,-4.0390625,0,0.022241659462451935,0.4798200726509094,0.48381856083869934,0.014119705185294151,0,0.046270390356679215,taglish,comment,True,majority,3-0,0,0
t1_p3ntkr9,0,0.03258974477648735,-3.390625,0,0.03440967574715614,0.4787432849407196,0.4747537672519684,0.012093255296349525,0,0.07309448494742783,taglish,comment,True,majority,3-0,0,0
t1_p3ntzw9,0,0.13614831864833832,-1.84765625,0,0.0887853354215622,0.45520877838134766,0.4414740204811096,0.01453185360878706,0,0.20033879793544443,taglish,comment,True,unanimous,3-0,0,0
t1_p3nvcgm,0,0.034100428223609924,-3.34375,0,0.0424569770693779,0.46828287839889526,0.46828287839889526,0.020977264270186424,0,0.0755096504110247,english,comment,True,adjudicator,3-0,0,0
t1_p3nvpln,0,0.007695646956562996,-4.859375,0,0.018680177628993988,0.49423113465309143,0.4746963083744049,0.012392405420541763,0,0.02557037173968303,taglish,comment,True,unanimous,3-0,0,0
t1_p3nxpy9,0,0.007460643537342548,-4.890625,0,0.022977326065301895,0.4901829659938812,0.47267642617225647,0.014163272455334663,0,0.02499348349390211,taglish,comment,True,unanimous,3-0,0,0
t1_p3nzuws,0,0.26626187562942505,-1.013671875,0,0.15892724692821503,0.4171839952468872,0.393344908952713,0.030543828383088112,0,0.31877744331243457,taglish,comment,True,majority,3-0,0,0
t1_p3olkdj,0,0.4411914050579071,-0.236328125,0,0.21975992619991302,0.39335179328918457,0.35641735792160034,0.030470913276076317,0,0.4558537418571301,english,comment,True,adjudicator,2-1,0,1
t1_p3ougwj,0,0.016277462244033813,-4.1015625,0,0.017313845455646515,0.4837839603424072,0.4857913553714752,0.013110846281051636,0,0.044247502352832487,english,comment,True,adjudicator,2-1,0,0
t1_p3p30ek,0,0.2254166156053543,-1.234375,0,0.15276286005973816,0.4277360141277313,0.395273894071579,0.024227235466241837,0,0.28399380410631814,tagalog,comment,True,majority,3-0,0,0
t1_p3pcwwb,0,0.010328153148293495,-4.5625,0,0.024748552590608597,0.4896068274974823,0.472051203250885,0.013593416661024094,0,0.031737231481715415,english,comment,True,majority,3-0,0,0
t1_p3pq2hf,0,0.3420218825340271,-0.654296875,0,0.23235800862312317,0.40447503328323364,0.34767642617225647,0.015490533784031868,0,0.37985379899867516,tagalog,comment,True,unanimous,3-0,0,0
t1_p3q6ebo,0,0.20689406991004944,-1.34375,0,0.16533583402633667,0.41521841287612915,0.39455142617225647,0.024894315749406815,0,0.26763104938177523,tagalog,comment,True,unanimous,3-0,0,0
t1_p3qfzqe,0,0.018264278769493103,-3.984375,0,0.036837875843048096,0.47666728496551514,0.47468942403793335,0.011805426329374313,0,0.0481123262994903,taglish,comment,True,majority,3-0,0,0
t1_p3qgyt6,0,0.02779562398791313,-3.5546875,0,0.04617568850517273,0.46817705035209656,0.47212791442871094,0.013519353233277798,0,0.06519185860999926,tagalog,comment,True,adjudicator,3-0,0,1
t1_p3qp9i0,0,0.046378206461668015,-3.0234375,0,0.056858040392398834,0.4686480760574341,0.4627407491207123,0.011753123253583908,0,0.09406181511432907,taglish,comment,True,majority,3-0,0,0
t1_p3qwhkd,0,0.014281933195888996,-4.234375,0,0.017506564036011696,0.48418158292770386,0.4861823320388794,0.01212954893708229,0,0.04022550864147266,english,comment,True,adjudicator,2-1,0,0
t1_p3r6p6x,0,0.04084571823477745,-3.15625,0,0.0384373813867569,0.47230246663093567,0.47029268741607666,0.018967466428875923,0,0.08591886973219272,tagalog,comment,True,adjudicator,2-1,0,0
t1_p3rbynx,0,0.3420218825340271,-0.654296875,0,0.1802474856376648,0.41653046011924744,0.3847770392894745,0.01844501495361328,0,0.37985379899867516,taglish,comment,True,unanimous,3-0,0,0
t1_p3rexry,0,0.21800270676612854,-1.27734375,0,0.16724416613578796,0.41580042243003845,0.3954724073410034,0.02148302085697651,0,0.27749396451401426,tagalog,comment,True,adjudicator,3-0,0,0
t1_p3rmjs2,0,0.7950222492218018,1.35546875,1,0.3653823733329773,0.3391497731208801,0.26982080936431885,0.025647031143307686,1,0.7340861894602424,taglish,comment,True,majority,3-0,0,0
t1_p3rplf2,0,0.03384403511881828,-3.3515625,0,0.03403829410672188,0.4765360951423645,0.4785383641719818,0.010887248441576958,0,0.0751020948441399,taglish,comment,True,majority,3-0,0,0
t1_p3rqnvc,0,0.14366762340068817,-1.78515625,0,0.11761915683746338,0.44771164655685425,0.4249466359615326,0.009722551330924034,0,0.20794517966504938,taglish,comment,True,majority,3-0,0,0
t1_p3s504y,0,0.03358950838446617,-3.359375,0,0.039990004152059555,0.4738815426826477,0.4698825180530548,0.01624593883752823,0,0.07469656128292845,taglish,comment,True,majority,3-0,0,0
t1_p3sc60l,0,0.046378206461668015,-3.0234375,0,0.05519440770149231,0.46902981400489807,0.46314239501953125,0.012633386068046093,0,0.09406181511432907,english,comment,True,adjudicator,2-1,0,0
t1_p3siquu,0,0.11797800660133362,-2.01171875,0,0.14623752236366272,0.44319838285446167,0.38936862349510193,0.021195469424128532,0,0.18137101672696984,english,comment,True,majority,3-0,0,0
t1_p3sv1c4,0,0.020645931363105774,-3.859375,0,0.021317951381206512,0.4835412800312042,0.4835412800312042,0.011599473655223846,0,0.05258708638282998,taglish,comment,True,majority,3-0,0,0
t1_p3t5pdh,0,0.7498207092285156,1.09765625,1,0.3589523434638977,0.3280377984046936,0.2782309949398041,0.03477887436747551,1,0.694727118609284,english,comment,True,adjudicator,2-1,0,1
t1_p3te8we,0,0.18184363842010498,-1.50390625,0,0.1150975227355957,0.4430532157421112,0.4314953088760376,0.010353961028158665,0,0.24477862479200857,taglish,comment,True,majority,3-0,0,0
t1_p3uaj0a,0,0.2925952970981598,-0.8828125,0,0.16926296055316925,0.4222273826599121,0.3943268954753876,0.014182748273015022,0,0.3404336992551974,english,comment,True,unanimous,3-0,0,0
t1_p3ubs81,0,0.01342825498431921,-4.296875,0,0.02138904482126236,0.4815022051334381,0.4834918975830078,0.013616862706840038,0,0.03845623978795531,taglish,comment,True,adjudicator,2-1,0,0
t1_p3ucskm,0,0.023509452119469643,-3.7265625,0,0.02577577531337738,0.4824824929237366,0.48048049211502075,0.011261261068284512,0,0.057770670246349735,tagalog,comment,True,adjudicator,2-1,0,0
t1_p3ux07e,0,0.894789457321167,2.140625,1,0.43396657705307007,0.287479966878891,0.24536506831645966,0.03318837285041809,1,0.8325288520823229,tagalog,comment,True,adjudicator,2-1,0,1
t1_p3v4tfh,0,0.014503578655421734,-4.21875,0,0.021495969966053963,0.4819096326828003,0.4839092791080475,0.012685121968388557,0,0.04067986882402621,taglish,comment,True,majority,3-0,0,0
t1_p3v75o1,0,0.053009770810604095,-2.8828125,0,0.04105968400835991,0.49369966983795166,0.45436105132102966,0.01087958738207817,0,0.10343112494069132,taglish,comment,True,adjudicator,2-1,0,1
t1_p3vbu17,0,0.021125193685293198,-3.8359375,0,0.01382663007825613,0.48891976475715637,0.4868994355201721,0.010354189202189445,0,0.053468773484727145,taglish,comment,True,adjudicator,2-1,0,0
t1_p3vcc6j,0,0.007460643537342548,-4.890625,0,0.008276714012026787,0.5000617504119873,0.4783199429512024,0.013341568410396576,0,0.02499348349390211,tagalog,comment,True,majority,3-0,0,0
t1_p3vdjmm,0,0.011158031411468983,-4.484375,0,0.010070868767797947,0.5032947659492493,0.475444495677948,0.011189854703843594,0,0.03358592214713221,tagalog,comment,True,majority,3-0,0,0
t1_p3ve88l,0,0.35086607933044434,-0.615234375,0,0.14631734788417816,0.4330202639102936,0.4053386151790619,0.015323776751756668,0,0.38677115254119315,taglish,comment,True,unanimous,3-0,0,0
t1_p3vf3pc,0,0.017045317217707634,-4.0546875,0,0.011835064738988876,0.48750394582748413,0.489518404006958,0.011142587289214134,0,0.04575656697670378,taglish,comment,True,unanimous,3-0,0,0
t1_p3vfivh,0,0.015424554236233234,-4.15625,0,0.010836693458259106,0.4879032373428345,0.48991936445236206,0.011340726166963577,0,0.042546914139551965,taglish,comment,True,majority,3-0,0,0
t1_p3vgugz,0,0.00857748556882143,-4.75,0,0.011766879819333553,0.4987678527832031,0.47511088848114014,0.014354362152516842,0,0.02769333972740153,taglish,comment,True,majority,3-0,0,0
t1_p3vgz7d,0,0.028652667999267578,-3.5234375,0,0.020477816462516785,0.49841761589050293,0.4706174433231354,0.010487123392522335,0,0.06663317770797107,taglish,comment,True,majority,3-0,0,0
t1_p3vjl3w,0,0.006797531619668007,-4.984375,0,0.00686808954924345,0.49869105219841003,0.48095107078552246,0.013489790260791779,0,0.023337898196897935,taglish,comment,True,majority,3-0,0,0
t1_p3vltwc,0,0.008187909610569477,-4.796875,0,0.008298241533339024,0.5013623833656311,0.47956404089927673,0.010775328613817692,0,0.02676329726778762,taglish,comment,True,unanimous,3-0,0,0
t1_p3vmm1h,0,0.17217184603214264,-1.5703125,0,0.08574068546295166,0.48882046341896057,0.409978449344635,0.015460425056517124,0,0.23569917249860448,tagalog,comment,True,majority,3-0,0,0
t1_p3vqy0i,0,0.012241275049746037,-4.390625,0,0.013780743815004826,0.4983314871788025,0.4765789210796356,0.011308861896395683,0,0.03594174622161488,taglish,comment,True,majority,3-0,0,0
t1_p3vrkpf,0,0.03358950838446617,-3.359375,0,0.025943396613001823,0.49255213141441345,0.4587884843349457,0.022715987637639046,0,0.07469656128292845,taglish,comment,True,majority,3-0,0,0
t1_p3wnwnp,0,0.024053553119301796,-3.703125,0,0.029030844569206238,0.48051053285598755,0.4785084128379822,0.011950196698307991,0,0.05873387865683369,taglish,comment,True,majority,3-0,0,0
t1_p3xq6o6,0,0.01640303246676922,-4.09375,0,0.013773934915661812,0.49808523058891296,0.47634342312812805,0.011797405779361725,0,0.04449567494372924,taglish,comment,True,unanimous,3-0,0,0
t1_p3xraqe,0,0.8233283758163452,1.5390625,1,0.38078370690345764,0.32765108346939087,0.27097630500793457,0.020588885992765427,1,0.760057379771316,tagalog,comment,True,adjudicator,2-1,0,1
t1_p3xs87d,0,0.013222821988165379,-4.3125,0,0.019093971699476242,0.48321476578712463,0.4852115213871002,0.012479720637202263,0,0.03802573122811927,english,comment,True,adjudicator,3-0,0,0
t1_p3xuma1,0,0.013020490296185017,-4.328125,0,0.02350453846156597,0.48153215646743774,0.48153215646743774,0.013431165367364883,0,0.037599853652667665,taglish,comment,True,unanimous,3-0,0,0
t1_p3y6r7v,0,0.008445627056062222,-4.765625,0,0.010294661857187748,0.499075323343277,0.4793490469455719,0.011280976235866547,0,0.02737988841155039,taglish,comment,True,unanimous,3-0,0,0
t1_p3ybx75,0,0.07751766592264175,-2.4765625,0,0.0687565729022026,0.4610152840614319,0.4570580720901489,0.013170097954571247,0,0.13524882692727336,english,comment,True,adjudicator,2-1,0,0
t1_p3yjl5u,0,0.2546016275882721,-1.07421875,0,0.18824583292007446,0.4177264869213104,0.3836629390716553,0.010364726185798645,0,0.309009345644749,tagalog,comment,True,majority,3-0,0,0
t1_p3ynuhx,0,0.03514484316110611,-3.3125,0,0.0556640625,0.458984375,0.46875,0.0166015625,0,0.07716025545901342,english,comment,True,majority,3-0,0,0
t1_p3yp6yt,0,0.16940587759017944,-1.58984375,0,0.08024533838033676,0.4579606354236603,0.4416049122810364,0.020189113914966583,0,0.23307350778146146,tagalog,comment,True,adjudicator,2-1,0,1
t1_p3ywykd,0,0.04672495648264885,-3.015625,0,0.06492069363594055,0.45444485545158386,0.456412136554718,0.024222305044531822,0,0.09456173981316968,english,comment,True,adjudicator,2-1,0,0
t1_p3yznzs,0,0.9043130874633789,2.24609375,1,0.4368029832839966,0.2769516706466675,0.24907062947750092,0.03717472031712532,1,0.8432576379758198,tagalog,comment,True,adjudicator,2-1,0,0
t1_p3z0rlz,0,0.16079242527484894,-1.65234375,0,0.16280962526798248,0.414931982755661,0.40004652738571167,0.022211885079741478,0,0.2248088485190056,english,comment,True,adjudicator,2-1,0,0
t1_p3z200l,0,0.023689471185207367,-3.71875,0,0.015247776173055172,0.4879288375377655,0.4858958125114441,0.010927572846412659,0,0.05809008073496682,tagalog,comment,True,majority,3-0,0,0
t1_p3z7948,0,0.016277462244033813,-4.1015625,0,0.021819088608026505,0.4827629327774048,0.4827629327774048,0.01265507098287344,0,0.044247502352832487,taglish,comment,True,majority,3-0,0,0
t1_p3z7dpc,0,0.031143829226493835,-3.4375,0,0.016630420461297035,0.4871433973312378,0.4850965738296509,0.0111295897513628,0,0.07075065641317402,taglish,comment,True,majority,3-0,0,0
t1_p3z7eou,0,0.13432106375694275,-1.86328125,0,0.07508953660726547,0.4643695056438446,0.45053723454475403,0.010003705509006977,0,0.19847011205903445,tagalog,comment,True,adjudicator,2-1,0,0
t1_p3z7hln,0,0.04084571823477745,-3.15625,0,0.034748077392578125,0.4924298822879791,0.4547033905982971,0.018118640407919884,0,0.08591886973219272,tagalog,comment,True,unanimous,3-0,0,0
t1_p3za0te,0,0.793105959892273,1.34375,1,0.3507962226867676,0.3507962226867676,0.278790682554245,0.01961689442396164,1,0.7323689506182247,taglish,comment,True,adjudicator,2-1,0,0
t1_p3zb5sw,0,0.03258974477648735,-3.390625,0,0.033130452036857605,0.47988957166671753,0.475873738527298,0.011106230318546295,0,0.07309448494742783,taglish,comment,True,majority,3-0,0,0
t1_p3zck9z,1,0.05146276578307152,-2.9140625,0,0.04317082092165947,0.496216356754303,0.4485795795917511,0.012033246457576752,0,0.10128021274519652,tagalog,comment,True,adjudicator,2-1,1,0
t1_p3zfmm6,0,0.2925952970981598,-0.8828125,0,0.15786093473434448,0.4259442985057831,0.40539437532424927,0.010800397023558617,0,0.3404336992551974,taglish,comment,True,majority,3-0,0,0
t1_p3zo2om,0,0.01615283451974392,-4.109375,0,0.01518168207257986,0.5017421841621399,0.4718765616416931,0.01119960192590952,0,0.04400065019258756,taglish,comment,True,majority,3-0,0,0
t1_p3zog7n,0,0.007937993854284286,-4.828125,0,0.006324012763798237,0.49798500537872314,0.48211297392845154,0.013578027486801147,0,0.02616021819323484,taglish,comment,True,majority,3-0,0,0
t1_p3zq2x9,0,0.014842418022453785,-4.1953125,0,0.019788339734077454,0.48293569684028625,0.4849395751953125,0.01233640220016241,0,0.041370634428885215,english,comment,True,majority,3-0,0,0
t1_p3zsw04,0,0.022977370768785477,-3.75,0,0.02428187057375908,0.48263344168663025,0.48263344168663025,0.01045121718198061,0,0.0568223044252538,taglish,comment,True,unanimous,3-0,0,0
t1_p3zvxdr,0,0.012431650422513485,-4.375,0,0.011886980384588242,0.5018670558929443,0.47398555278778076,0.012260393239557743,0,0.036349552458675695,taglish,comment,True,unanimous,3-0,0,0
t1_p3zxck1,0,0.014063626527786255,-4.25,0,0.019150134176015854,0.4846360981464386,0.4846360981464386,0.011577695608139038,0,0.03977601286698117,taglish,comment,True,majority,3-0,0,0
t1_p3zz7ts,0,0.020177319645881653,-3.8828125,0,0.022309958934783936,0.4812934696674347,0.4832988679409027,0.013097699731588364,0,0.05171914367653667,taglish,comment,True,majority,3-0,0,0
t1_p3zzaks,0,0.00806199200451374,-4.8125,0,0.02037827856838703,0.492007315158844,0.47443562746047974,0.013178767636418343,0,0.02646008630603746,taglish,comment,True,majority,3-0,0,0
t1_p403hxf,0,0.029535338282585144,-3.4921875,0,0.024655818939208984,0.4846057593822479,0.4785982370376587,0.012140175327658653,0,0.06810404121342764,english,comment,True,majority,3-0,0,0
t1_p40efa2,0,0.01342825498431921,-4.296875,0,0.017257550731301308,0.4822109639644623,0.48621273040771484,0.014318764209747314,0,0.03845623978795531,taglish,comment,True,majority,3-0,0,0
t1_p40mjue,0,0.03488088399171829,-3.3203125,0,0.04464953765273094,0.46694937348365784,0.47094038128852844,0.017460713163018227,0,0.07674453047985484,taglish,comment,True,adjudicator,2-1,0,0
t1_p40nepi,0,0.018546564504504204,-3.96875,0,0.012523043900728226,0.4841395914554596,0.4841395914554596,0.01919776201248169,0,0.048651254945635436,taglish,comment,True,majority,3-0,0,0
t1_p40phsy,0,0.026355354115366936,-3.609375,0,0.014832261949777603,0.48074352741241455,0.4868546724319458,0.017569545656442642,0,0.06273914555882056,tagalog,comment,True,unanimous,3-0,0,0
t1_p40vxa0,0,0.48675844073295593,-0.052978515625,0,0.1716236025094986,0.4466114044189453,0.3686006963253021,0.013164309784770012,0,0.49007904166313127,tagalog,comment,True,adjudicator,2-1,0,1
t1_p40w4c5,0,0.010986942797899246,-4.5,0,0.013560371473431587,0.495356023311615,0.47752320766448975,0.013560371473431587,0,0.033208052663887364,taglish,comment,True,majority,3-0,0,0
t1_p41suvt,0,0.009125636890530586,-4.6875,0,0.013877801597118378,0.4971446096897125,0.47552964091300964,0.013447958044707775,0,0.0289823615333465,english,comment,True,majority,3-0,0,0
t1_p4441wl,0,0.05921025201678276,-2.765625,0,0.05154769495129585,0.4608970284461975,0.45685407519340515,0.030701199546456337,0,0.11186035209602119,english,comment,True,majority,3-0,0,0
t1_p44rmvn,0,0.08509904891252518,-2.375,0,0.08860759437084198,0.45374879240989685,0.44011685252189636,0.01752677746117115,0,0.1443970468368283,english,comment,True,majority,3-0,0,0
t1_p451dv5,1,0.23091977834701538,-1.203125,0,0.1326814740896225,0.44161149859428406,0.4119066894054413,0.013800359331071377,0,0.28877821351635424,tagalog,comment,True,adjudicator,2-1,1,1
t1_p453ho3,0,0.06853749603033066,-2.609375,0,0.06905242055654526,0.4395161271095276,0.4516128897666931,0.039818547666072845,0,0.12402846348342512,english,comment,True,majority,3-0,0,0
t1_p456qkl,0,0.06278920918703079,-2.703125,0,0.07666506618261337,0.4695735573768616,0.436990886926651,0.016770483925938606,0,0.11659723607474917,english,comment,True,adjudicator,2-1,0,0
t1_p457cku,0,0.07004895806312561,-2.5859375,0,0.04440310224890709,0.4881860613822937,0.4544496238231659,0.012961240485310555,0,0.12594871762367607,tagalog,comment,True,majority,3-0,0,0
t1_p45l9bf,0,0.018546564504504204,-3.96875,0,0.013427472673356533,0.48616278171539307,0.4881800413131714,0.012229717336595058,0,0.048651254945635436,english,comment,True,majority,3-0,0,0
t1_p45u9v9,0,0.014063626527786255,-4.25,0,0.024059031158685684,0.4801884889602661,0.48217275738716125,0.013579711318016052,0,0.03977601286698117,english,comment,True,majority,3-0,0,0
t1_p460bgg,0,0.8272706270217896,1.56640625,1,0.38073235750198364,0.33083054423332214,0.2642948031425476,0.02414231188595295,1,0.7637732467038466,tagalog,comment,True,adjudicator,2-1,0,1
t1_p46114s,0,0.010818448849022388,-4.515625,0,0.010468285530805588,0.501486599445343,0.47770068049430847,0.010344400070607662,0,0.032834290084680744,taglish,comment,True,majority,3-0,0,0
t1_p4617tr,0,0.011687257327139378,-4.4375,0,0.013346514664590359,0.49431538581848145,0.47256550192832947,0.019772615283727646,0,0.03474459122869208,english,comment,True,majority,3-0,0,0
t1_p465g9d,0,0.017176708206534386,-4.046875,0,0.017822885885834694,0.5010210871696472,0.46933597326278687,0.01182003878057003,0,0.046012796033967227,taglish,comment,True,adjudicator,2-1,0,0
t1_p467600,0,0.017712298780679703,-4.015625,0,0.026014437898993492,0.4819517135620117,0.479960173368454,0.01207368727773428,0,0.04705142996486635,tagalog,comment,True,adjudicator,2-1,0,0
t1_p468emq,0,0.026759279891848564,-3.59375,0,0.026499999687075615,0.48399999737739563,0.47999998927116394,0.009499999694526196,0,0.06343099810285073,taglish,comment,True,majority,3-0,0,0
t1_p469u4w,1,0.03308597952127457,-3.375,0,0.0158042311668396,0.48738211393356323,0.4853428602218628,0.011470813304185867,0,0.07389152772422952,taglish,comment,True,unanimous,3-0,1,1
t1_p46c1ys,0,0.41834041476249695,-0.32958984375,0,0.19873933494091034,0.40736621618270874,0.363861083984375,0.030033370479941368,0,0.4385833623705646,tagalog,comment,True,adjudicator,2-1,0,0
t1_p46f6fr,0,0.0204885546118021,-3.8671875,0,0.03103342466056347,0.4906470477581024,0.4670959711074829,0.011223550885915756,0,0.05229625432213942,tagalog,comment,True,majority,3-0,0,0
t1_p46fpdb,0,0.01798621006309986,-4.0,0,0.02530856430530548,0.4827328324317932,0.4807380735874176,0.011220546439290047,0,0.04757906900407436,taglish,comment,True,unanimous,3-0,0,0
t1_p46gwy2,0,0.01384861022233963,-4.265625,0,0.02304975502192974,0.4818142354488373,0.48379701375961304,0.011338992044329643,0,0.03933133410143569,taglish,comment,True,majority,3-0,0,0
t1_p46i36k,0,0.013636835850775242,-4.28125,0,0.0234433151781559,0.4822624623775482,0.4822624623775482,0.012031753547489643,0,0.038891425303223426,taglish,comment,True,adjudicator,2-1,0,0
t1_p46ija3,0,0.36274343729019165,-0.5634765625,0,0.17745941877365112,0.44919416308403015,0.3604644536972046,0.012881982140243053,0,0.39600706218195614,taglish,comment,True,majority,3-0,0,0
t1_p46j4uw,0,0.01678548939526081,-4.0703125,0,0.032572485506534576,0.47772979736328125,0.4797038733959198,0.00999383069574833,0,0.04524817879446525,taglish,comment,True,unanimous,3-0,0,0
t1_p46k54m,0,0.008847354911267757,-4.71875,0,0.023044565692543983,0.4916173815727234,0.4740596115589142,0.0112784244120121,0,0.028330734090797918,taglish,comment,True,majority,3-0,0,0
t1_p46lrim,0,0.0384661927819252,-3.21875,0,0.06062087416648865,0.46736738085746765,0.4615008533000946,0.010510877706110477,0,0.08231219689795859,taglish,comment,True,majority,3-0,0,0
t1_p46zdqa,0,0.5096423625946045,0.03857421875,1,0.2413162738084793,0.39488115906715393,0.3473491668701172,0.01645338162779808,1,0.5072240003969686,taglish,comment,True,majority,3-0,0,0
t1_p47hvja,1,0.07978201657533646,-2.4453125,0,0.07583393156528473,0.47420206665992737,0.43964481353759766,0.010319174267351627,0,0.1380103582469899,taglish,comment,True,majority,3-0,1,1
t1_p47i2r2,0,0.12168575078248978,-1.9765625,0,0.09475626796483994,0.46854352951049805,0.4266412854194641,0.010058925487101078,0,0.18531434550365491,taglish,comment,True,majority,3-0,0,0
t1_p47sah4,0,0.01640303246676922,-4.09375,0,0.024236366152763367,0.48172903060913086,0.47973015904426575,0.014304453507065773,0,0.04449567494372924,taglish,comment,True,majority,3-0,0,0
t1_p47w28i,0,0.1778108775615692,-1.53125,0,0.11622043699026108,0.44759273529052734,0.42646175622940063,0.00972505658864975,0,0.24101161338375976,taglish,comment,True,adjudicator,2-1,0,1
t1_p48bcl6,0,0.1212688684463501,-1.98046875,0,0.11562057584524155,0.4341670572757721,0.4341670572757721,0.016045304015278816,0,0.18487294795608167,taglish,comment,True,unanimous,3-0,0,0
t1_p48edr7,0,0.18476749956607819,-1.484375,0,0.16867469251155853,0.44265952706336975,0.36947789788246155,0.019187862053513527,0,0.2474935990431507,taglish,comment,True,majority,3-0,0,0
t1_p48uzbx,0,0.3195458948612213,-0.755859375,0,0.20467771589756012,0.423410564661026,0.3478642702102661,0.02404743619263172,0,0.36210147578624025,taglish,comment,True,majority,3-0,0,0
t1_p48vekj,0,0.016277462244033813,-4.1015625,0,0.02682563289999962,0.4788872301578522,0.48087432980537415,0.01341281644999981,0,0.044247502352832487,taglish,comment,True,majority,3-0,0,0
t1_p4ax4kj,0,0.08093671500682831,-2.4296875,0,0.030414864420890808,0.48663783073425293,0.474420964717865,0.008526342920958996,0,0.139408797957999,taglish,comment,True,unanimous,3-0,0,0
t1_p4bbpyq,0,0.015424554236233234,-4.15625,0,0.026779163628816605,0.49498656392097473,0.46759599447250366,0.010638297535479069,0,0.042546914139551965,english,comment,True,majority,3-0,0,0
t1_p4bi0wm,0,0.05582314357161522,-2.828125,0,0.04423341155052185,0.4758215546607971,0.46982380747795105,0.010121204890310764,0,0.10729253630311329,tagalog,comment,True,adjudicator,2-1,0,0
t1_p4biygx,0,0.07369627058506012,-2.53125,0,0.060131847858428955,0.47119709849357605,0.45739632844924927,0.011274721473455429,0,0.1305283942156195,english,comment,True,majority,3-0,0,0
t1_p4bljcw,0,0.9190633296966553,2.4296875,1,0.4465290904045105,0.28330206871032715,0.23827391862869263,0.03189493343234062,1,0.860591202042001,taglish,comment,True,adjudicator,2-1,0,1
t1_p4bn67m,0,0.05665242671966553,-2.8125,0,0.06385347992181778,0.4553891718387604,0.4573691487312317,0.023388193920254707,0,0.10841886602556666,english,comment,True,unanimous,3-0,0,0
t1_p4bsnv1,0,0.5477665066719055,0.191650390625,1,0.25226059556007385,0.3913749158382416,0.33943891525268555,0.016925573348999023,1,0.535832359353857,tagalog,comment,True,majority,3-0,0,0
t1_p4btc0n,0,0.05582314357161522,-2.828125,0,0.06461955606937408,0.4577629864215851,0.45184361934661865,0.025773830711841583,0,0.10729253630311329,english,comment,True,majority,3-0,0,0
t1_p4cxm10,0,0.08269734680652618,-2.40625,0,0.07709778100252151,0.4616045653820038,0.4478546380996704,0.01344300527125597,0,0.14152870293269873,taglish,comment,True,majority,3-0,0,0
t1_p4dgecm,0,0.09467770159244537,-2.2578125,0,0.0664352998137474,0.46802181005477905,0.452156662940979,0.013386216945946217,0,0.15558547957540922,taglish,comment,True,majority,3-0,0,0
t1_p4dhebd,0,0.027585282921791077,-3.5625,0,0.03492142632603645,0.47293588519096375,0.47493141889572144,0.017211275175213814,0,0.06483608668244899,taglish,comment,True,majority,3-0,0,0
t1_p4dnfav,0,0.8050197958946228,1.41796875,1,0.3750289976596832,0.32490137219429016,0.2710605561733246,0.029009051620960236,1,0.7431253100558116,tagalog,comment,True,adjudicator,2-1,0,0
t1_p4du5ih,0,0.024798156693577766,-3.671875,0,0.01864449493587017,0.48374906182289124,0.48576468229293823,0.011841773986816406,0,0.06004158954237694,english,comment,True,majority,3-0,0,0
t1_p4dwqfb,1,0.4384846091270447,-0.247314453125,0,0.23596304655075073,0.3923240900039673,0.3506278097629547,0.02108505181968212,0,0.45381292350058144,english,comment,True,adjudicator,2-1,1,1
t1_p4dyzc9,0,0.00985985528677702,-4.609375,0,0.02193383313715458,0.4932675361633301,0.471821129322052,0.012977518141269684,0,0.030675665191402326,english,comment,True,majority,3-0,0,0
t1_p4e3pc6,0,0.11047115921974182,-2.0859375,0,0.07080078125,0.486328125,0.42578125,0.01708984375,0,0.17326135229716336,taglish,comment,True,majority,3-0,0,0
t1_p4e9crn,0,0.8031737804412842,1.40625,1,0.35752129554748535,0.34462106227874756,0.27827689051628113,0.019580742344260216,1,0.7414458848769978,tagalog,comment,True,adjudicator,2-1,0,0
t1_p4ebxzn,0,0.006903837900608778,-4.96875,0,0.010403841733932495,0.49839940667152405,0.47869983315467834,0.01249692216515541,0,0.02360619896586913,taglish,comment,True,unanimous,3-0,0,0
t1_p4eease,0,0.008315778337419033,-4.78125,0,0.01848677732050419,0.4936336874961853,0.4760039150714874,0.01187561172991991,0,0.027069886167298093,taglish,comment,True,unanimous,3-0,0,0
t1_p4em7l7,0,0.007695646956562996,-4.859375,0,0.010004322975873947,0.49799296259880066,0.4782313406467438,0.013771383091807365,0,0.02557037173968303,english,comment,True,majority,3-0,0,0
t1_p4er23j,0,0.018833130598068237,-3.953125,0,0.013628619723021984,0.48659220337867737,0.48659220337867737,0.013186952099204063,0,0.04919590838703354,english,comment,True,majority,3-0,0,0
t1_p4eskwg,0,0.007937993854284286,-4.828125,0,0.007844718173146248,0.5020619630813599,0.4782487452030182,0.011844594031572342,0,0.02616021819323484,taglish,comment,True,unanimous,3-0,0,0
t1_p4ewq7q,0,0.006903837900608778,-4.96875,0,0.009461202658712864,0.49738895893096924,0.47969529032707214,0.013454567641019821,0,0.02360619896586913,english,comment,True,majority,3-0,0,0
t1_p4g9m05,0,0.026963496580719948,-3.5859375,0,0.030274715274572372,0.480408638715744,0.480408638715744,0.008907992392778397,0,0.06377958579438398,taglish,comment,True,majority,3-0,0,0
t1_p4g9s91,0,0.018264278769493103,-3.984375,0,0.022441092878580093,0.4847275912761688,0.4827328324317932,0.010098491795361042,0,0.0481123262994903,taglish,comment,True,majority,3-0,0,0
t1_p4g9xex,0,0.01384861022233963,-4.265625,0,0.02056843601167202,0.48267266154289246,0.48267266154289246,0.014086262322962284,0,0.03933133410143569,english,comment,True,majority,3-0,0,0
t1_p4gcvtp,0,0.01384861022233963,-4.265625,0,0.021365132182836533,0.48096391558647156,0.4829513728618622,0.014719583094120026,0,0.03933133410143569,taglish,comment,True,majority,3-0,0,0
t1_p4gd9e2,0,0.008445627056062222,-4.765625,0,0.019539598375558853,0.4943518340587616,0.47481223940849304,0.011296330019831657,0,0.02737988841155039,taglish,comment,True,unanimous,3-0,0,0
t1_p4gft2f,0,0.021948251873254776,-3.796875,0,0.02925978973507881,0.4821017384529114,0.4781174063682556,0.010521072894334793,0,0.05496931168343075,taglish,comment,True,majority,3-0,0,0
t1_p4gftyg,0,0.00985985528677702,-4.609375,0,0.022709235548973083,0.49423113465309143,0.47274282574653625,0.01031683012843132,0,0.030675665191402326,taglish,comment,True,unanimous,3-0,0,0
t1_p4gj6sh,0,0.4179840087890625,-0.3310546875,0,0.2147468626499176,0.4041227698326111,0.3660663664340973,0.015063993632793427,0,0.43831317175803725,english,comment,True,majority,3-0,0,0
t1_p4gw8oy,0,0.013222821988165379,-4.3125,0,0.019761115312576294,0.48427239060401917,0.482271283864975,0.013695203699171543,0,0.03802573122811927,taglish,comment,True,unanimous,3-0,0,0
t1_p4i6qaq,0,0.05582314357161522,-2.828125,0,0.048829853534698486,0.4635041058063507,0.4655281603336334,0.02213788777589798,0,0.10729253630311329,taglish,comment,True,adjudicator,2-1,0,0
t1_p4i7379,1,0.030214587226510048,-3.46875,0,0.026648230850696564,0.4826849400997162,0.47866255044937134,0.012004273943603039,0,0.06922687933387604,tagalog,comment,True,adjudicator,2-1,1,1
t1_p4i7j69,0,0.18010665476322174,-1.515625,0,0.08580008894205093,0.4863639175891876,0.41576269268989563,0.01207329798489809,0,0.24315933304353488,tagalog,comment,True,adjudicator,2-1,0,0
t1_p4i7qsg,1,0.10158944875001907,-2.1796875,0,0.09086491912603378,0.45092323422431946,0.4450923204421997,0.013119533658027649,0,0.16343066056877983,taglish,comment,True,unanimous,3-0,1,1
t1_p4iaido,0,0.031143829226493835,-3.4375,0,0.040571000427007675,0.4668169319629669,0.4728274345397949,0.019784623757004738,0,0.07075065641317402,english,comment,True,majority,3-0,0,0
t1_p4ibiuu,1,0.8338664174079895,1.61328125,1,0.39627358317375183,0.3162917494773865,0.2526698410511017,0.03476482629776001,1,0.7700503192828557,english,comment,True,majority,3-0,1,1
t1_p4icm2l,1,0.06052939593791962,-2.7421875,0,0.024961400777101517,0.48172929883003235,0.4776119291782379,0.015697374939918518,0,0.11361665008427911,tagalog,comment,True,adjudicator,2-1,1,1
t1_p4ie5zr,0,0.2186693549156189,-1.2734375,0,0.1348017156124115,0.4371426999568939,0.41403383016586304,0.014021784998476505,0,0.2780810596174125,tagalog,comment,True,majority,3-0,0,0
t1_p4inedd,0,0.4904186427593231,-0.038330078125,0,0.1815573275089264,0.4152863025665283,0.3714621067047119,0.03169427439570427,1,0.4928217148217889,tagalog,comment,True,majority,3-0,0,0
t1_p4j2qy3,0,0.055005285888910294,-2.84375,0,0.0280248261988163,0.485251784324646,0.4750143885612488,0.011709002777934074,0,0.10617651421040851,taglish,comment,True,majority,3-0,0,0
t1_p4j4bo5,0,0.05223086103796959,-2.8984375,0,0.03551209345459938,0.4673185646533966,0.47143593430519104,0.025733401998877525,0,0.102350662981193,english,comment,True,adjudicator,2-1,0,0
t1_p4jun35,0,0.011687257327139378,-4.4375,0,0.015713034197688103,0.48478779196739197,0.48679104447364807,0.012708150781691074,0,0.03474459122869208,taglish,comment,True,adjudicator,3-0,0,0
t1_p4klhcp,0,0.01384861022233963,-4.265625,0,0.019735198467969894,0.48163875937461853,0.483637273311615,0.014988758601248264,0,0.03933133410143569,english,comment,True,majority,3-0,0,0
t1_p4kpg8l,1,0.7333563566207886,1.01171875,1,0.3409384489059448,0.3702109456062317,0.25139904022216797,0.037451572716236115,1,0.6809047283810378,tagalog,comment,True,adjudicator,2-1,1,1
t1_p4l6vav,0,0.034618839621543884,-3.328125,0,0.06595538556575775,0.46168768405914307,0.4578079581260681,0.014548981562256813,0,0.07633086008428057,english,comment,True,majority,3-0,0,0
t1_p4mavs0,0,0.70537930727005,0.873046875,1,0.31197771430015564,0.36429697275161743,0.2984134554862976,0.02531185746192932,1,0.6579216744716374,tagalog,comment,True,adjudicator,2-1,0,0
t1_p4mcm4v,1,0.8783142566680908,1.9765625,1,0.4136132001876831,0.31115853786468506,0.24854737520217896,0.026680896058678627,1,0.814685654496345,taglish,comment,True,majority,3-0,1,1
t1_p4mctow,0,0.8812065720558167,2.00390625,1,0.4298674166202545,0.29774364829063416,0.23819492757320404,0.03419400006532669,1,0.8177583700039182,tagalog,comment,True,adjudicator,2-1,0,0
t1_p4mdcaf,0,0.9032942056655884,2.234375,1,0.43706777691841125,0.3024435341358185,0.2360534816980362,0.024435224011540413,1,0.842093761947965,tagalog,comment,True,majority,3-0,0,0
t1_p4mdscq,0,0.03384403511881828,-3.3515625,0,0.06877762079238892,0.45916327834129333,0.45916327834129333,0.012895803898572922,0,0.0751020948441399,taglish,comment,True,majority,3-0,0,0
t1_p4mdvr0,0,0.4951173663139343,-0.01953125,0,0.29099926352500916,0.3554820716381073,0.3339878022670746,0.019530845806002617,1,0.496342088998848,english,comment,True,adjudicator,2-1,0,0
t1_p4miji8,0,0.7029380798339844,0.861328125,1,0.3218035101890564,0.3589347004890442,0.3023538589477539,0.0169079452753067,1,0.6559431035871794,tagalog,comment,True,adjudicator,2-1,0,0
t1_p4mkcna,1,0.08632347732782364,-2.359375,0,0.07261651009321213,0.4698141813278198,0.44642096757888794,0.011148340068757534,0,0.14584925207727328,english,comment,True,majority,3-0,1,1
t1_p4mltiq,1,0.1250653862953186,-1.9453125,0,0.05806208401918411,0.47052907943725586,0.46047505736351013,0.010933768935501575,0,0.18887484827032464,taglish,comment,True,adjudicator,2-1,1,1
t1_p4mp9bw,0,0.029760092496871948,-3.484375,0,0.026804905384778976,0.47945377230644226,0.47945377230644226,0.014287520200014114,0,0.06847643217097228,taglish,comment,True,adjudicator,2-1,0,0
t1_p4ms7si,0,0.1661335527896881,-1.61328125,0,0.06636691838502884,0.4681147634983063,0.45392945408821106,0.011588879860937595,0,0.22994968071714433,tagalog,comment,True,adjudicator,2-1,0,1
t1_p4mv2i7,0,0.013020490296185017,-4.328125,0,0.01850000023841858,0.4819999933242798,0.4860000014305115,0.013500000350177288,0,0.037599853652667665,taglish,comment,True,unanimous,3-0,0,0
t1_p4n5bbj,0,0.0446808747947216,-3.0625,0,0.018612952902913094,0.48750635981559753,0.4834268093109131,0.010453850030899048,0,0.09159757256690927,taglish,comment,True,majority,3-0,0,0
t1_p4n673n,0,0.029535338282585144,-3.4921875,0,0.029459696263074875,0.4813839793205261,0.4773724377155304,0.011783878318965435,0,0.06810404121342764,taglish,comment,True,unanimous,3-0,0,0
t1_p4n6x5q,1,0.8832359910011292,2.0234375,1,0.42309558391571045,0.29694321751594543,0.24842309951782227,0.031538087874650955,1,0.8199288271591036,taglish,comment,True,majority,3-0,1,1
t1_p4n9a42,0,0.035678550601005554,-3.296875,0,0.03519206866621971,0.4778190851211548,0.4758364260196686,0.011152416467666626,0,0.07799790186416966,english,comment,True,majority,3-0,0,0
t1_p4n9omu,0,0.018546564504504204,-3.96875,0,0.015153428539633751,0.48490971326828003,0.48693016171455383,0.013006692752242088,0,0.048651254945635436,taglish,comment,True,unanimous,3-0,0,0
t1_p4nak5b,0,0.7427950501441956,1.060546875,1,0.32512983679771423,0.3630616366863251,0.29622939229011536,0.015579137951135635,1,0.6887994176576716,english,comment,True,majority,3-0,0,0
t1_p4nb10g,0,0.010652512311935425,-4.53125,0,0.00972798839211464,0.4956936538219452,0.4818142354488373,0.01276411209255457,0,0.032464593008292054,taglish,comment,True,unanimous,3-0,0,0
t1_p4nb5o8,0,0.15662017464637756,-1.68359375,0,0.15669304132461548,0.4245288372039795,0.4044867157936096,0.014291408471763134,0,0.2207553092636898,english,comment,True,majority,3-0,0,0
t1_p4ncmm6,0,0.1778108775615692,-1.53125,0,0.07162397354841232,0.49142003059387207,0.4257647395133972,0.011191246099770069,0,0.24101161338375976,taglish,comment,True,majority,3-0,0,0
t1_p4ndcqd,0,0.032344330102205276,-3.3984375,0,0.016522623598575592,0.4860193133354187,0.4860193133354187,0.011438739486038685,0,0.07269893990947067,tagalog,comment,True,adjudicator,2-1,0,0
t1_p4ndhyz,0,0.2553436756134033,-1.0703125,0,0.0767601877450943,0.47220751643180847,0.429857075214386,0.02117522433400154,0,0.309634543022342,tagalog,comment,True,unanimous,3-0,0,0
t1_p4ne8td,0,0.8267117738723755,1.5625,1,0.36552441120147705,0.37106266617774963,0.23999077081680298,0.023422176018357277,1,0.7632448507973847,tagalog,comment,True,adjudicator,2-1,0,0
t1_p4net0h,0,0.01956867426633835,-3.9140625,0,0.018353236839175224,0.48271527886390686,0.48472657799720764,0.014204902574419975,0,0.05058294184229423,english,comment,True,majority,3-0,0,0
t1_p4nfcdo,0,0.034618839621543884,-3.328125,0,0.018525566905736923,0.4872478246688843,0.48318740725517273,0.011039208620786667,0,0.07633086008428057,taglish,comment,True,unanimous,3-0,0,0
t1_p4njhnu,0,0.632729709148407,0.5439453125,1,0.2934158146381378,0.369421124458313,0.32346442341804504,0.013698630034923553,1,0.6004879280066332,tagalog,comment,True,adjudicator,2-1,0,0
t1_p4nkkv3,0,0.04177388176321983,-3.1328125,0,0.024204790592193604,0.4846027195453644,0.47851982712745667,0.0126726645976305,0,0.08730790501248989,english,comment,True,unanimous,3-0,0,0
t1_p4nlhqb,0,0.26971012353897095,-0.99609375,0,0.15195846557617188,0.43039169907569885,0.3869749903678894,0.030674846842885017,0,0.32164393947174935,english,comment,True,unanimous,3-0,0,0
t1_p4nu0xc,1,0.8068526387214661,1.4296875,1,0.3820895552635193,0.32146957516670227,0.2626865804195404,0.03375430405139923,1,0.7447975813128793,english,comment,True,majority,3-0,1,1
t1_p4nubx1,1,0.025371311232447624,-3.6484375,0,0.02137708105146885,0.4931643009185791,0.4752672016620636,0.010191399604082108,0,0.061040208045969366,taglish,comment,True,majority,3-0,1,1
t1_p4o3le5,0,0.010818448849022388,-4.515625,0,0.01092457678169012,0.49771633744239807,0.4799407422542572,0.011418343521654606,0,0.032834290084680744,taglish,comment,True,majority,3-0,0,0
t1_p4o65k5,0,0.7789857983589172,1.259765625,1,0.3384152948856354,0.38651493191719055,0.25939446687698364,0.01567532680928707,1,0.7198581054104952,tagalog,comment,True,adjudicator,2-1,0,0
t1_p4olswb,1,0.14080817997455597,-1.80859375,0,0.13481354713439941,0.4481639564037323,0.40808427333831787,0.008938229642808437,0,0.20506808762750214,taglish,comment,True,unanimous,3-0,1,1
t1_p4onbxw,0,0.013636835850775242,-4.28125,0,0.02451431006193161,0.4922473430633545,0.4687136113643646,0.014524728991091251,0,0.038891425303223426,taglish,comment,True,majority,3-0,0,0
t1_p4p8bvr,0,0.03161877021193504,-3.421875,0,0.04201628267765045,0.4733668863773346,0.471377968788147,0.013238858431577682,0,0.07152411357556374,english,comment,True,majority,3-0,0,0
t1_p4pq6qr,0,0.1919327974319458,-1.4375,0,0.09404154866933823,0.4557780921459198,0.43388479948043823,0.01629555970430374,0,0.25409155470774086,english,comment,True,majority,3-0,0,0
t1_p4pupu7,0,0.013020490296185017,-4.328125,0,0.016080154106020927,0.49873214960098267,0.47300389409065247,0.012183808721601963,0,0.037599853652667665,taglish,comment,True,majority,3-0,0,0
t1_p4pzjeu,0,0.019870713353157043,-3.8984375,0,0.01150926947593689,0.4976981580257416,0.4777902066707611,0.013002363964915276,0,0.05114805796446534,english,comment,True,adjudicator,2-1,0,0
t1_p4q6ia8,1,0.8469578623771667,1.7109375,1,0.4049692451953888,0.29908278584480286,0.2693602740764618,0.0265877153724432,1,0.7827483481249329,tagalog,comment,True,adjudicator,2-1,1,1
t1_p4q85h6,0,0.07585818320512772,-2.5,0,0.03437598794698715,0.48328593373298645,0.47115322947502136,0.011184833943843842,0,0.13320839001486942,taglish,comment,True,majority,3-0,0,0
t1_p4q8v9j,0,0.4104018211364746,-0.3623046875,0,0.19052201509475708,0.4176088571548462,0.3714216947555542,0.020447438582777977,0,0.43255806907716476,english,comment,True,adjudicator,2-1,0,1
t1_p4q9za0,0,0.5371476411819458,0.14886474609375,1,0.28360673785209656,0.36816030740737915,0.32588350772857666,0.022349443286657333,1,0.5278517771085838,english,comment,True,adjudicator,2-1,0,0
t1_p4qebjx,0,0.024053553119301796,-3.703125,0,0.0664316862821579,0.4626321792602539,0.4588087797164917,0.012127366848289967,0,0.05873387865683369,english,comment,True,majority,3-0,0,0
t1_p4qem03,0,0.12463856488466263,-1.94921875,0,0.15994638204574585,0.4217580556869507,0.4092482924461365,0.009047246538102627,0,0.18842693149846967,english,comment,True,unanimous,3-0,0,0
t1_p4qfxr5,1,0.2024431973695755,-1.37109375,0,0.18267716467380524,0.41034871339797974,0.38875141739845276,0.01822272129356861,0,0.26363511931718836,taglish,comment,True,adjudicator,2-1,1,0
t1_p4qgz5t,0,0.8449215292930603,1.6953125,1,0.3845478594303131,0.3353819251060486,0.25812116265296936,0.021949078887701035,1,0.7807511970936042,english,comment,True,adjudicator,2-1,0,1
t1_p4qu5cn,0,0.13660839200019836,-1.84375,0,0.15016122162342072,0.4256103038787842,0.41271302103996277,0.011515431106090546,0,0.20080802457287394,tagalog,comment,True,adjudicator,2-1,0,0
t1_p4qxjol,0,0.043365802615880966,-3.09375,0,0.09765258431434631,0.4469483494758606,0.44131454825401306,0.014084506779909134,0,0.08966813451301332,english,comment,True,unanimous,3-0,0,0
t1_p4qzg0c,0,0.017712298780679703,-4.015625,0,0.011616954579949379,0.4902982711791992,0.4862794280052185,0.011805337853729725,0,0.04705142996486635,tagalog,comment,True,adjudicator,2-1,0,0
t1_p4r5wg2,1,0.6537903547286987,0.6357421875,1,0.30518683791160583,0.3587283790111542,0.31767985224723816,0.01840490847826004,1,0.6168663512818882,taglish,comment,True,majority,3-0,1,1
t1_p4rcpu8,0,0.45177996158599854,-0.1934814453125,0,0.23436014354228973,0.3971599340438843,0.35422372817993164,0.014256163500249386,0,0.4638264834518141,taglish,comment,True,unanimous,3-0,0,0
t1_p4rn3ty,0,0.16026602685451508,-1.65625,0,0.09880834072828293,0.4528301954269409,0.43296921253204346,0.01539225410670042,0,0.2242992793244693,tagalog,comment,True,adjudicator,2-1,0,0
t1_p4rrt41,0,0.027376487851142883,-3.5703125,0,0.025452524423599243,0.49817755818367004,0.4665472209453583,0.009822697378695011,0,0.06448212238461329,taglish,comment,True,adjudicator,2-1,0,1
t1_p4rtcjc,0,0.012053778395056725,-4.40625,0,0.02673829346895218,0.4922776520252228,0.4707893431186676,0.01019473746418953,0,0.03553834644186387,taglish,comment,True,adjudicator,2-1,0,0
t1_p4rv6tw,1,0.6249805092811584,0.5107421875,1,0.256975382566452,0.3995310664176941,0.32075029611587524,0.022743258625268936,1,0.5945059000286634,tagalog,comment,True,adjudicator,2-1,1,1
t1_p4rw6f0,0,0.021948251873254776,-3.796875,0,0.011648407205939293,0.489610880613327,0.4855811595916748,0.013159551657736301,0,0.05496931168343075,english,comment,True,adjudicator,2-1,0,1
t1_p4ryfsy,1,0.3609394431114197,-0.5712890625,0,0.2109515219926834,0.4039497375488281,0.37163373827934265,0.013464991003274918,0,0.39460802206787,english,comment,True,majority,3-0,1,1
t1_p4ryksa,0,0.38722679018974304,-0.458984375,0,0.23473571240901947,0.4090614914894104,0.3175835907459259,0.03861920163035393,0,0.4148746263925688,english,comment,True,majority,3-0,0,0
t1_p4s1e0i,0,0.04958902671933174,-2.953125,0,0.043297670781612396,0.47123977541923523,0.47123977541923523,0.014222781173884869,0,0.09864745374865584,taglish,comment,True,unanimous,3-0,0,0
t1_p4s8zys,0,0.3293917179107666,-0.7109375,0,0.13314706087112427,0.4684443771839142,0.384863018989563,0.013545526191592216,0,0.36991037054179915,tagalog,comment,True,adjudicator,2-1,0,1
t1_p4se7l8,1,0.8104788661003113,1.453125,1,0.36564362049102783,0.35857805609703064,0.24199602007865906,0.033782292157411575,1,0.748120589098847,taglish,comment,True,unanimous,3-0,1,1
t1_p4sedm6,0,0.07864238321781158,-2.4609375,0,0.057290032505989075,0.4663609564304352,0.46435078978538513,0.01199824083596468,0,0.1366237195539455,taglish,comment,True,majority,3-0,0,0
t1_p4ssv2p,0,0.2062538117170334,-1.34765625,0,0.16764838993549347,0.42591753602027893,0.3951064646244049,0.011327593587338924,0,0.2670578552165375,tagalog,comment,True,unanimous,3-0,0,0
t1_p4st9rn,0,0.8098781704902649,1.44921875,1,0.371191143989563,0.328716516494751,0.26777470111846924,0.0323176346719265,1,0.7475687527678994,taglish,comment,True,majority,3-0,0,0
t1_p4stnfe,0,0.24725964665412903,-1.11328125,0,0.13913866877555847,0.45243728160858154,0.39564600586891174,0.012778040952980518,0,0.30279603202824007,tagalog,comment,True,adjudicator,2-1,0,1
t1_p4sty57,0,0.25645938515663147,-1.064453125,0,0.10859508067369461,0.4791818857192993,0.4012661278247833,0.010956902988255024,0,0.31057364541460447,taglish,comment,True,majority,3-0,0,0
t1_p4suo52,0,0.7446563243865967,1.0703125,1,0.3219761550426483,0.3747870624065399,0.2879045903682709,0.015332197770476341,1,0.690365456977658,taglish,comment,True,majority,3-0,0,0
t1_p4sutzg,0,0.6592954993247986,0.66015625,1,0.32769832015037537,0.3519722521305084,0.3016905188560486,0.01863892562687397,1,0.6211796832259249,taglish,comment,True,adjudicator,2-1,0,1
t1_p4svbbp,0,0.5525397062301636,0.2109375,1,0.2940613925457001,0.37565070390701294,0.3127589523792267,0.017528949305415154,1,0.5394241368927845,taglish,comment,True,majority,3-0,0,0
t1_p4svza9,0,0.32766830921173096,-0.71875,0,0.2041424959897995,0.4047500789165497,0.3817729949951172,0.009334437549114227,0,0.36854726988655145,tagalog,comment,True,adjudicator,2-1,0,0
t1_p4sx1e4,1,0.8832359910011292,2.0234375,1,0.41290321946144104,0.3060554563999176,0.25353705883026123,0.027504244819283485,1,0.8199288271591036,tagalog,comment,True,adjudicator,2-1,1,1
t1_p4sxwjj,0,0.08570928126573563,-2.3671875,0,0.07022248953580856,0.47400182485580444,0.44279181957244873,0.012983846478164196,0,0.14512164133272337,tagalog,comment,True,majority,3-0,0,0
t1_p4t3p3g,0,0.5009765625,0.00390625,1,0.18767760694026947,0.42372575402259827,0.37535521388053894,0.013241429813206196,1,0.5007315947302844,tagalog,comment,True,adjudicator,2-1,0,1
t1_p4t3t98,0,0.06465348601341248,-2.671875,0,0.03011276200413704,0.4838544428348541,0.4736032783985138,0.012429523281753063,0,0.11903035657778882,taglish,comment,True,majority,3-0,0,0
t1_p4t4jul,0,0.024423090741038322,-3.6875,0,0.026118023321032524,0.4947640895843506,0.46913883090019226,0.00997905619442463,0,0.05938436178912311,taglish,comment,True,majority,3-0,0,0
t1_p4t4rfj,0,0.013636835850775242,-4.28125,0,0.016663534566760063,0.4831172227859497,0.4871264696121216,0.013092776760458946,0,0.038891425303223426,taglish,comment,True,unanimous,3-0,0,0
t1_p4t9ywx,0,0.03541072830557823,-3.3046875,0,0.033575545996427536,0.4810824394226074,0.4750688970088959,0.010273114778101444,0,0.0775780431932074,tagalog,comment,True,unanimous,3-0,0,0
t1_p4tc9d3,0,0.8534248471260071,1.76171875,1,0.39855724573135376,0.315599650144577,0.2542831301689148,0.031559962779283524,1,0.7891480696173633,english,comment,True,adjudicator,2-1,0,1
t1_p4tccib,0,0.2579519748687744,-1.056640625,0,0.17256058752536774,0.41777828335762024,0.3977975845336914,0.01186354085803032,0,0.31182821241660985,english,comment,True,majority,3-0,0,0
t1_p4tdnbr,0,0.15203222632408142,-1.71875,0,0.0675971731543541,0.47668522596359253,0.44263628125190735,0.013081304728984833,0,0.21625801712196938,taglish,comment,True,unanimous,3-0,0,0
t1_p4tdt5e,0,0.33545970916748047,-0.68359375,0,0.25246888399124146,0.37956205010414124,0.35208243131637573,0.015886645764112473,0,0.3746974583430487,tagalog,comment,True,adjudicator,2-1,0,1
t1_p4teilx,0,0.1250653862953186,-1.9453125,0,0.176854208111763,0.4032275974750519,0.39969050884246826,0.020227700471878052,0,0.18887484827032464,tagalog,comment,True,adjudicator,2-1,0,0
t1_p4temin,0,0.5902479290962219,0.364990234375,1,0.26784467697143555,0.3906068503856659,0.32550570368766785,0.01604278013110161,1,0.5679356846022293,tagalog,comment,True,majority,3-0,0,0
t1_p4tg9di,0,0.8104788661003113,1.453125,1,0.3855832815170288,0.33098742365837097,0.26444870233535767,0.018980592489242554,1,0.748120589098847,tagalog,comment,True,adjudicator,2-1,0,1
t1_p4tgfsj,0,0.27904197573661804,-0.94921875,0,0.23567511141300201,0.4028205871582031,0.3493340313434601,0.012170279398560524,0,0.3293534878912827,taglish,comment,True,majority,3-0,0,0
t1_p4tglh0,0,0.9213575720787048,2.4609375,1,0.44628098607063293,0.28650137782096863,0.23691460490226746,0.03030303120613098,1,0.8633762804460545,tagalog,comment,True,adjudicator,2-1,0,0
t1_p4thbix,0,0.7766229510307312,1.24609375,1,0.3577273190021515,0.3337559103965759,0.2821251451969147,0.026391610503196716,1,0.7177879681484007,tagalog,comment,True,adjudicator,2-1,0,0
t1_p4tmk6i,0,0.7862948179244995,1.302734375,1,0.37435656785964966,0.3350491225719452,0.26579317450523376,0.02480112388730049,1,0.7263034847673197,tagalog,comment,True,adjudicator,2-1,0,0
t1_p4to7sm,0,0.754553496837616,1.123046875,1,0.36614474654197693,0.3363626301288605,0.27679842710494995,0.02069418504834175,1,0.6987462111353816,tagalog,comment,True,adjudicator,2-1,0,1
t1_p4tpsa6,0,0.13386748731136322,-1.8671875,0,0.16680529713630676,0.4258858859539032,0.39749348163604736,0.009815338999032974,0,0.19800499491514867,english,comment,True,majority,3-0,0,0
t1_p4tqn1o,0,0.09009299427270889,-2.3125,0,0.04248366132378578,0.48667672276496887,0.454499751329422,0.016339870169758797,0,0.15027860877193056,taglish,comment,True,adjudicator,2-1,0,0
t1_p4ttar2,0,0.7520126104354858,1.109375,1,0.34820839762687683,0.35524290800094604,0.2813805341720581,0.01516816858202219,1,0.6965858216482287,taglish,comment,True,unanimous,3-0,0,0
t1_p4ttzbi,0,0.07107366621494293,-2.5703125,0,0.07132018357515335,0.4471421241760254,0.4471421241760254,0.034395549446344376,0,0.1272429798124617,taglish,comment,True,majority,3-0,0,0
t1_p4tuflx,0,0.17217184603214264,-1.5703125,0,0.0849987342953682,0.4634454846382141,0.4290412366390228,0.022514546290040016,0,0.23569917249860448,tagalog,comment,True,majority,3-0,0,0
t1_p4u0btx,0,0.043365802615880966,-3.09375,0,0.06469934433698654,0.4563526213169098,0.46030375361442566,0.01864427700638771,0,0.08966813451301332,taglish,comment,True,unanimous,3-0,0,0
t1_p4u0xys,0,0.8489722013473511,1.7265625,1,0.39973700046539307,0.3103221654891968,0.2559719383716583,0.03396888077259064,1,0.7847323229046037,english,comment,True,adjudicator,2-1,0,0
t1_p4u1uis,1,0.6671476364135742,0.6953125,1,0.30814018845558167,0.3583025336265564,0.30634868144989014,0.02720859833061695,1,0.6273572150486129,english,comment,True,adjudicator,2-1,1,1
t1_p4u29jx,0,0.060086652636528015,-2.75,0,0.03313790634274483,0.4792250692844391,0.4690288007259369,0.018608208745718002,0,0.11302856225801737,english,comment,True,majority,3-0,0,0
t1_p4u40p6,0,0.07751766592264175,-2.4765625,0,0.038936249911785126,0.48250412940979004,0.468252956867218,0.010306654497981071,0,0.13524882692727336,taglish,comment,True,majority,3-0,0,0
t1_p4u98p5,0,0.014281933195888996,-4.234375,0,0.02021588571369648,0.4831846356391907,0.4851812422275543,0.011418231762945652,0,0.04022550864147266,taglish,comment,True,majority,3-0,0,0
t1_p4uf0vv,0,0.2206781655550003,-1.26171875,0,0.11328816413879395,0.44729292392730713,0.4277604818344116,0.011658426374197006,0,0.2798469190055141,english,comment,True,adjudicator,2-1,0,1
t1_p4uka1g,0,0.1766716092824936,-1.5390625,0,0.1556493192911148,0.4163150489330292,0.41068917512893677,0.01734646037220955,0,0.23994262022868393,tagalog,comment,True,adjudicator,2-1,0,1
t1_p4unzip,1,0.9161096215248108,2.390625,1,0.4306717813014984,0.2931463420391083,0.24790771305561066,0.02827414683997631,1,0.8570431189917977,english,comment,True,adjudicator,2-1,1,1
t1_p4ur86n,0,0.023509452119469643,-3.7265625,0,0.03525621443986893,0.48823779821395874,0.466840922832489,0.009665066376328468,0,0.057770670246349735,taglish,comment,True,unanimous,3-0,0,0
t1_p4ut050,1,0.8019358515739441,1.3984375,1,0.3596501052379608,0.34370502829551697,0.27638134360313416,0.020263535901904106,1,0.7403223031073709,english,comment,True,majority,3-0,1,1
t1_p4v58lq,1,0.03817827254533768,-3.2265625,0,0.03670182824134827,0.4773734509944916,0.47537606954574585,0.010548654943704605,0,0.08187117679235223,tagalog,comment,True,adjudicator,2-1,1,1
t1_p4v5a4f,0,0.1225232183933258,-1.96875,0,0.08147142082452774,0.46414023637771606,0.44438958168029785,0.009998765774071217,0,0.1861995820703401,taglish,comment,True,majority,3-0,0,0
t1_p4vjm7i,0,0.8056321740150452,1.421875,1,0.3519292175769806,0.3519292175769806,0.27328580617904663,0.022855738177895546,1,0.7436835296124888,tagalog,comment,True,adjudicator,2-1,0,0
t1_p4vrwks,0,0.13614831864833832,-1.84765625,0,0.051918305456638336,0.4764268100261688,0.4581027030944824,0.013552204705774784,0,0.20033879793544443,english,comment,True,majority,3-0,0,0
t1_p4wdp58,1,0.13753247261047363,-1.8359375,0,0.07337190955877304,0.4865197539329529,0.42151913046836853,0.018589191138744354,0,0.2017489451394975,english,comment,True,adjudicator,2-1,1,1
t1_p4ww4f9,0,0.10158944875001907,-2.1796875,0,0.04894439876079559,0.47270652651786804,0.46662017703056335,0.011728904210031033,0,0.16343066056877983,taglish,comment,True,majority,3-0,0,0
t1_p4x1g48,0,0.01342825498431921,-4.296875,0,0.014725985005497932,0.5010563135147095,0.4732198417186737,0.010997887700796127,0,0.03845623978795531,taglish,comment,True,majority,3-0,0,0
t1_p4x4fwa,0,0.015424554236233234,-4.15625,0,0.02866552770137787,0.4937789738178253,0.46840691566467285,0.009148572571575642,0,0.042546914139551965,taglish,comment,True,majority,3-0,0,0
t1_p4x4z0t,0,0.023330770432949066,-3.734375,0,0.03064465895295143,0.4803487956523895,0.4763624966144562,0.012644035741686821,0,0.057452908921270876,taglish,comment,True,majority,3-0,0,0
t1_p4x583k,0,0.6404110193252563,0.5771484375,1,0.2791360020637512,0.37028247117996216,0.3285070061683655,0.022074531763792038,1,0.6064401271974136,tagalog,comment,True,adjudicator,2-1,0,0
t1_p4x6d9i,0,0.037326887249946594,-3.25,0,0.027257239446043968,0.4805350601673126,0.4805350601673126,0.01167266070842743,0,0.08056100296841062,tagalog,comment,True,adjudicator,2-1,0,0
t1_p4x6g2g,0,0.7745833992958069,1.234375,1,0.3649541735649109,0.33084630966186523,0.27115753293037415,0.03304199501872063,1,0.7160061958936819,english,comment,True,majority,3-0,0,0
t1_p4x7qt6,0,0.6293190717697144,0.529296875,1,0.2170346975326538,0.40378549695014954,0.3553312420845032,0.023848580196499825,1,0.5978523787123092,english,comment,True,majority,3-0,0,0
t1_p4xaq6j,0,0.12085322290658951,-1.984375,0,0.06773330271244049,0.4900703430175781,0.4263213574886322,0.015874993056058884,0,0.18443236375546235,taglish,comment,True,unanimous,3-0,0,0
t1_p4xc95l,0,0.007577240467071533,-4.875,0,0.009993214160203934,0.49744001030921936,0.4796743094921112,0.012892480008304119,0,0.025280324796512977,english,comment,True,majority,3-0,0,0
t1_p4xmofl,0,0.017442483454942703,-4.03125,0,0.014877262525260448,0.4959087669849396,0.47805604338645935,0.011157946661114693,0,0.046529356438525696,english,comment,True,majority,3-0,0,0
t1_p4xru6b,0,0.7676898241043091,1.1953125,1,0.3601875901222229,0.3451797664165497,0.2734757661819458,0.021156853064894676,1,0.7100182304299353,taglish,comment,True,adjudicator,2-1,0,1
t1_p4xz1az,0,0.02178117074072361,-3.8046875,0,0.029696818441152573,0.4791252613067627,0.4791252613067627,0.012052684091031551,0,0.05466606495702603,english,comment,True,majority,3-0,0,0
t1_p4y0tpn,0,0.9213575720787048,2.4609375,1,0.4289829432964325,0.299578994512558,0.2375360131263733,0.033902060240507126,1,0.8633762804460545,taglish,comment,True,adjudicator,2-1,0,0
t1_p4y3klk,0,0.7772998809814453,1.25,1,0.3516295850276947,0.3430948853492737,0.29188668727874756,0.013388808816671371,1,0.7183803824834714,english,comment,True,unanimous,3-0,0,0
t1_p4y71lk,0,0.5824910998344421,0.3330078125,1,0.19578909873962402,0.43764621019363403,0.3512686789035797,0.015296023339033127,1,0.5620470254653477,taglish,comment,True,unanimous,3-0,0,0
t1_p4y85sb,0,0.05223086103796959,-2.8984375,0,0.06848977506160736,0.45528456568717957,0.4533136188983917,0.022912047803401947,0,0.102350662981193,english,comment,True,adjudicator,2-1,0,0
t1_p4ydghc,0,0.23651622235774994,-1.171875,0,0.20263157784938812,0.40526315569877625,0.378947377204895,0.01315789483487606,0,0.2936101729620122,english,comment,True,majority,3-0,0,0
t1_p4yivgr,1,0.09467770159244537,-2.2578125,0,0.10238009691238403,0.45162060856819153,0.4363114535808563,0.009687836281955242,0,0.15558547957540922,taglish,comment,True,majority,3-0,1,1
t1_p4yliu2,0,0.9015746116638184,2.21484375,1,0.4359622895717621,0.2851230204105377,0.2501724660396576,0.028742238879203796,1,0.8401383775891336,english,comment,True,unanimous,3-0,0,0
t1_p4yma05,0,0.014728614129126072,-4.203125,0,0.014639570377767086,0.49811601638793945,0.47241953015327454,0.014824881218373775,0,0.04113914117147127,english,comment,True,majority,3-0,0,0
t1_p4yz9vz,0,0.10669060051441193,-2.125,0,0.07283086329698563,0.4657211899757385,0.4459032714366913,0.015544683672487736,0,0.16910954411173126,english,comment,True,majority,3-0,0,0
t1_p4yzcc9,0,0.01615283451974392,-4.109375,0,0.011345729231834412,0.4881184995174408,0.4881184995174408,0.012417270801961422,0,0.04400065019258756,taglish,comment,True,unanimous,3-0,0,0
t1_p4yzclk,0,0.05223086103796959,-2.8984375,0,0.05144774541258812,0.47123152017593384,0.46526655554771423,0.012054181657731533,0,0.102350662981193,tagalog,comment,True,unanimous,3-0,0,0
t1_p4z2m20,0,0.06097517907619476,-2.734375,0,0.02462710253894329,0.4854331910610199,0.4793398976325989,0.01059980969876051,0,0.11420740374662035,taglish,comment,True,majority,3-0,0,0
t1_p4z4tuk,1,0.03308597952127457,-3.375,0,0.03441610932350159,0.47883284091949463,0.476837694644928,0.009913336485624313,0,0.07389152772422952,taglish,comment,True,unanimous,3-0,1,1
t1_p4zakm8,0,0.818156361579895,1.50390625,1,0.36061084270477295,0.34713006019592285,0.2763559818267822,0.015903107821941376,1,0.7552213752079915,taglish,comment,True,majority,3-0,0,0
t1_p4zc7k9,1,0.929440438747406,2.578125,1,0.45167285203933716,0.282527893781662,0.23513011634349823,0.03066914528608322,1,0.8734055655530757,taglish,comment,True,majority,3-0,1,1
t1_p4zdcfd,0,0.19436782598495483,-1.421875,0,0.09687890112400055,0.45343321561813354,0.4334581792354584,0.016229713335633278,0,0.2563164703875112,tagalog,comment,True,adjudicator,2-1,0,0
t1_p4zdtln,0,0.34953272342681885,-0.62109375,0,0.2177818864583969,0.3937496542930603,0.37806937098503113,0.010399085469543934,0,0.38573055623216007,tagalog,comment,True,adjudicator,2-1,0,0
t1_p4zepu0,0,0.6575384140014648,0.65234375,1,0.2700675129890442,0.38809701800346375,0.31407850980758667,0.027756938710808754,1,0.619801464148334,taglish,comment,True,majority,3-0,0,0
t1_p4zexhl,0,0.29219117760658264,-0.884765625,0,0.27107834815979004,0.36515846848487854,0.3460235297679901,0.017739685252308846,0,0.3401052332615594,english,comment,True,adjudicator,2-1,0,0
t1_p4zflgz,0,0.780662477016449,1.26953125,1,0.35097241401672363,0.36906376481056213,0.2478516548871994,0.03211216628551483,1,0.7213310822423352,tagalog,comment,True,adjudicator,2-1,0,1
t1_p4zfyyb,0,0.6592954993247986,0.66015625,1,0.3013667166233063,0.37303319573402405,0.2976915240287781,0.027908578515052795,1,0.6211796832259249,tagalog,comment,True,adjudicator,2-1,0,0
t1_p4zg2ok,0,0.03138043358922005,-3.4296875,0,0.12345953285694122,0.4458754360675812,0.42100587487220764,0.00965915434062481,0,0.07113641429428318,tagalog,comment,True,majority,3-0,0,0
t1_p4zgbjx,0,0.01342825498431921,-4.296875,0,0.020834632217884064,0.4810679256916046,0.4850601851940155,0.013037240132689476,0,0.03845623978795531,taglish,comment,True,unanimous,3-0,0,0
t1_p4zgcif,0,0.47475293278694153,-0.10107421875,0,0.30910763144493103,0.3499948978424072,0.3238270580768585,0.017070427536964417,0,0.48107901232605377,tagalog,comment,True,adjudicator,2-1,0,1
t1_p4zgmjx,0,0.8031737804412842,1.40625,1,0.3938043713569641,0.31911733746528625,0.2393379956483841,0.04774029180407524,1,0.7414458848769978,tagalog,comment,True,adjudicator,2-1,0,0
t1_p4zh708,0,0.08570928126573563,-2.3671875,0,0.09621993452310562,0.4531342685222626,0.44175851345062256,0.008887308649718761,0,0.14512164133272337,taglish,comment,True,majority,3-0,0,0
t1_p4zhckl,0,0.6286354064941406,0.5263671875,1,0.34811997413635254,0.3278411626815796,0.2906632721424103,0.0333755798637867,1,0.5973245843999523,tagalog,comment,True,adjudicator,2-1,0,0
t1_p4zjnbk,0,0.2598256468772888,-1.046875,0,0.08636070042848587,0.45507434010505676,0.4385261833667755,0.0200387854129076,0,0.3134003099780581,tagalog,comment,True,adjudicator,2-1,0,1
t1_p4zjxvl,0,0.9053223133087158,2.2578125,1,0.4379294514656067,0.2840128242969513,0.24553367495536804,0.032524049282073975,1,0.8444145204245908,tagalog,comment,True,adjudicator,2-1,0,1
t1_p4zk9ge,0,0.1672186702489853,-1.60546875,0,0.12140575051307678,0.44236913323402405,0.4168100357055664,0.01941508986055851,0,0.23098768346430848,english,comment,True,majority,3-0,0,0
t1_p4zl5en,1,0.7217432260513306,0.953125,1,0.3628966510295868,0.31895849108695984,0.291293740272522,0.026851098984479904,1,0.671292567380893,tagalog,comment,True,majority,3-0,1,1
t1_p4zm16c,0,0.2206781655550003,-1.26171875,0,0.14294517040252686,0.43376463651657104,0.4041897654533386,0.019100431352853775,0,0.2798469190055141,tagalog,comment,True,adjudicator,2-1,0,1
t1_p4zmo02,1,0.13706977665424347,-1.83984375,0,0.08879919350147247,0.44803228974342346,0.43794146180152893,0.02522704377770424,0,0.20127807359225033,tagalog,comment,True,majority,3-0,1,1
t1_p4zmr6q,0,0.31027624011039734,-0.798828125,0,0.19202226400375366,0.40816327929496765,0.3858998119831085,0.013914656825363636,0,0.3546995529166688,taglish,comment,True,unanimous,3-0,0,0
t1_p4zngjr,0,0.16079242527484894,-1.65234375,0,0.08797083795070648,0.47825029492378235,0.4179829955101013,0.015795867890119553,0,0.2248088485190056,english,comment,True,majority,3-0,0,0
t1_p4znx78,0,0.43002766370773315,-0.28173828125,0,0.256196528673172,0.40008774399757385,0.3263873755931854,0.017328361049294472,0,0.44742871214321234,tagalog,comment,True,adjudicator,2-1,0,1
t1_p4zof9p,0,0.8774768114089966,1.96875,1,0.39825326204299927,0.3336244523525238,0.24279476702213287,0.025327511131763458,1,0.81380041792966,taglish,comment,True,adjudicator,2-1,0,0
t1_p4zofxi,0,0.29992473125457764,-0.84765625,0,0.204374760389328,0.42804670333862305,0.35787510871887207,0.00970341544598341,0,0.34637208177651013,tagalog,comment,True,adjudicator,2-1,0,0
t1_p4zs2z6,0,0.8933094143867493,2.125,1,0.41245973110198975,0.32481202483177185,0.22685284912586212,0.03587540239095688,1,0.8308904558882688,tagalog,comment,True,adjudicator,2-1,0,0
t1_p4zs8xq,0,0.7819972634315491,1.27734375,1,0.38515356183052063,0.3206450939178467,0.2675204575061798,0.026680896058678627,1,0.7225060354859858,tagalog,comment,True,majority,3-0,0,0
t1_p4zstxo,1,0.5482276082038879,0.193511962890625,1,0.27105221152305603,0.3801771104335785,0.3361751139163971,0.012595566920936108,1,0.5361792022154729,taglish,comment,True,adjudicator,2-1,1,1
t1_p4zszjj,0,0.8210441470146179,1.5234375,1,0.3846665322780609,0.32262352108955383,0.2729891538619995,0.019720805808901787,1,0.7579161477965852,tagalog,comment,True,adjudicator,2-1,0,0
t1_p4zt3ub,0,0.8879840970039368,2.0703125,1,0.4291187822818756,0.29028624296188354,0.24701374769210815,0.03358124941587448,1,0.8250555085181357,tagalog,comment,True,adjudicator,2-1,0,0
t1_p4ztq57,0,0.14463144540786743,-1.77734375,0,0.0924236923456192,0.4747658967971802,0.41055575013160706,0.02225465141236782,0,0.2089108006808035,english,comment,True,adjudicator,2-1,0,0
t1_p4zucjx,0,0.017576880753040314,-4.0234375,0,0.03286125883460045,0.48850467801094055,0.46496230363845825,0.013671754859387875,0,0.04678970079529831,taglish,comment,True,majority,3-0,0,0
t1_p4zuz5g,0,0.8300437331199646,1.5859375,1,0.39211317896842957,0.32260221242904663,0.2620028853416443,0.023281719535589218,1,0.7664029923409251,tagalog,comment,True,unanimous,3-0,0,0
t1_p4zvjts,1,0.037326887249946594,-3.25,0,0.07133026421070099,0.4768116772174835,0.43659865856170654,0.015259410254657269,0,0.08056100296841062,english,comment,True,adjudicator,2-1,1,1
t1_p4zw01z,1,0.793105959892273,1.34375,1,0.3517124056816101,0.3381102681159973,0.28758805990219116,0.022589264437556267,1,0.7323689506182247,taglish,comment,True,majority,3-0,1,1
t1_p4zw37q,1,0.34842339158058167,-0.6259765625,0,0.18031343817710876,0.416974812746048,0.38880085945129395,0.013910899870097637,0,0.3848641893158824,taglish,comment,True,majority,3-0,1,1
t1_p4zw3pr,0,0.14223189651966095,-1.796875,0,0.09787693619728088,0.47019311785697937,0.4183759093284607,0.013554036617279053,0,0.20650292703648115,english,comment,True,adjudicator,2-1,0,0
t1_p4zw6fh,1,0.5494592785835266,0.198486328125,1,0.26728060841560364,0.40263426303863525,0.3186807334423065,0.011404400691390038,1,0.5371058392113816,taglish,comment,True,adjudicator,2-1,1,0
t1_p4zwasv,0,0.16995622217655182,-1.5859375,0,0.07085098326206207,0.46412527561187744,0.4456424117088318,0.019381336867809296,0,0.2335970076590748,tagalog,comment,True,adjudicator,2-1,0,1
t1_p4zwdd5,0,0.20946967601776123,-1.328125,0,0.15510204434394836,0.44081631302833557,0.3918367326259613,0.01224489789456129,0,0.2699316180463497,taglish,comment,True,majority,3-0,0,0
t1_p4zwijb,0,0.8392075896263123,1.65234375,1,0.3851012885570526,0.3275974690914154,0.26486605405807495,0.022435199469327927,1,0.7751911514809944,tagalog,comment,True,adjudicator,2-1,0,0
t1_p4zwlf0,0,0.7826625108718872,1.28125,1,0.35275590419769287,0.369553804397583,0.2570078670978546,0.02068241499364376,1,0.7230923665282366,tagalog,comment,True,adjudicator,2-1,0,0
t1_p4zwm5y,0,0.19436782598495483,-1.421875,0,0.0650530457496643,0.48993074893951416,0.43504223227500916,0.009973953478038311,0,0.2563164703875112,taglish,comment,True,unanimous,3-0,0,0
t1_p4zwr1x,0,0.2267836332321167,-1.2265625,0,0.1779399961233139,0.43253108859062195,0.3704802095890045,0.01904870569705963,0,0.2851854155532516,tagalog,comment,True,adjudicator,2-1,0,0
t1_p4zwu5w,0,0.622459352016449,0.5,1,0.2967870235443115,0.3603842258453369,0.3179861009120941,0.02484266273677349,1,0.5925644225775644,tagalog,comment,True,adjudicator,2-1,0,0
t1_p4zwuaf,0,0.7759445905685425,1.2421875,1,0.370171457529068,0.3470357358455658,0.2677132785320282,0.015079529024660587,1,0.7171947982047603,tagalog,comment,True,adjudicator,2-1,0,1
t1_p4zwveo,0,0.7839884757995605,1.2890625,1,0.34563148021698,0.3558977544307709,0.28061169385910034,0.01785905286669731,1,0.7242627323781091,tagalog,comment,True,unanimous,3-0,0,0
t1_p4zx41q,1,0.671470582485199,0.71484375,1,0.3261626660823822,0.3622208535671234,0.29666051268577576,0.01495595183223486,1,0.63077144060613,english,comment,True,adjudicator,2-1,1,1
t1_p4zx4em,0,0.7082125544548035,0.88671875,1,0.33175307512283325,0.3484240770339966,0.30674654245376587,0.01307632215321064,1,0.6602230790745439,taglish,comment,True,unanimous,3-0,0,0
t1_p4zx6dq,0,0.6684475541114807,0.701171875,1,0.30340898036956787,0.36128467321395874,0.3209470510482788,0.014359311200678349,1,0.6283828346778507,tagalog,comment,True,adjudicator,2-1,0,1
t1_p4zxhpb,0,0.046378206461668015,-3.0234375,0,0.05577981472015381,0.4755963385105133,0.4560244679450989,0.012599388137459755,0,0.09406181511432907,tagalog,comment,True,adjudicator,2-1,0,0
t1_p4zxlji,0,0.39899173378944397,-0.40966796875,0,0.2368537336587906,0.397702157497406,0.35174545645713806,0.013698630034923553,0,0.4238705657859825,english,comment,True,adjudicator,2-1,0,1
t1_p4zxlkg,0,0.0384661927819252,-3.21875,0,0.059672292321920395,0.46563953161239624,0.4597701132297516,0.014918073080480099,0,0.08231219689795859,english,comment,True,adjudicator,2-1,0,0
t1_p4zxny7,0,0.07585818320512772,-2.5,0,0.1170387789607048,0.4399529993534088,0.4286721646785736,0.014336075633764267,0,0.13320839001486942,taglish,comment,True,adjudicator,2-1,0,0
t1_p4zxpkq,0,0.2724114954471588,-0.982421875,0,0.15270614624023438,0.42871540784835815,0.40595173835754395,0.012626711279153824,0,0.32388277546155225,taglish,comment,True,majority,3-0,0,0
t1_p4zy707,0,0.14560064673423767,-1.76953125,0,0.1115613803267479,0.44433850049972534,0.43289631605148315,0.011203814297914505,0,0.2098797175124836,tagalog,comment,True,adjudicator,2-1,0,1
t1_p4zy9tx,0,0.33545970916748047,-0.68359375,0,0.19178400933742523,0.41149774193763733,0.38356801867485046,0.013150238431990147,0,0.3746974583430487,tagalog,comment,True,adjudicator,2-1,0,0
t1_p4zyi5d,0,0.6542322635650635,0.6376953125,1,0.3022412061691284,0.38762006163597107,0.2954108715057373,0.01472785510122776,1,0.6172121058417178,taglish,comment,True,unanimous,3-0,0,0
t1_p4zyqfc,0,0.24077458679676056,-1.1484375,0,0.16940651834011078,0.43689051270484924,0.38339370489120483,0.010309278033673763,0,0.2972649689096521,tagalog,comment,True,adjudicator,2-1,0,1
t1_p4zywyn,0,0.31447142362594604,-0.779296875,0,0.2010546326637268,0.4128800630569458,0.36082127690315247,0.025244025513529778,0,0.3580556925322849,tagalog,comment,True,adjudicator,2-1,0,1
t1_p4zyz1y,0,0.6829967498779297,0.767578125,1,0.3197553753852844,0.3599432110786438,0.30577701330184937,0.014524407684803009,1,0.6399239007690011,tagalog,comment,True,adjudicator,2-1,0,1
t1_p4zz5m8,0,0.6130049228668213,0.4599609375,1,0.2948073744773865,0.37163594365119934,0.3162479102611542,0.017308766022324562,1,0.5853029599729398,taglish,comment,True,adjudicator,2-1,0,1
t1_p4zz6we,1,0.7189891934394836,0.939453125,1,0.32849618792533875,0.3542943000793457,0.3009781837463379,0.016231322661042213,1,0.6690285535026442,taglish,comment,True,majority,3-0,1,1
t1_p4zz7jm,0,0.1901218295097351,-1.44921875,0,0.13390296697616577,0.4344823658466339,0.42324572801589966,0.00836893543601036,0,0.2524312472321007,tagalog,comment,True,majority,3-0,0,0
t1_p4zzikk,0,0.7752646803855896,1.23828125,1,0.36855196952819824,0.32529470324516296,0.2803071141242981,0.025846220552921295,1,0.7166008737507117,tagalog,comment,True,adjudicator,2-1,0,0
t1_p4zzjgs,0,0.8233283758163452,1.5390625,1,0.3632875084877014,0.3411150276660919,0.2745975852012634,0.02099989354610443,1,0.760057379771316,tagalog,comment,True,adjudicator,2-1,0,1
t1_p4zzw7a,0,0.18713268637657166,-1.46875,0,0.11640988290309906,0.44216188788414,0.42651015520095825,0.014918073080480099,0,0.24968007955517846,tagalog,comment,True,adjudicator,2-1,0,0
t1_p500gza,0,0.40827676653862,-0.37109375,0,0.19521531462669373,0.4095693826675415,0.369378000497818,0.02583732083439827,0,0.430942651323871,english,comment,True,majority,3-0,0,0
t1_p500nuq,0,0.8392075896263123,1.65234375,1,0.3932683765888214,0.3277236521244049,0.2568644881248474,0.022143490612506866,1,0.7751911514809944,english,comment,True,unanimous,3-0,0,0
t1_p5016gw,0,0.15304215252399445,-1.7109375,0,0.12579944729804993,0.43748167157173157,0.42809364199638367,0.008625241927802563,0,0.21725165187506712,tagalog,comment,True,adjudicator,2-1,0,1
t1_p501fes,0,0.12808823585510254,-1.91796875,0,0.1573830544948578,0.4209081530570984,0.40077775716781616,0.020931029692292213,0,0.1920331409079371,english,comment,True,majority,3-0,0,0
t1_p501kyt,0,0.08210662752389908,-2.4140625,0,0.07555501163005829,0.4572550058364868,0.4552925229072571,0.011897461488842964,0,0.1408190929471696,tagalog,comment,True,adjudicator,2-1,0,0
t1_p501l48,1,0.8601343035697937,1.81640625,1,0.38570666313171387,0.33109334111213684,0.2645333409309387,0.018666666001081467,1,0.7958843545584117,taglish,comment,True,majority,3-0,1,1
t1_p501ntx,0,0.8402590155601501,1.66015625,1,0.3798219561576843,0.34082236886024475,0.2611275911331177,0.018228063359856606,1,0.7762094682872026,english,comment,True,majority,3-0,0,0
t1_p501rgp,0,0.6506892442703247,0.6220703125,1,0.2661668360233307,0.38987815380096436,0.32802248001098633,0.015932520851492882,1,0.6144427752736308,taglish,comment,True,majority,3-0,0,0
t1_p501scw,0,0.13706977665424347,-1.83984375,0,0.09426551312208176,0.46601003408432007,0.425403356552124,0.014321107417345047,0,0.20127807359225033,taglish,comment,True,majority,3-0,0,0
t1_p501svf,0,0.5331164002418518,0.132659912109375,1,0.32012614607810974,0.37058940529823303,0.296471506357193,0.012812931090593338,1,0.5248252309572928,taglish,comment,True,unanimous,3-0,0,0
t1_p502m5t,0,0.8110781908035278,1.45703125,1,0.36590078473091125,0.35731157660484314,0.2576766014099121,0.019111014902591705,1,0.748671624640195,tagalog,comment,True,adjudicator,2-1,0,1
t1_p5034yw,1,0.07107366621494293,-2.5703125,0,0.0839061364531517,0.46077269315719604,0.44560322165489197,0.009717942215502262,0,0.1272429798124617,taglish,comment,True,majority,3-0,1,1
t1_p503bad,0,0.49475112557411194,-0.02099609375,0,0.2299209088087082,0.4188481569290161,0.3386431932449341,0.01258772425353527,1,0.49606775659141183,taglish,comment,True,majority,3-0,0,0
t1_p50493j,0,0.8656789064407349,1.86328125,1,0.39942046999931335,0.3209628760814667,0.2585534453392029,0.021063189953565598,1,0.8015298879409656,tagalog,comment,True,adjudicator,2-1,0,0
t1_p504d3m,0,0.3132096529006958,-0.78515625,0,0.2002038210630417,0.41127845644950867,0.37685427069664,0.011663458310067654,0,0.35704737143730564,tagalog,comment,True,adjudicator,2-1,0,0
t1_p504u40,0,0.09009299427270889,-2.3125,0,0.07271378487348557,0.4590366780757904,0.45507946610450745,0.013170097954571247,0,0.15027860877193056,tagalog,comment,True,adjudicator,2-1,0,1
t1_p505gfw,0,0.010013570077717304,-4.59375,0,0.025065401569008827,0.49254730343818665,0.47113218903541565,0.011255094781517982,0,0.03102564374789907,taglish,comment,True,majority,3-0,0,0
t1_p506evv,1,0.52993243932724,0.119873046875,1,0.25534239411354065,0.3900092840194702,0.3445373475551605,0.01011094730347395,1,0.5224357533187797,taglish,comment,True,adjudicator,2-1,1,1
t1_p506jlc,1,0.08819004148244858,-2.3359375,0,0.11463907361030579,0.4357236325740814,0.433820903301239,0.01581638678908348,0,0.14805024487352383,taglish,comment,True,majority,3-0,1,1
t1_p5078hw,0,0.7181993126869202,0.935546875,1,0.33148932456970215,0.354051411151886,0.30024948716163635,0.01420978456735611,1,0.6683802466463027,tagalog,comment,True,adjudicator,2-1,0,1
t1_p5081z2,0,0.9278878569602966,2.5546875,1,0.4242556095123291,0.30775919556617737,0.23473158478736877,0.033253639936447144,1,0.8714514140806717,english,comment,True,adjudicator,3-0,0,1
t1_p508dcb,0,0.2114168107509613,-1.31640625,0,0.1299104541540146,0.44513434171676636,0.41456717252731323,0.010388059541583061,0,0.2716652013048109,tagalog,comment,True,adjudicator,2-1,0,0
t1_p50933h,1,0.6632328629493713,0.677734375,1,0.3385991156101227,0.34813711047172546,0.290909081697464,0.022354694083333015,1,0.6242735038985089,english,comment,True,adjudicator,2-1,1,1
t1_p509n2f,0,0.20946967601776123,-1.328125,0,0.1647220253944397,0.42278653383255005,0.40265384316444397,0.009837565943598747,0,0.2699316180463497,taglish,comment,True,majority,3-0,0,0
t1_p509nl2,0,0.03514484316110611,-3.3125,0,0.03245078772306442,0.48097604513168335,0.47493869066238403,0.011634488590061665,0,0.07716025545901342,tagalog,comment,True,majority,3-0,0,0
t1_p509rh2,0,0.10447732359170914,-2.1484375,0,0.1579553484916687,0.4370098114013672,0.39488840103149414,0.010146438144147396,0,0.16665671651477282,taglish,comment,True,adjudicator,2-1,0,0
t1_p50a60d,0,0.22815652191638947,-1.21875,0,0.11946795880794525,0.4701330065727234,0.39274486899375916,0.017654171213507652,0,0.286380027091088,english,comment,True,majority,3-0,0,0
t1_p50dcbg,0,0.5304797887802124,0.1220703125,1,0.27424052357673645,0.379717618227005,0.3322529196739197,0.013788935728371143,1,0.5228464318081393,tagalog,comment,True,adjudicator,2-1,0,0
t1_p50dmbc,0,0.580173671245575,0.323486328125,1,0.19697758555412292,0.42313703894615173,0.36060449481010437,0.019280875101685524,1,0.5602904531216364,english,comment,True,adjudicator,2-1,0,0
t1_p50drni,0,0.48645347356796265,-0.05419921875,0,0.3113340139389038,0.3610832393169403,0.3113340139389038,0.01624874584376812,0,0.4898505102455335,tagalog,comment,True,adjudicator,2-1,0,1
t1_p50e58a,0,0.07751766592264175,-2.4765625,0,0.09029999375343323,0.45005130767822266,0.44618821144104004,0.0134604936465621,0,0.13524882692727336,english,comment,True,adjudicator,2-1,0,1
t1_p50eau6,0,0.14175598323345184,-1.80078125,0,0.07518984377384186,0.4640856385231018,0.444167822599411,0.01655670441687107,0,0.20602382363689895,english,comment,True,majority,3-0,0,0
t1_p50eccg,0,0.2146914005279541,-1.296875,0,0.12599165737628937,0.45695480704307556,0.40618205070495605,0.010871481150388718,0,0.27456997007831346,english,comment,True,majority,3-0,0,0
t1_p50eikf,0,0.8976953029632568,2.171875,1,0.43951985239982605,0.2899353504180908,0.23822714388370514,0.0323176346719265,1,0.8357675663963142,taglish,comment,True,majority,3-0,0,0
t1_p50eivj,0,0.05707139894366264,-2.8046875,0,0.046189963817596436,0.4710361063480377,0.4710361063480377,0.011737833730876446,0,0.10898591664033609,taglish,comment,True,majority,3-0,0,0
t1_p50eju2,0,0.7645402550697327,1.177734375,1,0.3605167865753174,0.37540051341056824,0.24144703149795532,0.02263565920293331,1,0.707299412877622,tagalog,comment,True,majority,3-0,0,0
t1_p50es34,0,0.07585818320512772,-2.5,0,0.09384997934103012,0.456926167011261,0.42659083008766174,0.022633014246821404,0,0.13320839001486942,tagalog,comment,True,adjudicator,2-1,0,1
t1_p50eyio,0,0.47847551107406616,-0.086151123046875,0,0.27865737676620483,0.3681654930114746,0.3327000141143799,0.020477095618844032,0,0.4838704938522271,english,comment,True,adjudicator,2-1,0,0
t1_p50f0y7,0,0.029760092496871948,-3.484375,0,0.021239379420876503,0.49575212597846985,0.47176411747932434,0.011244378052651882,0,0.06847643217097228,taglish,comment,True,unanimous,3-0,0,0
t1_p50f9f1,0,0.35353976488113403,-0.603515625,0,0.28357622027397156,0.3781016170978546,0.3213863670825958,0.01693580113351345,0,0.3888554414132434,english,comment,True,majority,3-0,0,0
t1_p50fbrs,0,0.826151430606842,1.55859375,1,0.35932737588882446,0.36113306879997253,0.25821012258529663,0.021329421550035477,1,0.7627156401592976,tagalog,comment,True,adjudicator,2-1,0,0
t1_p50fdri,0,0.09739040583372116,-2.2265625,0,0.08946152776479721,0.4492524564266205,0.4453628361225128,0.01592317968606949,0,0.15868604980024484,english,comment,True,majority,3-0,0,0
t1_p50fvmc,0,0.7577943801879883,1.140625,1,0.3411363959312439,0.3393779397010803,0.2971755266189575,0.02231014333665371,1,0.701510948889137,english,comment,True,adjudicator,2-1,0,0
t1_p50g6ky,0,0.2806163728237152,-0.94140625,0,0.22231870889663696,0.39253148436546326,0.371689110994339,0.013460703194141388,0,0.33064753334604463,english,comment,True,adjudicator,2-1,0,0
t1_p50hd5d,0,0.02161533385515213,-3.8125,0,0.015018773265182972,0.4946182668209076,0.4785982370376587,0.0117647061124444,0,0.05436439490151039,taglish,comment,True,majority,3-0,0,0
t1_p50hh2s,0,0.22000709176063538,-1.265625,0,0.19233326613903046,0.40771105885505676,0.38998448848724365,0.009971193969249725,0,0.2792575379012705,tagalog,comment,True,adjudicator,2-1,0,0
t1_p50hkzl,1,0.7158214449882507,0.923828125,1,0.3067324459552765,0.3648119866847992,0.3139924108982086,0.014463161118328571,1,0.666431498149446,english,comment,True,adjudicator,2-1,1,0
t1_p50hq64,1,0.8606036305427551,1.8203125,1,0.404013067483902,0.3210461139678955,0.2561154365539551,0.018825385719537735,1,0.7963593407039256,taglish,comment,True,majority,3-0,1,1
t1_p50i3ky,0,0.801314651966095,1.39453125,1,0.3817327320575714,0.3277503252029419,0.262200266122818,0.028316665440797806,1,0.7397593249058232,taglish,comment,True,majority,3-0,0,0
t1_p50i4kx,0,0.22884514927864075,-1.21484375,0,0.07265977561473846,0.46459823846817017,0.44126227498054504,0.021479712799191475,0,0.28697845502691205,tagalog,comment,True,adjudicator,3-0,0,0
t1_p50iizm,0,0.02822098508477211,-3.5390625,0,0.027899961918592453,0.4785723388195038,0.480583131313324,0.012944577261805534,0,0.06590885633914588,taglish,comment,True,majority,3-0,0,0
t1_p50iukl,0,0.27125170826911926,-0.98828125,0,0.09480354934930801,0.460329532623291,0.43396705389022827,0.010899873450398445,0,0.3229222792194646,tagalog,comment,True,adjudicator,3-0,0,0
t1_p50iuzs,0,0.6617043018341064,0.6708984375,1,0.257937490940094,0.3957666754722595,0.32685208320617676,0.019443761557340622,1,0.6230715406806596,english,comment,True,majority,3-0,0,0
t1_p50izq3,0,0.018264278769493103,-3.984375,0,0.02350015565752983,0.48542121052742004,0.4774634838104248,0.013615169562399387,0,0.0481123262994903,taglish,comment,True,majority,3-0,0,0
t1_p50j0ac,0,0.0443485863506794,-3.0703125,0,0.06115542724728584,0.48150834441185,0.44283297657966614,0.01450326293706894,0,0.09111174178084105,taglish,comment,True,unanimous,3-0,0,0
t1_p50ja7r,0,0.19436782598495483,-1.421875,0,0.12004338949918747,0.4608894884586334,0.40303725004196167,0.01602989062666893,0,0.2563164703875112,english,comment,True,majority,3-0,0,0
t1_p50jafa,0,0.07477004826068878,-2.515625,0,0.09714864194393158,0.4514554440975189,0.440026193857193,0.01136972475796938,0,0.13186261780731934,taglish,comment,True,majority,3-0,0,0
t1_p50jnmn,0,0.06954174488782883,-2.59375,0,0.07749699056148529,0.45824307203292847,0.45439228415489197,0.009867629036307335,0,0.12530582186574052,english,comment,True,adjudicator,2-1,0,1
t1_p50jpev,0,0.37433314323425293,-0.513671875,0,0.1922689825296402,0.41484639048576355,0.3788551390171051,0.014029479585587978,0,0.40496511589938283,tagalog,comment,True,adjudicator,2-1,0,1
t1_p50jzos,1,0.4189346432685852,-0.3271484375,0,0.14817595481872559,0.43852072954177856,0.39847317337989807,0.014830110594630241,0,0.439033760921744,tagalog,comment,True,adjudicator,2-1,1,1
t1_p50k72z,0,0.12378870695829391,-1.95703125,0,0.09237430989742279,0.46764492988586426,0.4233822524547577,0.01659850776195526,0,0.18753354581524223,english,comment,True,majority,3-0,0,0
t1_p50kade,0,0.08093671500682831,-2.4296875,0,0.03879310190677643,0.476673424243927,0.47261664271354675,0.01191683579236269,0,0.139408797957999,taglish,comment,True,unanimous,3-0,0,0
t1_p50kr51,0,0.332852303981781,-0.6953125,0,0.1143951490521431,0.4596233665943146,0.41263964772224426,0.013341845013201237,0,0.3726427849513872,english,comment,True,majority,3-0,0,0
t1_p50l1o4,1,0.7766229510307312,1.24609375,1,0.37405455112457275,0.3080449104309082,0.273206502199173,0.04469401761889458,1,0.7177879681484007,tagalog,comment,True,majority,3-0,1,1
t1_p50l9c6,0,0.45102420449256897,-0.196533203125,0,0.23250512778759003,0.4048324525356293,0.32824254035949707,0.03441987559199333,0,0.46325796351776394,english,comment,True,majority,3-0,0,0
t1_p50lenz,0,0.7021217346191406,0.857421875,1,0.33021941781044006,0.3597653806209564,0.2780795097351074,0.03193569555878639,1,0.655282371751593,english,comment,True,unanimous,3-0,0,0
t1_p50lr03,0,0.12421301752328873,-1.953125,0,0.12241774797439575,0.43693721294403076,0.42940381169319153,0.011241245083510876,0,0.18797983078642594,taglish,comment,True,majority,3-0,0,0
t1_p50lrue,0,0.12678517401218414,-1.9296875,0,0.10716837644577026,0.45915693044662476,0.4172421991825104,0.01643248461186886,0,0.19067468213008756,english,comment,True,adjudicator,2-1,0,0
t1_p50lrxl,0,0.030675798654556274,-3.453125,0,0.08043569326400757,0.45005685091018677,0.4558022618293762,0.013705188408493996,0,0.06998493291195615,tagalog,comment,True,unanimous,3-0,0,0
t1_p50lvlh,0,0.07316472381353378,-2.5390625,0,0.03240253031253815,0.45732349157333374,0.46996837854385376,0.04030558466911316,0,0.12986559511507098,tagalog,comment,True,adjudicator,2-1,0,0
t1_p50lw40,1,0.7585106492042542,1.14453125,1,0.3370981812477112,0.3596872389316559,0.27975672483444214,0.023457862436771393,1,0.7021233520056374,english,comment,True,adjudicator,2-1,1,1
t1_p50lxlv,0,0.6645402908325195,0.68359375,1,0.3122195601463318,0.3706563711166382,0.2988625764846802,0.018261505290865898,1,0.6253025416569513,tagalog,comment,True,adjudicator,2-1,0,1
t1_p50m2oj,1,0.06187598779797554,-2.71875,0,0.08660091459751129,0.4522492289543152,0.4464758336544037,0.014674044214189053,0,0.11539694048300798,english,comment,True,adjudicator,2-1,1,1
t1_p50ma7a,1,0.32209938764572144,-0.744140625,0,0.1525832861661911,0.4519555866718292,0.3785610795021057,0.016900047659873962,0,0.36413176222075017,tagalog,comment,True,adjudicator,2-1,1,1
t1_p50mbf4,0,0.397236704826355,-0.4169921875,0,0.172021746635437,0.41917943954467773,0.39149776101112366,0.017301037907600403,0,0.4225311882810204,tagalog,comment,True,adjudicator,2-1,0,0
t1_p50mcal,0,0.12635333836078644,-1.93359375,0,0.10890500247478485,0.4432291090488434,0.437522292137146,0.010343597270548344,0,0.19022349804657726,tagalog,comment,True,majority,3-0,0,0
t1_p50mpx7,0,0.0960254892706871,-2.2421875,0,0.052880074828863144,0.47340258955955505,0.46131572127342224,0.012401636689901352,0,0.15712954272309007,tagalog,comment,True,majority,3-0,0,0
t1_p50n0sd,0,0.16184942424297333,-1.64453125,0,0.1695585399866104,0.428728312253952,0.3883154094219208,0.013397759757936,0,0.2258304508673948,english,comment,True,unanimous,3-0,0,0
t1_p50np0m,0,0.5451646447181702,0.18115234375,1,0.27842628955841064,0.3821876347064972,0.3199308216571808,0.019455252215266228,1,0.5338757536880112,tagalog,comment,True,adjudicator,2-1,0,1
t1_p50nzwd,0,0.32167303562164307,-0.74609375,0,0.1474517583847046,0.4374072253704071,0.3998020887374878,0.015338941477239132,0,0.36379304275001956,taglish,comment,True,majority,3-0,0,0
t1_p50o20n,0,0.8175745010375977,1.5,1,0.3833918571472168,0.3453831970691681,0.234662264585495,0.03656269237399101,1,0.7546799944591651,tagalog,comment,True,majority,3-0,0,0
t1_p50o4cl,0,0.016914913430809975,-4.0625,0,0.02152690850198269,0.4826032519340515,0.4846057593822479,0.011264080181717873,0,0.045501696713335225,taglish,comment,True,adjudicator,2-1,0,0
t1_p50oacc,0,0.299105167388916,-0.8515625,0,0.10270751267671585,0.45150628685951233,0.4291343688964844,0.016651837155222893,0,0.3457098518084087,english,comment,True,majority,3-0,0,0
t1_p50oull,0,0.019419347867369652,-3.921875,0,0.01895558461546898,0.49755311012268066,0.4737657308578491,0.00972557719796896,0,0.05030260517588418,taglish,comment,True,majority,3-0,0,0
t1_p50pzlk,0,0.02498779445886612,-3.6640625,0,0.027137383818626404,0.48244237899780273,0.47842201590538025,0.01199824083596468,0,0.060372751301069776,english,comment,True,adjudicator,2-1,0,0
t1_p50q1a9,1,0.2260994017124176,-1.23046875,0,0.24776946008205414,0.3856014907360077,0.34786176681518555,0.018767306581139565,0,0.2845892342496312,tagalog,comment,True,majority,3-0,1,1
t1_p50q6im,0,0.30985841155052185,-0.80078125,0,0.13543671369552612,0.4329870343208313,0.4022059738636017,0.029370270669460297,0,0.35436471773664907,taglish,comment,True,majority,3-0,0,0
t1_p50qk1g,0,0.11676401644945145,-2.0234375,0,0.12225138396024704,0.43861183524131775,0.4292796850204468,0.009857101365923882,0,0.18007117284089638,taglish,comment,True,unanimous,3-0,0,0
t1_p50ql5h,0,0.05223086103796959,-2.8984375,0,0.06549649685621262,0.46442970633506775,0.45649072527885437,0.013583079911768436,0,0.102350662981193,tagalog,comment,True,adjudicator,2-1,0,0
t1_p50qob0,0,0.3402659296989441,-0.662109375,0,0.18606804311275482,0.4147188067436218,0.38879889249801636,0.010414255782961845,0,0.3784760664917946,taglish,comment,True,majority,3-0,0,0
t1_p50qzrv,1,0.6229182481765747,0.501953125,1,0.2511254549026489,0.38739505410194397,0.34262076020240784,0.018858741968870163,1,0.5929176354334141,tagalog,comment,True,adjudicator,2-1,1,0
t1_p50rj6u,0,0.6638869047164917,0.6806640625,1,0.2689240574836731,0.38866397738456726,0.32192370295524597,0.020488284528255463,1,0.624788163695794,tagalog,comment,True,adjudicator,2-1,0,0
t1_p50rx3u,0,0.06656918674707413,-2.640625,0,0.04120107367634773,0.4794306755065918,0.4654472768306732,0.013920968398451805,0,0.12150726715028945,tagalog,comment,True,majority,3-0,0,0
t1_p50s65k,1,0.08694165199995041,-2.3515625,0,0.05293383449316025,0.47940075397491455,0.4474407136440277,0.020224718376994133,0,0.1465798854032424,english,comment,True,adjudicator,2-1,1,1
t1_p50sale,0,0.5947866439819336,0.3837890625,1,0.2160569578409195,0.432113915681839,0.33194205164909363,0.019887061789631844,1,0.5713881289273004,tagalog,comment,True,adjudicator,3-0,0,0
t1_p50sr4b,0,0.1475551873445511,-1.75390625,0,0.0577523410320282,0.47242456674575806,0.45369407534599304,0.016129031777381897,0,0.21182743940203794,taglish,comment,True,adjudicator,2-1,0,0
t1_p50ss8o,0,0.0832919254899025,-2.3984375,0,0.09542076289653778,0.4507312476634979,0.437305212020874,0.016542796045541763,0,0.14224129676042765,taglish,comment,True,majority,3-0,0,0
t1_p50stit,0,0.5814219117164612,0.32861328125,1,0.2347826063632965,0.3942028880119324,0.3536231815814972,0.017391303554177284,1,0.5612364903097372,english,comment,True,unanimous,3-0,0,0
t1_p50sx7y,0,0.024237634614109993,-3.6953125,0,0.015740035101771355,0.48337140679359436,0.485402375459671,0.015486164018511772,0,0.05905828086570057,taglish,comment,True,majority,3-0,0,0
t1_p50t6p6,1,0.641983687877655,0.583984375,1,0.2966271936893463,0.3663167357444763,0.3091355860233307,0.02792048268020153,1,0.607661730064037,english,comment,True,adjudicator,2-1,1,1
t1_p50tbuu,0,0.754553496837616,1.123046875,1,0.33788394927978516,0.3771331012248993,0.2696245610713959,0.015358361415565014,1,0.6987462111353816,tagalog,comment,True,adjudicator,2-1,0,0
t1_p50tfzy,1,0.31573596596717834,-0.7734375,0,0.09624911844730377,0.4611722230911255,0.430290162563324,0.012288490310311317,0,0.3590652709273419,taglish,comment,True,unanimous,3-0,1,1
t1_p50tgfh,0,0.08035747706890106,-2.4375,0,0.04934168606996536,0.4663172662258148,0.46018150448799133,0.02415953017771244,0,0.13870809956751498,taglish,comment,True,majority,3-0,0,0
t1_p50tgm1,0,0.6559974551200867,0.6455078125,1,0.2717966139316559,0.4067949056625366,0.30419620871543884,0.017212284728884697,1,0.618593935235509,tagalog,comment,True,adjudicator,2-1,0,0
t1_p50tmxr,0,0.2766905128955841,-0.9609375,0,0.1238420307636261,0.4544124901294708,0.4095562994480133,0.012189175933599472,0,0.3274172659650554,taglish,comment,True,majority,3-0,0,0
t1_p50tpwv,0,0.1710611879825592,-1.578125,0,0.06526084989309311,0.4725607931613922,0.4498613476753235,0.012317018583416939,0,0.23464645769875545,tagalog,comment,True,adjudicator,2-1,0,1
t1_p50ttd5,0,0.16559313237667084,-1.6171875,0,0.0895213782787323,0.4729064106941223,0.4242534935474396,0.013318737037479877,0,0.22943190771464025,english,comment,True,adjudicator,2-1,0,1
t1_p50tzmc,0,0.7333563566207886,1.01171875,1,0.342469722032547,0.36726391315460205,0.2742857038974762,0.01598062925040722,1,0.6809047283810378,english,comment,True,unanimous,3-0,0,0
t1_p50uvzx,0,0.29462069272994995,-0.873046875,0,0.24713584780693054,0.38461539149284363,0.3535188138484955,0.014729950577020645,0,0.34207832552836254,english,comment,True,adjudicator,2-1,0,1
t1_p50uw6y,0,0.4022746980190277,-0.39599609375,0,0.2538312077522278,0.3781566917896271,0.3488020598888397,0.01921001449227333,0,0.4263737177040823,english,comment,True,majority,3-0,0,0
t1_p50v04u,1,0.5849826335906982,0.34326171875,1,0.30802324414253235,0.3596472442150116,0.3183480203151703,0.013981501571834087,1,0.5639369794427744,taglish,comment,True,majority,3-0,1,1
t1_p50vbc4,0,0.027585282921791077,-3.5625,0,0.061077915132045746,0.4654475152492523,0.4615848958492279,0.01188967376947403,0,0.06483608668244899,english,comment,True,majority,3-0,0,0
t1_p50vpbc,0,0.06903792917728424,-2.6015625,0,0.06214689090847969,0.4755588173866272,0.45001229643821716,0.012281994335353374,0,0.12466573966511806,taglish,comment,True,majority,3-0,0,0
t1_p50vq6u,0,0.12085322290658951,-1.984375,0,0.08534641563892365,0.47283875942230225,0.42575106024742126,0.016063764691352844,0,0.18443236375546235,taglish,comment,True,majority,3-0,0,0
t1_p50vqmi,0,0.8031737804412842,1.40625,1,0.376963347196579,0.33005234599113464,0.2764397859573364,0.01654450222849846,1,0.7414458848769978,tagalog,comment,True,adjudicator,2-1,0,1
t1_p50w0db,1,0.188323974609375,-1.4609375,0,0.10549343377351761,0.4608653485774994,0.4141954183578491,0.019445795565843582,0,0.25077814122055364,english,comment,True,adjudicator,2-1,1,0
t1_p50w54e,1,0.7352616786956787,1.021484375,1,0.35146087408065796,0.3292813003063202,0.28321602940559387,0.03604179993271828,1,0.6824921827787888,english,comment,True,adjudicator,2-1,1,1
t1_p50wfiv,0,0.018978038802742958,-3.9453125,0,0.021681224927306175,0.4955708384513855,0.4698011577129364,0.012946788221597672,0,0.04947039870275616,tagalog,comment,True,adjudicator,2-1,0,0
t1_p50x1v7,0,0.10230471193790436,-2.171875,0,0.059609200805425644,0.4808310568332672,0.4471926689147949,0.012367053888738155,0,0.1642324336036858,english,comment,True,adjudicator,2-1,0,1
t1_p50x2qf,0,0.06705629080533981,-2.6328125,0,0.055899478495121,0.486423522233963,0.4452344477176666,0.01244253758341074,0,0.12213339522563688,english,comment,True,unanimous,3-0,0,0
t1_p50xc5h,0,0.03258974477648735,-3.390625,0,0.03152585029602051,0.4721311330795288,0.4761664569377899,0.020176544785499573,0,0.07309448494742783,english,comment,True,unanimous,3-0,0,0
t1_p50ywrp,0,0.2549724876880646,-1.072265625,0,0.09356725215911865,0.45120206475257874,0.4324886202812195,0.02274204045534134,0,0.309321857119012,taglish,comment,True,majority,3-0,0,0
t1_p50z82d,1,0.2869678735733032,-0.91015625,0,0.13143916428089142,0.43878936767578125,0.4091414511203766,0.020630018785595894,0,0.33584924621944556,english,comment,True,majority,3-0,1,1
t1_p50zbcj,0,0.6033477187156677,0.41943359375,1,0.30786049365997314,0.35683831572532654,0.3183557391166687,0.01694544591009617,1,0.5779150188843672,tagalog,comment,True,adjudicator,2-1,0,1
t1_p50zvx1,0,0.15002882480621338,-1.734375,0,0.14492586255073547,0.4283159375190735,0.41539260745048523,0.011365602724254131,0,0.2142806323129177,taglish,comment,True,unanimous,3-0,0,0
t1_p50zy7x,0,0.30445513129234314,-0.826171875,0,0.1540869176387787,0.4391477108001709,0.3909955322742462,0.015769831836223602,0,0.35002494007295265,tagalog,comment,True,majority,3-0,0,0
t1_p5104ys,0,0.01384861022233963,-4.265625,0,0.03170151636004448,0.4857648015022278,0.4701578915119171,0.012375785037875175,0,0.03933133410143569,english,comment,True,unanimous,3-0,0,0
t1_p510ngs,0,0.05964693799614906,-2.7578125,0,0.02588295377790928,0.4834884703159332,0.47532832622528076,0.01530026737600565,0,0.1124431322680288,english,comment,True,adjudicator,2-1,0,0
t1_p510rod,0,0.06804042309522629,-2.6171875,0,0.0703670009970665,0.4639369249343872,0.45617228746414185,0.009523809887468815,0,0.12339398575252927,taglish,comment,True,majority,3-0,0,0
t1_p510wd0,1,0.2743513882160187,-0.97265625,0,0.2376195341348648,0.38463592529296875,0.3641220033168793,0.013622522354125977,0,0.3254869023751391,english,comment,True,adjudicator,2-1,1,1
t1_p510zkq,0,0.7450275421142578,1.072265625,1,0.3440486490726471,0.3527367413043976,0.2814943492412567,0.021720243617892265,1,0.6906781428809879,tagalog,comment,True,adjudicator,2-1,0,1
t1_p510zrc,0,0.019419347867369652,-3.921875,0,0.020253797993063927,0.48409077525138855,0.48409077525138855,0.011564668267965317,0,0.05030260517588418,taglish,comment,True,majority,3-0,0,0
t1_p5116jv,0,0.08756383508443832,-2.34375,0,0.04504389688372612,0.4804682433605194,0.46214529871940613,0.012342536821961403,0,0.14731354759215073,english,comment,True,adjudicator,2-1,0,1
t1_p511am0,0,0.2107662856578827,-1.3203125,0,0.16243654489517212,0.4319741129875183,0.39627379179000854,0.009315557777881622,0,0.27108656519066004,taglish,comment,True,unanimous,3-0,0,0
t1_p511awz,0,0.01912403479218483,-3.9375,0,0.01317614410072565,0.4861934185028076,0.4861934185028076,0.014437018893659115,0,0.04974634041692687,english,comment,True,majority,3-0,0,0
t1_p511bxb,0,0.9263036847114563,2.53125,1,0.44201910495758057,0.27830833196640015,0.24920418858528137,0.030468394979834557,1,0.8694716057843805,tagalog,comment,True,adjudicator,2-1,0,0
t1_p511mps,1,0.9118099808692932,2.3359375,1,0.44155845046043396,0.289424866437912,0.23654916882514954,0.03246753290295601,1,0.8519497551264762,taglish,comment,True,majority,3-0,1,1
t1_p511qag,0,0.7150261998176575,0.919921875,1,0.3160913288593292,0.39426445960998535,0.2719065248966217,0.017737653106451035,1,0.6657806454946338,english,comment,True,adjudicator,2-1,0,0
t1_p5120d0,0,0.38444983959198,-0.470703125,0,0.2052919715642929,0.40875911712646484,0.36313867568969727,0.02281021885573864,0,0.4127450623563562,english,comment,True,majority,3-0,0,0
t1_p5121dv,0,0.5563995838165283,0.2265625,1,0.2743362784385681,0.389380544424057,0.32035398483276367,0.0159292034804821,1,0.5423309498171681,english,comment,True,majority,3-0,0,0
t1_p513f5o,0,0.8031737804412842,1.40625,1,0.3688560128211975,0.33231839537620544,0.2801218032836914,0.01870378479361534,1,0.7414458848769978,tagalog,comment,True,adjudicator,2-1,0,1
t1_p513ffe,0,0.11124119907617569,-2.078125,0,0.0589442253112793,0.4834918975830078,0.4456879794597626,0.011875893920660019,0,0.17410131667799783,english,comment,True,majority,3-0,0,0
t1_p513w3g,1,0.022977370768785477,-3.75,0,0.0345892533659935,0.4783199429512024,0.47634342312812805,0.010747374966740608,0,0.0568223044252538,english,comment,True,majority,3-0,1,1
t1_p513x9i,0,0.02909075655043125,-3.5078125,0,0.028846751898527145,0.4933789372444153,0.46353745460510254,0.014236866496503353,0,0.06736488511449203,taglish,comment,True,unanimous,3-0,0,0
t1_p5143ya,0,0.013020490296185017,-4.328125,0,0.02809816040098667,0.4927607476711273,0.46723926067352295,0.011901840567588806,0,0.037599853652667665,taglish,comment,True,unanimous,3-0,0,0
t1_p514efx,0,0.8381505608558655,1.64453125,1,0.387320876121521,0.32826748490333557,0.2657403349876404,0.018671298399567604,1,0.7741695491326052,english,comment,True,unanimous,3-0,0,0
t1_p514hcf,0,0.7728736996650696,1.224609375,1,0.38135236501693726,0.3158336877822876,0.2738345265388489,0.02897942066192627,1,0.7145162124642286,tagalog,comment,True,adjudicator,2-1,0,0
t1_p514hk4,0,0.3944341838359833,-0.4287109375,0,0.24593916535377502,0.38722336292266846,0.35233837366104126,0.014499072916805744,0,0.42039055943162423,taglish,comment,True,majority,3-0,0,0
t1_p514ukl,1,0.8000679016113281,1.38671875,1,0.3735734522342682,0.3266673684120178,0.2814365029335022,0.018322689458727837,1,0.7386309975883915,tagalog,comment,True,adjudicator,2-1,1,1
t1_p514wk1,1,0.8543993234634399,1.76953125,1,0.39895012974739075,0.31146106123924255,0.26421695947647095,0.02537182904779911,1,0.7901202824875163,taglish,comment,True,majority,3-0,1,1
t1_p514won,0,0.03488088399171829,-3.3203125,0,0.022197281941771507,0.4908342659473419,0.4728769063949585,0.014091532677412033,0,0.07674453047985484,taglish,comment,True,majority,3-0,0,0
t1_p514y4d,1,0.8955226540565491,2.1484375,1,0.4102112650871277,0.32042253017425537,0.23415492475032806,0.035211268812417984,1,0.8333432834852272,taglish,comment,True,adjudicator,2-1,1,1
t1_p5158zq,0,0.5212274789810181,0.0849609375,1,0.17400814592838287,0.44717174768447876,0.36357009410858154,0.015250015072524548,1,0.5159068269993581,tagalog,comment,True,unanimous,3-0,0,0
t1_p515im6,1,0.8875949382781982,2.06640625,1,0.4148148000240326,0.31604939699172974,0.24601571261882782,0.02312009036540985,1,0.8246327159804272,tagalog,comment,True,adjudicator,2-1,1,1
t1_p51678c,0,0.022116590291261673,-3.7890625,0,0.03685382008552551,0.4748948812484741,0.4729161560535431,0.015335147269070148,0,0.055274142239103374,english,comment,True,majority,3-0,0,0
t1_p516l0e,0,0.029986508190631866,-3.4765625,0,0.022411754354834557,0.492062509059906,0.47413310408592224,0.011392641812562943,0,0.06885070891061511,english,comment,True,majority,3-0,0,0
t1_p516l7j,0,0.060086652636528015,-2.75,0,0.03585632145404816,0.4807777404785156,0.4726974368095398,0.010668518021702766,0,0.11302856225801737,taglish,comment,True,unanimous,3-0,0,0
t1_p516ley,1,0.27396270632743835,-0.974609375,0,0.11562736332416534,0.438273161649704,0.4261550009250641,0.019944459199905396,0,0.3251657480169633,english,comment,True,majority,3-0,1,1
t1_p517aep,0,0.7106282711029053,0.8984375,1,0.32946786284446716,0.3554784953594208,0.2982551157474518,0.01679852604866028,1,0.6621897126914489,taglish,comment,True,adjudicator,2-1,0,0
t1_p517odk,0,0.801314651966095,1.39453125,1,0.3674434423446655,0.3530338704586029,0.2521670460700989,0.027355622500181198,1,0.7397593249058232,tagalog,comment,True,adjudicator,2-1,0,1
t1_p517odr,0,0.03283695876598358,-3.3828125,0,0.028753794729709625,0.4917890429496765,0.4679928123950958,0.011464336887001991,0,0.07349201152974996,taglish,comment,True,unanimous,3-0,0,0
t1_p517xa6,1,0.7205649614334106,0.947265625,1,0.3009631633758545,0.3807365298271179,0.3009631633758545,0.01733710989356041,1,0.6703232422705846,tagalog,comment,True,adjudicator,2-1,1,1
t1_p519qku,0,0.08269734680652618,-2.40625,0,0.042430330067873,0.48807430267333984,0.45392918586730957,0.01556615624576807,0,0.14152870293269873,english,comment,True,majority,3-0,0,0
t1_p519v1g,0,0.037047166377305984,-3.2578125,0,0.06660633534193039,0.4652790427207947,0.4594871699810028,0.00862745102494955,0,0.08012854631784959,tagalog,comment,True,majority,3-0,0,0
t1_p51a6ak,0,0.7599387168884277,1.15234375,1,0.34504109621047974,0.3535817265510559,0.28354862332344055,0.017828546464443207,1,0.7033459848120521,tagalog,comment,True,adjudicator,2-1,0,1
t1_p51apmu,0,0.08269734680652618,-2.40625,0,0.06155373528599739,0.47058823704719543,0.4527178108692169,0.015140233561396599,0,0.14152870293269873,english,comment,True,unanimous,3-0,0,0
t1_p51b42d,0,0.012431650422513485,-4.375,0,0.013201933354139328,0.49584728479385376,0.4779967665672302,0.012954010628163815,0,0.036349552458675695,english,comment,True,adjudicator,2-1,0,0
t1_p51b5y4,0,0.9099069833755493,2.3125,1,0.42086726427078247,0.329297810792923,0.22540171444416046,0.02443319372832775,1,0.8497213912280694,tagalog,comment,True,adjudicator,2-1,0,1
t1_p51bah9,1,0.05184547230601311,-2.90625,0,0.1051081120967865,0.441171258687973,0.441171258687973,0.012549343518912792,0,0.10181419053169236,tagalog,comment,True,adjudicator,2-1,1,0
t1_p51c5db,0,0.1937568634748459,-1.42578125,0,0.18460172414779663,0.4135788679122925,0.39227867126464844,0.00954071432352066,0,0.25575904640778063,taglish,comment,True,majority,3-0,0,0
t1_p51c7pk,0,0.0844927504658699,-2.3828125,0,0.03551666438579559,0.47767341136932373,0.4735555350780487,0.013254407793283463,0,0.14367546220632632,tagalog,comment,True,unanimous,3-0,0,0
t1_p51c9tq,0,0.18242552876472473,-1.5,0,0.15223950147628784,0.42701321840286255,0.4103040099143982,0.010443258099257946,0,0.24532000554083483,taglish,comment,True,majority,3-0,0,0
t1_p51cle6,0,0.06560484319925308,-2.65625,0,0.04903721064329147,0.48343756794929504,0.4517367482185364,0.015788495540618896,0,0.12026330697210863,english,comment,True,majority,3-0,0,0
t1_p51cwhc,0,0.46772685647010803,-0.1292724609375,0,0.2717622220516205,0.3736730217933655,0.34140127897262573,0.013163481839001179,0,0.47580767485632336,english,comment,True,adjudicator,2-1,0,0
t1_p51cx9a,0,0.04208773002028465,-3.125,0,0.02963789738714695,0.4980158805847168,0.460317462682724,0.012028769589960575,0,0.08777541160339505,taglish,comment,True,majority,3-0,0,0
t1_p51ddqi,0,0.07004895806312561,-2.5859375,0,0.08464590460062027,0.4559336304664612,0.4501623213291168,0.009258146397769451,0,0.12594871762367607,tagalog,comment,True,adjudicator,2-1,0,0
t1_p51dk1z,0,0.0838903859257698,-2.390625,0,0.06712806969881058,0.4743063747882843,0.44294726848602295,0.01561830099672079,0,0.1429568810082022,taglish,comment,True,majority,3-0,0,0
t1_p51e36n,0,0.5198869705200195,0.07958984375,1,0.2381265014410019,0.416721373796463,0.32917487621307373,0.01597723737359047,1,0.5149018386825588,taglish,comment,True,majority,3-0,0,0
t1_p51e3p8,0,0.01912403479218483,-3.9375,0,0.08128193020820618,0.4663260579109192,0.4384579658508301,0.013934045098721981,0,0.04974634041692687,english,comment,True,adjudicator,2-1,0,0
t1_p51eayg,0,0.0204885546118021,-3.8671875,0,0.017858250066637993,0.4960625171661377,0.4762200117111206,0.009859242476522923,0,0.05229625432213942,tagalog,comment,True,adjudicator,2-1,0,0
t1_p51ebvn,0,0.03283695876598358,-3.3828125,0,0.029486151412129402,0.4895441234111786,0.46783047914505005,0.013139226473867893,0,0.07349201152974996,english,comment,True,majority,3-0,0,0
t1_p51u0yc,0,0.10594828426837921,-2.1328125,0,0.0649801567196846,0.4801587164402008,0.4424603283405304,0.012400793842971325,0,0.16828875560596268,tagalog,comment,True,majority,3-0,0,0
t1_p51vat8,0,0.02931223064661026,-3.5,0,0.024827757850289345,0.49854135513305664,0.46477562189102173,0.01185525394976139,0,0.06773352815161206,tagalog,comment,True,majority,3-0,0,0
t1_p51wv23,0,0.11436852067708969,-2.046875,0,0.0605071559548378,0.48807430267333984,0.43585237860679626,0.01556615624576807,0,0.17749331719578096,taglish,comment,True,unanimous,3-0,0,0
t1_p51xptv,0,0.011158031411468983,-4.484375,0,0.010465692728757858,0.4993807375431061,0.4775823652744293,0.012571216560900211,0,0.03358592214713221,taglish,comment,True,majority,3-0,0,0
t1_p51z2oj,0,0.01342825498431921,-4.296875,0,0.012260393239557743,0.4958924651145935,0.479960173368454,0.011886980384588242,0,0.03845623978795531,taglish,comment,True,unanimous,3-0,0,0
t1_p5209j0,0,0.027376487851142883,-3.5703125,0,0.026597710326313972,0.48860979080200195,0.45708656311035156,0.027705946937203407,0,0.06448212238461329,taglish,comment,True,majority,3-0,0,0
t1_p539k62,0,0.018546564504504204,-3.96875,0,0.025089381262660027,0.481716126203537,0.481716126203537,0.011478391475975513,0,0.048651254945635436,taglish,comment,True,majority,3-0,0,0
t1_p53cx84,0,0.007577240467071533,-4.875,0,0.020720336586236954,0.4914376139640808,0.47388628125190735,0.013955756090581417,0,0.025280324796512977,english,comment,True,majority,3-0,0,0
t1_p53ejq2,0,0.07477004826068878,-2.515625,0,0.07009316980838776,0.4639970362186432,0.4541247487068176,0.011785031296312809,0,0.13186261780731934,taglish,comment,True,majority,3-0,0,0
t1_p53kc0j,0,0.01912403479218483,-3.9375,0,0.0265364870429039,0.47865816950798035,0.48066091537475586,0.014144448563456535,0,0.04974634041692687,tagalog,comment,True,majority,3-0,0,0
t1_p53vm77,0,0.5494895577430725,0.1986083984375,1,0.28070175647735596,0.36591479182243347,0.34085214138031006,0.01253132801502943,1,0.5371285755743481,english,comment,True,adjudicator,2-1,0,1
t1_p548opy,0,0.00970847625285387,-4.625,0,0.02318022958934307,0.49451154470443726,0.47096338868141174,0.011344821192324162,0,0.03032951092726271,taglish,comment,True,unanimous,3-0,0,0
t1_p54ijgj,0,0.4427569508552551,-0.22998046875,0,0.2751365602016449,0.39004653692245483,0.3123609125614166,0.02245599776506424,0,0.4570335618992271,tagalog,comment,True,unanimous,3-0,0,0
t1_p54nz23,0,0.043365802615880966,-3.09375,0,0.0377783328294754,0.47835877537727356,0.4743557572364807,0.009507129900157452,0,0.08966813451301332,taglish,comment,True,unanimous,3-0,0,0
t1_p55saf4,0,0.12592275440692902,-1.9375,0,0.1468629390001297,0.44237980246543884,0.39939552545547485,0.011361728422343731,0,0.18977313124006817,tagalog,comment,True,unanimous,3-0,0,0
t1_p55v84k,0,0.18242552876472473,-1.5,0,0.14013920724391937,0.4343387484550476,0.4139211177825928,0.011600928381085396,0,0.24532000554083483,tagalog,comment,True,unanimous,3-0,0,0
t1_p56eroe,1,0.8719117641448975,1.91796875,1,0.3903263211250305,0.33625516295433044,0.2534586489200592,0.019959868863224983,1,0.8079668590920629,taglish,comment,True,majority,3-0,1,1
t1_p56fcks,1,0.6281793713569641,0.5244140625,1,0.3249054253101349,0.3758710026741028,0.27871790528297424,0.020505674183368683,1,0.5969725961616867,english,comment,True,majority,3-0,1,1
t1_p56ftcu,1,0.8122723698616028,1.46484375,1,0.39121928811073303,0.30602043867111206,0.2590741217136383,0.0436861552298069,1,0.7497712909127374,english,comment,True,adjudicator,2-1,1,1
t1_p56g61g,0,0.9086179733276367,2.296875,1,0.417391300201416,0.3286956548690796,0.22434782981872559,0.029565216973423958,1,0.8482205280340217,tagalog,comment,True,adjudicator,2-1,0,1
t1_p56ge9a,0,0.10970578342676163,-2.09375,0,0.06496994197368622,0.4665558338165283,0.4460928440093994,0.022381378337740898,0,0.17242459434278012,english,comment,True,adjudicator,2-1,0,1
t1_p56lwbi,0,0.08269734680652618,-2.40625,0,0.0712328776717186,0.46027398109436035,0.4503113329410553,0.0181818176060915,0,0.14152870293269873,taglish,comment,True,majority,3-0,0,0
t1_p56of1n,0,0.023509452119469643,-3.7265625,0,0.024980979040265083,0.47273650765419006,0.4828810691833496,0.019401470199227333,0,0.057770670246349735,english,comment,True,unanimous,3-0,0,0
t1_p56ooj5,0,0.03594832494854927,-3.2890625,0,0.026933956891298294,0.4860410690307617,0.45258885622024536,0.03443611040711403,0,0.0784198396636551,taglish,comment,True,majority,3-0,0,0
t1_p56pizi,0,0.44022855162620544,-0.240234375,0,0.24599164724349976,0.38304415345191956,0.35317373275756836,0.01779046840965748,0,0.45512794408848534,english,comment,True,adjudicator,2-1,0,0
t1_p56qvxs,1,0.845432698726654,1.69921875,1,0.3808380961418152,0.3648364841938019,0.23042304813861847,0.023902390152215958,1,0.7812517198025717,english,comment,True,unanimous,3-0,1,1
t1_p56r0lz,0,0.5840339660644531,0.33935546875,1,0.27953481674194336,0.3957269787788391,0.3115297555923462,0.013208440504968166,1,0.5632172128950764,taglish,comment,True,adjudicator,2-1,0,0
t1_p56rofd,0,0.4014531373977661,-0.3994140625,0,0.18233348429203033,0.43646669387817383,0.3363249897956848,0.044874824583530426,0,0.4257475707312957,english,comment,True,unanimous,3-0,0,0
t1_p56rw0h,0,0.11357959359884262,-2.0546875,0,0.1856246441602707,0.42187416553497314,0.38474923372268677,0.007751937955617905,0,0.17664048794527834,tagalog,comment,True,adjudicator,2-1,0,0
t1_p56shvj,0,0.2735743820667267,-0.9765625,0,0.11153747886419296,0.4481964707374573,0.4154515266418457,0.024814531207084656,0,0.32484475792946443,tagalog,comment,True,unanimous,3-0,0,0
t1_p56sonm,0,0.7885831594467163,1.31640625,1,0.34693440794944763,0.36915189027786255,0.2631916403770447,0.02072206884622574,1,0.7283347986951891,english,comment,True,majority,3-0,0,0
t1_p56ss9e,0,0.037892427295446396,-3.234375,0,0.05067064240574837,0.47093889117240906,0.46299055218696594,0.015399900265038013,0,0.08143230994741969,taglish,comment,True,adjudicator,2-1,0,0
t1_p56tc7c,0,0.0204885546118021,-3.8671875,0,0.022293781861662865,0.4993807375431061,0.46767401695251465,0.010651473887264729,0,0.05229625432213942,taglish,comment,True,majority,3-0,0,0
t1_p56tge7,0,0.07055959850549698,-2.578125,0,0.12345252186059952,0.4366902709007263,0.42931997776031494,0.010537225753068924,0,0.12659443444692434,tagalog,comment,True,adjudicator,2-1,0,0
t1_p56tixe,0,0.03594832494854927,-3.2890625,0,0.06472879648208618,0.4756368100643158,0.4468684494495392,0.012765957042574883,0,0.0784198396636551,tagalog,comment,True,adjudicator,2-1,0,1
t1_p56ube0,0,0.3225259780883789,-0.7421875,0,0.17535269260406494,0.4253235459327698,0.38801446557044983,0.011309315450489521,0,0.3644706163938528,tagalog,comment,True,adjudicator,2-1,0,1
t1_p56v3dp,0,0.103748619556427,-2.15625,0,0.20603416860103607,0.3933379352092743,0.3882296681404114,0.012398233637213707,0,0.1658454567919136,english,comment,True,adjudicator,2-1,0,0
t1_p56v9u9,0,0.015189048834145069,-4.171875,0,0.0340881422162056,0.4908692538738251,0.46359872817993164,0.011443876661360264,0,0.0420726151776803,taglish,comment,True,majority,3-0,0,0
t1_p56vs86,0,0.12635333836078644,-1.93359375,0,0.11593528091907501,0.45256665349006653,0.40786871314048767,0.023629380390048027,0,0.19022349804657726,english,comment,True,unanimous,3-0,0,0
t1_p56xct1,1,0.8705973029136658,1.90625,1,0.42067089676856995,0.29555755853652954,0.2538531422615051,0.029918404296040535,1,0.8066010347578514,taglish,comment,True,unanimous,3-0,1,1
t1_p56ybe4,0,0.048496000468730927,-2.9765625,0,0.04125257954001427,0.47602975368499756,0.47002938389778137,0.012688293121755123,0,0.09709720337870163,english,comment,True,majority,3-0,0,0
t1_p56ycd2,0,0.02517884038388729,-3.65625,0,0.03601589798927307,0.4749130606651306,0.47093889117240906,0.01813214085996151,0,0.06070562163180529,tagalog,comment,True,unanimous,3-0,0,0
t1_p56z4ga,0,0.5919591188430786,0.3720703125,1,0.2161095291376114,0.42629826068878174,0.3276181221008301,0.02997409738600254,1,0.5692367495001956,tagalog,comment,True,adjudicator,2-1,0,1
t1_p56zaib,0,0.907967209815979,2.2890625,1,0.42937344312667847,0.3072086274623871,0.2353469580411911,0.02807096391916275,1,0.8474654923848032,english,comment,True,adjudicator,2-1,0,1
t1_p56zxlp,0,0.01784873940050602,-4.0078125,0,0.04582453891634941,0.4862224757671356,0.45535123348236084,0.01260174810886383,0,0.04731455050714704,english,comment,True,unanimous,3-0,0,0
t1_p570gq4,0,0.2351084202528,-1.1796875,0,0.2306097000837326,0.39319783449172974,0.36499378085136414,0.011198672465980053,0,0.29239775915726474,tagalog,comment,True,adjudicator,2-1,0,1
t1_p570nj4,0,0.034618839621543884,-3.328125,0,0.04754865914583206,0.4730229079723358,0.46711012721061707,0.012318304739892483,0,0.07633086008428057,tagalog,comment,True,adjudicator,2-1,0,0
t1_p571ubf,0,0.012821215204894543,-4.34375,0,0.00875590555369854,0.48781102895736694,0.4898267686367035,0.01360629964619875,0,0.037178561446541046,taglish,comment,True,unanimous,3-0,0,0
t1_p57775v,0,0.012053778395056725,-4.40625,0,0.009294385090470314,0.48558422923088074,0.49165400862693787,0.013467375189065933,0,0.03553834644186387,taglish,comment,True,majority,3-0,0,0
t1_p57a2cw,0,0.5075677633285522,0.0302734375,1,0.2694348394870758,0.38016146421432495,0.3247981667518616,0.025605536997318268,1,0.5056696201903607,tagalog,comment,True,unanimous,3-0,0,0
t1_p57hyi6,0,0.21933749318122864,-1.26953125,0,0.15627484023571014,0.4488358795642853,0.37251561880111694,0.022373652085661888,0,0.2786689177576648,english,comment,True,adjudicator,2-1,0,0
t1_p57rbor,0,0.5754687786102295,0.30419921875,1,0.26270803809165955,0.3976608216762543,0.3238866329193115,0.015744488686323166,1,0.5567276811367461,tagalog,comment,True,adjudicator,2-1,0,1
t1_p582gg7,0,0.40827676653862,-0.37109375,0,0.21430213749408722,0.40101173520088196,0.3642216622829437,0.020464474335312843,0,0.430942651323871,english,comment,True,majority,3-0,0,0
t1_p583nqj,0,0.06278920918703079,-2.703125,0,0.07177296280860901,0.46286237239837646,0.45114433765411377,0.014220323413610458,0,0.11659723607474917,english,comment,True,majority,3-0,0,0
t1_p5843ah,0,0.022116590291261673,-3.7890625,0,0.008802482858300209,0.4924323856830597,0.48837944865226746,0.010385662317276001,0,0.055274142239103374,english,comment,True,majority,3-0,0,0
t1_p584lsx,0,0.2590751051902771,-1.05078125,0,0.15299399197101593,0.43099528551101685,0.4030085802078247,0.013002157211303711,0,0.31277095380278047,english,comment,True,majority,3-0,0,0
t1_p585bcp,0,0.018124721944332123,-3.9921875,0,0.04041626304388046,0.48402711749076843,0.46079379320144653,0.014762826263904572,0,0.04784499205956626,english,comment,True,unanimous,3-0,0,0
t1_p586mpz,0,0.06903792917728424,-2.6015625,0,0.05166281759738922,0.4692082107067108,0.4672115743160248,0.011917388997972012,0,0.12466573966511806,tagalog,comment,True,majority,3-0,0,0
t1_p586qua,0,0.015543648041784763,-4.1484375,0,0.010811490006744862,0.4887799322605133,0.4887799322605133,0.01162863802164793,0,0.04278597557137281,taglish,comment,True,unanimous,3-0,0,0
t1_p587cg6,0,0.01342825498431921,-4.296875,0,0.011504975147545338,0.5014925599098206,0.47562187910079956,0.01138059701770544,0,0.03845623978795531,taglish,comment,True,majority,3-0,0,0
t1_p5883y0,0,0.018264278769493103,-3.984375,0,0.01716097816824913,0.5013989806175232,0.4715538024902344,0.009886215440928936,0,0.0481123262994903,taglish,comment,True,majority,3-0,0,0
t1_p5898ke,0,0.02080449089407921,-3.8515625,0,0.013674347661435604,0.4882248640060425,0.4861990511417389,0.011901747435331345,0,0.05287944558456361,taglish,comment,True,adjudicator,2-1,0,0
t1_p589aw3,0,0.09268777817487717,-2.28125,0,0.03045816905796528,0.48318320512771606,0.4748882055282593,0.011470416560769081,0,0.15329262044406342,taglish,comment,True,adjudicator,2-1,0,1
t1_p589q0r,0,0.3023911118507385,-0.8359375,0,0.21390613913536072,0.3991721272468567,0.375901997089386,0.011019745841622353,0,0.34836233778041337,tagalog,comment,True,adjudicator,2-1,0,1
t1_p58a6x0,0,0.21403354406356812,-1.30078125,0,0.10867851227521896,0.45218023657798767,0.42889198660850525,0.01024925708770752,0,0.27398747438453097,taglish,comment,True,adjudicator,2-1,0,0
t1_p58atkp,0,0.4882223904132843,-0.047119140625,0,0.24808891117572784,0.4042287766933441,0.3348332941532135,0.012849010527133942,0,0.491176048508134,tagalog,comment,True,adjudicator,2-1,0,1
t1_p58hsl1,0,0.018833130598068237,-3.953125,0,0.02755196951329708,0.4825318157672882,0.47856035828590393,0.011355879716575146,0,0.04919590838703354,taglish,comment,True,adjudicator,2-1,0,1
t1_p58kee9,0,0.7264255881309509,0.9765625,1,0.3253932595252991,0.3559550642967224,0.29483145475387573,0.02382022514939308,1,0.6751552420705356,english,comment,True,unanimous,3-0,0,0
t1_p58mnsi,0,0.6783269047737122,0.74609375,1,0.32111692428588867,0.3560209572315216,0.3071553111076355,0.015706805512309074,1,0.6362069572499804,tagalog,comment,True,adjudicator,2-1,0,1
t1_p58ucht,0,0.6761924028396606,0.736328125,1,0.3021286427974701,0.3662165403366089,0.3149462044239044,0.016708629205822945,1,0.6345120157009478,english,comment,True,adjudicator,2-1,0,1
t1_p58va0p,1,0.7279754281044006,0.984375,1,0.321424275636673,0.36184290051460266,0.2983279228210449,0.01840490847826004,1,0.6764375553755905,taglish,comment,True,adjudicator,2-1,1,0
t1_p58vdxr,0,0.30280327796936035,-0.833984375,0,0.0973014086484909,0.45204612612724304,0.4338020980358124,0.01685037463903427,0,0.3486945644859753,tagalog,comment,True,adjudicator,2-1,0,0
t1_p58wc9w,0,0.8944211602210999,2.13671875,1,0.3983687460422516,0.33827000856399536,0.23696072399616241,0.02640051580965519,1,0.8321204455588351,english,comment,True,unanimous,3-0,0,0
t1_p58wkah,0,0.07211221009492874,-2.5546875,0,0.07513546198606491,0.4623720645904541,0.45273932814598083,0.009753161109983921,0,0.12854858591932833,taglish,comment,True,majority,3-0,0,0
t1_p58x3no,0,0.7244806289672852,0.966796875,1,0.323129266500473,0.369047611951828,0.2908163368701935,0.017006803303956985,1,0.673548651108282,tagalog,comment,True,adjudicator,2-1,0,1
t1_p58xvb4,0,0.05665242671966553,-2.8125,0,0.04861024394631386,0.4726411700248718,0.466658353805542,0.012090240605175495,0,0.10841886602556666,english,comment,True,majority,3-0,0,0
t1_p591y9q,1,0.10447732359170914,-2.1484375,0,0.05722779780626297,0.48556917905807495,0.43800321221351624,0.019199801608920097,0,0.16665671651477282,english,comment,True,majority,3-0,1,1
t1_p5954c8,0,0.03138043358922005,-3.4296875,0,0.07251335680484772,0.4629329442977905,0.45140764117240906,0.013146047480404377,0,0.07113641429428318,taglish,comment,True,unanimous,3-0,0,0
t1_p596ahr,0,0.06325051933526993,-2.6953125,0,0.038389161229133606,0.4797390401363373,0.4676953852176666,0.014176389202475548,0,0.11720143822854746,tagalog,comment,True,majority,3-0,0,0
t1_p597vr8,0,0.10447732359170914,-2.1484375,0,0.09576515853404999,0.4542829692363739,0.4369586110115051,0.012993263080716133,0,0.16665671651477282,taglish,comment,True,majority,3-0,0,0
t1_p599fek,0,0.6742650270462036,0.7275390625,1,0.30164238810539246,0.36456164717674255,0.30534350872039795,0.028452463448047638,1,0.6329837122763627,tagalog,comment,True,adjudicator,2-1,0,1
t1_p599ncq,0,0.46824347972869873,-0.127197265625,0,0.19102241098880768,0.4344823658466339,0.3614443838596344,0.013050857000052929,0,0.4761954394580978,taglish,comment,True,majority,3-0,0,0
t1_p59a2cx,0,0.0222861859947443,-3.78125,0,0.01008883211761713,0.4913705587387085,0.48730963468551636,0.011230964213609695,0,0.05558056380285582,taglish,comment,True,unanimous,3-0,0,0
t1_p59fdwe,0,0.5499125719070435,0.2003173828125,1,0.29263994097709656,0.3596297800540924,0.31732040643692017,0.03040987253189087,1,0.5374468684016634,english,comment,True,adjudicator,2-1,0,1
t1_p59mvvk,0,0.019271137192845345,-3.9296875,0,0.03186758980154991,0.4802371561527252,0.47628459334373474,0.011610671877861023,0,0.050023740307959856,taglish,comment,True,majority,3-0,0,0
t1_p59wsxo,0,0.017045317217707634,-4.0546875,0,0.02445230633020401,0.4825916886329651,0.4825916886329651,0.010364302434027195,0,0.04575656697670378,taglish,comment,True,unanimous,3-0,0,0
t1_p5a1yhi,0,0.05033063143491745,-2.9375,0,0.028227323666214943,0.48776817321777344,0.4676953852176666,0.016309119760990143,0,0.09969316454100016,english,comment,True,majority,3-0,0,0
t1_p5ad4jk,0,0.03514484316110611,-3.3125,0,0.014591563493013382,0.4893589913845062,0.48528099060058594,0.010768446139991283,0,0.07716025545901342,tagalog,comment,True,adjudicator,2-1,0,0
t1_p5ai9q3,0,0.06371499598026276,-2.6875,0,0.06546886265277863,0.46271228790283203,0.45483633875846863,0.01698252558708191,0,0.11780835379772778,english,comment,True,majority,3-0,0,0
t1_p5auq3e,0,0.05582314357161522,-2.828125,0,0.05221996456384659,0.4729355275630951,0.4650532603263855,0.009791242890059948,0,0.10729253630311329,taglish,comment,True,majority,3-0,0,0
t1_p5av7dh,0,0.3816803991794586,-0.482421875,0,0.18284139037132263,0.42264842987060547,0.36935797333717346,0.02515217661857605,0,0.41061875839443446,english,comment,True,adjudicator,2-1,0,1
t1_p5b04tc,1,0.07807817310094833,-2.46875,0,0.07196693122386932,0.46875759959220886,0.44347190856933594,0.01580354943871498,0,0.1359348084431743,taglish,comment,True,adjudicator,2-1,1,0
t1_p5b0c5q,0,0.04177388176321983,-3.1328125,0,0.049431294202804565,0.47021210193634033,0.46627727150917053,0.014079311862587929,0,0.08730790501248989,english,comment,True,majority,3-0,0,0
t1_p5b0oru,0,0.024237634614109993,-3.6953125,0,0.04510371387004852,0.4862518012523651,0.45730826258659363,0.011336227878928185,0,0.05905828086570057,taglish,comment,True,majority,3-0,0,0
t1_p5b1qoc,0,0.01590639352798462,-4.125,0,0.01402159035205841,0.49236878752708435,0.4824419915676117,0.011167638935148716,0,0.0435108819223144,taglish,comment,True,majority,3-0,0,0
t1_p5b1r09,0,0.048496000468730927,-2.9765625,0,0.02304294891655445,0.48338988423347473,0.4792933464050293,0.014273826964199543,0,0.09709720337870163,taglish,comment,True,unanimous,3-0,0,0
t1_p5b339o,0,0.35309353470802307,-0.60546875,0,0.10183726996183395,0.4640420079231262,0.41784778237342834,0.01627296581864357,0,0.38850777534600933,taglish,comment,True,majority,3-0,0,0
t1_p5b5hbz,0,0.06754669547080994,-2.625,0,0.040502529591321945,0.4900306165218353,0.4580286145210266,0.011438215151429176,0,0.1227622988751803,english,comment,True,adjudicator,2-1,0,0
t1_p5bbhvs,0,0.6120777726173401,0.4560546875,1,0.24846448004245758,0.4042183458805084,0.3319040536880493,0.015413141809403896,1,0.5845924819610607,tagalog,comment,True,unanimous,3-0,0,0
t1_p5bdsnu,0,0.23792988061904907,-1.1640625,0,0.16690374910831451,0.4115694761276245,0.39070650935173035,0.030820293352007866,0,0.2948255193726534,english,comment,True,adjudicator,2-1,0,0
t1_p5be6ke,0,0.010489092208445072,-4.546875,0,0.014096644707024097,0.4944290518760681,0.4767005145549774,0.0147737767547369,0,0.032098920378265644,taglish,comment,True,majority,3-0,0,0
t1_p5bg0nu,0,0.8791467547416687,1.984375,1,0.4002741575241089,0.3125428259372711,0.2650217115879059,0.022161297500133514,1,0.8155676362445378,taglish,comment,True,majority,3-0,0,0
t1_p5bi02g,0,0.02080449089407921,-3.8515625,0,0.012695188634097576,0.49155768752098083,0.4834327697753906,0.012314332649111748,0,0.05287944558456361,taglish,comment,True,majority,3-0,0,0
t1_p5bqmrp,0,0.16132023930549622,-1.6484375,0,0.1267119199037552,0.4401572048664093,0.41729187965393066,0.0158389899879694,0,0.22531923910100615,english,comment,True,majority,3-0,0,0
t1_p5bqsqg,0,0.7017130851745605,0.85546875,1,0.31344613432884216,0.36865538358688354,0.29563668370246887,0.02226179838180542,1,0.6549517804207692,tagalog,comment,True,majority,3-0,0,0
t1_p5bsp12,0,0.04885777831077576,-2.96875,0,0.04113047197461128,0.47878825664520264,0.46696633100509644,0.013114956207573414,0,0.09761152248619476,taglish,comment,True,majority,3-0,0,0
t1_p5btd0h,1,0.7181993126869202,0.935546875,1,0.302155077457428,0.36080870032310486,0.32170629501342773,0.015329926274716854,1,0.6683802466463027,english,comment,True,adjudicator,3-0,1,1
t1_p5buc0u,0,0.8879840970039368,2.0703125,1,0.43762874603271484,0.2856488823890686,0.24353398382663727,0.03318837285041809,1,0.8250555085181357,tagalog,comment,True,adjudicator,2-1,0,0
t1_p5bvnyi,0,0.010489092208445072,-4.546875,0,0.009417596273124218,0.5016108751296997,0.4778190851211548,0.011152416467666626,0,0.032098920378265644,taglish,comment,True,majority,3-0,0,0
t1_p5bw2ty,0,0.5482804775238037,0.1937255859375,1,0.25641027092933655,0.3854995667934418,0.343059241771698,0.015030945651233196,1,0.536219001623041,english,comment,True,majority,3-0,0,0
t1_p5bzxqy,0,0.011869121342897415,-4.421875,0,0.013548626564443111,0.49690669775009155,0.4751299321651459,0.01441474910825491,0,0.03513930927505064,english,comment,True,majority,3-0,0,0
t1_p5c1ore,0,0.012624949216842651,-4.359375,0,0.021810930222272873,0.4825824201107025,0.4825824201107025,0.013024241663515568,0,0.036761809350129786,taglish,comment,True,unanimous,3-0,0,0
t1_p5c2j4s,0,0.08694165199995041,-2.3515625,0,0.09769271314144135,0.46779781579971313,0.4208301603794098,0.013679328374564648,0,0.1465798854032424,taglish,comment,True,unanimous,3-0,0,0
t1_p5c2l29,0,0.11879339814186096,-2.00390625,0,0.11011399328708649,0.446276992559433,0.4268736243247986,0.016735386103391647,0,0.18224162999608187,english,comment,True,adjudicator,2-1,0,0
t1_p5c3jae,0,0.2913839519023895,-0.888671875,0,0.18809358775615692,0.4132499396800995,0.3780403137207031,0.020616168156266212,0,0.33944876249029005,english,comment,True,majority,3-0,0,0
t1_p5c3m8u,0,0.02931223064661026,-3.5,0,0.02298128791153431,0.4842396080493927,0.4802210330963135,0.012558081187307835,0,0.06773352815161206,english,comment,True,majority,3-0,0,0
t1_p5c3vgk,0,0.03258974477648735,-3.390625,0,0.03644929453730583,0.47805604338645935,0.47607240080833435,0.00942226592451334,0,0.07309448494742783,taglish,comment,True,majority,3-0,0,0
t1_p5c5hsz,0,0.031143829226493835,-3.4375,0,0.04004504904150963,0.4745338559150696,0.47253158688545227,0.012889500707387924,0,0.07075065641317402,english,comment,True,majority,3-0,0,0
t1_p5c5ngm,0,0.4891984760761261,-0.043212890625,0,0.2741715908050537,0.3613254725933075,0.32864275574684143,0.03586019203066826,0,0.49190743427036016,english,comment,True,majority,3-0,0,0
t1_p5c6kf2,0,0.19682621955871582,-1.40625,0,0.12473220378160477,0.4417995810508728,0.41894787549972534,0.014520352706313133,0,0.2585541151230023,tagalog,comment,True,majority,3-0,0,0
t1_p5c6ylh,0,0.18359361588954926,-1.4921875,0,0.15289059281349182,0.42236024141311646,0.40324893593788147,0.021500239148736,0,0.2464051892401721,english,comment,True,majority,3-0,0,0
t1_p5c7acj,0,0.11201595515012741,-2.0703125,0,0.11887859553098679,0.4331608712673187,0.4196847677230835,0.028275778517127037,0,0.17494449148186433,english,comment,True,unanimous,3-0,0,0
t1_p5c7f23,0,0.008315778337419033,-4.78125,0,0.00983120035380125,0.5005874037742615,0.4768441319465637,0.012737277895212173,0,0.027069886167298093,taglish,comment,True,unanimous,3-0,0,0
t1_p5c7gzl,0,0.25945019721984863,-1.048828125,0,0.1920929253101349,0.4217109680175781,0.3698905408382416,0.01630556210875511,0,0.31308554582866677,taglish,comment,True,majority,3-0,0,0
t1_p5c7omv,1,0.554817259311676,0.22015380859375,1,0.2248648703098297,0.4055255353450775,0.3536336421966553,0.01597597636282444,1,0.5411390395327859,english,comment,True,majority,3-0,1,1
t1_p5c8o4w,0,0.018546564504504204,-3.96875,0,0.029735613614320755,0.4757698178291321,0.4797511696815491,0.014743390493094921,0,0.048651254945635436,english,comment,True,majority,3-0,0,0
t1_p5c8sko,0,0.19314739108085632,-1.4296875,0,0.10825850814580917,0.4451751708984375,0.41886934638023376,0.02769697643816471,0,0.2552024186871206,english,comment,True,unanimous,2-0,0,0
t1_p5c9bva,0,0.2751297354698181,-0.96875,0,0.11428571492433548,0.444843053817749,0.41204357147216797,0.028827674686908722,0,0.3261297030312915,english,comment,True,unanimous,3-0,0,0
t1_p5ca25n,0,0.5610344409942627,0.245361328125,1,0.25236591696739197,0.3738754391670227,0.34583479166030884,0.0279238224029541,1,0.5458243757717876,english,comment,True,majority,3-0,0,0
t1_p5cakcu,0,0.026963496580719948,-3.5859375,0,0.03958925977349281,0.47309166193008423,0.4711122214794159,0.016206853091716766,0,0.06377958579438398,taglish,comment,True,majority,3-0,0,0
t1_p5cc6mt,0,0.05707139894366264,-2.8046875,0,0.03931326046586037,0.4916645884513855,0.45782533288002014,0.01119681540876627,0,0.10898591664033609,english,comment,True,adjudicator,2-1,0,0
t1_p5ccd6g,0,0.6031140089035034,0.41845703125,1,0.2385234236717224,0.39375296235084534,0.350212961435318,0.01751064881682396,1,0.5777365512381745,tagalog,comment,True,adjudicator,2-1,0,0
t1_p5cdkaw,0,0.4294293522834778,-0.2841796875,0,0.24458134174346924,0.3796486556529999,0.3504449129104614,0.025325119495391846,0,0.4469765635598451,taglish,comment,True,majority,3-0,0,0
t1_p5ch1zb,0,0.018264278769493103,-3.984375,0,0.016517462208867073,0.4821586310863495,0.4861934185028076,0.015130500309169292,0,0.0481123262994903,english,comment,True,adjudicator,2-1,0,1
t1_p5cip1a,0,0.018978038802742958,-3.9453125,0,0.0320948027074337,0.47796568274497986,0.4759906232357025,0.013948895037174225,0,0.04947039870275616,tagalog,comment,True,adjudicator,2-1,0,0
t1_p5cj37l,0,0.13477592170238495,-1.859375,0,0.07892700284719467,0.4518958032131195,0.43745163083076477,0.03172555938363075,0,0.19893605075794468,english,comment,True,unanimous,3-0,0,0
t1_p5cjw6t,0,0.20946967601776123,-1.328125,0,0.21727553009986877,0.3970603942871094,0.36809033155441284,0.017573757097125053,0,0.2699316180463497,english,comment,True,majority,3-0,0,0
t1_p5ckbnh,0,0.0844927504658699,-2.3828125,0,0.13398970663547516,0.4399932026863098,0.4128331243991852,0.013183953240513802,0,0.14367546220632632,english,comment,True,adjudicator,2-1,0,0
t1_p5ckeni,0,0.671470582485199,0.71484375,1,0.28198176622390747,0.3805767893791199,0.31747597455978394,0.01996549218893051,1,0.63077144060613,taglish,comment,True,adjudicator,2-1,0,0
t1_p5ckfsi,0,0.08945459872484207,-2.3203125,0,0.035668790340423584,0.4850955307483673,0.46267515420913696,0.01656050980091095,0,0.1495327693672716,english,comment,True,majority,3-0,0,0
t1_p5ckm7l,0,0.4216708540916443,-0.31591796875,0,0.2563627362251282,0.3819281756877899,0.3487928509712219,0.012916235253214836,0,0.44110687699247886,taglish,comment,True,adjudicator,2-1,0,0
t1_p5cl3by,0,0.18010665476322174,-1.515625,0,0.1779056191444397,0.43015986680984497,0.3788239061832428,0.01311058271676302,0,0.24315933304353488,tagalog,comment,True,adjudicator,2-1,0,0
t1_p5cl3xm,0,0.5827285051345825,0.333984375,1,0.17525100708007812,0.4276959300041199,0.37971052527427673,0.017342548817396164,1,0.5622270995764361,taglish,comment,True,adjudicator,2-1,0,0
t1_p5cl6hj,0,0.8484706878662109,1.72265625,1,0.3881206214427948,0.3083201050758362,0.27023351192474365,0.03332577645778656,1,0.784237564767207,taglish,comment,True,adjudicator,2-1,0,1
t1_p5clmlh,0,0.08570928126573563,-2.3671875,0,0.05026256665587425,0.47411853075027466,0.4661165177822113,0.00950237549841404,0,0.14512164133272337,taglish,comment,True,majority,3-0,0,0
t1_p5cm593,0,0.28616926074028015,-0.9140625,0,0.09456142783164978,0.46298927068710327,0.42785170674324036,0.014597597531974316,0,0.3351968175498941,taglish,comment,True,unanimous,3-0,0,0
t1_p5cm6yc,0,0.21272224187850952,-1.30859375,0,0.09260863810777664,0.4714621901512146,0.42193883657455444,0.013990342617034912,0,0.2728247939991277,taglish,comment,True,unanimous,3-0,0,0
t1_p5cmehd,0,0.019271137192845345,-3.9296875,0,0.01343509554862976,0.48845717310905457,0.4864387512207031,0.011668979190289974,0,0.050023740307959856,taglish,comment,True,unanimous,3-0,0,0
t1_p5cmoo9,0,0.5320756435394287,0.12847900390625,1,0.17885375022888184,0.44466403126716614,0.36166009306907654,0.014822134748101234,1,0.524044065626394,tagalog,comment,True,unanimous,3-0,0,0
t1_p5cmvvb,0,0.7969253659248352,1.3671875,1,0.37688112258911133,0.32279172539711,0.2791711986064911,0.02115594409406185,1,0.7357963847094829,tagalog,comment,True,adjudicator,2-1,0,0
t1_p5cmw8l,0,0.42913028597831726,-0.285400390625,0,0.1574329435825348,0.4392078220844269,0.3870644271373749,0.01629481092095375,0,0.44675052210606864,tagalog,comment,True,adjudicator,2-1,0,1
t1_p5cn2vp,1,0.5589289665222168,0.23681640625,1,0.2578887641429901,0.3850170373916626,0.33779796957969666,0.019296254962682724,1,0.5442369931830554,taglish,comment,True,majority,3-0,1,1
t1_p5cn5ng,1,0.8879840970039368,2.0703125,1,0.4267148971557617,0.3055712580680847,0.2422872632741928,0.025426601991057396,1,0.8250555085181357,taglish,comment,True,majority,3-0,1,1
t1_p5cnoit,0,0.896251380443573,2.15625,1,0.4249233901500702,0.3068891167640686,0.24514810740947723,0.023039381951093674,1,0.8341545432080865,tagalog,comment,True,adjudicator,2-1,0,1
t1_p5cnwp2,1,0.6306849718093872,0.53515625,1,0.2861504852771759,0.411777526140213,0.2861504852771759,0.01592148281633854,1,0.598907286248955,tagalog,comment,True,adjudicator,3-0,1,1
t1_p5cpmxp,0,0.012821215204894543,-4.34375,0,0.017339607700705528,0.49739906191825867,0.4736190140247345,0.01164230890572071,0,0.037178561446541046,taglish,comment,True,majority,3-0,0,0
t1_p5cpwni,1,0.45341306924819946,-0.1868896484375,0,0.2196667492389679,0.40741610527038574,0.3567237854003906,0.016193382441997528,0,0.4650548055260479,taglish,comment,True,majority,3-0,1,1
t1_p5cq96q,1,0.8529354929924011,1.7578125,1,0.4009934663772583,0.30887332558631897,0.25287875533103943,0.0372544601559639,1,0.7886607271288552,taglish,comment,True,majority,3-0,1,1
t1_p5cqhnt,0,0.16132023930549622,-1.6484375,0,0.08491428941488266,0.46458855271339417,0.4392118453979492,0.01128530502319336,0,0.22531923910100615,english,comment,True,adjudicator,2-1,0,1
t1_p5cqowe,0,0.020177319645881653,-3.8828125,0,0.027235418558120728,0.4835219383239746,0.47755253314971924,0.011690088547766209,0,0.05171914367653667,tagalog,comment,True,majority,3-0,0,0
t1_p5cr76w,0,0.022457052022218704,-3.7734375,0,0.015444993041455746,0.4861374795436859,0.4861374795436859,0.012280035763978958,0,0.05588858357384836,taglish,comment,True,majority,3-0,0,0
t1_p5crdbp,0,0.2833845913410187,-0.927734375,0,0.1304684281349182,0.45711565017700195,0.3999761939048767,0.012439736165106297,0,0.3329182828717883,english,comment,True,unanimous,3-0,0,0
t1_p5cseyk,1,0.8824278712272644,2.015625,1,0.41405466198921204,0.31232571601867676,0.2516452968120575,0.021974343806505203,1,0.8190630742952435,taglish,comment,True,unanimous,3-0,1,1
t1_p5csk7w,0,0.5127536058425903,0.051025390625,1,0.2256622016429901,0.3999541401863098,0.361426442861557,0.012957229278981686,1,0.509555299483051,tagalog,comment,True,adjudicator,2-1,0,1
t1_p5ct483,0,0.17441026866436005,-1.5546875,0,0.06727828830480576,0.47298675775527954,0.4444444477558136,0.015290520153939724,0,0.237814384824974,taglish,comment,True,majority,3-0,0,0
t1_p5ctfwv,0,0.008985428139567375,-4.703125,0,0.012500769458711147,0.4965822994709015,0.4749060869216919,0.016010837629437447,0,0.028654750206493915,taglish,comment,True,majority,3-0,0,0
t1_p5cu7wt,0,0.6422080993652344,0.5849609375,1,0.3096887767314911,0.3624766170978546,0.3061695694923401,0.021665016189217567,1,0.6078361351765927,english,comment,True,majority,3-0,0,0
t1_p5cuakc,0,0.07263670861721039,-2.546875,0,0.041729893535375595,0.47546789050102234,0.47142133116722107,0.011380880139768124,0,0.12920566145368317,tagalog,comment,True,adjudicator,2-1,0,0
t1_p5cuoq5,0,0.08756383508443832,-2.34375,0,0.09681284427642822,0.4505152106285095,0.43709561228752136,0.015576324425637722,0,0.14731354759215073,english,comment,True,adjudicator,2-1,0,0
t1_p5cuuzs,0,0.8019358515739441,1.3984375,1,0.3914932608604431,0.3128287196159363,0.2670935392379761,0.028584495186805725,1,0.7403223031073709,tagalog,comment,True,adjudicator,2-1,0,0
t1_p5cweq7,0,0.012241275049746037,-4.390625,0,0.023675240576267242,0.4799504280090332,0.48193368315696716,0.014440656639635563,0,0.03594174622161488,taglish,comment,True,majority,3-0,0,0
t1_p5cwz72,0,0.8824278712272644,2.015625,1,0.4092863202095032,0.3233017921447754,0.23903697729110718,0.028374891728162766,1,0.8190630742952435,taglish,comment,True,majority,3-0,0,0
t1_p5cz1pl,1,0.08151976019144058,-2.421875,0,0.03214607015252113,0.47936221957206726,0.4752475321292877,0.013244181871414185,0,0.14011246017918338,taglish,comment,True,majority,3-0,1,1
t1_p5czbys,1,0.6736212372779846,0.724609375,1,0.31790250539779663,0.37361738085746765,0.2900450527667999,0.018435068428516388,1,0.6324736812355244,english,comment,True,unanimous,3-0,1,1
t1_p5czlrx,0,0.03963883966207504,-3.1875,0,0.026343584060668945,0.4950605630874634,0.4672258496284485,0.01136999111622572,0,0.08409797556716471,tagalog,comment,True,majority,3-0,0,0
t1_p5d00ch,0,0.01784873940050602,-4.0078125,0,0.011612411588430405,0.4873405694961548,0.4873405694961548,0.013706453144550323,0,0.04731455050714704,taglish,comment,True,unanimous,3-0,0,0
t1_p5d09u9,0,0.06278920918703079,-2.703125,0,0.057877812534570694,0.47093743085861206,0.4610437750816345,0.010140984319150448,0,0.11659723607474917,taglish,comment,True,unanimous,3-0,0,0
t1_p5d0oid,1,0.06325051933526993,-2.6953125,0,0.031084105372428894,0.478925496339798,0.47483211755752563,0.015158298425376415,0,0.11720143822854746,tagalog,comment,True,majority,3-0,1,1
t1_p5d20od,0,0.02843603305518627,-3.53125,0,0.07137370854616165,0.47456425428390503,0.44242244958877563,0.01163958664983511,0,0.06627009767480319,tagalog,comment,True,adjudicator,3-0,0,1
t1_p5d2mg5,0,0.6234915256500244,0.50439453125,1,0.29078543186187744,0.39791688323020935,0.28738442063331604,0.023913275450468063,1,0.5933590164215039,english,comment,True,unanimous,3-0,0,0
t1_p5d33sl,0,0.8661325573921204,1.8671875,1,0.39407068490982056,0.3137970268726349,0.25906500220298767,0.03306727483868599,1,0.8019950050848513,english,comment,True,unanimous,3-0,0,0
t1_p5d361k,0,0.01384861022233963,-4.265625,0,0.014869888313114643,0.4996282458305359,0.4738537669181824,0.011648079380393028,0,0.03933133410143569,taglish,comment,True,majority,3-0,0,0
t1_p5d40vk,0,0.04672495648264885,-3.015625,0,0.09900293499231339,0.4466862082481384,0.4429325461387634,0.011378299444913864,0,0.09456173981316968,tagalog,comment,True,adjudicator,2-1,0,0
t1_p5d50ke,0,0.28140562772750854,-0.9375,0,0.24858874082565308,0.38282665610313416,0.35631051659584045,0.012274068780243397,0,0.3312955199093065,tagalog,comment,True,adjudicator,2-1,0,0
t1_p5d7uvb,0,0.02779562398791313,-3.5546875,0,0.026589740067720413,0.481625497341156,0.47961869835853577,0.012166060507297516,0,0.06519185860999926,taglish,comment,True,unanimous,3-0,0,0
t1_p5d8oez,0,0.7853085398674011,1.296875,1,0.36994218826293945,0.3600330352783203,0.24772915244102478,0.022295624017715454,1,0.7254300299216866,tagalog,comment,True,majority,3-0,0,0
t1_p5d8pfa,0,0.021948251873254776,-3.796875,0,0.04763909801840782,0.4831278324127197,0.45810526609420776,0.011127819307148457,0,0.05496931168343075,taglish,comment,True,majority,3-0,0,0
t1_p5d93yl,0,0.0446808747947216,-3.0625,0,0.042932916432619095,0.47525739669799805,0.4672698974609375,0.014539781957864761,0,0.09159757256690927,english,comment,True,majority,3-0,0,0
t1_p5dbgir,0,0.8856314420700073,2.046875,1,0.42219215631484985,0.3121335208415985,0.24176815152168274,0.023906178772449493,1,0.8225066828042191,tagalog,comment,True,adjudicator,2-1,0,0
t1_p5dbobp,0,0.014615669846534729,-4.2109375,0,0.014816643670201302,0.495863676071167,0.47018149495124817,0.019138164818286896,0,0.040908887978358,taglish,comment,True,majority,3-0,0,0
t1_p5dc0hl,0,0.03649376332759857,-3.2734375,0,0.023910431191325188,0.48579922318458557,0.47972673177719116,0.010563602671027184,0,0.07926998546374149,taglish,comment,True,majority,3-0,0,0
t1_p5dc63m,0,0.6240644454956055,0.5068359375,1,0.26555225253105164,0.37826865911483765,0.3362388014793396,0.019940298050642014,1,0.5938002467015262,taglish,comment,True,majority,3-0,0,0
t1_p5dcpdj,0,0.6473524570465088,0.607421875,1,0.3007650375366211,0.36896175146102905,0.3130054771900177,0.017267759889364243,1,0.6118397773071809,taglish,comment,True,adjudicator,2-1,0,0
t1_p5de6ja,1,0.030675798654556274,-3.453125,0,0.0294879712164402,0.49154841899871826,0.4678593575954437,0.011104256846010685,0,0.06998493291195615,taglish,comment,True,unanimous,3-0,1,1
t1_p5demxp,1,0.8056321740150452,1.421875,1,0.3701188564300537,0.342954158782959,0.2699490785598755,0.016977928578853607,1,0.7436835296124888,taglish,comment,True,majority,3-0,1,1
t1_p5depxp,0,0.18535661697387695,-1.48046875,0,0.1503092497587204,0.44812697172164917,0.3753063380718231,0.026257440447807312,0,0.24803901238971568,taglish,comment,True,majority,3-0,0,0
t1_p5dfs1x,0,0.847967803478241,1.71875,1,0.389218807220459,0.32343536615371704,0.2667884826660156,0.020557332783937454,1,0.7837419828780307,tagalog,comment,True,adjudicator,2-1,0,0
t1_p5dfsas,0,0.9099069833755493,2.3125,1,0.4468846917152405,0.28455477952957153,0.232036292552948,0.03652422875165939,1,0.8497213912280694,taglish,comment,True,unanimous,3-0,0,0
t1_p5dhipi,0,0.45922771096229553,-0.1634521484375,0,0.2241494357585907,0.4056037366390228,0.3540138006210327,0.016233043745160103,0,0.46942550492375396,english,comment,True,adjudicator,2-1,0,0
t1_p5dhwz3,0,0.06278920918703079,-2.703125,0,0.042843952775001526,0.4904893934726715,0.4570021629333496,0.009664512239396572,0,0.11659723607474917,tagalog,comment,True,majority,3-0,0,0
t1_p5djfgh,1,0.4941408932209015,-0.0234375,0,0.19461168348789215,0.4223073720932007,0.36976221203804016,0.013318737037479877,1,0.49561054125523357,taglish,comment,True,adjudicator,2-1,1,0
t1_p5dkrfg,0,0.20946967601776123,-1.328125,0,0.21768707036972046,0.39045459032058716,0.37145015597343445,0.020408162847161293,0,0.2699316180463497,english,comment,True,adjudicator,2-1,0,1
t1_p5dkuua,0,0.808672308921814,1.44140625,1,0.3749428391456604,0.33104708790779114,0.2633744776248932,0.030635572969913483,1,0.746462680230454,english,comment,True,adjudicator,2-1,0,1
t1_p5dlg00,0,0.014615669846534729,-4.2109375,0,0.02449791692197323,0.4775228500366211,0.4834918975830078,0.01448734663426876,0,0.040908887978358,taglish,comment,True,unanimous,3-0,0,0
t1_p5dlmov,0,0.43884530663490295,-0.245849609375,0,0.22903884947299957,0.39627358317375183,0.3526471257209778,0.02204044535756111,0,0.4540849444714011,english,comment,True,adjudicator,2-1,0,0
t1_p5dloov,0,0.04742587357759476,-3.0,0,0.046749092638492584,0.4842221736907959,0.4546964466571808,0.014332287944853306,0,0.09556873219539853,english,comment,True,majority,3-0,0,0
t1_p5dlyeh,0,0.40450742840766907,-0.38671875,0,0.20389249920845032,0.4300278127193451,0.3503243625164032,0.01575532928109169,0,0.4280744442637987,taglish,comment,True,unanimous,3-0,0,0
t1_p5dm7pj,1,0.793105959892273,1.34375,1,0.37404340505599976,0.3237236738204956,0.2767585813999176,0.025474367663264275,1,0.7323689506182247,english,comment,True,majority,3-0,1,1
t1_p5dmblv,1,0.8902942538261414,2.09375,1,0.41502684354782104,0.3148479461669922,0.23434704542160034,0.03577817603945732,1,0.8275754056572199,taglish,comment,True,majority,3-0,1,1
t1_p5dmlgf,0,0.05665242671966553,-2.8125,0,0.06844710558652878,0.4634847044944763,0.45566216111183167,0.012406038120388985,0,0.10841886602556666,english,comment,True,unanimous,3-0,0,0
t1_p5dnuvy,0,0.014503578655421734,-4.21875,0,0.014352867379784584,0.485365092754364,0.48737072944641113,0.012911313213407993,0,0.04067986882402621,taglish,comment,True,unanimous,3-0,0,0
t1_p5dnz4u,0,0.14175598323345184,-1.80078125,0,0.1733650267124176,0.4157222509384155,0.40157002210617065,0.009342694655060768,0,0.20602382363689895,english,comment,True,adjudicator,2-1,0,0
t1_p5dsa7b,0,0.45865172147750854,-0.165771484375,0,0.1546798050403595,0.4413793087005615,0.3842364549636841,0.019704433158040047,0,0.46899276759118524,tagalog,comment,True,adjudicator,2-1,0,1
t1_p5dsrck,1,0.7435405850410461,1.064453125,1,0.3308270573616028,0.3555948734283447,0.29367536306381226,0.019902698695659637,1,0.6894263545853955,tagalog,comment,True,majority,3-0,1,1
t1_p5dtcat,0,0.01784873940050602,-4.0078125,0,0.02120097354054451,0.4828833341598511,0.4848787188529968,0.011036977171897888,0,0.04731455050714704,taglish,comment,True,unanimous,3-0,0,0
t1_p5dtsdj,0,0.749454140663147,1.095703125,1,0.3316062092781067,0.35863932967185974,0.2847488224506378,0.025005631148815155,1,0.6944167148070198,taglish,comment,True,adjudicator,2-1,0,0
t1_p5du4ih,1,0.5804115533828735,0.324462890625,1,0.31435444951057434,0.368885338306427,0.2902967035770416,0.02646351233124733,1,0.5604706846730787,english,comment,True,majority,3-0,1,1
t1_p5dwkcb,1,0.6787529587745667,0.748046875,1,0.3265647888183594,0.35168516635894775,0.3081431984901428,0.013606865890324116,1,0.6365455417362735,taglish,comment,True,unanimous,3-0,1,1
t1_p5dxl1i,0,0.1555909961462021,-1.69140625,0,0.07568169385194778,0.4808013439178467,0.4313361644744873,0.012180794961750507,0,0.21975014873490975,tagalog,comment,True,adjudicator,2-1,0,0
t1_p5dzg7h,0,0.1650540828704834,-1.62109375,0,0.1742415875196457,0.42849206924438477,0.38048672676086426,0.016779642552137375,0,0.22891495399298928,english,comment,True,adjudicator,2-1,0,1
t1_p5e0sq3,1,0.10087861120700836,-2.1875,0,0.07270065695047379,0.4742620289325714,0.4371798038482666,0.015857527032494545,0,0.16263204007646292,taglish,comment,True,majority,3-0,1,1
t1_p5e7f1a,0,0.053009770810604095,-2.8828125,0,0.0329572819173336,0.48269742727279663,0.4745848774909973,0.009760426357388496,0,0.10343112494069132,taglish,comment,True,unanimous,3-0,0,0
t1_p5e96xb,0,0.06560484319925308,-2.65625,0,0.03222314268350601,0.48500287532806396,0.4727759063243866,0.009998089633882046,0,0.12026330697210863,taglish,comment,True,majority,3-0,0,0
t1_p5efbw8,0,0.014281933195888996,-4.234375,0,0.02368111163377762,0.4820531904697418,0.48006942868232727,0.014196268282830715,0,0.04022550864147266,english,comment,True,majority,3-0,0,0
t1_p5ei18d,0,0.09877258539199829,-2.2109375,0,0.14471812546253204,0.42596280574798584,0.41686102747917175,0.012458046898245811,0,0.16025504392050968,tagalog,comment,True,adjudicator,2-1,0,0
t1_p5ej66o,0,0.024237634614109993,-3.6953125,0,0.034137289971113205,0.4789115786552429,0.4769325852394104,0.010018552653491497,0,0.05905828086570057,taglish,comment,True,adjudicator,2-1,0,0
t1_p5eljbe,0,0.012624949216842651,-4.359375,0,0.020560747012495995,0.48249220848083496,0.4844859838485718,0.012461058795452118,0,0.036761809350129786,taglish,comment,True,unanimous,3-0,0,0
t1_p5eq1rz,0,0.02822098508477211,-3.5390625,0,0.016188420355319977,0.4895886182785034,0.4834941625595093,0.010728796012699604,0,0.06590885633914588,taglish,comment,True,majority,3-0,0,0
t1_p5eq471,0,0.7599387168884277,1.15234375,1,0.35055309534072876,0.3849210739135742,0.24401246011257172,0.020513370633125305,1,0.7033459848120521,tagalog,comment,True,adjudicator,2-1,0,0
t1_p5er79z,0,0.058345843106508255,-2.78125,0,0.040378864854574203,0.4945164620876312,0.44666001200675964,0.018444666638970375,0,0.11070270904364289,taglish,comment,True,unanimous,3-0,0,0
t1_p5ergfp,0,0.23022674024105072,-1.20703125,0,0.16200852394104004,0.4187588691711426,0.3884415030479431,0.03079109452664852,0,0.288177549416649,english,comment,True,adjudicator,2-1,0,1
t1_p5etm2t,0,0.017712298780679703,-4.015625,0,0.026673251762986183,0.48802173137664795,0.47419115900993347,0.011113855056464672,0,0.04705142996486635,taglish,comment,True,majority,3-0,0,0
t1_p5etwso,0,0.017176708206534386,-4.046875,0,0.023506000638008118,0.4835520088672638,0.481562077999115,0.011379889212548733,0,0.046012796033967227,taglish,comment,True,majority,3-0,0,0
t1_p5evp5a,1,0.8407825827598572,1.6640625,1,0.3754512667655945,0.33212995529174805,0.2743682265281677,0.018050542101264,1,0.7767173941282642,taglish,comment,True,majority,3-0,1,1
t1_p5evs12,0,0.19314739108085632,-1.4296875,0,0.09662557393312454,0.45623210072517395,0.434317022562027,0.012825301848351955,0,0.2552024186871206,tagalog,comment,True,adjudicator,2-1,0,1
t1_p5ez20f,0,0.1250653862953186,-1.9453125,0,0.10440376400947571,0.44136565923690796,0.42553192377090454,0.028698664158582687,0,0.18887484827032464,english,comment,True,adjudicator,2-1,0,0
t1_p5ez526,0,0.028870904818177223,-3.515625,0,0.026435619220137596,0.48165950179100037,0.47963571548461914,0.012269162572920322,0,0.06699810424655157,taglish,comment,True,unanimous,3-0,0,0
t1_p5ezlzq,0,0.016914913430809975,-4.0625,0,0.02567778155207634,0.4826425611972809,0.4806481897830963,0.011031473986804485,0,0.045501696713335225,taglish,comment,True,unanimous,3-0,0,0
t1_p5f4dar,0,0.08756383508443832,-2.34375,0,0.0776795744895935,0.4521349370479584,0.444167822599411,0.026017677038908005,0,0.14731354759215073,english,comment,True,unanimous,3-0,0,0
t1_p5f50xn,0,0.06608537584543228,-2.6484375,0,0.049438200891017914,0.47141075134277344,0.4674157202243805,0.011735331267118454,0,0.12088390696827844,taglish,comment,True,unanimous,3-0,0,0
t1_p5f5e8r,0,0.13072869181632996,-1.89453125,0,0.07810250669717789,0.46260717511177063,0.44658613204956055,0.012704174034297466,0,0.1947721621369385,tagalog,comment,True,adjudicator,2-1,0,0
t1_p5f7dns,0,0.7617157697677612,1.162109375,1,0.3291657269001007,0.3582632541656494,0.29461240768432617,0.0179586261510849,1,0.7048701870015031,tagalog,comment,True,adjudicator,2-1,0,0
t1_p5f8utp,0,0.04054073989391327,-3.1640625,0,0.04641244187951088,0.4656296968460083,0.4656296968460083,0.022328147664666176,0,0.085460325029733,english,comment,True,majority,3-0,0,0
t1_p5f9534,0,0.04958902671933174,-2.953125,0,0.056313350796699524,0.4625203311443329,0.45651358366012573,0.024652734398841858,0,0.09864745374865584,english,comment,True,unanimous,3-0,0,0
t1_p5f98ex,0,0.037326887249946594,-3.25,0,0.03983567655086517,0.4800199270248413,0.4700610041618347,0.01008340623229742,0,0.08056100296841062,taglish,comment,True,unanimous,3-0,0,0
t1_p5f9wh2,0,0.04501553252339363,-3.0546875,0,0.05707405135035515,0.4835641086101532,0.4488862156867981,0.01047561690211296,0,0.09208573145653194,taglish,comment,True,majority,3-0,0,0
t1_p5faek8,0,0.07751766592264175,-2.4765625,0,0.07515451312065125,0.45686033368110657,0.4469715654850006,0.021013597026467323,0,0.13524882692727336,english,comment,True,majority,3-0,0,0
t1_p5fb6ya,0,0.804405927658081,1.4140625,1,0.393751323223114,0.3064412474632263,0.2670661211013794,0.032741278409957886,1,0.7425662956130832,english,comment,True,adjudicator,2-1,0,0
t1_p5fbzvy,0,0.12549343705177307,-1.94140625,0,0.10029353946447372,0.4305283725261688,0.4363992214202881,0.032778866589069366,0,0.1893235814151062,tagalog,comment,True,majority,3-0,0,0
t1_p5fciax,0,0.03934250399470329,-3.1953125,0,0.07153929024934769,0.47311314940452576,0.4311434328556061,0.024204125627875328,0,0.08364825958213414,taglish,comment,True,majority,3-0,0,0
t1_p5feovv,0,0.7405498027801514,1.048828125,1,0.3521210849285126,0.3616809546947479,0.26926907896995544,0.0169288981705904,1,0.6869144541713332,tagalog,comment,True,adjudicator,2-1,0,0
t1_p5fexch,0,0.0753123015165329,-2.5078125,0,0.1647123545408249,0.4157445728778839,0.40869805216789246,0.010845031589269638,0,0.13253405674532912,tagalog,comment,True,adjudicator,2-1,0,1
t1_p5fgvsq,1,0.2735743820667267,-0.9765625,0,0.24289992451667786,0.4015284478664398,0.3420427441596985,0.013528864830732346,0,0.32484475792946443,taglish,comment,True,majority,3-0,1,1
t1_p5fjklt,1,0.01956867426633835,-3.9140625,0,0.028592832386493683,0.47746285796165466,0.4814583659172058,0.01248595304787159,0,0.05058294184229423,taglish,comment,True,majority,3-0,1,1
t1_p5fl88v,0,0.6951311230659485,0.82421875,1,0.3474891781806946,0.3474891781806946,0.29202142357826233,0.013000254519283772,1,0.6496421001345135,tagalog,comment,True,unanimous,3-0,0,0
t1_p5fngij,0,0.043365802615880966,-3.09375,0,0.12167300283908844,0.44732722640037537,0.42048758268356323,0.01051218993961811,0,0.08966813451301332,tagalog,comment,True,majority,3-0,0,0
t1_p5fp0is,0,0.06656918674707413,-2.640625,0,0.06727364659309387,0.449165403842926,0.449165403842926,0.034395549446344376,0,0.12150726715028945,english,comment,True,adjudicator,2-1,0,0
t1_p5fpvqy,0,0.05749328061938286,-2.796875,0,0.05090455338358879,0.47111666202545166,0.4671241343021393,0.010854647494852543,0,0.10955556860560209,taglish,comment,True,unanimous,3-0,0,0
t1_p5fu46f,0,0.04958902671933174,-2.953125,0,0.05639097839593887,0.46315789222717285,0.4571428596973419,0.023308271542191505,0,0.09864745374865584,english,comment,True,majority,3-0,0,0
t1_p5fv6sf,1,0.07640768587589264,-2.4921875,0,0.1583983153104782,0.41767600178718567,0.4141363799571991,0.009789281524717808,0,0.13388562474662985,english,comment,True,adjudicator,2-1,1,1
t1_p5fzzes,0,0.018124721944332123,-3.9921875,0,0.02263154648244381,0.48079460859298706,0.48079460859298706,0.015779215842485428,0,0.04784499205956626,taglish,comment,True,adjudicator,2-1,0,1
t1_p5g0w8c,1,0.4846545159816742,-0.0614013671875,0,0.1891414225101471,0.4231308400630951,0.37438303232192993,0.013344707898795605,0,0.4885022644055756,english,comment,True,adjudicator,2-1,1,1
t1_p5g20k7,0,0.014063626527786255,-4.25,0,0.022469105198979378,0.48333540558815,0.48133817315101624,0.012857320718467236,0,0.03977601286698117,taglish,comment,True,majority,3-0,0,0
t1_p5g9bus,0,0.2762998044490814,-0.962890625,0,0.24357911944389343,0.39933720231056213,0.34465616941452026,0.012427506037056446,0,0.32709513057909506,english,comment,True,adjudicator,2-1,0,1
t1_p5gpret,1,0.7648915648460388,1.1796875,1,0.35344913601875305,0.36951500177383423,0.26026710867881775,0.01676875166594982,1,0.7076022408427353,taglish,comment,True,unanimous,3-0,1,1
t1_p5gu672,1,0.03514484316110611,-3.3125,0,0.060724303126335144,0.468235582113266,0.46043166518211365,0.010608462616801262,0,0.07716025545901342,taglish,comment,True,majority,3-0,1,1
t1_p5gv2tw,0,0.1980641782283783,-1.3984375,0,0.1914379745721817,0.41097694635391235,0.38814491033554077,0.009440175257623196,0,0.2596776968926291,taglish,comment,True,unanimous,3-0,0,0
t1_p5h9wbt,1,0.8820220232009888,2.01171875,1,0.4269099235534668,0.2882554233074188,0.24994298815727234,0.034891676157712936,1,0.8186289832730302,english,comment,True,adjudicator,2-1,1,1
t1_p5hhth3,0,0.8745065331459045,1.94140625,1,0.41191935539245605,0.3225241005420685,0.24364592134952545,0.02191060408949852,1,0.8106764185848938,tagalog,comment,True,adjudicator,2-1,0,1
t1_p5i1uq3,0,0.9196425676345825,2.4375,1,0.433696985244751,0.3077269196510315,0.23214486241340637,0.02643122337758541,1,0.861291900432485,english,comment,True,adjudicator,2-1,0,1
t1_p5i2fit,1,0.10017221421003342,-2.1953125,0,0.05870915204286575,0.469673216342926,0.45963746309280396,0.011980179697275162,0,0.16183656716739067,tagalog,comment,True,majority,3-0,1,1
t1_p5i2g2g,0,0.07477004826068878,-2.515625,0,0.05268770083785057,0.4716803729534149,0.46365174651145935,0.011980179697275162,0,0.13186261780731934,english,comment,True,majority,3-0,0,0
t1_p5i3caa,0,0.018978038802742958,-3.9453125,0,0.02770325168967247,0.47719472646713257,0.48118799924850464,0.013914019800722599,0,0.04947039870275616,taglish,comment,True,unanimous,3-0,0,0
t1_p5i4hvt,0,0.01956867426633835,-3.9140625,0,0.030205097049474716,0.4753262996673584,0.47930392622947693,0.015164698474109173,0,0.05058294184229423,taglish,comment,True,unanimous,3-0,0,0
t1_p5i6aid,0,0.053799647837877274,-2.8671875,0,0.049078211188316345,0.47115081548690796,0.4651104211807251,0.014660542830824852,0,0.10452166467593718,taglish,comment,True,unanimous,3-0,0,0
t1_p5i6d5s,1,0.012053778395056725,-4.40625,0,0.017285652458667755,0.4829961657524109,0.48700445890426636,0.012713721953332424,0,0.03553834644186387,taglish,comment,True,adjudicator,2-1,1,1
t1_p5i6jtj,0,0.014728614129126072,-4.203125,0,0.022790959104895592,0.4822218120098114,0.4802291691303253,0.014758079312741756,0,0.04113914117147127,taglish,comment,True,majority,3-0,0,0
t1_p5i6y0k,0,0.5545910596847534,0.21923828125,1,0.25557947158813477,0.3788376450538635,0.34802311658859253,0.017559759318828583,1,0.5409687278780906,taglish,comment,True,adjudicator,2-1,0,0
t1_p5i6zrd,0,0.10447732359170914,-2.1484375,0,0.07428786903619766,0.4597816467285156,0.4517505466938019,0.014179946854710579,0,0.16665671651477282,tagalog,comment,True,adjudicator,2-1,0,0
t1_p5i91xr,1,0.04177388176321983,-3.1328125,0,0.039781201630830765,0.47936350107192993,0.4714072644710541,0.00944803562015295,0,0.08730790501248989,taglish,comment,True,unanimous,3-0,1,1
t1_p5ia6ze,0,0.7581526637077332,1.142578125,1,0.37377670407295227,0.3283173739910126,0.2727559804916382,0.025149952620267868,1,0.7018172408677941,english,comment,True,adjudicator,2-1,0,0
t1_p5iaxyo,0,0.8701565861701965,1.90234375,1,0.3996598720550537,0.3163265287876129,0.2670068144798279,0.017006803303956985,1,0.8061441219646597,english,comment,True,adjudicator,2-1,0,1
t1_p5ibfw2,0,0.048496000468730927,-2.9765625,0,0.024606797844171524,0.48300355672836304,0.48097413778305054,0.01141552533954382,0,0.09709720337870163,taglish,comment,True,majority,3-0,0,0
t1_p5id8nt,0,0.4195290803909302,-0.32470703125,0,0.25542572140693665,0.3823038339614868,0.3455759584903717,0.01669449172914028,0,0.4394842599288539,tagalog,comment,True,majority,3-0,0,0
t1_p5idg4g,0,0.01342825498431921,-4.296875,0,0.0214838869869709,0.48163875937461853,0.48163875937461853,0.015238570980727673,0,0.03845623978795531,taglish,comment,True,unanimous,3-0,0,0
t1_p5ie02z,0,0.3094409108161926,-0.802734375,0,0.273767352104187,0.3806823790073395,0.32560494542121887,0.019945327192544937,0,0.3540300252277067,tagalog,comment,True,adjudicator,2-1,0,1
t1_p5ie04u,0,0.048496000468730927,-2.9765625,0,0.034638553857803345,0.48393574357032776,0.4658634662628174,0.015562249347567558,0,0.09709720337870163,tagalog,comment,True,adjudicator,3-0,0,0
t1_p5ih4jw,1,0.26817408204078674,-1.00390625,0,0.12953875958919525,0.44357213377952576,0.41216880083084106,0.014720314182341099,0,0.3203682657886672,taglish,comment,True,majority,3-0,1,1
t1_p5ih7nx,0,0.2613309323787689,-1.0390625,0,0.07607056200504303,0.46796512603759766,0.44068464636802673,0.015279690735042095,0,0.3146610838835476,tagalog,comment,True,adjudicator,2-1,0,0
t1_p5ihcoy,0,0.03138043358922005,-3.4296875,0,0.03547339513897896,0.4756432771682739,0.47364476323127747,0.015238570980727673,0,0.07113641429428318,english,comment,True,adjudicator,2-1,0,1
t1_p5ihpji,0,0.06371499598026276,-2.6875,0,0.02490871213376522,0.4778299331665039,0.4799165427684784,0.01734481006860733,0,0.11780835379772778,tagalog,comment,True,adjudicator,2-1,0,1
t1_p5iikoh,0,0.9053223133087158,2.2578125,1,0.44126275181770325,0.3023119270801544,0.2300199568271637,0.026405351236462593,1,0.8444145204245908,tagalog,comment,True,adjudicator,2-1,0,1
t1_p5iixis,0,0.35242462158203125,-0.6083984375,0,0.22513088583946228,0.41361257433891296,0.3438045382499695,0.01745200715959072,0,0.3879864889953746,taglish,comment,True,adjudicator,2-1,0,1
t1_p5iiyxz,0,0.18772760033607483,-1.46484375,0,0.1519249528646469,0.42723140120506287,0.41065776348114014,0.010185877792537212,0,0.2502287090872627,tagalog,comment,True,majority,3-0,0,0
t1_p5ijgbc,1,0.8227594494819641,1.53515625,1,0.38912227749824524,0.3183727562427521,0.2653106451034546,0.027194339781999588,1,0.7595232891244106,tagalog,comment,True,majority,3-0,1,1
t1_p5ijuh1,0,0.20946967601776123,-1.328125,0,0.190252885222435,0.4090883731842041,0.3876514136791229,0.013007313013076782,0,0.2699316180463497,tagalog,comment,True,adjudicator,2-1,0,1
t1_p5ik2mt,0,0.7690802216529846,1.203125,1,0.34543338418006897,0.35559317469596863,0.2827812433242798,0.01619219034910202,1,0.7112217864836458,tagalog,comment,True,adjudicator,3-0,0,0
t1_p5ilagy,0,0.16398024559020996,-1.62890625,0,0.10527622699737549,0.44494104385375977,0.4310366213321686,0.01874612085521221,0,0.22788350544543756,taglish,comment,True,unanimous,3-0,0,0
t1_p5ilowd,0,0.32338008284568787,-0.73828125,0,0.19509896636009216,0.403393030166626,0.38454288244247437,0.016965126618742943,0,0.3651487277163499,english,comment,True,unanimous,3-0,0,0
t1_p5incbq,0,0.06754669547080994,-2.625,0,0.03176821768283844,0.48186033964157104,0.4757608473300934,0.01061058510094881,0,0.1227622988751803,tagalog,comment,True,adjudicator,2-1,0,0
t1_p5inhrk,0,0.13753247261047363,-1.8359375,0,0.11922141164541245,0.439902663230896,0.4243308901786804,0.016545012593269348,0,0.2017489451394975,tagalog,comment,True,adjudicator,2-1,0,1
t1_p5inice,1,0.09467770159244537,-2.2578125,0,0.10748742520809174,0.44889020919799805,0.43373778462409973,0.009884580969810486,0,0.15558547957540922,taglish,comment,True,unanimous,3-0,1,1
t1_p5ipls8,0,0.02517884038388729,-3.65625,0,0.06881923228502274,0.4751355051994324,0.44496819376945496,0.01107706781476736,0,0.06070562163180529,taglish,comment,True,majority,3-0,0,0
t1_p5is9gx,0,0.06656918674707413,-2.640625,0,0.09384164214134216,0.4673313796520233,0.4297947287559509,0.009032257832586765,0,0.12150726715028945,taglish,comment,True,adjudicator,2-1,0,1
t1_p5istnf,0,0.1937568634748459,-1.42578125,0,0.1534619778394699,0.4340521991252899,0.40317821502685547,0.00930760521441698,0,0.25575904640778063,taglish,comment,True,majority,3-0,0,0
t1_p5isuuo,0,0.29665425419807434,-0.86328125,0,0.21509556472301483,0.4042759835720062,0.3662671446800232,0.014361300505697727,0,0.3437267564098198,english,comment,True,adjudicator,2-1,0,0
t1_p5itg7e,1,0.5967856645584106,0.39208984375,1,0.27805808186531067,0.3964570164680481,0.3085547685623169,0.016930149868130684,1,0.5729103967230949,english,comment,True,adjudicator,2-1,1,0
t1_p5iuqzb,0,0.021948251873254776,-3.796875,0,0.028220243752002716,0.47961869835853577,0.47961869835853577,0.012542330659925938,0,0.05496931168343075,taglish,comment,True,unanimous,3-0,0,0
t1_p5ivil6,0,0.9235922694206238,2.4921875,1,0.44547563791275024,0.2839907109737396,0.23758700489997864,0.0329466350376606,1,0.8661143752533701,taglish,comment,True,adjudicator,2-1,0,0
t1_p5iwm00,0,0.50048828125,0.001953125,1,0.24331797659397125,0.39815667271614075,0.34285715222358704,0.015668202191591263,1,0.5003657975609285,tagalog,comment,True,unanimous,3-0,0,0
t1_p5iza8a,0,0.8643104434013367,1.8515625,1,0.3981860280036926,0.3344762623310089,0.24245105683803558,0.02488662675023079,1,0.8001296064724824,tagalog,comment,True,adjudicator,2-1,0,1
t1_p5izqx9,0,0.012431650422513485,-4.375,0,0.006633813492953777,0.4892595410346985,0.49128127098083496,0.012825372628867626,0,0.036349552458675695,taglish,comment,True,majority,3-0,0,0
t1_p5j1wvv,0,0.015663648024201393,-4.140625,0,0.01092278677970171,0.48813560605049133,0.49014437198638916,0.010797237977385521,0,0.04302631987243452,taglish,comment,True,majority,3-0,0,0
t1_p5j2bfc,0,0.13341522216796875,-1.87109375,0,0.049225274473428726,0.47950008511543274,0.46113625168800354,0.010138366371393204,0,0.19754069914161757,taglish,comment,True,majority,3-0,0,0
t1_p5j3i5t,0,0.017176708206534386,-4.046875,0,0.03880199044942856,0.4850248694419861,0.4656238555908203,0.010549291037023067,0,0.046012796033967227,taglish,comment,True,unanimous,3-0,0,0
t1_p5j5ppr,0,0.1778108775615692,-1.53125,0,0.16383184492588043,0.4205017387866974,0.40411853790283203,0.011547870002686977,0,0.24101161338375976,english,comment,True,unanimous,3-0,0,0
t1_p5j749a,0,0.013636835850775242,-4.28125,0,0.04254807531833649,0.48269230127334595,0.4634615480899811,0.011298077180981636,0,0.038891425303223426,taglish,comment,True,unanimous,3-0,0,0
t1_p5j7dsz,0,0.41253018379211426,-0.353515625,0,0.1965009868144989,0.43378520011901855,0.35036495327949524,0.019348857924342155,0,0.434174922153173,english,comment,True,unanimous,3-0,0,0
t1_p5j86c6,0,0.3555510938167572,-0.5947265625,0,0.15042735636234283,0.4376068413257599,0.40048840641975403,0.011477411724627018,0,0.3904213337092841,english,comment,True,unanimous,3-0,0,0
t1_p5j8j22,0,0.015189048834145069,-4.171875,0,0.009393199346959591,0.4949589967727661,0.48293569684028625,0.012712129391729832,0,0.0420726151776803,taglish,comment,True,unanimous,3-0,0,0
t1_p5j8lbu,0,0.0541987307369709,-2.859375,0,0.09109681844711304,0.458788126707077,0.43613192439079285,0.013983125798404217,0,0.10507073430860968,english,comment,True,unanimous,3-0,0,0
t1_p5j8rrn,0,0.019271137192845345,-3.9296875,0,0.03317447379231453,0.47731631994247437,0.47731631994247437,0.012192857451736927,0,0.050023740307959856,taglish,comment,True,majority,3-0,0,0
t1_p5j96ub,0,0.1778108775615692,-1.53125,0,0.12053544819355011,0.4418032169342041,0.4245152771472931,0.013146047480404377,0,0.24101161338375976,english,comment,True,unanimous,3-0,0,0
t1_p5j9l6w,0,0.8289388418197632,1.578125,1,0.3892492949962616,0.3151065707206726,0.2632066607475281,0.03243744373321533,1,0.7653535423012445,english,comment,True,majority,3-0,0,0
t1_p5j9t65,0,0.01798621006309986,-4.0,0,0.012442367151379585,0.4891050457954407,0.48708394169807434,0.011368660256266594,0,0.04757906900407436,taglish,comment,True,unanimous,3-0,0,0
t1_p5ja9a6,0,0.015424554236233234,-4.15625,0,0.021831337362527847,0.4810379147529602,0.4830339252948761,0.01409680675715208,0,0.042546914139551965,taglish,comment,True,unanimous,3-0,0,0
t1_p5jao1x,0,0.014503578655421734,-4.21875,0,0.01542960200458765,0.4957382082939148,0.47582903504371643,0.013003173284232616,0,0.04067986882402621,taglish,comment,True,unanimous,3-0,0,0
t1_p5jarzz,0,0.02280263788998127,-3.7578125,0,0.01876359060406685,0.4970487654209137,0.47120222449302673,0.01298539899289608,0,0.0565094466354128,taglish,comment,True,unanimous,3-0,0,0
t1_p5jb0ue,1,0.08210662752389908,-2.4140625,0,0.09443186223506927,0.4559437334537506,0.44068199396133423,0.00894241128116846,0,0.1408190929471696,english,comment,True,adjudicator,2-1,1,1
t1_p5jb8nw,1,0.037326887249946594,-3.25,0,0.021540800109505653,0.4865686893463135,0.48048657178878784,0.011403953656554222,0,0.08056100296841062,taglish,comment,True,adjudicator,2-1,1,1
t1_p5jbbe2,0,0.017442483454942703,-4.03125,0,0.023218074813485146,0.47934091091156006,0.48333540558815,0.014105604961514473,0,0.046529356438525696,english,comment,True,unanimous,3-0,0,0
t1_p5jc4ju,0,0.12721826136112213,-1.92578125,0,0.14734312891960144,0.42830178141593933,0.4099982976913452,0.014356804080307484,0,0.1911266837801147,english,comment,True,adjudicator,2-1,0,0
t1_p5jccnb,0,0.05582314357161522,-2.828125,0,0.03900271654129028,0.49370527267456055,0.45618367195129395,0.011108368635177612,0,0.10729253630311329,taglish,comment,True,majority,3-0,0,0
t1_p5jcdlc,0,0.011508148163557053,-4.453125,0,0.01903340220451355,0.4836723208427429,0.4836723208427429,0.01362194400280714,0,0.034354149161319444,taglish,comment,True,unanimous,3-0,0,0
t1_p5jcfy6,0,0.18476749956607819,-1.484375,0,0.10096991062164307,0.44963937997817993,0.4377020597457886,0.011688634753227234,0,0.2474935990431507,tagalog,comment,True,adjudicator,2-1,0,0
t1_p5jdpfi,0,0.0838903859257698,-2.390625,0,0.10393274575471878,0.4477103054523468,0.43642348051071167,0.011933455243706703,0,0.1429568810082022,english,comment,True,majority,3-0,0,0
t1_p5jdxsd,0,0.019271137192845345,-3.9296875,0,0.011199695989489555,0.4879777133464813,0.4879777133464813,0.01284484937787056,0,0.050023740307959856,english,comment,True,majority,3-0,0,0
t1_p5je0go,0,0.16184942424297333,-1.64453125,0,0.15676502883434296,0.4258934259414673,0.4077702760696411,0.009571274742484093,0,0.2258304508673948,english,comment,True,majority,3-0,0,0
t1_p5jexhg,0,0.02909075655043125,-3.5078125,0,0.04841667786240578,0.4714512825012207,0.46753883361816406,0.012593226507306099,0,0.06736488511449203,english,comment,True,majority,3-0,0,0
t1_p5jfjqi,0,0.03817827254533768,-3.2265625,0,0.024971479550004005,0.48472556471824646,0.47661301493644714,0.013689948245882988,0,0.08187117679235223,english,comment,True,adjudicator,2-1,0,0
t1_p5jglh8,0,0.32082128524780273,-0.75,0,0.1757192313671112,0.4182881712913513,0.3877283036708832,0.018264295533299446,0,0.3631160090434223,tagalog,comment,True,adjudicator,2-1,0,0
t1_p5jhey8,0,0.0753123015165329,-2.5078125,0,0.10520163923501968,0.44324955344200134,0.4395090639591217,0.012039742432534695,0,0.13253405674532912,english,comment,True,majority,3-0,0,0
t1_p5jhm4c,0,0.31742629408836365,-0.765625,0,0.1118667796254158,0.44950103759765625,0.42509374022483826,0.01353842206299305,0,0.3604133184726978,tagalog,comment,True,adjudicator,2-1,0,0
t1_p5jhy3n,0,0.5833221077919006,0.33642578125,1,0.291734904050827,0.3668522834777832,0.3231793940067291,0.01823343150317669,1,0.5626772130254587,taglish,comment,True,unanimous,3-0,0,0
t1_p5ji7am,0,0.039048291742801666,-3.203125,0,0.06334622949361801,0.4661508798599243,0.4584139287471771,0.012088974937796593,0,0.08320073000571294,english,comment,True,majority,3-0,0,0
t1_p5jimtp,1,0.10818895697593689,-2.109375,0,0.1128062903881073,0.44937586784362793,0.4290337562561035,0.008784095756709576,0,0.1707606813330581,taglish,comment,True,majority,3-0,1,1
t1_p5jiql7,0,0.024423090741038322,-3.6875,0,0.04148002713918686,0.4732159376144409,0.4732159376144409,0.012088114395737648,0,0.05938436178912311,english,comment,True,majority,3-0,0,0
t1_p5jiwo4,0,0.015189048834145069,-4.171875,0,0.031716760247945786,0.47599729895591736,0.47796422243118286,0.014321716502308846,0,0.0420726151776803,english,comment,True,majority,3-0,0,0
t1_p5jj6g4,0,0.3970029056072235,-0.41796875,0,0.2676204442977905,0.3736587464809418,0.3450452387332916,0.013675573281943798,0,0.4223526902004413,english,comment,True,adjudicator,2-1,0,0
t1_p5jjd81,0,0.04208773002028465,-3.125,0,0.05415095388889313,0.4688137471675873,0.4648575186729431,0.012177783064544201,0,0.08777541160339505,taglish,comment,True,majority,3-0,0,0
t1_p5jjvc9,0,0.5816595554351807,0.32958984375,1,0.29620006680488586,0.3620223104953766,0.3204503655433655,0.021327270194888115,1,0.5614166376294354,english,comment,True,majority,3-0,0,0
t1_p5jk1q2,0,0.01615283451974392,-4.109375,0,0.010210513137280941,0.486070841550827,0.4880877435207367,0.01563090831041336,0,0.04400065019258756,english,comment,True,majority,3-0,0,0
t1_p5jkezm,0,0.03760863468050957,-3.2421875,0,0.09354300051927567,0.46080294251441956,0.4349979758262634,0.010656068101525307,0,0.08099558809348903,english,comment,True,majority,3-0,0,0
t1_p5jl3dg,0,0.06187598779797554,-2.71875,0,0.02932368405163288,0.49713003635406494,0.46518591046333313,0.008360369130969048,0,0.11539694048300798,taglish,comment,True,majority,3-0,0,0
t1_p5jlwpx,0,0.06656918674707413,-2.640625,0,0.02870442159473896,0.4799586236476898,0.4737522602081299,0.01758469082415104,0,0.12150726715028945,tagalog,comment,True,majority,3-0,0,0
t1_p5jmhqm,0,0.026759279891848564,-3.59375,0,0.013873931020498276,0.4905923306941986,0.484510600566864,0.011023122817277908,0,0.06343099810285073,taglish,comment,True,unanimous,3-0,0,0
t1_p5jmmrx,1,0.05749328061938286,-2.796875,0,0.029350370168685913,0.4837750792503357,0.475678414106369,0.011196154169738293,0,0.10955556860560209,taglish,comment,True,majority,3-0,1,1
t1_p5jnnz5,1,0.3019792437553406,-0.837890625,0,0.1057114228606224,0.4569138288497925,0.4248496890068054,0.012525049969553947,0,0.34803025846758173,tagalog,comment,True,adjudicator,2-1,1,1
t1_p5jo7kp,0,0.14463144540786743,-1.77734375,0,0.0680306926369667,0.4644501209259033,0.45012786984443665,0.017391303554177284,0,0.2089108006808035,tagalog,comment,True,adjudicator,2-1,0,0
t1_p5jpg3o,0,0.32039588689804077,-0.751953125,0,0.0956195592880249,0.47199440002441406,0.41909846663475037,0.0132875582203269,0,0.3627776953701444,tagalog,comment,True,adjudicator,2-1,0,0
t1_p5jpj4g,0,0.011331754736602306,-4.46875,0,0.010078387334942818,0.49570736289024353,0.4817717969417572,0.012442453764379025,0,0.03396794028155376,taglish,comment,True,unanimous,3-0,0,0
t1_p5jpltc,0,0.23581157624721527,-1.17578125,0,0.19260767102241516,0.40872612595558167,0.3797897696495056,0.01887645572423935,0,0.2930035988498649,english,comment,True,majority,3-0,0,0
t1_p5jposm,0,0.09073548763990402,-2.3046875,0,0.0783073902130127,0.46692606806755066,0.44163423776626587,0.013132295571267605,0,0.15102750765210138,tagalog,comment,True,majority,3-0,0,0
t1_p5jppg0,0,0.13072869181632996,-1.89453125,0,0.09446176141500473,0.4699113070964813,0.4142891466617584,0.021337809041142464,0,0.1947721621369385,english,comment,True,majority,3-0,0,0
t1_p5jq0y1,0,0.03622005507349968,-3.28125,0,0.02597079798579216,0.4970487654209137,0.4672258496284485,0.009754582308232784,0,0.07884386479317726,tagalog,comment,True,majority,3-0,0,0
t1_p5jsxyn,0,0.04208773002028465,-3.125,0,0.0422949381172657,0.47450417280197144,0.4704999029636383,0.012700994499027729,0,0.08777541160339505,taglish,comment,True,unanimous,3-0,0,0
t1_p5l09b4,0,0.3268083333969116,-0.72265625,0,0.13067331910133362,0.44688278436660767,0.40897756814956665,0.013466333970427513,0,0.36786650433525186,tagalog,comment,True,adjudicator,2-1,0,0
t1_p5l64f2,0,0.007011795416474342,-4.953125,0,0.01069979090243578,0.4978477358818054,0.4781699776649475,0.01328249927610159,0,0.023877508806176746,taglish,comment,True,majority,3-0,0,0
t1_p5l9l30,0,0.04401864856481552,-3.078125,0,0.029815368354320526,0.4910179674625397,0.46506986021995544,0.01409680675715208,0,0.09062823074494587,taglish,comment,True,majority,3-0,0,0
t1_p5mnhwc,0,0.023870835080742836,-3.7109375,0,0.02635832317173481,0.481412410736084,0.4794231057167053,0.012806166894733906,0,0.05841114774575512,english,comment,True,majority,3-0,0,0
t1_p5mred0,1,0.2186693549156189,-1.2734375,0,0.12018415331840515,0.4439059793949127,0.42452144622802734,0.011388417333364487,0,0.2780810596174125,tagalog,comment,True,majority,3-0,1,1
t1_p5mtyx6,0,0.09670579433441162,-2.234375,0,0.0710584744811058,0.4658277928829193,0.4520108699798584,0.011102886870503426,0,0.157906238052035,taglish,comment,True,majority,3-0,0,0
t1_p5n1l17,0,0.014503578655421734,-4.21875,0,0.018538234755396843,0.4850003123283386,0.4850003123283386,0.011461138725280762,0,0.04067986882402621,tagalog,comment,True,majority,3-0,0,0
t1_p5n5gge,0,0.05749328061938286,-2.796875,0,0.05989567190408707,0.46738263964653015,0.46149125695228577,0.011230438947677612,0,0.10955556860560209,english,comment,True,majority,3-0,0,0
t1_p5nc9gc,0,0.01342825498431921,-4.296875,0,0.020775020122528076,0.4816819131374359,0.4836723208427429,0.013870746828615665,0,0.03845623978795531,taglish,comment,True,adjudicator,3-0,0,0
t1_p5nerzx,0,0.016277462244033813,-4.1015625,0,0.031689926981925964,0.4914376139640808,0.46608567237854004,0.01078676339238882,0,0.044247502352832487,taglish,comment,True,unanimous,3-0,0,0
t1_p5ngq2s,0,0.023330770432949066,-3.734375,0,0.03661726415157318,0.4702951908111572,0.4742807447910309,0.01880682446062565,0,0.057452908921270876,english,comment,True,adjudicator,2-1,0,0
t1_p5oca33,0,0.01678548939526081,-4.0703125,0,0.007519272156059742,0.48932138085365295,0.48932138085365295,0.01383798848837614,0,0.04524817879446525,taglish,comment,True,majority,3-0,0,0
t1_p5oeand,0,0.014503578655421734,-4.21875,0,0.012208936735987663,0.4833228588104248,0.4893643856048584,0.015103839337825775,0,0.04067986882402621,english,comment,True,majority,3-0,0,0
t1_p5omyji,0,0.02080449089407921,-3.8515625,0,0.02434280700981617,0.4818370044231415,0.4818370044231415,0.01198318600654602,0,0.05287944558456361,taglish,comment,True,majority,3-0,0,0
t1_p5os1rk,0,0.010013570077717304,-4.59375,0,0.011412708088755608,0.49944478273391724,0.47772979736328125,0.011412708088755608,0,0.03102564374789907,taglish,comment,True,unanimous,3-0,0,0
t1_p5owd5p,0,0.030444350093603134,-3.4609375,0,0.018796037882566452,0.47548896074295044,0.4856489598751068,0.020066039636731148,0,0.06960495135723807,english,comment,True,majority,3-0,0,0
t1_p5owqcx,0,0.41596606373786926,-0.33935546875,0,0.22297519445419312,0.4039785861968994,0.3550114631652832,0.018034758046269417,0,0.4367827871049236,english,comment,True,unanimous,3-0,0,0
t1_p5oyf3u,0,0.00857748556882143,-4.75,0,0.012670685537159443,0.4960019588470459,0.4763193428516388,0.015007996000349522,0,0.02769333972740153,taglish,comment,True,unanimous,3-0,0,0
t1_p5oyw7y,0,0.014281933195888996,-4.234375,0,0.020099256187677383,0.4823821485042572,0.4863523542881012,0.011166253127157688,0,0.04022550864147266,taglish,comment,True,majority,3-0,0,0
t1_p5p0mea,0,0.01384861022233963,-4.265625,0,0.022400597110390663,0.47987058758735657,0.48186174035072327,0.015867089852690697,0,0.03933133410143569,taglish,comment,True,unanimous,3-0,0,0
t1_p5p0sau,0,0.01342825498431921,-4.296875,0,0.022771107032895088,0.4818017780780792,0.4818017780780792,0.01362533401697874,0,0.03845623978795531,taglish,comment,True,majority,3-0,0,0
t1_p5p2vrj,0,0.012624949216842651,-4.359375,0,0.01914294622838497,0.48245230317115784,0.4844541847705841,0.01395057886838913,0,0.036761809350129786,taglish,comment,True,majority,3-0,0,0
t1_p5p4oyd,0,0.014281933195888996,-4.234375,0,0.021474499255418777,0.4814282953739166,0.48342594504356384,0.013671264983713627,0,0.04022550864147266,english,comment,True,majority,3-0,0,0
t1_p5palw7,0,0.24364246428012848,-1.1328125,0,0.1668827384710312,0.4110783636569977,0.3997642993927002,0.022274602204561234,0,0.2997160240675595,english,comment,True,adjudicator,2-1,0,0
t1_p5pbwr5,0,0.023689471185207367,-3.71875,0,0.011465698480606079,0.48512643575668335,0.4892031252384186,0.014204726554453373,0,0.05809008073496682,english,comment,True,majority,3-0,0,0
t1_p5pckpz,0,0.019271137192845345,-3.9296875,0,0.013186119496822357,0.48656150698661804,0.4885804355144501,0.011671924032270908,0,0.050023740307959856,taglish,comment,True,unanimous,3-0,0,0
t1_p5pd45a,0,0.0427221953868866,-3.109375,0,0.04237978905439377,0.4774622321128845,0.46743151545524597,0.012726474553346634,0,0.0887172170607258,tagalog,comment,True,majority,3-0,0,0
t1_p5pdlh3,0,0.016029147431254387,-4.1171875,0,0.02029058150947094,0.48496994376182556,0.48296594619750977,0.011773547157645226,0,0.04375511214698672,taglish,comment,True,unanimous,3-0,0,0
t1_p5pfccl,0,0.008985428139567375,-4.703125,0,0.011279585771262646,0.4970414340496063,0.47731754183769226,0.01436144020408392,0,0.028654750206493915,english,comment,True,majority,3-0,0,0
t1_p5phn5i,0,0.007937993854284286,-4.828125,0,0.019757302477955818,0.4936886429786682,0.47417524456977844,0.012378803454339504,0,0.02616021819323484,taglish,comment,True,majority,3-0,0,0
t1_p5pjwsh,0,0.01678548939526081,-4.0703125,0,0.01344442367553711,0.4867765009403229,0.4867765009403229,0.013002587482333183,0,0.04524817879446525,english,comment,True,majority,3-0,0,0
t1_p5pqaac,0,0.012241275049746037,-4.390625,0,0.007735295221209526,0.48697629570961,0.49101758003234863,0.01427082996815443,0,0.03594174622161488,taglish,comment,True,majority,3-0,0,0
t1_p5psqr6,0,0.04742587357759476,-3.0,0,0.033180419355630875,0.48463520407676697,0.47055867314338684,0.011625714600086212,0,0.09556873219539853,english,comment,True,majority,3-0,0,0
t1_p5pvzu8,0,0.018124721944332123,-3.9921875,0,0.021362151950597763,0.4825333058834076,0.4825333058834076,0.013571249321103096,0,0.04784499205956626,taglish,comment,True,unanimous,3-0,0,0
t1_p5pw7vm,0,0.015306354500353336,-4.1640625,0,0.011624984443187714,0.4866155683994293,0.4886263608932495,0.013133089989423752,0,0.042309129394895305,tagalog,comment,True,adjudicator,2-1,0,0
t1_p5pzo7z,0,0.006797531619668007,-4.984375,0,0.011528084054589272,0.4964434504508972,0.47878342866897583,0.013245033100247383,0,0.023337898196897935,english,comment,True,majority,3-0,0,0
t1_p5pzvsc,0,0.007460643537342548,-4.890625,0,0.00804903730750084,0.5012692809104919,0.47749364376068115,0.013188038021326065,0,0.02499348349390211,taglish,comment,True,unanimous,3-0,0,0
t1_p5q0afk,1,0.014957086183130741,-4.1875,0,0.015141173265874386,0.5004033446311951,0.4726031720638275,0.01185231190174818,0,0.04160337379848945,taglish,comment,True,adjudicator,2-1,1,1
t1_p5q49b4,0,0.011331754736602306,-4.46875,0,0.02214430645108223,0.4901273250579834,0.4763486385345459,0.01137971319258213,0,0.03396794028155376,taglish,comment,True,majority,3-0,0,0
t1_p5q7qs6,0,0.1629120409488678,-1.63671875,0,0.14087118208408356,0.44485634565353394,0.3911028802394867,0.02316960133612156,0,0.22685533710252254,english,comment,True,unanimous,3-0,0,0
t1_p5qcx9f,0,0.020177319645881653,-3.8828125,0,0.027913901954889297,0.4803672134876251,0.4803672134876251,0.01135165337473154,0,0.05171914367653667,english,comment,True,majority,3-0,0,0
t1_p5qgju6,0,0.43064114451408386,-0.27923583984375,0,0.20071005821228027,0.41846153140068054,0.36544379591941833,0.015384615398943424,0,0.44789225468151317,taglish,comment,True,adjudicator,2-1,0,0
t1_p5qheju,0,0.3734187185764313,-0.517578125,0,0.2239140123128891,0.4066278636455536,0.34034931659698486,0.029108822345733643,0,0.4042601471958949,tagalog,comment,True,adjudicator,2-1,0,0
t1_p5qlj6c,0,0.01578456163406372,-4.1328125,0,0.0270922239869833,0.4809797704219818,0.47900041937828064,0.012927568517625332,0,0.04326795324716089,english,comment,True,majority,3-0,0,0
t1_p5qmfzz,0,0.013636835850775242,-4.28125,0,0.023099850863218307,0.4788872301578522,0.48286139965057373,0.01515151560306549,0,0.038891425303223426,taglish,comment,True,unanimous,3-0,0,0
t1_p5qo88c,0,0.013636835850775242,-4.28125,0,0.010013224557042122,0.48970338702201843,0.4876881539821625,0.012595251202583313,0,0.038891425303223426,taglish,comment,True,unanimous,3-0,0,0
t1_p5qp88r,0,0.0222861859947443,-3.78125,0,0.018081367015838623,0.48819687962532043,0.4841788113117218,0.009542942978441715,0,0.05558056380285582,taglish,comment,True,unanimous,3-0,0,0
t1_p5qpka7,0,0.01578456163406372,-4.1328125,0,0.012719297781586647,0.485213041305542,0.48721805214881897,0.014849623665213585,0,0.04326795324716089,taglish,comment,True,majority,3-0,0,0
t1_p5qt44u,0,0.05707139894366264,-2.8046875,0,0.05255004018545151,0.4679928123950958,0.4679928123950958,0.011464336887001991,0,0.10898591664033609,english,comment,True,majority,3-0,0,0
t1_p5qtu2j,0,0.016914913430809975,-4.0625,0,0.02594822831451893,0.482711523771286,0.47873860597610474,0.01260165125131607,0,0.045501696713335225,taglish,comment,True,adjudicator,2-1,0,1
t1_p5qvcar,0,0.03384403511881828,-3.3515625,0,0.0426032580435276,0.473589688539505,0.46962660551071167,0.014180444180965424,0,0.0751020948441399,english,comment,True,majority,3-0,0,0
t1_p5qyx14,0,0.013020490296185017,-4.328125,0,0.012156150303781033,0.48524343967437744,0.4892536997795105,0.013346700929105282,0,0.037599853652667665,english,comment,True,adjudicator,2-1,0,0
t1_p5r0ktr,0,0.05877655744552612,-2.7734375,0,0.06641581654548645,0.47972285747528076,0.4453204274177551,0.008540882728993893,0,0.11128021370576575,taglish,comment,True,unanimous,3-0,0,0
t1_p5r80av,0,0.014063626527786255,-4.25,0,0.012331767939031124,0.48676055669784546,0.488763689994812,0.012143975123763084,0,0.03977601286698117,english,comment,True,majority,3-0,0,0
t1_p5r8a6g,0,0.016029147431254387,-4.1171875,0,0.021414343267679214,0.48007968068122864,0.48605579137802124,0.012450199574232101,0,0.04375511214698672,taglish,comment,True,majority,3-0,0,0
t1_p5radv6,0,0.007232763804495335,-4.921875,0,0.008284901268780231,0.500556468963623,0.47879311442375183,0.012365524657070637,0,0.024429284020908854,taglish,comment,True,majority,3-0,0,0
t1_p5rb0d1,0,0.010169658809900284,-4.578125,0,0.012354830279946327,0.5001235604286194,0.47640228271484375,0.011119347997009754,0,0.03137948594809,tagalog,comment,True,majority,3-0,0,0
t1_p5rb5uc,0,0.039048291742801666,-3.203125,0,0.02146511897444725,0.4991888105869293,0.46524396538734436,0.014102084562182426,0,0.08320073000571294,taglish,comment,True,majority,3-0,0,0
t1_p5rboo5,0,0.017176708206534386,-4.046875,0,0.01556589175015688,0.49810853600502014,0.47231006622314453,0.014015504159033298,0,0.046012796033967227,english,comment,True,majority,3-0,0,0
t1_p5rbv9j,0,0.026759279891848564,-3.59375,0,0.029533518478274345,0.49428483843803406,0.4626505970954895,0.01353104691952467,0,0.06343099810285073,taglish,comment,True,adjudicator,2-1,0,0
t1_p5rdnit,0,0.047074176371097565,-3.0078125,0,0.0542290061712265,0.4709618389606476,0.46314504742622375,0.011664122343063354,0,0.0950640427248437,english,comment,True,majority,3-0,0,0
t1_p5rdwsw,0,0.019271137192845345,-3.9296875,0,0.0131396958604455,0.4868603050708771,0.48887211084365845,0.011127876117825508,0,0.050023740307959856,taglish,comment,True,adjudicator,2-1,0,0
t1_p5req1g,0,0.02096424251794815,-3.84375,0,0.017132215201854706,0.5005586743354797,0.47274985909461975,0.00955928023904562,0,0.05317333894049006,tagalog,comment,True,adjudicator,2-1,0,0
t1_p5rmtyk,0,0.035678550601005554,-3.296875,0,0.04854973405599594,0.4680692255496979,0.4640856385231018,0.019295405596494675,0,0.07799790186416966,taglish,comment,True,majority,3-0,0,0
t1_p5rojos,0,0.025760557502508163,-3.6328125,0,0.0123252859339118,0.4899618923664093,0.4879288375377655,0.009783989749848843,0,0.06171455926280479,taglish,comment,True,unanimous,3-0,0,0
t1_p5roqqv,0,0.14223189651966095,-1.796875,0,0.06409931927919388,0.4702305495738983,0.4479351341724396,0.017734989523887634,0,0.20650292703648115,english,comment,True,majority,3-0,0,0
t1_p5rot3a,0,0.060086652636528015,-2.75,0,0.055620789527893066,0.4706754982471466,0.4627649784088135,0.010938755236566067,0,0.11302856225801737,taglish,comment,True,adjudicator,2-1,0,0
t1_p5rovkq,1,0.671470582485199,0.71484375,1,0.31262704730033875,0.3469618260860443,0.2981703281402588,0.042240794748067856,1,0.63077144060613,english,comment,True,adjudicator,2-1,1,1
t1_p5rovuh,1,0.4379436671733856,-0.24951171875,0,0.2349846512079239,0.41560718417167664,0.32617273926734924,0.023235423490405083,0,0.4534049437946535,english,comment,True,majority,3-0,1,1
t1_p5rp0ff,0,0.06560484319925308,-2.65625,0,0.021336399018764496,0.48856523633003235,0.4803884029388428,0.009709978476166725,0,0.12026330697210863,taglish,comment,True,unanimous,3-0,0,0
t1_p5rp9di,0,0.28937169909477234,-0.8984375,0,0.10318586230278015,0.4560815095901489,0.42099833488464355,0.019734296947717667,0,0.33781028730855117,english,comment,True,adjudicator,2-1,0,0
t1_p5rp9n2,0,0.12085322290658951,-1.984375,0,0.03843461722135544,0.4988864064216614,0.45205217599868774,0.01062679011374712,0,0.18443236375546235,taglish,comment,True,majority,3-0,0,0
t1_p5rp9nu,0,0.014503578655421734,-4.21875,0,0.0075699747540056705,0.49058523774147034,0.4885496199131012,0.01329516526311636,0,0.04067986882402621,taglish,comment,True,unanimous,3-0,0,0
t1_p5rpg8i,0,0.01384861022233963,-4.265625,0,0.013428660109639168,0.5013366341590881,0.4754740297794342,0.009760646149516106,0,0.03933133410143569,taglish,comment,True,majority,3-0,0,0
t1_p5rpqpe,0,0.1465751975774765,-1.76171875,0,0.11972600966691971,0.45864272117614746,0.4125942587852478,0.009037011303007603,0,0.21085193038263664,tagalog,comment,True,adjudicator,2-1,0,0
t1_p5rq04g,0,0.03308597952127457,-3.375,0,0.033267129212617874,0.4846077561378479,0.46673285961151123,0.01539225410670042,0,0.07389152772422952,english,comment,True,majority,3-0,0,0
t1_p5rq1km,0,0.021287353709340096,-3.828125,0,0.011944091878831387,0.4838627576828003,0.4838627576828003,0.020330367609858513,0,0.053765756272290396,taglish,comment,True,unanimous,3-0,0,0
t1_p5rqxre,0,0.016277462244033813,-4.1015625,0,0.018059823662042618,0.4836019277572632,0.4856085777282715,0.012729667127132416,0,0.044247502352832487,tagalog,comment,True,majority,3-0,0,0
t1_p5rr64z,0,0.037047166377305984,-3.2578125,0,0.03137156367301941,0.4818672239780426,0.47383612394332886,0.012925084680318832,0,0.08012854631784959,taglish,comment,True,majority,3-0,0,0
t1_p5rr8fc,0,0.029986508190631866,-3.4765625,0,0.03132243454456329,0.4811125695705414,0.4771032929420471,0.010461692698299885,0,0.06885070891061511,tagalog,comment,True,unanimous,3-0,0,0
t1_p5rs2dr,0,0.009125636890530586,-4.6875,0,0.006898258347064257,0.5008816123008728,0.4810839295387268,0.01113620214164257,0,0.0289823615333465,taglish,comment,True,unanimous,3-0,0,0
t1_p5rtmmq,0,0.4101654887199402,-0.36328125,0,0.1910165548324585,0.41229313611984253,0.37635934352874756,0.020330969244241714,0,0.4323785067298423,english,comment,True,adjudicator,3-0,0,0
t1_p5ru3xv,0,0.02655657008290291,-3.6015625,0,0.024402327835559845,0.493496835231781,0.4598042964935303,0.022296544164419174,0,0.06308418724305638,taglish,comment,True,unanimous,3-0,0,0
t1_p5rvhz0,1,0.07107366621494293,-2.5703125,0,0.05516396090388298,0.4726938307285309,0.4648483097553253,0.007293901406228542,0,0.1272429798124617,taglish,comment,True,majority,3-0,1,1
t1_p5rvjli,0,0.015072628855705261,-4.1796875,0,0.00943633634597063,0.48917967081069946,0.48917967081069946,0.012204328551888466,0,0.041837365350544393,taglish,comment,True,majority,3-0,0,0
t1_p5rwjuo,0,0.034358687698841095,-3.3359375,0,0.038145761936903,0.4607805907726288,0.4769483506679535,0.024125300347805023,0,0.0759192361113778,taglish,comment,True,unanimous,3-0,0,0
t1_p5rxsc5,0,0.018978038802742958,-3.9453125,0,0.016093404963612556,0.4846954941749573,0.4826759099960327,0.016535185277462006,0,0.04947039870275616,english,comment,True,majority,3-0,0,0
t1_p5rxwkl,0,0.012821215204894543,-4.34375,0,0.019926520064473152,0.4822218120098114,0.4842144548892975,0.013637213036417961,0,0.037178561446541046,english,comment,True,majority,3-0,0,0
t1_p5ryfw1,0,0.017309095710515976,-4.0390625,0,0.02382734604179859,0.4830339252948761,0.4810379147529602,0.012100798077881336,0,0.046270390356679215,taglish,comment,True,majority,3-0,0,0
t1_p5s0ie8,1,0.022116590291261673,-3.7890625,0,0.025587698444724083,0.4799899160861969,0.48200666904449463,0.012415705248713493,0,0.055274142239103374,taglish,comment,True,adjudicator,2-1,1,1
t1_p5s1hvo,0,0.8444089889526367,1.69140625,1,0.3785211145877838,0.3362676203250885,0.25,0.035211268812417984,1,0.7802498512650903,tagalog,comment,True,unanimous,3-0,0,0
t1_p5s1n9m,0,0.09268777817487717,-2.28125,0,0.05046192929148674,0.4730168879032135,0.4648614227771759,0.011659764684736729,0,0.15329262044406342,taglish,comment,True,majority,3-0,0,0
t1_p5s1y99,0,0.009268012829124928,-4.671875,0,0.013146525248885155,0.4996913969516754,0.47401556372642517,0.013146525248885155,0,0.0293136054224161,taglish,comment,True,unanimous,3-0,0,0
t1_p5s22l7,0,0.011687257327139378,-4.4375,0,0.01006836537271738,0.49521443247795105,0.47930392622947693,0.015413300134241581,0,0.03474459122869208,english,comment,True,majority,3-0,0,0
t1_p5s23c6,0,0.00985985528677702,-4.609375,0,0.0147737767547369,0.4983687400817871,0.4747307002544403,0.012126808054745197,0,0.030675665191402326,taglish,comment,True,unanimous,3-0,0,0
t1_p5s2ufl,0,0.6601723432540894,0.6640625,1,0.29330888390541077,0.36663612723350525,0.31714025139808655,0.022914757952094078,1,0.6218680613881518,taglish,comment,True,unanimous,3-0,0,0
t1_p5s4j66,1,0.07640768587589264,-2.4921875,0,0.09444171190261841,0.4308903217315674,0.4348253905773163,0.039842598140239716,0,0.13388562474662985,english,comment,True,adjudicator,2-1,1,0
t1_p5s5mjv,0,0.04054073989391327,-3.1640625,0,0.0421878844499588,0.4925190210342407,0.4552367031574249,0.01005641371011734,0,0.085460325029733,taglish,comment,True,majority,3-0,0,0
t1_p5s5z5a,0,0.1795305460691452,-1.51953125,0,0.05124223604798317,0.47826087474823,0.45755693316459656,0.012939958833158016,0,0.2426211876038802,tagalog,comment,True,adjudicator,2-1,0,1
t1_p5savzs,1,0.18476749956607819,-1.484375,0,0.07567429542541504,0.46018150448799133,0.44177424907684326,0.022369934245944023,0,0.2474935990431507,english,comment,True,adjudicator,2-1,1,0
t1_p5sbgsf,0,0.2422056347131729,-1.140625,0,0.14303357899188995,0.4366288185119629,0.40839850902557373,0.011939069256186485,0,0.298489051110863,taglish,comment,True,majority,3-0,0,0
t1_p5se4w6,0,0.2802222669124603,-0.943359375,0,0.16709692776203156,0.4243135452270508,0.39239615201950073,0.016193382441997528,0,0.3303237806830044,english,comment,True,majority,3-0,0,0
t1_p5seo1m,0,0.167763352394104,-1.6015625,0,0.13174223899841309,0.43914079666137695,0.4124104976654053,0.016706444323062897,0,0.23150791263902243,english,comment,True,adjudicator,2-1,0,0
t1_p5sotw5,0,0.05877655744552612,-2.7734375,0,0.05222639814019203,0.47299379110336304,0.46511054039001465,0.009669274091720581,0,0.11128021370576575,taglish,comment,True,majority,3-0,0,0
t1_p5tmwe1,0,0.4313446581363678,-0.2763671875,0,0.19992893934249878,0.40933316946029663,0.3752220869064331,0.015515811741352081,0,0.4484237440906882,english,comment,True,unanimous,3-0,0,0
t1_p5tokt2,0,0.00955939944833517,-4.640625,0,0.01695539988577366,0.4953925609588623,0.4737682640552521,0.013883769512176514,0,0.029987141941164693,english,comment,True,majority,3-0,0,0
t1_p5u1w84,0,0.07751766592264175,-2.4765625,0,0.05873969942331314,0.4659520387649536,0.46396926045417786,0.011338992044329643,0,0.13524882692727336,taglish,comment,True,adjudicator,2-1,0,0
t1_p5ug01j,0,0.014503578655421734,-4.21875,0,0.02561074122786522,0.48138248920440674,0.4793933033943176,0.013613476417958736,0,0.04067986882402621,taglish,comment,True,majority,3-0,0,0
t1_p5uu9ss,0,0.014728614129126072,-4.203125,0,0.02059667930006981,0.4853326678276062,0.48333540558815,0.010735238902270794,0,0.04113914117147127,taglish,comment,True,majority,3-0,0,0
t1_p5vixtt,0,0.18068422377109528,-1.51171875,0,0.12019316852092743,0.4655100405216217,0.40255171060562134,0.01174506638199091,0,0.2436982880460067,taglish,comment,True,majority,3-0,0,0
t1_p5w0u8l,0,0.007232763804495335,-4.921875,0,0.00925754476338625,0.49966055154800415,0.47793617844581604,0.013145714066922665,0,0.024429284020908854,taglish,comment,True,majority,3-0,0,0
t1_p5wj2ku,0,0.48291683197021484,-0.068359375,0,0.18564176559448242,0.42156150937080383,0.3751510679721832,0.017645636573433876,0,0.4871998804644133,english,comment,True,adjudicator,2-1,0,1
t1_p5wsvyx,0,0.5690146684646606,0.27783203125,1,0.24393624067306519,0.42134442925453186,0.3141603171825409,0.020559020340442657,1,0.5518476695539023,tagalog,comment,True,adjudicator,2-1,0,0
t1_p5wvdca,1,0.9289263486862183,2.5703125,1,0.44526901841163635,0.289424866437912,0.23283858597278595,0.03246753290295601,1,0.8727570201875383,taglish,comment,True,unanimous,3-0,1,1
t1_p5x1ccr,0,0.009268012829124928,-4.671875,0,0.017952658236026764,0.4957885146141052,0.47414693236351013,0.012111896649003029,0,0.0293136054224161,tagalog,comment,True,adjudicator,2-1,0,0
t1_p5x4bpa,0,0.7201715111732483,0.9453125,1,0.3133520781993866,0.3687513470649719,0.2908461391925812,0.027050422504544258,1,0.669999811264703,tagalog,comment,True,adjudicator,2-1,0,1
t1_p5xl909,0,0.037047166377305984,-3.2578125,0,0.0460522323846817,0.4847603440284729,0.4595527946949005,0.009634612128138542,0,0.08012854631784959,english,comment,True,majority,3-0,0,0
t1_p5xu1jd,0,0.06052939593791962,-2.7421875,0,0.037524398416280746,0.47950640320777893,0.4714474678039551,0.011521752923727036,0,0.11361665008427911,tagalog,comment,True,majority,3-0,0,0
t1_p5xy6zh,0,0.02161533385515213,-3.8125,0,0.017418744042515755,0.48671504855155945,0.4846954941749573,0.011170716024935246,0,0.05436439490151039,taglish,comment,True,majority,3-0,0,0
t1_p5xzcvn,0,0.009268012829124928,-4.671875,0,0.010110350325703621,0.49910610914230347,0.4793785810470581,0.011404968798160553,0,0.0293136054224161,taglish,comment,True,unanimous,3-0,0,0
t1_p5y114p,0,0.023153413087129593,-3.7421875,0,0.018468154594302177,0.48371386528015137,0.48371386528015137,0.014104104600846767,0,0.05713678942068834,taglish,comment,True,unanimous,3-0,0,0
t1_p5y3rii,0,0.007460643537342548,-4.890625,0,0.010590480640530586,0.49652114510536194,0.47878825664520264,0.014100116677582264,0,0.02499348349390211,taglish,comment,True,majority,3-0,0,0
t1_p5y72o7,0,0.018264278769493103,-3.984375,0,0.017345400527119637,0.4826546013355255,0.4846656620502472,0.015334338881075382,0,0.0481123262994903,english,comment,True,majority,3-0,0,0
t1_p5ycfpn,0,0.017309095710515976,-4.0390625,0,0.014269478619098663,0.48693016171455383,0.48693016171455383,0.0118701858446002,0,0.046270390356679215,taglish,comment,True,unanimous,3-0,0,0
t1_p5yh286,0,0.03161877021193504,-3.421875,0,0.021289918571710587,0.48691296577453613,0.47889792919158936,0.01289918553084135,0,0.07152411357556374,taglish,comment,True,majority,3-0,0,0
t1_p5yh2b0,0,0.011869121342897415,-4.421875,0,0.013362201862037182,0.4988555610179901,0.47312092781066895,0.014661305584013462,0,0.03513930927505064,english,comment,True,majority,3-0,0,0
t1_p5yhc7b,0,0.007815889082849026,-4.84375,0,0.009402449242770672,0.49882468581199646,0.4790300726890564,0.012742793187499046,0,0.025863658157008633,taglish,comment,True,unanimous,3-0,0,0
t1_p5yhue3,0,0.016914913430809975,-4.0625,0,0.014704969711601734,0.49835577607154846,0.47453001141548157,0.01240925770252943,0,0.045501696713335225,taglish,comment,True,majority,3-0,0,0
t1_p5ytdtr,0,0.014503578655421734,-4.21875,0,0.016509434208273888,0.4965243339538574,0.4707050621509552,0.01626117154955864,0,0.04067986882402621,taglish,comment,True,majority,3-0,0,0
t1_p5z07j5,0,0.1525365114212036,-1.71484375,0,0.12378004938364029,0.47036421298980713,0.3827660083770752,0.023089740425348282,0,0.2167544226946001,english,comment,True,adjudicator,2-1,0,0
t1_p5z09ya,0,0.02655657008290291,-3.6015625,0,0.023487014696002007,0.49111470580101013,0.46526655554771423,0.020131725817918777,0,0.06308418724305638,english,comment,True,majority,3-0,0,0
t1_p5z1onc,0,0.17217184603214264,-1.5703125,0,0.04715331271290779,0.48086017370224,0.46013343334198,0.01185309886932373,0,0.23569917249860448,taglish,comment,True,unanimous,3-0,0,0
t1_p5z1pun,0,0.7029380798339844,0.861328125,1,0.312594473361969,0.36097219586372375,0.30887311697006226,0.017560182139277458,1,0.6559431035871794,tagalog,comment,True,adjudicator,3-0,0,0
t1_p5z1rj5,0,0.36206650733947754,-0.56640625,0,0.17698688805103302,0.4097631275653839,0.3905254304409027,0.022724540904164314,0,0.3954822213230596,tagalog,comment,True,adjudicator,2-1,0,0
t1_p5z1umr,0,0.8110781908035278,1.45703125,1,0.3771991431713104,0.3246540129184723,0.25897255539894104,0.039174292236566544,1,0.748671624640195,tagalog,comment,True,majority,3-0,0,0
t1_p5z2jse,0,0.008711384609341621,-4.734375,0,0.023611025884747505,0.49071988463401794,0.4712468683719635,0.014422199688851833,0,0.02801027616326973,taglish,comment,True,majority,3-0,0,0
t1_p5z2t5f,0,0.018978038802742958,-3.9453125,0,0.02075732871890068,0.47905397415161133,0.4850924611091614,0.015096238814294338,0,0.04947039870275616,taglish,comment,True,unanimous,3-0,0,0
t1_p5z2zvd,1,0.6361271142959595,0.55859375,1,0.2839212417602539,0.3964509963989258,0.3046959638595581,0.014931833371520042,1,0.6031176710719465,tagalog,comment,True,majority,3-0,1,1
t1_p5z3fwx,0,0.018124721944332123,-3.9921875,0,0.0232224240899086,0.48542356491088867,0.4814282953739166,0.009925712831318378,0,0.04784499205956626,taglish,comment,True,unanimous,3-0,0,0
t1_p5z3w01,0,0.13939638435840607,-1.8203125,0,0.08817046135663986,0.460445761680603,0.4408523142337799,0.01053147204220295,0,0.2036406592960744,taglish,comment,True,unanimous,3-0,0,0
t1_p5z4so5,0,0.015072628855705261,-4.1796875,0,0.01946258172392845,0.4841788113117218,0.4841788113117218,0.01217980869114399,0,0.041837365350544393,taglish,comment,True,unanimous,3-0,0,0
t1_p5z5ipw,0,0.04501553252339363,-3.0546875,0,0.03694627806544304,0.4765315651893616,0.4725102186203003,0.014011938124895096,0,0.09208573145653194,tagalog,comment,True,adjudicator,3-0,0,0
t1_p5z79pk,0,0.021125193685293198,-3.8359375,0,0.009084556251764297,0.491963654756546,0.4878978431224823,0.011053935624659061,0,0.053468773484727145,taglish,comment,True,adjudicator,2-1,0,0
t1_p5z7dkf,0,0.05460060387849808,-2.8515625,0,0.04469134286046028,0.4793708324432373,0.4653891623020172,0.010548654943704605,0,0.10562234808337331,taglish,comment,True,unanimous,3-0,0,0
t1_p5z7q2j,0,0.16451646387577057,-1.625,0,0.1112917810678482,0.44709426164627075,0.42975008487701416,0.011863896623253822,0,0.22839881981745097,taglish,comment,True,majority,3-0,0,0
t1_p5z8f79,0,0.8824278712272644,2.015625,1,0.410632461309433,0.31714025139808655,0.24931256473064423,0.022914757952094078,1,0.8190630742952435,taglish,comment,True,adjudicator,2-1,0,0
t1_p5z8ue3,0,0.02096424251794815,-3.84375,0,0.028705766424536705,0.48106902837753296,0.47908931970596313,0.011135857552289963,0,0.05317333894049006,taglish,comment,True,majority,3-0,0,0
t1_p5z998y,0,0.475102961063385,-0.09967041015625,0,0.2097235471010208,0.4041944742202759,0.3622497618198395,0.02383222058415413,0,0.48134155806879675,taglish,comment,True,adjudicator,3-0,0,0
t1_p5z9z6z,0,0.07640768587589264,-2.4921875,0,0.0617981031537056,0.4705590307712555,0.456660658121109,0.010982193052768707,0,0.13388562474662985,taglish,comment,True,adjudicator,3-0,0,0
t1_p5za4gp,0,0.018978038802742958,-3.9453125,0,0.016572175547480583,0.500404953956604,0.4724939167499542,0.010528938844799995,0,0.04947039870275616,taglish,comment,True,adjudicator,3-0,0,0
t1_p5zafuy,0,0.028652667999267578,-3.5234375,0,0.04424725100398064,0.48623350262641907,0.45511457324028015,0.014404667541384697,0,0.06663317770797107,english,comment,True,majority,3-0,0,0
t1_p5zajnv,0,0.020645931363105774,-3.859375,0,0.015094339847564697,0.48905661702156067,0.48503145575523376,0.01081760972738266,0,0.05258708638282998,taglish,comment,True,majority,3-0,0,0
t1_p5zb1aa,0,0.2146914005279541,-1.296875,0,0.1095486655831337,0.4440896511077881,0.4342646598815918,0.01209702156484127,0,0.27456997007831346,taglish,comment,True,unanimous,3-0,0,0
t1_p5zblr6,0,0.5309776067733765,0.1240692138671875,1,0.23713386058807373,0.395845502614975,0.34916558861732483,0.01785505935549736,1,0.5232200083395838,tagalog,comment,True,adjudicator,2-1,0,0
t1_p5zbsyw,0,0.15765489637851715,-1.67578125,0,0.09991429001092911,0.4525529444217682,0.4349210262298584,0.01261173002421856,0,0.2217637607353255,taglish,comment,True,majority,3-0,0,0
t1_p5zca8w,0,0.010818448849022388,-4.515625,0,0.009448623284697533,0.5012743473052979,0.4774041175842285,0.011872940696775913,0,0.032834290084680744,taglish,comment,True,majority,3-0,0,0
t1_p5zegy3,0,0.05665242671966553,-2.8125,0,0.05142100900411606,0.4678303599357605,0.46581384539604187,0.014934778213500977,0,0.10841886602556666,taglish,comment,True,majority,3-0,0,0
t1_p5zgd61,0,0.02779562398791313,-3.5546875,0,0.047107137739658356,0.485082745552063,0.454161137342453,0.013648991473019123,0,0.06519185860999926,english,comment,True,majority,3-0,0,0
t1_p5zhwji,0,0.09401018172502518,-2.265625,0,0.080450139939785,0.4807853400707245,0.4290674030780792,0.009697115048766136,0,0.1548181007266743,taglish,comment,True,unanimous,3-0,0,0
t1_p5zi6km,0,0.014957086183130741,-4.1875,0,0.019086826592683792,0.4830339252948761,0.485029935836792,0.012849301099777222,0,0.04160337379848945,taglish,comment,True,unanimous,3-0,0,0
t1_p5zl5v6,0,0.875361442565918,1.94921875,1,0.41801631450653076,0.3064191937446594,0.24778342247009277,0.027781061828136444,1,0.8115730685015304,taglish,comment,True,majority,3-0,0,0
t1_p5zu0gn,0,0.014728614129126072,-4.203125,0,0.013583197258412838,0.48497045040130615,0.48497045040130615,0.016475915908813477,0,0.04113914117147127,taglish,comment,True,unanimous,3-0,0,0
t1_p5zvoje,0,0.008187909610569477,-4.796875,0,0.009825125336647034,0.4983006715774536,0.4765494763851166,0.015324723906815052,0,0.02676329726778762,taglish,comment,True,majority,3-0,0,0
t1_p5zzaj2,0,0.10594828426837921,-2.1328125,0,0.06553769111633301,0.48713088035583496,0.4343094825744629,0.01302194781601429,0,0.16828875560596268,taglish,comment,True,adjudicator,2-1,0,1
t1_p602o0j,0,0.011687257327139378,-4.4375,0,0.013140847906470299,0.4994755983352661,0.4757850468158722,0.011598494835197926,0,0.03474459122869208,taglish,comment,True,unanimous,3-0,0,0
t1_p60419u,0,0.06512754410505295,-2.6640625,0,0.03396391496062279,0.5014671683311462,0.4535181224346161,0.011050758883357048,0,0.11964545942825905,taglish,comment,True,adjudicator,2-1,0,0
t1_p607m5q,0,0.011869121342897415,-4.421875,0,0.012375472113490105,0.49897903203964233,0.47719818353652954,0.011447311379015446,0,0.03513930927505064,taglish,comment,True,unanimous,3-0,0,0
t1_p60c9w7,0,0.012053778395056725,-4.40625,0,0.01907849684357643,0.48282313346862793,0.4848182499408722,0.013280129991471767,0,0.03553834644186387,taglish,comment,True,unanimous,3-0,0,0
t1_p60h4k2,0,0.01971912942826748,-3.90625,0,0.02700675092637539,0.482120543718338,0.4801200330257416,0.01075268816202879,0,0.05086475715029827,taglish,comment,True,unanimous,3-0,0,0
t1_p60ini5,1,0.20946967601776123,-1.328125,0,0.10676461458206177,0.4466482996940613,0.43097642064094543,0.015610652044415474,0,0.2699316180463497,english,comment,True,majority,3-0,1,1
t1_p60ltlu,0,0.014728614129126072,-4.203125,0,0.014840465039014816,0.5006183385848999,0.4729161560535431,0.011625031009316444,0,0.04113914117147127,english,comment,True,majority,3-0,0,0
t1_p60m9a1,0,0.011331754736602306,-4.46875,0,0.021771037951111794,0.49510762095451355,0.4716242551803589,0.011497064493596554,0,0.03396794028155376,taglish,comment,True,majority,3-0,0,0
t1_p60mlo8,0,0.011869121342897415,-4.421875,0,0.019725343212485313,0.48139825463294983,0.4853932559490204,0.013483146205544472,0,0.03513930927505064,taglish,comment,True,unanimous,3-0,0,0
t1_p60muff,0,0.21601152420043945,-1.2890625,0,0.08072144538164139,0.46011224389076233,0.4459860026836395,0.01318029873073101,0,0.275737267621891,taglish,comment,True,unanimous,3-0,0,0
t1_p60sjby,0,0.22953519225120544,-1.2109375,0,0.11895368993282318,0.44279906153678894,0.4253201484680176,0.012927110306918621,0,0.28757762952624866,taglish,comment,True,adjudicator,3-0,0,0
t1_p60w4q8,0,0.012821215204894543,-4.34375,0,0.023176126182079315,0.4804685115814209,0.4804685115814209,0.015886859968304634,0,0.037178561446541046,taglish,comment,True,unanimous,3-0,0,0
t1_p616jzp,0,0.048496000468730927,-2.9765625,0,0.027250362560153008,0.4824323356151581,0.4804137945175171,0.00990348868072033,0,0.09709720337870163,taglish,comment,True,adjudicator,2-1,0,0
t1_p61esk1,0,0.010489092208445072,-4.546875,0,0.01165024470537901,0.4977381229400635,0.47592487931251526,0.014686744660139084,0,0.032098920378265644,taglish,comment,True,unanimous,3-0,0,0
t1_p61jmcu,0,0.018833130598068237,-3.953125,0,0.02250000089406967,0.4819999933242798,0.4819999933242798,0.013500000350177288,0,0.04919590838703354,taglish,comment,True,unanimous,3-0,0,0
t1_p61jws7,0,0.32723817229270935,-0.720703125,0,0.21367903053760529,0.41484129428863525,0.3361645042896271,0.03531515598297119,0,0.3682068214720002,english,comment,True,adjudicator,2-1,0,1
t1_p61uox2,0,0.016657039523124695,-4.078125,0,0.019076118245720863,0.48475781083106995,0.48475781083106995,0.011408266611397266,0,0.04499600679287852,taglish,comment,True,unanimous,3-0,0,0
t1_p61w981,0,0.42286208271980286,-0.31103515625,0,0.1928945779800415,0.41560861468315125,0.38019803166389465,0.011298776604235172,0,0.4420088770450797,taglish,comment,True,majority,3-0,0,0
t1_p61w9xz,0,0.012431650422513485,-4.375,0,0.024759117513895035,0.4917672872543335,0.4703012704849243,0.013172337785363197,0,0.036349552458675695,english,comment,True,adjudicator,2-1,0,0
t1_p6214pr,0,0.019271137192845345,-3.9296875,0,0.028500311076641083,0.47990044951438904,0.47990044951438904,0.01169881783425808,0,0.050023740307959856,taglish,comment,True,unanimous,3-0,0,0
t1_p630e86,0,0.16451646387577057,-1.625,0,0.08166313916444778,0.46209385991096497,0.444167822599411,0.012075189501047134,0,0.22839881981745097,tagalog,comment,True,adjudicator,2-1,0,0
t1_p63itkv,0,0.6404110193252563,0.5771484375,1,0.28767749667167664,0.37562987208366394,0.3206596374511719,0.016032982617616653,1,0.6064401271974136,english,comment,True,majority,3-0,0,0
t1_p63l8fh,0,0.01384861022233963,-4.265625,0,0.022781027480959892,0.48201170563697815,0.4800199270248413,0.01518735196441412,0,0.03933133410143569,english,comment,True,adjudicator,2-1,0,0
t1_p63qyw4,0,0.12168575078248978,-1.9765625,0,0.05562964454293251,0.4755191504955292,0.45722994208335876,0.011621261015534401,0,0.18531434550365491,tagalog,comment,True,adjudicator,2-1,0,0
t1_p63x3gh,0,0.35353976488113403,-0.603515625,0,0.17392326891422272,0.4192960858345032,0.39485281705856323,0.01192784495651722,0,0.3888554414132434,taglish,comment,True,adjudicator,2-1,0,0
t1_p644uyu,0,0.012241275049746037,-4.390625,0,0.02048671431839466,0.48075491189956665,0.4847280979156494,0.014030295424163342,0,0.03594174622161488,taglish,comment,True,unanimous,3-0,0,0
t1_p64ib8c,0,0.04672495648264885,-3.015625,0,0.03582466021180153,0.478334903717041,0.4742983281612396,0.011542100459337234,0,0.09456173981316968,tagalog,comment,True,adjudicator,2-1,0,0
t1_p64u75y,0,0.010652512311935425,-4.53125,0,0.016123076900839806,0.49821537733078003,0.4745846092700958,0.011076923459768295,0,0.032464593008292054,taglish,comment,True,unanimous,3-0,0,0
t1_p650yjl,0,0.012624949216842651,-4.359375,0,0.017951754853129387,0.4846973717212677,0.4846973717212677,0.012653493322432041,0,0.036761809350129786,taglish,comment,True,unanimous,3-0,0,0
t1_p651rju,0,0.009125636890530586,-4.6875,0,0.0207380298525095,0.4938090741634369,0.4742909371852875,0.01116193924099207,0,0.0289823615333465,taglish,comment,True,adjudicator,2-1,0,0
t1_p655j54,0,0.02080449089407921,-3.8515625,0,0.0200980082154274,0.500217080116272,0.4664722979068756,0.013212580233812332,0,0.05287944558456361,taglish,comment,True,unanimous,3-0,0,0
t1_p656d1x,0,0.26664361357688904,-1.01171875,0,0.16697761416435242,0.427238792181015,0.38992536067962646,0.015858208760619164,0,0.31909527161896223,english,comment,True,adjudicator,2-1,0,0
t1_p656jyx,0,0.01784873940050602,-4.0078125,0,0.009052924811840057,0.49025070667266846,0.4882248640060425,0.012471511960029602,0,0.04731455050714704,taglish,comment,True,unanimous,3-0,0,0
t1_p656rg4,0,0.017176708206534386,-4.046875,0,0.01342281885445118,0.5031071305274963,0.47327864170074463,0.010191399604082108,0,0.046012796033967227,taglish,comment,True,majority,3-0,0,0
t1_p6578jk,0,0.07864238321781158,-2.4609375,0,0.06700006127357483,0.47815871238708496,0.44538170099258423,0.00945954117923975,0,0.1366237195539455,taglish,comment,True,unanimous,3-0,0,0
t1_p657tbd,0,0.4820024073123932,-0.072021484375,0,0.23107661306858063,0.3945655822753906,0.354378342628479,0.0199794489890337,0,0.48651448391472407,english,comment,True,adjudicator,2-1,0,1
t1_p6595x1,0,0.06560484319925308,-2.65625,0,0.027312548831105232,0.48647254705429077,0.4741046130657196,0.012110280804336071,0,0.12026330697210863,tagalog,comment,True,majority,3-0,0,0
t1_p65gf5j,0,0.016914913430809975,-4.0625,0,0.008508476428687572,0.4896818697452545,0.4896818697452545,0.012127754278481007,0,0.045501696713335225,tagalog,comment,True,adjudicator,2-1,0,0
t1_p65i5qr,0,0.12592275440692902,-1.9375,0,0.07358478754758835,0.4642261862754822,0.45237359404563904,0.00981542095541954,0,0.18977313124006817,taglish,comment,True,majority,3-0,0,0
t1_p65k14a,0,0.38294878602027893,-0.47705078125,0,0.1678788661956787,0.4673900008201599,0.3491117060184479,0.015619411133229733,0,0.4115929049486814,tagalog,comment,True,adjudicator,2-1,0,0
t1_p65kqda,0,0.010328153148293495,-4.5625,0,0.0295261237770319,0.4899149537086487,0.4646415412425995,0.015917375683784485,0,0.031737231481715415,english,comment,True,majority,3-0,0,0
t1_p65l49e,0,0.053403329104185104,-2.875,0,0.051845449954271317,0.49179112911224365,0.4424145221710205,0.013948895037174225,0,0.1039751309639871,tagalog,comment,True,adjudicator,2-1,0,0
t1_p65mrzl,0,0.032344330102205276,-3.3984375,0,0.04741064831614494,0.4823729693889618,0.45708727836608887,0.013129102997481823,0,0.07269893990947067,english,comment,True,majority,3-0,0,0
t1_p65n1i6,0,0.024423090741038322,-3.6875,0,0.019884219393134117,0.4812484383583069,0.4832620322704315,0.015605336055159569,0,0.05938436178912311,taglish,comment,True,majority,3-0,0,0
t1_p65nb4r,0,0.020023442804813385,-3.890625,0,0.015369360335171223,0.49776896834373474,0.47198811173439026,0.014873574487864971,0,0.05143285117077024,english,comment,True,majority,3-0,0,0
t1_p65pbc7,0,0.27708157896995544,-0.958984375,0,0.14960350096225739,0.46774765849113464,0.36927446722984314,0.013374364003539085,0,0.32773956408424915,tagalog,comment,True,adjudicator,2-1,0,0
t1_p65rlmo,0,0.011158031411468983,-4.484375,0,0.023381074890494347,0.49357327818870544,0.4720284044742584,0.011017260141670704,0,0.03358592214713221,taglish,comment,True,majority,3-0,0,0
t1_p65uqzq,0,0.3298232853412628,-0.708984375,0,0.19837775826454163,0.3949015140533447,0.3726535439491272,0.03406720608472824,0,0.3702514710052344,english,comment,True,majority,3-0,0,0
t1_p661azn,1,0.16184942424297333,-1.64453125,0,0.045971039682626724,0.48412442207336426,0.4571131765842438,0.012791377492249012,0,0.2258304508673948,english,comment,True,majority,3-0,1,1
t1_p66882u,0,0.2670257091522217,-1.009765625,0,0.16271501779556274,0.4425848424434662,0.3774988353252411,0.01720130257308483,0,0.3194132682270946,english,comment,True,majority,3-0,0,0
t1_p66kjs6,0,0.01971912942826748,-3.90625,0,0.03506605699658394,0.47413259744644165,0.4721570611000061,0.01864427700638771,0,0.05086475715029827,english,comment,True,majority,3-0,0,0
t1_p66om79,0,0.6041070222854614,0.422607421875,1,0.27219194173812866,0.411777526140213,0.30010905861854553,0.01592148281633854,1,0.5784948979978723,taglish,comment,True,adjudicator,2-1,0,0
t1_p66pvj1,0,0.012624949216842651,-4.359375,0,0.01848498173058033,0.48360708355903625,0.48360708355903625,0.014300880953669548,0,0.036761809350129786,english,comment,True,majority,3-0,0,0
t1_p66r9kz,0,0.06097517907619476,-2.734375,0,0.047162674367427826,0.4680958390235901,0.4620428681373596,0.02269861288368702,0,0.11420740374662035,tagalog,comment,True,adjudicator,3-0,0,0
t1_p66tpb2,0,0.049958519637584686,-2.9453125,0,0.03132161870598793,0.478736937046051,0.4746626019477844,0.015278838574886322,0,0.09916908254631718,english,comment,True,majority,3-0,0,0
t1_p66vjwx,0,0.05707139894366264,-2.8046875,0,0.049028851091861725,0.4726884067058563,0.46665409207344055,0.01162863802164793,0,0.10898591664033609,tagalog,comment,True,majority,3-0,0,0
t1_p66w6a3,0,0.07807817310094833,-2.46875,0,0.04109589010477066,0.49215441942214966,0.45429638028144836,0.012453299947082996,0,0.1359348084431743,tagalog,comment,True,majority,3-0,0,0
t1_p675hvz,0,0.34356191754341125,-0.6474609375,0,0.11008472740650177,0.4546091556549072,0.4219914674758911,0.013314645737409592,0,0.38106090616798105,taglish,comment,True,unanimous,3-0,0,0
t1_p67gtqn,0,0.09334688633680344,-2.2734375,0,0.09526658803224564,0.45574772357940674,0.4404284656047821,0.008557237684726715,0,0.15405381623878117,taglish,comment,True,unanimous,3-0,0,0
t1_p67i2nm,0,0.33895182609558105,-0.66796875,0,0.232301726937294,0.396484911441803,0.3598056733608246,0.011407674290239811,0,0.37744405127011416,tagalog,comment,True,majority,3-0,0,0
t1_p67j2mc,0,0.012821215204894543,-4.34375,0,0.012808555737137794,0.4994093179702759,0.4755331575870514,0.012248958460986614,0,0.037178561446541046,tagalog,comment,True,majority,3-0,0,0
t1_p67kt9n,0,0.037047166377305984,-3.2578125,0,0.020931117236614227,0.48509451746940613,0.48306483030319214,0.01090955175459385,0,0.08012854631784959,taglish,comment,True,majority,3-0,0,0
t1_p67mqq5,0,0.16184942424297333,-1.64453125,0,0.216417133808136,0.40309756994247437,0.3634486198425293,0.01703665405511856,0,0.2258304508673948,english,comment,True,majority,3-0,0,0
t1_p67usuh,0,0.02822098508477211,-3.5390625,0,0.014557243324816227,0.4902421832084656,0.48210540413856506,0.013095162808895111,0,0.06590885633914588,taglish,comment,True,unanimous,3-0,0,0
t1_p67uwel,0,0.007577240467071533,-4.875,0,0.006505979225039482,0.5016419887542725,0.4798314571380615,0.012020571157336235,0,0.025280324796512977,taglish,comment,True,unanimous,3-0,0,0
t1_p67v0lr,0,0.30611205101013184,-0.818359375,0,0.11807020008563995,0.4702964127063751,0.3909215033054352,0.02071189321577549,0,0.3513576532282272,tagalog,comment,True,adjudicator,2-1,0,0
t1_p67vk7r,0,0.09334688633680344,-2.2734375,0,0.051869947463274,0.4750986695289612,0.4590615928173065,0.013969805091619492,0,0.15405381623878117,english,comment,True,majority,3-0,0,0
t1_p67vyc3,0,0.02161533385515213,-3.8125,0,0.017858250066637993,0.5000309944152832,0.47026726603507996,0.011843492276966572,0,0.05436439490151039,tagalog,comment,True,majority,3-0,0,0
t1_p67x3v9,0,0.019271137192845345,-3.9296875,0,0.018303239718079567,0.49863961338996887,0.4729161560535431,0.010140984319150448,0,0.050023740307959856,english,comment,True,majority,3-0,0,0
t1_p67xlc9,0,0.01652955636382103,-4.0859375,0,0.015406597405672073,0.4989749789237976,0.4711436927318573,0.014474746771156788,0,0.0447451743035627,taglish,comment,True,majority,3-0,0,0
t1_p67xo52,1,0.8037906289100647,1.41015625,1,0.3944588005542755,0.3099319040775299,0.259215772151947,0.03639351949095726,1,0.7420064869839847,tagalog,comment,True,majority,3-0,1,1
t1_p67y1v1,0,0.014063626527786255,-4.25,0,0.023821217939257622,0.4970530569553375,0.4675835072994232,0.011542239226400852,0,0.03977601286698117,tagalog,comment,True,adjudicator,2-1,0,1
t1_p67y5n5,0,0.08945459872484207,-2.3203125,0,0.09048473834991455,0.47109514474868774,0.4155595600605011,0.022860562428832054,0,0.1495327693672716,tagalog,comment,True,unanimous,3-0,0,0
t1_p6819md,0,0.8683809638023376,1.88671875,1,0.40693432092666626,0.3010948896408081,0.26094889640808105,0.031021898612380028,1,0.8043082741647734,english,comment,True,adjudicator,2-1,0,1
t1_p685eax,0,0.2798284888267517,-0.9453125,0,0.10327152907848358,0.46370941400527954,0.419160932302475,0.0138581283390522,0,0.330000188735297,tagalog,comment,True,adjudicator,2-1,0,0
t1_p68a85m,0,0.017309095710515976,-4.0390625,0,0.012845662422478199,0.485983669757843,0.48395875096321106,0.017211921513080597,0,0.046270390356679215,taglish,comment,True,majority,3-0,0,0
t1_p68bki8,0,0.043691061437129974,-3.0859375,0,0.06542569398880005,0.4648153781890869,0.4570033550262451,0.012755569070577621,0,0.09014703110634038,taglish,comment,True,majority,3-0,0,0
t1_p68h6ho,0,0.007232763804495335,-4.921875,0,0.012303149327635765,0.4960629940032959,0.4763779640197754,0.01525590568780899,0,0.024429284020908854,taglish,comment,True,unanimous,3-0,0,0
t1_p68hnvq,0,0.33415472507476807,-0.689453125,0,0.1517793983221054,0.4317699670791626,0.40537354350090027,0.01107706781476736,0,0.3736695519523999,english,comment,True,majority,3-0,0,0
t1_p68nj1y,0,0.6130049228668213,0.4599609375,1,0.272183895111084,0.38620689511299133,0.3273563086986542,0.01425287313759327,1,0.5853029599729398,taglish,comment,True,majority,3-0,0,0
t1_p68p9ww,0,0.007232763804495335,-4.921875,0,0.018657399341464043,0.49362844228744507,0.4741174280643463,0.013596732169389725,0,0.024429284020908854,taglish,comment,True,unanimous,3-0,0,0
t1_p68rnzt,0,0.020023442804813385,-3.890625,0,0.024998437613248825,0.4839697480201721,0.4799700081348419,0.01106180902570486,0,0.05143285117077024,taglish,comment,True,majority,3-0,0,0
t1_p695c5c,0,0.016657039523124695,-4.078125,0,0.027581065893173218,0.4790657162666321,0.4770779013633728,0.01627531461417675,0,0.04499600679287852,taglish,comment,True,majority,3-0,0,0
t1_p6972gb,0,0.04023794084787369,-3.171875,0,0.050813622772693634,0.48006775975227356,0.4568386673927307,0.012279958464205265,0,0.08500399997981964,tagalog,comment,True,majority,3-0,0,0
t1_p69t9vn,0,0.016029147431254387,-4.1171875,0,0.023163137957453728,0.4821917712688446,0.4821917712688446,0.012453299947082996,0,0.04375511214698672,taglish,comment,True,majority,3-0,0,0
t1_p69tbzs,1,0.16238003969192505,-1.640625,0,0.10308776795864105,0.45125213265419006,0.4356917142868042,0.009968392550945282,0,0.22634248360739798,tagalog,comment,True,adjudicator,2-1,1,1
t1_p69yce2,0,0.8489722013473511,1.7265625,1,0.3943145275115967,0.3191196620464325,0.25676295161247253,0.029802842065691948,1,0.7847323229046037,tagalog,comment,True,adjudicator,2-1,0,0
t1_p69zn8v,0,0.11879339814186096,-2.00390625,0,0.07926677912473679,0.4637106657028198,0.4458756446838379,0.011146890930831432,0,0.18224162999608187,tagalog,comment,True,adjudicator,2-1,0,0
t1_p6a1tky,0,0.018833130598068237,-3.953125,0,0.030475951731204987,0.47557535767555237,0.4795886278152466,0.014360067434608936,0,0.04919590838703354,tagalog,comment,True,adjudicator,3-0,0,0
t1_p6a7ngv,0,0.746508777141571,1.080078125,1,0.33363887667655945,0.34830430150032043,0.2951420843601227,0.022914757952094078,1,0.6919271403231874,taglish,comment,True,adjudicator,2-1,0,0
t1_p6ae97q,0,0.04240382835268974,-3.1171875,0,0.04231347143650055,0.4667000472545624,0.4687030613422394,0.02228342555463314,0,0.08824517950541334,english,comment,True,unanimous,3-0,0,0
t1_p6avr6a,1,0.2186693549156189,-1.2734375,0,0.11417513340711594,0.4683115482330322,0.402515709400177,0.014997581019997597,0,0.2780810596174125,taglish,comment,True,majority,3-0,1,1
t1_p6br5ul,0,0.09334688633680344,-2.2734375,0,0.03768989071249962,0.47996923327445984,0.4697134792804718,0.012627395801246166,0,0.15405381623878117,taglish,comment,True,unanimous,3-0,0,0
t1_p6bufix,0,0.2579519748687744,-1.056640625,0,0.1313806027173996,0.43335989117622375,0.41963356733322144,0.015625957399606705,0,0.31182821241660985,tagalog,comment,True,unanimous,3-0,0,0
t1_p6c038g,0,0.01590639352798462,-4.125,0,0.02285214699804783,0.4815184772014618,0.48351648449897766,0.01211288757622242,0,0.0435108819223144,taglish,comment,True,unanimous,3-0,0,0
t1_p6c40zg,0,0.2330075204372406,-1.19140625,0,0.13232719898223877,0.43851494789123535,0.4153335392475128,0.013824328780174255,0,0.29058465911395986,tagalog,comment,True,adjudicator,2-1,0,0
t1_p6cabpt,0,0.030675798654556274,-3.453125,0,0.04872047156095505,0.47047245502471924,0.46259841322898865,0.018208662047982216,0,0.06998493291195615,english,comment,True,adjudicator,2-1,0,0
t1_p6cd5mu,0,0.012821215204894543,-4.34375,0,0.01924748532474041,0.4808146059513092,0.48478826880455017,0.015149633400142193,0,0.037178561446541046,english,comment,True,majority,3-0,0,0
t1_p6chu5d,0,0.4130035638809204,-0.3515625,0,0.22999079525470734,0.3863845467567444,0.3532658815383911,0.03035878576338291,0,0.43453441442164686,english,comment,True,majority,3-0,0,0
t1_p6clw9k,0,0.01342825498431921,-4.296875,0,0.019910402595996857,0.4838227927684784,0.4838227927684784,0.012444001622498035,0,0.03845623978795531,taglish,comment,True,unanimous,3-0,0,0
t1_p6cmyu9,0,0.00857748556882143,-4.75,0,0.005414771381765604,0.4990253448486328,0.48318326473236084,0.012376620434224606,0,0.02769333972740153,taglish,comment,True,unanimous,3-0,0,0
t1_p6cnw1j,0,0.026759279891848564,-3.59375,0,0.012315114960074425,0.48955753445625305,0.48752617835998535,0.010601155459880829,0,0.06343099810285073,english,comment,True,majority,3-0,0,0
t1_p6co89h,0,0.03258974477648735,-3.390625,0,0.026774438098073006,0.48092952370643616,0.47688809037208557,0.015407931059598923,0,0.07309448494742783,english,comment,True,adjudicator,2-1,0,0
t1_p6cpjq0,0,0.015189048834145069,-4.171875,0,0.015317011624574661,0.4841180145740509,0.4841180145740509,0.016446955502033234,0,0.0420726151776803,tagalog,comment,True,adjudicator,2-1,0,0
t1_p6cqrb7,0,0.07423137128353119,-2.5234375,0,0.07627952843904495,0.4448818862438202,0.4448818862438202,0.03395669162273407,0,0.13119406603251194,english,comment,True,majority,3-0,0,0
t1_p6cqz6j,0,0.02779562398791313,-3.5546875,0,0.014066738076508045,0.48646944761276245,0.48848798871040344,0.010975840501487255,0,0.06519185860999926,taglish,comment,True,majority,3-0,0,0
t1_p6cwcvw,0,0.012624949216842651,-4.359375,0,0.01702553778886795,0.4827241003513336,0.48673009872436523,0.013520280830562115,0,0.036761809350129786,taglish,comment,True,majority,3-0,0,0
t1_p6d0ute,0,0.020023442804813385,-3.890625,0,0.022498594596982002,0.4839697480201721,0.4819698631763458,0.01156177744269371,0,0.05143285117077024,taglish,comment,True,adjudicator,2-1,0,0
t1_p6d2bev,0,0.014063626527786255,-4.25,0,0.02318623848259449,0.48067814111709595,0.48067814111709595,0.01545749232172966,0,0.03977601286698117,taglish,comment,True,unanimous,3-0,0,0
t1_p6d2xv7,0,0.007577240467071533,-4.875,0,0.016879701986908913,0.4931808412075043,0.4775243103504181,0.012415142729878426,0,0.025280324796512977,taglish,comment,True,majority,3-0,0,0
t1_p6d4a5b,0,0.09009299427270889,-2.3125,0,0.06561825424432755,0.4677150845527649,0.4578476846218109,0.008818995207548141,0,0.15027860877193056,taglish,comment,True,majority,3-0,0,0
t1_p6d4a5h,0,0.010328153148293495,-4.5625,0,0.01527375727891922,0.49664345383644104,0.47496458888053894,0.013118186965584755,0,0.031737231481715415,taglish,comment,True,majority,3-0,0,0
t1_p6d4m4o,0,0.014281933195888996,-4.234375,0,0.023784322664141655,0.4801693558692932,0.4801693558692932,0.015876969322562218,0,0.04022550864147266,taglish,comment,True,majority,3-0,0,0
t1_p6d5a9r,0,0.016277462244033813,-4.1015625,0,0.016557734459638596,0.501960813999176,0.47009027004241943,0.011391223408281803,0,0.044247502352832487,taglish,comment,True,majority,3-0,0,0
t1_p6d5ebs,0,0.011508148163557053,-4.453125,0,0.013362201862037182,0.49687597155570984,0.4751005172729492,0.014661305584013462,0,0.034354149161319444,english,comment,True,majority,3-0,0,0
t1_p6d5g6l,0,0.007815889082849026,-4.84375,0,0.010420520789921284,0.4972253143787384,0.4794672727584839,0.012886915355920792,0,0.025863658157008633,tagalog,comment,True,adjudicator,2-1,0,0
t1_p6d602e,0,0.46405139565467834,-0.14404296875,0,0.2364087551832199,0.43491992354393005,0.31400856375694275,0.014662756584584713,0,0.4730485732830267,taglish,comment,True,majority,3-0,0,0
t1_p6d679g,0,0.007345826830714941,-4.90625,0,0.00828182976692915,0.49839308857917786,0.48059332370758057,0.012731767259538174,0,0.02470981430760416,taglish,comment,True,majority,3-0,0,0
t1_p6d6eto,0,0.02096424251794815,-3.84375,0,0.022441092878580093,0.4807380735874176,0.4847275912761688,0.012093255296349525,0,0.05317333894049006,tagalog,comment,True,adjudicator,2-1,0,0
t1_p6d72uq,0,0.024053553119301796,-3.703125,0,0.019357288256287575,0.48380565643310547,0.48380565643310547,0.013031376525759697,0,0.05873387865683369,tagalog,comment,True,adjudicator,2-1,0,1
t1_p6d76ne,0,0.008187909610569477,-4.796875,0,0.010588524863123894,0.49839940667152405,0.47869983315467834,0.012312238104641438,0,0.02676329726778762,taglish,comment,True,unanimous,3-0,0,0
t1_p6dbzkq,0,0.010013570077717304,-4.59375,0,0.011647357605397701,0.49959731101989746,0.47580695152282715,0.01294839195907116,0,0.03102564374789907,taglish,comment,True,adjudicator,2-1,0,0
t1_p6dhcd8,0,0.2954331338405609,-0.869140625,0,0.13275612890720367,0.475228488445282,0.3790283799171448,0.012987012974917889,0,0.3427372430589863,taglish,comment,True,adjudicator,2-1,0,1
t1_p6dl87e,0,0.7248703241348267,0.96875,1,0.32014891505241394,0.35551419854164124,0.30339694023132324,0.02093997225165367,1,0.6738702969687085,tagalog,comment,True,adjudicator,2-1,0,0
t1_p6dlj67,0,0.019419347867369652,-3.921875,0,0.031172070652246475,0.47481295466423035,0.47680798172950745,0.017206981778144836,0,0.05030260517588418,english,comment,True,unanimous,3-0,0,0
t1_p6doeci,1,0.4477621018886566,-0.209716796875,0,0.15503080189228058,0.435318261384964,0.3921971321105957,0.01745379902422428,0,0.4608030734354993,taglish,comment,True,majority,3-0,1,1
t1_p6du7t8,1,0.7613611221313477,1.16015625,1,0.3383106291294098,0.34702998399734497,0.29645776748657227,0.018201634287834167,1,0.7045657108883718,taglish,comment,True,majority,3-0,1,1
t1_p6dumj1,0,0.00806199200451374,-4.8125,0,0.0189336109906435,0.49447259306907654,0.47492823004722595,0.011665547266602516,0,0.02646008630603746,english,comment,True,adjudicator,2-1,0,0
t1_p6dx5af,1,0.8529354929924011,1.7578125,1,0.39841750264167786,0.3109146058559418,0.2569234371185303,0.03374447301030159,1,0.7886607271288552,taglish,comment,True,majority,3-0,1,1
t1_p6dzcut,0,0.012821215204894543,-4.34375,0,0.01884908229112625,0.48333540558815,0.4853326678276062,0.012482835911214352,0,0.037178561446541046,taglish,comment,True,adjudicator,3-0,0,0
t1_p6e0fce,0,0.009125636890530586,-4.6875,0,0.02471691183745861,0.4909290075302124,0.4694995880126953,0.014854499138891697,0,0.0289823615333465,english,comment,True,majority,3-0,0,0
t1_p6e1bpi,0,0.017442483454942703,-4.03125,0,0.03526050224900246,0.4921879768371582,0.4630068838596344,0.00954465288668871,0,0.046529356438525696,taglish,comment,True,unanimous,3-0,0,0
t1_p6e2mll,0,0.5043944120407104,0.017578125,1,0.2304956167936325,0.3907991349697113,0.35854873061180115,0.020156510174274445,1,0.5032921310604321,taglish,comment,True,adjudicator,2-1,0,1
t1_p6e8qgz,0,0.015424554236233234,-4.15625,0,0.025201737880706787,0.4826815724372864,0.4787088632583618,0.013407820835709572,0,0.042546914139551965,english,comment,True,unanimous,3-0,0,0
t1_p6ebd8n,1,0.00985985528677702,-4.609375,0,0.01235941145569086,0.4983314871788025,0.4765789210796356,0.012730194255709648,0,0.030675665191402326,taglish,comment,True,majority,3-0,1,1
t1_p6ehy4o,0,0.01578456163406372,-4.1328125,0,0.020865870639681816,0.4857874810695648,0.481789231300354,0.011557443998754025,0,0.04326795324716089,tagalog,comment,True,adjudicator,2-1,0,0
t1_p6eids9,0,0.016914913430809975,-4.0625,0,0.011560328304767609,0.48717623949050903,0.48717623949050903,0.014087175950407982,0,0.045501696713335225,taglish,comment,True,majority,3-0,0,0
t1_p6ej25y,0,0.007011795416474342,-4.953125,0,0.018916280940175056,0.494020015001297,0.47449353337287903,0.012570173479616642,0,0.023877508806176746,taglish,comment,True,majority,3-0,0,0
t1_p6eld8l,0,0.014957086183130741,-4.1875,0,0.016413673758506775,0.497593492269516,0.4699493944644928,0.016043441370129585,0,0.04160337379848945,english,comment,True,majority,3-0,0,0
t1_p6em1fp,0,0.010986942797899246,-4.5,0,0.02374395728111267,0.49348264932632446,0.4699834883213043,0.012789915315806866,0,0.033208052663887364,tagalog,comment,True,majority,3-0,0,0
t1_p6en2t3,0,0.010986942797899246,-4.5,0,0.009719557128846645,0.4992261528968811,0.4794155955314636,0.011638704687356949,0,0.033208052663887364,taglish,comment,True,majority,3-0,0,0
t1_p6eni46,0,0.015306354500353336,-4.1640625,0,0.02148791216313839,0.48372790217399597,0.48172903060913086,0.013055156916379929,0,0.042309129394895305,taglish,comment,True,majority,3-0,0,0
t1_p6eo5lu,0,0.08035747706890106,-2.4375,0,0.04972270131111145,0.47121819853782654,0.46509850025177,0.013960604555904865,0,0.13870809956751498,tagalog,comment,True,adjudicator,2-1,0,1
t1_p6ep96k,1,0.8661325573921204,1.8671875,1,0.40148699283599854,0.31040892004966736,0.2565055787563324,0.03159851208329201,1,0.8019950050848513,taglish,comment,True,majority,3-0,1,1
t1_p6epc1a,0,0.6749081611633301,0.73046875,1,0.3145432770252228,0.39795807003974915,0.2710980772972107,0.016400564461946487,1,0.6334934456779,tagalog,comment,True,adjudicator,2-1,0,0
t1_p6eqhjg,0,0.012624949216842651,-4.359375,0,0.016968952491879463,0.4957885146141052,0.47414693236351013,0.013095604255795479,0,0.036761809350129786,taglish,comment,True,unanimous,3-0,0,0
t1_p6eswyp,0,0.00941259041428566,-4.65625,0,0.01035273727029562,0.5018907785415649,0.47610190510749817,0.011654578149318695,0,0.029648519554399132,taglish,comment,True,unanimous,3-0,0,0
t1_p6et3yt,0,0.030675798654556274,-3.453125,0,0.021921582520008087,0.497056245803833,0.4609795808792114,0.02004259079694748,0,0.06998493291195615,tagalog,comment,True,majority,3-0,0,0
t1_p6euog5,0,0.01678548939526081,-4.0703125,0,0.022220835089683533,0.48336559534072876,0.48336559534072876,0.011047999374568462,0,0.04524817879446525,tagalog,comment,True,majority,3-0,0,0
t1_p6euv7s,0,0.10087861120700836,-2.1875,0,0.04171934351325035,0.49759796261787415,0.4450063109397888,0.015676358714699745,0,0.16263204007646292,taglish,comment,True,majority,3-0,0,0
t1_p6ewk1l,0,0.012053778395056725,-4.40625,0,0.010604253970086575,0.4859132766723633,0.48992910981178284,0.01355336606502533,0,0.03553834644186387,taglish,comment,True,majority,3-0,0,0
t1_p6f5ipu,0,0.013222821988165379,-4.3125,0,0.020564591512084007,0.48058825731277466,0.48657068610191345,0.012276438064873219,0,0.03802573122811927,english,comment,True,majority,3-0,0,0
t1_p6fjy95,0,0.8459424376487732,1.703125,1,0.37913811206817627,0.3308165967464447,0.26390987634658813,0.026135439053177834,1,0.7817514192795648,english,comment,True,majority,3-0,0,0
t1_p6fpm8n,0,0.024237634614109993,-3.6953125,0,0.016974538564682007,0.5032451152801514,0.46729904413223267,0.01248127780854702,0,0.05905828086570057,taglish,comment,True,unanimous,3-0,0,0
t1_p6fq1hu,0,0.3293917179107666,-0.7109375,0,0.11187776923179626,0.47511088848114014,0.396254301071167,0.016757022589445114,0,0.36991037054179915,taglish,comment,True,adjudicator,2-1,0,0
t1_p6fqn4g,0,0.017176708206534386,-4.046875,0,0.017887087538838387,0.5008384585380554,0.46705174446105957,0.01422271877527237,0,0.046012796033967227,taglish,comment,True,unanimous,3-0,0,0
t1_p6fxfke,0,0.02931223064661026,-3.5,0,0.03747013583779335,0.4667420983314514,0.4747893810272217,0.020998366177082062,0,0.06773352815161206,english,comment,True,majority,3-0,0,0
t1_p6g3fw7,0,0.01912403479218483,-3.9375,0,0.02379617467522621,0.4824020564556122,0.4824020564556122,0.011399738490581512,0,0.04974634041692687,taglish,comment,True,majority,3-0,0,0
t1_p6gaw8o,0,0.00985985528677702,-4.609375,0,0.022755077108740807,0.4932713508605957,0.47173964977264404,0.012233912013471127,0,0.030675665191402326,taglish,comment,True,majority,3-0,0,0
t1_p6gflpe,0,0.025371311232447624,-3.6484375,0,0.04151314124464989,0.4893146753311157,0.45394250750541687,0.015229673124849796,0,0.061040208045969366,tagalog,comment,True,majority,3-0,0,0
t1_p6gv4u5,0,0.03210070729255676,-3.40625,0,0.017726005986332893,0.4861990511417389,0.4841732084751129,0.011901747435331345,0,0.0723053683607772,english,comment,True,majority,3-0,0,0
t1_p6gwkw5,0,0.053009770810604095,-2.8828125,0,0.047798898071050644,0.4755123555660248,0.4675871431827545,0.00910160318017006,0,0.10343112494069132,taglish,comment,True,majority,3-0,0,0
t1_p6hm98v,0,0.07807817310094833,-2.46875,0,0.03492142632603645,0.49488651752471924,0.45896732807159424,0.011224743910133839,0,0.1359348084431743,taglish,comment,True,majority,3-0,0,0
t1_p6hvxya,0,0.01342825498431921,-4.296875,0,0.018904538825154305,0.4847574234008789,0.4847574234008789,0.011580594815313816,0,0.03845623978795531,taglish,comment,True,unanimous,3-0,0,0
t1_p6i8tq3,0,0.015543648041784763,-4.1484375,0,0.02234220877289772,0.4825916886329651,0.48457765579223633,0.010488425381481647,0,0.04278597557137281,taglish,comment,True,majority,3-0,0,0
t1_p6izwa7,0,0.010013570077717304,-4.59375,0,0.013316071592271328,0.49910610914230347,0.4754330813884735,0.012144750915467739,0,0.03102564374789907,taglish,comment,True,unanimous,3-0,0,0
t1_p6jey0u,0,0.014728614129126072,-4.203125,0,0.025593241676688194,0.4770779013633728,0.48105356097221375,0.01627531461417675,0,0.04113914117147127,taglish,comment,True,majority,3-0,0,0
t1_p6k0olj,0,0.03594832494854927,-3.2890625,0,0.03593117371201515,0.4757085144519806,0.46963563561439514,0.018724696710705757,0,0.0784198396636551,taglish,comment,True,unanimous,3-0,0,0
t1_p6k2fwb,0,0.6057990193367004,0.4296875,1,0.27256253361701965,0.38468044996261597,0.3228222727775574,0.0199347585439682,1,0.5797876923876157,tagalog,comment,True,adjudicator,2-1,0,0
t1_p6k5hug,0,0.026963496580719948,-3.5859375,0,0.023640060797333717,0.47585153579711914,0.47788509726524353,0.02262328378856182,0,0.06377958579438398,english,comment,True,majority,3-0,0,0
t1_p6k7qq2,1,0.024053553119301796,-3.703125,0,0.02281947247684002,0.48073023557662964,0.48073023557662964,0.015720080584287643,0,0.05873387865683369,taglish,comment,True,majority,3-0,1,1
t1_p6ke3xw,0,0.3965354859828949,-0.419921875,0,0.18641316890716553,0.4488754868507385,0.3487131893634796,0.015998145565390587,0,0.4219957549191279,tagalog,comment,True,adjudicator,2-1,0,0
t1_p6kea8c,0,0.02096424251794815,-3.84375,0,0.01933150365948677,0.48690447211265564,0.47094038128852844,0.022823646664619446,0,0.05317333894049006,english,comment,True,majority,3-0,0,0
t1_p6kecwp,0,0.017576880753040314,-4.0234375,0,0.015641553327441216,0.4885648488998413,0.4726116955280304,0.02318190224468708,0,0.04678970079529831,taglish,comment,True,unanimous,3-0,0,0
t1_p6kehs9,0,0.00955939944833517,-4.640625,0,0.014686744660139084,0.49972113966941833,0.4739418625831604,0.01165024470537901,0,0.029987141941164693,taglish,comment,True,majority,3-0,0,0
t1_p6kgofq,0,0.023153413087129593,-3.7421875,0,0.017219549044966698,0.4882248640060425,0.4841732084751129,0.010382375679910183,0,0.05713678942068834,taglish,comment,True,unanimous,3-0,0,0
t1_p6khn4l,0,0.023153413087129593,-3.7421875,0,0.019293004646897316,0.49390092492103577,0.46801096200942993,0.01879512146115303,0,0.05713678942068834,taglish,comment,True,majority,3-0,0,0
t1_p6krqpa,0,0.03185885399580002,-3.4140625,0,0.025843946263194084,0.49264252185821533,0.4708791971206665,0.010634351521730423,0,0.07191376225915978,taglish,comment,True,unanimous,3-0,0,0
t1_p6ks2os,0,0.010818448849022388,-4.515625,0,0.010024132207036018,0.49699893593788147,0.4791782796382904,0.013798651285469532,0,0.032834290084680744,english,comment,True,majority,3-0,0,0
t1_p6ksuoj,0,0.008315778337419033,-4.78125,0,0.009502067230641842,0.49756279587745667,0.47979268431663513,0.013142469339072704,0,0.027069886167298093,taglish,comment,True,majority,3-0,0,0
t1_p6ktn2q,0,0.8134608268737793,1.47265625,1,0.3825441002845764,0.3249768018722534,0.26740947365760803,0.02506963722407818,1,0.7508677467890533,taglish,comment,True,adjudicator,2-1,0,0
t1_p6kttwd,0,0.010328153148293495,-4.5625,0,0.011296994052827358,0.49583306908607483,0.4760787785053253,0.01679115928709507,0,0.031737231481715415,taglish,comment,True,majority,3-0,0,0
t1_p6l0our,0,0.04569203034043312,-3.0390625,0,0.06331148743629456,0.457029789686203,0.45900827646255493,0.020650425925850868,0,0.09306906696018251,english,comment,True,adjudicator,2-1,0,1
t1_p6l35h6,0,0.020645931363105774,-3.859375,0,0.022043079137802124,0.4836881160736084,0.4816727638244629,0.012596044689416885,0,0.05258708638282998,tagalog,comment,True,majority,3-0,0,0
t1_p6l4u59,0,0.014063626527786255,-4.25,0,0.02085024118423462,0.48342594504356384,0.4814282953739166,0.01429552398622036,0,0.03977601286698117,taglish,comment,True,majority,3-0,0,0
t1_p6l7ohc,0,0.04115288704633713,-3.1484375,0,0.044057250022888184,0.47591784596443176,0.467952698469162,0.01207218412309885,0,0.08637964241080011,english,comment,True,adjudicator,2-1,0,0
t1_p6leryv,1,0.07423137128353119,-2.5234375,0,0.055011771619319916,0.4737950563430786,0.46190062165260315,0.009292528964579105,0,0.13119406603251194,tagalog,comment,True,adjudicator,2-1,1,0
t1_p6lfn0d,1,0.35220175981521606,-0.609375,0,0.17226815223693848,0.4244839549064636,0.3902207016944885,0.013027184642851353,0,0.38781278377004574,tagalog,comment,True,adjudicator,2-1,1,1
t1_p6lpg3h,0,0.018833130598068237,-3.953125,0,0.021584991365671158,0.4859132766723633,0.4818974733352661,0.010604253970086575,0,0.04919590838703354,taglish,comment,True,unanimous,3-0,0,0
t1_p6ls6y1,0,0.029760092496871948,-3.484375,0,0.03304130211472511,0.4806007444858551,0.47459325194358826,0.0117647061124444,0,0.06847643217097228,taglish,comment,True,unanimous,3-0,0,0
t1_p6lwczc,0,0.023153413087129593,-3.7421875,0,0.015841959044337273,0.48674577474594116,0.48674577474594116,0.010666497983038425,0,0.05713678942068834,taglish,comment,True,unanimous,3-0,0,0
t1_p6m71t4,0,0.01912403479218483,-3.9375,0,0.009756715968251228,0.490623414516449,0.4885960519313812,0.01102382130920887,0,0.04974634041692687,tagalog,comment,True,adjudicator,2-1,0,0
t1_p6m8vbx,0,0.03993731364607811,-3.1796875,0,0.024189526215195656,0.5007481575012207,0.464837908744812,0.010224439203739166,0,0.08454988626357358,taglish,comment,True,unanimous,3-0,0,0
t1_p6m99jg,0,0.03138043358922005,-3.4296875,0,0.032137516885995865,0.4803188741207123,0.4763328433036804,0.011210761964321136,0,0.07113641429428318,taglish,comment,True,majority,3-0,0,0
t1_p6m9jv1,0,0.07107366621494293,-2.5703125,0,0.03857400640845299,0.4957382082939148,0.45591986179351807,0.009767933748662472,0,0.1272429798124617,tagalog,comment,True,adjudicator,2-1,0,0
t1_p6mdm8w,0,0.014957086183130741,-4.1875,0,0.021771585568785667,0.4837024211883545,0.4837024211883545,0.010823587886989117,0,0.04160337379848945,taglish,comment,True,majority,3-0,0,0
t1_p6mfvsd,0,0.8910549879074097,2.1015625,1,0.4206624925136566,0.29464906454086304,0.2464674562215805,0.03822098672389984,1,0.8284089612606942,english,comment,True,majority,3-0,0,0
t1_p6mgw4q,0,0.07004895806312561,-2.5859375,0,0.04839518666267395,0.4754262864589691,0.4653961956501007,0.010782347060739994,0,0.12594871762367607,tagalog,comment,True,adjudicator,2-1,0,0
t1_p6mhswo,0,0.043042849749326706,-3.1015625,0,0.03984807804226875,0.47817695140838623,0.4721997380256653,0.009775231592357159,0,0.08919153261419548,taglish,comment,True,unanimous,3-0,0,0
t1_p6mqz8i,0,0.01384861022233963,-4.265625,0,0.02108657918870449,0.4822624623775482,0.484247088432312,0.01240387000143528,0,0.03933133410143569,taglish,comment,True,majority,3-0,0,0
t1_p6mx9qt,0,0.018264278769493103,-3.984375,0,0.008780241012573242,0.4911881685256958,0.48916682600975037,0.010864758864045143,0,0.0481123262994903,taglish,comment,True,majority,3-0,0,0
t1_p6mzzu2,0,0.08151976019144058,-2.421875,0,0.03996458649635315,0.47755154967308044,0.47148096561431885,0.01100290846079588,0,0.14011246017918338,taglish,comment,True,majority,3-0,0,0
t1_p6n49j6,0,0.015424554236233234,-4.15625,0,0.023579314351081848,0.48306405544281006,0.4810679256916046,0.01228869054466486,0,0.042546914139551965,taglish,comment,True,majority,3-0,0,0
t1_p6n6i61,0,0.014063626527786255,-4.25,0,0.01095648854970932,0.48762673139572144,0.48762673139572144,0.013790063560009003,0,0.03977601286698117,taglish,comment,True,majority,3-0,0,0
t1_p6n8ciw,1,0.6178585886955261,0.48046875,1,0.23511140048503876,0.39567530155181885,0.35553431510925293,0.013678991235792637,1,0.5890270871638453,taglish,comment,True,adjudicator,3-0,1,1
t1_p6n9ar5,0,0.012241275049746037,-4.390625,0,0.0182499997317791,0.48399999737739563,0.4860000014305115,0.011749999597668648,0,0.03594174622161488,taglish,comment,True,majority,3-0,0,0
t1_p6nblvn,0,0.014957086183130741,-4.1875,0,0.009724677540361881,0.48699167370796204,0.48901239037513733,0.014271280728280544,0,0.04160337379848945,taglish,comment,True,adjudicator,2-1,0,0
t1_p6nhkp4,1,0.014063626527786255,-4.25,0,0.011384136974811554,0.49965783953666687,0.4777604937553406,0.011197512038052082,0,0.03977601286698117,taglish,comment,True,adjudicator,2-1,1,0
t1_p6nuzog,1,0.3182732164859772,-0.76171875,0,0.12482697516679764,0.44696110486984253,0.4087076783180237,0.019504215568304062,0,0.3610881700093517,english,comment,True,majority,3-0,1,1
t1_p6oquzf,0,0.006589771714061499,-5.015625,0,0.009668678045272827,0.4985835552215576,0.4788767099380493,0.01287104282528162,0,0.022810197342402572,taglish,comment,True,majority,3-0,0,0
t1_p6osm23,0,0.056236349046230316,-2.8203125,0,0.10766720771789551,0.46422743797302246,0.40643206238746643,0.02167326956987381,0,0.10785440862874546,english,comment,True,majority,3-0,0,0
t1_p6otkfn,0,0.010489092208445072,-4.546875,0,0.010955004021525383,0.5010831356048584,0.47731631994247437,0.010645540431141853,0,0.032098920378265644,taglish,comment,True,majority,3-0,0,0
t1_p6p30dx,0,0.0204885546118021,-3.8671875,0,0.01986713893711567,0.4966784715652466,0.47085118293762207,0.012603215873241425,0,0.05229625432213942,english,comment,True,unanimous,3-0,0,0
t1_p6p92x5,0,0.04177388176321983,-3.1328125,0,0.03383197635412216,0.4786972105503082,0.4746575653553009,0.01281323004513979,0,0.08730790501248989,tagalog,comment,True,adjudicator,2-1,0,0
t1_p6q1sni,0,0.9015746116638184,2.21484375,1,0.43089616298675537,0.2933761179447174,0.2402016967535019,0.03552601486444473,1,0.8401383775891336,tagalog,comment,True,adjudicator,2-1,0,1
t1_p6q5lui,0,0.016277462244033813,-4.1015625,0,0.025239339098334312,0.47743380069732666,0.4794231057167053,0.01790376752614975,0,0.044247502352832487,english,comment,True,majority,3-0,0,0
t1_p6q7agm,0,0.018689310178160667,-3.9609375,0,0.023242736235260963,0.48384881019592285,0.48184943199157715,0.011059043928980827,0,0.04892286271300754,taglish,comment,True,unanimous,3-0,0,0
t1_p6qnlfh,0,0.03090895712375641,-3.4453125,0,0.01931452378630638,0.4867765009403229,0.4807170331478119,0.013191945850849152,0,0.07036683194386341,english,comment,True,unanimous,3-0,0,0
t1_p6qr4jk,1,0.7217432260513306,0.953125,1,0.30557820200920105,0.37079304456710815,0.30557820200920105,0.018050542101264,1,0.671292567380893,taglish,comment,True,majority,3-0,1,1
t1_p6qrg23,0,0.02498779445886612,-3.6640625,0,0.026993252336978912,0.47988003492355347,0.4818795323371887,0.011247187852859497,0,0.060372751301069776,taglish,comment,True,unanimous,3-0,0,0
t1_p6qs09c,0,0.008711384609341621,-4.734375,0,0.02625182271003723,0.4900340437889099,0.4686436653137207,0.015070491470396519,0,0.02801027616326973,english,comment,True,majority,3-0,0,0
t1_p6qw36r,0,0.017442483454942703,-4.03125,0,0.020643062889575958,0.4824221134185791,0.4844238758087158,0.012510946951806545,0,0.046529356438525696,tagalog,comment,True,adjudicator,3-0,0,0
t1_p6r4d0s,0,0.023689471185207367,-3.71875,0,0.02629757858812809,0.4811576008796692,0.4791443943977356,0.013400440104305744,0,0.05809008073496682,tagalog,comment,True,majority,3-0,0,0
t1_p6r5b23,1,0.8902942538261414,2.09375,1,0.3971271514892578,0.3599492907524109,0.21461765468120575,0.02830587327480316,1,0.8275754056572199,tagalog,comment,True,adjudicator,2-1,1,1
t1_p6r7p20,0,0.049958519637584686,-2.9453125,0,0.0539129376411438,0.48570215702056885,0.4487887918949127,0.011596138589084148,0,0.09916908254631718,tagalog,comment,True,adjudicator,2-1,0,0
t1_p6rhuik,0,0.1661335527896881,-1.61328125,0,0.11557367444038391,0.4469487965106964,0.42392998933792114,0.013547535985708237,0,0.22994968071714433,taglish,comment,True,unanimous,3-0,0,0
t1_p6rhul2,1,0.4742050766944885,-0.103271484375,0,0.22911478579044342,0.4364953637123108,0.3205795884132385,0.013810278847813606,0,0.48066809219393325,tagalog,comment,True,majority,3-0,1,1
t1_p6rklxt,0,0.8000679016113281,1.38671875,1,0.3572395145893097,0.3265674412250519,0.29228687286376953,0.023906178772449493,1,0.7386309975883915,tagalog,comment,True,majority,3-0,0,0
t1_p6rotah,0,0.8110781908035278,1.45703125,1,0.3622100055217743,0.3514513075351715,0.26358848810195923,0.02275019697844982,1,0.748671624640195,tagalog,comment,True,majority,3-0,0,0
t1_p6rotok,0,0.018264278769493103,-3.984375,0,0.024165421724319458,0.48430493474006653,0.4803188741207123,0.011210761964321136,0,0.0481123262994903,taglish,comment,True,majority,3-0,0,0
t1_p6rox95,0,0.05223086103796959,-2.8984375,0,0.044719256460666656,0.4776715934276581,0.4676784574985504,0.00993067305535078,0,0.102350662981193,tagalog,comment,True,majority,3-0,0,0
t1_p6rozmh,0,0.03760863468050957,-3.2421875,0,0.04026170074939728,0.47106191515922546,0.47106191515922546,0.017614495009183884,0,0.08099558809348903,taglish,comment,True,majority,3-0,0,0
t1_p6rp2hj,0,0.037047166377305984,-3.2578125,0,0.047298528254032135,0.48317262530326843,0.45600631833076477,0.013522527180612087,0,0.08012854631784959,taglish,comment,True,unanimous,3-0,0,0
t1_p6rpvsx,0,0.7892336845397949,1.3203125,1,0.3399662673473358,0.36335018277168274,0.27521079778671265,0.021472737193107605,1,0.72891343480934,tagalog,comment,True,unanimous,3-0,0,0
t1_p6rq1jm,0,0.23022674024105072,-1.20703125,0,0.1211463063955307,0.44597285985946655,0.42280542850494385,0.010075414553284645,0,0.288177549416649,taglish,comment,True,unanimous,3-0,0,0
t1_p6rsban,0,0.26473838090896606,-1.021484375,0,0.14703749120235443,0.4430471658706665,0.39081016182899475,0.019105199724435806,0,0.3175078172212113,taglish,comment,True,adjudicator,2-1,0,0
t1_p6rtlgn,0,0.017045317217707634,-4.0546875,0,0.02097199484705925,0.4842396080493927,0.4822303056716919,0.012558081187307835,0,0.04575656697670378,taglish,comment,True,majority,3-0,0,0
t1_p6ru8e6,0,0.8504685759544373,1.73828125,1,0.395061731338501,0.3127571940422058,0.2597165107727051,0.032464563846588135,1,0.7862116542317682,taglish,comment,True,majority,3-0,0,0
t1_p6rx9j3,0,0.5319996476173401,0.128173828125,1,0.2514771819114685,0.3951784372329712,0.3346726596355438,0.018671708181500435,1,0.5239870416052493,english,comment,True,majority,3-0,0,0
t1_p6rxbx6,0,0.14608725905418396,-1.765625,0,0.09906667470932007,0.4489721357822418,0.4392118453979492,0.012749344110488892,0,0.21036541193319888,tagalog,comment,True,adjudicator,3-0,0,1
t1_p6rxmzn,0,0.009268012829124928,-4.671875,0,0.022644266486167908,0.49281713366508484,0.4713903069496155,0.013148283585906029,0,0.0293136054224161,english,comment,True,majority,3-0,0,0
t1_p6rxq8o,1,0.8976953029632568,2.171875,1,0.41926345229148865,0.3040604293346405,0.2492917776107788,0.027384323999285698,1,0.8357675663963142,tagalog,comment,True,adjudicator,2-1,1,1
t1_p6rxtds,0,0.048136770725250244,-2.984375,0,0.01744372397661209,0.49047648906707764,0.48021548986434937,0.011864298023283482,0,0.09658530418371278,taglish,comment,True,majority,3-0,0,0
t1_p6ry2to,0,0.016029147431254387,-4.1171875,0,0.020865870639681816,0.4837883412837982,0.4837883412837982,0.011557443998754025,0,0.04375511214698672,tagalog,comment,True,majority,3-0,0,0
t1_p6ryi6a,0,0.008445627056062222,-4.765625,0,0.019506247714161873,0.49350807070732117,0.47400182485580444,0.012983846478164196,0,0.02737988841155039,english,comment,True,majority,3-0,0,0
t1_p6ryuq9,1,0.6471295356750488,0.6064453125,1,0.30192071199417114,0.35583510994911194,0.32168930768966675,0.02055486850440502,1,0.6116660151771252,english,comment,True,majority,3-0,1,1
t1_p6rz9ma,0,0.015306354500353336,-4.1640625,0,0.011877684853971004,0.48521608114242554,0.4892595410346985,0.013646702282130718,0,0.042309129394895305,taglish,comment,True,majority,3-0,0,0
t1_p6rzert,0,0.01956867426633835,-3.9140625,0,0.028179597109556198,0.47692403197288513,0.4789279103279114,0.015968438237905502,0,0.05058294184229423,english,comment,True,majority,3-0,0,0
t1_p6s0q0m,0,0.3473156988620758,-0.630859375,0,0.17233507335186005,0.41959843039512634,0.3952467441558838,0.012819762341678143,0,0.3839985518567902,taglish,comment,True,majority,3-0,0,0
t1_p6s1evf,0,0.07640768587589264,-2.4921875,0,0.057566504925489426,0.4685066342353821,0.46252569556236267,0.011401158757507801,0,0.13388562474662985,tagalog,comment,True,adjudicator,2-1,0,1
t1_p6s1gzr,0,0.27747297286987305,-0.95703125,0,0.1528184711933136,0.4293917715549469,0.408765971660614,0.009023790247738361,0,0.32806202471474977,taglish,comment,True,majority,3-0,0,0
t1_p6s1uy8,0,0.03308597952127457,-3.375,0,0.032021842896938324,0.48057588934898376,0.4766041934490204,0.010798064060509205,0,0.07389152772422952,taglish,comment,True,majority,3-0,0,0
t1_p6s2ym6,0,0.361390084028244,-0.5693359375,0,0.21948383748531342,0.4017670452594757,0.36270633339881897,0.01604278013110161,0,0.3949576211996696,tagalog,comment,True,adjudicator,2-1,0,1
t1_p6s3i12,0,0.8958876132965088,2.15234375,1,0.4225156307220459,0.2890896499156952,0.25388002395629883,0.03451471030712128,1,0.8337493095159904,tagalog,comment,True,unanimous,3-0,0,0
t1_p6s43ki,1,0.5291417241096497,0.11669921875,1,0.23556797206401825,0.4357541799545288,0.30540037155151367,0.023277467116713524,1,0.5218424976469047,tagalog,comment,True,adjudicator,2-1,1,0
t1_p6s4bxj,1,0.7439128756523132,1.06640625,1,0.32350313663482666,0.37354782223701477,0.280607670545578,0.022341376170516014,1,0.689739562640065,taglish,comment,True,adjudicator,2-1,1,1
t1_p6s4gzr,0,0.030444350093603134,-3.4609375,0,0.04348627105355263,0.4815429151058197,0.4618881046772003,0.013082734309136868,0,0.06960495135723807,taglish,comment,True,majority,3-0,0,0
t1_p6s4vy1,0,0.053403329104185104,-2.875,0,0.03750620782375336,0.4888226389884949,0.46299055218696594,0.010680575855076313,0,0.1039751309639871,taglish,comment,True,unanimous,3-0,0,0
t1_p6s5qhf,0,0.03258974477648735,-3.390625,0,0.03438181430101395,0.4803487956523895,0.4763624966144562,0.008906882256269455,0,0.07309448494742783,taglish,comment,True,majority,3-0,0,0
t1_p6s5qic,0,0.517936646938324,0.07177734375,1,0.20332829654216766,0.4124659597873688,0.3698638379573822,0.014341906644403934,1,0.5134398245312536,english,comment,True,adjudicator,2-1,0,0
t1_p6s5tag,0,0.08632347732782364,-2.359375,0,0.045109909027814865,0.4770946204662323,0.4648614227771759,0.012934055179357529,0,0.14584925207727328,taglish,comment,True,adjudicator,2-1,0,0
t1_p6s60nq,0,0.04672495648264885,-3.015625,0,0.03270440176129341,0.4789937138557434,0.47698113322257996,0.011320754885673523,0,0.09456173981316968,english,comment,True,majority,3-0,0,0
t1_p6s66ir,0,0.06853749603033066,-2.609375,0,0.06637576222419739,0.4641386568546295,0.4582385718822479,0.011247003450989723,0,0.12402846348342512,tagalog,comment,True,majority,3-0,0,0
t1_p6s67b3,0,0.6876299977302551,0.7890625,1,0.3039420247077942,0.3619194030761719,0.319754034280777,0.014384539797902107,1,0.6436241404951347,tagalog,comment,True,adjudicator,2-1,0,1
t1_p6s69yr,0,0.02096424251794815,-3.84375,0,0.011511895805597305,0.48094141483306885,0.48912766575813293,0.01841903291642666,0,0.05317333894049006,english,comment,True,majority,3-0,0,0
t1_p6s85r6,1,0.4653608798980713,-0.1387786865234375,0,0.24522434175014496,0.38560640811920166,0.3500666320323944,0.01910262182354927,0,0.474031750761974,taglish,comment,True,majority,3-0,1,1
t1_p6s87ve,0,0.055005285888910294,-2.84375,0,0.03330771252512932,0.4734819233417511,0.46938252449035645,0.023827824741601944,0,0.10617651421040851,english,comment,True,majority,3-0,0,0
t1_p6s9jvf,0,0.026759279891848564,-3.59375,0,0.020495951175689697,0.48380565643310547,0.48380565643310547,0.011892712675035,0,0.06343099810285073,taglish,comment,True,majority,3-0,0,0
t1_p6sa3ez,0,0.37868884205818176,-0.4951171875,0,0.1731141209602356,0.41779497265815735,0.38491296768188477,0.024177949875593185,0,0.40831902746665183,english,comment,True,unanimous,3-0,0,0
t1_p6sb45o,0,0.014503578655421734,-4.21875,0,0.019466247409582138,0.48427000641822815,0.48427000641822815,0.011993720196187496,0,0.04067986882402621,taglish,comment,True,unanimous,3-0,0,0
t1_p6sbqgt,0,0.06853749603033066,-2.609375,0,0.03384692966938019,0.48092952370643616,0.47486740350723267,0.010356150567531586,0,0.12402846348342512,english,comment,True,adjudicator,2-1,0,0
t1_p6scjhs,0,0.057918090373277664,-2.7890625,0,0.03717100992798805,0.48496943712234497,0.4570288062095642,0.020830735564231873,0,0.11012783003918279,english,comment,True,majority,3-0,0,0
t1_p6scrqj,0,0.014281933195888996,-4.234375,0,0.014192748814821243,0.49581655859947205,0.47796714305877686,0.012023551389575005,0,0.04022550864147266,tagalog,comment,True,majority,3-0,0,0
t1_p6scwsx,0,0.05070536583662033,-2.9296875,0,0.05701754242181778,0.48148149251937866,0.44054579734802246,0.020955165848135948,0,0.10021970803980035,english,comment,True,majority,3-0,0,0
t1_p6sdbo2,0,0.01912403479218483,-3.9375,0,0.03488227352499962,0.47240564227104187,0.4763921797275543,0.016319919377565384,0,0.04974634041692687,english,comment,True,majority,3-0,0,0
t1_p6sdk5b,0,0.08093671500682831,-2.4296875,0,0.05467141047120094,0.4713224768638611,0.46133682131767273,0.012669287621974945,0,0.139408797957999,english,comment,True,majority,3-0,0,0
t1_p6sdu2r,1,0.8688268065452576,1.890625,1,0.385235458612442,0.34280866384506226,0.2426813691854477,0.029274500906467438,1,0.8047684660786425,tagalog,comment,True,adjudicator,2-1,1,1
t1_p6sehwy,0,0.022116590291261673,-3.7890625,0,0.028056612238287926,0.4808279871940613,0.476837694644928,0.01427769847214222,0,0.055274142239103374,english,comment,True,majority,3-0,0,0
t1_p6sf1y1,1,0.6601723432540894,0.6640625,1,0.264312744140625,0.38940730690956116,0.32282471656799316,0.02345523238182068,1,0.6218680613881518,taglish,comment,True,adjudicator,2-1,1,0
t1_p6sficv,0,0.03488088399171829,-3.3203125,0,0.050941307097673416,0.47053033113479614,0.46659284830093384,0.011935523711144924,0,0.07674453047985484,taglish,comment,True,adjudicator,2-1,0,0
t1_p6sfuvk,0,0.46162348985671997,-0.15380859375,0,0.18837827444076538,0.41524243354797363,0.37675654888153076,0.019622737541794777,0,0.471225266952792,tagalog,comment,True,adjudicator,2-1,0,0
t1_p6sfwqq,0,0.015663648024201393,-4.140625,0,0.024840092286467552,0.48289138078689575,0.4809041917324066,0.011364341713488102,0,0.04302631987243452,taglish,comment,True,majority,3-0,0,0
t1_p6shdhh,0,0.7306743860244751,0.998046875,1,0.34143751859664917,0.35162967443466187,0.2904767096042633,0.01645609922707081,1,0.6786752294204497,english,comment,True,adjudicator,2-1,0,1
t1_p6shkkc,0,0.8774768114089966,1.96875,1,0.41165757179260254,0.2987249493598938,0.25865209102630615,0.030965391546487808,1,0.81380041792966,taglish,comment,True,unanimous,3-0,0,0
t1_p6si5v5,0,0.019419347867369652,-3.921875,0,0.03712690994143486,0.4853191077709198,0.4600825011730194,0.01747148670256138,0,0.05030260517588418,english,comment,True,adjudicator,2-1,0,0
t1_p6siibl,1,0.5299932360649109,0.1201171875,1,0.2701656222343445,0.3854592442512512,0.3252312242984772,0.019143901765346527,1,0.5224813857701746,english,comment,True,majority,3-0,1,1
t1_p6sjv6d,0,0.02280263788998127,-3.7578125,0,0.02205563522875309,0.49563223123550415,0.4718419015407562,0.01047023106366396,0,0.0565094466354128,taglish,comment,True,majority,3-0,0,0
t1_p6snw48,0,0.05146276578307152,-2.9140625,0,0.03652853146195412,0.4776420295238495,0.4736112952232361,0.012218163348734379,0,0.10128021274519652,tagalog,comment,True,adjudicator,2-1,0,1
t1_p6sqvf3,0,0.014957086183130741,-4.1875,0,0.026507945731282234,0.49481499195098877,0.46732527017593384,0.011351782828569412,0,0.04160337379848945,english,comment,True,majority,3-0,0,0
t1_p6srpnp,0,0.020645931363105774,-3.859375,0,0.023874999955296516,0.4819999933242798,0.4819999933242798,0.012125000357627869,0,0.05258708638282998,taglish,comment,True,unanimous,3-0,0,0
t1_p6ss0n1,0,0.029760092496871948,-3.484375,0,0.04155397042632103,0.47799360752105713,0.4681583344936371,0.012294074520468712,0,0.06847643217097228,english,comment,True,majority,3-0,0,0
t1_p6ss6y1,0,0.03358950838446617,-3.359375,0,0.0547269806265831,0.46542584896087646,0.4634537100791931,0.016393441706895828,0,0.07469656128292845,english,comment,True,majority,3-0,0,0
t1_p6t2rai,1,0.6270381808280945,0.51953125,1,0.28521496057510376,0.3765583038330078,0.3187696635723114,0.01945706643164158,1,0.5960921892312666,english,comment,True,unanimous,3-0,1,1
t1_p6t9u07,0,0.026155617088079453,-3.6171875,0,0.032502032816410065,0.48003000020980835,0.47602975368499756,0.011438215151429176,0,0.06239586541158243,taglish,comment,True,majority,3-0,0,0
t1_p6tcqvk,1,0.04401864856481552,-3.078125,0,0.05932672694325447,0.46673640608787537,0.46082836389541626,0.013108499348163605,0,0.09062823074494587,english,comment,True,adjudicator,2-1,1,1
t1_p6tj25e,0,0.07107366621494293,-2.5703125,0,0.0494677908718586,0.4823724925518036,0.4567772150039673,0.011382513679564,0,0.1272429798124617,english,comment,True,majority,3-0,0,0
t1_p6tr1qe,1,0.7624240517616272,1.166015625,1,0.35147857666015625,0.33602896332740784,0.2819553315639496,0.030537115409970284,1,0.7054785916044711,tagalog,comment,True,majority,3-0,1,1
t1_p6ttlip,0,0.13846179842948914,-1.828125,0,0.1495240330696106,0.42349663376808167,0.4030647873878479,0.023914556950330734,0,0.20269315636854987,english,comment,True,adjudicator,2-1,0,1
t1_p6tvsv8,0,0.012241275049746037,-4.390625,0,0.02449779585003853,0.4899559020996094,0.47035765647888184,0.01518863346427679,0,0.03594174622161488,taglish,comment,True,adjudicator,2-1,0,0
t1_p6ua9sd,0,0.03138043358922005,-3.4296875,0,0.039257097989320755,0.4750605523586273,0.4730728566646576,0.012609479017555714,0,0.07113641429428318,taglish,comment,True,majority,3-0,0,0
t1_p6utghy,0,0.642432451248169,0.5859375,1,0.26449447870254517,0.39674174785614014,0.3258265554904938,0.012937230058014393,1,0.6080105127728432,taglish,comment,True,majority,3-0,0,0
t1_p6utm4e,0,0.7766229510307312,1.24609375,1,0.34929078817367554,0.35638296604156494,0.2783688008785248,0.01595744676887989,1,0.7177879681484007,tagalog,comment,True,adjudicator,2-1,0,0
t1_p6v6185,0,0.09877258539199829,-2.2109375,0,0.07202284783124924,0.45697256922721863,0.45697256922721863,0.014032037928700447,0,0.16025504392050968,taglish,comment,True,majority,3-0,0,0
t1_p6vmioe,0,0.03541072830557823,-3.3046875,0,0.024770526215434074,0.4868603050708771,0.4788130223751068,0.00955614261329174,0,0.0775780431932074,taglish,comment,True,majority,3-0,0,0
t1_p6vqyp4,1,0.8338664174079895,1.61328125,1,0.3783845603466034,0.32720211148262024,0.26870787143707275,0.025705471634864807,1,0.7700503192828557,taglish,comment,True,majority,3-0,1,1
t1_p6vvs2w,1,0.929440438747406,2.578125,1,0.4410751163959503,0.2903744578361511,0.23432116210460663,0.03422926738858223,1,0.8734055655530757,english,comment,True,majority,3-0,1,1
t1_p6vx1q0,0,0.014957086183130741,-4.1875,0,0.017787659540772438,0.4960780739784241,0.4743376076221466,0.011796677485108376,0,0.04160337379848945,english,comment,True,majority,3-0,0,0
t1_p6vxruc,1,0.08882029354572296,-2.328125,0,0.05095379799604416,0.476582795381546,0.46035870909690857,0.012104695662856102,0,0.14878998342413952,english,comment,True,adjudicator,2-1,1,1
t1_p6vy67q,0,0.022977370768785477,-3.75,0,0.011581545695662498,0.4900955557823181,0.48807036876678467,0.010252515785396099,0,0.0568223044252538,taglish,comment,True,majority,3-0,0,0
t1_p6vzgnz,0,0.200557678937912,-1.3828125,0,0.1484832614660263,0.43245750665664673,0.40832898020744324,0.01073023583739996,0,0.2619343500132214,tagalog,comment,True,adjudicator,2-1,0,1
t1_p6w0op2,0,0.6311396956443787,0.537109375,1,0.27039626240730286,0.3860139846801758,0.32634031772613525,0.017249416559934616,1,0.599258719070563,tagalog,comment,True,adjudicator,2-1,0,1
t1_p6w2hj0,0,0.5766611695289612,0.30908203125,1,0.302628755569458,0.35905107855796814,0.32143619656562805,0.01688394881784916,1,0.5576302154356444,english,comment,True,majority,3-0,0,0
t1_p6w4ii3,0,0.804405927658081,1.4140625,1,0.3772242069244385,0.31850534677505493,0.2686832845211029,0.035587187856435776,1,0.7425662956130832,tagalog,comment,True,adjudicator,2-1,0,0
t1_p6w56rf,0,0.8122723698616028,1.46484375,1,0.3798637092113495,0.31127721071243286,0.2761046290397644,0.03275445103645325,1,0.7497712909127374,tagalog,comment,True,adjudicator,2-1,0,1
t1_p6w66kr,0,0.7690802216529846,1.203125,1,0.3679787814617157,0.32198143005371094,0.2742149531841278,0.03582485765218735,1,0.7112217864836458,tagalog,comment,True,adjudicator,2-1,0,1
t1_p6w7t4i,1,0.6331834197044373,0.5458984375,1,0.281552255153656,0.36918774247169495,0.32630228996276855,0.0229576975107193,1,0.6008388989261859,tagalog,comment,True,adjudicator,2-1,1,1
t1_p6w885b,0,0.06187598779797554,-2.71875,0,0.06715737283229828,0.4652351140975952,0.4574487507343292,0.010158768855035305,0,0.11539694048300798,tagalog,comment,True,adjudicator,2-1,0,1
t1_p6w95o8,0,0.42024263739585876,-0.32177734375,0,0.17985430359840393,0.4220045208930969,0.3737754225730896,0.024365738034248352,0,0.4400249903252065,taglish,comment,True,adjudicator,2-1,0,0
t1_p6wcnv1,0,0.4635656476020813,-0.14599609375,0,0.2723044455051422,0.36701902747154236,0.33826637268066406,0.02241014875471592,0,0.4726838529361231,english,comment,True,adjudicator,2-1,0,1
t1_p6wd9wj,0,0.05223086103796959,-2.8984375,0,0.06657353043556213,0.46455687284469604,0.45872563123703003,0.01014395896345377,0,0.102350662981193,taglish,comment,True,majority,3-0,0,0
t1_p6wjk7r,0,0.6489114165306091,0.6142578125,1,0.3209069073200226,0.3435796797275543,0.3017222583293915,0.03379114717245102,1,0.613055313894184,english,comment,True,majority,3-0,0,0
t1_p6wk3dz,0,0.16995622217655182,-1.5859375,0,0.08984838426113129,0.46122169494628906,0.4352654814720154,0.01366444118320942,0,0.2335970076590748,english,comment,True,adjudicator,2-1,0,1
t1_p6wltad,0,0.2970619201660156,-0.861328125,0,0.14832651615142822,0.4257163405418396,0.4064531624317169,0.019503973424434662,0,0.34405689641282056,tagalog,comment,True,adjudicator,2-1,0,0
t1_p6wrmnt,0,0.06371499598026276,-2.6875,0,0.05242658406496048,0.47876352071762085,0.45700153708457947,0.011808346025645733,0,0.11780835379772778,tagalog,comment,True,unanimous,3-0,0,0
t1_p6wyb63,0,0.051082734018564224,-2.921875,0,0.03796831890940666,0.47875282168388367,0.4707065522670746,0.012572290375828743,0,0.10074872134331561,taglish,comment,True,adjudicator,2-1,0,0
t1_p6x2tb2,1,0.5142783522605896,0.05712890625,1,0.20014862716197968,0.4339856207370758,0.34481051564216614,0.02105523832142353,1,0.5106979476665816,taglish,comment,True,unanimous,3-0,1,1
t1_p6x2xeo,1,0.46138080954551697,-0.15478515625,0,0.1895734667778015,0.4284360110759735,0.36777251958847046,0.014218009077012539,0,0.4710429777353677,tagalog,comment,True,majority,3-0,1,1
t1_p6x3bf7,0,0.8449215292930603,1.6953125,1,0.36911407113075256,0.37754133343696594,0.22922153770923615,0.024123037233948708,1,0.7807511970936042,tagalog,comment,True,adjudicator,2-1,0,0
t1_p6x3dor,1,0.5475094318389893,0.19061279296875,1,0.2928480803966522,0.3622513711452484,0.33347439765930176,0.011426153592765331,1,0.5356390220357714,tagalog,comment,True,majority,3-0,1,1
t1_p6x3gua,1,0.7189891934394836,0.939453125,1,0.3681546151638031,0.33317992091178894,0.2779567539691925,0.02070869691669941,1,0.6690285535026442,taglish,comment,True,majority,3-0,1,1
t1_p6x3jha,1,0.8438951373100281,1.6875,1,0.39955005049705505,0.3221597373485565,0.2447694092988968,0.033520810306072235,1,0.7797476824368883,tagalog,comment,True,adjudicator,2-1,1,1
t1_p6x4cbi,1,0.7839884757995605,1.2890625,1,0.3727092146873474,0.3214837610721588,0.2773239016532898,0.028483109548687935,1,0.7242627323781091,taglish,comment,True,unanimous,3-0,1,1
t1_p6x4hml,0,0.08509904891252518,-2.375,0,0.04459000006318092,0.479657381772995,0.4635344445705414,0.012218163348734379,0,0.1443970468368283,english,comment,True,majority,3-0,0,0
t1_p6x4kqb,1,0.10087861120700836,-2.1875,0,0.14538677036762238,0.4193848967552185,0.4193848967552185,0.015843430534005165,0,0.16263204007646292,english,comment,True,adjudicator,2-1,1,1
t1_p6x4z3a,0,0.6614856719970703,0.669921875,1,0.2633349299430847,0.38058626651763916,0.33829888701438904,0.017779912799596786,1,0.6228997075872931,english,comment,True,majority,3-0,0,0
t1_p6x58aq,0,0.35868996381759644,-0.5810546875,0,0.18626528978347778,0.4101599156856537,0.3800564408302307,0.02351834438741207,0,0.3928616499696144,english,comment,True,majority,3-0,0,0
t1_p6x5dwc,1,0.5997195839881897,0.404296875,1,0.3055422306060791,0.3601642847061157,0.3209046721458435,0.013388808816671371,1,0.5751465115209213,taglish,comment,True,majority,3-0,1,1
t1_p6x607g,1,0.5568816065788269,0.228515625,1,0.30062630772590637,0.35688385367393494,0.3217228949069977,0.02076694928109646,1,0.5426941029808079,taglish,comment,True,unanimous,3-0,1,1
t1_p6x6bxk,0,0.07751766592264175,-2.4765625,0,0.03632264584302902,0.49298596382141113,0.4589178264141083,0.011773547157645226,0,0.13524882692727336,tagalog,comment,True,adjudicator,2-1,0,1
t1_p6x6dzq,1,0.7110297679901123,0.900390625,1,0.3249097466468811,0.3555956780910492,0.30144405364990234,0.018050542101264,1,0.6625169426407929,tagalog,comment,True,unanimous,3-0,1,1
t1_p6x6kjl,0,0.13117322325706482,-1.890625,0,0.18644987046718597,0.40758806467056274,0.39544716477394104,0.010514904744923115,0,0.19523153392135748,english,comment,True,adjudicator,2-1,0,1
t1_p6x6xq3,0,0.7142295837402344,0.916015625,1,0.2961340546607971,0.3925090432167053,0.2943817675113678,0.01697514019906521,1,0.6651291610279151,taglish,comment,True,majority,3-0,0,0
t1_p6x7e3c,1,0.10158944875001907,-2.1796875,0,0.15876416862010956,0.41675594449043274,0.411343514919281,0.013136381283402443,0,0.16343066056877983,tagalog,comment,True,majority,3-0,1,1
t1_p6x7ge1,0,0.09268777817487717,-2.28125,0,0.07402414083480835,0.4627734422683716,0.45296892523765564,0.010233470238745213,0,0.15329262044406342,taglish,comment,True,majority,3-0,0,0
t1_p6x7o6u,1,0.5663783550262451,0.26708984375,1,0.30086052417755127,0.36375224590301514,0.3212578296661377,0.014129395596683025,1,0.5498565958505028,tagalog,comment,True,adjudicator,2-1,1,1
t1_p6x95ss,0,0.33589524030685425,-0.681640625,0,0.21067030727863312,0.4085727334022522,0.3684450387954712,0.012311901897192001,0,0.37504034561894356,tagalog,comment,True,unanimous,3-0,0,0
t1_p6x999n,0,0.3420218825340271,-0.654296875,0,0.247675359249115,0.380112886428833,0.35947325825691223,0.012738510966300964,0,0.37985379899867516,taglish,comment,True,majority,3-0,0,0
t1_p6xa1dx,1,0.888372004032135,2.07421875,1,0.4364987313747406,0.28047364950180054,0.24889715015888214,0.034130483865737915,1,0.8254774974696274,taglish,comment,True,unanimous,3-0,1,1
t1_p6xbhhg,0,0.007460643537342548,-4.890625,0,0.02042313851416111,0.49309036135673523,0.4715665876865387,0.01491989754140377,0,0.02499348349390211,taglish,comment,True,majority,3-0,0,0
t1_p6xbx7v,0,0.8705973029136658,1.90625,1,0.3964117765426636,0.3519863188266754,0.2289619892835617,0.022639896720647812,1,0.8066010347578514,tagalog,comment,True,adjudicator,2-1,0,0
t1_p6xbx95,0,0.9089417457580566,2.30078125,1,0.42873433232307434,0.2955530285835266,0.24629418551921844,0.029418472200632095,1,0.8485968937403602,tagalog,comment,True,adjudicator,2-1,0,0
t1_p6xe1ts,0,0.6104534864425659,0.44921875,1,0.28764045238494873,0.37213483452796936,0.3199999928474426,0.020224718376994133,1,0.5833483004898196,english,comment,True,majority,3-0,0,0
t1_p6xfvzn,0,0.814643383026123,1.48046875,1,0.3624309301376343,0.3535911738872528,0.265193372964859,0.018784530460834503,1,0.7519609876102843,taglish,comment,True,unanimous,3-0,0,0
t1_p6xg0jc,0,0.024237634614109993,-3.6953125,0,0.014547995291650295,0.48586493730545044,0.48586493730545044,0.013722127303481102,0,0.05905828086570057,taglish,comment,True,majority,3-0,0,0
t1_p6xg25u,0,0.021948251873254776,-3.796875,0,0.010107431560754776,0.4902421832084656,0.48820799589157104,0.011442375369369984,0,0.05496931168343075,taglish,comment,True,majority,3-0,0,0
t1_p6xg4if,0,0.022116590291261673,-3.7890625,0,0.03285829722881317,0.47594746947288513,0.4779388904571533,0.013255336321890354,0,0.055274142239103374,english,comment,True,majority,3-0,0,0
t1_p6xgz2j,1,0.04742587357759476,-3.0,0,0.07419531047344208,0.461659699678421,0.45390069484710693,0.010244286619126797,0,0.09556873219539853,tagalog,comment,True,adjudicator,2-1,1,1
t1_p6xi0gj,0,0.03934250399470329,-3.1953125,0,0.019421173259615898,0.4874333441257477,0.48337140679359436,0.009774054400622845,0,0.08364825958213414,taglish,comment,True,majority,3-0,0,0
t1_p6xlffl,0,0.053009770810604095,-2.8828125,0,0.029966773465275764,0.4955175220966339,0.46341922879219055,0.01109648309648037,0,0.10343112494069132,tagalog,comment,True,majority,3-0,0,0
t1_p6xmyl3,0,0.01342825498431921,-4.296875,0,0.02348555438220501,0.4791550040245056,0.48313140869140625,0.014228020794689655,0,0.03845623978795531,english,comment,True,majority,3-0,0,0
t1_p6xn9cx,0,0.8238958716392517,1.54296875,1,0.38520464301109314,0.2924053370952606,0.28189975023269653,0.04049026221036911,1,0.7605906581221992,english,comment,True,majority,3-0,0,0
t1_p6xngqr,1,0.11124119907617569,-2.078125,0,0.05373656749725342,0.491877019405365,0.4358910322189331,0.01849537529051304,0,0.17410131667799783,taglish,comment,True,unanimous,3-0,1,1
t1_p6xqgkj,0,0.14706452190876007,-1.7578125,0,0.15046729147434235,0.41308411955833435,0.409345805644989,0.02710280381143093,0,0.21133927287114487,tagalog,comment,True,adjudicator,2-1,0,0
t1_p6xrwg6,0,0.09467770159244537,-2.2578125,0,0.06696208566427231,0.48449039459228516,0.43328410387039185,0.015263416804373264,0,0.15558547957540922,tagalog,comment,True,adjudicator,2-1,0,1
t1_p6xspd1,0,0.07864238321781158,-2.4609375,0,0.07193798571825027,0.4623875916004181,0.45246511697769165,0.013209301978349686,0,0.1366237195539455,tagalog,comment,True,adjudicator,2-1,0,1
t1_p6xupxo,0,0.02280263788998127,-3.7578125,0,0.0338561125099659,0.47398555278778076,0.4759770929813385,0.016181230545043945,0,0.0565094466354128,english,comment,True,adjudicator,2-1,0,1
t1_p6xv3ng,0,0.18892180919647217,-1.45703125,0,0.11107121407985687,0.46535009145736694,0.4078994691371918,0.015679234638810158,0,0.251328375359805,taglish,comment,True,adjudicator,2-1,0,0
t1_p6xxs7h,0,0.7233095169067383,0.9609375,1,0.296738862991333,0.3704257011413574,0.3106796145439148,0.02215583808720112,1,0.6725827340349446,tagalog,comment,True,adjudicator,2-1,0,1
t1_p6xy6oj,0,0.022629201412200928,-3.765625,0,0.020509634166955948,0.4991920590400696,0.4653822183609009,0.014916096813976765,0,0.05619820877150267,english,comment,True,majority,3-0,0,0
t1_p6xyboa,0,0.015306354500353336,-4.1640625,0,0.00905865989625454,0.48650702834129333,0.49056124687194824,0.013873051851987839,0,0.042309129394895305,taglish,comment,True,unanimous,3-0,0,0
t1_p6xyj2g,0,0.4700067341327667,-0.1201171875,0,0.2625550627708435,0.37533038854599,0.3400880992412567,0.022026430815458298,0,0.4775186142298254,taglish,comment,True,majority,3-0,0,0
t1_p6xyzvj,0,0.03541072830557823,-3.3046875,0,0.015612003393471241,0.4893467128276825,0.48320430517196655,0.011836969293653965,0,0.0775780431932074,tagalog,comment,True,adjudicator,3-0,0,0
t1_p6xzavi,0,0.14033624529838562,-1.8125,0,0.1525549590587616,0.42569226026535034,0.4092492163181305,0.012503568083047867,0,0.20459145485220176,english,comment,True,majority,3-0,0,0
t1_p6xzha6,0,0.08151976019144058,-2.421875,0,0.08754534274339676,0.45465537905693054,0.4469165802001953,0.010882708244025707,0,0.14011246017918338,english,comment,True,adjudicator,2-1,0,0
t1_p6xzqoz,1,0.7325918078422546,1.0078125,1,0.3261823058128357,0.35652482509613037,0.2939433455467224,0.02334953099489212,1,0.6802685670701243,taglish,comment,True,unanimous,3-0,1,1
t1_p6xzrs4,0,0.03541072830557823,-3.3046875,0,0.05021229386329651,0.4706172049045563,0.4666789770126343,0.012491539120674133,0,0.0775780431932074,tagalog,comment,True,unanimous,3-0,0,0
t1_p6xzxgn,0,0.024053553119301796,-3.703125,0,0.01638517715036869,0.4860095679759979,0.48399293422698975,0.013612301088869572,0,0.05873387865683369,english,comment,True,majority,3-0,0,0
t1_p6y003z,0,0.017045317217707634,-4.0546875,0,0.029219770804047585,0.479452908039093,0.479452908039093,0.011874416843056679,0,0.04575656697670378,taglish,comment,True,majority,3-0,0,0
t1_p6y037g,0,0.020177319645881653,-3.8828125,0,0.04014621302485466,0.4738244116306305,0.4718419015407562,0.014187472872436047,0,0.05171914367653667,english,comment,True,majority,3-0,0,0
t1_p6y0y3k,0,0.016914913430809975,-4.0625,0,0.008755354210734367,0.4897959232330322,0.4897959232330322,0.0116528095677495,0,0.045501696713335225,taglish,comment,True,majority,3-0,0,0
t1_p6y1eoh,0,0.01640303246676922,-4.09375,0,0.012813336215913296,0.4995957016944885,0.4757106304168701,0.011880326084792614,0,0.04449567494372924,taglish,comment,True,unanimous,3-0,0,0
t1_p6y249q,0,0.023153413087129593,-3.7421875,0,0.01905948296189308,0.5002802610397339,0.4683898985385895,0.012270321138203144,0,0.05713678942068834,tagalog,comment,True,unanimous,3-0,0,0
t1_p6y2rz2,0,0.018978038802742958,-3.9453125,0,0.03014327399432659,0.4803076386451721,0.47633814811706543,0.013210941106081009,0,0.04947039870275616,english,comment,True,majority,3-0,0,0
t1_p6y31u7,0,0.6067315340042114,0.43359375,1,0.28264662623405457,0.3723488748073578,0.3334214985370636,0.011583011597394943,1,0.580500491137021,english,comment,True,majority,3-0,0,0
t1_p6y3fo9,0,0.27904197573661804,-0.94921875,0,0.2258744239807129,0.39949432015419006,0.35903918743133545,0.015592077746987343,0,0.3293534878912827,english,comment,True,unanimous,3-0,0,0
t1_p6y3nji,0,0.014728614129126072,-4.203125,0,0.03401567041873932,0.48205065727233887,0.47038814425468445,0.013545526191592216,0,0.04113914117147127,english,comment,True,majority,3-0,0,0
t1_p6y4fmz,0,0.21206879615783691,-1.3125,0,0.07088220119476318,0.4671086072921753,0.44671085476875305,0.015298317186534405,0,0.27224461121853366,english,comment,True,adjudicator,2-1,0,0
t1_p6y4otw,0,0.012053778395056725,-4.40625,0,0.037871524691581726,0.48322147130966187,0.46596357226371765,0.012943432666361332,0,0.03553834644186387,english,comment,True,majority,3-0,0,0
t1_p6y5vfc,0,0.012624949216842651,-4.359375,0,0.02221113070845604,0.47916147112846375,0.4851509928703308,0.0134764164686203,0,0.036761809350129786,taglish,comment,True,unanimous,3-0,0,0
t1_p6y7pio,0,0.5064693689346313,0.02587890625,1,0.24344736337661743,0.41581520438194275,0.3251888155937195,0.015548644587397575,1,0.5048466667397112,tagalog,comment,True,adjudicator,2-1,0,0
t1_p6y900m,0,0.6579781174659729,0.654296875,1,0.2960239052772522,0.36405423283576965,0.3052171766757965,0.03470466658473015,1,0.6201462010013248,tagalog,comment,True,majority,3-0,0,0
t1_p6y9r2e,0,0.10669060051441193,-2.125,0,0.04950809106230736,0.47527769207954407,0.45902886986732483,0.016185337677598,0,0.16910954411173126,english,comment,True,majority,3-0,0,0
t1_p6ya1ka,0,0.13477592170238495,-1.859375,0,0.14763449132442474,0.4402192234992981,0.3972710072994232,0.014875293709337711,0,0.19893605075794468,english,comment,True,majority,3-0,0,0
t1_p6yeasx,1,0.9207897186279297,2.453125,1,0.42879292368888855,0.29413068294525146,0.2356589138507843,0.041417498141527176,1,0.8626844328082414,taglish,comment,True,majority,3-0,1,1
t1_p6yecc6,0,0.10818895697593689,-2.109375,0,0.040811121463775635,0.481571227312088,0.4672873318195343,0.010330314747989178,0,0.1707606813330581,tagalog,comment,True,adjudicator,2-1,0,0
t1_p6yeybg,0,0.013020490296185017,-4.328125,0,0.015810031443834305,0.49798500537872314,0.4721929430961609,0.014012028463184834,0,0.037599853652667665,taglish,comment,True,majority,3-0,0,0
t1_p6yggb7,0,0.006692850962281227,-5.0,0,0.009251834824681282,0.499352365732193,0.47961512207984924,0.011780669912695885,0,0.023072574792530495,taglish,comment,True,unanimous,3-0,0,0
t1_p6ygtxd,0,0.01678548939526081,-4.0703125,0,0.015083142556250095,0.4984855055809021,0.4767262041568756,0.0097051365301013,0,0.04524817879446525,taglish,comment,True,majority,3-0,0,0
t1_p6yhpaz,0,0.01640303246676922,-4.09375,0,0.023675240576267242,0.4839169383049011,0.48193368315696716,0.010474124923348427,0,0.04449567494372924,taglish,comment,True,majority,3-0,0,0
t1_p6yl8qm,0,0.06656918674707413,-2.640625,0,0.07795371860265732,0.4618757665157318,0.4248477518558502,0.035322777926921844,0,0.12150726715028945,tagalog,comment,True,adjudicator,2-1,0,0
t1_p6ylyg8,0,0.01798621006309986,-4.0,0,0.032564450055360794,0.47563832998275757,0.47563832998275757,0.016158875077962875,0,0.04757906900407436,english,comment,True,majority,3-0,0,0
t1_p6ys9v5,0,0.048496000468730927,-2.9765625,0,0.032894738018512726,0.48178136348724365,0.46963563561439514,0.015688259154558182,0,0.09709720337870163,english,comment,True,unanimous,3-0,0,0
t1_p6ysr0x,0,0.4012185037136078,-0.400390625,0,0.1829804629087448,0.427892804145813,0.3772212862968445,0.011905459687113762,0,0.42556871523637135,taglish,comment,True,adjudicator,2-1,0,1
t1_p6ywh9d,0,0.06804042309522629,-2.6171875,0,0.06040351465344429,0.46936503052711487,0.45748236775398254,0.012749102897942066,0,0.12339398575252927,taglish,comment,True,majority,3-0,0,0
t1_p6ywjhu,0,0.3656831681728363,-0.55078125,0,0.10355648398399353,0.46234309673309326,0.41631799936294556,0.01778242737054825,0,0.3982841275435973,tagalog,comment,True,unanimous,3-0,0,0
t1_p6ywmi2,0,0.308190256357193,-0.80859375,0,0.09228623658418655,0.47867149114608765,0.41579514741897583,0.013247132301330566,0,0.35302680639346856,taglish,comment,True,majority,3-0,0,0
t1_p6ywpv2,0,0.026155617088079453,-3.6171875,0,0.012523043900728226,0.4902421832084656,0.4861738085746765,0.011060962453484535,0,0.06239586541158243,taglish,comment,True,unanimous,3-0,0,0
t1_p6yxg2t,0,0.09401018172502518,-2.265625,0,0.10088453441858292,0.44561320543289185,0.43796318769454956,0.015539086423814297,0,0.1548181007266743,english,comment,True,adjudicator,2-1,0,0
t1_p6yxi0s,0,0.3464307188987732,-0.634765625,0,0.11667202413082123,0.4543527066707611,0.4152907133102417,0.013684548437595367,0,0.38330657036738564,tagalog,comment,True,adjudicator,2-1,0,0
t1_p6yxpxt,0,0.4823072552680969,-0.07080078125,0,0.217812642455101,0.4060913622379303,0.3636363744735718,0.012459621764719486,0,0.4867429439235293,tagalog,comment,True,majority,3-0,0,0
t1_p6yxtzz,0,0.017712298780679703,-4.015625,0,0.016101066023111343,0.49739906191825867,0.4716373682022095,0.014862521551549435,0,0.04705142996486635,taglish,comment,True,adjudicator,2-1,0,0
t1_p6yyoyd,0,0.023870835080742836,-3.7109375,0,0.013237063772976398,0.4884413182735443,0.4864145815372467,0.011907024309039116,0,0.05841114774575512,taglish,comment,True,majority,3-0,0,0
t1_p6yzgsq,0,0.03963883966207504,-3.1875,0,0.02036789432168007,0.48475590348243713,0.4806823134422302,0.014193876646459103,0,0.08409797556716471,english,comment,True,majority,3-0,0,0
t1_p6z0lga,0,0.3225259780883789,-0.7421875,0,0.10058218985795975,0.4776415228843689,0.41223832964897156,0.00953796599060297,0,0.3644706163938528,tagalog,comment,True,majority,3-0,0,0
t1_p6z0md9,0,0.031143829226493835,-3.4375,0,0.032651010900735855,0.4802210330963135,0.47620242834091187,0.010925530456006527,0,0.07075065641317402,tagalog,comment,True,adjudicator,2-1,0,0
t1_p6z1fep,0,0.0204885546118021,-3.8671875,0,0.011230964213609695,0.4893400967121124,0.48730963468551636,0.012119289487600327,0,0.05229625432213942,taglish,comment,True,majority,3-0,0,0
t1_p6z27mn,1,0.40650856494903564,-0.37841796875,0,0.1448502540588379,0.4385192394256592,0.40478700399398804,0.011843492276966572,0,0.42959759014442,taglish,comment,True,adjudicator,2-1,1,0
t1_p6z3f4r,0,0.037047166377305984,-3.2578125,0,0.017279716208577156,0.48586493730545044,0.4817991256713867,0.015056222677230835,0,0.08012854631784959,english,comment,True,majority,3-0,0,0
t1_p6z556i,0,0.04569203034043312,-3.0390625,0,0.023307647556066513,0.48500287532806396,0.4809271991252899,0.010762274265289307,0,0.09306906696018251,taglish,comment,True,unanimous,3-0,0,0
t1_p6z5qr1,0,0.2030746191740036,-1.3671875,0,0.11702191084623337,0.46808764338493347,0.4031285345554352,0.011761896312236786,0,0.2642036152905171,taglish,comment,True,majority,3-0,0,0
t1_p6z63wn,0,0.03283695876598358,-3.3828125,0,0.02952622063457966,0.4961393475532532,0.4585829973220825,0.015751436352729797,0,0.07349201152974996,english,comment,True,majority,3-0,0,0
t1_p6z6epo,0,0.08093671500682831,-2.4296875,0,0.042134832590818405,0.480081707239151,0.46578142046928406,0.01200204249471426,0,0.139408797957999,tagalog,comment,True,adjudicator,2-1,0,1
t1_p6z7ljg,0,0.030214587226510048,-3.46875,0,0.04475868493318558,0.47414693236351013,0.4682447016239166,0.012849677354097366,0,0.06922687933387604,english,comment,True,adjudicator,3-0,0,0
t1_p6z8245,0,0.015072628855705261,-4.1796875,0,0.023112768307328224,0.48114320635795593,0.48313140869140625,0.012612612918019295,0,0.041837365350544393,taglish,comment,True,unanimous,3-0,0,0
t1_p6zc0tc,0,0.04054073989391327,-3.1640625,0,0.03721046447753906,0.4794905483722687,0.4734969139099121,0.009802085347473621,0,0.085460325029733,tagalog,comment,True,adjudicator,2-1,0,0
t1_p6zdg7p,0,0.022457052022218704,-3.7734375,0,0.013836239464581013,0.487237811088562,0.487237811088562,0.01168814767152071,0,0.05588858357384836,taglish,comment,True,majority,3-0,0,0
t1_p6zepsz,0,0.017442483454942703,-4.03125,0,0.02590159885585308,0.48184409737586975,0.47986119985580444,0.012393109500408173,0,0.046529356438525696,english,comment,True,adjudicator,2-1,0,0
t1_p6zeur1,0,0.4066263437271118,-0.3779296875,0,0.1251298040151596,0.4527518153190613,0.4029075801372528,0.019210798665881157,0,0.42968722878275195,tagalog,comment,True,unanimous,3-0,0,0
t1_p6zfvsk,0,0.012431650422513485,-4.375,0,0.020146748051047325,0.4835219383239746,0.4835219383239746,0.01280935201793909,0,0.036349552458675695,taglish,comment,True,unanimous,3-0,0,0
t1_p6zg7ae,0,0.07004895806312561,-2.5859375,0,0.03447401896119118,0.4826362431049347,0.4724968373775482,0.010392902418971062,0,0.12594871762367607,english,comment,True,majority,3-0,0,0
t1_p6zi1ty,0,0.016277462244033813,-4.1015625,0,0.022847868502140045,0.48342594504356384,0.4814282953739166,0.012297896668314934,0,0.044247502352832487,taglish,comment,True,majority,3-0,0,0
t1_p6zkkgj,0,0.017045317217707634,-4.0546875,0,0.02848435938358307,0.47963181138038635,0.47764164209365845,0.014242179691791534,0,0.04575656697670378,english,comment,True,majority,3-0,0,0
t1_p6zmbbn,0,0.08819004148244858,-2.3359375,0,0.03354189544916153,0.48300328850746155,0.4726827144622803,0.010772109031677246,0,0.14805024487352383,tagalog,comment,True,adjudicator,2-1,0,0
t1_p6znf3i,0,0.014957086183130741,-4.1875,0,0.020304568111896515,0.4832988679409027,0.4832988679409027,0.013097699731588364,0,0.04160337379848945,taglish,comment,True,unanimous,3-0,0,0
t1_p6znlau,0,0.018546564504504204,-3.96875,0,0.043855421245098114,0.4819277226924896,0.45493975281715393,0.01927710883319378,0,0.048651254945635436,tagalog,comment,True,adjudicator,3-0,0,0
t1_p6zpuu5,0,0.028870904818177223,-3.515625,0,0.034745920449495316,0.47850096225738525,0.47453001141548157,0.012223117984831333,0,0.06699810424655157,taglish,comment,True,unanimous,3-0,0,0
t1_p6zroni,0,0.05070536583662033,-2.9296875,0,0.05692810192704201,0.46725401282310486,0.46331095695495605,0.012506931088864803,0,0.10021970803980035,english,comment,True,majority,3-0,0,0
t1_p6zs8qi,0,0.047074176371097565,-3.0078125,0,0.04691937193274498,0.4721570611000061,0.47018149495124817,0.010742067359387875,0,0.0950640427248437,english,comment,True,majority,3-0,0,0
t1_p6ztuf8,0,0.024053553119301796,-3.703125,0,0.02484080381691456,0.4801715016365051,0.48218902945518494,0.012798688374459743,0,0.05873387865683369,tagalog,comment,True,majority,3-0,0,0
t1_p6zvsxc,0,0.03384403511881828,-3.3515625,0,0.015545361675322056,0.48929664492607117,0.483180433511734,0.011977573856711388,0,0.0751020948441399,taglish,comment,True,unanimous,3-0,0,0
t1_p6zwkbj,0,0.037892427295446396,-3.234375,0,0.03564928099513054,0.47599321603775024,0.47599321603775024,0.012364275753498077,0,0.08143230994741969,tagalog,comment,True,adjudicator,2-1,0,0
t1_p6zz41t,0,0.023509452119469643,-3.7265625,0,0.027191458269953728,0.48274150490760803,0.48075491189956665,0.009312142618000507,0,0.057770670246349735,taglish,comment,True,majority,3-0,0,0
t1_p6zzg2r,1,0.6460136771202087,0.6015625,1,0.2926619350910187,0.4080051779747009,0.27716806530952454,0.022164838388562202,1,0.6107967794223008,english,comment,True,majority,3-0,1,1
t1_p70307o,0,0.27708157896995544,-0.958984375,0,0.17082847654819489,0.4182030260562897,0.3939323127269745,0.01703617349267006,0,0.32773956408424915,tagalog,comment,True,adjudicator,2-1,0,0
t1_p703ag7,0,0.02498779445886612,-3.6640625,0,0.019852986559271812,0.48652383685112,0.48049256205558777,0.013130615465342999,0,0.060372751301069776,english,comment,True,majority,3-0,0,0
t1_p704rmf,0,0.06418264657258987,-2.6796875,0,0.043489255011081696,0.47332489490509033,0.4632111191749573,0.019974716007709503,0,0.1184179906369386,english,comment,True,majority,3-0,0,0
t1_p705dn8,0,0.03649376332759857,-3.2734375,0,0.04301075264811516,0.48599720001220703,0.460725337266922,0.010266690514981747,0,0.07926998546374149,tagalog,comment,True,adjudicator,2-1,0,0
t1_p708dim,1,0.09670579433441162,-2.234375,0,0.10689898580312729,0.44643276929855347,0.4370143711566925,0.00965387374162674,0,0.157906238052035,english,comment,True,adjudicator,2-1,1,1
t1_p70bt1i,0,0.11357959359884262,-2.0546875,0,0.07307764142751694,0.46249139308929443,0.4504786431789398,0.013952324166893959,0,0.17664048794527834,taglish,comment,True,majority,3-0,0,0
t1_p70cqzj,0,0.6706082820892334,0.7109375,1,0.31562429666519165,0.3622506260871887,0.3012777268886566,0.020847342908382416,1,0.6300896294582009,tagalog,comment,True,adjudicator,2-1,0,1
t1_p70dx7c,0,0.028652667999267578,-3.5234375,0,0.014465851709246635,0.4874863922595978,0.48543813824653625,0.012609614059329033,0,0.06663317770797107,taglish,comment,True,unanimous,3-0,0,0
t1_p71n1o6,0,0.15203222632408142,-1.71875,0,0.10380248725414276,0.44981077313423157,0.4363549053668976,0.010031837970018387,0,0.21625801712196938,taglish,comment,True,majority,3-0,0,0
t1_p7225hc,0,0.1030244380235672,-2.1640625,0,0.0578838549554348,0.469084769487381,0.4590615928173065,0.013969805091619492,0,0.16503736407134081,tagalog,comment,True,majority,3-0,0,0
t1_p72ai81,0,0.01652955636382103,-4.0859375,0,0.013635503128170967,0.4868379533290863,0.48481789231300354,0.014708667062222958,0,0.0447451743035627,english,comment,True,majority,3-0,0,0
t1_p72e5co,0,0.022629201412200928,-3.765625,0,0.03969484567642212,0.47236865758895874,0.47236865758895874,0.015567822381854057,0,0.05619820877150267,tagalog,comment,True,adjudicator,2-1,0,1
t1_p72esdo,1,0.03934250399470329,-3.1953125,0,0.020937757566571236,0.4852483868598938,0.48321807384490967,0.0105957742780447,0,0.08364825958213414,taglish,comment,True,majority,3-0,1,1
t1_p72g2r7,0,0.10594828426837921,-2.1328125,0,0.07542020827531815,0.4624449610710144,0.448551744222641,0.013583079911768436,0,0.16828875560596268,english,comment,True,adjudicator,2-1,0,0
t1_p72hos4,0,0.06656918674707413,-2.640625,0,0.04146934673190117,0.4771534502506256,0.4669141173362732,0.014463074505329132,0,0.12150726715028945,taglish,comment,True,majority,3-0,0,0
t1_p72i3dh,0,0.01384861022233963,-4.265625,0,0.014141913503408432,0.4920644760131836,0.4742790162563324,0.019514605402946472,0,0.03933133410143569,taglish,comment,True,adjudicator,2-1,0,0
t1_p72ibpe,0,0.00970847625285387,-4.625,0,0.03027184121310711,0.4882242679595947,0.4688502848148346,0.012653629295527935,0,0.03032951092726271,tagalog,comment,True,majority,3-0,0,0
t1_p72it5y,0,0.012821215204894543,-4.34375,0,0.030826140195131302,0.47743526101112366,0.4794081449508667,0.012330456636846066,0,0.037178561446541046,taglish,comment,True,majority,3-0,0,0
t1_p72j2s2,0,0.07263670861721039,-2.546875,0,0.09471116960048676,0.4492831230163574,0.44357189536094666,0.012433814816176891,0,0.12920566145368317,english,comment,True,majority,3-0,0,0
t1_p72jhno,0,0.06278920918703079,-2.703125,0,0.04426857829093933,0.4906640350818634,0.4510943591594696,0.01397304330021143,0,0.11659723607474917,english,comment,True,majority,3-0,0,0
t1_p72jub2,0,0.6963714361190796,0.830078125,1,0.31693291664123535,0.3919062912464142,0.26922258734703064,0.021938232704997063,1,0.6506405409561383,tagalog,comment,True,adjudicator,2-1,0,1
t1_p72kh9o,0,0.021125193685293198,-3.8359375,0,0.03068670816719532,0.47901204228401184,0.4770161509513855,0.013285099528729916,0,0.053468773484727145,taglish,comment,True,majority,3-0,0,0
t1_p72m2ne,0,0.01912403479218483,-3.9375,0,0.030572298914194107,0.4772261083126068,0.4792145788669586,0.012987012974917889,0,0.04974634041692687,english,comment,True,majority,3-0,0,0
t1_p72nk1f,0,0.03384403511881828,-3.3515625,0,0.048843663185834885,0.4637681245803833,0.4716620445251465,0.015726178884506226,0,0.0751020948441399,english,comment,True,majority,3-0,0,0
t1_p72nurl,0,0.06187598779797554,-2.71875,0,0.04003707319498062,0.4903305470943451,0.4586963355541229,0.010936051607131958,0,0.11539694048300798,taglish,comment,True,majority,3-0,0,0
t1_p72oofz,0,0.02909075655043125,-3.5078125,0,0.017152225598692894,0.486316055059433,0.48429813981056213,0.012233573012053967,0,0.06736488511449203,english,comment,True,unanimous,3-0,0,0
t1_p72pp3f,1,0.02595735713839531,-3.625,0,0.02932734228670597,0.48121801018714905,0.47922125458717346,0.010233370587229729,0,0.06205433918054301,tagalog,comment,True,adjudicator,2-1,1,0
t1_p72r73n,0,0.6041653752326965,0.4228515625,1,0.28435197472572327,0.3779800534248352,0.3242306113243103,0.013437364250421524,1,0.5785394951390463,tagalog,comment,True,adjudicator,2-1,0,1
t1_p72rnxm,1,0.32039588689804077,-0.751953125,0,0.1315789520740509,0.46198830008506775,0.3898635506629944,0.01656920090317726,0,0.3627776953701444,taglish,comment,True,majority,3-0,1,1
t1_p72u7fx,0,0.04401864856481552,-3.078125,0,0.038167938590049744,0.49051958322525024,0.45900025963783264,0.012312238104641438,0,0.09062823074494587,english,comment,True,majority,3-0,0,0
t1_p72vwpm,0,0.5607337951660156,0.244140625,1,0.2610546350479126,0.38401514291763306,0.3159139156341553,0.03901631757616997,1,0.5455976630923459,english,comment,True,adjudicator,2-1,0,1
t1_p72vzbh,0,0.23022674024105072,-1.20703125,0,0.11636713147163391,0.4635451138019562,0.4058423936367035,0.014245356433093548,0,0.288177549416649,english,comment,True,adjudicator,2-1,0,1
t1_p72wy0h,0,0.014503578655421734,-4.21875,0,0.01509714126586914,0.4989481568336487,0.4751887023448944,0.01076599396765232,0,0.04067986882402621,taglish,comment,True,majority,3-0,0,0
t1_p72xq0x,0,0.03138043358922005,-3.4296875,0,0.04255582392215729,0.47702109813690186,0.46910372376441956,0.011319354176521301,0,0.07113641429428318,tagalog,comment,True,majority,3-0,0,0
t1_p72y08e,0,0.012241275049746037,-4.390625,0,0.012366289272904396,0.4966301918029785,0.4788227379322052,0.012180794961750507,0,0.03594174622161488,taglish,comment,True,majority,3-0,0,0
t1_p72yo6v,0,0.055005285888910294,-2.84375,0,0.03498250991106033,0.4877561330795288,0.4557721018791199,0.021489255130290985,0,0.10617651421040851,taglish,comment,True,majority,3-0,0,0
t1_p72yt57,0,0.07316472381353378,-2.5390625,0,0.056797657161951065,0.4723173677921295,0.46035996079444885,0.01052500493824482,0,0.12986559511507098,taglish,comment,True,majority,3-0,0,0
t1_p72zfo4,0,0.7345005869865417,1.017578125,1,0.33495789766311646,0.35445281863212585,0.29419583082199097,0.016393441706895828,1,0.6818577075708798,tagalog,comment,True,adjudicator,2-1,0,1
t1_p730s7k,0,0.01590639352798462,-4.125,0,0.023481177166104317,0.48105356097221375,0.483041375875473,0.012423903681337833,0,0.0435108819223144,taglish,comment,True,majority,3-0,0,0
t1_p731obh,0,0.5638283491134644,0.2567138671875,1,0.23875072598457336,0.4275303781032562,0.31833431124687195,0.015384615398943424,1,0.5479318814265843,tagalog,comment,True,majority,3-0,0,0
t1_p7324tn,0,0.1427091360092163,-1.79296875,0,0.16893436014652252,0.4284314811229706,0.39534124732017517,0.007292913738638163,0,0.20698285413167294,tagalog,comment,True,unanimous,3-0,0,0
t1_p7332av,0,0.018264278769493103,-3.984375,0,0.010882631875574589,0.48794683814048767,0.48794683814048767,0.013223662972450256,0,0.0481123262994903,taglish,comment,True,majority,3-0,0,0
t1_p73690z,0,0.4500572383403778,-0.200439453125,0,0.2545856237411499,0.3907182216644287,0.3359116017818451,0.018784530460834503,0,0.46253039756114017,tagalog,comment,True,adjudicator,2-1,0,1
t1_p739rsl,0,0.06853749603033066,-2.609375,0,0.07649402320384979,0.45896413922309875,0.4491572082042694,0.015384615398943424,0,0.12402846348342512,taglish,comment,True,majority,3-0,0,0
t1_p73azaa,0,0.011687257327139378,-4.4375,0,0.022394908592104912,0.491464227437973,0.4758000373840332,0.010340819135308266,0,0.03474459122869208,taglish,comment,True,majority,3-0,0,0
t1_p73bf3o,0,0.025760557502508163,-3.6328125,0,0.03341437503695488,0.4787731468677521,0.4767782688140869,0.0110342251136899,0,0.06171455926280479,tagalog,comment,True,adjudicator,2-1,0,1
t1_p73c4yz,0,0.4851118326187134,-0.0595703125,0,0.2979637682437897,0.38964495062828064,0.2930522859096527,0.019338995218276978,0,0.48884502369102817,tagalog,comment,True,adjudicator,2-1,0,0
t1_p73cwi9,0,0.03514484316110611,-3.3125,0,0.047598496079444885,0.4754917025566101,0.4656267464160919,0.01128306332975626,0,0.07716025545901342,taglish,comment,True,majority,3-0,0,0
t1_p73d24m,0,0.04885777831077576,-2.96875,0,0.12960894405841827,0.44692736864089966,0.41296088695526123,0.01050279289484024,0,0.09761152248619476,english,comment,True,majority,3-0,0,0
t1_p73gjdk,0,0.023330770432949066,-3.734375,0,0.02008928544819355,0.494047611951828,0.4742063581943512,0.0116567462682724,0,0.057452908921270876,english,comment,True,majority,3-0,0,0
t1_p73l2yp,0,0.2708657681941986,-0.990234375,0,0.21399086713790894,0.3998018503189087,0.37338322401046753,0.012824040837585926,0,0.32260244508001346,taglish,comment,True,majority,3-0,0,0
t1_p73l304,0,0.03384403511881828,-3.3515625,0,0.014207441359758377,0.4933741092681885,0.4791029691696167,0.013315494172275066,0,0.0751020948441399,english,comment,True,majority,3-0,0,0
t1_p73lg55,0,0.009125636890530586,-4.6875,0,0.008055521175265312,0.4996901750564575,0.47986119985580444,0.012393109500408173,0,0.0289823615333465,taglish,comment,True,majority,3-0,0,0
t1_p73lp9u,0,0.19559408724308014,-1.4140625,0,0.12153492122888565,0.4532139003276825,0.40673041343688965,0.018520759418606758,0,0.2574337043869168,english,comment,True,majority,3-0,0,0
t1_p73lsd9,0,0.38630029559135437,-0.462890625,0,0.25437474250793457,0.3824157118797302,0.34997865557670593,0.013230900280177593,0,0.4141644140877512,english,comment,True,majority,3-0,0,0
t1_p73lthh,0,0.032344330102205276,-3.3984375,0,0.02014920674264431,0.48766180872917175,0.4815405309200287,0.010648473165929317,0,0.07269893990947067,taglish,comment,True,majority,3-0,0,0
t1_p73ltjr,0,0.5721849799156189,0.290771484375,1,0.2603943943977356,0.3877405524253845,0.33452126383781433,0.017343787476420403,1,0.5542437975390188,english,comment,True,majority,3-0,0,0
t1_p73lws3,0,0.07316472381353378,-2.5390625,0,0.09144490212202072,0.4553194046020508,0.443888783454895,0.009346907027065754,0,0.12986559511507098,taglish,comment,True,majority,3-0,0,0
t1_p73lxdn,0,0.07369627058506012,-2.53125,0,0.12824565172195435,0.44615036249160767,0.41002482175827026,0.015579137951135635,0,0.1305283942156195,english,comment,True,adjudicator,3-0,0,0
t1_p73m224,0,0.8098781704902649,1.44921875,1,0.39277851581573486,0.31527960300445557,0.26067811250686646,0.03126376122236252,1,0.7475687527678994,tagalog,comment,True,adjudicator,2-1,0,0
t1_p73m7fg,0,0.5037841200828552,0.01513671875,1,0.29632627964019775,0.35947778820991516,0.3287116587162018,0.015484263189136982,1,0.5028349012248561,english,comment,True,majority,3-0,0,0
t1_p73mcow,0,0.31658050417900085,-0.76953125,0,0.11245708167552948,0.4560471475124359,0.41666126251220703,0.014834488742053509,0,0.3597390180423918,taglish,comment,True,majority,3-0,0,0
t1_p73mgga,0,0.2075357586145401,-1.33984375,0,0.16947786509990692,0.4126417636871338,0.4034309983253479,0.014449370093643665,0,0.268205023621068,tagalog,comment,True,majority,3-0,0,0
t1_p73mpuk,0,0.35667070746421814,-0.58984375,0,0.24201376736164093,0.38108137249946594,0.350378155708313,0.026526695117354393,0,0.39129225280767066,tagalog,comment,True,adjudicator,2-1,0,0
t1_p73napw,0,0.03283695876598358,-3.3828125,0,0.018819939345121384,0.4883011281490326,0.48016276955604553,0.012716175056993961,0,0.07349201152974996,english,comment,True,majority,3-0,0,0
t1_p73o9cq,0,0.12085322290658951,-1.984375,0,0.06319817155599594,0.47596123814582825,0.44831204414367676,0.012528544291853905,0,0.18443236375546235,english,comment,True,unanimous,3-0,0,0
t1_p73oayr,0,0.14223189651966095,-1.796875,0,0.08312202244997025,0.4631084203720093,0.4433174729347229,0.010452100075781345,0,0.20650292703648115,taglish,comment,True,majority,3-0,0,0
t1_p73oenm,0,0.7520126104354858,1.109375,1,0.34743472933769226,0.34383437037467957,0.28262826800346375,0.026102609932422638,1,0.6965858216482287,tagalog,comment,True,majority,3-0,0,0
t1_p73oo5i,1,0.19868534803390503,-1.39453125,0,0.11598513275384903,0.4401487112045288,0.42428749799728394,0.019578685984015465,0,0.26024067509417687,tagalog,comment,True,adjudicator,2-1,1,0
t1_p73q478,0,0.723700225353241,0.962890625,1,0.30695900321006775,0.36796948313713074,0.3012392818927765,0.02383222058415413,1,0.672904869420905,english,comment,True,adjudicator,2-1,0,0
t1_p73q9ap,0,0.8568122982978821,1.7890625,1,0.38740500807762146,0.3457111716270447,0.23973941802978516,0.027144407853484154,1,0.7925363950117744,tagalog,comment,True,adjudicator,2-1,0,0
t1_p73qhx0,0,0.1919327974319458,-1.4375,0,0.11449611186981201,0.45988479256629944,0.4123760461807251,0.01324306707829237,0,0.25409155470774086,taglish,comment,True,adjudicator,2-1,0,0
t1_p73qnil,0,0.2509128153324127,-1.09375,0,0.22555223107337952,0.38716837763786316,0.36230435967445374,0.024975024163722992,0,0.30589386564579096,taglish,comment,True,majority,3-0,0,0
t1_p73qywm,1,0.053799647837877274,-2.8671875,0,0.04207608848810196,0.47165533900260925,0.46762409806251526,0.01864449493587017,0,0.10452166467593718,english,comment,True,unanimous,3-0,1,1
t1_p73r713,0,0.43170395493507385,-0.27490234375,0,0.2419758439064026,0.3812425136566162,0.3568708598613739,0.0199107825756073,0,0.44869518846072215,tagalog,comment,True,adjudicator,2-1,0,1
t1_p73r9ah,0,0.8221890926361084,1.53125,1,0.37569302320480347,0.3513425290584564,0.2522013187408447,0.020763127133250237,1,0.7589883866162404,tagalog,comment,True,adjudicator,2-1,0,1
t1_p73rln3,0,0.6641048192977905,0.681640625,1,0.30272266268730164,0.37840333580970764,0.30272266268730164,0.016151361167430878,1,0.6249596543810565,taglish,comment,True,unanimous,3-0,0,0
t1_p73rmiw,0,0.05541279539465904,-2.8359375,0,0.04128298535943031,0.48847413063049316,0.4588097035884857,0.011433162726461887,0,0.10673324088821476,taglish,comment,True,majority,3-0,0,0
t1_p73rs6i,0,0.2351084202528,-1.1796875,0,0.10155857354402542,0.45852187275886536,0.41830065846443176,0.021618904545903206,0,0.29239775915726474,tagalog,comment,True,adjudicator,2-1,0,1
t1_p73s14s,1,0.7264255881309509,0.9765625,1,0.322171151638031,0.3799518346786499,0.2766469717025757,0.021230028942227364,1,0.6751552420705356,taglish,comment,True,majority,3-0,1,1
t1_p73t8s1,0,0.06804042309522629,-2.6171875,0,0.043625421822071075,0.4773724377155304,0.46934938430786133,0.009652751497924328,0,0.12339398575252927,tagalog,comment,True,adjudicator,2-1,0,0
t1_p73tcqr,0,0.7549149990081787,1.125,1,0.33638814091682434,0.3605390787124634,0.2863611876964569,0.016711590811610222,1,0.6990541230572301,taglish,comment,True,majority,3-0,0,0
t1_p73uwo5,0,0.1629120409488678,-1.63671875,0,0.11184867471456528,0.46431300044059753,0.4154379367828369,0.00840039923787117,0,0.22685533710252254,taglish,comment,True,majority,3-0,0,0
t1_p73whxy,0,0.01384861022233963,-4.265625,0,0.01422360260039568,0.498881995677948,0.4750310480594635,0.011863353662192822,0,0.03933133410143569,taglish,comment,True,majority,3-0,0,0
t1_p73wuws,0,0.3019792437553406,-0.837890625,0,0.1899244636297226,0.41801556944847107,0.3816663920879364,0.010393593460321426,0,0.34803025846758173,taglish,comment,True,adjudicator,2-1,0,1
t1_p73xp3y,0,0.09334688633680344,-2.2734375,0,0.06832528859376907,0.46540412306785583,0.4535214900970459,0.012749102897942066,0,0.15405381623878117,tagalog,comment,True,unanimous,3-0,0,0
t1_p73y8o3,0,0.021948251873254776,-3.796875,0,0.04566265642642975,0.47274282574653625,0.46883586049079895,0.012758683413267136,0,0.05496931168343075,english,comment,True,majority,3-0,0,0
t1_p7401pr,0,0.12678517401218414,-1.9296875,0,0.057706721127033234,0.4936297833919525,0.43367475271224976,0.014988758601248264,0,0.19067468213008756,tagalog,comment,True,adjudicator,2-1,0,0
t1_p740s7a,1,0.014063626527786255,-4.25,0,0.02146110124886036,0.48312434554100037,0.48312434554100037,0.012290224432945251,0,0.03977601286698117,taglish,comment,True,adjudicator,2-1,1,1
t1_p742bdi,0,0.754553496837616,1.123046875,1,0.3503510653972626,0.3427347242832184,0.2779959440231323,0.028918243944644928,1,0.6987462111353816,english,comment,True,adjudicator,2-1,0,0
t1_p742cdq,1,0.8278281688690186,1.5703125,1,0.3832879066467285,0.3233424127101898,0.2706630229949951,0.02270662970840931,1,0.7643008275013956,english,comment,True,unanimous,3-0,1,1
t1_p742eq6,0,0.16885694861412048,-1.59375,0,0.0870940238237381,0.4768276512622833,0.4223330616950989,0.013745286501944065,0,0.2325508251063963,taglish,comment,True,adjudicator,2-1,0,0
t1_p742mvf,0,0.3652302324771881,-0.552734375,0,0.15173867344856262,0.43637263774871826,0.39868593215942383,0.013202751986682415,0,0.39793352050335584,taglish,comment,True,unanimous,3-0,0,0
t1_p742tbm,0,0.6020615696907043,0.4140625,1,0.2568248510360718,0.40492090582847595,0.31868776679039,0.01956649124622345,1,0.5769331962494644,tagalog,comment,True,adjudicator,3-0,0,1
t1_p742w7h,0,0.03210070729255676,-3.40625,0,0.03299476578831673,0.4963988959789276,0.4609418213367462,0.009664512239396572,0,0.0723053683607772,taglish,comment,True,majority,3-0,0,0
t1_p7435vc,0,0.8879840970039368,2.0703125,1,0.42542508244514465,0.30857011675834656,0.24283921718597412,0.02316558174788952,1,0.8250555085181357,tagalog,comment,True,adjudicator,2-1,0,1
t1_p743b24,0,0.6584175229072571,0.65625,1,0.29394420981407166,0.39374008774757385,0.2921297252178192,0.020185982808470726,1,0.6204908166683836,taglish,comment,True,unanimous,3-0,0,0
t1_p7442sg,0,0.2743513882160187,-0.97265625,0,0.12145309895277023,0.4549671709537506,0.4125549793243408,0.011024760082364082,0,0.3254869023751391,tagalog,comment,True,adjudicator,2-1,0,1
t1_p7446ww,0,0.02498779445886612,-3.6640625,0,0.05058717355132103,0.4837097227573395,0.45287564396858215,0.012827461585402489,0,0.060372751301069776,taglish,comment,True,majority,3-0,0,0
t1_p7447d8,0,0.3350244164466858,-0.685546875,0,0.1319444477558136,0.4523809552192688,0.3988095223903656,0.01686508022248745,0,0.3743546967750115,taglish,comment,True,majority,3-0,0,0
t1_p744yjy,0,0.03090895712375641,-3.4453125,0,0.03967269882559776,0.47805604338645935,0.47210514545440674,0.010166129097342491,0,0.07036683194386341,taglish,comment,True,majority,3-0,0,0
t1_p745nm4,0,0.032344330102205276,-3.3984375,0,0.062352728098630905,0.4659537076950073,0.4601534605026245,0.01154008787125349,0,0.07269893990947067,taglish,comment,True,unanimous,3-0,0,0
t1_p746quy,0,0.20817892253398895,-1.3359375,0,0.1750202625989914,0.4111587107181549,0.39263802766799927,0.021183006465435028,0,0.2687797770652461,taglish,comment,True,majority,3-0,0,0
t1_p746z7f,1,0.854884684085846,1.7734375,1,0.38862255215644836,0.33237457275390625,0.2573772370815277,0.02162565290927887,1,0.7906051528968671,tagalog,comment,True,unanimous,3-0,1,1
t1_p749kpc,0,0.04240382835268974,-3.1171875,0,0.03293207660317421,0.49298322200775146,0.46104907989501953,0.013035614043474197,0,0.08824517950541334,tagalog,comment,True,adjudicator,2-1,0,0
t1_p74auzk,0,0.07263670861721039,-2.546875,0,0.03734226152300835,0.4821014702320099,0.46149882674217224,0.01905743032693863,0,0.12920566145368317,english,comment,True,majority,3-0,0,0
t1_p74b2gk,0,0.09009299427270889,-2.3125,0,0.10366461426019669,0.46531808376312256,0.4202873110771179,0.010729990899562836,0,0.15027860877193056,taglish,comment,True,unanimous,3-0,0,0
t1_p74bw25,0,0.7158214449882507,0.923828125,1,0.30568498373031616,0.3970177173614502,0.2721342146396637,0.025163093581795692,1,0.666431498149446,tagalog,comment,True,adjudicator,2-1,0,0
t1_p74dltk,0,0.025371311232447624,-3.6484375,0,0.019295405596494675,0.4959541857242584,0.4740445613861084,0.010705837979912758,0,0.061040208045969366,taglish,comment,True,unanimous,3-0,0,0
t1_p74e40k,0,0.014957086183130741,-4.1875,0,0.01185671053826809,0.4843592345714569,0.4883955717086792,0.015388496220111847,0,0.04160337379848945,english,comment,True,majority,3-0,0,0
t1_p74ely0,0,0.04603390395641327,-3.03125,0,0.022023048251867294,0.4875800311565399,0.4793854057788849,0.011011524125933647,0,0.09356426028003874,taglish,comment,True,adjudicator,2-1,0,0
t1_p74em8i,0,0.7581526637077332,1.142578125,1,0.33572813868522644,0.3466757833957672,0.29376211762428284,0.02383396029472351,1,0.7018172408677941,english,comment,True,adjudicator,2-1,0,0
t1_p74eoly,1,0.10230471193790436,-2.171875,0,0.041477639228105545,0.47491899132728577,0.466623455286026,0.01697990857064724,0,0.1642324336036858,taglish,comment,True,unanimous,3-0,1,1
t1_p74ikrc,0,0.019870713353157043,-3.8984375,0,0.02424090914428234,0.4818193316459656,0.4818193316459656,0.01212045457214117,0,0.05114805796446534,taglish,comment,True,majority,3-0,0,0
t1_p74jed9,0,0.055005285888910294,-2.84375,0,0.07315324246883392,0.474300742149353,0.43222567439079285,0.0203203447163105,0,0.10617651421040851,taglish,comment,True,unanimous,3-0,0,0
t1_p74l3ot,0,0.07263670861721039,-2.546875,0,0.037923023104667664,0.4882275462150574,0.4600991904735565,0.013750235550105572,0,0.12920566145368317,tagalog,comment,True,adjudicator,2-1,0,0
t1_p74lbe3,0,0.4810881018638611,-0.07568359375,0,0.2054155021905899,0.43510738015174866,0.3454715311527252,0.014005602337419987,0,0.48582913807873357,tagalog,comment,True,adjudicator,2-1,0,1
t1_p74mce8,0,0.5119606256484985,0.0478515625,1,0.19568558037281036,0.42873823642730713,0.36383751034736633,0.011738676577806473,1,0.5089610822116373,taglish,comment,True,unanimous,3-0,0,0
t1_p74metr,0,0.3809892237186432,-0.4853515625,0,0.17681124806404114,0.43304574489593506,0.3744238317012787,0.015719182789325714,0,0.4100877005047279,tagalog,comment,True,adjudicator,2-1,0,1
t1_p74nozt,0,0.826151430606842,1.55859375,1,0.3836109936237335,0.3115713596343994,0.27375057339668274,0.03106708638370037,1,0.7627156401592976,english,comment,True,majority,3-0,0,0
t1_p74okhz,0,0.03358950838446617,-3.359375,0,0.01923321932554245,0.4850337505340576,0.48299580812454224,0.012737231329083443,0,0.07469656128292845,tagalog,comment,True,adjudicator,3-0,0,0
t1_p74oy14,0,0.014503578655421734,-4.21875,0,0.010549313388764858,0.4953807592391968,0.48139825463294983,0.012671660631895065,0,0.04067986882402621,tagalog,comment,True,majority,3-0,0,0
t1_p74p0np,0,0.8647679686546326,1.85546875,1,0.381801962852478,0.349687784910202,0.24264049530029297,0.025869758799672127,1,0.8005971888098458,tagalog,comment,True,adjudicator,2-1,0,1
t1_p74po25,0,0.2501792907714844,-1.09765625,0,0.15242521464824677,0.4442637264728546,0.3884983956813812,0.014812663197517395,0,0.305272881390716,tagalog,comment,True,adjudicator,2-1,0,1
t1_p74pqmh,0,0.0753123015165329,-2.5078125,0,0.03795400261878967,0.4906371831893921,0.46047505736351013,0.010933768935501575,0,0.13253405674532912,tagalog,comment,True,adjudicator,2-1,0,1
t1_p74pu6f,0,0.13799647986888885,-1.83203125,0,0.06568144261837006,0.46886447072029114,0.44865480065345764,0.01679929345846176,0,0.2022206393539943,taglish,comment,True,adjudicator,2-1,0,1
t1_p74qbp4,0,0.07696083933115005,-2.484375,0,0.032322727143764496,0.49110499024391174,0.46304184198379517,0.013530443422496319,0,0.1345657680329782,tagalog,comment,True,majority,3-0,0,0
t1_p74qmzd,0,0.11047115921974182,-2.0859375,0,0.044869761914014816,0.4806388318538666,0.46238672733306885,0.012104695662856102,0,0.17326135229716336,tagalog,comment,True,adjudicator,2-1,0,1
t1_p74qsqq,1,0.42930975556373596,-0.28466796875,0,0.21225814521312714,0.43007761240005493,0.3355346918106079,0.02212953381240368,0,0.44688614434253326,tagalog,comment,True,majority,3-0,1,1
t1_p74qtsz,0,0.17441026866436005,-1.5546875,0,0.08141112327575684,0.48747995495796204,0.4203774631023407,0.010731467045843601,0,0.237814384824974,tagalog,comment,True,unanimous,3-0,0,0
t1_p74qxt5,0,0.05749328061938286,-2.796875,0,0.043795619159936905,0.4772212505340576,0.46715328097343445,0.011829851195216179,0,0.10955556860560209,taglish,comment,True,majority,3-0,0,0
t1_p74qzfr,1,0.3591393530368805,-0.5791015625,0,0.16154935956001282,0.44402456283569336,0.3816721737384796,0.012753897346556187,0,0.3932107068363761,tagalog,comment,True,majority,3-0,1,1
t1_p74rzdi,0,0.4794427156448364,-0.082275390625,0,0.1695447415113449,0.43118786811828613,0.3767660856246948,0.022501308470964432,0,0.48459565158584456,tagalog,comment,True,adjudicator,2-1,0,0
t1_p74smsg,0,0.4860875904560089,-0.0556640625,0,0.1670125126838684,0.44469597935676575,0.3722568154335022,0.01603471115231514,0,0.4895762781525936,tagalog,comment,True,unanimous,3-0,0,0
t1_p74suws,0,0.013636835850775242,-4.28125,0,0.009874213486909866,0.4830188751220703,0.49106916785240173,0.01603773608803749,0,0.038891425303223426,taglish,comment,True,majority,3-0,0,0
t1_p74t9az,0,0.017442483454942703,-4.03125,0,0.019509784877300262,0.49589431285858154,0.47416189312934875,0.010434030555188656,0,0.046529356438525696,taglish,comment,True,majority,3-0,0,0
t1_p74tfnh,0,0.008711384609341621,-4.734375,0,0.011125532910227776,0.49842387437820435,0.4786451458930969,0.011805426329374313,0,0.02801027616326973,taglish,comment,True,unanimous,3-0,0,0
t1_p74tjen,0,0.04742587357759476,-3.0,0,0.028666207566857338,0.4927082657814026,0.4686737060546875,0.00995180569589138,0,0.09556873219539853,taglish,comment,True,majority,3-0,0,0
t1_p74tlgq,0,0.022116590291261673,-3.7890625,0,0.01516779325902462,0.48739176988601685,0.48536938428878784,0.01207103580236435,0,0.055274142239103374,taglish,comment,True,majority,3-0,0,0
t1_p74to1m,0,0.013020490296185017,-4.328125,0,0.01399900857359171,0.4995044469833374,0.47571852803230286,0.01077799778431654,0,0.037599853652667665,taglish,comment,True,adjudicator,2-1,0,0
t1_p74tsga,0,0.11757213622331619,-2.015625,0,0.06890525668859482,0.4653601348400116,0.44938209652900696,0.016352515667676926,0,0.1809369257047564,english,comment,True,majority,3-0,0,0
t1_p74ueit,0,0.015072628855705261,-4.1796875,0,0.016141047701239586,0.49267444014549255,0.47876831889152527,0.012416190467774868,0,0.041837365350544393,taglish,comment,True,unanimous,3-0,0,0
t1_p74upfg,0,0.3199707567691803,-0.75390625,0,0.18819187581539154,0.41143912076950073,0.3819188177585602,0.018450183793902397,0,0.36243951752441506,english,comment,True,majority,3-0,0,0
t1_p74ve93,0,0.08756383508443832,-2.34375,0,0.05885311961174011,0.4668008089065552,0.45875251293182373,0.015593561343848705,0,0.14731354759215073,english,comment,True,majority,3-0,0,0
t1_p74vm16,0,0.04501553252339363,-3.0546875,0,0.06836777925491333,0.46354323625564575,0.45578518509864807,0.012303776107728481,0,0.09208573145653194,english,comment,True,majority,3-0,0,0
t1_p74w4x6,1,0.6627964973449707,0.67578125,1,0.2803601920604706,0.36602580547332764,0.3231929838657379,0.030421027913689613,1,0.6239302412894796,taglish,comment,True,adjudicator,2-1,1,0
t1_p74wdcy,0,0.023153413087129593,-3.7421875,0,0.04690882936120033,0.4830406606197357,0.4580226242542267,0.012027904391288757,0,0.05713678942068834,taglish,comment,True,unanimous,3-0,0,0
t1_p74wg6l,0,0.009268012829124928,-4.671875,0,0.011936257593333721,0.498123437166214,0.4764658808708191,0.013474435545504093,0,0.0293136054224161,english,comment,True,majority,3-0,0,0
t1_p74xnsz,1,0.5282900333404541,0.11328125,1,0.26235243678092957,0.37428945302963257,0.34455618262290955,0.018801923841238022,1,0.5212035380542435,english,comment,True,majority,3-0,1,1
t1_p74y1de,0,0.01912403479218483,-3.9375,0,0.02609873190522194,0.4904592037200928,0.4707620441913605,0.012680044397711754,0,0.04974634041692687,english,comment,True,unanimous,3-0,0,0
t1_p74y6fq,0,0.02779562398791313,-3.5546875,0,0.023472992703318596,0.4866229295730591,0.4785462021827698,0.011357899755239487,0,0.06519185860999926,taglish,comment,True,majority,3-0,0,0
t1_p74yd6e,0,0.011508148163557053,-4.453125,0,0.01409577764570713,0.4963683485984802,0.4766711890697479,0.012864705175161362,0,0.034354149161319444,english,comment,True,majority,3-0,0,0
t1_p750uar,0,0.8050197958946228,1.41796875,1,0.3598419725894928,0.3647046983242035,0.2561037242412567,0.019349610432982445,1,0.7431253100558116,taglish,comment,True,majority,3-0,0,0
t1_p750vgw,1,0.7468782067298889,1.08203125,1,0.32747411727905273,0.358295202255249,0.29087406396865845,0.023356609046459198,1,0.6922389522036525,taglish,comment,True,majority,3-0,1,1
t1_p7518kr,1,0.05665242671966553,-2.8125,0,0.023374632000923157,0.4863967299461365,0.47822198271751404,0.012006642296910286,0,0.10841886602556666,tagalog,comment,True,majority,3-0,1,1
t1_p7537xf,0,0.00941259041428566,-4.65625,0,0.008834795095026493,0.4962313175201416,0.48239219188690186,0.012541702948510647,0,0.029648519554399132,taglish,comment,True,unanimous,3-0,0,0
t1_p753tau,0,0.08035747706890106,-2.4375,0,0.1247936263680458,0.44452035427093506,0.41719329357147217,0.013492741622030735,0,0.13870809956751498,tagalog,comment,True,majority,3-0,0,0
t1_p753zn1,0,0.02931223064661026,-3.5,0,0.018102960661053658,0.4867684841156006,0.48274561762809753,0.012382928282022476,0,0.06773352815161206,taglish,comment,True,majority,3-0,0,0
t1_p754306,0,0.1030244380235672,-2.1640625,0,0.05631687492132187,0.49458733201026917,0.43451598286628723,0.014579813927412033,0,0.16503736407134081,english,comment,True,adjudicator,2-1,0,1
t1_p7547vn,0,0.2889702320098877,-0.900390625,0,0.1522652953863144,0.4465203285217285,0.3867351710796356,0.014479215256869793,0,0.3374830573592071,english,comment,True,majority,3-0,0,0
t1_p756zjs,0,0.2579519748687744,-1.056640625,0,0.16796696186065674,0.42955484986305237,0.3818265199661255,0.020651675760746002,0,0.31182821241660985,english,comment,True,unanimous,3-0,0,0
t1_p759tqm,0,0.45181018114089966,-0.193359375,0,0.24128685891628265,0.39857015013694763,0.32886505126953125,0.03127792850136757,0,0.46384922621499014,tagalog,comment,True,unanimous,3-0,0,0
t1_p75cezi,0,0.03185885399580002,-3.4140625,0,0.04164328798651695,0.47478336095809937,0.4687986969947815,0.014774640090763569,0,0.07191376225915978,english,comment,True,majority,3-0,0,0
t1_p75cfk1,0,0.02498779445886612,-3.6640625,0,0.0409088134765625,0.4840467870235443,0.4605303406715393,0.014514055103063583,0,0.060372751301069776,english,comment,True,majority,3-0,0,0
t1_p75e3qj,0,0.3420218825340271,-0.654296875,0,0.12909632921218872,0.4587884843349457,0.3972194492816925,0.014895729720592499,0,0.37985379899867516,taglish,comment,True,majority,3-0,0,0
t1_p75eglh,0,0.08632347732782364,-2.359375,0,0.061258379369974136,0.4782581925392151,0.4447998106479645,0.015683621168136597,0,0.14584925207727328,taglish,comment,True,majority,3-0,0,0
t1_p75eh8d,1,0.13477592170238495,-1.859375,0,0.049307018518447876,0.4782525300979614,0.45781439542770386,0.01462604571133852,0,0.19893605075794468,taglish,comment,True,majority,3-0,1,1
t1_p75euy4,1,0.46189650893211365,-0.1527099609375,0,0.21956820785999298,0.4023886024951935,0.365640789270401,0.012402388267219067,0,0.47143035149409424,taglish,comment,True,majority,3-0,1,1
t1_p75f6ia,0,0.1629120409488678,-1.63671875,0,0.053665176033973694,0.47494977712631226,0.4562836289405823,0.015101432800292969,0,0.22685533710252254,taglish,comment,True,majority,3-0,0,0
t1_p75fi9e,0,0.07751766592264175,-2.4765625,0,0.11883924156427383,0.44403499364852905,0.41271302103996277,0.024412713944911957,0,0.13524882692727336,english,comment,True,adjudicator,2-1,0,0
t1_p75g7hh,0,0.09877258539199829,-2.2109375,0,0.06988414376974106,0.463911771774292,0.4539991319179535,0.012204944156110287,0,0.16025504392050968,tagalog,comment,True,adjudicator,2-1,0,0
t1_p75g8kv,0,0.5518907308578491,0.20831298828125,1,0.21394553780555725,0.40835267305374146,0.36146050691604614,0.016241298988461494,1,0.5389356145549027,tagalog,comment,True,adjudicator,2-1,0,0
t1_p75g9y4,0,0.09138210862874985,-2.296875,0,0.05585552006959915,0.4885496199131012,0.4408862292766571,0.014708620496094227,0,0.15177947196597827,tagalog,comment,True,adjudicator,2-1,0,0
t1_p75gwjv,1,0.8674854636192322,1.87890625,1,0.41883814334869385,0.3002629578113556,0.243844136595726,0.037054743617773056,1,0.8033854290648841,taglish,comment,True,adjudicator,2-1,1,0
t1_p75gz21,1,0.31153160333633423,-0.79296875,0,0.09693844616413116,0.4661295413970947,0.4228166341781616,0.01411537267267704,0,0.35570491180640523,taglish,comment,True,adjudicator,2-1,1,1
t1_p75imjy,0,0.02280263788998127,-3.7578125,0,0.029036294668912888,0.4806007444858551,0.4785982370376587,0.0117647061124444,0,0.0565094466354128,taglish,comment,True,majority,3-0,0,0
t1_p75itto,0,0.020645931363105774,-3.859375,0,0.02538352459669113,0.49485552310943604,0.46725401282310486,0.012506931088864803,0,0.05258708638282998,taglish,comment,True,majority,3-0,0,0
t1_p75je3m,0,0.02178117074072361,-3.8046875,0,0.01916537806391716,0.4965687692165375,0.4728284478187561,0.011437403038144112,0,0.05466606495702603,taglish,comment,True,majority,3-0,0,0
t1_p75kifr,0,0.04401864856481552,-3.078125,0,0.04085127264261246,0.4911937415599823,0.4579256474971771,0.010029354132711887,0,0.09062823074494587,english,comment,True,unanimous,3-0,0,0
t1_p75ksdr,0,0.45880335569381714,-0.1651611328125,0,0.17912639677524567,0.4228557348251343,0.38174477219581604,0.016273094341158867,0,0.46910664134242763,tagalog,comment,True,majority,3-0,0,0
t1_p75lqbr,0,0.8558511734008789,1.78125,1,0.3767552375793457,0.34910348057746887,0.2540505528450012,0.020090732723474503,1,0.79157242178581,taglish,comment,True,majority,3-0,0,0
t1_p75lsgh,0,0.48297780752182007,-0.068115234375,0,0.24394619464874268,0.41076233983039856,0.3139013350009918,0.03139013424515724,0,0.487245575307836,tagalog,comment,True,majority,3-0,0,0
t1_p75m85e,0,0.04084571823477745,-3.15625,0,0.023321421816945076,0.48749294877052307,0.4754560887813568,0.013729547150433064,0,0.08591886973219272,taglish,comment,True,majority,3-0,0,0
t1_p75nrvi,0,0.5255894660949707,0.102447509765625,1,0.24988682568073273,0.380262553691864,0.3458578586578369,0.023992756381630898,1,0.5191778157914182,english,comment,True,adjudicator,2-1,0,0
t1_p75oau8,0,0.01640303246676922,-4.09375,0,0.012406323105096817,0.4876881539821625,0.48567289113998413,0.0142326345667243,0,0.04449567494372924,taglish,comment,True,majority,3-0,0,0
t1_p75odws,0,0.034358687698841095,-3.3359375,0,0.022687168791890144,0.48399293422698975,0.48197630047798157,0.011343584395945072,0,0.0759192361113778,taglish,comment,True,unanimous,3-0,0,0
t1_p75ofnj,1,0.8610715270042419,1.82421875,1,0.3889789283275604,0.3278536796569824,0.24820560216903687,0.034961797297000885,1,0.7968335036906217,tagalog,comment,True,majority,3-0,1,1
t1_p75p4b8,0,0.47079741954803467,-0.116943359375,0,0.20945319533348083,0.4355885088443756,0.3410565257072449,0.013901760801672935,0,0.47811186509232295,tagalog,comment,True,adjudicator,2-1,0,1
t1_p75p9x9,0,0.17272931337356567,-1.56640625,0,0.07418302446603775,0.4665856659412384,0.44407495856285095,0.01515636034309864,0,0.2362267532961533,tagalog,comment,True,adjudicator,2-1,0,1
t1_p75paso,0,0.2260994017124176,-1.23046875,0,0.13693907856941223,0.43934622406959534,0.41271916031837463,0.010995542630553246,0,0.2845892342496312,taglish,comment,True,adjudicator,2-1,0,1
t1_p75pjpp,0,0.83601975440979,1.62890625,1,0.38046491146087646,0.3275751769542694,0.2729793190956116,0.018980592489242554,1,0.7721164945545624,tagalog,comment,True,adjudicator,2-1,0,0
t1_p75ptee,0,0.42465054988861084,-0.3037109375,0,0.2737182378768921,0.37552809715270996,0.3388097882270813,0.011943879537284374,0,0.44336259299439557,tagalog,comment,True,majority,3-0,0,0
t1_p75qcc8,0,0.09009299427270889,-2.3125,0,0.05311920866370201,0.48227301239967346,0.4526250660419464,0.011982705444097519,0,0.15027860877193056,taglish,comment,True,unanimous,3-0,0,0
t1_p75qnxv,0,0.3949008285999298,-0.4267578125,0,0.22682754695415497,0.399978369474411,0.3618851900100708,0.011308912187814713,0,0.420747125319977,english,comment,True,majority,3-0,0,0
t1_p75qvxz,0,0.7813306450843811,1.2734375,1,0.3365165889263153,0.36743974685668945,0.2764893174171448,0.019554343074560165,1,0.7219189403825874,english,comment,True,adjudicator,2-1,0,1
t1_p75rjkb,0,0.36251771450042725,-0.564453125,0,0.20288026332855225,0.41126856207847595,0.3727121353149414,0.013139021582901478,0,0.3958320885484098,tagalog,comment,True,adjudicator,2-1,0,1
t1_p75rv22,1,0.04885777831077576,-2.96875,0,0.0730392187833786,0.45490196347236633,0.45490196347236633,0.01715686358511448,0,0.09761152248619476,english,comment,True,adjudicator,2-1,1,1
t1_p75rwe2,1,0.23581157624721527,-1.17578125,0,0.0879562720656395,0.47446125745773315,0.42420053482055664,0.013381918892264366,0,0.2930035988498649,tagalog,comment,True,adjudicator,2-1,1,0
t1_p75sb6f,1,0.28219619393348694,-0.93359375,0,0.1994786411523819,0.42071858048439026,0.3590615391731262,0.02074124477803707,0,0.33194414660176036,tagalog,comment,True,majority,3-0,1,1
t1_p75ta58,0,0.07807817310094833,-2.46875,0,0.09085992723703384,0.45189592242240906,0.4461270272731781,0.011117120273411274,0,0.1359348084431743,tagalog,comment,True,adjudicator,2-1,0,0
t1_p75u8oa,0,0.023153413087129593,-3.7421875,0,0.015455754473805428,0.48850318789482117,0.48444923758506775,0.011591816321015358,0,0.05713678942068834,taglish,comment,True,unanimous,3-0,0,0
t1_p75uf71,0,0.6032308340072632,0.4189453125,1,0.2145593911409378,0.42337164282798767,0.3448275923728943,0.017241379246115685,1,0.5778257876016228,english,comment,True,majority,3-0,0,0
t1_p75ujk6,1,0.8489722013473511,1.7265625,1,0.41011619567871094,0.3098655641078949,0.24606971442699432,0.03394850715994835,1,0.7847323229046037,tagalog,comment,True,unanimous,3-0,1,1
t1_p75ukud,0,0.0427221953868866,-3.109375,0,0.03271983563899994,0.4957551062107086,0.460060715675354,0.011464336887001991,0,0.0887172170607258,english,comment,True,adjudicator,2-1,0,0
t1_p75vad5,0,0.03185885399580002,-3.4140625,0,0.034118302166461945,0.49446815252304077,0.4588664174079895,0.012547128833830357,0,0.07191376225915978,english,comment,True,adjudicator,2-1,0,0
t1_p75vjn0,0,0.02498779445886612,-3.6640625,0,0.03556668758392334,0.4708828926086426,0.47689417004585266,0.01665623113512993,0,0.060372751301069776,tagalog,comment,True,adjudicator,2-1,0,0
t1_p75vvh6,0,0.8283842206001282,1.57421875,1,0.39634010195732117,0.29457709193229675,0.26958268880844116,0.03950010985136032,1,0.7648275928208756,english,comment,True,unanimous,3-0,0,0
t1_p75wctw,0,0.6761924028396606,0.736328125,1,0.31033003330230713,0.377196729183197,0.29661381244659424,0.015859408304095268,1,0.6345120157009478,taglish,comment,True,majority,3-0,0,0
t1_p75whm4,0,0.3363310694694519,-0.6796875,0,0.132982537150383,0.4534800350666046,0.3979909121990204,0.015546520240604877,0,0.37538335830461395,taglish,comment,True,adjudicator,2-1,0,0
t1_p75wlro,0,0.6379335522651672,0.56640625,1,0.28420186042785645,0.3726620376110077,0.31619808077812195,0.02693800814449787,1,0.6045177786769405,english,comment,True,unanimous,3-0,0,0
t1_p75wmxj,0,0.03514484316110611,-3.3125,0,0.04676923155784607,0.4745846092700958,0.46867692470550537,0.009969230741262436,0,0.07716025545901342,tagalog,comment,True,adjudicator,2-1,0,0
t1_p75y4gp,0,0.9092645049095154,2.3046875,1,0.4361628592014313,0.29077523946762085,0.2392454594373703,0.03381642326712608,1,0.8489724923478986,taglish,comment,True,adjudicator,2-1,0,1
t1_p75z2bv,1,0.8062431216239929,1.42578125,1,0.3650844991207123,0.35647401213645935,0.2531481981277466,0.025293294340372086,1,0.7442409535922193,taglish,comment,True,unanimous,3-0,1,1
t1_p760b01,0,0.7394223809242249,1.04296875,1,0.33671486377716064,0.37470322847366333,0.2676451504230499,0.0209367573261261,1,0.6859696461369047,tagalog,comment,True,majority,3-0,0,0
t1_p760jky,0,0.38191089034080505,-0.4814453125,0,0.15231458842754364,0.44201093912124634,0.39024388790130615,0.015430562198162079,0,0.41079582405899634,tagalog,comment,True,adjudicator,2-1,0,0
t1_p760mru,0,0.7021217346191406,0.857421875,1,0.35183244943618774,0.3602094352245331,0.2663874328136444,0.021570680662989616,1,0.655282371751593,tagalog,comment,True,majority,3-0,0,0
t1_p76285e,0,0.19072403013706207,-1.4453125,0,0.0791783407330513,0.4740740656852722,0.43622782826423645,0.010519763454794884,0,0.25298388373150205,taglish,comment,True,unanimous,3-0,0,0
t1_p762lky,0,0.6526842713356018,0.630859375,1,0.28535032272338867,0.3705848157405853,0.3261146545410156,0.017950203269720078,1,0.6160014481432098,tagalog,comment,True,adjudicator,2-1,0,1
t1_p762sf2,1,0.8844391107559204,2.03515625,1,0.4173596203327179,0.30800774693489075,0.24786421656608582,0.026768425479531288,1,0.8212213897973205,taglish,comment,True,majority,3-0,1,1
t1_p764s1y,0,0.04501553252339363,-3.0546875,0,0.07201621681451797,0.46929773688316345,0.4483128786087036,0.010373196564614773,0,0.09208573145653194,tagalog,comment,True,adjudicator,2-1,0,0
t1_p764y35,0,0.030214587226510048,-3.46875,0,0.02032262086868286,0.4816461205482483,0.48367840051651,0.014352851547300816,0,0.06922687933387604,taglish,comment,True,majority,3-0,0,0
t1_p7655u1,0,0.33545970916748047,-0.68359375,0,0.21824686229228973,0.38998210430145264,0.3738819360733032,0.01788908801972866,0,0.3746974583430487,tagalog,comment,True,adjudicator,2-1,0,0
t1_p767qhe,1,0.7752646803855896,1.23828125,1,0.347450315952301,0.33535003662109375,0.3025064766407013,0.014693171717226505,1,0.7166008737507117,tagalog,comment,True,adjudicator,3-0,1,1
t1_p7693zn,0,0.011869121342897415,-4.421875,0,0.02189960703253746,0.4921259880065918,0.47440946102142334,0.011564960703253746,0,0.03513930927505064,taglish,comment,True,unanimous,3-0,0,0
t1_p76a04r,1,0.8227594494819641,1.53515625,1,0.3856666386127472,0.3202410340309143,0.27375444769859314,0.020337888970971107,1,0.7595232891244106,tagalog,comment,True,majority,3-0,1,1
t1_p76bylz,1,0.05184547230601311,-2.90625,0,0.04196770861744881,0.47848212718963623,0.4664195477962494,0.013130615465342999,0,0.10181419053169236,english,comment,True,adjudicator,2-1,1,0
t1_p76e2rw,0,0.04177388176321983,-3.1328125,0,0.032001983374357224,0.4921855628490448,0.46241626143455505,0.013396179303526878,0,0.08730790501248989,english,comment,True,majority,3-0,0,0
t1_p76hk6t,0,0.7322090864181519,1.005859375,1,0.3045637309551239,0.3688815236091614,0.30645543336868286,0.02009931392967701,1,0.679950234480229,english,comment,True,majority,3-0,0,0
t1_p76hwfx,0,0.01798621006309986,-4.0,0,0.01441702339798212,0.4895492196083069,0.48552003502845764,0.010513724759221077,0,0.04757906900407436,taglish,comment,True,majority,3-0,0,0
t1_p76hzqg,0,0.012624949216842651,-4.359375,0,0.008223163895308971,0.48782339692115784,0.4898475408554077,0.01410588901489973,0,0.036761809350129786,taglish,comment,True,unanimous,3-0,0,0
t1_p76idpi,0,0.015189048834145069,-4.171875,0,0.027578599750995636,0.4883250594139099,0.4687136113643646,0.015382729470729828,0,0.0420726151776803,taglish,comment,True,unanimous,3-0,0,0
t1_p76ijq2,0,0.007011795416474342,-4.953125,0,0.008284901268780231,0.500556468963623,0.47879311442375183,0.012365524657070637,0,0.023877508806176746,taglish,comment,True,majority,3-0,0,0
t1_p76j0sy,0,0.011158031411468983,-4.484375,0,0.010446284897625446,0.4984546899795532,0.47669675946235657,0.01440227497369051,0,0.03358592214713221,taglish,comment,True,majority,3-0,0,0
t1_p76j7qh,0,0.025565214455127716,-3.640625,0,0.029220983386039734,0.47962719202041626,0.47962719202041626,0.011524654924869537,0,0.06137651807350888,tagalog,comment,True,adjudicator,2-1,0,1
t1_p76m5bt,0,0.3242354094982147,-0.734375,0,0.1350376158952713,0.455996572971344,0.39532750844955444,0.013638309203088284,0,0.3658273744507442,english,comment,True,adjudicator,2-1,0,0
t1_p76mp20,0,0.08035747706890106,-2.4375,0,0.06643356382846832,0.459540456533432,0.4615384638309479,0.012487512081861496,0,0.13870809956751498,english,comment,True,adjudicator,2-1,0,0
t1_p76nqje,0,0.06465348601341248,-2.671875,0,0.057735566049814224,0.4618845283985138,0.4618845283985138,0.01849537529051304,0,0.11903035657778882,tagalog,comment,True,unanimous,3-0,0,0
t1_p76o003,0,0.018978038802742958,-3.9453125,0,0.023861577734351158,0.48172903060913086,0.48172903060913086,0.012680367566645145,0,0.04947039870275616,tagalog,comment,True,adjudicator,2-1,0,0
t1_p76ojbn,0,0.02460992895066738,-3.6796875,0,0.015354104340076447,0.48109525442123413,0.487236887216568,0.016313735395669937,0,0.05971212886302601,english,comment,True,majority,3-0,0,0
t1_p76okyw,0,0.030675798654556274,-3.453125,0,0.030397798866033554,0.4803602695465088,0.47835877537727356,0.01088316272944212,0,0.06998493291195615,taglish,comment,True,majority,3-0,0,0
t1_p76qr78,0,0.02178117074072361,-3.8046875,0,0.027793219313025475,0.4901488423347473,0.47236117720603943,0.009696745313704014,0,0.05466606495702603,taglish,comment,True,unanimous,3-0,0,0
t1_p76qwcu,0,0.5849826335906982,0.34326171875,1,0.29682931303977966,0.3615920841693878,0.31841692328453064,0.02316168136894703,1,0.5639369794427744,tagalog,comment,True,adjudicator,2-1,0,1
t1_p76r2xi,0,0.3486451506614685,-0.625,0,0.2559050917625427,0.38301026821136475,0.35081028938293457,0.010274335741996765,0,0.3850374044985033,tagalog,comment,True,adjudicator,2-1,0,0
t1_p76r6vy,0,0.49481216073036194,-0.020751953125,0,0.21828490495681763,0.4006614685058594,0.3609732985496521,0.0200803205370903,1,0.49611347849936155,tagalog,comment,True,adjudicator,2-1,0,0
t1_p76rjoy,0,0.014503578655421734,-4.21875,0,0.017306385561823845,0.49842387437820435,0.4707336723804474,0.013536064885556698,0,0.04067986882402621,english,comment,True,majority,3-0,0,0
t1_p76t18e,0,0.017176708206534386,-4.046875,0,0.02187499962747097,0.4819999933242798,0.48399999737739563,0.012125000357627869,0,0.046012796033967227,taglish,comment,True,majority,3-0,0,0
t1_p76tjj1,0,0.013636835850775242,-4.28125,0,0.0070455907844007015,0.4893368184566498,0.4893368184566498,0.01428074948489666,0,0.038891425303223426,taglish,comment,True,majority,3-0,0,0
t1_p76trep,1,0.8951566815376282,2.14453125,1,0.405550092458725,0.3198951184749603,0.24997268617153168,0.02458210475742817,1,0.8329364645333212,taglish,comment,True,unanimous,3-0,1,1
t1_p76vpz3,1,0.5947866439819336,0.3837890625,1,0.2618906497955322,0.37955164909362793,0.3302099406719208,0.028347764164209366,1,0.5713881289273004,taglish,comment,True,majority,3-0,1,1
t1_p76xl88,0,0.18535661697387695,-1.48046875,0,0.07346887141466141,0.4661473035812378,0.4479067623615265,0.012477041222155094,0,0.24803901238971568,taglish,comment,True,unanimous,3-0,0,0
t1_p773hqh,0,0.029535338282585144,-3.4921875,0,0.04113173112273216,0.4887131154537201,0.46145421266555786,0.008700943551957607,0,0.06810404121342764,tagalog,comment,True,adjudicator,2-1,0,0
t1_p7741aw,0,0.48645347356796265,-0.05419921875,0,0.2915113866329193,0.37598344683647156,0.3196687400341034,0.012836438603699207,0,0.4898505102455335,tagalog,comment,True,unanimous,3-0,0,0
t1_p774l94,0,0.023330770432949066,-3.734375,0,0.022263450548052788,0.4967223107814789,0.4709956645965576,0.010018552653491497,0,0.057452908921270876,taglish,comment,True,majority,3-0,0,0
t1_p775b3h,0,0.07004895806312561,-2.5859375,0,0.1010536402463913,0.4406130313873291,0.4406130313873291,0.017720306292176247,0,0.12594871762367607,english,comment,True,majority,3-0,0,0
t1_p775b8v,0,0.45241498947143555,-0.19091796875,0,0.25228360295295715,0.38277512788772583,0.34971725940704346,0.015224010683596134,0,0.464304112932564,tagalog,comment,True,adjudicator,2-1,0,1
t1_p777n8a,0,0.5824910998344421,0.3330078125,1,0.24657224118709564,0.41699716448783875,0.3190934956073761,0.01733710989356041,1,0.5620470254653477,tagalog,comment,True,adjudicator,2-1,0,0
t1_p77cdyz,0,0.20434190332889557,-1.359375,0,0.11171797662973404,0.4409136176109314,0.4250248372554779,0.022343594580888748,0,0.2653429617214405,taglish,comment,True,majority,3-0,0,0
t1_p77cv5i,0,0.2011847198009491,-1.37890625,0,0.09003771841526031,0.46107229590415955,0.43336838483810425,0.015521612949669361,0,0.2625004858857655,english,comment,True,adjudicator,3-0,0,0
t1_p77ddzg,0,0.010489092208445072,-4.546875,0,0.021860608831048012,0.49124962091445923,0.47552964091300964,0.011360147036612034,0,0.032098920378265644,taglish,comment,True,unanimous,3-0,0,0
t1_p77f4p4,0,0.07751766592264175,-2.4765625,0,0.07205882668495178,0.4627451002597809,0.4529411792755127,0.01225490216165781,0,0.13524882692727336,english,comment,True,unanimous,3-0,0,0
t1_p77gn5r,0,0.7322090864181519,1.005859375,1,0.34878385066986084,0.334098219871521,0.2863698899745941,0.030748048797249794,1,0.679950234480229,taglish,comment,True,unanimous,3-0,0,0
t1_p77hvnr,0,0.07585818320512772,-2.5,0,0.029985571280121803,0.4938209652900696,0.4657173454761505,0.010476130992174149,0,0.13320839001486942,taglish,comment,True,majority,3-0,0,0
t1_p77m0e8,0,0.016914913430809975,-4.0625,0,0.023608768358826637,0.4816688597202301,0.4836674928665161,0.011054899543523788,0,0.045501696713335225,taglish,comment,True,unanimous,3-0,0,0
t1_p77mqk2,0,0.014728614129126072,-4.203125,0,0.01065909769386053,0.4864080846309662,0.4864080846309662,0.01652475632727146,0,0.04113914117147127,taglish,comment,True,majority,3-0,0,0
t1_p77oxz9,0,0.23370636999607086,-1.1875,0,0.13858646154403687,0.44270676374435425,0.40613535046577454,0.012571428902447224,0,0.29118828804693153,english,comment,True,adjudicator,2-1,0,1
t1_p77qerq,0,0.014503578655421734,-4.21875,0,0.009735128842294216,0.48751500248908997,0.48953789472579956,0.013211959972977638,0,0.04067986882402621,taglish,comment,True,majority,3-0,0,0
t1_p77qzm1,0,0.007577240467071533,-4.875,0,0.012450932525098324,0.4965652525424957,0.4769381880760193,0.014045633375644684,0,0.025280324796512977,english,comment,True,majority,3-0,0,0
t1_p77reee,0,0.14608725905418396,-1.765625,0,0.10218455642461777,0.46794795989990234,0.4182881712913513,0.01157932449132204,0,0.21036541193319888,tagalog,comment,True,adjudicator,2-1,0,1
t1_p77rfio,0,0.008847354911267757,-4.71875,0,0.010301011614501476,0.49938318133354187,0.47569701075553894,0.014618800953030586,0,0.028330734090797918,english,comment,True,majority,3-0,0,0
t1_p77ro88,0,0.014063626527786255,-4.25,0,0.007950724102556705,0.48873385787010193,0.49074509739875793,0.012570315040647984,0,0.03977601286698117,taglish,comment,True,adjudicator,2-1,0,0
t1_p77ru5i,0,0.008711384609341621,-4.734375,0,0.018184052780270576,0.4914608597755432,0.47769996523857117,0.01265511754900217,0,0.02801027616326973,taglish,comment,True,unanimous,3-0,0,0
t1_p77sbcd,0,0.029986508190631866,-3.4765625,0,0.01604551635682583,0.4827718436717987,0.4827718436717987,0.01841079071164131,0,0.06885070891061511,english,comment,True,majority,3-0,0,0
t1_p77sdo4,0,0.03258974477648735,-3.390625,0,0.01515054702758789,0.4909544289112091,0.4827718436717987,0.011123185977339745,0,0.07309448494742783,english,comment,True,majority,3-0,0,0
t1_p77sk36,0,0.019419347867369652,-3.921875,0,0.024948542937636375,0.48300379514694214,0.4810079336166382,0.011039730161428452,0,0.05030260517588418,taglish,comment,True,adjudicator,2-1,0,0
t1_p77t2it,0,0.014063626527786255,-4.25,0,0.023468056693673134,0.48277145624160767,0.48078474402427673,0.012975724413990974,0,0.03977601286698117,taglish,comment,True,unanimous,3-0,0,0
t1_p77t84c,0,0.14560064673423767,-1.76953125,0,0.0616762638092041,0.4708893299102783,0.45041587948799133,0.017018554732203484,0,0.2098797175124836,english,comment,True,adjudicator,2-1,0,0
t1_p77trkh,0,0.030444350093603134,-3.4609375,0,0.033435218036174774,0.47907179594039917,0.4770756661891937,0.010417316108942032,0,0.06960495135723807,taglish,comment,True,unanimous,3-0,0,0
t1_p77ttcl,0,0.006903837900608778,-4.96875,0,0.008816275745630264,0.4971639811992645,0.4794081449508667,0.014611590653657913,0,0.02360619896586913,english,comment,True,majority,3-0,0,0
t1_p77u4ef,1,0.897335946559906,2.16796875,1,0.41224122047424316,0.3006300628185272,0.2610261142253876,0.026102609932422638,1,0.8353654961444907,tagalog,comment,True,adjudicator,2-1,1,0
t1_p77unr5,0,0.009268012829124928,-4.671875,0,0.00984703004360199,0.4994116425514221,0.47563013434410095,0.015111166052520275,0,0.0293136054224161,taglish,comment,True,majority,3-0,0,0
t1_p77uoky,1,0.016029147431254387,-4.1171875,0,0.021870899945497513,0.4819096326828003,0.4839092791080475,0.012310191988945007,0,0.04375511214698672,taglish,comment,True,adjudicator,2-1,1,0
t1_p77uxsi,0,0.06371499598026276,-2.6875,0,0.07622326165437698,0.45832309126853943,0.4484878182411194,0.016965823248028755,0,0.11780835379772778,english,comment,True,unanimous,3-0,0,0
t1_p77v35j,0,0.010818448849022388,-4.515625,0,0.013506845571100712,0.4953743815422058,0.4776119291782379,0.013506845571100712,0,0.032834290084680744,english,comment,True,majority,3-0,0,0
t1_p77v4is,0,0.06052939593791962,-2.7421875,0,0.044980525970458984,0.47644177079200745,0.4684005379676819,0.010177157819271088,0,0.11361665008427911,taglish,comment,True,majority,3-0,0,0
t1_p77vgly,0,0.017176708206534386,-4.046875,0,0.022431304678320885,0.4845161736011505,0.48252227902412415,0.010530251078307629,0,0.046012796033967227,taglish,comment,True,adjudicator,2-1,0,1
t1_p77vhmq,0,0.017045317217707634,-4.0546875,0,0.023228224366903305,0.481548547744751,0.481548547744751,0.013674680143594742,0,0.04575656697670378,taglish,comment,True,majority,3-0,0,0
t1_p77votq,0,0.008445627056062222,-4.765625,0,0.012687073089182377,0.49664345383644104,0.47496458888053894,0.015704872086644173,0,0.02737988841155039,taglish,comment,True,majority,3-0,0,0
t1_p77vte9,0,0.36274343729019165,-0.5634765625,0,0.19738751649856567,0.4233560264110565,0.3644077181816101,0.014848721213638783,0,0.39600706218195614,english,comment,True,adjudicator,2-1,0,0
t1_p77vx7p,0,0.16940587759017944,-1.58984375,0,0.12906356155872345,0.43474042415618896,0.4153323769569397,0.02086365781724453,0,0.23307350778146146,english,comment,True,majority,3-0,0,0
t1_p77w7ob,0,0.016657039523124695,-4.078125,0,0.0286702923476696,0.4804745316505432,0.4784972667694092,0.012357884086668491,0,0.04499600679287852,english,comment,True,majority,3-0,0,0
t1_p77w7or,0,0.034618839621543884,-3.328125,0,0.03659447282552719,0.479960173368454,0.47398555278778076,0.00945979543030262,0,0.07633086008428057,taglish,comment,True,majority,3-0,0,0
t1_p77wo3f,0,0.014503578655421734,-4.21875,0,0.03219708427786827,0.48978596925735474,0.4663698971271515,0.011647051200270653,0,0.04067986882402621,taglish,comment,True,majority,3-0,0,0
t1_p77wola,0,0.05033063143491745,-2.9375,0,0.05365234613418579,0.48335447907447815,0.4543532133102417,0.00863996148109436,0,0.09969316454100016,taglish,comment,True,adjudicator,2-1,0,0
t1_p77wqnl,0,0.008445627056062222,-4.765625,0,0.00949796475470066,0.4993215799331665,0.47958555817604065,0.011594917625188828,0,0.02737988841155039,taglish,comment,True,unanimous,3-0,0,0
t1_p77wrq7,0,0.020332353189587593,-3.875,0,0.027352776378393173,0.48160868883132935,0.4796103239059448,0.011428214609622955,0,0.052006942410378565,taglish,comment,True,unanimous,3-0,0,0
t1_p77x3cx,0,0.014063626527786255,-4.25,0,0.033964093774557114,0.4890829622745514,0.46191170811653137,0.015041242353618145,0,0.03977601286698117,taglish,comment,True,majority,3-0,0,0
t1_p77xju6,0,0.8494724035263062,1.73046875,1,0.4057970941066742,0.2992052435874939,0.25806450843811035,0.03693314641714096,1,0.7852262572291652,tagalog,comment,True,adjudicator,2-1,0,0
t1_p77y5ul,0,0.6484664082527161,0.6123046875,1,0.2836482524871826,0.3750874698162079,0.3172381520271301,0.02402612566947937,1,0.6127081606786258,english,comment,True,majority,3-0,0,0
t1_p77yaid,0,0.023153413087129593,-3.7421875,0,0.030498389154672623,0.48202329874038696,0.47805604338645935,0.00942226592451334,0,0.05713678942068834,english,comment,True,majority,3-0,0,0
t1_p77ydf9,0,0.0061929901130497456,-5.078125,0,0.01057160459458828,0.49563613533973694,0.47990167140960693,0.013890596106648445,0,0.021789529143186256,taglish,comment,True,unanimous,3-0,0,0
t1_p77yljm,0,0.07107366621494293,-2.5703125,0,0.0658314898610115,0.46966347098350525,0.45394250750541687,0.010562515817582607,0,0.1272429798124617,english,comment,True,majority,3-0,0,0
t1_p77ytu9,0,0.07864238321781158,-2.4609375,0,0.07849913835525513,0.4542088508605957,0.4502592086791992,0.01703283190727234,0,0.1366237195539455,english,comment,True,unanimous,3-0,0,0
t1_p77ywug,0,0.09877258539199829,-2.2109375,0,0.07291857898235321,0.4678534269332886,0.450235515832901,0.00899247545748949,0,0.16025504392050968,taglish,comment,True,adjudicator,2-1,0,0
t1_p77zrla,0,0.18653921782970428,-1.47265625,0,0.07364612072706223,0.47133514285087585,0.44289252161979675,0.012126213870942593,0,0.24913225321094667,tagalog,comment,True,majority,3-0,0,0
t1_p77zzxn,0,0.1525365114212036,-1.71484375,0,0.083172507584095,0.46018800139427185,0.44624292850494385,0.010396563448011875,0,0.2167544226946001,tagalog,comment,True,adjudicator,2-1,0,1
t1_p780jhn,0,0.3123700022697449,-0.7890625,0,0.1046709418296814,0.4458982050418854,0.42287060618400574,0.02656025066971779,0,0.3563758595048653,tagalog,comment,True,majority,3-0,0,0
t1_p780n2y,0,0.05146276578307152,-2.9140625,0,0.020477378740906715,0.48531389236450195,0.4812183976173401,0.012990336865186691,0,0.10128021274519652,taglish,comment,True,majority,3-0,0,0
t1_p781245,0,0.8056321740150452,1.421875,1,0.340311199426651,0.3564312160015106,0.2812045216560364,0.022053061053156853,1,0.7436835296124888,english,comment,True,adjudicator,2-1,0,0
t1_p781rv6,0,0.07864238321781158,-2.4609375,0,0.07540702819824219,0.4622352719306946,0.44852492213249207,0.01383278239518404,0,0.1366237195539455,english,comment,True,majority,3-0,0,0
t1_p7820ky,1,0.11596072465181351,-2.03125,0,0.07884494960308075,0.451977401971817,0.4499686062335968,0.019209040328860283,0,0.1792086560961064,taglish,comment,True,adjudicator,2-1,1,0
t1_p7821r9,1,0.8543993234634399,1.76953125,1,0.38145002722740173,0.35009798407554626,0.23688220977783203,0.03156977891921997,1,0.7901202824875163,taglish,comment,True,majority,3-0,1,1
t1_p782p63,0,0.07316472381353378,-2.5390625,0,0.02491011843085289,0.48279404640197754,0.47663071751594543,0.015665125101804733,0,0.12986559511507098,english,comment,True,majority,3-0,0,0
t1_p78399m,0,0.017442483454942703,-4.03125,0,0.024898847565054893,0.4800497889518738,0.48204171657562256,0.013009647838771343,0,0.046529356438525696,english,comment,True,majority,3-0,0,0
t1_p783u0s,0,0.12378870695829391,-1.95703125,0,0.08540573716163635,0.45813021063804626,0.4443073272705078,0.012156741693615913,0,0.18753354581524223,taglish,comment,True,majority,3-0,0,0
t1_p784k7h,0,0.1980641782283783,-1.3984375,0,0.12058858573436737,0.4689556062221527,0.39047732949256897,0.019978465512394905,0,0.2596776968926291,english,comment,True,adjudicator,2-1,0,0
t1_p784ts0,0,0.00955939944833517,-4.640625,0,0.029415324330329895,0.48807650804519653,0.46677157282829285,0.015736592933535576,0,0.029987141941164693,taglish,comment,True,majority,3-0,0,0
t1_p785mpj,0,0.01384861022233963,-4.265625,0,0.022100819274783134,0.48274150490760803,0.48274150490760803,0.012416190467774868,0,0.03933133410143569,english,comment,True,majority,3-0,0,0
t1_p785wnf,0,0.013222821988165379,-4.3125,0,0.0075074126943945885,0.4885496199131012,0.4885496199131012,0.015393350273370743,0,0.03802573122811927,english,comment,True,majority,3-0,0,0
t1_p785ze5,0,0.02460992895066738,-3.6796875,0,0.028205443173646927,0.49661287665367126,0.4650819003582001,0.010099765844643116,0,0.05971212886302601,english,comment,True,adjudicator,2-1,0,0
t1_p786g4y,0,0.11838509887456894,-2.0078125,0,0.08239235728979111,0.4546469748020172,0.44670554995536804,0.01625511795282364,0,0.18180591802294346,english,comment,True,majority,3-0,0,0
t1_p786rb7,0,0.02145073004066944,-3.8203125,0,0.01638208143413067,0.48591771721839905,0.4839014410972595,0.013798752799630165,0,0.05406429437902077,english,comment,True,adjudicator,2-1,0,0
t1_p787co1,0,0.027169233188033104,-3.578125,0,0.03647642582654953,0.4784119129180908,0.47444167733192444,0.01066997554153204,0,0.06412995799131095,english,comment,True,majority,3-0,0,0
t1_p787d09,0,0.015072628855705261,-4.1796875,0,0.01891045644879341,0.48090168833732605,0.48490920662879944,0.015278647653758526,0,0.041837365350544393,taglish,comment,True,unanimous,3-0,0,0
t1_p787f5k,0,0.0222861859947443,-3.78125,0,0.023471511900424957,0.4805350601673126,0.4825541079044342,0.013439333997666836,0,0.05558056380285582,tagalog,comment,True,adjudicator,2-1,0,1
t1_p788517,0,0.4799911677837372,-0.080078125,0,0.20989365875720978,0.40499305725097656,0.3735552430152893,0.011558021418750286,0,0.48500679364073807,tagalog,comment,True,adjudicator,2-1,0,0
t1_p788ar1,0,0.01578456163406372,-4.1328125,0,0.02678903564810753,0.4822026491165161,0.4782339036464691,0.012774401344358921,0,0.04326795324716089,english,comment,True,majority,3-0,0,0
t1_p7895gy,0,0.014728614129126072,-4.203125,0,0.020523663610219955,0.48361217975616455,0.48361217975616455,0.012252005748450756,0,0.04113914117147127,taglish,comment,True,majority,3-0,0,0
t1_p789fxp,0,0.09138210862874985,-2.296875,0,0.03428931534290314,0.49013552069664,0.46391427516937256,0.01166088879108429,0,0.15177947196597827,tagalog,comment,True,adjudicator,2-1,0,0
t1_p78azsc,0,0.049958519637584686,-2.9453125,0,0.026796435937285423,0.48536938428878784,0.4772799015045166,0.010554256848990917,0,0.09916908254631718,taglish,comment,True,unanimous,3-0,0,0
t1_p78b5um,0,0.4151359498500824,-0.3427734375,0,0.17326435446739197,0.4196847677230835,0.386957049369812,0.020093850791454315,0,0.4361529767088892,english,comment,True,adjudicator,2-1,0,0
t1_p78ba67,0,0.7918210625648499,1.3359375,1,0.34615814685821533,0.34972676634788513,0.2872755527496338,0.01683952286839485,1,0.731220222934754,taglish,comment,True,adjudicator,2-1,0,0
t1_p78bc8f,0,0.04240382835268974,-3.1171875,0,0.021859971806406975,0.4996564984321594,0.4636812210083008,0.014802323654294014,0,0.08824517950541334,taglish,comment,True,adjudicator,2-1,0,0
t1_p78dkdt,0,0.30033501982688904,-0.845703125,0,0.14846335351467133,0.436879426240921,0.4028368890285492,0.01182033121585846,0,0.34670342027893175,taglish,comment,True,adjudicator,2-1,0,1
t1_p78fc5l,1,0.01798621006309986,-4.0,0,0.028542939573526382,0.4786239564418793,0.47463542222976685,0.0181976817548275,0,0.04757906900407436,taglish,comment,True,unanimous,3-0,1,1
t1_p78jd3y,0,0.7431680560112,1.0625,1,0.34076717495918274,0.3354147970676422,0.29259589314460754,0.03122212365269661,1,0.6891129728608458,english,comment,True,adjudicator,2-1,0,1
t1_p78k2ir,1,0.9066531658172607,2.2734375,1,0.4264943599700928,0.29725363850593567,0.24186475574970245,0.0343872606754303,1,0.8459461837612189,taglish,comment,True,adjudicator,2-1,1,0
t1_p78kmta,0,0.05707139894366264,-2.8046875,0,0.04611166566610336,0.47457626461982727,0.4685942232608795,0.01071784645318985,0,0.10898591664033609,tagalog,comment,True,adjudicator,2-1,0,0
t1_p78kto7,1,0.15152934193611145,-1.72265625,0,0.11200782656669617,0.4323795437812805,0.4284666180610657,0.027146002277731895,0,0.21576243523279304,english,comment,True,adjudicator,2-1,1,0
t1_p78ku2u,0,0.016914913430809975,-4.0625,0,0.0245712511241436,0.48493918776512146,0.4789522886276245,0.011537262238562107,0,0.045501696713335225,taglish,comment,True,majority,3-0,0,0
t1_p78lkl6,0,0.012431650422513485,-4.375,0,0.02316034585237503,0.4921267032623291,0.4744807183742523,0.010232215747237206,0,0.036349552458675695,tagalog,comment,True,majority,3-0,0,0
t1_p78llri,0,0.024053553119301796,-3.703125,0,0.022982731461524963,0.48427000641822815,0.4822605848312378,0.010486655868589878,0,0.05873387865683369,tagalog,comment,True,adjudicator,2-1,0,0
t1_p78lpxo,1,0.14608725905418396,-1.765625,0,0.09529687464237213,0.45821502804756165,0.43451425433158875,0.011973829939961433,0,0.21036541193319888,taglish,comment,True,majority,3-0,1,1
t1_p78rnqf,0,0.08632347732782364,-2.359375,0,0.05639028176665306,0.4709083139896393,0.46299389004707336,0.009707537479698658,0,0.14584925207727328,tagalog,comment,True,adjudicator,2-1,0,0
t1_p78s50r,0,0.019870713353157043,-3.8984375,0,0.026442157104611397,0.47695666551589966,0.4829435646533966,0.013657623901963234,0,0.05114805796446534,english,comment,True,adjudicator,2-1,0,0
t1_p78sls3,0,0.03488088399171829,-3.3203125,0,0.03999999910593033,0.4699999988079071,0.47200000286102295,0.017999999225139618,0,0.07674453047985484,english,comment,True,adjudicator,2-1,0,0
t1_p78u6r9,1,0.7655933499336243,1.18359375,1,0.33957552909851074,0.35773465037345886,0.2850981652736664,0.017591645941138268,1,0.7082073448593963,tagalog,comment,True,majority,3-0,1,1
t1_p78wrsu,0,0.09877258539199829,-2.2109375,0,0.06565530598163605,0.46356627345085144,0.4595871567726135,0.011191246099770069,0,0.16025504392050968,tagalog,comment,True,adjudicator,2-1,0,1
t1_p78xgky,0,0.026155617088079453,-3.6171875,0,0.026193758472800255,0.4832685887813568,0.47925806045532227,0.011279609054327011,0,0.06239586541158243,taglish,comment,True,majority,3-0,0,0
t1_p78y5du,0,0.017309095710515976,-4.0390625,0,0.02972821705043316,0.48162198066711426,0.47565147280693054,0.01299832109361887,0,0.046270390356679215,english,comment,True,majority,3-0,0,0
t1_p791hwq,0,0.013020490296185017,-4.328125,0,0.01931825280189514,0.4825824201107025,0.48657068610191345,0.01152863446623087,0,0.037599853652667665,taglish,comment,True,adjudicator,3-0,0,0
t1_p792vtl,1,0.2958398759365082,-0.8671875,0,0.17504435777664185,0.41253694891929626,0.38982850313186646,0.022590182721614838,0,0.34306692948367584,english,comment,True,adjudicator,2-1,1,0
t1_p796743,1,0.06371499598026276,-2.6875,0,0.033656299114227295,0.47934725880622864,0.47118815779685974,0.015808261930942535,0,0.11780835379772778,taglish,comment,True,adjudicator,2-1,1,1
t1_p796mnx,1,0.02161533385515213,-3.8125,0,0.03385400399565697,0.4779388904571533,0.47594746947288513,0.012259630486369133,0,0.05436439490151039,english,comment,True,adjudicator,2-1,1,1
t1_p796yea,0,0.45205211639404297,-0.1923828125,0,0.21077504754066467,0.39886578917503357,0.3742911219596863,0.016068052500486374,0,0.46403117372600355,taglish,comment,True,unanimous,3-0,0,0
t1_p796zsd,0,0.031143829226493835,-3.4375,0,0.03616410866379738,0.4808579683303833,0.4728769063949585,0.010101010091602802,0,0.07075065641317402,taglish,comment,True,unanimous,3-0,0,0
t1_p79aq8h,0,0.038756195455789566,-3.2109375,0,0.036651499569416046,0.4787134528160095,0.4747241735458374,0.009910864755511284,0,0.08275537854113714,taglish,comment,True,unanimous,3-0,0,0
t1_p79av9q,0,0.05146276578307152,-2.9140625,0,0.049804870039224625,0.47178342938423157,0.4658365845680237,0.012575109489262104,0,0.10128021274519652,taglish,comment,True,majority,3-0,0,0
t1_p79b0sj,0,0.016029147431254387,-4.1171875,0,0.01949654519557953,0.49753206968307495,0.4718657433986664,0.011105626821517944,0,0.04375511214698672,taglish,comment,True,majority,3-0,0,0
t1_p79bjy1,0,0.41679665446281433,-0.3359375,0,0.22650057077407837,0.3968289792537689,0.35334089398384094,0.023329557850956917,0,0.43741280143238453,english,comment,True,adjudicator,2-1,0,0
t1_p79bm3n,0,0.01342825498431921,-4.296875,0,0.017759142443537712,0.49725595116615295,0.4735771119594574,0.011407782323658466,0,0.03845623978795531,taglish,comment,True,unanimous,3-0,0,0
t1_p79bp22,0,0.02517884038388729,-3.65625,0,0.03289719671010971,0.4765109121799469,0.4765109121799469,0.014080996625125408,0,0.06070562163180529,tagalog,comment,True,adjudicator,2-1,0,0
t1_p79bxbq,0,0.047074176371097565,-3.0078125,0,0.04277542978525162,0.4755035936832428,0.47152450680732727,0.01019646879285574,0,0.0950640427248437,taglish,comment,True,majority,3-0,0,0
t1_p79c6su,0,0.5544403195381165,0.2186279296875,1,0.2518714368343353,0.4139145612716675,0.3188022971153259,0.015411713160574436,1,0.5408551814550229,taglish,comment,True,adjudicator,2-1,0,0
t1_p79cu01,0,0.8638516664505005,1.84765625,1,0.41516587138175964,0.29763033986091614,0.25402843952178955,0.033175356686115265,1,0.7996612020645556,taglish,comment,True,unanimous,3-0,0,0
t1_p79d9th,0,0.10230471193790436,-2.171875,0,0.06732822209596634,0.46828287839889526,0.45220449566841125,0.01218439918011427,0,0.1642324336036858,tagalog,comment,True,adjudicator,2-1,0,0
t1_p79e778,0,0.039048291742801666,-3.203125,0,0.03613482043147087,0.4804685115814209,0.4744875729084015,0.008909102529287338,0,0.08320073000571294,tagalog,comment,True,adjudicator,2-1,0,1
t1_p79ecqn,0,0.5186681151390076,0.07470703125,1,0.19621720910072327,0.4178157448768616,0.3670530915260315,0.01891397126019001,1,0.5139881081357297,english,comment,True,adjudicator,2-1,0,0
t1_p79eg95,0,0.11357959359884262,-2.0546875,0,0.05718529596924782,0.4891694486141205,0.4436192512512207,0.0100259929895401,0,0.17664048794527834,taglish,comment,True,unanimous,3-0,0,0
t1_p79ehh3,0,0.021287353709340096,-3.828125,0,0.012249021790921688,0.48693016171455383,0.48895063996315,0.0118701858446002,0,0.053765756272290396,taglish,comment,True,unanimous,3-0,0,0
t1_p79fo73,0,0.07004895806312561,-2.5859375,0,0.04038641229271889,0.4966033101081848,0.4507323205471039,0.012277968227863312,0,0.12594871762367607,tagalog,comment,True,adjudicator,2-1,0,0
t1_p79fxga,0,0.11757213622331619,-2.015625,0,0.07870626449584961,0.46043166518211365,0.45059338212013245,0.010268707759678364,0,0.1809369257047564,taglish,comment,True,adjudicator,2-1,0,0
t1_p79gkuq,0,0.0753123015165329,-2.5078125,0,0.06971463561058044,0.46345505118370056,0.4555998742580414,0.011230438947677612,0,0.13253405674532912,taglish,comment,True,adjudicator,2-1,0,0
t1_p79hd8z,0,0.07316472381353378,-2.5390625,0,0.06858962774276733,0.46444976329803467,0.45269152522087097,0.014269092120230198,0,0.12986559511507098,english,comment,True,majority,3-0,0,0
t1_p79hkin,0,0.03358950838446617,-3.359375,0,0.04811372235417366,0.4801652431488037,0.458781361579895,0.012939675711095333,0,0.07469656128292845,taglish,comment,True,unanimous,3-0,0,0
t1_p79hyyd,1,0.15152934193611145,-1.72265625,0,0.12504474818706512,0.4390884041786194,0.41999760270118713,0.015869228169322014,0,0.21576243523279304,english,comment,True,adjudicator,2-1,1,1
t1_p79i6zf,0,0.15765489637851715,-1.67578125,0,0.11229754239320755,0.45110976696014404,0.42423516511917114,0.012357528321444988,0,0.2217637607353255,english,comment,True,majority,3-0,0,0
t1_p79ib3k,0,0.22202469408512115,-1.25390625,0,0.13717027008533478,0.4335731267929077,0.4143884778022766,0.014868105761706829,0,0.28102795987893076,taglish,comment,True,unanimous,3-0,0,0
t1_p79ibcs,0,0.02595735713839531,-3.625,0,0.02855183556675911,0.4827629327774048,0.4787731468677521,0.009912100620567799,0,0.06205433918054301,taglish,comment,True,unanimous,3-0,0,0
t1_p79ij3l,0,0.014503578655421734,-4.21875,0,0.022477522492408752,0.48351648449897766,0.4815184772014618,0.012487512081861496,0,0.04067986882402621,taglish,comment,True,unanimous,3-0,0,0
t1_p79jg3r,0,0.014063626527786255,-4.25,0,0.022410359233617783,0.48007968068122864,0.48207172751426697,0.015438247472047806,0,0.03977601286698117,english,comment,True,majority,3-0,0,0
t1_p79la3p,0,0.026963496580719948,-3.5859375,0,0.013665233738720417,0.48655930161476135,0.48655930161476135,0.013216141611337662,0,0.06377958579438398,taglish,comment,True,unanimous,3-0,0,0
t1_p79lawq,0,0.023509452119469643,-3.7265625,0,0.014818983152508736,0.5002188682556152,0.47420746088027954,0.010754705406725407,0,0.057770670246349735,taglish,comment,True,adjudicator,2-1,0,0
t1_p79lfcn,0,0.25201570987701416,-1.087890625,0,0.17759373784065247,0.4159190356731415,0.38831377029418945,0.018173452466726303,0,0.3068266650854982,english,comment,True,majority,3-0,0,0
t1_p79lp8v,0,0.01342825498431921,-4.296875,0,0.023453496396541595,0.4804864525794983,0.48247191309928894,0.013588136993348598,0,0.03845623978795531,taglish,comment,True,majority,3-0,0,0
t1_p79m7m2,0,0.09009299427270889,-2.3125,0,0.06582936644554138,0.4652601480484009,0.455361008644104,0.013549464754760265,0,0.15027860877193056,english,comment,True,majority,3-0,0,0
t1_p79mayf,0,0.02280263788998127,-3.7578125,0,0.016395509243011475,0.48833397030830383,0.4822802245616913,0.012990288436412811,0,0.0565094466354128,taglish,comment,True,majority,3-0,0,0
t1_p79nmkd,0,0.017045317217707634,-4.0546875,0,0.027575219050049782,0.4921870231628418,0.4706170856952667,0.009620687924325466,0,0.04575656697670378,taglish,comment,True,majority,3-0,0,0
t1_p79nndi,0,0.01615283451974392,-4.109375,0,0.022277846932411194,0.4826032519340515,0.4826032519340515,0.012515644542872906,0,0.04400065019258756,taglish,comment,True,adjudicator,2-1,0,0
t1_p79nzak,0,0.06325051933526993,-2.6953125,0,0.05861456319689751,0.4465871751308441,0.4607967436313629,0.03400152176618576,0,0.11720143822854746,english,comment,True,majority,3-0,0,0
t1_p79o2hr,0,0.02178117074072361,-3.8046875,0,0.02643556334078312,0.4808279871940613,0.4808279871940613,0.011908473446965218,0,0.05466606495702603,tagalog,comment,True,adjudicator,2-1,0,0
t1_p79o9tm,0,0.014728614129126072,-4.203125,0,0.0311883632093668,0.4753451645374298,0.47731754183769226,0.016148915514349937,0,0.04113914117147127,english,comment,True,majority,3-0,0,0
t1_p79p7nm,0,0.10521054267883301,-2.140625,0,0.07062164694070816,0.4662016034126282,0.4543490409851074,0.00882770586758852,0,0.16747114791767703,taglish,comment,True,majority,3-0,0,0
t1_p79pf4i,0,0.015306354500353336,-4.1640625,0,0.023218074813485146,0.48133817315101624,0.48133817315101624,0.014105604961514473,0,0.042309129394895305,taglish,comment,True,majority,3-0,0,0
t1_p79pfeh,0,0.01652955636382103,-4.0859375,0,0.026030639186501503,0.47826629877090454,0.47826629877090454,0.017436791211366653,0,0.0447451743035627,english,comment,True,majority,3-0,0,0
t1_p79qkpy,0,0.06560484319925308,-2.65625,0,0.027899866923689842,0.48512643575668335,0.4769730567932129,0.010000636801123619,0,0.12026330697210863,taglish,comment,True,majority,3-0,0,0
t1_p79tc8v,1,0.14953139424324036,-1.73828125,0,0.09030904620885849,0.4559866786003113,0.4401949346065521,0.01350934524089098,0,0.21378834576823177,tagalog,comment,True,adjudicator,2-1,1,0
t1_p79tgdx,0,0.014281933195888996,-4.234375,0,0.020618556067347527,0.48384881019592285,0.48184943199157715,0.013683224096894264,0,0.04022550864147266,taglish,comment,True,majority,3-0,0,0
t1_p79tkvu,0,0.01640303246676922,-4.09375,0,0.02288215048611164,0.480150043964386,0.482150673866272,0.014817130751907825,0,0.04449567494372924,english,comment,True,majority,3-0,0,0
t1_p79tteg,1,0.3182732164859772,-0.76171875,0,0.1437876969575882,0.4651387333869934,0.3705669343471527,0.020506635308265686,0,0.3610881700093517,tagalog,comment,True,unanimous,3-0,1,1
t1_p79tu41,0,0.2166738063097,-1.28515625,0,0.1213376373052597,0.45026496052742004,0.4171285927295685,0.011268806643784046,0,0.27632206750575444,taglish,comment,True,unanimous,3-0,0,0
t1_p79tvkg,1,0.2254166156053543,-1.234375,0,0.10845295339822769,0.4848484992980957,0.3906269073486328,0.01607164740562439,0,0.28399380410631814,taglish,comment,True,unanimous,3-0,1,1
t1_p79v19c,1,0.8812065720558167,2.00390625,1,0.3995540738105774,0.3406911790370941,0.22653289139270782,0.03322185203433037,1,0.8177583700039182,taglish,comment,True,majority,3-0,1,1
t1_p79vpti,0,0.04569203034043312,-3.0390625,0,0.05302342399954796,0.48616912961006165,0.4513044059276581,0.009503056295216084,0,0.09306906696018251,tagalog,comment,True,adjudicator,2-1,0,0
t1_p79vtek,0,0.8110781908035278,1.45703125,1,0.3626168370246887,0.32710281014442444,0.2785046696662903,0.03177570179104805,1,0.748671624640195,taglish,comment,True,majority,3-0,0,0
t1_p79w46z,0,0.2166738063097,-1.28515625,0,0.12711022794246674,0.4289970099925995,0.41906654834747314,0.02482621558010578,0,0.27632206750575444,tagalog,comment,True,adjudicator,2-1,0,1
t1_p79wf25,0,0.019271137192845345,-3.9296875,0,0.01242467574775219,0.4989749789237976,0.47710752487182617,0.011492825113236904,0,0.050023740307959856,taglish,comment,True,majority,3-0,0,0
t1_p79wfkz,0,0.027169233188033104,-3.578125,0,0.05426590144634247,0.48236358165740967,0.44956284761428833,0.013807657174766064,0,0.06412995799131095,tagalog,comment,True,unanimous,3-0,0,0
t1_p79x7re,0,0.01615283451974392,-4.109375,0,0.02313864603638649,0.4836723208427429,0.4816819131374359,0.011507121846079826,0,0.04400065019258756,taglish,comment,True,majority,3-0,0,0
t1_p79xe9y,0,0.44167301058769226,-0.234375,0,0.21253085136413574,0.396849662065506,0.3629951775074005,0.027624309062957764,0,0.45621671126392177,tagalog,comment,True,majority,3-0,0,0
t1_p79xtsd,0,0.022457052022218704,-3.7734375,0,0.017734989523887634,0.48239168524742126,0.4844185411930084,0.015454775653779507,0,0.05588858357384836,english,comment,True,majority,3-0,0,0
t1_p79xxpp,0,0.049958519637584686,-2.9453125,0,0.047073397785425186,0.4756890535354614,0.4657788872718811,0.011458655819296837,0,0.09916908254631718,taglish,comment,True,majority,3-0,0,0
t1_p79yd7y,0,0.017045317217707634,-4.0546875,0,0.025688298046588898,0.49360865354537964,0.47000983357429504,0.010693215765058994,0,0.04575656697670378,taglish,comment,True,unanimous,3-0,0,0
t1_p79ylit,0,0.010818448849022388,-4.515625,0,0.016570111736655235,0.48439544439315796,0.48638883233070374,0.01264561153948307,0,0.032834290084680744,taglish,comment,True,majority,3-0,0,0
t1_p79zm51,0,0.023689471185207367,-3.71875,0,0.01749562658369541,0.4958760440349579,0.47588104009628296,0.010747313499450684,0,0.05809008073496682,tagalog,comment,True,adjudicator,2-1,0,0
t1_p7a163b,0,0.16559313237667084,-1.6171875,0,0.10380026698112488,0.4506210684776306,0.43291106820106506,0.012667568400502205,0,0.22943190771464025,tagalog,comment,True,adjudicator,2-1,0,0
t1_p7a1lxz,1,0.545285701751709,0.181640625,1,0.23121653497219086,0.40531980991363525,0.3500489294528961,0.013414704240858555,1,0.5339667821883783,taglish,comment,True,adjudicator,2-1,1,1
t1_p7a1wg5,0,0.8991213440895081,2.1875,1,0.43113771080970764,0.2782128155231476,0.24504835903644562,0.04560110718011856,1,0.8373679599235371,english,comment,True,majority,3-0,0,0
t1_p7a25ft,0,0.015543648041784763,-4.1484375,0,0.02021336369216442,0.4851207137107849,0.48312434554100037,0.011541580781340599,0,0.04278597557137281,taglish,comment,True,unanimous,3-0,0,0
t1_p7a36dh,0,0.06052939593791962,-2.7421875,0,0.04760115221142769,0.4689966142177582,0.4669923484325409,0.016409870237112045,0,0.11361665008427911,english,comment,True,majority,3-0,0,0
t1_p7a3byo,0,0.01678548939526081,-4.0703125,0,0.021522868424654007,0.4845148026943207,0.4825126826763153,0.011449664831161499,0,0.04524817879446525,taglish,comment,True,unanimous,3-0,0,0
t1_p7a3pl2,0,0.3546565771102905,-0.5986328125,0,0.14023128151893616,0.4460133910179138,0.40316495299339294,0.010590383782982826,0,0.38972510068752103,tagalog,comment,True,majority,3-0,0,0
t1_p7a4i1w,0,0.053009770810604095,-2.8828125,0,0.04044438898563385,0.4753463864326477,0.4733491539955139,0.010860067792236805,0,0.10343112494069132,taglish,comment,True,unanimous,3-0,0,0
t1_p7a4lhe,0,0.01678548939526081,-4.0703125,0,0.02641909196972847,0.4785344898700714,0.4805283844470978,0.014518038369715214,0,0.04524817879446525,taglish,comment,True,unanimous,3-0,0,0
t1_p7a4s7r,0,0.04054073989391327,-3.1640625,0,0.04162771999835968,0.4785941243171692,0.4706175625324249,0.00916059035807848,0,0.085460325029733,taglish,comment,True,unanimous,3-0,0,0
t1_p7a4x4d,0,0.5891255140304565,0.3603515625,1,0.2675706148147583,0.37966102361679077,0.3344632685184479,0.018305085599422455,1,0.5670827531131631,english,comment,True,unanimous,3-0,0,0
t1_p7a55ro,0,0.103748619556427,-2.15625,0,0.06637968868017197,0.4651569128036499,0.45517498254776,0.013288415037095547,0,0.1658454567919136,taglish,comment,True,unanimous,3-0,0,0
t1_p7a5716,0,0.01652955636382103,-4.0859375,0,0.026288053020834923,0.48211297392845154,0.4801289737224579,0.011470022611320019,0,0.0447451743035627,english,comment,True,majority,3-0,0,0
t1_p7a7bo1,1,0.03993731364607811,-3.1796875,0,0.043107770383358,0.46516290307044983,0.4691729247570038,0.02255639061331749,0,0.08454988626357358,english,comment,True,adjudicator,2-1,1,0
t1_p7a7f2g,0,0.0204885546118021,-3.8671875,0,0.02460193634033203,0.4835466742515564,0.47955042123794556,0.012300968170166016,0,0.05229625432213942,taglish,comment,True,unanimous,3-0,0,0
t1_p7a7fkl,0,0.08882029354572296,-2.328125,0,0.0650162547826767,0.46811702847480774,0.4561140239238739,0.01075268816202879,0,0.14878998342413952,taglish,comment,True,majority,3-0,0,0
t1_p7a7sqn,0,0.1962094008922577,-1.41015625,0,0.05762212723493576,0.4773673117160797,0.4527818560600281,0.012228695675730705,0,0.25799351301601525,taglish,comment,True,majority,3-0,0,0
t1_p7a8pop,0,0.019419347867369652,-3.921875,0,0.022279242053627968,0.4846360981464386,0.48263344168663025,0.01045121718198061,0,0.05030260517588418,tagalog,comment,True,adjudicator,2-1,0,0
t1_p7a8qk5,1,0.1919327974319458,-1.4375,0,0.10912855714559555,0.45210400223731995,0.4267705976963043,0.011996833607554436,0,0.25409155470774086,taglish,comment,True,majority,3-0,1,1
t1_p7a8s27,0,0.6934729218482971,0.81640625,1,0.2811185419559479,0.388022780418396,0.31081414222717285,0.020044542849063873,1,0.6483088051941901,taglish,comment,True,majority,3-0,0,0
t1_p7a9gyr,0,0.52838134765625,0.1136474609375,1,0.18446476757526398,0.43694448471069336,0.35244107246398926,0.026149684563279152,1,0.52127200136624,tagalog,comment,True,adjudicator,2-1,0,0
t1_p7a9mm4,1,0.7711548805236816,1.21484375,1,0.3472840487957001,0.32947462797164917,0.293855756521225,0.029385574162006378,1,0.7130215449730879,english,comment,True,adjudicator,2-1,1,1
t1_p7aae1l,0,0.00806199200451374,-4.8125,0,0.011578493751585484,0.49861428141593933,0.47890621423721313,0.010901028290390968,0,0.02646008630603746,taglish,comment,True,unanimous,3-0,0,0
t1_p7aaft1,0,0.015543648041784763,-4.1484375,0,0.02351623773574829,0.47978100180625916,0.4817717969417572,0.014930943958461285,0,0.04278597557137281,taglish,comment,True,majority,3-0,0,0
t1_p7aahw5,0,0.8895288109779358,2.0859375,1,0.4014526307582855,0.3327831029891968,0.2394629716873169,0.026301309466362,1,0.8267386477028366,english,comment,True,adjudicator,2-1,0,1
t1_p7aatno,0,0.053799647837877274,-2.8671875,0,0.04553699865937233,0.47438544034957886,0.46637892723083496,0.013698630034923553,0,0.10452166467593718,tagalog,comment,True,unanimous,3-0,0,0
t1_p7ab1f2,0,0.8433797955513,1.68359375,1,0.3736587464809418,0.3770250380039215,0.2221754640340805,0.027140753343701363,1,0.7792446907363102,taglish,comment,True,adjudicator,2-1,0,0
t1_p7abfqn,0,0.7322090864181519,1.005859375,1,0.30229687690734863,0.37342554330825806,0.30229687690734863,0.021980736404657364,1,0.679950234480229,tagalog,comment,True,adjudicator,2-1,0,0
t1_p7abshr,0,0.2114168107509613,-1.31640625,0,0.11792424321174622,0.4446323812007904,0.4272337257862091,0.010209629312157631,0,0.2716652013048109,taglish,comment,True,adjudicator,2-1,0,0
t1_p7ac8ad,0,0.08945459872484207,-2.3203125,0,0.061118416488170624,0.46890851855278015,0.45888909697532654,0.011083975434303284,0,0.1495327693672716,tagalog,comment,True,adjudicator,2-1,0,0
t1_p7acp88,0,0.8474634885787964,1.71484375,1,0.3953137695789337,0.3229323625564575,0.25983065366744995,0.021923210471868515,1,0.7832455773053999,tagalog,comment,True,adjudicator,2-1,0,0
t1_p7ad8ct,0,0.04672495648264885,-3.015625,0,0.052303705364465714,0.47369393706321716,0.4618515968322754,0.012150743044912815,0,0.09456173981316968,english,comment,True,majority,3-0,0,0
t1_p7adt55,1,0.6901415586471558,0.80078125,1,0.3079710006713867,0.36775362491607666,0.3079710006713867,0.016304347664117813,1,0.645635282263351,taglish,comment,True,adjudicator,2-1,1,1
t1_p7aepiv,0,0.07864238321781158,-2.4609375,0,0.05955896154046059,0.4684299826622009,0.46038827300071716,0.011622793041169643,0,0.1366237195539455,tagalog,comment,True,adjudicator,2-1,0,0
t1_p7af9a2,0,0.06418264657258987,-2.6796875,0,0.04807395860552788,0.4832049310207367,0.4555932283401489,0.013127889484167099,0,0.1184179906369386,english,comment,True,majority,3-0,0,0
t1_p7af9i2,0,0.3821414113044739,-0.48046875,0,0.17314746975898743,0.422597199678421,0.3815113604068756,0.02274394780397415,0,0.4109729128361546,tagalog,comment,True,majority,3-0,0,0
t1_p7afn9w,0,0.05146276578307152,-2.9140625,0,0.028729142621159554,0.49780455231666565,0.4616735577583313,0.011792749166488647,0,0.10128021274519652,english,comment,True,majority,3-0,0,0
t1_p7afo2s,0,0.6734064817428589,0.7236328125,1,0.31150123476982117,0.3619176149368286,0.2988971471786499,0.02768399752676487,1,0.6323036049138736,english,comment,True,majority,3-0,0,0
t1_p7afqiy,0,0.015424554236233234,-4.15625,0,0.021228771656751633,0.48351648449897766,0.48351648449897766,0.011738262139260769,0,0.042546914139551965,taglish,comment,True,unanimous,3-0,0,0
t1_p7ag9ah,0,0.013636835850775242,-4.28125,0,0.0234389528632164,0.48217275738716125,0.48217275738716125,0.012215538881719112,0,0.038891425303223426,english,comment,True,majority,3-0,0,0
t1_p7ahges,0,0.16451646387577057,-1.625,0,0.09711609780788422,0.45748090744018555,0.43381810188293457,0.011584915220737457,0,0.22839881981745097,tagalog,comment,True,adjudicator,2-1,0,0
t1_p7aiaaw,0,0.19314739108085632,-1.4296875,0,0.11281303316354752,0.453197181224823,0.4240213930606842,0.009968392550945282,0,0.2552024186871206,tagalog,comment,True,adjudicator,2-1,0,0
t1_p7airw8,0,0.11436852067708969,-2.046875,0,0.04625000059604645,0.4959999918937683,0.44600000977516174,0.011749999597668648,0,0.17749331719578096,taglish,comment,True,majority,3-0,0,0
t1_p7aja77,1,0.9118099808692932,2.3359375,1,0.42950597405433655,0.2977667450904846,0.2382134050130844,0.03451387211680412,1,0.8519497551264762,taglish,comment,True,adjudicator,3-0,1,1
t1_p7ajowh,0,0.4538669288158417,-0.18505859375,0,0.21876773238182068,0.4012254476547241,0.361284464597702,0.01872234232723713,0,0.4653960819819973,taglish,comment,True,adjudicator,2-1,0,0
t1_p7ak056,0,0.27009502053260803,-0.994140625,0,0.09370867162942886,0.4614900052547455,0.4332766532897949,0.011524654924869537,0,0.3219632749937096,tagalog,comment,True,adjudicator,2-1,0,0
t1_p7ak5ny,0,0.060086652636528015,-2.75,0,0.024207493290305138,0.4856868386268616,0.47544029355049133,0.014665385708212852,0,0.11302856225801737,taglish,comment,True,majority,3-0,0,0
t1_p7akh1u,0,0.05964693799614906,-2.7578125,0,0.05563110485672951,0.4707627594470978,0.4608727991580963,0.012733341194689274,0,0.1124431322680288,taglish,comment,True,majority,3-0,0,0
t1_p7akr6w,0,0.1795305460691452,-1.51953125,0,0.06746626645326614,0.4777611196041107,0.4397801160812378,0.014992503449320793,0,0.2426211876038802,taglish,comment,True,unanimous,3-0,0,0
t1_p7al2wt,0,0.04603390395641327,-3.03125,0,0.045664917677640915,0.4759024977684021,0.46800369024276733,0.010428880341351032,0,0.09356426028003874,taglish,comment,True,unanimous,3-0,0,0
t1_p7alvaf,0,0.019870713353157043,-3.8984375,0,0.00755843473598361,0.4878048896789551,0.4898374080657959,0.014799288474023342,0,0.05114805796446534,english,comment,True,majority,3-0,0,0
t1_p7am77z,1,0.7718434929847717,1.21875,1,0.3457404673099518,0.34212014079093933,0.29143568873405457,0.020703699439764023,1,0.713619972908912,taglish,comment,True,majority,3-0,1,1
t1_p7ammcj,0,0.019870713353157043,-3.8984375,0,0.0233316607773304,0.4836929142475128,0.48168590664863586,0.011289513669908047,0,0.05114805796446534,taglish,comment,True,majority,3-0,0,0
t1_p7amptq,0,0.02909075655043125,-3.5078125,0,0.04952958971261978,0.48558422923088074,0.4525644779205322,0.012321699410676956,0,0.06736488511449203,tagalog,comment,True,adjudicator,2-1,0,0
t1_p7amr7k,0,0.06853749603033066,-2.609375,0,0.0789644792675972,0.47473254799842834,0.43690526485443115,0.009397718124091625,0,0.12402846348342512,taglish,comment,True,adjudicator,2-1,0,0
t1_p7amre1,0,0.014957086183130741,-4.1875,0,0.025620296597480774,0.481562077999115,0.4795721769332886,0.013245444744825363,0,0.04160337379848945,english,comment,True,majority,3-0,0,0
t1_p7anc03,0,0.010013570077717304,-4.59375,0,0.020858895033597946,0.4907975494861603,0.4750920236110687,0.0132515337318182,0,0.03102564374789907,taglish,comment,True,unanimous,3-0,0,0
t1_p7anh8l,1,0.319121390581131,-0.7578125,0,0.172635018825531,0.4180566966533661,0.3937944769859314,0.015513822436332703,0,0.3617635704351096,taglish,comment,True,adjudicator,2-1,1,0
t1_p7aokq0,0,0.0384661927819252,-3.21875,0,0.03804314136505127,0.4793933033943176,0.4734257459640503,0.009137813001871109,0,0.08231219689795859,taglish,comment,True,unanimous,3-0,0,0
t1_p7aors1,1,0.024237634614109993,-3.6953125,0,0.02432296797633171,0.48345035314559937,0.4814443290233612,0.010782347060739994,0,0.05905828086570057,tagalog,comment,True,adjudicator,2-1,1,1
t1_p7ap70e,0,0.012821215204894543,-4.34375,0,0.0179551113396883,0.48478803038597107,0.48478803038597107,0.01246882788836956,0,0.037178561446541046,taglish,comment,True,majority,3-0,0,0
t1_p7apb0n,0,0.025565214455127716,-3.640625,0,0.036374885588884354,0.47905969619750977,0.47312092781066895,0.01144447922706604,0,0.06137651807350888,english,comment,True,majority,3-0,0,0
t1_p7apo08,0,0.07751766592264175,-2.4765625,0,0.07989347726106644,0.45708751678466797,0.4532139003276825,0.009805108420550823,0,0.13524882692727336,taglish,comment,True,majority,3-0,0,0
t1_p7aqfg2,0,0.10970578342676163,-2.09375,0,0.10255198180675507,0.45935729146003723,0.4177693724632263,0.02032136172056198,0,0.17242459434278012,english,comment,True,unanimous,3-0,0,0
t1_p7aqkt5,0,0.15869519114494324,-1.66796875,0,0.10400143265724182,0.46180450916290283,0.42173057794570923,0.01246347464621067,0,0.22277550198139842,tagalog,comment,True,adjudicator,2-1,0,1
t1_p7aqqfj,0,0.04742587357759476,-3.0,0,0.028990941122174263,0.4998438060283661,0.4578569233417511,0.013308340683579445,0,0.09556873219539853,tagalog,comment,True,majority,3-0,0,0
t1_p7aquf7,1,0.04177388176321983,-3.1328125,0,0.049913085997104645,0.47082194685935974,0.466848760843277,0.012416190467774868,0,0.08730790501248989,english,comment,True,adjudicator,2-1,1,0
t1_p7aqx6b,0,0.0222861859947443,-3.78125,0,0.024364206939935684,0.48427000641822815,0.48025116324424744,0.011114600114524364,0,0.05558056380285582,taglish,comment,True,adjudicator,2-1,0,0
t1_p7arfn0,0,0.018124721944332123,-3.9921875,0,0.02359255962073803,0.48333540558815,0.48133817315101624,0.011733866296708584,0,0.04784499205956626,taglish,comment,True,unanimous,3-0,0,0
t1_p7artsm,0,0.348201721906662,-0.626953125,0,0.22313512861728668,0.4185945987701416,0.34248650074005127,0.015783783048391342,0,0.38469100331160644,taglish,comment,True,adjudicator,2-1,0,0
t1_p7as6az,0,0.02145073004066944,-3.8203125,0,0.011518851853907108,0.49549946188926697,0.4793856739997864,0.013596021570265293,0,0.05406429437902077,tagalog,comment,True,majority,3-0,0,0
t1_p7asonj,1,0.6437773108482361,0.591796875,1,0.3226381540298462,0.3654188811779022,0.2762923240661621,0.035650622099637985,1,0.609056198261809,english,comment,True,adjudicator,2-1,1,0
t1_p7aty8j,0,0.020645931363105774,-3.859375,0,0.03872451186180115,0.4898650646209717,0.4627579152584076,0.00865250825881958,0,0.05258708638282998,taglish,comment,True,majority,3-0,0,0
t1_p7augm9,0,0.5754687786102295,0.30419921875,1,0.26654741168022156,0.37924864888191223,0.3381037712097168,0.01610017940402031,1,0.5567276811367461,taglish,comment,True,adjudicator,2-1,0,0
t1_p7aui8d,0,0.028007520362734795,-3.546875,0,0.015024724416434765,0.4868771433830261,0.4868771433830261,0.011220996268093586,0,0.06554944590931258,taglish,comment,True,majority,3-0,0,0
t1_p7avfnw,0,0.06097517907619476,-2.734375,0,0.04688291996717453,0.4622402489185333,0.4662949740886688,0.024581855162978172,0,0.11420740374662035,tagalog,comment,True,adjudicator,2-1,0,0
t1_p7aw2bk,0,0.02096424251794815,-3.84375,0,0.029214320704340935,0.4813525676727295,0.47737443447113037,0.012058677151799202,0,0.05317333894049006,english,comment,True,majority,3-0,0,0
t1_p7awfua,0,0.01578456163406372,-4.1328125,0,0.023753264918923378,0.4835219383239746,0.48153215646743774,0.011192637495696545,0,0.04326795324716089,taglish,comment,True,unanimous,3-0,0,0
t1_p7awgct,0,0.5099474787712097,0.039794921875,1,0.2702175974845886,0.3810760974884033,0.3343076705932617,0.014398613944649696,1,0.507452574663423,tagalog,comment,True,adjudicator,2-1,0,0
t1_p7awhfy,0,0.021948251873254776,-3.796875,0,0.012255211360752583,0.4891977310180664,0.48717623949050903,0.011370815336704254,0,0.05496931168343075,english,comment,True,majority,3-0,0,0
t1_p7ax3ms,1,0.018833130598068237,-3.953125,0,0.016494078561663628,0.49804675579071045,0.4722515046596527,0.013207663781940937,0,0.04919590838703354,tagalog,comment,True,adjudicator,2-1,1,1
t1_p7ax9hc,0,0.2260994017124176,-1.23046875,0,0.09142295271158218,0.47382649779319763,0.4246743619441986,0.010076185688376427,0,0.2845892342496312,tagalog,comment,True,adjudicator,2-1,0,0
t1_p7axcm7,0,0.3402659296989441,-0.662109375,0,0.14504681527614594,0.4446830153465271,0.395061731338501,0.015208445489406586,0,0.3784760664917946,english,comment,True,majority,3-0,0,0
t1_p7axnlo,1,0.30985841155052185,-0.80078125,0,0.12245401740074158,0.45821502804756165,0.3950129747390747,0.024317985400557518,0,0.35436471773664907,english,comment,True,adjudicator,2-1,1,0
t1_p7ayjj8,0,0.4439017176628113,-0.225341796875,0,0.20239190757274628,0.41398343443870544,0.36982521414756775,0.013799447566270828,0,0.45789604378018983,taglish,comment,True,adjudicator,2-1,0,0
t1_p7b1e3w,0,0.02145073004066944,-3.8203125,0,0.022461984306573868,0.4805350601673126,0.4825541079044342,0.014448861591517925,0,0.05406429437902077,taglish,comment,True,majority,3-0,0,0
t1_p7b1m6h,0,0.6290912628173828,0.5283203125,1,0.27136799693107605,0.39812541007995605,0.3142155706882477,0.01629100739955902,1,0.5976764724031564,english,comment,True,adjudicator,2-1,0,0
t1_p7b1teo,0,0.5347946882247925,0.139404296875,1,0.20102563500404358,0.4061538577079773,0.36307692527770996,0.029743589460849762,1,0.5260851013127134,taglish,comment,True,unanimous,3-0,0,0
t1_p7b2ed6,0,0.02909075655043125,-3.5078125,0,0.02567938156425953,0.4946397542953491,0.46472200751304626,0.014958863146603107,0,0.06736488511449203,tagalog,comment,True,majority,3-0,0,0
t1_p7b2zfe,0,0.029535338282585144,-3.4921875,0,0.03349371999502182,0.4799100160598755,0.4739111363887787,0.012685121968388557,0,0.06810404121342764,taglish,comment,True,unanimous,3-0,0,0
t1_p7b31me,0,0.8019358515739441,1.3984375,1,0.3518780767917633,0.35710397362709045,0.26826345920562744,0.0227544903755188,1,0.7403223031073709,english,comment,True,adjudicator,2-1,0,0
t1_p7b3pne,0,0.27747297286987305,-0.95703125,0,0.22814522683620453,0.38960185647010803,0.3615224361419678,0.020730502903461456,0,0.32806202471474977,english,comment,True,unanimous,3-0,0,0
t1_p7b3qeg,0,0.05877655744552612,-2.7734375,0,0.102401502430439,0.4471845328807831,0.43966883420944214,0.010745111852884293,0,0.11128021370576575,taglish,comment,True,unanimous,3-0,0,0
t1_p7b3yf9,0,0.09203286468982697,-2.2890625,0,0.09975996613502502,0.4627363681793213,0.4271412789821625,0.010362391360104084,0,0.15253450761519688,tagalog,comment,True,majority,3-0,0,0
t1_p7b4t02,0,0.5833221077919006,0.33642578125,1,0.3090760409832001,0.3875715434551239,0.27964022755622864,0.02371218241751194,1,0.5626772130254587,tagalog,comment,True,unanimous,3-0,0,0
t1_p7b4tpz,0,0.011687257327139378,-4.4375,0,0.019721435382962227,0.4910637140274048,0.47725871205329895,0.011956119909882545,0,0.03474459122869208,tagalog,comment,True,majority,3-0,0,0
t1_p7b51zi,1,0.03210070729255676,-3.40625,0,0.03955933824181557,0.470706045627594,0.472709059715271,0.01702553778886795,0,0.0723053683607772,taglish,comment,True,adjudicator,2-1,1,1
t1_p7b5750,0,0.046378206461668015,-3.0234375,0,0.059097595512866974,0.4688572883605957,0.45708680152893066,0.01495831273496151,0,0.09406181511432907,english,comment,True,majority,3-0,0,0
t1_p7b5cn0,0,0.03308597952127457,-3.375,0,0.040121354162693024,0.4794749617576599,0.47154974937438965,0.008853941224515438,0,0.07389152772422952,taglish,comment,True,adjudicator,2-1,0,1
t1_p7b5gkq,0,0.5834407210350037,0.3369140625,1,0.23283801972866058,0.4008350670337677,0.3477833867073059,0.018543533980846405,1,0.562767223355842,taglish,comment,True,majority,3-0,0,0
t1_p7b5i1i,0,0.1233656257390976,-1.9609375,0,0.09593023359775543,0.4593023359775543,0.4282945692539215,0.016472868621349335,0,0.18708807626015714,taglish,comment,True,majority,3-0,0,0
t1_p7b5tbp,0,0.19253934919834137,-1.43359375,0,0.11946769803762436,0.4740169942378998,0.393087238073349,0.013428072445094585,0,0.2546465878988988,tagalog,comment,True,unanimous,3-0,0,0
t1_p7b6cmb,0,0.03210070729255676,-3.40625,0,0.04008164629340172,0.47702109813690186,0.4730624258518219,0.00983484834432602,0,0.0723053683607772,taglish,comment,True,unanimous,3-0,0,0
t1_p7b6haz,0,0.6210813522338867,0.494140625,1,0.2876211106777191,0.40301400423049927,0.282454252243042,0.026910657063126564,1,0.5915042112234257,english,comment,True,majority,3-0,0,0
t1_p7b6jol,0,0.04885777831077576,-2.96875,0,0.03437967225909233,0.49427005648612976,0.45640259981155396,0.014947683550417423,0,0.09761152248619476,taglish,comment,True,majority,3-0,0,0
t1_p7b6ukd,0,0.6800292134284973,0.75390625,1,0.2750661075115204,0.3750901520252228,0.330848753452301,0.018994951620697975,1,0.6375604824755849,english,comment,True,unanimous,3-0,0,0
t1_p7b71gp,0,0.06754669547080994,-2.625,0,0.043868888169527054,0.4857797920703888,0.46000370383262634,0.010347604751586914,0,0.1227622988751803,english,comment,True,majority,3-0,0,0
t1_p7b73di,0,0.5075677633285522,0.0302734375,1,0.2799740731716156,0.3732987642288208,0.33182111382484436,0.014906027354300022,1,0.5056696201903607,english,comment,True,adjudicator,2-1,0,0
t1_p7b762c,1,0.13753247261047363,-1.8359375,0,0.050757575780153275,0.49494948983192444,0.4424242377281189,0.01186868641525507,0,0.2017489451394975,tagalog,comment,True,majority,3-0,1,1
t1_p7b78u4,0,0.02080449089407921,-3.8515625,0,0.05906917527318001,0.46286994218826294,0.4648066461086273,0.013254251331090927,0,0.05287944558456361,english,comment,True,adjudicator,2-1,0,0
t1_p7b7nir,0,0.02145073004066944,-3.8203125,0,0.0297226719558239,0.48153215646743774,0.47755253314971924,0.011192637495696545,0,0.05406429437902077,taglish,comment,True,adjudicator,2-1,0,0
t1_p7b7s1d,0,0.03308597952127457,-3.375,0,0.041106127202510834,0.4763328433036804,0.47234678268432617,0.010214250534772873,0,0.07389152772422952,tagalog,comment,True,majority,3-0,0,0
t1_p7b7xq0,0,0.13072869181632996,-1.89453125,0,0.15197116136550903,0.426617830991745,0.4083080589771271,0.013102935627102852,0,0.1947721621369385,english,comment,True,unanimous,3-0,0,0
t1_p7b7yaf,0,0.7631309032440186,1.169921875,1,0.3404255211353302,0.3458869159221649,0.2949140965938568,0.01877346634864807,1,0.7060862649697617,tagalog,comment,True,adjudicator,2-1,0,0
t1_p7b823m,0,0.034100428223609924,-3.34375,0,0.04711051285266876,0.48623910546302795,0.45694759488105774,0.009702812880277634,0,0.0755096504110247,taglish,comment,True,majority,3-0,0,0
t1_p7b82fh,0,0.04535258188843727,-3.046875,0,0.03833865746855736,0.4771032929420471,0.47309401631355286,0.011464010924100876,0,0.09257622680321015,tagalog,comment,True,adjudicator,2-1,0,0
t1_p7b8aam,0,0.04084571823477745,-3.15625,0,0.036254532635211945,0.4780597686767578,0.4760594964027405,0.009626203216612339,0,0.08591886973219272,taglish,comment,True,unanimous,3-0,0,0
t1_p7b8c1i,0,0.015424554236233234,-4.15625,0,0.025978868827223778,0.47930392622947693,0.47930392622947693,0.015413300134241581,0,0.042546914139551965,english,comment,True,majority,3-0,0,0
t1_p7b90uz,0,0.8656789064407349,1.86328125,1,0.3893563747406006,0.3475096523761749,0.23470547795295715,0.028428474441170692,1,0.8015298879409656,taglish,comment,True,adjudicator,2-1,0,0
t1_p7b941u,0,0.16398024559020996,-1.62890625,0,0.1192164421081543,0.44417738914489746,0.42494893074035645,0.01165725290775299,0,0.22788350544543756,tagalog,comment,True,unanimous,3-0,0,0
t1_p7b9jj2,1,0.3674972355365753,-0.54296875,0,0.17206323146820068,0.4419110417366028,0.3723335564136505,0.013692189939320087,0,0.39968759618269567,taglish,comment,True,adjudicator,2-1,1,0
t1_p7b9oyf,0,0.03817827254533768,-3.2265625,0,0.038290683180093765,0.4765062928199768,0.4725020229816437,0.012700994499027729,0,0.08187117679235223,taglish,comment,True,unanimous,3-0,0,0
t1_p7ba30m,0,0.07640768587589264,-2.4921875,0,0.07375747710466385,0.463060200214386,0.44938331842422485,0.013798998668789864,0,0.13388562474662985,taglish,comment,True,unanimous,3-0,0,0
t1_p7ba3dl,0,0.25349122285842896,-1.080078125,0,0.18751046061515808,0.41073721647262573,0.39109325408935547,0.01065907720476389,0,0.30807285967681264,english,comment,True,unanimous,3-0,0,0
t1_p7ba407,0,0.14033624529838562,-1.8125,0,0.11611166596412659,0.45695558190345764,0.41575467586517334,0.011178088374435902,0,0.20459145485220176,english,comment,True,majority,3-0,0,0
t1_p7ba4b8,0,0.022629201412200928,-3.765625,0,0.022860711440443993,0.48369768261909485,0.4816989302635193,0.011742660775780678,0,0.05619820877150267,tagalog,comment,True,unanimous,3-0,0,0
t1_p7bak1l,0,0.016657039523124695,-4.078125,0,0.02684897370636463,0.47731509804725647,0.47930392622947693,0.016532007604837418,0,0.04499600679287852,english,comment,True,majority,3-0,0,0
t1_p7bayru,0,0.012821215204894543,-4.34375,0,0.021406346932053566,0.4818917214870453,0.4838830232620239,0.012818917632102966,0,0.037178561446541046,english,comment,True,majority,3-0,0,0
t1_p7bb4cl,0,0.8221890926361084,1.53125,1,0.3789426386356354,0.3430238962173462,0.256818950176239,0.021214501932263374,1,0.7589883866162404,tagalog,comment,True,adjudicator,2-1,0,1
t1_p7bbeka,1,0.06097517907619476,-2.734375,0,0.044646237045526505,0.4681548774242401,0.4681548774242401,0.019044015556573868,0,0.11420740374662035,taglish,comment,True,adjudicator,2-1,1,0
t1_p7bbozl,0,0.0427221953868866,-3.109375,0,0.041875626891851425,0.4714142382144928,0.4714142382144928,0.015295887365937233,0,0.0887172170607258,tagalog,comment,True,adjudicator,2-1,0,0
t1_p7bchp8,0,0.010169658809900284,-4.578125,0,0.03734489902853966,0.4857245981693268,0.4645223319530487,0.01240814384073019,0,0.03137948594809,english,comment,True,majority,3-0,0,0
t1_p7bcn8s,0,0.26779094338417053,-1.005859375,0,0.09518267214298248,0.46142902970314026,0.4283220171928406,0.015066279098391533,0,0.3200497655197711,taglish,comment,True,unanimous,3-0,0,0
t1_p7bco0h,0,0.1962094008922577,-1.41015625,0,0.1311008185148239,0.45410284399986267,0.3952024579048157,0.019593872129917145,0,0.25799351301601525,tagalog,comment,True,majority,3-0,0,0
t1_p7bdpkr,0,0.07211221009492874,-2.5546875,0,0.07132755219936371,0.45846399664878845,0.45846399664878845,0.011744450777769089,0,0.12854858591932833,tagalog,comment,True,unanimous,3-0,0,0
t1_p7bdubv,0,0.17384853959083557,-1.55859375,0,0.12673841416835785,0.43923085927963257,0.41407668590545654,0.019954044371843338,0,0.23728435984070242,tagalog,comment,True,adjudicator,2-1,0,0
t1_p7bel7e,0,0.02460992895066738,-3.6796875,0,0.03649277612566948,0.4839578866958618,0.4663237929344177,0.013225569389760494,0,0.05971212886302601,taglish,comment,True,majority,3-0,0,0
t1_p7beq6x,0,0.017176708206534386,-4.046875,0,0.029267078265547752,0.4802291691303253,0.47624385356903076,0.014259916730225086,0,0.046012796033967227,english,comment,True,majority,3-0,0,0
t1_p7bey85,0,0.6697447896003723,0.70703125,1,0.3112087845802307,0.36571428179740906,0.30417582392692566,0.018901098519563675,1,0.6294072989930873,taglish,comment,True,unanimous,3-0,0,0
t1_p7bf5ws,0,0.026759279891848564,-3.59375,0,0.050859950482845306,0.4697788655757904,0.46781325340270996,0.011547911912202835,0,0.06343099810285073,tagalog,comment,True,majority,3-0,0,0
t1_p7bg11b,0,0.01342825498431921,-4.296875,0,0.023477353155612946,0.4956056773662567,0.4700387120246887,0.010878250002861023,0,0.03845623978795531,tagalog,comment,True,adjudicator,2-1,0,0
t1_p7bgb5l,0,0.40945693850517273,-0.3662109375,0,0.25931382179260254,0.3771837651729584,0.3468743562698364,0.016628079116344452,0,0.43183992646296043,english,comment,True,adjudicator,2-1,0,1
t1_p7bgqoa,1,0.053009770810604095,-2.8828125,0,0.04549147188663483,0.4719115197658539,0.4699119031429291,0.012685121968388557,0,0.10343112494069132,english,comment,True,adjudicator,3-0,1,0
t1_p7bgyp5,0,0.8122723698616028,1.46484375,1,0.36918774247169495,0.3374898135662079,0.27036476135253906,0.0229576975107193,1,0.7497712909127374,tagalog,comment,True,adjudicator,2-1,0,0
t1_p7bhl2m,0,0.26549941301345825,-1.017578125,0,0.13895174860954285,0.442297101020813,0.4051128327846527,0.013638309203088284,0,0.31814229242912023,tagalog,comment,True,adjudicator,2-1,0,1
t1_p7bhutj,0,0.019419347867369652,-3.921875,0,0.033267129212617874,0.47864946722984314,0.472691148519516,0.01539225410670042,0,0.05030260517588418,english,comment,True,majority,3-0,0,0
t1_p7bhymk,0,0.7509182095527649,1.103515625,1,0.33625534176826477,0.34704428911209106,0.28770509362220764,0.028995279222726822,1,0.6956572683024878,english,comment,True,adjudicator,2-1,0,1
t1_p7bils6,0,0.018546564504504204,-3.96875,0,0.023874999955296516,0.48399999737739563,0.4819999933242798,0.010125000029802322,0,0.048651254945635436,taglish,comment,True,unanimous,3-0,0,0
t1_p7biq9m,0,0.09268777817487717,-2.28125,0,0.0920502096414566,0.4410534203052521,0.44302240014076233,0.023873984813690186,0,0.15329262044406342,english,comment,True,adjudicator,2-1,0,0
t1_p7bj4st,0,0.04958902671933174,-2.953125,0,0.06112891435623169,0.4673404097557068,0.4555090069770813,0.016021691262722015,0,0.09864745374865584,taglish,comment,True,unanimous,3-0,0,0
t1_p7bj8kc,0,0.29462069272994995,-0.873046875,0,0.1666569709777832,0.42455628514289856,0.39662495255470276,0.012161768972873688,0,0.34207832552836254,taglish,comment,True,adjudicator,2-1,0,0
t1_p7bjlmq,0,0.05964693799614906,-2.7578125,0,0.029526323080062866,0.49855509400367737,0.4543284475803375,0.017590150237083435,0,0.1124431322680288,taglish,comment,True,unanimous,3-0,0,0
t1_p7bjyob,0,0.04084571823477745,-3.15625,0,0.06252630054950714,0.47712379693984985,0.4463416039943695,0.01400829665362835,0,0.08591886973219272,english,comment,True,adjudicator,2-1,0,0
t1_p7bk46f,0,0.23863890767097473,-1.16015625,0,0.14221356809139252,0.4285888373851776,0.4052112400531769,0.023986363783478737,0,0.2954342891116282,tagalog,comment,True,unanimous,3-0,0,0
t1_p7bkjap,0,0.17328819632530212,-1.5625,0,0.06434247642755508,0.4716739356517792,0.445014089345932,0.018969494849443436,0,0.23675514920261534,tagalog,comment,True,adjudicator,2-1,0,1
t1_p7bkmvn,0,0.021948251873254776,-3.796875,0,0.03899309039115906,0.4738400876522064,0.4718657433986664,0.015301086008548737,0,0.05496931168343075,english,comment,True,majority,3-0,0,0
t1_p7bksya,0,0.01342825498431921,-4.296875,0,0.023663507774472237,0.4816948473453522,0.4816948473453522,0.012946788221597672,0,0.03845623978795531,taglish,comment,True,majority,3-0,0,0
t1_p7bktkn,0,0.010818448849022388,-4.515625,0,0.016123076900839806,0.4962461590766907,0.4706461429595947,0.016984615474939346,0,0.032834290084680744,english,comment,True,adjudicator,2-1,0,0
t1_p7bm2ox,0,0.03514484316110611,-3.3125,0,0.035048190504312515,0.48066091537475586,0.47465264797210693,0.009638252668082714,0,0.07716025545901342,tagalog,comment,True,majority,3-0,0,0
t1_p7bm5y3,0,0.0333368256688118,-3.3671875,0,0.012591077946126461,0.4908602833747864,0.4847245216369629,0.0118241086602211,0,0.0742930416111243,tagalog,comment,True,majority,3-0,0,0
t1_p7bmd1u,0,0.017576880753040314,-4.0234375,0,0.026837298646569252,0.4810834228992462,0.4790954887866974,0.012983785942196846,0,0.04678970079529831,english,comment,True,unanimous,3-0,0,0
t1_p7bmq1p,0,0.08509904891252518,-2.375,0,0.057537827640771866,0.46827325224876404,0.4622952938079834,0.011893642134964466,0,0.1443970468368283,tagalog,comment,True,majority,3-0,0,0
t1_p7bn7d4,0,0.19314739108085632,-1.4296875,0,0.12312063574790955,0.46407008171081543,0.39209187030792236,0.02071741409599781,0,0.2552024186871206,english,comment,True,adjudicator,2-1,0,0
t1_p7bngsw,0,0.9099069833755493,2.3125,1,0.4193762540817261,0.3167440891265869,0.23180712759494781,0.03207255154848099,1,0.8497213912280694,english,comment,True,majority,3-0,0,0
t1_p7bpvlc,0,0.826151430606842,1.55859375,1,0.375893771648407,0.31596866250038147,0.2850981652736664,0.023039381951093674,1,0.7627156401592976,tagalog,comment,True,unanimous,3-0,0,0
t1_p7bqhwn,0,0.3849121630191803,-0.46875,0,0.19641798734664917,0.41181355714797974,0.37385839223861694,0.017910093069076538,0,0.4130997653144872,taglish,comment,True,adjudicator,2-1,0,0
t1_p7bqj89,0,0.45289885997772217,-0.18896484375,0,0.16055159270763397,0.4452105462551117,0.37626200914382935,0.01797586865723133,0,0.4646680651109958,taglish,comment,True,adjudicator,2-1,0,0
t1_p7br2fp,0,0.012431650422513485,-4.375,0,0.021116700023412704,0.4829513728618622,0.4829513728618622,0.012980559840798378,0,0.036349552458675695,english,comment,True,majority,3-0,0,0
t1_p7br7vh,0,0.01640303246676922,-4.09375,0,0.02684730663895607,0.48325151205062866,0.4772854447364807,0.01261574774980545,0,0.04449567494372924,taglish,comment,True,unanimous,3-0,0,0
t1_p7brkvq,0,0.010818448849022388,-4.515625,0,0.02377014048397541,0.4901059865951538,0.47246217727661133,0.013661704026162624,0,0.032834290084680744,taglish,comment,True,majority,3-0,0,0
t1_p7brpn7,1,0.8210441470146179,1.5234375,1,0.3728470206260681,0.3278171718120575,0.2719801962375641,0.027355622500181198,1,0.7579161477965852,english,comment,True,adjudicator,2-1,1,1
t1_p7bsvbl,0,0.014728614129126072,-4.203125,0,0.01944136805832386,0.49809277057647705,0.47053033113479614,0.011935523711144924,0,0.04113914117147127,english,comment,True,adjudicator,2-1,0,1
t1_p7bu88w,0,0.023509452119469643,-3.7265625,0,0.0297226719558239,0.4795423448085785,0.4795423448085785,0.011192637495696545,0,0.057770670246349735,taglish,comment,True,majority,3-0,0,0
t1_p7buldv,0,0.01784873940050602,-4.0078125,0,0.021489255130290985,0.4797601103782654,0.4837581217288971,0.014992503449320793,0,0.04731455050714704,taglish,comment,True,unanimous,3-0,0,0
t1_p7bvma7,0,0.0844927504658699,-2.3828125,0,0.06493184715509415,0.4639405310153961,0.4599752128124237,0.011152416467666626,0,0.14367546220632632,tagalog,comment,True,majority,3-0,0,0
t1_p7bw6m1,0,0.022457052022218704,-3.7734375,0,0.037689968943595886,0.48632219433784485,0.4493617117404938,0.026626139879226685,0,0.05588858357384836,english,comment,True,majority,3-0,0,0
t1_p7bwy13,0,0.024798156693577766,-3.671875,0,0.03056660108268261,0.4811133146286011,0.47713717818260193,0.011182902380824089,0,0.06004158954237694,taglish,comment,True,majority,3-0,0,0
t1_p7bx5xc,0,0.02822098508477211,-3.5390625,0,0.03424742445349693,0.4804566204547882,0.4745005667209625,0.010795383714139462,0,0.06590885633914588,taglish,comment,True,majority,3-0,0,0
t1_p7byzr3,0,0.012431650422513485,-4.375,0,0.013773934915661812,0.4961087107658386,0.47634342312812805,0.013773934915661812,0,0.036349552458675695,english,comment,True,unanimous,3-0,0,0
t1_p7bz0bi,0,0.026759279891848564,-3.59375,0,0.03229212015867233,0.4809041917324066,0.47692975401878357,0.009873936884105206,0,0.06343099810285073,taglish,comment,True,majority,3-0,0,0
t1_p7bz4l9,0,0.012241275049746037,-4.390625,0,0.017219865694642067,0.4851509928703308,0.4851509928703308,0.012478163465857506,0,0.03594174622161488,taglish,comment,True,majority,3-0,0,0
t1_p7bzeup,0,0.049958519637584686,-2.9453125,0,0.03679139167070389,0.4865473806858063,0.4645226001739502,0.012138656340539455,0,0.09916908254631718,tagalog,comment,True,majority,3-0,0,0
t1_p7bzinf,0,0.1398656666278839,-1.81640625,0,0.10121677815914154,0.4513590335845947,0.4339245855808258,0.013499606400728226,0,0.20411564544158842,taglish,comment,True,unanimous,3-0,0,0
t1_p7c1vly,0,0.29098084568977356,-0.890625,0,0.17146873474121094,0.4216444194316864,0.39166080951690674,0.015226048417389393,0,0.33912075819890597,english,comment,True,majority,3-0,0,0
t1_p7c25tw,0,0.06656918674707413,-2.640625,0,0.07461139559745789,0.46229806542396545,0.4486437141895294,0.01444681454449892,0,0.12150726715028945,english,comment,True,majority,3-0,0,0
t1_p7c2dj7,0,0.879561185836792,1.98828125,1,0.384914368391037,0.33953145146369934,0.2571698725223541,0.018384283408522606,1,0.8160074074629166,english,comment,True,adjudicator,2-1,0,1
t1_p7c3l69,0,0.12678517401218414,-1.9296875,0,0.13362877070903778,0.4454292356967926,0.410885751247406,0.010056247003376484,0,0.19067468213008756,taglish,comment,True,majority,3-0,0,0
t1_p7c4a45,0,0.3490888178348541,-0.623046875,0,0.2010461688041687,0.41846713423728943,0.36388447880744934,0.016602229326963425,0,0.385383922242782,tagalog,comment,True,unanimous,3-0,0,0
t1_p7c4f2u,0,0.7379143238067627,1.03515625,1,0.3449800908565521,0.3343653380870819,0.2919062376022339,0.028748340904712677,1,0.6847075015442426,tagalog,comment,True,adjudicator,2-1,0,0
t1_p7c4tmm,0,0.1475551873445511,-1.75390625,0,0.08680925518274307,0.45963746309280396,0.4415731132030487,0.011980179697275162,0,0.21182743940203794,taglish,comment,True,unanimous,3-0,0,0
t1_p7c5z5s,0,0.06804042309522629,-2.6171875,0,0.03640243411064148,0.48201844096183777,0.4699679911136627,0.011611121706664562,0,0.12339398575252927,tagalog,comment,True,adjudicator,2-1,0,0
t1_p7c62qa,0,0.7725306153297424,1.22265625,1,0.34797969460487366,0.35504525899887085,0.2755575180053711,0.021417532116174698,1,0.7142176531180799,tagalog,comment,True,adjudicator,2-1,0,1
t1_p7c6l3m,0,0.03210070729255676,-3.40625,0,0.05179786682128906,0.48569536209106445,0.45293018221855164,0.009576582349836826,0,0.0723053683607772,english,comment,True,majority,3-0,0,0
t1_p7c6v15,0,0.011331754736602306,-4.46875,0,0.009547427296638489,0.4999380111694336,0.4781153202056885,0.012399256229400635,0,0.03396794028155376,english,comment,True,majority,3-0,0,0
t1_p7c6wl0,0,0.0446808747947216,-3.0625,0,0.043795619159936905,0.4849684536457062,0.4572559595108032,0.01397995837032795,0,0.09159757256690927,tagalog,comment,True,majority,3-0,0,0
t1_p7cb332,0,0.09073548763990402,-2.3046875,0,0.07006798684597015,0.4664665758609772,0.45470693707466125,0.00875849835574627,0,0.15102750765210138,tagalog,comment,True,adjudicator,2-1,0,0
t1_p7cbcu5,0,0.17272931337356567,-1.56640625,0,0.17709589004516602,0.4208219051361084,0.3875068426132202,0.014575342647731304,0,0.2362267532961533,english,comment,True,majority,3-0,0,0
t1_p7cbzno,0,0.014281933195888996,-4.234375,0,0.025927305221557617,0.4803374409675598,0.4803374409675598,0.013397841714322567,0,0.04022550864147266,taglish,comment,True,majority,3-0,0,0
t1_p7ccbnn,0,0.45528945326805115,-0.1793212890625,0,0.1681012660264969,0.43949365615844727,0.37063291668891907,0.021772151812911034,0,0.46646562323198715,taglish,comment,True,unanimous,3-0,0,0
t1_p7ccre7,1,0.019271137192845345,-3.9296875,0,0.03465527668595314,0.4900549054145813,0.46467357873916626,0.010616229847073555,0,0.050023740307959856,taglish,comment,True,majority,3-0,1,1
t1_p7ccwv7,0,0.1352320909500122,-1.85546875,0,0.05355736240744591,0.4683643877506256,0.45366236567497253,0.02441585808992386,0,0.19940281119015418,tagalog,comment,True,adjudicator,2-1,0,1
t1_p7cczam,0,0.14366762340068817,-1.78515625,0,0.09006718546152115,0.4648629128932953,0.4338720440864563,0.011197869665920734,0,0.20794517966504938,tagalog,comment,True,adjudicator,3-0,0,0
t1_p7cf1k7,0,0.043691061437129974,-3.0859375,0,0.026718759909272194,0.48396244645118713,0.4758963882923126,0.013422396034002304,0,0.09014703110634038,tagalog,comment,True,adjudicator,2-1,0,1
t1_p7cf3o9,0,0.40203991532325745,-0.39697265625,0,0.23774145543575287,0.4007641673088074,0.3515177369117737,0.009976650588214397,0,0.42619479438969277,english,comment,True,majority,3-0,0,0
t1_p7cfcze,0,0.05070536583662033,-2.9296875,0,0.034351859241724014,0.49586158990859985,0.4600161910057068,0.009770365431904793,0,0.10021970803980035,taglish,comment,True,majority,3-0,0,0
t1_p7cfvti,1,0.8449215292930603,1.6953125,1,0.3760876953601837,0.3146118223667145,0.28387388586997986,0.025426601991057396,1,0.7807511970936042,english,comment,True,majority,3-0,1,1
t1_p7cfyef,0,0.02822098508477211,-3.5390625,0,0.10008034110069275,0.46092045307159424,0.4278663992881775,0.01113278977572918,0,0.06590885633914588,tagalog,comment,True,majority,3-0,0,0
t1_p7ch7u7,0,0.04054073989391327,-3.1640625,0,0.07922659814357758,0.46970054507255554,0.43574628233909607,0.015326573513448238,0,0.085460325029733,english,comment,True,unanimous,3-0,0,0
t1_p7ciont,0,0.00970847625285387,-4.625,0,0.014834960922598839,0.4964767098426819,0.47471874952316284,0.013969588093459606,0,0.03032951092726271,tagalog,comment,True,majority,3-0,0,0
t1_p7cj6bh,0,0.012241275049746037,-4.390625,0,0.016609428450465202,0.4855448007583618,0.4855448007583618,0.012300968170166016,0,0.03594174622161488,tagalog,comment,True,adjudicator,2-1,0,0
t1_p7cjao1,0,0.00985985528677702,-4.609375,0,0.025894710794091225,0.4905337691307068,0.4709905982017517,0.012580920942127705,0,0.030675665191402326,taglish,comment,True,majority,3-0,0,0
t1_p7cjg8g,0,0.012053778395056725,-4.40625,0,0.02078019082546234,0.4818017780780792,0.4837926924228668,0.01362533401697874,0,0.03553834644186387,english,comment,True,adjudicator,3-0,0,0
t1_p7cjlht,0,0.03210070729255676,-3.40625,0,0.04566773772239685,0.47593188285827637,0.46605777740478516,0.012342631816864014,0,0.0723053683607772,english,comment,True,majority,3-0,0,0
t1_p7cjmsj,0,0.689723789691925,0.798828125,1,0.3348129391670227,0.36017754673957825,0.2790107727050781,0.025998732075095177,1,0.645300447083331,taglish,comment,True,majority,3-0,0,0
t1_p7ck1ue,0,0.008187909610569477,-4.796875,0,0.00979969184845686,0.4970107972621918,0.4792604148387909,0.013929122127592564,0,0.02676329726778762,english,comment,True,majority,3-0,0,0
t1_p7ckl7z,0,0.2546016275882721,-1.07421875,0,0.19221612811088562,0.4110059142112732,0.38797542452812195,0.008802524767816067,0,0.309009345644749,tagalog,comment,True,adjudicator,2-1,0,0
t1_p7ckqoa,0,0.6178585886955261,0.48046875,1,0.2647712230682373,0.39804530143737793,0.32163482904434204,0.015548644587397575,1,0.5890270871638453,tagalog,comment,True,majority,3-0,0,0
t1_p7cliw4,0,0.12852515280246735,-1.9140625,0,0.0996319055557251,0.44171780347824097,0.43582820892333984,0.02282208576798439,0,0.19248759693484213,english,comment,True,majority,3-0,0,0
t1_p7cm5o9,0,0.04603390395641327,-3.03125,0,0.09200233221054077,0.46701693534851074,0.4315236508846283,0.009457092732191086,0,0.09356426028003874,taglish,comment,True,adjudicator,2-1,0,0
t1_p7cm5yl,0,0.7283620238304138,0.986328125,1,0.3358778655529022,0.3443596363067627,0.2917726933956146,0.027989821508526802,1,0.6767577208611075,english,comment,True,adjudicator,2-1,0,0
t1_p7cmr7j,0,0.3709087073802948,-0.5283203125,0,0.18821246922016144,0.4055299460887909,0.3764249384403229,0.029832646250724792,0,0.4023235275968437,taglish,comment,True,unanimous,3-0,0,0
t1_p7cn5o7,1,0.09534946829080582,-2.25,0,0.03800535574555397,0.481571227312088,0.4672873318195343,0.013136079534888268,0,0.1563559583922131,english,comment,True,majority,3-0,1,1
t1_p7cnibr,0,0.05921025201678276,-2.765625,0,0.035331230610609055,0.48050472140312195,0.47444793581962585,0.009716087952256203,0,0.11186035209602119,taglish,comment,True,unanimous,3-0,0,0
t1_p7cnndy,0,0.02161533385515213,-3.8125,0,0.051360439509153366,0.4656679928302765,0.46762457489967346,0.015346989035606384,0,0.05436439490151039,taglish,comment,True,majority,3-0,0,0
t1_p7coaxk,0,0.01384861022233963,-4.265625,0,0.035977303981781006,0.48678016662597656,0.4655318260192871,0.01171073317527771,0,0.03933133410143569,taglish,comment,True,majority,3-0,0,0
t1_p7comku,0,0.17895588278770447,-1.5234375,0,0.09397217631340027,0.4550231695175171,0.43721792101860046,0.013786708004772663,0,0.2420838522034148,tagalog,comment,True,adjudicator,2-1,0,0
t1_p7cooem,0,0.016657039523124695,-4.078125,0,0.033047810196876526,0.48599720001220703,0.4665573239326477,0.014397666789591312,0,0.04499600679287852,tagalog,comment,True,adjudicator,2-1,0,1
t1_p7cplnf,0,0.17328819632530212,-1.5625,0,0.13381345570087433,0.4479033648967743,0.4051573872566223,0.013125798664987087,0,0.23675514920261534,taglish,comment,True,adjudicator,2-1,0,1
t1_p7cq0d3,0,0.38191089034080505,-0.4814453125,0,0.25510042905807495,0.38768553733825684,0.34404993057250977,0.013164105825126171,0,0.41079582405899634,tagalog,comment,True,adjudicator,2-1,0,0
t1_p7cqdro,0,0.02822098508477211,-3.5390625,0,0.045031338930130005,0.4848780035972595,0.45566847920417786,0.014422199688851833,0,0.06590885633914588,tagalog,comment,True,majority,3-0,0,0
t1_p7ct6hb,0,0.00806199200451374,-4.8125,0,0.020999938249588013,0.4922776520252228,0.4746963083744049,0.012026127427816391,0,0.02646008630603746,taglish,comment,True,majority,3-0,0,0
t1_p7cuyvj,0,0.04535258188843727,-3.046875,0,0.06817067414522171,0.45708680152893066,0.45708680152893066,0.017655713483691216,0,0.09257622680321015,taglish,comment,True,unanimous,3-0,0,0
t1_p7cv2ix,0,0.00970847625285387,-4.625,0,0.03339989110827446,0.4898650646209717,0.46663036942481995,0.010104677639901638,0,0.03032951092726271,taglish,comment,True,majority,3-0,0,0
t1_p7cvapq,0,0.025371311232447624,-3.6484375,0,0.034268684685230255,0.48075491189956665,0.4747951328754425,0.010181276127696037,0,0.061040208045969366,english,comment,True,majority,3-0,0,0
t1_p7cwwlg,1,0.7390459179878235,1.041015625,1,0.33167341351509094,0.34279096126556396,0.29832080006599426,0.02721482329070568,1,0.685654366794845,tagalog,comment,True,adjudicator,2-1,1,0
t1_p7cz8v9,0,0.012241275049746037,-4.390625,0,0.008944207802414894,0.4963722825050354,0.482361763715744,0.012321741320192814,0,0.03594174622161488,taglish,comment,True,majority,3-0,0,0
t1_p7czzsb,1,0.5490362048149109,0.19677734375,1,0.29654592275619507,0.387531578540802,0.29486098885536194,0.021061498671770096,1,0.5367875139705353,taglish,comment,True,majority,3-0,1,1
t1_p7d0uz0,0,0.5932558178901672,0.37744140625,1,0.3223021626472473,0.3815005123615265,0.2663925886154175,0.02980472706258297,1,0.5702231279677421,taglish,comment,True,unanimous,3-0,0,0
t1_p7d121o,0,0.5243337750434875,0.097412109375,1,0.22822114825248718,0.40740305185317993,0.3489331603050232,0.015442649833858013,1,0.5182360641774585,taglish,comment,True,adjudicator,2-1,0,0
t1_p7d23oe,0,0.11838509887456894,-2.0078125,0,0.04718485102057457,0.4774596691131592,0.4631766974925995,0.012178792618215084,0,0.18180591802294346,taglish,comment,True,adjudicator,2-1,0,0
t1_p7d311o,0,0.008445627056062222,-4.765625,0,0.01790422387421131,0.4905267059803009,0.47875407338142395,0.01281500980257988,0,0.02737988841155039,taglish,comment,True,unanimous,3-0,0,0
t1_p7d3orv,0,0.08882029354572296,-2.328125,0,0.04580056667327881,0.49323686957359314,0.44693300127983093,0.014029568992555141,0,0.14878998342413952,taglish,comment,True,unanimous,3-0,0,0
t1_p7d43dc,1,0.24364246428012848,-1.1328125,0,0.11441786587238312,0.44988131523132324,0.42456331849098206,0.011137483641505241,0,0.2997160240675595,taglish,comment,True,unanimous,3-0,1,1
t1_p7d4g3w,0,0.008315778337419033,-4.78125,0,0.024721426889300346,0.4929671883583069,0.4695853292942047,0.012726054526865482,0,0.027069886167298093,taglish,comment,True,majority,3-0,0,0
t1_p7d5lsh,0,0.07751766592264175,-2.4765625,0,0.08968718349933624,0.4571152925491333,0.43975648283958435,0.013441022485494614,0,0.13524882692727336,tagalog,comment,True,majority,3-0,0,0
t1_p7d5q6s,0,0.77390056848526,1.23046875,1,0.3444976210594177,0.3653762638568878,0.26098304986953735,0.029143106192350388,1,0.7154107657503688,tagalog,comment,True,adjudicator,2-1,0,0
t1_p7d8a3e,0,0.031143829226493835,-3.4375,0,0.07452236860990524,0.4651714861392975,0.43859025835990906,0.021715912967920303,0,0.07075065641317402,taglish,comment,True,majority,3-0,0,0
t1_p7d8mki,0,0.06608537584543228,-2.6484375,0,0.055389221757650375,0.46906188130378723,0.46307384967803955,0.012475050054490566,0,0.12088390696827844,taglish,comment,True,adjudicator,2-1,0,0
t1_p7dcf6a,0,0.07211221009492874,-2.5546875,0,0.026913799345493317,0.493588924407959,0.46515169739723206,0.014345563016831875,0,0.12854858591932833,taglish,comment,True,adjudicator,2-1,0,1
t1_p7deb7z,0,0.5640984773635864,0.2578125,1,0.29163938760757446,0.3614931106567383,0.32656624913215637,0.020301245152950287,1,0.5481357436209199,tagalog,comment,True,adjudicator,2-1,0,0
t1_p7dfjf7,0,0.2869678735733032,-0.91015625,0,0.15901783108711243,0.4284127354621887,0.40222156047821045,0.010347851552069187,0,0.33584924621944556,tagalog,comment,True,adjudicator,2-1,0,1
t1_p7dfkfu,0,0.2759094536304474,-0.96484375,0,0.18235783278942108,0.41410425305366516,0.3818117082118988,0.021726226434111595,0,0.32677315814772206,tagalog,comment,True,adjudicator,2-1,0,0
t1_p7dh66k,0,0.0541987307369709,-2.859375,0,0.059097595512866974,0.4688572883605957,0.46101030707359314,0.011034821160137653,0,0.10507073430860968,english,comment,True,adjudicator,2-1,0,0
t1_p7ditbc,0,0.5929023027420044,0.3759765625,1,0.31047409772872925,0.3581036329269409,0.3069459795951843,0.024476295337080956,1,0.5699541706086076,tagalog,comment,True,unanimous,3-0,0,0
t1_p7djczh,0,0.08269734680652618,-2.40625,0,0.05827447026968002,0.4661957621574402,0.46014127135276794,0.015388496220111847,0,0.14152870293269873,tagalog,comment,True,majority,3-0,0,0
t1_p7dm83y,0,0.014503578655421734,-4.21875,0,0.008994841948151588,0.48911812901496887,0.48911812901496887,0.012768901884555817,0,0.04067986882402621,taglish,comment,True,unanimous,3-0,0,0
t1_p7dnrk5,0,0.02280263788998127,-3.7578125,0,0.013012443669140339,0.48916682600975037,0.48714548349380493,0.010675257071852684,0,0.0565094466354128,taglish,comment,True,unanimous,3-0,0,0
t1_p7dnwvs,0,0.7371581792831421,1.03125,1,0.3277398347854614,0.34995949268341064,0.2962619960308075,0.026038652285933495,1,0.6840754040132411,english,comment,True,adjudicator,2-1,0,0
t1_p7dpbba,0,0.012624949216842651,-4.359375,0,0.025551684200763702,0.4909835457801819,0.4714224636554718,0.012042300775647163,0,0.036761809350129786,taglish,comment,True,adjudicator,2-1,0,1
t1_p7dpy6e,0,0.8092760443687439,1.4453125,1,0.3799564242362976,0.32766884565353394,0.26143792271614075,0.030936818569898605,1,0.7470161162684978,english,comment,True,unanimous,3-0,0,0
t1_p7dqfr1,0,0.2727987766265869,-0.98046875,0,0.17470015585422516,0.4200045168399811,0.3946594297885895,0.010635890066623688,0,0.32420327143528144,tagalog,comment,True,adjudicator,2-1,0,1
t1_p7dr1ta,0,0.5061641931533813,0.024658203125,1,0.19265444576740265,0.4433956444263458,0.3485206067562103,0.015429297462105751,1,0.5046180637076774,taglish,comment,True,majority,3-0,0,0
t1_p7dr495,0,0.03358950838446617,-3.359375,0,0.014562797732651234,0.49042925238609314,0.4822893440723419,0.012718601152300835,0,0.07469656128292845,english,comment,True,majority,3-0,0,0
t1_p7dseow,0,0.11047115921974182,-2.0859375,0,0.09493359923362732,0.44466304779052734,0.4426955282688141,0.01770782098174095,0,0.17326135229716336,taglish,comment,True,majority,3-0,0,0
t1_p7du9bc,0,0.06052939593791962,-2.7421875,0,0.0397484265267849,0.48503145575523376,0.45484277606010437,0.02037735842168331,0,0.11361665008427911,tagalog,comment,True,majority,3-0,0,0
t1_p7dwlze,0,0.14511536061763763,-1.7734375,0,0.11283767968416214,0.4475257098674774,0.4284006655216217,0.01123595517128706,0,0.20939484710313297,taglish,comment,True,unanimous,3-0,0,0
t1_p7dwnon,0,0.12678517401218414,-1.9296875,0,0.05073995888233185,0.47755253314971924,0.4596443176269531,0.01206317637115717,0,0.19067468213008756,english,comment,True,adjudicator,3-0,0,0
t1_p7dwpjn,0,0.6435533165931702,0.5908203125,1,0.2292519509792328,0.4128519892692566,0.34139683842658997,0.016499193385243416,1,0.6088819866054468,taglish,comment,True,adjudicator,2-1,0,1
t1_p7dx9j9,0,0.8820220232009888,2.01171875,1,0.4101155698299408,0.31674104928970337,0.24533699452877045,0.02780638448894024,1,0.8186289832730302,english,comment,True,majority,3-0,0,0
t1_p7dxekk,0,0.01652955636382103,-4.0859375,0,0.014702233485877514,0.49826303124427795,0.47444167733192444,0.012593052349984646,0,0.0447451743035627,taglish,comment,True,majority,3-0,0,0
t1_p7dxy67,0,0.032344330102205276,-3.3984375,0,0.020249320194125175,0.48395875096321106,0.4819338023662567,0.0138581283390522,0,0.07269893990947067,english,comment,True,majority,3-0,0,0
t1_p7dy7cs,1,0.05582314357161522,-2.828125,0,0.05668821558356285,0.4535057246685028,0.45748382806777954,0.0323222279548645,0,0.10729253630311329,english,comment,True,adjudicator,2-1,1,1
t1_p7dybdv,0,0.09807931631803513,-2.21875,0,0.0994323268532753,0.44935762882232666,0.437884658575058,0.01332536619156599,0,0.15946898332532772,tagalog,comment,True,adjudicator,2-1,0,0
t1_p7dycpl,0,0.25312182307243347,-1.08203125,0,0.18256880342960358,0.41100916266441345,0.381651371717453,0.024770641699433327,0,0.3077610477963476,english,comment,True,majority,3-0,0,0
t1_p7dyjvh,0,0.19868534803390503,-1.39453125,0,0.05480160191655159,0.47977250814437866,0.45288872718811035,0.012537159025669098,0,0.26024067509417687,taglish,comment,True,unanimous,3-0,0,0
t1_p7dyofs,0,0.2546016275882721,-1.07421875,0,0.1730373054742813,0.41748684644699097,0.3955138623714447,0.013962005265057087,0,0.309009345644749,english,comment,True,majority,3-0,0,0
t1_p7dz5rm,0,0.0792103260755539,-2.453125,0,0.06634314358234406,0.4658762812614441,0.4580133855342865,0.009767184965312481,0,0.13731556719175855,taglish,comment,True,adjudicator,2-1,0,0
t1_p7e01e8,0,0.026355354115366936,-3.609375,0,0.04524284601211548,0.4877517819404602,0.4567834138870239,0.010221980512142181,0,0.06273914555882056,taglish,comment,True,majority,3-0,0,0
t1_p7e0gsf,0,0.03384403511881828,-3.3515625,0,0.04932212829589844,0.4691736698150635,0.467210590839386,0.014293601736426353,0,0.0751020948441399,taglish,comment,True,unanimous,3-0,0,0
t1_p7e13mw,0,0.04535258188843727,-3.046875,0,0.07337220758199692,0.4548105001449585,0.4567541182041168,0.015063168480992317,0,0.09257622680321015,english,comment,True,majority,3-0,0,0
t1_p7e1vz2,0,0.05964693799614906,-2.7578125,0,0.06567901372909546,0.4602469205856323,0.45629629492759705,0.017777778208255768,0,0.1124431322680288,tagalog,comment,True,majority,3-0,0,0
t1_p7e2lqi,0,0.24077458679676056,-1.1484375,0,0.07318022847175598,0.46918386220932007,0.444271445274353,0.013364474289119244,0,0.2972649689096521,tagalog,comment,True,majority,3-0,0,0
t1_p7e3dl1,0,0.6992544531822205,0.84375,1,0.3253265917301178,0.3489254117012024,0.3101559281349182,0.015592077746987343,1,0.6529650925454817,english,comment,True,adjudicator,2-1,0,0
t1_p7e3jrl,0,0.09073548763990402,-2.3046875,0,0.05312420800328255,0.4755881726741791,0.45939791202545166,0.011889703571796417,0,0.15102750765210138,taglish,comment,True,unanimous,3-0,0,0
t1_p7e3klb,0,0.029535338282585144,-3.4921875,0,0.028174305334687233,0.4808414578437805,0.4788379669189453,0.012146255932748318,0,0.06810404121342764,taglish,comment,True,majority,3-0,0,0
t1_p7e4oey,1,0.9161096215248108,2.390625,1,0.43123704195022583,0.2930200397968292,0.24694770574569702,0.028795208781957626,1,0.8570431189917977,taglish,comment,True,majority,3-0,1,1
t1_p7e4ypy,0,0.07978201657533646,-2.4453125,0,0.0766741931438446,0.4590684473514557,0.4512545168399811,0.013002868741750717,0,0.1380103582469899,tagalog,comment,True,unanimous,3-0,0,0
t1_p7e50re,0,0.04778006672859192,-2.9921875,0,0.0521012544631958,0.4777586758136749,0.44826740026474,0.02187269553542137,0,0.09607581656823831,tagalog,comment,True,unanimous,3-0,0,0
t1_p7e5rof,0,0.018978038802742958,-3.9453125,0,0.030257750302553177,0.48013946413993835,0.4761548936367035,0.013447889126837254,0,0.04947039870275616,tagalog,comment,True,majority,3-0,0,0
t1_p7e77zy,0,0.03760863468050957,-3.2421875,0,0.041982363909482956,0.47695937752723694,0.4709973931312561,0.010060861706733704,0,0.08099558809348903,taglish,comment,True,majority,3-0,0,0
t1_p7e7clf,0,0.031143829226493835,-3.4375,0,0.06294740736484528,0.47707507014274597,0.44867774844169617,0.011299769394099712,0,0.07075065641317402,english,comment,True,unanimous,3-0,0,0
t1_p7e7snu,0,0.025371311232447624,-3.6484375,0,0.03505696728825569,0.47076499462127686,0.47477149963378906,0.019406534731388092,0,0.061040208045969366,english,comment,True,majority,3-0,0,0
t1_p7e88qt,0,0.05460060387849808,-2.8515625,0,0.07035846263170242,0.46388062834739685,0.4561169445514679,0.009643961675465107,0,0.10562234808337331,taglish,comment,True,unanimous,3-0,0,0
t1_p7e8ohv,0,0.019870713353157043,-3.8984375,0,0.026993252336978912,0.47988003492355347,0.4818795323371887,0.011247187852859497,0,0.05114805796446534,tagalog,comment,True,adjudicator,2-1,0,0
t1_p7ea6q0,0,0.6249805092811584,0.5107421875,1,0.24709302186965942,0.4011628031730652,0.33527132868766785,0.016472868621349335,1,0.5945059000286634,taglish,comment,True,unanimous,3-0,0,0
t1_p7ea9p3,0,0.19993212819099426,-1.38671875,0,0.10593803972005844,0.4774402379989624,0.4064953029155731,0.010126430541276932,0,0.2613690024116086,tagalog,comment,True,majority,3-0,0,0
t1_p7eatjp,0,0.4233388304710388,-0.30908203125,0,0.19462409615516663,0.42152732610702515,0.37026047706604004,0.01358808483928442,0,0.44236978456435555,tagalog,comment,True,adjudicator,2-1,0,0
t1_p7ecnwc,0,0.05541279539465904,-2.8359375,0,0.08973128348588943,0.4510556757450104,0.44145873188972473,0.017754318192601204,0,0.10673324088821476,taglish,comment,True,unanimous,3-0,0,0
t1_p7eipfc,0,0.05964693799614906,-2.7578125,0,0.04933042824268341,0.4743693470954895,0.46440359950065613,0.011896605603396893,0,0.1124431322680288,taglish,comment,True,unanimous,3-0,0,0
t1_p7eoik5,0,0.3385142982006073,-0.669921875,0,0.2168726921081543,0.4163955748081207,0.3400563895702362,0.02667534165084362,0,0.37710029241270693,english,comment,True,adjudicator,2-1,0,0
t1_p7epidn,0,0.3182732164859772,-0.76171875,0,0.13057994842529297,0.4451588988304138,0.4115246832370758,0.012736490927636623,0,0.3610881700093517,taglish,comment,True,adjudicator,2-1,0,1
t1_p7er1we,0,0.010986942797899246,-4.5,0,0.011959067545831203,0.499075323343277,0.47737640142440796,0.011589200235903263,0,0.033208052663887364,english,comment,True,majority,3-0,0,0
t1_p7er2rg,0,0.027376487851142883,-3.5703125,0,0.033491626381874084,0.4818795323371887,0.4738815426826477,0.010747313499450684,0,0.06448212238461329,tagalog,comment,True,unanimous,3-0,0,0
t1_p7erayc,0,0.04146227613091469,-3.140625,0,0.022041689604520798,0.4917186200618744,0.47559669613838196,0.010642987675964832,0,0.08684265139354869,tagalog,comment,True,adjudicator,2-1,0,0
t1_p7ez7pb,0,0.027169233188033104,-3.578125,0,0.05051720142364502,0.4811161756515503,0.4580226242542267,0.010343997739255428,0,0.06412995799131095,tagalog,comment,True,adjudicator,2-1,0,0
t1_p7f8qy6,1,0.05184547230601311,-2.90625,0,0.055673982948064804,0.4574294686317444,0.4614419937133789,0.02545454539358616,0,0.10181419053169236,tagalog,comment,True,adjudicator,2-1,1,0
t1_p7fchya,0,0.25720497965812683,-1.060546875,0,0.21723327040672302,0.41223007440567017,0.35065212845802307,0.019884541630744934,0,0.3112005823423284,tagalog,comment,True,unanimous,3-0,0,0
t1_p7fjp05,0,0.0427221953868866,-3.109375,0,0.045585472136735916,0.4628678858280182,0.4668754041194916,0.02467125840485096,0,0.0887172170607258,english,comment,True,majority,3-0,0,0
t1_p7fl1tm,0,0.03161877021193504,-3.421875,0,0.0373208113014698,0.47652003169059753,0.4745427668094635,0.011616411618888378,0,0.07152411357556374,tagalog,comment,True,majority,3-0,0,0
t1_p7fmy61,0,0.5910152792930603,0.3681640625,1,0.26125410199165344,0.43179500102996826,0.27939674258232117,0.027554145082831383,1,0.5685190376152338,tagalog,comment,True,adjudicator,2-1,0,1
t1_p7fn2tx,0,0.026355354115366936,-3.609375,0,0.01694704033434391,0.4984423816204071,0.4745171368122101,0.010093457996845245,0,0.06273914555882056,taglish,comment,True,adjudicator,2-1,0,0
t1_p7fo1ph,0,0.2553436756134033,-1.0703125,0,0.08285212516784668,0.4840572476387024,0.4217926263809204,0.011298016645014286,0,0.309634543022342,taglish,comment,True,adjudicator,2-1,0,1
t1_p7fvb3b,0,0.7718434929847717,1.21875,1,0.3427639901638031,0.3427639901638031,0.2924671173095703,0.02200488932430744,1,0.713619972908912,tagalog,comment,True,adjudicator,2-1,0,1
t1_p7fy09p,0,0.10818895697593689,-2.109375,0,0.08281069248914719,0.4578944146633148,0.44815197587013245,0.011142909526824951,0,0.1707606813330581,taglish,comment,True,adjudicator,2-1,0,0
t1_p7g1jl7,1,0.3123700022697449,-0.7890625,0,0.16801291704177856,0.4264943599700928,0.39510732889175415,0.010385414585471153,0,0.3563758595048653,taglish,comment,True,adjudicator,2-1,1,0
t1_p7g7ji3,0,0.15662017464637756,-1.68359375,0,0.11624136567115784,0.44575202465057373,0.4246172308921814,0.013389372266829014,0,0.2207553092636898,english,comment,True,majority,3-0,0,0
t1_p7gg2g5,0,0.014281933195888996,-4.234375,0,0.01255650445818901,0.4861878454685211,0.4861878454685211,0.015067805536091328,0,0.04022550864147266,taglish,comment,True,majority,3-0,0,0
t1_p7goh43,0,0.017176708206534386,-4.046875,0,0.00933807622641325,0.4898996353149414,0.4878668487071991,0.012895438820123672,0,0.046012796033967227,taglish,comment,True,unanimous,3-0,0,0
t1_p7gqfj1,0,0.4573790431022644,-0.1708984375,0,0.2432667315006256,0.39443960785865784,0.3370981812477112,0.02519548311829567,0,0.4680363567053049,english,comment,True,unanimous,3-0,0,0
t1_p7gtjj1,0,0.6370307803153992,0.5625,1,0.3314868211746216,0.3368047773838043,0.2978063225746155,0.033902060240507126,1,0.603817937558226,tagalog,comment,True,adjudicator,2-1,0,1
t1_p7gyxym,0,0.048136770725250244,-2.984375,0,0.046438656747341156,0.46990901231765747,0.46990901231765747,0.013743332587182522,0,0.09658530418371278,tagalog,comment,True,adjudicator,2-1,0,1
t1_p7h0ly2,0,0.037892427295446396,-3.234375,0,0.01979205757379532,0.497056245803833,0.47300514578819275,0.010146561078727245,0,0.08143230994741969,tagalog,comment,True,adjudicator,2-1,0,1
t1_p7h5m1u,0,0.0792103260755539,-2.453125,0,0.03948793187737465,0.4789503812789917,0.4707980453968048,0.01076364517211914,0,0.13731556719175855,taglish,comment,True,majority,3-0,0,0
t1_p7h85v7,0,0.008985428139567375,-4.703125,0,0.01390683650970459,0.4981847405433655,0.4765245318412781,0.01138391438871622,0,0.028654750206493915,english,comment,True,majority,3-0,0,0
t1_p7haar9,0,0.028652667999267578,-3.5234375,0,0.019407624378800392,0.4870932996273041,0.48100462555885315,0.012494450435042381,0,0.06663317770797107,english,comment,True,adjudicator,2-1,0,0
t1_p7hbz5y,1,0.2628418207168579,-1.03125,0,0.08678103238344193,0.4883955717086792,0.40968719124794006,0.015136226080358028,0,0.3159245959867589,tagalog,comment,True,adjudicator,2-1,1,0
t1_p7hc4va,0,0.018689310178160667,-3.9609375,0,0.021002326160669327,0.48493996262550354,0.48292773962020874,0.011129975318908691,0,0.04892286271300754,taglish,comment,True,majority,3-0,0,0
t1_p7hc5tm,0,0.04177388176321983,-3.1328125,0,0.025333832949399948,0.4991888105869293,0.46524396538734436,0.010233370587229729,0,0.08730790501248989,tagalog,comment,True,adjudicator,2-1,0,1
t1_p7hgig1,0,0.0204885546118021,-3.8671875,0,0.030606532469391823,0.4777604937553406,0.4757698178291321,0.015863141044974327,0,0.05229625432213942,taglish,comment,True,majority,3-0,0,0
t1_p7hgk6d,0,0.053403329104185104,-2.875,0,0.027955519035458565,0.49301111698150635,0.46716779470443726,0.011865564621984959,0,0.1039751309639871,tagalog,comment,True,majority,3-0,0,0
t1_p7hh5q0,0,0.015424554236233234,-4.15625,0,0.024576062336564064,0.4934873580932617,0.471860408782959,0.010076185688376427,0,0.042546914139551965,taglish,comment,True,unanimous,3-0,0,0
t1_p7hn2ei,0,0.05033063143491745,-2.9375,0,0.07294686138629913,0.46183574199676514,0.4521739184856415,0.01304347813129425,0,0.09969316454100016,english,comment,True,majority,3-0,0,0
t1_p7hocjp,0,0.6070809364318848,0.43505859375,1,0.2976190447807312,0.3928571343421936,0.2925170063972473,0.017006803303956985,1,0.5807677042570867,taglish,comment,True,majority,3-0,0,0
t1_p7hqyna,0,0.018978038802742958,-3.9453125,0,0.021572979167103767,0.4911242723464966,0.4615384638309479,0.02576429955661297,0,0.04947039870275616,english,comment,True,majority,3-0,0,0
t1_p7htjrq,0,0.03649376332759857,-3.2734375,0,0.0209616981446743,0.48377057909965515,0.4817379117012024,0.013529823161661625,0,0.07926998546374149,taglish,comment,True,majority,3-0,0,0
t1_p7hto58,0,0.058345843106508255,-2.78125,0,0.03808322921395302,0.47414880990982056,0.47414880990982056,0.013619167730212212,0,0.11070270904364289,taglish,comment,True,unanimous,3-0,0,0
t1_p7hty2g,0,0.018264278769493103,-3.984375,0,0.016425548121333122,0.4872070252895355,0.4831638038158417,0.013203613460063934,0,0.0481123262994903,taglish,comment,True,majority,3-0,0,0
t1_p7hu2dg,1,0.08945459872484207,-2.3203125,0,0.10663562268018723,0.4526193141937256,0.4265424907207489,0.014202561229467392,0,0.1495327693672716,english,comment,True,adjudicator,2-1,1,1
t1_p7hwhl9,0,0.7648915648460388,1.1796875,1,0.3548462688922882,0.33794882893562317,0.285379022359848,0.021825863048434258,1,0.7076022408427353,tagalog,comment,True,adjudicator,2-1,0,1
t1_p7hyhoq,0,0.027585282921791077,-3.5625,0,0.016703857108950615,0.48759961128234863,0.4835192859172821,0.012177239172160625,0,0.06483608668244899,taglish,comment,True,unanimous,3-0,0,0
t1_p7i0oww,0,0.10087861120700836,-2.1875,0,0.08773234486579895,0.4540272653102875,0.4361833930015564,0.022057000547647476,0,0.16263204007646292,taglish,comment,True,majority,3-0,0,0
t1_p7i23nn,0,0.043365802615880966,-3.09375,0,0.03472931683063507,0.46986719965934753,0.4678243100643158,0.027579162269830704,0,0.08966813451301332,english,comment,True,adjudicator,2-1,0,1
t1_p7i2wbm,0,0.5680564045906067,0.27392578125,1,0.2792645990848541,0.3593204617500305,0.32767045497894287,0.03374447301030159,1,0.5511238316343793,english,comment,True,majority,3-0,0,0
t1_p7i30af,0,0.024237634614109993,-3.6953125,0,0.022699082270264626,0.4941701889038086,0.46043166518211365,0.022699082270264626,0,0.05905828086570057,english,comment,True,majority,3-0,0,0
t1_p7i40j4,0,0.049958519637584686,-2.9453125,0,0.03285159543156624,0.4808047413825989,0.47469282150268555,0.011650856584310532,0,0.09916908254631718,tagalog,comment,True,majority,3-0,0,0
t1_p7i4ckh,0,0.030444350093603134,-3.4609375,0,0.02225973829627037,0.490214467048645,0.47420746088027954,0.013318326324224472,0,0.06960495135723807,english,comment,True,majority,3-0,0,0
t1_p7i4d5o,0,0.2735743820667267,-0.9765625,0,0.1703309416770935,0.4184216558933258,0.3962045907974243,0.015042814426124096,0,0.32484475792946443,english,comment,True,majority,3-0,0,0
t1_p7i4e8q,0,0.020177319645881653,-3.8828125,0,0.014494556933641434,0.5016485452651978,0.4717884957790375,0.012068429030478,0,0.05171914367653667,english,comment,True,majority,3-0,0,0
t1_p7i4q0m,0,0.04401864856481552,-3.078125,0,0.03470930829644203,0.49584728479385376,0.45022931694984436,0.01921408250927925,0,0.09062823074494587,english,comment,True,majority,3-0,0,0
t1_p7i4tmq,0,0.4881613850593567,-0.04736328125,0,0.23922114074230194,0.3968474864959717,0.34677794575691223,0.017153453081846237,0,0.49113033811964846,taglish,comment,True,adjudicator,2-1,0,1
t1_p7i4usd,0,0.034358687698841095,-3.3359375,0,0.041875626891851425,0.4714142382144928,0.4714142382144928,0.015295887365937233,0,0.0759192361113778,tagalog,comment,True,majority,3-0,0,0
t1_p7i590u,0,0.10158944875001907,-2.1796875,0,0.09426964819431305,0.4555568993091583,0.4345017373561859,0.015671731904149055,0,0.16343066056877983,taglish,comment,True,unanimous,3-0,0,0
t1_p7i5dy2,0,0.01652955636382103,-4.0859375,0,0.016935434192419052,0.4901313781738281,0.47817695140838623,0.01475624181330204,0,0.0447451743035627,english,comment,True,majority,3-0,0,0
t1_p7i5fbw,0,0.018124721944332123,-3.9921875,0,0.01065775379538536,0.4863467216491699,0.4903827905654907,0.012612726539373398,0,0.04784499205956626,taglish,comment,True,majority,3-0,0,0
t1_p7i5k42,0,0.026963496580719948,-3.5859375,0,0.03491054102778435,0.4787731468677521,0.47478336095809937,0.011532946489751339,0,0.06377958579438398,taglish,comment,True,unanimous,3-0,0,0
t1_p7i5tlx,0,0.03963883966207504,-3.1875,0,0.02185089886188507,0.4791773855686188,0.4771208167076111,0.02185089886188507,0,0.08409797556716471,english,comment,True,majority,3-0,0,0
t1_p7i5trb,0,0.7718434929847717,1.21875,1,0.3231247365474701,0.38703951239585876,0.2663115859031677,0.023524189367890358,1,0.713619972908912,tagalog,comment,True,adjudicator,2-1,0,0
t1_p7i62l1,0,0.008187909610569477,-4.796875,0,0.011742284521460533,0.49772530794143677,0.47805237770080566,0.012480019591748714,0,0.02676329726778762,taglish,comment,True,majority,3-0,0,0
t1_p7i68rn,0,0.02080449089407921,-3.8515625,0,0.019515810534358025,0.49802371859550476,0.47233203053474426,0.010128458961844444,0,0.05287944558456361,taglish,comment,True,majority,3-0,0,0
t1_p7i68z2,0,0.011508148163557053,-4.453125,0,0.01901140622794628,0.49650436639785767,0.47295475006103516,0.011529498733580112,0,0.034354149161319444,taglish,comment,True,majority,3-0,0,0
t1_p7i6szx,0,0.012241275049746037,-4.390625,0,0.017978081479668617,0.494520366191864,0.4748183786869049,0.01268316712230444,0,0.03594174622161488,taglish,comment,True,adjudicator,3-0,0,0
t1_p7i6tor,0,0.01652955636382103,-4.0859375,0,0.03136015683412552,0.4881487786769867,0.46675580739974976,0.013735261745750904,0,0.0447451743035627,english,comment,True,majority,3-0,0,0
t1_p7i6zpu,0,0.632729709148407,0.5439453125,1,0.268672376871109,0.4086059033870697,0.3078537583351135,0.014867938123643398,1,0.6004879280066332,tagalog,comment,True,majority,3-0,0,0
t1_p7i7877,0,0.014063626527786255,-4.25,0,0.011756612919270992,0.49427804350852966,0.4802701473236084,0.013695203699171543,0,0.03977601286698117,taglish,comment,True,majority,3-0,0,0
t1_p7i7mqf,0,0.017309095710515976,-4.0390625,0,0.025697000324726105,0.47901204228401184,0.48300379514694214,0.012287157587707043,0,0.046270390356679215,taglish,comment,True,majority,3-0,0,0
t1_p7i7nbd,0,0.04958902671933174,-2.953125,0,0.04116342216730118,0.48311561346054077,0.4633966088294983,0.01232437789440155,0,0.09864745374865584,english,comment,True,majority,3-0,0,0
t1_p7i7oz5,1,0.6522414088249207,0.62890625,1,0.318205863237381,0.38421663641929626,0.2708134949207306,0.02676399052143097,1,0.6156552810060854,tagalog,comment,True,adjudicator,2-1,1,0
t1_p7i8gqv,0,0.01615283451974392,-4.109375,0,0.014264358207583427,0.49433162808418274,0.47838544845581055,0.013018562458455563,0,0.04400065019258756,english,comment,True,majority,3-0,0,0
t1_p7i91xi,0,0.05749328061938286,-2.796875,0,0.026317469775676727,0.48035770654678345,0.48035770654678345,0.012967103160917759,0,0.10955556860560209,taglish,comment,True,majority,3-0,0,0
t1_p7i938l,0,0.41549161076545715,-0.34130859375,0,0.15974827110767365,0.44342249631881714,0.3737141489982605,0.023115091025829315,0,0.4364228703527762,english,comment,True,majority,3-0,0,0
t1_p7iajx6,0,0.01652955636382103,-4.0859375,0,0.014499968849122524,0.49586158990859985,0.46997323632240295,0.019665194675326347,0,0.0447451743035627,taglish,comment,True,majority,3-0,0,0
t1_p7ib0q0,1,0.8902942538261414,2.09375,1,0.40143370628356934,0.34408602118492126,0.22311827540397644,0.031362008303403854,1,0.8275754056572199,taglish,comment,True,unanimous,3-0,1,1
t1_p7ib4se,1,0.41905349493026733,-0.32666015625,0,0.11415795236825943,0.4629446864128113,0.40612876415252686,0.016768593341112137,0,0.4391238527097267,taglish,comment,True,majority,3-0,1,1
t1_p7icrdx,0,0.6829967498779297,0.767578125,1,0.31145718693733215,0.3523915410041809,0.31323692202568054,0.022914350032806396,1,0.6399239007690011,english,comment,True,unanimous,3-0,0,0
t1_p7idnnt,0,0.04054073989391327,-3.1640625,0,0.04509136080741882,0.47370702028274536,0.46974295377731323,0.011458655819296837,0,0.085460325029733,tagalog,comment,True,majority,3-0,0,0
t1_p7if1i8,0,0.04240382835268974,-3.1171875,0,0.0560607947409153,0.4584527313709259,0.4664258062839508,0.019060669466853142,0,0.08824517950541334,english,comment,True,majority,3-0,0,0
t1_p7ifa0o,1,0.11047115921974182,-2.0859375,0,0.10205528140068054,0.46302857995033264,0.41956058144569397,0.015355539508163929,0,0.17326135229716336,english,comment,True,adjudicator,2-1,1,1
t1_p7ifa7e,1,0.557303249835968,0.230224609375,1,0.2603016197681427,0.3781023621559143,0.3382021188735962,0.023393895477056503,1,0.5430118247950421,english,comment,True,adjudicator,2-1,1,1
t1_p7ih1tt,0,0.09877258539199829,-2.2109375,0,0.09748057276010513,0.4633859097957611,0.4238285720348358,0.015304921194911003,0,0.16025504392050968,english,comment,True,adjudicator,3-0,0,0
t1_p7ij78v,0,0.8661325573921204,1.8671875,1,0.38842976093292236,0.35206612944602966,0.23140496015548706,0.028099173679947853,1,0.8019950050848513,tagalog,comment,True,adjudicator,2-1,0,0
t1_p7ijion,0,0.12168575078248978,-1.9765625,0,0.06951377540826797,0.4732852578163147,0.44173291325569153,0.015468047000467777,0,0.18531434550365491,english,comment,True,majority,3-0,0,0
t1_p7iq8ai,0,0.009125636890530586,-4.6875,0,0.01032840646803379,0.5007112622261047,0.4769620895385742,0.011998267844319344,0,0.0289823615333465,taglish,comment,True,majority,3-0,0,0
t1_p7iqa3d,0,0.03622005507349968,-3.28125,0,0.03415841609239578,0.49702969193458557,0.45940592885017395,0.009405940771102905,0,0.07884386479317726,tagalog,comment,True,adjudicator,2-1,0,0
t1_p7iqat2,0,0.5729617476463318,0.2939453125,1,0.26314613223075867,0.4099351167678833,0.3078988492488861,0.01901991479098797,1,0.5548311465774547,tagalog,comment,True,adjudicator,3-0,0,0
t1_p7iqysa,0,0.15974101424217224,-1.66015625,0,0.10934596508741379,0.45081230998039246,0.4297104477882385,0.010131287388503551,0,0.22379053171279734,taglish,comment,True,adjudicator,2-1,0,0
t1_p7isgm3,0,0.4849288761615753,-0.060302734375,0,0.18675462901592255,0.4120781421661377,0.37756913900375366,0.023598071187734604,0,0.48870791870004093,tagalog,comment,True,unanimous,3-0,0,0
t1_p7itlm8,0,0.012624949216842651,-4.359375,0,0.010494563728570938,0.4886570870876312,0.4886570870876312,0.01219129003584385,0,0.036761809350129786,taglish,comment,True,majority,3-0,0,0
t1_p7iu5xa,0,0.01342825498431921,-4.296875,0,0.01581689529120922,0.4922466278076172,0.4783525764942169,0.013583922758698463,0,0.03845623978795531,taglish,comment,True,unanimous,3-0,0,0
t1_p7iupq2,0,0.011869121342897415,-4.421875,0,0.010227627120912075,0.49691301584243774,0.48094791173934937,0.011911443434655666,0,0.03513930927505064,taglish,comment,True,unanimous,3-0,0,0
t1_p7iv0ce,0,0.3963017463684082,-0.4208984375,0,0.21323613822460175,0.4064244329929352,0.3535710275173187,0.026768425479531288,0,0.42181731780697246,english,comment,True,adjudicator,2-1,0,1
t1_p7iv0ud,1,0.826151430606842,1.55859375,1,0.38670167326927185,0.3167104125022888,0.2729658782482147,0.023622047156095505,1,0.7627156401592976,english,comment,True,adjudicator,2-1,1,1
t1_p7iv34z,0,0.20370754599571228,-1.36328125,0,0.19389742612838745,0.4085695743560791,0.3843323886394501,0.013200606219470501,0,0.26477289636365187,english,comment,True,adjudicator,2-1,0,0
t1_p7iv5yr,0,0.12085322290658951,-1.984375,0,0.13890191912651062,0.4242139756679535,0.41670575737953186,0.02017831988632679,0,0.18443236375546235,english,comment,True,majority,3-0,0,0
t1_p7iv83y,0,0.29421496391296387,-0.875,0,0.22154763340950012,0.40219417214393616,0.3664056956768036,0.009852479211986065,0,0.3417490949175649,tagalog,comment,True,adjudicator,2-1,0,0
t1_p7ivahf,0,0.36048904061317444,-0.5732421875,0,0.22546781599521637,0.38886353373527527,0.3486992120742798,0.036969419568777084,0,0.3942585307417708,english,comment,True,majority,3-0,0,0
t1_p7ivqh5,0,0.3437821865081787,-0.646484375,0,0.19892095029354095,0.40722495317459106,0.375322550535202,0.018531549721956253,0,0.38123347047098904,tagalog,comment,True,adjudicator,2-1,0,0
t1_p7ivssl,0,0.5393471717834473,0.15771484375,1,0.2708606421947479,0.3792048990726471,0.3302752375602722,0.019659239798784256,1,0.529503843383576,tagalog,comment,True,unanimous,3-0,0,0
t1_p7ivvut,0,0.012053778395056725,-4.40625,0,0.015532177872955799,0.500990092754364,0.4712871313095093,0.012190594337880611,0,0.03553834644186387,taglish,comment,True,majority,3-0,0,0
t1_p7ivwtp,0,0.09739040583372116,-2.2265625,0,0.15021754801273346,0.41767802834510803,0.41401419043540955,0.018090222030878067,0,0.15868604980024484,english,comment,True,majority,3-0,0,0
t1_p7ivyqk,0,0.08269734680652618,-2.40625,0,0.04189944267272949,0.4753682017326355,0.4591163098812103,0.02361604943871498,0,0.14152870293269873,english,comment,True,unanimous,3-0,0,0
t1_p7iw054,0,0.7341195344924927,1.015625,1,0.35579514503479004,0.33423179388046265,0.28032344579696655,0.02964959479868412,1,0.6815402164861118,tagalog,comment,True,unanimous,3-0,0,0
t1_p7iw3ai,0,0.057918090373277664,-2.7890625,0,0.06892337650060654,0.463399738073349,0.4516680836677551,0.01600879803299904,0,0.11012783003918279,tagalog,comment,True,unanimous,3-0,0,0
t1_p7iw8dy,0,0.1525365114212036,-1.71484375,0,0.16506803035736084,0.4265001118183136,0.3979477882385254,0.010484050959348679,0,0.2167544226946001,taglish,comment,True,adjudicator,2-1,0,0
t1_p7iwa9e,0,0.9046505093574524,2.25,1,0.42583519220352173,0.3046770691871643,0.24053451418876648,0.028953230008482933,1,0.8436440416077869,english,comment,True,majority,3-0,0,0
t1_p7iweo9,0,0.4275759756565094,-0.291748046875,0,0.2580365836620331,0.38272541761398315,0.3480896055698395,0.011148392222821712,0,0.445575463466726,tagalog,comment,True,unanimous,3-0,0,0
t1_p7iwoea,0,0.5087881684303284,0.03515625,1,0.20510351657867432,0.45257583260536194,0.3216177225112915,0.020702937617897987,1,0.5065839766889644,tagalog,comment,True,adjudicator,2-1,0,0
t1_p7iwruh,1,0.907967209815979,2.2890625,1,0.43277502059936523,0.28972384333610535,0.24626527726650238,0.03123585321009159,1,0.8474654923848032,english,comment,True,majority,3-0,1,1
t1_p7ixu0v,0,0.21011726558208466,-1.32421875,0,0.20563088357448578,0.3990633487701416,0.38163697719573975,0.013668790459632874,0,0.27050870379967423,english,comment,True,adjudicator,2-1,0,0
t1_p7ixzm5,1,0.8824278712272644,2.015625,1,0.42086002230644226,0.3019213080406189,0.24519670009613037,0.032021958380937576,1,0.8190630742952435,tagalog,comment,True,adjudicator,2-1,1,0
t1_p7iy5l3,0,0.467453271150589,-0.13037109375,0,0.26999008655548096,0.36175140738487244,0.342340350151062,0.02591816522181034,0,0.47560239949268335,tagalog,comment,True,adjudicator,2-1,0,0
t1_p7iz3ji,0,0.8679338097572327,1.8828125,1,0.42724597454071045,0.27879610657691956,0.25345101952552795,0.04050690308213234,1,0.803847261898943,tagalog,comment,True,adjudicator,2-1,0,0
t1_p7izgv7,0,0.053799647837877274,-2.8671875,0,0.05199628695845604,0.475394606590271,0.463509738445282,0.009099350310862064,0,0.10452166467593718,taglish,comment,True,unanimous,3-0,0,0
t1_p7j0fuj,0,0.8624675869941711,1.8359375,1,0.40947866439819336,0.3127962052822113,0.24644549190998077,0.03127961978316307,1,0.7982510548605025,taglish,comment,True,majority,3-0,0,0
t1_p7j17ud,1,0.7310585975646973,1.0,1,0.32455116510391235,0.37118208408355713,0.28165072202682495,0.02261599525809288,1,0.6789942314718841,tagalog,comment,True,adjudicator,2-1,1,0
t1_p7j3qse,0,0.299105167388916,-0.8515625,0,0.22224615514278412,0.39280715584754944,0.37385591864585876,0.011090772226452827,0,0.3457098518084087,english,comment,True,adjudicator,2-1,0,1
t1_p7j4az2,0,0.9289263486862183,2.5703125,1,0.4403837323188782,0.2923709452152252,0.23115578293800354,0.036089539527893066,1,0.8727570201875383,tagalog,comment,True,adjudicator,2-1,0,1
t1_p7j4l6c,0,0.18535661697387695,-1.48046875,0,0.16715875267982483,0.4215307831764221,0.40154439210891724,0.009766068309545517,0,0.24803901238971568,tagalog,comment,True,adjudicator,2-1,0,1
t1_p7j5by4,1,0.15456733107566833,-1.69921875,0,0.11130095273256302,0.4432511627674103,0.4276299774646759,0.017817916348576546,0,0.2187482801974284,tagalog,comment,True,adjudicator,2-1,1,0
t1_p7j6bsx,1,0.8918110132217407,2.109375,1,0.4179943799972534,0.30178070068359375,0.24742268025875092,0.03280225023627281,1,0.829239318666942,taglish,comment,True,majority,3-0,1,1
t1_p7j8j3b,0,0.0204885546118021,-3.8671875,0,0.027950311079621315,0.47900620102882385,0.48099377751350403,0.012049689888954163,0,0.05229625432213942,taglish,comment,True,unanimous,3-0,0,0
t1_p7j8vok,0,0.0446808747947216,-3.0625,0,0.042670588940382004,0.49046656489372253,0.4531911015510559,0.013671754859387875,0,0.09159757256690927,english,comment,True,adjudicator,3-0,0,0
t1_p7j8zyo,0,0.012624949216842651,-4.359375,0,0.017474880442023277,0.4853023886680603,0.4853023886680603,0.011920364573597908,0,0.036761809350129786,taglish,comment,True,majority,3-0,0,0
t1_p7j9pzd,0,0.05184547230601311,-2.90625,0,0.020672494545578957,0.4859312176704407,0.4798060357570648,0.013590251095592976,0,0.10181419053169236,taglish,comment,True,majority,3-0,0,0
t1_p7jaz31,0,0.2166738063097,-1.28515625,0,0.15232914686203003,0.4442933201789856,0.3862631618976593,0.017114359885454178,0,0.27632206750575444,taglish,comment,True,unanimous,3-0,0,0
t1_p7jbjjc,0,0.6368049383163452,0.5615234375,1,0.290909081697464,0.36632996797561646,0.31784510612487793,0.024915825575590134,1,0.6036429107129021,english,comment,True,majority,3-0,0,0
t1_p7jbrxc,0,0.3697701096534729,-0.533203125,0,0.19174312055110931,0.4128440320491791,0.3798165023326874,0.015596330165863037,0,0.40144424830621583,english,comment,True,adjudicator,3-0,0,0
t1_p7jc35b,0,0.019271137192845345,-3.9296875,0,0.021328648552298546,0.4837839603424072,0.4837839603424072,0.011103443801403046,0,0.050023740307959856,english,comment,True,majority,3-0,0,0
t1_p7jcey0,0,0.3069423735141754,-0.814453125,0,0.09730274975299835,0.46382656693458557,0.4275270998477936,0.011343584395945072,0,0.3520248811745238,tagalog,comment,True,adjudicator,2-1,0,0
t1_p7jczbh,1,0.021287353709340096,-3.828125,0,0.015423514880239964,0.48546144366264343,0.4834386706352234,0.015676358714699745,0,0.053765756272290396,english,comment,True,adjudicator,2-1,1,0
t1_p7jdf4l,0,0.01912403479218483,-3.9375,0,0.020260130986571312,0.48424211144447327,0.48424211144447327,0.011255627498030663,0,0.04974634041692687,taglish,comment,True,majority,3-0,0,0
t1_p7jdi0d,0,0.018546564504504204,-3.96875,0,0.009750538505613804,0.48828670382499695,0.48828670382499695,0.013676079921424389,0,0.048651254945635436,english,comment,True,majority,3-0,0,0
t1_p7jdld3,0,0.5877065062522888,0.3544921875,1,0.25876498222351074,0.385433167219162,0.3401945233345032,0.015607329085469246,1,0.5660047980380927,english,comment,True,majority,3-0,0,0
t1_p7je7gw,0,0.024237634614109993,-3.6953125,0,0.013018200173974037,0.48736098408699036,0.4853387176990509,0.014282102696597576,0,0.05905828086570057,english,comment,True,majority,3-0,0,0
t1_p7je99f,0,0.06418264657258987,-2.6796875,0,0.059308476746082306,0.47053033113479614,0.460686594247818,0.009474590420722961,0,0.1184179906369386,taglish,comment,True,majority,3-0,0,0
t1_p7jek9p,0,0.6247515678405762,0.509765625,1,0.2688920795917511,0.3849208652973175,0.3333525061607361,0.01283453218638897,1,0.5943295231730611,taglish,comment,True,adjudicator,2-1,0,0
t1_p7jeqsz,0,0.020645931363105774,-3.859375,0,0.029227038845419884,0.4795721769332886,0.47758224606513977,0.01361855585128069,0,0.05258708638282998,english,comment,True,majority,3-0,0,0
t1_p7jhj3y,1,0.10087861120700836,-2.1875,0,0.0921614021062851,0.44471535086631775,0.44276484847068787,0.020358406007289886,0,0.16263204007646292,english,comment,True,majority,3-0,1,1
t1_p7ji1sj,0,0.014728614129126072,-4.203125,0,0.026237623766064644,0.47920793294906616,0.4811881184577942,0.013366336934268475,0,0.04113914117147127,taglish,comment,True,unanimous,3-0,0,0
t1_p7jiww0,0,0.1465751975774765,-1.76171875,0,0.09275079518556595,0.45496705174446106,0.4159140884876251,0.036368075758218765,0,0.21085193038263664,english,comment,True,adjudicator,2-1,0,0
t1_p7jj59h,0,0.7634837031364441,1.171875,1,0.355005145072937,0.3599587082862854,0.25428277254104614,0.030753353610634804,1,0.7063898270379878,tagalog,comment,True,adjudicator,2-1,0,1
t1_p7jj8ti,0,0.23651622235774994,-1.171875,0,0.16682635247707367,0.43645381927490234,0.3859550356864929,0.010764808394014835,0,0.2936101729620122,tagalog,comment,True,adjudicator,2-1,0,1
t1_p7jjwfe,0,0.028007520362734795,-3.546875,0,0.04302670806646347,0.4747774600982666,0.4688427448272705,0.013353115878999233,0,0.06554944590931258,english,comment,True,adjudicator,2-1,0,1
t1_p7jjytz,1,0.8832359910011292,2.0234375,1,0.3939262330532074,0.3505423069000244,0.23253795504570007,0.02299349196255207,1,0.8199288271591036,taglish,comment,True,unanimous,3-0,1,1
t1_p7jjze4,0,0.4784678816795349,-0.086181640625,0,0.2855103611946106,0.380136638879776,0.31487712264060974,0.01947588473558426,0,0.4838647842143151,english,comment,True,unanimous,3-0,0,0
t1_p7jk77p,0,0.9008791446685791,2.20703125,1,0.4183807373046875,0.3133479356765747,0.238074392080307,0.030196936801075935,1,0.8393507514942792,english,comment,True,adjudicator,2-1,0,0
t1_p7jkrnn,0,0.03283695876598358,-3.3828125,0,0.014591563493013382,0.4893589913845062,0.48528099060058594,0.010768446139991283,0,0.07349201152974996,tagalog,comment,True,adjudicator,2-1,0,1
t1_p7jkyer,0,0.4909677505493164,-0.0361328125,0,0.25147348642349243,0.4156297743320465,0.3178345263004303,0.015062213875353336,1,0.4932331571006666,tagalog,comment,True,adjudicator,2-1,0,0
t1_p7jl0bl,0,0.007577240467071533,-4.875,0,0.012493845075368881,0.4982767105102539,0.4746430218219757,0.014586410485208035,0,0.025280324796512977,taglish,comment,True,unanimous,3-0,0,0
t1_p7jl159,0,0.2186693549156189,-1.2734375,0,0.17910447716712952,0.43600180745124817,0.36544549465179443,0.019448213279247284,0,0.2780810596174125,tagalog,comment,True,adjudicator,2-1,0,0
t1_p7jl1kj,1,0.8836382627487183,2.02734375,1,0.4126547574996948,0.30628153681755066,0.24942687153816223,0.03163686394691467,1,0.8203604898345772,english,comment,True,majority,3-0,1,1
t1_p7jl2zl,1,0.7662936449050903,1.1875,1,0.34422025084495544,0.3567049503326416,0.27644631266593933,0.02262846939265728,1,0.7088117119530685,taglish,comment,True,majority,3-0,1,1
t1_p7jle5m,0,0.23440666496753693,-1.18359375,0,0.13743393123149872,0.4670831263065338,0.3786641061306,0.016818836331367493,0,0.2917926551406036,tagalog,comment,True,unanimous,3-0,0,0
t1_p7jlh3k,0,0.00955939944833517,-4.640625,0,0.011140681803226471,0.49910256266593933,0.47929689288139343,0.010459862649440765,0,0.029987141941164693,tagalog,comment,True,majority,3-0,0,0
t1_p7jlspi,0,0.5051267743110657,0.0205078125,1,0.27847012877464294,0.3747314214706421,0.33347657322883606,0.013321873731911182,1,0.5038407995276867,tagalog,comment,True,majority,3-0,0,0
t1_p7jltmt,0,0.2107662856578827,-1.3203125,0,0.13427895307540894,0.44255319237709045,0.40851062536239624,0.014657210558652878,0,0.27108656519066004,tagalog,comment,True,adjudicator,2-1,0,0
t1_p7jly72,0,0.4862705171108246,-0.054931640625,0,0.22006472945213318,0.4142394959926605,0.3513638377189636,0.014331946149468422,0,0.4897133934251498,english,comment,True,majority,3-0,0,0
t1_p7jm0fp,0,0.35488012433052063,-0.59765625,0,0.16117820143699646,0.4316936731338501,0.39587628841400146,0.011251840740442276,0,0.38989911692874496,taglish,comment,True,unanimous,3-0,0,0
t1_p7jm1cj,0,0.012431650422513485,-4.375,0,0.03340393304824829,0.4879879057407379,0.46475037932395935,0.01385779120028019,0,0.036349552458675695,english,comment,True,majority,3-0,0,0
t1_p7jm4ni,0,0.8714748620986938,1.9140625,1,0.39133232831954956,0.33984124660491943,0.24887363612651825,0.01995280012488365,1,0.8075124030651579,tagalog,comment,True,adjudicator,2-1,0,0
t1_p7jmcko,0,0.6675812005996704,0.697265625,1,0.2802812159061432,0.3927624821662903,0.31162843108177185,0.015327878296375275,1,0.6276992161371434,tagalog,comment,True,adjudicator,2-1,0,1
t1_p7jmwuw,0,0.19436782598495483,-1.421875,0,0.14122048020362854,0.4339490234851837,0.41524434089660645,0.009586158208549023,0,0.2563164703875112,taglish,comment,True,unanimous,3-0,0,0
t1_p7jnfur,1,0.7352616786956787,1.021484375,1,0.34361714124679565,0.3628038763999939,0.26861441135406494,0.02496456913650036,1,0.6824921827787888,english,comment,True,majority,3-0,1,1
t1_p7jnjat,1,0.6404110193252563,0.5771484375,1,0.30616840720176697,0.3619990944862366,0.3115713596343994,0.020261144265532494,1,0.6064401271974136,tagalog,comment,True,majority,3-0,1,1
t1_p7joyca,0,0.01615283451974392,-4.109375,0,0.036643099039793015,0.47808176279067993,0.4721795320510864,0.013095604255795479,0,0.04400065019258756,tagalog,comment,True,unanimous,3-0,0,0
t1_p7jpiid,0,0.01578456163406372,-4.1328125,0,0.021228771656751633,0.48351648449897766,0.48351648449897766,0.011738262139260769,0,0.04326795324716089,tagalog,comment,True,adjudicator,2-1,0,0
t1_p7jpv87,0,0.8311430811882019,1.59375,1,0.39042189717292786,0.30467504262924194,0.25906500220298767,0.04583808407187462,1,0.7674491748936036,tagalog,comment,True,adjudicator,2-1,0,1
t1_p7jqarc,0,0.02822098508477211,-3.5390625,0,0.02037607692182064,0.48500093817710876,0.48298847675323486,0.011634488590061665,0,0.06590885633914588,english,comment,True,majority,3-0,0,0
t1_p7jqyo7,0,0.09467770159244537,-2.2578125,0,0.076053187251091,0.45930159091949463,0.44538336992263794,0.019261837005615234,0,0.15558547957540922,english,comment,True,adjudicator,2-1,0,1
t1_p7jr9ed,0,0.3991088271141052,-0.4091796875,0,0.22420498728752136,0.3880119025707245,0.36421871185302734,0.023564402014017105,0,0.42395989762932434,tagalog,comment,True,adjudicator,2-1,0,1
t1_p7jrlsk,0,0.0753123015165329,-2.5078125,0,0.06477535516023636,0.46755144000053406,0.4597589075565338,0.007914282381534576,0,0.13253405674532912,taglish,comment,True,majority,3-0,0,0
t1_p7jsawz,0,0.2628418207168579,-1.03125,0,0.08430251479148865,0.46674805879592896,0.43590566515922546,0.013043757528066635,0,0.3159245959867589,taglish,comment,True,majority,3-0,0,0
t1_p7jsff6,0,0.025760557502508163,-3.6328125,0,0.02304689958691597,0.49959731101989746,0.46589431166648865,0.01146149542182684,0,0.06171455926280479,taglish,comment,True,majority,3-0,0,0
t1_p7jslnr,0,0.02931223064661026,-3.5,0,0.022728683426976204,0.4987890422344208,0.4669937193393707,0.011488542892038822,0,0.06773352815161206,english,comment,True,adjudicator,2-1,0,1
t1_p7jsvzn,0,0.022457052022218704,-3.7734375,0,0.023706093430519104,0.4905051589012146,0.4746183454990387,0.011170410551130772,0,0.05588858357384836,taglish,comment,True,unanimous,3-0,0,0
t1_p7jty2q,0,0.7585106492042542,1.14453125,1,0.3747338652610779,0.3047078251838684,0.27442631125450134,0.046132009476423264,1,0.7021233520056374,tagalog,comment,True,adjudicator,2-1,0,0
t1_p7jv0ob,0,0.2613309323787689,-1.0390625,0,0.19012115895748138,0.4063373804092407,0.37837839126586914,0.025163093581795692,0,0.3146610838835476,english,comment,True,unanimous,3-0,0,0
t1_p7jvjug,0,0.47335290908813477,-0.106689453125,0,0.1795070767402649,0.4468580186367035,0.36092379689216614,0.01271110586822033,0,0.4800289352842373,tagalog,comment,True,adjudicator,2-1,0,0
t1_p7jwtc5,0,0.010489092208445072,-4.546875,0,0.011674842797219753,0.5007762312889099,0.47494256496429443,0.012606346979737282,0,0.032098920378265644,tagalog,comment,True,adjudicator,2-1,0,0
t1_p7jwx3u,1,0.5166259407997131,0.0665283203125,1,0.2160886973142624,0.40386882424354553,0.3453644812107086,0.03467798978090286,1,0.5124574030474619,english,comment,True,adjudicator,2-1,1,1
t1_p7jxi1w,0,0.332852303981781,-0.6953125,0,0.10901681333780289,0.45848190784454346,0.4197656512260437,0.012735608965158463,0,0.3726427849513872,tagalog,comment,True,adjudicator,2-1,0,0
t1_p7jxtad,0,0.009125636890530586,-4.6875,0,0.020753219723701477,0.4922175407409668,0.47463834285736084,0.012390892952680588,0,0.0289823615333465,taglish,comment,True,majority,3-0,0,0
t1_p7jy4x2,0,0.1949802190065384,-1.41796875,0,0.13680018484592438,0.45162802934646606,0.39728274941444397,0.014289060607552528,0,0.2568746899441884,tagalog,comment,True,adjudicator,2-1,0,0
t1_p7k378k,0,0.06608537584543228,-2.6484375,0,0.03505696728825569,0.48679104447364807,0.46876174211502075,0.00939025916159153,0,0.12088390696827844,taglish,comment,True,majority,3-0,0,0
t1_p7k3r6i,0,0.048136770725250244,-2.984375,0,0.02613549865782261,0.4871859848499298,0.472976416349411,0.013702105730772018,0,0.09658530418371278,english,comment,True,adjudicator,2-1,0,0
t1_p7k3th6,0,0.1475551873445511,-1.75390625,0,0.09375973790884018,0.4588242769241333,0.43289071321487427,0.014525279402732849,0,0.21182743940203794,taglish,comment,True,majority,3-0,0,0
t1_p7k47v9,0,0.018546564504504204,-3.96875,0,0.017777778208255768,0.4977777898311615,0.47209876775741577,0.012345679104328156,0,0.048651254945635436,taglish,comment,True,adjudicator,2-1,0,0
t1_p7k4jsc,0,0.02517884038388729,-3.65625,0,0.011979863978922367,0.49142929911613464,0.4832727909088135,0.01331803947687149,0,0.06070562163180529,english,comment,True,majority,3-0,0,0
t1_p7k4xld,0,0.10669060051441193,-2.125,0,0.09148728102445602,0.4540117383003235,0.44227007031440735,0.012230919674038887,0,0.16910954411173126,taglish,comment,True,unanimous,3-0,0,0
t1_p7k4ywy,0,0.013636835850775242,-4.28125,0,0.020146748051047325,0.4835219383239746,0.4835219383239746,0.01280935201793909,0,0.038891425303223426,english,comment,True,majority,3-0,0,0
t1_p7k552w,0,0.14080817997455597,-1.80859375,0,0.08837632834911346,0.45644915103912354,0.44285279512405396,0.012321699410676956,0,0.20506808762750214,english,comment,True,majority,3-0,0,0
t1_p7k5c70,0,0.028007520362734795,-3.546875,0,0.012163280509412289,0.4870406985282898,0.4870406985282898,0.013755333609879017,0,0.06554944590931258,tagalog,comment,True,adjudicator,2-1,0,1
t1_p7k5edx,0,0.10017221421003342,-2.1953125,0,0.06229282543063164,0.4683219790458679,0.45631372928619385,0.013071486726403236,0,0.16183656716739067,english,comment,True,majority,3-0,0,0
t1_p7k5sks,0,0.01678548939526081,-4.0703125,0,0.01441742479801178,0.49897903203964233,0.4732380509376526,0.013365509919822216,0,0.04524817879446525,taglish,comment,True,majority,3-0,0,0
t1_p7k5zbv,1,0.04240382835268974,-3.1171875,0,0.02623869478702545,0.4850337505340576,0.4789198935031891,0.009807667694985867,0,0.08824517950541334,taglish,comment,True,adjudicator,2-1,1,1
t1_p7k60wy,0,0.1755380630493164,-1.546875,0,0.06909067928791046,0.4806308150291443,0.4345703721046448,0.015708116814494133,0,0.23887687624943146,tagalog,comment,True,adjudicator,2-1,0,0
t1_p7k69ef,0,0.06903792917728424,-2.6015625,0,0.03728598728775978,0.4788839519023895,0.4727964401245117,0.011033608578145504,0,0.12466573966511806,tagalog,comment,True,majority,3-0,0,0
t1_p7k6fel,0,0.027169233188033104,-3.578125,0,0.021462440490722656,0.49912652373313904,0.46119290590286255,0.01821811869740486,0,0.06412995799131095,taglish,comment,True,majority,3-0,0,0
t1_p7k6gpx,0,0.014728614129126072,-4.203125,0,0.014162028208374977,0.4987013041973114,0.47495362162590027,0.012183055281639099,0,0.04113914117147127,tagalog,comment,True,adjudicator,3-0,0,0
t1_p7k6mih,0,0.017309095710515976,-4.0390625,0,0.015560101717710495,0.49792325496673584,0.4741181433200836,0.012398486956954002,0,0.046270390356679215,tagalog,comment,True,adjudicator,2-1,0,0
t1_p7k6xn5,0,0.6242935061454773,0.5078125,1,0.28885263204574585,0.39673736691474915,0.29755303263664246,0.01685698702931404,1,0.5939766964673038,english,comment,True,adjudicator,2-1,0,0
t1_p7k70p1,0,0.02517884038388729,-3.65625,0,0.010321758687496185,0.4852500855922699,0.4893278181552887,0.015100350603461266,0,0.06070562163180529,taglish,comment,True,unanimous,3-0,0,0
t1_p7k7ilt,0,0.08694165199995041,-2.3515625,0,0.048072732985019684,0.4901924133300781,0.4503393769264221,0.011395479552447796,0,0.1465798854032424,taglish,comment,True,majority,3-0,0,0
t1_p7k7rbj,0,0.14560064673423767,-1.76953125,0,0.10739541798830032,0.4679372012615204,0.40273281931877136,0.02193455584347248,0,0.2098797175124836,english,comment,True,majority,3-0,0,0
t1_p7k7vip,0,0.01615283451974392,-4.109375,0,0.012048953212797642,0.4865001142024994,0.4865001142024994,0.014950795099139214,0,0.04400065019258756,english,comment,True,majority,3-0,0,0
t1_p7k81p8,0,0.28219619393348694,-0.93359375,0,0.1659327894449234,0.42271146178245544,0.4004634916782379,0.010892236605286598,0,0.33194414660176036,tagalog,comment,True,adjudicator,2-1,0,0
t1_p7k8net,0,0.009125636890530586,-4.6875,0,0.01372307725250721,0.4962461590766907,0.4745846092700958,0.015446153469383717,0,0.0289823615333465,tagalog,comment,True,majority,3-0,0,0
t1_p7k97ke,0,0.8714748620986938,1.9140625,1,0.4021739065647125,0.3134058117866516,0.25362318754196167,0.03079710155725479,1,0.8075124030651579,english,comment,True,adjudicator,2-1,0,1
t1_p7k9hk0,0,0.01384861022233963,-4.265625,0,0.029673952609300613,0.48455244302749634,0.4708755612373352,0.014898033812642097,0,0.03933133410143569,taglish,comment,True,majority,3-0,0,0
t1_p7k9qph,0,0.018124721944332123,-3.9921875,0,0.013242973946034908,0.49738872051239014,0.47749316692352295,0.011875155381858349,0,0.04784499205956626,tagalog,comment,True,adjudicator,2-1,0,0
t1_p7k9ypx,0,0.6544531583786011,0.638671875,1,0.24748416244983673,0.4094918668270111,0.32401540875434875,0.0190085731446743,1,0.6173849386749541,tagalog,comment,True,adjudicator,2-1,0,1
t1_p7ka6tc,0,0.01678548939526081,-4.0703125,0,0.021978022530674934,0.48427000641822815,0.4822605848312378,0.011491365730762482,0,0.04524817879446525,taglish,comment,True,majority,3-0,0,0
t1_p7kao2a,0,0.016029147431254387,-4.1171875,0,0.015585222281515598,0.49872711300849915,0.47289660573005676,0.012791058979928493,0,0.04375511214698672,tagalog,comment,True,majority,3-0,0,0
t1_p7kav72,0,0.017576880753040314,-4.0234375,0,0.01241414062678814,0.48597896099090576,0.4879954755306244,0.01361144334077835,0,0.04678970079529831,taglish,comment,True,unanimous,3-0,0,0
t1_p7kax5v,0,0.014063626527786255,-4.25,0,0.015361743979156017,0.4975222945213318,0.47373637557029724,0.013379584066569805,0,0.03977601286698117,taglish,comment,True,majority,3-0,0,0
t1_p7kb5ba,0,0.017442483454942703,-4.03125,0,0.02382560633122921,0.4951796233654022,0.46963462233543396,0.011360147036612034,0,0.046529356438525696,taglish,comment,True,majority,3-0,0,0
t1_p7kb827,0,0.2901756167411804,-0.89453125,0,0.09489324688911438,0.46947184205055237,0.42352354526519775,0.012111375108361244,0,0.33846521301607374,english,comment,True,adjudicator,2-1,0,0
t1_p7kcbjl,0,0.00857748556882143,-4.75,0,0.0109064020216465,0.49886006116867065,0.47914227843284607,0.011091256514191628,0,0.02769333972740153,taglish,comment,True,majority,3-0,0,0
t1_p7kcsle,0,0.010328153148293495,-4.5625,0,0.010645540431141853,0.5010831356048584,0.47731631994247437,0.010955004021525383,0,0.031737231481715415,english,comment,True,majority,3-0,0,0
t1_p7kdl3z,1,0.9066531658172607,2.2734375,1,0.4260465204715729,0.28465116024017334,0.2567441761493683,0.0325581394135952,1,0.8459461837612189,taglish,comment,True,majority,3-0,1,1
t1_p7kdtat,0,0.00970847625285387,-4.625,0,0.010758671909570694,0.49860879778862,0.4768441319465637,0.01378841232508421,0,0.03032951092726271,taglish,comment,True,majority,3-0,0,0
t1_p7kdw6q,0,0.029535338282585144,-3.4921875,0,0.024894200265407562,0.49788400530815125,0.4620363414287567,0.01518546137958765,0,0.06810404121342764,taglish,comment,True,unanimous,3-0,0,0
t1_p7ke3gb,0,0.03308597952127457,-3.375,0,0.02724388800561428,0.49760526418685913,0.4637681245803833,0.011382720433175564,0,0.07389152772422952,taglish,comment,True,unanimous,3-0,0,0
t1_p7kgbw3,0,0.586167573928833,0.34814453125,1,0.23281192779541016,0.3938401937484741,0.3511579930782318,0.02218988724052906,1,0.5648363085926297,tagalog,comment,True,unanimous,3-0,0,0
t1_p7ki9ed,0,0.03185885399580002,-3.4140625,0,0.021622996777296066,0.4843551218509674,0.4802849292755127,0.013736962340772152,0,0.07191376225915978,tagalog,comment,True,majority,3-0,0,0
t1_p7kicpd,0,0.10447732359170914,-2.1484375,0,0.05792437493801117,0.4812178909778595,0.44953277707099915,0.011324957944452763,0,0.16665671651477282,taglish,comment,True,unanimous,3-0,0,0
t1_p7kiv8w,0,0.12378870695829391,-1.95703125,0,0.0475645437836647,0.47818899154663086,0.46394506096839905,0.010301412083208561,0,0.18753354581524223,taglish,comment,True,unanimous,3-0,0,0
t1_p7kix8h,0,0.6377079486846924,0.5654296875,1,0.2747977674007416,0.36639702320098877,0.32856252789497375,0.030242688953876495,1,0.6043428584181264,taglish,comment,True,unanimous,3-0,0,0
t1_p7kj0wi,0,0.009268012829124928,-4.671875,0,0.010302282869815826,0.4974707067012787,0.4797038733959198,0.012523134239017963,0,0.0293136054224161,taglish,comment,True,majority,3-0,0,0
t1_p7kk0ar,0,0.021948251873254776,-3.796875,0,0.03762536495923996,0.47642186284065247,0.4744284451007843,0.011524325236678123,0,0.05496931168343075,taglish,comment,True,majority,3-0,0,0
t1_p7kk8ri,0,0.7004852294921875,0.849609375,1,0.3278198838233948,0.3431864380836487,0.3073311150074005,0.021662576124072075,1,0.6539591077982979,english,comment,True,adjudicator,2-1,0,0
t1_p7kkj6h,0,0.027585282921791077,-3.5625,0,0.015229392796754837,0.4873405694961548,0.48530998826026917,0.012120058760046959,0,0.06483608668244899,taglish,comment,True,majority,3-0,0,0
t1_p7kknye,0,0.13072869181632996,-1.89453125,0,0.06175924092531204,0.469472736120224,0.45512205362319946,0.013645973056554794,0,0.1947721621369385,taglish,comment,True,majority,3-0,0,0
t1_p7kkwjh,0,0.07004895806312561,-2.5859375,0,0.12579897046089172,0.4488941729068756,0.4145030975341797,0.010803778655827045,0,0.12594871762367607,tagalog,comment,True,adjudicator,2-1,0,1
t1_p7klaya,0,0.8940516710281372,2.1328125,1,0.4162368178367615,0.29064813256263733,0.26553037762641907,0.027584660798311234,1,0.8317112443940373,tagalog,comment,True,majority,3-0,0,0
t1_p7klc7o,0,0.9039745330810547,2.2421875,1,0.41316190361976624,0.3416866362094879,0.2170407474040985,0.028110699728131294,1,0.8428704572769099,taglish,comment,True,majority,3-0,0,0
t1_p7klxiv,0,0.1475551873445511,-1.75390625,0,0.10840366035699844,0.4507310092449188,0.4317128360271454,0.009152501821517944,0,0.21182743940203794,tagalog,comment,True,adjudicator,2-1,0,0
t1_p7klzd9,0,0.024053553119301796,-3.703125,0,0.018472827970981598,0.4858607053756714,0.48181185126304626,0.013854620978236198,0,0.05873387865683369,tagalog,comment,True,adjudicator,2-1,0,1
t1_p7km0h3,0,0.016914913430809975,-4.0625,0,0.025996321812272072,0.49245861172676086,0.4708767533302307,0.010668301954865456,0,0.045501696713335225,taglish,comment,True,majority,3-0,0,0
t1_p7kmmyz,0,0.4222663938999176,-0.3134765625,0,0.2216489017009735,0.39663487672805786,0.3643297851085663,0.017386427149176598,0,0.44155782881138295,tagalog,comment,True,majority,3-0,0,0
t1_p7kmyht,0,0.10017221421003342,-2.1953125,0,0.06635071337223053,0.46894487738609314,0.45298078656196594,0.011723621748387814,0,0.16183656716739067,taglish,comment,True,unanimous,3-0,0,0
t1_p7knb3a,0,0.012821215204894543,-4.34375,0,0.013590666465461254,0.49844855070114136,0.4766041934490204,0.01135658472776413,0,0.037178561446541046,taglish,comment,True,unanimous,3-0,0,0
t1_p7knj9u,0,0.22815652191638947,-1.21875,0,0.13049782812595367,0.4446592628955841,0.409859836101532,0.014983084052801132,0,0.286380027091088,taglish,comment,True,majority,3-0,0,0
t1_p7kntcm,0,0.03676946833729744,-3.265625,0,0.04401450976729393,0.48561063408851624,0.46045950055122375,0.009915356524288654,0,0.0796982098955743,taglish,comment,True,majority,3-0,0,0
t1_p7knupo,0,0.5404866337776184,0.16230201721191406,1,0.25979334115982056,0.40331554412841797,0.3161121904850006,0.020778926089406013,1,0.5303598886633764,english,comment,True,adjudicator,2-1,0,0
t1_p7koixa,0,0.5298944115638733,0.119720458984375,1,0.25567102432250977,0.38261258602142334,0.34685438871383667,0.014861995354294777,1,0.5224072328464316,tagalog,comment,True,unanimous,3-0,0,0
t1_p7kp28v,0,0.8504685759544373,1.73828125,1,0.375506728887558,0.3584382236003876,0.2338382750749588,0.032216768711805344,1,0.7862116542317682,tagalog,comment,True,adjudicator,2-1,0,0
t1_p7kpcat,0,0.7146279811859131,0.91796875,1,0.30075889825820923,0.3624051511287689,0.3175715208053589,0.019264448434114456,1,0.6654549821209009,tagalog,comment,True,unanimous,3-0,0,0
t1_p7kpsab,0,0.1980641782283783,-1.3984375,0,0.1871088147163391,0.42868122458457947,0.36016252636909485,0.02404743619263172,0,0.2596776968926291,english,comment,True,adjudicator,2-1,0,0
t1_p7kpu1i,0,0.7397986054420471,1.044921875,1,0.3569793999195099,0.32036614418029785,0.29290616512298584,0.029748283326625824,1,0.686284753944965,tagalog,comment,True,adjudicator,2-1,0,0
t1_p7kqof7,0,0.07978201657533646,-2.4453125,0,0.0452539324760437,0.49928513169288635,0.4455771744251251,0.009883756749331951,0,0.1380103582469899,taglish,comment,True,unanimous,3-0,0,0
t1_p7kroht,1,0.8925625681877136,2.1171875,1,0.39478743076324463,0.3418073058128357,0.22730186581611633,0.036103397607803345,1,0.8300664821069655,tagalog,comment,True,adjudicator,2-1,1,0
t1_p7krwq5,0,0.7950222492218018,1.35546875,1,0.3497372269630432,0.35164836049079895,0.2771141827106476,0.021500239148736,1,0.7340861894602424,tagalog,comment,True,adjudicator,2-1,0,0
t1_p7ksaqn,0,0.053799647837877274,-2.8671875,0,0.04918963089585304,0.4681844115257263,0.4681844115257263,0.014441571198403835,0,0.10452166467593718,taglish,comment,True,unanimous,3-0,0,0
t1_p7kszi0,0,0.10087861120700836,-2.1875,0,0.06264529377222061,0.48354336619377136,0.44439005851745605,0.009421264752745628,0,0.16263204007646292,taglish,comment,True,unanimous,3-0,0,0
t1_p7ktpl9,0,0.02460992895066738,-3.6796875,0,0.03248578682541847,0.4797900915145874,0.4757918417453766,0.011932279914617538,0,0.05971212886302601,taglish,comment,True,unanimous,3-0,0,0
t1_p7ku363,0,0.04672495648264885,-3.015625,0,0.05064862594008446,0.47073426842689514,0.46676182746887207,0.01185525394976139,0,0.09456173981316968,taglish,comment,True,adjudicator,2-1,0,0
t1_p7kuxef,0,0.18772760033607483,-1.46484375,0,0.12757793068885803,0.4335731267929077,0.4258992671966553,0.012949639931321144,0,0.2502287090872627,taglish,comment,True,adjudicator,2-1,0,0
t1_p7kvr87,0,0.10970578342676163,-2.09375,0,0.12393710017204285,0.43983691930770874,0.42679092288017273,0.009435061365365982,0,0.17242459434278012,english,comment,True,unanimous,3-0,0,0
t1_p7kwraw,0,0.014063626527786255,-4.25,0,0.029210461303591728,0.4869225025177002,0.47127842903137207,0.012588609009981155,0,0.03977601286698117,english,comment,True,majority,3-0,0,0
t1_p7ky524,0,0.03283695876598358,-3.3828125,0,0.022691458463668823,0.48408445715904236,0.48206743597984314,0.01115663442760706,0,0.07349201152974996,taglish,comment,True,unanimous,3-0,0,0
t1_p7ky9x7,0,0.3553273677825928,-0.595703125,0,0.0990569069981575,0.457817405462265,0.4290755093097687,0.014050169847905636,0,0.3902472334794527,tagalog,comment,True,unanimous,3-0,0,0
t1_p7kz1kh,0,0.014063626527786255,-4.25,0,0.029143672436475754,0.4762200117111206,0.4801884889602661,0.014447820372879505,0,0.03977601286698117,english,comment,True,unanimous,3-0,0,0
t1_p7kzk2p,0,0.022977370768785477,-3.75,0,0.02866082638502121,0.4806007444858551,0.4785982370376587,0.012140175327658653,0,0.0568223044252538,taglish,comment,True,unanimous,3-0,0,0
t1_p7l0ksb,0,0.0541987307369709,-2.859375,0,0.05206073820590973,0.4720173478126526,0.4660675525665283,0.009854353964328766,0,0.10507073430860968,tagalog,comment,True,adjudicator,2-1,0,1
t1_p7l0via,1,0.9105454087257385,2.3203125,1,0.41834700107574463,0.3031243085861206,0.24462664127349854,0.033902060240507126,1,0.8504672306327283,taglish,comment,True,majority,3-0,1,1
t1_p7l13ow,0,0.018264278769493103,-3.984375,0,0.011882543563842773,0.5016797184944153,0.4738086462020874,0.012629090808331966,0,0.0481123262994903,taglish,comment,True,majority,3-0,0,0
t1_p7l17c1,0,0.6297746300697327,0.53125,1,0.29703494906425476,0.37002068758010864,0.32079774141311646,0.012146607972681522,1,0.5982041157373372,taglish,comment,True,unanimous,3-0,0,0
t1_p7l17yc,0,0.053403329104185104,-2.875,0,0.04596853628754616,0.48574239015579224,0.45821040868759155,0.010078663006424904,0,0.1039751309639871,taglish,comment,True,majority,3-0,0,0
t1_p7l1bqh,0,0.8740772008895874,1.9375,1,0.40811699628829956,0.31742432713508606,0.25212562084198,0.022333068773150444,1,0.8102268687599319,tagalog,comment,True,majority,3-0,0,0
t1_p7l1ig6,0,0.11047115921974182,-2.0859375,0,0.09837251156568527,0.44942736625671387,0.4397830069065094,0.01241711899638176,0,0.17326135229716336,tagalog,comment,True,adjudicator,2-1,0,0
t1_p7l1qef,0,0.746508777141571,1.080078125,1,0.32217279076576233,0.3746195137500763,0.27721846103668213,0.0259892288595438,1,0.6919271403231874,taglish,comment,True,unanimous,3-0,0,0
t1_p7l2cqq,0,0.49462905526161194,-0.021484375,0,0.22135509550571442,0.40108785033226013,0.3594655394554138,0.01809152215719223,1,0.4959763129735765,taglish,comment,True,adjudicator,2-1,0,0
t1_p7l474i,1,0.4821091294288635,-0.07159423828125,0,0.24358974397182465,0.3956044018268585,0.3443223536014557,0.016483517363667488,0,0.48659444428171955,taglish,comment,True,majority,3-0,1,1
t1_p7l4qss,0,0.1962094008922577,-1.41015625,0,0.08963309228420258,0.4727899432182312,0.4176311194896698,0.01994582638144493,0,0.25799351301601525,taglish,comment,True,majority,3-0,0,0
t1_p7l5tem,0,0.055005285888910294,-2.84375,0,0.026884788647294044,0.4869697690010071,0.476824551820755,0.009320905432105064,0,0.10617651421040851,taglish,comment,True,majority,3-0,0,0
t1_p7l6kti,0,0.00955939944833517,-4.640625,0,0.02332966960966587,0.4924880862236023,0.4709905982017517,0.01319164503365755,0,0.029987141941164693,taglish,comment,True,unanimous,3-0,0,0
t1_p7l71t3,0,0.18772760033607483,-1.46484375,0,0.08135425299406052,0.47026726603507996,0.4365350008010864,0.011843492276966572,0,0.2502287090872627,tagalog,comment,True,adjudicator,2-1,0,1
t1_p7l76j1,0,0.35958901047706604,-0.5771484375,0,0.12411150336265564,0.4687557816505432,0.3916187584400177,0.015513937920331955,0,0.39355987280258636,taglish,comment,True,majority,3-0,0,0
t1_p7la0pf,0,0.030675798654556274,-3.453125,0,0.030755767598748207,0.48009002208709717,0.4780896306037903,0.011064575053751469,0,0.06998493291195615,english,comment,True,majority,3-0,0,0
t1_p7laa29,1,0.8092760443687439,1.4453125,1,0.3464427888393402,0.372956246137619,0.24922668933868408,0.031374283134937286,1,0.7470161162684978,tagalog,comment,True,adjudicator,2-1,1,1
t1_p7laogc,0,0.37662312388420105,-0.50390625,0,0.23903697729110718,0.3920894265174866,0.3559759259223938,0.012897678650915623,0,0.4067292477406198,tagalog,comment,True,adjudicator,2-1,0,1
t1_p7lb2ol,0,0.6867902874946594,0.78515625,1,0.3298260569572449,0.3384152948856354,0.2989048659801483,0.03285376727581024,1,0.6429526285626944,english,comment,True,majority,3-0,0,0
t1_p7lbiex,0,0.29098084568977356,-0.890625,0,0.21544624865055084,0.3952815532684326,0.3685733377933502,0.02069886401295662,0,0.33912075819890597,english,comment,True,majority,3-0,0,0
t1_p7lbluu,0,0.010328153148293495,-4.5625,0,0.012780741788446903,0.49633949995040894,0.4784712791442871,0.012408487498760223,0,0.031737231481715415,taglish,comment,True,unanimous,3-0,0,0
t1_p7ldn0g,0,0.02655657008290291,-3.6015625,0,0.01401458028703928,0.4947209656238556,0.48064354062080383,0.010620915330946445,0,0.06308418724305638,taglish,comment,True,unanimous,3-0,0,0
t1_p7le1eh,0,0.038756195455789566,-3.2109375,0,0.02157360315322876,0.48730963468551636,0.47918781638145447,0.011928933672606945,0,0.08275537854113714,taglish,comment,True,majority,3-0,0,0
t1_p7lecgg,1,0.7193835973739624,0.94140625,1,0.34108883142471313,0.3374212086200714,0.2952435612678528,0.026246419176459312,1,0.6693524666539553,english,comment,True,adjudicator,2-1,1,0
t1_p7lem5c,0,0.6669307947158813,0.6943359375,1,0.312589168548584,0.3582482635974884,0.312589168548584,0.01657337322831154,1,0.627186166678632,tagalog,comment,True,adjudicator,2-1,0,0
t1_p7leyiv,0,0.053799647837877274,-2.8671875,0,0.035770513117313385,0.4816424250602722,0.473581463098526,0.00900560524314642,0,0.10452166467593718,taglish,comment,True,majority,3-0,0,0
t1_p7lf6st,0,0.024237634614109993,-3.6953125,0,0.03653751686215401,0.48455125093460083,0.46101030707359314,0.01790093258023262,0,0.05905828086570057,english,comment,True,majority,3-0,0,0
t1_p7lgfcn,0,0.13939638435840607,-1.8203125,0,0.056893326342105865,0.49307548999786377,0.4391765296459198,0.010854647494852543,0,0.2036406592960744,taglish,comment,True,majority,3-0,0,0
t1_p7lhn75,0,0.012624949216842651,-4.359375,0,0.008898568339645863,0.49782201647758484,0.4818917214870453,0.011387678794562817,0,0.036761809350129786,taglish,comment,True,majority,3-0,0,0
t1_p7lhzij,1,0.854884684085846,1.7734375,1,0.3970751166343689,0.31376025080680847,0.2694438397884369,0.019720805808901787,1,0.7906051528968671,tagalog,comment,True,unanimous,3-0,1,1
t1_p7lizpx,0,0.14223189651966095,-1.796875,0,0.05724687874317169,0.4860962927341461,0.44391438364982605,0.012742451392114162,0,0.20650292703648115,tagalog,comment,True,adjudicator,2-1,0,0
t1_p7lm414,0,0.0838903859257698,-2.390625,0,0.038761161267757416,0.48033440113067627,0.470200777053833,0.010703654028475285,0,0.1429568810082022,tagalog,comment,True,majority,3-0,0,0
t1_p7lnrs6,0,0.02460992895066738,-3.6796875,0,0.031611837446689606,0.4901059865951538,0.46658089756965637,0.011701280251145363,0,0.05971212886302601,english,comment,True,majority,3-0,0,0
t1_p7lo5pt,0,0.2114168107509613,-1.31640625,0,0.09666751325130463,0.4416179060935974,0.43551260232925415,0.02620198391377926,0,0.2716652013048109,english,comment,True,adjudicator,2-1,0,0
t1_p7lqcfg,0,0.01798621006309986,-4.0,0,0.01121984701603651,0.49666520953178406,0.4807080924510956,0.011406844481825829,0,0.04757906900407436,taglish,comment,True,majority,3-0,0,0
t1_p7lr7hp,0,0.09334688633680344,-2.2734375,0,0.04467158764600754,0.47649693489074707,0.4643826186656952,0.014448861591517925,0,0.15405381623878117,tagalog,comment,True,majority,3-0,0,0
t1_p7ltirq,1,0.7520126104354858,1.109375,1,0.32698047161102295,0.3729047179222107,0.2590126395225525,0.04110218212008476,1,0.6965858216482287,english,comment,True,adjudicator,2-1,1,1
t1_p7lup40,0,0.32552051544189453,-0.728515625,0,0.18114259839057922,0.4198792278766632,0.3845796585083008,0.014398513361811638,0,0.36684634347099304,taglish,comment,True,majority,3-0,0,0
t1_p7lyg06,0,0.8227594494819641,1.53515625,1,0.374335914850235,0.36289334297180176,0.2239476889371872,0.038823049515485764,1,0.7595232891244106,tagalog,comment,True,unanimous,3-0,0,0
t1_p7lyhlv,0,0.01784873940050602,-4.0078125,0,0.022989949211478233,0.47839194536209106,0.48442211747169495,0.014195979572832584,0,0.04731455050714704,taglish,comment,True,unanimous,3-0,0,0
t1_p7m16hz,0,0.012241275049746037,-4.390625,0,0.020812561735510826,0.4805583357810974,0.48454636335372925,0.014082752168178558,0,0.03594174622161488,taglish,comment,True,majority,3-0,0,0
t1_p7m2zbp,0,0.05665242671966553,-2.8125,0,0.03713164106011391,0.48445579409599304,0.4665129780769348,0.011899570003151894,0,0.10841886602556666,tagalog,comment,True,adjudicator,2-1,0,0
t1_p7m34ce,1,0.896975576877594,2.1640625,1,0.43532395362854004,0.29329028725624084,0.24164168536663055,0.029744062572717667,1,0.8349626359286592,tagalog,comment,True,majority,3-0,1,1
t1_p7m3twq,0,0.025565214455127716,-3.640625,0,0.04327068477869034,0.4873391091823578,0.45833081007003784,0.011059406213462353,0,0.06137651807350888,english,comment,True,majority,3-0,0,0
t1_p7m7fuw,0,0.04177388176321983,-3.1328125,0,0.04982385411858559,0.4690488278865814,0.46099647879600525,0.02013085037469864,0,0.08730790501248989,taglish,comment,True,majority,3-0,0,0
t1_p7m9h9j,1,0.5890073180198669,0.35986328125,1,0.2563515603542328,0.39002060890197754,0.33691921830177307,0.016708629205822945,1,0.5669929476282545,tagalog,comment,True,adjudicator,2-1,1,1
t1_p7mbff3,0,0.25312182307243347,-1.08203125,0,0.1479346752166748,0.42843419313430786,0.409221887588501,0.014409221708774567,0,0.3077610477963476,tagalog,comment,True,adjudicator,2-1,0,1
t1_p7mcjoy,0,0.49993896484375,-0.000244140625,0,0.2785562574863434,0.3753715455532074,0.32781317830085754,0.018259024247527122,1,0.49995427529685366,tagalog,comment,True,majority,3-0,0,0
t1_p7mcx08,0,0.8354835510253906,1.625,1,0.3905160427093506,0.30497443675994873,0.2715016305446625,0.0330079048871994,1,0.771601180182549,tagalog,comment,True,majority,3-0,0,0
t1_p7mcz3r,0,0.018404891714453697,-3.9765625,0,0.013594310730695724,0.4873812198638916,0.4873812198638916,0.011643275618553162,0,0.04838107837162765,taglish,comment,True,majority,3-0,0,0
t1_p7mdh91,0,0.053799647837877274,-2.8671875,0,0.040836531668901443,0.4831085205078125,0.4652889370918274,0.01076599396765232,0,0.10452166467593718,taglish,comment,True,adjudicator,2-1,0,0
t1_p7mgcc5,0,0.013222821988165379,-4.3125,0,0.020842432975769043,0.483244925737381,0.483244925737381,0.012667707167565823,0,0.03802573122811927,taglish,comment,True,unanimous,3-0,0,0
t1_p7mid55,1,0.7704647779464722,1.2109375,1,0.36854350566864014,0.32759422063827515,0.27361562848091125,0.03024662658572197,1,0.7124223704737513,taglish,comment,True,adjudicator,2-1,1,1
t1_p7mkfgf,0,0.01342825498431921,-4.296875,0,0.012137137353420258,0.4864864945411682,0.48848849534988403,0.01288788765668869,0,0.03845623978795531,english,comment,True,majority,3-0,0,0
t1_p7mladu,0,0.04177388176321983,-3.1328125,0,0.04327012598514557,0.4774634838104248,0.46950575709342957,0.009760646149516106,0,0.08730790501248989,taglish,comment,True,majority,3-0,0,0
t1_p7mqnx2,0,0.04885777831077576,-2.96875,0,0.03452157601714134,0.4943089485168457,0.4482801854610443,0.022889304906129837,0,0.09761152248619476,english,comment,True,majority,3-0,0,0
t1_p7mqvy7,0,0.029986508190631866,-3.4765625,0,0.025577353313565254,0.49068784713745117,0.45890241861343384,0.024832380935549736,0,0.06885070891061511,taglish,comment,True,majority,3-0,0,0
t1_p7mra15,0,0.8283842206001282,1.57421875,1,0.3818959593772888,0.3134429156780243,0.2630038261413574,0.041657283902168274,1,0.7648275928208756,english,comment,True,adjudicator,2-1,0,0
t1_p7mvzml,0,0.7655933499336243,1.18359375,1,0.3657248020172119,0.3271307051181793,0.27750974893569946,0.029634734615683556,1,0.7082073448593963,tagalog,comment,True,adjudicator,2-1,0,0
t1_p7mzui1,0,0.03308597952127457,-3.375,0,0.04625564441084862,0.474924236536026,0.4670088291168213,0.011811266653239727,0,0.07389152772422952,tagalog,comment,True,majority,3-0,0,0
t1_p7n1l39,0,0.028007520362734795,-3.546875,0,0.033675868064165115,0.4793859124183655,0.47740498185157776,0.00953324232250452,0,0.06554944590931258,taglish,comment,True,majority,3-0,0,0
t1_p7n6ben,0,0.33676713705062866,-0.677734375,0,0.19450072944164276,0.41123008728027344,0.38159188628196716,0.01267727930098772,0,0.3757264961014911,tagalog,comment,True,adjudicator,2-1,0,0
t3_1vc8dyu,0,0.018546564504504204,-3.96875,0,0.08544913679361343,0.4519932270050049,0.45012548565864563,0.012432148680090904,0,0.048651254945635436,english,submission,True,majority,3-0,0,0
t3_1vcgopx,0,0.4372827410697937,-0.252197265625,0,0.23133401572704315,0.3976053297519684,0.35242289304733276,0.018637750297784805,0,0.4529063869697729,english,submission,True,unanimous,3-0,0,0
t3_1vchihj,0,0.017576880753040314,-4.0234375,0,0.07626265287399292,0.45662856101989746,0.45662856101989746,0.010480194352567196,0,0.04678970079529831,taglish,submission,True,majority,3-0,0,0
t3_1vd7u2z,0,0.19930799305438995,-1.390625,0,0.050325825810432434,0.4831279516220093,0.4542228579521179,0.012323375791311264,0,0.2608044438514013,tagalog,submission,True,adjudicator,2-1,0,0
t3_1vf0mft,0,0.015189048834145069,-4.171875,0,0.00797880720347166,0.48642340302467346,0.4904601275920868,0.015137658454477787,0,0.0420726151776803,taglish,submission,True,unanimous,3-0,0,0
t3_1vfzcf0,0,0.049958519637584686,-2.9453125,0,0.020159490406513214,0.4879106879234314,0.47770336270332336,0.014226475730538368,0,0.09916908254631718,english,submission,True,unanimous,3-0,0,0
t3_1vgih69,0,0.019419347867369652,-3.921875,0,0.0105957742780447,0.4872787296772003,0.4852483868598938,0.016877101734280586,0,0.05030260517588418,taglish,submission,True,unanimous,3-0,0,0
t3_1vhps53,0,0.02178117074072361,-3.8046875,0,0.008322663605213165,0.4896286725997925,0.4896286725997925,0.01241997443139553,0,0.05466606495702603,taglish,submission,True,unanimous,3-0,0,0
t3_1vhs53z,0,0.034618839621543884,-3.328125,0,0.01527397707104683,0.48876726627349854,0.4846942126750946,0.01126455795019865,0,0.07633086008428057,taglish,submission,True,adjudicator,2-1,0,1
t3_1vi0ni5,0,0.018978038802742958,-3.9453125,0,0.07338575273752213,0.4536573886871338,0.4574696123600006,0.015487252734601498,0,0.04947039870275616,english,submission,True,majority,3-0,0,0
t3_1viin45,0,0.013636835850775242,-4.28125,0,0.007998482324182987,0.4876228868961334,0.48964622616767883,0.01473238319158554,0,0.038891425303223426,english,submission,True,unanimous,3-0,0,0
t3_1vikkpz,0,0.5672774910926819,0.270751953125,1,0.25532907247543335,0.38951659202575684,0.337332546710968,0.0178217813372612,1,0.5505355536861978,taglish,submission,True,adjudicator,2-1,0,0
t3_1vj52sf,0,0.014281933195888996,-4.234375,0,0.06788914650678635,0.45575931668281555,0.46335530281066895,0.01299626100808382,0,0.04022550864147266,taglish,submission,True,unanimous,3-0,0,0
t3_1vjvros,0,0.7680380344390869,1.197265625,1,0.3228977918624878,0.3684346675872803,0.2835704982280731,0.02509702369570732,1,0.7103193975496633,tagalog,submission,True,majority,3-0,0,0
t3_1vk6m52,0,0.048136770725250244,-2.984375,0,0.022233713418245316,0.4819027781486511,0.47983452677726746,0.016028955578804016,0,0.09658530418371278,taglish,submission,True,unanimous,3-0,0,0
t3_1vkn1es,0,0.052618954330682755,-2.890625,0,0.025695381686091423,0.481017529964447,0.47690626978874207,0.016380805522203445,0,0.1028896383637663,taglish,submission,True,unanimous,3-0,0,0
t3_1vlgxei,0,0.015663648024201393,-4.140625,0,0.011874684132635593,0.4891359210014343,0.48711469769477844,0.011874684132635593,0,0.04302631987243452,taglish,submission,True,unanimous,3-0,0,0
t3_1vm4kgg,0,0.01652955636382103,-4.0859375,0,0.06965233385562897,0.4579879641532898,0.4598962366580963,0.01246347464621067,0,0.0447451743035627,taglish,submission,True,unanimous,3-0,0,0
t3_1vmbtkh,0,0.766992449760437,1.19140625,1,0.33210718631744385,0.3531266450881958,0.27955859899520874,0.03520756587386131,1,0.7094153408860402,taglish,submission,True,majority,3-0,0,0
t3_1vmczp1,0,0.3023911118507385,-0.8359375,0,0.10156948119401932,0.46548423171043396,0.4205690920352936,0.012377184815704823,0,0.34836233778041337,tagalog,submission,True,majority,3-0,0,0
t3_1vmdwmg,0,0.007695646956562996,-4.859375,0,0.006908516399562359,0.4996437430381775,0.48179930448532104,0.011648439802229404,0,0.02557037173968303,taglish,submission,True,unanimous,3-0,0,0
t3_1vmfdu4,0,0.022977370768785477,-3.75,0,0.014530456624925137,0.4893400967121124,0.4832487404346466,0.012880710884928703,0,0.0568223044252538,taglish,submission,True,adjudicator,2-1,0,0
t3_1vminyh,0,0.0844927504658699,-2.3828125,0,0.03282860293984413,0.48454001545906067,0.47028884291648865,0.012342536821961403,0,0.14367546220632632,english,submission,True,majority,3-0,0,0
t3_1vn48aj,0,0.011331754736602306,-4.46875,0,0.008626039139926434,0.5024202466011047,0.4785900413990021,0.010363658890128136,0,0.03396794028155376,taglish,submission,True,unanimous,3-0,0,0
t3_1vn5hr5,0,0.0333368256688118,-3.3671875,0,0.01319920551031828,0.49208688735961914,0.48388543725013733,0.010828474536538124,0,0.0742930416111243,taglish,submission,True,majority,3-0,0,0
t3_1vna3cl,0,0.05749328061938286,-2.796875,0,0.026571737602353096,0.4841395914554596,0.4780369997024536,0.011251668445765972,0,0.10955556860560209,taglish,submission,True,majority,3-0,0,0
t3_1vnuz4r,0,0.06560484319925308,-2.65625,0,0.036437999457120895,0.4957551062107086,0.45807769894599915,0.009729193523526192,0,0.12026330697210863,taglish,submission,True,majority,3-0,0,0
t3_1vpaday,0,0.014503578655421734,-4.21875,0,0.07554296404123306,0.4551463723182678,0.4551463723182678,0.014164306223392487,0,0.04067986882402621,tagalog,submission,True,unanimous,3-0,0,0
t3_1vpddgk,0,0.012241275049746037,-4.390625,0,0.06368442624807358,0.46004870533943176,0.4638507664203644,0.012416087090969086,0,0.03594174622161488,taglish,submission,True,unanimous,3-0,0,0
t3_1vpe8de,0,0.013636835850775242,-4.28125,0,0.06671003252267838,0.4598734378814697,0.46176591515541077,0.011650600470602512,0,0.038891425303223426,taglish,submission,True,majority,3-0,0,0
t3_1vpovj3,0,0.019271137192845345,-3.9296875,0,0.010888832621276379,0.49025070667266846,0.4861990511417389,0.012661432847380638,0,0.050023740307959856,taglish,submission,True,unanimous,3-0,0,0
t3_1vppeq5,0,0.013222821988165379,-4.3125,0,0.007499369792640209,0.49004286527633667,0.49004286527633667,0.012414922937750816,0,0.03802573122811927,tagalog,submission,True,unanimous,3-0,0,0
t3_1vppgbz,0,0.014728614129126072,-4.203125,0,0.00801266822963953,0.48848772048950195,0.48848772048950195,0.015011876821517944,0,0.04113914117147127,tagalog,submission,True,majority,3-0,0,0
t3_1vpu0p5,0,0.016029147431254387,-4.1171875,0,0.00994300190359354,0.49043697118759155,0.4863837957382202,0.013236225582659245,0,0.04375511214698672,taglish,submission,True,unanimous,3-0,0,0
t3_1vpvw48,0,0.018124721944332123,-3.9921875,0,0.07508854568004608,0.4571428596973419,0.4571428596973419,0.010625737719237804,0,0.04784499205956626,taglish,submission,True,unanimous,3-0,0,0
t3_1vq1qpn,0,0.016277462244033813,-4.1015625,0,0.009481069631874561,0.4914986491203308,0.4874533712863922,0.011566904373466969,0,0.044247502352832487,tagalog,submission,True,adjudicator,2-1,0,0
t3_1vqe0cr,0,0.0222861859947443,-3.78125,0,0.019022753462195396,0.49334824085235596,0.4714658856391907,0.01616312377154827,0,0.05558056380285582,taglish,submission,True,majority,3-0,0,0
t3_1vqi616,1,0.5906021595001221,0.366455078125,1,0.19840291142463684,0.4217360317707062,0.3635655343532562,0.016295526176691055,1,0.5682049479702601,taglish,submission,True,majority,3-0,1,1
t3_1vqkgz7,0,0.023330770432949066,-3.734375,0,0.013750080019235611,0.4868546724319458,0.48481762409210205,0.014577630907297134,0,0.057452908921270876,taglish,submission,True,unanimous,3-0,0,0
t3_1vqlxq4,0,0.020177319645881653,-3.8828125,0,0.009952456690371037,0.4909033179283142,0.48684626817703247,0.012297939509153366,0,0.05171914367653667,tagalog,submission,True,majority,3-0,0,0
t3_1vqo2c3,0,0.015424554236233234,-4.15625,0,0.00875039305537939,0.48750394582748413,0.489518404006958,0.014227258041501045,0,0.042546914139551965,taglish,submission,True,majority,3-0,0,0
t3_1vqocnh,0,0.017442483454942703,-4.03125,0,0.00849122367799282,0.4886889159679413,0.49071669578552246,0.01210316177457571,0,0.046529356438525696,taglish,submission,True,majority,3-0,0,0
t3_1vqqy2h,0,0.01971912942826748,-3.90625,0,0.08588097989559174,0.4499416649341583,0.4499416649341583,0.014235706068575382,0,0.05086475715029827,taglish,submission,True,majority,3-0,0,0
t3_1vqswlc,0,0.014503578655421734,-4.21875,0,0.07211453467607498,0.4562540650367737,0.4581393897533417,0.013492017053067684,0,0.04067986882402621,taglish,submission,True,unanimous,3-0,0,0
t3_1vqtr8w,0,0.0838903859257698,-2.390625,0,0.036252234131097794,0.4840439260005951,0.4677048623561859,0.011998978443443775,0,0.1429568810082022,taglish,submission,True,unanimous,3-0,0,0
t3_1vquf6s,0,0.01384861022233963,-4.265625,0,0.007739693392068148,0.4892750084400177,0.49129679799079895,0.011688516475260258,0,0.03933133410143569,taglish,submission,True,unanimous,3-0,0,0
t3_1vqzvtd,0,0.027169233188033104,-3.578125,0,0.01215554028749466,0.4908037781715393,0.4867307245731354,0.010309934616088867,0,0.06412995799131095,taglish,submission,True,majority,3-0,0,0
t3_1vr7bob,0,0.02655657008290291,-3.6015625,0,0.011002212762832642,0.4916851222515106,0.48561492562294006,0.011697755195200443,0,0.06308418724305638,english,submission,True,unanimous,3-0,0,0
t3_1vrjcnw,0,0.015424554236233234,-4.15625,0,0.009726520627737045,0.48708394169807434,0.48708394169807434,0.01610560156404972,0,0.042546914139551965,english,submission,True,majority,3-0,0,0
t3_1vrrfi8,0,0.018978038802742958,-3.9453125,0,0.07030461728572845,0.46173030138015747,0.4579300582408905,0.010035033337771893,0,0.04947039870275616,taglish,submission,True,majority,3-0,0,0
t3_1vrsgw9,0,0.02080449089407921,-3.8515625,0,0.07611843198537827,0.4595473110675812,0.453873872756958,0.010460374876856804,0,0.05287944558456361,tagalog,submission,True,adjudicator,3-0,0,0
t3_1vruolz,0,0.017309095710515976,-4.0390625,0,0.012572290375828743,0.488810658454895,0.48679909110069275,0.011817953549325466,0,0.046270390356679215,tagalog,submission,True,majority,3-0,0,0
t3_1vrwip9,0,0.012053778395056725,-4.40625,0,0.005877891555428505,0.4894450902938843,0.49146756529808044,0.013209455646574497,0,0.03553834644186387,taglish,submission,True,majority,3-0,0,0
t3_1vs9fes,0,0.007815889082849026,-4.84375,0,0.0642009750008583,0.47080716490745544,0.45405909419059753,0.01093277521431446,0,0.025863658157008633,tagalog,submission,True,majority,3-0,0,0
t3_1vs9ynp,0,0.013020490296185017,-4.328125,0,0.010505788028240204,0.4851534962654114,0.4911927580833435,0.013147961348295212,0,0.037599853652667665,english,submission,True,majority,3-0,0,0
t3_1vseiez,0,0.02460992895066738,-3.6796875,0,0.09114278852939606,0.44870296120643616,0.4449637830257416,0.01519046537578106,0,0.05971212886302601,taglish,submission,True,majority,3-0,0,0
t3_1vsem4e,0,0.012821215204894543,-4.34375,0,0.0672149583697319,0.4581977427005768,0.4619844853878021,0.012602804228663445,0,0.037178561446541046,taglish,submission,True,majority,3-0,0,0
t3_1vsgvwd,0,0.1204388216137886,-1.98828125,0,0.1360481232404709,0.4275798201560974,0.4238778352737427,0.012494215741753578,0,0.18399259253708342,taglish,submission,True,unanimous,3-0,0,0
t3_1vsgx0z,0,0.01590639352798462,-4.125,0,0.07310271263122559,0.45760399103164673,0.45760399103164673,0.011689313687384129,0,0.0435108819223144,taglish,submission,True,majority,3-0,0,0
t3_1vshgz3,0,0.013222821988165379,-4.3125,0,0.06928050518035889,0.457441121339798,0.4612373113632202,0.012041046284139156,0,0.03802573122811927,taglish,submission,True,unanimous,3-0,0,0
t3_1vsnpkz,0,0.01652955636382103,-4.0859375,0,0.06986691802740097,0.4581749141216278,0.4600760340690613,0.01188212912529707,0,0.0447451743035627,taglish,submission,True,unanimous,3-0,0,0
t3_1vspji0,0,0.013222821988165379,-4.3125,0,0.008447330445051193,0.4881800413131714,0.4901973009109497,0.013175313360989094,0,0.03802573122811927,tagalog,submission,True,adjudicator,2-1,0,0
t3_1vsq8gw,0,0.12896330654621124,-1.91015625,0,0.05830322578549385,0.4803787171840668,0.4484863579273224,0.012831692583858967,0,0.1929428716264323,tagalog,submission,True,adjudicator,2-1,0,0
t3_1vsqrbc,0,0.014503578655421734,-4.21875,0,0.008225245401263237,0.48794683814048767,0.4899715185165405,0.0138563746586442,0,0.04067986882402621,tagalog,submission,True,majority,3-0,0,0
t3_1vstabm,0,0.015424554236233234,-4.15625,0,0.009249354712665081,0.48927199840545654,0.48927199840545654,0.01220663171261549,0,0.042546914139551965,taglish,submission,True,adjudicator,3-0,0,0
t3_1vstsaf,0,0.014281933195888996,-4.234375,0,0.009007873944938183,0.4898267686367035,0.4898267686367035,0.011338582262396812,0,0.04022550864147266,taglish,submission,True,unanimous,3-0,0,0
t3_1vsvjqx,0,0.018404891714453697,-3.9765625,0,0.013211125507950783,0.4874841868877411,0.4834386706352234,0.0158659927546978,0,0.04838107837162765,english,submission,True,majority,3-0,0,0
t3_1vsw6tp,0,0.014281933195888996,-4.234375,0,0.07166431099176407,0.45827439427375793,0.45827439427375793,0.011786893010139465,0,0.04022550864147266,taglish,submission,True,unanimous,3-0,0,0
t3_1vt0ebr,0,0.01342825498431921,-4.296875,0,0.07080063968896866,0.45690011978149414,0.458788126707077,0.013511121273040771,0,0.03845623978795531,taglish,submission,True,majority,3-0,0,0
t3_1vt39b9,0,0.017045317217707634,-4.0546875,0,0.07720372080802917,0.4556902348995209,0.4556902348995209,0.011415793560445309,0,0.04575656697670378,english,submission,True,adjudicator,2-1,0,0
t3_1vt3fqa,0,0.27009502053260803,-0.994140625,0,0.11239832639694214,0.46142470836639404,0.4022676944732666,0.023909293115139008,0,0.3219632749937096,english,submission,True,majority,3-0,0,0
t3_1vt4p7d,0,0.014728614129126072,-4.203125,0,0.007725051138550043,0.4903673231601715,0.4903673231601715,0.011540280655026436,0,0.04113914117147127,taglish,submission,True,unanimous,3-0,0,0
t3_1vt61l7,0,0.015189048834145069,-4.171875,0,0.07095973193645477,0.45792677998542786,0.4598190486431122,0.01129442360252142,0,0.0420726151776803,tagalog,submission,True,majority,3-0,0,0
t3_1vt74o7,0,0.012821215204894543,-4.34375,0,0.007491815835237503,0.4895492196083069,0.4895492196083069,0.013409720733761787,0,0.037178561446541046,taglish,submission,True,unanimous,3-0,0,0
t3_1vt7zux,0,0.01640303246676922,-4.09375,0,0.009048914536833763,0.4920584559440613,0.48800861835479736,0.010884009301662445,0,0.04449567494372924,taglish,submission,True,majority,3-0,0,0
t3_1vtbxgt,0,0.03622005507349968,-3.28125,0,0.01875435560941696,0.48862701654434204,0.4805169999599457,0.012101627886295319,0,0.07884386479317726,taglish,submission,True,majority,3-0,0,0
t3_1vtdr0f,0,0.014281933195888996,-4.234375,0,0.06640578806400299,0.46104589104652405,0.46104589104652405,0.011502430774271488,0,0.04022550864147266,taglish,submission,True,unanimous,3-0,0,0
t3_1vtg4c1,0,0.048136770725250244,-2.984375,0,0.03705570846796036,0.47592639923095703,0.4718931317329407,0.01512477919459343,0,0.09658530418371278,english,submission,True,majority,3-0,0,0
t3_1vth25k,0,0.012241275049746037,-4.390625,0,0.006014043465256691,0.4896879494190216,0.4917031526565552,0.012594855390489101,0,0.03594174622161488,taglish,submission,True,majority,3-0,0,0
t3_1vthf6q,0,0.01615283451974392,-4.109375,0,0.009608090855181217,0.4874841868877411,0.4874841868877411,0.015423514880239964,0,0.04400065019258756,tagalog,submission,True,majority,3-0,0,0
