reddit_fullname,y_true,prob,margin,pred,prob_annotators,pred_tuned,prob_cal,language,record_type,natural,resolved_by,sarcasm_votes,sarcastic_adjudicated,sarcastic_majority
t1_p6sh89r,0,0.03358950838446617,-3.359375,0,0.27123481035232544,0,0.055994083777182506,tagalog,comment,True,majority,3-0,0,0
t1_p73gkte,0,0.3048688769340515,-0.82421875,0,0.7469931840896606,0,0.3333476864434016,english,comment,True,adjudicator,2-1,0,1
t3_1vcothy,0,0.06465348601341248,-2.671875,0,0.3672942519187927,0,0.09562843297621149,english,submission,True,majority,3-0,0,0
t1_p70ex41,0,0.12463856488466263,-1.94921875,0,0.5740945339202881,0,0.16258878022423237,tagalog,comment,True,adjudicator,2-1,0,1
t1_p70usoi,0,0.06325051933526993,-2.6953125,0,0.4520356059074402,0,0.0939375001242139,tagalog,comment,True,majority,3-0,0,0
t1_p2y3ith,0,0.7950222492218018,1.35546875,1,0.9266669154167175,1,0.7576445350860216,english,comment,True,majority,3-0,0,0
t1_p73kwvi,0,0.11757213622331619,-2.015625,0,0.6314927339553833,0,0.15512835610155784,tagalog,comment,True,adjudicator,2-1,0,0
t1_p6suxfn,0,0.07978201657533646,-2.4453125,0,0.41471171379089355,0,0.11342192123110725,english,comment,True,adjudicator,2-1,0,1
t1_p73fu3t,0,0.2881682813167572,-0.904296875,0,0.7679520845413208,0,0.31855508650029124,english,comment,True,majority,3-0,0,0
t1_p2yjhcw,0,0.053403329104185104,-2.875,0,0.41254767775535583,0,0.08184213044789841,english,comment,True,majority,3-0,0,0
t1_p7kchjb,0,0.5185843110084534,0.074371337890625,1,0.8596099615097046,0,0.5156295541590615,english,comment,True,adjudicator,2-1,0,1
t1_p70o6lv,0,0.18535661697387695,-1.48046875,0,0.6828466653823853,0,0.22358059963386126,english,comment,True,adjudicator,2-1,0,1
t1_p74icd1,0,0.49945068359375,-0.002197265625,0,0.8217706084251404,0,0.4995380819345559,english,comment,True,unanimous,3-0,0,0
t1_p509lsq,0,0.503562867641449,0.014251708984375,1,0.8346508741378784,0,0.5029960168914792,english,comment,True,adjudicator,2-1,0,1
t1_p74imhg,0,0.5633779764175415,0.2548828125,1,0.8629612326622009,0,0.5533783287850225,english,comment,True,unanimous,3-0,0,0
t1_p7jdn5e,1,0.3763938844203949,-0.5048828125,0,0.7205467224121094,0,0.39542749794344795,taglish,comment,True,adjudicator,2-1,1,1
t1_p75kryd,0,0.227469339966774,-1.22265625,0,0.5785452127456665,0,0.26344733537436604,tagalog,comment,True,unanimous,3-0,0,0
t1_p2ygis0,0,0.09877258539199829,-2.2109375,0,0.5790702700614929,0,0.13479989240990084,english,comment,True,majority,3-0,0,0
t1_p6sh65x,0,0.013222821988165379,-4.3125,0,0.0945427343249321,0,0.025922847475577663,english,comment,True,majority,3-0,0,0
t1_p5di3ga,0,0.9108630418777466,2.32421875,1,0.9646472930908203,1,0.8759285826897061,english,comment,True,adjudicator,2-1,0,0
t1_p73s4hr,0,0.04084571823477745,-3.15625,0,0.37860989570617676,0,0.06573802808399565,tagalog,comment,True,majority,3-0,0,0
t1_p7406iz,0,0.3350244164466858,-0.685546875,0,0.7949212789535522,0,0.3597443499422941,tagalog,comment,True,majority,3-0,0,0
t1_p2yn7fr,0,0.026963496580719948,-3.5859375,0,0.24209466576576233,0,0.046734892924253015,english,comment,True,adjudicator,2-1,0,0
t1_p7lxviy,0,0.38191089034080505,-0.4814453125,0,0.7352318167686462,0,0.40014868217036037,english,comment,True,unanimous,3-0,0,0
t1_p7j82r2,0,0.38722679018974304,-0.458984375,0,0.8552305698394775,0,0.4046906313834772,tagalog,comment,True,majority,3-0,0,0
t1_p74d4bz,0,0.7275885343551636,0.982421875,1,0.9166650176048279,1,0.6955328478942092,tagalog,comment,True,adjudicator,2-1,0,0
t1_p6sttnx,0,0.048136770725250244,-2.984375,0,0.37531375885009766,0,0.075191378804659,tagalog,comment,True,adjudicator,2-1,0,1
t1_p73w2yi,0,0.05223086103796959,-2.8984375,0,0.4223605990409851,0,0.08037330678263907,tagalog,comment,True,adjudicator,2-1,0,0
t1_p6zhr2y,0,0.6345432996749878,0.5517578125,1,0.9326712489128113,0,0.6139558233969736,english,comment,True,adjudicator,2-1,0,0
t1_p366kfm,0,0.023330770432949066,-3.734375,0,0.23282456398010254,0,0.041478270266798234,english,comment,True,majority,3-0,0,0
t1_p71oxr6,0,0.16940587759017944,-1.58984375,0,0.591772735118866,0,0.20802131796092557,taglish,comment,True,majority,3-0,0,0
t1_p74ks71,0,0.31615811586380005,-0.771484375,0,0.7463976740837097,0,0.3432738820656074,english,comment,True,adjudicator,2-1,0,0
t1_p6sm8hl,1,0.4373428225517273,-0.251953125,0,0.872233510017395,0,0.44723062261477414,tagalog,comment,True,majority,3-0,1,1
t1_p7jxc0e,0,0.08093671500682831,-2.4296875,0,0.3738386631011963,0,0.11474987130675574,tagalog,comment,True,majority,3-0,0,0
t1_p76ljcl,0,0.15152934193611145,-1.72265625,0,0.645301878452301,0,0.19022090010431073,tagalog,comment,True,majority,3-0,0,0
t1_p7k1qap,0,0.24544657766819,-1.123046875,0,0.6688251495361328,0,0.2800192567309227,english,comment,True,adjudicator,2-1,0,0
t1_p7jto0j,0,0.1761041283607483,-1.54296875,0,0.5451974272727966,0,0.2145899583562904,english,comment,True,adjudicator,2-1,0,1
t1_p7agod5,1,0.3376401960849762,-0.673828125,0,0.756537914276123,0,0.3620171871620289,english,comment,True,adjudicator,2-1,1,1
t1_p5doj8d,0,0.8418256044387817,1.671875,1,0.960045576095581,1,0.8031143010315942,tagalog,comment,True,adjudicator,2-1,0,1
t1_p7l6w1l,0,0.2885690927505493,-0.90234375,0,0.601688802242279,0,0.31891171593077855,english,comment,True,majority,3-0,0,0
t1_p70aroj,0,0.03514484316110611,-3.3125,0,0.3540591597557068,0,0.05811445288983362,taglish,comment,True,adjudicator,2-1,0,0
t1_p50v5jq,0,0.8524448275566101,1.75390625,1,0.938001811504364,1,0.8137939701985505,tagalog,comment,True,adjudicator,2-1,0,0
t1_p5djzu4,0,0.6614856719970703,0.669921875,1,0.920957088470459,1,0.6372238208390333,taglish,comment,True,majority,3-0,0,0
t1_p74tdv1,0,0.010489092208445072,-4.546875,0,0.11029419302940369,0,0.021384951384454207,english,comment,True,majority,3-0,0,0
t1_p366e1f,0,0.015663648024201393,-4.140625,0,0.1711718738079071,0,0.029833472898878933,english,comment,True,unanimous,3-0,0,0
t1_p36kq8s,0,0.02517884038388729,-3.65625,0,0.27960383892059326,0,0.04417028409644663,english,comment,True,majority,3-0,0,0
t1_p50p1fm,0,0.39466747641563416,-0.427734375,0,0.810452401638031,0,0.41103695786471256,tagalog,comment,True,adjudicator,2-1,0,1
t1_p7lxajf,0,0.2617081105709076,-1.037109375,0,0.7082168459892273,0,0.2948172002214576,tagalog,comment,True,adjudicator,2-1,0,1
t1_p7j7yau,0,0.2829881012439728,-0.9296875,0,0.7165908813476562,0,0.3139383451290525,english,comment,True,majority,3-0,0,0
t1_p71p767,0,0.09534946829080582,-2.25,0,0.5568109750747681,0,0.1310146708726509,english,comment,True,adjudicator,2-1,0,0
t1_p73yzem,0,0.05223086103796959,-2.8984375,0,0.3351852297782898,0,0.08037330678263907,tagalog,comment,True,majority,3-0,0,0
t1_p50sodh,0,0.31027624011039734,-0.798828125,0,0.7686551809310913,0,0.3381091912057552,english,comment,True,adjudicator,2-1,0,0
t1_p6sjt6u,0,0.01798621006309986,-4.0,0,0.20540425181388855,0,0.033453090433947306,tagalog,comment,True,adjudicator,2-1,0,0
t1_p4zydo6,0,0.1204388216137886,-1.98828125,0,0.5648919939994812,0,0.1581658875034747,tagalog,comment,True,adjudicator,3-0,0,0
t1_p5dsna8,0,0.6004226207733154,0.4072265625,1,0.878523051738739,0,0.5847819786100537,tagalog,comment,True,adjudicator,2-1,0,0
t1_p6sj50r,1,0.06560484319925308,-2.65625,0,0.45530447363853455,0,0.0967707950096937,english,comment,True,adjudicator,2-1,1,1
t1_p7jhogr,1,0.9284088015556335,2.5625,1,0.9657401442527771,1,0.8961161943043457,english,comment,True,adjudicator,2-1,1,1
t1_p741stj,0,0.21011726558208466,-1.32421875,0,0.5631284117698669,0,0.24721322446767902,english,comment,True,majority,3-0,0,0
t1_p748zp3,0,0.07751766592264175,-2.4765625,0,0.3990388810634613,0,0.11080619523891953,tagalog,comment,True,adjudicator,2-1,0,0
t1_p5dp0gj,0,0.08299414813518524,-2.40234375,0,0.511394739151001,0,0.11710635080669887,english,comment,True,unanimous,3-0,0,0
t1_p7l1f41,0,0.6913931965827942,0.806640625,1,0.9464948177337646,1,0.6633594396665103,tagalog,comment,True,adjudicator,2-1,0,1
t1_p50qjt7,1,0.8558511734008789,1.78125,1,0.953617513179779,1,0.8172531054193817,tagalog,comment,True,majority,3-0,1,1
t1_p7jnpjy,0,0.6636689305305481,0.6796875,1,0.9364852905273438,1,0.6391200104180582,tagalog,comment,True,adjudicator,2-1,0,0
t1_p72w3fr,1,0.07423137128353119,-2.5234375,0,0.5180619955062866,0,0.1069816745608312,tagalog,comment,True,majority,3-0,1,1
t1_p7jld1z,0,0.19993212819099426,-1.38671875,0,0.7800635099411011,0,0.23756303709851181,taglish,comment,True,majority,3-0,0,0
t1_p6xlqi1,0,0.26511871814727783,-1.01953125,0,0.641919732093811,0,0.2978995421460307,tagalog,comment,True,adjudicator,2-1,0,1
t1_p5dp75s,0,0.13386748731136322,-1.8671875,0,0.5116169452667236,0,0.17220052913063513,tagalog,comment,True,majority,3-0,0,0
t1_p5071iw,1,0.7676898241043091,1.1953125,1,0.9325129389762878,1,0.732066785375494,taglish,comment,True,majority,3-0,1,1
t3_1vcgov8,0,0.024053553119301796,-3.703125,0,0.26517629623413086,0,0.042535707114912724,taglish,submission,True,majority,3-0,0,0
t1_p7jr6b6,0,0.3652302324771881,-0.552734375,0,0.7539775371551514,0,0.3858495617378752,tagalog,comment,True,adjudicator,2-1,0,0
t1_p5jsuih,0,0.1427091360092163,-1.79296875,0,0.5575286746025085,0,0.1812797555920471,taglish,comment,True,majority,3-0,0,0
t1_p7k5lz8,0,0.013955711387097836,-4.2578125,0,0.18785063922405243,0,0.027109712297103704,english,comment,True,majority,3-0,0,0
t1_p7jbqlr,0,0.3607141971588135,-0.572265625,0,0.7727319002151489,0,0.38196499909126447,english,comment,True,unanimous,3-0,0,0
t1_p5jsjeg,1,0.9429286122322083,2.8046875,1,0.9690661430358887,1,0.9136036705323103,english,comment,True,majority,3-0,1,1
t1_p2zdssq,0,0.3015676736831665,-0.83984375,0,0.7746321558952332,0,0.3304342656370391,taglish,comment,True,adjudicator,2-1,0,0
t1_p7lqru7,0,0.08663207292556763,-2.35546875,0,0.45138782262802124,0,0.12124368024166646,english,comment,True,unanimous,3-0,0,0
t1_p36d5bg,0,0.010652512311935425,-4.53125,0,0.08203410357236862,0,0.02166165580193596,tagalog,comment,True,majority,3-0,0,0
t1_p50n4ib,0,0.16132023930549622,-1.6484375,0,0.6375733613967896,0,0.2000206690569741,taglish,comment,True,majority,3-0,0,0
t1_p50ksck,0,0.1919327974319458,-1.4375,0,0.6835359930992126,0,0.22991546495122409,english,comment,True,unanimous,3-0,0,0
t1_p6zchg8,0,0.013325147330760956,-4.3046875,0,0.07617077976465225,0,0.026089250695529986,english,comment,True,majority,3-0,0,0
t1_p6sqp3i,0,0.16079242527484894,-1.65234375,0,0.6124707460403442,0,0.1994955859299787,tagalog,comment,True,adjudicator,2-1,0,1
t1_p6xo7px,1,0.9008791446685791,2.20703125,1,0.9730651378631592,1,0.8648165509161719,tagalog,comment,True,adjudicator,2-1,1,1
t1_p7jh4g7,0,0.060086652636528015,-2.75,0,0.414667546749115,0,0.09009585153506532,taglish,comment,True,majority,3-0,0,0
t1_p7k8bzm,0,0.25201570987701416,-1.087890625,0,0.6344767808914185,0,0.28601793450620966,english,comment,True,adjudicator,2-1,0,0
t1_p353apj,0,0.10743748396635056,-2.1171875,0,0.35116657614707947,0,0.14426172649798638,tagalog,comment,True,adjudicator,2-1,0,0
t1_p5dlzfy,1,0.37387582659721375,-0.515625,0,0.7625882625579834,0,0.39327006408201154,taglish,comment,True,majority,3-0,1,1
t1_p6smqo5,0,0.016914913430809975,-4.0625,0,0.18212369084358215,0,0.03179478789921633,tagalog,comment,True,majority,3-0,0,0
t1_p5duwoh,0,0.9155072569847107,2.3828125,1,0.9473793506622314,1,0.8811848490793457,english,comment,True,adjudicator,2-1,0,1
t1_p745f2j,0,0.18417982757091522,-1.48828125,0,0.5015897750854492,0,0.22244225561305983,english,comment,True,unanimous,3-0,0,0
t1_p7kvo1j,0,0.0832919254899025,-2.3984375,0,0.4176785945892334,0,0.1174463967093081,taglish,comment,True,majority,3-0,0,0
t1_p50b9xo,0,0.4239349663257599,-0.306640625,0,0.8211821913719177,0,0.43589156082832603,tagalog,comment,True,adjudicator,2-1,0,0
t1_p6shvdw,0,0.016914913430809975,-4.0625,0,0.13823431730270386,0,0.03179478789921633,english,comment,True,majority,3-0,0,0
t1_p7j89c8,0,0.2512800693511963,-1.091796875,0,0.8180589079856873,0,0.2853476216242151,tagalog,comment,True,adjudicator,2-1,0,0
t1_p4sgfbg,1,0.4006321132183075,-0.40283203125,0,0.7463900446891785,0,0.4161155758804501,english,comment,True,adjudicator,2-1,1,1
t1_p50q53j,0,0.3345894515514374,-0.6875,0,0.785271406173706,0,0.3593661514313227,tagalog,comment,True,adjudicator,2-1,0,0
t1_p5juk2v,1,0.5926666259765625,0.375,1,0.9115098714828491,0,0.5781872189674183,taglish,comment,True,majority,3-0,1,1
t1_p7jf41u,0,0.028007520362734795,-3.546875,0,0.17625734210014343,0,0.048220255636800095,english,comment,True,majority,3-0,0,0
t1_p7k6u7t,0,0.010013570077717304,-4.59375,0,0.07175415754318237,0,0.02057542340372945,english,comment,True,unanimous,3-0,0,0
t1_p5djz3f,0,0.6520198583602905,0.6279296875,1,0.8688323497772217,1,0.6290220822959,tagalog,comment,True,majority,3-0,0,0
t1_p50dmkh,0,0.9376689791679382,2.7109375,1,0.9719590544700623,1,0.907174852678392,tagalog,comment,True,adjudicator,2-1,0,1
t1_p7lhsm7,0,0.3551037013530731,-0.5966796875,0,0.857496976852417,0,0.3771304847008345,tagalog,comment,True,adjudicator,2-1,0,0
t1_p5bp7be,1,0.029986508190631866,-3.4765625,0,0.31355947256088257,0,0.051007464718600584,english,comment,True,adjudicator,2-1,1,1
t1_p76n39g,1,0.3883860111236572,-0.4541015625,0,0.810257613658905,0,0.4056802042846639,tagalog,comment,True,majority,3-0,1,1
t1_p7jittj,0,0.8791467547416687,1.984375,1,0.953971266746521,1,0.8413962584125784,tagalog,comment,True,adjudicator,2-1,0,0
t1_p6svx3u,0,0.00806199200451374,-4.8125,0,0.06578405201435089,0,0.017177738851367554,english,comment,True,adjudicator,2-1,0,0
t1_p73y0kb,0,0.03622005507349968,-3.28125,0,0.3062237501144409,0,0.0595696506112937,taglish,comment,True,majority,3-0,0,0
t1_p79fdqy,0,0.007636216934770346,-4.8671875,0,0.09069707989692688,0,0.016418358418821107,taglish,comment,True,majority,3-0,0,0
t1_p50r45a,0,0.2254166156053543,-1.234375,0,0.701105535030365,0,0.26153965015243374,tagalog,comment,True,adjudicator,2-1,0,0
t1_p1u2q4t,0,0.1155608743429184,-2.03515625,0,0.5319759845733643,0,0.15298797151151708,english,comment,True,adjudicator,2-1,0,1
t1_p50ryro,0,0.030214587226510048,-3.46875,0,0.27196502685546875,0,0.051326405763110323,taglish,comment,True,majority,3-0,0,0
t1_p6y4ge5,0,0.5214712023735046,0.0859375,1,0.8697385191917419,0,0.5180582760001218,tagalog,comment,True,adjudicator,2-1,0,1
t1_p50vqnh,0,0.6542322635650635,0.6376953125,1,0.8971678018569946,1,0.6309363124810271,tagalog,comment,True,adjudicator,2-1,0,1
t1_p7jd6ix,0,0.10158944875001907,-2.1796875,0,0.49963030219078064,0,0.13789418470930148,english,comment,True,adjudicator,2-1,0,0
t1_p5jrav0,1,0.30404168367385864,-0.828125,0,0.7048478126525879,0,0.33261812594944823,english,comment,True,adjudicator,2-1,1,1
t1_p6stl31,0,0.39245325326919556,-0.43701171875,0,0.7397570013999939,0,0.4091496986369233,taglish,comment,True,adjudicator,2-1,0,0
t1_p7ira21,1,0.6584175229072571,0.65625,1,0.8746358156204224,1,0.6345619790256295,taglish,comment,True,adjudicator,2-1,1,1
t1_p5jrq9r,1,0.2934044897556305,-0.87890625,0,0.7683979272842407,0,0.3232077362173234,taglish,comment,True,majority,3-0,1,1
t1_p5djmbn,0,0.6566582322120667,0.6484375,1,0.9085559844970703,1,0.633037214308676,tagalog,comment,True,adjudicator,2-1,0,1
t1_p4sueon,0,0.43986761569976807,-0.24169921875,0,0.8548369407653809,0,0.4493631877765094,tagalog,comment,True,adjudicator,2-1,0,0
t1_p60v1iq,0,0.024798156693577766,-3.671875,0,0.134687602519989,0,0.0436188752354492,english,comment,True,unanimous,3-0,0,0
t1_p36isa7,0,0.012147169560194016,-4.3984375,0,0.10506674647331238,0,0.024159291283482317,tagalog,comment,True,adjudicator,3-0,0,0
t3_1vcntzj,0,0.005469274707138538,-5.203125,0,0.04084194451570511,0,0.01242810129841592,english,submission,True,unanimous,3-0,0,0
t1_p72ppsm,1,0.5186300277709961,0.074554443359375,1,0.8850610256195068,0,0.5156680096365974,taglish,comment,True,unanimous,3-0,1,1
t1_p2y2p0h,1,0.845432698726654,1.69921875,1,0.9222153425216675,1,0.8067247129352805,english,comment,True,majority,3-0,1,1
t1_p611uon,0,0.7098243832588196,0.89453125,1,0.9084901809692383,1,0.6796596473048421,tagalog,comment,True,adjudicator,3-0,0,0
t1_p61129t,0,0.027376487851142883,-3.5703125,0,0.14723388850688934,0,0.04732374382445862,english,comment,True,majority,3-0,0,0
t1_p50rwi1,0,0.05146276578307152,-2.9140625,0,0.46186691522598267,0,0.07940749650451889,tagalog,comment,True,majority,3-0,0,0
t1_p5jtb3b,0,0.44414275884628296,-0.224365234375,0,0.7767288088798523,0,0.4529724347942945,tagalog,comment,True,adjudicator,2-1,0,0
t1_p60wphy,0,0.6486889719963074,0.61328125,1,0.8846709132194519,1,0.6261431396351911,tagalog,comment,True,adjudicator,2-1,0,0
t1_p73fep1,0,0.15152934193611145,-1.72265625,0,0.6108753681182861,0,0.19022090010431073,tagalog,comment,True,majority,3-0,0,0
t1_p7lhp6k,0,0.021287353709340096,-3.828125,0,0.22859084606170654,0,0.03845485393141624,english,comment,True,majority,3-0,0,0
t1_p50ew3x,0,0.3293917179107666,-0.7109375,0,0.7593109011650085,0,0.3548415038737958,english,comment,True,adjudicator,2-1,0,0
t1_p73e15r,0,0.2254166156053543,-1.234375,0,0.6826698780059814,0,0.26153965015243374,tagalog,comment,True,adjudicator,2-1,0,1
t1_p50kt3d,0,0.30033501982688904,-0.845703125,0,0.7972515821456909,0,0.32934506340029895,tagalog,comment,True,adjudicator,2-1,0,0
t1_p73bm74,0,0.8019358515739441,1.3984375,1,0.9401551485061646,1,0.7642172145990046,english,comment,True,adjudicator,2-1,0,0
t1_p507wrw,0,0.08694165199995041,-2.3515625,0,0.47203660011291504,0,0.12159408530065946,tagalog,comment,True,adjudicator,2-1,0,0
t1_p738pzh,0,0.2458084672689438,-1.12109375,0,0.7515584230422974,0,0.2803504932079257,tagalog,comment,True,adjudicator,2-1,0,0
t1_p4scjh5,0,0.5508489608764648,0.2041015625,1,0.8840490579605103,0,0.5428020538920412,tagalog,comment,True,adjudicator,2-1,0,1
t1_p4zrz8r,0,0.02931223064661026,-3.5,0,0.318550169467926,0,0.05006185869555274,tagalog,comment,True,adjudicator,2-1,0,0
t1_p4zl8xa,0,0.010013570077717304,-4.59375,0,0.11401660740375519,0,0.02057542340372945,taglish,comment,True,majority,3-0,0,0
t1_p707f7g,1,0.2233770787715912,-1.24609375,0,0.7051801681518555,0,0.25964090938466616,tagalog,comment,True,adjudicator,2-1,1,0
t1_p4z1tkc,0,0.011072159744799137,-4.4921875,0,0.12286804616451263,0,0.02236882201306741,taglish,comment,True,majority,3-0,0,0
t1_p50iisz,0,0.048496000468730927,-2.9765625,0,0.3862167000770569,0,0.075649483347887,tagalog,comment,True,adjudicator,2-1,0,0
t1_p30tp6e,0,0.048136770725250244,-2.984375,0,0.270638644695282,0,0.075191378804659,taglish,comment,True,unanimous,3-0,0,0
t1_p610h1i,0,0.05184547230601311,-2.90625,0,0.24676978588104248,0,0.0798890688687606,english,comment,True,majority,3-0,0,0
t1_p4m3z47,0,0.6804540753364563,0.755859375,1,0.915094256401062,1,0.6537580314676651,tagalog,comment,True,adjudicator,2-1,0,0
t1_p7mmg33,0,0.07369627058506012,-2.53125,0,0.4518699645996094,0,0.10635566515150054,tagalog,comment,True,adjudicator,2-1,0,0
t1_p50gt9l,0,0.038756195455789566,-3.2109375,0,0.3053489625453949,0,0.06296947149315199,tagalog,comment,True,adjudicator,2-1,0,1
t1_p4zt80n,0,0.05707139894366264,-2.8046875,0,0.41812485456466675,0,0.0863963294676897,tagalog,comment,True,adjudicator,2-1,0,0
t1_p739c9z,0,0.526251494884491,0.1051025390625,1,0.8039520978927612,0,0.5220807160894033,tagalog,comment,True,adjudicator,2-1,0,0
t1_p5ilrui,0,0.20946967601776123,-1.328125,0,0.5009069442749023,0,0.24660244368699952,english,comment,True,adjudicator,2-1,0,0
t1_p6zfskh,0,0.19682621955871582,-1.40625,0,0.6620514392852783,0,0.23460108686359873,tagalog,comment,True,majority,3-0,0,0
t1_p4m4zyh,0,0.5065761208534241,0.02630615234375,1,0.832649827003479,0,0.505529961806197,tagalog,comment,True,adjudicator,2-1,0,1
t1_p50v909,1,0.4440825283527374,-0.224609375,0,0.8546404242515564,0,0.4529215650746335,english,comment,True,unanimous,3-0,1,1
t1_p4zgyfn,0,0.049958519637584686,-2.9453125,0,0.40136629343032837,0,0.07750762990702463,english,comment,True,unanimous,3-0,0,0
t1_p4tn78u,1,0.6183196306228638,0.482421875,1,0.84454745054245,0,0.6000484111559341,taglish,comment,True,unanimous,3-0,1,1
t1_p50llx6,0,0.1705079972743988,-1.58203125,0,0.6391687393188477,0,0.20910570956366484,english,comment,True,adjudicator,2-1,0,0
t1_p50op1z,1,0.8643104434013367,1.8515625,1,0.9383761882781982,1,0.8259184638910217,english,comment,True,majority,3-0,1,1
t1_p5jlmdj,0,0.010328153148293495,-4.5625,0,0.0917738527059555,0,0.02111170529540571,tagalog,comment,True,majority,3-0,0,0
t1_p5dgexb,0,0.8816148638725281,2.0078125,1,0.9617089033126831,1,0.8440086694047163,tagalog,comment,True,adjudicator,2-1,0,1
t1_p65rtbt,0,0.01578456163406372,-4.1328125,0,0.1091335341334343,0,0.03002420534165782,tagalog,comment,True,majority,3-0,0,0
t3_1vcj2r5,0,0.008985428139567375,-4.703125,0,0.08695059269666672,0,0.018801447917032525,taglish,submission,True,majority,3-0,0,0
t1_p50w8eg,0,0.03676946833729744,-3.265625,0,0.3091772794723511,0,0.060309985838197355,english,comment,True,majority,3-0,0,0
t1_p7d9jhk,0,0.00934002548456192,-4.6640625,0,0.07767455279827118,0,0.019417093009770316,english,comment,True,unanimous,3-0,0,0
t1_p5dt72r,1,0.1550784707069397,-1.6953125,0,0.5537123680114746,0,0.19378796144086155,english,comment,True,majority,3-0,1,1
t1_p76yxop,0,0.12085322290658951,-1.984375,0,0.6665810346603394,0,0.15860374158742158,tagalog,comment,True,adjudicator,2-1,0,0
t1_p7jf2m0,0,0.5614553093910217,0.2470703125,1,0.8883696794509888,0,0.5517541073820088,taglish,comment,True,majority,3-0,0,0
t1_p34ute8,0,0.024053553119301796,-3.703125,0,0.17198380827903748,0,0.042535707114912724,taglish,comment,True,majority,3-0,0,0
t1_p768hxr,0,0.011597361415624619,-4.4453125,0,0.17139744758605957,0,0.023247235422007094,taglish,comment,True,majority,3-0,0,0
t1_p4mdque,0,0.356894850730896,-0.5888671875,0,0.6863701343536377,0,0.37867492236409656,tagalog,comment,True,adjudicator,2-1,0,0
t3_1vm2q5q,0,0.015072628855705261,-4.1796875,0,0.13423191010951996,0,0.028897295206111586,english,submission,True,majority,3-0,0,0
t1_p73fbil,0,0.048136770725250244,-2.984375,0,0.3451739251613617,0,0.075191378804659,tagalog,comment,True,majority,3-0,0,0
t1_p4m3b7r,1,0.2995148301124573,-0.849609375,0,0.7116944193840027,0,0.32861994479280077,taglish,comment,True,majority,3-0,1,1
t1_p4umtjg,0,0.14608725905418396,-1.765625,0,0.5516343116760254,0,0.18471739681209612,tagalog,comment,True,adjudicator,2-1,0,1
t1_p7kf0zf,0,0.09467770159244537,-2.2578125,0,0.4090127944946289,0,0.13026854539471952,english,comment,True,adjudicator,2-1,0,0
t1_p4zhotf,0,0.029760092496871948,-3.484375,0,0.3027838468551636,0,0.050690399667758256,taglish,comment,True,unanimous,3-0,0,0
t1_p5jsgnt,0,0.02822098508477211,-3.5390625,0,0.35561227798461914,0,0.04852265983786787,taglish,comment,True,unanimous,3-0,0,0
t1_p4m43mt,0,0.9353464841842651,2.671875,1,0.9756827354431152,1,0.9043715670237885,tagalog,comment,True,adjudicator,3-0,0,1
t3_1vcmaxo,0,0.015424554236233234,-4.15625,0,0.1528441309928894,0,0.02945552511264557,taglish,submission,True,majority,3-0,0,0
t1_p2y2euo,0,0.009196552447974682,-4.6796875,0,0.16492953896522522,0,0.019168498708617598,english,comment,True,unanimous,3-0,0,0
t1_p4m4zri,0,0.8762113451957703,1.95703125,1,0.9481290578842163,1,0.838303700240912,english,comment,True,adjudicator,2-1,0,0
t1_p50itq4,0,0.1919327974319458,-1.4375,0,0.5682703852653503,0,0.22991546495122409,tagalog,comment,True,unanimous,3-0,0,0
t1_p7jejv3,1,0.1859472095966339,-1.4765625,0,0.5931047797203064,0,0.2241513249602597,taglish,comment,True,majority,3-0,1,1
t1_p7jd1kk,0,0.7453983426094055,1.07421875,1,0.9005765914916992,1,0.711628555395146,tagalog,comment,True,majority,3-0,0,0
t1_p4zto6n,1,0.3490888178348541,-0.623046875,0,0.7708121538162231,0,0.37193655875171794,english,comment,True,adjudicator,2-1,1,0
t1_p7jeyp8,0,0.4208376109600067,-0.3193359375,0,0.8248583078384399,0,0.4332683952220778,taglish,comment,True,unanimous,3-0,0,0
t1_p7lq2ix,0,0.07477004826068878,-2.515625,0,0.4427803158760071,0,0.10761092495793974,taglish,comment,True,adjudicator,2-1,0,1
t3_1vp4x7l,0,0.018124721944332123,-3.9921875,0,0.10830104351043701,0,0.03366616091893619,english,submission,True,unanimous,3-0,0,0
t1_p5js06a,0,0.055005285888910294,-2.84375,0,0.4688323736190796,0,0.08383858826257104,tagalog,comment,True,adjudicator,2-1,0,0
t1_p4z4z43,0,0.014392335899174213,-4.2265625,0,0.15858113765716553,0,0.027811469078793918,taglish,comment,True,unanimous,3-0,0,0
t1_p2xx8ji,0,0.010735162533819675,-4.5234375,0,0.1291230171918869,0,0.02180131790775033,taglish,comment,True,majority,3-0,0,0
t1_p6lm5t5,0,0.29380956292152405,-0.876953125,0,0.7130199670791626,0,0.323567101149661,tagalog,comment,True,majority,3-0,0,0
t1_p4tc197,0,0.022457052022218704,-3.7734375,0,0.23981520533561707,0,0.04019181586191524,english,comment,True,majority,3-0,0,0
t1_p7k3j0t,0,0.009196552447974682,-4.6796875,0,0.051374711096286774,0,0.019168498708617598,english,comment,True,unanimous,3-0,0,0
t1_p4zt4bk,1,0.8300437331199646,1.5859375,1,0.9175719022750854,1,0.7914370052802898,tagalog,comment,True,majority,3-0,1,1
t1_p7n8dj9,0,0.1795305460691452,-1.51953125,0,0.46666377782821655,0,0.21793033393763256,english,comment,True,majority,3-0,0,0
t1_p50w45t,0,0.9029524326324463,2.23046875,1,0.9666900634765625,1,0.8671041290867533,tagalog,comment,True,adjudicator,2-1,0,1
t1_p74k6xw,1,0.039048291742801666,-3.203125,0,0.2506152391433716,0,0.06335821525989799,english,comment,True,adjudicator,2-1,1,1
t1_p5jq22u,0,0.04177388176321983,-3.1328125,0,0.38057494163513184,0,0.06695886576872014,tagalog,comment,True,adjudicator,2-1,0,0
t1_p74i4w9,0,0.0446808747947216,-3.0625,0,0.3791058659553528,0,0.070748685184305,english,comment,True,adjudicator,2-1,0,1
t1_p50mdyc,0,0.7371581792831421,1.03125,1,0.9246066808700562,1,0.7041574153430866,tagalog,comment,True,adjudicator,2-1,0,1
t1_p4z3639,0,0.021948251873254776,-3.796875,0,0.19983790814876556,0,0.039438383929628555,english,comment,True,majority,3-0,0,0
t1_p50jgzq,0,0.048136770725250244,-2.984375,0,0.32404571771621704,0,0.075191378804659,taglish,comment,True,majority,3-0,0,0
t1_p50gkon,0,0.18892180919647217,-1.45703125,0,0.6590179800987244,0,0.22702047391851843,tagalog,comment,True,adjudicator,3-0,0,0
t1_p50v2bg,0,0.2762998044490814,-0.962890625,0,0.7250851988792419,0,0.30795628705909284,tagalog,comment,True,adjudicator,2-1,0,1
t1_p73s7dd,0,0.03760863468050957,-3.2421875,0,0.2767569422721863,0,0.06143664689412177,english,comment,True,majority,3-0,0,0
t1_p6xmib9,0,0.707808792591095,0.884765625,1,0.9024810791015625,1,0.6778691055954066,tagalog,comment,True,adjudicator,2-1,0,1
t1_p7jojit,0,0.031143829226493835,-3.4375,0,0.26157933473587036,0,0.05262112549111433,english,comment,True,adjudicator,2-1,0,0
t1_p4v8t5x,0,0.7070003151893616,0.880859375,1,0.9038786888122559,1,0.677151420085711,tagalog,comment,True,adjudicator,2-1,0,1
t1_p6553bn,0,0.010248602367937565,-4.5703125,0,0.0679064616560936,0,0.020976366204918696,english,comment,True,majority,3-0,0,0
t1_p4scwb1,0,0.03934250399470329,-3.1953125,0,0.4164244532585144,0,0.06374919567270816,tagalog,comment,True,adjudicator,2-1,0,1
t1_p5elx5s,0,0.04240382835268974,-3.1171875,0,0.2734068036079407,0,0.06778441541859084,english,comment,True,unanimous,3-0,0,0
t1_p4sf400,1,0.8757869601249695,1.953125,1,0.9582263827323914,1,0.8378579552361419,tagalog,comment,True,majority,3-0,1,1
t1_p50h9yy,0,0.027376487851142883,-3.5703125,0,0.3107750415802002,0,0.04732374382445862,english,comment,True,adjudicator,2-1,0,1
t1_p50jbsw,0,0.007232763804495335,-4.921875,0,0.12028248608112335,0,0.015692012109965205,english,comment,True,majority,3-0,0,0
t1_p4z3fcl,0,0.008644177578389645,-4.7421875,0,0.07876093685626984,0,0.018204960286484224,english,comment,True,majority,3-0,0,0
t1_p4se1p7,0,0.24944725632667542,-1.1015625,0,0.6848992109298706,0,0.2836759754761239,english,comment,True,adjudicator,2-1,0,1
t1_p4v51mm,0,0.11596072465181351,-2.03125,0,0.5447906255722046,0,0.15341410368103472,tagalog,comment,True,adjudicator,2-1,0,0
t1_p4zikgp,0,0.018978038802742958,-3.9453125,0,0.2289666384458542,0,0.03497234548426502,taglish,comment,True,unanimous,3-0,0,0
t1_p4z0a0q,0,0.011072159744799137,-4.4921875,0,0.12217162549495697,0,0.02236882201306741,tagalog,comment,True,adjudicator,2-1,0,1
t1_p60wvga,0,0.00857748556882143,-4.75,0,0.055262576788663864,0,0.018087910909674893,english,comment,True,majority,3-0,0,0
t1_p60wol7,0,0.06418264657258987,-2.6796875,0,0.3698459565639496,0,0.09506178579807578,taglish,comment,True,majority,3-0,0,0
t1_p7k6gri,0,0.21403354406356812,-1.30078125,0,0.5961992144584656,0,0.25089919979349234,taglish,comment,True,majority,3-0,0,0
t1_p5bj0bc,0,0.018124721944332123,-3.9921875,0,0.14242975413799286,0,0.03366616091893619,tagalog,comment,True,adjudicator,3-0,0,0
t1_p5bhjgk,0,0.03934250399470329,-3.1953125,0,0.4070777893066406,0,0.06374919567270816,tagalog,comment,True,adjudicator,2-1,0,0
t1_p5i5naj,0,0.08819004148244858,-2.3359375,0,0.4596270024776459,0,0.12300444079362667,tagalog,comment,True,adjudicator,2-1,0,0
t1_p50g6um,0,0.02595735713839531,-3.625,0,0.37529265880584717,0,0.04529310752740868,tagalog,comment,True,adjudicator,2-1,0,0
t1_p5doxl4,0,0.14175598323345184,-1.80078125,0,0.6102945804595947,0,0.18030676773724175,tagalog,comment,True,adjudicator,2-1,0,1
t1_p7lqeaf,0,0.10818895697593689,-2.109375,0,0.3954446315765381,0,0.14507463036998777,english,comment,True,majority,3-0,0,0
t1_p4y7pqs,0,0.5711687207221985,0.28662109375,1,0.8375636339187622,0,0.5599646643229821,tagalog,comment,True,adjudicator,2-1,0,1
t1_p4yjp1i,0,0.7476159334182739,1.0859375,1,0.892768144607544,1,0.7136465553414505,english,comment,True,adjudicator,2-1,0,0
t1_p516bxq,0,0.09467770159244537,-2.2578125,0,0.415566086769104,0,0.13026854539471952,english,comment,True,adjudicator,2-1,0,1
t1_p7je9bc,0,0.024053553119301796,-3.703125,0,0.20481401681900024,0,0.042535707114912724,tagalog,comment,True,unanimous,3-0,0,0
t1_p4z32up,0,0.006388320587575436,-5.046875,0,0.05941507965326309,0,0.014148472488418828,english,comment,True,majority,3-0,0,0
t1_p7lpea6,0,0.014503578655421734,-4.21875,0,0.12128781527280807,0,0.027989647326089936,taglish,comment,True,adjudicator,2-1,0,0
t1_p50radr,0,0.5966681838035583,0.3916015625,1,0.8656293749809265,0,0.5815881581421972,taglish,comment,True,adjudicator,2-1,0,1
t1_p4z02s4,0,0.011687257327139378,-4.4375,0,0.12668368220329285,0,0.023396875968229796,tagalog,comment,True,majority,3-0,0,0
t1_p4zi704,0,0.7892336845397949,1.3203125,1,0.9118026494979858,1,0.752174979596038,tagalog,comment,True,unanimous,3-0,0,0
t1_p5020gl,0,0.024798156693577766,-3.671875,0,0.20213273167610168,0,0.0436188752354492,taglish,comment,True,unanimous,3-0,0,0
t1_p50hxp5,0,0.11676401644945145,-2.0234375,0,0.673682451248169,0,0.1542692831254795,tagalog,comment,True,adjudicator,2-1,0,1
t1_p50n4tb,0,0.03210070729255676,-3.40625,0,0.250411719083786,0,0.05394664760681953,english,comment,True,unanimous,3-0,0,0
t1_p5dk107,0,0.16451646387577057,-1.625,0,0.671449601650238,0,0.2031929271899292,english,comment,True,adjudicator,2-1,0,1
t1_p304m44,0,0.008315778337419033,-4.78125,0,0.08375342935323715,0,0.01762705663183804,english,comment,True,majority,3-0,0,0
t1_p4ypkig,0,0.016277462244033813,-4.1015625,0,0.1746828556060791,0,0.03079901777926179,taglish,comment,True,majority,3-0,0,0
t1_p7kpw1f,1,0.8386797904968262,1.6484375,1,0.933363139629364,1,0.7999793309430259,english,comment,True,adjudicator,2-1,1,1
t1_p4yswdj,0,0.008916127495467663,-4.7109375,0,0.08104260265827179,0,0.01868063637507292,english,comment,True,majority,3-0,0,0
t1_p63ee9o,0,0.0060975621454417706,-5.09375,0,0.049661338329315186,0,0.013609072138913528,english,comment,True,majority,3-0,0,0
t1_p4yc8o8,0,0.46976348757743835,-0.12109375,0,0.7926263809204102,0,0.4745651485371693,taglish,comment,True,adjudicator,3-0,0,0
t1_p61l0ev,0,0.2133771777153015,-1.3046875,0,0.5677355527877808,0,0.2502823399867457,taglish,comment,True,majority,3-0,0,0
t1_p501pg2,0,0.048496000468730927,-2.9765625,0,0.3690658509731293,0,0.075649483347887,taglish,comment,True,majority,3-0,0,0
t1_p4z9rj0,0,0.502227783203125,0.0089111328125,1,0.7675597071647644,0,0.5018733261438515,english,comment,True,unanimous,3-0,0,0
t1_p32iari,0,0.016914913430809975,-4.0625,0,0.09252123534679413,0,0.03179478789921633,taglish,comment,True,unanimous,3-0,0,0
t1_p4yxoxp,0,0.014063626527786255,-4.25,0,0.16389083862304688,0,0.027283520810115005,english,comment,True,majority,3-0,0,0
t1_p4ia7lv,0,0.5836780667304993,0.337890625,1,0.8938554525375366,0,0.5705587050568299,tagalog,comment,True,adjudicator,2-1,0,1
t1_p72oz2i,0,0.3289604187011719,-0.712890625,0,0.8556183576583862,0,0.35446560610400885,tagalog,comment,True,adjudicator,2-1,0,0
t1_p7js6r2,1,0.5235421657562256,0.09423828125,1,0.871924102306366,0,0.5198007973632323,tagalog,comment,True,adjudicator,2-1,1,0
t1_p7cooxk,0,0.0061929901130497456,-5.078125,0,0.07401405274868011,0,0.013786580238336728,taglish,comment,True,majority,3-0,0,0
t1_p50se9s,0,0.007345826830714941,-4.90625,0,0.08064201474189758,0,0.01589625091975806,taglish,comment,True,unanimous,3-0,0,0
t1_p28b6yb,0,0.014063626527786255,-4.25,0,0.13931867480278015,0,0.027283520810115005,tagalog,comment,True,unanimous,3-0,0,0
t1_p50pdhv,1,0.1535491645336151,-1.70703125,0,0.6648390889167786,0,0.19225303399039378,taglish,comment,True,unanimous,3-0,1,1
t1_p71ve5a,0,0.04922211542725563,-2.9609375,0,0.47516822814941406,0,0.0765733878908812,taglish,comment,True,majority,3-0,0,0
t1_p5dvm25,0,0.01652955636382103,-4.0859375,0,0.2140062153339386,0,0.03119365004704844,taglish,comment,True,majority,3-0,0,0
t1_p4z09le,0,0.007577240467071533,-4.875,0,0.09924627840518951,0,0.01631260519841396,english,comment,True,majority,3-0,0,0
t1_p7lysbj,0,0.7627776861190796,1.16796875,1,0.9017879366874695,1,0.7275327783830543,tagalog,comment,True,adjudicator,2-1,0,0
t1_p7n6xo2,1,0.724090576171875,0.96484375,1,0.8944824934005737,1,0.6923936243365999,taglish,comment,True,unanimous,3-0,1,1
t1_p7jcfb9,1,0.6627964973449707,0.67578125,1,0.9164588451385498,1,0.6383620511480745,taglish,comment,True,majority,3-0,1,1
t1_p7j7rdz,0,0.04569203034043312,-3.0390625,0,0.21735885739326477,0,0.07205540021105102,taglish,comment,True,majority,3-0,0,0
t1_p6zdb79,1,0.954308032989502,3.0390625,1,0.9764758944511414,1,0.927944599788949,taglish,comment,True,unanimous,3-0,1,1
t1_p7jd8i9,0,0.1233656257390976,-1.9609375,0,0.48207733035087585,0,0.16125154431637595,english,comment,True,adjudicator,2-1,0,1
t1_p4m1zph,0,0.7013041377067566,0.853515625,1,0.9091161489486694,1,0.672104357876892,taglish,comment,True,adjudicator,2-1,0,0
t1_p5de435,0,0.9683812260627747,3.421875,1,0.9850963354110718,1,0.9467200034426174,tagalog,comment,True,adjudicator,2-1,0,1
t1_p7khhh3,1,0.7325918078422546,1.0078125,1,0.8992171287536621,1,0.7000352910169716,taglish,comment,True,majority,3-0,1,1
t1_p6m9ljp,0,0.014063626527786255,-4.25,0,0.19924400746822357,0,0.027283520810115005,tagalog,comment,True,majority,3-0,0,0
t1_p4mgnl4,1,0.7772998809814453,1.25,1,0.9323389530181885,1,0.7409900115406807,taglish,comment,True,majority,3-0,1,1
t1_p7j87d0,0,0.6614856719970703,0.669921875,1,0.9133633375167847,1,0.6372238208390333,tagalog,comment,True,adjudicator,2-1,0,0
t1_p7j6ws1,0,0.519094705581665,0.076416015625,1,0.7948834300041199,0,0.5160589630472384,english,comment,True,unanimous,3-0,0,0
t1_p4zbezh,0,0.8233283758163452,1.5390625,1,0.9390852451324463,1,0.7848559069617633,tagalog,comment,True,adjudicator,2-1,0,1
t1_p7jgdmg,0,0.034358687698841095,-3.3359375,0,0.24196963012218475,0,0.057045013240281016,english,comment,True,adjudicator,2-1,0,1
t1_p29egm9,0,0.007577240467071533,-4.875,0,0.06271137297153473,0,0.01631260519841396,taglish,comment,True,majority,3-0,0,0
t1_p2ryc9v,0,0.008380454033613205,-4.7734375,0,0.06757590174674988,0,0.01774117764008002,english,comment,True,majority,3-0,0,0
t1_p2sc7o8,0,0.05541279539465904,-2.8359375,0,0.3470829427242279,0,0.08434457122479798,taglish,comment,True,unanimous,3-0,0,0
t1_p4y6b6j,0,0.5035552382469177,0.01422119140625,1,0.812839686870575,0,0.5029896015908206,taglish,comment,True,majority,3-0,0,0
t1_p73epc3,0,0.3302551507949829,-0.70703125,0,0.7578252553939819,0,0.35559383685717416,tagalog,comment,True,adjudicator,2-1,0,1
t1_p7kmj02,0,0.10856642574071884,-2.10546875,0,0.5210617184638977,0,0.1454825066374427,tagalog,comment,True,adjudicator,2-1,0,1
t1_p60wrjg,0,0.10052486509084702,-2.19140625,0,0.3049704134464264,0,0.1367268916926645,taglish,comment,True,unanimous,3-0,0,0
t1_p5dte8v,0,0.005641908384859562,-5.171875,0,0.053090669214725494,0,0.012754795204657238,tagalog,comment,True,adjudicator,3-0,0,0
t1_p6lm0zu,0,0.09568693488836288,-2.24609375,0,0.6059566736221313,0,0.13138909274827607,english,comment,True,majority,3-0,0,0
t1_p7jt1vc,0,0.3890821933746338,-0.451171875,0,0.8116616010665894,0,0.40627431654860496,tagalog,comment,True,adjudicator,2-1,0,1
t1_p7j8vmt,1,0.7943849563598633,1.3515625,1,0.9326450228691101,1,0.7570408809850417,english,comment,True,adjudicator,2-1,1,1
t1_p2ut9hv,0,0.052618954330682755,-2.890625,0,0.3718828856945038,0,0.080860221902256,tagalog,comment,True,majority,3-0,0,0
t1_p5065ft,1,0.04569203034043312,-3.0390625,0,0.3782734274864197,0,0.07205540021105102,english,comment,True,adjudicator,2-1,1,1
t1_p4yftgm,1,0.5096119046211243,0.0384521484375,1,0.8270963430404663,0,0.5080828642341553,taglish,comment,True,majority,3-0,1,1
t1_p51mv74,0,0.14608725905418396,-1.765625,0,0.4719303250312805,0,0.18471739681209612,tagalog,comment,True,majority,3-0,0,0
t1_p7jho9v,0,0.6783269047737122,0.74609375,1,0.9051182270050049,1,0.6518968635768587,english,comment,True,adjudicator,2-1,0,0
t1_p51cw83,0,0.06512754410505295,-2.6640625,0,0.4454541802406311,0,0.09619809878202396,english,comment,True,adjudicator,2-1,0,1
t1_p6skahu,0,0.04778006672859192,-2.9921875,0,0.30846595764160156,0,0.07473582407575964,english,comment,True,adjudicator,2-1,0,1
t1_p50jkb1,0,0.08945459872484207,-2.3203125,0,0.536467432975769,0,0.1244288375966548,tagalog,comment,True,adjudicator,2-1,0,1
t1_p5jtn8m,0,0.04742587357759476,-3.0,0,0.23245327174663544,0,0.07428280768046332,taglish,comment,True,majority,3-0,0,0
t1_p63488q,0,0.04401864856481552,-3.078125,0,0.17778289318084717,0,0.06988974017591595,taglish,comment,True,majority,3-0,0,0
t1_p36drc4,0,0.025371311232447624,-3.6484375,0,0.26246926188468933,0,0.04444847579365131,tagalog,comment,True,adjudicator,2-1,0,1
t1_p4zu0we,0,0.006388320587575436,-5.046875,0,0.09481446444988251,0,0.014148472488418828,taglish,comment,True,unanimous,3-0,0,0
t3_1vsmir2,0,0.01971912942826748,-3.90625,0,0.15077070891857147,0,0.03609801897942113,taglish,submission,True,majority,3-0,0,0
t1_p7jbge5,0,0.2613309323787689,-1.0390625,0,0.7450255751609802,0,0.29447586536189835,tagalog,comment,True,unanimous,3-0,0,0
t1_p6siz6q,1,0.2440025359392166,-1.130859375,0,0.6934472322463989,0,0.2786967052768023,tagalog,comment,True,majority,3-0,1,1
t1_p3ulruj,0,0.008251599036157131,-4.7890625,0,0.09492310881614685,0,0.01751365662386752,taglish,comment,True,majority,3-0,0,0
t1_p7lugnm,0,0.010570489801466465,-4.5390625,0,0.09896528720855713,0,0.021522868704366187,tagalog,comment,True,majority,3-0,0,0
t1_p7jd4a0,0,0.014392335899174213,-4.2265625,0,0.125946044921875,0,0.027811469078793918,english,comment,True,majority,3-0,0,0
t1_p7f2wrm,0,0.07316472381353378,-2.5390625,0,0.36007845401763916,0,0.10573288515955764,english,comment,True,unanimous,3-0,0,0
t1_p60wcj6,0,0.04177388176321983,-3.1328125,0,0.16838686168193817,0,0.06695886576872014,taglish,comment,True,majority,3-0,0,0
t1_p4mhhr3,1,0.8895288109779358,2.0859375,1,0.951444149017334,1,0.852463823981373,taglish,comment,True,adjudicator,2-1,1,1
t1_p6ydczp,0,0.5720056891441345,0.2900390625,1,0.8694738149642944,0,0.5606727464324446,english,comment,True,adjudicator,2-1,0,1
t1_p2xgw6d,0,0.19253934919834137,-1.43359375,0,0.5512694120407104,0,0.23049756038339744,tagalog,comment,True,adjudicator,2-1,0,1
t1_p4ipf36,0,0.6557770371437073,0.64453125,1,0.8954681158065796,1,0.6322738299867816,tagalog,comment,True,adjudicator,2-1,0,1
t1_p5182no,0,0.06465348601341248,-2.671875,0,0.3748016059398651,0,0.09562843297621149,tagalog,comment,True,adjudicator,3-0,0,0
t1_p4yhmga,1,0.16451646387577057,-1.625,0,0.5750800371170044,0,0.2031929271899292,taglish,comment,True,adjudicator,2-1,1,0
t1_p4y4mmo,1,0.9089417457580566,2.30078125,1,0.9677038192749023,1,0.8737707899426032,taglish,comment,True,majority,3-0,1,1
t1_p1yzayp,0,0.00941259041428566,-4.65625,0,0.060094885528087616,0,0.019542572519662214,taglish,comment,True,majority,3-0,0,0
t1_p5i56tk,0,0.6888871788978577,0.794921875,1,0.8859195709228516,1,0.6611553192909186,tagalog,comment,True,adjudicator,2-1,0,0
t1_p68ipp5,0,0.006003595422953367,-5.109375,0,0.07750814408063889,0,0.0134338183998672,english,comment,True,majority,3-0,0,0
t1_p1uhh3a,0,0.01578456163406372,-4.1328125,0,0.09320156276226044,0,0.03002420534165782,tagalog,comment,True,unanimous,3-0,0,0
t1_p4ya7k6,0,0.9149009585380554,2.375,1,0.9659101963043213,1,0.8804953102407375,tagalog,comment,True,adjudicator,2-1,0,1
t1_p6nahxx,0,0.020177319645881653,-3.8828125,0,0.2813856601715088,0,0.03679008062135442,tagalog,comment,True,adjudicator,2-1,0,0
t1_p4miyx0,0,0.07004895806312561,-2.5859375,0,0.38693928718566895,0,0.10206337267427243,english,comment,True,unanimous,3-0,0,0
t1_p50c8qw,0,0.06097517907619476,-2.734375,0,0.4509029984474182,0,0.09117878556342017,tagalog,comment,True,adjudicator,2-1,0,0
t1_p7lj52x,0,0.013636835850775242,-4.28125,0,0.08486539125442505,0,0.02659472113960708,english,comment,True,adjudicator,2-1,0,0
t1_p4mh4i5,0,0.9053223133087158,2.2578125,1,0.9582754969596863,1,0.8697314546052805,tagalog,comment,True,adjudicator,2-1,0,1
t1_p4yzuj7,1,0.9645892381668091,3.3046875,1,0.9813847541809082,1,0.9415249055044088,taglish,comment,True,majority,3-0,1,1
t1_p4iruyk,1,0.048136770725250244,-2.984375,0,0.29596197605133057,0,0.075191378804659,english,comment,True,adjudicator,2-1,1,1
t1_p68ikpy,0,0.01384861022233963,-4.265625,0,0.13140112161636353,0,0.0269369803615878,english,comment,True,unanimous,3-0,0,0
t1_p37lo72,0,0.08064661920070648,-2.43359375,0,0.5754427909851074,0,0.11441662056822417,tagalog,comment,True,adjudicator,2-1,0,0
t1_p50o5dc,0,0.04535258188843727,-3.046875,0,0.29361364245414734,0,0.07161737379523879,english,comment,True,adjudicator,2-1,0,0
t1_p72ev2h,0,0.42155182361602783,-0.31640625,0,0.7798374891281128,0,0.4338734147959455,tagalog,comment,True,adjudicator,2-1,0,1
t1_p6laorf,0,0.4927716851234436,-0.0289154052734375,0,0.8764594793319702,0,0.4939215843066239,tagalog,comment,True,adjudicator,2-1,0,0
t1_p7looyf,0,0.30777397751808167,-0.810546875,0,0.6725351214408875,0,0.33590742437303667,english,comment,True,majority,3-0,0,0
t1_p4jcsse,1,0.06705629080533981,-2.6328125,0,0.3936168849468231,0,0.09850718407611837,taglish,comment,True,adjudicator,2-1,1,0
t1_p5iaaih,0,0.021948251873254776,-3.796875,0,0.11585330218076706,0,0.039438383929628555,taglish,comment,True,majority,3-0,0,0
t1_p7k59rz,0,0.009936419315636158,-4.6015625,0,0.05530890077352524,0,0.020443450413612715,english,comment,True,majority,3-0,0,0
t1_p7jaarx,0,0.0832919254899025,-2.3984375,0,0.36636555194854736,0,0.1174463967093081,english,comment,True,adjudicator,2-1,0,1
t1_p4ycanw,1,0.6379335522651672,0.56640625,1,0.8856279850006104,0,0.6168711905912126,taglish,comment,True,unanimous,3-0,1,1
t1_p51cnw4,0,0.017045317217707634,-4.0546875,0,0.1067185029387474,0,0.031997645931048715,english,comment,True,majority,3-0,0,0
t1_p4yzlq1,0,0.06371499598026276,-2.6875,0,0.46321558952331543,0,0.0944981454485099,tagalog,comment,True,adjudicator,2-1,0,1
t1_p4z3ety,0,0.006003595422953367,-5.109375,0,0.08639563620090485,0,0.0134338183998672,taglish,comment,True,unanimous,3-0,0,0
t1_p5dukg6,0,0.8338664174079895,1.61328125,1,0.9534728527069092,1,0.7952069470230297,taglish,comment,True,adjudicator,2-1,0,0
t1_p4znly8,1,0.18359361588954926,-1.4921875,0,0.6328665614128113,0,0.22187463740581917,taglish,comment,True,majority,3-0,1,1
t1_p4z1v5i,0,0.018546564504504204,-3.96875,0,0.14928053319454193,0,0.034313259320089835,tagalog,comment,True,adjudicator,2-1,0,1
t1_p31mhxn,0,0.007345826830714941,-4.90625,0,0.08051817119121552,0,0.01589625091975806,taglish,comment,True,majority,3-0,0,0
t1_p7n8hmm,0,0.034358687698841095,-3.3359375,0,0.25555258989334106,0,0.057045013240281016,tagalog,comment,True,majority,3-0,0,0
t1_p5dwl9a,0,0.02460992895066738,-3.6796875,0,0.2335154265165329,0,0.04334564026622953,tagalog,comment,True,unanimous,3-0,0,0
t1_p4zd3tm,0,0.2798284888267517,-0.9453125,0,0.5659914016723633,0,0.31111539375898245,english,comment,True,majority,3-0,0,0
t1_p5desr2,0,0.026963496580719948,-3.5859375,0,0.17991000413894653,0,0.046734892924253015,english,comment,True,adjudicator,2-1,0,1
t1_p37e5bx,0,0.09170696139335632,-2.29296875,0,0.5952925682067871,0,0.12695557699628907,tagalog,comment,True,adjudicator,2-1,0,1
t1_p31sz14,0,0.02080449089407921,-3.8515625,0,0.1445995569229126,0,0.03773270286167332,english,comment,True,adjudicator,2-1,0,0
t1_p4zw98l,0,0.005060331430286169,-5.28125,0,0.06134449690580368,0,0.01164708164113099,english,comment,True,majority,3-0,0,0
t1_p6me1mc,0,0.00985985528677702,-4.609375,0,0.11217229813337326,0,0.020312306357168908,tagalog,comment,True,majority,3-0,0,0
t1_p6cmkfn,0,0.017309095710515976,-4.0390625,0,0.21328943967819214,0,0.03240712286344921,taglish,comment,True,unanimous,3-0,0,0
t1_p28p235,0,0.010818448849022388,-4.515625,0,0.07938338071107864,0,0.021941860280556204,taglish,comment,True,majority,3-0,0,0
t1_p4ypp6r,1,0.7772998809814453,1.25,1,0.9153605699539185,1,0.7409900115406807,tagalog,comment,True,unanimous,3-0,1,1
t1_p4za2mn,0,0.9304582476615906,2.59375,1,0.9710334539413452,1,0.8985371269014739,taglish,comment,True,unanimous,3-0,0,0
t1_p4zviu8,1,0.03185885399580002,-3.4140625,0,0.27061647176742554,0,0.05361234459346564,tagalog,comment,True,majority,3-0,1,1
t1_p7jyy5t,1,0.01784873940050602,-4.0078125,0,0.10011400282382965,0,0.03324132206746834,english,comment,True,adjudicator,2-1,1,1
t1_p5dmm72,0,0.03817827254533768,-3.2265625,0,0.25127846002578735,0,0.06219865064292488,english,comment,True,unanimous,3-0,0,0
t1_p73kpvf,0,0.011777843348681927,-4.4296875,0,0.10564472526311874,0,0.023547456517061346,taglish,comment,True,unanimous,3-0,0,0
t1_p312bfo,0,0.012431650422513485,-4.375,0,0.11026996374130249,0,0.024628314993182833,taglish,comment,True,unanimous,3-0,0,0
t1_p7jn47v,0,0.35801631212234497,-0.583984375,0,0.6969355344772339,0,0.3796414488628161,english,comment,True,adjudicator,2-1,0,0
t1_p4zunn4,0,0.024423090741038322,-3.6875,0,0.2585323452949524,0,0.04307403979326143,tagalog,comment,True,adjudicator,2-1,0,1
t1_p4zupvg,0,0.16184942424297333,-1.64453125,0,0.7134581804275513,0,0.20054678799297365,taglish,comment,True,majority,3-0,0,0
t1_p7jfemr,0,0.014503578655421734,-4.21875,0,0.10299970209598541,0,0.027989647326089936,english,comment,True,unanimous,3-0,0,0
t1_p2tp7nu,0,0.03161877021193504,-3.421875,0,0.2878949046134949,0,0.053279996557382615,taglish,comment,True,unanimous,3-0,0,0
t1_p32i7o6,0,0.007345826830714941,-4.90625,0,0.06887128204107285,0,0.01589625091975806,tagalog,comment,True,adjudicator,3-0,0,0
t1_p507slc,0,0.14223189651966095,-1.796875,0,0.5351464748382568,0,0.18079275156817987,tagalog,comment,True,adjudicator,2-1,0,1
t1_p2s6ikw,0,0.004755199886858463,-5.34375,0,0.03436226397752762,0,0.011057358287132758,taglish,comment,True,unanimous,3-0,0,0
t1_p2tsyqk,0,0.4509637653827667,-0.19677734375,0,0.8533269762992859,0,0.4587267884030661,tagalog,comment,True,adjudicator,2-1,0,0
t1_p4jegbz,0,0.103748619556427,-2.15625,0,0.5661702156066895,0,0.14025388386676102,taglish,comment,True,unanimous,3-0,0,0
t1_p4kmw14,0,0.5099016427993774,0.03961181640625,1,0.8619741201400757,0,0.5083265887433623,taglish,comment,True,adjudicator,2-1,0,0
t1_p3054pd,0,0.0055549247190356255,-5.1875,0,0.04002045840024948,0,0.012590402179978123,taglish,comment,True,majority,3-0,0,0
t1_p50treq,0,0.19744443893432617,-1.40234375,0,0.7003914713859558,0,0.23519142219410022,tagalog,comment,True,adjudicator,2-1,0,1
t1_p4muhyr,0,0.5337620377540588,0.13525390625,1,0.876825213432312,0,0.5284030204551363,taglish,comment,True,adjudicator,2-1,0,0
t1_p4iapcw,0,0.7130321860313416,0.91015625,1,0.9169129133224487,1,0.6825135257006403,tagalog,comment,True,majority,3-0,0,0
t1_p7kwk5y,0,0.08663207292556763,-2.35546875,0,0.4498172700405121,0,0.12124368024166646,tagalog,comment,True,adjudicator,2-1,0,0
t1_p36xz46,0,0.03760863468050957,-3.2421875,0,0.3452572524547577,0,0.06143664689412177,tagalog,comment,True,adjudicator,2-1,0,0
t1_p7jgv6p,0,0.5688949227333069,0.27734375,1,0.8293956518173218,0,0.558041504700613,taglish,comment,True,majority,3-0,0,0
t1_p4y89vc,1,0.8914335370063782,2.10546875,1,0.9470054507255554,1,0.8545174933625573,tagalog,comment,True,adjudicator,2-1,1,0
t1_p1yy84t,0,0.01640303246676922,-4.09375,0,0.157253697514534,0,0.030995725959648893,taglish,comment,True,adjudicator,2-1,0,0
t1_p74owa0,1,0.6206215620040894,0.4921875,1,0.8291541934013367,0,0.6020175537160062,english,comment,True,majority,3-0,1,1
t1_p278bc4,0,0.016914913430809975,-4.0625,0,0.0863075852394104,0,0.03179478789921633,taglish,comment,True,majority,3-0,0,0
t1_p74g1w3,0,0.01615283451974392,-4.109375,0,0.1269361972808838,0,0.030603518541486997,taglish,comment,True,unanimous,3-0,0,0
t1_p7ejdu7,0,0.012722708284854889,-4.3515625,0,0.09958036988973618,0,0.025106209971435336,taglish,comment,True,unanimous,3-0,0,0
t1_p7jfu60,1,0.6495786309242249,0.6171875,1,0.7883020639419556,1,0.6269117411115279,english,comment,True,adjudicator,2-1,1,1
t1_p74kayp,1,0.7655933499336243,1.18359375,1,0.9264845848083496,1,0.7301295079075639,taglish,comment,True,majority,3-0,1,1
t1_p7k77i3,0,0.14903530478477478,-1.7421875,0,0.552182674407959,0,0.1877038975909775,taglish,comment,True,majority,3-0,0,0
t1_p7jpgad,0,0.007232763804495335,-4.921875,0,0.0535588376224041,0,0.015692012109965205,taglish,comment,True,majority,3-0,0,0
t1_p4mdflr,0,0.8000679016113281,1.38671875,1,0.9507162570953369,1,0.7624369629014882,tagalog,comment,True,adjudicator,2-1,0,0
t1_p7ji71n,0,0.00985985528677702,-4.609375,0,0.10415341705083847,0,0.020312306357168908,tagalog,comment,True,unanimous,3-0,0,0
t1_p276i3e,0,0.037892427295446396,-3.234375,0,0.29897329211235046,0,0.06181655200234296,tagalog,comment,True,adjudicator,2-1,0,1
t1_p32jczf,0,0.009633651934564114,-4.6328125,0,0.07400289177894592,0,0.01992379810463855,english,comment,True,unanimous,3-0,0,0
t1_p6xm4jf,1,0.9224823713302612,2.4765625,1,0.9619943499565125,1,0.8891938047610805,taglish,comment,True,unanimous,3-0,1,1
t1_p7cjrcg,0,0.0071214293129742146,-4.9375,0,0.10004021972417831,0,0.015490356103967403,taglish,comment,True,unanimous,3-0,0,0
t1_p7jixbi,0,0.86200350522995,1.83203125,1,0.9284242391586304,1,0.8235444483964426,taglish,comment,True,adjudicator,2-1,0,0
t1_p6nfs0s,0,0.006589771714061499,-5.015625,0,0.0765586644411087,0,0.014519724407489786,tagalog,comment,True,majority,3-0,0,0
t1_p1vinv1,0,0.16940587759017944,-1.58984375,0,0.651216447353363,0,0.20802131796092557,tagalog,comment,True,adjudicator,2-1,0,0
t1_p4m3bg0,1,0.9591543078422546,3.15625,1,0.9787592887878418,1,0.9342619719160044,taglish,comment,True,majority,3-0,1,1
t1_p2s9wdn,1,0.007011795416474342,-4.953125,0,0.07316389679908752,0,0.015291251294740764,taglish,comment,True,majority,3-0,1,1
t1_p4z6ph3,0,0.006003595422953367,-5.109375,0,0.05439726263284683,0,0.0134338183998672,tagalog,comment,True,adjudicator,2-1,0,0
t1_p7475ev,0,0.035678550601005554,-3.296875,0,0.2511577606201172,0,0.058837834333510926,english,comment,True,adjudicator,2-1,0,0
t1_p50gb5c,0,0.020023442804813385,-3.890625,0,0.2085881233215332,0,0.036557987065038516,taglish,comment,True,adjudicator,2-1,0,1
t1_p7ib28w,0,0.004198795650154352,-5.46875,0,0.04408466815948486,0,0.009965089496645825,taglish,comment,True,unanimous,3-0,0,0
t1_p6ld5z6,0,0.017176708206534386,-4.046875,0,0.2938809394836426,0,0.03220175519683031,taglish,comment,True,majority,3-0,0,0
t1_p680obn,0,0.01615283451974392,-4.109375,0,0.21453604102134705,0,0.030603518541486997,taglish,comment,True,unanimous,3-0,0,0
t1_p680c7h,0,0.008445627056062222,-4.765625,0,0.08388644456863403,0,0.017856024060526225,english,comment,True,majority,3-0,0,0
t1_p4ikob1,0,0.31573596596717834,-0.7734375,0,0.6582615375518799,0,0.3429037252775255,english,comment,True,unanimous,3-0,0,0
t1_p7fb8kj,0,0.10521054267883301,-2.140625,0,0.505246639251709,0,0.1418457224173207,english,comment,True,adjudicator,2-1,0,1
t1_p4y4sbu,0,0.11797800660133362,-2.01171875,0,0.499991774559021,0,0.15555935516334,taglish,comment,True,adjudicator,2-1,0,0
t1_p4y6zrk,0,0.7728736996650696,1.224609375,1,0.9088959693908691,1,0.7368712320494758,tagalog,comment,True,adjudicator,2-1,0,0
t1_p36xpo1,0,0.7641884088516235,1.17578125,1,0.9377743601799011,1,0.7288330949956919,tagalog,comment,True,adjudicator,2-1,0,1
t1_p7jb3i0,0,0.15765489637851715,-1.67578125,0,0.6316844820976257,0,0.196366825476096,tagalog,comment,True,adjudicator,2-1,0,0
t1_p33o7er,0,0.01640303246676922,-4.09375,0,0.11211375892162323,0,0.030995725959648893,english,comment,True,unanimous,3-0,0,0
t1_p73ihnb,0,0.6329566240310669,0.544921875,1,0.885154664516449,0,0.6125925024863169,tagalog,comment,True,adjudicator,2-1,0,1
t1_p655yaa,0,0.4134771525859833,-0.349609375,0,0.7576031684875488,0,0.42702848809638055,taglish,comment,True,majority,3-0,0,0
t1_p7jadkr,0,0.3526475131511688,-0.607421875,0,0.7556918859481812,0,0.3750109562824099,tagalog,comment,True,adjudicator,2-1,0,0
t1_p5docdc,0,0.22000709176063538,-1.265625,0,0.6126801371574402,0,0.25649629565943816,english,comment,True,adjudicator,2-1,0,0
t1_p6xz8jj,0,0.5588086247444153,0.236328125,1,0.8397400379180908,0,0.5495190058917431,taglish,comment,True,majority,3-0,0,0
t1_p317i7v,0,0.272024542093277,-0.984375,0,0.558326780796051,0,0.3041194629972772,taglish,comment,True,adjudicator,2-1,0,0
t1_p73dvo3,0,0.06656918674707413,-2.640625,0,0.3147965669631958,0,0.09792532587823569,taglish,comment,True,adjudicator,3-0,0,0
t1_p5eo8sk,0,0.46462827920913696,-0.1417236328125,0,0.8043457865715027,0,0.4702414887921652,english,comment,True,unanimous,3-0,0,0
t1_p2rvvzl,0,0.0071214293129742146,-4.9375,0,0.05904685705900192,0,0.015490356103967403,english,comment,True,majority,3-0,0,0
t1_p74obof,0,0.36658975481987,-0.546875,0,0.7925081253051758,0,0.387017796227549,tagalog,comment,True,adjudicator,2-1,0,1
t1_p277m26,0,0.11879339814186096,-2.00390625,0,0.4707950949668884,0,0.15642428338056064,taglish,comment,True,majority,3-0,0,0
t1_p17edm7,0,0.01578456163406372,-4.1328125,0,0.18130914866924286,0,0.03002420534165782,english,comment,True,majority,3-0,0,0
t1_p75kvur,0,0.19682621955871582,-1.40625,0,0.6141139268875122,0,0.23460108686359873,tagalog,comment,True,majority,3-0,0,0
t1_p7jt3eb,0,0.022457052022218704,-3.7734375,0,0.2372804582118988,0,0.04019181586191524,tagalog,comment,True,adjudicator,2-1,0,0
t1_p5dv1l4,0,0.5859306454658508,0.34716796875,1,0.8275110721588135,0,0.5724691261162521,tagalog,comment,True,adjudicator,2-1,0,1
t1_p5065ar,0,0.200557678937912,-1.3828125,0,0.6522879004478455,0,0.23815850656489274,tagalog,comment,True,adjudicator,2-1,0,1
t1_p6xqjnv,0,0.5905430912971497,0.3662109375,1,0.8442856073379517,0,0.5763836932860908,tagalog,comment,True,adjudicator,2-1,0,0
t1_p5di5ul,1,0.8344069123268127,1.6171875,1,0.9486076831817627,1,0.7957413595234948,taglish,comment,True,majority,3-0,1,1
t1_p36xy0e,0,0.1561048924922943,-1.6875,0,0.6559157967567444,0,0.19481640762833852,tagalog,comment,True,unanimous,3-0,0,0
t1_p6yhyp7,0,0.5729617476463318,0.2939453125,1,0.807919442653656,0,0.5614816806250957,taglish,comment,True,majority,3-0,0,0
t1_p7jiwsr,0,0.16026602685451508,-1.65625,0,0.6048649549484253,0,0.198971538380438,tagalog,comment,True,adjudicator,2-1,0,1
t1_p7322uy,0,0.12294380366802216,-1.96484375,0,0.5494983196258545,0,0.16080777753548653,tagalog,comment,True,majority,3-0,0,0
t1_p73cr3q,1,0.06656918674707413,-2.640625,0,0.4061930179595947,0,0.09792532587823569,tagalog,comment,True,adjudicator,2-1,1,1
t1_p5dg4v8,1,0.9738444089889526,3.6171875,1,0.9869407415390015,1,0.9544219662592119,taglish,comment,True,majority,3-0,1,1
t1_p7ed8q3,0,0.006692850962281227,-5.0,0,0.04784083366394043,0,0.01470893335437296,taglish,comment,True,majority,3-0,0,0
t1_p7k1aqi,0,0.7759445905685425,1.2421875,1,0.8969568610191345,1,0.7397271726544362,english,comment,True,adjudicator,2-1,0,0
t1_p73qlse,0,0.053403329104185104,-2.875,0,0.243092879652977,0,0.08184213044789841,english,comment,True,majority,3-0,0,0
t1_p7jkq5e,0,0.9086179733276367,2.296875,1,0.9606318473815918,1,0.873408051936423,tagalog,comment,True,adjudicator,2-1,0,1
t1_p5doazr,0,0.200557678937912,-1.3828125,0,0.5967137813568115,0,0.23815850656489274,tagalog,comment,True,adjudicator,2-1,0,0
t1_p6y60qh,0,0.017442483454942703,-4.03125,0,0.12555330991744995,0,0.032613756131792807,english,comment,True,adjudicator,2-1,0,0
t1_p4zui84,1,0.7853085398674011,1.296875,1,0.9300350546836853,1,0.7484829301023576,taglish,comment,True,majority,3-0,1,1
t1_p4ywiff,0,0.024237634614109993,-3.6953125,0,0.22305375337600708,0,0.0428040650023887,tagalog,comment,True,majority,3-0,0,0
t1_p50d3r5,0,0.00628990214318037,-5.0625,0,0.0438668429851532,0,0.013966370858226168,tagalog,comment,True,majority,3-0,0,0
t1_p17bhzz,0,0.017309095710515976,-4.0390625,0,0.17675165832042694,0,0.03240712286344921,english,comment,True,majority,3-0,0,0
t1_p71shsl,1,0.20946967601776123,-1.328125,0,0.5976430773735046,0,0.24660244368699952,tagalog,comment,True,adjudicator,2-1,1,0
t1_p30fosl,0,0.055005285888910294,-2.84375,0,0.392874538898468,0,0.08383858826257104,english,comment,True,unanimous,3-0,0,0
t1_p737g6f,0,0.3879221975803375,-0.4560546875,0,0.7232767939567566,0,0.405284282695423,tagalog,comment,True,adjudicator,2-1,0,0
t1_p3se9am,0,0.018404891714453697,-3.9765625,0,0.19638626277446747,0,0.03409623790401811,taglish,comment,True,majority,3-0,0,0
t1_p3np19k,1,0.02822098508477211,-3.5390625,0,0.2940189838409424,0,0.04852265983786787,tagalog,comment,True,unanimous,3-0,1,1
t1_p2towhz,0,0.026963496580719948,-3.5859375,0,0.18184451758861542,0,0.046734892924253015,taglish,comment,True,unanimous,3-0,0,0
t1_p4mlqt4,0,0.7322090864181519,1.005859375,1,0.8737587928771973,1,0.6996903020203783,tagalog,comment,True,adjudicator,2-1,0,1
t1_p4jl4bt,0,0.008315778337419033,-4.78125,0,0.06575609743595123,0,0.01762705663183804,taglish,comment,True,majority,3-0,0,0
t1_p4zvuh3,0,0.10856642574071884,-2.10546875,0,0.5305038690567017,0,0.1454825066374427,tagalog,comment,True,adjudicator,2-1,0,1
t1_p50fgcb,0,0.013020490296185017,-4.328125,0,0.12111120671033859,0,0.025593134839435212,taglish,comment,True,majority,3-0,0,0
t1_p3o4gee,1,0.2802222669124603,-0.943359375,0,0.5864717364311218,0,0.3114675011734978,taglish,comment,True,majority,3-0,1,1
t1_p4zwdzp,0,0.00628990214318037,-5.0625,0,0.0910549908876419,0,0.013966370858226168,taglish,comment,True,unanimous,3-0,0,0
t1_p5eahze,1,0.4176277220249176,-0.33251953125,0,0.6934130191802979,0,0.4305482935092786,english,comment,True,adjudicator,2-1,1,1
t1_p517grh,1,0.7772998809814453,1.25,1,0.9141216278076172,1,0.7409900115406807,english,comment,True,majority,3-0,1,1
t1_p7j8y6f,0,0.8198933005332947,1.515625,1,0.9071745872497559,1,0.7815093051374316,english,comment,True,unanimous,3-0,0,0
t1_p73a36h,0,0.1233656257390976,-1.9609375,0,0.4197007119655609,0,0.16125154431637595,english,comment,True,unanimous,3-0,0,0
t1_p4z5dct,0,0.6415346264839172,0.58203125,1,0.8429887294769287,1,0.619971672548552,english,comment,True,adjudicator,2-1,0,0
t1_p4z06d5,0,0.0029349515680223703,-5.828125,0,0.03574036806821823,0,0.007385311835089149,taglish,comment,True,unanimous,3-0,0,0
t1_p4yjgy2,0,0.13568955659866333,-1.8515625,0,0.4548468589782715,0,0.17408153610897822,english,comment,True,adjudicator,3-0,0,0
t1_p718k7g,0,0.02178117074072361,-3.8046875,0,0.19627586007118225,0,0.0391902630746408,taglish,comment,True,majority,3-0,0,0
t1_p7m969u,0,0.0037654140032827854,-5.578125,0,0.02738332375884056,0,0.00909742046494949,taglish,comment,True,majority,3-0,0,0
t1_p4zgrzx,0,0.05033063143491745,-2.9375,0,0.24834251403808594,0,0.07797865635503685,taglish,comment,True,majority,3-0,0,0
t1_p3nkskg,0,0.021948251873254776,-3.796875,0,0.27454710006713867,0,0.039438383929628555,tagalog,comment,True,adjudicator,2-1,0,0
t1_p4ig2a4,0,0.029986508190631866,-3.4765625,0,0.1702195703983307,0,0.051007464718600584,taglish,comment,True,unanimous,3-0,0,0
t1_p4zn9cu,0,0.005220125894993544,-5.25,0,0.06147829815745354,0,0.011953493608238107,taglish,comment,True,majority,3-0,0,0
t1_p4zuxhw,0,0.037892427295446396,-3.234375,0,0.3497196137905121,0,0.06181655200234296,tagalog,comment,True,majority,3-0,0,0
t1_p2z7y4g,0,0.04603390395641327,-3.03125,0,0.3671608865261078,0,0.07249589648211088,english,comment,True,majority,3-0,0,0
t1_p36yiuf,0,0.11676401644945145,-2.0234375,0,0.6487687230110168,0,0.1542692831254795,taglish,comment,True,majority,3-0,0,0
t1_p6xxfkg,0,0.8610715270042419,1.82421875,1,0.9408484697341919,1,0.8225877447628515,tagalog,comment,True,adjudicator,2-1,0,1
t1_p4yyoqr,0,0.006388320587575436,-5.046875,0,0.0561523362994194,0,0.014148472488418828,taglish,comment,True,majority,3-0,0,0
t1_p4z97j9,0,0.007460643537342548,-4.890625,0,0.07420896738767624,0,0.0161031045036028,taglish,comment,True,unanimous,3-0,0,0
t1_p2zp7lo,0,0.7142295837402344,0.916015625,1,0.9077482223510742,1,0.683580217696005,tagalog,comment,True,adjudicator,2-1,0,1
t1_p5i7ibd,0,0.04146227613091469,-3.140625,0,0.3976205289363861,0,0.06654959936265734,taglish,comment,True,unanimous,3-0,0,0
t1_p4yxti0,0,0.007232763804495335,-4.921875,0,0.07646448910236359,0,0.015692012109965205,english,comment,True,majority,3-0,0,0
t1_p56to2j,0,0.011869121342897415,-4.421875,0,0.12424254417419434,0,0.02369898267355779,tagalog,comment,True,unanimous,3-0,0,0
t1_p56u2xe,0,0.020645931363105774,-3.859375,0,0.27885863184928894,0,0.03749489417168912,english,comment,True,unanimous,3-0,0,0
t1_p6mn8bp,0,0.008779109455645084,-4.7265625,0,0.11086912453174591,0,0.018441293502847105,taglish,comment,True,majority,3-0,0,0
t1_p4yefdo,1,0.9314625263214111,2.609375,1,0.9707023501396179,1,0.8997287291006163,taglish,comment,True,adjudicator,2-1,1,1
t1_p6m3zfv,0,0.010986942797899246,-4.5,0,0.1283705234527588,0,0.022225607003580512,taglish,comment,True,majority,3-0,0,0
t1_p56tbpd,0,0.011244560591876507,-4.4765625,0,0.11954081058502197,0,0.02265796219044205,taglish,comment,True,majority,3-0,0,0
t1_p70od11,0,0.055005285888910294,-2.84375,0,0.39964908361434937,0,0.08383858826257104,english,comment,True,adjudicator,2-1,0,0
t1_p4z92s5,0,0.0064882696606218815,-5.03125,0,0.05999460816383362,0,0.014332913951778192,taglish,comment,True,majority,3-0,0,0
t1_p7k7iip,0,0.45992499589920044,-0.16064453125,0,0.760722815990448,0,0.46627990900683036,english,comment,True,majority,3-0,0,0
t1_p4wpt88,0,0.012431650422513485,-4.375,0,0.07001438736915588,0,0.024628314993182833,taglish,comment,True,majority,3-0,0,0
t1_p4ywkvg,0,0.005301895085722208,-5.234375,0,0.0761069729924202,0,0.012109672500050959,taglish,comment,True,unanimous,3-0,0,0
t1_p4z2nd8,0,0.07263670861721039,-2.546875,0,0.36127397418022156,0,0.10511332299502439,taglish,comment,True,majority,3-0,0,0
t1_p5bgmzx,0,0.08694165199995041,-2.3515625,0,0.3386002779006958,0,0.12159408530065946,english,comment,True,unanimous,3-0,0,0
t1_p56j1wj,0,0.32809871435165405,-0.716796875,0,0.6374015808105469,0,0.353714349900496,tagalog,comment,True,adjudicator,2-1,0,1
t1_p7e64pt,0,0.04208773002028465,-3.125,0,0.3545897603034973,0,0.06737046742531698,english,comment,True,majority,3-0,0,0
t1_p6xwjvq,0,0.011687257327139378,-4.4375,0,0.07423930615186691,0,0.023396875968229796,taglish,comment,True,majority,3-0,0,0
t1_p5dmcxb,0,0.9196425676345825,2.4375,1,0.945419192314148,1,0.8859157870843384,english,comment,True,adjudicator,2-1,0,1
t1_p4v5v3r,0,0.0427221953868866,-3.109375,0,0.23665505647659302,0,0.06820072085959658,english,comment,True,majority,3-0,0,0
t1_p31cvso,0,0.012241275049746037,-4.390625,0,0.09062400460243225,0,0.024314656513778996,english,comment,True,majority,3-0,0,0
t1_p5dfgzq,1,0.7126322984695435,0.908203125,1,0.8915189504623413,1,0.6821575346053755,taglish,comment,True,unanimous,3-0,1,1
t1_p752rqj,0,0.8807970285415649,2.0,1,0.9561209082603455,1,0.8431417855037733,tagalog,comment,True,adjudicator,2-1,0,0
t1_p4yuuic,0,0.008187909610569477,-4.796875,0,0.101371169090271,0,0.017400973228886812,taglish,comment,True,adjudicator,2-1,0,0
t1_p7dn3a3,0,0.05582314357161522,-2.828125,0,0.42812249064445496,0,0.0848533250677998,taglish,comment,True,adjudicator,2-1,0,0
t1_p6x8bib,0,0.014281933195888996,-4.234375,0,0.10304956138134003,0,0.02763439284260392,taglish,comment,True,unanimous,3-0,0,0
t1_p47n7lj,0,0.12294380366802216,-1.96484375,0,0.5182187557220459,0,0.16080777753548653,tagalog,comment,True,majority,3-0,0,0
t1_p6xx41r,0,0.15921740233898163,-1.6640625,0,0.5619505643844604,0,0.19792654903637236,tagalog,comment,True,adjudicator,2-1,0,1
t1_p6m1tpq,0,0.005220125894993544,-5.25,0,0.05846548080444336,0,0.011953493608238107,taglish,comment,True,unanimous,3-0,0,0
t1_p4tx0q4,0,0.004133968148380518,-5.484375,0,0.0335465744137764,0,0.00983629397604659,tagalog,comment,True,majority,3-0,0,0
t3_1vjboux,0,0.1795305460691452,-1.51953125,0,0.43024009466171265,0,0.21793033393763256,taglish,submission,True,majority,3-0,0,0
t1_p5dovdt,0,0.0541987307369709,-2.859375,0,0.40434426069259644,0,0.082834888006431,english,comment,True,majority,3-0,0,0
t1_p6l8i3c,0,0.06512754410505295,-2.6640625,0,0.5433396697044373,0,0.09619809878202396,tagalog,comment,True,majority,3-0,0,0
t1_p56u49o,0,0.16344542801380157,-1.6328125,0,0.6880611181259155,0,0.20213136181597238,tagalog,comment,True,adjudicator,2-1,0,0
t1_p7e9v6k,0,0.03963883966207504,-3.1875,0,0.16436117887496948,0,0.06414242358011293,english,comment,True,unanimous,3-0,0,0
t1_p73p3q6,0,0.26020145416259766,-1.044921875,0,0.7394825220108032,0,0.29345324382357346,tagalog,comment,True,adjudicator,2-1,0,0
t1_p7jxddc,0,0.023330770432949066,-3.734375,0,0.1431647539138794,0,0.041478270266798234,taglish,comment,True,unanimous,3-0,0,0
t1_p6mkt5y,0,0.007695646956562996,-4.859375,0,0.09109242260456085,0,0.016524785711200005,taglish,comment,True,majority,3-0,0,0
t1_p7k8wbr,0,0.224735289812088,-1.23828125,0,0.6663438081741333,0,0.26090574129013827,english,comment,True,majority,3-0,0,0
t3_1vlc4v4,0,0.006589771714061499,-5.015625,0,0.04720011353492737,0,0.014519724407489786,taglish,submission,True,majority,3-0,0,0
t1_p36y877,0,0.012241275049746037,-4.390625,0,0.1523355096578598,0,0.024314656513778996,tagalog,comment,True,adjudicator,2-1,0,0
t1_p50pgmm,0,0.017442483454942703,-4.03125,0,0.1706593632698059,0,0.032613756131792807,taglish,comment,True,majority,3-0,0,0
t1_p5dme0f,0,0.7512834072113037,1.10546875,1,0.9042097926139832,1,0.7169910243676695,tagalog,comment,True,adjudicator,2-1,0,1
t1_p73khuk,0,0.18476749956607819,-1.484375,0,0.6113730072975159,0,0.22301090976825735,taglish,comment,True,majority,3-0,0,0
t1_p56i9gb,0,0.4857063889503479,-0.05718994140625,0,0.7912195920944214,0,0.48797961238733734,tagalog,comment,True,adjudicator,2-1,0,0
t1_p5c22fh,1,0.07290027290582657,-2.54296875,0,0.40964144468307495,0,0.10542270257397926,english,comment,True,adjudicator,2-1,1,1
t1_p301bxj,0,0.0753123015165329,-2.5078125,0,0.4373033940792084,0,0.10824342789273154,taglish,comment,True,majority,3-0,0,0
t1_p7jzpn2,0,0.5761843323707581,0.30712890625,1,0.8680419921875,0,0.5642093975041756,tagalog,comment,True,unanimous,3-0,0,0
t1_p1yq1yz,0,0.0060975621454417706,-5.09375,0,0.05185125023126602,0,0.013609072138913528,english,comment,True,majority,3-0,0,0
t1_p56i3qz,0,0.8006919622421265,1.390625,1,0.9123973250389099,1,0.7630314066157481,tagalog,comment,True,adjudicator,2-1,0,0
t1_p4mh9r3,1,0.9241418242454529,2.5,1,0.962230384349823,1,0.8911208051062783,tagalog,comment,True,majority,3-0,1,1
t1_p5bmzdx,0,0.05460060387849808,-2.8515625,0,0.31655028462409973,0,0.08333536443528607,english,comment,True,unanimous,3-0,0,0
t1_p5bpjnp,0,0.07423137128353119,-2.5234375,0,0.3913273811340332,0,0.1069816745608312,english,comment,True,adjudicator,2-1,0,0
t1_p7jdvqk,0,0.010570489801466465,-4.5390625,0,0.11673498153686523,0,0.021522868704366187,tagalog,comment,True,adjudicator,2-1,0,1
t1_p5jszr2,1,0.4089847803115845,-0.3681640625,0,0.8208965063095093,0,0.4232153455422486,tagalog,comment,True,adjudicator,2-1,1,0
t1_p60xpw9,0,0.01678548939526081,-4.0703125,0,0.10835430026054382,0,0.031593173968374584,taglish,comment,True,unanimous,3-0,0,0
t1_p1xck60,0,0.017309095710515976,-4.0390625,0,0.1453816145658493,0,0.03240712286344921,english,comment,True,unanimous,3-0,0,0
t1_p70nt2n,0,0.29746994376182556,-0.859375,0,0.738479495048523,0,0.326810723520186,taglish,comment,True,majority,3-0,0,0
t1_p38t6zu,0,0.00985985528677702,-4.609375,0,0.0662790983915329,0,0.020312306357168908,english,comment,True,majority,3-0,0,0
t1_p7n7833,0,0.017442483454942703,-4.03125,0,0.11071841418743134,0,0.032613756131792807,taglish,comment,True,adjudicator,3-0,0,0
t1_p6yt5cw,1,0.8333246111869812,1.609375,1,0.9363581538200378,1,0.7946714970976975,taglish,comment,True,adjudicator,2-1,1,1
t1_p56m5v2,1,0.39303556084632874,-0.4345703125,0,0.8034217357635498,0,0.4096460887315497,taglish,comment,True,majority,3-0,1,1
t1_p2u8rm1,0,0.007232763804495335,-4.921875,0,0.06583467125892639,0,0.015692012109965205,taglish,comment,True,unanimous,3-0,0,0
t1_p6wsuw8,0,0.008445627056062222,-4.765625,0,0.06686630845069885,0,0.017856024060526225,english,comment,True,majority,3-0,0,0
t1_p4sd6lc,0,0.1225232183933258,-1.96875,0,0.5802292823791504,0,0.16036499850953811,taglish,comment,True,adjudicator,2-1,0,1
t1_p5dmjvl,1,0.208823561668396,-1.33203125,0,0.6449613571166992,0,0.24599267882417347,taglish,comment,True,adjudicator,2-1,1,1
t1_p56tp4k,0,0.010570489801466465,-4.5390625,0,0.10919280350208282,0,0.021522868704366187,english,comment,True,majority,3-0,0,0
t1_p6yncqn,0,0.006692850962281227,-5.0,0,0.042040079832077026,0,0.01470893335437296,english,comment,True,majority,3-0,0,0
t1_p74yyee,0,0.516351580619812,0.0654296875,1,0.7574388980865479,0,0.5137514286167116,tagalog,comment,True,adjudicator,2-1,0,1
t1_p4ye9o0,0,0.41501736640930176,-0.34326171875,0,0.7713353037834167,0,0.4283350017093617,tagalog,comment,True,adjudicator,2-1,0,0
t1_p6km3z9,0,0.01342825498431921,-4.296875,0,0.1666347086429596,0,0.02625669329336014,taglish,comment,True,majority,3-0,0,0
t1_p4z7ojg,0,0.0061929901130497456,-5.078125,0,0.05949462950229645,0,0.013786580238336728,taglish,comment,True,majority,3-0,0,0
t1_p74l68y,0,0.07263670861721039,-2.546875,0,0.509722113609314,0,0.10511332299502439,tagalog,comment,True,adjudicator,2-1,0,1
t1_p7kmkoj,0,0.8370879292488098,1.63671875,1,0.9326828718185425,1,0.798397865833279,taglish,comment,True,adjudicator,2-1,0,1
t1_p4yzufs,0,0.0037654140032827854,-5.578125,0,0.056723516434431076,0,0.00909742046494949,taglish,comment,True,majority,3-0,0,0
t1_p74veum,0,0.04115288704633713,-3.1484375,0,0.38618361949920654,0,0.06614265714621088,tagalog,comment,True,adjudicator,2-1,0,0
t1_p307e3k,0,0.05921025201678276,-2.765625,0,0.3924791216850281,0,0.08902451964144158,taglish,comment,True,unanimous,3-0,0,0
t1_p4zbeal,0,0.003429603995755315,-5.671875,0,0.028038226068019867,0,0.00841357735237087,taglish,comment,True,unanimous,3-0,0,0
t1_p4udoc5,0,0.004905405919998884,-5.3125,0,0.037253618240356445,0,0.011348433924474682,taglish,comment,True,majority,3-0,0,0
t1_p4uy3vu,0,0.006003595422953367,-5.109375,0,0.03854283690452576,0,0.0134338183998672,tagalog,comment,True,majority,3-0,0,0
t1_p7kv3yd,0,0.6413100361824036,0.5810546875,1,0.8739238977432251,1,0.6197781760434877,tagalog,comment,True,adjudicator,2-1,0,0
t1_p4yxw3e,0,0.006903837900608778,-4.96875,0,0.07227839529514313,0,0.015094666435081956,english,comment,True,majority,3-0,0,0
t1_p5dst81,0,0.12592275440692902,-1.9375,0,0.6134499311447144,0,0.16393493817314092,taglish,comment,True,adjudicator,2-1,0,0
t1_p37xt27,0,0.0071214293129742146,-4.9375,0,0.05705581232905388,0,0.015490356103967403,taglish,comment,True,majority,3-0,0,0
t1_p4incqe,0,0.02080449089407921,-3.8515625,0,0.13110743463039398,0,0.03773270286167332,english,comment,True,adjudicator,2-1,0,0
t1_p37xpi8,0,0.006388320587575436,-5.046875,0,0.04459008574485779,0,0.014148472488418828,english,comment,True,majority,3-0,0,0
t1_p56iyi0,1,0.18892180919647217,-1.45703125,0,0.5708826780319214,0,0.22702047391851843,english,comment,True,adjudicator,2-1,1,1
t1_p5dme58,0,0.7142295837402344,0.916015625,1,0.8932992815971375,1,0.683580217696005,tagalog,comment,True,unanimous,3-0,0,0
t1_p7jbzzg,0,0.11318691074848175,-2.05859375,0,0.5109274983406067,0,0.15045151967530654,tagalog,comment,True,adjudicator,2-1,0,1
t1_p4z8fjp,0,0.00985985528677702,-4.609375,0,0.08210518956184387,0,0.020312306357168908,english,comment,True,majority,3-0,0,0
t1_p381jg4,0,0.0204885546118021,-3.8671875,0,0.21037130057811737,0,0.03725852622845867,english,comment,True,majority,3-0,0,0
t1_p50k56a,1,0.4715273976325989,-0.114013671875,0,0.8766160011291504,0,0.4760499204877662,taglish,comment,True,majority,3-0,1,1
t1_p7iqsje,0,0.6081287264823914,0.439453125,1,0.8422641158103943,0,0.5913465063259637,tagalog,comment,True,adjudicator,2-1,0,0
t1_p3o4tbi,0,0.007577240467071533,-4.875,0,0.05949106812477112,0,0.01631260519841396,english,comment,True,adjudicator,2-1,0,1
t1_p74rwkz,0,0.02498779445886612,-3.6640625,0,0.1992253065109253,0,0.043893753550516446,tagalog,comment,True,adjudicator,2-1,0,0
t1_p4yj7z9,0,0.25312182307243347,-1.08203125,0,0.7154066562652588,0,0.28702517136461375,tagalog,comment,True,adjudicator,2-1,0,1
t1_p6b56rq,0,0.007289077155292034,-4.9140625,0,0.07062596082687378,0,0.015793806674799547,tagalog,comment,True,majority,3-0,0,0
t1_p4yixkk,0,0.7275885343551636,0.982421875,1,0.9161233901977539,1,0.6955328478942092,tagalog,comment,True,adjudicator,2-1,0,1
t1_p5ds095,0,0.014503578655421734,-4.21875,0,0.13444513082504272,0,0.027989647326089936,taglish,comment,True,unanimous,3-0,0,0
t1_p4wvtn5,0,0.05749328061938286,-2.796875,0,0.3857839107513428,0,0.08691628445862204,taglish,comment,True,unanimous,3-0,0,0
t1_p4ygew8,1,0.5185461640357971,0.07421875,1,0.8052710294723511,0,0.5155975077863751,taglish,comment,True,majority,3-0,1,1
t1_p6kdbp6,0,0.04084571823477745,-3.15625,0,0.39265650510787964,0,0.06573802808399565,tagalog,comment,True,adjudicator,2-1,0,1
t1_p56sles,0,0.10781263560056686,-2.11328125,0,0.4552456736564636,0,0.14466770403251947,tagalog,comment,True,adjudicator,2-1,0,0
t1_p4v4xn4,1,0.6800292134284973,0.75390625,1,0.8836562037467957,1,0.653386171974071,taglish,comment,True,adjudicator,2-1,1,0
t1_p749202,0,0.6658452749252319,0.689453125,1,0.8646378517150879,1,0.6410118724122648,taglish,comment,True,majority,3-0,0,0
t1_p7jsnea,0,0.6067315340042114,0.43359375,1,0.8868708610534668,0,0.5901553036048998,tagalog,comment,True,adjudicator,2-1,0,0
t1_p5doj7q,0,0.05033063143491745,-2.9375,0,0.3877822756767273,0,0.07797865635503685,taglish,comment,True,majority,3-0,0,0
t1_p6t8ri4,0,0.917302668094635,2.40625,1,0.9542681574821472,1,0.8832328408124913,english,comment,True,adjudicator,2-1,0,1
t1_p6t7aby,1,0.7826625108718872,1.28125,1,0.9021639823913574,1,0.7460013640661068,english,comment,True,majority,3-0,1,1
t1_p6xuio3,0,0.18653921782970428,-1.47265625,0,0.5132144689559937,0,0.22472308548574013,taglish,comment,True,adjudicator,2-1,0,0
t1_p73fagx,0,0.03210070729255676,-3.40625,0,0.1800311654806137,0,0.05394664760681953,english,comment,True,majority,3-0,0,0
t1_p6w52pz,0,0.007695646956562996,-4.859375,0,0.06112298369407654,0,0.016524785711200005,english,comment,True,adjudicator,2-1,0,0
t1_p51a500,0,0.05033063143491745,-2.9375,0,0.3216049373149872,0,0.07797865635503685,tagalog,comment,True,majority,3-0,0,0
t1_p4w9rpr,0,0.005060331430286169,-5.28125,0,0.02490835264325142,0,0.01164708164113099,taglish,comment,True,majority,3-0,0,0
t1_p4jfjri,0,0.015543648041784763,-4.1484375,0,0.13941869139671326,0,0.029643915077431703,english,comment,True,majority,3-0,0,0
t1_p6t63wc,0,0.6667138338088989,0.693359375,1,0.8658646941184998,1,0.6417673945440716,tagalog,comment,True,adjudicator,2-1,0,1
t1_p6z2lce,0,0.0064882696606218815,-5.03125,0,0.03779894858598709,0,0.014332913951778192,english,comment,True,majority,3-0,0,0
t1_p73aahf,0,0.8294920325279236,1.58203125,1,0.9277887344360352,1,0.7908942904363352,taglish,comment,True,adjudicator,2-1,0,1
t1_p2y82am,0,0.009125636890530586,-4.6875,0,0.0782916471362114,0,0.01904537440639778,taglish,comment,True,majority,3-0,0,0
t1_p4kw5h7,0,0.028652667999267578,-3.5234375,0,0.20131605863571167,0,0.04913287526310106,tagalog,comment,True,unanimous,3-0,0,0
t1_p4j66cg,0,0.026759279891848564,-3.59375,0,0.22991780936717987,0,0.04644308664431409,tagalog,comment,True,unanimous,3-0,0,0
t1_p753v9m,0,0.07696083933115005,-2.484375,0,0.3937123417854309,0,0.11016056709591214,english,comment,True,adjudicator,2-1,0,1
t1_p4ttmro,0,0.005819959565997124,-5.140625,0,0.031450822949409485,0,0.013089962991732056,english,comment,True,majority,3-0,0,0
t1_p2tp5pv,0,0.7468782067298889,1.08203125,1,0.8624314069747925,1,0.7129748286353862,tagalog,comment,True,adjudicator,2-1,0,1
t1_p7ip290,0,0.1204388216137886,-1.98828125,0,0.47434529662132263,0,0.1581658875034747,english,comment,True,adjudicator,2-1,0,0
t1_p5ddnif,0,0.008644177578389645,-4.7421875,0,0.04887254163622856,0,0.018204960286484224,taglish,comment,True,majority,3-0,0,0
t1_p7idlwv,0,0.2267836332321167,-1.2265625,0,0.5173746943473816,0,0.26281044829581424,tagalog,comment,True,majority,3-0,0,0
t1_p5h521c,0,0.012722708284854889,-4.3515625,0,0.12940895557403564,0,0.025106209971435336,taglish,comment,True,adjudicator,3-0,0,0
t1_p7jehpu,0,0.02178117074072361,-3.8046875,0,0.1388230323791504,0,0.0391902630746408,english,comment,True,majority,3-0,0,0
t1_p56g3be,0,0.7833262085914612,1.28515625,1,0.9289824366569519,1,0.7466232666483393,tagalog,comment,True,adjudicator,2-1,0,0
t1_p7ioxpj,0,0.23231014609336853,-1.1953125,0,0.5902286171913147,0,0.26793321462450603,tagalog,comment,True,adjudicator,2-1,0,0
t1_p7it05a,0,0.6570984721183777,0.650390625,1,0.8437049388885498,1,0.633418656585778,english,comment,True,adjudicator,2-1,0,0
t3_1vohxr0,0,0.00970847625285387,-4.625,0,0.08554418385028839,0,0.020052485144180753,english,submission,True,unanimous,3-0,0,0
t1_p5ci7eu,0,0.009055264294147491,-4.6953125,0,0.05017561838030815,0,0.018923025705981627,english,comment,True,majority,3-0,0,0
t1_p4yascs,0,0.29746994376182556,-0.859375,0,0.6960445642471313,0,0.326810723520186,taglish,comment,True,unanimous,3-0,0,0
t1_p6828vl,0,0.8267117738723755,1.5625,1,0.8957427740097046,1,0.7881651435501985,taglish,comment,True,majority,3-0,0,0
t1_p70e75c,0,0.6399611234664917,0.5751953125,1,0.8576291799545288,0,0.6186163994670604,taglish,comment,True,adjudicator,2-1,0,0
t1_p7jym7u,0,0.005060331430286169,-5.28125,0,0.036384217441082,0,0.01164708164113099,english,comment,True,unanimous,3-0,0,0
t1_p7hcvef,0,0.167763352394104,-1.6015625,0,0.5609568357467651,0,0.2064025155237279,taglish,comment,True,unanimous,3-0,0,0
t1_p7gror1,0,0.2869678735733032,-0.91015625,0,0.5890676379203796,0,0.3174864742993597,taglish,comment,True,majority,3-0,0,0
t1_p74qrlc,0,0.060086652636528015,-2.75,0,0.41431185603141785,0,0.09009585153506532,tagalog,comment,True,adjudicator,2-1,0,1
t1_p5edz8n,0,0.2934044897556305,-0.87890625,0,0.6013352274894714,0,0.3232077362173234,english,comment,True,adjudicator,2-1,0,0
t1_p700j7b,0,0.8615382313728333,1.828125,1,0.9585174918174744,1,0.8230666042030543,tagalog,comment,True,adjudicator,2-1,0,0
t1_p75d299,1,0.83601975440979,1.62890625,1,0.948007345199585,1,0.797338373902854,tagalog,comment,True,majority,3-0,1,1
t1_p7jv8yc,0,0.4101654887199402,-0.36328125,0,0.7207452058792114,0,0.4242179369660515,taglish,comment,True,majority,3-0,0,0
t1_p4ycxdq,0,0.028007520362734795,-3.546875,0,0.17032186686992645,0,0.048220255636800095,english,comment,True,majority,3-0,0,0
t1_p3n7o0t,0,0.024798156693577766,-3.671875,0,0.21599611639976501,0,0.0436188752354492,taglish,comment,True,majority,3-0,0,0
t1_p4y88lk,0,0.6039317846298218,0.421875,1,0.7979912161827087,0,0.5877697349961456,taglish,comment,True,majority,3-0,0,0
t1_p74prus,1,0.7833262085914612,1.28515625,1,0.93503737449646,1,0.7466232666483393,taglish,comment,True,majority,3-0,1,1
t1_p5dudd2,0,0.05184547230601311,-2.90625,0,0.29533851146698,0,0.0798890688687606,taglish,comment,True,majority,3-0,0,0
t1_p5dxeej,0,0.12852515280246735,-1.9140625,0,0.4989367425441742,0,0.16665411393548735,english,comment,True,majority,3-0,0,0
t1_p77l8nx,0,0.012336100451648235,-4.3828125,0,0.08708694577217102,0,0.02447099582237062,tagalog,comment,True,adjudicator,2-1,0,0
t1_p7j6y0t,0,0.010169658809900284,-4.578125,0,0.07256676256656647,0,0.020841876249170645,english,comment,True,majority,3-0,0,0
t1_p4z8s1f,0,0.0071214293129742146,-4.9375,0,0.06550097465515137,0,0.015490356103967403,taglish,comment,True,adjudicator,2-1,0,0
t1_p17gt8l,0,0.018124721944332123,-3.9921875,0,0.1989172399044037,0,0.03366616091893619,taglish,comment,True,unanimous,3-0,0,0
t1_p7kahut,0,0.39187130331993103,-0.439453125,0,0.6524232625961304,0,0.4086534936740363,taglish,comment,True,majority,3-0,0,0
t1_p50pdpg,1,0.024053553119301796,-3.703125,0,0.2099360227584839,0,0.042535707114912724,taglish,comment,True,adjudicator,2-1,1,1
t1_p6xnr7c,0,0.0060975621454417706,-5.09375,0,0.03121720254421234,0,0.013609072138913528,english,comment,True,majority,3-0,0,0
t1_p6wmn6g,0,0.019419347867369652,-3.921875,0,0.13482308387756348,0,0.03564362404926632,english,comment,True,majority,3-0,0,0
t1_p5jglg9,0,0.010408314876258373,-4.5546875,0,0.07511390745639801,0,0.021247898639664812,taglish,comment,True,unanimous,3-0,0,0
t1_p4y5gf2,0,0.03283695876598358,-3.3828125,0,0.3003281354904175,0,0.0549613869023343,taglish,comment,True,adjudicator,2-1,0,1
t1_p6cw69m,0,0.007011795416474342,-4.953125,0,0.09422330558300018,0,0.015291251294740764,english,comment,True,adjudicator,2-1,0,0
t1_p7ixnx8,1,0.060086652636528015,-2.75,0,0.2673759460449219,0,0.09009585153506532,taglish,comment,True,majority,3-0,1,1
t1_p6wpz6d,0,0.02909075655043125,-3.5078125,0,0.2227570116519928,0,0.04975036343360798,taglish,comment,True,majority,3-0,0,0
t1_p6t5zhs,0,0.8062431216239929,1.42578125,1,0.918893039226532,1,0.7683351546306205,english,comment,True,adjudicator,2-1,0,0
t1_p7go8mv,0,0.2557152211666107,-1.068359375,0,0.6289870738983154,0,0.2893836103122969,english,comment,True,majority,3-0,0,0
t1_p5dswxn,1,0.03963883966207504,-3.1875,0,0.34091442823410034,0,0.06414242358011293,tagalog,comment,True,adjudicator,2-1,1,1
t1_p7hg7mw,0,0.11240508407354355,-2.06640625,0,0.41739147901535034,0,0.149613759780255,tagalog,comment,True,majority,3-0,0,0
t1_p75lgtu,0,0.02655657008290291,-3.6015625,0,0.21183395385742188,0,0.04615301414951468,tagalog,comment,True,adjudicator,2-1,0,1
t1_p2u717g,0,0.03594832494854927,-3.2890625,0,0.36052799224853516,0,0.05920268287232417,taglish,comment,True,majority,3-0,0,0
t1_p56ir81,0,0.07211221009492874,-2.5546875,0,0.3984989821910858,0,0.1044969670492228,taglish,comment,True,unanimous,3-0,0,0
t1_p2xp1xn,0,0.06465348601341248,-2.671875,0,0.3004254698753357,0,0.09562843297621149,taglish,comment,True,majority,3-0,0,0
t1_p17cc1p,0,0.013020490296185017,-4.328125,0,0.11557873338460922,0,0.025593134839435212,taglish,comment,True,majority,3-0,0,0
t1_p17gqxd,0,0.00955939944833517,-4.640625,0,0.10336624085903168,0,0.019795920232554016,taglish,comment,True,unanimous,3-0,0,0
t1_p2u9ahf,0,0.14560064673423767,-1.76953125,0,0.5282796025276184,0,0.18422323567578186,tagalog,comment,True,majority,3-0,0,0
t1_p5bs9rg,0,0.5314449667930603,0.125946044921875,1,0.7539007067680359,0,0.526452174163106,english,comment,True,adjudicator,2-1,0,0
t1_p7ji2tp,0,0.010169658809900284,-4.578125,0,0.0642535611987114,0,0.020841876249170645,english,comment,True,majority,3-0,0,0
t1_p75flec,0,0.03488088399171829,-3.3203125,0,0.19393663108348846,0,0.05775589907823455,taglish,comment,True,majority,3-0,0,0
t1_p2ture1,0,0.015072628855705261,-4.1796875,0,0.19133028388023376,0,0.028897295206111586,taglish,comment,True,unanimous,3-0,0,0
t1_p76ab9l,0,0.7457688450813293,1.076171875,1,0.8973743319511414,1,0.7119654756644158,english,comment,True,adjudicator,2-1,0,1
t1_p5ejp4e,0,0.028870904818177223,-3.515625,0,0.2538682222366333,0,0.04944070548435547,taglish,comment,True,unanimous,3-0,0,0
t1_p17cxz7,0,0.01798621006309986,-4.0,0,0.167892187833786,0,0.033453090433947306,taglish,comment,True,majority,3-0,0,0
t1_p7hy2rb,1,0.3263787627220154,-0.724609375,0,0.6260857582092285,0,0.3522140053809967,english,comment,True,majority,3-0,1,1
t1_p3uzduu,0,0.010570489801466465,-4.5390625,0,0.07210595160722733,0,0.021522868704366187,tagalog,comment,True,majority,3-0,0,0
t1_p7k7z1g,0,0.016029147431254387,-4.1171875,0,0.11271832883358002,0,0.030409221315410365,english,comment,True,unanimous,3-0,0,0
t1_p71jr3h,0,0.010986942797899246,-4.5,0,0.09443413466215134,0,0.022225607003580512,english,comment,True,majority,3-0,0,0
t1_p693fee,0,0.01578456163406372,-4.1328125,0,0.1660262644290924,0,0.03002420534165782,tagalog,comment,True,unanimous,3-0,0,0
t1_p17ohe5,0,0.010248602367937565,-4.5703125,0,0.09950223565101624,0,0.020976366204918696,english,comment,True,majority,3-0,0,0
t1_p7k15xs,0,0.05184547230601311,-2.90625,0,0.32495352625846863,0,0.0798890688687606,tagalog,comment,True,majority,3-0,0,0
t1_p7gptuj,0,0.13799647986888885,-1.83203125,0,0.5550320148468018,0,0.17645555160355741,tagalog,comment,True,unanimous,3-0,0,0
t1_p6wtl3j,0,0.006903837900608778,-4.96875,0,0.04703356325626373,0,0.015094666435081956,taglish,comment,True,majority,3-0,0,0
t1_p7jo0j3,0,0.04084571823477745,-3.15625,0,0.42611655592918396,0,0.06573802808399565,english,comment,True,unanimous,3-0,0,0
t1_p6pzxac,0,0.02909075655043125,-3.5078125,0,0.2943683862686157,0,0.04975036343360798,tagalog,comment,True,majority,3-0,0,0
t1_p6xm01t,0,0.77390056848526,1.23046875,1,0.9042168855667114,1,0.7378254471476109,tagalog,comment,True,adjudicator,2-1,0,1
t1_p4x9pyh,0,0.01784873940050602,-4.0078125,0,0.13094882667064667,0,0.03324132206746834,english,comment,True,majority,3-0,0,0
t1_p6xvdt2,1,0.36342090368270874,-0.560546875,0,0.7808114886283875,0,0.38429396083117706,taglish,comment,True,adjudicator,2-1,1,1
t1_p6lptiv,1,0.17272931337356567,-1.56640625,0,0.6386090517044067,0,0.21128695064018865,taglish,comment,True,majority,3-0,1,1
t1_p7ikjj6,1,0.914290726184845,2.3671875,1,0.9469277262687683,1,0.8798023155436258,english,comment,True,adjudicator,2-1,1,1
t1_p27hhzv,0,0.03649376332759857,-3.2734375,0,0.368621826171875,0,0.05993874808001236,taglish,comment,True,majority,3-0,0,0
t1_p70xfhq,0,0.07004895806312561,-2.5859375,0,0.38502272963523865,0,0.10206337267427243,taglish,comment,True,majority,3-0,0,0
t1_p5dm2f0,1,0.2685575783252716,-1.001953125,0,0.6807855367660522,0,0.30100035482123805,english,comment,True,adjudicator,2-1,1,1
t1_p7m0pvx,0,0.3925696909427643,-0.4365234375,0,0.7816828489303589,0,0.4092489618754648,english,comment,True,majority,3-0,0,0
t1_p7jxipk,0,0.08210662752389908,-2.4140625,0,0.41754278540611267,0,0.11609133322818742,taglish,comment,True,majority,3-0,0,0
t1_p5j5ewr,0,0.012821215204894543,-4.34375,0,0.11449810117483139,0,0.02526750703541755,tagalog,comment,True,majority,3-0,0,0
t1_p7k72f2,0,0.5739172697067261,0.2978515625,1,0.7758908271789551,0,0.5622902881521741,taglish,comment,True,adjudicator,2-1,0,0
t1_p6t6u0y,0,0.677047073841095,0.740234375,1,0.8616766929626465,1,0.6507779284762655,tagalog,comment,True,adjudicator,2-1,0,1
t1_p27fsrj,0,0.015663648024201393,-4.140625,0,0.11417256295681,0,0.029833472898878933,tagalog,comment,True,majority,3-0,0,0
t1_p5bn0i6,0,0.09704755246639252,-2.23046875,0,0.5049440860748291,0,0.1328958709132467,tagalog,comment,True,adjudicator,2-1,0,1
t1_p4yfx4a,1,0.8499711751937866,1.734375,1,0.9526021480560303,1,0.8112923870882806,taglish,comment,True,majority,3-0,1,1
t1_p4mhd55,1,0.11047115921974182,-2.0859375,0,0.5181986689567566,0,0.1475361760186271,tagalog,comment,True,adjudicator,2-1,1,0
t1_p6t62vc,1,0.6433292627334595,0.58984375,1,0.8508586883544922,1,0.621518267653012,english,comment,True,adjudicator,2-1,1,1
t1_p6xyml6,0,0.023689471185207367,-3.71875,0,0.14170494675636292,0,0.042003807112732994,english,comment,True,unanimous,3-0,0,0
t1_p4yy6co,0,0.004331502132117748,-5.4375,0,0.031212210655212402,0,0.010227709444661769,taglish,comment,True,majority,3-0,0,0
t1_p74xzjg,0,0.08694165199995041,-2.3515625,0,0.4850521683692932,0,0.12159408530065946,taglish,comment,True,majority,3-0,0,0
t1_p4ib0tl,0,0.010735162533819675,-4.5234375,0,0.12720277905464172,0,0.02180131790775033,tagalog,comment,True,adjudicator,2-1,0,0
t1_p385ih2,0,0.007636216934770346,-4.8671875,0,0.09224807471036911,0,0.016418358418821107,taglish,comment,True,unanimous,3-0,0,0
t1_p278hys,0,0.007460643537342548,-4.890625,0,0.04666106030344963,0,0.0161031045036028,english,comment,True,majority,3-0,0,0
t1_p6k47eu,0,0.007755536586046219,-4.8515625,0,0.05678754672408104,0,0.016631891222319478,taglish,comment,True,unanimous,3-0,0,0
t1_p4ya5u5,0,0.01342825498431921,-4.296875,0,0.1198250949382782,0,0.02625669329336014,tagalog,comment,True,majority,3-0,0,0
t1_p74wywl,0,0.2206781655550003,-1.26171875,0,0.6584658622741699,0,0.2571232182046144,tagalog,comment,True,majority,3-0,0,0
t1_p6we07z,0,0.09367801249027252,-2.26953125,0,0.48580941557884216,0,0.12915613360117612,tagalog,comment,True,adjudicator,2-1,0,0
t1_p38g5kr,0,0.004538431763648987,-5.390625,0,0.02837590128183365,0,0.010634533217377947,english,comment,True,majority,3-0,0,0
t1_p6d0ql5,0,0.053009770810604095,-2.8828125,0,0.32472649216651917,0,0.08134982589677266,tagalog,comment,True,adjudicator,2-1,0,0
t1_p4ykqgp,1,0.9127477407455444,2.34765625,1,0.9642457962036133,1,0.8780546374714912,taglish,comment,True,majority,3-0,1,1
t1_p7j732d,0,0.6455669403076172,0.599609375,1,0.86192387342453,1,0.6234480385996143,english,comment,True,majority,3-0,0,0
t1_p736y0f,0,0.03138043358922005,-3.4296875,0,0.20827341079711914,0,0.05294959350880882,taglish,comment,True,unanimous,3-0,0,0
t1_p7lamfm,0,0.8828325867652893,2.01953125,1,0.9282175302505493,1,0.8453016675793054,tagalog,comment,True,adjudicator,2-1,0,1
t1_p6t5sxh,1,0.7563575506210327,1.1328125,1,0.8976776003837585,1,0.7216333330461567,english,comment,True,adjudicator,2-1,1,0
t1_p7lrub7,1,0.015424554236233234,-4.15625,0,0.203541561961174,0,0.02945552511264557,english,comment,True,majority,3-0,1,1
t1_p73q9s2,0,0.008985428139567375,-4.703125,0,0.08773487061262131,0,0.018801447917032525,taglish,comment,True,unanimous,3-0,0,0
t1_p46mpo9,0,0.26020145416259766,-1.044921875,0,0.6534686088562012,0,0.29345324382357346,tagalog,comment,True,adjudicator,2-1,0,0
t1_p2ttuij,0,0.0960254892706871,-2.2421875,0,0.3846488893032074,0,0.1317644224187148,taglish,comment,True,adjudicator,2-1,0,0
t1_p37yoj0,0,0.007011795416474342,-4.953125,0,0.039556317031383514,0,0.015291251294740764,english,comment,True,majority,3-0,0,0
t1_p757f37,0,0.053403329104185104,-2.875,0,0.27640843391418457,0,0.08184213044789841,english,comment,True,majority,3-0,0,0
t1_p751fu7,1,0.7833262085914612,1.28515625,1,0.919166088104248,1,0.7466232666483393,taglish,comment,True,unanimous,3-0,1,1
t1_p4xkbsg,0,0.017712298780679703,-4.015625,0,0.14310745894908905,0,0.03303084844761091,tagalog,comment,True,adjudicator,3-0,0,0
t1_p6lc79x,0,0.017176708206534386,-4.046875,0,0.15519979596138,0,0.03220175519683031,taglish,comment,True,majority,3-0,0,0
t1_p69kzib,0,0.015189048834145069,-4.171875,0,0.1450413316488266,0,0.02908222185931275,taglish,comment,True,majority,3-0,0,0
t1_p7bwlg1,0,0.043042849749326706,-3.1015625,0,0.19991570711135864,0,0.06861939488398185,english,comment,True,majority,3-0,0,0
t3_1vrl5t7,0,0.006797531619668007,-4.984375,0,0.0487905815243721,0,0.014900570634208587,taglish,submission,True,unanimous,3-0,0,0
t3_1vmb9un,0,0.004198795650154352,-5.46875,0,0.0317792147397995,0,0.009965089496645825,taglish,submission,True,majority,3-0,0,0
t1_p48wyu4,0,0.034618839621543884,-3.328125,0,0.30201858282089233,0,0.0573994226537097,tagalog,comment,True,majority,3-0,0,0
t1_p6xe81w,0,0.004905405919998884,-5.3125,0,0.0331089049577713,0,0.011348433924474682,english,comment,True,majority,3-0,0,0
t1_p6885i3,0,0.42990797758102417,-0.2822265625,0,0.7605142593383789,0,0.4409460852680943,taglish,comment,True,majority,3-0,0,0
t1_p3ezmwy,0,0.009196552447974682,-4.6796875,0,0.10034503042697906,0,0.019168498708617598,tagalog,comment,True,majority,3-0,0,0
t1_p38pg52,0,0.011244560591876507,-4.4765625,0,0.09142418950796127,0,0.02265796219044205,tagalog,comment,True,majority,3-0,0,0
t1_p7n7vmp,0,0.2422056347131729,-1.140625,0,0.5826446413993835,0,0.27704891731829034,taglish,comment,True,adjudicator,2-1,0,0
t1_p74ujst,0,0.006797531619668007,-4.984375,0,0.03901628404855728,0,0.014900570634208587,taglish,comment,True,unanimous,3-0,0,0
t1_p7jy0tj,0,0.6231475472450256,0.5029296875,1,0.8432149291038513,0,0.6041798007965533,taglish,comment,True,unanimous,3-0,0,0
t1_p50wffb,0,0.01798621006309986,-4.0,0,0.20313119888305664,0,0.033453090433947306,tagalog,comment,True,adjudicator,2-1,0,1
t3_1vm6epe,1,0.6535692811012268,0.634765625,1,0.8780640363693237,1,0.6303624728582831,tagalog,submission,True,majority,3-0,1,1
t1_p72i2u2,0,0.0060975621454417706,-5.09375,0,0.03939148038625717,0,0.013609072138913528,taglish,comment,True,unanimous,3-0,0,0
t1_p6g3apf,0,0.008124708198010921,-4.8046875,0,0.07246081531047821,0,0.01728900208415599,taglish,comment,True,unanimous,3-0,0,0
t1_p4ydlmc,1,0.9449946880340576,2.84375,1,0.9751617312431335,1,0.9161614117374289,taglish,comment,True,majority,3-0,1,1
t1_p4z0293,0,0.002889581024646759,-5.84375,0,0.024395819753408432,0,0.007289613594064322,taglish,comment,True,majority,3-0,0,0
t1_p4yaz2h,0,0.06418264657258987,-2.6796875,0,0.3341793417930603,0,0.09506178579807578,english,comment,True,majority,3-0,0,0
t1_p7h7gb8,0,0.06560484319925308,-2.65625,0,0.34819483757019043,0,0.0967707950096937,taglish,comment,True,unanimous,3-0,0,0
t1_p469r5e,0,0.39163854718208313,-0.4404296875,0,0.7790018320083618,0,0.4084550637367228,tagalog,comment,True,adjudicator,2-1,0,1
t1_p689kmj,0,0.021948251873254776,-3.796875,0,0.21696624159812927,0,0.039438383929628555,taglish,comment,True,majority,3-0,0,0
t1_p46zy9c,0,0.04535258188843727,-3.046875,0,0.3047240376472473,0,0.07161737379523879,tagalog,comment,True,unanimous,3-0,0,0
t1_p75gtvw,0,0.3553273677825928,-0.595703125,0,0.6904932856559753,0,0.37732340372540274,taglish,comment,True,majority,3-0,0,0
t1_p7ljii1,0,0.15102779865264893,-1.7265625,0,0.533274233341217,0,0.18971544189888945,tagalog,comment,True,adjudicator,2-1,0,0
t1_p7llnvx,0,0.011244560591876507,-4.4765625,0,0.15354953706264496,0,0.02265796219044205,taglish,comment,True,unanimous,3-0,0,0
t1_p6xw345,0,0.04742587357759476,-3.0,0,0.2821286916732788,0,0.07428280768046332,english,comment,True,majority,3-0,0,0
t1_p6b5sk3,0,0.05964693799614906,-2.7578125,0,0.2629750967025757,0,0.08955874122637049,taglish,comment,True,unanimous,3-0,0,0
t1_p751yhf,0,0.07864238321781158,-2.4609375,0,0.4575274884700775,0,0.11210739277643099,tagalog,comment,True,adjudicator,2-1,0,1
t1_p7l9raq,0,0.08882029354572296,-2.328125,0,0.44654640555381775,0,0.12371487864251907,tagalog,comment,True,adjudicator,2-1,0,0
t1_p6t6258,1,0.7409248948097229,1.05078125,1,0.9084615707397461,1,0.707567298427561,taglish,comment,True,majority,3-0,1,1
t1_p78ix6u,0,0.029986508190631866,-3.4765625,0,0.1512611210346222,0,0.051007464718600584,english,comment,True,adjudicator,2-1,0,0
t1_p7jt2cy,0,0.5657786726951599,0.2646484375,1,0.8028821349143982,0,0.5554070002446349,taglish,comment,True,adjudicator,2-1,0,0
t1_p44kaua,0,0.2743513882160187,-0.97265625,0,0.6171959042549133,0,0.30620894331304055,english,comment,True,unanimous,3-0,0,0
t1_p4k03fn,0,0.032344330102205276,-3.3984375,0,0.21513649821281433,0,0.05428291562020743,taglish,comment,True,majority,3-0,0,0
t1_p7gpnqt,0,0.03308597952127457,-3.375,0,0.24164021015167236,0,0.055303610380376296,tagalog,comment,True,majority,3-0,0,0
t1_p7jhdcq,0,0.7918210625648499,1.3359375,1,0.941133975982666,1,0.7546160693720259,tagalog,comment,True,adjudicator,2-1,0,1
t1_p7km27j,0,0.04922211542725563,-2.9609375,0,0.2764323949813843,0,0.0765733878908812,taglish,comment,True,unanimous,3-0,0,0
t1_p4x28yv,0,0.05033063143491745,-2.9375,0,0.2559765577316284,0,0.07797865635503685,taglish,comment,True,majority,3-0,0,0
t1_p44fncb,0,0.5412876009941101,0.16552734375,1,0.7239558100700378,0,0.5347417643502321,tagalog,comment,True,majority,3-0,0,0
t1_p6xn99k,0,0.023689471185207367,-3.71875,0,0.17693500220775604,0,0.042003807112732994,tagalog,comment,True,adjudicator,2-1,0,0
t3_1vkjj9l,0,0.03210070729255676,-3.40625,0,0.24571526050567627,0,0.05394664760681953,taglish,submission,True,unanimous,3-0,0,0
t1_p4547r9,0,0.29219117760658264,-0.884765625,0,0.751022458076477,0,0.32213089440459336,taglish,comment,True,majority,3-0,0,0
t1_p2todaj,0,0.30033501982688904,-0.845703125,0,0.7220985293388367,0,0.32934506340029895,taglish,comment,True,unanimous,3-0,0,0
t1_p7gq2ua,0,0.2857704162597656,-0.916015625,0,0.5481734275817871,0,0.31641978230399503,english,comment,True,majority,3-0,0,0
t1_p7ib42v,0,0.06804042309522629,-2.6171875,0,0.39353370666503906,0,0.0996801448331925,tagalog,comment,True,majority,3-0,0,0
t1_p44ny6c,0,0.48559966683387756,-0.0576171875,0,0.6728925108909607,0,0.4878898472595718,english,comment,True,unanimous,3-0,0,0
t1_p2to1mx,0,0.19682621955871582,-1.40625,0,0.5980154275894165,0,0.23460108686359873,taglish,comment,True,unanimous,3-0,0,0
t1_p7kkdf9,0,0.026963496580719948,-3.5859375,0,0.2557196617126465,0,0.046734892924253015,taglish,comment,True,majority,3-0,0,0
t1_p58fb73,1,0.36161550879478455,-0.568359375,0,0.6961504817008972,0,0.382740723041268,taglish,comment,True,majority,3-0,1,1
t1_p5jd9bp,0,0.007011795416474342,-4.953125,0,0.057627737522125244,0,0.015291251294740764,taglish,comment,True,majority,3-0,0,0
t1_p2xz8oa,0,0.02498779445886612,-3.6640625,0,0.22049152851104736,0,0.043893753550516446,taglish,comment,True,unanimous,3-0,0,0
t1_p50uybu,0,0.1200256198644638,-1.9921875,0,0.46090489625930786,0,0.15772901559611283,taglish,comment,True,adjudicator,2-1,0,1
t1_p7gq7va,0,0.05541279539465904,-2.8359375,0,0.3450435400009155,0,0.08434457122479798,taglish,comment,True,unanimous,3-0,0,0
t1_p4sp0fb,0,0.2018132209777832,-1.375,0,0.5616565942764282,0,0.23935252048719063,english,comment,True,adjudicator,2-1,0,0
t1_p4z5k70,0,0.004982269834727049,-5.296875,0,0.03289063274860382,0,0.011496799369361555,taglish,comment,True,majority,3-0,0,0
t1_p4zddwn,1,0.907312273979187,2.28125,1,0.9631056189537048,1,0.8719481774880393,taglish,comment,True,adjudicator,2-1,1,1
t1_p51ch6z,1,0.07423137128353119,-2.5234375,0,0.32186973094940186,0,0.1069816745608312,tagalog,comment,True,adjudicator,2-1,1,1
t1_p7k5vb5,0,0.10447732359170914,-2.1484375,0,0.44743984937667847,0,0.14104792626224794,taglish,comment,True,unanimous,3-0,0,0
t1_p75mdus,0,0.016029147431254387,-4.1171875,0,0.09999024868011475,0,0.030409221315410365,taglish,comment,True,majority,3-0,0,0
t1_p7jscyj,0,0.0204885546118021,-3.8671875,0,0.1729113757610321,0,0.03725852622845867,english,comment,True,adjudicator,2-1,0,0
t1_p44suuv,1,0.1540575623512268,-1.703125,0,0.6444239020347595,0,0.19276364470161525,taglish,comment,True,majority,3-0,1,1
t1_p2xyfk8,0,0.021287353709340096,-3.828125,0,0.22836875915527344,0,0.03845485393141624,taglish,comment,True,adjudicator,2-1,0,0
t3_1vd9bxu,0,0.012624949216842651,-4.359375,0,0.1039433479309082,0,0.024945916208147706,taglish,submission,True,unanimous,3-0,0,0
t1_p6e7cph,0,0.006589771714061499,-5.015625,0,0.07202714681625366,0,0.014519724407489786,taglish,comment,True,majority,3-0,0,0
t1_p74viyf,0,0.00806199200451374,-4.8125,0,0.04992372542619705,0,0.017177738851367554,taglish,comment,True,majority,3-0,0,0
t1_p4307hu,0,0.09568693488836288,-2.24609375,0,0.5670315623283386,0,0.13138909274827607,tagalog,comment,True,adjudicator,2-1,0,1
t1_p4sv9rj,0,0.013955711387097836,-4.2578125,0,0.1988644003868103,0,0.027109712297103704,english,comment,True,unanimous,3-0,0,0
t1_p505a7e,0,0.005384938325732946,-5.21875,0,0.05642559379339218,0,0.012267866617782905,tagalog,comment,True,unanimous,3-0,0,0
t1_p6y1y1a,1,0.6088266372680664,0.4423828125,1,0.820888876914978,0,0.5919417065819524,english,comment,True,majority,3-0,1,1
t1_p495jfo,0,0.633863627910614,0.548828125,1,0.8952479362487793,0,0.6133717604601012,taglish,comment,True,majority,3-0,0,0
t1_p42p9lh,0,0.14366762340068817,-1.78515625,0,0.5521387457847595,0,0.18225682653094702,english,comment,True,adjudicator,2-1,0,1
t1_p50xp0n,0,0.005301895085722208,-5.234375,0,0.033716797828674316,0,0.012109672500050959,english,comment,True,adjudicator,3-0,0,0
t1_p5i9rcc,0,0.04535258188843727,-3.046875,0,0.4120659828186035,0,0.07161737379523879,taglish,comment,True,majority,3-0,0,0
t1_p6i8fgj,0,0.3763938844203949,-0.5048828125,0,0.7198619842529297,0,0.39542749794344795,taglish,comment,True,majority,3-0,0,0
t1_p58fqwh,0,0.2240554690361023,-1.2421875,0,0.6165902018547058,0,0.26027282734556384,tagalog,comment,True,majority,3-0,0,0
t1_p73rqnd,0,0.05707139894366264,-2.8046875,0,0.2538846731185913,0,0.0863963294676897,taglish,comment,True,majority,3-0,0,0
t1_p2xh8dm,1,0.1276526302099228,-1.921875,0,0.4130856990814209,0,0.16574373483595486,taglish,comment,True,majority,3-0,1,1
t1_p7kdg5w,0,0.3490888178348541,-0.623046875,0,0.692074716091156,0,0.37193655875171794,taglish,comment,True,unanimous,3-0,0,0
t1_p6y41bi,0,0.009125636890530586,-4.6875,0,0.09363900870084763,0,0.01904537440639778,taglish,comment,True,unanimous,3-0,0,0
t1_p7k90op,0,0.3429014980792999,-0.650390625,0,0.6834235191345215,0,0.366581343414222,english,comment,True,majority,3-0,0,0
t1_p6xybqp,0,0.010818448849022388,-4.515625,0,0.0742536336183548,0,0.021941860280556204,taglish,comment,True,majority,3-0,0,0
t1_p7gsjfu,0,0.0792103260755539,-2.453125,0,0.36565300822257996,0,0.11276298495927924,english,comment,True,majority,3-0,0,0
t1_p6zzcr8,0,0.1778108775615692,-1.53125,0,0.5409990549087524,0,0.21625547618794472,taglish,comment,True,adjudicator,2-1,0,0
t1_p6px8ax,0,0.006589771714061499,-5.015625,0,0.065098837018013,0,0.014519724407489786,taglish,comment,True,unanimous,3-0,0,0
t1_p4y61wk,0,0.39875760674476624,-0.41064453125,0,0.6472000479698181,0,0.4145203118675678,taglish,comment,True,majority,3-0,0,0
t1_p7ht9w7,0,0.013325147330760956,-4.3046875,0,0.16234025359153748,0,0.026089250695529986,taglish,comment,True,unanimous,3-0,0,0
t1_p75i45o,0,0.009196552447974682,-4.6796875,0,0.06002821773290634,0,0.019168498708617598,english,comment,True,majority,3-0,0,0
t1_p2u99bb,0,0.04672495648264885,-3.015625,0,0.282757967710495,0,0.07338434406141699,taglish,comment,True,unanimous,3-0,0,0
t1_p7irjbh,0,0.19682621955871582,-1.40625,0,0.5233207941055298,0,0.23460108686359873,english,comment,True,majority,3-0,0,0
t1_p6t6gc5,0,0.18068422377109528,-1.51171875,0,0.5528126955032349,0,0.21905209306393933,taglish,comment,True,majority,3-0,0,0
t1_p2u2fb8,0,0.035678550601005554,-3.296875,0,0.24776145815849304,0,0.058837834333510926,english,comment,True,majority,3-0,0,0
t1_p7gs3t1,1,0.014172366820275784,-4.2421875,0,0.1730673760175705,0,0.02745841221115382,tagalog,comment,True,adjudicator,2-1,1,0
t1_p7jnr2h,0,0.4056842029094696,-0.3818359375,0,0.7698855400085449,0,0.42041147670368617,tagalog,comment,True,adjudicator,2-1,0,0
t1_p5ilvwj,0,0.02843603305518627,-3.53125,0,0.3171590268611908,0,0.04882686321954585,tagalog,comment,True,adjudicator,2-1,0,0
t1_p7bsazt,0,0.16830945014953613,-1.59765625,0,0.48650020360946655,0,0.20694107844104537,english,comment,True,adjudicator,2-1,0,0
t1_p6frm4j,0,0.5362522006034851,0.145263671875,1,0.8553390502929688,0,0.5305000103464966,tagalog,comment,True,majority,3-0,0,0
t1_p73ahuj,0,0.04885777831077576,-2.96875,0,0.23319564759731293,0,0.07611014920438598,english,comment,True,unanimous,3-0,0,0
t1_p45ucbl,0,0.4678787887096405,-0.128662109375,0,0.7935468554496765,0,0.4729784763710459,taglish,comment,True,adjudicator,2-1,0,0
t3_1vqar3t,0,0.020332353189587593,-3.875,0,0.17002052068710327,0,0.03702359103295126,tagalog,submission,True,adjudicator,2-1,0,0
t1_p6tzww2,0,0.10087861120700836,-2.1875,0,0.5797328352928162,0,0.13711506246759772,english,comment,True,majority,3-0,0,0
t1_p2vax93,0,0.4477017819881439,-0.2099609375,0,0.8112345933914185,0,0.4559754511116395,taglish,comment,True,adjudicator,2-1,0,0
t1_p5jm962,0,0.014392335899174213,-4.2265625,0,0.05356869846582413,0,0.027811469078793918,english,comment,True,majority,3-0,0,0
t1_p73g5uf,0,0.06325051933526993,-2.6953125,0,0.442099928855896,0,0.0939375001242139,english,comment,True,majority,3-0,0,0
t1_p5j5xv7,0,0.007937993854284286,-4.828125,0,0.05479718744754791,0,0.01695731888989483,tagalog,comment,True,majority,3-0,0,0
t1_p3zdpyp,0,0.07807817310094833,-2.46875,0,0.37028712034225464,0,0.11145513332986733,english,comment,True,majority,3-0,0,0
t1_p3k09j6,0,0.06142404302954674,-2.7265625,0,0.41726720333099365,0,0.0917246329073393,english,comment,True,majority,3-0,0,0
t1_p71xuwt,0,0.012821215204894543,-4.34375,0,0.19476263225078583,0,0.02526750703541755,taglish,comment,True,majority,3-0,0,0
t1_p7k238u,0,0.03384403511881828,-3.3515625,0,0.20295479893684387,0,0.056342354099420795,english,comment,True,majority,3-0,0,0
t1_p4bwv09,0,0.07640768587589264,-2.4921875,0,0.43415093421936035,0,0.10951823746712085,taglish,comment,True,unanimous,3-0,0,0
t1_p7jfi2l,0,0.1063188686966896,-2.12890625,0,0.5241302251815796,0,0.14304947536727633,english,comment,True,majority,3-0,0,0
t1_p6t5b41,0,0.802555501461029,1.40234375,1,0.917580783367157,1,0.7648085778058998,tagalog,comment,True,majority,3-0,0,0
t1_p4jvly9,0,0.008711384609341621,-4.734375,0,0.044786639511585236,0,0.01832275297193089,taglish,comment,True,majority,3-0,0,0
t1_p73e4cb,0,0.21403354406356812,-1.30078125,0,0.4844825863838196,0,0.25089919979349234,english,comment,True,majority,3-0,0,0
t1_p2u351c,0,0.09501305222511292,-2.25390625,0,0.3485473394393921,0,0.13064115551495428,english,comment,True,adjudicator,2-1,0,0
t1_p4fukrk,0,0.18417982757091522,-1.48828125,0,0.6086975336074829,0,0.22244225561305983,tagalog,comment,True,majority,3-0,0,0
t1_p4fthcx,0,0.06804042309522629,-2.6171875,0,0.33923739194869995,0,0.0996801448331925,tagalog,comment,True,majority,3-0,0,0
t1_p58finu,0,0.10017221421003342,-2.1953125,0,0.4595453143119812,0,0.13633964619162273,taglish,comment,True,unanimous,3-0,0,0
t1_p4yb0y5,0,0.021287353709340096,-3.828125,0,0.17708280682563782,0,0.03845485393141624,english,comment,True,majority,3-0,0,0
t1_p44lihp,0,0.501792848110199,0.007171630859375,1,0.8380478620529175,0,0.5015076451011108,tagalog,comment,True,adjudicator,2-1,0,0
t1_p4xie0n,0,0.32487764954566956,-0.7314453125,0,0.601908266544342,0,0.3509035906108915,tagalog,comment,True,unanimous,3-0,0,0
t1_p5fzrpl,0,0.188323974609375,-1.4609375,0,0.5826061367988586,0,0.22644457545721647,tagalog,comment,True,unanimous,3-0,0,0
t1_p7jp07q,0,0.09367801249027252,-2.26953125,0,0.47268134355545044,0,0.12915613360117612,taglish,comment,True,majority,3-0,0,0
t1_p72zbeg,1,0.5306925177574158,0.1229248046875,1,0.8307255506515503,0,0.5258187720839467,english,comment,True,majority,3-0,1,1
t1_p7lw5a1,0,0.6905590891838074,0.802734375,1,0.85003662109375,1,0.6626255164898969,tagalog,comment,True,adjudicator,2-1,0,0
t1_p4yahvy,0,0.005641908384859562,-5.171875,0,0.05695383995771408,0,0.012754795204657238,english,comment,True,majority,3-0,0,0
t1_p50vjka,0,0.39793843030929565,-0.4140625,0,0.6081374883651733,0,0.4138229450902299,english,comment,True,majority,3-0,0,0
t1_p6znmzk,0,0.008315778337419033,-4.78125,0,0.046107612550258636,0,0.01762705663183804,tagalog,comment,True,unanimous,3-0,0,0
t1_p30a9ex,0,0.2509128153324127,-1.09375,0,0.6120842695236206,0,0.28501281930031375,english,comment,True,adjudicator,2-1,0,0
t1_p747ipr,0,0.3250918686389923,-0.73046875,0,0.5896273851394653,0,0.35109065568724057,tagalog,comment,True,adjudicator,2-1,0,0
t1_p44surq,0,0.47265303134918213,-0.1094970703125,0,0.8254112005233765,0,0.47699732548942975,english,comment,True,adjudicator,2-1,0,0
t1_p7j5zvf,1,0.499267578125,-0.0029296875,0,0.740595817565918,0,0.49938410938235317,tagalog,comment,True,adjudicator,2-1,1,1
t1_p6jlcpw,0,0.8423450589179993,1.67578125,1,0.9277434349060059,1,0.803633174523904,english,comment,True,adjudicator,2-1,0,1
t1_p7lvuwf,0,0.7833262085914612,1.28515625,1,0.8862606287002563,1,0.7466232666483393,taglish,comment,True,majority,3-0,0,0
t1_p47eulu,0,0.907967209815979,2.2890625,1,0.9623943567276001,1,0.8726799018270401,tagalog,comment,True,adjudicator,2-1,0,1
t1_p7mqvuq,0,0.1766716092824936,-1.5390625,0,0.48913145065307617,0,0.21514409303823664,tagalog,comment,True,majority,3-0,0,0
t1_p3o6jlb,0,0.016914913430809975,-4.0625,0,0.13048610091209412,0,0.03179478789921633,english,comment,True,majority,3-0,0,0
t1_p64zlf9,0,0.02822098508477211,-3.5390625,0,0.2171488255262375,0,0.04852265983786787,english,comment,True,majority,3-0,0,0
t1_p42dg8y,0,0.007232763804495335,-4.921875,0,0.0628993809223175,0,0.015692012109965205,english,comment,True,majority,3-0,0,0
t1_p3zb2pk,0,0.39981165528297424,-0.40625,0,0.8209748268127441,0,0.41541742955286176,tagalog,comment,True,adjudicator,2-1,0,0
t1_p5djpdh,0,0.1650540828704834,-1.62109375,0,0.5695048570632935,0,0.20372526526350465,tagalog,comment,True,adjudicator,3-0,0,0
t1_p7lsgq0,0,0.12210386991500854,-1.97265625,0,0.38889217376708984,0,0.1599232063250482,english,comment,True,majority,3-0,0,0
t1_p30bmjw,0,0.03817827254533768,-3.2265625,0,0.34950029850006104,0,0.06219865064292488,english,comment,True,adjudicator,2-1,0,0
t1_p73kl5k,1,0.1859472095966339,-1.4765625,0,0.6188215017318726,0,0.2241513249602597,english,comment,True,adjudicator,2-1,1,1
t1_p4vo11e,1,0.7759445905685425,1.2421875,1,0.9028570055961609,1,0.7397271726544362,english,comment,True,adjudicator,2-1,1,1
t1_p72z0xt,0,0.7648915648460388,1.1796875,1,0.9186323881149292,1,0.7294817900631753,tagalog,comment,True,adjudicator,2-1,0,0
t1_p31od6l,0,0.4692161977291107,-0.123291015625,0,0.8475644588470459,0,0.4741044474401973,tagalog,comment,True,adjudicator,2-1,0,1
t1_p6yi684,0,0.007937993854284286,-4.828125,0,0.04816282540559769,0,0.01695731888989483,english,comment,True,adjudicator,2-1,0,0
t1_p50hmn1,0,0.03161877021193504,-3.421875,0,0.22637200355529785,0,0.053279996557382615,english,comment,True,adjudicator,2-1,0,0
t1_p2vsfpr,0,0.023330770432949066,-3.734375,0,0.17303884029388428,0,0.041478270266798234,english,comment,True,majority,3-0,0,0
t1_p4d0vb4,0,0.7233095169067383,0.9609375,1,0.9121398329734802,1,0.691693580745951,taglish,comment,True,majority,3-0,0,0
t1_p1xf4mj,0,0.012920473702251911,-4.3359375,0,0.09773282706737518,0,0.02542981333591582,english,comment,True,majority,3-0,0,0
t1_p4xt9rc,1,0.6905590891838074,0.802734375,1,0.8151840567588806,1,0.6626255164898969,english,comment,True,majority,3-0,1,1
t1_p6hu3xg,0,0.1749734729528427,-1.55078125,0,0.4982629716396332,0,0.2134848031428341,english,comment,True,majority,3-0,0,0
t1_p7ly1cf,0,0.3011564612388611,-0.841796875,0,0.6247720122337341,0,0.33007099540666274,tagalog,comment,True,unanimous,3-0,0,0
t1_p5jtd7h,0,0.9477691650390625,2.8984375,1,0.9694793224334717,1,0.9196266932173609,english,comment,True,adjudicator,2-1,0,1
t1_p5jldf6,1,0.7446563243865967,1.0703125,1,0.8944386839866638,1,0.7109540121956027,tagalog,comment,True,adjudicator,2-1,1,1
t1_p7min0w,0,0.10266400873661041,-2.16796875,0,0.33257532119750977,0,0.139069837953581,tagalog,comment,True,adjudicator,2-1,0,0
t1_p7k0v3f,0,0.034100428223609924,-3.34375,0,0.21587419509887695,0,0.05669266049325908,taglish,comment,True,majority,3-0,0,0
t1_p7mf016,0,0.2609540820121765,-1.041015625,0,0.5557518005371094,0,0.29413476085823886,english,comment,True,unanimous,3-0,0,0
t1_p50i4vw,0,0.6731916666030884,0.72265625,1,0.8777987957000732,1,0.647411180413251,english,comment,True,adjudicator,2-1,0,1
t1_p7lwno8,0,0.46447643637657166,-0.142333984375,0,0.7164449095726013,0,0.47011363464908246,tagalog,comment,True,adjudicator,2-1,0,0
t1_p52z89l,0,0.07640768587589264,-2.4921875,0,0.370642751455307,0,0.10951823746712085,english,comment,True,majority,3-0,0,0
t1_p56u2c3,0,0.07477004826068878,-2.515625,0,0.49069640040397644,0,0.10761092495793974,taglish,comment,True,unanimous,3-0,0,0
t1_p5a55za,0,0.009268012829124928,-4.671875,0,0.08910246938467026,0,0.019292403328946814,english,comment,True,majority,3-0,0,0
t1_p7b65rb,0,0.22135066986083984,-1.2578125,0,0.587083101272583,0,0.25775114185251313,english,comment,True,majority,3-0,0,0
t1_p7lnz1e,0,0.08977328985929489,-2.31640625,0,0.3064153790473938,0,0.12478714084026951,tagalog,comment,True,unanimous,3-0,0,0
t1_p7jddzl,0,0.23370636999607086,-1.1875,0,0.484476774930954,0,0.26922375275100974,tagalog,comment,True,adjudicator,2-1,0,0
t1_p2w6ktk,0,0.020645931363105774,-3.859375,0,0.23067370057106018,0,0.03749489417168912,english,comment,True,majority,3-0,0,0
t1_p4538ts,0,0.12984344363212585,-1.90234375,0,0.610244631767273,0,0.16802717720850893,taglish,comment,True,unanimous,3-0,0,0
t1_p5f3e8k,0,0.053009770810604095,-2.8828125,0,0.3713183104991913,0,0.08134982589677266,taglish,comment,True,unanimous,3-0,0,0
t1_p6tvfm4,0,0.09877258539199829,-2.2109375,0,0.5084459185600281,0,0.13479989240990084,english,comment,True,majority,3-0,0,0
t1_p5ruim4,0,0.8836382627487183,2.02734375,1,0.9341692924499512,1,0.8461587927853419,taglish,comment,True,adjudicator,2-1,0,1
t1_p5lizie,0,0.7360213398933411,1.025390625,1,0.8735283613204956,1,0.7031299659465458,english,comment,True,adjudicator,2-1,0,0
t1_p5zdh3f,0,0.24113182723522186,-1.146484375,0,0.6208252906799316,0,0.2760631339817292,tagalog,comment,True,unanimous,3-0,0,0
t1_p446w0q,0,0.07107366621494293,-2.5703125,0,0.20819783210754395,0,0.1032738272908698,english,comment,True,unanimous,3-0,0,0
t1_p73vo06,0,0.3832949995994568,-0.4755859375,0,0.6955527067184448,0,0.4013319188958476,tagalog,comment,True,unanimous,3-0,0,0
t1_p6eoviz,0,0.014615669846534729,-4.2109375,0,0.14641499519348145,0,0.028168934022987452,taglish,comment,True,majority,3-0,0,0
t1_p7lz0hm,0,0.2516477108001709,-1.08984375,0,0.549810528755188,0,0.2856826600936523,taglish,comment,True,adjudicator,2-1,0,0
t1_p7luuvw,0,0.1629120409488678,-1.63671875,0,0.5006875395774841,0,0.20160213416672107,tagalog,comment,True,adjudicator,2-1,0,0
t1_p76ea1t,1,0.8740772008895874,1.9375,1,0.920425295829773,1,0.8360650618268591,english,comment,True,majority,3-0,1,1
t1_p4jws32,0,0.00857748556882143,-4.75,0,0.07240083068609238,0,0.018087910909674893,taglish,comment,True,majority,3-0,0,0
t1_p452uju,0,0.12210386991500854,-1.97265625,0,0.5036306977272034,0,0.1599232063250482,english,comment,True,majority,3-0,0,0
t1_p5csvz1,0,0.018833130598068237,-3.953125,0,0.15680795907974243,0,0.034751305548429846,english,comment,True,majority,3-0,0,0
t1_p5iz0xr,0,0.053799647837877274,-2.8671875,0,0.3962189853191376,0,0.08233714724937115,tagalog,comment,True,unanimous,3-0,0,0
t1_p7kn318,0,0.006388320587575436,-5.046875,0,0.03570880740880966,0,0.014148472488418828,english,comment,True,majority,3-0,0,0
t1_p7lqb3b,0,0.12635333836078644,-1.93359375,0,0.4326325058937073,0,0.1643856442560153,tagalog,comment,True,unanimous,3-0,0,0
t1_p3mnzuq,0,0.4596824049949646,-0.16162109375,0,0.7720133066177368,0,0.46607555142792545,tagalog,comment,True,majority,3-0,0,0
t1_p7lt88q,0,0.03161877021193504,-3.421875,0,0.22803698480129242,0,0.053279996557382615,tagalog,comment,True,adjudicator,2-1,0,0
t1_p5s5z3l,0,0.00740301376208663,-4.8984375,0,0.0735725685954094,0,0.01599934885250053,english,comment,True,unanimous,3-0,0,0
t1_p4uuqg3,0,0.09704755246639252,-2.23046875,0,0.41354846954345703,0,0.1328958709132467,english,comment,True,adjudicator,2-1,0,0
t1_p50mfn3,1,0.48993057012557983,-0.040283203125,0,0.7812978625297546,0,0.4915323093950144,taglish,comment,True,adjudicator,2-1,1,1
t1_p4tz1s4,0,0.09739040583372116,-2.2265625,0,0.4146662652492523,0,0.13327484445883825,english,comment,True,majority,3-0,0,0
t1_p7lkmnu,0,0.007577240467071533,-4.875,0,0.04876874014735222,0,0.01631260519841396,taglish,comment,True,adjudicator,2-1,0,0
t1_p4u9lnx,0,0.009268012829124928,-4.671875,0,0.09633053839206696,0,0.019292403328946814,english,comment,True,unanimous,3-0,0,0
t1_p2uzf5f,0,0.02080449089407921,-3.8515625,0,0.20268580317497253,0,0.03773270286167332,english,comment,True,majority,3-0,0,0
t1_p7myz5z,1,0.575588047504425,0.3046875,1,0.7991247177124023,0,0.5637045527716033,taglish,comment,True,majority,3-0,1,1
t1_p7n04u3,0,0.5947866439819336,0.3837890625,1,0.8048836588859558,0,0.579988661499994,tagalog,comment,True,adjudicator,2-1,0,1
t1_p6819lj,0,0.010652512311935425,-4.53125,0,0.12981006503105164,0,0.02166165580193596,english,comment,True,adjudicator,2-1,0,0
t1_p7muw78,0,0.6557770371437073,0.64453125,1,0.8525470495223999,1,0.6322738299867816,tagalog,comment,True,adjudicator,2-1,0,1
t1_p4zya4n,0,0.005060331430286169,-5.28125,0,0.04771504923701286,0,0.01164708164113099,tagalog,comment,True,adjudicator,2-1,0,1
t1_p6zbn9x,0,0.015543648041784763,-4.1484375,0,0.11152821779251099,0,0.029643915077431703,english,comment,True,majority,3-0,0,0
t1_p30d2ij,1,0.6867902874946594,0.78515625,1,0.9159250259399414,1,0.6593131930455831,taglish,comment,True,majority,3-0,1,1
t1_p73uqhk,0,0.6943026781082153,0.8203125,1,0.8429175615310669,1,0.6659219538863388,tagalog,comment,True,adjudicator,2-1,0,0
t1_p5yke50,0,0.06142404302954674,-2.7265625,0,0.34270089864730835,0,0.0917246329073393,tagalog,comment,True,unanimous,3-0,0,0
t1_p7n3xxj,0,0.3995773196220398,-0.4072265625,0,0.7208794355392456,0,0.41521802138994635,taglish,comment,True,majority,3-0,0,0
t1_p30bovs,0,0.7846492528915405,1.29296875,1,0.9137721061706543,1,0.7478640505582298,tagalog,comment,True,adjudicator,2-1,0,0
t1_p7lwu7b,0,0.5630176067352295,0.25341796875,1,0.7986113429069519,0,0.5530738729903527,tagalog,comment,True,adjudicator,2-1,0,1
t1_p3mqc0v,0,0.3965354859828949,-0.419921875,0,0.6877220869064331,0,0.41262826415369463,tagalog,comment,True,majority,3-0,0,0
t1_p45za02,0,0.016277462244033813,-4.1015625,0,0.207953080534935,0,0.03079901777926179,taglish,comment,True,unanimous,3-0,0,0
t1_p3xlo9r,0,0.2751297354698181,-0.96875,0,0.5968356728553772,0,0.30690721631961576,english,comment,True,adjudicator,2-1,0,0
t1_p74gg7s,1,0.12210386991500854,-1.97265625,0,0.46239447593688965,0,0.1599232063250482,tagalog,comment,True,majority,3-0,1,1
t1_p2tug3t,0,0.4616841971874237,-0.153564453125,0,0.7570946216583252,0,0.46776183569212265,tagalog,comment,True,adjudicator,2-1,0,1
t1_p4cv0g5,0,0.19253934919834137,-1.43359375,0,0.6807068586349487,0,0.23049756038339744,tagalog,comment,True,adjudicator,2-1,0,0
t1_p77fwps,1,0.6540113091468811,0.63671875,1,0.8443900942802429,1,0.6307450736592908,taglish,comment,True,unanimous,3-0,1,1
t1_p468bor,1,0.17441026866436005,-1.5546875,0,0.6110751628875732,0,0.212933782722842,tagalog,comment,True,majority,3-0,1,1
t1_p42v4zw,0,0.5529018640518188,0.21240234375,1,0.8379685282707214,0,0.544533766141128,taglish,comment,True,unanimous,3-0,0,0
t1_p5bjpt3,0,0.11357959359884262,-2.0546875,0,0.4109421670436859,0,0.1508718452599252,tagalog,comment,True,majority,3-0,0,0
t1_p702cl9,0,0.02280263788998127,-3.7578125,0,0.1687646508216858,0,0.040701745238940656,tagalog,comment,True,unanimous,3-0,0,0
t1_p4u2980,0,0.1710611879825592,-1.578125,0,0.5062405467033386,0,0.20964946254352357,english,comment,True,unanimous,3-0,0,0
t1_p7m381y,0,0.7779752612113953,1.25390625,1,0.8866397142410278,1,0.7416199343926597,tagalog,comment,True,majority,3-0,0,0
t1_p73draa,0,0.9416541457176208,2.78125,1,0.9718181490898132,1,0.9120353045806864,english,comment,True,adjudicator,2-1,0,0
t1_p45gz72,0,0.011869121342897415,-4.421875,0,0.1599380373954773,0,0.02369898267355779,english,comment,True,adjudicator,2-1,0,1
t1_p66e9tm,0,0.05665242671966553,-2.8125,0,0.285244345664978,0,0.08587919242266953,english,comment,True,unanimous,3-0,0,0
t1_p680dh5,0,0.007460643537342548,-4.890625,0,0.11250042170286179,0,0.0161031045036028,english,comment,True,adjudicator,3-0,0,0
t1_p7m6ok7,0,0.10521054267883301,-2.140625,0,0.4234623312950134,0,0.1418457224173207,tagalog,comment,True,adjudicator,2-1,0,0
t1_p4cuwvf,0,0.677047073841095,0.740234375,1,0.8893827199935913,1,0.6507779284762655,tagalog,comment,True,adjudicator,2-1,0,1
t1_p74p0wo,0,0.4761533737182617,-0.095458984375,0,0.8109177350997925,0,0.47994298910193123,tagalog,comment,True,adjudicator,2-1,0,0
t1_p6euh2b,1,0.7620701193809509,1.1640625,1,0.9104995131492615,1,0.7268811594698317,tagalog,comment,True,majority,3-0,1,1
t1_p5w1gcd,0,0.03963883966207504,-3.1875,0,0.2454390525817871,0,0.06414242358011293,english,comment,True,adjudicator,2-1,0,0
t1_p2tqkgq,0,0.9235922694206238,2.4921875,1,0.9547498226165771,1,0.8904817625328791,tagalog,comment,True,adjudicator,2-1,0,1
t1_p6f25zx,0,0.05070536583662033,-2.9296875,0,0.2480163425207138,0,0.07845230186885735,english,comment,True,unanimous,3-0,0,0
t1_p58es7v,0,0.011597361415624619,-4.4453125,0,0.09489913284778595,0,0.023247235422007094,tagalog,comment,True,majority,3-0,0,0
t1_p3mvbds,1,0.45865172147750854,-0.165771484375,0,0.6956843733787537,0,0.4652071595615828,english,comment,True,adjudicator,2-1,1,1
t1_p5d2ib3,0,0.015189048834145069,-4.171875,0,0.11888264119625092,0,0.02908222185931275,tagalog,comment,True,adjudicator,2-1,0,0
t1_p6t62v0,0,0.6766198873519897,0.73828125,1,0.8785076141357422,1,0.6504045798985603,taglish,comment,True,adjudicator,2-1,0,0
t1_p5yuzso,0,0.1465751975774765,-1.76171875,0,0.5651797652244568,0,0.185212582539877,tagalog,comment,True,unanimous,3-0,0,0
t1_p44ag5k,0,0.4177464544773102,-0.33203125,0,0.6651394367218018,0,0.4306489643506658,english,comment,True,majority,3-0,0,0
t1_p5d6qte,0,0.04240382835268974,-3.1171875,0,0.3136177659034729,0,0.06778441541859084,english,comment,True,majority,3-0,0,0
t1_p6uad6g,0,0.01798621006309986,-4.0,0,0.2084812968969345,0,0.033453090433947306,english,comment,True,majority,3-0,0,0
t1_p3moxt8,0,0.031143829226493835,-3.4375,0,0.226495623588562,0,0.05262112549111433,tagalog,comment,True,majority,3-0,0,0
t1_p75lpor,0,0.3731902539730072,-0.5185546875,0,0.7237604856491089,0,0.3926823911126461,english,comment,True,unanimous,3-0,0,0
t1_p511vok,0,0.024798156693577766,-3.671875,0,0.21617257595062256,0,0.0436188752354492,tagalog,comment,True,majority,3-0,0,0
t1_p7dh05i,0,0.6627964973449707,0.67578125,1,0.8037228584289551,1,0.6383620511480745,taglish,comment,True,majority,3-0,0,0
t1_p4vkr17,0,0.10706345736980438,-2.12109375,0,0.42627137899398804,0,0.1438566966343733,tagalog,comment,True,adjudicator,2-1,0,0
t1_p7m57xc,0,0.4499061405658722,-0.2010498046875,0,0.7340812087059021,0,0.45783486742716156,tagalog,comment,True,unanimous,3-0,0,0
t1_p5s53tr,0,0.4078049957752228,-0.373046875,0,0.7196253538131714,0,0.4222133860986199,tagalog,comment,True,majority,3-0,0,0
t1_p4wg4c7,0,0.016657039523124695,-4.078125,0,0.15814493596553802,0,0.03139279703942328,english,comment,True,majority,3-0,0,0
t1_p516l0j,0,0.031143829226493835,-3.4375,0,0.22677187621593475,0,0.05262112549111433,taglish,comment,True,majority,3-0,0,0
t1_p30fm7m,0,0.16451646387577057,-1.625,0,0.5396789312362671,0,0.2031929271899292,tagalog,comment,True,adjudicator,2-1,0,0
t1_p5jr8mr,0,0.557002067565918,0.22900390625,1,0.7823082804679871,0,0.5479939207227695,tagalog,comment,True,adjudicator,2-1,0,1
t1_p7172i4,0,0.008124708198010921,-4.8046875,0,0.08669835329055786,0,0.01728900208415599,taglish,comment,True,unanimous,3-0,0,0
t1_p718bsb,0,0.06705629080533981,-2.6328125,0,0.3881966471672058,0,0.09850718407611837,english,comment,True,majority,3-0,0,0
t1_p30be6v,0,0.842863142490387,1.6796875,1,0.9396721720695496,1,0.8041510140415095,english,comment,True,adjudicator,2-1,0,0
t1_p4j7rfa,0,0.007937993854284286,-4.828125,0,0.07914462685585022,0,0.01695731888989483,english,comment,True,majority,3-0,0,0
t1_p7lvlbu,0,0.14854057133197784,-1.74609375,0,0.5533561110496521,0,0.18720358143375623,tagalog,comment,True,unanimous,3-0,0,0
t1_p7jt53l,0,0.0427221953868866,-3.109375,0,0.293469101190567,0,0.06820072085959658,taglish,comment,True,unanimous,3-0,0,0
t1_p7lsuj4,0,0.1710611879825592,-1.578125,0,0.5614714622497559,0,0.20964946254352357,tagalog,comment,True,adjudicator,2-1,0,0
t1_p729hba,0,0.7620701193809509,1.1640625,1,0.8913177251815796,1,0.7268811594698317,tagalog,comment,True,adjudicator,2-1,0,0
t1_p6lxtis,1,0.6300022602081299,0.5322265625,1,0.8872506618499756,0,0.6100559503639698,tagalog,comment,True,adjudicator,2-1,1,0
t1_p5junzy,0,0.3069423735141754,-0.814453125,0,0.7184797525405884,0,0.3351750783115984,tagalog,comment,True,adjudicator,2-1,0,1
t1_p72ytgg,1,0.8629302382469177,1.83984375,1,0.9083243608474731,1,0.8244970936732982,english,comment,True,adjudicator,2-1,1,1
t1_p45fxqi,0,0.01009131595492363,-4.5859375,0,0.11050976812839508,0,0.02070823033674438,tagalog,comment,True,adjudicator,2-1,0,1
t1_p77ljo2,0,0.5957277417182922,0.3876953125,1,0.8149961233139038,0,0.5807886220505624,tagalog,comment,True,adjudicator,2-1,0,1
t1_p6y4rd2,0,0.04742587357759476,-3.0,0,0.33884185552597046,0,0.07428280768046332,tagalog,comment,True,adjudicator,2-1,0,0
t1_p5bugb4,1,0.7483522891998291,1.08984375,1,0.8862175345420837,1,0.7143173399063477,english,comment,True,majority,3-0,1,1
t1_p4isyyt,0,0.004264634568244219,-5.453125,0,0.0324423611164093,0,0.010095554259196948,taglish,comment,True,unanimous,3-0,0,0
t1_p5d5tww,0,0.012527931481599808,-4.3671875,0,0.12934887409210205,0,0.024786619840315965,taglish,comment,True,unanimous,3-0,0,0
t1_p76s0i1,0,0.780662477016449,1.26953125,1,0.8893567323684692,1,0.7441296248011784,tagalog,comment,True,adjudicator,2-1,0,1
t1_p7ls1mp,0,0.4560312032699585,-0.17633056640625,0,0.6597254276275635,0,0.46299883124354424,english,comment,True,adjudicator,2-1,0,1
t1_p387mh6,0,0.006903837900608778,-4.96875,0,0.07838974893093109,0,0.015094666435081956,taglish,comment,True,unanimous,3-0,0,0
t1_p7k0m6n,0,0.29624688625335693,-0.865234375,0,0.6167053580284119,0,0.32572765491258504,english,comment,True,majority,3-0,0,0
t1_p77o8p9,0,0.9130584001541138,2.3515625,1,0.9571568965911865,1,0.8784059146993406,taglish,comment,True,adjudicator,2-1,0,1
t1_p4u7ozv,0,0.01374231930822134,-4.2734375,0,0.09829117357730865,0,0.02676531872479277,english,comment,True,majority,3-0,0,0
t1_p3z7bs5,0,0.6766198873519897,0.73828125,1,0.9176205992698669,1,0.6504045798985603,tagalog,comment,True,adjudicator,2-1,0,1
t1_p7loryq,0,0.2929997146129608,-0.880859375,0,0.6945831179618835,0,0.32284857991428895,tagalog,comment,True,adjudicator,2-1,0,0
t1_p7jf0r2,0,0.2330075204372406,-1.19140625,0,0.5129680633544922,0,0.26857799317800785,english,comment,True,adjudicator,2-1,0,1
t1_p30e7kk,0,0.8250265121459961,1.55078125,1,0.9312390685081482,1,0.7865151968571659,tagalog,comment,True,adjudicator,2-1,0,1
t1_p51369z,0,0.026355354115366936,-3.609375,0,0.2161741852760315,0,0.04586466623744067,english,comment,True,majority,3-0,0,0
t1_p7mc36a,0,0.5487943887710571,0.19580078125,1,0.7827571630477905,0,0.5410693065965746,tagalog,comment,True,unanimous,3-0,0,0
t1_p4ll1ak,0,0.19132769107818604,-1.44140625,0,0.531589686870575,0,0.2293344014269376,english,comment,True,majority,3-0,0,0
t1_p5dxf1t,0,0.00985985528677702,-4.609375,0,0.12314096093177795,0,0.020312306357168908,tagalog,comment,True,majority,3-0,0,0
t1_p6egz8h,0,0.08269734680652618,-2.40625,0,0.35950106382369995,0,0.11676715918750867,english,comment,True,majority,3-0,0,0
t1_p6u5m5s,0,0.40945693850517273,-0.3662109375,0,0.8067082762718201,0,0.42361630671390915,taglish,comment,True,majority,3-0,0,0
t1_p7lz7qd,0,0.8397339582443237,1.65625,1,0.9212936758995056,1,0.801028461619562,tagalog,comment,True,adjudicator,2-1,0,0
t1_p32bbyd,1,0.4263215959072113,-0.296875,0,0.8503968119621277,0,0.4379118328769823,taglish,comment,True,majority,3-0,1,1
t1_p7lx153,0,0.1398656666278839,-1.81640625,0,0.4345201849937439,0,0.17837302243938866,tagalog,comment,True,majority,3-0,0,0
t1_p5t8r1x,0,0.0059110685251653194,-5.125,0,0.055129602551460266,0,0.013260791187594117,english,comment,True,unanimous,3-0,0,0
t1_p6zbl8i,0,0.007577240467071533,-4.875,0,0.09388121217489243,0,0.01631260519841396,taglish,comment,True,adjudicator,2-1,0,1
t1_p7m5qex,0,0.04535258188843727,-3.046875,0,0.35443973541259766,0,0.07161737379523879,english,comment,True,unanimous,3-0,0,0
t1_p50z1kz,0,0.01678548939526081,-4.0703125,0,0.14029757678508759,0,0.031593173968374584,english,comment,True,majority,3-0,0,0
t1_p7m05zg,0,0.6893056035041809,0.796875,1,0.8562389612197876,1,0.661523161598525,english,comment,True,majority,3-0,0,0
t1_p5bqaya,1,0.4737181067466736,-0.105224609375,0,0.715179443359375,0,0.47789367189371657,english,comment,True,adjudicator,2-1,1,1
t1_p3mn17a,0,0.03514484316110611,-3.3125,0,0.30739569664001465,0,0.05811445288983362,taglish,comment,True,unanimous,3-0,0,0
t1_p70kvvd,0,0.14903530478477478,-1.7421875,0,0.5504559278488159,0,0.1877038975909775,english,comment,True,unanimous,3-0,0,0
t1_p5luaf8,0,0.7704647779464722,1.2109375,1,0.8677915334701538,1,0.7346360648754127,tagalog,comment,True,unanimous,3-0,0,0
t1_p77i4ja,0,0.7333563566207886,1.01171875,1,0.8770487308502197,1,0.700724588950452,english,comment,True,adjudicator,2-1,0,1
t1_p4k59bk,0,0.0064882696606218815,-5.03125,0,0.05797401815652847,0,0.014332913951778192,english,comment,True,majority,3-0,0,0
t1_p6eedw6,0,0.4668455719947815,-0.1328125,0,0.7847821116447449,0,0.47210859544320055,taglish,comment,True,majority,3-0,0,0
t1_p4452nc,0,0.007695646956562996,-4.859375,0,0.030016183853149414,0,0.016524785711200005,english,comment,True,majority,3-0,0,0
t1_p5dxbs7,0,0.008315778337419033,-4.78125,0,0.04386819154024124,0,0.01762705663183804,tagalog,comment,True,majority,3-0,0,0
t1_p7m8j5k,1,0.7634837031364441,1.171875,1,0.8977264165878296,1,0.7281834239994065,tagalog,comment,True,majority,3-0,1,1
t1_p610xfe,0,0.09501305222511292,-2.25390625,0,0.3508070111274719,0,0.13064115551495428,tagalog,comment,True,majority,3-0,0,0
t1_p4yddnz,0,0.010328153148293495,-4.5625,0,0.08616068214178085,0,0.02111170529540571,english,comment,True,majority,3-0,0,0
t1_p5jjsuq,0,0.8006919622421265,1.390625,1,0.9122756719589233,1,0.7630314066157481,tagalog,comment,True,adjudicator,2-1,0,1
t1_p30a33k,1,0.9167081117630005,2.3984375,1,0.9590913653373718,1,0.8825536032906919,tagalog,comment,True,adjudicator,2-1,1,1
t1_p5q08hk,1,0.5515737533569336,0.20703125,1,0.771103024482727,0,0.5434133667640627,tagalog,comment,True,majority,3-0,1,1
t1_p7dlmrq,0,0.19253934919834137,-1.43359375,0,0.49321794509887695,0,0.23049756038339744,english,comment,True,majority,3-0,0,0
t1_p5alzy3,1,0.06418264657258987,-2.6796875,0,0.4381178319454193,0,0.09506178579807578,taglish,comment,True,majority,3-0,1,1
t1_p73rxxq,1,0.04177388176321983,-3.1328125,0,0.42917025089263916,0,0.06695886576872014,english,comment,True,adjudicator,2-1,1,0
t1_p3oa9m7,0,0.014281933195888996,-4.234375,0,0.21092075109481812,0,0.02763439284260392,tagalog,comment,True,adjudicator,2-1,0,0
t1_p5j6obd,0,0.1276526302099228,-1.921875,0,0.5548434257507324,0,0.16574373483595486,tagalog,comment,True,majority,3-0,0,0
t1_p7lqtlz,1,0.4383644163608551,-0.247802734375,0,0.7148649096488953,0,0.4480935744018821,english,comment,True,adjudicator,2-1,1,0
t1_p66cgu2,1,0.2825919985771179,-0.931640625,0,0.595016360282898,0,0.31358471662739346,tagalog,comment,True,adjudicator,2-1,1,0
t1_p7m8iww,0,0.8701565861701965,1.90234375,1,0.922944962978363,1,0.8319728227914911,taglish,comment,True,majority,3-0,0,0
t1_p7igqse,1,0.8354835510253906,1.625,1,0.9094850420951843,1,0.7968070728100708,tagalog,comment,True,majority,3-0,1,1
t1_p3oiuav,1,0.6671476364135742,0.6953125,1,0.8175733089447021,1,0.6421448920577635,english,comment,True,adjudicator,2-1,1,1
t1_p7n16lm,0,0.11124119907617569,-2.078125,0,0.4912344813346863,0,0.14836433216000197,taglish,comment,True,unanimous,3-0,0,0
t1_p733aoh,1,0.8193157911300659,1.51171875,1,0.9360315799713135,1,0.7809479069360606,taglish,comment,True,majority,3-0,1,1
t1_p5xey6d,0,0.037047166377305984,-3.2578125,0,0.1789226531982422,0,0.060683374475479154,english,comment,True,unanimous,3-0,0,0
t1_p6tp72a,0,0.36954259872436523,-0.5341796875,0,0.7045730352401733,0,0.3895534193473538,taglish,comment,True,adjudicator,2-1,0,0
t1_p3xxbj0,0,0.005139610730111599,-5.265625,0,0.034506700932979584,0,0.011799304903314928,tagalog,comment,True,adjudicator,3-0,0,0
t1_p44q444,0,0.06853749603033066,-2.609375,0,0.32132190465927124,0,0.10027127089938377,tagalog,comment,True,unanimous,3-0,0,0
t1_p4xz0s4,0,0.332852303981781,-0.6953125,0,0.5784398913383484,0,0.3578551079422365,tagalog,comment,True,adjudicator,2-1,0,1
t1_p4xldd2,0,0.012241275049746037,-4.390625,0,0.10804054141044617,0,0.024314656513778996,taglish,comment,True,majority,3-0,0,0
t3_1vqn89y,0,0.006797531619668007,-4.984375,0,0.0647803470492363,0,0.014900570634208587,taglish,submission,True,majority,3-0,0,0
t1_p461yau,0,0.5869964361190796,0.3515625,1,0.7556044459342957,0,0.5733733122206832,taglish,comment,True,majority,3-0,0,0
t1_p51blof,0,0.025760557502508163,-3.6328125,0,0.18546521663665771,0,0.04500987850035349,tagalog,comment,True,adjudicator,3-0,0,0
t1_p55v360,0,0.633863627910614,0.548828125,1,0.8710924983024597,0,0.6133717604601012,tagalog,comment,True,majority,3-0,0,0
t1_p46rh5r,0,0.017045317217707634,-4.0546875,0,0.1536438912153244,0,0.031997645931048715,taglish,comment,True,majority,3-0,0,0
t1_p7mc4rp,0,0.45184046030044556,-0.1932373046875,0,0.7326273918151855,0,0.4594660092951986,tagalog,comment,True,majority,3-0,0,0
t1_p4kzdl5,0,0.4604102373123169,-0.15869140625,0,0.757900595664978,0,0.4666886580502242,tagalog,comment,True,adjudicator,2-1,0,0
t1_p56k2bj,0,0.2759094536304474,-0.96484375,0,0.7393493056297302,0,0.30760637566340004,tagalog,comment,True,adjudicator,2-1,0,0
t1_p46fyu9,0,0.03185885399580002,-3.4140625,0,0.22442075610160828,0,0.05361234459346564,english,comment,True,majority,3-0,0,0
t1_p6j8qqn,0,0.021287353709340096,-3.828125,0,0.13222727179527283,0,0.03845485393141624,taglish,comment,True,majority,3-0,0,0
t1_p4uxjit,0,0.1427091360092163,-1.79296875,0,0.535575270652771,0,0.1812797555920471,english,comment,True,majority,3-0,0,0
t1_p5v4a9p,0,0.6018275618553162,0.4130859375,1,0.8198717832565308,0,0.585977842386294,taglish,comment,True,majority,3-0,0,0
t1_p7mf6jg,0,0.740174412727356,1.046875,1,0.8689790964126587,1,0.7068871682572745,tagalog,comment,True,adjudicator,2-1,0,0
t1_p7lvryi,0,0.44435375928878784,-0.2235107421875,0,0.7374861240386963,0,0.4531504865415941,tagalog,comment,True,unanimous,3-0,0,0
t1_p5l58uw,0,0.5409845113754272,0.164306640625,1,0.7575297355651855,0,0.5344863730016247,tagalog,comment,True,adjudicator,2-1,0,0
t1_p6y3oor,0,0.007937993854284286,-4.828125,0,0.04495922848582268,0,0.01695731888989483,english,comment,True,majority,3-0,0,0
t1_p4j29k6,0,0.07316472381353378,-2.5390625,0,0.44627973437309265,0,0.10573288515955764,english,comment,True,majority,3-0,0,0
t1_p627nx9,0,0.6825737357139587,0.765625,1,0.8319408893585205,1,0.6556145053328962,english,comment,True,adjudicator,2-1,0,1
t1_p6f0edl,1,0.7956580519676208,1.359375,1,0.9002377390861511,1,0.7582471683090021,tagalog,comment,True,majority,3-0,1,1
t1_p6kbz9w,0,0.11797800660133362,-2.01171875,0,0.5107952952384949,0,0.15555935516334,tagalog,comment,True,adjudicator,2-1,0,0
t1_p4zy57r,0,0.8250265121459961,1.55078125,1,0.9201043844223022,1,0.7865151968571659,tagalog,comment,True,adjudicator,2-1,0,1
t3_1vl1vnf,0,0.010652512311935425,-4.53125,0,0.09362278878688812,0,0.02166165580193596,tagalog,submission,True,majority,3-0,0,0
t1_p33ap6r,1,0.15974101424217224,-1.66015625,0,0.6152353286743164,0,0.19844852616656347,taglish,comment,True,majority,3-0,1,1
t1_p4zy17b,1,0.35220175981521606,-0.609375,0,0.6032527089118958,0,0.3746260990429224,english,comment,True,adjudicator,2-1,1,0
t1_p64hplz,0,0.6774740219116211,0.7421875,1,0.8598584532737732,1,0.6511510921921699,tagalog,comment,True,adjudicator,2-1,0,1
t1_p6xo7to,1,0.3464307188987732,-0.634765625,0,0.7024521231651306,0,0.369637527141717,tagalog,comment,True,adjudicator,2-1,1,1
t1_p6vk56k,0,0.07477004826068878,-2.515625,0,0.49166780710220337,0,0.10761092495793974,taglish,comment,True,majority,3-0,0,0
t1_p3zjbyt,1,0.9136765599250793,2.359375,1,0.9560407400131226,1,0.8791058540093102,tagalog,comment,True,adjudicator,2-1,1,1
t1_p7lzbql,0,0.83601975440979,1.62890625,1,0.9226996302604675,1,0.797338373902854,tagalog,comment,True,adjudicator,2-1,0,0
t1_p7jgx0i,0,0.008711384609341621,-4.734375,0,0.04905559867620468,0,0.01832275297193089,english,comment,True,majority,3-0,0,0
t1_p5bj47c,0,0.0064882696606218815,-5.03125,0,0.06898225843906403,0,0.014332913951778192,taglish,comment,True,adjudicator,3-0,0,0
t1_p5ajepy,0,0.021125193685293198,-3.8359375,0,0.19544225931167603,0,0.03821267465431506,tagalog,comment,True,majority,3-0,0,0
t1_p5083g2,0,0.021125193685293198,-3.8359375,0,0.1492811143398285,0,0.03821267465431506,english,comment,True,majority,3-0,0,0
t1_p7ltic7,0,0.3923368453979492,-0.4375,0,0.7425808906555176,0,0.4090504428036562,taglish,comment,True,adjudicator,2-1,0,0
t1_p7n0o3p,0,0.4014531373977661,-0.3994140625,0,0.7505310773849487,0,0.41681405893104484,tagalog,comment,True,unanimous,3-0,0,0
t1_p7n0ga9,0,0.858244001865387,1.80078125,1,0.9282891154289246,1,0.8196932322627583,taglish,comment,True,adjudicator,2-1,0,0
t1_p7lebl4,0,0.011244560591876507,-4.4765625,0,0.0701969563961029,0,0.02265796219044205,tagalog,comment,True,adjudicator,2-1,0,0
t1_p7n1v1v,0,0.5959630012512207,0.388671875,1,0.7944006323814392,0,0.5809885460218092,taglish,comment,True,adjudicator,2-1,0,1
t1_p7mctno,0,0.5720056891441345,0.2900390625,1,0.8006057143211365,0,0.5606727464324446,tagalog,comment,True,adjudicator,2-1,0,0
t1_p4kzv99,1,0.07864238321781158,-2.4609375,0,0.43308138847351074,0,0.11210739277643099,tagalog,comment,True,adjudicator,2-1,1,1
t1_p7jnuge,0,0.011508148163557053,-4.453125,0,0.10342514514923096,0,0.023098529302782275,english,comment,True,majority,3-0,0,0
t1_p455jti,0,0.2062538117170334,-1.34765625,0,0.6038662791252136,0,0.24356379332536796,english,comment,True,majority,3-0,0,0
t1_p5dnn5b,0,0.8933094143867493,2.125,1,0.9637250900268555,1,0.8565473866952571,taglish,comment,True,majority,3-0,0,0
t1_p43r8ma,0,0.014842418022453785,-4.1953125,0,0.14910081028938293,0,0.02853085868076166,english,comment,True,majority,3-0,0,0
t1_p7mh06f,0,0.4562886655330658,-0.17529296875,0,0.7850843667984009,0,0.46321577172628975,tagalog,comment,True,adjudicator,2-1,0,0
t1_p4u0e8o,0,0.36817848682403564,-0.5400390625,0,0.5808456540107727,0,0.3883823804229595,english,comment,True,adjudicator,2-1,0,0
t1_p6m6aah,0,0.009055264294147491,-4.6953125,0,0.06407740712165833,0,0.018923025705981627,taglish,comment,True,majority,3-0,0,0
t1_p1myxf9,0,0.005060331430286169,-5.28125,0,0.03096601739525795,0,0.01164708164113099,english,comment,True,majority,3-0,0,0
t1_p3rxrx2,0,0.14128142595291138,-1.8046875,0,0.5207142233848572,0,0.17982180351043184,tagalog,comment,True,majority,3-0,0,0
t1_p7n6vpo,0,0.32766830921173096,-0.71875,0,0.7007473707199097,0,0.35333899222113413,tagalog,comment,True,unanimous,3-0,0,0
t1_p7n72jk,0,0.05460060387849808,-2.8515625,0,0.38045406341552734,0,0.08333536443528607,english,comment,True,adjudicator,2-1,0,1
t1_p6tqlro,0,0.026155617088079453,-3.6171875,0,0.2992774248123169,0,0.04557803374078802,taglish,comment,True,majority,3-0,0,0
t1_p7mk698,0,0.05707139894366264,-2.8046875,0,0.35413414239883423,0,0.0863963294676897,tagalog,comment,True,adjudicator,2-1,0,0
t1_p76eqcm,1,0.39817240834236145,-0.4130859375,0,0.6255914568901062,0,0.414022157613706,english,comment,True,adjudicator,2-1,1,1
t1_p7ksy6a,0,0.009125636890530586,-4.6875,0,0.046956807374954224,0,0.01904537440639778,tagalog,comment,True,majority,3-0,0,0
t1_p4xxwxn,0,0.019419347867369652,-3.921875,0,0.17177800834178925,0,0.03564362404926632,english,comment,True,unanimous,3-0,0,0
t1_p7mtgul,0,0.7786493301391602,1.2578125,1,0.9114123582839966,1,0.7422488581474869,tagalog,comment,True,unanimous,3-0,0,0
t1_p2tqipw,1,0.6959583163261414,0.828125,1,0.8982623815536499,1,0.6673818740505518,tagalog,comment,True,majority,3-0,1,1
t1_p5dvi1v,0,0.01374231930822134,-4.2734375,0,0.11023636907339096,0,0.02676531872479277,tagalog,comment,True,majority,3-0,0,0
t1_p7jqa0f,0,0.053009770810604095,-2.8828125,0,0.2255842685699463,0,0.08134982589677266,tagalog,comment,True,majority,3-0,0,0
t1_p78jbcj,0,0.007577240467071533,-4.875,0,0.04217171296477318,0,0.01631260519841396,english,comment,True,majority,3-0,0,0
t1_p51b5nl,0,0.00806199200451374,-4.8125,0,0.07020503282546997,0,0.017177738851367554,english,comment,True,majority,3-0,0,0
t1_p7mb1zu,0,0.06903792917728424,-2.6015625,0,0.3662320077419281,0,0.10086550974537763,tagalog,comment,True,unanimous,3-0,0,0
t1_p7m5dkz,0,0.15152934193611145,-1.72265625,0,0.5592197775840759,0,0.19022090010431073,english,comment,True,majority,3-0,0,0
t1_p7k4hik,0,0.22202469408512115,-1.25390625,0,0.6424245834350586,0,0.2583800656073403,taglish,comment,True,adjudicator,2-1,0,0
t1_p7m0qh3,0,0.013222821988165379,-4.3125,0,0.1380670666694641,0,0.025922847475577663,taglish,comment,True,majority,3-0,0,0
t1_p7mjd9n,1,0.6980208158493042,0.837890625,1,0.8636993169784546,1,0.6692022617415332,taglish,comment,True,unanimous,3-0,1,1
t1_p4y64c3,0,0.16238003969192505,-1.640625,0,0.5674932599067688,0,0.20107394295924333,taglish,comment,True,adjudicator,2-1,0,0
t1_p48b9hy,0,0.012624949216842651,-4.359375,0,0.09995919466018677,0,0.024945916208147706,taglish,comment,True,unanimous,3-0,0,0
t1_p750jhx,0,0.22953519225120544,-1.2109375,0,0.5706498026847839,0,0.26536393512458745,tagalog,comment,True,adjudicator,2-1,0,0
t1_p2tpzco,1,0.7711548805236816,1.21484375,1,0.906554102897644,1,0.7352759200674208,taglish,comment,True,adjudicator,2-1,1,1
t1_p4mixqq,0,0.28616926074028015,-0.9140625,0,0.7076431512832642,0,0.31677513246684996,tagalog,comment,True,adjudicator,2-1,0,1
t1_p4u5001,0,0.015424554236233234,-4.15625,0,0.12997619807720184,0,0.02945552511264557,english,comment,True,majority,3-0,0,0
t1_p3k9gx1,0,0.0333368256688118,-3.3671875,0,0.33525797724723816,0,0.05564783927676872,tagalog,comment,True,adjudicator,2-1,0,0
t1_p5b3kwg,0,0.7610060572624207,1.158203125,1,0.8626765012741089,1,0.7259019090984941,tagalog,comment,True,adjudicator,2-1,0,0
t1_p5zotr8,0,0.8766343593597412,1.9609375,1,0.9426388740539551,1,0.8387484556836241,tagalog,comment,True,majority,3-0,0,0
t1_p5jkxyk,1,0.8749346137046814,1.9453125,1,0.9586626887321472,1,0.8369634929729789,taglish,comment,True,majority,3-0,1,1
t1_p7lvgds,0,0.8568122982978821,1.7890625,1,0.9431101679801941,1,0.8182322196109115,tagalog,comment,True,majority,3-0,0,0
t1_p4wzm2e,0,0.008380454033613205,-4.7734375,0,0.07004635035991669,0,0.01774117764008002,english,comment,True,unanimous,3-0,0,0
t1_p5vx7lp,1,0.012722708284854889,-4.3515625,0,0.1201786994934082,0,0.025106209971435336,english,comment,True,adjudicator,2-1,1,0
t1_p7mnl05,0,0.31742629408836365,-0.765625,0,0.6684686541557312,0,0.3443854946671037,tagalog,comment,True,unanimous,3-0,0,0
t1_p6ezudb,0,0.05749328061938286,-2.796875,0,0.30166107416152954,0,0.08691628445862204,taglish,comment,True,unanimous,3-0,0,0
t1_p5irplk,0,0.00955939944833517,-4.640625,0,0.11864672601222992,0,0.019795920232554016,taglish,comment,True,unanimous,3-0,0,0
t1_p7mfg7n,0,0.06608537584543228,-2.6484375,0,0.4278141260147095,0,0.09734653344773303,tagalog,comment,True,adjudicator,2-1,0,0
t1_p4ueu4r,0,0.014392335899174213,-4.2265625,0,0.11309075355529785,0,0.027811469078793918,taglish,comment,True,adjudicator,3-0,0,0
t1_p7m2x0y,0,0.40910276770591736,-0.36767578125,0,0.731839656829834,0,0.4233155763750679,tagalog,comment,True,adjudicator,2-1,0,0
t1_p4mooy7,0,0.037326887249946594,-3.25,0,0.2129652202129364,0,0.061058924611185714,tagalog,comment,True,adjudicator,3-0,0,0
t1_p7lokkm,0,0.4434799253940582,-0.22705078125,0,0.7163461446762085,0,0.45241292213212153,tagalog,comment,True,adjudicator,2-1,0,0
t1_p7lp80y,0,0.442516028881073,-0.23095703125,0,0.7396717071533203,0,0.45159930055527636,tagalog,comment,True,adjudicator,2-1,0,0
t1_p7agwnf,0,0.034100428223609924,-3.34375,0,0.2327936887741089,0,0.05669266049325908,tagalog,comment,True,unanimous,3-0,0,0
t1_p6xo7mp,0,0.04672495648264885,-3.015625,0,0.3852764070034027,0,0.07338434406141699,tagalog,comment,True,unanimous,3-0,0,0
t1_p6zjax0,0,0.007695646956562996,-4.859375,0,0.059022899717092514,0,0.016524785711200005,tagalog,comment,True,majority,3-0,0,0
t1_p7bki45,0,0.06560484319925308,-2.65625,0,0.3543606400489807,0,0.0967707950096937,english,comment,True,majority,3-0,0,0
t1_p57oyhj,0,0.008187909610569477,-4.796875,0,0.09475749731063843,0,0.017400973228886812,english,comment,True,majority,3-0,0,0
t1_p7jie1w,0,0.055005285888910294,-2.84375,0,0.288336843252182,0,0.08383858826257104,tagalog,comment,True,unanimous,3-0,0,0
t1_p513bmg,1,0.733738124370575,1.013671875,1,0.8419835567474365,1,0.701068897405616,english,comment,True,adjudicator,2-1,1,0
t1_p736ggr,0,0.7662936449050903,1.1875,1,0.8809663653373718,1,0.7307762472489904,english,comment,True,unanimous,3-0,0,0
t1_p5jdv8x,0,0.007345826830714941,-4.90625,0,0.03261300548911095,0,0.01589625091975806,tagalog,comment,True,majority,3-0,0,0
t1_p5jhb6o,0,0.012241275049746037,-4.390625,0,0.11938774585723877,0,0.024314656513778996,tagalog,comment,True,adjudicator,2-1,0,0
t1_p73rg96,1,0.8104788661003113,1.453125,1,0.890178382396698,1,0.7724025939125357,taglish,comment,True,adjudicator,3-0,1,1
t1_p4veg0e,0,0.012147169560194016,-4.3984375,0,0.10981930792331696,0,0.024159291283482317,english,comment,True,majority,3-0,0,0
t1_p4ugaif,0,0.027585282921791077,-3.5625,0,0.1727425903081894,0,0.04762080702464712,english,comment,True,unanimous,3-0,0,0
t1_p643guo,0,0.06233103200793266,-2.7109375,0,0.33025476336479187,0,0.09282514732160799,taglish,comment,True,adjudicator,2-1,0,1
t1_p4zkylt,0,0.011597361415624619,-4.4453125,0,0.07941049337387085,0,0.023247235422007094,english,comment,True,adjudicator,2-1,0,0
t1_p2uml1r,1,0.43854472041130066,-0.2470703125,0,0.7465349435806274,0,0.4482458926179911,english,comment,True,adjudicator,2-1,1,1
t1_p2uhdx6,0,0.6509112119674683,0.623046875,1,0.8466140627861023,1,0.6280634412482821,taglish,comment,True,unanimous,3-0,0,0
t1_p5x0sxv,1,0.8000679016113281,1.38671875,1,0.8705615401268005,1,0.7624369629014882,tagalog,comment,True,majority,3-0,1,1
t1_p2tyawn,0,0.8836382627487183,2.02734375,1,0.945365846157074,1,0.8461587927853419,tagalog,comment,True,adjudicator,2-1,0,1
t1_p5c5o6c,0,0.06656918674707413,-2.640625,0,0.3700873851776123,0,0.09792532587823569,taglish,comment,True,majority,3-0,0,0
t1_p4zsr2h,0,0.010818448849022388,-4.515625,0,0.21404024958610535,0,0.021941860280556204,taglish,comment,True,majority,3-0,0,0
t1_p51aow7,0,0.6074303388595581,0.4365234375,1,0.8375357389450073,0,0.5907510381245352,tagalog,comment,True,adjudicator,2-1,0,1
t1_p60ftr7,0,0.006692850962281227,-5.0,0,0.058598361909389496,0,0.01470893335437296,english,comment,True,majority,3-0,0,0
t1_p7jqdah,0,0.019870713353157043,-3.8984375,0,0.21975764632225037,0,0.03632730247051971,taglish,comment,True,majority,3-0,0,0
t1_p7n2vs1,0,0.4942019283771515,-0.023193359375,0,0.7683498859405518,0,0.4951243513580175,tagalog,comment,True,adjudicator,2-1,0,1
t1_p5s30sq,0,0.004264634568244219,-5.453125,0,0.05884702131152153,0,0.010095554259196948,english,comment,True,adjudicator,2-1,0,0
t1_p6z5htd,0,0.015189048834145069,-4.171875,0,0.17095497250556946,0,0.02908222185931275,taglish,comment,True,majority,3-0,0,0
t1_p4zvlej,0,0.006797531619668007,-4.984375,0,0.04647856205701828,0,0.014900570634208587,taglish,comment,True,unanimous,3-0,0,0
t1_p5i9015,0,0.17272931337356567,-1.56640625,0,0.5879589319229126,0,0.21128695064018865,tagalog,comment,True,adjudicator,2-1,0,0
t1_p73r98w,0,0.914290726184845,2.3671875,1,0.955482006072998,1,0.8798023155436258,tagalog,comment,True,adjudicator,2-1,0,1
t1_p7ml1k9,0,0.8423450589179993,1.67578125,1,0.9387820959091187,1,0.803633174523904,tagalog,comment,True,adjudicator,2-1,0,0
t1_p7giw5m,0,0.06754669547080994,-2.625,0,0.23245474696159363,0,0.09909211980835328,taglish,comment,True,majority,3-0,0,0
t1_p3l0ali,1,0.8980534672737122,2.17578125,1,0.9267196655273438,1,0.8617148613993766,taglish,comment,True,majority,3-0,1,1
t1_p512z9c,0,0.005730246659368277,-5.15625,0,0.03633374720811844,0,0.012921306621933516,english,comment,True,majority,3-0,0,0
t1_p4xzkq6,0,0.011777843348681927,-4.4296875,0,0.07374769449234009,0,0.023547456517061346,english,comment,True,majority,3-0,0,0
t1_p2trcxp,0,0.4236964285373688,-0.3076171875,0,0.7735311985015869,0,0.4356896494865112,taglish,comment,True,majority,3-0,0,0
t1_p6f6lz0,0,0.05070536583662033,-2.9296875,0,0.338169664144516,0,0.07845230186885735,tagalog,comment,True,majority,3-0,0,0
t1_p60nin3,1,0.3015676736831665,-0.83984375,0,0.6428343057632446,0,0.3304342656370391,taglish,comment,True,unanimous,3-0,1,1
t1_p4zfzaf,0,0.13706977665424347,-1.83984375,0,0.5661832094192505,0,0.17550290632670176,tagalog,comment,True,unanimous,3-0,0,0
t1_p4vxflx,0,0.021287353709340096,-3.828125,0,0.15922753512859344,0,0.03845485393141624,taglish,comment,True,majority,3-0,0,0
t1_p7lvk4g,0,0.05921025201678276,-2.765625,0,0.38064873218536377,0,0.08902451964144158,tagalog,comment,True,majority,3-0,0,0
t1_p50elob,0,0.03358950838446617,-3.359375,0,0.29440969228744507,0,0.055994083777182506,tagalog,comment,True,unanimous,3-0,0,0
t1_p4u87m2,0,0.03622005507349968,-3.28125,0,0.18203645944595337,0,0.0595696506112937,english,comment,True,majority,3-0,0,0
t1_p4u6zzm,0,0.1830088496208191,-1.49609375,0,0.5678120851516724,0,0.22130805537206413,tagalog,comment,True,unanimous,3-0,0,0
t1_p30c4wc,0,0.9001793265342712,2.19921875,1,0.952523410320282,1,0.8640466752582743,taglish,comment,True,adjudicator,2-1,0,1
t1_p65tyao,0,0.14223189651966095,-1.796875,0,0.4908953607082367,0,0.18079275156817987,taglish,comment,True,unanimous,3-0,0,0
t1_p7jbnaw,0,0.013020490296185017,-4.328125,0,0.07804124057292938,0,0.025593134839435212,taglish,comment,True,majority,3-0,0,0
t1_p7c2ojg,0,0.6645402908325195,0.68359375,1,0.8469384908676147,1,0.639877277268693,tagalog,comment,True,adjudicator,2-1,0,0
t1_p6ghwwp,0,0.0832919254899025,-2.3984375,0,0.42730045318603516,0,0.1174463967093081,taglish,comment,True,majority,3-0,0,0
t1_p7ifrk3,0,0.10484336316585541,-2.14453125,0,0.468552827835083,0,0.14144635453413917,tagalog,comment,True,adjudicator,2-1,0,0
t1_p50qks9,0,0.060086652636528015,-2.75,0,0.40702980756759644,0,0.09009585153506532,taglish,comment,True,majority,3-0,0,0
t1_p4yghgu,1,0.21601152420043945,-1.2890625,0,0.4803426265716553,0,0.2527558375547364,english,comment,True,majority,3-0,1,1
t1_p4x92up,0,0.021287353709340096,-3.828125,0,0.2082098126411438,0,0.03845485393141624,taglish,comment,True,majority,3-0,0,0
t1_p2tqrp0,1,0.1204388216137886,-1.98828125,0,0.4943884313106537,0,0.1581658875034747,tagalog,comment,True,adjudicator,2-1,1,1
t1_p4q21ky,0,0.020332353189587593,-3.875,0,0.1640317738056183,0,0.03702359103295126,english,comment,True,majority,3-0,0,0
t1_p60lhu5,0,0.007695646956562996,-4.859375,0,0.07304167747497559,0,0.016524785711200005,english,comment,True,majority,3-0,0,0
t1_p608is8,0,0.010735162533819675,-4.5234375,0,0.08343316614627838,0,0.02180131790775033,tagalog,comment,True,majority,3-0,0,0
t1_p6z9udn,1,0.11838509887456894,-2.0078125,0,0.43561869859695435,0,0.1559913305952838,english,comment,True,adjudicator,2-1,1,0
t1_p6dqjzr,0,0.10932482779026031,-2.09765625,0,0.5175745487213135,0,0.1463011134454508,taglish,comment,True,adjudicator,2-1,0,1
t1_p5ymiyh,0,0.858244001865387,1.80078125,1,0.9276289343833923,1,0.8196932322627583,tagalog,comment,True,adjudicator,2-1,0,0
t1_p6bfpfe,0,0.016914913430809975,-4.0625,0,0.1096821054816246,0,0.03179478789921633,english,comment,True,unanimous,3-0,0,0
t1_p30fbj0,0,0.5041807889938354,0.0167236328125,1,0.7947996854782104,0,0.5035156527817057,tagalog,comment,True,adjudicator,2-1,0,0
t1_p4yroje,0,0.012821215204894543,-4.34375,0,0.09998484700918198,0,0.02526750703541755,english,comment,True,majority,3-0,0,0
t1_p7m08zd,0,0.17217184603214264,-1.5703125,0,0.5787727236747742,0,0.21074008305870728,taglish,comment,True,adjudicator,2-1,0,0
t1_p50ir21,0,0.01798621006309986,-4.0,0,0.15967904031276703,0,0.033453090433947306,taglish,comment,True,adjudicator,2-1,0,0
t1_p73s69c,0,0.27747297286987305,-0.95703125,0,0.6249460577964783,0,0.3090073449863747,tagalog,comment,True,adjudicator,2-1,0,0
t1_p4whtq5,0,0.09268777817487717,-2.28125,0,0.3904869556427002,0,0.12805182251196065,tagalog,comment,True,adjudicator,2-1,0,1
t1_p4xeh56,0,0.3830641508102417,-0.4765625,0,0.6028804183006287,0,0.4011346325004024,tagalog,comment,True,adjudicator,2-1,0,1
t1_p60fumn,0,0.005301895085722208,-5.234375,0,0.054854318499565125,0,0.012109672500050959,english,comment,True,majority,3-0,0,0
t1_p4y9kys,0,0.5668579936027527,0.26904296875,1,0.8203024864196777,0,0.5563193043345108,tagalog,comment,True,adjudicator,2-1,0,0
t1_p7mx7f6,0,0.2658804655075073,-1.015625,0,0.5666012763977051,0,0.2985870214665385,english,comment,True,adjudicator,2-1,0,1
t1_p5rmw8p,0,0.0064882696606218815,-5.03125,0,0.03238890692591667,0,0.014332913951778192,english,comment,True,adjudicator,3-0,0,0
t1_p5rnkzw,0,0.021948251873254776,-3.796875,0,0.16508597135543823,0,0.039438383929628555,english,comment,True,majority,3-0,0,0
t1_p7n8j7j,1,0.8976953029632568,2.171875,1,0.9330905675888062,1,0.8613229773851394,taglish,comment,True,majority,3-0,1,1
t1_p7mgpg5,1,0.28101080656051636,-0.939453125,0,0.6287559270858765,0,0.31217237009392806,tagalog,comment,True,adjudicator,2-1,1,0
t1_p5slogr,0,0.030675798654556274,-3.453125,0,0.2716163694858551,0,0.05196995488825713,tagalog,comment,True,majority,3-0,0,0
t1_p4jzi1e,0,0.023509452119469643,-3.7265625,0,0.2161502093076706,0,0.04174024761804382,taglish,comment,True,adjudicator,2-1,0,0
t1_p3zqwoo,0,0.5069041848182678,0.027618408203125,1,0.8858392238616943,0,0.5058057941623698,taglish,comment,True,majority,3-0,0,0
t1_p6zqdwy,0,0.007815889082849026,-4.84375,0,0.08299742639064789,0,0.016739679122510707,tagalog,comment,True,adjudicator,2-1,0,0
t1_p7lorn4,0,0.6053325533866882,0.427734375,1,0.8686951994895935,0,0.5889630421352875,tagalog,comment,True,adjudicator,2-1,0,0
t1_p7lzg2d,0,0.44903019070625305,-0.20458984375,0,0.7756068706512451,0,0.4570960516265367,tagalog,comment,True,unanimous,3-0,0,0
t1_p50tbf8,0,0.010986942797899246,-4.5,0,0.10512926429510117,0,0.022225607003580512,taglish,comment,True,majority,3-0,0,0
t1_p4zabq2,1,0.19682621955871582,-1.40625,0,0.5779904723167419,0,0.23460108686359873,english,comment,True,adjudicator,2-1,1,1
t1_p30d38o,0,0.6872103214263916,0.787109375,1,0.886666476726532,1,0.6596820057777658,tagalog,comment,True,adjudicator,2-1,0,1
t1_p50yp3l,0,0.36886027455329895,-0.537109375,0,0.6473923921585083,0,0.38896773972514354,taglish,comment,True,majority,3-0,0,0
t1_p5j2efy,0,0.14463144540786743,-1.77734375,0,0.45340999960899353,0,0.18323798509240397,english,comment,True,majority,3-0,0,0
t1_p7jf6ix,0,0.00857748556882143,-4.75,0,0.08068956434726715,0,0.018087910909674893,taglish,comment,True,unanimous,3-0,0,0
t1_p384082,0,0.004609572235494852,-5.375,0,0.03369201719760895,0,0.010773667082764867,tagalog,comment,True,majority,3-0,0,0
t1_p7m2vfz,1,0.05184547230601311,-2.90625,0,0.2836613059043884,0,0.0798890688687606,english,comment,True,adjudicator,2-1,1,0
t1_p60bvz2,0,0.008985428139567375,-4.703125,0,0.07877881824970245,0,0.018801447917032525,english,comment,True,majority,3-0,0,0
t1_p511sw7,0,0.017045317217707634,-4.0546875,0,0.16544172167778015,0,0.031997645931048715,taglish,comment,True,unanimous,3-0,0,0
t1_p7m4zun,0,0.1250653862953186,-1.9453125,0,0.5005229711532593,0,0.1630365070270211,taglish,comment,True,majority,3-0,0,0
t1_p5bzv4g,0,0.014172366820275784,-4.2421875,0,0.18063506484031677,0,0.02745841221115382,taglish,comment,True,unanimous,3-0,0,0
t1_p4u3xsx,0,0.030444350093603134,-3.4609375,0,0.18642264604568481,0,0.05164723255661099,english,comment,True,majority,3-0,0,0
t1_p5jhneh,0,0.025371311232447624,-3.6484375,0,0.3408088684082031,0,0.04444847579365131,tagalog,comment,True,adjudicator,2-1,0,0
t1_p74oz6d,0,0.5419846177101135,0.1683349609375,1,0.7914329767227173,0,0.5353290951087385,english,comment,True,majority,3-0,0,0
t1_p4g1qz1,1,0.7898827195167542,1.32421875,1,0.9185266494750977,1,0.752786775532321,taglish,comment,True,adjudicator,2-1,1,0
t1_p748phk,0,0.4521125257015228,-0.192138671875,0,0.7139818668365479,0,0.45969545910220083,taglish,comment,True,adjudicator,2-1,0,0
t1_p6yl0v2,0,0.009125636890530586,-4.6875,0,0.09973935782909393,0,0.01904537440639778,english,comment,True,unanimous,3-0,0,0
t1_p5036a3,1,0.6078959703445435,0.4384765625,1,0.8294395208358765,0,0.5911480466169093,english,comment,True,majority,3-0,1,1
t1_p7ltlyb,0,0.627266526222229,0.5205078125,1,0.8384520411491394,0,0.6077092183727957,taglish,comment,True,adjudicator,3-0,0,0
t1_p5uuj0z,1,0.007232763804495335,-4.921875,0,0.07424451410770416,0,0.015692012109965205,english,comment,True,majority,3-0,1,1
t1_p7lp7fc,0,0.5980774760246277,0.3974609375,1,0.8166589140892029,0,0.582786657732503,english,comment,True,adjudicator,2-1,0,1
t1_p7jbig7,0,0.008644177578389645,-4.7421875,0,0.057787179946899414,0,0.018204960286484224,english,comment,True,majority,3-0,0,0
t1_p6xteht,0,0.005220125894993544,-5.25,0,0.02565552107989788,0,0.011953493608238107,english,comment,True,majority,3-0,0,0
t1_p5yqv3v,1,0.6102211475372314,0.4482421875,1,0.8506032824516296,0,0.593131296764144,taglish,comment,True,majority,3-0,1,1
t1_p7n4wbu,0,0.27747297286987305,-0.95703125,0,0.7219266891479492,0,0.3090073449863747,tagalog,comment,True,adjudicator,2-1,0,0
t1_p2tq7gu,0,0.6048657894134521,0.42578125,1,0.8316532373428345,0,0.5885653886271344,tagalog,comment,True,adjudicator,2-1,0,0
t1_p65t64d,0,0.015663648024201393,-4.140625,0,0.1800735890865326,0,0.029833472898878933,taglish,comment,True,majority,3-0,0,0
t1_p45ehgo,0,0.10230471193790436,-2.171875,0,0.5917391180992126,0,0.13867702261486065,english,comment,True,adjudicator,2-1,0,0
t1_p4jlary,0,0.005384938325732946,-5.21875,0,0.043729573488235474,0,0.012267866617782905,english,comment,True,majority,3-0,0,0
t1_p4zu4vf,0,0.005641908384859562,-5.171875,0,0.05524057149887085,0,0.012754795204657238,english,comment,True,majority,3-0,0,0
t1_p4x9009,0,0.07751766592264175,-2.4765625,0,0.4140411615371704,0,0.11080619523891953,taglish,comment,True,adjudicator,2-1,0,1
t1_p454epx,0,0.6579781174659729,0.654296875,1,0.8987571001052856,1,0.6341810393479208,taglish,comment,True,adjudicator,2-1,0,1
t1_p74br4v,0,0.007460643537342548,-4.890625,0,0.08740647882223129,0,0.0161031045036028,taglish,comment,True,adjudicator,2-1,0,0
t1_p383o79,0,0.00985985528677702,-4.609375,0,0.07402109354734421,0,0.020312306357168908,taglish,comment,True,unanimous,3-0,0,0
t1_p73bpgk,0,0.10123348236083984,-2.18359375,0,0.3964761197566986,0,0.1375041597350122,english,comment,True,majority,3-0,0,0
t1_p4z43vb,0,0.308190256357193,-0.80859375,0,0.6424063444137573,0,0.33627389378323,tagalog,comment,True,adjudicator,2-1,0,1
t1_p7lsks9,0,0.09947021305561066,-2.203125,0,0.43092626333236694,0,0.13556792611610852,english,comment,True,majority,3-0,0,0
t1_p7dfsdv,0,0.03594832494854927,-3.2890625,0,0.30025503039360046,0,0.05920268287232417,tagalog,comment,True,adjudicator,2-1,0,0
t1_p6klcbn,0,0.00407013762742281,-5.5,0,0.02368982695043087,0,0.009709146770489023,taglish,comment,True,unanimous,3-0,0,0
t3_1vsxcjv,0,0.00941259041428566,-4.65625,0,0.07418753951787949,0,0.019542572519662214,taglish,submission,True,unanimous,3-0,0,0
t1_p2toy18,0,0.4973755180835724,-0.010498046875,0,0.7679407000541687,0,0.4977930718359647,tagalog,comment,True,adjudicator,2-1,0,1
t1_p7coaos,0,0.014728614129126072,-4.203125,0,0.14710205793380737,0,0.02834933564020241,english,comment,True,adjudicator,2-1,0,0
t1_p647gr2,1,0.6863700151443481,0.783203125,1,0.8452235460281372,1,0.6589441872616542,tagalog,comment,True,adjudicator,2-1,1,1
t1_p6arcbc,0,0.014842418022453785,-4.1953125,0,0.12801305949687958,0,0.02853085868076166,tagalog,comment,True,adjudicator,3-0,0,0
t1_p310ut6,0,0.007815889082849026,-4.84375,0,0.07176776230335236,0,0.016739679122510707,taglish,comment,True,unanimous,3-0,0,0
t1_p30bzig,0,0.08882029354572296,-2.328125,0,0.5299921035766602,0,0.12371487864251907,tagalog,comment,True,majority,3-0,0,0
t1_p7ja6fr,0,0.053799647837877274,-2.8671875,0,0.212694451212883,0,0.08233714724937115,tagalog,comment,True,majority,3-0,0,0
t1_p7ezfxl,0,0.40497803688049316,-0.384765625,0,0.6992658376693726,0,0.41981130878689726,taglish,comment,True,adjudicator,2-1,0,0
t1_p74ni82,1,0.723700225353241,0.962890625,1,0.8758785128593445,1,0.6920437129409072,tagalog,comment,True,adjudicator,2-1,1,1
t1_p60dx3a,1,0.6749081611633301,0.73046875,1,0.837700366973877,1,0.6489093443127595,taglish,comment,True,majority,3-0,1,1
t1_p74b71a,0,0.01615283451974392,-4.109375,0,0.12225157022476196,0,0.030603518541486997,taglish,comment,True,majority,3-0,0,0
t1_p7mdf7w,0,0.2613309323787689,-1.0390625,0,0.6395256519317627,0,0.29447586536189835,taglish,comment,True,majority,3-0,0,0
t1_p7lp1y4,0,0.14804720878601074,-1.75,0,0.5961117148399353,0,0.18670429232857827,tagalog,comment,True,unanimous,3-0,0,0
t1_p7mfoiu,0,0.665410578250885,0.6875,1,0.8462563753128052,1,0.6406338485686773,tagalog,comment,True,adjudicator,2-1,0,0
t1_p50zwiu,0,0.00970847625285387,-4.625,0,0.052477654069662094,0,0.020052485144180753,english,comment,True,majority,3-0,0,0
t1_p73qlb6,0,0.5696132779121399,0.2802734375,1,0.8394462466239929,0,0.5586490091625537,tagalog,comment,True,majority,3-0,0,0
t1_p4fv6um,1,0.9416541457176208,2.78125,1,0.9681686162948608,1,0.9120353045806864,taglish,comment,True,unanimous,3-0,1,1
t1_p7kisij,0,0.09334688633680344,-2.2734375,0,0.30771440267562866,0,0.12878713155579127,english,comment,True,unanimous,3-0,0,0
t1_p7lz2vt,0,0.5874698758125305,0.353515625,1,0.8456157445907593,0,0.5737750157102945,taglish,comment,True,adjudicator,2-1,0,1
t1_p4kxsng,0,0.013222821988165379,-4.3125,0,0.2143949270248413,0,0.025922847475577663,taglish,comment,True,majority,3-0,0,0
t1_p4trkiv,0,0.586759626865387,0.3505859375,1,0.8224822878837585,0,0.5731724241339016,taglish,comment,True,unanimous,3-0,0,0
t1_p4ufn6b,0,0.025760557502508163,-3.6328125,0,0.1952681988477707,0,0.04500987850035349,english,comment,True,majority,3-0,0,0
t1_p7lx4re,0,0.2372223436832428,-1.16796875,0,0.6154526472091675,0,0.2724672216169457,taglish,comment,True,adjudicator,2-1,0,0
t1_p4fxpfh,0,0.10818895697593689,-2.109375,0,0.3722338378429413,0,0.14507463036998777,taglish,comment,True,majority,3-0,0,0
t1_p6yxmwe,0,0.11124119907617569,-2.078125,0,0.5276774168014526,0,0.14836433216000197,taglish,comment,True,adjudicator,2-1,0,0
t1_p6fm9xr,1,0.7287483215332031,0.98828125,1,0.8480605483055115,1,0.6965752440540227,english,comment,True,adjudicator,2-1,1,1
t1_p7lviww,1,0.06418264657258987,-2.6796875,0,0.3228466510772705,0,0.09506178579807578,english,comment,True,majority,3-0,1,1
t1_p45cyin,0,0.13341522216796875,-1.87109375,0,0.5827392935752869,0,0.1717328000192493,taglish,comment,True,majority,3-0,0,0
t1_p73uz2a,0,0.38769033551216125,-0.45703125,0,0.7429149150848389,0,0.40508636805565273,tagalog,comment,True,adjudicator,2-1,0,0
t1_p7jja9e,0,0.02096424251794815,-3.84375,0,0.16039441525936127,0,0.0379719603326935,taglish,comment,True,majority,3-0,0,0
t1_p7jt0q5,0,0.0427221953868866,-3.109375,0,0.37327784299850464,0,0.06820072085959658,taglish,comment,True,unanimous,3-0,0,0
t1_p5qucbl,1,0.25312182307243347,-1.08203125,0,0.6822605133056641,0,0.28702517136461375,taglish,comment,True,adjudicator,2-1,1,1
t1_p7m5j10,1,0.5786862969398499,0.3173828125,1,0.8071190714836121,0,0.5663282803874711,tagalog,comment,True,adjudicator,2-1,1,1
t1_p4dkxkh,0,0.34775859117507935,-0.62890625,0,0.7145410776138306,0,0.37078631110630383,taglish,comment,True,unanimous,3-0,0,0
t1_p6xmt4g,0,0.11516222357749939,-2.0390625,0,0.4308118522167206,0,0.15256280968715866,english,comment,True,unanimous,3-0,0,0
t1_p50g5j6,0,0.709019124507904,0.890625,1,0.8504015207290649,1,0.6789440616113022,english,comment,True,adjudicator,3-0,0,1
t1_p50q5oi,1,0.2818007171154022,-0.935546875,0,0.6020644903182983,0,0.31287810931240545,tagalog,comment,True,adjudicator,2-1,1,1
t1_p44rjag,1,0.4260827302932739,-0.2978515625,0,0.846301794052124,0,0.4377097118478259,taglish,comment,True,unanimous,3-0,1,1
t1_p7mf09u,0,0.15304215252399445,-1.7109375,0,0.5100522041320801,0,0.19174345456024636,english,comment,True,adjudicator,2-1,0,0
t1_p5dnved,0,0.8338664174079895,1.61328125,1,0.9431575536727905,1,0.7952069470230297,tagalog,comment,True,adjudicator,2-1,0,1
t1_p5ie0dn,0,0.013325147330760956,-4.3046875,0,0.1384945660829544,0,0.026089250695529986,tagalog,comment,True,adjudicator,2-1,0,0
t1_p5jrfg1,0,0.11516222357749939,-2.0390625,0,0.4667739272117615,0,0.15256280968715866,taglish,comment,True,adjudicator,2-1,0,1
t1_p4tjekx,0,0.005469274707138538,-5.203125,0,0.03777134418487549,0,0.01242810129841592,taglish,comment,True,majority,3-0,0,0
t1_p4u2mae,0,0.1200256198644638,-1.9921875,0,0.3643355965614319,0,0.15772901559611283,english,comment,True,majority,3-0,0,0
t1_p5jt0rk,0,0.10266400873661041,-2.16796875,0,0.3707190454006195,0,0.139069837953581,tagalog,comment,True,adjudicator,2-1,0,1
t1_p483rqa,0,0.007937993854284286,-4.828125,0,0.06108894944190979,0,0.01695731888989483,taglish,comment,True,majority,3-0,0,0
t1_p4ecv3f,0,0.03161877021193504,-3.421875,0,0.2533752918243408,0,0.053279996557382615,english,comment,True,majority,3-0,0,0
t3_1vkahtp,0,0.015189048834145069,-4.171875,0,0.10758556425571442,0,0.02908222185931275,taglish,submission,True,unanimous,3-0,0,0
t3_1vf3h8b,0,0.004198795650154352,-5.46875,0,0.02287488430738449,0,0.009965089496645825,taglish,submission,True,majority,3-0,0,0
t1_p3jm6p5,0,0.02843603305518627,-3.53125,0,0.3068423867225647,0,0.04882686321954585,tagalog,comment,True,adjudicator,2-1,0,1
t1_p77lmf8,0,0.11201595515012741,-2.0703125,0,0.548136293888092,0,0.14919632334687943,tagalog,comment,True,adjudicator,2-1,0,0
t1_p448l30,0,0.026355354115366936,-3.609375,0,0.15996912121772766,0,0.04586466623744067,taglish,comment,True,adjudicator,3-0,0,0
t1_p50cv03,0,0.2929997146129608,-0.880859375,0,0.603165864944458,0,0.32284857991428895,english,comment,True,majority,3-0,0,0
t1_p5io5u0,0,0.8392075896263123,1.65234375,1,0.8870611190795898,1,0.8005044140700214,tagalog,comment,True,adjudicator,2-1,0,0
t1_p73t0d5,0,0.007232763804495335,-4.921875,0,0.047139763832092285,0,0.015692012109965205,english,comment,True,unanimous,3-0,0,0
t1_p4l2s2p,0,0.005301895085722208,-5.234375,0,0.037198856472969055,0,0.012109672500050959,english,comment,True,majority,3-0,0,0
t1_p50pvuh,0,0.02096424251794815,-3.84375,0,0.17358341813087463,0,0.0379719603326935,english,comment,True,majority,3-0,0,0
t1_p54gif5,0,0.023870835080742836,-3.7109375,0,0.13728676736354828,0,0.04226895738760763,taglish,comment,True,unanimous,3-0,0,0
t1_p50au6o,0,0.8504685759544373,1.73828125,1,0.9233258962631226,1,0.811794758734916,english,comment,True,adjudicator,2-1,0,0
t1_p5syyh9,0,0.016657039523124695,-4.078125,0,0.15832297503948212,0,0.03139279703942328,taglish,comment,True,majority,3-0,0,0
t1_p7moe5s,0,0.017309095710515976,-4.0390625,0,0.234818696975708,0,0.03240712286344921,tagalog,comment,True,adjudicator,2-1,0,1
t1_p6tgu1c,1,0.49005255103111267,-0.039794921875,0,0.8351478576660156,0,0.49163492879822923,taglish,comment,True,majority,3-0,1,1
t1_p4xcwy0,0,0.005301895085722208,-5.234375,0,0.028624072670936584,0,0.012109672500050959,taglish,comment,True,majority,3-0,0,0
t1_p5c77fo,0,0.08035747706890106,-2.4375,0,0.48766589164733887,0,0.1140842129156616,taglish,comment,True,unanimous,3-0,0,0
t1_p5q7ki2,0,0.05877655744552612,-2.7734375,0,0.3515354096889496,0,0.08849317497355474,taglish,comment,True,unanimous,3-0,0,0
t1_p4vqg21,0,0.01615283451974392,-4.109375,0,0.1187724769115448,0,0.030603518541486997,taglish,comment,True,majority,3-0,0,0
t1_p4cp0lk,0,0.017576880753040314,-4.0234375,0,0.14109551906585693,0,0.032821662236816464,taglish,comment,True,majority,3-0,0,0
t1_p4817ch,0,0.010408314876258373,-4.5546875,0,0.10350316762924194,0,0.021247898639664812,taglish,comment,True,unanimous,3-0,0,0
t1_p7jjpo1,0,0.00970847625285387,-4.625,0,0.06579604744911194,0,0.020052485144180753,tagalog,comment,True,unanimous,3-0,0,0
t1_p5fipul,1,0.018546564504504204,-3.96875,0,0.19293919205665588,0,0.034313259320089835,english,comment,True,majority,3-0,1,1
t1_p30yuvj,0,0.013955711387097836,-4.2578125,0,0.13732019066810608,0,0.027109712297103704,taglish,comment,True,majority,3-0,0,0
t1_p502ue7,0,0.023870835080742836,-3.7109375,0,0.22924694418907166,0,0.04226895738760763,tagalog,comment,True,unanimous,3-0,0,0
t1_p73s2mn,0,0.00851130299270153,-4.7578125,0,0.06598483771085739,0,0.017971600329870007,english,comment,True,majority,3-0,0,0
t1_p7m1rkx,0,0.3956010937690735,-0.423828125,0,0.7582616806030273,0,0.4118323805813134,tagalog,comment,True,adjudicator,2-1,0,0
t1_p4uowx1,0,0.20561502873897552,-1.3515625,0,0.5354593992233276,0,0.24295911901495823,tagalog,comment,True,majority,3-0,0,0
t1_p4e4wi8,0,0.09268777817487717,-2.28125,0,0.5272538661956787,0,0.12805182251196065,tagalog,comment,True,adjudicator,2-1,0,1
t1_p4tfxen,0,0.016029147431254387,-4.1171875,0,0.09884268045425415,0,0.030409221315410365,taglish,comment,True,majority,3-0,0,0
t1_p7jd8hz,0,0.018833130598068237,-3.953125,0,0.17714516818523407,0,0.034751305548429846,taglish,comment,True,unanimous,3-0,0,0
t1_p5r3506,0,0.8175745010375977,1.5,1,0.8922195434570312,1,0.7792574902746586,taglish,comment,True,adjudicator,2-1,0,0
t1_p5ui0hy,0,0.00628990214318037,-5.0625,0,0.03582137078046799,0,0.013966370858226168,english,comment,True,majority,3-0,0,0
t1_p74jxzr,0,0.010328153148293495,-4.5625,0,0.057127952575683594,0,0.02111170529540571,english,comment,True,majority,3-0,0,0
t1_p5g0w2g,0,0.5760650634765625,0.306640625,1,0.7911211848258972,0,0.564108439171674,taglish,comment,True,adjudicator,2-1,0,1
t1_p73rb1a,0,0.351311057806015,-0.61328125,0,0.6944016218185425,0,0.37385686036480903,tagalog,comment,True,adjudicator,2-1,0,0
t3_1vq2ryv,0,0.16132023930549622,-1.6484375,0,0.572849690914154,0,0.2000206690569741,taglish,submission,True,majority,3-0,0,0
t1_p5d035b,0,0.007460643537342548,-4.890625,0,0.07179179787635803,0,0.0161031045036028,english,comment,True,majority,3-0,0,0
t1_p55x2jo,0,0.022977370768785477,-3.75,0,0.26145684719085693,0,0.040959027625213876,english,comment,True,majority,3-0,0,0
t1_p60fsfd,0,0.0064882696606218815,-5.03125,0,0.051743365824222565,0,0.014332913951778192,english,comment,True,majority,3-0,0,0
t1_p7m7cxw,0,0.31111282110214233,-0.794921875,0,0.6881231069564819,0,0.3388446807090813,tagalog,comment,True,unanimous,3-0,0,0
t1_p5em4m2,0,0.0059110685251653194,-5.125,0,0.051247142255306244,0,0.013260791187594117,taglish,comment,True,unanimous,3-0,0,0
t1_p734wp5,0,0.019419347867369652,-3.921875,0,0.23740312457084656,0,0.03564362404926632,taglish,comment,True,adjudicator,2-1,0,1
t1_p62dwwm,0,0.014957086183130741,-4.1875,0,0.13169962167739868,0,0.02871350968009252,tagalog,comment,True,adjudicator,2-1,0,0
t1_p60dg8g,0,0.008315778337419033,-4.78125,0,0.05742807686328888,0,0.01762705663183804,english,comment,True,majority,3-0,0,0
t1_p5fkind,0,0.005819959565997124,-5.140625,0,0.036394715309143066,0,0.013089962991732056,tagalog,comment,True,majority,3-0,0,0
t1_p3zck8b,1,0.9130584001541138,2.3515625,1,0.96114182472229,1,0.8784059146993406,taglish,comment,True,majority,3-0,1,1
t1_p7bieuf,0,0.034618839621543884,-3.328125,0,0.3433544635772705,0,0.0573994226537097,taglish,comment,True,adjudicator,2-1,0,0
t1_p4kxiyf,0,0.29828691482543945,-0.85546875,0,0.6594533920288086,0,0.3275337975543917,tagalog,comment,True,unanimous,3-0,0,0
t1_p7369ly,0,0.029760092496871948,-3.484375,0,0.3273971676826477,0,0.050690399667758256,tagalog,comment,True,adjudicator,2-1,0,1
t1_p4ft070,0,0.7178038358688354,0.93359375,1,0.8774327635765076,1,0.6867686954039903,taglish,comment,True,majority,3-0,0,0
t1_p7im5vu,0,0.03622005507349968,-3.28125,0,0.24356937408447266,0,0.0595696506112937,tagalog,comment,True,adjudicator,3-0,0,0
t1_p5qdpvh,0,0.02178117074072361,-3.8046875,0,0.17018109560012817,0,0.0391902630746408,english,comment,True,adjudicator,3-0,0,1
t1_p4z9wsd,0,0.00934002548456192,-4.6640625,0,0.06544563919305801,0,0.019417093009770316,taglish,comment,True,majority,3-0,0,0
t1_p7luxcl,0,0.5931380391120911,0.376953125,1,0.8145679235458374,0,0.5785877211610557,tagalog,comment,True,adjudicator,2-1,0,0
t1_p7huf95,0,0.7322090864181519,1.005859375,1,0.8639540076255798,1,0.6996903020203783,tagalog,comment,True,adjudicator,2-1,0,0
t1_p72obei,0,0.02931223064661026,-3.5,0,0.2378154695034027,0,0.05006185869555274,taglish,comment,True,unanimous,3-0,0,0
t1_p7lva82,0,0.4002804160118103,-0.404296875,0,0.757490873336792,0,0.415816328926148,tagalog,comment,True,adjudicator,2-1,0,1
t1_p6yw182,0,0.35734322667121887,-0.5869140625,0,0.7822756767272949,0,0.3790614178420763,tagalog,comment,True,adjudicator,2-1,0,1
t1_p44tx41,0,0.024798156693577766,-3.671875,0,0.2604678273200989,0,0.0436188752354492,taglish,comment,True,majority,3-0,0,0
t1_p7ji1in,0,0.011687257327139378,-4.4375,0,0.12127702683210373,0,0.023396875968229796,taglish,comment,True,majority,3-0,0,0
t1_p3z9zuj,0,0.8587185740470886,1.8046875,1,0.94981449842453,1,0.8201781964895681,tagalog,comment,True,adjudicator,2-1,0,1
t1_p7bxg5m,0,0.15203222632408142,-1.71875,0,0.49744993448257446,0,0.19072738801194333,tagalog,comment,True,unanimous,3-0,0,0
t1_p56p7c6,0,0.09235979616641998,-2.28515625,0,0.4348865747451782,0,0.12768551290783864,taglish,comment,True,majority,3-0,0,0
t1_p5rje95,0,0.007345826830714941,-4.90625,0,0.03628188371658325,0,0.01589625091975806,taglish,comment,True,majority,3-0,0,0
t1_p6f5qnj,1,0.9066531658172607,2.2734375,1,0.9409412741661072,1,0.8712128684442088,taglish,comment,True,unanimous,3-0,1,1
t1_p7lrbd1,1,0.9076402187347412,2.28515625,1,0.9537927508354187,1,0.8723144870921613,tagalog,comment,True,adjudicator,2-1,1,1
t1_p74grz2,1,0.6148566007614136,0.4677734375,1,0.8391948938369751,0,0.5970886438596299,english,comment,True,adjudicator,2-1,1,1
t1_p7lpnuu,1,0.9184802770614624,2.421875,1,0.9543229341506958,1,0.8845810923327225,tagalog,comment,True,unanimous,3-0,1,1
t1_p5zwl9l,0,0.013955711387097836,-4.2578125,0,0.11457014083862305,0,0.027109712297103704,taglish,comment,True,unanimous,3-0,0,0
t1_p7mi612,0,0.1962094008922577,-1.41015625,0,0.46189388632774353,0,0.23401177990835056,taglish,comment,True,unanimous,3-0,0,0
t1_p5191jp,0,0.00985985528677702,-4.609375,0,0.10111109912395477,0,0.020312306357168908,taglish,comment,True,unanimous,3-0,0,0
t1_p5zve3c,0,0.0061929901130497456,-5.078125,0,0.0663347840309143,0,0.013786580238336728,taglish,comment,True,majority,3-0,0,0
t1_p4c3ldm,0,0.00955939944833517,-4.640625,0,0.1175161600112915,0,0.019795920232554016,taglish,comment,True,majority,3-0,0,0
t1_p4zfjt2,0,0.14223189651966095,-1.796875,0,0.5779904127120972,0,0.18079275156817987,taglish,comment,True,majority,3-0,0,0
t1_p7m8yyq,0,0.511228621006012,0.044921875,1,0.7748493552207947,0,0.5094425381250733,taglish,comment,True,adjudicator,2-1,0,0
t1_p7hp35d,0,0.19314739108085632,-1.4296875,0,0.6603047251701355,0,0.2310806873260911,taglish,comment,True,adjudicator,2-1,0,0
t1_p5jgtx3,0,0.10230471193790436,-2.171875,0,0.45385345816612244,0,0.13867702261486065,taglish,comment,True,unanimous,3-0,0,0
t1_p3moigg,0,0.008445627056062222,-4.765625,0,0.05373767018318176,0,0.017856024060526225,taglish,comment,True,majority,3-0,0,0
t1_p7lncuv,0,0.06512754410505295,-2.6640625,0,0.37269872426986694,0,0.09619809878202396,taglish,comment,True,majority,3-0,0,0
t1_p66c3a3,0,0.016029147431254387,-4.1171875,0,0.16480353474617004,0,0.030409221315410365,english,comment,True,majority,3-0,0,0
t1_p7iklgo,0,0.012821215204894543,-4.34375,0,0.11518331617116928,0,0.02526750703541755,english,comment,True,majority,3-0,0,0
t1_p2uwn3a,0,0.012147169560194016,-4.3984375,0,0.09395118802785873,0,0.024159291283482317,english,comment,True,majority,3-0,0,0
t1_p30bval,0,0.7275885343551636,0.982421875,1,0.9072580337524414,1,0.6955328478942092,taglish,comment,True,adjudicator,2-1,0,0
t1_p5jgk7q,0,0.009268012829124928,-4.671875,0,0.07521411031484604,0,0.019292403328946814,tagalog,comment,True,majority,3-0,0,0
t1_p7jnxvv,0,0.3073580265045166,-0.8125,0,0.6552395224571228,0,0.33554115243782023,tagalog,comment,True,majority,3-0,0,0
t1_p7jjtds,0,0.11476478725671768,-2.04296875,0,0.42861542105674744,0,0.15213861718320243,english,comment,True,adjudicator,2-1,0,0
t1_p6ahdqi,0,0.011331754736602306,-4.46875,0,0.09435005486011505,0,0.022803898189473974,taglish,comment,True,majority,3-0,0,0
t1_p30rcth,0,0.06853749603033066,-2.609375,0,0.4091305732727051,0,0.10027127089938377,english,comment,True,majority,3-0,0,0
t1_p7j3cdm,0,0.15817435085773468,-1.671875,0,0.5933394432067871,0,0.19688569896840577,taglish,comment,True,majority,3-0,0,0
t1_p6zf4an,0,0.005384938325732946,-5.21875,0,0.025446150451898575,0,0.012267866617782905,english,comment,True,unanimous,3-0,0,0
t1_p506pyp,1,0.7641884088516235,1.17578125,1,0.8658961057662964,1,0.7288330949956919,english,comment,True,adjudicator,2-1,1,0
t1_p66btta,0,0.1212688684463501,-1.98046875,0,0.5785415768623352,0,0.1590425787937751,tagalog,comment,True,majority,3-0,0,0
t1_p74cac7,0,0.012821215204894543,-4.34375,0,0.12815985083580017,0,0.02526750703541755,taglish,comment,True,unanimous,3-0,0,0
t1_p6ep13w,0,0.012821215204894543,-4.34375,0,0.12199269980192184,0,0.02526750703541755,taglish,comment,True,majority,3-0,0,0
t1_p5yyn32,0,0.018833130598068237,-3.953125,0,0.18287399411201477,0,0.034751305548429846,english,comment,True,majority,3-0,0,0
t1_p5z6z6k,0,0.7859664559364319,1.30078125,1,0.9087924957275391,1,0.7491008002065076,tagalog,comment,True,adjudicator,2-1,0,0
t1_p3zbstw,0,0.15921740233898163,-1.6640625,0,0.4929458498954773,0,0.19792654903637236,taglish,comment,True,majority,3-0,0,0
t1_p5wwtn8,0,0.005469274707138538,-5.203125,0,0.04670509323477745,0,0.01242810129841592,english,comment,True,majority,3-0,0,0
t1_p7jihek,0,0.018264278769493103,-3.984375,0,0.1614297330379486,0,0.03388054092871538,english,comment,True,adjudicator,2-1,0,0
t1_p456kfn,0,0.016029147431254387,-4.1171875,0,0.14773474633693695,0,0.030409221315410365,tagalog,comment,True,adjudicator,2-1,0,1
t1_p7lsw8u,0,0.6851073503494263,0.77734375,1,0.8427767157554626,1,0.657836015068315,tagalog,comment,True,adjudicator,2-1,0,1
t1_p7jsdxt,0,0.03594832494854927,-3.2890625,0,0.18902187049388885,0,0.05920268287232417,taglish,comment,True,majority,3-0,0,0
t1_p6enmiz,1,0.04177388176321983,-3.1328125,0,0.2802084684371948,0,0.06695886576872014,english,comment,True,majority,3-0,1,1
t1_p7gjhfl,0,0.07696083933115005,-2.484375,0,0.31565988063812256,0,0.11016056709591214,tagalog,comment,True,adjudicator,2-1,0,0
t1_p5z33jv,1,0.8175745010375977,1.5,1,0.891971230506897,1,0.7792574902746586,english,comment,True,majority,3-0,1,1
t1_p44p460,0,0.521465003490448,0.08591270446777344,1,0.8338524103164673,0,0.5180530701789883,taglish,comment,True,unanimous,3-0,0,0
t1_p4zw7pw,0,0.8037906289100647,1.41015625,1,0.9009608030319214,1,0.7659882200916495,english,comment,True,majority,3-0,0,0
t1_p7jlbkd,0,0.06705629080533981,-2.6328125,0,0.3003197908401489,0,0.09850718407611837,english,comment,True,majority,3-0,0,0
t1_p5054lx,1,0.19072403013706207,-1.4453125,0,0.5455552935600281,0,0.22875437019538297,tagalog,comment,True,adjudicator,2-1,1,0
t1_p4z4h68,1,0.723700225353241,0.962890625,1,0.8687013983726501,1,0.6920437129409072,taglish,comment,True,adjudicator,2-1,1,1
t1_p6ke2hu,0,0.188323974609375,-1.4609375,0,0.6447988152503967,0,0.22644457545721647,taglish,comment,True,majority,3-0,0,0
t1_p47j2uc,0,0.18068422377109528,-1.51171875,0,0.5814540386199951,0,0.21905209306393933,tagalog,comment,True,adjudicator,3-0,0,0
t1_p30sgh7,0,0.3951341509819031,-0.42578125,0,0.7614603042602539,0,0.4114346113728656,taglish,comment,True,majority,3-0,0,0
t1_p57i8fk,0,0.057918090373277664,-2.7890625,0,0.4372796416282654,0,0.0874390691792844,taglish,comment,True,adjudicator,2-1,0,1
t1_p73uofn,0,0.028870904818177223,-3.515625,0,0.23199927806854248,0,0.04944070548435547,tagalog,comment,True,majority,3-0,0,0
t1_p509kuf,0,0.13753247261047363,-1.8359375,0,0.4556739330291748,0,0.17597872200138864,taglish,comment,True,unanimous,3-0,0,0
t1_p7d99yc,0,0.7405498027801514,1.048828125,1,0.8950670957565308,1,0.7072273490819062,taglish,comment,True,majority,3-0,0,0
t1_p5c8afp,0,0.007460643537342548,-4.890625,0,0.13772813975811005,0,0.0161031045036028,taglish,comment,True,majority,3-0,0,0
t1_p7efw3a,0,0.7859664559364319,1.30078125,1,0.9086437225341797,1,0.7491008002065076,english,comment,True,adjudicator,2-1,0,0
t1_p4soapy,0,0.015543648041784763,-4.1484375,0,0.12353233993053436,0,0.029643915077431703,taglish,comment,True,majority,3-0,0,0
t1_p55vx02,0,0.8062431216239929,1.42578125,1,0.9205881953239441,1,0.7683351546306205,tagalog,comment,True,adjudicator,2-1,0,1
t1_p3l74dm,0,0.012053778395056725,-4.40625,0,0.089300736784935,0,0.0240048943776265,taglish,comment,True,majority,3-0,0,0
t1_p30auzl,0,0.6825737357139587,0.765625,1,0.8891922235488892,1,0.6556145053328962,tagalog,comment,True,adjudicator,2-1,0,0
t1_p4mc2md,0,0.6606104373931885,0.666015625,1,0.8411245346069336,1,0.6364641443066898,tagalog,comment,True,adjudicator,2-1,0,0
t1_p7ix4ga,0,0.012053778395056725,-4.40625,0,0.10002255439758301,0,0.0240048943776265,taglish,comment,True,unanimous,3-0,0,0
t1_p3qxqae,0,0.013325147330760956,-4.3046875,0,0.1370295286178589,0,0.026089250695529986,taglish,comment,True,adjudicator,2-1,0,0
t1_p469ozo,0,0.49051013588905334,-0.0379638671875,0,0.8144568204879761,0,0.49201975776796336,tagalog,comment,True,adjudicator,2-1,0,0
t1_p50eh17,1,0.944587230682373,2.8359375,1,0.9698946475982666,1,0.915655428775202,taglish,comment,True,majority,3-0,1,1
t1_p7lrxwi,0,0.029986508190631866,-3.4765625,0,0.2974376082420349,0,0.051007464718600584,tagalog,comment,True,adjudicator,2-1,0,1
t1_p6ewq51,0,0.03090895712375641,-3.4453125,0,0.24274030327796936,0,0.05229458258092751,taglish,comment,True,majority,3-0,0,0
t1_p7lvx69,0,0.19682621955871582,-1.40625,0,0.5917683839797974,0,0.23460108686359873,tagalog,comment,True,adjudicator,2-1,0,0
t1_p7dmni1,0,0.00985985528677702,-4.609375,0,0.08369830250740051,0,0.020312306357168908,english,comment,True,majority,3-0,0,0
t1_p4l17yd,0,0.6025294065475464,0.416015625,1,0.7924321889877319,0,0.5865753953148524,tagalog,comment,True,adjudicator,2-1,0,1
t1_p79i9yq,0,0.2913839519023895,-0.888671875,0,0.6608492136001587,0,0.3214140470283506,english,comment,True,adjudicator,2-1,0,0
t1_p55yca1,0,0.2632204294204712,-1.029296875,0,0.7198848128318787,0,0.296184838656811,taglish,comment,True,adjudicator,2-1,0,0
t1_p5efcdb,0,0.0055549247190356255,-5.1875,0,0.04287970811128616,0,0.012590402179978123,taglish,comment,True,majority,3-0,0,0
t1_p6etzfx,0,0.15974101424217224,-1.66015625,0,0.6025372743606567,0,0.19844852616656347,english,comment,True,adjudicator,2-1,0,0
t1_p7lq1th,0,0.0038244836032390594,-5.5625,0,0.03629652410745621,0,0.009216631298678786,taglish,comment,True,majority,3-0,0,0
t1_p450mvi,0,0.08269734680652618,-2.40625,0,0.5297632217407227,0,0.11676715918750867,english,comment,True,majority,3-0,0,0
t1_p5sk3ve,0,0.00806199200451374,-4.8125,0,0.08564470708370209,0,0.017177738851367554,taglish,comment,True,unanimous,3-0,0,0
t1_p742eld,0,0.007460643537342548,-4.890625,0,0.056244127452373505,0,0.0161031045036028,taglish,comment,True,unanimous,3-0,0,0
t1_p72slrl,0,0.08601588010787964,-2.36328125,0,0.36722755432128906,0,0.12054548118427236,taglish,comment,True,adjudicator,2-1,0,1
t1_p730f4p,0,0.7110297679901123,0.900390625,1,0.8900207877159119,1,0.6807314424417749,taglish,comment,True,majority,3-0,0,0
t1_p1zjzkb,0,0.015306354500353336,-4.1640625,0,0.17588579654693604,0,0.02926829627285437,taglish,comment,True,adjudicator,2-1,0,0
t1_p58ecy9,0,0.14804720878601074,-1.75,0,0.423331081867218,0,0.18670429232857827,english,comment,True,unanimous,3-0,0,0
t1_p2k9kv6,0,0.19132769107818604,-1.44140625,0,0.5363137722015381,0,0.2293344014269376,taglish,comment,True,majority,3-0,0,0
t1_p7lnpog,0,0.07585818320512772,-2.5,0,0.4671141505241394,0,0.10887919489372166,tagalog,comment,True,adjudicator,2-1,0,0
t1_p7d7pr3,0,0.9246877431869507,2.5078125,1,0.9545544981956482,1,0.8917565721072684,taglish,comment,True,majority,3-0,0,0
t1_p445358,0,0.05921025201678276,-2.765625,0,0.38605889678001404,0,0.08902451964144158,taglish,comment,True,adjudicator,2-1,0,0
t1_p1qju8b,0,0.009936419315636158,-4.6015625,0,0.09379520267248154,0,0.020443450413612715,english,comment,True,adjudicator,2-1,0,0
t1_p5x3e7v,1,0.32124704122543335,-0.748046875,0,0.5907872915267944,0,0.3477305294830596,taglish,comment,True,adjudicator,2-1,1,1
t1_p73pin8,1,0.4262021481990814,-0.29736328125,0,0.6848663687705994,0,0.4378107697818722,taglish,comment,True,unanimous,3-0,1,1
t1_p7360fs,0,0.029986508190631866,-3.4765625,0,0.26848477125167847,0,0.051007464718600584,tagalog,comment,True,adjudicator,2-1,0,1
t1_p736e47,1,0.9732407331466675,3.59375,1,0.9822244644165039,1,0.9535569133556858,taglish,comment,True,majority,3-0,1,1
t1_p5qbd26,0,0.2747403681278229,-0.970703125,0,0.5618387460708618,0,0.30655796889411047,english,comment,True,unanimous,3-0,0,0
t1_p5p1pfa,0,0.04054073989391327,-3.1640625,0,0.21285216510295868,0,0.06533570116646065,taglish,comment,True,majority,3-0,0,0
t1_p4zzpng,1,0.023689471185207367,-3.71875,0,0.16557952761650085,0,0.042003807112732994,english,comment,True,adjudicator,2-1,1,0
t1_p4bbs3s,0,0.01652955636382103,-4.0859375,0,0.14916768670082092,0,0.03119365004704844,tagalog,comment,True,majority,3-0,0,0
t1_p7jb3gt,0,0.024053553119301796,-3.703125,0,0.13486601412296295,0,0.042535707114912724,taglish,comment,True,unanimous,3-0,0,0
t1_p49m8a3,0,0.026963496580719948,-3.5859375,0,0.2899508476257324,0,0.046734892924253015,taglish,comment,True,majority,3-0,0,0
t1_p4dmtel,0,0.07696083933115005,-2.484375,0,0.49459201097488403,0,0.11016056709591214,tagalog,comment,True,unanimous,3-0,0,0
t1_p5plp18,0,0.14903530478477478,-1.7421875,0,0.5236849784851074,0,0.1877038975909775,tagalog,comment,True,adjudicator,2-1,0,0
t1_p64msd7,0,0.4577426314353943,-0.16943359375,0,0.7607385516166687,0,0.4644411063911506,taglish,comment,True,adjudicator,2-1,0,0
t1_p729gus,0,0.011072159744799137,-4.4921875,0,0.2003970444202423,0,0.02236882201306741,taglish,comment,True,unanimous,3-0,0,0
t1_p5j0vvs,0,0.034618839621543884,-3.328125,0,0.3053354024887085,0,0.0573994226537097,tagalog,comment,True,majority,3-0,0,0
t1_p73owup,0,0.07316472381353378,-2.5390625,0,0.3638858497142792,0,0.10573288515955764,tagalog,comment,True,adjudicator,2-1,0,1
t1_p7h5n44,0,0.11124119907617569,-2.078125,0,0.3548130393028259,0,0.14836433216000197,taglish,comment,True,majority,3-0,0,0
t1_p6eu82q,0,0.012431650422513485,-4.375,0,0.10763326287269592,0,0.024628314993182833,tagalog,comment,True,adjudicator,2-1,0,1
t1_p744kyx,0,0.20561502873897552,-1.3515625,0,0.5701533555984497,0,0.24295911901495823,tagalog,comment,True,adjudicator,2-1,0,1
t1_p50aj1l,1,0.21601152420043945,-1.2890625,0,0.5183440446853638,0,0.2527558375547364,taglish,comment,True,adjudicator,2-1,1,0
t1_p7jioth,0,0.15152934193611145,-1.72265625,0,0.5135864019393921,0,0.19022090010431073,english,comment,True,adjudicator,2-1,0,0
t1_p6fiqqf,0,0.006589771714061499,-5.015625,0,0.03461890667676926,0,0.014519724407489786,taglish,comment,True,adjudicator,3-0,0,0
t1_p5c7hlw,0,0.027169233188033104,-3.578125,0,0.19978110492229462,0,0.04702844222680651,taglish,comment,True,majority,3-0,0,0
t1_p6gxn16,0,0.03622005507349968,-3.28125,0,0.2860472798347473,0,0.0595696506112937,taglish,comment,True,adjudicator,2-1,0,0
t1_p7dbpy7,0,0.03283695876598358,-3.3828125,0,0.17906701564788818,0,0.0549613869023343,english,comment,True,majority,3-0,0,0
t1_p73k78z,1,0.19253934919834137,-1.43359375,0,0.568182647228241,0,0.23049756038339744,tagalog,comment,True,majority,3-0,1,1
t1_p3jn6ru,0,0.13161905109882355,-1.88671875,0,0.5355219841003418,0,0.1698719520589263,taglish,comment,True,unanimous,3-0,0,0
t1_p6ewdte,0,0.048136770725250244,-2.984375,0,0.3663625717163086,0,0.075191378804659,tagalog,comment,True,adjudicator,3-0,0,1
t1_p6gskyn,0,0.004905405919998884,-5.3125,0,0.02500263974070549,0,0.011348433924474682,taglish,comment,True,unanimous,3-0,0,0
t1_p793zrh,0,0.006797531619668007,-4.984375,0,0.05459189414978027,0,0.014900570634208587,english,comment,True,unanimous,3-0,0,0
t1_p5jc9z8,0,0.3661363422870636,-0.548828125,0,0.6569249033927917,0,0.3866282395398988,taglish,comment,True,adjudicator,2-1,0,0
t1_p7k38cq,0,0.0035936026833951473,-5.625,0,0.02377619408071041,0,0.00874887891470875,english,comment,True,majority,3-0,0,0
t1_p7dla4s,0,0.022116590291261673,-3.7890625,0,0.15517520904541016,0,0.03968801079508086,english,comment,True,majority,3-0,0,0
t1_p5ylzau,1,0.6533480882644653,0.6337890625,1,0.8564648628234863,1,0.6301711109816299,taglish,comment,True,majority,3-0,1,1
t1_p448ul1,0,0.2186693549156189,-1.2734375,0,0.6996186971664429,0,0.25524545779067076,taglish,comment,True,adjudicator,2-1,0,0
t1_p7lgmaj,0,0.00985985528677702,-4.609375,0,0.08045400679111481,0,0.020312306357168908,taglish,comment,True,unanimous,3-0,0,0
t1_p7j8i3v,0,0.018124721944332123,-3.9921875,0,0.07213596999645233,0,0.03366616091893619,tagalog,comment,True,majority,3-0,0,0
t1_p3ij7kt,0,0.01353214867413044,-4.2890625,0,0.2015143632888794,0,0.026425181390486895,taglish,comment,True,majority,3-0,0,0
t1_p7k2n9a,0,0.004331502132117748,-5.4375,0,0.028252258896827698,0,0.010227709444661769,taglish,comment,True,majority,3-0,0,0
t1_p4uryqc,0,0.03760863468050957,-3.2421875,0,0.2078569382429123,0,0.06143664689412177,english,comment,True,adjudicator,2-1,0,1
t1_p5jme0e,0,0.22135066986083984,-1.2578125,0,0.5856636762619019,0,0.25775114185251313,taglish,comment,True,majority,3-0,0,0
t1_p72hzrf,0,0.5718861818313599,0.28955078125,1,0.8280428647994995,0,0.560571606897235,tagalog,comment,True,adjudicator,2-1,0,1
t1_p5jdmt8,0,0.01784873940050602,-4.0078125,0,0.13913333415985107,0,0.03324132206746834,taglish,comment,True,unanimous,3-0,0,0
t1_p4uogt9,0,0.48849692940711975,-0.0460205078125,0,0.7782544493675232,0,0.49032658717758526,tagalog,comment,True,majority,3-0,0,0
t1_p5533wx,1,0.41087448596954346,-0.3603515625,0,0.6678086519241333,0,0.4248197919014726,english,comment,True,majority,3-0,1,1
t1_p450l59,0,0.07640768587589264,-2.4921875,0,0.4531729221343994,0,0.10951823746712085,taglish,comment,True,unanimous,3-0,0,0
t1_p5t2yml,0,0.017442483454942703,-4.03125,0,0.124143086373806,0,0.032613756131792807,english,comment,True,majority,3-0,0,0
t1_p3sk7t4,0,0.004133968148380518,-5.484375,0,0.02798401564359665,0,0.00983629397604659,taglish,comment,True,majority,3-0,0,0
t1_p3ns2dr,0,0.007345826830714941,-4.90625,0,0.03670666739344597,0,0.01589625091975806,english,comment,True,majority,3-0,0,0
t1_p77oasy,0,0.6509112119674683,0.623046875,1,0.8640735149383545,1,0.6280634412482821,tagalog,comment,True,adjudicator,2-1,0,1
t1_p6kog21,0,0.17441026866436005,-1.5546875,0,0.6053357124328613,0,0.212933782722842,tagalog,comment,True,adjudicator,2-1,0,1
t1_p30baxk,0,0.8558511734008789,1.78125,1,0.9228555560112,1,0.8172531054193817,english,comment,True,majority,3-0,0,0
t1_p4mx6j5,0,0.24798741936683655,-1.109375,0,0.6083669066429138,0,0.2823429259342329,taglish,comment,True,unanimous,3-0,0,0
t3_1vs3ad6,0,0.047074176371097565,-3.0078125,0,0.3252936005592346,0,0.0738323181566883,english,submission,True,majority,3-0,0,0
t1_p5cvv94,0,0.008644177578389645,-4.7421875,0,0.07846307009458542,0,0.018204960286484224,english,comment,True,unanimous,3-0,0,0
t1_p74ezi4,0,0.2011847198009491,-1.37890625,0,0.6019788980484009,0,0.23875500121994353,taglish,comment,True,majority,3-0,0,0
t1_p5alosv,0,0.06608537584543228,-2.6484375,0,0.44037026166915894,0,0.09734653344773303,tagalog,comment,True,adjudicator,2-1,0,0
t1_p6sz9gh,0,0.016914913430809975,-4.0625,0,0.13238540291786194,0,0.03179478789921633,taglish,comment,True,majority,3-0,0,0
t1_p2v45nz,0,0.007011795416474342,-4.953125,0,0.051491957157850266,0,0.015291251294740764,tagalog,comment,True,unanimous,3-0,0,0
t1_p72c1fl,0,0.03934250399470329,-3.1953125,0,0.26731452345848083,0,0.06374919567270816,taglish,comment,True,unanimous,3-0,0,0
t1_p49c6vt,0,0.25608712434768677,-1.06640625,0,0.7654163241386414,0,0.28972146647582503,tagalog,comment,True,adjudicator,2-1,0,0
t1_p45evop,1,0.464840829372406,-0.140869140625,0,0.8635046482086182,0,0.47042049115011797,tagalog,comment,True,majority,3-0,1,1
t1_p4yghnt,0,0.24113182723522186,-1.146484375,0,0.44839853048324585,0,0.2760631339817292,english,comment,True,majority,3-0,0,0
t1_p57f2zg,0,0.012147169560194016,-4.3984375,0,0.14741531014442444,0,0.024159291283482317,taglish,comment,True,adjudicator,2-1,0,1
t1_p77kdvi,0,0.28140562772750854,-0.9375,0,0.7138232588768005,0,0.31252513105316,taglish,comment,True,adjudicator,2-1,0,0
t1_p5c44zx,1,0.49277549982070923,-0.028900146484375,0,0.7810750007629395,0,0.49392479159805885,tagalog,comment,True,adjudicator,2-1,1,1
t1_p6sywqo,0,0.01615283451974392,-4.109375,0,0.17487657070159912,0,0.030603518541486997,english,comment,True,majority,3-0,0,0
t1_p7jb3vx,0,0.07159119844436646,-2.5625,0,0.3898346424102783,0,0.10388380569565413,tagalog,comment,True,adjudicator,2-1,0,0
t1_p3zb372,1,0.09467770159244537,-2.2578125,0,0.5509054660797119,0,0.13026854539471952,taglish,comment,True,adjudicator,2-1,1,0
t1_p6eqbtu,0,0.12085322290658951,-1.984375,0,0.5312337279319763,0,0.15860374158742158,tagalog,comment,True,adjudicator,2-1,0,0
t1_p749ndq,0,0.1276526302099228,-1.921875,0,0.4159650504589081,0,0.16574373483595486,english,comment,True,majority,3-0,0,0
t1_p50y7o5,0,0.06233103200793266,-2.7109375,0,0.21834015846252441,0,0.09282514732160799,english,comment,True,majority,3-0,0,0
t1_p2vn936,0,0.007999754510819912,-4.8203125,0,0.04578552395105362,0,0.017067179216537203,english,comment,True,majority,3-0,0,0
t1_p56369i,0,0.6329566240310669,0.544921875,1,0.8577743768692017,0,0.6125925024863169,tagalog,comment,True,adjudicator,2-1,0,1
t1_p7mqrax,0,0.0384661927819252,-3.21875,0,0.2528992295265198,0,0.06258295355172713,taglish,comment,True,adjudicator,2-1,0,0
t1_p56sp0k,0,0.06233103200793266,-2.7109375,0,0.4476792812347412,0,0.09282514732160799,tagalog,comment,True,adjudicator,2-1,0,1
t1_p63ca40,0,0.21011726558208466,-1.32421875,0,0.5809246897697449,0,0.24721322446767902,taglish,comment,True,majority,3-0,0,0
t1_p4t8jcp,0,0.005060331430286169,-5.28125,0,0.04128088057041168,0,0.01164708164113099,taglish,comment,True,unanimous,3-0,0,0
t1_p4mrmw6,0,0.007937993854284286,-4.828125,0,0.0752115473151207,0,0.01695731888989483,tagalog,comment,True,majority,3-0,0,0
t1_p7d5fe5,0,0.00851130299270153,-4.7578125,0,0.0625055655837059,0,0.017971600329870007,tagalog,comment,True,unanimous,3-0,0,0
t1_p46rtff,0,0.012821215204894543,-4.34375,0,0.08312040567398071,0,0.02526750703541755,tagalog,comment,True,adjudicator,2-1,0,0
t1_p452vis,1,0.8006919622421265,1.390625,1,0.9157406091690063,1,0.7630314066157481,taglish,comment,True,majority,3-0,1,1
t1_p7hfvll,0,0.010986942797899246,-4.5,0,0.06196443364024162,0,0.022225607003580512,tagalog,comment,True,adjudicator,2-1,0,0
t1_p669cwo,0,0.009268012829124928,-4.671875,0,0.05833093076944351,0,0.019292403328946814,english,comment,True,majority,3-0,0,0
t1_p3t6iwq,0,0.010169658809900284,-4.578125,0,0.06876878440380096,0,0.020841876249170645,tagalog,comment,True,majority,3-0,0,0
t1_p2s40jd,0,0.005301895085722208,-5.234375,0,0.034584544599056244,0,0.012109672500050959,english,comment,True,majority,3-0,0,0
t1_p519y4r,0,0.007011795416474342,-4.953125,0,0.04107719659805298,0,0.015291251294740764,taglish,comment,True,majority,3-0,0,0
t1_p740tf6,0,0.005819959565997124,-5.140625,0,0.030583735555410385,0,0.013089962991732056,english,comment,True,majority,3-0,0,0
t1_p5yr8he,0,0.004198795650154352,-5.46875,0,0.02582910656929016,0,0.009965089496645825,english,comment,True,majority,3-0,0,0
t1_p7lqyox,0,0.03993731364607811,-3.1796875,0,0.30738550424575806,0,0.0645379098581677,tagalog,comment,True,adjudicator,2-1,0,0
t1_p51dkks,0,0.025760557502508163,-3.6328125,0,0.26144158840179443,0,0.04500987850035349,taglish,comment,True,majority,3-0,0,0
t1_p79eky1,0,0.013636835850775242,-4.28125,0,0.21405534446239471,0,0.02659472113960708,tagalog,comment,True,adjudicator,3-0,0,0
t1_p735n97,0,0.06656918674707413,-2.640625,0,0.4048125743865967,0,0.09792532587823569,taglish,comment,True,majority,3-0,0,0
t1_p4t45i1,0,0.0061929901130497456,-5.078125,0,0.04677298292517662,0,0.013786580238336728,tagalog,comment,True,majority,3-0,0,0
t1_p4ymeja,0,0.04240382835268974,-3.1171875,0,0.20141145586967468,0,0.06778441541859084,taglish,comment,True,majority,3-0,0,0
t1_p75movm,0,0.3048688769340515,-0.82421875,0,0.6502134799957275,0,0.3333476864434016,taglish,comment,True,adjudicator,2-1,0,0
t1_p5j6334,0,0.04742587357759476,-3.0,0,0.34221774339675903,0,0.07428280768046332,tagalog,comment,True,adjudicator,2-1,0,0
t1_p7a9x0p,0,0.08210662752389908,-2.4140625,0,0.4392973780632019,0,0.11609133322818742,english,comment,True,adjudicator,2-1,0,0
t1_p4npzck,0,0.008187909610569477,-4.796875,0,0.04260222241282463,0,0.017400973228886812,english,comment,True,unanimous,3-0,0,0
t1_p55w001,0,0.7924642562866211,1.33984375,1,0.9216735363006592,1,0.7552238001662711,taglish,comment,True,adjudicator,3-0,0,0
t1_p4507ie,1,0.1705079972743988,-1.58203125,0,0.624681830406189,0,0.20910570956366484,english,comment,True,majority,3-0,1,1
t1_p444y02,0,0.8402590155601501,1.66015625,1,0.9028900861740112,1,0.8015514738334365,taglish,comment,True,adjudicator,2-1,0,0
t1_p74azoy,1,0.8872045874595642,2.0625,1,0.9484776258468628,1,0.8499678417983448,tagalog,comment,True,majority,3-0,1,1
t1_p7lo1ij,0,0.06608537584543228,-2.6484375,0,0.4590010643005371,0,0.09734653344773303,taglish,comment,True,adjudicator,2-1,0,0
t1_p7dqgpz,0,0.0060975621454417706,-5.09375,0,0.0441933274269104,0,0.013609072138913528,tagalog,comment,True,majority,3-0,0,0
t1_p6fiq1i,0,0.01971912942826748,-3.90625,0,0.20257902145385742,0,0.03609801897942113,tagalog,comment,True,adjudicator,2-1,0,1
t1_p5extns,0,0.007345826830714941,-4.90625,0,0.08216388523578644,0,0.01589625091975806,taglish,comment,True,majority,3-0,0,0
t1_p5c35qw,0,0.14128142595291138,-1.8046875,0,0.5634494423866272,0,0.17982180351043184,taglish,comment,True,adjudicator,2-1,0,1
t1_p30k0q5,0,0.018689310178160667,-3.9609375,0,0.07955924421548843,0,0.03453161268674625,english,comment,True,majority,3-0,0,0
t1_p3l8d0g,0,0.011244560591876507,-4.4765625,0,0.08656856417655945,0,0.02265796219044205,taglish,comment,True,majority,3-0,0,0
t1_p77lqcr,0,0.06608537584543228,-2.6484375,0,0.374343603849411,0,0.09734653344773303,english,comment,True,unanimous,3-0,0,0
t1_p7m1ppc,0,0.007937993854284286,-4.828125,0,0.09941019117832184,0,0.01695731888989483,tagalog,comment,True,adjudicator,3-0,0,0
t1_p5jk389,0,0.0333368256688118,-3.3671875,0,0.1988469362258911,0,0.05564783927676872,tagalog,comment,True,adjudicator,2-1,0,0
t1_p4u52zt,0,0.008187909610569477,-4.796875,0,0.07426728308200836,0,0.017400973228886812,english,comment,True,majority,3-0,0,0
t1_p5je21x,0,0.01652955636382103,-4.0859375,0,0.2293645590543747,0,0.03119365004704844,taglish,comment,True,majority,3-0,0,0
t1_p4tx4d8,0,0.017176708206534386,-4.046875,0,0.11985614150762558,0,0.03220175519683031,english,comment,True,majority,3-0,0,0
t1_p72sxch,1,0.8991213440895081,2.1875,1,0.936934232711792,1,0.8628849375324023,english,comment,True,adjudicator,2-1,1,1
t1_p684xfn,0,0.03384403511881828,-3.3515625,0,0.21747970581054688,0,0.056342354099420795,taglish,comment,True,unanimous,3-0,0,0
t1_p4btruj,0,0.2422056347131729,-1.140625,0,0.673555850982666,0,0.27704891731829034,taglish,comment,True,unanimous,3-0,0,0
t1_p7310y1,0,0.0333368256688118,-3.3671875,0,0.2156195491552353,0,0.05564783927676872,tagalog,comment,True,adjudicator,2-1,0,0
t1_p7da1r9,0,0.04208773002028465,-3.125,0,0.2812262773513794,0,0.06737046742531698,english,comment,True,majority,3-0,0,0
t1_p60grm8,0,0.008644177578389645,-4.7421875,0,0.05448484420776367,0,0.018204960286484224,taglish,comment,True,majority,3-0,0,0
t1_p7n634m,0,0.7322090864181519,1.005859375,1,0.8891439437866211,1,0.6996903020203783,taglish,comment,True,unanimous,3-0,0,0
t1_p509ccc,0,0.007577240467071533,-4.875,0,0.051746394485235214,0,0.01631260519841396,english,comment,True,majority,3-0,0,0
t1_p7d9dcx,0,0.016277462244033813,-4.1015625,0,0.13196343183517456,0,0.03079901777926179,taglish,comment,True,unanimous,3-0,0,0
t1_p3zl63r,0,0.028652667999267578,-3.5234375,0,0.15153005719184875,0,0.04913287526310106,taglish,comment,True,majority,3-0,0,0
t1_p7jvm4b,0,0.046378206461668015,-3.0234375,0,0.32246774435043335,0,0.07293887397110954,taglish,comment,True,adjudicator,2-1,0,0
t1_p4zsnkt,0,0.0037654140032827854,-5.578125,0,0.031245112419128418,0,0.00909742046494949,taglish,comment,True,majority,3-0,0,0
t1_p44d1i3,0,0.02096424251794815,-3.84375,0,0.11615024507045746,0,0.0379719603326935,english,comment,True,unanimous,3-0,0,0
t1_p73xb5h,0,0.00934002548456192,-4.6640625,0,0.05040944367647171,0,0.019417093009770316,english,comment,True,majority,3-0,0,0
t1_p50b74h,0,0.00955939944833517,-4.640625,0,0.058828771114349365,0,0.019795920232554016,english,comment,True,majority,3-0,0,0
t1_p74x1nf,1,0.025371311232447624,-3.6484375,0,0.15696820616722107,0,0.04444847579365131,tagalog,comment,True,adjudicator,2-1,1,0
t1_p7jif6c,0,0.13799647986888885,-1.83203125,0,0.5577793717384338,0,0.17645555160355741,tagalog,comment,True,adjudicator,3-0,0,1
t1_p2k9va0,0,0.006388320587575436,-5.046875,0,0.042641326785087585,0,0.014148472488418828,english,comment,True,majority,3-0,0,0
t1_p5i73zk,0,0.5692541599273682,0.27880859375,1,0.8230485320091248,0,0.5583452787618451,tagalog,comment,True,adjudicator,2-1,0,1
t1_p7kfa7f,0,0.010489092208445072,-4.546875,0,0.08476275205612183,0,0.021384951384454207,taglish,comment,True,unanimous,3-0,0,0
t1_p73dqfd,0,0.11879339814186096,-2.00390625,0,0.4746953845024109,0,0.15642428338056064,taglish,comment,True,unanimous,3-0,0,0
t1_p4xlkvo,0,0.010328153148293495,-4.5625,0,0.10895552486181259,0,0.02111170529540571,taglish,comment,True,majority,3-0,0,0
t1_p5jpyg6,0,0.015663648024201393,-4.140625,0,0.1512582004070282,0,0.029833472898878933,taglish,comment,True,majority,3-0,0,0
t1_p72ylc3,1,0.4821091294288635,-0.07159423828125,0,0.7982209920883179,0,0.48495370967843315,tagalog,comment,True,majority,3-0,1,1
t1_p454fs8,1,0.7275885343551636,0.982421875,1,0.9182595610618591,1,0.6955328478942092,taglish,comment,True,majority,3-0,1,1
t1_p7ex3x9,0,0.01971912942826748,-3.90625,0,0.2435472458600998,0,0.03609801897942113,taglish,comment,True,majority,3-0,0,0
t1_p4hrk26,0,0.016914913430809975,-4.0625,0,0.09872647374868393,0,0.03179478789921633,taglish,comment,True,unanimous,3-0,0,0
t1_p44puyl,0,0.20561502873897552,-1.3515625,0,0.6392015218734741,0,0.24295911901495823,english,comment,True,adjudicator,2-1,0,0
t1_p6eh8uv,0,0.01678548939526081,-4.0703125,0,0.14259546995162964,0,0.031593173968374584,taglish,comment,True,majority,3-0,0,0
t1_p7bemk8,0,0.18010665476322174,-1.515625,0,0.5324454307556152,0,0.21849069486256847,tagalog,comment,True,adjudicator,2-1,0,0
t1_p1s48r8,0,0.0222861859947443,-3.78125,0,0.12415381520986557,0,0.03993915198826558,taglish,comment,True,unanimous,3-0,0,0
t1_p6edahj,0,0.02822098508477211,-3.5390625,0,0.21878516674041748,0,0.04852265983786787,taglish,comment,True,majority,3-0,0,0
t1_p7aqayk,0,0.07585818320512772,-2.5,0,0.44033676385879517,0,0.10887919489372166,tagalog,comment,True,adjudicator,2-1,0,1
t1_p43ax2i,1,0.34510529041290283,-0.640625,0,0.7530030012130737,0,0.3684902179834977,taglish,comment,True,majority,3-0,1,1
t1_p44rcmp,0,0.01652955636382103,-4.0859375,0,0.19586306810379028,0,0.03119365004704844,taglish,comment,True,majority,3-0,0,0
t1_p6irmzx,0,0.011158031411468983,-4.484375,0,0.09726684540510178,0,0.022512938608298397,taglish,comment,True,unanimous,3-0,0,0
t1_p45715d,0,0.03384403511881828,-3.3515625,0,0.3110104501247406,0,0.056342354099420795,taglish,comment,True,majority,3-0,0,0
t1_p5rqdae,0,0.015424554236233234,-4.15625,0,0.14065831899642944,0,0.02945552511264557,taglish,comment,True,majority,3-0,0,0
t1_p47cc3b,0,0.029986508190631866,-3.4765625,0,0.31727510690689087,0,0.051007464718600584,taglish,comment,True,majority,3-0,0,0
t1_p736jxe,0,0.0222861859947443,-3.78125,0,0.15445367991924286,0,0.03993915198826558,tagalog,comment,True,adjudicator,2-1,0,1
t1_p30flmm,0,0.3263787627220154,-0.724609375,0,0.6065871715545654,0,0.3522140053809967,taglish,comment,True,unanimous,3-0,0,0
t1_p58i7xv,0,0.08151976019144058,-2.421875,0,0.4313769042491913,0,0.11541890766727748,taglish,comment,True,majority,3-0,0,0
t1_p7m4br9,0,0.08601588010787964,-2.36328125,0,0.47203248739242554,0,0.12054548118427236,taglish,comment,True,adjudicator,2-1,0,0
t1_p4y4qs6,0,0.008187909610569477,-4.796875,0,0.06415142118930817,0,0.017400973228886812,english,comment,True,majority,3-0,0,0
t1_p4e4u5y,0,0.07978201657533646,-2.4453125,0,0.4426851272583008,0,0.11342192123110725,tagalog,comment,True,adjudicator,2-1,0,0
t1_p5s60ix,0,0.010408314876258373,-4.5546875,0,0.06969481706619263,0,0.021247898639664812,english,comment,True,majority,3-0,0,0
t1_p753qtq,0,0.004609572235494852,-5.375,0,0.03634712100028992,0,0.010773667082764867,taglish,comment,True,majority,3-0,0,0
t1_p5r89rb,0,0.5285334587097168,0.1142578125,1,0.7920733690261841,0,0.5240012857447334,taglish,comment,True,majority,3-0,0,0
t1_p5ryxkq,0,0.006003595422953367,-5.109375,0,0.05560539290308952,0,0.0134338183998672,english,comment,True,majority,3-0,0,0
t1_p48zy40,1,0.014063626527786255,-4.25,0,0.18111714720726013,0,0.027283520810115005,english,comment,True,adjudicator,2-1,1,1
t1_p57hxrj,0,0.19930799305438995,-1.390625,0,0.6034634113311768,0,0.23696859338425197,taglish,comment,True,majority,3-0,0,0
t1_p5na7n6,0,0.012920473702251911,-4.3359375,0,0.07120499014854431,0,0.02542981333591582,taglish,comment,True,majority,3-0,0,0
t1_p5gdrva,0,0.8365545868873596,1.6328125,1,0.908108651638031,1,0.7978686381840276,english,comment,True,adjudicator,2-1,0,0
t1_p57ecq6,0,0.03993731364607811,-3.1796875,0,0.23850205540657043,0,0.0645379098581677,taglish,comment,True,unanimous,3-0,0,0
t1_p4u5umn,0,0.18242552876472473,-1.5,0,0.5023839473724365,0,0.22074250972534126,taglish,comment,True,majority,3-0,0,0
t1_p3ks522,0,0.011244560591876507,-4.4765625,0,0.08755265176296234,0,0.02265796219044205,english,comment,True,majority,3-0,0,0
t1_p71hvyj,1,0.16184942424297333,-1.64453125,0,0.444530189037323,0,0.20054678799297365,english,comment,True,adjudicator,3-0,1,1
t1_p5zw3b6,0,0.18892180919647217,-1.45703125,0,0.5801522731781006,0,0.22702047391851843,taglish,comment,True,majority,3-0,0,0
t1_p7dzoas,0,0.7602949142456055,1.154296875,1,0.8899484872817993,1,0.72524786282714,taglish,comment,True,majority,3-0,0,0
t1_p7mu80i,0,0.017309095710515976,-4.0390625,0,0.16401906311511993,0,0.03240712286344921,english,comment,True,adjudicator,2-1,0,0
t1_p5zi0ly,0,0.502288818359375,0.0091552734375,1,0.7989100813865662,0,0.5019246496475688,taglish,comment,True,adjudicator,2-1,0,1
t1_p18lnfm,0,0.0033766122069209814,-5.6875,0,0.03006649576127529,0,0.008304666410582032,taglish,comment,True,majority,3-0,0,0
t1_p7lp3me,0,0.6610482335090637,0.66796875,1,0.8227699995040894,1,0.63684406794126,tagalog,comment,True,adjudicator,2-1,0,0
t1_p7m1wrz,1,0.04240382835268974,-3.1171875,0,0.3453213572502136,0,0.06778441541859084,taglish,comment,True,adjudicator,3-0,1,1
t1_p4utq42,0,0.875361442565918,1.94921875,1,0.9264399409294128,1,0.8374112197757676,taglish,comment,True,adjudicator,2-1,0,1
t1_p7jie8q,1,0.8499711751937866,1.734375,1,0.9330539107322693,1,0.8112923870882806,taglish,comment,True,majority,3-0,1,1
t1_p5hdsmw,0,0.012336100451648235,-4.3828125,0,0.09434782713651657,0,0.02447099582237062,taglish,comment,True,majority,3-0,0,0
t1_p4nabj2,1,0.016657039523124695,-4.078125,0,0.19451123476028442,0,0.03139279703942328,taglish,comment,True,majority,3-0,1,1
t1_p7lxbij,0,0.0064882696606218815,-5.03125,0,0.05516012758016586,0,0.014332913951778192,tagalog,comment,True,unanimous,3-0,0,0
t1_p7hifqm,0,0.022629201412200928,-3.765625,0,0.18241652846336365,0,0.04044601080424037,taglish,comment,True,unanimous,3-0,0,0
t1_p7m7lmw,0,0.1901218295097351,-1.44921875,0,0.4967661499977112,0,0.22817537162892054,english,comment,True,majority,3-0,0,0
t1_p7j76ff,1,0.6132365465164185,0.4609375,1,0.8225289583206177,0,0.595704981415785,tagalog,comment,True,majority,3-0,1,1
t1_p4z44pj,1,0.6641048192977905,0.681640625,1,0.8263576030731201,1,0.6394987305918107,english,comment,True,adjudicator,2-1,1,1
t1_p7jfc3n,0,0.0384661927819252,-3.21875,0,0.23388493061065674,0,0.06258295355172713,tagalog,comment,True,adjudicator,2-1,0,1
t1_p5ypa4d,0,0.5754687786102295,0.30419921875,1,0.8263645172119141,0,0.5636035679445403,taglish,comment,True,majority,3-0,0,0
t1_p7jccwe,0,0.40333181619644165,-0.3916015625,0,0.6903362274169922,0,0.4184118418578028,taglish,comment,True,majority,3-0,0,0
t1_p18ei05,0,0.005819959565997124,-5.140625,0,0.038682982325553894,0,0.013089962991732056,taglish,comment,True,majority,3-0,0,0
t1_p7go7aw,0,0.2230384200811386,-1.248046875,0,0.6249130964279175,0,0.25932532422735616,tagalog,comment,True,majority,3-0,0,0
t1_p5hxxon,0,0.006589771714061499,-5.015625,0,0.09073151648044586,0,0.014519724407489786,taglish,comment,True,unanimous,3-0,0,0
t1_p58j5wr,0,0.38444983959198,-0.470703125,0,0.7918637990951538,0,0.40231882928993246,tagalog,comment,True,adjudicator,2-1,0,0
t1_p78ml6m,0,0.055005285888910294,-2.84375,0,0.4057452082633972,0,0.08383858826257104,tagalog,comment,True,unanimous,3-0,0,0
t1_p55zjt1,0,0.200557678937912,-1.3828125,0,0.5806421041488647,0,0.23815850656489274,taglish,comment,True,adjudicator,2-1,0,0
t1_p7535fe,0,0.0060975621454417706,-5.09375,0,0.047049060463905334,0,0.013609072138913528,taglish,comment,True,majority,3-0,0,0
t1_p5qd842,0,0.531209409236908,0.125,1,0.8273245096206665,0,0.5262538451975106,tagalog,comment,True,adjudicator,2-1,0,1
t1_p50mgb4,0,0.6201616525650024,0.490234375,1,0.838863730430603,0,0.6016239870688865,taglish,comment,True,adjudicator,2-1,0,0
t1_p4klzjf,0,0.00482972152531147,-5.328125,0,0.030561398714780807,0,0.011201961428719093,english,comment,True,majority,3-0,0,0
t1_p4ziowc,0,0.2091464400291443,-1.330078125,0,0.5250663757324219,0,0.24629743421874098,english,comment,True,majority,3-0,0,0
t1_p5al41l,0,0.18653921782970428,-1.47265625,0,0.6288990378379822,0,0.22472308548574013,tagalog,comment,True,adjudicator,2-1,0,0
t1_p5zur2y,0,0.023689471185207367,-3.71875,0,0.1904011219739914,0,0.042003807112732994,taglish,comment,True,majority,3-0,0,0
t1_p44w57o,1,0.9190633296966553,2.4296875,1,0.9527292251586914,1,0.8852501286932442,english,comment,True,majority,3-0,1,1
t1_p5cx553,0,0.03934250399470329,-3.1953125,0,0.194641575217247,0,0.06374919567270816,english,comment,True,adjudicator,2-1,0,0
t1_p71vz3p,0,0.0071214293129742146,-4.9375,0,0.04843898117542267,0,0.015490356103967403,english,comment,True,majority,3-0,0,0
t1_p734z3r,0,0.01342825498431921,-4.296875,0,0.08248110860586166,0,0.02625669329336014,tagalog,comment,True,adjudicator,2-1,0,0
t1_p5l7pu0,0,0.005641908384859562,-5.171875,0,0.03675127774477005,0,0.012754795204657238,english,comment,True,majority,3-0,0,0
t3_1vf9sj9,0,0.0055549247190356255,-5.1875,0,0.042087115347385406,0,0.012590402179978123,taglish,submission,True,unanimous,3-0,0,0
t1_p2sare7,0,0.02460992895066738,-3.6796875,0,0.2614886164665222,0,0.04334564026622953,tagalog,comment,True,adjudicator,2-1,0,0
t1_p671tlr,0,0.011072159744799137,-4.4921875,0,0.0841691792011261,0,0.02236882201306741,english,comment,True,majority,3-0,0,0
t1_p6xrwwp,0,0.0034834241960197687,-5.65625,0,0.030694473534822464,0,0.008523904322074859,english,comment,True,majority,3-0,0,0
t1_p512jb2,0,0.4909677505493164,-0.0361328125,0,0.7321285009384155,0,0.4924045961949044,tagalog,comment,True,adjudicator,2-1,0,0
t1_p5ajtrc,1,0.03676946833729744,-3.265625,0,0.2563634514808655,0,0.060309985838197355,taglish,comment,True,adjudicator,2-1,1,1
t1_p5ak7bv,0,0.31489264965057373,-0.77734375,0,0.7344443202018738,0,0.3421639849316851,tagalog,comment,True,unanimous,3-0,0,0
t1_p4u7uah,0,0.00857748556882143,-4.75,0,0.04893171787261963,0,0.018087910909674893,english,comment,True,majority,3-0,0,0
t1_p4v1rhh,0,0.007232763804495335,-4.921875,0,0.05312430486083031,0,0.015692012109965205,english,comment,True,majority,3-0,0,0
t1_p653zlu,0,0.006589771714061499,-5.015625,0,0.03850869834423065,0,0.014519724407489786,english,comment,True,majority,3-0,0,0
t1_p2zdon7,0,0.012431650422513485,-4.375,0,0.11059918999671936,0,0.024628314993182833,taglish,comment,True,majority,3-0,0,0
t1_p5uu4pd,0,0.011331754736602306,-4.46875,0,0.0844995304942131,0,0.022803898189473974,taglish,comment,True,majority,3-0,0,0
t1_p5yq0vl,0,0.12378870695829391,-1.95703125,0,0.518181324005127,0,0.1616962997590879,tagalog,comment,True,adjudicator,2-1,0,0
t1_p453nki,1,0.012821215204894543,-4.34375,0,0.14083148539066315,0,0.02526750703541755,english,comment,True,adjudicator,2-1,1,1
t1_p5l9vji,0,0.7094219326972961,0.892578125,1,0.8482985496520996,1,0.6793019598213159,tagalog,comment,True,adjudicator,2-1,0,0
t1_p55zvoy,0,0.8122723698616028,1.46484375,1,0.9224883913993835,1,0.7741302889736414,taglish,comment,True,adjudicator,2-1,0,1
t1_p34pmjt,0,0.03934250399470329,-3.1953125,0,0.17442195117473602,0,0.06374919567270816,taglish,comment,True,majority,3-0,0,0
t1_p2tr3px,0,0.02931223064661026,-3.5,0,0.26097071170806885,0,0.05006185869555274,tagalog,comment,True,adjudicator,2-1,0,0
t1_p30e5hi,0,0.022977370768785477,-3.75,0,0.2809353470802307,0,0.040959027625213876,tagalog,comment,True,adjudicator,2-1,0,0
t1_p7kejka,0,0.00851130299270153,-4.7578125,0,0.06909443438053131,0,0.017971600329870007,taglish,comment,True,majority,3-0,0,0
t1_p7j5xzr,0,0.4347012937068939,-0.2626953125,0,0.7604341506958008,0,0.4449985885370813,tagalog,comment,True,adjudicator,2-1,0,1
t1_p4ziusw,0,0.08570928126573563,-2.3671875,0,0.37140601873397827,0,0.12019768445637417,taglish,comment,True,majority,3-0,0,0
t1_p5zyraz,0,0.0064882696606218815,-5.03125,0,0.03970341756939888,0,0.014332913951778192,english,comment,True,adjudicator,2-1,0,0
t1_p43gacw,1,0.22815652191638947,-1.21875,0,0.7385217547416687,0,0.2640852129655265,taglish,comment,True,majority,3-0,1,1
t1_p3zatla,1,0.6601723432540894,0.6640625,1,0.8954014778137207,1,0.6360840503329004,tagalog,comment,True,adjudicator,2-1,1,1
t1_p7l5ead,0,0.043042849749326706,-3.1015625,0,0.2889512777328491,0,0.06861939488398185,tagalog,comment,True,majority,3-0,0,0
t1_p7locwq,0,0.6390605568885803,0.5712890625,1,0.8297398090362549,0,0.6178411261557714,taglish,comment,True,adjudicator,2-1,0,0
t1_p73g85d,0,0.8250265121459961,1.55078125,1,0.9305275678634644,1,0.7865151968571659,tagalog,comment,True,adjudicator,2-1,0,1
t1_p7j4f99,0,0.06187598779797554,-2.71875,0,0.29504477977752686,0,0.09227341622221635,tagalog,comment,True,majority,3-0,0,0
t1_p512c7h,0,0.007011795416474342,-4.953125,0,0.05800680071115494,0,0.015291251294740764,taglish,comment,True,majority,3-0,0,0
t1_p77smoq,1,0.10158944875001907,-2.1796875,0,0.4810025691986084,0,0.13789418470930148,tagalog,comment,True,majority,3-0,1,1
t1_p73chc4,0,0.00806199200451374,-4.8125,0,0.0376698337495327,0,0.017177738851367554,english,comment,True,unanimous,3-0,0,0
t1_p4emiwh,0,0.0059110685251653194,-5.125,0,0.03693094477057457,0,0.013260791187594117,english,comment,True,majority,3-0,0,0
t1_p4uqeg7,0,0.00806199200451374,-4.8125,0,0.05199424549937248,0,0.017177738851367554,english,comment,True,majority,3-0,0,0
t1_p30bbg6,0,0.08035747706890106,-2.4375,0,0.33568835258483887,0,0.1140842129156616,taglish,comment,True,majority,3-0,0,0
t1_p4s6mxc,0,0.0204885546118021,-3.8671875,0,0.09571003913879395,0,0.03725852622845867,taglish,comment,True,adjudicator,3-0,0,0
t1_p6wbvr7,0,0.0061929901130497456,-5.078125,0,0.0592692494392395,0,0.013786580238336728,taglish,comment,True,majority,3-0,0,0
t1_p2tqqd4,0,0.06097517907619476,-2.734375,0,0.3518542945384979,0,0.09117878556342017,taglish,comment,True,adjudicator,2-1,0,0
t1_p29d6d9,0,0.006589771714061499,-5.015625,0,0.06583312898874283,0,0.014519724407489786,taglish,comment,True,adjudicator,2-1,0,0
t1_p3grfjm,0,0.13432106375694275,-1.86328125,0,0.5202075242996216,0,0.17266926657196388,tagalog,comment,True,adjudicator,2-1,0,1
t1_p7adtod,0,0.014503578655421734,-4.21875,0,0.1274310052394867,0,0.027989647326089936,taglish,comment,True,unanimous,3-0,0,0
t1_p4zzxjk,0,0.00482972152531147,-5.328125,0,0.032547906041145325,0,0.011201961428719093,taglish,comment,True,majority,3-0,0,0
t1_p3k9lfk,0,0.02498779445886612,-3.6640625,0,0.1714426875114441,0,0.043893753550516446,tagalog,comment,True,adjudicator,2-1,0,0
t1_p77i5r8,0,0.15713684260845184,-1.6796875,0,0.5236462950706482,0,0.1958489859584905,tagalog,comment,True,adjudicator,2-1,0,0
t1_p44qze1,0,0.1550784707069397,-1.6953125,0,0.6228268146514893,0,0.19378796144086155,tagalog,comment,True,adjudicator,2-1,0,0
t1_p4wxm7g,0,0.008445627056062222,-4.765625,0,0.06953021138906479,0,0.017856024060526225,taglish,comment,True,majority,3-0,0,0
t1_p4dj8uc,0,0.010489092208445072,-4.546875,0,0.07984058558940887,0,0.021384951384454207,english,comment,True,majority,3-0,0,0
t1_p4rjt3b,0,0.02280263788998127,-3.7578125,0,0.11054941266775131,0,0.040701745238940656,taglish,comment,True,majority,3-0,0,0
t1_p4kncq6,0,0.005060331430286169,-5.28125,0,0.02969675324857235,0,0.01164708164113099,taglish,comment,True,majority,3-0,0,0
t1_p6tfh6s,0,0.4697330892086029,-0.1212158203125,0,0.8266031742095947,0,0.47453955288852834,taglish,comment,True,adjudicator,2-1,0,0
t1_p7lrxvu,0,0.01590639352798462,-4.125,0,0.2181277573108673,0,0.030216119203526084,tagalog,comment,True,adjudicator,2-1,0,0
t1_p7lsegc,0,0.013325147330760956,-4.3046875,0,0.1599438190460205,0,0.026089250695529986,tagalog,comment,True,majority,3-0,0,0
t1_p7jbx2a,0,0.09334688633680344,-2.2734375,0,0.46370387077331543,0,0.12878713155579127,tagalog,comment,True,adjudicator,2-1,0,0
t1_p44tq5g,0,0.24544657766819,-1.123046875,0,0.7238785624504089,0,0.2800192567309227,tagalog,comment,True,adjudicator,2-1,0,1
t1_p4ud2by,0,0.19559408724308014,-1.4140625,0,0.542952299118042,0,0.23342350181440233,english,comment,True,adjudicator,2-1,0,0
t1_p7antyp,0,0.024798156693577766,-3.671875,0,0.3366607129573822,0,0.0436188752354492,tagalog,comment,True,majority,3-0,0,0
t1_p4r154a,0,0.014503578655421734,-4.21875,0,0.10187660157680511,0,0.027989647326089936,taglish,comment,True,majority,3-0,0,0
t1_p4w0yti,0,0.010408314876258373,-4.5546875,0,0.0350702702999115,0,0.021247898639664812,english,comment,True,adjudicator,2-1,0,0
t1_p6p7dd0,1,0.6951311230659485,0.82421875,1,0.8210319876670837,1,0.6666523135565983,english,comment,True,majority,3-0,1,1
t1_p7me7uh,0,0.026759279891848564,-3.59375,0,0.19436649978160858,0,0.04644308664431409,taglish,comment,True,majority,3-0,0,0
t1_p5cp7ph,0,0.00970847625285387,-4.625,0,0.0861431360244751,0,0.020052485144180753,taglish,comment,True,majority,3-0,0,0
t1_p4c4rr2,0,0.011244560591876507,-4.4765625,0,0.09732130169868469,0,0.02265796219044205,english,comment,True,majority,3-0,0,0
t1_p6emxwk,0,0.0060975621454417706,-5.09375,0,0.05369642376899719,0,0.013609072138913528,english,comment,True,majority,3-0,0,0
t1_p503kt3,0,0.004264634568244219,-5.453125,0,0.024957379326224327,0,0.010095554259196948,taglish,comment,True,unanimous,3-0,0,0
t1_p5qf3ap,0,0.02280263788998127,-3.7578125,0,0.1677798330783844,0,0.040701745238940656,taglish,comment,True,majority,3-0,0,0
t1_p6kwlwa,0,0.2233770787715912,-1.24609375,0,0.7078816890716553,0,0.25964090938466616,taglish,comment,True,majority,3-0,0,0
t1_p3ohd7m,0,0.06097517907619476,-2.734375,0,0.3655499815940857,0,0.09117878556342017,taglish,comment,True,adjudicator,2-1,0,0
t1_p3uj7ug,0,0.007518718484789133,-4.8828125,0,0.06247447058558464,0,0.01620752192666397,tagalog,comment,True,adjudicator,3-0,0,0
t1_p7jjbbd,0,0.7272012233734131,0.98046875,1,0.9108073711395264,1,0.695184935401347,tagalog,comment,True,adjudicator,2-1,0,0
t1_p26eoyo,0,0.00978387612849474,-4.6171875,0,0.07739542424678802,0,0.020181986252351042,taglish,comment,True,unanimous,3-0,0,0
t1_p4zx9og,0,0.027585282921791077,-3.5625,0,0.14742696285247803,0,0.04762080702464712,english,comment,True,majority,3-0,0,0
t1_p4r0ap6,0,0.02655657008290291,-3.6015625,0,0.212702214717865,0,0.04615301414951468,english,comment,True,majority,3-0,0,0
t1_p6xrt1a,0,0.0030278346966952085,-5.796875,0,0.022785453125834465,0,0.007580464891923521,taglish,comment,True,majority,3-0,0,0
t1_p6z9wdx,0,0.004468384198844433,-5.40625,0,0.02532847225666046,0,0.01049717709511504,taglish,comment,True,adjudicator,2-1,0,0
t1_p4anh9h,0,0.005139610730111599,-5.265625,0,0.030218785628676414,0,0.011799304903314928,taglish,comment,True,unanimous,3-0,0,0
t1_p7lm5q5,0,0.005641908384859562,-5.171875,0,0.034539319574832916,0,0.012754795204657238,taglish,comment,True,majority,3-0,0,0
t1_p5e8icc,0,0.0055549247190356255,-5.1875,0,0.032875366508960724,0,0.012590402179978123,taglish,comment,True,unanimous,3-0,0,0
t1_p6xvdqt,0,0.3396085798740387,-0.6650390625,0,0.627427339553833,0,0.3637258814126829,taglish,comment,True,majority,3-0,0,0
t1_p5ak8zz,0,0.45048028230667114,-0.19873046875,0,0.804914653301239,0,0.4583190199340636,tagalog,comment,True,unanimous,3-0,0,0
t1_p5blhoa,1,0.023153413087129593,-3.7421875,0,0.1508052945137024,0,0.041217866457762514,taglish,comment,True,adjudicator,2-1,1,1
t1_p49i2a9,0,0.008187909610569477,-4.796875,0,0.044875334948301315,0,0.017400973228886812,taglish,comment,True,majority,3-0,0,0
t1_p4522z7,0,0.2443629950284958,-1.12890625,0,0.632194995880127,0,0.27902698360049427,taglish,comment,True,unanimous,3-0,0,0
t1_p46kgxz,0,0.20561502873897552,-1.3515625,0,0.5794943571090698,0,0.24295911901495823,taglish,comment,True,majority,3-0,0,0
t1_p5ckey9,0,0.018124721944332123,-3.9921875,0,0.18156743049621582,0,0.03366616091893619,taglish,comment,True,majority,3-0,0,0
t1_p468uq7,0,0.023509452119469643,-3.7265625,0,0.19288748502731323,0,0.04174024761804382,taglish,comment,True,majority,3-0,0,0
t1_p4j13uh,0,0.026155617088079453,-3.6171875,0,0.31438159942626953,0,0.04557803374078802,taglish,comment,True,adjudicator,2-1,0,0
t1_p6kvaw3,0,0.37570643424987793,-0.5078125,0,0.7592484951019287,0,0.3948386990738994,tagalog,comment,True,adjudicator,2-1,0,0
t1_p50cu7q,0,0.6988435387611389,0.841796875,1,0.8829588294029236,1,0.6699290045933374,tagalog,comment,True,adjudicator,2-1,0,1
t1_p6ehfif,0,0.006003595422953367,-5.109375,0,0.038831472396850586,0,0.0134338183998672,taglish,comment,True,majority,3-0,0,0
t1_p3kn1mx,0,0.022977370768785477,-3.75,0,0.15483589470386505,0,0.040959027625213876,taglish,comment,True,adjudicator,2-1,0,0
t1_p508vlz,0,0.007011795416474342,-4.953125,0,0.04212329909205437,0,0.015291251294740764,taglish,comment,True,majority,3-0,0,0
t1_p500tw0,0,0.03963883966207504,-3.1875,0,0.22427527606487274,0,0.06414242358011293,tagalog,comment,True,unanimous,3-0,0,0
t1_p5j68cx,0,0.006903837900608778,-4.96875,0,0.03615254908800125,0,0.015094666435081956,taglish,comment,True,unanimous,3-0,0,0
t1_p7inl7t,0,0.10521054267883301,-2.140625,0,0.4297446608543396,0,0.1418457224173207,tagalog,comment,True,adjudicator,2-1,0,0
t1_p2to0zs,0,0.7592254281044006,1.1484375,1,0.8930630683898926,1,0.7242649778192881,taglish,comment,True,unanimous,3-0,0,0
t1_p7m7vex,1,0.015189048834145069,-4.171875,0,0.09565925598144531,0,0.02908222185931275,taglish,comment,True,adjudicator,2-1,1,0
t1_p4kwum0,0,0.00978387612849474,-4.6171875,0,0.10079477727413177,0,0.020181986252351042,taglish,comment,True,majority,3-0,0,0
t1_p5cnmub,0,0.020332353189587593,-3.875,0,0.15012197196483612,0,0.03702359103295126,english,comment,True,majority,3-0,0,0
t1_p55dlc7,0,0.46198752522468567,-0.15234375,0,0.7507821917533875,0,0.4680173985222847,tagalog,comment,True,adjudicator,2-1,0,0
t1_p6xqnb9,0,0.0032730652019381523,-5.71875,0,0.028006162494421005,0,0.008091021361180777,taglish,comment,True,unanimous,3-0,0,0
t1_p5ajxuq,0,0.6649755239486694,0.685546875,1,0.8265540599822998,1,0.6402556500577059,english,comment,True,majority,3-0,0,0
t1_p4mpcby,0,0.3663630187511444,-0.5478515625,0,0.5592087507247925,0,0.3868229997811067,taglish,comment,True,adjudicator,2-1,0,1
t1_p3z7paz,0,0.010169658809900284,-4.578125,0,0.07555931061506271,0,0.020841876249170645,tagalog,comment,True,unanimous,3-0,0,0
t1_p3z0hlw,0,0.01678548939526081,-4.0703125,0,0.11869663000106812,0,0.031593173968374584,taglish,comment,True,unanimous,3-0,0,0
t1_p2ybp2q,0,0.007695646956562996,-4.859375,0,0.05077679082751274,0,0.016524785711200005,english,comment,True,adjudicator,3-0,0,0
t1_p4q6qmb,0,0.00482972152531147,-5.328125,0,0.048635926097631454,0,0.011201961428719093,taglish,comment,True,unanimous,3-0,0,0
t1_p5bok5x,0,0.052618954330682755,-2.890625,0,0.24976281821727753,0,0.080860221902256,english,comment,True,unanimous,3-0,0,0
t1_p747u3c,0,0.003172682598233223,-5.75,0,0.021540969610214233,0,0.007882828835256768,tagalog,comment,True,majority,3-0,0,0
t1_p7lslbs,0,0.29098084568977356,-0.890625,0,0.6777763366699219,0,0.32105593838869784,taglish,comment,True,unanimous,3-0,0,0
t1_p5ic7oc,0,0.015072628855705261,-4.1796875,0,0.12704282999038696,0,0.028897295206111586,tagalog,comment,True,adjudicator,2-1,0,0
t1_p4zyvy3,0,0.008187909610569477,-4.796875,0,0.06252425163984299,0,0.017400973228886812,taglish,comment,True,majority,3-0,0,0
t1_p6evfqh,1,0.1980641782283783,-1.3984375,0,0.5172954797744751,0,0.23578278540099545,english,comment,True,adjudicator,2-1,1,1
t1_p5tdikt,0,0.014172366820275784,-4.2421875,0,0.11537530273199081,0,0.02745841221115382,taglish,comment,True,unanimous,3-0,0,0
t1_p7mywvv,0,0.018124721944332123,-3.9921875,0,0.14561860263347626,0,0.03366616091893619,taglish,comment,True,majority,3-0,0,0
t1_p5n7zbt,0,0.20817892253398895,-1.3359375,0,0.546768069267273,0,0.24538393062797415,taglish,comment,True,unanimous,3-0,0,0
t1_p42kfmf,0,0.5520567893981934,0.208984375,1,0.8037635684013367,0,0.5438208361530121,tagalog,comment,True,majority,3-0,0,0
t1_p4zso0v,0,0.13072869181632996,-1.89453125,0,0.5201219320297241,0,0.1689475585865597,english,comment,True,majority,3-0,0,0
t3_1vfu3bz,0,0.02779562398791313,-3.5546875,0,0.19904467463493347,0,0.047919641169705256,taglish,submission,True,majority,3-0,0,0
t1_p6mfrhg,0,0.005469274707138538,-5.203125,0,0.05381288751959801,0,0.01242810129841592,taglish,comment,True,majority,3-0,0,0
t1_p4xgjet,0,0.023330770432949066,-3.734375,0,0.11502212285995483,0,0.041478270266798234,taglish,comment,True,majority,3-0,0,0
t1_p3recjs,0,0.008779109455645084,-4.7265625,0,0.0670485869050026,0,0.018441293502847105,taglish,comment,True,unanimous,3-0,0,0
t1_p3z1tih,0,0.011869121342897415,-4.421875,0,0.08807206153869629,0,0.02369898267355779,taglish,comment,True,unanimous,3-0,0,0
t1_p5tbsqh,1,0.7527403235435486,1.11328125,1,0.8718829154968262,1,0.7183221720614393,taglish,comment,True,unanimous,3-0,1,1
t1_p3lfwye,0,0.007011795416474342,-4.953125,0,0.04627678915858269,0,0.015291251294740764,taglish,comment,True,majority,3-0,0,0
t1_p70c3as,0,0.2260994017124176,-1.23046875,0,0.6015581488609314,0,0.26217455285238916,taglish,comment,True,unanimous,3-0,0,0
t1_p44iql0,0,0.012053778395056725,-4.40625,0,0.08415202796459198,0,0.0240048943776265,tagalog,comment,True,adjudicator,2-1,0,0
t1_p43jou3,0,0.6671476364135742,0.6953125,1,0.8364872932434082,1,0.6421448920577635,tagalog,comment,True,majority,3-0,0,0
t1_p42u05n,0,0.03138043358922005,-3.4296875,0,0.2428703010082245,0,0.05294959350880882,english,comment,True,majority,3-0,0,0
t1_p7k45c9,0,0.004609572235494852,-5.375,0,0.02151130698621273,0,0.010773667082764867,english,comment,True,majority,3-0,0,0
t1_p5emwes,0,0.004905405919998884,-5.3125,0,0.03366801515221596,0,0.011348433924474682,taglish,comment,True,adjudicator,2-1,0,0
t1_p744g80,0,0.006692850962281227,-5.0,0,0.04756135866045952,0,0.01470893335437296,english,comment,True,adjudicator,2-1,0,0
t1_p4u0hht,0,0.0037072529084980488,-5.59375,0,0.028165144845843315,0,0.008979737567216185,taglish,comment,True,majority,3-0,0,0
t1_p66ynv1,0,0.03963883966207504,-3.1875,0,0.25814780592918396,0,0.06414242358011293,english,comment,True,majority,3-0,0,0
t3_1vrbv5m,0,0.010489092208445072,-4.546875,0,0.08971211314201355,0,0.021384951384454207,taglish,submission,True,unanimous,3-0,0,0
t1_p7lyv2i,0,0.04672495648264885,-3.015625,0,0.4052146375179291,0,0.07338434406141699,taglish,comment,True,unanimous,3-0,0,0
t1_p7lqosu,0,0.008779109455645084,-4.7265625,0,0.08724802732467651,0,0.018441293502847105,tagalog,comment,True,adjudicator,2-1,0,0
t1_p748ub9,0,0.053009770810604095,-2.8828125,0,0.26366645097732544,0,0.08134982589677266,english,comment,True,majority,3-0,0,0
t1_p7j763w,1,0.024237634614109993,-3.6953125,0,0.1391846090555191,0,0.0428040650023887,taglish,comment,True,unanimous,3-0,1,1
t1_p622au2,0,0.011597361415624619,-4.4453125,0,0.08758708089590073,0,0.023247235422007094,tagalog,comment,True,adjudicator,2-1,0,0
t1_p7mwkqj,0,0.019419347867369652,-3.921875,0,0.1391221582889557,0,0.03564362404926632,taglish,comment,True,unanimous,3-0,0,0
t1_p3wqy9j,0,0.013020490296185017,-4.328125,0,0.13652339577674866,0,0.025593134839435212,taglish,comment,True,unanimous,3-0,0,0
t1_p7jfqdd,0,0.018689310178160667,-3.9609375,0,0.09191147983074188,0,0.03453161268674625,english,comment,True,unanimous,3-0,0,0
t1_p7mk1sb,0,0.016657039523124695,-4.078125,0,0.2255379855632782,0,0.03139279703942328,tagalog,comment,True,adjudicator,2-1,0,1
t1_p55pqwb,0,0.06371499598026276,-2.6875,0,0.2985745072364807,0,0.0944981454485099,tagalog,comment,True,majority,3-0,0,0
t1_p5bk3bw,1,0.333720326423645,-0.69140625,0,0.6692986488342285,0,0.3586102788000436,english,comment,True,adjudicator,2-1,1,1
t1_p5am8kj,0,0.012431650422513485,-4.375,0,0.13472270965576172,0,0.024628314993182833,taglish,comment,True,majority,3-0,0,0
t1_p4s6jbw,0,0.043365802615880966,-3.09375,0,0.22468996047973633,0,0.06904044865166213,taglish,comment,True,unanimous,3-0,0,0
t1_p59zb3f,1,0.6876299977302551,0.7890625,1,0.8732318878173828,1,0.6600506251126335,taglish,comment,True,unanimous,3-0,1,1
t1_p44z1hv,0,0.016029147431254387,-4.1171875,0,0.1587342619895935,0,0.030409221315410365,english,comment,True,majority,3-0,0,0
t1_p5eg3tr,0,0.04501553252339363,-3.0546875,0,0.257588654756546,0,0.07118180589304939,tagalog,comment,True,adjudicator,2-1,0,0
t1_p4wrn61,0,0.009125636890530586,-4.6875,0,0.07640165090560913,0,0.01904537440639778,tagalog,comment,True,majority,3-0,0,0
t1_p4zt9gn,0,0.11838509887456894,-2.0078125,0,0.5160895586013794,0,0.1559913305952838,tagalog,comment,True,adjudicator,2-1,0,0
t1_p79znvj,0,0.10894505679607391,-2.1015625,0,0.5352136492729187,0,0.14589133395693052,tagalog,comment,True,adjudicator,2-1,0,1
t1_p7mnztk,0,0.0443485863506794,-3.0703125,0,0.29633885622024536,0,0.07031800037064939,english,comment,True,unanimous,3-0,0,0
t1_p7mjh4r,0,0.004609572235494852,-5.375,0,0.03870762139558792,0,0.010773667082764867,english,comment,True,majority,3-0,0,0
t1_p44wn2h,1,0.6060321927070618,0.4306640625,1,0.8419315218925476,0,0.5895593043973633,tagalog,comment,True,majority,3-0,1,1
t1_p42gcay,0,0.017176708206534386,-4.046875,0,0.1777692288160324,0,0.03220175519683031,taglish,comment,True,unanimous,3-0,0,0
t1_p4zfgxk,0,0.011508148163557053,-4.453125,0,0.09842407703399658,0,0.023098529302782275,taglish,comment,True,adjudicator,2-1,0,0
t1_p50993l,0,0.02655657008290291,-3.6015625,0,0.15431448817253113,0,0.04615301414951468,english,comment,True,majority,3-0,0,0
t1_p74h5ow,0,0.011331754736602306,-4.46875,0,0.14288096129894257,0,0.022803898189473974,tagalog,comment,True,majority,3-0,0,0
t1_p4wqitu,0,0.12896330654621124,-1.91015625,0,0.5092360973358154,0,0.16711080159301664,english,comment,True,adjudicator,2-1,0,1
t1_p7jvixv,0,0.055005285888910294,-2.84375,0,0.22827044129371643,0,0.08383858826257104,taglish,comment,True,unanimous,3-0,0,0
t1_p3my412,0,0.025760557502508163,-3.6328125,0,0.19644716382026672,0,0.04500987850035349,taglish,comment,True,unanimous,3-0,0,0
t1_p7lue0s,0,0.23934932053089142,-1.15625,0,0.6509624719619751,0,0.2744249928820271,tagalog,comment,True,adjudicator,2-1,0,0
t1_p30z9p4,0,0.013121269643306732,-4.3203125,0,0.07725217938423157,0,0.025757477543264823,taglish,comment,True,unanimous,3-0,0,0
t1_p56ut8f,0,0.08977328985929489,-2.31640625,0,0.36622118949890137,0,0.12478714084026951,english,comment,True,majority,3-0,0,0
t1_p4526w0,0,0.6667138338088989,0.693359375,1,0.8643370866775513,1,0.6417673945440716,english,comment,True,adjudicator,2-1,0,0
t1_p4ma40f,0,0.010735162533819675,-4.5234375,0,0.06543748825788498,0,0.02180131790775033,taglish,comment,True,majority,3-0,0,0
t1_p55amzv,0,0.05223086103796959,-2.8984375,0,0.18265387415885925,0,0.08037330678263907,english,comment,True,unanimous,3-0,0,0
t1_p64j1qq,0,0.3372035324573517,-0.67578125,0,0.6443502306938171,0,0.3616379488519254,english,comment,True,adjudicator,2-1,0,0
t1_p4rh8k8,0,0.030675798654556274,-3.453125,0,0.17475387454032898,0,0.05196995488825713,tagalog,comment,True,majority,3-0,0,0
t1_p7m30vs,1,0.1352320909500122,-1.85546875,0,0.5078972578048706,0,0.173609769345593,english,comment,True,adjudicator,2-1,1,0
t1_p7m4n3e,0,0.01678548939526081,-4.0703125,0,0.11478400230407715,0,0.031593173968374584,english,comment,True,majority,3-0,0,0
t1_p3lhcxe,0,0.004331502132117748,-5.4375,0,0.03149506077170372,0,0.010227709444661769,taglish,comment,True,majority,3-0,0,0
t3_1vskg14,0,0.0037072529084980488,-5.59375,0,0.023638656362891197,0,0.008979737567216185,taglish,submission,True,majority,3-0,0,0
t3_1vqvfsc,0,0.006797531619668007,-4.984375,0,0.03482707589864731,0,0.014900570634208587,taglish,submission,True,majority,3-0,0,0
t1_p7m0hgn,0,0.011244560591876507,-4.4765625,0,0.086522176861763,0,0.02265796219044205,taglish,comment,True,unanimous,3-0,0,0
t1_p459ic4,0,0.007345826830714941,-4.90625,0,0.06910234689712524,0,0.01589625091975806,english,comment,True,majority,3-0,0,0
t3_1vpbbpg,0,0.004133968148380518,-5.484375,0,0.025772495195269585,0,0.00983629397604659,tagalog,submission,True,majority,3-0,0,0
t3_1vrdku6,0,0.016914913430809975,-4.0625,0,0.06970205903053284,0,0.03179478789921633,english,submission,True,majority,3-0,0,0
t1_p7iley9,0,0.02595735713839531,-3.625,0,0.24588385224342346,0,0.04529310752740868,tagalog,comment,True,adjudicator,2-1,0,0
t3_1vskgn5,0,0.0038244836032390594,-5.5625,0,0.026006370782852173,0,0.009216631298678786,taglish,submission,True,majority,3-0,0,0
t1_p70l0oc,0,0.02080449089407921,-3.8515625,0,0.19425050914287567,0,0.03773270286167332,taglish,comment,True,majority,3-0,0,0
t1_p3kvhod,0,0.00934002548456192,-4.6640625,0,0.050519224256277084,0,0.019417093009770316,taglish,comment,True,unanimous,3-0,0,0
t3_1vryasm,0,0.7620701193809509,1.1640625,1,0.8900766372680664,1,0.7268811594698317,tagalog,submission,True,adjudicator,2-1,0,0
t3_1vrlmdq,0,0.08632347732782364,-2.359375,0,0.4665123224258423,0,0.12089414599068979,taglish,submission,True,unanimous,3-0,0,0
t3_1vp9np3,0,0.004264634568244219,-5.453125,0,0.024838564917445183,0,0.010095554259196948,taglish,submission,True,unanimous,3-0,0,0
t3_1vsyivt,0,0.005730246659368277,-5.15625,0,0.04453066736459732,0,0.012921306621933516,tagalog,submission,True,majority,3-0,0,0
t3_1vt13ce,0,0.00740301376208663,-4.8984375,0,0.0494818352162838,0,0.01599934885250053,taglish,submission,True,unanimous,3-0,0,0
t1_p5057mr,1,0.1705079972743988,-1.58203125,0,0.41907912492752075,0,0.20910570956366484,english,comment,True,adjudicator,2-1,1,1
t1_p5ojmel,0,0.025760557502508163,-3.6328125,0,0.13198542594909668,0,0.04500987850035349,english,comment,True,majority,3-0,0,0
t1_p6ji302,0,0.04115288704633713,-3.1484375,0,0.24078106880187988,0,0.06614265714621088,english,comment,True,majority,3-0,0,0
t1_p7j6zah,1,0.13341522216796875,-1.87109375,0,0.4500507712364197,0,0.1717328000192493,tagalog,comment,True,unanimous,3-0,1,1
t1_p7msa8l,0,0.028870904818177223,-3.515625,0,0.27343976497650146,0,0.04944070548435547,tagalog,comment,True,adjudicator,2-1,0,1
t1_p75joyo,0,0.048136770725250244,-2.984375,0,0.33772286772727966,0,0.075191378804659,taglish,comment,True,unanimous,3-0,0,0
t1_p6yhqm4,0,0.0204885546118021,-3.8671875,0,0.11059562861919403,0,0.03725852622845867,english,comment,True,adjudicator,2-1,0,0
t1_p5mjiwo,0,0.08479540795087814,-2.37890625,0,0.3650176227092743,0,0.11915948904535711,english,comment,True,adjudicator,2-1,0,0
t1_p6q3p57,0,0.005384938325732946,-5.21875,0,0.03853433579206467,0,0.012267866617782905,taglish,comment,True,majority,3-0,0,0
t3_1vpaama,0,0.004399413242936134,-5.421875,0,0.024985462427139282,0,0.010361576490829583,taglish,submission,True,unanimous,3-0,0,0
t3_1vsg1jc,0,0.005384938325732946,-5.21875,0,0.024746565148234367,0,0.012267866617782905,english,submission,True,adjudicator,2-1,0,0
t3_1vrpzk8,0,0.004198795650154352,-5.46875,0,0.030524104833602905,0,0.009965089496645825,taglish,submission,True,unanimous,3-0,0,0
t3_1vrse2s,0,0.006692850962281227,-5.0,0,0.042586781084537506,0,0.01470893335437296,taglish,submission,True,unanimous,3-0,0,0
t3_1vtdeks,0,0.004982269834727049,-5.296875,0,0.029633324593305588,0,0.011496799369361555,taglish,submission,True,unanimous,3-0,0,0
t1_p77l4mb,0,0.5034789443016052,0.013916015625,1,0.7987321615219116,0,0.502925448530444,english,comment,True,unanimous,3-0,0,0
t1_p7m7hn2,0,0.007815889082849026,-4.84375,0,0.05500250682234764,0,0.016739679122510707,taglish,comment,True,unanimous,3-0,0,0
t1_p458t1g,0,0.010489092208445072,-4.546875,0,0.10262688249349594,0,0.021384951384454207,taglish,comment,True,unanimous,3-0,0,0
t1_p6dib8t,0,0.004681822843849659,-5.359375,0,0.03165728226304054,0,0.010914601184572525,english,comment,True,unanimous,3-0,0,0
t1_p50f5oh,0,0.0333368256688118,-3.3671875,0,0.2301887720823288,0,0.05564783927676872,taglish,comment,True,unanimous,3-0,0,0
t1_p5nau8v,0,0.014172366820275784,-4.2421875,0,0.06698653846979141,0,0.02745841221115382,english,comment,True,majority,3-0,0,0
t1_p6yelay,0,0.02460992895066738,-3.6796875,0,0.18102917075157166,0,0.04334564026622953,tagalog,comment,True,adjudicator,2-1,0,0
t1_p5lfpl8,0,0.007345826830714941,-4.90625,0,0.04908457398414612,0,0.01589625091975806,taglish,comment,True,majority,3-0,0,0
t1_p6p86k3,1,0.38444983959198,-0.470703125,0,0.6452550292015076,0,0.40231882928993246,english,comment,True,majority,3-0,1,1
t1_p5s0rbj,0,0.004538431763648987,-5.390625,0,0.0360492467880249,0,0.010634533217377947,taglish,comment,True,unanimous,3-0,0,0
t1_p44bimy,0,0.05877655744552612,-2.7734375,0,0.25548720359802246,0,0.08849317497355474,taglish,comment,True,majority,3-0,0,0
t1_p30h8ke,0,0.004468384198844433,-5.40625,0,0.02973633073270321,0,0.01049717709511504,taglish,comment,True,majority,3-0,0,0
t1_p6xian7,0,0.7799928784370422,1.265625,1,0.9081796407699585,1,0.7435037043405618,tagalog,comment,True,majority,3-0,0,0
t1_p7ipcih,0,0.13568955659866333,-1.8515625,0,0.5105180740356445,0,0.17408153610897822,english,comment,True,adjudicator,2-1,0,1
t3_1vrgt5h,0,0.33545970916748047,-0.68359375,0,0.7531766891479492,0,0.3601227227313069,tagalog,submission,True,adjudicator,2-1,0,0
t1_p742s93,0,0.13432106375694275,-1.86328125,0,0.5178568363189697,0,0.17266926657196388,taglish,comment,True,unanimous,3-0,0,0
t1_p5zb9dr,0,0.05665242671966553,-2.8125,0,0.22424158453941345,0,0.08587919242266953,taglish,comment,True,majority,3-0,0,0
t1_p6y7shb,0,0.010652512311935425,-4.53125,0,0.07597478479146957,0,0.02166165580193596,english,comment,True,majority,3-0,0,0
t1_p6xb78y,0,0.005641908384859562,-5.171875,0,0.031118173152208328,0,0.012754795204657238,english,comment,True,unanimous,3-0,0,0
t1_p54s2u0,0,0.7981867790222168,1.375,1,0.916252613067627,1,0.7606474795128094,tagalog,comment,True,adjudicator,2-1,0,1
t1_p4tu56e,0,0.4260827302932739,-0.2978515625,0,0.6974390745162964,0,0.4377097118478259,english,comment,True,majority,3-0,0,0
t1_p5602yf,1,0.2133771777153015,-1.3046875,0,0.600641131401062,0,0.2502823399867457,taglish,comment,True,adjudicator,2-1,1,0
t1_p74etj3,1,0.1063188686966896,-2.12890625,0,0.48227211833000183,0,0.14304947536727633,taglish,comment,True,unanimous,3-0,1,1
t1_p5qll5m,0,0.04054073989391327,-3.1640625,0,0.23375414311885834,0,0.06533570116646065,taglish,comment,True,unanimous,3-0,0,0
t1_p7hb1j5,0,0.188323974609375,-1.4609375,0,0.5123253464698792,0,0.22644457545721647,taglish,comment,True,majority,3-0,0,0
t1_p74w6ph,0,0.007345826830714941,-4.90625,0,0.07052591443061829,0,0.01589625091975806,tagalog,comment,True,adjudicator,2-1,0,0
t1_p4zdj8p,0,0.0838903859257698,-2.390625,0,0.4053100347518921,0,0.11812905692266892,taglish,comment,True,majority,3-0,0,0
t1_p4yb5cn,0,0.026759279891848564,-3.59375,0,0.15370725095272064,0,0.04644308664431409,english,comment,True,majority,3-0,0,0
t1_p7dqwe6,0,0.024423090741038322,-3.6875,0,0.1558046042919159,0,0.04307403979326143,english,comment,True,unanimous,3-0,0,0
t1_p43qody,0,0.006589771714061499,-5.015625,0,0.07349599152803421,0,0.014519724407489786,taglish,comment,True,unanimous,3-0,0,0
t1_p4mb8p7,0,0.5339063405990601,0.135833740234375,1,0.7174622416496277,0,0.5285245205033942,tagalog,comment,True,adjudicator,2-1,0,0
t1_p7mebve,0,0.2685575783252716,-1.001953125,0,0.6597213745117188,0,0.30100035482123805,english,comment,True,adjudicator,2-1,0,0
t1_p44wk4d,0,0.004755199886858463,-5.34375,0,0.05350387841463089,0,0.011057358287132758,taglish,comment,True,majority,3-0,0,0
t1_p7m28bo,0,0.6325027346611023,0.54296875,1,0.8254783153533936,0,0.6122026570470565,taglish,comment,True,adjudicator,2-1,0,0
t1_p44vank,0,0.012527931481599808,-4.3671875,0,0.11599284410476685,0,0.024786619840315965,taglish,comment,True,adjudicator,2-1,0,0
t1_p5rczey,0,0.004538431763648987,-5.390625,0,0.023044470697641373,0,0.010634533217377947,taglish,comment,True,unanimous,3-0,0,0
t1_p50oo68,0,0.004538431763648987,-5.390625,0,0.028981734067201614,0,0.010634533217377947,english,comment,True,majority,3-0,0,0
t1_p5dj6ny,0,0.010652512311935425,-4.53125,0,0.0896715521812439,0,0.02166165580193596,taglish,comment,True,majority,3-0,0,0
t1_p5brabp,0,0.14080817997455597,-1.80859375,0,0.5164147615432739,0,0.1793378582904393,taglish,comment,True,unanimous,3-0,0,0
t1_p6botey,0,0.0064882696606218815,-5.03125,0,0.052210982888936996,0,0.014332913951778192,taglish,comment,True,majority,3-0,0,0
t1_p487gpr,0,0.005301895085722208,-5.234375,0,0.023800283670425415,0,0.012109672500050959,english,comment,True,majority,3-0,0,0
t1_p5d03sd,1,0.6390605568885803,0.5712890625,1,0.8139011859893799,0,0.6178411261557714,english,comment,True,adjudicator,2-1,1,1
t1_p453e79,0,0.3493107259273529,-0.6220703125,0,0.7769231796264648,0,0.3721284082101734,taglish,comment,True,adjudicator,2-1,0,1
t1_p7e07q4,0,0.00628990214318037,-5.0625,0,0.05056878179311752,0,0.013966370858226168,taglish,comment,True,majority,3-0,0,0
t1_p5zhlxw,0,0.004264634568244219,-5.453125,0,0.03301957994699478,0,0.010095554259196948,taglish,comment,True,unanimous,3-0,0,0
t1_p74tu88,0,0.01353214867413044,-4.2890625,0,0.13231223821640015,0,0.026425181390486895,tagalog,comment,True,adjudicator,2-1,0,1
t1_p5ym9ua,0,0.18535661697387695,-1.48046875,0,0.5833720564842224,0,0.22358059963386126,tagalog,comment,True,adjudicator,2-1,0,0
t1_p708z3d,0,0.009196552447974682,-4.6796875,0,0.1172955259680748,0,0.019168498708617598,taglish,comment,True,majority,3-0,0,0
t1_p6koe9k,0,0.004982269834727049,-5.296875,0,0.058377496898174286,0,0.011496799369361555,tagalog,comment,True,adjudicator,2-1,0,0
t1_p3h6w9m,0,0.017576880753040314,-4.0234375,0,0.09720031917095184,0,0.032821662236816464,taglish,comment,True,majority,3-0,0,0
t1_p6dmdko,0,0.004905405919998884,-5.3125,0,0.03415033221244812,0,0.011348433924474682,taglish,comment,True,majority,3-0,0,0
t1_p6lzpgw,0,0.005641908384859562,-5.171875,0,0.046242307871580124,0,0.012754795204657238,tagalog,comment,True,adjudicator,3-0,0,0
t1_p3mae26,0,0.030444350093603134,-3.4609375,0,0.18323245644569397,0,0.05164723255661099,english,comment,True,adjudicator,2-1,0,0
t1_p4zxhbz,0,0.03488088399171829,-3.3203125,0,0.27095818519592285,0,0.05775589907823455,english,comment,True,unanimous,3-0,0,0
t1_p5ukt3z,0,0.004982269834727049,-5.296875,0,0.030546007677912712,0,0.011496799369361555,english,comment,True,majority,3-0,0,0
t1_p7n7u1a,0,0.0055549247190356255,-5.1875,0,0.034284453839063644,0,0.012590402179978123,taglish,comment,True,majority,3-0,0,0
t1_p5l5zsg,0,0.40603742003440857,-0.38037109375,0,0.6464765667915344,0,0.4207116490413841,tagalog,comment,True,adjudicator,2-1,0,0
t1_p6jmjmi,0,0.00970847625285387,-4.625,0,0.06434132903814316,0,0.020052485144180753,taglish,comment,True,unanimous,3-0,0,0
t1_p5zcdof,0,0.01956867426633835,-3.9140625,0,0.18379223346710205,0,0.0358701287684322,taglish,comment,True,unanimous,3-0,0,0
t1_p452dbx,1,0.9353464841842651,2.671875,1,0.9606350660324097,1,0.9043715670237885,tagalog,comment,True,majority,3-0,1,1
t1_p51dj2a,0,0.006692850962281227,-5.0,0,0.029269492253661156,0,0.01470893335437296,english,comment,True,majority,3-0,0,0
t1_p6t39ns,0,0.007232763804495335,-4.921875,0,0.05158432945609093,0,0.015692012109965205,english,comment,True,majority,3-0,0,0
t1_p7cmz58,0,0.008124708198010921,-4.8046875,0,0.059372805058956146,0,0.01728900208415599,taglish,comment,True,unanimous,3-0,0,0
t1_p7mep86,0,0.015663648024201393,-4.140625,0,0.09363806247711182,0,0.029833472898878933,taglish,comment,True,unanimous,3-0,0,0
t1_p4zmnie,0,0.7786493301391602,1.2578125,1,0.8733708262443542,1,0.7422488581474869,tagalog,comment,True,adjudicator,2-1,0,0
t1_p6es1yo,0,0.06560484319925308,-2.65625,0,0.42320531606674194,0,0.0967707950096937,taglish,comment,True,majority,3-0,0,0
t1_p64xt0g,0,0.0838903859257698,-2.390625,0,0.3948557376861572,0,0.11812905692266892,taglish,comment,True,adjudicator,2-1,0,0
t1_p5zth6t,0,0.17838265001773834,-1.52734375,0,0.4638218581676483,0,0.2168127244753529,english,comment,True,majority,3-0,0,0
t1_p4v1a5u,0,0.007577240467071533,-4.875,0,0.0349159799516201,0,0.01631260519841396,english,comment,True,unanimous,3-0,0,0
t1_p5bon51,0,0.008779109455645084,-4.7265625,0,0.05513950437307358,0,0.018441293502847105,english,comment,True,unanimous,3-0,0,0
t1_p7ma2th,0,0.037047166377305984,-3.2578125,0,0.29182013869285583,0,0.060683374475479154,tagalog,comment,True,majority,3-0,0,0
t1_p450wb0,1,0.011869121342897415,-4.421875,0,0.11180782318115234,0,0.02369898267355779,tagalog,comment,True,majority,3-0,1,1
t1_p6epmh2,0,0.09670579433441162,-2.234375,0,0.43349647521972656,0,0.13251781023343873,english,comment,True,majority,3-0,0,0
t1_p6koc3k,0,0.0061929901130497456,-5.078125,0,0.04608029127120972,0,0.013786580238336728,taglish,comment,True,majority,3-0,0,0
t1_p7jemz9,0,0.011777843348681927,-4.4296875,0,0.09031777828931808,0,0.023547456517061346,tagalog,comment,True,adjudicator,2-1,0,0
t1_p640vhz,0,0.012821215204894543,-4.34375,0,0.15968137979507446,0,0.02526750703541755,taglish,comment,True,unanimous,3-0,0,0
t1_p72isee,0,0.7360213398933411,1.025390625,1,0.8272213339805603,1,0.7031299659465458,tagalog,comment,True,adjudicator,2-1,0,0
t1_p7m2yhi,0,0.013325147330760956,-4.3046875,0,0.1564447581768036,0,0.026089250695529986,taglish,comment,True,majority,3-0,0,0
t1_p4j7xc9,0,0.01798621006309986,-4.0,0,0.1722203493118286,0,0.033453090433947306,english,comment,True,unanimous,3-0,0,0
t1_p513ts6,0,0.007577240467071533,-4.875,0,0.057010456919670105,0,0.01631260519841396,english,comment,True,adjudicator,2-1,0,0
t1_p4u3d0c,0,0.009125636890530586,-4.6875,0,0.052511632442474365,0,0.01904537440639778,english,comment,True,majority,3-0,0,0
t1_p50j5x3,0,0.07477004826068878,-2.515625,0,0.4792761206626892,0,0.10761092495793974,tagalog,comment,True,adjudicator,2-1,0,0
t1_p7lno3k,0,0.29098084568977356,-0.890625,0,0.6869624853134155,0,0.32105593838869784,tagalog,comment,True,unanimous,3-0,0,0
t1_p629c15,0,0.038756195455789566,-3.2109375,0,0.22010020911693573,0,0.06296947149315199,tagalog,comment,True,majority,3-0,0,0
t1_p5liqmm,0,0.019271137192845345,-3.9296875,0,0.26539814472198486,0,0.03541849706861689,tagalog,comment,True,majority,3-0,0,0
t1_p44m9qn,0,0.06052939593791962,-2.7421875,0,0.4451185166835785,0,0.09063586237693445,taglish,comment,True,adjudicator,3-0,0,0
t1_p5g1jtj,0,0.8333246111869812,1.609375,1,0.927032470703125,1,0.7946714970976975,english,comment,True,adjudicator,2-1,0,1
t1_p6aaa25,0,0.010818448849022388,-4.515625,0,0.1384216845035553,0,0.021941860280556204,taglish,comment,True,majority,3-0,0,0
t1_p2uhgpo,0,0.012624949216842651,-4.359375,0,0.1167074590921402,0,0.024945916208147706,taglish,comment,True,unanimous,3-0,0,0
t1_p7ava6g,0,0.007011795416474342,-4.953125,0,0.031542468816041946,0,0.015291251294740764,english,comment,True,majority,3-0,0,0
t1_p62jeep,0,0.006797531619668007,-4.984375,0,0.03306656330823898,0,0.014900570634208587,english,comment,True,majority,3-0,0,0
t1_p30atns,1,0.9348725080490112,2.6640625,1,0.969449520111084,1,0.903801901217976,taglish,comment,True,adjudicator,2-1,1,1
t1_p58fd6g,0,0.2674081325531006,-1.0078125,0,0.6393779516220093,0,0.29996470898302846,tagalog,comment,True,adjudicator,2-1,0,0
t1_p5eh644,0,0.0060975621454417706,-5.09375,0,0.049990035593509674,0,0.013609072138913528,english,comment,True,majority,3-0,0,0
t1_p5dmnmz,0,0.0037072529084980488,-5.59375,0,0.0201767235994339,0,0.008979737567216185,english,comment,True,majority,3-0,0,0
t1_p4n1t8r,0,0.014842418022453785,-4.1953125,0,0.14237380027770996,0,0.02853085868076166,taglish,comment,True,majority,3-0,0,0
t1_p4543hs,0,0.15102779865264893,-1.7265625,0,0.6587270498275757,0,0.18971544189888945,taglish,comment,True,majority,3-0,0,0
t1_p7jyop2,0,0.005730246659368277,-5.15625,0,0.034083735197782516,0,0.012921306621933516,taglish,comment,True,unanimous,3-0,0,0
t1_p3pa9zj,0,0.057918090373277664,-2.7890625,0,0.31886082887649536,0,0.0874390691792844,english,comment,True,adjudicator,2-1,0,1
t1_p7mhq64,0,0.05146276578307152,-2.9140625,0,0.2546233832836151,0,0.07940749650451889,taglish,comment,True,unanimous,3-0,0,0
t1_p7aocw7,0,0.010013570077717304,-4.59375,0,0.03848916292190552,0,0.02057542340372945,english,comment,True,majority,3-0,0,0
t1_p73kboj,0,0.014172366820275784,-4.2421875,0,0.08182605355978012,0,0.02745841221115382,english,comment,True,majority,3-0,0,0
t1_p4j0x8c,0,0.00482972152531147,-5.328125,0,0.02287720888853073,0,0.011201961428719093,english,comment,True,majority,3-0,0,0
t1_p4kl93k,0,0.0071214293129742146,-4.9375,0,0.03729023039340973,0,0.015490356103967403,taglish,comment,True,unanimous,3-0,0,0
t1_p6h2di8,0,0.006692850962281227,-5.0,0,0.04311641305685043,0,0.01470893335437296,english,comment,True,majority,3-0,0,0
t1_p6zv55a,0,0.00970847625285387,-4.625,0,0.12054269015789032,0,0.020052485144180753,english,comment,True,adjudicator,2-1,0,0
t1_p3slj9x,0,0.0064882696606218815,-5.03125,0,0.03925996273756027,0,0.014332913951778192,english,comment,True,majority,3-0,0,0
t1_p50ctkj,0,0.013222821988165379,-4.3125,0,0.08067348599433899,0,0.025922847475577663,english,comment,True,unanimous,3-0,0,0
t1_p5qki91,0,0.10230471193790436,-2.171875,0,0.42842039465904236,0,0.13867702261486065,taglish,comment,True,majority,3-0,0,0
t1_p30eyu9,0,0.01678548939526081,-4.0703125,0,0.16780194640159607,0,0.031593173968374584,taglish,comment,True,majority,3-0,0,0
t1_p4zviq9,1,0.36840569972991943,-0.5390625,0,0.7176021337509155,0,0.3885774645058238,english,comment,True,adjudicator,2-1,1,1
t1_p5zunco,0,0.005220125894993544,-5.25,0,0.026128388941287994,0,0.011953493608238107,taglish,comment,True,unanimous,3-0,0,0
t1_p50nlvb,1,0.83601975440979,1.62890625,1,0.9263944625854492,1,0.797338373902854,taglish,comment,True,adjudicator,2-1,1,1
t1_p4y4w92,1,0.9015746116638184,2.21484375,1,0.9510116577148438,1,0.8655827451446572,taglish,comment,True,majority,3-0,1,1
t1_p736qxd,0,0.010902374982833862,-4.5078125,0,0.0701805129647255,0,0.022083288207368944,tagalog,comment,True,adjudicator,2-1,0,0
t1_p5s9slh,0,0.005220125894993544,-5.25,0,0.04529871046543121,0,0.011953493608238107,taglish,comment,True,unanimous,3-0,0,0
t1_p6db8l4,0,0.024423090741038322,-3.6875,0,0.3460593819618225,0,0.04307403979326143,taglish,comment,True,majority,3-0,0,0
t1_p79oh8d,0,0.012053778395056725,-4.40625,0,0.09957614541053772,0,0.0240048943776265,taglish,comment,True,majority,3-0,0,0
t1_p3ty0ko,0,0.005819959565997124,-5.140625,0,0.032492756843566895,0,0.013089962991732056,english,comment,True,majority,3-0,0,0
t1_p30agwc,0,0.7779752612113953,1.25390625,1,0.8811906576156616,1,0.7416199343926597,taglish,comment,True,adjudicator,2-1,0,1
t1_p5mtfcq,0,0.11201595515012741,-2.0703125,0,0.45428022742271423,0,0.14919632334687943,taglish,comment,True,majority,3-0,0,0
t1_p3n11sr,0,0.035678550601005554,-3.296875,0,0.2614562213420868,0,0.058837834333510926,taglish,comment,True,adjudicator,2-1,0,0
t1_p44n0kf,1,0.2375759482383728,-1.166015625,0,0.6574376225471497,0,0.27279290949471335,english,comment,True,adjudicator,2-1,1,1
t1_p6ywz3e,0,0.05541279539465904,-2.8359375,0,0.33862143754959106,0,0.08434457122479798,english,comment,True,majority,3-0,0,0
t1_p3pin53,0,0.015189048834145069,-4.171875,0,0.09784595668315887,0,0.02908222185931275,taglish,comment,True,majority,3-0,0,0
t1_p7n42w7,0,0.020332353189587593,-3.875,0,0.12842577695846558,0,0.03702359103295126,tagalog,comment,True,majority,3-0,0,0
t1_p7596mi,0,0.0060975621454417706,-5.09375,0,0.05021814629435539,0,0.013609072138913528,taglish,comment,True,majority,3-0,0,0
t1_p5u2xf4,0,0.005730246659368277,-5.15625,0,0.03379383683204651,0,0.012921306621933516,english,comment,True,majority,3-0,0,0
t1_p4bwjhr,0,0.006388320587575436,-5.046875,0,0.041324734687805176,0,0.014148472488418828,english,comment,True,adjudicator,3-0,0,0
t1_p58i4p2,0,0.7725306153297424,1.22265625,1,0.8673884868621826,1,0.736552664625634,tagalog,comment,True,adjudicator,2-1,0,0
t1_p53eew6,0,0.00970847625285387,-4.625,0,0.07603370398283005,0,0.020052485144180753,tagalog,comment,True,majority,3-0,0,0
t1_p6zdhnd,0,0.004468384198844433,-5.40625,0,0.01640537567436695,0,0.01049717709511504,english,comment,True,majority,3-0,0,0
t1_p30a4s6,0,0.590779185295105,0.3671875,1,0.8660606145858765,0,0.576584186480146,taglish,comment,True,majority,3-0,0,0
t1_p5c3lxv,0,0.06052939593791962,-2.7421875,0,0.4331313371658325,0,0.09063586237693445,taglish,comment,True,adjudicator,2-1,0,0
t1_p66jj08,0,0.5603729486465454,0.24267578125,1,0.8223351240158081,0,0.5508399951426025,tagalog,comment,True,adjudicator,2-1,0,1
t1_p4zvx9f,0,0.00851130299270153,-4.7578125,0,0.05360463261604309,0,0.017971600329870007,taglish,comment,True,majority,3-0,0,0
t1_p7jh0p6,0,0.01615283451974392,-4.109375,0,0.0732889398932457,0,0.030603518541486997,english,comment,True,adjudicator,3-0,0,0
t1_p6038wl,0,0.023689471185207367,-3.71875,0,0.14418663084506989,0,0.042003807112732994,tagalog,comment,True,adjudicator,2-1,0,0
t1_p5cqd1t,0,0.005730246659368277,-5.15625,0,0.029628321528434753,0,0.012921306621933516,english,comment,True,majority,3-0,0,0
t1_p7jc3l4,0,0.020023442804813385,-3.890625,0,0.19953805208206177,0,0.036557987065038516,english,comment,True,majority,3-0,0,0
t1_p5c4jtq,0,0.0059110685251653194,-5.125,0,0.04210801422595978,0,0.013260791187594117,taglish,comment,True,majority,3-0,0,0
t1_p44fh9u,0,0.8534248471260071,1.76171875,1,0.9468568563461304,1,0.814787417460123,tagalog,comment,True,adjudicator,2-1,0,1
t1_p7jdqff,0,0.014842418022453785,-4.1953125,0,0.16193273663520813,0,0.02853085868076166,taglish,comment,True,unanimous,3-0,0,0
t1_p70hmaj,1,0.08210662752389908,-2.4140625,0,0.43750590085983276,0,0.11609133322818742,tagalog,comment,True,adjudicator,2-1,1,1
t1_p7jis7i,1,0.250545859336853,-1.095703125,0,0.6679062247276306,0,0.28467825332344204,taglish,comment,True,majority,3-0,1,1
t1_p6zu22v,0,0.005301895085722208,-5.234375,0,0.05455928295850754,0,0.012109672500050959,taglish,comment,True,majority,3-0,0,0
t1_p3h6n99,1,0.3752484917640686,-0.509765625,0,0.704351544380188,0,0.3944463358446694,tagalog,comment,True,adjudicator,3-0,1,0
t1_p4axnmj,1,0.7846492528915405,1.29296875,1,0.9107273817062378,1,0.7478640505582298,taglish,comment,True,adjudicator,2-1,1,1
t1_p519jeo,0,0.00955939944833517,-4.640625,0,0.050386738032102585,0,0.019795920232554016,english,comment,True,majority,3-0,0,0
t1_p7jfceu,0,0.010328153148293495,-4.5625,0,0.07371421158313751,0,0.02111170529540571,taglish,comment,True,adjudicator,2-1,0,0
t1_p44to38,0,0.4730790853500366,-0.1077880859375,0,0.7750037908554077,0,0.4773558465963891,english,comment,True,adjudicator,2-1,0,1
t1_p7jdxj8,0,0.008985428139567375,-4.703125,0,0.048981837928295135,0,0.018801447917032525,english,comment,True,majority,3-0,0,0
t1_p7d3xht,0,0.005301895085722208,-5.234375,0,0.034232646226882935,0,0.012109672500050959,english,comment,True,majority,3-0,0,0
t1_p6at5pk,0,0.06187598779797554,-2.71875,0,0.36798202991485596,0,0.09227341622221635,taglish,comment,True,majority,3-0,0,0
t1_p600vbg,0,0.017712298780679703,-4.015625,0,0.16818247735500336,0,0.03303084844761091,taglish,comment,True,unanimous,3-0,0,0
t1_p7mkum3,0,0.012920473702251911,-4.3359375,0,0.1334886997938156,0,0.02542981333591582,tagalog,comment,True,adjudicator,3-0,0,0
t1_p4wexfv,0,0.007345826830714941,-4.90625,0,0.025773443281650543,0,0.01589625091975806,english,comment,True,majority,3-0,0,0
t1_p4yk32o,0,0.011158031411468983,-4.484375,0,0.08319484442472458,0,0.022512938608298397,taglish,comment,True,majority,3-0,0,0
t1_p6672dj,0,0.006589771714061499,-5.015625,0,0.028858160600066185,0,0.014519724407489786,english,comment,True,majority,3-0,0,0
t1_p5scoej,0,0.08819004148244858,-2.3359375,0,0.4142889976501465,0,0.12300444079362667,tagalog,comment,True,unanimous,3-0,0,0
t1_p5c24vj,0,0.05070536583662033,-2.9296875,0,0.37544703483581543,0,0.07845230186885735,taglish,comment,True,majority,3-0,0,0
t1_p4bnpvw,0,0.037047166377305984,-3.2578125,0,0.24197833240032196,0,0.060683374475479154,taglish,comment,True,unanimous,3-0,0,0
t1_p6254y5,0,0.20561502873897552,-1.3515625,0,0.5179581642150879,0,0.24295911901495823,tagalog,comment,True,majority,3-0,0,0
t1_p77y3tq,0,0.048136770725250244,-2.984375,0,0.172724649310112,0,0.075191378804659,english,comment,True,majority,3-0,0,0
t1_p74c54r,0,0.24148938059806824,-1.14453125,0,0.6205133199691772,0,0.27639148722298035,tagalog,comment,True,adjudicator,2-1,0,1
t1_p44raji,0,0.1949802190065384,-1.41796875,0,0.581609845161438,0,0.23283625305502326,english,comment,True,majority,3-0,0,0
t1_p5exghx,0,0.004331502132117748,-5.4375,0,0.028196906670928,0,0.010227709444661769,taglish,comment,True,unanimous,3-0,0,0
t1_p73pilv,0,0.8244618773460388,1.546875,1,0.9150691032409668,1,0.7859631382959985,tagalog,comment,True,adjudicator,2-1,0,0
t1_p5s97zj,0,0.014281933195888996,-4.234375,0,0.10308162868022919,0,0.02763439284260392,taglish,comment,True,unanimous,3-0,0,0
t1_p454w2l,1,0.034358687698841095,-3.3359375,0,0.3278255760669708,0,0.057045013240281016,tagalog,comment,True,adjudicator,2-1,1,1
t1_p7n7f29,1,0.12549343705177307,-1.94140625,0,0.41718167066574097,0,0.16348522605225516,tagalog,comment,True,adjudicator,2-1,1,1
t1_p6asi7t,0,0.0061929901130497456,-5.078125,0,0.03938083350658417,0,0.013786580238336728,english,comment,True,majority,3-0,0,0
t1_p4swyw6,0,0.006003595422953367,-5.109375,0,0.042471569031476974,0,0.0134338183998672,english,comment,True,majority,3-0,0,0
t1_p45z054,0,0.008251599036157131,-4.7890625,0,0.09328186511993408,0,0.01751365662386752,tagalog,comment,True,majority,3-0,0,0
t1_p5gzb33,0,0.053403329104185104,-2.875,0,0.21799254417419434,0,0.08184213044789841,english,comment,True,majority,3-0,0,0
t1_p744tm0,0,0.09138210862874985,-2.296875,0,0.4278408885002136,0,0.1265919480635769,taglish,comment,True,majority,3-0,0,0
t1_p5c7392,1,0.018978038802742958,-3.9453125,0,0.10169705003499985,0,0.03497234548426502,english,comment,True,majority,3-0,1,1
t1_p7mm60x,0,0.046378206461668015,-3.0234375,0,0.3170667290687561,0,0.07293887397110954,taglish,comment,True,majority,3-0,0,0
t1_p7j7nyv,0,0.008711384609341621,-4.734375,0,0.044816985726356506,0,0.01832275297193089,english,comment,True,majority,3-0,0,0
t1_p74k6ol,0,0.012624949216842651,-4.359375,0,0.13088944554328918,0,0.024945916208147706,taglish,comment,True,majority,3-0,0,0
t1_p7m9t0d,0,0.009125636890530586,-4.6875,0,0.10162141174077988,0,0.01904537440639778,english,comment,True,unanimous,3-0,0,0
t1_p7j7j2r,0,0.005819959565997124,-5.140625,0,0.04256647080183029,0,0.013089962991732056,tagalog,comment,True,unanimous,3-0,0,0
t1_p7dqnn4,0,0.0060975621454417706,-5.09375,0,0.03789452835917473,0,0.013609072138913528,taglish,comment,True,majority,3-0,0,0
t1_p7n79bc,0,0.07004895806312561,-2.5859375,0,0.3886544108390808,0,0.10206337267427243,taglish,comment,True,unanimous,3-0,0,0
t1_p47zerh,0,0.03384403511881828,-3.3515625,0,0.33790916204452515,0,0.056342354099420795,tagalog,comment,True,adjudicator,2-1,0,0
t1_p6hjw94,0,0.011508148163557053,-4.453125,0,0.10399216413497925,0,0.023098529302782275,tagalog,comment,True,majority,3-0,0,0
t1_p5c58b0,0,0.037326887249946594,-3.25,0,0.17439673840999603,0,0.061058924611185714,english,comment,True,adjudicator,2-1,0,1
t1_p7mvl6b,0,0.024237634614109993,-3.6953125,0,0.1630610078573227,0,0.0428040650023887,taglish,comment,True,unanimous,3-0,0,0
t1_p5l9nof,0,0.0061929901130497456,-5.078125,0,0.031176431104540825,0,0.013786580238336728,english,comment,True,majority,3-0,0,0
t1_p783qi7,0,0.04922211542725563,-2.9609375,0,0.4111362397670746,0,0.0765733878908812,tagalog,comment,True,unanimous,3-0,0,0
t1_p6ziu6m,0,0.006797531619668007,-4.984375,0,0.058926425874233246,0,0.014900570634208587,taglish,comment,True,unanimous,3-0,0,0
t1_p3kq2uh,0,0.04146227613091469,-3.140625,0,0.3255549669265747,0,0.06654959936265734,tagalog,comment,True,adjudicator,2-1,0,0
t1_p7mjyq2,1,0.3199707567691803,-0.75390625,0,0.648783802986145,0,0.346613828025929,tagalog,comment,True,adjudicator,2-1,1,0
t1_p488our,1,0.465630441904068,-0.1376953125,0,0.8128239512443542,0,0.4710854233082279,tagalog,comment,True,majority,3-0,1,1
t1_p5opxl1,0,0.08299414813518524,-2.40234375,0,0.4562380313873291,0,0.11710635080669887,tagalog,comment,True,adjudicator,2-1,0,0
t1_p5ph2jq,0,0.007232763804495335,-4.921875,0,0.0334242507815361,0,0.015692012109965205,taglish,comment,True,majority,3-0,0,0
t1_p46vg9x,0,0.029760092496871948,-3.484375,0,0.3120500445365906,0,0.050690399667758256,taglish,comment,True,adjudicator,2-1,0,0
t1_p510vmj,0,0.008445627056062222,-4.765625,0,0.06594806164503098,0,0.017856024060526225,taglish,comment,True,unanimous,3-0,0,0
t1_p51brua,0,0.011331754736602306,-4.46875,0,0.06979190558195114,0,0.022803898189473974,taglish,comment,True,majority,3-0,0,0
t1_p2w9oei,0,0.007460643537342548,-4.890625,0,0.04136243835091591,0,0.0161031045036028,taglish,comment,True,majority,3-0,0,0
t1_p7detth,0,0.00934002548456192,-4.6640625,0,0.06896746158599854,0,0.019417093009770316,taglish,comment,True,unanimous,3-0,0,0
t1_p4ugrsw,0,0.08210662752389908,-2.4140625,0,0.36056894063949585,0,0.11609133322818742,taglish,comment,True,majority,3-0,0,0
t1_p3kqsmp,0,0.14366762340068817,-1.78515625,0,0.5754823684692383,0,0.18225682653094702,taglish,comment,True,majority,3-0,0,0
t1_p5oes9v,0,0.006589771714061499,-5.015625,0,0.038126517087221146,0,0.014519724407489786,taglish,comment,True,majority,3-0,0,0
t1_p5m46vz,0,0.021948251873254776,-3.796875,0,0.15472280979156494,0,0.039438383929628555,taglish,comment,True,majority,3-0,0,0
t1_p47pog4,0,0.2509128153324127,-1.09375,0,0.7830103635787964,0,0.28501281930031375,taglish,comment,True,majority,3-0,0,0
t1_p45tp20,0,0.06418264657258987,-2.6796875,0,0.39082810282707214,0,0.09506178579807578,english,comment,True,majority,3-0,0,0
t1_p7mhk1d,0,0.7505527138710022,1.1015625,1,0.8624786734580994,1,0.7163240245238761,taglish,comment,True,adjudicator,2-1,0,0
t1_p6ciapk,0,0.004609572235494852,-5.375,0,0.0270414799451828,0,0.010773667082764867,taglish,comment,True,majority,3-0,0,0
t1_p3l2g3g,0,0.01971912942826748,-3.90625,0,0.15144848823547363,0,0.03609801897942113,tagalog,comment,True,adjudicator,2-1,0,0
t1_p73f27d,0,0.42907050251960754,-0.28564453125,0,0.7401937246322632,0,0.44023768981098355,tagalog,comment,True,majority,3-0,0,0
t1_p58mmjr,0,0.4029793441295624,-0.39306640625,0,0.6722806692123413,0,0.41811212606526216,tagalog,comment,True,adjudicator,2-1,0,1
t1_p7japha,0,0.010902374982833862,-4.5078125,0,0.03386508300900459,0,0.022083288207368944,english,comment,True,unanimous,3-0,0,0
t1_p6c6j8z,0,0.028652667999267578,-3.5234375,0,0.16358304023742676,0,0.04913287526310106,english,comment,True,majority,3-0,0,0
t1_p72kkms,0,0.005220125894993544,-5.25,0,0.04229425638914108,0,0.011953493608238107,english,comment,True,majority,3-0,0,0
t1_p7j5uev,1,0.10894505679607391,-2.1015625,0,0.6045088768005371,0,0.14589133395693052,taglish,comment,True,adjudicator,2-1,1,0
t1_p450tf2,1,0.02517884038388729,-3.65625,0,0.2426387071609497,0,0.04417028409644663,taglish,comment,True,adjudicator,2-1,1,1
t1_p6ezwnm,0,0.007695646956562996,-4.859375,0,0.0643586814403534,0,0.016524785711200005,taglish,comment,True,unanimous,3-0,0,0
t1_p3o75j5,0,0.0832919254899025,-2.3984375,0,0.3484055995941162,0,0.1174463967093081,english,comment,True,adjudicator,2-1,0,0
t1_p55cd8b,1,0.7683857679367065,1.19921875,1,0.9134490489959717,1,0.732710581672787,taglish,comment,True,majority,3-0,1,1
t1_p4bbme2,0,0.011777843348681927,-4.4296875,0,0.1290905773639679,0,0.023547456517061346,taglish,comment,True,majority,3-0,0,0
t1_p59qyoe,0,0.8474634885787964,1.71484375,1,0.9301313161849976,1,0.8087650939692439,tagalog,comment,True,adjudicator,2-1,0,1
t1_p7ltmon,0,0.010169658809900284,-4.578125,0,0.06537637114524841,0,0.020841876249170645,english,comment,True,majority,3-0,0,0
t1_p30c16v,0,0.008187909610569477,-4.796875,0,0.04740128666162491,0,0.017400973228886812,taglish,comment,True,unanimous,3-0,0,0
t1_p5quwpa,0,0.02931223064661026,-3.5,0,0.184120774269104,0,0.05006185869555274,taglish,comment,True,unanimous,3-0,0,0
t1_p44tik4,0,0.13161905109882355,-1.88671875,0,0.5817475914955139,0,0.1698719520589263,taglish,comment,True,majority,3-0,0,0
t1_p46bkxf,0,0.01590639352798462,-4.125,0,0.15533612668514252,0,0.030216119203526084,taglish,comment,True,unanimous,3-0,0,0
t1_p7jvnt0,0,0.011419614776968956,-4.4609375,0,0.07196149230003357,0,0.022950752064283868,english,comment,True,majority,3-0,0,0
t1_p4vv023,0,0.005384938325732946,-5.21875,0,0.025928115472197533,0,0.012267866617782905,english,comment,True,majority,3-0,0,0
t1_p4x97yj,0,0.01640303246676922,-4.09375,0,0.17721587419509888,0,0.030995725959648893,taglish,comment,True,adjudicator,2-1,0,0
t1_p54i4zy,0,0.7013041377067566,0.853515625,1,0.8955795764923096,1,0.672104357876892,taglish,comment,True,majority,3-0,0,0
t1_p4tnpic,0,0.0039454069919884205,-5.53125,0,0.025279562920331955,0,0.00945971485061476,taglish,comment,True,unanimous,3-0,0,0
t1_p73d7z2,1,0.06097517907619476,-2.734375,0,0.4101395010948181,0,0.09117878556342017,tagalog,comment,True,adjudicator,2-1,1,0
t1_p58fd3g,0,0.44667574763298035,-0.214111328125,0,0.7367174625396729,0,0.4551098371161016,taglish,comment,True,unanimous,3-0,0,0
t1_p60dy37,0,0.015543648041784763,-4.1484375,0,0.1273626983165741,0,0.029643915077431703,tagalog,comment,True,majority,3-0,0,0
t1_p4bbc6r,0,0.008711384609341621,-4.734375,0,0.0719669759273529,0,0.01832275297193089,taglish,comment,True,unanimous,3-0,0,0
t1_p4z83fm,0,0.043042849749326706,-3.1015625,0,0.3878771662712097,0,0.06861939488398185,taglish,comment,True,unanimous,3-0,0,0
t1_p4wrft0,0,0.4258439540863037,-0.298828125,0,0.782591700553894,0,0.4375076114954133,taglish,comment,True,adjudicator,3-0,0,0
t1_p7jcr2g,0,0.02178117074072361,-3.8046875,0,0.2027212679386139,0,0.0391902630746408,taglish,comment,True,majority,3-0,0,0
t1_p5ddttq,0,0.007695646956562996,-4.859375,0,0.040590960532426834,0,0.016524785711200005,english,comment,True,unanimous,3-0,0,0
t1_p7mu4py,0,0.0061929901130497456,-5.078125,0,0.0651596188545227,0,0.013786580238336728,taglish,comment,True,majority,3-0,0,0
t1_p3sn7aa,0,0.024237634614109993,-3.6953125,0,0.23914103209972382,0,0.0428040650023887,taglish,comment,True,unanimous,3-0,0,0
t1_p55y75u,0,0.03963883966207504,-3.1875,0,0.21917828917503357,0,0.06414242358011293,taglish,comment,True,unanimous,3-0,0,0
t1_p7j6h4q,0,0.07211221009492874,-2.5546875,0,0.2621247470378876,0,0.1044969670492228,taglish,comment,True,majority,3-0,0,0
t1_p601f7z,0,0.019870713353157043,-3.8984375,0,0.12417249381542206,0,0.03632730247051971,english,comment,True,majority,3-0,0,0
t1_p5r16hi,0,0.010013570077717304,-4.59375,0,0.05418514460325241,0,0.02057542340372945,english,comment,True,majority,3-0,0,0
t1_p7lp8ow,0,0.010328153148293495,-4.5625,0,0.05557723343372345,0,0.02111170529540571,taglish,comment,True,majority,3-0,0,0
t1_p6x4mu1,0,0.007876706309616566,-4.8359375,0,0.048924535512924194,0,0.01684815360577552,english,comment,True,majority,3-0,0,0
t1_p5cyph5,0,0.01956867426633835,-3.9140625,0,0.11363046616315842,0,0.0358701287684322,tagalog,comment,True,adjudicator,2-1,0,0
t1_p7l3u63,0,0.006692850962281227,-5.0,0,0.045364897698163986,0,0.01470893335437296,english,comment,True,majority,3-0,0,0
t1_p5cyi3m,0,0.0541987307369709,-2.859375,0,0.3631748557090759,0,0.082834888006431,tagalog,comment,True,majority,3-0,0,0
t1_p5g5asp,0,0.4023921489715576,-0.3955078125,0,0.7430580854415894,0,0.4176127341972483,tagalog,comment,True,adjudicator,2-1,0,0
t1_p5n70ly,0,0.05146276578307152,-2.9140625,0,0.16987332701683044,0,0.07940749650451889,english,comment,True,majority,3-0,0,0
t1_p3h516h,0,0.03138043358922005,-3.4296875,0,0.30589398741722107,0,0.05294959350880882,tagalog,comment,True,adjudicator,2-1,0,0
t1_p7ly0w3,0,0.005641908384859562,-5.171875,0,0.03184901922941208,0,0.012754795204657238,taglish,comment,True,adjudicator,2-1,0,1
t1_p3z0j6s,0,0.034100428223609924,-3.34375,0,0.29818427562713623,0,0.05669266049325908,taglish,comment,True,unanimous,3-0,0,0
t1_p4ftgtn,0,0.034618839621543884,-3.328125,0,0.24105942249298096,0,0.0573994226537097,taglish,comment,True,majority,3-0,0,0
t1_p4tqbd1,0,0.011508148163557053,-4.453125,0,0.06345802545547485,0,0.023098529302782275,taglish,comment,True,unanimous,3-0,0,0
t1_p2rpnhz,0,0.0055549247190356255,-5.1875,0,0.028919195756316185,0,0.012590402179978123,taglish,comment,True,unanimous,3-0,0,0
t1_p5ih75k,0,0.005220125894993544,-5.25,0,0.03623213246464729,0,0.011953493608238107,taglish,comment,True,majority,3-0,0,0
t1_p450ga6,0,0.6118459105491638,0.455078125,1,0.8638474345207214,0,0.5945177718750492,english,comment,True,majority,3-0,0,0
t1_p7k2dtu,0,0.00857748556882143,-4.75,0,0.043504178524017334,0,0.018087910909674893,english,comment,True,majority,3-0,0,0
t1_p5h5rez,0,0.006003595422953367,-5.109375,0,0.05387972295284271,0,0.0134338183998672,taglish,comment,True,unanimous,3-0,0,0
t1_p5gymw6,0,0.004264634568244219,-5.453125,0,0.02750459685921669,0,0.010095554259196948,taglish,comment,True,majority,3-0,0,0
t1_p508azl,0,0.006003595422953367,-5.109375,0,0.025172514840960503,0,0.0134338183998672,english,comment,True,majority,3-0,0,0
t1_p5h2klo,0,0.03514484316110611,-3.3125,0,0.23151695728302002,0,0.05811445288983362,english,comment,True,adjudicator,2-1,0,0
t1_p5ra2t3,0,0.0384661927819252,-3.21875,0,0.30010801553726196,0,0.06258295355172713,taglish,comment,True,adjudicator,3-0,0,1
t1_p4vra41,0,0.7345005869865417,1.017578125,1,0.8312017321586609,1,0.7017568320954496,english,comment,True,unanimous,3-0,0,0
t1_p50z0ju,0,0.012527931481599808,-4.3671875,0,0.09992607682943344,0,0.024786619840315965,english,comment,True,majority,3-0,0,0
t1_p4s25yp,0,0.029760092496871948,-3.484375,0,0.13029886782169342,0,0.050690399667758256,english,comment,True,unanimous,3-0,0,0
t1_p7m3qhc,0,0.018978038802742958,-3.9453125,0,0.22774964570999146,0,0.03497234548426502,taglish,comment,True,adjudicator,2-1,0,0
t1_p73uwex,0,0.2240554690361023,-1.2421875,0,0.516826331615448,0,0.26027282734556384,english,comment,True,adjudicator,2-1,0,1
t1_p5v4ay2,0,0.07696083933115005,-2.484375,0,0.4592228829860687,0,0.11016056709591214,tagalog,comment,True,adjudicator,2-1,0,1
t1_p50hghp,0,0.6766198873519897,0.73828125,1,0.8680382966995239,1,0.6504045798985603,tagalog,comment,True,majority,3-0,0,0
t1_p4rzzwd,0,0.02096424251794815,-3.84375,0,0.10185444355010986,0,0.0379719603326935,taglish,comment,True,unanimous,3-0,0,0
t1_p6ikt1f,0,0.0071214293129742146,-4.9375,0,0.04806211590766907,0,0.015490356103967403,taglish,comment,True,unanimous,3-0,0,0
t1_p49a4em,0,0.01640303246676922,-4.09375,0,0.1410779356956482,0,0.030995725959648893,taglish,comment,True,unanimous,3-0,0,0
t1_p73mipe,0,0.017309095710515976,-4.0390625,0,0.08731764554977417,0,0.03240712286344921,english,comment,True,unanimous,3-0,0,0
t1_p7khmj1,0,0.005060331430286169,-5.28125,0,0.026925867423415184,0,0.01164708164113099,english,comment,True,majority,3-0,0,0
t1_p3yxc4u,0,0.011597361415624619,-4.4453125,0,0.08581775426864624,0,0.023247235422007094,taglish,comment,True,majority,3-0,0,0
t1_p44wfgg,1,0.9575962424278259,3.1171875,1,0.9710160493850708,1,0.9322155845814092,english,comment,True,adjudicator,3-0,1,1
t1_p5quqpg,0,0.6102211475372314,0.4482421875,1,0.7842930555343628,0,0.593131296764144,tagalog,comment,True,adjudicator,2-1,0,1
t1_p5qnvpy,0,0.15817435085773468,-1.671875,0,0.4471852481365204,0,0.19688569896840577,taglish,comment,True,majority,3-0,0,0
t1_p4tnvcj,0,0.020177319645881653,-3.8828125,0,0.16388988494873047,0,0.03679008062135442,taglish,comment,True,unanimous,3-0,0,0
t1_p67e96u,0,0.008847354911267757,-4.71875,0,0.06247663125395775,0,0.018560586441374288,taglish,comment,True,majority,3-0,0,0
t1_p44hhtb,0,0.32167303562164307,-0.74609375,0,0.7858603000640869,0,0.34810313642314133,taglish,comment,True,unanimous,3-0,0,0
t1_p4syu2n,0,0.006903837900608778,-4.96875,0,0.04355137050151825,0,0.015094666435081956,taglish,comment,True,unanimous,3-0,0,0
t1_p5v2o7o,0,0.038756195455789566,-3.2109375,0,0.3294947147369385,0,0.06296947149315199,taglish,comment,True,majority,3-0,0,0
t1_p50cla6,0,0.046378206461668015,-3.0234375,0,0.3083711266517639,0,0.07293887397110954,taglish,comment,True,unanimous,3-0,0,0
t1_p3yx4vy,0,0.012821215204894543,-4.34375,0,0.08011007308959961,0,0.02526750703541755,taglish,comment,True,majority,3-0,0,0
t1_p3l92sd,0,0.008187909610569477,-4.796875,0,0.05502486228942871,0,0.017400973228886812,tagalog,comment,True,adjudicator,2-1,0,0
t1_p3sdr43,0,0.00482972152531147,-5.328125,0,0.041790079325437546,0,0.011201961428719093,taglish,comment,True,majority,3-0,0,0
t1_p67t1zr,0,0.043042849749326706,-3.1015625,0,0.43698859214782715,0,0.06861939488398185,taglish,comment,True,unanimous,3-0,0,0
t1_p4bac9p,0,0.008985428139567375,-4.703125,0,0.058776021003723145,0,0.018801447917032525,english,comment,True,majority,3-0,0,0
t1_p5qbnhx,0,0.06954174488782883,-2.59375,0,0.35482585430145264,0,0.101462873098526,tagalog,comment,True,majority,3-0,0,0
t1_p5n9dyz,0,0.022116590291261673,-3.7890625,0,0.08339222520589828,0,0.03968801079508086,english,comment,True,majority,3-0,0,0
t1_p2v09zt,0,0.005220125894993544,-5.25,0,0.03052593767642975,0,0.011953493608238107,english,comment,True,unanimous,3-0,0,0
t1_p4bbqc0,0,0.731442391872406,1.001953125,1,0.9094114303588867,1,0.6989996451787619,taglish,comment,True,adjudicator,2-1,0,1
t1_p4mzxo3,0,0.02145073004066944,-3.8203125,0,0.20049890875816345,0,0.03869850630421583,taglish,comment,True,majority,3-0,0,0
t1_p5ajlh1,1,0.9082930684089661,2.29296875,1,0.9367589950561523,1,0.8730444230037109,taglish,comment,True,majority,3-0,1,1
t1_p74vd03,0,0.0055549247190356255,-5.1875,0,0.03355053439736366,0,0.012590402179978123,taglish,comment,True,majority,3-0,0,0
t1_p3novji,0,0.7352616786956787,1.021484375,1,0.8883666396141052,1,0.7024438555723391,taglish,comment,True,majority,3-0,0,0
t1_p5jnx6g,0,0.9458011984825134,2.859375,1,0.9667189121246338,1,0.917165111993569,tagalog,comment,True,adjudicator,2-1,0,0
t1_p5zf353,0,0.004331502132117748,-5.4375,0,0.0344807505607605,0,0.010227709444661769,taglish,comment,True,adjudicator,3-0,0,0
t1_p7j5d9d,0,0.01678548939526081,-4.0703125,0,0.11403702199459076,0,0.031593173968374584,taglish,comment,True,majority,3-0,0,0
t1_p74beju,0,0.017442483454942703,-4.03125,0,0.15127822756767273,0,0.032613756131792807,tagalog,comment,True,adjudicator,2-1,0,0
t1_p5dkuhk,0,0.056236349046230316,-2.8203125,0,0.32262808084487915,0,0.08536486154616572,tagalog,comment,True,adjudicator,2-1,0,0
t1_p6xs6ll,0,0.0026730059180408716,-5.921875,0,0.019787224009633064,0,0.006829279070116944,taglish,comment,True,unanimous,3-0,0,0
t1_p67rpy9,0,0.01009131595492363,-4.5859375,0,0.17812518775463104,0,0.02070823033674438,tagalog,comment,True,majority,3-0,0,0
t1_p4i8cw5,0,0.008187909610569477,-4.796875,0,0.08390632271766663,0,0.017400973228886812,taglish,comment,True,majority,3-0,0,0
t1_p4sx7kx,0,0.006003595422953367,-5.109375,0,0.04020175337791443,0,0.0134338183998672,taglish,comment,True,majority,3-0,0,0
t1_p30fljf,0,0.48337405920028687,-0.0665283203125,0,0.8134869337081909,0,0.48601778993225286,taglish,comment,True,majority,3-0,0,0
t1_p5qkjrq,0,0.009633651934564114,-4.6328125,0,0.06425797194242477,0,0.01992379810463855,taglish,comment,True,majority,3-0,0,0
t1_p60d1bd,0,0.23863890767097473,-1.16015625,0,0.5329306125640869,0,0.2737714314025859,taglish,comment,True,unanimous,3-0,0,0
t1_p7j636g,0,0.00941259041428566,-4.65625,0,0.06735014170408249,0,0.019542572519662214,tagalog,comment,True,majority,3-0,0,0
t1_p50dxfu,0,0.00857748556882143,-4.75,0,0.040926218032836914,0,0.018087910909674893,english,comment,True,majority,3-0,0,0
t1_p5049xf,1,0.06052939593791962,-2.7421875,0,0.3209657669067383,0,0.09063586237693445,english,comment,True,adjudicator,2-1,1,1
t1_p6esv7s,0,0.22202469408512115,-1.25390625,0,0.5392602682113647,0,0.2583800656073403,taglish,comment,True,adjudicator,2-1,0,1
t1_p6wfih1,0,0.0036499870475381613,-5.609375,0,0.021901868283748627,0,0.008863563381061371,taglish,comment,True,unanimous,3-0,0,0
t1_p545ro9,1,0.7233095169067383,0.9609375,1,0.872545599937439,1,0.691693580745951,taglish,comment,True,majority,3-0,1,1
t1_p4but41,0,0.009485713206231594,-4.6484375,0,0.1155865415930748,0,0.01966884665349589,english,comment,True,majority,3-0,0,0
t1_p50ln59,0,0.013020490296185017,-4.328125,0,0.12273669242858887,0,0.025593134839435212,taglish,comment,True,majority,3-0,0,0
t1_p5cf6md,0,0.037326887249946594,-3.25,0,0.23611204326152802,0,0.061058924611185714,tagalog,comment,True,majority,3-0,0,0
t1_p5hpawa,0,0.0844927504658699,-2.3828125,0,0.35678207874298096,0,0.11881515092065419,taglish,comment,True,adjudicator,2-1,0,0
t1_p73nsao,1,0.07369627058506012,-2.53125,0,0.3523939847946167,0,0.10635566515150054,tagalog,comment,True,adjudicator,2-1,1,1
t1_p3l9emt,0,0.004755199886858463,-5.34375,0,0.03227643296122551,0,0.011057358287132758,taglish,comment,True,majority,3-0,0,0
t1_p7lmjdi,0,0.2206781655550003,-1.26171875,0,0.6587448120117188,0,0.2571232182046144,tagalog,comment,True,unanimous,3-0,0,0
t1_p5bjg1z,0,0.49557507038116455,-0.0177001953125,0,0.7967597246170044,0,0.49627906099584396,tagalog,comment,True,unanimous,3-0,0,0
t1_p454d26,1,0.2062538117170334,-1.34765625,0,0.718982458114624,0,0.24356379332536796,tagalog,comment,True,majority,3-0,1,1
t1_p689bta,0,0.008445627056062222,-4.765625,0,0.08901268243789673,0,0.017856024060526225,taglish,comment,True,unanimous,3-0,0,0
t1_p60g3d6,0,0.02178117074072361,-3.8046875,0,0.1923242062330246,0,0.0391902630746408,tagalog,comment,True,adjudicator,2-1,0,0
t1_p3sifhr,0,0.5068202614784241,0.02728271484375,1,0.7713189125061035,0,0.5057352327265601,taglish,comment,True,majority,3-0,0,0
t1_p45032k,0,0.011597361415624619,-4.4453125,0,0.12904369831085205,0,0.023247235422007094,tagalog,comment,True,adjudicator,2-1,0,0
t1_p6ddi0b,0,0.008380454033613205,-4.7734375,0,0.11220590770244598,0,0.01774117764008002,taglish,comment,True,majority,3-0,0,0
t1_p5rzpba,0,0.006692850962281227,-5.0,0,0.049872931092977524,0,0.01470893335437296,taglish,comment,True,unanimous,3-0,0,0
t1_p503yhl,0,0.018124721944332123,-3.9921875,0,0.07565929740667343,0,0.03366616091893619,taglish,comment,True,majority,3-0,0,0
t1_p7j5jz9,0,0.02517884038388729,-3.65625,0,0.2233159840106964,0,0.04417028409644663,taglish,comment,True,unanimous,3-0,0,0
t1_p5rtoaf,0,0.011687257327139378,-4.4375,0,0.21575622260570526,0,0.023396875968229796,taglish,comment,True,majority,3-0,0,0
t1_p7j1xni,0,0.023509452119469643,-3.7265625,0,0.23132286965847015,0,0.04174024761804382,tagalog,comment,True,majority,3-0,0,0
t1_p7dvqqn,0,0.004538431763648987,-5.390625,0,0.03132491558790207,0,0.010634533217377947,taglish,comment,True,unanimous,3-0,0,0
t1_p7n8qys,0,0.16667540371418,-1.609375,0,0.44818681478500366,0,0.20532850290230248,english,comment,True,majority,3-0,0,0
t1_p4m9jvb,0,0.03993731364607811,-3.1796875,0,0.24336247146129608,0,0.0645379098581677,tagalog,comment,True,adjudicator,2-1,0,0
t1_p4kzjke,0,0.09636510908603668,-2.23828125,0,0.3833044469356537,0,0.13214066115723277,taglish,comment,True,unanimous,3-0,0,0
t1_p58lh5j,1,0.5258253812789917,0.1033935546875,1,0.8416234850883484,0,0.5217221357233895,taglish,comment,True,unanimous,3-0,1,1
t1_p44fag9,0,0.7468782067298889,1.08203125,1,0.8852051496505737,1,0.7129748286353862,taglish,comment,True,adjudicator,2-1,0,1
t1_p78axio,0,0.007937993854284286,-4.828125,0,0.07415293157100677,0,0.01695731888989483,tagalog,comment,True,adjudicator,3-0,0,1
t1_p60aozz,0,0.565658688545227,0.26416015625,1,0.7969970107078552,0,0.5553056099482863,tagalog,comment,True,adjudicator,2-1,0,0
t1_p7j3i13,0,0.00628990214318037,-5.0625,0,0.03762929141521454,0,0.013966370858226168,english,comment,True,majority,3-0,0,0
t1_p7mg4wk,1,0.08269734680652618,-2.40625,0,0.3082028925418854,0,0.11676715918750867,tagalog,comment,True,adjudicator,2-1,1,0
t1_p6eubm2,0,0.011419614776968956,-4.4609375,0,0.07125289738178253,0,0.022950752064283868,taglish,comment,True,majority,3-0,0,0
t1_p3munuh,0,0.00628990214318037,-5.0625,0,0.03194058686494827,0,0.013966370858226168,taglish,comment,True,majority,3-0,0,0
t1_p6y63jo,0,0.10123348236083984,-2.18359375,0,0.417533814907074,0,0.1375041597350122,taglish,comment,True,adjudicator,2-1,0,0
t1_p4m9dmq,0,0.5992506742477417,0.40234375,1,0.736557126045227,0,0.5837846613807055,taglish,comment,True,unanimous,3-0,0,0
t1_p4z2afw,0,0.06705629080533981,-2.6328125,0,0.3062058091163635,0,0.09850718407611837,tagalog,comment,True,majority,3-0,0,0
t1_p3m0mud,0,0.007232763804495335,-4.921875,0,0.044273268431425095,0,0.015692012109965205,taglish,comment,True,majority,3-0,0,0
t1_p58gg2e,1,0.07055959850549698,-2.578125,0,0.3612203299999237,0,0.10266702017533308,tagalog,comment,True,adjudicator,2-1,1,0
t3_1vndxd0,0,0.02178117074072361,-3.8046875,0,0.15289843082427979,0,0.0391902630746408,taglish,submission,True,majority,3-0,0,0
t1_p7mgrfd,0,0.023330770432949066,-3.734375,0,0.2597754895687103,0,0.041478270266798234,taglish,comment,True,unanimous,3-0,0,0
t1_p2z0c2h,0,0.0059110685251653194,-5.125,0,0.04518941789865494,0,0.013260791187594117,taglish,comment,True,majority,3-0,0,0
t1_p5jokkl,1,0.02161533385515213,-3.8125,0,0.11616213619709015,0,0.03894363994829894,taglish,comment,True,adjudicator,2-1,1,1
t1_p6ez7qi,0,0.008847354911267757,-4.71875,0,0.051046937704086304,0,0.018560586441374288,taglish,comment,True,majority,3-0,0,0
t1_p5qwx84,0,0.01784873940050602,-4.0078125,0,0.11461660265922546,0,0.03324132206746834,taglish,comment,True,unanimous,3-0,0,0
t1_p77sc7z,0,0.2018132209777832,-1.375,0,0.5271544456481934,0,0.23935252048719063,english,comment,True,adjudicator,2-1,0,1
t1_p7ltry6,0,0.004982269834727049,-5.296875,0,0.03588610142469406,0,0.011496799369361555,taglish,comment,True,majority,3-0,0,0
t1_p456pe2,0,0.018124721944332123,-3.9921875,0,0.1988842934370041,0,0.03366616091893619,tagalog,comment,True,adjudicator,2-1,0,0
t1_p5ehbtc,0,0.014615669846534729,-4.2109375,0,0.12655779719352722,0,0.028168934022987452,taglish,comment,True,majority,3-0,0,0
t1_p50ctyp,0,0.006003595422953367,-5.109375,0,0.03960218280553818,0,0.0134338183998672,english,comment,True,majority,3-0,0,0
t1_p3ekzoo,0,0.0064882696606218815,-5.03125,0,0.04465204477310181,0,0.014332913951778192,english,comment,True,unanimous,3-0,0,0
t1_p6zt7kd,0,0.009485713206231594,-4.6484375,0,0.07865716516971588,0,0.01966884665349589,english,comment,True,adjudicator,2-1,0,0
t1_p7481ia,0,0.00970847625285387,-4.625,0,0.053712159395217896,0,0.020052485144180753,english,comment,True,majority,3-0,0,0
t1_p3oyqez,0,0.014281933195888996,-4.234375,0,0.09268279373645782,0,0.02763439284260392,taglish,comment,True,majority,3-0,0,0
t1_p70sbs8,0,0.010408314876258373,-4.5546875,0,0.03827698528766632,0,0.021247898639664812,taglish,comment,True,majority,3-0,0,0
t1_p547tor,0,0.011597361415624619,-4.4453125,0,0.1435900628566742,0,0.023247235422007094,english,comment,True,majority,3-0,0,0
t1_p67nnms,0,0.006388320587575436,-5.046875,0,0.06072607636451721,0,0.014148472488418828,taglish,comment,True,unanimous,3-0,0,0
t1_p3la0u2,0,0.00628990214318037,-5.0625,0,0.0376783087849617,0,0.013966370858226168,tagalog,comment,True,majority,3-0,0,0
t1_p3lklq8,0,0.008711384609341621,-4.734375,0,0.09635910391807556,0,0.01832275297193089,taglish,comment,True,majority,3-0,0,0
t1_p6z1vjk,0,0.11676401644945145,-2.0234375,0,0.4876503646373749,0,0.1542692831254795,taglish,comment,True,majority,3-0,0,0
t1_p508rqk,0,0.0064882696606218815,-5.03125,0,0.03776289150118828,0,0.014332913951778192,english,comment,True,majority,3-0,0,0
t1_p7j4j4e,0,0.0055549247190356255,-5.1875,0,0.031523339450359344,0,0.012590402179978123,taglish,comment,True,adjudicator,2-1,0,0
t1_p458n1p,0,0.2549724876880646,-1.072265625,0,0.6772107481956482,0,0.2887085991646999,taglish,comment,True,majority,3-0,0,0
t1_p3majvr,0,0.03934250399470329,-3.1953125,0,0.2673660218715668,0,0.06374919567270816,english,comment,True,majority,3-0,0,0
t1_p7lp75f,0,0.02595735713839531,-3.625,0,0.1402190625667572,0,0.04529310752740868,english,comment,True,adjudicator,2-1,0,0
t1_p54025j,0,0.00978387612849474,-4.6171875,0,0.09336695075035095,0,0.020181986252351042,taglish,comment,True,unanimous,3-0,0,0
t1_p79o33m,0,0.014957086183130741,-4.1875,0,0.08910750597715378,0,0.02871350968009252,taglish,comment,True,majority,3-0,0,0
t1_p6282jb,0,0.026963496580719948,-3.5859375,0,0.17292428016662598,0,0.046734892924253015,taglish,comment,True,unanimous,3-0,0,0
t1_p2v1vcf,0,0.012624949216842651,-4.359375,0,0.07194813340902328,0,0.024945916208147706,taglish,comment,True,majority,3-0,0,0
t1_p3vzvr2,0,0.005730246659368277,-5.15625,0,0.02573857270181179,0,0.012921306621933516,english,comment,True,majority,3-0,0,0
t1_p3lcqvl,0,0.06371499598026276,-2.6875,0,0.29202017188072205,0,0.0944981454485099,taglish,comment,True,majority,3-0,0,0
t1_p3kxckg,0,0.012053778395056725,-4.40625,0,0.07613466680049896,0,0.0240048943776265,taglish,comment,True,majority,3-0,0,0
t1_p55wxib,0,0.3951341509819031,-0.42578125,0,0.6758400201797485,0,0.4114346113728656,taglish,comment,True,majority,3-0,0,0
t1_p3ed6c0,0,0.007460643537342548,-4.890625,0,0.040531642735004425,0,0.0161031045036028,taglish,comment,True,majority,3-0,0,0
t1_p7mtvkz,0,0.18184363842010498,-1.50390625,0,0.5525578260421753,0,0.22017800066725507,taglish,comment,True,majority,3-0,0,0
t1_p44riio,1,0.053403329104185104,-2.875,0,0.39962467551231384,0,0.08184213044789841,taglish,comment,True,unanimous,3-0,1,1
t1_p7kelnh,0,0.014957086183130741,-4.1875,0,0.14172868430614471,0,0.02871350968009252,tagalog,comment,True,unanimous,3-0,0,0
t1_p44sav9,0,0.6325027346611023,0.54296875,1,0.8843417167663574,0,0.6122026570470565,tagalog,comment,True,adjudicator,2-1,0,1
t1_p6zd0x9,0,0.007011795416474342,-4.953125,0,0.060778796672821045,0,0.015291251294740764,taglish,comment,True,majority,3-0,0,0
t1_p7bmr4c,0,0.006692850962281227,-5.0,0,0.040575943887233734,0,0.01470893335437296,tagalog,comment,True,adjudicator,2-1,0,0
t1_p2rr3bl,1,0.012241275049746037,-4.390625,0,0.15276363492012024,0,0.024314656513778996,taglish,comment,True,majority,3-0,1,1
t1_p44kte0,0,0.4372226595878601,-0.25244140625,0,0.789759635925293,0,0.44712911967012553,tagalog,comment,True,adjudicator,2-1,0,1
t1_p76zcwj,0,0.034618839621543884,-3.328125,0,0.18571120500564575,0,0.0573994226537097,taglish,comment,True,majority,3-0,0,0
t1_p5cmmfp,0,0.06608537584543228,-2.6484375,0,0.28490468859672546,0,0.09734653344773303,taglish,comment,True,adjudicator,2-1,0,0
t1_p6f404a,0,0.008779109455645084,-4.7265625,0,0.04531402140855789,0,0.018441293502847105,taglish,comment,True,unanimous,3-0,0,0
t1_p7ild8v,0,0.010986942797899246,-4.5,0,0.05301578342914581,0,0.022225607003580512,taglish,comment,True,majority,3-0,0,0
t1_p3lmamh,0,0.037326887249946594,-3.25,0,0.2718522250652313,0,0.061058924611185714,taglish,comment,True,majority,3-0,0,0
t1_p4zusn3,0,0.0071214293129742146,-4.9375,0,0.0868685245513916,0,0.015490356103967403,taglish,comment,True,unanimous,3-0,0,0
t1_p4u6wsr,0,0.00985985528677702,-4.609375,0,0.054012976586818695,0,0.020312306357168908,taglish,comment,True,majority,3-0,0,0
t3_1vq43vq,0,0.007755536586046219,-4.8515625,0,0.04965677112340927,0,0.016631891222319478,tagalog,submission,True,majority,3-0,0,0
t1_p4zsnp2,0,0.0024726232513785362,-6.0,0,0.01792171597480774,0,0.0063978270329889415,taglish,comment,True,unanimous,3-0,0,0
t1_p6z15di,0,0.008644177578389645,-4.7421875,0,0.07558742165565491,0,0.018204960286484224,english,comment,True,adjudicator,3-0,0,0
t1_p5c6mq1,0,0.018689310178160667,-3.9609375,0,0.15829968452453613,0,0.03453161268674625,taglish,comment,True,unanimous,3-0,0,0
t1_p5g3k4b,0,0.1716158092021942,-1.57421875,0,0.5893154144287109,0,0.21019425369899267,tagalog,comment,True,adjudicator,2-1,0,0
t1_p3sy17w,0,0.01971912942826748,-3.90625,0,0.16462497413158417,0,0.03609801897942113,taglish,comment,True,majority,3-0,0,0
t1_p6xp0bx,0,0.008644177578389645,-4.7421875,0,0.04913134500384331,0,0.018204960286484224,taglish,comment,True,majority,3-0,0,0
t1_p5tv2qk,0,0.006797531619668007,-4.984375,0,0.05777003988623619,0,0.014900570634208587,english,comment,True,majority,3-0,0,0
t1_p6evpkm,0,0.006388320587575436,-5.046875,0,0.03625402972102165,0,0.014148472488418828,taglish,comment,True,majority,3-0,0,0
t1_p7n2q65,1,0.21900326013565063,-1.271484375,0,0.5987665057182312,0,0.2555577910532373,taglish,comment,True,adjudicator,2-1,1,1
t1_p2rs2bp,0,0.005301895085722208,-5.234375,0,0.040972985327243805,0,0.012109672500050959,taglish,comment,True,majority,3-0,0,0
t3_1vtdjag,0,0.012336100451648235,-4.3828125,0,0.08459614217281342,0,0.02447099582237062,english,submission,True,majority,3-0,0,0
t1_p5ju6ap,0,0.011244560591876507,-4.4765625,0,0.08537062257528305,0,0.02265796219044205,tagalog,comment,True,majority,3-0,0,0
t1_p6znq6d,0,0.007232763804495335,-4.921875,0,0.03750886768102646,0,0.015692012109965205,taglish,comment,True,majority,3-0,0,0
t1_p4bbxu2,0,0.005301895085722208,-5.234375,0,0.046441297978162766,0,0.012109672500050959,taglish,comment,True,unanimous,3-0,0,0
t1_p7e6b40,0,0.2512800693511963,-1.091796875,0,0.5293511152267456,0,0.2853476216242151,taglish,comment,True,majority,3-0,0,0
t1_p522mcr,0,0.0060975621454417706,-5.09375,0,0.06797195971012115,0,0.013609072138913528,english,comment,True,majority,3-0,0,0
t1_p7jiij8,0,0.22575782239437103,-1.232421875,0,0.5998058319091797,0,0.26185697734075947,taglish,comment,True,adjudicator,2-1,0,0
t1_p7jmhd1,0,0.0064882696606218815,-5.03125,0,0.03288435935974121,0,0.014332913951778192,english,comment,True,majority,3-0,0,0
t1_p5ixle9,0,0.1937568634748459,-1.42578125,0,0.59705650806427,0,0.23166484536937945,taglish,comment,True,majority,3-0,0,0
t1_p5c4bzb,0,0.025565214455127716,-3.640625,0,0.26639679074287415,0,0.04472833759791237,taglish,comment,True,unanimous,3-0,0,0
t1_p73zbxp,0,0.0059110685251653194,-5.125,0,0.033860329538583755,0,0.013260791187594117,english,comment,True,majority,3-0,0,0
t1_p75j7iv,0,0.13568955659866333,-1.8515625,0,0.45931312441825867,0,0.17408153610897822,english,comment,True,majority,3-0,0,0
t1_p50hk6j,0,0.015072628855705261,-4.1796875,0,0.09976696968078613,0,0.028897295206111586,taglish,comment,True,majority,3-0,0,0
t1_p4uc4i7,0,0.03622005507349968,-3.28125,0,0.16911637783050537,0,0.0595696506112937,english,comment,True,majority,3-0,0,0
t1_p50utv7,0,0.005730246659368277,-5.15625,0,0.02900271862745285,0,0.012921306621933516,taglish,comment,True,unanimous,3-0,0,0
t1_p73e7sh,0,0.11357959359884262,-2.0546875,0,0.5023156404495239,0,0.1508718452599252,tagalog,comment,True,majority,3-0,0,0
t1_p7n80jw,0,0.7341195344924927,1.015625,1,0.8854701519012451,1,0.7014129785334615,tagalog,comment,True,adjudicator,2-1,0,0
t1_p3raf6l,0,0.018978038802742958,-3.9453125,0,0.13688483834266663,0,0.03497234548426502,english,comment,True,majority,3-0,0,0
t1_p73elhz,1,0.8647679686546326,1.85546875,1,0.9352425336837769,1,0.826390230654407,english,comment,True,unanimous,3-0,1,1
t1_p3y7ali,0,0.008251599036157131,-4.7890625,0,0.06748386472463608,0,0.01751365662386752,taglish,comment,True,unanimous,3-0,0,0
t1_p4yfvny,0,0.0071214293129742146,-4.9375,0,0.0632290318608284,0,0.015490356103967403,english,comment,True,majority,3-0,0,0
t1_p7m3gnr,1,0.814643383026123,1.48046875,1,0.8968021869659424,1,0.7764194003661388,tagalog,comment,True,adjudicator,2-1,1,0
t1_p4zn29i,0,0.015306354500353336,-4.1640625,0,0.12234888970851898,0,0.02926829627285437,tagalog,comment,True,adjudicator,2-1,0,0
t1_p663a81,0,0.09568693488836288,-2.24609375,0,0.4267619550228119,0,0.13138909274827607,taglish,comment,True,unanimous,3-0,0,0
t1_p456hvs,1,0.8887588381767273,2.078125,1,0.941454291343689,1,0.851635667839998,taglish,comment,True,majority,3-0,1,1
t1_p72eeqj,0,0.4153730869293213,-0.341796875,0,0.7134367227554321,0,0.4286366474898362,english,comment,True,majority,3-0,0,0
t1_p6ev3a3,0,0.02822098508477211,-3.5390625,0,0.20327767729759216,0,0.04852265983786787,english,comment,True,adjudicator,2-1,0,0
t1_p3kxdda,0,0.00955939944833517,-4.640625,0,0.06176074966788292,0,0.019795920232554016,taglish,comment,True,majority,3-0,0,0
t1_p3nxcm6,0,0.00970847625285387,-4.625,0,0.052684150636196136,0,0.020052485144180753,taglish,comment,True,majority,3-0,0,0
t1_p65w94h,0,0.018833130598068237,-3.953125,0,0.1376110464334488,0,0.034751305548429846,taglish,comment,True,unanimous,3-0,0,0
t1_p5d5qz3,0,0.005384938325732946,-5.21875,0,0.024288218468427658,0,0.012267866617782905,taglish,comment,True,unanimous,3-0,0,0
t1_p6emwqi,0,0.02655657008290291,-3.6015625,0,0.20369026064872742,0,0.04615301414951468,taglish,comment,True,majority,3-0,0,0
t1_p508wu2,0,0.0064882696606218815,-5.03125,0,0.032928772270679474,0,0.014332913951778192,taglish,comment,True,majority,3-0,0,0
t1_p7n68zk,0,0.32338008284568787,-0.73828125,0,0.7280282974243164,0,0.34959542010143974,taglish,comment,True,adjudicator,3-0,0,1
t1_p4u8nnl,0,0.05964693799614906,-2.7578125,0,0.3449022173881531,0,0.08955874122637049,taglish,comment,True,majority,3-0,0,0
t1_p44qzac,1,0.879974365234375,1.9921875,1,0.9600876569747925,1,0.842270984403887,tagalog,comment,True,majority,3-0,1,1
t1_p5i4qlb,0,0.7617157697677612,1.162109375,1,0.8796744346618652,1,0.7265549854443515,taglish,comment,True,adjudicator,2-1,0,0
t1_p6ewg4c,0,0.016277462244033813,-4.1015625,0,0.14173541963100433,0,0.03079901777926179,tagalog,comment,True,adjudicator,2-1,0,1
t1_p3h5ed1,0,0.015189048834145069,-4.171875,0,0.1021924763917923,0,0.02908222185931275,taglish,comment,True,majority,3-0,0,0
t1_p7dbwlr,0,0.4198858141899109,-0.3232421875,0,0.6996208429336548,0,0.4324620121488404,taglish,comment,True,adjudicator,2-1,0,1
t1_p6et4if,0,0.007460643537342548,-4.890625,0,0.06411077827215195,0,0.0161031045036028,taglish,comment,True,adjudicator,2-1,0,0
t1_p74nuig,0,0.011508148163557053,-4.453125,0,0.11406117677688599,0,0.023098529302782275,taglish,comment,True,majority,3-0,0,0
t1_p5coywx,0,0.07640768587589264,-2.4921875,0,0.30208754539489746,0,0.10951823746712085,tagalog,comment,True,adjudicator,2-1,0,1
t1_p3grrpo,0,0.006797531619668007,-4.984375,0,0.0562172494828701,0,0.014900570634208587,taglish,comment,True,majority,3-0,0,0
t1_p6ymmy3,1,0.44299787282943726,-0.22900390625,0,0.7578356266021729,0,0.4520060792772304,taglish,comment,True,majority,3-0,1,1
t1_p451zu7,0,0.015663648024201393,-4.140625,0,0.17967677116394043,0,0.029833472898878933,english,comment,True,adjudicator,2-1,0,1
t1_p6d4zgn,0,0.00934002548456192,-4.6640625,0,0.04345273971557617,0,0.019417093009770316,taglish,comment,True,majority,3-0,0,0
t1_p6lolqe,0,0.004331502132117748,-5.4375,0,0.03467203304171562,0,0.010227709444661769,taglish,comment,True,unanimous,3-0,0,0
t1_p47gmnm,1,0.34312158823013306,-0.6494140625,0,0.5921882390975952,0,0.3667720436868925,taglish,comment,True,unanimous,3-0,1,1
t1_p6fksty,0,0.03210070729255676,-3.40625,0,0.1488686054944992,0,0.05394664760681953,taglish,comment,True,majority,3-0,0,0
t3_1voodmg,0,0.009633651934564114,-4.6328125,0,0.07034966349601746,0,0.01992379810463855,taglish,submission,True,unanimous,3-0,0,0
t1_p7613ws,0,0.009055264294147491,-4.6953125,0,0.1135803684592247,0,0.018923025705981627,taglish,comment,True,unanimous,3-0,0,0
t1_p7mfrbx,0,0.10856642574071884,-2.10546875,0,0.38489431142807007,0,0.1454825066374427,taglish,comment,True,majority,3-0,0,0
t1_p6zp5lc,0,0.011331754736602306,-4.46875,0,0.08999012410640717,0,0.022803898189473974,tagalog,comment,True,majority,3-0,0,0
t1_p7n6lpa,0,0.43554139137268066,-0.25927734375,0,0.7755540609359741,0,0.44570854492432266,taglish,comment,True,adjudicator,2-1,0,0
t1_p4ykvi2,0,0.6675812005996704,0.697265625,1,0.8830294609069824,1,0.6425222133550185,tagalog,comment,True,adjudicator,2-1,0,0
t3_1vhm9uf,0,0.005301895085722208,-5.234375,0,0.037996962666511536,0,0.012109672500050959,taglish,submission,True,majority,3-0,0,0
t1_p7jxt20,0,0.011869121342897415,-4.421875,0,0.1357659101486206,0,0.02369898267355779,english,comment,True,majority,3-0,0,0
t1_p476uv7,1,0.6006569266319275,0.408203125,1,0.8165295124053955,0,0.5849813590085391,taglish,comment,True,unanimous,3-0,1,1
t1_p7di6tl,0,0.014392335899174213,-4.2265625,0,0.09753590822219849,0,0.027811469078793918,english,comment,True,majority,3-0,0,0
t1_p6xm0yr,0,0.043042849749326706,-3.1015625,0,0.2629726827144623,0,0.06861939488398185,tagalog,comment,True,unanimous,3-0,0,0
t1_p5cq40n,0,0.0060975621454417706,-5.09375,0,0.036415066570043564,0,0.013609072138913528,taglish,comment,True,majority,3-0,0,0
t1_p75yon2,0,0.5305405259132385,0.122314453125,1,0.7510426044464111,0,0.5256908019127745,tagalog,comment,True,adjudicator,2-1,0,0
t1_p6ywgfy,0,0.04115288704633713,-3.1484375,0,0.2569429278373718,0,0.06614265714621088,english,comment,True,majority,3-0,0,0
t1_p4zkbgz,0,0.03649376332759857,-3.2734375,0,0.2235264629125595,0,0.05993874808001236,tagalog,comment,True,majority,3-0,0,0
t1_p6zmxsw,0,0.005730246659368277,-5.15625,0,0.04480210691690445,0,0.012921306621933516,taglish,comment,True,unanimous,3-0,0,0
t1_p5zzsy0,0,0.13568955659866333,-1.8515625,0,0.42497143149375916,0,0.17408153610897822,english,comment,True,unanimous,3-0,0,0
t1_p7d5hr5,0,0.006903837900608778,-4.96875,0,0.05353310704231262,0,0.015094666435081956,tagalog,comment,True,majority,3-0,0,0
t1_p6ewgb7,0,0.00941259041428566,-4.65625,0,0.034952037036418915,0,0.019542572519662214,english,comment,True,majority,3-0,0,0
t1_p4ygdhd,0,0.010169658809900284,-4.578125,0,0.05580377206206322,0,0.020841876249170645,taglish,comment,True,unanimous,3-0,0,0
t1_p7msa2l,0,0.06705629080533981,-2.6328125,0,0.36283251643180847,0,0.09850718407611837,taglish,comment,True,unanimous,3-0,0,0
t1_p6xw6qc,0,0.45181018114089966,-0.193359375,0,0.6986421346664429,0,0.4594405159311631,tagalog,comment,True,majority,3-0,0,0
t1_p4nncu5,0,0.30280327796936035,-0.833984375,0,0.6116783022880554,0,0.3315252893878201,tagalog,comment,True,adjudicator,2-1,0,0
t1_p4fx4lr,0,0.19559408724308014,-1.4140625,0,0.48559367656707764,0,0.23342350181440233,taglish,comment,True,majority,3-0,0,0
t3_1vtewfp,0,0.02178117074072361,-3.8046875,0,0.16164331138134003,0,0.0391902630746408,taglish,submission,True,majority,3-0,0,0
t1_p5hqqmw,0,0.010735162533819675,-4.5234375,0,0.07425018399953842,0,0.02180131790775033,taglish,comment,True,unanimous,3-0,0,0
t1_p4ma79v,0,0.012527931481599808,-4.3671875,0,0.08087553083896637,0,0.024786619840315965,english,comment,True,majority,3-0,0,0
t1_p508yt4,0,0.005220125894993544,-5.25,0,0.027901653200387955,0,0.011953493608238107,english,comment,True,majority,3-0,0,0
t1_p7jw74c,0,0.7138307690620422,0.9140625,1,0.902331531047821,1,0.68322486753315,tagalog,comment,True,adjudicator,2-1,0,0
t1_p6xvali,0,0.053009770810604095,-2.8828125,0,0.2914111614227295,0,0.08134982589677266,english,comment,True,adjudicator,2-1,0,0
t1_p4c9e3h,0,0.0832919254899025,-2.3984375,0,0.41250333189964294,0,0.1174463967093081,english,comment,True,majority,3-0,0,0
t1_p5cq11b,0,0.07477004826068878,-2.515625,0,0.32752129435539246,0,0.10761092495793974,taglish,comment,True,majority,3-0,0,0
t1_p4crq2c,0,0.008711384609341621,-4.734375,0,0.06183081865310669,0,0.01832275297193089,taglish,comment,True,adjudicator,2-1,0,0
t1_p4b84s6,0,0.02822098508477211,-3.5390625,0,0.294709175825119,0,0.04852265983786787,taglish,comment,True,adjudicator,2-1,0,0
t1_p4beia0,0,0.02517884038388729,-3.65625,0,0.22947540879249573,0,0.04417028409644663,taglish,comment,True,adjudicator,3-0,0,0
t1_p746c5q,0,0.012147169560194016,-4.3984375,0,0.17416416108608246,0,0.024159291283482317,taglish,comment,True,unanimous,3-0,0,0
t1_p4cw4sk,0,0.020023442804813385,-3.890625,0,0.26432883739471436,0,0.036557987065038516,taglish,comment,True,majority,3-0,0,0
t1_p7lnkkv,0,0.0071214293129742146,-4.9375,0,0.032771363854408264,0,0.015490356103967403,taglish,comment,True,unanimous,3-0,0,0
t1_p4b03nq,0,0.010902374982833862,-4.5078125,0,0.11177146434783936,0,0.022083288207368944,taglish,comment,True,adjudicator,2-1,0,0
t1_p44yj8h,0,0.8925625681877136,2.1171875,1,0.946753203868866,1,0.8557382735020136,english,comment,True,adjudicator,2-1,0,1
t1_p6exlci,0,0.034618839621543884,-3.328125,0,0.17111937701702118,0,0.0573994226537097,taglish,comment,True,adjudicator,2-1,0,0
t1_p61zsi6,0,0.05146276578307152,-2.9140625,0,0.3495548963546753,0,0.07940749650451889,english,comment,True,adjudicator,2-1,0,0
t1_p44wa6k,0,0.0061929901130497456,-5.078125,0,0.06341121345758438,0,0.013786580238336728,taglish,comment,True,majority,3-0,0,0
t1_p4yt2gj,0,0.007011795416474342,-4.953125,0,0.03964434936642647,0,0.015291251294740764,english,comment,True,majority,3-0,0,0
t1_p5yufyd,0,0.8587185740470886,1.8046875,1,0.9349889159202576,1,0.8201781964895681,taglish,comment,True,unanimous,3-0,0,0
t1_p7lpalt,0,0.015424554236233234,-4.15625,0,0.13021306693553925,0,0.02945552511264557,taglish,comment,True,unanimous,3-0,0,0
t1_p51584x,0,0.006903837900608778,-4.96875,0,0.03405797481536865,0,0.015094666435081956,taglish,comment,True,adjudicator,2-1,0,0
t1_p5n7dsn,0,0.007695646956562996,-4.859375,0,0.031245097517967224,0,0.016524785711200005,taglish,comment,True,adjudicator,3-0,0,0
t1_p5n7jts,0,0.005139610730111599,-5.265625,0,0.019694555550813675,0,0.011799304903314928,english,comment,True,majority,3-0,0,0
t1_p50f0l2,0,0.23651622235774994,-1.171875,0,0.5157971382141113,0,0.27181657600059345,english,comment,True,adjudicator,2-1,0,0
t1_p74idhq,0,0.010408314876258373,-4.5546875,0,0.05599404126405716,0,0.021247898639664812,english,comment,True,majority,3-0,0,0
t1_p6zrvze,0,0.029760092496871948,-3.484375,0,0.15125547349452972,0,0.050690399667758256,english,comment,True,unanimous,3-0,0,0
t1_p5yp5do,1,0.36206650733947754,-0.56640625,0,0.6725478172302246,0,0.38312880940878735,taglish,comment,True,majority,3-0,1,1
t1_p7ihaxt,0,0.07585818320512772,-2.5,0,0.3756013512611389,0,0.10887919489372166,taglish,comment,True,majority,3-0,0,0
t1_p55w81w,1,0.7509182095527649,1.103515625,1,0.8851923942565918,1,0.7166576431161146,taglish,comment,True,unanimous,3-0,1,1
t1_p7m1gd8,0,0.005220125894993544,-5.25,0,0.045168470591306686,0,0.011953493608238107,taglish,comment,True,unanimous,3-0,0,0
t1_p7lmhg7,0,0.3734187185764313,-0.517578125,0,0.7122892141342163,0,0.39287824766053525,english,comment,True,adjudicator,2-1,0,0
t1_p452nld,0,0.8128673434257507,1.46875,1,0.928014874458313,1,0.7747041190635499,tagalog,comment,True,adjudicator,2-1,0,1
t1_p44zwwh,0,0.9082930684089661,2.29296875,1,0.944872260093689,1,0.8730444230037109,tagalog,comment,True,adjudicator,2-1,0,0
t1_p41aqpx,0,0.0060975621454417706,-5.09375,0,0.045705944299697876,0,0.013609072138913528,taglish,comment,True,unanimous,3-0,0,0
t1_p3rv3e5,0,0.008445627056062222,-4.765625,0,0.05595524236559868,0,0.017856024060526225,taglish,comment,True,majority,3-0,0,0
t1_p5qf8bj,0,0.5824910998344421,0.3330078125,1,0.7946535348892212,0,0.5695523715907223,taglish,comment,True,adjudicator,2-1,0,1
t1_p73biyf,0,0.13846179842948914,-1.828125,0,0.510878324508667,0,0.17693339579694575,english,comment,True,majority,3-0,0,0
t1_p3n3gv2,0,0.02595735713839531,-3.625,0,0.152715802192688,0,0.04529310752740868,tagalog,comment,True,adjudicator,2-1,0,0
t1_p3h3teg,0,0.07696083933115005,-2.484375,0,0.4131702780723572,0,0.11016056709591214,english,comment,True,majority,3-0,0,0
t1_p7j5cbc,0,0.016277462244033813,-4.1015625,0,0.23372332751750946,0,0.03079901777926179,taglish,comment,True,majority,3-0,0,0
t1_p7j3plz,0,0.029986508190631866,-3.4765625,0,0.2950471043586731,0,0.051007464718600584,tagalog,comment,True,unanimous,3-0,0,0
t1_p3h9p36,0,0.015424554236233234,-4.15625,0,0.14159433543682098,0,0.02945552511264557,taglish,comment,True,unanimous,3-0,0,0
t1_p7j5etb,0,0.006589771714061499,-5.015625,0,0.049951713532209396,0,0.014519724407489786,tagalog,comment,True,adjudicator,2-1,0,0
t1_p5ixw9c,0,0.01678548939526081,-4.0703125,0,0.10776273906230927,0,0.031593173968374584,taglish,comment,True,adjudicator,2-1,0,1
t1_p72pd9i,0,0.0061929901130497456,-5.078125,0,0.03978201001882553,0,0.013786580238336728,taglish,comment,True,unanimous,3-0,0,0
t1_p6j1o6t,0,0.005384938325732946,-5.21875,0,0.04142118617892265,0,0.012267866617782905,taglish,comment,True,unanimous,3-0,0,0
t1_p7jafvu,0,0.009055264294147491,-4.6953125,0,0.04500958323478699,0,0.018923025705981627,taglish,comment,True,majority,3-0,0,0
t1_p6xmxvd,0,0.25945019721984863,-1.048828125,0,0.6020538806915283,0,0.29277265091809374,tagalog,comment,True,adjudicator,2-1,0,0
t1_p6fpx4u,0,0.010248602367937565,-4.5703125,0,0.11504799127578735,0,0.020976366204918696,taglish,comment,True,majority,3-0,0,0
t1_p60qogu,0,0.02822098508477211,-3.5390625,0,0.3013491928577423,0,0.04852265983786787,tagalog,comment,True,adjudicator,2-1,0,0
t1_p7mguuu,0,0.005641908384859562,-5.171875,0,0.047882094979286194,0,0.012754795204657238,taglish,comment,True,unanimous,3-0,0,0
t1_p61xtg2,0,0.030444350093603134,-3.4609375,0,0.18885290622711182,0,0.05164723255661099,taglish,comment,True,adjudicator,2-1,0,0
t1_p5xqsg5,0,0.004905405919998884,-5.3125,0,0.02810324728488922,0,0.011348433924474682,tagalog,comment,True,adjudicator,2-1,0,0
t1_p5qj6s9,0,0.10338596999645233,-2.16015625,0,0.3745216727256775,0,0.13985826738892954,tagalog,comment,True,adjudicator,3-0,0,0
t1_p7352hx,0,0.0443485863506794,-3.0703125,0,0.30142539739608765,0,0.07031800037064939,taglish,comment,True,majority,3-0,0,0
t3_1vssv2i,0,0.0061929901130497456,-5.078125,0,0.048193108290433884,0,0.013786580238336728,english,submission,True,majority,3-0,0,0
t1_p4x4pqs,0,0.006903837900608778,-4.96875,0,0.042971864342689514,0,0.015094666435081956,taglish,comment,True,majority,3-0,0,0
t1_p4ur7ns,1,0.6236060857772827,0.5048828125,1,0.8469500541687012,0,0.604572502056552,english,comment,True,adjudicator,2-1,1,1
t1_p7kc2nd,0,0.005301895085722208,-5.234375,0,0.04242277890443802,0,0.012109672500050959,english,comment,True,majority,3-0,0,0
t3_1vq0rvu,0,0.09170696139335632,-2.29296875,0,0.28065112233161926,0,0.12695557699628907,english,submission,True,majority,3-0,0,0
t1_p508gjr,0,0.007345826830714941,-4.90625,0,0.062155794352293015,0,0.01589625091975806,tagalog,comment,True,unanimous,3-0,0,0
t1_p7luigq,0,0.46672412753105164,-0.13330078125,0,0.7116485834121704,0,0.47200626754184904,taglish,comment,True,adjudicator,2-1,0,1
t1_p5v09nw,0,0.007345826830714941,-4.90625,0,0.05167889595031738,0,0.01589625091975806,tagalog,comment,True,adjudicator,2-1,0,0
t1_p44mtt0,0,0.5884161591529846,0.357421875,1,0.8042091727256775,0,0.5745781301813311,english,comment,True,adjudicator,2-1,0,1
t1_p451m4k,0,0.6838418841362,0.771484375,1,0.8956577181816101,1,0.6567261179343927,tagalog,comment,True,adjudicator,2-1,0,1
t1_p603e27,0,0.004468384198844433,-5.40625,0,0.022803671658039093,0,0.01049717709511504,taglish,comment,True,unanimous,3-0,0,0
t1_p65qjif,0,0.01956867426633835,-3.9140625,0,0.17481160163879395,0,0.0358701287684322,taglish,comment,True,unanimous,3-0,0,0
t1_p4d3s19,0,0.18952110409736633,-1.453125,0,0.6080795526504517,0,0.22759740608746423,tagalog,comment,True,majority,3-0,0,0
t1_p6lm952,0,0.0060975621454417706,-5.09375,0,0.0713365226984024,0,0.013609072138913528,taglish,comment,True,unanimous,3-0,0,0
t1_p6yb36g,0,0.12721826136112213,-1.92578125,0,0.4737108647823334,0,0.16529004173846107,taglish,comment,True,majority,3-0,0,0
t1_p66gnga,0,0.10521054267883301,-2.140625,0,0.5254279971122742,0,0.1418457224173207,taglish,comment,True,adjudicator,2-1,0,1
t1_p5jg25f,0,0.017712298780679703,-4.015625,0,0.13638754189014435,0,0.03303084844761091,taglish,comment,True,adjudicator,3-0,0,0
t1_p47r7m7,0,0.3250918686389923,-0.73046875,0,0.696877121925354,0,0.35109065568724057,english,comment,True,adjudicator,2-1,0,0
t1_p3kshov,0,0.07263670861721039,-2.546875,0,0.2684279978275299,0,0.10511332299502439,tagalog,comment,True,majority,3-0,0,0
t1_p2xonew,0,0.008985428139567375,-4.703125,0,0.039179325103759766,0,0.018801447917032525,english,comment,True,majority,3-0,0,0
t1_p7btkc4,0,0.010818448849022388,-4.515625,0,0.0957774668931961,0,0.021941860280556204,taglish,comment,True,unanimous,3-0,0,0
t1_p6xmo6h,1,0.21403354406356812,-1.30078125,0,0.6230297088623047,0,0.25089919979349234,taglish,comment,True,adjudicator,2-1,1,0
t1_p4s3w6s,0,0.007232763804495335,-4.921875,0,0.06215418502688408,0,0.015692012109965205,taglish,comment,True,unanimous,3-0,0,0
t1_p6eyfbc,0,0.007937993854284286,-4.828125,0,0.051816731691360474,0,0.01695731888989483,taglish,comment,True,majority,3-0,0,0
t3_1vtflv2,0,0.005139610730111599,-5.265625,0,0.03551157936453819,0,0.011799304903314928,taglish,submission,True,adjudicator,2-1,0,0
t1_p76aiql,0,0.012624949216842651,-4.359375,0,0.12362860143184662,0,0.024945916208147706,taglish,comment,True,unanimous,3-0,0,0
t1_p4bkmtj,0,0.01798621006309986,-4.0,0,0.0891653522849083,0,0.033453090433947306,english,comment,True,majority,3-0,0,0
t1_p2v5oee,0,0.005819959565997124,-5.140625,0,0.029861100018024445,0,0.013089962991732056,taglish,comment,True,unanimous,3-0,0,0
t1_p2wd6vn,0,0.01578456163406372,-4.1328125,0,0.14093686640262604,0,0.03002420534165782,taglish,comment,True,adjudicator,2-1,0,0
t1_p5cxl4m,0,0.0061929901130497456,-5.078125,0,0.04713502526283264,0,0.013786580238336728,taglish,comment,True,majority,3-0,0,0
t1_p4u7hmv,0,0.0064882696606218815,-5.03125,0,0.03651802986860275,0,0.014332913951778192,taglish,comment,True,majority,3-0,0,0
t1_p5ja56l,0,0.8899121284484863,2.08984375,1,0.9365717172622681,1,0.8528764666278962,english,comment,True,adjudicator,2-1,0,0
t1_p607khe,0,0.0060975621454417706,-5.09375,0,0.03581387549638748,0,0.013609072138913528,taglish,comment,True,unanimous,3-0,0,0
t1_p3o1g8f,1,0.0792103260755539,-2.453125,0,0.388380229473114,0,0.11276298495927924,taglish,comment,True,majority,3-0,1,1
t1_p4y96pd,0,0.28219619393348694,-0.93359375,0,0.5280930399894714,0,0.3132313045960098,english,comment,True,majority,3-0,0,0
t1_p4yi623,0,0.398406445980072,-0.412109375,0,0.6558741927146912,0,0.4142213982695546,english,comment,True,majority,3-0,0,0
t1_p7mresh,0,0.08570928126573563,-2.3671875,0,0.48549824953079224,0,0.12019768445637417,tagalog,comment,True,adjudicator,2-1,0,0
t1_p4ze22t,0,0.03760863468050957,-3.2421875,0,0.18127970397472382,0,0.06143664689412177,english,comment,True,majority,3-0,0,0
t1_p7dhzx7,0,0.007577240467071533,-4.875,0,0.06887952983379364,0,0.01631260519841396,taglish,comment,True,majority,3-0,0,0
t1_p76eq8s,0,0.006692850962281227,-5.0,0,0.03811568021774292,0,0.01470893335437296,taglish,comment,True,majority,3-0,0,0
t1_p6kfklp,0,0.00978387612849474,-4.6171875,0,0.04183933883905411,0,0.020181986252351042,taglish,comment,True,unanimous,3-0,0,0
t1_p7j4sne,0,0.0036499870475381613,-5.609375,0,0.02908657118678093,0,0.008863563381061371,taglish,comment,True,majority,3-0,0,0
t3_1vt5tz4,0,0.007876706309616566,-4.8359375,0,0.03765959292650223,0,0.01684815360577552,taglish,submission,True,majority,3-0,0,0
t1_p5e90w2,0,0.005730246659368277,-5.15625,0,0.04713129997253418,0,0.012921306621933516,taglish,comment,True,majority,3-0,0,0
t1_p7jg2hx,0,0.0059110685251653194,-5.125,0,0.026484785601496696,0,0.013260791187594117,english,comment,True,unanimous,3-0,0,0
t1_p7mz3ti,0,0.28656840324401855,-0.912109375,0,0.6683923006057739,0,0.317130696560883,taglish,comment,True,majority,3-0,0,0
t1_p6jqocx,0,0.007815889082849026,-4.84375,0,0.054048746824264526,0,0.016739679122510707,taglish,comment,True,majority,3-0,0,0
t1_p6xssk7,0,0.1063188686966896,-2.12890625,0,0.3677685260772705,0,0.14304947536727633,tagalog,comment,True,adjudicator,2-1,0,1
t1_p7b4nt0,0,0.017576880753040314,-4.0234375,0,0.131034255027771,0,0.032821662236816464,english,comment,True,majority,3-0,0,0
t1_p50im1k,0,0.005641908384859562,-5.171875,0,0.05658302828669548,0,0.012754795204657238,taglish,comment,True,majority,3-0,0,0
t1_p7kblm8,0,0.3376401960849762,-0.673828125,0,0.5880851149559021,0,0.3620171871620289,english,comment,True,majority,3-0,0,0
t1_p6y668u,1,0.8778960704803467,1.97265625,1,0.9379464387893677,1,0.8400767936749518,taglish,comment,True,majority,3-0,1,1
t1_p5d24xa,0,0.004905405919998884,-5.3125,0,0.04798921197652817,0,0.011348433924474682,taglish,comment,True,majority,3-0,0,0
t1_p517c9w,0,0.0055549247190356255,-5.1875,0,0.028104912489652634,0,0.012590402179978123,taglish,comment,True,unanimous,3-0,0,0
t1_p7j2yn2,0,0.005301895085722208,-5.234375,0,0.044385265558958054,0,0.012109672500050959,english,comment,True,majority,3-0,0,0
t1_p60a1rz,0,0.005641908384859562,-5.171875,0,0.037109628319740295,0,0.012754795204657238,taglish,comment,True,unanimous,3-0,0,0
t1_p7mi4ex,0,0.010489092208445072,-4.546875,0,0.077210932970047,0,0.021384951384454207,english,comment,True,majority,3-0,0,0
t1_p7jan2b,0,0.018124721944332123,-3.9921875,0,0.10445213317871094,0,0.03366616091893619,english,comment,True,unanimous,3-0,0,0
t1_p4atuua,0,0.0071214293129742146,-4.9375,0,0.05876598879694939,0,0.015490356103967403,taglish,comment,True,unanimous,3-0,0,0
t1_p7mgu56,0,0.010489092208445072,-4.546875,0,0.07673195749521255,0,0.021384951384454207,taglish,comment,True,majority,3-0,0,0
t1_p5gglm7,0,0.03676946833729744,-3.265625,0,0.15597271919250488,0,0.060309985838197355,english,comment,True,majority,3-0,0,0
t1_p7icutd,0,0.025565214455127716,-3.640625,0,0.15395969152450562,0,0.04472833759791237,taglish,comment,True,adjudicator,2-1,0,0
t1_p3h9m47,0,0.7599387168884277,1.15234375,1,0.8858656883239746,1,0.7249204763981929,tagalog,comment,True,adjudicator,2-1,0,1
t1_p3jpmjm,0,0.10706345736980438,-2.12109375,0,0.4728417992591858,0,0.1438566966343733,english,comment,True,majority,3-0,0,0
t1_p61wk2v,0,0.5296587347984314,0.1187744140625,1,0.8072777986526489,0,0.5249485088971124,tagalog,comment,True,adjudicator,2-1,0,0
t1_p432jll,0,0.0038844766095280647,-5.546875,0,0.01924334652721882,0,0.009337389528061282,taglish,comment,True,unanimous,3-0,0,0
t1_p5cir1k,0,0.07211221009492874,-2.5546875,0,0.3946370482444763,0,0.1044969670492228,taglish,comment,True,adjudicator,3-0,0,0
t1_p50da6v,0,0.007937993854284286,-4.828125,0,0.041237957775592804,0,0.01695731888989483,english,comment,True,majority,3-0,0,0
t1_p4ym2y4,0,0.020177319645881653,-3.8828125,0,0.17866823077201843,0,0.03679008062135442,tagalog,comment,True,adjudicator,2-1,0,0
t1_p7ix2nh,0,0.004755199886858463,-5.34375,0,0.052091293036937714,0,0.011057358287132758,taglish,comment,True,unanimous,3-0,0,0
t1_p7j5pk5,1,0.411583811044693,-0.357421875,0,0.7827304601669312,0,0.4254218698186689,tagalog,comment,True,adjudicator,2-1,1,0
t1_p73ev0i,0,0.1710611879825592,-1.578125,0,0.42066192626953125,0,0.20964946254352357,taglish,comment,True,adjudicator,2-1,0,1
t1_p7mwmwk,0,0.0204885546118021,-3.8671875,0,0.1865418404340744,0,0.03725852622845867,tagalog,comment,True,adjudicator,2-1,0,0
t1_p5c4p8w,0,0.026355354115366936,-3.609375,0,0.14277547597885132,0,0.04586466623744067,taglish,comment,True,adjudicator,2-1,0,0
t1_p66h41p,0,0.032344330102205276,-3.3984375,0,0.3232741951942444,0,0.05428291562020743,taglish,comment,True,adjudicator,2-1,0,0
t1_p65oy1k,0,0.004905405919998884,-5.3125,0,0.04360898584127426,0,0.011348433924474682,taglish,comment,True,majority,3-0,0,0
t1_p4xri25,0,0.013121269643306732,-4.3203125,0,0.08092311024665833,0,0.025757477543264823,english,comment,True,adjudicator,2-1,0,0
t1_p3h5l6u,0,0.024237634614109993,-3.6953125,0,0.19234023988246918,0,0.0428040650023887,taglish,comment,True,unanimous,3-0,0,0
t1_p5cx3zd,0,0.007232763804495335,-4.921875,0,0.0635414570569992,0,0.015692012109965205,taglish,comment,True,unanimous,3-0,0,0
t1_p7mr2qq,0,0.007815889082849026,-4.84375,0,0.05911099910736084,0,0.016739679122510707,taglish,comment,True,majority,3-0,0,0
t1_p2s6clq,0,0.00978387612849474,-4.6171875,0,0.07724101841449738,0,0.020181986252351042,english,comment,True,majority,3-0,0,0
t1_p3kx7tt,0,0.10706345736980438,-2.12109375,0,0.4247707724571228,0,0.1438566966343733,taglish,comment,True,unanimous,3-0,0,0
t1_p3ler51,0,0.01956867426633835,-3.9140625,0,0.14271940290927887,0,0.0358701287684322,taglish,comment,True,unanimous,3-0,0,0
t1_p4bswfz,0,0.08540366590023041,-2.37109375,0,0.45022547245025635,0,0.11985075443840582,taglish,comment,True,unanimous,3-0,0,0
t1_p3mo324,0,0.012920473702251911,-4.3359375,0,0.07297734916210175,0,0.02542981333591582,taglish,comment,True,unanimous,3-0,0,0
t1_p7a0ktr,0,0.08509904891252518,-2.375,0,0.4767191410064697,0,0.11950468975926246,tagalog,comment,True,adjudicator,2-1,0,0
t1_p6021og,0,0.0061929901130497456,-5.078125,0,0.03155220299959183,0,0.013786580238336728,taglish,comment,True,majority,3-0,0,0
t1_p75cjyq,0,0.006388320587575436,-5.046875,0,0.06138210743665695,0,0.014148472488418828,english,comment,True,majority,3-0,0,0
t1_p4d6qmr,0,0.007937993854284286,-4.828125,0,0.03923796862363815,0,0.01695731888989483,english,comment,True,majority,3-0,0,0
t1_p7j1qwz,0,0.018978038802742958,-3.9453125,0,0.09147502481937408,0,0.03497234548426502,english,comment,True,majority,3-0,0,0
t1_p5al8hv,0,0.45241498947143555,-0.19091796875,0,0.6845430731773376,0,0.4599504233691282,taglish,comment,True,unanimous,3-0,0,0
t3_1vpkdkr,0,0.010248602367937565,-4.5703125,0,0.062296610325574875,0,0.020976366204918696,taglish,submission,True,unanimous,3-0,0,0
t3_1vr5b7s,0,0.007345826830714941,-4.90625,0,0.07025393098592758,0,0.01589625091975806,taglish,submission,True,adjudicator,2-1,0,0
t1_p7j17sm,0,0.00955939944833517,-4.640625,0,0.07412579655647278,0,0.019795920232554016,taglish,comment,True,majority,3-0,0,0
t3_1vrgwew,0,0.006003595422953367,-5.109375,0,0.04281505569815636,0,0.0134338183998672,tagalog,submission,True,adjudicator,3-0,0,0
t3_1vqqoay,0,0.006589771714061499,-5.015625,0,0.039865605533123016,0,0.014519724407489786,taglish,submission,True,majority,3-0,0,0
t3_1vq66ut,0,0.007011795416474342,-4.953125,0,0.053526051342487335,0,0.015291251294740764,tagalog,submission,True,adjudicator,3-0,0,0
t3_1vq1d93,0,0.005730246659368277,-5.15625,0,0.02831018716096878,0,0.012921306621933516,taglish,submission,True,unanimous,3-0,0,0
t1_p49e6ux,0,0.012241275049746037,-4.390625,0,0.054558202624320984,0,0.024314656513778996,taglish,comment,True,majority,3-0,0,0
t1_p7antvb,0,0.037326887249946594,-3.25,0,0.08143532276153564,0,0.061058924611185714,english,comment,True,majority,3-0,0,0
t1_p4z2u8g,0,0.6671476364135742,0.6953125,1,0.8606821298599243,1,0.6421448920577635,taglish,comment,True,adjudicator,2-1,0,0
t1_p6y7xro,0,0.00978387612849474,-4.6171875,0,0.05156105011701584,0,0.020181986252351042,taglish,comment,True,majority,3-0,0,0
t1_p5j1kgj,0,0.006003595422953367,-5.109375,0,0.04989665001630783,0,0.0134338183998672,taglish,comment,True,unanimous,3-0,0,0
t1_p5xqz18,0,0.021948251873254776,-3.796875,0,0.18393540382385254,0,0.039438383929628555,taglish,comment,True,unanimous,3-0,0,0
t1_p5yfuxf,0,0.005060331430286169,-5.28125,0,0.033807311207056046,0,0.01164708164113099,english,comment,True,unanimous,3-0,0,0
t1_p7mkke0,0,0.012053778395056725,-4.40625,0,0.073375403881073,0,0.0240048943776265,taglish,comment,True,majority,3-0,0,0
t1_p73vg5f,0,0.019271137192845345,-3.9296875,0,0.1217489093542099,0,0.03541849706861689,taglish,comment,True,unanimous,3-0,0,0
t1_p6pgdyj,0,0.008380454033613205,-4.7734375,0,0.06847932934761047,0,0.01774117764008002,tagalog,comment,True,majority,3-0,0,0
t1_p6yfy8o,0,0.5903069972991943,0.365234375,1,0.8320538997650146,0,0.5761831749384417,tagalog,comment,True,adjudicator,2-1,0,0
t1_p5nd7iu,0,0.014842418022453785,-4.1953125,0,0.06584213674068451,0,0.02853085868076166,english,comment,True,majority,3-0,0,0
t1_p6tfuuu,0,0.012241275049746037,-4.390625,0,0.06549090147018433,0,0.024314656513778996,taglish,comment,True,unanimous,3-0,0,0
t1_p7jaxz2,0,0.012147169560194016,-4.3984375,0,0.08406039327383041,0,0.024159291283482317,tagalog,comment,True,adjudicator,2-1,0,0
t1_p3mgb44,1,0.70537930727005,0.873046875,1,0.8832478523254395,1,0.6757135443117055,tagalog,comment,True,adjudicator,2-1,1,1
t1_p5vqijr,0,0.010735162533819675,-4.5234375,0,0.06674831360578537,0,0.02180131790775033,taglish,comment,True,adjudicator,2-1,0,1
t1_p5zy40t,0,0.2354598045349121,-1.177734375,0,0.5071693658828735,0,0.27084243539823455,taglish,comment,True,majority,3-0,0,0
t1_p44w120,0,0.2107662856578827,-1.3203125,0,0.5598167181015015,0,0.24782502040396207,english,comment,True,majority,3-0,0,0
t1_p7jmy1f,0,0.007345826830714941,-4.90625,0,0.06487400829792023,0,0.01589625091975806,english,comment,True,majority,3-0,0,0
t1_p3535ei,0,0.00628990214318037,-5.0625,0,0.02893013320863247,0,0.013966370858226168,taglish,comment,True,adjudicator,2-1,0,0
t1_p6t36e9,0,0.006692850962281227,-5.0,0,0.03976809233427048,0,0.01470893335437296,taglish,comment,True,majority,3-0,0,0
t1_p7javcb,0,0.018689310178160667,-3.9609375,0,0.1461307257413864,0,0.03453161268674625,taglish,comment,True,unanimous,3-0,0,0
t1_p3jjc8b,0,0.006003595422953367,-5.109375,0,0.027886709198355675,0,0.0134338183998672,taglish,comment,True,unanimous,3-0,0,0
t1_p6db4ph,0,0.015543648041784763,-4.1484375,0,0.2384660542011261,0,0.029643915077431703,taglish,comment,True,unanimous,3-0,0,0
t3_1vsz23r,0,0.005220125894993544,-5.25,0,0.02769066020846367,0,0.011953493608238107,english,submission,True,unanimous,3-0,0,0
t1_p797usj,0,0.005301895085722208,-5.234375,0,0.037593066692352295,0,0.012109672500050959,tagalog,comment,True,majority,3-0,0,0
t1_p5svbak,0,0.004982269834727049,-5.296875,0,0.054823100566864014,0,0.011496799369361555,taglish,comment,True,adjudicator,3-0,0,0
t1_p7lrkad,0,0.024798156693577766,-3.671875,0,0.1618625819683075,0,0.0436188752354492,taglish,comment,True,unanimous,3-0,0,0
t1_p6yx36j,0,0.11879339814186096,-2.00390625,0,0.40064749121665955,0,0.15642428338056064,english,comment,True,adjudicator,2-1,0,0
t1_p7c3gys,0,0.16238003969192505,-1.640625,0,0.5978070497512817,0,0.20107394295924333,tagalog,comment,True,adjudicator,2-1,0,0
t1_p6013ck,1,0.3023911118507385,-0.8359375,0,0.6432793140411377,0,0.33116141294950746,taglish,comment,True,adjudicator,2-1,1,1
t1_p5c7eie,0,0.14414885640144348,-1.78125,0,0.541716456413269,0,0.18274689458061827,tagalog,comment,True,unanimous,3-0,0,0
t1_p4zt1ck,0,0.030214587226510048,-3.46875,0,0.11958836019039154,0,0.051326405763110323,english,comment,True,majority,3-0,0,0
t1_p65xt8x,0,0.1155608743429184,-2.03515625,0,0.40949270129203796,0,0.15298797151151708,taglish,comment,True,unanimous,3-0,0,0
t1_p44gnv2,1,0.9246877431869507,2.5078125,1,0.9609501361846924,1,0.8917565721072684,tagalog,comment,True,adjudicator,2-1,1,1
t1_p5s2d5h,0,0.0071214293129742146,-4.9375,0,0.06999415159225464,0,0.015490356103967403,taglish,comment,True,adjudicator,2-1,0,0
t1_p6t4j35,0,0.006797531619668007,-4.984375,0,0.039678383618593216,0,0.014900570634208587,taglish,comment,True,unanimous,3-0,0,0
t1_p3nh9za,0,0.023689471185207367,-3.71875,0,0.18244516849517822,0,0.042003807112732994,taglish,comment,True,unanimous,3-0,0,0
t1_p6zrajz,0,0.42811381816864014,-0.28955078125,0,0.6469256281852722,0,0.4394283931027651,taglish,comment,True,unanimous,3-0,0,0
t1_p3tv9yi,0,0.005641908384859562,-5.171875,0,0.034015681594610214,0,0.012754795204657238,taglish,comment,True,majority,3-0,0,0
t1_p3rrmte,0,0.006903837900608778,-4.96875,0,0.037375643849372864,0,0.015094666435081956,taglish,comment,True,unanimous,3-0,0,0
t1_p3upurw,0,0.007999754510819912,-4.8203125,0,0.029027236625552177,0,0.017067179216537203,taglish,comment,True,majority,3-0,0,0
t1_p480gwv,0,0.0541987307369709,-2.859375,0,0.31934136152267456,0,0.082834888006431,english,comment,True,adjudicator,2-1,0,0
t1_p7mhxal,0,0.1766716092824936,-1.5390625,0,0.538898229598999,0,0.21514409303823664,english,comment,True,adjudicator,2-1,0,0
t1_p6y591p,1,0.8524448275566101,1.75390625,1,0.9464951753616333,1,0.8137939701985505,taglish,comment,True,unanimous,3-0,1,1
t1_p504bel,0,0.006589771714061499,-5.015625,0,0.031547702848911285,0,0.014519724407489786,taglish,comment,True,majority,3-0,0,0
t1_p7abggm,0,0.5736784338951111,0.296875,1,0.8397938013076782,0,0.5620881671230178,tagalog,comment,True,adjudicator,2-1,0,1
t1_p4tomgf,0,0.004198795650154352,-5.46875,0,0.025524627417325974,0,0.009965089496645825,taglish,comment,True,unanimous,3-0,0,0
t1_p4ye23l,0,0.011597361415624619,-4.4453125,0,0.08286026120185852,0,0.023247235422007094,taglish,comment,True,unanimous,3-0,0,0
t1_p3mp6up,0,0.01784873940050602,-4.0078125,0,0.0994570180773735,0,0.03324132206746834,english,comment,True,majority,3-0,0,0
t1_p3lm444,0,0.02161533385515213,-3.8125,0,0.15682007372379303,0,0.03894363994829894,taglish,comment,True,majority,3-0,0,0
t1_p5s6ub3,0,0.00482972152531147,-5.328125,0,0.042433883994817734,0,0.011201961428719093,taglish,comment,True,majority,3-0,0,0
t1_p7eq17k,0,0.007577240467071533,-4.875,0,0.03816397115588188,0,0.01631260519841396,taglish,comment,True,majority,3-0,0,0
t1_p570avh,0,0.011869121342897415,-4.421875,0,0.1551169753074646,0,0.02369898267355779,tagalog,comment,True,unanimous,3-0,0,0
t1_p74o70w,0,0.011687257327139378,-4.4375,0,0.14734403789043427,0,0.023396875968229796,taglish,comment,True,majority,3-0,0,0
t1_p79myra,0,0.00628990214318037,-5.0625,0,0.039040446281433105,0,0.013966370858226168,english,comment,True,majority,3-0,0,0
t1_p2v5mt7,0,0.007876706309616566,-4.8359375,0,0.064425528049469,0,0.01684815360577552,english,comment,True,majority,3-0,0,0
t1_p7jue81,0,0.08725224435329437,-2.34765625,0,0.2834382951259613,0,0.12194536252850888,english,comment,True,majority,3-0,0,0
t1_p4yjuu7,0,0.0035936026833951473,-5.625,0,0.019704941660165787,0,0.00874887891470875,taglish,comment,True,majority,3-0,0,0
t1_p644k4r,0,0.011869121342897415,-4.421875,0,0.06767816096544266,0,0.02369898267355779,tagalog,comment,True,adjudicator,2-1,0,0
t1_p2s0mug,0,0.01009131595492363,-4.5859375,0,0.09669297933578491,0,0.02070823033674438,tagalog,comment,True,adjudicator,2-1,0,1
t1_p72ux8i,0,0.02460992895066738,-3.6796875,0,0.16474226117134094,0,0.04334564026622953,taglish,comment,True,unanimous,3-0,0,0
t1_p50m0eu,1,0.8158201575279236,1.48828125,1,0.9215844869613647,1,0.7775577443869403,taglish,comment,True,unanimous,3-0,1,1
t1_p6y55f8,0,0.6329566240310669,0.544921875,1,0.8562700152397156,0,0.6125925024863169,tagalog,comment,True,adjudicator,2-1,0,0
t1_p2vay48,0,0.007999754510819912,-4.8203125,0,0.043835192918777466,0,0.017067179216537203,english,comment,True,majority,3-0,0,0
t1_p64y6td,0,0.011597361415624619,-4.4453125,0,0.11504870653152466,0,0.023247235422007094,tagalog,comment,True,adjudicator,2-1,0,0
t1_p5jjw0c,0,0.008711384609341621,-4.734375,0,0.03422360122203827,0,0.01832275297193089,taglish,comment,True,majority,3-0,0,0
t3_1vpofxq,0,0.029986508190631866,-3.4765625,0,0.2430669516324997,0,0.051007464718600584,taglish,submission,True,majority,3-0,0,0
t1_p67ovho,0,0.005139610730111599,-5.265625,0,0.027566876262426376,0,0.011799304903314928,taglish,comment,True,unanimous,3-0,0,0
t1_p498u4a,0,0.011419614776968956,-4.4609375,0,0.08728038519620895,0,0.022950752064283868,english,comment,True,majority,3-0,0,0
t1_p7m4mi8,0,0.056236349046230316,-2.8203125,0,0.22669921815395355,0,0.08536486154616572,taglish,comment,True,unanimous,3-0,0,0
t3_1vqigry,0,0.043365802615880966,-3.09375,0,0.3441074788570404,0,0.06904044865166213,taglish,submission,True,majority,3-0,0,0
t1_p4ye92r,0,0.5109235644340515,0.043701171875,1,0.7117335200309753,0,0.5091860059636124,english,comment,True,adjudicator,2-1,0,1
t1_p74a40m,0,0.028652667999267578,-3.5234375,0,0.1760323941707611,0,0.04913287526310106,taglish,comment,True,adjudicator,2-1,0,1
t1_p4ydv3q,0,0.48142337799072266,-0.0743408203125,0,0.7975159883499146,0,0.48437685510520156,taglish,comment,True,adjudicator,2-1,0,1
t1_p79mlp0,0,0.011072159744799137,-4.4921875,0,0.10034272074699402,0,0.02236882201306741,english,comment,True,majority,3-0,0,0
t1_p605v1o,0,0.008779109455645084,-4.7265625,0,0.06430418789386749,0,0.018441293502847105,taglish,comment,True,unanimous,3-0,0,0
t1_p7mq97s,0,0.005641908384859562,-5.171875,0,0.02946607768535614,0,0.012754795204657238,taglish,comment,True,unanimous,3-0,0,0
t1_p3muwp6,0,0.005060331430286169,-5.28125,0,0.03381356596946716,0,0.01164708164113099,taglish,comment,True,unanimous,3-0,0,0
t1_p7jmfep,0,0.10669060051441193,-2.125,0,0.36105936765670776,0,0.14345261330474288,taglish,comment,True,unanimous,3-0,0,0
t1_p6xpcuo,0,0.020177319645881653,-3.8828125,0,0.09307920932769775,0,0.03679008062135442,english,comment,True,majority,3-0,0,0
t1_p3m4y3w,0,0.008124708198010921,-4.8046875,0,0.057921480387449265,0,0.01728900208415599,taglish,comment,True,unanimous,3-0,0,0
t1_p7jcdnk,0,0.010818448849022388,-4.515625,0,0.06115017458796501,0,0.021941860280556204,tagalog,comment,True,majority,3-0,0,0
t1_p56tno2,0,0.4546537399291992,-0.181884765625,0,0.7972179651260376,0,0.461837801770223,taglish,comment,True,majority,3-0,0,0
t1_p5094ny,0,0.01578456163406372,-4.1328125,0,0.0968177542090416,0,0.03002420534165782,english,comment,True,majority,3-0,0,0
t1_p5hcscq,0,0.6934729218482971,0.81640625,1,0.8763875961303711,1,0.6651907976725054,taglish,comment,True,unanimous,3-0,0,0
t3_1vrvjqy,0,0.020023442804813385,-3.890625,0,0.1530422866344452,0,0.036557987065038516,tagalog,submission,True,adjudicator,2-1,0,0
t1_p4zsdy4,0,0.03488088399171829,-3.3203125,0,0.19918136298656464,0,0.05775589907823455,taglish,comment,True,adjudicator,2-1,0,0
t1_p6xk7ai,1,0.7390459179878235,1.041015625,1,0.8866478800773621,1,0.7058652391417611,tagalog,comment,True,adjudicator,2-1,1,1
t1_p72xjz2,0,0.028652667999267578,-3.5234375,0,0.14096003770828247,0,0.04913287526310106,english,comment,True,majority,3-0,0,0
t1_p5ez6vx,0,0.008711384609341621,-4.734375,0,0.06230130046606064,0,0.01832275297193089,taglish,comment,True,majority,3-0,0,0
t1_p50frda,0,0.26057758927345276,-1.04296875,0,0.4884517192840576,0,0.2937938869369497,taglish,comment,True,unanimous,3-0,0,0
t1_p66oklb,0,0.0064882696606218815,-5.03125,0,0.043670039623975754,0,0.014332913951778192,english,comment,True,majority,3-0,0,0
t1_p7m84mx,0,0.007695646956562996,-4.859375,0,0.04037904366850853,0,0.016524785711200005,taglish,comment,True,majority,3-0,0,0
t1_p735tk6,0,0.016277462244033813,-4.1015625,0,0.09003656357526779,0,0.03079901777926179,taglish,comment,True,unanimous,3-0,0,0
t1_p7lnmfj,0,0.48502039909362793,-0.0599365234375,0,0.7748898267745972,0,0.48740256463002957,tagalog,comment,True,adjudicator,2-1,0,0
t1_p3oo4rr,0,0.006589771714061499,-5.015625,0,0.04024090990424156,0,0.014519724407489786,tagalog,comment,True,unanimous,3-0,0,0
t1_p3kk341,0,0.006903837900608778,-4.96875,0,0.04267282038927078,0,0.015094666435081956,taglish,comment,True,majority,3-0,0,0
t1_p4z36l3,0,0.018124721944332123,-3.9921875,0,0.09468317031860352,0,0.03366616091893619,english,comment,True,majority,3-0,0,0
t1_p44yzuy,1,0.601593554019928,0.412109375,1,0.8326961398124695,0,0.5857786017304453,english,comment,True,majority,3-0,1,1
t1_p7juhgx,0,0.006797531619668007,-4.984375,0,0.04084891825914383,0,0.014900570634208587,taglish,comment,True,unanimous,3-0,0,0
t1_p44mwvn,0,0.015424554236233234,-4.15625,0,0.11910884082317352,0,0.02945552511264557,taglish,comment,True,majority,3-0,0,0
t1_p7lyhwn,1,0.4366220533847809,-0.2548828125,0,0.6886037588119507,0,0.4466216712149775,english,comment,True,adjudicator,2-1,1,0
t1_p5n92hr,0,0.024798156693577766,-3.671875,0,0.079283706843853,0,0.0436188752354492,english,comment,True,majority,3-0,0,0
t1_p513vxd,0,0.005060331430286169,-5.28125,0,0.02900124154984951,0,0.01164708164113099,taglish,comment,True,unanimous,3-0,0,0
t1_p4baur3,0,0.007937993854284286,-4.828125,0,0.07359232753515244,0,0.01695731888989483,taglish,comment,True,unanimous,3-0,0,0
t1_p5elx6r,0,0.00806199200451374,-4.8125,0,0.05489875376224518,0,0.017177738851367554,taglish,comment,True,unanimous,3-0,0,0
t1_p7m9jm9,0,0.009268012829124928,-4.671875,0,0.05113019794225693,0,0.019292403328946814,taglish,comment,True,unanimous,3-0,0,0
t1_p6fn2vv,0,0.060086652636528015,-2.75,0,0.3480132222175598,0,0.09009585153506532,taglish,comment,True,majority,3-0,0,0
t1_p73bshp,0,0.3459886312484741,-0.63671875,0,0.6967602968215942,0,0.3692549263407093,taglish,comment,True,majority,3-0,0,0
t1_p5do17w,0,0.02145073004066944,-3.8203125,0,0.12786078453063965,0,0.03869850630421583,taglish,comment,True,majority,3-0,0,0
t1_p574yga,0,0.010986942797899246,-4.5,0,0.03319522738456726,0,0.022225607003580512,taglish,comment,True,majority,3-0,0,0
t1_p606hwp,0,0.0060975621454417706,-5.09375,0,0.023491930216550827,0,0.013609072138913528,taglish,comment,True,majority,3-0,0,0
t1_p51ab74,1,0.3094409108161926,-0.802734375,0,0.7234470248222351,0,0.33737448351010313,taglish,comment,True,unanimous,3-0,1,1
t1_p46n8bv,0,0.005060331430286169,-5.28125,0,0.04226373881101608,0,0.01164708164113099,tagalog,comment,True,majority,3-0,0,0
t1_p7mh21a,0,0.09501305222511292,-2.25390625,0,0.36077558994293213,0,0.13064115551495428,tagalog,comment,True,adjudicator,2-1,0,0
t1_p5css8b,0,0.009485713206231594,-4.6484375,0,0.04105620086193085,0,0.01966884665349589,taglish,comment,True,majority,3-0,0,0
t3_1vssxch,0,0.006903837900608778,-4.96875,0,0.04210060089826584,0,0.015094666435081956,english,submission,True,majority,3-0,0,0
t1_p2sh721,0,0.00482972152531147,-5.328125,0,0.027619754895567894,0,0.011201961428719093,taglish,comment,True,majority,3-0,0,0
t3_1vqt3sn,0,0.007232763804495335,-4.921875,0,0.06412845849990845,0,0.015692012109965205,tagalog,submission,True,majority,3-0,0,0
t1_p5xr6ze,0,0.004331502132117748,-5.4375,0,0.03523509204387665,0,0.010227709444661769,taglish,comment,True,unanimous,3-0,0,0
t1_p604btm,0,0.004399413242936134,-5.421875,0,0.02000800147652626,0,0.010361576490829583,taglish,comment,True,majority,3-0,0,0
t1_p628rnm,1,0.8327813148498535,1.60546875,1,0.925450325012207,1,0.7941350096207771,taglish,comment,True,majority,3-0,1,1
t1_p6bheq0,0,0.006003595422953367,-5.109375,0,0.031908225268125534,0,0.0134338183998672,english,comment,True,majority,3-0,0,0
t1_p6g8uqg,0,0.012624949216842651,-4.359375,0,0.082081139087677,0,0.024945916208147706,english,comment,True,majority,3-0,0,0
t1_p50wwmj,0,0.012920473702251911,-4.3359375,0,0.057704608887434006,0,0.02542981333591582,taglish,comment,True,majority,3-0,0,0
t1_p3ka5g5,0,0.013020490296185017,-4.328125,0,0.12798409163951874,0,0.025593134839435212,taglish,comment,True,majority,3-0,0,0
t1_p6xl7fl,0,0.9130584001541138,2.3515625,1,0.9576292037963867,1,0.8784059146993406,tagalog,comment,True,unanimous,3-0,0,0
t1_p7idkxw,0,0.014172366820275784,-4.2421875,0,0.07670921087265015,0,0.02745841221115382,taglish,comment,True,majority,3-0,0,0
t1_p7l72wd,0,0.05582314357161522,-2.828125,0,0.19539985060691833,0,0.0848533250677998,english,comment,True,majority,3-0,0,0
t1_p61z89e,1,0.05665242671966553,-2.8125,0,0.3024085760116577,0,0.08587919242266953,taglish,comment,True,unanimous,3-0,1,1
t1_p6xtaaw,1,0.9609517455101013,3.203125,1,0.9783970713615417,1,0.936641784740102,tagalog,comment,True,adjudicator,2-1,1,0
t1_p5h62ud,1,0.6236060857772827,0.5048828125,1,0.8089553713798523,0,0.604572502056552,english,comment,True,adjudicator,2-1,1,1
t1_p79d2r0,0,0.004905405919998884,-5.3125,0,0.03755494952201843,0,0.011348433924474682,tagalog,comment,True,adjudicator,2-1,0,0
t1_p3jvq6c,0,0.00970847625285387,-4.625,0,0.1591004878282547,0,0.020052485144180753,taglish,comment,True,unanimous,3-0,0,0
t1_p2xyc12,0,0.007345826830714941,-4.90625,0,0.07719936966896057,0,0.01589625091975806,taglish,comment,True,unanimous,3-0,0,0
t1_p3h5baq,0,0.008187909610569477,-4.796875,0,0.0533868633210659,0,0.017400973228886812,taglish,comment,True,majority,3-0,0,0
t1_p3jkyem,0,0.00628990214318037,-5.0625,0,0.06895068287849426,0,0.013966370858226168,taglish,comment,True,majority,3-0,0,0
t1_p30qcp4,0,0.013325147330760956,-4.3046875,0,0.07396408915519714,0,0.026089250695529986,taglish,comment,True,unanimous,3-0,0,0
t1_p4zohf8,0,0.007577240467071533,-4.875,0,0.046041201800107956,0,0.01631260519841396,taglish,comment,True,unanimous,3-0,0,0
t1_p4yb5ir,0,0.018689310178160667,-3.9609375,0,0.1326061338186264,0,0.03453161268674625,taglish,comment,True,majority,3-0,0,0
t1_p56ot21,0,0.014063626527786255,-4.25,0,0.08140983432531357,0,0.027283520810115005,taglish,comment,True,unanimous,3-0,0,0
t1_p5jo04w,0,0.06465348601341248,-2.671875,0,0.3375437259674072,0,0.09562843297621149,english,comment,True,adjudicator,2-1,0,1
t1_p5rysce,0,0.004905405919998884,-5.3125,0,0.046939264982938766,0,0.011348433924474682,taglish,comment,True,unanimous,3-0,0,0
t1_p74wb6s,0,0.004982269834727049,-5.296875,0,0.029874203726649284,0,0.011496799369361555,taglish,comment,True,majority,3-0,0,0
t1_p5jgjnz,0,0.005301895085722208,-5.234375,0,0.04799141734838486,0,0.012109672500050959,taglish,comment,True,majority,3-0,0,0
t1_p6evpjy,0,0.008644177578389645,-4.7421875,0,0.05320705473423004,0,0.018204960286484224,taglish,comment,True,majority,3-0,0,0
t1_p72wyrl,1,0.2271263152360916,-1.224609375,0,0.43845948576927185,0,0.26312876795052415,tagalog,comment,True,adjudicator,2-1,1,1
t1_p3h8xyj,0,0.01374231930822134,-4.2734375,0,0.1761399805545807,0,0.02676531872479277,taglish,comment,True,unanimous,3-0,0,0
t1_p4xsezl,0,0.008380454033613205,-4.7734375,0,0.035943567752838135,0,0.01774117764008002,english,comment,True,majority,3-0,0,0
t1_p50kpb9,0,0.0055549247190356255,-5.1875,0,0.043545063585042953,0,0.012590402179978123,english,comment,True,majority,3-0,0,0
t1_p4tr7am,0,0.004264634568244219,-5.453125,0,0.018695324659347534,0,0.010095554259196948,taglish,comment,True,unanimous,3-0,0,0
t1_p45dw1l,0,0.005384938325732946,-5.21875,0,0.034512411803007126,0,0.012267866617782905,tagalog,comment,True,majority,3-0,0,0
t1_p64vx6x,0,0.012722708284854889,-4.3515625,0,0.1259581446647644,0,0.025106209971435336,taglish,comment,True,adjudicator,2-1,0,0
t1_p75ob5u,0,0.00857748556882143,-4.75,0,0.06338514387607574,0,0.018087910909674893,taglish,comment,True,unanimous,3-0,0,0
t1_p75op54,0,0.005301895085722208,-5.234375,0,0.04186868295073509,0,0.012109672500050959,taglish,comment,True,adjudicator,2-1,0,0
t1_p317nil,0,0.005060331430286169,-5.28125,0,0.026793574914336205,0,0.01164708164113099,taglish,comment,True,unanimous,3-0,0,0
t1_p7emr9d,0,0.020177319645881653,-3.8828125,0,0.12422280758619308,0,0.03679008062135442,taglish,comment,True,unanimous,3-0,0,0
t1_p731gm1,0,0.04023794084787369,-3.171875,0,0.2534031569957733,0,0.06493566541018492,english,comment,True,unanimous,3-0,0,0
t1_p7mbnec,0,0.011597361415624619,-4.4453125,0,0.11836650967597961,0,0.023247235422007094,tagalog,comment,True,majority,3-0,0,0
t1_p4myntl,0,0.00934002548456192,-4.6640625,0,0.05444483458995819,0,0.019417093009770316,taglish,comment,True,majority,3-0,0,0
t1_p55z64x,0,0.02460992895066738,-3.6796875,0,0.15675194561481476,0,0.04334564026622953,taglish,comment,True,unanimous,3-0,0,0
t1_p5zjfdd,0,0.007577240467071533,-4.875,0,0.04547680541872978,0,0.01631260519841396,taglish,comment,True,majority,3-0,0,0
t1_p4b7z5r,0,0.0753123015165329,-2.5078125,0,0.43421000242233276,0,0.10824342789273154,taglish,comment,True,unanimous,3-0,0,0
t1_p7ml5a1,0,0.005060331430286169,-5.28125,0,0.039150167256593704,0,0.01164708164113099,tagalog,comment,True,majority,3-0,0,0
t1_p7e7azv,0,0.00934002548456192,-4.6640625,0,0.0878676325082779,0,0.019417093009770316,taglish,comment,True,majority,3-0,0,0
t1_p50ima4,0,0.3411433696746826,-0.658203125,0,0.6586132049560547,0,0.3650572496357788,taglish,comment,True,majority,3-0,0,0
t1_p7m3vl4,0,0.1063188686966896,-2.12890625,0,0.32179954648017883,0,0.14304947536727633,tagalog,comment,True,majority,3-0,0,0
t1_p5mmb6r,0,0.008315778337419033,-4.78125,0,0.04058603197336197,0,0.01762705663183804,taglish,comment,True,majority,3-0,0,0
t1_p6z9kzi,0,0.004007288720458746,-5.515625,0,0.017433153465390205,0,0.009583627204360595,english,comment,True,majority,3-0,0,0
t1_p3vjky6,0,0.01009131595492363,-4.5859375,0,0.07772085070610046,0,0.02070823033674438,taglish,comment,True,unanimous,3-0,0,0
t1_p634v7k,0,0.04535258188843727,-3.046875,0,0.32008564472198486,0,0.07161737379523879,taglish,comment,True,adjudicator,2-1,0,0
t1_p6cdwlj,0,0.006692850962281227,-5.0,0,0.03930418938398361,0,0.01470893335437296,english,comment,True,majority,3-0,0,0
t1_p5rhxoq,0,0.014615669846534729,-4.2109375,0,0.10203026235103607,0,0.028168934022987452,taglish,comment,True,majority,3-0,0,0
t1_p3n2z6k,1,0.025565214455127716,-3.640625,0,0.17330321669578552,0,0.04472833759791237,taglish,comment,True,adjudicator,2-1,1,1
t1_p50xxxd,0,0.007695646956562996,-4.859375,0,0.04142685607075691,0,0.016524785711200005,taglish,comment,True,majority,3-0,0,0
t1_p511ow1,0,0.005139610730111599,-5.265625,0,0.019672147929668427,0,0.011799304903314928,taglish,comment,True,majority,3-0,0,0
t1_p5n8vnc,0,0.07055959850549698,-2.578125,0,0.2454821765422821,0,0.10266702017533308,taglish,comment,True,adjudicator,3-0,0,0
t1_p63noq7,0,0.006003595422953367,-5.109375,0,0.03690972924232483,0,0.0134338183998672,english,comment,True,majority,3-0,0,0
t1_p7kaujt,0,0.06052939593791962,-2.7421875,0,0.3361983001232147,0,0.09063586237693445,english,comment,True,majority,3-0,0,0
t1_p50842h,0,0.006589771714061499,-5.015625,0,0.0439942441880703,0,0.014519724407489786,english,comment,True,adjudicator,2-1,0,0
t1_p76tb7o,0,0.013020490296185017,-4.328125,0,0.11545898765325546,0,0.025593134839435212,english,comment,True,majority,3-0,0,0
t1_p7ih2hp,1,0.49261531233787537,-0.029541015625,0,0.7793878316879272,0,0.49379008579156486,taglish,comment,True,adjudicator,2-1,1,1
t1_p4bcc4w,0,0.014392335899174213,-4.2265625,0,0.1119246780872345,0,0.027811469078793918,taglish,comment,True,majority,3-0,0,0
t1_p7kj8s1,0,0.00628990214318037,-5.0625,0,0.02989005856215954,0,0.013966370858226168,english,comment,True,majority,3-0,0,0
t1_p6022up,0,0.008644177578389645,-4.7421875,0,0.05835280567407608,0,0.018204960286484224,english,comment,True,majority,3-0,0,0
t1_p50mkfn,0,0.004331502132117748,-5.4375,0,0.03301515430212021,0,0.010227709444661769,english,comment,True,majority,3-0,0,0
t1_p4xtc7w,0,0.006003595422953367,-5.109375,0,0.03143572434782982,0,0.0134338183998672,english,comment,True,majority,3-0,0,0
t1_p75abfd,0,0.007345826830714941,-4.90625,0,0.05474264919757843,0,0.01589625091975806,english,comment,True,majority,3-0,0,0
t1_p3h6gra,0,0.014615669846534729,-4.2109375,0,0.15610097348690033,0,0.028168934022987452,taglish,comment,True,unanimous,3-0,0,0
t1_p4y743x,0,0.008187909610569477,-4.796875,0,0.07285007834434509,0,0.017400973228886812,taglish,comment,True,unanimous,3-0,0,0
t1_p754r4p,0,0.006003595422953367,-5.109375,0,0.035705503076314926,0,0.0134338183998672,taglish,comment,True,majority,3-0,0,0
t1_p5vxgbr,0,0.006692850962281227,-5.0,0,0.05593256279826164,0,0.01470893335437296,taglish,comment,True,majority,3-0,0,0
t1_p74ni1s,0,0.006589771714061499,-5.015625,0,0.05143396183848381,0,0.014519724407489786,taglish,comment,True,unanimous,3-0,0,0
t1_p3h4gof,0,0.012821215204894543,-4.34375,0,0.09136414527893066,0,0.02526750703541755,taglish,comment,True,majority,3-0,0,0
t1_p5rzcd3,0,0.008187909610569477,-4.796875,0,0.07522004842758179,0,0.017400973228886812,taglish,comment,True,majority,3-0,0,0
t1_p5e91uu,0,0.010489092208445072,-4.546875,0,0.08433739840984344,0,0.021384951384454207,taglish,comment,True,majority,3-0,0,0
t1_p50hdfb,0,0.004755199886858463,-5.34375,0,0.03384969383478165,0,0.011057358287132758,taglish,comment,True,unanimous,3-0,0,0
t1_p74nvs7,0,0.0061929901130497456,-5.078125,0,0.047403644770383835,0,0.013786580238336728,taglish,comment,True,majority,3-0,0,0
t1_p5c7axj,0,0.0753123015165329,-2.5078125,0,0.29865187406539917,0,0.10824342789273154,taglish,comment,True,adjudicator,2-1,0,0
t1_p501ocq,0,0.022116590291261673,-3.7890625,0,0.07848375290632248,0,0.03968801079508086,english,comment,True,majority,3-0,0,0
t1_p7lzcfe,0,0.02145073004066944,-3.8203125,0,0.13558325171470642,0,0.03869850630421583,tagalog,comment,True,adjudicator,2-1,0,0
t1_p7jhc0s,0,0.004982269834727049,-5.296875,0,0.044217549264431,0,0.011496799369361555,taglish,comment,True,majority,3-0,0,0
t1_p744557,0,0.009125636890530586,-4.6875,0,0.03474549204111099,0,0.01904537440639778,english,comment,True,majority,3-0,0,0
t1_p7mvf0k,0,0.2018132209777832,-1.375,0,0.6427048444747925,0,0.23935252048719063,tagalog,comment,True,adjudicator,2-1,0,0
t1_p57591c,0,0.03993731364607811,-3.1796875,0,0.28430435061454773,0,0.0645379098581677,taglish,comment,True,unanimous,3-0,0,0
t1_p5g4boj,0,0.29828691482543945,-0.85546875,0,0.6189676523208618,0,0.3275337975543917,taglish,comment,True,adjudicator,2-1,0,0
t1_p44aocl,0,0.00851130299270153,-4.7578125,0,0.03774982690811157,0,0.017971600329870007,taglish,comment,True,adjudicator,3-0,0,0
t1_p7mh2x5,0,0.011419614776968956,-4.4609375,0,0.08441811800003052,0,0.022950752064283868,taglish,comment,True,majority,3-0,0,0
t1_p738w2t,0,0.0055549247190356255,-5.1875,0,0.03360287845134735,0,0.012590402179978123,taglish,comment,True,majority,3-0,0,0
t1_p3l718x,1,0.04535258188843727,-3.046875,0,0.2753451466560364,0,0.07161737379523879,taglish,comment,True,adjudicator,2-1,1,0
t1_p7muvhj,0,0.0064882696606218815,-5.03125,0,0.030054723843932152,0,0.014332913951778192,english,comment,True,unanimous,3-0,0,0
t1_p6eu56p,0,0.01640303246676922,-4.09375,0,0.10264464467763901,0,0.030995725959648893,tagalog,comment,True,majority,3-0,0,0
t3_1vqxnxz,0,0.012147169560194016,-4.3984375,0,0.0659906193614006,0,0.024159291283482317,taglish,submission,True,majority,3-0,0,0
t1_p3l1zkz,0,0.01652955636382103,-4.0859375,0,0.13793683052062988,0,0.03119365004704844,tagalog,comment,True,adjudicator,2-1,0,0
t1_p5gc89b,0,0.8000679016113281,1.38671875,1,0.9043574333190918,1,0.7624369629014882,tagalog,comment,True,adjudicator,2-1,0,0
t1_p3kyf9j,0,0.01640303246676922,-4.09375,0,0.11513201892375946,0,0.030995725959648893,taglish,comment,True,unanimous,3-0,0,0
t1_p6ywloh,0,0.34687307476997375,-0.6328125,0,0.7100359797477722,0,0.37002029181062807,taglish,comment,True,majority,3-0,0,0
t1_p7m4xe0,0,0.23828421533107758,-1.162109375,0,0.6017086505889893,0,0.27344501455564846,taglish,comment,True,unanimous,3-0,0,0
t1_p3mhfo6,0,0.0055549247190356255,-5.1875,0,0.036854371428489685,0,0.012590402179978123,taglish,comment,True,majority,3-0,0,0
t1_p6dd4qn,0,0.03358950838446617,-3.359375,0,0.2164464294910431,0,0.055994083777182506,taglish,comment,True,adjudicator,2-1,0,0
t1_p6xl0j2,0,0.47225749492645264,-0.111083984375,0,0.8039916753768921,0,0.4766644342482967,tagalog,comment,True,adjudicator,2-1,0,0
t1_p77t8ox,1,0.3298232853412628,-0.708984375,0,0.7003719210624695,0,0.35521758091794975,taglish,comment,True,majority,3-0,1,1
t1_p73h91q,0,0.00941259041428566,-4.65625,0,0.03937990218400955,0,0.019542572519662214,taglish,comment,True,majority,3-0,0,0
t1_p5c4yjb,0,0.018978038802742958,-3.9453125,0,0.09848117083311081,0,0.03497234548426502,english,comment,True,majority,3-0,0,0
t1_p5senae,0,0.004468384198844433,-5.40625,0,0.019627252593636513,0,0.01049717709511504,english,comment,True,majority,3-0,0,0
t1_p7jojs8,0,0.007937993854284286,-4.828125,0,0.04839613288640976,0,0.01695731888989483,english,comment,True,majority,3-0,0,0
t1_p6xtq97,0,0.011687257327139378,-4.4375,0,0.04204493761062622,0,0.023396875968229796,english,comment,True,majority,3-0,0,0
t1_p2xad8j,0,0.008711384609341621,-4.734375,0,0.05249999463558197,0,0.01832275297193089,english,comment,True,adjudicator,3-0,0,0
t1_p3zksmu,0,0.002889581024646759,-5.84375,0,0.016559598967432976,0,0.007289613594064322,english,comment,True,majority,3-0,0,0
t1_p5qenwu,0,0.004755199886858463,-5.34375,0,0.022430723533034325,0,0.011057358287132758,taglish,comment,True,majority,3-0,0,0
t1_p6fjdkc,0,0.014392335899174213,-4.2265625,0,0.10907739400863647,0,0.027811469078793918,taglish,comment,True,unanimous,3-0,0,0
t1_p6ytrrc,0,0.010735162533819675,-4.5234375,0,0.1346386820077896,0,0.02180131790775033,taglish,comment,True,majority,3-0,0,0
t1_p3e53xb,0,0.012053778395056725,-4.40625,0,0.06485646963119507,0,0.0240048943776265,taglish,comment,True,unanimous,3-0,0,0
t1_p77hi9i,0,0.04501553252339363,-3.0546875,0,0.3240693509578705,0,0.07118180589304939,taglish,comment,True,unanimous,3-0,0,0
t3_1vspewi,0,0.048136770725250244,-2.984375,0,0.2144612967967987,0,0.075191378804659,english,submission,True,majority,3-0,0,0
t1_p5gjwo4,0,0.010013570077717304,-4.59375,0,0.06873251497745514,0,0.02057542340372945,english,comment,True,adjudicator,2-1,0,0
t1_p3ln6bx,0,0.048496000468730927,-2.9765625,0,0.2513359487056732,0,0.075649483347887,taglish,comment,True,unanimous,3-0,0,0
t1_p3sulw0,0,0.0061929901130497456,-5.078125,0,0.047031037509441376,0,0.013786580238336728,taglish,comment,True,majority,3-0,0,0
t3_1vn3kiw,0,0.005641908384859562,-5.171875,0,0.0248275063931942,0,0.012754795204657238,taglish,submission,True,majority,3-0,0,0
t1_p72v82n,0,0.07159119844436646,-2.5625,0,0.2280946969985962,0,0.10388380569565413,taglish,comment,True,unanimous,3-0,0,0
t1_p56m5f3,0,0.012821215204894543,-4.34375,0,0.05654469132423401,0,0.02526750703541755,taglish,comment,True,adjudicator,2-1,0,0
t1_p775bkl,0,0.0055549247190356255,-5.1875,0,0.0272020623087883,0,0.012590402179978123,taglish,comment,True,majority,3-0,0,0
t1_p3vtbwj,0,0.004982269834727049,-5.296875,0,0.026504188776016235,0,0.011496799369361555,taglish,comment,True,majority,3-0,0,0
t1_p56qowl,0,0.11240508407354355,-2.06640625,0,0.3819678723812103,0,0.149613759780255,tagalog,comment,True,adjudicator,2-1,0,0
t1_p3oioed,0,0.034358687698841095,-3.3359375,0,0.23330006003379822,0,0.057045013240281016,taglish,comment,True,unanimous,3-0,0,0
t1_p4takp3,0,0.017045317217707634,-4.0546875,0,0.13861209154129028,0,0.031997645931048715,english,comment,True,unanimous,3-0,0,0
t1_p65re3b,0,0.008445627056062222,-4.765625,0,0.040724337100982666,0,0.017856024060526225,english,comment,True,majority,3-0,0,0
t1_p7279ss,0,0.013020490296185017,-4.328125,0,0.058511607348918915,0,0.025593134839435212,english,comment,True,adjudicator,3-0,0,0
t1_p74mk0m,0,0.004007288720458746,-5.515625,0,0.03515404462814331,0,0.009583627204360595,taglish,comment,True,majority,3-0,0,0
t1_p65qf4l,0,0.004905405919998884,-5.3125,0,0.0354141965508461,0,0.011348433924474682,taglish,comment,True,unanimous,3-0,0,0
t1_p6ytwrm,0,0.013020490296185017,-4.328125,0,0.08565904945135117,0,0.025593134839435212,taglish,comment,True,unanimous,3-0,0,0
t3_1vpjlw4,0,0.02779562398791313,-3.5546875,0,0.1549672782421112,0,0.047919641169705256,tagalog,submission,True,majority,3-0,0,0
t3_1vr6q1r,0,0.008380454033613205,-4.7734375,0,0.0481405071914196,0,0.01774117764008002,taglish,submission,True,unanimous,3-0,0,0
t1_p6f3ozn,0,0.004681822843849659,-5.359375,0,0.024557191878557205,0,0.010914601184572525,taglish,comment,True,majority,3-0,0,0
t1_p7mv37w,0,0.010986942797899246,-4.5,0,0.07447902858257294,0,0.022225607003580512,taglish,comment,True,unanimous,3-0,0,0
t3_1vqnjx1,0,0.007577240467071533,-4.875,0,0.03471735492348671,0,0.01631260519841396,taglish,submission,True,unanimous,3-0,0,0
t1_p6teymd,1,0.03963883966207504,-3.1875,0,0.2845441699028015,0,0.06414242358011293,taglish,comment,True,adjudicator,2-1,1,0
t1_p45vbpz,0,0.010013570077717304,-4.59375,0,0.0994749516248703,0,0.02057542340372945,taglish,comment,True,unanimous,3-0,0,0
t1_p42u125,0,0.00482972152531147,-5.328125,0,0.020191755145788193,0,0.011201961428719093,taglish,comment,True,majority,3-0,0,0
t1_p6qve0x,0,0.013020490296185017,-4.328125,0,0.09968248009681702,0,0.025593134839435212,english,comment,True,majority,3-0,0,0
t1_p7386g4,0,0.15713684260845184,-1.6796875,0,0.5172914266586304,0,0.1958489859584905,taglish,comment,True,majority,3-0,0,0
t1_p2zddgg,0,0.007460643537342548,-4.890625,0,0.05768364667892456,0,0.0161031045036028,english,comment,True,majority,3-0,0,0
t1_p745ejb,0,0.010169658809900284,-4.578125,0,0.062550388276577,0,0.020841876249170645,taglish,comment,True,majority,3-0,0,0
t1_p766ui7,0,0.008124708198010921,-4.8046875,0,0.06168943643569946,0,0.01728900208415599,taglish,comment,True,majority,3-0,0,0
t1_p7lmfqb,0,0.4163219630718231,-0.337890625,0,0.690609335899353,0,0.4294412949431701,english,comment,True,majority,3-0,0,0
t1_p2wepxw,0,0.005301895085722208,-5.234375,0,0.025168102234601974,0,0.012109672500050959,taglish,comment,True,unanimous,3-0,0,0
t1_p3u2fe0,0,0.006692850962281227,-5.0,0,0.034997474402189255,0,0.01470893335437296,tagalog,comment,True,adjudicator,3-0,0,0
t1_p6ys6hm,1,0.7905303239822388,1.328125,1,0.9031915664672852,1,0.7533975563130005,tagalog,comment,True,adjudicator,2-1,1,1
t1_p57cxhe,0,0.006797531619668007,-4.984375,0,0.03196433186531067,0,0.014900570634208587,taglish,comment,True,majority,3-0,0,0
t1_p705hqs,0,0.004468384198844433,-5.40625,0,0.027284158393740654,0,0.01049717709511504,tagalog,comment,True,majority,3-0,0,0
t1_p6xksuc,0,0.8824278712272644,2.015625,1,0.9442199468612671,1,0.8448716438984423,tagalog,comment,True,adjudicator,2-1,0,1
t1_p7lqf4e,0,0.006589771714061499,-5.015625,0,0.05402221530675888,0,0.014519724407489786,taglish,comment,True,majority,3-0,0,0
t1_p7m1h73,0,0.034100428223609924,-3.34375,0,0.18747574090957642,0,0.05669266049325908,taglish,comment,True,adjudicator,2-1,0,0
t1_p44qw7r,1,0.49587926268577576,-0.016483306884765625,0,0.7753199934959412,0,0.49653486705901134,tagalog,comment,True,unanimous,3-0,1,1
t1_p7mad9j,0,0.00857748556882143,-4.75,0,0.07495667040348053,0,0.018087910909674893,english,comment,True,adjudicator,2-1,0,0
t1_p4tq755,0,0.00482972152531147,-5.328125,0,0.030052607879042625,0,0.011201961428719093,taglish,comment,True,majority,3-0,0,0
t1_p7jqme1,0,0.6325027346611023,0.54296875,1,0.7981984615325928,0,0.6122026570470565,english,comment,True,adjudicator,2-1,0,1
t1_p2v84lv,0,0.0064882696606218815,-5.03125,0,0.03361182659864426,0,0.014332913951778192,taglish,comment,True,unanimous,3-0,0,0
t1_p785jky,0,0.006797531619668007,-4.984375,0,0.0330084003508091,0,0.014900570634208587,taglish,comment,True,majority,3-0,0,0
t1_p4zgb4t,0,0.004681822843849659,-5.359375,0,0.01907605677843094,0,0.010914601184572525,taglish,comment,True,majority,3-0,0,0
t1_p4zwhx8,1,0.15974101424217224,-1.66015625,0,0.37603744864463806,0,0.19844852616656347,english,comment,True,adjudicator,2-1,1,1
t1_p50gopc,0,0.011158031411468983,-4.484375,0,0.0698290467262268,0,0.022512938608298397,taglish,comment,True,unanimous,3-0,0,0
t1_p50i3zh,0,0.00857748556882143,-4.75,0,0.03934836387634277,0,0.018087910909674893,tagalog,comment,True,adjudicator,2-1,0,0
t1_p4u8y8n,0,0.0071214293129742146,-4.9375,0,0.03615754470229149,0,0.015490356103967403,english,comment,True,majority,3-0,0,0
t1_p54i7pj,0,0.01678548939526081,-4.0703125,0,0.054433759301900864,0,0.031593173968374584,english,comment,True,unanimous,3-0,0,0
t1_p4mafgp,0,0.004681822843849659,-5.359375,0,0.01980070397257805,0,0.010914601184572525,taglish,comment,True,adjudicator,3-0,0,0
t1_p4nvq9q,0,0.0071214293129742146,-4.9375,0,0.035022251307964325,0,0.015490356103967403,english,comment,True,majority,3-0,0,0
t1_p5en2xl,0,0.006003595422953367,-5.109375,0,0.03263497352600098,0,0.0134338183998672,taglish,comment,True,majority,3-0,0,0
t1_p4o2zr1,0,0.0055549247190356255,-5.1875,0,0.037835609167814255,0,0.012590402179978123,taglish,comment,True,majority,3-0,0,0
t1_p5q96vh,0,0.04115288704633713,-3.1484375,0,0.2554137110710144,0,0.06614265714621088,taglish,comment,True,unanimous,3-0,0,0
t1_p5icjpf,0,0.005469274707138538,-5.203125,0,0.024206437170505524,0,0.01242810129841592,taglish,comment,True,unanimous,3-0,0,0
t1_p5h6klo,0,0.018689310178160667,-3.9609375,0,0.11257191747426987,0,0.03453161268674625,taglish,comment,True,unanimous,3-0,0,0
t1_p5hlhfu,0,0.05964693799614906,-2.7578125,0,0.2650293707847595,0,0.08955874122637049,tagalog,comment,True,adjudicator,3-0,0,0
t1_p60x48v,0,0.020332353189587593,-3.875,0,0.07696519792079926,0,0.03702359103295126,english,comment,True,unanimous,3-0,0,0
t1_p6eyncu,0,0.007636216934770346,-4.8671875,0,0.04620532691478729,0,0.016418358418821107,taglish,comment,True,majority,3-0,0,0
t1_p6ezkef,0,0.007636216934770346,-4.8671875,0,0.03910473734140396,0,0.016418358418821107,taglish,comment,True,majority,3-0,0,0
t1_p60po6d,0,0.005220125894993544,-5.25,0,0.018168509006500244,0,0.011953493608238107,taglish,comment,True,majority,3-0,0,0
t1_p3rh37t,0,0.007937993854284286,-4.828125,0,0.04550505802035332,0,0.01695731888989483,taglish,comment,True,majority,3-0,0,0
t1_p2yu6hx,0,0.010986942797899246,-4.5,0,0.05885009467601776,0,0.022225607003580512,english,comment,True,majority,3-0,0,0
t1_p2xza4p,0,0.006692850962281227,-5.0,0,0.02715124934911728,0,0.01470893335437296,tagalog,comment,True,majority,3-0,0,0
t1_p7i50a3,0,0.006003595422953367,-5.109375,0,0.025939956307411194,0,0.0134338183998672,taglish,comment,True,majority,3-0,0,0
t1_p3kasiz,0,0.006797531619668007,-4.984375,0,0.031120864674448967,0,0.014900570634208587,taglish,comment,True,majority,3-0,0,0
t1_p30blgl,0,0.006692850962281227,-5.0,0,0.04306099936366081,0,0.01470893335437296,taglish,comment,True,unanimous,3-0,0,0
t1_p31hjl1,0,0.007937993854284286,-4.828125,0,0.046472929418087006,0,0.01695731888989483,tagalog,comment,True,adjudicator,3-0,0,0
t1_p30kk6v,0,0.0060975621454417706,-5.09375,0,0.023806584998965263,0,0.013609072138913528,taglish,comment,True,unanimous,3-0,0,0
t1_p3kk426,0,0.008847354911267757,-4.71875,0,0.054514072835445404,0,0.018560586441374288,taglish,comment,True,unanimous,3-0,0,0
t1_p3kjua4,0,0.006388320587575436,-5.046875,0,0.0580022931098938,0,0.014148472488418828,taglish,comment,True,unanimous,3-0,0,0
t1_p6jbaf9,0,0.005819959565997124,-5.140625,0,0.02654108963906765,0,0.013089962991732056,taglish,comment,True,unanimous,3-0,0,0
t1_p7jc4f6,0,0.007011795416474342,-4.953125,0,0.018917979672551155,0,0.015291251294740764,english,comment,True,majority,3-0,0,0
t1_p7eazn6,0,0.011331754736602306,-4.46875,0,0.06733761727809906,0,0.022803898189473974,taglish,comment,True,unanimous,3-0,0,0
t1_p2s093d,0,0.007011795416474342,-4.953125,0,0.027927100658416748,0,0.015291251294740764,taglish,comment,True,unanimous,3-0,0,0
t3_1vt9jme,0,0.0204885546118021,-3.8671875,0,0.09499602764844894,0,0.03725852622845867,english,submission,True,majority,3-0,0,0
t1_p3ll2dy,0,0.00934002548456192,-4.6640625,0,0.04726242646574974,0,0.019417093009770316,taglish,comment,True,majority,3-0,0,0
t1_p65ruus,0,0.006692850962281227,-5.0,0,0.04668862372636795,0,0.01470893335437296,taglish,comment,True,majority,3-0,0,0
t1_p60alw8,0,0.004264634568244219,-5.453125,0,0.029357729479670525,0,0.010095554259196948,taglish,comment,True,majority,3-0,0,0
t3_1vqahby,0,0.012722708284854889,-4.3515625,0,0.062396030873060226,0,0.025106209971435336,taglish,submission,True,unanimous,3-0,0,0
t1_p7moafl,0,0.018833130598068237,-3.953125,0,0.10702548921108246,0,0.034751305548429846,english,comment,True,unanimous,3-0,0,0
t1_p2wxt50,0,0.008445627056062222,-4.765625,0,0.06737705320119858,0,0.017856024060526225,taglish,comment,True,unanimous,3-0,0,0
t1_p609axs,0,0.005730246659368277,-5.15625,0,0.038436442613601685,0,0.012921306621933516,taglish,comment,True,unanimous,3-0,0,0
t1_p44aahk,0,0.009633651934564114,-4.6328125,0,0.12756571173667908,0,0.01992379810463855,taglish,comment,True,unanimous,3-0,0,0
t1_p5ceuk4,0,0.008985428139567375,-4.703125,0,0.05391000956296921,0,0.018801447917032525,english,comment,True,majority,3-0,0,0
t1_p458p0v,0,0.7697731852531433,1.20703125,1,0.8826628923416138,1,0.7339952226236279,english,comment,True,majority,3-0,0,0
t1_p5pm0vy,0,0.005220125894993544,-5.25,0,0.02705211564898491,0,0.011953493608238107,taglish,comment,True,majority,3-0,0,0
t1_p5gnryh,0,0.012053778395056725,-4.40625,0,0.057573236525058746,0,0.0240048943776265,english,comment,True,unanimous,3-0,0,0
t1_p74wz2d,0,0.004755199886858463,-5.34375,0,0.021270323544740677,0,0.011057358287132758,taglish,comment,True,unanimous,3-0,0,0
t1_p3kazge,0,0.014615669846534729,-4.2109375,0,0.13718804717063904,0,0.028168934022987452,taglish,comment,True,majority,3-0,0,0
t1_p578er9,0,0.013121269643306732,-4.3203125,0,0.07824284583330154,0,0.025757477543264823,tagalog,comment,True,adjudicator,3-0,0,0
t1_p5cv1qg,0,0.006589771714061499,-5.015625,0,0.028618164360523224,0,0.014519724407489786,taglish,comment,True,majority,3-0,0,0
t1_p5almct,0,0.7620701193809509,1.1640625,1,0.8592214584350586,1,0.7268811594698317,taglish,comment,True,adjudicator,2-1,0,0
t3_1vq13mb,0,0.009055264294147491,-4.6953125,0,0.06832113116979599,0,0.018923025705981627,taglish,submission,True,unanimous,3-0,0,0
t1_p7512mr,0,0.011419614776968956,-4.4609375,0,0.05343514308333397,0,0.022950752064283868,english,comment,True,majority,3-0,0,0
t1_p5naici,0,0.014503578655421734,-4.21875,0,0.10006523132324219,0,0.027989647326089936,english,comment,True,adjudicator,2-1,0,0
t1_p74qa7d,0,0.009196552447974682,-4.6796875,0,0.10334017127752304,0,0.019168498708617598,taglish,comment,True,majority,3-0,0,0
t1_p74q03p,0,0.009055264294147491,-4.6953125,0,0.1086733490228653,0,0.018923025705981627,taglish,comment,True,adjudicator,2-1,0,0
t1_p5zfjp2,0,0.007518718484789133,-4.8828125,0,0.04454663395881653,0,0.01620752192666397,taglish,comment,True,majority,3-0,0,0
t1_p6ytiix,0,0.005301895085722208,-5.234375,0,0.03051128052175045,0,0.012109672500050959,taglish,comment,True,majority,3-0,0,0
t1_p6yzu9z,0,0.012821215204894543,-4.34375,0,0.059540510177612305,0,0.02526750703541755,english,comment,True,majority,3-0,0,0
t3_1vs6t4l,0,0.005469274707138538,-5.203125,0,0.04003828763961792,0,0.01242810129841592,taglish,submission,True,majority,3-0,0,0
t1_p50mpty,0,0.1041124165058136,-2.15234375,0,0.43568119406700134,0,0.14065043643140204,taglish,comment,True,unanimous,3-0,0,0
t1_p6ejgwl,0,0.02822098508477211,-3.5390625,0,0.15293344855308533,0,0.04852265983786787,taglish,comment,True,majority,3-0,0,0
t1_p5d8opu,0,0.010902374982833862,-4.5078125,0,0.060248345136642456,0,0.022083288207368944,taglish,comment,True,unanimous,3-0,0,0
t1_p5zyycp,0,0.3309035003185272,-0.7041015625,0,0.6195120811462402,0,0.35615855536248076,tagalog,comment,True,adjudicator,2-1,0,0
t1_p79csij,0,0.013222821988165379,-4.3125,0,0.07683517783880234,0,0.025922847475577663,tagalog,comment,True,majority,3-0,0,0
t1_p3vr43x,0,0.00482972152531147,-5.328125,0,0.03246250003576279,0,0.011201961428719093,taglish,comment,True,majority,3-0,0,0
t1_p6xqrkb,0,0.2950267493724823,-0.87109375,0,0.6433213353157043,0,0.32464644468533066,tagalog,comment,True,adjudicator,2-1,0,0
t1_p3n3eqd,0,0.037047166377305984,-3.2578125,0,0.1586889624595642,0,0.060683374475479154,english,comment,True,majority,3-0,0,0
t1_p71156w,0,0.1772405207157135,-1.53515625,0,0.4393422603607178,0,0.21569926567692455,taglish,comment,True,adjudicator,2-1,0,0
t1_p77izwt,0,0.016914913430809975,-4.0625,0,0.12741908431053162,0,0.03179478789921633,taglish,comment,True,majority,3-0,0,0
t1_p7lletk,0,0.024053553119301796,-3.703125,0,0.10884376615285873,0,0.042535707114912724,taglish,comment,True,majority,3-0,0,0
t1_p65q4o4,0,0.0033244371879845858,-5.703125,0,0.024947380647063255,0,0.008197153629937042,taglish,comment,True,unanimous,3-0,0,0
t1_p7jg97t,0,0.009125636890530586,-4.6875,0,0.04479869827628136,0,0.01904537440639778,taglish,comment,True,majority,3-0,0,0
t1_p4g07t7,0,0.029760092496871948,-3.484375,0,0.16971036791801453,0,0.050690399667758256,taglish,comment,True,unanimous,3-0,0,0
t3_1vq32u1,0,0.008315778337419033,-4.78125,0,0.07941622287034988,0,0.01762705663183804,taglish,submission,True,unanimous,3-0,0,0
t1_p7looh8,0,0.11879339814186096,-2.00390625,0,0.34431129693984985,0,0.15642428338056064,english,comment,True,adjudicator,2-1,0,0
t1_p4wgnnz,0,0.004905405919998884,-5.3125,0,0.01946144923567772,0,0.011348433924474682,english,comment,True,unanimous,3-0,0,0
t1_p6zbzk2,0,0.00407013762742281,-5.5,0,0.017440935596823692,0,0.009709146770489023,english,comment,True,majority,3-0,0,0
t1_p4zm7dt,0,0.014172366820275784,-4.2421875,0,0.05537812039256096,0,0.02745841221115382,english,comment,True,majority,3-0,0,0
t1_p75mcv9,0,0.009485713206231594,-4.6484375,0,0.06838002800941467,0,0.01966884665349589,taglish,comment,True,unanimous,3-0,0,0
t1_p6t2i95,0,0.006797531619668007,-4.984375,0,0.03027551993727684,0,0.014900570634208587,english,comment,True,majority,3-0,0,0
t1_p508np3,0,0.006003595422953367,-5.109375,0,0.03702358901500702,0,0.0134338183998672,taglish,comment,True,unanimous,3-0,0,0
t1_p5de6sp,0,0.02779562398791313,-3.5546875,0,0.14167305827140808,0,0.047919641169705256,taglish,comment,True,majority,3-0,0,0
t1_p62q1n6,0,0.13939638435840607,-1.8203125,0,0.4737849235534668,0,0.17789213057157227,taglish,comment,True,unanimous,3-0,0,0
t1_p4trxcb,0,0.8370879292488098,1.63671875,1,0.9142225980758667,1,0.798397865833279,english,comment,True,majority,3-0,0,0
t1_p2xs4po,0,0.006692850962281227,-5.0,0,0.04695289954543114,0,0.01470893335437296,taglish,comment,True,majority,3-0,0,0
t1_p65nvpv,0,0.010902374982833862,-4.5078125,0,0.09610464423894882,0,0.022083288207368944,taglish,comment,True,majority,3-0,0,0
t3_1vsg864,0,0.015663648024201393,-4.140625,0,0.10828280448913574,0,0.029833472898878933,taglish,submission,True,majority,3-0,0,0
t1_p5ga6xl,0,0.08210662752389908,-2.4140625,0,0.35251185297966003,0,0.11609133322818742,taglish,comment,True,adjudicator,2-1,0,1
t1_p71fq9m,0,0.0064882696606218815,-5.03125,0,0.028493208810687065,0,0.014332913951778192,english,comment,True,majority,3-0,0,0
t1_p63lrbv,0,0.006797531619668007,-4.984375,0,0.04392322897911072,0,0.014900570634208587,english,comment,True,majority,3-0,0,0
t1_p5cws25,0,0.0061929901130497456,-5.078125,0,0.03661809861660004,0,0.013786580238336728,taglish,comment,True,majority,3-0,0,0
t1_p6fpjoj,0,0.007460643537342548,-4.890625,0,0.07014571875333786,0,0.0161031045036028,taglish,comment,True,unanimous,3-0,0,0
t3_1vssepe,0,0.007937993854284286,-4.828125,0,0.05564228817820549,0,0.01695731888989483,taglish,submission,True,majority,3-0,0,0
t1_p6xi91m,0,0.5648187398910522,0.2607421875,1,0.7961727380752563,0,0.5545957493985062,tagalog,comment,True,adjudicator,2-1,0,0
t1_p65oxtw,0,0.017442483454942703,-4.03125,0,0.12137731164693832,0,0.032613756131792807,taglish,comment,True,majority,3-0,0,0
t1_p4zlfgf,0,0.006388320587575436,-5.046875,0,0.036824099719524384,0,0.014148472488418828,taglish,comment,True,unanimous,3-0,0,0
t1_p732275,0,0.14608725905418396,-1.765625,0,0.5011587142944336,0,0.18471739681209612,taglish,comment,True,unanimous,3-0,0,0
t1_p6evgfw,1,0.016277462244033813,-4.1015625,0,0.10696696490049362,0,0.03079901777926179,taglish,comment,True,adjudicator,2-1,1,0
t1_p7jfhal,0,0.006388320587575436,-5.046875,0,0.05117324739694595,0,0.014148472488418828,english,comment,True,majority,3-0,0,0
t1_p71apif,0,0.06187598779797554,-2.71875,0,0.19689612090587616,0,0.09227341622221635,taglish,comment,True,adjudicator,3-0,0,0
t1_p50fxty,0,0.0055549247190356255,-5.1875,0,0.02307926118373871,0,0.012590402179978123,tagalog,comment,True,adjudicator,3-0,0,0
t1_p5xv7r4,0,0.0059110685251653194,-5.125,0,0.045176468789577484,0,0.013260791187594117,taglish,comment,True,unanimous,3-0,0,0
t1_p459lhf,0,0.027169233188033104,-3.578125,0,0.19414019584655762,0,0.04702844222680651,taglish,comment,True,majority,3-0,0,0
t1_p4zumf8,0,0.09334688633680344,-2.2734375,0,0.27476322650909424,0,0.12878713155579127,english,comment,True,majority,3-0,0,0
t1_p6ayxn6,0,0.005469274707138538,-5.203125,0,0.024482717737555504,0,0.01242810129841592,taglish,comment,True,unanimous,3-0,0,0
t1_p4x5jjy,0,0.007815889082849026,-4.84375,0,0.02842935174703598,0,0.016739679122510707,taglish,comment,True,adjudicator,3-0,0,0
t1_p4txia7,1,0.5834407210350037,0.3369140625,1,0.8145742416381836,0,0.5703574847419878,taglish,comment,True,adjudicator,2-1,1,0
t1_p6f78im,0,0.007011795416474342,-4.953125,0,0.03873473033308983,0,0.015291251294740764,taglish,comment,True,unanimous,3-0,0,0
t1_p4zja68,0,0.005469274707138538,-5.203125,0,0.032171349972486496,0,0.01242810129841592,tagalog,comment,True,majority,3-0,0,0
t1_p3kxoal,0,0.013325147330760956,-4.3046875,0,0.07685794681310654,0,0.026089250695529986,tagalog,comment,True,adjudicator,2-1,0,0
t1_p7jqza1,0,0.039048291742801666,-3.203125,0,0.25779420137405396,0,0.06335821525989799,taglish,comment,True,majority,3-0,0,0
t1_p7lvm7l,0,0.023689471185207367,-3.71875,0,0.21984615921974182,0,0.042003807112732994,taglish,comment,True,majority,3-0,0,0
t1_p3l9u52,0,0.020645931363105774,-3.859375,0,0.1506226360797882,0,0.03749489417168912,tagalog,comment,True,adjudicator,2-1,0,0
t1_p509t9j,0,0.01652955636382103,-4.0859375,0,0.09169197082519531,0,0.03119365004704844,english,comment,True,majority,3-0,0,0
t3_1vrss82,0,0.031143829226493835,-3.4375,0,0.15819841623306274,0,0.05262112549111433,taglish,submission,True,unanimous,3-0,0,0
t1_p6xq79h,1,0.8828325867652893,2.01953125,1,0.9561804533004761,1,0.8453016675793054,taglish,comment,True,adjudicator,2-1,1,0
t1_p5ncqon,1,0.02822098508477211,-3.5390625,0,0.16461452841758728,0,0.04852265983786787,english,comment,True,adjudicator,2-1,1,0
t3_1vr4luu,0,0.006589771714061499,-5.015625,0,0.05736102908849716,0,0.014519724407489786,english,submission,True,majority,3-0,0,0
t1_p7lspmz,1,0.024423090741038322,-3.6875,0,0.13854072988033295,0,0.04307403979326143,taglish,comment,True,unanimous,3-0,1,1
t1_p6w5zbn,0,0.004681822843849659,-5.359375,0,0.03989478200674057,0,0.010914601184572525,taglish,comment,True,majority,3-0,0,0
t1_p3u6gas,0,0.005384938325732946,-5.21875,0,0.024488341063261032,0,0.012267866617782905,taglish,comment,True,unanimous,3-0,0,0
t1_p6y0pe7,0,0.5474640727043152,0.1904296875,1,0.8114179968833923,0,0.5399475850467561,tagalog,comment,True,adjudicator,2-1,0,1
t1_p50j206,0,0.006797531619668007,-4.984375,0,0.029469650238752365,0,0.014900570634208587,english,comment,True,majority,3-0,0,0
t1_p2wdahu,0,0.010408314876258373,-4.5546875,0,0.06666520982980728,0,0.021247898639664812,taglish,comment,True,unanimous,3-0,0,0
t1_p4xlpof,0,0.00806199200451374,-4.8125,0,0.0325206033885479,0,0.017177738851367554,taglish,comment,True,majority,3-0,0,0
t1_p5gy31a,0,0.005139610730111599,-5.265625,0,0.026029057800769806,0,0.011799304903314928,taglish,comment,True,majority,3-0,0,0
t1_p74l2cg,0,0.0034834241960197687,-5.65625,0,0.017517149448394775,0,0.008523904322074859,taglish,comment,True,unanimous,3-0,0,0
t3_1vsmhv9,0,0.05223086103796959,-2.8984375,0,0.21960926055908203,0,0.08037330678263907,taglish,submission,True,unanimous,3-0,0,0
t1_p75yfsi,0,0.006797531619668007,-4.984375,0,0.030321434140205383,0,0.014900570634208587,taglish,comment,True,unanimous,3-0,0,0
t1_p608ypt,0,0.004399413242936134,-5.421875,0,0.026511093601584435,0,0.010361576490829583,taglish,comment,True,majority,3-0,0,0
t1_p6eyims,0,0.009125636890530586,-4.6875,0,0.06454329192638397,0,0.01904537440639778,tagalog,comment,True,adjudicator,2-1,0,1
t1_p6079jq,1,0.019271137192845345,-3.9296875,0,0.1277569979429245,0,0.03541849706861689,english,comment,True,adjudicator,2-1,1,0
t1_p5n85jx,0,0.02517884038388729,-3.65625,0,0.09201392531394958,0,0.04417028409644663,english,comment,True,majority,3-0,0,0
t1_p50bd28,0,0.008187909610569477,-4.796875,0,0.053788285702466965,0,0.017400973228886812,english,comment,True,majority,3-0,0,0
t1_p5csube,0,0.027376487851142883,-3.5703125,0,0.21226301789283752,0,0.04732374382445862,taglish,comment,True,majority,3-0,0,0
t1_p3kcf36,0,0.00985985528677702,-4.609375,0,0.05536262318491936,0,0.020312306357168908,taglish,comment,True,majority,3-0,0,0
t1_p730n6o,0,0.022457052022218704,-3.7734375,0,0.12563255429267883,0,0.04019181586191524,english,comment,True,majority,3-0,0,0
t1_p6xkgb6,0,0.7918210625648499,1.3359375,1,0.904826819896698,1,0.7546160693720259,taglish,comment,True,majority,3-0,0,0
t1_p3l66jl,0,0.004007288720458746,-5.515625,0,0.017634667456150055,0,0.009583627204360595,taglish,comment,True,majority,3-0,0,0
t1_p3k8hy8,0,0.00955939944833517,-4.640625,0,0.06478899717330933,0,0.019795920232554016,taglish,comment,True,majority,3-0,0,0
t1_p4zv9bw,0,0.008985428139567375,-4.703125,0,0.027458325028419495,0,0.018801447917032525,english,comment,True,majority,3-0,0,0
t1_p641vmo,0,0.004399413242936134,-5.421875,0,0.024267222732305527,0,0.010361576490829583,tagalog,comment,True,adjudicator,2-1,0,0
t1_p70vo1x,0,0.04177388176321983,-3.1328125,0,0.13032877445220947,0,0.06695886576872014,english,comment,True,majority,3-0,0,0
t1_p74besf,0,0.02280263788998127,-3.7578125,0,0.228025883436203,0,0.040701745238940656,taglish,comment,True,adjudicator,2-1,0,0
t1_p5ph7id,0,0.007937993854284286,-4.828125,0,0.04129507765173912,0,0.01695731888989483,english,comment,True,majority,3-0,0,0
t1_p3wxmbm,0,0.005641908384859562,-5.171875,0,0.020638003945350647,0,0.012754795204657238,english,comment,True,majority,3-0,0,0
t1_p6hb15o,0,0.011331754736602306,-4.46875,0,0.08723726123571396,0,0.022803898189473974,taglish,comment,True,majority,3-0,0,0
t1_p76a4gy,0,0.004538431763648987,-5.390625,0,0.02598770335316658,0,0.010634533217377947,taglish,comment,True,unanimous,3-0,0,0
t1_p5zz773,0,0.014172366820275784,-4.2421875,0,0.0997130423784256,0,0.02745841221115382,taglish,comment,True,unanimous,3-0,0,0
t1_p2v0e6k,0,0.012147169560194016,-4.3984375,0,0.07181887328624725,0,0.024159291283482317,english,comment,True,majority,3-0,0,0
t1_p74jixa,0,0.005301895085722208,-5.234375,0,0.024112408980727196,0,0.012109672500050959,taglish,comment,True,majority,3-0,0,0
t1_p6xkg26,0,0.9108630418777466,2.32421875,1,0.9593198299407959,1,0.8759285826897061,tagalog,comment,True,adjudicator,2-1,0,1
t1_p5xe9p3,0,0.006903837900608778,-4.96875,0,0.04032052308320999,0,0.015094666435081956,taglish,comment,True,unanimous,3-0,0,0
t1_p3kvm9v,0,0.0055549247190356255,-5.1875,0,0.024826042354106903,0,0.012590402179978123,taglish,comment,True,majority,3-0,0,0
t1_p749drl,0,0.007345826830714941,-4.90625,0,0.049488991498947144,0,0.01589625091975806,taglish,comment,True,unanimous,3-0,0,0
t1_p6yr9gy,0,0.005730246659368277,-5.15625,0,0.02484298311173916,0,0.012921306621933516,taglish,comment,True,majority,3-0,0,0
t1_p44843l,0,0.053799647837877274,-2.8671875,0,0.3398509621620178,0,0.08233714724937115,tagalog,comment,True,adjudicator,2-1,0,1
t1_p65bnkv,0,0.012431650422513485,-4.375,0,0.061127275228500366,0,0.024628314993182833,english,comment,True,majority,3-0,0,0
t1_p73h0d7,0,0.009633651934564114,-4.6328125,0,0.051013797521591187,0,0.01992379810463855,taglish,comment,True,adjudicator,2-1,0,0
t1_p74lqi7,0,0.005220125894993544,-5.25,0,0.026779107749462128,0,0.011953493608238107,taglish,comment,True,majority,3-0,0,0
t1_p3lalc2,0,0.0060975621454417706,-5.09375,0,0.040421802550554276,0,0.013609072138913528,taglish,comment,True,unanimous,3-0,0,0
t1_p6f0vqx,0,0.008380454033613205,-4.7734375,0,0.07572317123413086,0,0.01774117764008002,taglish,comment,True,majority,3-0,0,0
t1_p6xjpsr,1,0.9403530955314636,2.7578125,1,0.9693619608879089,1,0.9104412587736296,taglish,comment,True,majority,3-0,1,1
t1_p3kalyf,0,0.005469274707138538,-5.203125,0,0.030319537967443466,0,0.01242810129841592,taglish,comment,True,majority,3-0,0,0
t1_p4ztvqr,0,0.01374231930822134,-4.2734375,0,0.048743657767772675,0,0.02676531872479277,english,comment,True,majority,3-0,0,0
t1_p760jmg,0,0.00407013762742281,-5.5,0,0.02512465976178646,0,0.009709146770489023,english,comment,True,majority,3-0,0,0
t1_p73dyrd,0,0.006692850962281227,-5.0,0,0.046538662165403366,0,0.01470893335437296,taglish,comment,True,majority,3-0,0,0
t1_p70mi6o,0,0.13341522216796875,-1.87109375,0,0.4459380507469177,0,0.1717328000192493,tagalog,comment,True,adjudicator,2-1,0,0
t1_p3kc1cn,0,0.0038844766095280647,-5.546875,0,0.020438048988580704,0,0.009337389528061282,taglish,comment,True,unanimous,3-0,0,0
t1_p73as4b,0,0.15052762627601624,-1.73046875,0,0.5074487924575806,0,0.1892110129772843,taglish,comment,True,unanimous,3-0,0,0
t1_p744t37,0,0.012624949216842651,-4.359375,0,0.061366043984889984,0,0.024945916208147706,english,comment,True,adjudicator,2-1,0,0
t1_p65rl4s,0,0.004755199886858463,-5.34375,0,0.039739467203617096,0,0.011057358287132758,taglish,comment,True,majority,3-0,0,0
t1_p2vff9h,0,0.006692850962281227,-5.0,0,0.03167363256216049,0,0.01470893335437296,taglish,comment,True,unanimous,3-0,0,0
t1_p74ao0j,0,0.005301895085722208,-5.234375,0,0.050204694271087646,0,0.012109672500050959,tagalog,comment,True,adjudicator,3-0,0,0
t1_p50k7ki,0,0.01196109689772129,-4.4140625,0,0.08808012306690216,0,0.023851460072325574,taglish,comment,True,unanimous,3-0,0,0
t1_p73kr45,0,0.010013570077717304,-4.59375,0,0.059219472110271454,0,0.02057542340372945,english,comment,True,majority,3-0,0,0
t1_p4y24nt,1,0.043365802615880966,-3.09375,0,0.18273982405662537,0,0.06904044865166213,english,comment,True,adjudicator,2-1,1,0
t1_p6j6zqb,0,0.015543648041784763,-4.1484375,0,0.1039448007941246,0,0.029643915077431703,taglish,comment,True,unanimous,3-0,0,0
t1_p44kbir,0,0.43098539113998413,-0.27783203125,0,0.6966004371643066,0,0.4418572324414519,taglish,comment,True,unanimous,3-0,0,0
t1_p4z83pl,0,0.005384938325732946,-5.21875,0,0.022142557427287102,0,0.012267866617782905,taglish,comment,True,majority,3-0,0,0
t1_p5cqeji,0,0.006903837900608778,-4.96875,0,0.024046454578638077,0,0.015094666435081956,taglish,comment,True,majority,3-0,0,0
t1_p3zmfou,0,0.004133968148380518,-5.484375,0,0.02154262736439705,0,0.00983629397604659,english,comment,True,majority,3-0,0,0
t1_p3lm3b7,0,0.0055549247190356255,-5.1875,0,0.02731516771018505,0,0.012590402179978123,taglish,comment,True,unanimous,3-0,0,0
t1_p5zk7u6,0,0.004982269834727049,-5.296875,0,0.02553458884358406,0,0.011496799369361555,taglish,comment,True,majority,3-0,0,0
t1_p7m1xk4,0,0.005384938325732946,-5.21875,0,0.02760995551943779,0,0.012267866617782905,taglish,comment,True,majority,3-0,0,0
t1_p606xkv,0,0.005384938325732946,-5.21875,0,0.03170203045010567,0,0.012267866617782905,taglish,comment,True,unanimous,3-0,0,0
t1_p63l88m,0,0.008315778337419033,-4.78125,0,0.04562094062566757,0,0.01762705663183804,taglish,comment,True,majority,3-0,0,0
t1_p7lnr7y,0,0.005469274707138538,-5.203125,0,0.027895323932170868,0,0.01242810129841592,taglish,comment,True,unanimous,3-0,0,0
t1_p44c7xt,1,0.3345894515514374,-0.6875,0,0.7666870951652527,0,0.3593661514313227,taglish,comment,True,majority,3-0,1,1
t1_p79ns9o,0,0.007345826830714941,-4.90625,0,0.03534180670976639,0,0.01589625091975806,english,comment,True,majority,3-0,0,0
t1_p5cv7pe,0,0.007695646956562996,-4.859375,0,0.04406094551086426,0,0.016524785711200005,taglish,comment,True,majority,3-0,0,0
t1_p4w57h7,0,0.007937993854284286,-4.828125,0,0.023255057632923126,0,0.01695731888989483,english,comment,True,unanimous,3-0,0,0
t1_p5p8scc,0,0.007460643537342548,-4.890625,0,0.03717908263206482,0,0.0161031045036028,english,comment,True,majority,3-0,0,0
t1_p5ghcml,0,0.007937993854284286,-4.828125,0,0.03885093331336975,0,0.01695731888989483,taglish,comment,True,majority,3-0,0,0
t1_p44iais,1,0.07807817310094833,-2.46875,0,0.3063544034957886,0,0.11145513332986733,tagalog,comment,True,adjudicator,2-1,1,1
t1_p447ghm,0,0.008711384609341621,-4.734375,0,0.03302713856101036,0,0.01832275297193089,tagalog,comment,True,adjudicator,2-1,0,0
t1_p6z3o7i,0,0.007937993854284286,-4.828125,0,0.02940950356423855,0,0.01695731888989483,taglish,comment,True,unanimous,3-0,0,0
t1_p70ucq8,0,0.012527931481599808,-4.3671875,0,0.05768203362822533,0,0.024786619840315965,taglish,comment,True,majority,3-0,0,0
t1_p7lozsj,0,0.023509452119469643,-3.7265625,0,0.15268763899803162,0,0.04174024761804382,taglish,comment,True,unanimous,3-0,0,0
t1_p6ywgwi,0,0.0037654140032827854,-5.578125,0,0.02132730931043625,0,0.00909742046494949,taglish,comment,True,unanimous,3-0,0,0
t1_p71ir2r,0,0.0039454069919884205,-5.53125,0,0.02534080110490322,0,0.00945971485061476,taglish,comment,True,unanimous,3-0,0,0
t1_p65pp7g,0,0.004982269834727049,-5.296875,0,0.025121456012129784,0,0.011496799369361555,taglish,comment,True,unanimous,3-0,0,0
t1_p45c6et,0,0.0064882696606218815,-5.03125,0,0.038964688777923584,0,0.014332913951778192,taglish,comment,True,unanimous,3-0,0,0
t1_p6jbpr2,0,0.007011795416474342,-4.953125,0,0.04173905774950981,0,0.015291251294740764,taglish,comment,True,unanimous,3-0,0,0
t1_p4524gk,0,0.12984344363212585,-1.90234375,0,0.48551568388938904,0,0.16802717720850893,tagalog,comment,True,adjudicator,2-1,0,1
t1_p44nwvy,0,0.0071214293129742146,-4.9375,0,0.04205396771430969,0,0.015490356103967403,taglish,comment,True,majority,3-0,0,0
t1_p3skcyu,0,0.005730246659368277,-5.15625,0,0.03636325150728226,0,0.012921306621933516,taglish,comment,True,unanimous,3-0,0,0
t1_p5dci0o,0,0.018404891714453697,-3.9765625,0,0.08003721386194229,0,0.03409623790401811,english,comment,True,majority,3-0,0,0
