reddit_fullname,y_true,prob,margin,pred,pred_tuned,prob_cal,language,record_type,natural,resolved_by,sarcasm_votes,sarcastic_adjudicated,sarcastic_majority
t1_p7jj59h,0,0.15002882480621338,-1.734375,0,0,0.13734648458939455,tagalog,comment,True,adjudicator,2-1,0,1
t1_p7jl159,0,0.34997692704200745,-0.619140625,0,0,0.34164847976980517,tagalog,comment,True,adjudicator,2-1,0,0
t1_p4zzikk,0,0.3153141736984253,-0.775390625,0,0,0.3054458214714914,tagalog,comment,True,adjudicator,2-1,0,0
t1_p4zywyn,0,0.2624635696411133,-1.033203125,0,0,0.25074543457371196,tagalog,comment,True,adjudicator,2-1,0,1
t1_p50933h,1,0.6495786309242249,0.6171875,1,1,0.6578859390880458,english,comment,True,adjudicator,2-1,1,1
t1_p4zwu5w,0,0.5373448729515076,0.149658203125,1,0,0.5395564981636446,tagalog,comment,True,adjudicator,2-1,0,0
t1_p501fes,0,0.46223029494285583,-0.1513671875,0,0,0.4599937157898959,english,comment,True,majority,3-0,0,0
t1_p3g033a,0,0.04535258188843727,-3.046875,0,0,0.038123630491819376,tagalog,comment,True,adjudicator,2-1,0,0
t1_p50np0m,0,0.36206650733947754,-0.56640625,0,0,0.3543239000025205,tagalog,comment,True,adjudicator,2-1,0,1
t1_p7jy4x2,0,0.08093671500682831,-2.4296875,0,0,0.0708197889660413,tagalog,comment,True,adjudicator,2-1,0,0
t1_p7jr9ed,0,0.2802222669124603,-0.943359375,0,0,0.2690486979989706,tagalog,comment,True,adjudicator,2-1,0,1
t1_p50w54e,1,0.34334173798561096,-0.6484375,0,0,0.3347017498523584,english,comment,True,adjudicator,2-1,1,1
t1_p3halwh,0,0.10894505679607391,-2.1015625,0,0,0.09739343901269257,tagalog,comment,True,unanimous,3-0,0,0
t1_p7jnfur,1,0.7013041377067566,0.853515625,1,1,0.7118258502533272,english,comment,True,majority,3-0,1,1
t1_p4zwr1x,0,0.3607141971588135,-0.572265625,0,0,0.3529049786466605,tagalog,comment,True,adjudicator,2-1,0,0
t1_p7iv34z,0,0.700894832611084,0.8515625,1,1,0.7114011965692042,english,comment,True,adjudicator,2-1,0,0
t1_p7jjwfe,0,0.19072403013706207,-1.4453125,0,0,0.17781010143863457,english,comment,True,adjudicator,2-1,0,1
t1_p7iv0ud,1,0.8175745010375977,1.5,1,1,0.8305027646022651,english,comment,True,adjudicator,2-1,1,1
t1_p501ntx,0,0.5634980797767639,0.25537109375,1,0,0.5672294582319594,english,comment,True,majority,3-0,0,0
t1_p7jk77p,0,0.4263215959072113,-0.296875,0,0,0.42200986606707386,english,comment,True,adjudicator,2-1,0,0
t1_p50dcbg,0,0.47450941801071167,-0.10205078125,0,0,0.47299654100834765,tagalog,comment,True,adjudicator,2-1,0,0
t1_p50g6ky,0,0.6313670873641968,0.5380859375,1,1,0.6387821403941086,english,comment,True,adjudicator,2-1,0,0
t1_p5cl3by,0,0.7138307690620422,0.9140625,1,1,0.7248035576463947,tagalog,comment,True,adjudicator,2-1,0,0
t1_p4zx6dq,0,0.08151976019144058,-2.421875,0,0,0.07136639379901166,tagalog,comment,True,adjudicator,2-1,0,1
t1_p36h846,0,0.1030244380235672,-2.1640625,0,0,0.09172565593917371,english,comment,True,adjudicator,2-1,0,0
t1_p511bxb,0,0.7244806289672852,0.966796875,1,1,0.7358065430512168,tagalog,comment,True,adjudicator,2-1,0,0
t1_p51cwhc,0,0.28616926074028015,-0.9140625,0,0,0.2751964423536053,english,comment,True,adjudicator,2-1,0,0
t1_p7iw3ai,0,0.23651622235774994,-1.171875,0,0,0.2241648551583965,tagalog,comment,True,unanimous,3-0,0,0
t1_p4zz6we,1,0.49145591259002686,-0.0341796875,0,0,0.4909479597824959,taglish,comment,True,majority,3-0,1,1
t1_p50tbuu,0,0.7659436464309692,1.185546875,1,1,0.7783442079588437,tagalog,comment,True,adjudicator,2-1,0,0
t1_p7iv5yr,0,0.7745833992958069,1.234375,1,1,0.7871405539874479,english,comment,True,majority,3-0,0,0
t3_1vikkpz,0,0.3065270483493805,-0.81640625,0,0,0.2963057094587392,taglish,submission,True,adjudicator,2-1,0,0
t1_p5d8oez,0,0.27318641543388367,-0.978515625,0,0,0.26178700249034403,tagalog,comment,True,majority,3-0,0,0
t1_p7iz3ji,0,0.8098781704902649,1.44921875,1,1,0.82279411858855,tagalog,comment,True,adjudicator,2-1,0,0
t1_p5buc0u,0,0.4664202332496643,-0.134521484375,0,0,0.46443005098686013,tagalog,comment,True,adjudicator,2-1,0,0
t1_p7ivssl,0,0.11838509887456894,-2.0078125,0,0,0.1064807896814913,tagalog,comment,True,unanimous,3-0,0,0
t1_p5dkrfg,0,0.4098111391067505,-0.36474609375,0,0,0.40457578958753004,english,comment,True,adjudicator,2-1,0,1
t1_p3t5pdh,0,0.45275139808654785,-0.1895599365234375,0,0,0.44996013761135434,english,comment,True,adjudicator,2-1,0,1
t1_p7ivqh5,0,0.48401427268981934,-0.06396484375,0,0,0.4830643831606648,tagalog,comment,True,adjudicator,2-1,0,0
t1_p58mnsi,0,0.7114308476448059,0.90234375,1,1,0.7223202044057496,tagalog,comment,True,adjudicator,2-1,0,1
t1_p5078hw,0,0.6408606171607971,0.5791015625,1,1,0.6487471560253902,tagalog,comment,True,adjudicator,2-1,0,1
t1_p4zy707,0,0.8244618773460388,1.546875,1,1,0.8373793456814683,tagalog,comment,True,adjudicator,2-1,0,1
t1_p50uw6y,0,0.6329566240310669,0.544921875,1,1,0.6404515684262467,english,comment,True,majority,3-0,0,0
t1_p5ei18d,0,0.5008544921875,0.00341796875,1,0,0.5009053019477929,tagalog,comment,True,adjudicator,2-1,0,0
t1_p7k97ke,0,0.40874868631362915,-0.369140625,0,0,0.40345472384877107,english,comment,True,adjudicator,2-1,0,1
t1_p50mcal,0,0.3988746404647827,-0.41015625,0,0,0.39304145363346776,tagalog,comment,True,majority,3-0,0,0
t1_p3q6ebo,0,0.055005285888910294,-2.84375,0,0,0.04684879904719731,tagalog,comment,True,unanimous,3-0,0,0
t1_p7ivwtp,0,0.5658385753631592,0.264892578125,1,0,0.5697040801007709,english,comment,True,majority,3-0,0,0
t1_p502m5t,0,0.7094219326972961,0.892578125,1,1,0.7202402388160327,tagalog,comment,True,adjudicator,2-1,0,1
t1_p3z0rlz,0,0.038756195455789566,-3.2109375,0,0,0.032237080547918566,english,comment,True,adjudicator,2-1,0,0
t1_p4zxlji,0,0.7185943722724915,0.9375,1,1,0.7297287195363718,english,comment,True,adjudicator,2-1,0,1
t1_p5jpltc,0,0.14706452190876007,-1.7578125,0,0,0.13443083329612768,english,comment,True,majority,3-0,0,0
t1_p508dcb,0,0.3380771279335022,-0.671875,0,0,0.3291953172896473,tagalog,comment,True,adjudicator,2-1,0,0
t1_p5081z2,0,0.8770562410354614,1.96484375,1,1,0.8891097235319558,english,comment,True,adjudicator,3-0,0,1
t1_p5czbys,1,0.6592954993247986,0.66015625,1,1,0.6680572110188236,english,comment,True,unanimous,3-0,1,1
t1_p3rexry,0,0.0832919254899025,-2.3984375,0,0,0.07302965282360734,tagalog,comment,True,adjudicator,3-0,0,0
t1_p4zwveo,0,0.31615811586380005,-0.771484375,0,0,0.3063245108664351,tagalog,comment,True,unanimous,3-0,0,0
t1_p7j3qse,0,0.7122321724891663,0.90625,1,1,0.7231495201130415,english,comment,True,adjudicator,2-1,0,1
t1_p7jltmt,0,0.4576214849948883,-0.169921875,0,0,0.4551146710395445,tagalog,comment,True,adjudicator,2-1,0,0
t1_p4zxhpb,0,0.22000709176063538,-1.265625,0,0,0.20736489052013782,tagalog,comment,True,adjudicator,2-1,0,0
t1_p4zy9tx,0,0.7457688450813293,1.076171875,1,1,0.7577098189632064,tagalog,comment,True,adjudicator,2-1,0,0
t1_p74nozt,0,0.3127896785736084,-0.787109375,0,0,0.3028182526559989,english,comment,True,majority,3-0,0,0
t1_p7ixu0v,0,0.4846850037574768,-0.061279296875,0,0,0.48377491031203607,english,comment,True,adjudicator,2-1,0,0
t1_p7bdubv,0,0.0541987307369709,-2.859375,0,0,0.0461151124779358,tagalog,comment,True,adjudicator,2-1,0,0
t1_p4zzw7a,0,0.25349122285842896,-1.080078125,0,0,0.24153121728781737,tagalog,comment,True,adjudicator,2-1,0,0
t1_p2r3dxn,0,0.15304215252399445,-1.7109375,0,0,0.14031512182409556,tagalog,comment,True,unanimous,3-0,0,0
t1_p4teilx,0,0.6553360223770142,0.642578125,1,1,0.6639145054518313,tagalog,comment,True,adjudicator,2-1,0,0
t1_p7jqyo7,0,0.11757213622331619,-2.015625,0,0,0.10569585002187172,english,comment,True,adjudicator,2-1,0,1
t1_p7ivahf,0,0.863391637802124,1.84375,1,1,0.8758152814856847,english,comment,True,majority,3-0,0,0
t1_p4zgmjx,0,0.8587185740470886,1.8046875,1,1,0.8712436486704779,tagalog,comment,True,adjudicator,2-1,0,0
t1_p4zyi5d,0,0.7375364303588867,1.033203125,1,1,0.749254565426288,taglish,comment,True,unanimous,3-0,0,0
t1_p514hcf,0,0.8679338097572327,1.8828125,1,1,0.8802469046663147,tagalog,comment,True,adjudicator,2-1,0,0
t1_p50hq64,1,0.8543993234634399,1.76953125,1,1,0.8670072880778809,taglish,comment,True,majority,3-0,1,1
t1_p3yjl5u,0,0.04922211542725563,-2.9609375,0,0,0.04160642161242707,tagalog,comment,True,majority,3-0,0,0
t1_p5demxp,1,0.879561185836792,1.98828125,1,1,0.8915343665791482,taglish,comment,True,majority,3-0,1,1
t1_p4zxlkg,0,0.1294027417898178,-1.90625,0,0,0.11716020046987763,english,comment,True,adjudicator,2-1,0,0
t1_p4zl5en,1,0.8238958716392517,1.54296875,1,1,0.8368149937642732,tagalog,comment,True,majority,3-0,1,1
t1_p7jpv87,0,0.18772760033607483,-1.46484375,0,0,0.1748051100588669,tagalog,comment,True,adjudicator,2-1,0,1
t1_p4zs2z6,0,0.854884684085846,1.7734375,1,1,0.8674837593299847,tagalog,comment,True,adjudicator,2-1,0,0
t1_p5034yw,1,0.20497775077819824,-1.35546875,0,0,0.19215480661951762,taglish,comment,True,majority,3-0,1,1
t1_p2regbb,0,0.1755380630493164,-1.546875,0,0,0.16262065431853173,tagalog,comment,True,majority,3-0,0,0
t1_p51a6ak,0,0.8019358515739441,1.3984375,1,1,0.8148130614617957,tagalog,comment,True,adjudicator,2-1,0,1
t1_p4zhckl,0,0.8553685545921326,1.77734375,1,1,0.8679587835102022,tagalog,comment,True,adjudicator,2-1,0,0
t1_p75pjpp,0,0.8803863525390625,1.99609375,1,1,0.8923321747367857,tagalog,comment,True,adjudicator,2-1,0,0
t1_p67mqq5,0,0.3796083331108093,-0.4912109375,0,0,0.37275406165913,english,comment,True,majority,3-0,0,0
t1_p7iv83y,0,0.7244806289672852,0.966796875,1,1,0.7358065430512168,tagalog,comment,True,adjudicator,2-1,0,0
t1_p7jkyer,0,0.3652302324771881,-0.552734375,0,0,0.35764467027536223,tagalog,comment,True,adjudicator,2-1,0,0
t1_p5d20od,0,0.7620701193809509,1.1640625,1,1,0.7743923551719409,tagalog,comment,True,adjudicator,3-0,0,1
t1_p2h3oav,0,0.043365802615880966,-3.09375,0,0,0.036343695574070974,taglish,comment,True,unanimous,3-0,0,0
t1_p7jiww0,0,0.4002804160118103,-0.404296875,0,0,0.3945233627727156,english,comment,True,adjudicator,2-1,0,0
t1_p4zexhl,0,0.8665847778320312,1.87109375,1,1,0.8789319586456638,english,comment,True,adjudicator,2-1,0,0
t1_p7lhzij,1,0.8745065331459045,1.94140625,1,1,0.886637771780389,tagalog,comment,True,unanimous,3-0,1,1
t1_p50xc5h,0,0.0753123015165329,-2.5078125,0,0,0.06556287165906688,english,comment,True,unanimous,3-0,0,0
t1_p3qgyt6,0,0.07807817310094833,-2.46875,0,0,0.0681443599801837,tagalog,comment,True,adjudicator,3-0,0,1
t1_p5d50ke,0,0.6863700151443481,0.783203125,1,1,0.6963073116999238,tagalog,comment,True,adjudicator,2-1,0,0
t1_p50q1a9,1,0.8749346137046814,1.9453125,1,1,0.887053075181001,tagalog,comment,True,majority,3-0,1,1
t1_p4zwijb,0,0.6270381808280945,0.51953125,1,1,0.6342339997441657,tagalog,comment,True,adjudicator,2-1,0,0
t1_p56tixe,0,0.2568320035934448,-1.0625,0,0,0.24495930795825022,tagalog,comment,True,adjudicator,2-1,0,1
t1_p500nuq,0,0.4399879574775696,-0.2412109375,0,0,0.4364569246299415,english,comment,True,unanimous,3-0,0,0
t1_p4zxpkq,0,0.200557678937912,-1.3828125,0,0,0.18769786183326514,taglish,comment,True,majority,3-0,0,0
t1_p7i23nn,0,0.5824910998344421,0.3330078125,1,0,0.5872987061108581,english,comment,True,adjudicator,2-1,0,1
t1_p38csbl,0,0.5639333724975586,0.25714111328125,1,0,0.567689741812846,tagalog,comment,True,adjudicator,2-1,0,1
t1_p67i2nm,0,0.5961980819702148,0.3896484375,1,0,0.6017634228918786,tagalog,comment,True,majority,3-0,0,0
t1_p3pq2hf,0,0.314050555229187,-0.78125,0,0,0.30413043961554675,tagalog,comment,True,unanimous,3-0,0,0
t1_p72j2s2,0,0.13028542697429657,-1.8984375,0,0,0.11801904342385765,english,comment,True,majority,3-0,0,0
t1_p72nk1f,0,0.06608537584543228,-2.6484375,0,0,0.05700501118863395,english,comment,True,majority,3-0,0,0
t1_p50drni,0,0.8489722013473511,1.7265625,1,1,0.8616698828317634,tagalog,comment,True,adjudicator,2-1,0,1
t1_p7iwa9e,0,0.8816148638725281,2.0078125,1,1,0.8935192103185087,english,comment,True,majority,3-0,0,0
t1_p4tdt5e,0,0.684264063835144,0.7734375,1,1,0.6941150103048319,tagalog,comment,True,adjudicator,2-1,0,1
t1_p7aqkt5,0,0.0838903859257698,-2.390625,0,0,0.07359196306434833,tagalog,comment,True,adjudicator,2-1,0,1
t1_p7l0ksb,0,0.12896330654621124,-1.91015625,0,0,0.11673281504266216,tagalog,comment,True,adjudicator,2-1,0,1
t1_p4zgcif,0,0.8864204287528992,2.0546875,1,1,0.8981527101582528,tagalog,comment,True,adjudicator,2-1,0,1
t1_p56ftcu,1,0.3598138988018036,-0.576171875,0,0,0.3519604681416367,english,comment,True,adjudicator,2-1,1,1
t1_p7iweo9,0,0.5834407210350037,0.3369140625,1,0,0.5883014343490427,tagalog,comment,True,unanimous,3-0,0,0
t1_p4zyqfc,0,0.2166738063097,-1.28515625,0,0,0.20398434251124498,tagalog,comment,True,adjudicator,2-1,0,1
t1_p7j4l6c,0,0.6130049228668213,0.4599609375,1,1,0.6194729188140613,tagalog,comment,True,adjudicator,2-1,0,1
t1_p514efx,0,0.29624688625335693,-0.865234375,0,0,0.2856340564725429,english,comment,True,unanimous,3-0,0,0
t1_p4zw6fh,1,0.8000679016113281,1.38671875,1,1,0.8129323132388383,taglish,comment,True,adjudicator,2-1,1,0
t1_p38b6vw,0,0.3879221975803375,-0.4560546875,0,0,0.3815031218892616,tagalog,comment,True,adjudicator,2-1,0,1
t1_p7j4az2,0,0.914290726184845,2.3671875,1,1,0.9246971150359045,tagalog,comment,True,adjudicator,2-1,0,1
t1_p4tglh0,0,0.9012274742126465,2.2109375,1,1,0.912328774962159,tagalog,comment,True,adjudicator,2-1,0,0
t1_p7jl1kj,1,0.3402659296989441,-0.662109375,0,0,0.3314840753877327,english,comment,True,majority,3-0,1,1
t1_p501svf,0,0.8558511734008789,1.78125,1,1,0.8684323631513515,taglish,comment,True,unanimous,3-0,0,0
t1_p4yliu2,0,0.754553496837616,1.123046875,1,1,0.7667100713226518,english,comment,True,unanimous,3-0,0,0
t1_p50qob0,0,0.33982762694358826,-0.6640625,0,0,0.33102568159310886,taglish,comment,True,majority,3-0,0,0
t1_p5gu672,1,0.5419921875,0.168365478515625,1,0,0.5444763847437203,taglish,comment,True,majority,3-0,1,1
t1_p7iy5l3,0,0.6448963284492493,0.5966796875,1,1,0.6529790986635423,tagalog,comment,True,adjudicator,2-1,0,0
t1_p7b7s1d,0,0.04603390395641327,-3.03125,0,0,0.03873533647257179,tagalog,comment,True,majority,3-0,0,0
t1_p4tgfsj,0,0.692225992679596,0.810546875,1,1,0.7023982777533194,taglish,comment,True,majority,3-0,0,0
t1_p3klgsq,0,0.24689632654190063,-1.115234375,0,0,0.23477367731721951,tagalog,comment,True,majority,3-0,0,0
t1_p4zwuaf,0,0.826151430606842,1.55859375,1,1,0.839062966003384,tagalog,comment,True,adjudicator,2-1,0,1
t1_p5ilowd,0,0.4493926763534546,-0.203125,0,0,0.446405820391491,english,comment,True,unanimous,3-0,0,0
t1_p5dm7pj,1,0.11838509887456894,-2.0078125,0,0,0.1064807896814913,english,comment,True,majority,3-0,1,1
t1_p56fcks,1,0.2798284888267517,-0.9453125,0,0,0.2686419480038089,english,comment,True,majority,3-0,1,1
t1_p7bdpkr,0,0.04023794084787369,-3.171875,0,0,0.033553508445455085,tagalog,comment,True,unanimous,3-0,0,0
t1_p7iv0ce,0,0.7975567579269409,1.37109375,1,1,0.8104018229061386,english,comment,True,adjudicator,2-1,0,1
t1_p73oo5i,1,0.1550784707069397,-1.6953125,0,0,0.14232390600740416,tagalog,comment,True,adjudicator,2-1,1,0
t1_p4zz5m8,0,0.5744544863700867,0.300048828125,1,0,0.578810103965905,taglish,comment,True,adjudicator,2-1,0,1
t1_p3d90x5,0,0.14953139424324036,-1.73828125,0,0,0.13685687730537868,english,comment,True,majority,3-0,0,0
t1_p40mjue,0,0.08570928126573563,-2.3671875,0,0,0.0753028849640955,taglish,comment,True,adjudicator,2-1,0,0
t1_p7jm4ni,0,0.051082734018564224,-2.921875,0,0,0.04328834028274152,tagalog,comment,True,adjudicator,2-1,0,0
t1_p38ihh5,0,0.7352616786956787,1.021484375,1,1,0.7469148123446938,tagalog,comment,True,adjudicator,2-1,0,1
t1_p68bki8,0,0.07585818320512772,-2.5,0,0,0.06607178742493337,taglish,comment,True,majority,3-0,0,0
t1_p453ho3,0,0.05749328061938286,-2.796875,0,0,0.04911699894888132,english,comment,True,majority,3-0,0,0
t1_p7c4f2u,0,0.586759626865387,0.3505859375,1,0,0.5918051630259656,tagalog,comment,True,adjudicator,2-1,0,0
t1_p2ubaij,0,0.29421496391296387,-0.875,0,0,0.28352760923253767,taglish,comment,True,majority,3-0,0,0
t1_p3g0zhb,0,0.053009770810604095,-2.8828125,0,0,0.04503505477575238,tagalog,comment,True,adjudicator,2-1,0,0
t1_p5d40vk,0,0.3949008285999298,-0.4267578125,0,0,0.388853472129964,tagalog,comment,True,adjudicator,2-1,0,0
t1_p5dbgir,0,0.8392075896263123,1.65234375,1,1,0.8520281133245878,tagalog,comment,True,adjudicator,2-1,0,0
t1_p7jv0ob,0,0.5919591188430786,0.3720703125,1,0,0.5972920943187003,english,comment,True,unanimous,3-0,0,0
t1_p54ijgj,0,0.09947021305561066,-2.203125,0,0,0.0883355285492021,tagalog,comment,True,unanimous,3-0,0,0
t1_p501l48,1,0.7409248948097229,1.05078125,1,1,0.7527371125863188,taglish,comment,True,majority,3-0,1,1
t1_p5jposm,0,0.11879339814186096,-2.00390625,0,0,0.10687518183723968,tagalog,comment,True,majority,3-0,0,0
t1_p56pizi,0,0.1766716092824936,-1.5390625,0,0,0.16375093366761262,english,comment,True,adjudicator,2-1,0,0
t3_1vqe0cr,0,0.05707139894366264,-2.8046875,0,0,0.04873186257495073,taglish,submission,True,majority,3-0,0,0
t1_p4tg9di,0,0.8381505608558655,1.64453125,1,1,0.8509815300545468,tagalog,comment,True,adjudicator,2-1,0,1
t1_p3ux07e,0,0.6300022602081299,0.5322265625,1,1,0.6373485270649373,tagalog,comment,True,adjudicator,2-1,0,1
t1_p511am0,0,0.24006125330924988,-1.15234375,0,0,0.2277841437089427,taglish,comment,True,unanimous,3-0,0,0
t1_p5jjd81,0,0.46107739210128784,-0.156005859375,0,0,0.45877319847243925,taglish,comment,True,majority,3-0,0,0
t1_p4zwasv,0,0.5281683802604675,0.11279296875,1,0,0.5298394957577293,tagalog,comment,True,adjudicator,2-1,0,1
t1_p570nj4,0,0.1030244380235672,-2.1640625,0,0,0.09172565593917371,tagalog,comment,True,adjudicator,2-1,0,0
t1_p6shdhh,0,0.7098243832588196,0.89453125,1,1,0.7206569934798477,english,comment,True,adjudicator,2-1,0,1
t1_p3cwvys,0,0.5952572822570801,0.3857421875,1,0,0.6007712322595463,tagalog,comment,True,adjudicator,2-1,0,0
t1_p56v9u9,0,0.05146276578307152,-2.9140625,0,0,0.04363242883116012,taglish,comment,True,majority,3-0,0,0
t1_p4yivgr,1,0.09877258539199829,-2.2109375,0,0,0.08767122503784092,taglish,comment,True,majority,3-0,1,1
t1_p4zdtln,0,0.48139289021492004,-0.074462890625,0,0,0.4802875515735155,tagalog,comment,True,adjudicator,2-1,0,0
t1_p7iw054,0,0.7849790453910828,1.294921875,1,1,0.7976904938781172,tagalog,comment,True,unanimous,3-0,0,0
t1_p50ql5h,0,0.29178744554519653,-0.88671875,0,0,0.28101230387164833,tagalog,comment,True,adjudicator,2-1,0,0
t1_p3kb9ev,0,0.17441026866436005,-1.5546875,0,0,0.1614966699818589,tagalog,comment,True,adjudicator,2-1,0,0
t1_p7mcjoy,0,0.6226887702941895,0.5009765625,1,1,0.6296617933449659,tagalog,comment,True,majority,3-0,0,0
t1_p5dwkcb,1,0.6579781174659729,0.654296875,1,1,0.666679157940121,taglish,comment,True,unanimous,3-0,1,1
t1_p3r6p6x,0,0.06804042309522629,-2.6171875,0,0,0.05881108247882908,tagalog,comment,True,adjudicator,2-1,0,0
t1_p2ri7dc,0,0.09670579433441162,-2.234375,0,0,0.08570533366169593,tagalog,comment,True,adjudicator,2-1,0,0
t1_p50493j,0,0.538194477558136,0.153076171875,1,0,0.5404560051002447,tagalog,comment,True,adjudicator,2-1,0,0
t1_p4zmo02,1,0.801314651966095,1.39453125,1,1,0.8141877739196133,tagalog,comment,True,majority,3-0,1,1
t1_p3xraqe,0,0.2557152211666107,-1.068359375,0,0,0.24381296916322825,tagalog,comment,True,adjudicator,2-1,0,1
t1_p56ge9a,0,0.4201236963272095,-0.322265625,0,0,0.41546251031412484,english,comment,True,adjudicator,2-1,0,1
t1_p75ptee,0,0.46253374218940735,-0.150146484375,0,0,0.46031498493092793,tagalog,comment,True,majority,3-0,0,0
t1_p2remor,0,0.11162799596786499,-2.07421875,0,0,0.09996997659454054,english,comment,True,adjudicator,2-1,0,0
t1_p4zyz1y,0,0.7652426362037659,1.181640625,1,1,0.777629388120795,tagalog,comment,True,adjudicator,2-1,0,1
t1_p5ckbnh,0,0.32082128524780273,-0.75,0,0,0.3111823889110741,english,comment,True,adjudicator,2-1,0,0
t1_p3gmrfg,0,0.0753123015165329,-2.5078125,0,0,0.06556287165906688,english,comment,True,majority,3-0,0,0
t1_p73lxdn,0,0.09073548763990402,-2.3046875,0,0,0.08004532614183058,english,comment,True,adjudicator,3-0,0,0
t1_p50e58a,0,0.5377696752548218,0.1513671875,1,0,0.5400062842101041,english,comment,True,adjudicator,2-1,0,1
t1_p4zt3ub,0,0.8000679016113281,1.38671875,1,1,0.8129323132388383,tagalog,comment,True,adjudicator,2-1,0,0
t1_p4zm16c,0,0.7655933499336243,1.18359375,1,1,0.7779870036321029,tagalog,comment,True,adjudicator,2-1,0,1
t1_p3l1c0p,0,0.26664361357688904,-1.01171875,0,0,0.2550459758634581,tagalog,comment,True,unanimous,3-0,0,0
t1_p2sv6o3,0,0.3259495198726654,-0.7265625,0,0,0.31652969391307245,taglish,comment,True,majority,3-0,0,0
t1_p2s1lp7,0,0.32209938764572144,-0.744140625,0,0,0.31251457328683485,tagalog,comment,True,adjudicator,2-1,0,0
t1_p2or0l1,0,0.42137327790260315,-0.317138671875,0,0,0.4167822485303119,taglish,comment,True,unanimous,3-0,0,0
t1_p56g61g,0,0.49536147713661194,-0.0185546875,0,0,0.495085656597678,tagalog,comment,True,adjudicator,2-1,0,1
t1_p4zvjts,1,0.7189891934394836,0.939453125,1,1,0.7301366354552616,english,comment,True,adjudicator,2-1,1,1
t1_p5ckm7l,0,0.29421496391296387,-0.875,0,0,0.28352760923253767,taglish,comment,True,adjudicator,2-1,0,0
t1_p746quy,0,0.07107366621494293,-2.5703125,0,0,0.06162099782106891,taglish,comment,True,majority,3-0,0,0
t1_p2r1osy,0,0.4426967203617096,-0.230224609375,0,0,0.4393219160659256,taglish,comment,True,majority,3-0,0,0
t1_p7ivyqk,0,0.39665231108665466,-0.41943359375,0,0,0.39069912921984545,english,comment,True,unanimous,3-0,0,0
t1_p3ge4mk,0,0.04023794084787369,-3.171875,0,0,0.033553508445455085,english,comment,True,majority,3-0,0,0
t1_p6xqgkj,0,0.39606815576553345,-0.421875,0,0,0.3900835596813176,tagalog,comment,True,adjudicator,2-1,0,0
t1_p76a04r,1,0.8643104434013367,1.8515625,1,1,0.8767127210849731,tagalog,comment,True,majority,3-0,1,1
t1_p3g1gjf,0,0.05223086103796959,-2.8984375,0,0,0.04432845175407613,taglish,comment,True,unanimous,3-0,0,0
t1_p55saf4,0,0.09467770159244537,-2.2578125,0,0,0.08377947628153906,tagalog,comment,True,unanimous,3-0,0,0
t1_p76r2xi,0,0.2954331338405609,-0.869140625,0,0,0.2847903510112777,tagalog,comment,True,adjudicator,2-1,0,0
t1_p5ct483,0,0.6164741516113281,0.474609375,1,1,0.6231244231887124,taglish,comment,True,majority,3-0,0,0
t1_p4y0tpn,0,0.8104788661003113,1.453125,1,1,0.8233967264258572,taglish,comment,True,adjudicator,2-1,0,0
t1_p6xn9cx,0,0.208823561668396,-1.33203125,0,0,0.19603887259042055,english,comment,True,majority,3-0,0,0
t1_p4u0xys,0,0.8572908639907837,1.79296875,1,1,0.8698444603071261,english,comment,True,adjudicator,2-1,0,0
t1_p3dztkd,0,0.18184363842010498,-1.50390625,0,0,0.16891546002879868,english,comment,True,majority,3-0,0,0
t1_p4zofxi,0,0.7786493301391602,1.2578125,1,1,0.7912713583750467,tagalog,comment,True,adjudicator,2-1,0,0
t1_p56ube0,0,0.1716158092021942,-1.57421875,0,0,0.15871415555928262,tagalog,comment,True,adjudicator,2-1,0,1
t1_p75ujk6,1,0.8278281688690186,1.5703125,1,1,0.8407324709743005,tagalog,comment,True,unanimous,3-0,1,1
t1_p4zk9ge,0,0.740174412727356,1.046875,1,1,0.7519660280306673,english,comment,True,majority,3-0,0,0
t1_p762lky,0,0.47828516364097595,-0.0869140625,0,0,0.4769956920309555,tagalog,comment,True,adjudicator,2-1,0,1
t1_p53ejq2,0,0.06954174488782883,-2.59375,0,0,0.060200697775439606,taglish,comment,True,majority,3-0,0,0
t1_p4zjnbk,0,0.8037906289100647,1.41015625,1,1,0.8166791649741263,tagalog,comment,True,adjudicator,2-1,0,1
t1_p5isuuo,0,0.48895445466041565,-0.044189453125,0,0,0.48829786367001704,english,comment,True,adjudicator,2-1,0,0
t1_p7amptq,0,0.07107366621494293,-2.5703125,0,0,0.06162099782106891,tagalog,comment,True,adjudicator,2-1,0,0
t1_p75p9x9,0,0.45169681310653687,-0.193817138671875,0,0,0.4488440981078805,tagalog,comment,True,adjudicator,2-1,0,1
t1_p760mru,0,0.9053223133087158,2.2578125,1,1,0.916220523718461,tagalog,comment,True,majority,3-0,0,0
t1_p4r5wg2,1,0.722527027130127,0.95703125,1,1,0.7337903665365278,taglish,comment,True,majority,3-0,1,1
t1_p2rgdnv,0,0.053799647837877274,-2.8671875,0,0,0.04575238193987225,tagalog,comment,True,unanimous,3-0,0,0
t1_p5iwm00,0,0.7037531733512878,0.865234375,1,1,0.7143659435274571,tagalog,comment,True,unanimous,3-0,0,0
t1_p67gtqn,0,0.10230471193790436,-2.171875,0,0,0.09103840376249636,taglish,comment,True,unanimous,3-0,0,0
t1_p2r1vu0,0,0.10087861120700836,-2.1875,0,0,0.08967778669931038,tagalog,comment,True,unanimous,3-0,0,0
t1_p72m2ne,0,0.08151976019144058,-2.421875,0,0,0.07136639379901166,english,comment,True,majority,3-0,0,0
t1_p750uar,0,0.07263670861721039,-2.546875,0,0,0.06307255778319007,taglish,comment,True,majority,3-0,0,0
t1_p4iaido,0,0.09203286468982697,-2.2890625,0,0,0.08127284459380817,english,comment,True,majority,3-0,0,0
t1_p7b3yf9,0,0.1155608743429184,-2.03515625,0,0,0.10375579267158984,tagalog,comment,True,majority,3-0,0,0
t1_p3js9ge,0,0.18068422377109528,-1.51171875,0,0,0.16775668406154945,tagalog,comment,True,unanimous,3-0,0,0
t1_p3ezlsv,0,0.15203222632408142,-1.71875,0,0,0.13931965652522274,tagalog,comment,True,majority,3-0,0,0
t1_p3rqnvc,0,0.018124721944332123,-3.9921875,0,0,0.014349661363518309,taglish,comment,True,majority,3-0,0,0
t1_p5104ys,0,0.103748619556427,-2.15625,0,0,0.09241756871429335,english,comment,True,unanimous,3-0,0,0
t1_p3fwq8b,0,0.13892841339111328,-1.82421875,0,0,0.12645286693255264,english,comment,True,adjudicator,2-1,0,0
t1_p3siquu,0,0.04177388176321983,-3.1328125,0,0,0.03492175392879284,english,comment,True,majority,3-0,0,0
t1_p56zxlp,0,0.1561048924922943,-1.6875,0,0,0.14333726231200328,english,comment,True,unanimous,3-0,0,0
t1_p3famw2,0,0.40380191802978516,-0.3896484375,0,0,0.39823657710812144,tagalog,comment,True,adjudicator,3-0,0,1
t1_p503bad,0,0.3640989661216736,-0.5576171875,0,0,0.35645709186486196,taglish,comment,True,majority,3-0,0,0
t1_p56tc7c,0,0.06608537584543228,-2.6484375,0,0,0.05700501118863395,taglish,comment,True,majority,3-0,0,0
t1_p7kkwjh,0,0.3073580265045166,-0.8125,0,0,0.2971693550428721,tagalog,comment,True,adjudicator,2-1,0,1
t1_p5ivil6,0,0.8418256044387817,1.671875,1,1,0.8546180045251427,taglish,comment,True,adjudicator,2-1,0,0
t1_p58atkp,0,0.684264063835144,0.7734375,1,1,0.6941150103048319,tagalog,comment,True,adjudicator,2-1,0,1
t1_p48uzbx,0,0.07640768587589264,-2.4921875,0,0,0.06658437203951531,taglish,comment,True,majority,3-0,0,0
t3_1vsgx0z,0,0.015306354500353336,-4.1640625,0,0,0.011989399514255613,taglish,submission,True,majority,3-0,0,0
t1_p589q0r,0,0.5934914946556091,0.37841796875,1,0,0.5989086492001432,tagalog,comment,True,adjudicator,2-1,0,1
t1_p7jlspi,0,0.5936092138290405,0.37890625,1,0,0.5990329109691283,tagalog,comment,True,majority,3-0,0,0
t1_p4to7sm,0,0.8080672025680542,1.4375,1,1,0.8209766168250107,tagalog,comment,True,adjudicator,2-1,0,1
t3_1vi0ni5,0,0.032344330102205276,-3.3984375,0,0,0.026583557339028445,english,submission,True,majority,3-0,0,0
t1_p7mbff3,0,0.1555909961462021,-1.69140625,0,0,0.14282983521009174,tagalog,comment,True,adjudicator,2-1,0,1
t1_p3evq8z,0,0.14854057133197784,-1.74609375,0,0,0.13588206858188046,taglish,comment,True,majority,3-0,0,0
t1_p72e5co,0,0.06142404302954674,-2.7265625,0,0,0.05271538001704409,tagalog,comment,True,adjudicator,2-1,0,1
t1_p4ydghc,0,0.10158944875001907,-2.1796875,0,0,0.09035578855741758,english,comment,True,majority,3-0,0,0
t1_p4ie5zr,0,0.09203286468982697,-2.2890625,0,0,0.08127284459380817,tagalog,comment,True,majority,3-0,0,0
t1_p4tpsa6,0,0.39280253648757935,-0.435546875,0,0,0.3866428865374977,english,comment,True,majority,3-0,0,0
t1_p3g7db7,0,0.47377896308898926,-0.10498046875,0,0,0.47222289584701227,taglish,comment,True,majority,3-0,0,0
t1_p7jj8ti,0,0.7146279811859131,0.91796875,1,1,0.7256282738347398,tagalog,comment,True,adjudicator,2-1,0,1
t1_p6ya1ka,0,0.23863890767097473,-1.16015625,0,0,0.2263315031511969,english,comment,True,majority,3-0,0,0
t1_p7iwruh,1,0.8745065331459045,1.94140625,1,1,0.886637771780389,english,comment,True,majority,3-0,1,1
t1_p38hels,0,0.696784257888794,0.83203125,1,1,0.7071342874638915,tagalog,comment,True,adjudicator,2-1,0,0
t1_p4tmk6i,0,0.8872045874595642,2.0625,1,1,0.8989073577238945,tagalog,comment,True,adjudicator,2-1,0,0
t1_p708dim,1,0.13799647986888885,-1.83203125,0,0,0.12554138575713975,english,comment,True,adjudicator,2-1,1,1
t1_p3iqvxf,0,0.3324187695980072,-0.697265625,0,0,0.32328253348755015,english,comment,True,majority,3-0,0,0
t1_p6wcnv1,0,0.7158214449882507,0.923828125,1,1,0.7268624621081364,english,comment,True,adjudicator,2-1,0,1
t1_p3difvl,1,0.0443485863506794,-3.0703125,0,0,0.03722343669153708,taglish,comment,True,unanimous,3-0,1,1
t1_p4nlhqb,0,0.2538610100746155,-1.078125,0,0,0.24191049649807855,english,comment,True,unanimous,3-0,0,0
t1_p3ez7a5,0,0.42907050251960754,-0.28564453125,0,0,0.42491472339966196,taglish,comment,True,majority,3-0,0,0
t1_p7deb7z,0,0.08632347732782364,-2.359375,0,0,0.07588126571715062,tagalog,comment,True,adjudicator,2-1,0,0
t1_p7b3pne,0,0.74167400598526,1.0546875,1,1,0.7535065857831854,english,comment,True,unanimous,3-0,0,0
t1_p3nzuws,0,0.1525365114212036,-1.71484375,0,0,0.13981664724110265,taglish,comment,True,majority,3-0,0,0
t1_p73mgga,0,0.20434190332889557,-1.359375,0,0,0.1915131957744533,tagalog,comment,True,majority,3-0,0,0
t1_p7cczam,0,0.3250918686389923,-0.73046875,0,0,0.3156350510046426,tagalog,comment,True,adjudicator,3-0,0,0
t1_p3buqud,0,0.39992883801460266,-0.40576171875,0,0,0.39415270246751477,tagalog,comment,True,adjudicator,2-1,0,1
t1_p3kk6sm,0,0.38468098640441895,-0.4697265625,0,0,0.37809121514893973,tagalog,comment,True,adjudicator,2-1,0,1
t1_p3exe59,0,0.30528295040130615,-0.822265625,0,0,0.2950129701158667,tagalog,comment,True,adjudicator,2-1,0,1
t1_p56sonm,0,0.12463856488466263,-1.94921875,0,0,0.11253294977947342,english,comment,True,majority,3-0,0,0
t1_p56eroe,1,0.8056321740150452,1.421875,1,1,0.8185306520133956,taglish,comment,True,majority,3-0,1,1
t1_p27mvrh,0,0.1766716092824936,-1.5390625,0,0,0.16375093366761262,taglish,comment,True,unanimous,3-0,0,0
t1_p6w2hj0,0,0.3376401960849762,-0.673828125,0,0,0.32873853213433024,english,comment,True,majority,3-0,0,0
t1_p73m7fg,0,0.07423137128353119,-2.5234375,0,0,0.064555958726852,english,comment,True,majority,3-0,0,0
t1_p5dnz4u,0,0.23161423206329346,-1.19921875,0,0,0.21916687927713474,english,comment,True,adjudicator,2-1,0,0
t1_p7b4t02,0,0.6249805092811584,0.5107421875,1,1,0.6320711752438369,tagalog,comment,True,unanimous,3-0,0,0
t1_p4zjxvl,0,0.7819972634315491,1.27734375,1,1,0.7946683795194928,tagalog,comment,True,adjudicator,2-1,0,1
t3_1vsnpkz,0,0.23792988061904907,-1.1640625,0,0,0.22560764482805906,taglish,submission,True,unanimous,3-0,0,0
t1_p3h6dmg,0,0.11008788645267487,-2.08984375,0,0,0.09849033641776471,taglish,comment,True,majority,3-0,0,0
t1_p7ccbnn,0,0.42919009923934937,-0.28515625,0,0,0.425041140774958,taglish,comment,True,unanimous,3-0,0,0
t3_1vc8dyu,0,0.2501792907714844,-1.09765625,0,0,0.23813597022048455,english,submission,True,majority,3-0,0,0
t1_p4zfyyb,0,0.8122723698616028,1.46484375,1,1,0.825194889941133,tagalog,comment,True,adjudicator,2-1,0,0
t1_p4y85sb,0,0.07807817310094833,-2.46875,0,0,0.0681443599801837,english,comment,True,adjudicator,2-1,0,0
t1_p5cuuzs,0,0.6686639785766602,0.7021484375,1,1,0.6778481673000647,tagalog,comment,True,adjudicator,2-1,0,0
t1_p5016gw,0,0.43632182478904724,-0.256103515625,0,0,0.4325800654749917,tagalog,comment,True,adjudicator,2-1,0,1
t1_p7iw8dy,0,0.755636990070343,1.12890625,1,1,0.7678185936233168,taglish,comment,True,adjudicator,2-1,0,0
t1_p3nvcgm,0,0.12678517401218414,-1.9296875,0,0,0.11461613686694316,english,comment,True,adjudicator,3-0,0,0
t1_p38ba2f,0,0.8164063692092896,1.4921875,1,1,0.8293344312945723,tagalog,comment,True,adjudicator,2-1,0,1
t1_p53vm77,0,0.17384853959083557,-1.55859375,0,0,0.16093703399661594,english,comment,True,adjudicator,2-1,0,1
t1_p6yl8qm,0,0.5170221924781799,0.068115234375,1,0,0.5180335685510736,tagalog,comment,True,adjudicator,2-1,0,0
t1_p7c62qa,0,0.8504685759544373,1.73828125,1,1,0.8631431226946213,tagalog,comment,True,adjudicator,2-1,0,1
t1_p5iaxyo,0,0.804405927658081,1.4140625,1,1,0.8172979499266232,english,comment,True,adjudicator,2-1,0,1
t1_p3fo4vm,0,0.17272931337356567,-1.56640625,0,0,0.15982246535163075,taglish,comment,True,adjudicator,2-1,0,0
t1_p3lcowc,0,0.09401018172502518,-2.265625,0,0,0.08314631049212051,english,comment,True,majority,3-0,0,0
t1_p55v84k,0,0.1204388216137886,-1.98828125,0,0,0.10846563342085185,tagalog,comment,True,unanimous,3-0,0,0
t1_p5ie02z,0,0.8543993234634399,1.76953125,1,1,0.8670072880778809,tagalog,comment,True,adjudicator,2-1,0,1
t1_p3e3pq4,0,0.11636175215244293,-2.02734375,0,0,0.10452800868253141,taglish,comment,True,unanimous,3-0,0,0
t1_p38t9ig,0,0.36658975481987,-0.546875,0,0,0.35907207385368967,english,comment,True,majority,3-0,0,0
t1_p3lvqwa,0,0.2724114954471588,-0.982421875,0,0,0.2609880019418585,tagalog,comment,True,adjudicator,2-1,0,0
t1_p6xzqoz,1,0.692225992679596,0.810546875,1,1,0.7023982777533194,taglish,comment,True,unanimous,3-0,1,1
t1_p4y3klk,0,0.8397339582443237,1.65625,1,1,0.8525491234110848,english,comment,True,unanimous,3-0,0,0
t1_p4j2qy3,0,0.07978201657533646,-2.4453125,0,0,0.06973816582530518,taglish,comment,True,majority,3-0,0,0
t1_p3inhz7,0,0.05749328061938286,-2.796875,0,0,0.04911699894888132,english,comment,True,majority,3-0,0,0
t1_p5dlyeh,0,0.3591393530368805,-0.5791015625,0,0,0.3512528439746098,taglish,comment,True,unanimous,3-0,0,0
t1_p7i0oww,0,0.03649376332759857,-3.2734375,0,0,0.030234042907171754,taglish,comment,True,majority,3-0,0,0
t1_p38gdc9,0,0.7721872329711914,1.220703125,1,1,0.7847035200251793,tagalog,comment,True,adjudicator,2-1,0,0
t1_p3ealbk,0,0.0844927504658699,-2.3828125,0,0,0.0741582565797806,taglish,comment,True,unanimous,3-0,0,0
t1_p3er2di,0,0.20689406991004944,-1.34375,0,0,0.19408946374639083,taglish,comment,True,majority,3-0,0,0
t1_p4zakm8,0,0.30777397751808167,-0.810546875,0,0,0.29760172224668063,taglish,comment,True,majority,3-0,0,0
t1_p7bgb5l,0,0.8080672025680542,1.4375,1,1,0.8209766168250107,english,comment,True,adjudicator,2-1,0,1
t1_p4x6g2g,0,0.7943849563598633,1.3515625,1,1,0.8072019455946273,english,comment,True,majority,3-0,0,0
t1_p7bb4cl,0,0.7786493301391602,1.2578125,1,1,0.7912713583750467,tagalog,comment,True,adjudicator,2-1,0,1
t1_p3foi7m,0,0.1949802190065384,-1.41796875,0,0,0.1820848880977715,taglish,comment,True,majority,3-0,0,0
t1_p50tmxr,0,0.4903576374053955,-0.03857421875,0,0,0.4897844314991562,taglish,comment,True,majority,3-0,0,0
t1_p4u0btx,0,0.47639694809913635,-0.094482421875,0,0,0.4749957156183273,taglish,comment,True,unanimous,3-0,0,0
t1_p504u40,0,0.6057990193367004,0.4296875,1,1,0.6118839027053852,tagalog,comment,True,adjudicator,2-1,0,1
t1_p3eyl3v,1,0.707808792591095,0.884765625,1,1,0.7185694235888063,taglish,comment,True,majority,3-0,1,1
t1_p4zx41q,1,0.40497803688049316,-0.384765625,0,0,0.3994769450526013,english,comment,True,adjudicator,2-1,1,1
t1_p27n0ke,0,0.2487165927886963,-1.10546875,0,0,0.2366375433226989,taglish,comment,True,adjudicator,2-1,0,0
t1_p7ccre7,1,0.043691061437129974,-3.0859375,0,0,0.036634696606314465,taglish,comment,True,majority,3-0,1,1
t1_p3f3yqs,0,0.029535338282585144,-3.4921875,0,0,0.02413069999836733,tagalog,comment,True,adjudicator,3-0,0,0
t1_p73wuws,0,0.21272224187850952,-1.30859375,0,0,0.1999820130043669,taglish,comment,True,adjudicator,2-1,0,1
t1_p5dlmov,0,0.4522939920425415,-0.19140625,0,0,0.4494760579546967,english,comment,True,adjudicator,2-1,0,0
t1_p4inedd,0,0.1225232183933258,-1.96875,0,0,0.11048290062239975,tagalog,comment,True,majority,3-0,0,0
t1_p6xupxo,0,0.09739040583372116,-2.2265625,0,0,0.08635615116946638,english,comment,True,adjudicator,2-1,0,1
t1_p7b3qeg,0,0.4886341989040375,-0.04547119140625,0,0,0.4879585664707838,taglish,comment,True,unanimous,3-0,0,0
t1_p7j5by4,1,0.4837093651294708,-0.065185546875,0,0,0.48274143873659175,tagalog,comment,True,adjudicator,2-1,1,0
t1_p4j4bo5,0,0.41099265217781067,-0.35986328125,0,0,0.40582258653854775,english,comment,True,adjudicator,2-1,0,0
t1_p50a60d,0,0.3674972355365753,-0.54296875,0,0,0.3600250662631924,english,comment,True,majority,3-0,0,0
t1_p4i6qaq,0,0.2333567589521408,-1.189453125,0,0,0.22094261715817037,taglish,comment,True,adjudicator,2-1,0,0
t1_p27mq1d,0,0.2018132209777832,-1.375,0,0,0.1889631061021696,taglish,comment,True,unanimous,3-0,0,0
t1_p7jl2zl,1,0.6955448985099792,0.826171875,1,1,0.7058470313870421,taglish,comment,True,majority,3-0,1,1
t1_p3immhh,0,0.7975567579269409,1.37109375,1,1,0.8104018229061386,taglish,comment,True,adjudicator,2-1,0,1
t1_p3fse21,0,0.19072403013706207,-1.4453125,0,0,0.17781010143863457,tagalog,comment,True,adjudicator,2-1,0,0
t1_p3ktk1i,0,0.09534946829080582,-2.25,0,0,0.0844170197414223,tagalog,comment,True,adjudicator,2-1,0,0
t1_p4icm2l,1,0.3812195658683777,-0.484375,0,0,0.374448956178203,tagalog,comment,True,adjudicator,2-1,1,1
t1_p70307o,0,0.037326887249946594,-3.25,0,0,0.030970645855543166,tagalog,comment,True,adjudicator,2-1,0,0
t3_1vk6m52,0,0.08035747706890106,-2.4375,0,0,0.07027705382608157,taglish,submission,True,unanimous,3-0,0,0
t1_p3etfu1,0,0.06233103200793266,-2.7109375,0,0,0.05354818123017295,english,comment,True,majority,3-0,0,0
t1_p6snw48,0,0.299105167388916,-0.8515625,0,0,0.2885988034307958,tagalog,comment,True,adjudicator,2-1,0,1
t1_p3m8tkc,0,0.4790162444114685,-0.083984375,0,0,0.4777700780727566,taglish,comment,True,unanimous,3-0,0,0
t1_p3f7jx0,0,0.642432451248169,0.5859375,1,1,0.6503957348876375,tagalog,comment,True,adjudicator,2-1,0,0
t1_p5feovv,0,0.7197777628898621,0.943359375,1,1,0.7309513020010294,tagalog,comment,True,adjudicator,2-1,0,0
t1_p5fl88v,0,0.7680380344390869,1.197265625,1,1,0.7804787961135815,tagalog,comment,True,unanimous,3-0,0,0
t1_p6sfuvk,0,0.44474563002586365,-0.221923828125,0,0,0.4414892721217612,tagalog,comment,True,adjudicator,2-1,0,0
t1_p5du4ih,1,0.4684258699417114,-0.12646484375,0,0,0.4665538116832582,english,comment,True,majority,3-0,1,1
t1_p3fs17k,0,0.167763352394104,-1.6015625,0,0,0.1548841419348163,tagalog,comment,True,majority,3-0,0,0
t1_p3rbynx,0,0.4723183810710907,-0.11083984375,0,0,0.47067600938940235,taglish,comment,True,unanimous,3-0,0,0
t1_p5ia6ze,0,0.571049153804779,0.2861328125,1,0,0.575211684155203,english,comment,True,adjudicator,2-1,0,0
t1_p3f7adt,0,0.03308597952127457,-3.375,0,0,0.027233719812862763,english,comment,True,majority,3-0,0,0
t1_p7cnndy,0,0.04115288704633713,-3.1484375,0,0,0.03436811861718476,taglish,comment,True,majority,3-0,0,0
t1_p5iiyxz,0,0.464840829372406,-0.140869140625,0,0,0.4627576892043897,tagalog,comment,True,majority,3-0,0,0
t1_p5iza8a,0,0.6641048192977905,0.681640625,1,1,0.6730853657650626,tagalog,comment,True,adjudicator,2-1,0,1
t1_p5itg7e,1,0.8193157911300659,1.51171875,1,1,0.8322433159384505,english,comment,True,adjudicator,2-1,1,0
t1_p3f5hb2,0,0.23022674024105072,-1.20703125,0,0,0.21775369692154264,taglish,comment,True,adjudicator,2-1,0,0
t1_p6wjk7r,0,0.5493988990783691,0.1982421875,1,0,0.5523153970593221,english,comment,True,majority,3-0,0,0
t1_p6w885b,0,0.09334688633680344,-2.2734375,0,0,0.08251749890500319,tagalog,comment,True,adjudicator,2-1,0,1
t1_p7jjytz,1,0.5424088835716248,0.1700439453125,1,0,0.5449174004638079,taglish,comment,True,unanimous,3-0,1,1
t1_p4zc7k9,1,0.6127732396125793,0.458984375,1,1,0.6192289988095206,taglish,comment,True,majority,3-0,1,1
t1_p7dpy6e,0,0.11961366981267929,-1.99609375,0,0,0.10766782526321428,english,comment,True,unanimous,3-0,0,0
t1_p7e7clf,0,0.06371499598026276,-2.6875,0,0,0.05482068543987056,english,comment,True,unanimous,3-0,0,0
t1_p7d5lsh,0,0.10230471193790436,-2.171875,0,0,0.09103840376249636,tagalog,comment,True,majority,3-0,0,0
t1_p7741aw,0,0.7086160182952881,0.888671875,1,1,0.7194055897649113,tagalog,comment,True,unanimous,3-0,0,0
t1_p7jly72,0,0.7268136143684387,0.978515625,1,1,0.738212997509656,english,comment,True,majority,3-0,0,0
t1_p6utghy,0,0.6623597741127014,0.673828125,1,1,0.6712614678656699,taglish,comment,True,majority,3-0,0,0
t1_p3fn9rl,0,0.5301148891448975,0.12060546875,1,0,0.5319008688678442,tagalog,comment,True,adjudicator,2-1,0,1
t1_p548opy,0,0.04115288704633713,-3.1484375,0,0,0.03436811861718476,taglish,comment,True,unanimous,3-0,0,0
t1_p73lws3,0,0.06656918674707413,-2.640625,0,0,0.05745158283604306,taglish,comment,True,majority,3-0,0,0
t1_p5hhth3,0,0.8852352499961853,2.04296875,1,1,0.8970113745985412,tagalog,comment,True,adjudicator,2-1,0,1
t1_p75y4gp,0,0.7356416583061218,1.0234375,1,1,0.7473057717621931,taglish,comment,True,adjudicator,2-1,0,1
t1_p501scw,0,0.22000709176063538,-1.265625,0,0,0.20736489052013782,taglish,comment,True,majority,3-0,0,0
t1_p74jed9,0,0.034100428223609924,-3.34375,0,0,0.028124688751755004,taglish,comment,True,unanimous,3-0,0,0
t1_p6sficv,0,0.5087881684303284,0.03515625,1,0,0.5093106109776547,taglish,comment,True,adjudicator,2-1,0,0
t1_p3kp7pr,0,0.31111282110214233,-0.794921875,0,0,0.301073663301252,tagalog,comment,True,adjudicator,2-1,0,0
t1_p3kijwr,0,0.405801922082901,-0.38134765625,0,0,0.40034597145217055,tagalog,comment,True,adjudicator,2-1,0,0
t1_p2lr6vc,0,0.04603390395641327,-3.03125,0,0,0.03873533647257179,taglish,comment,True,majority,3-0,0,0
t1_p53kc0j,0,0.05223086103796959,-2.8984375,0,0,0.04432845175407613,tagalog,comment,True,majority,3-0,0,0
t1_p4dhebd,0,0.12463856488466263,-1.94921875,0,0,0.11253294977947342,taglish,comment,True,majority,3-0,0,0
t1_p6ua9sd,0,0.04569203034043312,-3.0390625,0,0,0.03842831499145791,taglish,comment,True,majority,3-0,0,0
t1_p4mdscq,0,0.5306013822555542,0.12255859375,1,0,0.5324160448223176,taglish,comment,True,majority,3-0,0,0
t1_p2801kr,0,0.2735743820667267,-0.9765625,0,0,0.26218709425525905,tagalog,comment,True,adjudicator,2-1,0,0
t1_p7dseow,0,0.35331663489341736,-0.6044921875,0,0,0.34514772467723764,taglish,comment,True,majority,3-0,0,0
t1_p4zzjgs,0,0.22953519225120544,-1.2109375,0,0,0.21704957590321122,tagalog,comment,True,adjudicator,2-1,0,1
t1_p6ss6y1,0,0.04778006672859192,-2.9921875,0,0,0.04030607406539599,english,comment,True,majority,3-0,0,0
t1_p75vjn0,0,0.5542895197868347,0.218017578125,1,0,0.557490018515452,tagalog,comment,True,adjudicator,2-1,0,0
t1_p72zfo4,0,0.7256486415863037,0.97265625,1,1,0.7370115406049246,tagalog,comment,True,adjudicator,2-1,0,1
t1_p5fexch,0,0.7962924242019653,1.36328125,1,1,0.8091267788968265,tagalog,comment,True,adjudicator,2-1,0,1
t1_p3ewny7,0,0.47962552309036255,-0.08154296875,0,0,0.47841548156966107,tagalog,comment,True,adjudicator,2-1,0,1
t1_p4zw37q,1,0.23265863955020905,-1.193359375,0,0,0.22023108764501192,taglish,comment,True,majority,3-0,1,1
t1_p5ie04u,0,0.5997195839881897,0.404296875,1,0,0.6054766372272844,tagalog,comment,True,adjudicator,3-0,0,0
t1_p6xbx95,0,0.22270013391971588,-1.25,0,0,0.2100989842343997,tagalog,comment,True,adjudicator,2-1,0,0
t3_1vmczp1,0,0.3065270483493805,-0.81640625,0,0,0.2963057094587392,tagalog,submission,True,majority,3-0,0,0
t1_p27zybu,0,0.1475551873445511,-1.75390625,0,0,0.13491311797404257,tagalog,comment,True,adjudicator,2-1,0,1
t1_p3khdbr,0,0.4079228937625885,-0.37255859375,0,0,0.4025834797399384,tagalog,comment,True,majority,3-0,0,0
t1_p3841a8,0,0.8056321740150452,1.421875,1,1,0.8185306520133956,english,comment,True,adjudicator,2-1,0,0
t1_p6sdbo2,0,0.03622005507349968,-3.28125,0,0,0.029992301431155926,english,comment,True,majority,3-0,0,0
t1_p7awgct,0,0.3298232853412628,-0.708984375,0,0,0.32057234583298233,tagalog,comment,True,adjudicator,2-1,0,0
t1_p7c4a45,0,0.1749734729528427,-1.55078125,0,0,0.16205787615871167,tagalog,comment,True,unanimous,3-0,0,0
t1_p50zy7x,0,0.4637477993965149,-0.145263671875,0,0,0.4616003886525432,tagalog,comment,True,majority,3-0,0,0
t1_p3e1jwn,0,0.028007520362734795,-3.546875,0,0,0.022803289688347893,taglish,comment,True,majority,3-0,0,0
t1_p7cm5yl,0,0.22000709176063538,-1.265625,0,0,0.20736489052013782,english,comment,True,adjudicator,2-1,0,0
t1_p75p4b8,0,0.6422080993652344,0.5849609375,1,1,0.6501604425265154,tagalog,comment,True,adjudicator,2-1,0,1
t1_p7cf3o9,0,0.4988546371459961,-0.004581451416015625,0,0,0.49878653270898676,english,comment,True,majority,3-0,0,0
t1_p179xnz,0,0.06954174488782883,-2.59375,0,0,0.060200697775439606,tagalog,comment,True,majority,3-0,0,0
t1_p3n1rjf,0,0.05070536583662033,-2.9296875,0,0,0.04294684338862155,taglish,comment,True,adjudicator,2-1,0,1
t1_p73690z,0,0.22000709176063538,-1.265625,0,0,0.20736489052013782,tagalog,comment,True,adjudicator,2-1,0,1
t1_p7bf5ws,0,0.408040851354599,-0.3720703125,0,0,0.40270790568129977,tagalog,comment,True,majority,3-0,0,0
t1_p7ckqoa,0,0.11961366981267929,-1.99609375,0,0,0.10766782526321428,tagalog,comment,True,majority,3-0,0,0
t1_p5istnf,0,0.5133025646209717,0.05322265625,1,0,0.5140931260758623,taglish,comment,True,majority,3-0,0,0
t1_p4zw3pr,0,0.7624240517616272,1.166015625,1,1,0.7747536685713104,english,comment,True,adjudicator,2-1,0,0
t1_p7cqdro,0,0.14414885640144348,-1.78125,0,0,0.13156763684864844,tagalog,comment,True,majority,3-0,0,0
t1_p4zx4em,0,0.3132096529006958,-0.78515625,0,0,0.30325529247941885,taglish,comment,True,unanimous,3-0,0,0
t1_p72ibpe,0,0.06754669547080994,-2.625,0,0,0.05835459767286802,tagalog,comment,True,majority,3-0,0,0
t1_p4zflgz,0,0.8037906289100647,1.41015625,1,1,0.8166791649741263,tagalog,comment,True,adjudicator,2-1,0,1
t1_p5i1uq3,0,0.6001883149147034,0.40625,1,1,0.6059708239296634,english,comment,True,adjudicator,2-1,0,1
t1_p73lp9u,0,0.2598256468772888,-1.046875,0,0,0.24803397196933283,english,comment,True,majority,3-0,0,0
t1_p5d8pfa,0,0.19072403013706207,-1.4453125,0,0,0.17781010143863457,taglish,comment,True,majority,3-0,0,0
t1_p73mcow,0,0.28378137946128845,-0.92578125,0,0,0.2727269127644942,taglish,comment,True,majority,3-0,0,0
t1_p2kqqji,0,0.034100428223609924,-3.34375,0,0,0.028124688751755004,english,comment,True,majority,3-0,0,0
t1_p48bcl6,0,0.6254380941390991,0.5126953125,1,1,0.6325522658129946,taglish,comment,True,unanimous,3-0,0,0
t1_p27yi19,0,0.11961366981267929,-1.99609375,0,0,0.10766782526321428,tagalog,comment,True,majority,3-0,0,0
t1_p3ettn0,0,0.04569203034043312,-3.0390625,0,0,0.03842831499145791,taglish,comment,True,majority,3-0,0,0
t1_p760b01,0,0.8820220232009888,2.01171875,1,1,0.8939123199584144,tagalog,comment,True,majority,3-0,0,0
t1_p1m5x7f,0,0.023689471185207367,-3.71875,0,0,0.01907947331458863,tagalog,comment,True,unanimous,3-0,0,0
t1_p44rmvn,0,0.07004895806312561,-2.5859375,0,0,0.060670693427422484,english,comment,True,majority,3-0,0,0
t1_p4i7j69,0,0.5390818119049072,0.156646728515625,1,0,0.5413953870796937,tagalog,comment,True,adjudicator,2-1,0,0
t1_p7b78u4,0,0.2727987766265869,-0.98046875,0,0,0.2613873049618624,english,comment,True,adjudicator,2-1,0,0
t1_p7cuyvj,0,0.23970511555671692,-1.154296875,0,0,0.22742036828302467,taglish,comment,True,unanimous,3-0,0,0
t1_p5cjw6t,0,0.6513549089431763,0.625,1,1,0.6597464307874721,english,comment,True,majority,3-0,0,0
t1_p27u5zq,1,0.18126320838928223,-1.5078125,0,0,0.16833527677624907,taglish,comment,True,unanimous,3-0,1,1
t1_p75paso,0,0.9001793265342712,2.19921875,1,1,0.9113306177299959,taglish,comment,True,adjudicator,2-1,0,1
t1_p7cm5o9,0,0.06371499598026276,-2.6875,0,0,0.05482068543987056,taglish,comment,True,adjudicator,2-1,0,0
t1_p6xngqr,1,0.15921740233898163,-1.6640625,0,0,0.14641340859769936,taglish,comment,True,unanimous,3-0,1,1
t1_p4i7379,1,0.5418785810470581,0.16790771484375,1,0,0.5443560955922861,tagalog,comment,True,adjudicator,2-1,1,1
t1_p6zroni,0,0.05964693799614906,-2.7578125,0,0,0.05108634519126149,english,comment,True,majority,3-0,0,0
t1_p73bf3o,0,0.052618954330682755,-2.890625,0,0,0.0446804217832095,tagalog,comment,True,adjudicator,2-1,0,1
t1_p72xq0x,0,0.04023794084787369,-3.171875,0,0,0.033553508445455085,tagalog,comment,True,majority,3-0,0,0
t1_p3fe0l3,0,0.6738358736038208,0.7255859375,1,1,0.683246432739069,tagalog,comment,True,adjudicator,2-1,0,0
t1_p6xg4if,0,0.04084571823477745,-3.15625,0,0,0.03409448454862568,english,comment,True,majority,3-0,0,0
t1_p72r73n,0,0.3697701096534729,-0.533203125,0,0,0.36241236688855355,tagalog,comment,True,adjudicator,2-1,0,1
t1_p56ycd2,0,0.0832919254899025,-2.3984375,0,0,0.07302965282360734,tagalog,comment,True,unanimous,3-0,0,0
t1_p506evv,1,0.15662017464637756,-1.68359375,0,0,0.14384618961045115,taglish,comment,True,adjudicator,2-1,1,1
t1_p4zz7jm,0,0.270480215549469,-0.9921875,0,0,0.25899741383499275,tagalog,comment,True,majority,3-0,0,0
t3_1vf0mft,0,0.02909075655043125,-3.5078125,0,0,0.02374393264843928,taglish,submission,True,unanimous,3-0,0,0
t1_p79hkin,0,0.04778006672859192,-2.9921875,0,0,0.04030607406539599,taglish,comment,True,unanimous,3-0,0,0
t1_p73uwo5,0,0.13028542697429657,-1.8984375,0,0,0.11801904342385765,taglish,comment,True,majority,3-0,0,0
t1_p4mctow,0,0.8210441470146179,1.5234375,1,1,0.8339695669178101,tagalog,comment,True,adjudicator,2-1,0,0
t1_p7446ww,0,0.053403329104185104,-2.875,0,0,0.045392368781685816,taglish,comment,True,majority,3-0,0,0
t1_p745nm4,0,0.11596072465181351,-2.03125,0,0,0.10414126812790092,taglish,comment,True,unanimous,3-0,0,0
t1_p7bco0h,0,0.5301148891448975,0.12060546875,1,0,0.5319008688678442,tagalog,comment,True,majority,3-0,0,0
t1_p75cezi,0,0.03963883966207504,-3.1875,0,0,0.03302082254889943,english,comment,True,majority,3-0,0,0
t1_p75cfk1,0,0.03963883966207504,-3.1875,0,0,0.03302082254889943,english,comment,True,majority,3-0,0,0
t1_p4mdvr0,0,0.6706082820892334,0.7109375,1,1,0.6798781842297241,english,comment,True,adjudicator,2-1,0,0
t1_p75fi9e,0,0.4101654887199402,-0.36328125,0,0,0.40494970016323,english,comment,True,adjudicator,2-1,0,0
t1_p7b5tbp,0,0.5493384599685669,0.197998046875,1,0,0.5522514396199445,tagalog,comment,True,unanimous,3-0,0,0
t3_1vna3cl,0,0.13846179842948914,-1.828125,0,0,0.12599642093955318,taglish,submission,True,majority,3-0,0,0
t1_p3km5es,0,0.09807931631803513,-2.21875,0,0,0.08701144043878545,tagalog,comment,True,adjudicator,2-1,0,1
t1_p74b2gk,0,0.05921025201678276,-2.765625,0,0,0.05068658990754702,taglish,comment,True,unanimous,3-0,0,0
t1_p5fv6sf,1,0.8204694986343384,1.51953125,1,1,0.8333957361609217,english,comment,True,adjudicator,2-1,1,1
t1_p7cooem,0,0.14080817997455597,-1.80859375,0,0,0.12829281177803642,tagalog,comment,True,adjudicator,2-1,0,1
t1_p6ysr0x,0,0.299105167388916,-0.8515625,0,0,0.2885988034307958,taglish,comment,True,adjudicator,2-1,0,1
t1_p4mdcaf,0,0.4260827302932739,-0.2978515625,0,0,0.42175752157785545,tagalog,comment,True,majority,3-0,0,0
t1_p27mrqh,0,0.23440666496753693,-1.18359375,0,0,0.2220129963678971,taglish,comment,True,adjudicator,2-1,0,1
t1_p3k4aop,0,0.03594832494854927,-3.2890625,0,0,0.029752433539623698,taglish,comment,True,majority,3-0,0,0
t1_p3g3iqe,0,0.12678517401218414,-1.9296875,0,0,0.11461613686694316,taglish,comment,True,unanimous,3-0,0,0
t1_p7c5z5s,0,0.5412421226501465,0.16534423828125,1,0,0.5436823810938445,tagalog,comment,True,adjudicator,2-1,0,0
t1_p5ijgbc,1,0.8719117641448975,1.91796875,1,1,0.8841178976339923,tagalog,comment,True,majority,3-0,1,1
t1_p3fd8u6,0,0.15203222632408142,-1.71875,0,0,0.13931965652522274,tagalog,comment,True,adjudicator,2-1,0,0
t1_p4xru6b,0,0.74167400598526,1.0546875,1,1,0.7535065857831854,taglish,comment,True,adjudicator,2-1,0,1
t1_p3fdc66,0,0.3306872844696045,-0.705078125,0,0,0.3214744093828716,taglish,comment,True,majority,3-0,0,0
t1_p4ttar2,0,0.5503430366516113,0.202056884765625,1,0,0.5533145059265413,taglish,comment,True,unanimous,3-0,0,0
t1_p501rgp,0,0.1352320909500122,-1.85546875,0,0,0.12284065263818066,taglish,comment,True,majority,3-0,0,0
t1_p5cr76w,0,0.1431877166032791,-1.7890625,0,0,0.13062480100597756,taglish,comment,True,majority,3-0,0,0
t1_p3fjudp,0,0.11047115921974182,-2.0859375,0,0,0.09885840733512823,tagalog,comment,True,adjudicator,2-1,0,0
t1_p3f3esb,0,0.18952110409736633,-1.453125,0,0,0.17660327357414296,taglish,comment,True,adjudicator,2-1,0,0
t1_p74em8i,0,0.32338008284568787,-0.73828125,0,0,0.31384986224601946,english,comment,True,adjudicator,2-1,0,0
t1_p3etqi4,1,0.7905303239822388,1.328125,1,1,0.8033080432365228,tagalog,comment,True,adjudicator,2-1,1,1
t1_p79wfkz,0,0.10087861120700836,-2.1875,0,0,0.08967778669931038,tagalog,comment,True,unanimous,3-0,0,0
t1_p4temin,0,0.6118459105491638,0.455078125,1,1,0.6182527180110003,tagalog,comment,True,majority,3-0,0,0
t3_1vkn1es,0,0.02779562398791313,-3.5546875,0,0,0.02261957625909082,taglish,submission,True,unanimous,3-0,0,0
t1_p7cplnf,0,0.052618954330682755,-2.890625,0,0,0.0446804217832095,taglish,comment,True,adjudicator,2-1,0,1
t1_p5j3i5t,0,0.45314082503318787,-0.18798828125,0,0,0.45037228012937436,taglish,comment,True,unanimous,3-0,0,0
t1_p73lsd9,0,0.09670579433441162,-2.234375,0,0,0.08570533366169593,english,comment,True,majority,3-0,0,0
t1_p7jle5m,0,0.845432698726654,1.69921875,1,1,0.8581805276054083,tagalog,comment,True,unanimous,3-0,0,0
t1_p7bzinf,0,0.6078959703445435,0.4384765625,1,1,0.6140929433678158,taglish,comment,True,unanimous,3-0,0,0
t3_1vn5hr5,0,0.13072869181632996,-1.89453125,0,0,0.11845050650245781,taglish,submission,True,majority,3-0,0,0
t1_p7b2zfe,0,0.02931223064661026,-3.5,0,0,0.02393655431803907,taglish,comment,True,unanimous,3-0,0,0
t1_p7jnjat,1,0.7041601538658142,0.8671875,1,1,0.7147879837517394,tagalog,comment,True,majority,3-0,1,1
t1_p1tx8go,0,0.09268777817487717,-2.28125,0,0,0.08189301807743535,tagalog,comment,True,unanimous,3-0,0,0
t1_p5ijuh1,0,0.8370879292488098,1.63671875,1,1,0.8499288482578606,tagalog,comment,True,adjudicator,2-1,0,1
t1_p7j17ud,1,0.6286354064941406,0.5263671875,1,1,0.6359124669710221,tagalog,comment,True,adjudicator,2-1,1,0
t1_p5ik2mt,0,0.6693126559257507,0.705078125,1,1,0.6785255906171284,tagalog,comment,True,adjudicator,3-0,0,0
t1_p5iixis,0,0.7531036734580994,1.115234375,1,1,0.7652263226827806,taglish,comment,True,adjudicator,2-1,0,1
t1_p5inhrk,0,0.6808785796165466,0.7578125,1,1,0.6905890020797298,tagalog,comment,True,adjudicator,2-1,0,1
t1_p7apo08,0,0.25720497965812683,-1.060546875,0,0,0.24534222904192968,taglish,comment,True,majority,3-0,0,0
t1_p539k62,0,0.04208773002028465,-3.125,0,0,0.03520178549002724,taglish,comment,True,majority,3-0,0,0
t1_p7jmcko,0,0.858244001865387,1.80078125,1,1,0.8707786825629577,tagalog,comment,True,adjudicator,2-1,0,1
t3_1vmfdu4,0,0.1233656257390976,-1.9609375,0,0,0.11129896645638941,taglish,submission,True,adjudicator,2-1,0,0
t1_p6vmioe,0,0.3298232853412628,-0.708984375,0,0,0.32057234583298233,taglish,comment,True,majority,3-0,0,0
t1_p73l2yp,0,0.13477592170238495,-1.859375,0,0,0.12239541845044345,taglish,comment,True,majority,3-0,0,0
t3_1vjvros,0,0.5299932360649109,0.1201171875,1,0,0.5317720642086401,tagalog,submission,True,majority,3-0,0,0
t1_p6t9u07,0,0.030444350093603134,-3.4609375,0,0,0.024922752540333385,taglish,comment,True,majority,3-0,0,0
t1_p730s7k,0,0.037326887249946594,-3.25,0,0,0.030970645855543166,taglish,comment,True,majority,3-0,0,0
t1_p2repsp,0,0.11357959359884262,-2.0546875,0,0,0.10184728984174712,taglish,comment,True,majority,3-0,0,0
t1_p6y3fo9,0,0.3993430435657501,-0.408203125,0,0,0.39353520605246256,english,comment,True,unanimous,3-0,0,0
t1_p3k8lgh,0,0.043365802615880966,-3.09375,0,0,0.036343695574070974,tagalog,comment,True,unanimous,3-0,0,0
t1_p2r1wa5,0,0.18952110409736633,-1.453125,0,0,0.17660327357414296,tagalog,comment,True,majority,3-0,0,0
t1_p7alvaf,0,0.04208773002028465,-3.125,0,0,0.03520178549002724,english,comment,True,majority,3-0,0,0
t1_p3jzkmd,0,0.04742587357759476,-3.0,0,0,0.03998712060268837,taglish,comment,True,majority,3-0,0,0
t1_p47w28i,0,0.08819004148244858,-2.3359375,0,0,0.07764095048311967,taglish,comment,True,adjudicator,2-1,0,1
t1_p5dc63m,0,0.5400750041007996,0.16064453125,1,0,0.5424468243701611,taglish,comment,True,majority,3-0,0,0
t1_p3h2zmc,0,0.4328423738479614,-0.270263671875,0,0,0.42890150593356985,taglish,comment,True,majority,3-0,0,0
t1_p72hos4,0,0.04603390395641327,-3.03125,0,0,0.03873533647257179,taglish,comment,True,majority,3-0,0,0
t1_p5cm6yc,0,0.35309353470802307,-0.60546875,0,0,0.3449139138501441,taglish,comment,True,unanimous,3-0,0,0
t1_p7jmwuw,0,0.21933749318122864,-1.26953125,0,0,0.206685486465822,taglish,comment,True,unanimous,3-0,0,0
t1_p2kp7px,0,0.03649376332759857,-3.2734375,0,0,0.030234042907171754,english,comment,True,majority,3-0,0,0
t1_p51678c,0,0.21272224187850952,-1.30859375,0,0,0.1999820130043669,english,comment,True,majority,3-0,0,0
t1_p4s1e0i,0,0.38676342368125916,-0.4609375,0,0,0.38028322147608534,taglish,comment,True,unanimous,3-0,0,0
t1_p5gpret,1,0.8464508652687073,1.70703125,1,1,0.8591849173582058,taglish,comment,True,unanimous,3-0,1,1
t1_p7j0fuj,0,0.804405927658081,1.4140625,1,1,0.8172979499266232,taglish,comment,True,majority,3-0,0,0
t1_p3g3bgw,0,0.06142404302954674,-2.7265625,0,0,0.05271538001704409,taglish,comment,True,majority,3-0,0,0
t1_p4cxm10,0,0.049958519637584686,-2.9453125,0,0,0.04227155423595593,taglish,comment,True,majority,3-0,0,0
t1_p27676o,0,0.02517884038388729,-3.65625,0,0,0.020359023229511466,tagalog,comment,True,adjudicator,3-0,0,0
t1_p1753z6,0,0.08882029354572296,-2.328125,0,0,0.07823576990030098,taglish,comment,True,majority,3-0,0,0
t1_p1u8a4a,0,0.08151976019144058,-2.421875,0,0,0.07136639379901166,english,comment,True,majority,3-0,0,0
t1_p7k6xn5,0,0.8056321740150452,1.421875,1,1,0.8185306520133956,english,comment,True,adjudicator,2-1,0,0
t1_p3lsnni,0,0.03541072830557823,-3.3046875,0,0,0.029278264289816676,english,comment,True,majority,3-0,0,0
t1_p3fov8w,0,0.1661335527896881,-1.61328125,0,0,0.15326595803193444,taglish,comment,True,unanimous,3-0,0,0
t1_p1tc4gj,0,0.103748619556427,-2.15625,0,0,0.09241756871429335,english,comment,True,majority,3-0,0,0
t3_1vhs53z,0,0.18359361588954926,-1.4921875,0,0,0.17066556870542765,taglish,submission,True,adjudicator,2-1,0,1
t1_p4ryksa,0,0.227469339966774,-1.22265625,0,0,0.21494709641291943,english,comment,True,majority,3-0,0,0
t1_p174s1z,0,0.15052762627601624,-1.73046875,0,0,0.13783756373613143,taglish,comment,True,unanimous,3-0,0,0
t1_p4ryfsy,1,0.5180585384368896,0.072265625,1,0,0.5191313461484561,english,comment,True,majority,3-0,1,1
t1_p7c3l69,0,0.5810654163360596,0.3271484375,1,0,0.585793257179494,taglish,comment,True,majority,3-0,0,0
t1_p4mavs0,0,0.8080672025680542,1.4375,1,1,0.8209766168250107,tagalog,comment,True,adjudicator,2-1,0,0
t1_p7bkjap,0,0.10521054267883301,-2.140625,0,0,0.0938154705654412,tagalog,comment,True,adjudicator,2-1,0,1
t1_p75ofnj,1,0.869714617729187,1.8984375,1,1,0.8819809565761424,tagalog,comment,True,majority,3-0,1,1
t1_p7cjao1,0,0.047074176371097565,-3.0078125,0,0,0.03967058677712499,taglish,comment,True,majority,3-0,0,0
t1_p3p30ek,0,0.06754669547080994,-2.625,0,0,0.05835459767286802,tagalog,comment,True,majority,3-0,0,0
t1_p73lthh,0,0.07316472381353378,-2.5390625,0,0,0.06356345801667539,taglish,comment,True,majority,3-0,0,0
t3_1vchihj,0,0.014281933195888996,-4.234375,0,0,0.011138309073796246,taglish,submission,True,majority,3-0,0,0
t1_p72pp3f,1,0.2579519748687744,-1.056640625,0,0,0.24610928235524962,tagalog,comment,True,adjudicator,2-1,1,0
t1_p72kh9o,0,0.046378206461668015,-3.0234375,0,0,0.039044711287797434,taglish,comment,True,majority,3-0,0,0
t1_p7e01e8,0,0.04084571823477745,-3.15625,0,0,0.03409448454862568,taglish,comment,True,majority,3-0,0,0
t1_p170sk2,0,0.06512754410505295,-2.6640625,0,0,0.05612163598437559,tagalog,comment,True,majority,3-0,0,0
t1_p6utm4e,0,0.564578652381897,0.259765625,1,0,0.5683720159728065,tagalog,comment,True,adjudicator,2-1,0,0
t1_p7bjlmq,0,0.14511536061763763,-1.7734375,0,0,0.13251624067001536,taglish,comment,True,unanimous,3-0,0,0
t1_p1tgod4,0,0.06187598779797554,-2.71875,0,0,0.05313024046409244,tagalog,comment,True,adjudicator,2-1,0,0
t1_p3jv73o,0,0.1830088496208191,-1.49609375,0,0,0.17008060444292594,taglish,comment,True,majority,3-0,0,0
t1_p73oayr,0,0.19132769107818604,-1.44140625,0,0,0.1784159349389962,taglish,comment,True,majority,3-0,0,0
t1_p6s87ve,0,0.03817827254533768,-3.2265625,0,0,0.03172460784491219,english,comment,True,majority,3-0,0,0
t1_p501kyt,0,0.29462069272994995,-0.873046875,0,0,0.2839481471048958,tagalog,comment,True,adjudicator,2-1,0,0
t1_p5fgvsq,1,0.7498207092285156,1.09765625,1,1,0.7618640297795154,taglish,comment,True,majority,3-0,1,1
t1_p5fb6ya,0,0.5627773404121399,0.25244140625,1,0,0.5664673548555073,english,comment,True,adjudicator,2-1,0,0
t1_p6s69yr,0,0.03384403511881828,-3.3515625,0,0,0.027899327767013937,english,comment,True,majority,3-0,0,0
t1_p73ltjr,0,0.2240554690361023,-1.2421875,0,0,0.21147591897176313,english,comment,True,majority,3-0,0,0
t1_p5id8nt,0,0.7412996292114258,1.052734375,1,1,0.7531220507005963,tagalog,comment,True,majority,3-0,0,0
t1_p5h9wbt,1,0.8832359910011292,2.0234375,1,1,0.8950839827546186,english,comment,True,adjudicator,2-1,1,1
t1_p5ih4jw,1,0.8661325573921204,1.8671875,1,1,0.8784908844778906,taglish,comment,True,majority,3-0,1,1
t1_p3rmjs2,0,0.15304215252399445,-1.7109375,0,0,0.14031512182409556,taglish,comment,True,majority,3-0,0,0
t1_p4zw01z,1,0.707808792591095,0.884765625,1,1,0.7185694235888063,taglish,comment,True,majority,3-0,1,1
t1_p56lwbi,0,0.043042849749326706,-3.1015625,0,0,0.03605491954473112,taglish,comment,True,majority,3-0,0,0
t1_p4miji8,0,0.7617157697677612,1.162109375,1,1,0.7740306312392188,tagalog,comment,True,adjudicator,2-1,0,0
t1_p3m00z4,0,0.05665242671966553,-2.8125,0,0,0.04834959257896906,english,comment,True,majority,3-0,0,0
t1_p744yjy,0,0.07263670861721039,-2.546875,0,0,0.06307255778319007,taglish,comment,True,majority,3-0,0,0
t1_p3gk5rl,0,0.3036285638809204,-0.830078125,0,0,0.29329443113757736,taglish,comment,True,majority,3-0,0,0
t1_p7b941u,0,0.30985841155052185,-0.80078125,0,0,0.2997689835267794,tagalog,comment,True,unanimous,3-0,0,0
t1_p4l6vav,0,0.034358687698841095,-3.3359375,0,0,0.02835181703096657,english,comment,True,majority,3-0,0,0
t1_p3lw9cc,0,0.03934250399470329,-3.1953125,0,0,0.03275755156385933,english,comment,True,majority,3-0,0,0
t1_p6znf3i,0,0.05921025201678276,-2.765625,0,0,0.05068658990754702,taglish,comment,True,unanimous,3-0,0,0
t1_p5iikoh,0,0.8116759657859802,1.4609375,1,1,0.8245971107673908,tagalog,comment,True,adjudicator,2-1,0,1
t1_p3yp6yt,0,0.5870851874351501,0.3519287109375,1,0,0.5921487827157771,tagalog,comment,True,adjudicator,2-1,0,1
t1_p2fjeqv,0,0.02460992895066738,-3.6796875,0,0,0.019869631033144354,english,comment,True,majority,3-0,0,0
t1_p3lxvql,0,0.06052939593791962,-2.7421875,0,0,0.0518948206659612,taglish,comment,True,unanimous,3-0,0,0
t1_p7b9oyf,0,0.06418264657258987,-2.6796875,0,0,0.05525114789373,taglish,comment,True,unanimous,3-0,0,0
t1_p3givw4,0,0.32295286655426025,-0.740234375,0,0,0.3134044218917342,taglish,comment,True,unanimous,3-0,0,0
t1_p7iwoea,0,0.7017130851745605,0.85546875,1,1,0.7122501318292443,tagalog,comment,True,adjudicator,2-1,0,0
t1_p3ndwj2,0,0.16451646387577057,-1.625,0,0,0.15166164648865912,taglish,comment,True,majority,3-0,0,0
t1_p56v3dp,0,0.8656789064407349,1.86328125,1,1,0.8780484263515121,english,comment,True,adjudicator,2-1,0,0
t1_p56qvxs,1,0.8683809638023376,1.88671875,1,1,0.8806824703009575,english,comment,True,unanimous,3-0,1,1
t1_p7b7xq0,0,0.4751790761947632,-0.099365234375,0,0,0.47370582976611897,english,comment,True,unanimous,3-0,0,0
t1_p5g9bus,0,0.5071101188659668,0.0284423828125,1,0,0.5075328437264962,english,comment,True,adjudicator,2-1,0,1
t3_1vqi616,1,0.07585818320512772,-2.5,0,0,0.06607178742493337,taglish,submission,True,majority,3-0,1,1
t1_p73mpuk,0,0.09203286468982697,-2.2890625,0,0,0.08127284459380817,tagalog,comment,True,adjudicator,2-1,0,0
t1_p76vpz3,1,0.7943849563598633,1.3515625,1,1,0.8072019455946273,taglish,comment,True,majority,3-0,1,1
t1_p292hor,0,0.020332353189587593,-3.875,0,0,0.016215815918386358,taglish,comment,True,unanimous,3-0,0,0
t1_p50o4cl,0,0.09138210862874985,-2.296875,0,0,0.08065695506735654,taglish,comment,True,adjudicator,2-1,0,0
t1_p74y1de,0,0.23161423206329346,-1.19921875,0,0,0.21916687927713474,english,comment,True,unanimous,3-0,0,0
t1_p7cf1k7,0,0.42298123240470886,-0.310546875,0,0,0.41848080622948414,tagalog,comment,True,adjudicator,2-1,0,1
t1_p4zh708,0,0.18068422377109528,-1.51171875,0,0,0.16775668406154945,taglish,comment,True,majority,3-0,0,0
t1_p3mg8ib,0,0.03384403511881828,-3.3515625,0,0,0.027899327767013937,english,comment,True,majority,3-0,0,0
t1_p72jub2,0,0.3069423735141754,-0.814453125,0,0,0.2967373506244537,tagalog,comment,True,adjudicator,2-1,0,1
t1_p5cuakc,0,0.6160122752189636,0.47265625,1,1,0.6226383528197579,tagalog,comment,True,adjudicator,2-1,0,0
t1_p6y5vfc,0,0.04177388176321983,-3.1328125,0,0,0.03492175392879284,taglish,comment,True,unanimous,3-0,0,0
t1_p72i3dh,0,0.07369627058506012,-2.53125,0,0,0.06405791775350488,taglish,comment,True,adjudicator,2-1,0,0
t1_p3mc8tw,0,0.5107405185699463,0.04296875,1,0,0.5113789861099737,taglish,comment,True,majority,3-0,0,0
t1_p7ixzm5,1,0.8116759657859802,1.4609375,1,1,0.8245971107673908,tagalog,comment,True,adjudicator,2-1,1,0
t1_p7ccwv7,0,0.5543498396873474,0.21826171875,1,0,0.5575538271706779,tagalog,comment,True,adjudicator,2-1,0,1
t1_p1t667x,0,0.10158944875001907,-2.1796875,0,0,0.09035578855741758,taglish,comment,True,majority,3-0,0,0
t1_p3gghb0,0,0.02595735713839531,-3.625,0,0,0.021029944243948506,taglish,comment,True,unanimous,3-0,0,0
t1_p75f6ia,0,0.5660784840583801,0.265869140625,1,0,0.5699576928466035,taglish,comment,True,majority,3-0,0,0
t1_p1t5z9b,0,0.10594828426837921,-2.1328125,0,0,0.09452150688681012,taglish,comment,True,unanimous,3-0,0,0
t3_1vmbtkh,0,0.29219117760658264,-0.884765625,0,0,0.28143057641119373,taglish,submission,True,majority,3-0,0,0
t1_p3mzjh2,0,0.06512754410505295,-2.6640625,0,0,0.05612163598437559,taglish,comment,True,unanimous,3-0,0,0
t1_p3lrd7j,0,0.04672495648264885,-3.015625,0,0,0.0393564558789569,taglish,comment,True,majority,3-0,0,0
t1_p570gq4,0,0.5851011276245117,0.34375,1,0,0.590054441270157,tagalog,comment,True,adjudicator,2-1,0,1
t1_p6yeasx,1,0.7375364303588867,1.033203125,1,1,0.749254565426288,taglish,comment,True,majority,3-0,1,1
t1_p5inice,1,0.6410853266716003,0.580078125,1,1,0.6489828857352753,taglish,comment,True,unanimous,3-0,1,1
t1_p4yzclk,0,0.3420218825340271,-0.654296875,0,0,0.333320842059879,tagalog,comment,True,unanimous,3-0,0,0
t1_p75lqbr,0,0.8233283758163452,1.5390625,1,1,0.8362490663323874,taglish,comment,True,majority,3-0,0,0
t1_p7b4tpz,0,0.06418264657258987,-2.6796875,0,0,0.05525114789373,tagalog,comment,True,majority,3-0,0,0
t1_p6xrwg6,0,0.3195458948612213,-0.755859375,0,0,0.30985332388316744,tagalog,comment,True,adjudicator,2-1,0,1
t1_p3mepmv,0,0.023870835080742836,-3.7109375,0,0,0.01923500031055653,english,comment,True,majority,3-0,0,0
t1_p7anc03,0,0.06903792917728424,-2.6015625,0,0,0.05973411149002126,taglish,comment,True,unanimous,3-0,0,0
t1_p3lx9gn,0,0.02909075655043125,-3.5078125,0,0,0.02374393264843928,english,comment,True,majority,3-0,0,0
t1_p4zg2ok,0,0.21800270676612854,-1.27734375,0,0,0.20533162048050713,tagalog,comment,True,majority,3-0,0,0
t3_1vt61l7,0,0.021948251873254776,-3.796875,0,0,0.01759050531495106,tagalog,submission,True,majority,3-0,0,0
t1_p3qfzqe,0,0.03161877021193504,-3.421875,0,0,0.025948502439163787,taglish,comment,True,majority,3-0,0,0
t1_p739rsl,0,0.09334688633680344,-2.2734375,0,0,0.08251749890500319,taglish,comment,True,majority,3-0,0,0
t1_p56shvj,0,0.07107366621494293,-2.5703125,0,0,0.06162099782106891,tagalog,comment,True,unanimous,3-0,0,0
t1_p74qxt5,0,0.4002804160118103,-0.404296875,0,0,0.3945233627727156,taglish,comment,True,majority,3-0,0,0
t1_p7jlh3k,0,0.32039588689804077,-0.751953125,0,0,0.310739019917234,tagalog,comment,True,majority,3-0,0,0
t1_p5i2g2g,0,0.488618940114975,-0.0455322265625,0,0,0.48794240973559455,english,comment,True,majority,3-0,0,0
t1_p7asonj,1,0.5625370144844055,0.25146484375,1,0,0.5662132503315537,english,comment,True,adjudicator,2-1,1,0
t1_p7akr6w,0,0.13568955659866333,-1.8515625,0,0,0.12328727891502693,taglish,comment,True,unanimous,3-0,0,0
t1_p46c1ys,0,0.0960254892706871,-2.2421875,0,0,0.08505896436358384,tagalog,comment,True,adjudicator,2-1,0,0
t1_p3s504y,0,0.06278920918703079,-2.703125,0,0,0.05396922227344376,taglish,comment,True,majority,3-0,0,0
t1_p5btd0h,1,0.30528295040130615,-0.822265625,0,0,0.2950129701158667,english,comment,True,adjudicator,3-0,1,1
t1_p79v19c,1,0.7154240012168884,0.921875,1,1,0.7264514512735211,taglish,comment,True,majority,3-0,1,1
t1_p6l0our,0,0.06325051933526993,-2.6953125,0,0,0.054393383635284565,english,comment,True,adjudicator,2-1,0,1
t1_p5qheju,0,0.051082734018564224,-2.921875,0,0,0.04328834028274152,tagalog,comment,True,adjudicator,2-1,0,0
t1_p469u4w,1,0.07477004826068878,-2.515625,0,0,0.06505760273871837,taglish,comment,True,unanimous,3-0,1,1
t1_p5g0w8c,1,0.6268097758293152,0.5185546875,1,1,0.6339939512362728,english,comment,True,adjudicator,2-1,1,1
t1_p3gjnmz,0,0.03185885399580002,-3.4140625,0,0,0.02615852937977308,english,comment,True,majority,3-0,0,0
t1_p7ak5ny,0,0.07696083933115005,-2.484375,0,0,0.06710064757123804,taglish,comment,True,majority,3-0,0,0
t1_p57hyi6,0,0.09534946829080582,-2.25,0,0,0.0844170197414223,english,comment,True,adjudicator,2-1,0,0
t1_p51u0yc,0,0.018124721944332123,-3.9921875,0,0,0.014349661363518309,tagalog,comment,True,majority,3-0,0,0
t1_p56z4ga,0,0.1108555942773819,-2.08203125,0,0,0.09922770237822413,tagalog,comment,True,adjudicator,2-1,0,1
t1_p3hib7w,0,0.47085830569267273,-0.11669921875,0,0,0.4691296860093092,taglish,comment,True,unanimous,3-0,0,0
t1_p5e0sq3,1,0.19314739108085632,-1.4296875,0,0,0.18024312879858423,taglish,comment,True,majority,3-0,1,1
t1_p56zaib,0,0.5886526703834534,0.3583984375,1,0,0.5938031366835081,english,comment,True,adjudicator,2-1,0,1
t1_p56r0lz,0,0.4730486273765564,-0.10791015625,0,0,0.47144938407716475,taglish,comment,True,adjudicator,2-1,0,0
t1_p5jj6g4,0,0.5615754723548889,0.24755859375,1,0,0.565196485345793,english,comment,True,adjudicator,2-1,0,0
t1_p7bchp8,0,0.14706452190876007,-1.7578125,0,0,0.13443083329612768,english,comment,True,majority,3-0,0,0
t1_p5bqsqg,0,0.04115288704633713,-3.1484375,0,0,0.03436811861718476,tagalog,comment,True,majority,3-0,0,0
t1_p505gfw,0,0.05877655744552612,-2.7734375,0,0,0.05028979696340589,taglish,comment,True,majority,3-0,0,0
t1_p7jjze4,0,0.7577943801879883,1.140625,1,1,0.770024595802234,english,comment,True,unanimous,3-0,0,0
t1_p56ss9e,0,0.04535258188843727,-3.046875,0,0,0.038123630491819376,taglish,comment,True,adjudicator,2-1,0,0
t1_p7447d8,0,0.14511536061763763,-1.7734375,0,0,0.13251624067001536,taglish,comment,True,majority,3-0,0,0
t1_p7bz4l9,0,0.037326887249946594,-3.25,0,0,0.030970645855543166,taglish,comment,True,majority,3-0,0,0
t1_p4bsnv1,0,0.4326176345348358,-0.27117919921875,0,0,0.4286639336591558,tagalog,comment,True,majority,3-0,0,0
t1_p61jws7,0,0.1030244380235672,-2.1640625,0,0,0.09172565593917371,english,comment,True,adjudicator,2-1,0,1
t1_p6ru8e6,0,0.19559408724308014,-1.4140625,0,0,0.1827020500733767,taglish,comment,True,majority,3-0,0,0
t1_p73y8o3,0,0.0844927504658699,-2.3828125,0,0,0.0741582565797806,english,comment,True,majority,3-0,0,0
t1_p742bdi,0,0.42274293303489685,-0.3115234375,0,0,0.41822904502529445,english,comment,True,adjudicator,2-1,0,0
t1_p5is9gx,0,0.6619228720664978,0.671875,1,1,0.6708046827103527,taglish,comment,True,adjudicator,2-1,0,1
t1_p74w4x6,1,0.468030720949173,-0.1280517578125,0,0,0.4661353968456683,taglish,comment,True,adjudicator,2-1,1,0
t1_p7ct6hb,0,0.03541072830557823,-3.3046875,0,0,0.029278264289816676,taglish,comment,True,majority,3-0,0,0
t1_p3cd49q,0,0.5517398118972778,0.20770263671875,1,0,0.5547923947446123,taglish,comment,True,adjudicator,2-1,0,0
t1_p4nkkv3,0,0.27943506836891174,-0.947265625,0,0,0.26823558727783003,english,comment,True,unanimous,3-0,0,0
t1_p56tge7,0,0.7898827195167542,1.32421875,1,1,0.8026533174389885,tagalog,comment,True,adjudicator,2-1,0,0
t1_p6l35h6,0,0.028007520362734795,-3.546875,0,0,0.022803289688347893,tagalog,comment,True,majority,3-0,0,0
t1_p3ccojs,0,0.29992473125457764,-0.84765625,0,0,0.2894492254389022,tagalog,comment,True,adjudicator,2-1,0,0
t1_p5owqcx,0,0.13892841339111328,-1.82421875,0,0,0.12645286693255264,english,comment,True,unanimous,3-0,0,0
t1_p4zxny7,0,0.5789839029312134,0.318603515625,1,0,0.5835949421125088,taglish,comment,True,adjudicator,2-1,0,0
t1_p3qp9i0,0,0.09073548763990402,-2.3046875,0,0,0.08004532614183058,taglish,comment,True,majority,3-0,0,0
t1_p4znx78,0,0.4414322078227997,-0.2353515625,0,0,0.43798440481063994,tagalog,comment,True,adjudicator,2-1,0,1
t1_p7cv2ix,0,0.06278920918703079,-2.703125,0,0,0.05396922227344376,taglish,comment,True,majority,3-0,0,0
t1_p46zdqa,0,0.09268777817487717,-2.28125,0,0,0.08189301807743535,taglish,comment,True,majority,3-0,0,0
t1_p3giaih,0,0.017712298780679703,-4.015625,0,0,0.01400265802532903,taglish,comment,True,majority,3-0,0,0
t1_p5jlwpx,0,0.8370879292488098,1.63671875,1,1,0.8499288482578606,tagalog,comment,True,majority,3-0,0,0
t1_p506jlc,1,0.7229183912277222,0.958984375,1,1,0.7341943852123428,taglish,comment,True,majority,3-0,1,1
t1_p7k5zbv,1,0.5678167939186096,0.27294921875,1,0,0.5717952794274302,taglish,comment,True,adjudicator,2-1,1,1
t1_p3km1oi,0,0.13386748731136322,-1.8671875,0,0,0.12150911552210938,taglish,comment,True,majority,3-0,0,0
t1_p7du9bc,0,0.2708657681941986,-0.990234375,0,0,0.259394740309709,tagalog,comment,True,majority,3-0,0,0
t1_p6rpvsx,0,0.08151976019144058,-2.421875,0,0,0.07136639379901166,tagalog,comment,True,unanimous,3-0,0,0
t1_p7airw8,0,0.14903530478477478,-1.7421875,0,0,0.13636873945080347,taglish,comment,True,majority,3-0,0,0
t1_p4mkcna,1,0.6116139888763428,0.4541015625,1,1,0.6180084981589391,english,comment,True,majority,3-0,1,1
t1_p53cx84,0,0.015306354500353336,-4.1640625,0,0,0.011989399514255613,english,comment,True,majority,3-0,0,0
t1_p7ba30m,0,0.19993212819099426,-1.38671875,0,0,0.1870676867611616,taglish,comment,True,unanimous,3-0,0,0
t1_p3gclze,0,0.027376487851142883,-3.5703125,0,0,0.02225647684260478,taglish,comment,True,unanimous,3-0,0,0
t1_p7ch7u7,0,0.07211221009492874,-2.5546875,0,0,0.06258519538954795,english,comment,True,unanimous,3-0,0,0
t1_p6zkkgj,0,0.016914913430809975,-4.0625,0,0,0.013333284294372586,english,comment,True,majority,3-0,0,0
t1_p4zszjj,0,0.5839152932167053,0.3388671875,1,0,0.5888025242288321,tagalog,comment,True,adjudicator,2-1,0,0
t1_p509rh2,0,0.8610715270042419,1.82421875,1,1,0.8735471330674475,taglish,comment,True,adjudicator,2-1,0,0
t1_p5ihpji,0,0.7360213398933411,1.025390625,1,1,0.7476963312446541,tagalog,comment,True,adjudicator,2-1,0,1
t1_p50eyio,0,0.6697447896003723,0.70703125,1,1,0.6789767894317221,english,comment,True,adjudicator,2-1,0,0
t1_p6rp2hj,0,0.12678517401218414,-1.9296875,0,0,0.11461613686694316,taglish,comment,True,unanimous,3-0,0,0
t1_p56rw0h,0,0.5110455751419067,0.044189453125,1,0,0.511702136329983,tagalog,comment,True,adjudicator,2-1,0,0
t3_1vqocnh,0,0.103748619556427,-2.15625,0,0,0.09241756871429335,taglish,submission,True,majority,3-0,0,0
t1_p7coaxk,0,0.03488088399171829,-3.3203125,0,0,0.028811427548629746,taglish,comment,True,majority,3-0,0,0
t1_p50o20n,0,0.7221353054046631,0.955078125,1,1,0.7333859567642247,tagalog,comment,True,majority,3-0,0,0
t3_1vhps53,0,0.0443485863506794,-3.0703125,0,0,0.03722343669153708,taglish,submission,True,unanimous,3-0,0,0
t1_p5ngq2s,0,0.017576880753040314,-4.0234375,0,0,0.013888838670312544,english,comment,True,adjudicator,2-1,0,0
t1_p510wd0,1,0.5860491394996643,0.34765625,1,0,0.5910551361762364,english,comment,True,adjudicator,2-1,1,1
t1_p4x4z0t,0,0.1561048924922943,-1.6875,0,0,0.14333726231200328,taglish,comment,True,majority,3-0,0,0
t1_p4ms7si,0,0.5921949744224548,0.373046875,1,0,0.5975409336611344,tagalog,comment,True,adjudicator,2-1,0,1
t1_p7dyofs,0,0.31153160333633423,-0.79296875,0,0,0.3015092741582949,english,comment,True,majority,3-0,0,0
t1_p7c6wl0,0,0.32209938764572144,-0.744140625,0,0,0.31251457328683485,tagalog,comment,True,majority,3-0,0,0
t1_p504d3m,0,0.754191517829895,1.12109375,1,1,0.7663397466685673,tagalog,comment,True,adjudicator,2-1,0,0
t1_p74y6fq,0,0.20370754599571228,-1.36328125,0,0,0.19087322110317356,taglish,comment,True,majority,3-0,0,0
t1_p4mltiq,1,0.5736784338951111,0.296875,1,0,0.5779901339329262,taglish,comment,True,adjudicator,2-1,1,1
t1_p7e1vz2,0,0.2186693549156189,-1.2734375,0,0,0.20600772985324617,tagalog,comment,True,majority,3-0,0,0
t3_1vj52sf,0,0.01640303246676922,-4.09375,0,0,0.012904674031485397,taglish,submission,True,unanimous,3-0,0,0
t1_p500gza,0,0.07751766592264175,-2.4765625,0,0,0.06762063615279819,english,comment,True,majority,3-0,0,0
t1_p5gv2tw,0,0.4005148708820343,-0.4033203125,0,0,0.3947705370943794,taglish,comment,True,unanimous,3-0,0,0
t1_p4zwlf0,0,0.802555501461029,1.40234375,1,1,0.8154367217988453,tagalog,comment,True,adjudicator,2-1,0,0
t1_p6rotah,0,0.3752484917640686,-0.509765625,0,0,0.3681694687265623,tagalog,comment,True,majority,3-0,0,0
t1_p4zuz5g,0,0.33589524030685425,-0.681640625,0,0,0.3269146342349374,tagalog,comment,True,unanimous,3-0,0,0
t1_p4ibiuu,1,0.6934729218482971,0.81640625,1,1,0.7036942905412608,english,comment,True,majority,3-0,1,1
t1_p51bah9,1,0.5464658737182617,0.1864013671875,1,0,0.5492115068545499,tagalog,comment,True,adjudicator,2-1,1,0
t1_p56rofd,0,0.07423137128353119,-2.5234375,0,0,0.064555958726852,english,comment,True,unanimous,3-0,0,0
t1_p4i7qsg,1,0.2970619201660156,-0.861328125,0,0,0.2864792602633848,taglish,comment,True,unanimous,3-0,1,1
t1_p7dybdv,0,0.4581971764564514,-0.1676025390625,0,0,0.455724100051427,tagalog,comment,True,adjudicator,2-1,0,0
t1_p3m5ru1,0,0.09073548763990402,-2.3046875,0,0,0.08004532614183058,taglish,comment,True,majority,3-0,0,0
t1_p6xbhhg,0,0.025760557502508163,-3.6328125,0,0,0.020860212691691873,taglish,comment,True,majority,3-0,0,0
t1_p7b762c,1,0.6744794845581055,0.728515625,1,1,0.6839177977801988,tagalog,comment,True,majority,3-0,1,1
t1_p50lrxl,0,0.729519784450531,0.9921875,1,1,0.7410025861650071,tagalog,comment,True,unanimous,3-0,0,0
t1_p509n2f,0,0.526829719543457,0.107421875,1,0,0.5284217067144797,taglish,comment,True,majority,3-0,0,0
t1_p5fngij,0,0.4884359538555145,-0.0462646484375,0,0,0.48774853088815745,tagalog,comment,True,majority,3-0,0,0
t1_p7d4g3w,0,0.01615283451974392,-4.109375,0,0,0.012695496855683702,taglish,comment,True,majority,3-0,0,0
t1_p4zstxo,1,0.6080123782157898,0.43896484375,1,1,0.6142155311154806,taglish,comment,True,adjudicator,2-1,1,1
t1_p7dycpl,0,0.1629120409488678,-1.63671875,0,0,0.15007115174213942,english,comment,True,majority,3-0,0,0
t1_p4njhnu,0,0.1276526302099228,-1.921875,0,0,0.11545876953141677,tagalog,comment,True,adjudicator,2-1,0,0
t1_p6rozmh,0,0.12168575078248978,-1.9765625,0,0,0.1096720799294888,taglish,comment,True,majority,3-0,0,0
t1_p6vqyp4,1,0.7306743860244751,0.998046875,1,1,0.742192188000565,taglish,comment,True,majority,3-0,1,1
t1_p50vqmi,0,0.6746938228607178,0.7294921875,1,1,0.6841414159830834,tagalog,comment,True,adjudicator,2-1,0,1
t1_p514wk1,1,0.7742421627044678,1.232421875,1,1,0.7867936422022588,taglish,comment,True,majority,3-0,1,1
t1_p514ukl,1,0.7732163667678833,1.2265625,1,1,0.7857504349198313,tagalog,comment,True,adjudicator,2-1,1,1
t1_p50tzmc,0,0.3086068332195282,-0.806640625,0,0,0.29846754312951207,english,comment,True,unanimous,3-0,0,0
t1_p3l1wn3,0,0.48803937435150146,-0.0478515625,0,0,0.48732847277585517,taglish,comment,True,majority,3-0,0,0
t1_p4bljcw,0,0.804405927658081,1.4140625,1,1,0.8172979499266232,taglish,comment,True,adjudicator,2-1,0,1
t1_p5bsp12,0,0.10158944875001907,-2.1796875,0,0,0.09035578855741758,taglish,comment,True,majority,3-0,0,0
t1_p7eoik5,0,0.2617081105709076,-1.037109375,0,0,0.24996872274977738,english,comment,True,adjudicator,2-1,0,0
t1_p2876z5,0,0.6422080993652344,0.5849609375,1,1,0.6501604425265154,taglish,comment,True,adjudicator,2-1,0,0
t1_p3kosqw,0,0.5346428751945496,0.1387939453125,1,0,0.5366956674701493,tagalog,comment,True,adjudicator,2-1,0,1
t1_p7e4ypy,0,0.16184942424297333,-1.64453125,0,0,0.14901846994545317,tagalog,comment,True,unanimous,3-0,0,0
t1_p4zof9p,0,0.4390257000923157,-0.2451171875,0,0,0.43543927199747173,taglish,comment,True,adjudicator,2-1,0,0
t1_p2861tb,0,0.6322757005691528,0.5419921875,1,1,0.6397365127721468,taglish,comment,True,adjudicator,2-1,0,1
t1_p7b73di,0,0.6727617979049683,0.720703125,1,1,0.6821257938511744,english,comment,True,adjudicator,2-1,0,0
t1_p50hh2s,0,0.19314739108085632,-1.4296875,0,0,0.18024312879858423,tagalog,comment,True,adjudicator,2-1,0,0
t1_p6rox95,0,0.3907082676887512,-0.4443359375,0,0,0.38443696274016637,tagalog,comment,True,majority,3-0,0,0
t1_p73m224,0,0.37068089842796326,-0.529296875,0,0,0.36336919847450416,tagalog,comment,True,adjudicator,2-1,0,0
t1_p79wf25,0,0.07423137128353119,-2.5234375,0,0,0.064555958726852,taglish,comment,True,majority,3-0,0,0
t1_p4zwdd5,0,0.19132769107818604,-1.44140625,0,0,0.1784159349389962,taglish,comment,True,majority,3-0,0,0
t3_1vd7u2z,0,0.1949802190065384,-1.41796875,0,0,0.1820848880977715,tagalog,submission,True,adjudicator,2-1,0,0
t1_p7d0uz0,0,0.1859472095966339,-1.4765625,0,0,0.1730214080831219,taglish,comment,True,unanimous,3-0,0,0
t1_p7e13mw,0,0.13251455128192902,-1.87890625,0,0,0.12019003399352876,english,comment,True,majority,3-0,0,0
t3_1vfzcf0,0,0.08269734680652618,-2.40625,0,0,0.07247130303692598,english,submission,True,unanimous,3-0,0,0
t1_p516ley,1,0.6277230381965637,0.5224609375,1,1,0.6349537448578149,english,comment,True,majority,3-0,1,1
t1_p1803rr,0,0.04084571823477745,-3.15625,0,0,0.03409448454862568,taglish,comment,True,majority,3-0,0,0
t1_p75nrvi,0,0.33589524030685425,-0.681640625,0,0,0.3269146342349374,english,comment,True,adjudicator,2-1,0,0
t1_p74upfg,0,0.19744443893432617,-1.40234375,0,0,0.1845632782011546,english,comment,True,majority,3-0,0,0
t1_p7ecnwc,0,0.14903530478477478,-1.7421875,0,0,0.13636873945080347,taglish,comment,True,unanimous,3-0,0,0
t1_p731obh,0,0.07477004826068878,-2.515625,0,0,0.06505760273871837,tagalog,comment,True,majority,3-0,0,0
t1_p73c4yz,0,0.2422056347131729,-1.140625,0,0,0.229975404197766,tagalog,comment,True,adjudicator,2-1,0,0
t1_p5cmehd,0,0.15921740233898163,-1.6640625,0,0,0.14641340859769936,taglish,comment,True,unanimous,3-0,0,0
t1_p50qk1g,0,0.47368761897087097,-0.1053466796875,0,0,0.4721261995052234,taglish,comment,True,unanimous,3-0,0,0
t1_p7b5i1i,0,0.5853382349014282,0.3447265625,1,0,0.5903046852533368,taglish,comment,True,majority,3-0,0,0
t1_p5120d0,0,0.26779094338417053,-1.005859375,0,0,0.25622723335822795,english,comment,True,majority,3-0,0,0
t1_p72esdo,1,0.05184547230601311,-2.90625,0,0,0.04397912672736113,taglish,comment,True,majority,3-0,1,1
t1_p50uvzx,0,0.6361271142959595,0.55859375,1,1,0.6437802127105806,english,comment,True,adjudicator,2-1,0,1
t1_p5dzg7h,0,0.802555501461029,1.40234375,1,1,0.8154367217988453,english,comment,True,adjudicator,2-1,0,1
t1_p5jcfy6,0,0.44215473532676697,-0.232421875,0,0,0.43874858786226073,tagalog,comment,True,adjudicator,2-1,0,0
t1_p76xl88,0,0.37068089842796326,-0.529296875,0,0,0.36336919847450416,taglish,comment,True,unanimous,3-0,0,0
t1_p6z7ljg,0,0.06465348601341248,-2.671875,0,0,0.05568479128528507,english,comment,True,adjudicator,3-0,0,0
t1_p514hk4,0,0.16995622217655182,-1.5859375,0,0,0.15706339349690276,taglish,comment,True,majority,3-0,0,0
t1_p3kp53c,0,0.19436782598495483,-1.421875,0,0,0.18146934798660433,taglish,comment,True,unanimous,3-0,0,0
t1_p7bzeup,0,0.15456733107566833,-1.69921875,0,0,0.14181947239459175,tagalog,comment,True,majority,3-0,0,0
t1_p3kiols,0,0.16184942424297333,-1.64453125,0,0,0.14901846994545317,taglish,comment,True,majority,3-0,0,0
t1_p5b0c5q,0,0.04240382835268974,-3.1171875,0,0,0.03548398001294258,english,comment,True,majority,3-0,0,0
t1_p5dmblv,1,0.6300022602081299,0.5322265625,1,1,0.6373485270649373,taglish,comment,True,majority,3-0,1,1
t1_p50es34,0,0.5292481780052185,0.11712646484375,1,0,0.5309830439145543,tagalog,comment,True,adjudicator,2-1,0,1
t1_p76r6vy,0,0.33111974596977234,-0.703125,0,0,0.32192594168116156,tagalog,comment,True,adjudicator,2-1,0,0
t1_p50eikf,0,0.6867902874946594,0.78515625,1,1,0.6967447075205812,taglish,comment,True,majority,3-0,0,0
t1_p5jb0ue,1,0.6524628400802612,0.6298828125,1,1,0.6609067457746963,english,comment,True,adjudicator,2-1,1,1
t1_p3k7vlg,0,0.14080817997455597,-1.80859375,0,0,0.12829281177803642,tagalog,comment,True,adjudicator,2-1,0,1
t1_p4sedm6,0,0.04501553252339363,-3.0546875,0,0,0.037821266710129954,taglish,comment,True,majority,3-0,0,0
t1_p515im6,1,0.8019358515739441,1.3984375,1,1,0.8148130614617957,tagalog,comment,True,adjudicator,2-1,1,1
t1_p51b5y4,0,0.4743267893791199,-0.102783203125,0,0,0.4728031174144882,tagalog,comment,True,adjudicator,2-1,0,1
t1_p7bcn8s,0,0.1475551873445511,-1.75390625,0,0,0.13491311797404257,taglish,comment,True,unanimous,3-0,0,0
t1_p7af9i2,0,0.7937461733818054,1.34765625,1,1,0.8065570601251641,tagalog,comment,True,majority,3-0,0,0
t1_p50eju2,0,0.5990160703659058,0.4013671875,1,0,0.604734952894719,tagalog,comment,True,majority,3-0,0,0
t1_p7b823m,0,0.5196431875228882,0.07861328125,1,0,0.5208099392908292,taglish,comment,True,majority,3-0,0,0
t1_p7aahw5,0,0.7427950501441956,1.060546875,1,1,0.7546577709580703,english,comment,True,adjudicator,2-1,0,1
t1_p73qnil,0,0.24798741936683655,-1.109375,0,0,0.23589077377560533,taglish,comment,True,majority,3-0,0,0
t1_p510zkq,0,0.423577219247818,-0.30810546875,0,0,0.41911039478288564,tagalog,comment,True,adjudicator,2-1,0,1
t1_p5e7f1a,0,0.10669060051441193,-2.125,0,0,0.09523229829285662,taglish,comment,True,unanimous,3-0,0,0
t1_p50eau6,0,0.4545629322528839,-0.1822509765625,0,0,0.45187737445692727,english,comment,True,majority,3-0,0,0
t1_p7bm5y3,0,0.16238003969192505,-1.640625,0,0,0.1495440474549573,tagalog,comment,True,majority,3-0,0,0
t1_p51ddqi,0,0.1749734729528427,-1.55078125,0,0,0.16205787615871167,tagalog,comment,True,adjudicator,2-1,0,0
t1_p4btc0n,0,0.019419347867369652,-3.921875,0,0,0.01544230280311437,english,comment,True,majority,3-0,0,0
t1_p7a3pl2,0,0.36931508779525757,-0.53515625,0,0,0.36193435908942023,tagalog,comment,True,majority,3-0,0,0
t1_p4zmr6q,0,0.5642185211181641,0.25830078125,1,0,0.5679912436138745,taglish,comment,True,unanimous,3-0,0,0
t1_p5p4oyd,0,0.015424554236233234,-4.15625,0,0,0.012087843730195589,english,comment,True,majority,3-0,0,0
t1_p6sb45o,0,0.014503578655421734,-4.21875,0,0,0.011322123493842238,taglish,comment,True,unanimous,3-0,0,0
t1_p75vad5,0,0.25608712434768677,-1.06640625,0,0,0.24419467784119414,english,comment,True,adjudicator,2-1,0,0
t1_p73d24m,0,0.28776782751083374,-0.90625,0,0,0.2768504798869586,english,comment,True,majority,3-0,0,0
t1_p3ncczb,0,0.031143829226493835,-3.4375,0,0,0.025533361644593768,taglish,comment,True,majority,3-0,0,0
t1_p7bngsw,0,0.5096423625946045,0.03857421875,1,0,0.5102155685008438,english,comment,True,majority,3-0,0,0
t1_p7bey85,0,0.7371581792831421,1.03125,1,1,0.7488656078774856,taglish,comment,True,unanimous,3-0,0,0
t1_p3n7ncs,0,0.10856642574071884,-2.10546875,0,0,0.09703023518434217,taglish,comment,True,adjudicator,2-1,0,0
t1_p3konht,0,0.2755194306373596,-0.966796875,0,0,0.26419345694878305,taglish,comment,True,majority,3-0,0,0
t1_p7e88qt,0,0.11357959359884262,-2.0546875,0,0,0.10184728984174712,taglish,comment,True,unanimous,3-0,0,0
t1_p7ba3dl,0,0.41584742069244385,-0.33984375,0,0,0.41094699981652805,english,comment,True,unanimous,3-0,0,0
t1_p4zwm5y,0,0.13161905109882355,-1.88671875,0,0,0.11931752969904257,taglish,comment,True,unanimous,3-0,0,0
t1_p75eh8d,1,0.7325918078422546,1.0078125,1,1,0.7441669173043165,taglish,comment,True,majority,3-0,1,1
t1_p4bn67m,0,0.024423090741038322,-3.6875,0,0,0.019709075769608477,english,comment,True,unanimous,3-0,0,0
t1_p7gqfj1,0,0.49633798003196716,-0.0146484375,0,0,0.4961202081413898,english,comment,True,unanimous,3-0,0,0
t1_p170d0o,0,0.032344330102205276,-3.3984375,0,0,0.026583557339028445,taglish,comment,True,majority,3-0,0,0
t1_p50j0ac,0,0.10818895697593689,-2.109375,0,0,0.09666824076849352,taglish,comment,True,unanimous,3-0,0,0
t1_p6sf1y1,1,0.7201715111732483,0.9453125,1,1,0.7313580519961911,taglish,comment,True,adjudicator,2-1,1,0
t1_p7byzr3,0,0.13028542697429657,-1.8984375,0,0,0.11801904342385765,english,comment,True,unanimous,3-0,0,0
t1_p75itto,0,0.26549941301345825,-1.017578125,0,0,0.25386830539851996,taglish,comment,True,majority,3-0,0,0
t1_p5cmvvb,0,0.8629302382469177,1.83984375,1,1,0.8753644627919598,tagalog,comment,True,adjudicator,2-1,0,0
t1_p6rsban,0,0.5668129920959473,0.26885986328125,1,0,0.5707341529691027,taglish,comment,True,adjudicator,2-1,0,0
t1_p75g9y4,0,0.3015676736831665,-0.83984375,0,0,0.2911545160907569,tagalog,comment,True,adjudicator,2-1,0,0
t1_p5jhm4c,0,0.3246634900569916,-0.732421875,0,0,0.31518824083538494,tagalog,comment,True,adjudicator,2-1,0,0
t3_1vn48aj,0,0.5433176159858704,0.1737060546875,1,0,0.5458793711236095,taglish,submission,True,unanimous,3-0,0,0
t1_p4qfxr5,1,0.12378870695829391,-1.95703125,0,0,0.11170897343973771,taglish,comment,True,adjudicator,2-1,1,0
t1_p5f4dar,0,0.03676946833729744,-3.265625,0,0,0.030477671627086856,english,comment,True,unanimous,3-0,0,0
t1_p50lvlh,0,0.4446250796318054,-0.222412109375,0,0,0.4413617180284032,tagalog,comment,True,adjudicator,2-1,0,0
t1_p56xct1,1,0.815232515335083,1.484375,1,1,0.8281597110483436,taglish,comment,True,unanimous,3-0,1,1
t1_p56vs86,0,0.05146276578307152,-2.9140625,0,0,0.04363242883116012,english,comment,True,unanimous,3-0,0,0
t1_p7dwlze,0,0.2133771777153015,-1.3046875,0,0,0.20064495495743076,taglish,comment,True,unanimous,3-0,0,0
t1_p759tqm,0,0.16184942424297333,-1.64453125,0,0,0.14901846994545317,tagalog,comment,True,unanimous,3-0,0,0
t3_1vqtr8w,0,0.36251771450042725,-0.564453125,0,0,0.35479744560730964,taglish,submission,True,unanimous,3-0,0,0
t1_p5f8utp,0,0.027585282921791077,-3.5625,0,0,0.022437308922922845,english,comment,True,majority,3-0,0,0
t1_p5faek8,0,0.03514484316110611,-3.3125,0,0,0.029043936029394698,english,comment,True,majority,3-0,0,0
t1_p7cz8v9,0,0.03283695876598358,-3.3828125,0,0,0.027015299643458404,taglish,comment,True,majority,3-0,0,0
t1_p7b5gkq,0,0.34997692704200745,-0.619140625,0,0,0.34164847976980517,taglish,comment,True,majority,3-0,0,0
t1_p513f5o,0,0.8122723698616028,1.46484375,1,1,0.825194889941133,tagalog,comment,True,adjudicator,2-1,0,1
t1_p77ytu9,0,0.1225232183933258,-1.96875,0,0,0.11048290062239975,english,comment,True,unanimous,3-0,0,0
t1_p3m3i1y,0,0.02145073004066944,-3.8203125,0,0,0.01716649685280184,english,comment,True,majority,3-0,0,0
t1_p79hyyd,1,0.04240382835268974,-3.1171875,0,0,0.03548398001294258,english,comment,True,adjudicator,2-1,1,1
t1_p7as6az,0,0.04240382835268974,-3.1171875,0,0,0.03548398001294258,tagalog,comment,True,majority,3-0,0,0
t1_p39ifp9,0,0.017442483454942703,-4.03125,0,0,0.013775931559672272,english,comment,True,adjudicator,2-1,0,0
t1_p7kmmyz,0,0.5338835120201111,0.1357421875,1,0,0.5358916203503175,tagalog,comment,True,majority,3-0,0,0
t1_p79nzak,0,0.026355354115366936,-3.609375,0,0,0.021373471027598696,english,comment,True,majority,3-0,0,0
t1_p6y7pio,0,0.6102211475372314,0.4482421875,1,1,0.6165419303501626,tagalog,comment,True,adjudicator,2-1,0,0
t1_p6y2rz2,0,0.08882029354572296,-2.328125,0,0,0.07823576990030098,english,comment,True,majority,3-0,0,0
t1_p5s4j66,1,0.03934250399470329,-3.1953125,0,0,0.03275755156385933,english,comment,True,adjudicator,2-1,1,0
t1_p5jccnb,0,0.2929997146129608,-0.880859375,0,0,0.28226825667233385,taglish,comment,True,majority,3-0,0,0
t1_p6rklxt,0,0.1475551873445511,-1.75390625,0,0,0.13491311797404257,tagalog,comment,True,majority,3-0,0,0
t1_p6si5v5,0,0.01971912942826748,-3.90625,0,0,0.015696018188319272,english,comment,True,adjudicator,2-1,0,0
t1_p582gg7,0,0.13846179842948914,-1.828125,0,0,0.12599642093955318,english,comment,True,majority,3-0,0,0
t1_p5z1rj5,0,0.21011726558208466,-1.32421875,0,0,0.19734668256101154,tagalog,comment,True,adjudicator,2-1,0,0
t1_p7bpvlc,0,0.46976348757743835,-0.12109375,0,0,0.46797033072416405,tagalog,comment,True,unanimous,3-0,0,0
t1_p5cn5ng,1,0.8587185740470886,1.8046875,1,1,0.8712436486704779,taglish,comment,True,majority,3-0,1,1
t1_p6ae97q,0,0.024798156693577766,-3.671875,0,0,0.020031467495256517,english,comment,True,unanimous,3-0,0,0
t1_p775b8v,0,0.7379143238067627,1.03515625,1,1,0.7496431219541057,tagalog,comment,True,adjudicator,2-1,0,1
t1_p75vvh6,0,0.8824278712272644,2.015625,1,1,0.8943041499781282,english,comment,True,unanimous,3-0,0,0
t1_p3fu247,0,0.5032958984375,0.01318359375,1,0,0.5034918259885517,english,comment,True,adjudicator,2-1,0,0
t1_p6cqrb7,0,0.010169658809900284,-4.578125,0,0,0.007764838502784255,english,comment,True,majority,3-0,0,0
t1_p5f9534,0,0.027169233188033104,-3.578125,0,0,0.022077069253345013,english,comment,True,unanimous,3-0,0,0
t1_p5fbzvy,0,0.1427091360092163,-1.79296875,0,0,0.13015553969287397,tagalog,comment,True,majority,3-0,0,0
t1_p6w66kr,0,0.8233283758163452,1.5390625,1,1,0.8362490663323874,tagalog,comment,True,adjudicator,2-1,0,1
t1_p50l1o4,1,0.7839884757995605,1.2890625,1,1,0.7966868266243503,tagalog,comment,True,majority,3-0,1,1
t1_p7cmr7j,0,0.24364246428012848,-1.1328125,0,0,0.23144443568586473,taglish,comment,True,unanimous,3-0,0,0
t1_p6w56rf,0,0.8244618773460388,1.546875,1,1,0.8373793456814683,tagalog,comment,True,adjudicator,2-1,0,1
t1_p77vx7p,0,0.5313310027122498,0.12548828125,1,0,0.5331886788351394,english,comment,True,majority,3-0,0,0
t1_p7655u1,0,0.845432698726654,1.69921875,1,1,0.8581805276054083,tagalog,comment,True,adjudicator,2-1,0,0
t1_p7bk46f,0,0.2986958920955658,-0.853515625,0,0,0.28817414974667277,tagalog,comment,True,unanimous,3-0,0,0
t1_p76nqje,0,0.17895588278770447,-1.5234375,0,0,0.1660304330821899,tagalog,comment,True,unanimous,3-0,0,0
t1_p7kk8ri,0,0.700894832611084,0.8515625,1,1,0.7114011965692042,english,comment,True,adjudicator,2-1,0,0
t1_p7dy7cs,1,0.026963496580719948,-3.5859375,0,0,0.02189907546245847,english,comment,True,adjudicator,2-1,1,1
t1_p7kpsab,0,0.6001883149147034,0.40625,1,1,0.6059708239296634,english,comment,True,adjudicator,2-1,0,0
t1_p4nb5o8,0,0.17895588278770447,-1.5234375,0,0,0.1660304330821899,english,comment,True,majority,3-0,0,0
t1_p73r713,0,0.6062653660774231,0.431640625,1,1,0.612375201689047,tagalog,comment,True,adjudicator,2-1,0,1
t1_p5ergfp,0,0.42802417278289795,-0.2899169921875,0,0,0.42380899200520666,english,comment,True,adjudicator,2-1,0,1
t1_p4kpg8l,1,0.5440747737884521,0.1767578125,1,0,0.5466807520749963,tagalog,comment,True,adjudicator,2-1,1,1
t1_p79w46z,0,0.08819004148244858,-2.3359375,0,0,0.07764095048311967,tagalog,comment,True,adjudicator,2-1,0,1
t1_p7ij78v,0,0.808672308921814,1.44140625,1,1,0.8215840650610038,tagalog,comment,True,adjudicator,2-1,0,0
t1_p7f8qy6,1,0.030675798654556274,-3.453125,0,0,0.02512469122310422,tagalog,comment,True,adjudicator,2-1,1,0
t1_p7am77z,1,0.7074047327041626,0.8828125,1,1,0.7181507725274241,taglish,comment,True,majority,3-0,1,1
t1_p5dsa7b,0,0.5330632328987122,0.1324462890625,1,0,0.5350230399577038,tagalog,comment,True,adjudicator,2-1,0,1
t1_p7cwwlg,1,0.30404168367385864,-0.828125,0,0,0.2937235166460627,tagalog,comment,True,adjudicator,2-1,1,0
t1_p5ez20f,0,0.03358950838446617,-3.359375,0,0,0.027675721159560157,english,comment,True,adjudicator,2-1,0,0
t1_p7czzsb,1,0.38745856285095215,-0.4580078125,0,0,0.3810149813814697,taglish,comment,True,majority,3-0,1,1
t1_p78jd3y,0,0.5755731463432312,0.30462646484375,1,0,0.5799919867091774,english,comment,True,adjudicator,2-1,0,1
t1_p7cfvti,1,0.753829300403595,1.119140625,1,1,0.7659690135975511,english,comment,True,majority,3-0,1,1
t1_p5palw7,0,0.0446808747947216,-3.0625,0,0,0.03752120747189035,english,comment,True,adjudicator,2-1,0,0
t1_p5fp0is,0,0.02595735713839531,-3.625,0,0,0.021029944243948506,english,comment,True,adjudicator,2-1,0,0
t1_p4ttzbi,0,0.00941259041428566,-4.65625,0,0,0.007152429684089618,taglish,comment,True,majority,3-0,0,0
t1_p6mfvsd,0,0.3752484917640686,-0.509765625,0,0,0.3681694687265623,english,comment,True,majority,3-0,0,0
t1_p76285e,0,0.601593554019928,0.412109375,1,1,0.6074520802740103,taglish,comment,True,unanimous,3-0,0,0
t1_p50fvmc,0,0.8322367072105408,1.6015625,1,1,0.8451158580651836,english,comment,True,adjudicator,2-1,0,0
t1_p7fchya,0,0.5679365992546082,0.2734375,1,0,0.5719219371741538,tagalog,comment,True,unanimous,3-0,0,0
t1_p7biq9m,0,0.04569203034043312,-3.0390625,0,0,0.03842831499145791,english,comment,True,adjudicator,2-1,0,0
t1_p7a9mm4,1,0.2778647243976593,-0.955078125,0,0,0.2666140432357753,english,comment,True,adjudicator,2-1,1,1
t1_p6chu5d,0,0.07477004826068878,-2.515625,0,0,0.06505760273871837,english,comment,True,majority,3-0,0,0
t1_p78kto7,1,0.05460060387849808,-2.8515625,0,0,0.0464805787121306,english,comment,True,adjudicator,2-1,1,0
t1_p7klaya,0,0.7793218493461609,1.26171875,1,1,0.7919540578092055,tagalog,comment,True,majority,3-0,0,0
t1_p7jhj3y,1,0.048136770725250244,-2.984375,0,0,0.040627463964400944,english,comment,True,majority,3-0,1,1
t1_p5ca25n,0,0.05749328061938286,-2.796875,0,0,0.04911699894888132,english,comment,True,majority,3-0,0,0
t1_p5c3jae,0,0.03210070729255676,-3.40625,0,0,0.02637021025409894,english,comment,True,majority,3-0,0,0
t1_p6972gb,0,0.03817827254533768,-3.2265625,0,0,0.03172460784491219,tagalog,comment,True,majority,3-0,0,0
t1_p4mcm4v,1,0.766643226146698,1.189453125,1,1,0.7790573828418296,taglish,comment,True,majority,3-0,1,1
t1_p7b2ed6,0,0.037047166377305984,-3.2578125,0,0,0.03072320133411952,tagalog,comment,True,majority,3-0,0,0
t1_p5fciax,0,0.02843603305518627,-3.53125,0,0,0.023175098539363833,taglish,comment,True,majority,3-0,0,0
t1_p5fu46f,0,0.025760557502508163,-3.6328125,0,0,0.020860212691691873,english,comment,True,majority,3-0,0,0
t1_p6ttlip,0,0.516869843006134,0.0675048828125,1,0,0.5178721157303277,english,comment,True,adjudicator,2-1,0,1
t1_p7k81p8,0,0.7690802216529846,1.203125,1,1,0.7815405351935997,tagalog,comment,True,adjudicator,2-1,0,0
t1_p7cliw4,0,0.06608537584543228,-2.6484375,0,0,0.05700501118863395,english,comment,True,majority,3-0,0,0
t1_p77xju6,0,0.09877258539199829,-2.2109375,0,0,0.08767122503784092,tagalog,comment,True,adjudicator,2-1,0,0
t1_p3jwb7h,1,0.21601152420043945,-1.2890625,0,0,0.2033131733756497,tagalog,comment,True,majority,3-0,1,1
t1_p2y2mmi,0,0.10970578342676163,-2.09375,0,0,0.09812348668607315,tagalog,comment,True,majority,3-0,0,0
t1_p792vtl,1,0.3393895626068115,-0.666015625,0,0,0.33056760824335274,english,comment,True,adjudicator,2-1,1,0
t1_p2vg49l,0,0.02280263788998127,-3.7578125,0,0,0.018320150550534424,english,comment,True,unanimous,3-0,0,0
t1_p5z1umr,0,0.3015676736831665,-0.83984375,0,0,0.2911545160907569,tagalog,comment,True,majority,3-0,0,0
t1_p7fjp05,0,0.07159119844436646,-2.5625,0,0,0.06210134924274363,english,comment,True,majority,3-0,0,0
t1_p3fakiq,0,0.056236349046230316,-2.8203125,0,0,0.0479701700289812,english,comment,True,adjudicator,2-1,0,0
t1_p3jdbrh,0,0.01652955636382103,-4.0859375,0,0,0.013010534545629544,english,comment,True,majority,3-0,0,0
t1_p6rzert,0,0.03090895712375641,-3.4453125,0,0,0.025328223628969256,english,comment,True,majority,3-0,0,0
t1_p66882u,0,0.01784873940050602,-4.0078125,0,0,0.014117396779101352,english,comment,True,majority,3-0,0,0
t1_p7i4usd,0,0.5969031453132629,0.392578125,1,0,0.6025070180606241,tagalog,comment,True,majority,3-0,0,0
t1_p7brpn7,1,0.2206781655550003,-1.26171875,0,0,0.20804594219079453,english,comment,True,adjudicator,2-1,1,1
t1_p7kroht,1,0.8031737804412842,1.40625,1,1,0.8160587559542951,tagalog,comment,True,adjudicator,2-1,1,0
t1_p3gjm41,0,0.08632347732782364,-2.359375,0,0,0.07588126571715062,taglish,comment,True,unanimous,3-0,0,0
t1_p2yjd22,0,0.1555909961462021,-1.69140625,0,0,0.14282983521009174,english,comment,True,adjudicator,2-1,0,1
t1_p775b3h,0,0.6610482335090637,0.66796875,1,1,0.6698901440177617,english,comment,True,majority,3-0,0,0
t1_p7avfnw,0,0.3584653437137604,-0.58203125,0,0,0.35054587291954814,tagalog,comment,True,adjudicator,2-1,0,0
t1_p5j86c6,0,0.2523840665817261,-1.0859375,0,0,0.24039581323733733,english,comment,True,unanimous,3-0,0,0
t1_p7lb2ol,0,0.13206616044044495,-1.8828125,0,0,0.1197530953336852,english,comment,True,majority,3-0,0,0
t1_p2tsh2r,0,0.027585282921791077,-3.5625,0,0,0.022437308922922845,english,comment,True,majority,3-0,0,0
t1_p38iio7,0,0.01652955636382103,-4.0859375,0,0,0.013010534545629544,taglish,comment,True,majority,3-0,0,0
t1_p5i6zrd,0,0.06804042309522629,-2.6171875,0,0,0.05881108247882908,tagalog,comment,True,adjudicator,2-1,0,0
t1_p460bgg,0,0.4658734202384949,-0.13671875,0,0,0.46385106406748294,tagalog,comment,True,adjudicator,2-1,0,1
t1_p50oacc,0,0.3415825068950653,-0.65625,0,0,0.3328611729689734,english,comment,True,majority,3-0,0,0
t1_p5zegy3,0,0.031143829226493835,-3.4375,0,0,0.025533361644593768,taglish,comment,True,majority,3-0,0,0
t1_p7a9gyr,0,0.18184363842010498,-1.50390625,0,0,0.16891546002879868,tagalog,comment,True,adjudicator,2-1,0,0
t1_p7kpcat,0,0.5700022578239441,0.2818603515625,1,0,0.5741052862800187,tagalog,comment,True,unanimous,3-0,0,0
t1_p7koixa,0,0.6347697377204895,0.552734375,1,1,0.6423553297246377,tagalog,comment,True,unanimous,3-0,0,0
t1_p796yea,0,0.5937860012054443,0.379638671875,1,0,0.5992192797463982,taglish,comment,True,unanimous,3-0,0,0
t1_p2fvg69,0,0.03283695876598358,-3.3828125,0,0,0.027015299643458404,tagalog,comment,True,adjudicator,2-1,0,0
t1_p3kmmqe,0,0.026355354115366936,-3.609375,0,0,0.021373471027598696,taglish,comment,True,unanimous,3-0,0,0
t1_p3ywykd,0,0.019271137192845345,-3.9296875,0,0,0.015316963209056532,english,comment,True,adjudicator,2-1,0,0
t1_p5q7qs6,0,0.21272224187850952,-1.30859375,0,0,0.1999820130043669,english,comment,True,unanimous,3-0,0,0
t1_p7e5rof,0,0.08756383508443832,-2.34375,0,0,0.07705027539977236,tagalog,comment,True,majority,3-0,0,0
t1_p7icrdx,0,0.20434190332889557,-1.359375,0,0,0.1915131957744533,english,comment,True,unanimous,3-0,0,0
t1_p5pd45a,0,0.09807931631803513,-2.21875,0,0,0.08701144043878545,tagalog,comment,True,majority,3-0,0,0
t1_p7g7ji3,0,0.09467770159244537,-2.2578125,0,0,0.08377947628153906,english,comment,True,majority,3-0,0,0
t1_p4nfcdo,0,0.16667540371418,-1.609375,0,0,0.1538038085831046,taglish,comment,True,unanimous,3-0,0,0
t1_p75sb6f,1,0.536191463470459,0.14501953125,1,0,0.5383353276128138,tagalog,comment,True,majority,3-0,1,1
t1_p5cuoq5,0,0.06187598779797554,-2.71875,0,0,0.05313024046409244,english,comment,True,adjudicator,2-1,0,0
t1_p4q85h6,0,0.6335236430168152,0.54736328125,1,1,0.6410469722086893,taglish,comment,True,majority,3-0,0,0
t1_p586mpz,0,0.38711094856262207,-0.45947265625,0,0,0.3806490336581351,tagalog,comment,True,majority,3-0,0,0
t1_p75lsgh,0,0.6632328629493713,0.677734375,1,1,0.6721740666210603,tagalog,comment,True,majority,3-0,0,0
t1_p7820ky,1,0.018404891714453697,-3.9765625,0,0,0.014585690715530725,taglish,comment,True,adjudicator,2-1,1,0
t1_p7m34ce,1,0.8134608268737793,1.47265625,1,1,0.8263856291205484,tagalog,comment,True,majority,3-0,1,1
t1_p764y35,0,0.36116471886634827,-0.5703125,0,0,0.35337766576891205,taglish,comment,True,majority,3-0,0,0
t1_p3kmf0f,0,0.03384403511881828,-3.3515625,0,0,0.027899327767013937,taglish,comment,True,majority,3-0,0,0
t1_p79av9q,0,0.19993212819099426,-1.38671875,0,0,0.1870676867611616,taglish,comment,True,majority,3-0,0,0
t1_p7aatno,0,0.08694165199995041,-2.3515625,0,0,0.07646372151055247,tagalog,comment,True,unanimous,3-0,0,0
t1_p4unzip,1,0.8187368512153625,1.5078125,1,1,0.831664723223751,english,comment,True,adjudicator,2-1,1,1
t1_p77y5ul,0,0.09534946829080582,-2.25,0,0,0.0844170197414223,english,comment,True,majority,3-0,0,0
t1_p57a2cw,0,0.07640768587589264,-2.4921875,0,0,0.06658437203951531,tagalog,comment,True,unanimous,3-0,0,0
t1_p5i6aid,0,0.08035747706890106,-2.4375,0,0,0.07027705382608157,taglish,comment,True,unanimous,3-0,0,0
t1_p5zblr6,0,0.0844927504658699,-2.3828125,0,0,0.0741582565797806,tagalog,comment,True,adjudicator,2-1,0,0
t1_p5j7dsz,0,0.2954331338405609,-0.869140625,0,0,0.2847903510112777,english,comment,True,unanimous,3-0,0,0
t1_p5j2bfc,0,0.38676342368125916,-0.4609375,0,0,0.38028322147608534,taglish,comment,True,majority,3-0,0,0
t1_p4yz9vz,0,0.03676946833729744,-3.265625,0,0,0.030477671627086856,english,comment,True,majority,3-0,0,0
t1_p77uxsi,0,0.332852303981781,-0.6953125,0,0,0.3237353937184306,english,comment,True,unanimous,3-0,0,0
t1_p5cnoit,0,0.915808916091919,2.38671875,1,1,0.9261253895155154,tagalog,comment,True,adjudicator,2-1,0,1
t1_p73l304,0,0.103748619556427,-2.15625,0,0,0.09241756871429335,english,comment,True,majority,3-0,0,0
t1_p77cv5i,0,0.6098727583885193,0.44677734375,1,1,0.6161749556668594,english,comment,True,adjudicator,3-0,0,0
t1_p7bbeka,1,0.2233770787715912,-1.24609375,0,0,0.21078662756557687,taglish,comment,True,adjudicator,2-1,1,0
t1_p50q6im,0,0.308190256357193,-0.80859375,0,0,0.2980344517662253,taglish,comment,True,majority,3-0,0,0
t1_p5rmtyk,0,0.029986508190631866,-3.4765625,0,0,0.024523609182555875,taglish,comment,True,majority,3-0,0,0
t1_p50v04u,1,0.30611205101013184,-0.818359375,0,0,0.29587443201070307,taglish,comment,True,majority,3-0,1,1
t1_p79lfcn,0,0.2628418207168579,-1.03125,0,0,0.2511343921225145,english,comment,True,majority,3-0,0,0
t1_p77u4ef,1,0.733738124370575,1.013671875,1,1,0.7453469798305391,tagalog,comment,True,adjudicator,2-1,1,0
t1_p77cdyz,0,0.4162033200263977,-0.33837890625,0,0,0.4113227310175683,taglish,comment,True,majority,3-0,0,0
t1_p7aquf7,1,0.09203286468982697,-2.2890625,0,0,0.08127284459380817,english,comment,True,adjudicator,2-1,1,0
t1_p79tc8v,1,0.5292025804519653,0.116943359375,1,0,0.5309347314765498,tagalog,comment,True,adjudicator,2-1,1,0
t1_p6y31u7,0,0.22884514927864075,-1.21484375,0,0,0.2163471020026068,english,comment,True,majority,3-0,0,0
t1_p7laogc,0,0.5338075757026672,0.13543701171875,1,0,0.5358112053051897,tagalog,comment,True,adjudicator,2-1,0,1
t1_p2xls51,0,0.021948251873254776,-3.796875,0,0,0.01759050531495106,taglish,comment,True,adjudicator,2-1,0,0
t1_p6xzrs4,0,0.10230471193790436,-2.171875,0,0,0.09103840376249636,tagalog,comment,True,unanimous,3-0,0,0
t1_p38ne47,0,0.014503578655421734,-4.21875,0,0,0.011322123493842238,taglish,comment,True,adjudicator,2-1,0,0
t1_p7m7fuw,0,0.02460992895066738,-3.6796875,0,0,0.019869631033144354,taglish,comment,True,majority,3-0,0,0
t1_p4dgecm,0,0.08945459872484207,-2.3203125,0,0,0.07883475683095124,taglish,comment,True,majority,3-0,0,0
t1_p65uqzq,0,0.010818448849022388,-4.515625,0,0,0.008291995716312874,english,comment,True,majority,3-0,0,0
t1_p73xp3y,0,0.5025634765625,0.01025390625,1,0,0.5027158821008993,tagalog,comment,True,unanimous,3-0,0,0
t1_p456qkl,0,0.02498779445886612,-3.6640625,0,0,0.02019459494261782,english,comment,True,adjudicator,2-1,0,0
t1_p5ih7nx,0,0.6992544531822205,0.84375,1,1,0.7096988691977403,tagalog,comment,True,adjudicator,2-1,0,0
t1_p75imjy,0,0.14804720878601074,-1.75,0,0,0.13539686224443742,taglish,comment,True,majority,3-0,0,0
t1_p4rn3ty,0,0.02080449089407921,-3.8515625,0,0,0.01661673978626905,tagalog,comment,True,adjudicator,2-1,0,0
t1_p2id2ht,0,0.19314739108085632,-1.4296875,0,0,0.18024312879858423,english,comment,True,majority,3-0,0,0
t1_p75rv22,1,0.780662477016449,1.26953125,1,1,0.7933145135341779,english,comment,True,adjudicator,2-1,1,1
t1_p760jky,0,0.501708984375,0.0068359375,1,0,0.5018105979599271,tagalog,comment,True,adjudicator,2-1,0,0
t1_p6a1tky,0,0.014728614129126072,-4.203125,0,0,0.011508936079929782,tagalog,comment,True,adjudicator,3-0,0,0
t1_p75whm4,0,0.5604330897331238,0.242919921875,1,0,0.5639883647618043,taglish,comment,True,adjudicator,2-1,0,0
t1_p75g8kv,0,0.3246634900569916,-0.732421875,0,0,0.31518824083538494,tagalog,comment,True,adjudicator,2-1,0,0
t1_p781rv6,0,0.03258974477648735,-3.390625,0,0,0.02679858299042966,english,comment,True,majority,3-0,0,0
t1_p38szj9,0,0.018833130598068237,-3.953125,0,0,0.01494692330706539,english,comment,True,majority,3-0,0,0
t1_p74po25,0,0.188323974609375,-1.4609375,0,0,0.17540288923260922,tagalog,comment,True,adjudicator,2-1,0,1
t3_1vshgz3,0,0.10447732359170914,-2.1484375,0,0,0.0931141657147751,taglish,submission,True,unanimous,3-0,0,0
t1_p5j8lbu,0,0.6048657894134521,0.42578125,1,1,0.6109006230098732,english,comment,True,unanimous,3-0,0,0
t1_p5j5ppr,0,0.17838265001773834,-1.52734375,0,0,0.16545818636520523,english,comment,True,unanimous,3-0,0,0
t1_p5qvcar,0,0.019870713353157043,-3.8984375,0,0,0.015824409763020478,english,comment,True,majority,3-0,0,0
t1_p3jmd8b,0,0.010169658809900284,-4.578125,0,0,0.007764838502784255,english,comment,True,majority,3-0,0,0
t1_p7k3th6,0,0.06512754410505295,-2.6640625,0,0,0.05612163598437559,taglish,comment,True,majority,3-0,0,0
t1_p6gflpe,0,0.08210662752389908,-2.4140625,0,0,0.07191689093458142,tagalog,comment,True,majority,3-0,0,0
t1_p7g1jl7,1,0.018264278769493103,-3.984375,0,0,0.014467201766990524,taglish,comment,True,adjudicator,2-1,1,0
t1_p5i2fit,1,0.03258974477648735,-3.390625,0,0,0.02679858299042966,tagalog,comment,True,majority,3-0,1,1
t1_p5i6y0k,0,0.23440666496753693,-1.18359375,0,0,0.2220129963678971,taglish,comment,True,adjudicator,2-1,0,0
t1_p50jafa,0,0.1294027417898178,-1.90625,0,0,0.11716020046987763,taglish,comment,True,majority,3-0,0,0
t1_p6x999n,0,0.7146279811859131,0.91796875,1,1,0.7256282738347398,taglish,comment,True,majority,3-0,0,0
t1_p5fjklt,1,0.875361442565918,1.94921875,1,1,0.8874670502205266,taglish,comment,True,majority,3-0,1,1
t1_p7b7yaf,0,0.756717324256897,1.134765625,1,1,0.7689234360796458,tagalog,comment,True,adjudicator,2-1,0,0
t1_p7c25tw,0,0.05460060387849808,-2.8515625,0,0,0.0464805787121306,english,comment,True,majority,3-0,0,0
t1_p3ybx75,0,0.0446808747947216,-3.0625,0,0,0.03752120747189035,english,comment,True,adjudicator,2-1,0,0
t1_p5rr8fc,0,0.01640303246676922,-4.09375,0,0,0.012904674031485397,tagalog,comment,True,unanimous,3-0,0,0
t1_p7lup40,0,0.21800270676612854,-1.27734375,0,0,0.20533162048050713,taglish,comment,True,majority,3-0,0,0
t1_p5c6kf2,0,0.014503578655421734,-4.21875,0,0,0.011322123493842238,tagalog,comment,True,majority,3-0,0,0
t1_p6x5dwc,1,0.8665847778320312,1.87109375,1,1,0.8789319586456638,taglish,comment,True,majority,3-0,1,1
t1_p50m2oj,1,0.20497775077819824,-1.35546875,0,0,0.19215480661951762,english,comment,True,adjudicator,2-1,1,1
t3_1vtbxgt,0,0.1705079972743988,-1.58203125,0,0,0.15761208969295218,taglish,submission,True,majority,3-0,0,0
t1_p3olkdj,0,0.07423137128353119,-2.5234375,0,0,0.064555958726852,english,comment,True,adjudicator,2-1,0,1
t1_p4441wl,0,0.018978038802742958,-3.9453125,0,0,0.015069281183696543,english,comment,True,majority,3-0,0,0
t1_p5bqmrp,0,0.14223189651966095,-1.796875,0,0,0.12968771269591228,english,comment,True,majority,3-0,0,0
t1_p4uka1g,0,0.20689406991004944,-1.34375,0,0,0.19408946374639083,tagalog,comment,True,adjudicator,2-1,0,1
t1_p32did0,0,0.2206781655550003,-1.26171875,0,0,0.20804594219079453,taglish,comment,True,unanimous,3-0,0,0
t1_p5seo1m,0,0.037326887249946594,-3.25,0,0,0.030970645855543166,english,comment,True,adjudicator,2-1,0,0
t1_p7225hc,0,0.1155608743429184,-2.03515625,0,0,0.10375579267158984,tagalog,comment,True,majority,3-0,0,0
t1_p7a7bo1,1,0.05582314357161522,-2.828125,0,0,0.04759357608039645,english,comment,True,adjudicator,2-1,1,0
t1_p5209j0,0,0.016029147431254387,-4.1171875,0,0,0.012592166949832895,taglish,comment,True,majority,3-0,0,0
t1_p5de6ja,1,0.356894850730896,-0.5888671875,0,0,0.3488988276769919,taglish,comment,True,unanimous,3-0,1,1
t1_p7bhl2m,0,0.03541072830557823,-3.3046875,0,0,0.029278264289816676,tagalog,comment,True,adjudicator,2-1,0,1
t1_p6xmyl3,0,0.019271137192845345,-3.9296875,0,0,0.015316963209056532,english,comment,True,majority,3-0,0,0
t1_p2ypqtn,0,0.5283204913139343,0.1134033203125,1,0,0.5300005781129428,tagalog,comment,True,adjudicator,2-1,0,0
t1_p630e86,0,0.2658804655075073,-1.015625,0,0,0.2542604632703541,tagalog,comment,True,adjudicator,2-1,0,0
t1_p7ksaqn,0,0.03963883966207504,-3.1875,0,0,0.03302082254889943,taglish,comment,True,unanimous,3-0,0,0
t1_p3j9h67,0,0.3849121630191803,-0.46875,0,0,0.3783345273554561,tagalog,comment,True,adjudicator,2-1,0,0
t1_p7afo2s,0,0.10894505679607391,-2.1015625,0,0,0.09739343901269257,english,comment,True,majority,3-0,0,0
t1_p5b04tc,1,0.04208773002028465,-3.125,0,0,0.03520178549002724,taglish,comment,True,adjudicator,2-1,1,0
t1_p75m85e,0,0.14223189651966095,-1.796875,0,0,0.12968771269591228,taglish,comment,True,majority,3-0,0,0
t1_p7kmyht,0,0.07696083933115005,-2.484375,0,0,0.06710064757123804,taglish,comment,True,unanimous,3-0,0,0
t1_p7eatjp,0,0.03541072830557823,-3.3046875,0,0,0.029278264289816676,tagalog,comment,True,adjudicator,2-1,0,0
t1_p7augm9,0,0.7162185907363892,0.92578125,1,1,0.7272730872355059,taglish,comment,True,adjudicator,2-1,0,0
t1_p7cq0d3,0,0.8255897164344788,1.5546875,1,1,0.838503330018141,tagalog,comment,True,adjudicator,2-1,0,0
t1_p77reee,0,0.1937568634748459,-1.42578125,0,0,0.18085542860555529,tagalog,comment,True,adjudicator,2-1,0,1
t1_p5c5hsz,0,0.01384861022233963,-4.265625,0,0,0.010779487365673022,english,comment,True,majority,3-0,0,0
t1_p50jnmn,0,0.7631309032440186,1.169921875,1,1,0.7754750634769896,english,comment,True,adjudicator,2-1,0,1
t1_p5je0go,0,0.1710611879825592,-1.578125,0,0,0.15816234307839577,english,comment,True,majority,3-0,0,0
t1_p5ilagy,0,0.14511536061763763,-1.7734375,0,0,0.13251624067001536,taglish,comment,True,unanimous,3-0,0,0
t1_p585bcp,0,0.023330770432949066,-3.734375,0,0,0.01877210973576006,english,comment,True,unanimous,3-0,0,0
t1_p5rovkq,1,0.21601152420043945,-1.2890625,0,0,0.2033131733756497,english,comment,True,adjudicator,2-1,1,1
t1_p5dsrck,1,0.5895982384681702,0.3623046875,1,0,0.5948009648005798,tagalog,comment,True,majority,3-0,1,1
t1_p5zl5v6,0,0.6531268954277039,0.6328125,1,1,0.661602009015581,taglish,comment,True,majority,3-0,0,0
t1_p75rjkb,0,0.6083614230155945,0.4404296875,1,1,0.614583207390369,tagalog,comment,True,adjudicator,2-1,0,1
t1_p762sf2,1,0.9015746116638184,2.21484375,1,1,0.9126592306515,taglish,comment,True,majority,3-0,1,1
t1_p7bhymk,0,0.7217432260513306,0.953125,1,1,0.7329811561943448,english,comment,True,adjudicator,2-1,0,1
t1_p7h5m1u,0,0.12378870695829391,-1.95703125,0,0,0.11170897343973771,taglish,comment,True,majority,3-0,0,0
t1_p5dhwz3,0,0.14903530478477478,-1.7421875,0,0,0.13636873945080347,tagalog,comment,True,majority,3-0,0,0
t1_p7htjrq,0,0.1465751975774765,-1.76171875,0,0,0.13395000572611146,taglish,comment,True,majority,3-0,0,0
t1_p3ntkr9,0,0.04672495648264885,-3.015625,0,0,0.0393564558789569,taglish,comment,True,majority,3-0,0,0
t1_p7l1bqh,0,0.7617157697677612,1.162109375,1,1,0.7740306312392188,tagalog,comment,True,majority,3-0,0,0
t1_p7ditbc,0,0.227469339966774,-1.22265625,0,0,0.21494709641291943,tagalog,comment,True,unanimous,3-0,0,0
t1_p4tqn1o,0,0.2133771777153015,-1.3046875,0,0,0.20064495495743076,taglish,comment,True,adjudicator,2-1,0,0
t1_p78u6r9,1,0.6351093053817749,0.55419921875,1,1,0.6427117875886239,tagalog,comment,True,majority,3-0,1,1
t1_p7324tn,0,0.8591918349266052,1.80859375,1,1,0.8717071882219636,tagalog,comment,True,unanimous,3-0,0,0
t1_p7bgyp5,0,0.08570928126573563,-2.3671875,0,0,0.0753028849640955,tagalog,comment,True,adjudicator,2-1,0,0
t1_p74xnsz,1,0.7181993126869202,0.935546875,1,1,0.7293204156117351,english,comment,True,majority,3-0,1,1
t1_p6fxfke,0,0.048136770725250244,-2.984375,0,0,0.040627463964400944,english,comment,True,majority,3-0,0,0
t1_p740s7a,1,0.031143829226493835,-3.4375,0,0,0.025533361644593768,taglish,comment,True,adjudicator,2-1,1,1
t1_p7acp88,0,0.6379335522651672,0.56640625,1,1,0.6456760999974794,tagalog,comment,True,adjudicator,2-1,0,0
t1_p6xa1dx,1,0.9178933501243591,2.4140625,1,1,0.9280831090654185,taglish,comment,True,unanimous,3-0,1,1
t1_p65mrzl,0,0.020332353189587593,-3.875,0,0,0.016215815918386358,english,comment,True,majority,3-0,0,0
t1_p51vat8,0,0.01956867426633835,-3.9140625,0,0,0.015568651841755795,tagalog,comment,True,majority,3-0,0,0
t1_p783u0s,0,0.19436782598495483,-1.421875,0,0,0.18146934798660433,taglish,comment,True,majority,3-0,0,0
t1_p7epidn,0,0.20370754599571228,-1.36328125,0,0,0.19087322110317356,taglish,comment,True,adjudicator,2-1,0,1
t1_p6yxg2t,0,0.03514484316110611,-3.3125,0,0,0.029043936029394698,english,comment,True,adjudicator,2-1,0,0
t1_p66r9kz,0,0.02178117074072361,-3.8046875,0,0,0.01744803853590209,tagalog,comment,True,adjudicator,3-0,0,0
t1_p2vijjk,0,0.07696083933115005,-2.484375,0,0,0.06710064757123804,taglish,comment,True,adjudicator,2-1,0,0
t3_1vtdr0f,0,0.037326887249946594,-3.25,0,0,0.030970645855543166,taglish,submission,True,unanimous,3-0,0,0
t1_p5cpwni,1,0.8494724035263062,1.73046875,1,1,0.8621624362638686,taglish,comment,True,majority,3-0,1,1
t1_p746z7f,1,0.8714748620986938,1.9140625,1,1,0.8836932167286691,tagalog,comment,True,unanimous,3-0,1,1
t1_p50tgfh,0,0.16451646387577057,-1.625,0,0,0.15166164648865912,taglish,comment,True,majority,3-0,0,0
t1_p3kkj87,0,0.021948251873254776,-3.796875,0,0,0.01759050531495106,english,comment,True,majority,3-0,0,0
t1_p7a1wg5,0,0.760650634765625,1.15625,1,1,0.7729429970071865,english,comment,True,majority,3-0,0,0
t1_p67y5n5,0,0.2587003707885742,-1.052734375,0,0,0.24687794929940368,tagalog,comment,True,unanimous,3-0,0,0
t1_p6ywh9d,0,0.0384661927819252,-3.21875,0,0,0.03197985158634775,taglish,comment,True,majority,3-0,0,0
t1_p4o65k5,0,0.05070536583662033,-2.9296875,0,0,0.04294684338862155,tagalog,comment,True,adjudicator,2-1,0,0
t1_p4zdcfd,0,0.24981309473514557,-1.099609375,0,0,0.23776075286244047,tagalog,comment,True,adjudicator,2-1,0,0
t1_p7k552w,0,0.14033624529838562,-1.8125,0,0,0.1278306961788119,english,comment,True,majority,3-0,0,0
t1_p5dtcat,0,0.034358687698841095,-3.3359375,0,0,0.02835181703096657,taglish,comment,True,unanimous,3-0,0,0
t1_p3hd3co,0,0.08819004148244858,-2.3359375,0,0,0.07764095048311967,tagalog,comment,True,adjudicator,2-1,0,1
t1_p2wekrp,0,0.019419347867369652,-3.921875,0,0,0.01544230280311437,english,comment,True,majority,3-0,0,0
t1_p70cqzj,0,0.6345432996749878,0.5517578125,1,1,0.6421176036075494,tagalog,comment,True,adjudicator,2-1,0,1
t1_p30m1mi,0,0.05033063143491745,-2.9375,0,0,0.04260792054462838,english,comment,True,adjudicator,2-1,0,0
t1_p6v6185,0,0.3178495764732361,-0.763671875,0,0,0.3080861146630601,taglish,comment,True,majority,3-0,0,0
t1_p69yce2,0,0.020023442804813385,-3.890625,0,0,0.015953834543291176,tagalog,comment,True,adjudicator,2-1,0,0
t1_p7cfyef,0,0.8386797904968262,1.6484375,1,1,0.8515055829289836,tagalog,comment,True,majority,3-0,0,0
t1_p78sls3,0,0.03258974477648735,-3.390625,0,0,0.02679858299042966,english,comment,True,adjudicator,2-1,0,0
t1_p7fvb3b,0,0.3274531960487366,-0.7197265625,0,0,0.31809858785270484,tagalog,comment,True,adjudicator,2-1,0,1
t1_p5z8f79,0,0.12635333836078644,-1.93359375,0,0,0.1141968314204245,taglish,comment,True,adjudicator,2-1,0,0
t1_p7ahges,0,0.5826246738433838,0.33355712890625,1,0,0.5874397587450433,tagalog,comment,True,adjudicator,2-1,0,0
t1_p4nak5b,0,0.44987592101097107,-0.201171875,0,0,0.4469172492695132,english,comment,True,majority,3-0,0,0
t1_p50kade,0,0.18010665476322174,-1.515625,0,0,0.16717968028763935,taglish,comment,True,unanimous,3-0,0,0
t1_p72yt57,0,0.0541987307369709,-2.859375,0,0,0.0461151124779358,taglish,comment,True,majority,3-0,0,0
t1_p6znlau,0,0.055005285888910294,-2.84375,0,0,0.04684879904719731,tagalog,comment,True,adjudicator,3-0,0,0
t1_p3uaj0a,0,0.5824910998344421,0.3330078125,1,0,0.5872987061108581,english,comment,True,unanimous,3-0,0,0
t1_p7a36dh,0,0.03258974477648735,-3.390625,0,0,0.02679858299042966,english,comment,True,majority,3-0,0,0
t1_p77yljm,0,0.03138043358922005,-3.4296875,0,0,0.025740117234055726,english,comment,True,majority,3-0,0,0
t1_p7l1ig6,0,0.42536652088165283,-0.30078125,0,0,0.42100073372460184,tagalog,comment,True,adjudicator,2-1,0,0
t1_p6s0q0m,0,0.06608537584543228,-2.6484375,0,0,0.05700501118863395,taglish,comment,True,majority,3-0,0,0
t1_p5ihcoy,0,0.011869121342897415,-4.421875,0,0,0.009149962927664823,english,comment,True,adjudicator,2-1,0,1
t1_p79tkvu,0,0.015424554236233234,-4.15625,0,0,0.012087843730195589,english,comment,True,majority,3-0,0,0
t1_p7e3dl1,0,0.4580077528953552,-0.168365478515625,0,0,0.45552361525627966,english,comment,True,adjudicator,2-1,0,0
t1_p3k03nh,0,0.015663648024201393,-4.140625,0,0,0.012287133518302686,taglish,comment,True,majority,3-0,0,0
t1_p7kpu1i,0,0.8344069123268127,1.6171875,1,1,0.8472703511361375,tagalog,comment,True,adjudicator,2-1,0,0
t3_1vcgopx,0,0.07864238321781158,-2.4609375,0,0,0.06867184131167044,english,submission,True,unanimous,3-0,0,0
t1_p7i30af,0,0.053799647837877274,-2.8671875,0,0,0.04575238193987225,english,comment,True,majority,3-0,0,0
t1_p7b51zi,1,0.0960254892706871,-2.2421875,0,0,0.08505896436358384,taglish,comment,True,adjudicator,2-1,1,1
t1_p3lgy3u,0,0.7041601538658142,0.8671875,1,1,0.7147879837517394,taglish,comment,True,unanimous,3-0,0,0
t1_p3egqib,0,0.01342825498431921,-4.296875,0,0,0.010432103185769552,taglish,comment,True,majority,3-0,0,0
t1_p3bv2j9,0,0.013636835850775242,-4.28125,0,0,0.010604388139789176,english,comment,True,majority,3-0,0,0
t1_p6dlj67,0,0.04208773002028465,-3.125,0,0,0.03520178549002724,english,comment,True,unanimous,3-0,0,0
t1_p4biygx,0,0.022457052022218704,-3.7734375,0,0,0.01802479461785985,english,comment,True,majority,3-0,0,0
t1_p6z0md9,0,0.01342825498431921,-4.296875,0,0,0.010432103185769552,tagalog,comment,True,adjudicator,2-1,0,0
t1_p3f8mlm,1,0.83601975440979,1.62890625,1,1,0.8488700508489516,english,comment,True,adjudicator,2-1,1,1
t1_p5dmlgf,0,0.021948251873254776,-3.796875,0,0,0.01759050531495106,english,comment,True,unanimous,3-0,0,0
t1_p5dhipi,0,0.39583462476730347,-0.4228515625,0,0,0.3898374297456822,english,comment,True,adjudicator,2-1,0,0
t1_p50zvx1,0,0.18010665476322174,-1.515625,0,0,0.16717968028763935,taglish,comment,True,unanimous,3-0,0,0
t1_p7jwx3u,1,0.22202469408512115,-1.25390625,0,0,0.20941298894219845,english,comment,True,adjudicator,2-1,1,1
t1_p767qhe,1,0.44384151697158813,-0.2255859375,0,0,0.4405328057747677,tagalog,comment,True,adjudicator,3-0,1,1
t1_p68nj1y,0,0.03594832494854927,-3.2890625,0,0,0.029752433539623698,taglish,comment,True,majority,3-0,0,0
t1_p77vte9,0,0.07159119844436646,-2.5625,0,0,0.06210134924274363,english,comment,True,adjudicator,2-1,0,0
t1_p5zgd61,0,0.026355354115366936,-3.609375,0,0,0.021373471027598696,english,comment,True,majority,3-0,0,0
t1_p6x4kqb,1,0.44034892320632935,-0.23974609375,0,0,0.43683868283883237,english,comment,True,adjudicator,2-1,1,1
t1_p6x3dor,1,0.6363531351089478,0.5595703125,1,1,0.6440174466938638,tagalog,comment,True,majority,3-0,1,1
t1_p7l474i,1,0.8489722013473511,1.7265625,1,1,0.8616698828317634,taglish,comment,True,majority,3-0,1,1
t1_p5qt44u,0,0.0446808747947216,-3.0625,0,0,0.03752120747189035,english,comment,True,majority,3-0,0,0
t1_p6ryuq9,1,0.5792814493179321,0.31982421875,1,0,0.5839091929140205,english,comment,True,majority,3-0,1,1
t1_p3a6b8z,0,0.2751297354698181,-0.96875,0,0,0.26379139816038155,taglish,comment,True,unanimous,3-0,0,0
t1_p6mgw4q,0,0.308190256357193,-0.80859375,0,0,0.2980344517662253,tagalog,comment,True,adjudicator,2-1,0,0
t1_p7i2wbm,0,0.11676401644945145,-2.0234375,0,0,0.10491601724538131,english,comment,True,majority,3-0,0,0
t1_p6w4ii3,0,0.8221890926361084,1.53125,1,1,0.8351124779815934,tagalog,comment,True,adjudicator,2-1,0,0
t1_p76j7qh,0,0.07423137128353119,-2.5234375,0,0,0.064555958726852,tagalog,comment,True,adjudicator,2-1,0,1
t1_p69zn8v,0,0.10447732359170914,-2.1484375,0,0,0.0931141657147751,tagalog,comment,True,adjudicator,2-1,0,0
t1_p5rwjuo,0,0.029535338282585144,-3.4921875,0,0,0.02413069999836733,taglish,comment,True,unanimous,3-0,0,0
t1_p7comku,0,0.08819004148244858,-2.3359375,0,0,0.07764095048311967,tagalog,comment,True,adjudicator,2-1,0,0
t1_p6sdu2r,1,0.50048828125,0.001953125,1,0,0.5005173157794535,tagalog,comment,True,adjudicator,2-1,1,1
t1_p57rbor,0,0.6796041131019592,0.751953125,1,1,0.689260980082766,tagalog,comment,True,adjudicator,2-1,0,1
t1_p6x7e3c,1,0.2658804655075073,-1.015625,0,0,0.2542604632703541,tagalog,comment,True,majority,3-0,1,1
t1_p7mvzml,0,0.36817848682403564,-0.5400390625,0,0,0.3607405359087657,tagalog,comment,True,adjudicator,2-1,0,0
t1_p4v58lq,1,0.46295860409736633,-0.1484375,0,0,0.4607648170748251,tagalog,comment,True,adjudicator,2-1,1,1
t1_p6vzgnz,0,0.7898827195167542,1.32421875,1,1,0.8026533174389885,tagalog,comment,True,adjudicator,2-1,0,1
t1_p3nt7nq,0,0.030444350093603134,-3.4609375,0,0,0.024922752540333385,taglish,comment,True,majority,3-0,0,0
t1_p6p92x5,0,0.038756195455789566,-3.2109375,0,0,0.032237080547918566,tagalog,comment,True,adjudicator,2-1,0,0
t1_p7iqat2,0,0.3391706645488739,-0.6669921875,0,0,0.33033869193656834,tagalog,comment,True,adjudicator,3-0,0,0
t1_p7e4oey,1,0.6149144172668457,0.468017578125,1,1,0.6214829482796309,taglish,comment,True,majority,3-0,1,1
t1_p4zs8xq,0,0.3745619058609009,-0.5126953125,0,0,0.3674477341870054,tagalog,comment,True,majority,3-0,0,0
t1_p6rhuik,0,0.03622005507349968,-3.28125,0,0,0.029992301431155926,taglish,comment,True,unanimous,3-0,0,0
t1_p6s67b3,0,0.19253934919834137,-1.43359375,0,0,0.17963244738807663,tagalog,comment,True,adjudicator,2-1,0,1
t1_p4zngjr,0,0.1525365114212036,-1.71484375,0,0,0.13981664724110265,english,comment,True,majority,3-0,0,0
t1_p78s50r,0,0.017045317217707634,-4.0546875,0,0,0.01344261293165296,english,comment,True,adjudicator,2-1,0,0
t1_p76qwcu,0,0.6686639785766602,0.7021484375,1,1,0.6778481673000647,tagalog,comment,True,adjudicator,2-1,0,1
t1_p5omyji,0,0.15052762627601624,-1.73046875,0,0,0.13783756373613143,taglish,comment,True,majority,3-0,0,0
t1_p7dfkfu,0,0.3640989661216736,-0.5576171875,0,0,0.35645709186486196,tagalog,comment,True,adjudicator,2-1,0,0
t1_p5av7dh,0,0.722527027130127,0.95703125,1,1,0.7337903665365278,english,comment,True,adjudicator,2-1,0,1
t1_p4p8bvr,0,0.017712298780679703,-4.015625,0,0,0.01400265802532903,english,comment,True,majority,3-0,0,0
t1_p753tau,0,0.5449225306510925,0.18017578125,1,0,0.5475780114022891,tagalog,comment,True,majority,3-0,0,0
t1_p5fpvqy,0,0.026155617088079453,-3.6171875,0,0,0.021201026933499196,taglish,comment,True,unanimous,3-0,0,0
t1_p3ke9rx,0,0.039048291742801666,-3.203125,0,0,0.03249630906629729,english,comment,True,majority,3-0,0,0
t1_p2x47yo,0,0.6524628400802612,0.6298828125,1,1,0.6609067457746963,english,comment,True,majority,3-0,0,0
t3_1vrsgw9,0,0.03161877021193504,-3.421875,0,0,0.025948502439163787,tagalog,submission,True,adjudicator,3-0,0,0
t1_p50vbc4,0,0.08945459872484207,-2.3203125,0,0,0.07883475683095124,english,comment,True,majority,3-0,0,0
t1_p7bj4st,0,0.029986508190631866,-3.4765625,0,0,0.024523609182555875,taglish,comment,True,unanimous,3-0,0,0
t1_p77zrla,0,0.5709594488143921,0.2857666015625,1,0,0.5751168794103357,tagalog,comment,True,majority,3-0,0,0
t1_p7bbozl,0,0.01784873940050602,-4.0078125,0,0,0.014117396779101352,tagalog,comment,True,adjudicator,2-1,0,0
t1_p3kj419,0,0.06142404302954674,-2.7265625,0,0,0.05271538001704409,english,comment,True,majority,3-0,0,0
t1_p7e50re,0,0.41584742069244385,-0.33984375,0,0,0.41094699981652805,tagalog,comment,True,unanimous,3-0,0,0
t1_p7jbjjc,0,0.08756383508443832,-2.34375,0,0,0.07705027539977236,english,comment,True,majority,3-0,0,0
t1_p657tbd,0,0.20434190332889557,-1.359375,0,0,0.1915131957744533,english,comment,True,adjudicator,2-1,0,1
t1_p7ac8ad,0,0.013636835850775242,-4.28125,0,0,0.010604388139789176,tagalog,comment,True,adjudicator,2-1,0,0
t1_p6lfn0d,1,0.6621413826942444,0.6728515625,1,1,0.6710331157035183,tagalog,comment,True,adjudicator,2-1,1,1
t1_p7bx5xc,0,0.029760092496871948,-3.484375,0,0,0.024326381118394077,taglish,comment,True,majority,3-0,0,0
t1_p7d5q6s,0,0.5973730087280273,0.39453125,1,0,0.6030024855716987,tagalog,comment,True,adjudicator,2-1,0,0
t1_p3te8we,0,0.08632347732782364,-2.359375,0,0,0.07588126571715062,taglish,comment,True,majority,3-0,0,0
t1_p5z1pun,0,0.05146276578307152,-2.9140625,0,0,0.04363242883116012,tagalog,comment,True,adjudicator,3-0,0,0
t1_p4n9a42,0,0.011687257327139378,-4.4375,0,0,0.009001092427124225,english,comment,True,majority,3-0,0,0
t1_p5jjvc9,0,0.328529417514801,-0.71484375,0,0,0.31922176202423136,english,comment,True,majority,3-0,0,0
t1_p5i3caa,0,0.018689310178160667,-3.9609375,0,0,0.014825543983687938,taglish,comment,True,unanimous,3-0,0,0
t1_p79xe9y,0,0.17838265001773834,-1.52734375,0,0,0.16545818636520523,tagalog,comment,True,majority,3-0,0,0
t1_p786g4y,0,0.02822098508477211,-3.5390625,0,0,0.022988460120720994,english,comment,True,majority,3-0,0,0
t1_p78dkdt,0,0.19559408724308014,-1.4140625,0,0,0.1827020500733767,taglish,comment,True,adjudicator,2-1,0,1
t1_p6zs8qi,0,0.6313670873641968,0.5380859375,1,1,0.6387821403941086,english,comment,True,majority,3-0,0,0
t1_p75wctw,0,0.4287116527557373,-0.287109375,0,0,0.42453553025942753,taglish,comment,True,majority,3-0,0,0
t1_p79m7m2,0,0.24077458679676056,-1.1484375,0,0,0.22851292462453465,english,comment,True,majority,3-0,0,0
t1_p7laa29,1,0.6081287264823914,0.439453125,1,1,0.6143381043776805,tagalog,comment,True,adjudicator,2-1,1,1
t1_p2tp8go,0,0.037892427295446396,-3.234375,0,0,0.03147133507242025,taglish,comment,True,majority,3-0,0,0
t1_p7idnnt,0,0.025371311232447624,-3.6484375,0,0,0.020524762278179533,tagalog,comment,True,majority,3-0,0,0
t1_p764s1y,0,0.665410578250885,0.6875,1,1,0.6744498667532604,tagalog,comment,True,adjudicator,2-1,0,0
t1_p780jhn,0,0.34997692704200745,-0.619140625,0,0,0.34164847976980517,tagalog,comment,True,majority,3-0,0,0
t1_p50zbcj,0,0.16026602685451508,-1.65625,0,0,0.14745087658891526,tagalog,comment,True,adjudicator,2-1,0,1
t1_p6x7o6u,1,0.6863700151443481,0.783203125,1,1,0.6963073116999238,tagalog,comment,True,adjudicator,2-1,1,1
t1_p4ut050,1,0.8169911503791809,1.49609375,1,1,0.8299193955570741,english,comment,True,majority,3-0,1,1
t1_p7b1m6h,0,0.04023794084787369,-3.171875,0,0,0.033553508445455085,english,comment,True,adjudicator,2-1,0,0
t1_p3i4nnr,0,0.2978782653808594,-0.857421875,0,0,0.2873259591213229,taglish,comment,True,majority,3-0,0,0
t1_p7bgqoa,1,0.02931223064661026,-3.5,0,0,0.02393655431803907,english,comment,True,adjudicator,3-0,1,0
t1_p79p7nm,0,0.5654187798500061,0.26318359375,1,0,0.5692601698452269,taglish,comment,True,majority,3-0,0,0
t1_p6ktn2q,0,0.8080672025680542,1.4375,1,1,0.8209766168250107,taglish,comment,True,adjudicator,2-1,0,0
t1_p6xzha6,0,0.12463856488466263,-1.94921875,0,0,0.11253294977947342,english,comment,True,adjudicator,2-1,0,0
t1_p5rot3a,0,0.39782145619392395,-0.41455078125,0,0,0.3919313110109865,taglish,comment,True,adjudicator,2-1,0,0
t1_p656d1x,0,0.08756383508443832,-2.34375,0,0,0.07705027539977236,english,comment,True,adjudicator,2-1,0,0
t1_p77gn5r,0,0.8134608268737793,1.47265625,1,1,0.8263856291205484,taglish,comment,True,unanimous,3-0,0,0
t1_p7jeqsz,0,0.055005285888910294,-2.84375,0,0,0.04684879904719731,english,comment,True,majority,3-0,0,0
t1_p5iuqzb,0,0.019870713353157043,-3.8984375,0,0,0.015824409763020478,taglish,comment,True,unanimous,3-0,0,0
t1_p517aep,0,0.42286208271980286,-0.31103515625,0,0,0.4183549203106582,taglish,comment,True,adjudicator,2-1,0,0
t1_p7buldv,0,0.022116590291261673,-3.7890625,0,0,0.017734114368287795,taglish,comment,True,unanimous,3-0,0,0
t1_p3yznzs,0,0.7017130851745605,0.85546875,1,1,0.7122501318292443,tagalog,comment,True,adjudicator,2-1,0,0
t1_p7ktpl9,0,0.07211221009492874,-2.5546875,0,0,0.06258519538954795,taglish,comment,True,unanimous,3-0,0,0
t1_p3ev21r,0,0.5080559253692627,0.0322265625,1,0,0.5085348843054206,english,comment,True,adjudicator,2-1,0,0
t1_p7e3klb,0,0.11240508407354355,-2.06640625,0,0,0.10071718255684177,taglish,comment,True,majority,3-0,0,0
t1_p7dpbba,0,0.01956867426633835,-3.9140625,0,0,0.015568651841755795,taglish,comment,True,adjudicator,2-1,0,1
t1_p4thbix,0,0.47639694809913635,-0.094482421875,0,0,0.4749957156183273,tagalog,comment,True,adjudicator,2-1,0,0
t1_p5z2zvd,1,0.03622005507349968,-3.28125,0,0,0.029992301431155926,tagalog,comment,True,majority,3-0,1,1
t1_p513w3g,1,0.6577582955360413,0.6533203125,1,1,0.6664492044066612,english,comment,True,majority,3-0,1,1
t1_p2vjmz5,0,0.3246634900569916,-0.732421875,0,0,0.31518824083538494,tagalog,comment,True,majority,3-0,0,0
t1_p6y037g,0,0.19682621955871582,-1.40625,0,0,0.1839412440457049,english,comment,True,majority,3-0,0,0
t1_p7d23oe,0,0.2802222669124603,-0.943359375,0,0,0.2690486979989706,taglish,comment,True,adjudicator,2-1,0,0
t1_p5i4hvt,0,0.013636835850775242,-4.28125,0,0,0.010604388139789176,taglish,comment,True,unanimous,3-0,0,0
t1_p7kvr87,0,0.6667138338088989,0.693359375,1,1,0.675811415579621,english,comment,True,unanimous,3-0,0,0
t1_p77t84c,0,0.14175598323345184,-1.80078125,0,0,0.1292213174370422,english,comment,True,adjudicator,2-1,0,0
t1_p5f9wh2,0,0.024237634614109993,-3.6953125,0,0,0.01954979198523742,taglish,comment,True,majority,3-0,0,0
t1_p5ckeni,0,0.19559408724308014,-1.4140625,0,0,0.1827020500733767,taglish,comment,True,adjudicator,2-1,0,0
t1_p3gee5s,0,0.01384861022233963,-4.265625,0,0,0.010779487365673022,english,comment,True,majority,3-0,0,0
t1_p7k4xld,0,0.057918090373277664,-2.7890625,0,0,0.04950502071984786,taglish,comment,True,unanimous,3-0,0,0
t1_p7a7fkl,0,0.06804042309522629,-2.6171875,0,0,0.05881108247882908,taglish,comment,True,majority,3-0,0,0
t1_p7hocjp,0,0.15002882480621338,-1.734375,0,0,0.13734648458939455,taglish,comment,True,majority,3-0,0,0
t1_p50fdri,0,0.31615811586380005,-0.771484375,0,0,0.3063245108664351,english,comment,True,majority,3-0,0,0
t1_p6w95o8,0,0.814643383026123,1.48046875,1,1,0.8275699520778689,taglish,comment,True,adjudicator,2-1,0,0
t1_p6x6kjl,0,0.5214102268218994,0.085693359375,1,0,0.522681660343996,english,comment,True,adjudicator,2-1,0,1
t1_p5rpqpe,0,0.5495197772979736,0.19873046875,1,0,0.5524433067433249,tagalog,comment,True,adjudicator,2-1,0,0
t1_p584lsx,0,0.03358950838446617,-3.359375,0,0,0.027675721159560157,english,comment,True,majority,3-0,0,0
t1_p79hd8z,0,0.024798156693577766,-3.671875,0,0,0.020031467495256517,english,comment,True,majority,3-0,0,0
t1_p4t3p3g,0,0.41335874795913696,-0.35009765625,0,0,0.4083198118614211,tagalog,comment,True,adjudicator,2-1,0,1
t1_p6tvsv8,0,0.011869121342897415,-4.421875,0,0,0.009149962927664823,taglish,comment,True,adjudicator,2-1,0,0
t1_p5z7dkf,0,0.017442483454942703,-4.03125,0,0,0.013775931559672272,taglish,comment,True,unanimous,3-0,0,0
t1_p50pzlk,0,0.14080817997455597,-1.80859375,0,0,0.12829281177803642,english,comment,True,adjudicator,2-1,0,0
t1_p6m99jg,0,0.1212688684463501,-1.98046875,0,0,0.10926862935738582,taglish,comment,True,majority,3-0,0,0
t1_p5z5ipw,0,0.03649376332759857,-3.2734375,0,0,0.030234042907171754,tagalog,comment,True,adjudicator,3-0,0,0
t1_p6s85r6,1,0.6675812005996704,0.697265625,1,1,0.6767174665124499,taglish,comment,True,majority,3-0,1,1
t1_p50ss8o,0,0.5071864128112793,0.02874755859375,1,0,0.5076136558018282,taglish,comment,True,majority,3-0,0,0
t1_p7cjmsj,0,0.3407045304775238,-0.66015625,0,0,0.3319427889811764,taglish,comment,True,majority,3-0,0,0
t1_p7d121o,0,0.340485155582428,-0.6611328125,0,0,0.33171339225006885,taglish,comment,True,adjudicator,2-1,0,0
t1_p7isgm3,0,0.16940587759017944,-1.58984375,0,0,0.15651625256837612,tagalog,comment,True,unanimous,3-0,0,0
t1_p6rxbx6,0,0.09739040583372116,-2.2265625,0,0,0.08635615116946638,tagalog,comment,True,adjudicator,3-0,0,1
t1_p7k5edx,0,0.167763352394104,-1.6015625,0,0,0.1548841419348163,english,comment,True,majority,3-0,0,0
t1_p5zafuy,0,0.0443485863506794,-3.0703125,0,0,0.03722343669153708,english,comment,True,majority,3-0,0,0
t1_p4ndcqd,0,0.11676401644945145,-2.0234375,0,0,0.10491601724538131,tagalog,comment,True,adjudicator,2-1,0,0
t1_p79bp22,0,0.00955939944833517,-4.640625,0,0,0.007270949188108464,tagalog,comment,True,adjudicator,2-1,0,0
t1_p4sx1e4,1,0.8333246111869812,1.609375,1,1,0.8461961914168954,tagalog,comment,True,adjudicator,2-1,1,1
t1_p6vxruc,1,0.672331690788269,0.71875,1,1,0.6816769459697994,english,comment,True,adjudicator,2-1,1,1
t1_p7lf6st,0,0.10743748396635056,-2.1171875,0,0,0.09594786838873917,english,comment,True,majority,3-0,0,0
t1_p56ooj5,0,0.01590639352798462,-4.125,0,0,0.01248966741728404,taglish,comment,True,majority,3-0,0,0
t1_p6bufix,0,0.5492175221443176,0.197509765625,1,0,0.5521235195567832,tagalog,comment,True,unanimous,3-0,0,0
t1_p6sfwqq,0,0.15869519114494324,-1.66796875,0,0,0.14589694628728583,taglish,comment,True,majority,3-0,0,0
t1_p50fbrs,0,0.4836636483669281,-0.06536865234375,0,0,0.4826929983097953,tagalog,comment,True,adjudicator,2-1,0,0
t1_p6d5ebs,0,0.011687257327139378,-4.4375,0,0,0.009001092427124225,english,comment,True,majority,3-0,0,0
t1_p4u1uis,1,0.6220002174377441,0.498046875,1,1,0.6289377118254289,english,comment,True,adjudicator,2-1,1,1
t1_p79e778,0,0.13386748731136322,-1.8671875,0,0,0.12150911552210938,tagalog,comment,True,adjudicator,2-1,0,1
t1_p65n1i6,0,0.006797531619668007,-4.984375,0,0,0.005062792790334485,taglish,comment,True,majority,3-0,0,0
t1_p6euv7s,0,0.04885777831077576,-2.96875,0,0,0.04127762071512624,taglish,comment,True,majority,3-0,0,0
t1_p2zvy8a,1,0.04742587357759476,-3.0,0,0,0.03998712060268837,english,comment,True,majority,3-0,1,1
t1_p76idpi,0,0.05921025201678276,-2.765625,0,0,0.05068658990754702,taglish,comment,True,unanimous,3-0,0,0
t1_p7bmq1p,0,0.055005285888910294,-2.84375,0,0,0.04684879904719731,tagalog,comment,True,majority,3-0,0,0
t1_p4pq6qr,0,0.15102779865264893,-1.7265625,0,0,0.13833011716823654,english,comment,True,majority,3-0,0,0
t1_p7ea9p3,0,0.18713268637657166,-1.46875,0,0,0.1742089377362619,tagalog,comment,True,majority,3-0,0,0
t1_p7hc4va,0,0.037892427295446396,-3.234375,0,0,0.03147133507242025,taglish,comment,True,majority,3-0,0,0
t1_p6zfvsk,0,0.03185885399580002,-3.4140625,0,0,0.02615852937977308,taglish,comment,True,unanimous,3-0,0,0
t1_p4t3t98,0,0.09807931631803513,-2.21875,0,0,0.08701144043878545,taglish,comment,True,majority,3-0,0,0
t1_p6eo5lu,0,0.03760863468050957,-3.2421875,0,0,0.031220019102935,tagalog,comment,True,adjudicator,2-1,0,1
t1_p2x2qxx,0,0.15817435085773468,-1.671875,0,0,0.1453819954748573,taglish,comment,True,unanimous,3-0,0,0
t1_p7m9h9j,1,0.6361271142959595,0.55859375,1,1,0.6437802127105806,tagalog,comment,True,adjudicator,2-1,1,1
t1_p5f5e8r,0,0.5477665066719055,0.191650390625,1,0,0.5505879454358886,tagalog,comment,True,adjudicator,2-1,0,0
t1_p5n5gge,0,0.04501553252339363,-3.0546875,0,0,0.037821266710129954,english,comment,True,majority,3-0,0,0
t1_p47hvja,1,0.08819004148244858,-2.3359375,0,0,0.07764095048311967,taglish,comment,True,majority,3-0,1,1
t1_p76qr78,0,0.10894505679607391,-2.1015625,0,0,0.09739343901269257,taglish,comment,True,unanimous,3-0,0,0
t1_p5s0ie8,1,0.06804042309522629,-2.6171875,0,0,0.05881108247882908,taglish,comment,True,adjudicator,2-1,1,1
t1_p6co89h,0,0.011687257327139378,-4.4375,0,0,0.009001092427124225,english,comment,True,adjudicator,2-1,0,0
t1_p7jty2q,0,0.5578453540802002,0.232421875,1,0,0.5612514121377393,tagalog,comment,True,adjudicator,2-1,0,0
t1_p7lecgg,1,0.208823561668396,-1.33203125,0,0,0.19603887259042055,english,comment,True,adjudicator,2-1,1,0
t1_p64ib8c,0,0.017045317217707634,-4.0546875,0,0,0.01344261293165296,tagalog,comment,True,adjudicator,2-1,0,0
t1_p56of1n,0,0.01798621006309986,-4.0,0,0,0.014233062138560987,english,comment,True,unanimous,3-0,0,0
t1_p78ba67,0,0.18184363842010498,-1.50390625,0,0,0.16891546002879868,taglish,comment,True,adjudicator,2-1,0,0
t1_p77f4p4,0,0.08756383508443832,-2.34375,0,0,0.07705027539977236,english,comment,True,unanimous,3-0,0,0
t1_p2ytd7e,0,0.5451646447181702,0.18115234375,1,0,0.5478343146824033,taglish,comment,True,adjudicator,2-1,0,0
t1_p7693zn,0,0.08151976019144058,-2.421875,0,0,0.07136639379901166,taglish,comment,True,unanimous,3-0,0,0
t1_p2zx3qg,0,0.053403329104185104,-2.875,0,0,0.045392368781685816,tagalog,comment,True,adjudicator,2-1,0,0
t1_p5x4bpa,0,0.3106943964958191,-0.796875,0,0,0.3006384109184559,tagalog,comment,True,adjudicator,2-1,0,1
t1_p7anh8l,1,0.7701191902160645,1.208984375,1,1,0.7825985694623276,taglish,comment,True,adjudicator,2-1,1,0
t1_p7jdld3,0,0.2030746191740036,-1.3671875,0,0,0.1902348818146269,english,comment,True,majority,3-0,0,0
t1_p5rovuh,1,0.2901756167411804,-0.89453125,0,0,0.27934300652015237,english,comment,True,majority,3-0,1,1
t1_p7erayc,0,0.36026397347450256,-0.57421875,0,0,0.35243257918825804,tagalog,comment,True,adjudicator,2-1,0,0
t1_p7i7mqf,0,0.024237634614109993,-3.6953125,0,0,0.01954979198523742,taglish,comment,True,majority,3-0,0,0
t1_p4x583k,0,0.06371499598026276,-2.6875,0,0,0.05482068543987056,tagalog,comment,True,adjudicator,2-1,0,0
t1_p7bu88w,0,0.025565214455127716,-3.640625,0,0,0.020691822079171432,taglish,comment,True,majority,3-0,0,0
t1_p4dwqfb,1,0.1629120409488678,-1.63671875,0,0,0.15007115174213942,english,comment,True,adjudicator,2-1,1,1
t1_p7knj9u,0,0.11961366981267929,-1.99609375,0,0,0.10766782526321428,taglish,comment,True,majority,3-0,0,0
t1_p5f7dns,0,0.7849790453910828,1.294921875,1,1,0.7976904938781172,tagalog,comment,True,adjudicator,2-1,0,0
t1_p7hh5q0,0,0.030214587226510048,-3.46875,0,0,0.024722395771084375,taglish,comment,True,unanimous,3-0,0,0
t1_p7bsvbl,0,0.04240382835268974,-3.1171875,0,0,0.03548398001294258,english,comment,True,adjudicator,2-1,0,1
t3_1vrrfi8,0,0.023509452119469643,-3.7265625,0,0,0.01892517958577068,taglish,submission,True,majority,3-0,0,0
t1_p6x3jha,1,0.8936811685562134,2.12890625,1,1,0.9051236932713073,tagalog,comment,True,adjudicator,2-1,1,1
t1_p78wrsu,0,0.2818007171154022,-0.935546875,0,0,0.2706795843882649,tagalog,comment,True,adjudicator,2-1,0,1
t1_p6ztuf8,0,0.037047166377305984,-3.2578125,0,0,0.03072320133411952,tagalog,comment,True,majority,3-0,0,0
t1_p4xz1az,0,0.03210070729255676,-3.40625,0,0,0.02637021025409894,english,comment,True,majority,3-0,0,0
t1_p5roqqv,0,0.3380771279335022,-0.671875,0,0,0.3291953172896473,english,comment,True,majority,3-0,0,0
t1_p77zzxn,0,0.03963883966207504,-3.1875,0,0,0.03302082254889943,tagalog,comment,True,adjudicator,2-1,0,1
t1_p3gkat4,0,0.07316472381353378,-2.5390625,0,0,0.06356345801667539,taglish,comment,True,majority,3-0,0,0
t1_p7cb332,0,0.25349122285842896,-1.080078125,0,0,0.24153121728781737,tagalog,comment,True,adjudicator,2-1,0,0
t1_p72yo6v,0,0.2716379463672638,-0.986328125,0,0,0.2601905805043429,taglish,comment,True,majority,3-0,0,0
t1_p4ssv2p,0,0.7244806289672852,0.966796875,1,1,0.7358065430512168,tagalog,comment,True,unanimous,3-0,0,0
t3_1vsem4e,0,0.0071214293129742146,-4.9375,0,0,0.005319199667544577,taglish,submission,True,majority,3-0,0,0
t1_p5incbq,0,0.5003662109375,0.00146484375,1,0,0.5003879868951584,tagalog,comment,True,adjudicator,2-1,0,0
t1_p6ls6y1,0,0.017442483454942703,-4.03125,0,0,0.013775931559672272,taglish,comment,True,unanimous,3-0,0,0
t1_p6c40zg,0,0.20946967601776123,-1.328125,0,0,0.1966919567634772,tagalog,comment,True,adjudicator,2-1,0,0
t1_p76mp20,0,0.31153160333633423,-0.79296875,0,0,0.3015092741582949,english,comment,True,adjudicator,2-1,0,0
t1_p7ab1f2,0,0.37983837723731995,-0.490234375,0,0,0.372995999198616,taglish,comment,True,adjudicator,2-1,0,0
t1_p50n0sd,0,0.3073580265045166,-0.8125,0,0,0.2971693550428721,english,comment,True,unanimous,3-0,0,0
t1_p77vhmq,0,0.03594832494854927,-3.2890625,0,0,0.029752433539623698,taglish,comment,True,majority,3-0,0,0
t1_p47i2r2,0,0.04054073989391327,-3.1640625,0,0,0.033822952805036666,taglish,comment,True,majority,3-0,0,0
t1_p7eipfc,0,0.04115288704633713,-3.1484375,0,0,0.03436811861718476,taglish,comment,True,unanimous,3-0,0,0
t1_p6leryv,1,0.06705629080533981,-2.6328125,0,0,0.0579014380743955,tagalog,comment,True,adjudicator,2-1,1,0
t1_p4tc9d3,0,0.6422080993652344,0.5849609375,1,1,0.6501604425265154,english,comment,True,adjudicator,2-1,0,1
t1_p7n6ben,0,0.3090236783027649,-0.8046875,0,0,0.2989009958622067,tagalog,comment,True,adjudicator,2-1,0,0
t1_p4617tr,0,0.03090895712375641,-3.4453125,0,0,0.025328223628969256,english,comment,True,majority,3-0,0,0
t1_p7ky9x7,0,0.2978782653808594,-0.857421875,0,0,0.2873259591213229,tagalog,comment,True,unanimous,3-0,0,0
t1_p7ke3gb,0,0.034100428223609924,-3.34375,0,0,0.028124688751755004,taglish,comment,True,unanimous,3-0,0,0
t1_p75z2bv,1,0.5147662162780762,0.05908203125,1,0,0.5156437003651211,taglish,comment,True,unanimous,3-0,1,1
t1_p6y900m,0,0.4163219630718231,-0.337890625,0,0,0.41144799775645574,tagalog,comment,True,majority,3-0,0,0
t1_p2zy5gz,0,0.014281933195888996,-4.234375,0,0,0.011138309073796246,english,comment,True,majority,3-0,0,0
t1_p7jvjug,0,0.7711548805236816,1.21484375,1,1,0.7836528979973932,tagalog,comment,True,adjudicator,2-1,0,0
t1_p68hnvq,0,0.08093671500682831,-2.4296875,0,0,0.0708197889660413,english,comment,True,majority,3-0,0,0
t1_p6r4d0s,0,0.019870713353157043,-3.8984375,0,0,0.015824409763020478,tagalog,comment,True,majority,3-0,0,0
t1_p4onbxw,0,0.014503578655421734,-4.21875,0,0,0.011322123493842238,taglish,comment,True,majority,3-0,0,0
t1_p7e77zy,0,0.0541987307369709,-2.859375,0,0,0.0461151124779358,taglish,comment,True,majority,3-0,0,0
t1_p5jimtp,1,0.3677242696285248,-0.5419921875,0,0,0.3602634872278532,taglish,comment,True,majority,3-0,1,1
t1_p6kecwp,0,0.017576880753040314,-4.0234375,0,0,0.013888838670312544,taglish,comment,True,unanimous,3-0,0,0
t1_p4mp9bw,0,0.015543648041784763,-4.1484375,0,0,0.012187086294888858,taglish,comment,True,adjudicator,2-1,0,0
t1_p457cku,0,0.0446808747947216,-3.0625,0,0,0.03752120747189035,tagalog,comment,True,majority,3-0,0,0
t1_p4e9crn,0,0.46505337953567505,-0.1400146484375,0,0,0.46298276686604717,tagalog,comment,True,adjudicator,2-1,0,0
t1_p7ckl7z,0,0.6731916666030884,0.72265625,1,1,0.6825743035488192,tagalog,comment,True,adjudicator,2-1,0,0
t1_p7a8qk5,1,0.21800270676612854,-1.27734375,0,0,0.20533162048050713,taglish,comment,True,majority,3-0,1,1
t1_p5dfsas,0,0.6893056035041809,0.796875,1,1,0.6993615890815441,taglish,comment,True,unanimous,3-0,0,0
t1_p6qr4jk,1,0.7197777628898621,0.943359375,1,1,0.7309513020010294,taglish,comment,True,majority,3-0,1,1
t1_p48vekj,0,0.026759279891848564,-3.59375,0,0,0.021722484849024695,taglish,comment,True,majority,3-0,0,0
t1_p7hto58,0,0.03649376332759857,-3.2734375,0,0,0.030234042907171754,taglish,comment,True,unanimous,3-0,0,0
t1_p2yp9nz,0,0.4785897433757782,-0.085693359375,0,0,0.4773183396560039,taglish,comment,True,adjudicator,2-1,0,1
t1_p5clmlh,0,0.5349162220954895,0.139892578125,1,0,0.5369850779486594,taglish,comment,True,majority,3-0,0,0
t1_p5rq04g,0,0.05033063143491745,-2.9375,0,0,0.04260792054462838,english,comment,True,majority,3-0,0,0
t1_p7c6l3m,0,0.034358687698841095,-3.3359375,0,0,0.02835181703096657,english,comment,True,majority,3-0,0,0
t1_p5z3w01,0,0.1041124165058136,-2.15234375,0,0,0.09276528020973772,taglish,comment,True,unanimous,3-0,0,0
t1_p7dx9j9,0,0.5215929746627808,0.08642578125,1,0,0.5228752512077418,english,comment,True,majority,3-0,0,0
t1_p3g4gf0,0,0.014503578655421734,-4.21875,0,0,0.011322123493842238,taglish,comment,True,majority,3-0,0,0
t1_p3hfbd5,0,0.02498779445886612,-3.6640625,0,0,0.02019459494261782,english,comment,True,majority,3-0,0,0
t1_p79xtsd,0,0.060086652636528015,-2.75,0,0,0.05148908226532589,english,comment,True,majority,3-0,0,0
t1_p3f71ak,0,0.4270681142807007,-0.2938232421875,0,0,0.4227987045233432,taglish,comment,True,majority,3-0,0,0
t1_p5jkezm,0,0.11201595515012741,-2.0703125,0,0,0.1003429616403325,english,comment,True,majority,3-0,0,0
t1_p6k5hug,0,0.017176708206534386,-4.046875,0,0,0.013552825714806585,english,comment,True,majority,3-0,0,0
t1_p78b5um,0,0.06560484319925308,-2.65625,0,0,0.0565617024417659,english,comment,True,adjudicator,2-1,0,0
t1_p7i590u,0,0.08756383508443832,-2.34375,0,0,0.07705027539977236,taglish,comment,True,unanimous,3-0,0,0
t1_p7djczh,0,0.03594832494854927,-3.2890625,0,0,0.029752433539623698,tagalog,comment,True,majority,3-0,0,0
t1_p6rtlgn,0,0.03384403511881828,-3.3515625,0,0,0.027899327767013937,taglish,comment,True,majority,3-0,0,0
t1_p5ckfsi,0,0.13799647986888885,-1.83203125,0,0,0.12554138575713975,english,comment,True,majority,3-0,0,0
t1_p7kk0ar,0,0.2782568037509918,-0.953125,0,0,0.2670188438056552,taglish,comment,True,majority,3-0,0,0
t1_p3mm42l,0,0.3584653437137604,-0.58203125,0,0,0.35054587291954814,tagalog,comment,True,adjudicator,2-1,0,1
t1_p393o0y,0,0.012624949216842651,-4.359375,0,0,0.009770230705341446,taglish,comment,True,unanimous,3-0,0,0
t1_p58vdxr,0,0.818156361579895,1.50390625,1,1,0.8310845399712014,tagalog,comment,True,adjudicator,2-1,0,0
t1_p74ikrc,0,0.015663648024201393,-4.140625,0,0,0.012287133518302686,taglish,comment,True,majority,3-0,0,0
t1_p7d43dc,1,0.23370636999607086,-1.1875,0,0,0.2212989989536525,taglish,comment,True,unanimous,3-0,1,1
t1_p7b31me,0,0.4002804160118103,-0.404296875,0,0,0.3945233627727156,english,comment,True,adjudicator,2-1,0,0
t1_p5d33sl,0,0.1661335527896881,-1.61328125,0,0,0.15326595803193444,english,comment,True,unanimous,3-0,0,0
t1_p5ez526,0,0.026759279891848564,-3.59375,0,0,0.021722484849024695,taglish,comment,True,unanimous,3-0,0,0
t1_p50eivj,0,0.16398024559020996,-1.62890625,0,0,0.15112994915104835,taglish,comment,True,majority,3-0,0,0
t1_p5evs12,0,0.6836307048797607,0.7705078125,1,1,0.6934555963538884,tagalog,comment,True,adjudicator,2-1,0,1
t1_p7kwraw,0,0.023330770432949066,-3.734375,0,0,0.01877210973576006,english,comment,True,majority,3-0,0,0
t1_p72vwpm,0,0.847967803478241,1.71875,1,1,0.8606803434747773,english,comment,True,adjudicator,2-1,0,1
t1_p5rtmmq,0,0.6250948309898376,0.51123046875,1,1,0.6321914725766652,english,comment,True,adjudicator,3-0,0,0
t1_p7cn5o7,1,0.15304215252399445,-1.7109375,0,0,0.14031512182409556,english,comment,True,majority,3-0,1,1
t1_p3mk15j,0,0.3865318298339844,-0.4619140625,0,0,0.38003942216903847,english,comment,True,unanimous,3-0,0,0
t1_p70bt1i,0,0.4493624269962311,-0.2032470703125,0,0,0.44637385984163847,taglish,comment,True,majority,3-0,0,0
t1_p61w9xz,0,0.007011795416474342,-4.953125,0,0,0.00523232681247562,english,comment,True,adjudicator,2-1,0,0
t1_p2xicor,0,0.7264255881309509,0.9765625,1,1,0.737812905744741,tagalog,comment,True,adjudicator,2-1,0,0
t1_p5jglh8,0,0.19253934919834137,-1.43359375,0,0,0.17963244738807663,tagalog,comment,True,adjudicator,2-1,0,0
t1_p3zz7ts,0,0.015189048834145069,-4.171875,0,0,0.011891747383958434,taglish,comment,True,majority,3-0,0,0
t1_p75qnxv,0,0.5108625292778015,0.04345703125,1,0,0.5115082473544448,english,comment,True,majority,3-0,0,0
t1_p79i6zf,0,0.016657039523124695,-4.078125,0,0,0.013117251922090534,english,comment,True,majority,3-0,0,0
t1_p4qu5cn,0,0.2658804655075073,-1.015625,0,0,0.2542604632703541,tagalog,comment,True,adjudicator,2-1,0,0
t1_p7afn9w,0,0.13251455128192902,-1.87890625,0,0,0.12019003399352876,english,comment,True,majority,3-0,0,0
t1_p51c9tq,0,0.16940587759017944,-1.58984375,0,0,0.15651625256837612,taglish,comment,True,majority,3-0,0,0
t1_p67kt9n,0,0.13251455128192902,-1.87890625,0,0,0.12019003399352876,taglish,comment,True,majority,3-0,0,0
t1_p7ajowh,0,0.208823561668396,-1.33203125,0,0,0.19603887259042055,taglish,comment,True,adjudicator,2-1,0,0
t1_p73oenm,0,0.25832599401474,-1.0546875,0,0,0.24649341421681462,tagalog,comment,True,majority,3-0,0,0
t1_p7brkvq,0,0.04672495648264885,-3.015625,0,0,0.0393564558789569,taglish,comment,True,majority,3-0,0,0
t1_p7lem5c,0,0.2798284888267517,-0.9453125,0,0,0.2686419480038089,tagalog,comment,True,adjudicator,2-1,0,0
t1_p74rzdi,0,0.5062252879142761,0.02490234375,1,0,0.5065953959752493,tagalog,comment,True,adjudicator,2-1,0,0
t1_p79d9th,0,0.113973468542099,-2.05078125,0,0,0.10222648354265806,tagalog,comment,True,adjudicator,2-1,0,0
t1_p7aepiv,0,0.11757213622331619,-2.015625,0,0,0.10569585002187172,tagalog,comment,True,adjudicator,2-1,0,0
t1_p73o9cq,0,0.640186071395874,0.576171875,1,1,0.6480395318583633,english,comment,True,unanimous,3-0,0,0
t1_p5ai9q3,0,0.01342825498431921,-4.296875,0,0,0.010432103185769552,english,comment,True,majority,3-0,0,0
t1_p75wlro,0,0.4937747120857239,-0.02490234375,0,0,0.49340460402475084,english,comment,True,unanimous,3-0,0,0
t1_p50jpev,0,0.28219619393348694,-0.93359375,0,0,0.2710882759971174,tagalog,comment,True,adjudicator,2-1,0,1
t1_p75euy4,1,0.8128673434257507,1.46875,1,1,0.8257910622637381,taglish,comment,True,majority,3-0,1,1
t1_p3givpi,0,0.020332353189587593,-3.875,0,0,0.016215815918386358,taglish,comment,True,adjudicator,2-1,0,0
t1_p7mra15,0,0.24113182723522186,-1.146484375,0,0,0.22887792993764702,english,comment,True,adjudicator,2-1,0,0
t1_p7k7ilt,0,0.07978201657533646,-2.4453125,0,0,0.06973816582530518,taglish,comment,True,majority,3-0,0,0
t3_1vsgvwd,0,0.2857704162597656,-0.916015625,0,0,0.2747838920876187,taglish,submission,True,unanimous,3-0,0,0
t1_p4q6ia8,1,0.7375364303588867,1.033203125,1,1,0.749254565426288,tagalog,comment,True,adjudicator,2-1,1,1
t1_p675hvz,0,0.21403354406356812,-1.30078125,0,0,0.2013095415688817,taglish,comment,True,unanimous,3-0,0,0
t1_p7kdw6q,0,0.05964693799614906,-2.7578125,0,0,0.05108634519126149,taglish,comment,True,unanimous,3-0,0,0
t1_p6w0op2,0,0.8812065720558167,2.00390625,1,1,0.8931248181627602,tagalog,comment,True,adjudicator,2-1,0,1
t1_p7ayjj8,0,0.1431877166032791,-1.7890625,0,0,0.13062480100597756,taglish,comment,True,adjudicator,2-1,0,0
t1_p7jbrxc,0,0.04501553252339363,-3.0546875,0,0,0.037821266710129954,english,comment,True,adjudicator,3-0,0,0
t1_p30mv2j,0,0.025760557502508163,-3.6328125,0,0,0.020860212691691873,taglish,comment,True,majority,3-0,0,0
t1_p3lyi6l,0,0.07864238321781158,-2.4609375,0,0,0.06867184131167044,taglish,comment,True,adjudicator,2-1,0,1
t1_p79gkuq,0,0.10338596999645233,-2.16015625,0,0,0.09207102827522225,taglish,comment,True,adjudicator,2-1,0,0
t1_p6y249q,0,0.09807931631803513,-2.21875,0,0,0.08701144043878545,tagalog,comment,True,unanimous,3-0,0,0
t1_p7dqfr1,0,0.05033063143491745,-2.9375,0,0,0.04260792054462838,tagalog,comment,True,adjudicator,2-1,0,1
t1_p6zwkbj,0,0.09073548763990402,-2.3046875,0,0,0.08004532614183058,tagalog,comment,True,adjudicator,2-1,0,0
t1_p796mnx,1,0.011687257327139378,-4.4375,0,0,0.009001092427124225,english,comment,True,adjudicator,2-1,1,1
t1_p6s1gzr,0,0.11676401644945145,-2.0234375,0,0,0.10491601724538131,taglish,comment,True,majority,3-0,0,0
t1_p74lbe3,0,0.3835258483886719,-0.474609375,0,0,0.3768755768112876,tagalog,comment,True,adjudicator,2-1,0,1
t1_p7bj8kc,0,0.3993430435657501,-0.408203125,0,0,0.39353520605246256,taglish,comment,True,adjudicator,2-1,0,0
t1_p6xy6oj,0,0.07696083933115005,-2.484375,0,0,0.06710064757123804,english,comment,True,majority,3-0,0,0
t1_p50vpbc,0,0.05877655744552612,-2.7734375,0,0,0.05028979696340589,taglish,comment,True,majority,3-0,0,0
t1_p7hu2dg,1,0.037892427295446396,-3.234375,0,0,0.03147133507242025,english,comment,True,adjudicator,2-1,1,1
t1_p60ini5,1,0.14080817997455597,-1.80859375,0,0,0.12829281177803642,english,comment,True,majority,3-0,1,1
t1_p74eoly,1,0.2133771777153015,-1.3046875,0,0,0.20064495495743076,taglish,comment,True,unanimous,3-0,1,1
t1_p57775v,0,0.027585282921791077,-3.5625,0,0,0.022437308922922845,taglish,comment,True,majority,3-0,0,0
t1_p4qem03,0,0.37159261107444763,-0.525390625,0,0,0.3643271127526448,english,comment,True,unanimous,3-0,0,0
t1_p6yxpxt,0,0.1276526302099228,-1.921875,0,0,0.11545876953141677,tagalog,comment,True,majority,3-0,0,0
t1_p5c8o4w,0,0.008985428139567375,-4.703125,0,0,0.006808258583260097,english,comment,True,majority,3-0,0,0
t1_p5cpmxp,0,0.0844927504658699,-2.3828125,0,0,0.0741582565797806,taglish,comment,True,majority,3-0,0,0
t1_p74l3ot,0,0.24328269064426422,-1.134765625,0,0,0.23107656392035422,tagalog,comment,True,adjudicator,2-1,0,0
t1_p5pvzu8,0,0.01640303246676922,-4.09375,0,0,0.012904674031485397,taglish,comment,True,unanimous,3-0,0,0
t1_p5ja9a6,0,0.009125636890530586,-4.6875,0,0,0.006921114748101497,taglish,comment,True,unanimous,3-0,0,0
t1_p7a4x4d,0,0.14080817997455597,-1.80859375,0,0,0.12829281177803642,english,comment,True,unanimous,3-0,0,0
t1_p7hn2ei,0,0.1550784707069397,-1.6953125,0,0,0.14232390600740416,english,comment,True,majority,3-0,0,0
t1_p3gj36e,0,0.01784873940050602,-4.0078125,0,0,0.014117396779101352,taglish,comment,True,unanimous,3-0,0,0
t1_p74wdcy,0,0.08035747706890106,-2.4375,0,0,0.07027705382608157,taglish,comment,True,unanimous,3-0,0,0
t1_p4t9ywx,0,0.049958519637584686,-2.9453125,0,0,0.04227155423595593,tagalog,comment,True,unanimous,3-0,0,0
t1_p7mzui1,0,0.3073580265045166,-0.8125,0,0,0.2971693550428721,tagalog,comment,True,majority,3-0,0,0
t1_p58wc9w,0,0.5346732139587402,0.138916015625,1,0,0.5367278254144421,english,comment,True,unanimous,3-0,0,0
t1_p74ely0,0,0.6542322635650635,0.6376953125,1,1,0.6627592307688127,taglish,comment,True,adjudicator,2-1,0,0
t1_p66w6a3,0,0.027376487851142883,-3.5703125,0,0,0.02225647684260478,tagalog,comment,True,majority,3-0,0,0
t1_p6ry2to,0,0.023153413087129593,-3.7421875,0,0,0.018620254441379745,tagalog,comment,True,majority,3-0,0,0
t1_p4svza9,0,0.49317970871925354,-0.02728271484375,0,0,0.4927742457138558,tagalog,comment,True,adjudicator,2-1,0,0
t1_p30l3p2,0,0.0443485863506794,-3.0703125,0,0,0.03722343669153708,english,comment,True,unanimous,3-0,0,0
t1_p465g9d,0,0.06608537584543228,-2.6484375,0,0,0.05700501118863395,taglish,comment,True,adjudicator,2-1,0,0
t1_p79bjy1,0,0.020332353189587593,-3.875,0,0,0.016215815918386358,english,comment,True,adjudicator,2-1,0,0
t1_p75e3qj,0,0.7118317484855652,0.904296875,1,1,0.722735053374135,taglish,comment,True,majority,3-0,0,0
t1_p517odk,0,0.6825737357139587,0.765625,1,1,0.6923548131105487,tagalog,comment,True,adjudicator,2-1,0,1
t1_p7bw6m1,0,0.053799647837877274,-2.8671875,0,0,0.04575238193987225,english,comment,True,majority,3-0,0,0
t1_p66vjwx,0,0.09009299427270889,-2.3125,0,0,0.07943793449313696,tagalog,comment,True,majority,3-0,0,0
t1_p5vixtt,0,0.03138043358922005,-3.4296875,0,0,0.025740117234055726,taglish,comment,True,majority,3-0,0,0
t1_p79ib3k,0,0.026759279891848564,-3.59375,0,0,0.021722484849024695,taglish,comment,True,unanimous,3-0,0,0
t1_p58kee9,0,0.29624688625335693,-0.865234375,0,0,0.2856340564725429,english,comment,True,unanimous,3-0,0,0
t1_p59fdwe,0,0.26664361357688904,-1.01171875,0,0,0.2550459758634581,english,comment,True,adjudicator,2-1,0,1
t1_p6siibl,1,0.4260827302932739,-0.2978515625,0,0,0.42175752157785545,english,comment,True,majority,3-0,1,1
t1_p7kdl3z,1,0.4471735954284668,-0.21209716796875,0,0,0.4440579175082357,taglish,comment,True,majority,3-0,1,1
t1_p6c038g,0,0.011869121342897415,-4.421875,0,0,0.009149962927664823,taglish,comment,True,unanimous,3-0,0,0
t1_p3zq2x9,0,0.012821215204894543,-4.34375,0,0,0.0099316946186788,english,comment,True,majority,3-0,0,0
t1_p5cmw8l,0,0.808672308921814,1.44140625,1,1,0.8215840650610038,tagalog,comment,True,adjudicator,2-1,0,1
t1_p451dv5,1,0.3265935182571411,-0.7236328125,0,0,0.3172015686016847,tagalog,comment,True,adjudicator,2-1,1,1
t1_p4bi0wm,0,0.04958902671933174,-2.953125,0,0,0.041937727037207134,tagalog,comment,True,adjudicator,2-1,0,0
t1_p6xyj2g,0,0.17838265001773834,-1.52734375,0,0,0.16545818636520523,taglish,comment,True,majority,3-0,0,0
t1_p6scjhs,0,0.3127896785736084,-0.787109375,0,0,0.3028182526559989,english,comment,True,majority,3-0,0,0
t1_p2hmf6m,0,0.006589771714061499,-5.015625,0,0,0.004898724834633283,taglish,comment,True,unanimous,3-0,0,0
t1_p7bqhwn,0,0.41395092010498047,-0.34765625,0,0,0.40894486382376366,taglish,comment,True,adjudicator,2-1,0,0
t1_p50sx7y,0,0.32209938764572144,-0.744140625,0,0,0.31251457328683485,taglish,comment,True,majority,3-0,0,0
t1_p5se4w6,0,0.08570928126573563,-2.3671875,0,0,0.0753028849640955,english,comment,True,majority,3-0,0,0
t1_p5wj2ku,0,0.07211221009492874,-2.5546875,0,0,0.06258519538954795,english,comment,True,adjudicator,2-1,0,1
t1_p3239ik,1,0.3309035003185272,-0.7041015625,0,0,0.3217001338838699,english,comment,True,adjudicator,2-1,1,1
t1_p5z09ya,0,0.0384661927819252,-3.21875,0,0,0.03197985158634775,english,comment,True,majority,3-0,0,0
t1_p6ep96k,1,0.27747297286987305,-0.95703125,0,0,0.26620963346347204,taglish,comment,True,majority,3-0,1,1
t1_p50lw40,1,0.1795305460691452,-1.51953125,0,0,0.1666042638390783,english,comment,True,adjudicator,2-1,1,1
t1_p6rxmzn,0,0.014503578655421734,-4.21875,0,0,0.011322123493842238,english,comment,True,majority,3-0,0,0
t1_p6dl87e,0,0.36296921968460083,-0.5625,0,0,0.35527127586281976,tagalog,comment,True,adjudicator,2-1,0,0
t1_p30mnwp,1,0.3736472427845001,-0.5166015625,0,0,0.3664863453802174,english,comment,True,majority,3-0,1,1
t1_p4ur86n,0,0.034618839621543884,-3.328125,0,0,0.02858072560319402,taglish,comment,True,unanimous,3-0,0,0
t1_p6s9jvf,0,0.3056972920894623,-0.8203125,0,0,0.29544351874298025,taglish,comment,True,majority,3-0,0,0
t1_p7bvma7,0,0.1127954050898552,-2.0625,0,0,0.10109264227610555,tagalog,comment,True,majority,3-0,0,0
t1_p6kea8c,0,0.02498779445886612,-3.6640625,0,0,0.02019459494261782,english,comment,True,majority,3-0,0,0
t1_p7akh1u,0,0.013020490296185017,-4.328125,0,0,0.0100957996973733,taglish,comment,True,majority,3-0,0,0
t1_p3ffwh3,1,0.5648787617683411,0.260986328125,1,0,0.5686892645689954,taglish,comment,True,majority,3-0,1,1
t1_p74ve93,0,0.4600159525871277,-0.1602783203125,0,0,0.4576494749089301,english,comment,True,majority,3-0,0,0
t1_p5cn2vp,1,0.7634837031364441,1.171875,1,1,0.7758351448416035,taglish,comment,True,majority,3-0,1,1
t1_p74qbp4,0,0.11124119907617569,-2.078125,0,0,0.09959822448566562,tagalog,comment,True,majority,3-0,0,0
t1_p30kfc2,0,0.2330075204372406,-1.19140625,0,0,0.22058664670561431,english,comment,True,adjudicator,2-1,0,0
t1_p2zw8oh,0,0.017176708206534386,-4.046875,0,0,0.013552825714806585,tagalog,comment,True,adjudicator,3-0,0,0
t1_p4stnfe,0,0.7318258881568909,1.00390625,1,1,0.7433782181357097,tagalog,comment,True,adjudicator,2-1,0,1
t1_p5xy6zh,0,0.03676946833729744,-3.265625,0,0,0.030477671627086856,taglish,comment,True,majority,3-0,0,0
t1_p5fzzes,0,0.04672495648264885,-3.015625,0,0,0.0393564558789569,taglish,comment,True,adjudicator,2-1,0,1
t1_p75rwe2,1,0.4002804160118103,-0.404296875,0,0,0.3945233627727156,tagalog,comment,True,adjudicator,2-1,1,0
t1_p3f2ovk,0,0.24617071449756622,-1.119140625,0,0,0.23403098640244893,taglish,comment,True,unanimous,3-0,0,0
t1_p6d6eto,0,0.037047166377305984,-3.2578125,0,0,0.03072320133411952,tagalog,comment,True,adjudicator,2-1,0,0
t1_p3za0te,0,0.7843190431594849,1.291015625,1,1,0.7970217938610099,taglish,comment,True,adjudicator,2-1,0,0
t1_p3wnwnp,0,0.03258974477648735,-3.390625,0,0,0.02679858299042966,taglish,comment,True,majority,3-0,0,0
t1_p5jhy3n,0,0.06853749603033066,-2.609375,0,0,0.05927091341723737,taglish,comment,True,unanimous,3-0,0,0
t1_p6k0olj,0,0.030214587226510048,-3.46875,0,0,0.024722395771084375,taglish,comment,True,unanimous,3-0,0,0
t1_p6e2mll,0,0.5424694418907166,0.1702880859375,1,0,0.5449815423524138,taglish,comment,True,adjudicator,2-1,0,1
t1_p4sutzg,0,0.8832359910011292,2.0234375,1,1,0.8950839827546186,taglish,comment,True,adjudicator,2-1,0,1
t1_p70dx7c,0,0.02460992895066738,-3.6796875,0,0,0.019869631033144354,taglish,comment,True,unanimous,3-0,0,0
t1_p7a1lxz,1,0.4965820610523224,-0.013671875,0,0,0.4963788515644822,taglish,comment,True,adjudicator,2-1,1,1
t1_p7bg11b,0,0.02460992895066738,-3.6796875,0,0,0.019869631033144354,tagalog,comment,True,adjudicator,2-1,0,0
t1_p5s5z5a,0,0.24725964665412903,-1.11328125,0,0,0.23514563491691068,tagalog,comment,True,adjudicator,2-1,0,1
t1_p7d8mki,0,0.02178117074072361,-3.8046875,0,0,0.01744803853590209,taglish,comment,True,adjudicator,2-1,0,0
t1_p511mps,1,0.6959583163261414,0.828125,1,1,0.7062764833539372,taglish,comment,True,majority,3-0,1,1
t1_p6wltad,0,0.8169911503791809,1.49609375,1,1,0.8299193955570741,tagalog,comment,True,adjudicator,2-1,0,0
t1_p79fxga,0,0.06097517907619476,-2.734375,0,0,0.05230358001450098,taglish,comment,True,adjudicator,2-1,0,0
t1_p6scwsx,0,0.5478269457817078,0.19189453125,1,0,0.5506519471515303,english,comment,True,majority,3-0,0,0
t1_p51c5db,0,0.17895588278770447,-1.5234375,0,0,0.1660304330821899,taglish,comment,True,majority,3-0,0,0
t1_p5etm2t,0,0.20689406991004944,-1.34375,0,0,0.19408946374639083,taglish,comment,True,majority,3-0,0,0
t1_p3jn9cc,0,0.043042849749326706,-3.1015625,0,0,0.03605491954473112,taglish,comment,True,unanimous,3-0,0,0
t1_p5s22l7,0,0.046378206461668015,-3.0234375,0,0,0.039044711287797434,english,comment,True,majority,3-0,0,0
t1_p6zvsxc,0,0.026355354115366936,-3.609375,0,0,0.021373471027598696,taglish,comment,True,unanimous,3-0,0,0
t1_p7jaz31,0,0.03760863468050957,-3.2421875,0,0,0.031220019102935,taglish,comment,True,unanimous,3-0,0,0
t1_p6sbqgt,0,0.6641048192977905,0.681640625,1,1,0.6730853657650626,english,comment,True,adjudicator,2-1,0,0
t1_p5bw2ty,0,0.0427221953868866,-3.109375,0,0,0.03576835287578151,english,comment,True,majority,3-0,0,0
t1_p3z7dpc,0,0.818156361579895,1.50390625,1,1,0.8310845399712014,taglish,comment,True,majority,3-0,0,0
t1_p7br2fp,0,0.010013570077717304,-4.59375,0,0,0.00763833034051056,english,comment,True,majority,3-0,0,0
t1_p4pupu7,0,0.011158031411468983,-4.484375,0,0,0.00856873239833886,taglish,comment,True,majority,3-0,0,0
t1_p6a7ngv,0,0.038756195455789566,-3.2109375,0,0,0.032237080547918566,taglish,comment,True,adjudicator,2-1,0,0
t1_p67j2mc,0,0.07263670861721039,-2.546875,0,0,0.06307255778319007,tagalog,comment,True,majority,3-0,0,0
t1_p5z998y,0,0.11516222357749939,-2.0390625,0,0,0.1033715794011077,taglish,comment,True,adjudicator,3-0,0,0
t1_p71n1o6,0,0.18068422377109528,-1.51171875,0,0,0.16775668406154945,taglish,comment,True,majority,3-0,0,0
t1_p5sbgsf,0,0.013636835850775242,-4.28125,0,0,0.010604388139789176,taglish,comment,True,majority,3-0,0,0
t1_p5jsxyn,0,0.027585282921791077,-3.5625,0,0,0.022437308922922845,taglish,comment,True,unanimous,3-0,0,0
t1_p7jkrnn,0,0.6336370706558228,0.5478515625,1,1,0.6411660008997417,tagalog,comment,True,adjudicator,2-1,0,1
t1_p3equtk,0,0.11961366981267929,-1.99609375,0,0,0.10766782526321428,taglish,comment,True,unanimous,3-0,0,0
t1_p3ucskm,0,0.10594828426837921,-2.1328125,0,0,0.09452150688681012,tagalog,comment,True,adjudicator,2-1,0,0
t1_p6x6dzq,1,0.8719117641448975,1.91796875,1,1,0.8841178976339923,tagalog,comment,True,unanimous,3-0,1,1
t1_p50ma7a,1,0.8397339582443237,1.65625,1,1,0.8525491234110848,tagalog,comment,True,adjudicator,2-1,1,1
t1_p6wrmnt,0,0.5615153908729553,0.247314453125,1,0,0.5651329192255743,tagalog,comment,True,unanimous,3-0,0,0
t1_p74qsqq,1,0.6984323263168335,0.83984375,1,1,0.7088454839092431,tagalog,comment,True,majority,3-0,1,1
t1_p7jc35b,0,0.0541987307369709,-2.859375,0,0,0.0461151124779358,english,comment,True,majority,3-0,0,0
t1_p48edr7,0,0.1041124165058136,-2.15234375,0,0,0.09276528020973772,taglish,comment,True,majority,3-0,0,0
t1_p7gtjj1,0,0.4184592366218567,-0.3291015625,0,0,0.41370474693574555,tagalog,comment,True,adjudicator,2-1,0,1
t1_p4net0h,0,0.01615283451974392,-4.109375,0,0,0.012695496855683702,english,comment,True,majority,3-0,0,0
t1_p7b82fh,0,0.09073548763990402,-2.3046875,0,0,0.08004532614183058,tagalog,comment,True,adjudicator,2-1,0,0
t1_p7er2rg,0,0.02779562398791313,-3.5546875,0,0,0.02261957625909082,tagalog,comment,True,unanimous,3-0,0,0
t1_p51apmu,0,0.319121390581131,-0.7578125,0,0,0.30941099792027016,english,comment,True,unanimous,3-0,0,0
t1_p5cakcu,0,0.01384861022233963,-4.265625,0,0,0.010779487365673022,taglish,comment,True,majority,3-0,0,0
t1_p78kmta,0,0.02145073004066944,-3.8203125,0,0,0.01716649685280184,tagalog,comment,True,adjudicator,2-1,0,0
t1_p3nsqo0,0,0.531209409236908,0.125,1,0,0.5330599174538269,taglish,comment,True,unanimous,3-0,0,0
t1_p50lrue,0,0.10818895697593689,-2.109375,0,0,0.09666824076849352,english,comment,True,adjudicator,2-1,0,0
t1_p5dfs1x,0,0.760650634765625,1.15625,1,1,0.7729429970071865,tagalog,comment,True,adjudicator,2-1,0,0
t1_p66tpb2,0,0.1710611879825592,-1.578125,0,0,0.15816234307839577,english,comment,True,majority,3-0,0,0
t1_p60m9a1,0,0.01971912942826748,-3.90625,0,0,0.015696018188319272,taglish,comment,True,majority,3-0,0,0
t1_p6gaw8o,0,0.017712298780679703,-4.015625,0,0,0.01400265802532903,taglish,comment,True,majority,3-0,0,0
t1_p7ez7pb,0,0.32723817229270935,-0.720703125,0,0,0.3178742061488256,tagalog,comment,True,adjudicator,2-1,0,0
t1_p7lnrs6,0,0.2925952970981598,-0.8828125,0,0,0.281849227472576,english,comment,True,majority,3-0,0,0
t1_p66om79,0,0.04115288704633713,-3.1484375,0,0,0.03436811861718476,taglish,comment,True,adjudicator,2-1,0,0
t1_p5d0oid,1,0.6984323263168335,0.83984375,1,1,0.7088454839092431,tagalog,comment,True,majority,3-0,1,1
t1_p5b5hbz,0,0.6386099457740784,0.5693359375,1,1,0.6463858830303337,english,comment,True,adjudicator,2-1,0,0
t1_p6rhul2,1,0.6751223802566528,0.7314453125,1,1,0.6845883967461198,tagalog,comment,True,majority,3-0,1,1
t1_p6srpnp,0,0.029986508190631866,-3.4765625,0,0,0.024523609182555875,taglish,comment,True,unanimous,3-0,0,0
t3_1vnuz4r,0,0.2166738063097,-1.28515625,0,0,0.20398434251124498,taglish,submission,True,majority,3-0,0,0
t1_p7b9jj2,1,0.2557152211666107,-1.068359375,0,0,0.24381296916322825,taglish,comment,True,adjudicator,2-1,1,0
t1_p7lyhlv,0,0.05707139894366264,-2.8046875,0,0,0.04873186257495073,taglish,comment,True,unanimous,3-0,0,0
t1_p38c638,1,0.8128673434257507,1.46875,1,1,0.8257910622637381,tagalog,comment,True,adjudicator,2-1,1,1
t1_p7a4lhe,0,0.009125636890530586,-4.6875,0,0,0.006921114748101497,taglish,comment,True,unanimous,3-0,0,0
t1_p77sk36,0,0.022457052022218704,-3.7734375,0,0,0.01802479461785985,taglish,comment,True,adjudicator,2-1,0,0
t1_p5z2t5f,0,0.014957086183130741,-4.1875,0,0,0.011698794560305651,taglish,comment,True,unanimous,3-0,0,0
t1_p7jdi0d,0,0.032344330102205276,-3.3984375,0,0,0.026583557339028445,english,comment,True,majority,3-0,0,0
t1_p5cseyk,1,0.842863142490387,1.6796875,1,1,0.8556433806094187,taglish,comment,True,unanimous,3-0,1,1
t1_p7lbiex,0,0.1204388216137886,-1.98828125,0,0,0.10846563342085185,english,comment,True,majority,3-0,0,0
t1_p78k2ir,1,0.3302551507949829,-0.70703125,0,0,0.3210232105682778,taglish,comment,True,adjudicator,2-1,1,0
t1_p7hyhoq,0,0.03090895712375641,-3.4453125,0,0,0.025328223628969256,taglish,comment,True,unanimous,3-0,0,0
t1_p6hvxya,0,0.02909075655043125,-3.5078125,0,0,0.02374393264843928,taglish,comment,True,unanimous,3-0,0,0
t1_p3dmz5w,0,0.06512754410505295,-2.6640625,0,0,0.05612163598437559,taglish,comment,True,majority,3-0,0,0
t1_p7m16hz,0,0.014503578655421734,-4.21875,0,0,0.011322123493842238,taglish,comment,True,majority,3-0,0,0
t1_p33vmsa,0,0.01956867426633835,-3.9140625,0,0,0.015568651841755795,tagalog,comment,True,adjudicator,2-1,0,0
t1_p79tu41,0,0.04023794084787369,-3.171875,0,0,0.033553508445455085,taglish,comment,True,unanimous,3-0,0,0
t1_p60h4k2,0,0.012821215204894543,-4.34375,0,0,0.0099316946186788,taglish,comment,True,unanimous,3-0,0,0
t1_p5ccd6g,0,0.6169358491897583,0.4765625,1,1,0.6236102459418205,tagalog,comment,True,adjudicator,2-1,0,0
t1_p78lpxo,1,0.08694165199995041,-2.3515625,0,0,0.07646372151055247,taglish,comment,True,majority,3-0,1,1
t1_p7jcey0,0,0.19993212819099426,-1.38671875,0,0,0.1870676867611616,tagalog,comment,True,adjudicator,2-1,0,0
t1_p58ucht,0,0.8647679686546326,1.85546875,1,1,0.8771593473618192,english,comment,True,adjudicator,2-1,0,1
t1_p6r5b23,1,0.5789839029312134,0.318603515625,1,0,0.5835949421125088,tagalog,comment,True,adjudicator,2-1,1,1
t1_p6l7ohc,0,0.03384403511881828,-3.3515625,0,0,0.027899327767013937,english,comment,True,adjudicator,2-1,0,0
t1_p65nb4r,0,0.01784873940050602,-4.0078125,0,0,0.014117396779101352,english,comment,True,majority,3-0,0,0
t1_p6d4a5h,0,0.03514484316110611,-3.3125,0,0,0.029043936029394698,taglish,comment,True,majority,3-0,0,0
t1_p5qtu2j,0,0.011158031411468983,-4.484375,0,0,0.00856873239833886,taglish,comment,True,adjudicator,2-1,0,1
t1_p3zo2om,0,0.07263670861721039,-2.546875,0,0,0.06307255778319007,taglish,comment,True,majority,3-0,0,0
t1_p74e40k,0,0.23651622235774994,-1.171875,0,0,0.2241648551583965,english,comment,True,majority,3-0,0,0
t1_p77v4is,0,0.01652955636382103,-4.0859375,0,0,0.013010534545629544,taglish,comment,True,majority,3-0,0,0
t1_p5d09u9,0,0.03649376332759857,-3.2734375,0,0,0.030234042907171754,taglish,comment,True,unanimous,3-0,0,0
t1_p4qxjol,0,0.2724114954471588,-0.982421875,0,0,0.2609880019418585,english,comment,True,unanimous,3-0,0,0
t1_p7iajx6,0,0.018546564504504204,-3.96875,0,0,0.014705135629557917,taglish,comment,True,majority,3-0,0,0
t1_p7i5tlx,0,0.04535258188843727,-3.046875,0,0,0.038123630491819376,english,comment,True,majority,3-0,0,0
t1_p6mzzu2,0,0.43188369274139404,-0.274169921875,0,0,0.427888093881849,taglish,comment,True,majority,3-0,0,0
t1_p74tsga,0,0.227469339966774,-1.22265625,0,0,0.21494709641291943,english,comment,True,majority,3-0,0,0
t1_p7l6kti,0,0.023870835080742836,-3.7109375,0,0,0.01923500031055653,taglish,comment,True,unanimous,3-0,0,0
t1_p6s5qhf,0,0.02822098508477211,-3.5390625,0,0,0.022988460120720994,taglish,comment,True,majority,3-0,0,0
t1_p6x607g,1,0.8474634885787964,1.71484375,1,1,0.8601833527588973,taglish,comment,True,unanimous,3-0,1,1
t1_p6vvs2w,1,0.8333246111869812,1.609375,1,1,0.8461961914168954,english,comment,True,majority,3-0,1,1
t1_p6xspd1,0,0.8524448275566101,1.75390625,1,1,0.8650868820259574,tagalog,comment,True,adjudicator,2-1,0,1
t1_p3zck9z,1,0.33982762694358826,-0.6640625,0,0,0.33102568159310886,tagalog,comment,True,adjudicator,2-1,1,0
t1_p7bjyob,0,0.023870835080742836,-3.7109375,0,0,0.01923500031055653,english,comment,True,adjudicator,2-1,0,0
t1_p6d72uq,0,0.011508148163557053,-4.453125,0,0,0.008854622414325745,tagalog,comment,True,adjudicator,2-1,0,1
t1_p6qrg23,0,0.07640768587589264,-2.4921875,0,0,0.06658437203951531,taglish,comment,True,unanimous,3-0,0,0
t1_p5c2l29,0,0.015424554236233234,-4.15625,0,0,0.012087843730195589,english,comment,True,adjudicator,2-1,0,0
t1_p7l2cqq,0,0.09877258539199829,-2.2109375,0,0,0.08767122503784092,taglish,comment,True,adjudicator,2-1,0,0
t1_p3sv1c4,0,0.014281933195888996,-4.234375,0,0,0.011138309073796246,taglish,comment,True,majority,3-0,0,0
t1_p51wv23,0,0.021287353709340096,-3.828125,0,0,0.017027404628673797,taglish,comment,True,unanimous,3-0,0,0
t1_p7821r9,1,0.30445513129234314,-0.826171875,0,0,0.2941529686129579,taglish,comment,True,majority,3-0,1,1
t1_p6s4gzr,0,0.11879339814186096,-2.00390625,0,0,0.10687518183723968,taglish,comment,True,majority,3-0,0,0
t1_p2umwyx,0,0.1294027417898178,-1.90625,0,0,0.11716020046987763,taglish,comment,True,unanimous,3-0,0,0
t1_p6k2fwb,0,0.09534946829080582,-2.25,0,0,0.0844170197414223,tagalog,comment,True,adjudicator,2-1,0,0
t1_p31h3ut,0,0.01590639352798462,-4.125,0,0,0.01248966741728404,english,comment,True,majority,3-0,0,0
t1_p7i4d5o,0,0.056236349046230316,-2.8203125,0,0,0.0479701700289812,english,comment,True,majority,3-0,0,0
t1_p6ehy4o,0,0.2075357586145401,-1.33984375,0,0,0.19473762671404388,tagalog,comment,True,adjudicator,2-1,0,0
t1_p7joyca,0,0.04115288704633713,-3.1484375,0,0,0.03436811861718476,tagalog,comment,True,unanimous,3-0,0,0
t1_p7l4qss,0,0.5052488446235657,0.02099609375,1,0,0.5055609173101703,taglish,comment,True,majority,3-0,0,0
t1_p74qzfr,1,0.5115336179733276,0.046142578125,1,0,0.5122191562250231,tagalog,comment,True,majority,3-0,1,1
t1_p787d09,0,0.014728614129126072,-4.203125,0,0,0.011508936079929782,taglish,comment,True,unanimous,3-0,0,0
t1_p2wkldr,1,0.3268083333969116,-0.72265625,0,0,0.31742569645118085,taglish,comment,True,unanimous,3-0,1,1
t1_p3zb5sw,0,0.04177388176321983,-3.1328125,0,0,0.03492175392879284,taglish,comment,True,majority,3-0,0,0
t1_p7ba4b8,0,0.012821215204894543,-4.34375,0,0,0.0099316946186788,tagalog,comment,True,unanimous,3-0,0,0
t1_p73cwi9,0,0.07807817310094833,-2.46875,0,0,0.0681443599801837,taglish,comment,True,majority,3-0,0,0
t1_p300myd,0,0.014728614129126072,-4.203125,0,0,0.011508936079929782,taglish,comment,True,majority,3-0,0,0
t1_p5jhey8,0,0.056236349046230316,-2.8203125,0,0,0.0479701700289812,english,comment,True,majority,3-0,0,0
t1_p5cmoo9,0,0.41786524653434753,-0.33154296875,0,0,0.41307750426244194,tagalog,comment,True,unanimous,3-0,0,0
t1_p7dyjvh,0,0.07263670861721039,-2.546875,0,0,0.06307255778319007,taglish,comment,True,unanimous,3-0,0,0
t1_p78rnqf,0,0.029760092496871948,-3.484375,0,0,0.024326381118394077,tagalog,comment,True,adjudicator,2-1,0,0
t1_p3jzbm8,0,0.351311057806015,-0.61328125,0,0,0.34304613544782764,tagalog,comment,True,adjudicator,2-1,0,1
t1_p7l0via,1,0.7898827195167542,1.32421875,1,1,0.8026533174389885,taglish,comment,True,majority,3-0,1,1
t1_p6s1evf,0,0.5553146600723267,0.22216796875,1,0,0.5585745058911887,tagalog,comment,True,adjudicator,2-1,0,1
t1_p5dtsdj,0,0.33982762694358826,-0.6640625,0,0,0.33102568159310886,taglish,comment,True,adjudicator,2-1,0,0
t1_p51dk1z,0,0.13117322325706482,-1.890625,0,0,0.11888333434040653,taglish,comment,True,majority,3-0,0,0
t1_p2tsuch,0,0.2954331338405609,-0.869140625,0,0,0.2847903510112777,taglish,comment,True,majority,3-0,0,0
t1_p5cc6mt,0,0.10087861120700836,-2.1875,0,0,0.08967778669931038,english,comment,True,adjudicator,2-1,0,0
t1_p5j8rrn,0,0.060086652636528015,-2.75,0,0,0.05148908226532589,taglish,comment,True,majority,3-0,0,0
t1_p7gyxym,0,0.03384403511881828,-3.3515625,0,0,0.027899327767013937,tagalog,comment,True,adjudicator,2-1,0,1
t1_p32ojum,0,0.053403329104185104,-2.875,0,0,0.045392368781685816,taglish,comment,True,majority,3-0,0,0
t1_p7hwhl9,0,0.04885777831077576,-2.96875,0,0,0.04127762071512624,tagalog,comment,True,adjudicator,2-1,0,1
t1_p7b1e3w,0,0.011331754736602306,-4.46875,0,0,0.008710514881057375,taglish,comment,True,majority,3-0,0,0
t1_p50mpx7,0,0.3598138988018036,-0.576171875,0,0,0.3519604681416367,tagalog,comment,True,majority,3-0,0,0
t1_p4v5a4f,0,0.04084571823477745,-3.15625,0,0,0.03409448454862568,taglish,comment,True,majority,3-0,0,0
t1_p7ea6q0,0,0.035678550601005554,-3.296875,0,0,0.029514425656705364,taglish,comment,True,unanimous,3-0,0,0
t1_p6214pr,0,0.009125636890530586,-4.6875,0,0,0.006921114748101497,taglish,comment,True,unanimous,3-0,0,0
t1_p4pzjeu,0,0.08570928126573563,-2.3671875,0,0,0.0753028849640955,english,comment,True,adjudicator,2-1,0,0
t1_p5z7q2j,0,0.07055959850549698,-2.578125,0,0,0.06114411967489305,taglish,comment,True,majority,3-0,0,0
t1_p6e8qgz,0,0.04177388176321983,-3.1328125,0,0,0.03492175392879284,english,comment,True,unanimous,3-0,0,0
t1_p7k9hk0,0,0.13161905109882355,-1.88671875,0,0,0.11931752969904257,taglish,comment,True,majority,3-0,0,0
t1_p4qebjx,0,0.22884514927864075,-1.21484375,0,0,0.2163471020026068,english,comment,True,majority,3-0,0,0
t1_p7je99f,0,0.06804042309522629,-2.6171875,0,0,0.05881108247882908,taglish,comment,True,majority,3-0,0,0
t1_p5rp9di,0,0.16238003969192505,-1.640625,0,0,0.1495440474549573,english,comment,True,adjudicator,2-1,0,0
t1_p6s60nq,0,0.06608537584543228,-2.6484375,0,0,0.05700501118863395,english,comment,True,majority,3-0,0,0
t1_p50vq6u,0,0.1949802190065384,-1.41796875,0,0,0.1820848880977715,taglish,comment,True,majority,3-0,0,0
t1_p7je7gw,0,0.04084571823477745,-3.15625,0,0,0.03409448454862568,english,comment,True,majority,3-0,0,0
t1_p58x3no,0,0.1525365114212036,-1.71484375,0,0,0.13981664724110265,tagalog,comment,True,adjudicator,2-1,0,1
t1_p6tcqvk,1,0.6258955001831055,0.5146484375,1,1,0.6330330925421708,english,comment,True,adjudicator,2-1,1,1
t1_p50jzos,1,0.37731119990348816,-0.5009765625,0,0,0.3703382066550341,tagalog,comment,True,adjudicator,2-1,1,1
t1_p787f5k,0,0.18892180919647217,-1.45703125,0,0,0.1760022766227139,tagalog,comment,True,adjudicator,2-1,0,1
t1_p3l7b39,0,0.02080449089407921,-3.8515625,0,0,0.01661673978626905,taglish,comment,True,majority,3-0,0,0
t1_p73rmiw,0,0.1778108775615692,-1.53125,0,0,0.16488752201840665,taglish,comment,True,majority,3-0,0,0
t1_p4qgz5t,0,0.49475112557411194,-0.02099609375,0,0,0.4944390826898298,english,comment,True,adjudicator,2-1,0,1
t1_p72oofz,0,0.3182732164859772,-0.76171875,0,0,0.30852739277855795,english,comment,True,unanimous,3-0,0,0
t1_p6lpg3h,0,0.017442483454942703,-4.03125,0,0,0.013775931559672272,taglish,comment,True,unanimous,3-0,0,0
t1_p7kix8h,0,0.469033807516098,-0.1240234375,0,0,0.4671976185048088,taglish,comment,True,unanimous,3-0,0,0
t1_p5dcpdj,0,0.032344330102205276,-3.3984375,0,0,0.026583557339028445,taglish,comment,True,adjudicator,2-1,0,0
t1_p3glnke,0,0.010169658809900284,-4.578125,0,0,0.007764838502784255,taglish,comment,True,unanimous,3-0,0,0
t1_p7axcm7,0,0.2447238266468048,-1.126953125,0,0,0.23255050508597744,english,comment,True,majority,3-0,0,0
t1_p75wmxj,0,0.2658804655075073,-1.015625,0,0,0.2542604632703541,tagalog,comment,True,adjudicator,2-1,0,0
t1_p76trep,1,0.5957277417182922,0.3876953125,1,0,0.6012674315319706,taglish,comment,True,unanimous,3-0,1,1
t1_p7mcx08,0,0.30445513129234314,-0.826171875,0,0,0.2941529686129579,tagalog,comment,True,majority,3-0,0,0
t1_p5qmfzz,0,0.0064882696606218815,-5.03125,0,0,0.004818685882028606,taglish,comment,True,unanimous,3-0,0,0
t1_p7c2dj7,0,0.4684866666793823,-0.126220703125,0,0,0.4666181873882185,english,comment,True,adjudicator,2-1,0,1
t1_p63qyw4,0,0.14080817997455597,-1.80859375,0,0,0.12829281177803642,tagalog,comment,True,adjudicator,2-1,0,0
t1_p7mladu,0,0.04742587357759476,-3.0,0,0,0.03998712060268837,taglish,comment,True,majority,3-0,0,0
t1_p5zbsyw,0,0.17441026866436005,-1.5546875,0,0,0.1614966699818589,taglish,comment,True,majority,3-0,0,0
t1_p2x9kms,0,0.33393749594688416,-0.6904296875,0,0,0.32486898877277737,taglish,comment,True,unanimous,3-0,0,0
t1_p5jexhg,0,0.10087861120700836,-2.1875,0,0,0.08967778669931038,english,comment,True,majority,3-0,0,0
t1_p7iqa3d,0,0.10447732359170914,-2.1484375,0,0,0.0931141657147751,tagalog,comment,True,adjudicator,2-1,0,0
t1_p50mbf4,0,0.3652302324771881,-0.552734375,0,0,0.35764467027536223,tagalog,comment,True,adjudicator,2-1,0,0
t1_p74vm16,0,0.09739040583372116,-2.2265625,0,0,0.08635615116946638,english,comment,True,majority,3-0,0,0
t1_p7hty2g,0,0.053009770810604095,-2.8828125,0,0,0.04503505477575238,taglish,comment,True,majority,3-0,0,0
t1_p3khg70,0,0.12808823585510254,-1.91796875,0,0,0.11588210236600767,tagalog,comment,True,adjudicator,2-1,0,0
t1_p74dltk,0,0.2516477108001709,-1.08984375,0,0,0.2396409067604978,taglish,comment,True,unanimous,3-0,0,0
t1_p6fjy95,0,0.7181993126869202,0.935546875,1,1,0.7293204156117351,english,comment,True,majority,3-0,0,0
t1_p7e2lqi,0,0.2330075204372406,-1.19140625,0,0,0.22058664670561431,tagalog,comment,True,majority,3-0,0,0
t1_p3inwlh,0,0.0541987307369709,-2.859375,0,0,0.0461151124779358,taglish,comment,True,unanimous,3-0,0,0
t1_p6q1sni,0,0.6888871788978577,0.794921875,1,1,0.6989263366987479,tagalog,comment,True,adjudicator,2-1,0,1
t1_p79eg95,0,0.38711094856262207,-0.45947265625,0,0,0.3806490336581351,taglish,comment,True,unanimous,3-0,0,0
t1_p74smsg,0,0.4005148708820343,-0.4033203125,0,0,0.3947705370943794,tagalog,comment,True,unanimous,3-0,0,0
t1_p7lgfcn,0,0.3182732164859772,-0.76171875,0,0,0.30852739277855795,taglish,comment,True,majority,3-0,0,0
t1_p4zepu0,0,0.4236964285373688,-0.3076171875,0,0,0.4192363441768115,taglish,comment,True,majority,3-0,0,0
t1_p7c1vly,0,0.010013570077717304,-4.59375,0,0,0.00763833034051056,english,comment,True,majority,3-0,0,0
t1_p68p9ww,0,0.005301895085722208,-5.234375,0,0,0.0038893080141167197,taglish,comment,True,unanimous,3-0,0,0
t1_p4q9za0,0,0.6313670873641968,0.5380859375,1,1,0.6387821403941086,english,comment,True,adjudicator,2-1,0,0
t1_p4sxwjj,0,0.6426568031311035,0.5869140625,1,1,0.6506309540351852,tagalog,comment,True,majority,3-0,0,0
t1_p7c4tmm,0,0.14128142595291138,-1.8046875,0,0,0.12875635132952215,taglish,comment,True,unanimous,3-0,0,0
t1_p5zzaj2,0,0.38237205147743225,-0.4794921875,0,0,0.37566148606740585,taglish,comment,True,adjudicator,2-1,0,1
t1_p65pbc7,0,0.41828104853630066,-0.329833984375,0,0,0.4135165446388828,tagalog,comment,True,adjudicator,2-1,0,0
t1_p7jek9p,0,0.1030244380235672,-2.1640625,0,0,0.09172565593917371,taglish,comment,True,adjudicator,2-1,0,0
t1_p7ak056,0,0.5961980819702148,0.3896484375,1,0,0.6017634228918786,tagalog,comment,True,adjudicator,2-1,0,0
t1_p3hvmlx,0,0.014281933195888996,-4.234375,0,0,0.011138309073796246,taglish,comment,True,majority,3-0,0,0
t1_p7aja77,1,0.879974365234375,1.9921875,1,1,0.891933917691179,taglish,comment,True,adjudicator,3-0,1,1
t1_p5s1hvo,0,0.15304215252399445,-1.7109375,0,0,0.14031512182409556,tagalog,comment,True,unanimous,3-0,0,0
t1_p5mnhwc,0,0.011869121342897415,-4.421875,0,0,0.009149962927664823,english,comment,True,majority,3-0,0,0
t1_p5f50xn,0,0.16885694861412048,-1.59375,0,0,0.1559706649698183,taglish,comment,True,unanimous,3-0,0,0
t1_p5x1ccr,0,0.007232763804495335,-4.921875,0,0,0.005407507040885484,tagalog,comment,True,adjudicator,2-1,0,0
t1_p79ecqn,0,0.4821852743625641,-0.0712890625,0,0,0.4811269382389983,english,comment,True,adjudicator,2-1,0,0
t1_p3rplf2,0,0.02080449089407921,-3.8515625,0,0,0.01661673978626905,taglish,comment,True,majority,3-0,0,0
t1_p777n8a,0,0.41750892996788025,-0.3330078125,0,0,0.41270129388914184,tagalog,comment,True,adjudicator,2-1,0,0
t1_p77x3cx,0,0.013020490296185017,-4.328125,0,0,0.0100957996973733,taglish,comment,True,majority,3-0,0,0
t1_p3i3r5t,0,0.034358687698841095,-3.3359375,0,0,0.02835181703096657,taglish,comment,True,unanimous,3-0,0,0
t1_p74bw25,0,0.07423137128353119,-2.5234375,0,0,0.064555958726852,tagalog,comment,True,adjudicator,2-1,0,0
t1_p7j8vok,0,0.10087861120700836,-2.1875,0,0,0.08967778669931038,english,comment,True,adjudicator,3-0,0,0
t1_p6osm23,0,0.23792988061904907,-1.1640625,0,0,0.22560764482805906,english,comment,True,majority,3-0,0,0
t1_p50sale,0,0.22000709176063538,-1.265625,0,0,0.20736489052013782,tagalog,comment,True,adjudicator,3-0,0,0
t1_p5rqxre,0,0.010013570077717304,-4.59375,0,0,0.00763833034051056,tagalog,comment,True,majority,3-0,0,0
t1_p5eljbe,0,0.007460643537342548,-4.890625,0,0,0.005588519418229735,taglish,comment,True,unanimous,3-0,0,0
t1_p5bbhvs,0,0.7885831594467163,1.31640625,1,1,0.8013389387179543,tagalog,comment,True,unanimous,3-0,0,0
t1_p7j9pzd,0,0.047074176371097565,-3.0078125,0,0,0.03967058677712499,taglish,comment,True,majority,3-0,0,0
t1_p76hk6t,0,0.651576578617096,0.6259765625,1,1,0.6599786476766334,english,comment,True,majority,3-0,0,0
t1_p6qw36r,0,0.04115288704633713,-3.1484375,0,0,0.03436811861718476,tagalog,comment,True,adjudicator,3-0,0,0
t1_p4n673n,0,0.2114168107509613,-1.31640625,0,0,0.19866106128204575,taglish,comment,True,unanimous,3-0,0,0
t1_p30on4g,1,0.57021164894104,0.28271484375,1,0,0.5743266255943338,english,comment,True,majority,3-0,1,1
t1_p6wd9wj,0,0.22000709176063538,-1.265625,0,0,0.20736489052013782,taglish,comment,True,majority,3-0,0,0
t1_p7e7snu,0,0.2849738299846649,-0.919921875,0,0,0.2739599449308646,english,comment,True,majority,3-0,0,0
t1_p6et3yt,0,0.01640303246676922,-4.09375,0,0,0.012904674031485397,tagalog,comment,True,majority,3-0,0,0
t1_p7dnwvs,0,0.2443629950284958,-1.12890625,0,0,0.2321814063766832,english,comment,True,adjudicator,2-1,0,0
t1_p75ta58,0,0.7476159334182739,1.0859375,1,1,0.7596041867626626,tagalog,comment,True,adjudicator,2-1,0,0
t1_p3z7eou,0,0.031143829226493835,-3.4375,0,0,0.025533361644593768,tagalog,comment,True,adjudicator,2-1,0,0
t1_p5dlg00,0,0.010328153148293495,-4.5625,0,0,0.007893425262497424,taglish,comment,True,unanimous,3-0,0,0
t1_p77w7or,0,0.17272931337356567,-1.56640625,0,0,0.15982246535163075,taglish,comment,True,majority,3-0,0,0
t1_p5rbv9j,0,0.21535076200962067,-1.29296875,0,0,0.2026436504020251,taglish,comment,True,adjudicator,2-1,0,0
t1_p40efa2,0,0.00628990214318037,-5.0625,0,0,0.004662491532756535,taglish,comment,True,majority,3-0,0,0
t1_p6z6epo,0,0.2929997146129608,-0.880859375,0,0,0.28226825667233385,tagalog,comment,True,adjudicator,2-1,0,1
t1_p6eqhjg,0,0.01912403479218483,-3.9375,0,0,0.015192625252783028,taglish,comment,True,unanimous,3-0,0,0
t1_p7ka6tc,0,0.013636835850775242,-4.28125,0,0,0.010604388139789176,taglish,comment,True,majority,3-0,0,0
t1_p7cj6bh,0,0.01615283451974392,-4.109375,0,0,0.012695496855683702,tagalog,comment,True,adjudicator,2-1,0,0
t1_p6ke3xw,0,0.5541990399360657,0.2176513671875,1,0,0.5573943019750104,tagalog,comment,True,adjudicator,2-1,0,0
t1_p5qgju6,0,0.29098084568977356,-0.890625,0,0,0.2801768958803524,taglish,comment,True,adjudicator,2-1,0,0
t1_p7fl1tm,0,0.019870713353157043,-3.8984375,0,0,0.015824409763020478,tagalog,comment,True,majority,3-0,0,0
t1_p6q5lui,0,0.004982269834727049,-5.296875,0,0,0.003641020632050755,english,comment,True,majority,3-0,0,0
t1_p2xcwww,0,0.7450275421142578,1.072265625,1,1,0.7569492345588296,taglish,comment,True,unanimous,3-0,0,0
t1_p5nerzx,0,0.018546564504504204,-3.96875,0,0,0.014705135629557917,taglish,comment,True,unanimous,3-0,0,0
t1_p38y4gc,0,0.14128142595291138,-1.8046875,0,0,0.12875635132952215,taglish,comment,True,adjudicator,2-1,0,1
t1_p5jarzz,0,0.07477004826068878,-2.515625,0,0,0.06505760273871837,taglish,comment,True,unanimous,3-0,0,0
t1_p4tccib,0,0.09268777817487717,-2.28125,0,0,0.08189301807743535,english,comment,True,majority,3-0,0,0
t1_p4nu0xc,1,0.7905303239822388,1.328125,1,1,0.8033080432365228,english,comment,True,majority,3-0,1,1
t1_p51z2oj,0,0.01956867426633835,-3.9140625,0,0,0.015568651841755795,taglish,comment,True,unanimous,3-0,0,0
t1_p50eccg,0,0.22000709176063538,-1.265625,0,0,0.20736489052013782,english,comment,True,majority,3-0,0,0
t1_p3ougwj,0,0.015663648024201393,-4.140625,0,0,0.012287133518302686,english,comment,True,adjudicator,2-1,0,0
t1_p7b90uz,0,0.7122321724891663,0.90625,1,1,0.7231495201130415,taglish,comment,True,adjudicator,2-1,0,0
t1_p5j96ub,0,0.2186693549156189,-1.2734375,0,0,0.20600772985324617,english,comment,True,unanimous,3-0,0,0
t1_p5z4so5,0,0.011508148163557053,-4.453125,0,0,0.008854622414325745,taglish,comment,True,unanimous,3-0,0,0
t1_p5s1y99,0,0.0333368256688118,-3.3671875,0,0,0.027453856093284865,taglish,comment,True,unanimous,3-0,0,0
t1_p79vpti,0,0.1475551873445511,-1.75390625,0,0,0.13491311797404257,tagalog,comment,True,adjudicator,2-1,0,0
t1_p67v0lr,0,0.23440666496753693,-1.18359375,0,0,0.2220129963678971,tagalog,comment,True,adjudicator,2-1,0,0
t1_p6du7t8,1,0.09203286468982697,-2.2890625,0,0,0.08127284459380817,taglish,comment,True,majority,3-0,1,1
t1_p6k7qq2,1,0.10158944875001907,-2.1796875,0,0,0.09035578855741758,taglish,comment,True,majority,3-0,1,1
t1_p7kknye,0,0.37662312388420105,-0.50390625,0,0,0.36961470772347155,taglish,comment,True,majority,3-0,0,0
t1_p6d0ute,0,0.02280263788998127,-3.7578125,0,0,0.018320150550534424,taglish,comment,True,adjudicator,2-1,0,0
t1_p3k28vw,0,0.14128142595291138,-1.8046875,0,0,0.12875635132952215,taglish,comment,True,unanimous,3-0,0,0
t1_p7i40j4,0,0.1204388216137886,-1.98828125,0,0,0.10846563342085185,tagalog,comment,True,majority,3-0,0,0
t1_p58a6x0,0,0.10706345736980438,-2.12109375,0,0,0.09558948452965323,taglish,comment,True,adjudicator,2-1,0,0
t1_p591y9q,1,0.7833262085914612,1.28515625,1,1,0.796015657488755,english,comment,True,majority,3-0,1,1
t1_p7kzk2p,0,0.026759279891848564,-3.59375,0,0,0.021722484849024695,taglish,comment,True,unanimous,3-0,0,0
t3_1vt39b9,0,0.015189048834145069,-4.171875,0,0,0.011891747383958434,english,submission,True,adjudicator,2-1,0,0
t3_1vpvw48,0,0.010489092208445072,-4.546875,0,0,0.008024124215681449,taglish,submission,True,unanimous,3-0,0,0
t3_1vqqy2h,0,0.008985428139567375,-4.703125,0,0,0.006808258583260097,taglish,submission,True,majority,3-0,0,0
t3_1vqswlc,0,0.057918090373277664,-2.7890625,0,0,0.04950502071984786,taglish,submission,True,unanimous,3-0,0,0
t3_1vpddgk,0,0.0061929901130497456,-5.078125,0,0,0.0045862945436731415,taglish,submission,True,unanimous,3-0,0,0
t3_1vpe8de,0,0.08694165199995041,-2.3515625,0,0,0.07646372151055247,taglish,submission,True,majority,3-0,0,0
t3_1vpaday,0,0.004982269834727049,-5.296875,0,0,0.003641020632050755,tagalog,submission,True,unanimous,3-0,0,0
t3_1vm4kgg,0,0.020332353189587593,-3.875,0,0,0.016215815918386358,taglish,submission,True,unanimous,3-0,0,0
t1_p4suo52,0,0.4593489170074463,-0.1629638671875,0,0,0.4569433541449466,taglish,comment,True,majority,3-0,0,0
t3_1vseiez,0,0.038756195455789566,-3.2109375,0,0,0.032237080547918566,taglish,submission,True,majority,3-0,0,0
t3_1vsw6tp,0,0.00955939944833517,-4.640625,0,0,0.007270949188108464,taglish,submission,True,unanimous,3-0,0,0
t3_1vt0ebr,0,0.007345826830714941,-4.90625,0,0,0.005497272358022018,taglish,submission,True,majority,3-0,0,0
t1_p79fo73,0,0.08093671500682831,-2.4296875,0,0,0.0708197889660413,tagalog,comment,True,adjudicator,2-1,0,0
t1_p74qmzd,0,0.5592599511146545,0.2381591796875,1,0,0.562747661316293,tagalog,comment,True,adjudicator,2-1,0,1
t1_p7kntcm,0,0.024237634614109993,-3.6953125,0,0,0.01954979198523742,taglish,comment,True,majority,3-0,0,0
t1_p75kifr,0,0.09138210862874985,-2.296875,0,0,0.08065695506735654,english,comment,True,unanimous,3-0,0,0
t3_1vs9fes,0,0.008847354911267757,-4.71875,0,0,0.006697230248263381,tagalog,submission,True,majority,3-0,0,0
t1_p77wola,0,0.0443485863506794,-3.0703125,0,0,0.03722343669153708,taglish,comment,True,adjudicator,2-1,0,0
t1_p6zzg2r,1,0.8856314420700073,2.046875,1,1,0.8973930722447735,english,comment,True,majority,3-0,1,1
t1_p5s1n9m,0,0.15921740233898163,-1.6640625,0,0,0.14641340859769936,taglish,comment,True,majority,3-0,0,0
t1_p5savzs,1,0.25423112511634827,-1.076171875,0,0,0.24229018103679356,english,comment,True,adjudicator,2-1,1,0
t1_p5f98ex,0,0.10230471193790436,-2.171875,0,0,0.09103840376249636,taglish,comment,True,unanimous,3-0,0,0
t1_p7aors1,1,0.13206616044044495,-1.8828125,0,0,0.1197530953336852,tagalog,comment,True,adjudicator,2-1,1,1
t1_p6x3gua,1,0.8766343593597412,1.9609375,1,1,0.8887010335436106,taglish,comment,True,majority,3-0,1,1
t1_p5ipls8,0,0.1672186702489853,-1.60546875,0,0,0.1543432025461048,taglish,comment,True,majority,3-0,0,0
t1_p7i6tor,0,0.034358687698841095,-3.3359375,0,0,0.02835181703096657,english,comment,True,majority,3-0,0,0
t1_p50nzwd,0,0.1250653862953186,-1.9453125,0,0,0.11294692481899896,taglish,comment,True,majority,3-0,0,0
t1_p76o003,0,0.05921025201678276,-2.765625,0,0,0.05068658990754702,tagalog,comment,True,adjudicator,2-1,0,0
t1_p6y4otw,0,0.06853749603033066,-2.609375,0,0,0.05927091341723737,english,comment,True,majority,3-0,0,0
t1_p756zjs,0,0.11961366981267929,-1.99609375,0,0,0.10766782526321428,english,comment,True,unanimous,3-0,0,0
t1_p7izgv7,0,0.024237634614109993,-3.6953125,0,0,0.01954979198523742,taglish,comment,True,unanimous,3-0,0,0
t1_p6qs09c,0,0.015663648024201393,-4.140625,0,0,0.012287133518302686,english,comment,True,majority,3-0,0,0
t1_p2yph9l,0,0.0838903859257698,-2.390625,0,0,0.07359196306434833,tagalog,comment,True,unanimous,3-0,0,0
t1_p7lo5pt,0,0.6787529587745667,0.748046875,1,1,0.6883738954993244,english,comment,True,adjudicator,2-1,0,0
t1_p65i5qr,0,0.16238003969192505,-1.640625,0,0,0.1495440474549573,taglish,comment,True,majority,3-0,0,0
t1_p5rp9nu,0,0.025371311232447624,-3.6484375,0,0,0.020524762278179533,taglish,comment,True,unanimous,3-0,0,0
t1_p68rnzt,0,0.014957086183130741,-4.1875,0,0,0.011698794560305651,taglish,comment,True,majority,3-0,0,0
t1_p6xyzvj,0,0.454018235206604,-0.1844482421875,0,0,0.4513008498146592,tagalog,comment,True,adjudicator,3-0,0,0
t1_p50tfzy,1,0.7306743860244751,0.998046875,1,1,0.742192188000565,taglish,comment,True,unanimous,3-0,1,1
t1_p5be6ke,0,0.0204885546118021,-3.8671875,0,0,0.01634838875721445,taglish,comment,True,majority,3-0,0,0
t1_p7jrlsk,0,0.188323974609375,-1.4609375,0,0,0.17540288923260922,taglish,comment,True,majority,3-0,0,0
t1_p7klxiv,0,0.4016878604888916,-0.3984375,0,0,0.3960072138172217,tagalog,comment,True,adjudicator,2-1,0,0
t1_p7fy09p,0,0.021287353709340096,-3.828125,0,0,0.017027404628673797,taglish,comment,True,adjudicator,2-1,0,0
t1_p7haar9,0,0.1561048924922943,-1.6875,0,0,0.14333726231200328,english,comment,True,adjudicator,2-1,0,0
t1_p5cq96q,1,0.42691880464553833,-0.29443359375,0,0,0.4226409051975224,taglish,comment,True,majority,3-0,1,1
t1_p6sdk5b,0,0.049958519637584686,-2.9453125,0,0,0.04227155423595593,english,comment,True,majority,3-0,0,0
t1_p7aiaaw,0,0.02655657008290291,-3.6015625,0,0,0.02154728686354495,tagalog,comment,True,adjudicator,2-1,0,0
t1_p7ax9hc,0,0.1937568634748459,-1.42578125,0,0,0.18085542860555529,tagalog,comment,True,adjudicator,2-1,0,0
t1_p742eq6,0,0.05033063143491745,-2.9375,0,0,0.04260792054462838,taglish,comment,True,adjudicator,2-1,0,0
t1_p50lxlv,0,0.28977349400520325,-0.896484375,0,0,0.27892663226081954,tagalog,comment,True,adjudicator,2-1,0,1
t1_p79cu01,0,0.2845759987831116,-0.921875,0,0,0.27354854872647894,taglish,comment,True,unanimous,3-0,0,0
t1_p7lm414,0,0.3600388765335083,-0.5751953125,0,0,0.3521964875668128,tagalog,comment,True,majority,3-0,0,0
t1_p65rlmo,0,0.01912403479218483,-3.9375,0,0,0.015192625252783028,taglish,comment,True,majority,3-0,0,0
t1_p2y4mmb,0,0.04535258188843727,-3.046875,0,0,0.038123630491819376,taglish,comment,True,unanimous,3-0,0,0
t1_p2y196r,0,0.14511536061763763,-1.7734375,0,0,0.13251624067001536,taglish,comment,True,majority,3-0,0,0
t1_p6x4cbi,1,0.7209580540657043,0.94921875,1,1,0.7321703838687692,taglish,comment,True,unanimous,3-0,1,1
t1_p2sl5gs,0,0.11797800660133362,-2.01171875,0,0,0.1060876800415856,taglish,comment,True,majority,3-0,0,0
t1_p6z5qr1,0,0.07751766592264175,-2.4765625,0,0,0.06762063615279819,taglish,comment,True,majority,3-0,0,0
t1_p7adt55,1,0.2913839519023895,-0.888671875,0,0,0.2805944102350887,taglish,comment,True,adjudicator,2-1,1,1
t1_p4e3pc6,0,0.03594832494854927,-3.2890625,0,0,0.029752433539623698,taglish,comment,True,majority,3-0,0,0
t1_p4n5bbj,0,0.09138210862874985,-2.296875,0,0,0.08065695506735654,taglish,comment,True,majority,3-0,0,0
t1_p5zi6km,0,0.00955939944833517,-4.640625,0,0,0.007270949188108464,taglish,comment,True,unanimous,3-0,0,0
t1_p5xl909,0,0.016277462244033813,-4.1015625,0,0,0.012799663683706757,english,comment,True,majority,3-0,0,0
t1_p4wdp58,1,0.15765489637851715,-1.67578125,0,0,0.1448685539252431,english,comment,True,adjudicator,2-1,1,1
t1_p46ija3,0,0.6905590891838074,0.802734375,1,1,0.7006651905123656,taglish,comment,True,majority,3-0,0,0
t1_p5j749a,0,0.06233103200793266,-2.7109375,0,0,0.05354818123017295,taglish,comment,True,unanimous,3-0,0,0
t1_p7ifa7e,1,0.02280263788998127,-3.7578125,0,0,0.018320150550534424,english,comment,True,adjudicator,2-1,1,1
t1_p5dbobp,0,0.011331754736602306,-4.46875,0,0,0.008710514881057375,taglish,comment,True,majority,3-0,0,0
t1_p67y1v1,0,0.01971912942826748,-3.90625,0,0,0.015696018188319272,tagalog,comment,True,adjudicator,2-1,0,1
t1_p79tvkg,1,0.6078959703445435,0.4384765625,1,1,0.6140929433678158,taglish,comment,True,unanimous,3-0,1,1
t1_p50lr03,0,0.13660839200019836,-1.84375,0,0,0.12418471851431533,taglish,comment,True,majority,3-0,0,0
t1_p50kr51,0,0.27125170826911926,-0.98828125,0,0,0.2597924626198079,english,comment,True,majority,3-0,0,0
t1_p7e3jrl,0,0.0333368256688118,-3.3671875,0,0,0.027453856093284865,taglish,comment,True,unanimous,3-0,0,0
t1_p5cwz72,0,0.6386099457740784,0.5693359375,1,1,0.6463858830303337,taglish,comment,True,majority,3-0,0,0
t1_p742w7h,0,0.5328961610794067,0.13177490234375,1,0,0.5348460806957297,taglish,comment,True,majority,3-0,0,0
t1_p7lhn75,0,0.028652667999267578,-3.5234375,0,0,0.023363216000894867,taglish,comment,True,majority,3-0,0,0
t1_p3kxp80,0,0.16559313237667084,-1.6171875,0,0,0.1527296488638625,tagalog,comment,True,majority,3-0,0,0
t1_p76m5bt,0,0.847967803478241,1.71875,1,1,0.8606803434747773,english,comment,True,adjudicator,2-1,0,0
t1_p5bdsnu,0,0.30777397751808167,-0.810546875,0,0,0.29760172224668063,english,comment,True,adjudicator,2-1,0,0
t1_p3ja4pl,0,0.04603390395641327,-3.03125,0,0,0.03873533647257179,taglish,comment,True,majority,3-0,0,0
t1_p4du5ih,0,0.025565214455127716,-3.640625,0,0,0.020691822079171432,english,comment,True,majority,3-0,0,0
t1_p4rw6f0,0,0.11516222357749939,-2.0390625,0,0,0.1033715794011077,english,comment,True,adjudicator,2-1,0,1
t1_p4zucjx,0,0.06187598779797554,-2.71875,0,0,0.05313024046409244,taglish,comment,True,majority,3-0,0,0
t1_p5oyw7y,0,0.010986942797899246,-4.5,0,0,0.008429238108327524,taglish,comment,True,majority,3-0,0,0
t1_p5d7uvb,0,0.010986942797899246,-4.5,0,0,0.008429238108327524,taglish,comment,True,unanimous,3-0,0,0
t1_p7l13ow,0,0.02460992895066738,-3.6796875,0,0,0.019869631033144354,taglish,comment,True,majority,3-0,0,0
t1_p6yxi0s,0,0.2954331338405609,-0.869140625,0,0,0.2847903510112777,tagalog,comment,True,adjudicator,2-1,0,0
t1_p68h6ho,0,0.034100428223609924,-3.34375,0,0,0.028124688751755004,taglish,comment,True,unanimous,3-0,0,0
t1_p78399m,0,0.01590639352798462,-4.125,0,0,0.01248966741728404,english,comment,True,majority,3-0,0,0
t1_p780n2y,0,0.16830945014953613,-1.59765625,0,0,0.15542662874813204,taglish,comment,True,majority,3-0,0,0
t1_p599ncq,0,0.24798741936683655,-1.109375,0,0,0.23589077377560533,taglish,comment,True,majority,3-0,0,0
t1_p46f6fr,0,0.3293917179107666,-0.7109375,0,0,0.32012181577027593,tagalog,comment,True,majority,3-0,0,0
t1_p66pvj1,0,0.006388320587575436,-5.046875,0,0,0.004739948435315284,english,comment,True,majority,3-0,0,0
t1_p5mred0,1,0.030444350093603134,-3.4609375,0,0,0.024922752540333385,tagalog,comment,True,majority,3-0,1,1
t1_p7dfjf7,0,0.020177319645881653,-3.8828125,0,0,0.016084300564118706,tagalog,comment,True,adjudicator,2-1,0,1
t1_p5wvdca,1,0.6410853266716003,0.580078125,1,1,0.6489828857352753,taglish,comment,True,unanimous,3-0,1,1
t1_p76t18e,0,0.035678550601005554,-3.296875,0,0,0.029514425656705364,taglish,comment,True,majority,3-0,0,0
t1_p5zb1aa,0,0.03090895712375641,-3.4453125,0,0,0.025328223628969256,taglish,comment,True,unanimous,3-0,0,0
t1_p4t4rfj,0,0.01342825498431921,-4.296875,0,0,0.010432103185769552,taglish,comment,True,unanimous,3-0,0,0
t1_p6zepsz,0,0.04146227613091469,-3.140625,0,0,0.03464387003878658,english,comment,True,adjudicator,2-1,0,0
t1_p3zsw04,0,0.029535338282585144,-3.4921875,0,0,0.02413069999836733,taglish,comment,True,unanimous,3-0,0,0
t1_p7jxi1w,0,0.19930799305438995,-1.390625,0,0,0.1864391418286397,tagalog,comment,True,adjudicator,2-1,0,0
t1_p79c6su,0,0.47383981943130493,-0.104736328125,0,0,0.4722873612332307,taglish,comment,True,adjudicator,2-1,0,0
t1_p5wsvyx,0,0.36931508779525757,-0.53515625,0,0,0.36193435908942023,tagalog,comment,True,adjudicator,2-1,0,0
t1_p2u10do,0,0.02843603305518627,-3.53125,0,0,0.023175098539363833,tagalog,comment,True,adjudicator,2-1,0,0
t1_p3gyo9g,0,0.01342825498431921,-4.296875,0,0,0.010432103185769552,taglish,comment,True,majority,3-0,0,0
t1_p5evp5a,1,0.6690964698791504,0.7041015625,1,1,0.67829986611613,taglish,comment,True,majority,3-0,1,1
t1_p6s3i12,0,0.4195290803909302,-0.32470703125,0,0,0.41483448825251823,tagalog,comment,True,unanimous,3-0,0,0
t1_p79nndi,0,0.015543648041784763,-4.1484375,0,0,0.012187086294888858,taglish,comment,True,adjudicator,2-1,0,0
t1_p6xxs7h,0,0.10447732359170914,-2.1484375,0,0,0.0931141657147751,tagalog,comment,True,adjudicator,2-1,0,1
t1_p2uwcht,0,0.004609572235494852,-5.375,0,0,0.003352756212310089,taglish,comment,True,majority,3-0,0,0
t1_p517xa6,1,0.6992544531822205,0.84375,1,1,0.7096988691977403,tagalog,comment,True,adjudicator,2-1,1,1
t1_p63l8fh,0,0.012431650422513485,-4.375,0,0,0.00961136629880241,english,comment,True,adjudicator,2-1,0,0
t1_p796zsd,0,0.03090895712375641,-3.4453125,0,0,0.025328223628969256,taglish,comment,True,unanimous,3-0,0,0
t1_p599fek,0,0.053009770810604095,-2.8828125,0,0,0.04503505477575238,tagalog,comment,True,adjudicator,2-1,0,1
t1_p6rq1jm,0,0.04084571823477745,-3.15625,0,0,0.03409448454862568,taglish,comment,True,unanimous,3-0,0,0
t1_p685eax,0,0.7122321724891663,0.90625,1,1,0.7231495201130415,tagalog,comment,True,adjudicator,2-1,0,0
t1_p5cnwp2,1,0.8705973029136658,1.90625,1,1,0.8828397995301224,tagalog,comment,True,adjudicator,3-0,1,1
t1_p467600,0,0.03138043358922005,-3.4296875,0,0,0.025740117234055726,tagalog,comment,True,adjudicator,2-1,0,0
t1_p50t6p6,1,0.8050197958946228,1.41796875,1,1,0.8179151119022284,english,comment,True,adjudicator,2-1,1,1
t1_p30kfxi,1,0.17895588278770447,-1.5234375,0,0,0.1660304330821899,tagalog,comment,True,majority,3-0,1,1
t1_p51xptv,0,0.014957086183130741,-4.1875,0,0,0.011698794560305651,taglish,comment,True,majority,3-0,0,0
t1_p5p2vrj,0,0.007815889082849026,-4.84375,0,0,0.005871394775882369,taglish,comment,True,majority,3-0,0,0
t1_p77m0e8,0,0.04177388176321983,-3.1328125,0,0,0.03492175392879284,taglish,comment,True,unanimous,3-0,0,0
t1_p78xgky,0,0.07978201657533646,-2.4453125,0,0,0.06973816582530518,taglish,comment,True,majority,3-0,0,0
t1_p7bak1l,0,0.011158031411468983,-4.484375,0,0,0.00856873239833886,english,comment,True,majority,3-0,0,0
t1_p5mtyx6,0,0.019271137192845345,-3.9296875,0,0,0.015316963209056532,taglish,comment,True,majority,3-0,0,0
t1_p7bel7e,0,0.015072628855705261,-4.1796875,0,0,0.011794881122745349,taglish,comment,True,majority,3-0,0,0
t1_p3ubs81,0,0.017712298780679703,-4.015625,0,0,0.01400265802532903,taglish,comment,True,adjudicator,2-1,0,0
t1_p63itkv,0,0.3963017463684082,-0.4208984375,0,0,0.39032974560461325,english,comment,True,majority,3-0,0,0
t1_p6578jk,0,0.34576770663261414,-0.6376953125,0,0,0.33724076923118723,taglish,comment,True,unanimous,3-0,0,0
t1_p4dnfav,0,0.6955448985099792,0.826171875,1,1,0.7058470313870421,tagalog,comment,True,adjudicator,2-1,0,0
t1_p5sotw5,0,0.037326887249946594,-3.25,0,0,0.030970645855543166,taglish,comment,True,majority,3-0,0,0
t1_p6w7t4i,1,0.8272706270217896,1.56640625,1,1,0.8401775346483693,tagalog,comment,True,adjudicator,2-1,1,1
t1_p300zhn,0,0.007815889082849026,-4.84375,0,0,0.005871394775882369,taglish,comment,True,majority,3-0,0,0
t1_p6r7p20,0,0.04146227613091469,-3.140625,0,0,0.03464387003878658,tagalog,comment,True,adjudicator,2-1,0,0
t1_p7435vc,0,0.5155284404754639,0.0621337890625,1,0,0.5164511737617296,tagalog,comment,True,adjudicator,2-1,0,1
t1_p7j6bsx,1,0.6397360563278198,0.57421875,1,1,0.6475674208117419,taglish,comment,True,majority,3-0,1,1
t1_p77trkh,0,0.012431650422513485,-4.375,0,0,0.00961136629880241,taglish,comment,True,unanimous,3-0,0,0
t1_p4ax4kj,0,0.5921949744224548,0.373046875,1,0,0.5975409336611344,taglish,comment,True,unanimous,3-0,0,0
t1_p7hgig1,0,0.014503578655421734,-4.21875,0,0,0.011322123493842238,taglish,comment,True,majority,3-0,0,0
t1_p40vxa0,0,0.07585818320512772,-2.5,0,0,0.06607178742493337,tagalog,comment,True,adjudicator,2-1,0,1
t1_p3kdw2q,1,0.07477004826068878,-2.515625,0,0,0.06505760273871837,taglish,comment,True,adjudicator,2-1,1,1
t1_p3hdq1k,0,0.016914913430809975,-4.0625,0,0,0.013333284294372586,english,comment,True,majority,3-0,0,0
t1_p6q7agm,0,0.02096424251794815,-3.84375,0,0,0.016752534572999977,taglish,comment,True,unanimous,3-0,0,0
t1_p782p63,0,0.03161877021193504,-3.421875,0,0,0.025948502439163787,english,comment,True,majority,3-0,0,0
t1_p77uoky,1,0.025760557502508163,-3.6328125,0,0,0.020860212691691873,taglish,comment,True,adjudicator,2-1,1,0
t1_p54nz23,0,0.028652667999267578,-3.5234375,0,0,0.023363216000894867,taglish,comment,True,unanimous,3-0,0,0
t1_p743b24,0,0.28937169909477234,-0.8984375,0,0,0.2785106387755747,taglish,comment,True,unanimous,3-0,0,0
t1_p5y72o7,0,0.013020490296185017,-4.328125,0,0,0.0100957996973733,english,comment,True,majority,3-0,0,0
t1_p5xu1jd,0,0.0792103260755539,-2.453125,0,0,0.06920310246679534,tagalog,comment,True,majority,3-0,0,0
t1_p50iukl,0,0.42250463366508484,-0.3125,0,0,0.4179773264169235,tagalog,comment,True,adjudicator,3-0,0,0
t1_p3zxck1,0,0.007695646956562996,-4.859375,0,0,0.005775555867806674,taglish,comment,True,majority,3-0,0,0
t1_p40phsy,0,0.04885777831077576,-2.96875,0,0,0.04127762071512624,tagalog,comment,True,unanimous,3-0,0,0
t1_p742tbm,0,0.7375364303588867,1.033203125,1,1,0.749254565426288,tagalog,comment,True,adjudicator,3-0,0,1
t1_p6wk3dz,0,0.49584972858428955,-0.0166015625,0,0,0.495602927662997,english,comment,True,adjudicator,2-1,0,1
t1_p742cdq,1,0.5061641931533813,0.024658203125,1,0,0.5065307426212367,english,comment,True,unanimous,3-0,1,1
t1_p6dx5af,1,0.2889702320098877,-0.900390625,0,0,0.27809502643171896,taglish,comment,True,majority,3-0,1,1
t1_p78llri,0,0.028652667999267578,-3.5234375,0,0,0.023363216000894867,tagalog,comment,True,adjudicator,2-1,0,0
t1_p5c5ngm,0,0.11436852067708969,-2.046875,0,0,0.10260692775522659,english,comment,True,majority,3-0,0,0
t1_p7a55ro,0,0.01652955636382103,-4.0859375,0,0,0.013010534545629544,taglish,comment,True,unanimous,3-0,0,0
t1_p72it5y,0,0.02655657008290291,-3.6015625,0,0,0.02154728686354495,taglish,comment,True,majority,3-0,0,0
t1_p6eld8l,0,0.05541279539465904,-2.8359375,0,0,0.04721979197620768,english,comment,True,majority,3-0,0,0
t1_p7ib4se,1,0.74167400598526,1.0546875,1,1,0.7535065857831854,taglish,comment,True,majority,3-0,1,1
t1_p468emq,0,0.00806199200451374,-4.8125,0,0,0.006067840723233951,taglish,comment,True,majority,3-0,0,0
t1_p6e1bpi,0,0.027376487851142883,-3.5703125,0,0,0.02225647684260478,taglish,comment,True,unanimous,3-0,0,0
t1_p3ifa43,0,0.03541072830557823,-3.3046875,0,0,0.029278264289816676,taglish,comment,True,unanimous,3-0,0,0
t1_p5ug01j,0,0.010818448849022388,-4.515625,0,0,0.008291995716312874,taglish,comment,True,majority,3-0,0,0
t1_p6rxq8o,1,0.3849121630191803,-0.46875,0,0,0.3783345273554561,tagalog,comment,True,adjudicator,2-1,1,1
t1_p74metr,0,0.23440666496753693,-1.18359375,0,0,0.2220129963678971,tagalog,comment,True,adjudicator,2-1,0,1
t1_p2ufm58,0,0.012053778395056725,-4.40625,0,0,0.009301272511574326,english,comment,True,majority,3-0,0,0
t1_p7a4i1w,0,0.025371311232447624,-3.6484375,0,0,0.020524762278179533,taglish,comment,True,unanimous,3-0,0,0
t1_p7i91xi,0,0.055005285888910294,-2.84375,0,0,0.04684879904719731,taglish,comment,True,majority,3-0,0,0
t1_p7m2zbp,0,0.3268083333969116,-0.72265625,0,0,0.31742569645118085,tagalog,comment,True,adjudicator,2-1,0,0
t1_p5s23c6,0,0.10230471193790436,-2.171875,0,0,0.09103840376249636,taglish,comment,True,unanimous,3-0,0,0
t1_p7b5cn0,0,0.028870904818177223,-3.515625,0,0,0.023552823635734226,taglish,comment,True,adjudicator,2-1,0,1
t1_p6cnw1j,0,0.05964693799614906,-2.7578125,0,0,0.05108634519126149,english,comment,True,majority,3-0,0,0
t1_p7i7oz5,1,0.6297746300697327,0.53125,1,1,0.6371093530523644,tagalog,comment,True,adjudicator,2-1,1,0
t1_p6d602e,0,0.6963714361190796,0.830078125,1,1,0.7067055688624226,taglish,comment,True,majority,3-0,0,0
t1_p3jz6za,0,0.015189048834145069,-4.171875,0,0,0.011891747383958434,english,comment,True,majority,3-0,0,0
t1_p5cu7wt,0,0.2833845913410187,-0.927734375,0,0,0.27231667367956336,english,comment,True,majority,3-0,0,0
t1_p6e0fce,0,0.02843603305518627,-3.53125,0,0,0.023175098539363833,english,comment,True,majority,3-0,0,0
t1_p5g20k7,0,0.009268012829124928,-4.671875,0,0,0.007035828405219093,taglish,comment,True,majority,3-0,0,0
t1_p6s66ir,0,0.02161533385515213,-3.8125,0,0,0.017306705278754195,tagalog,comment,True,majority,3-0,0,0
t1_p6s4bxj,1,0.6951311230659485,0.82421875,1,1,0.7054172134126804,taglish,comment,True,adjudicator,2-1,1,1
t1_p5116jv,0,0.2030746191740036,-1.3671875,0,0,0.1902348818146269,english,comment,True,adjudicator,2-1,0,1
t1_p51e3p8,0,0.15921740233898163,-1.6640625,0,0,0.14641340859769936,english,comment,True,adjudicator,2-1,0,0
t1_p5c9bva,0,0.01342825498431921,-4.296875,0,0,0.010432103185769552,english,comment,True,unanimous,3-0,0,0
t1_p7kgbw3,0,0.6625781655311584,0.6748046875,1,1,0.6714897391175465,tagalog,comment,True,unanimous,3-0,0,0
t1_p74mce8,0,0.5266470909118652,0.106689453125,1,0,0.528228335799609,taglish,comment,True,unanimous,3-0,0,0
t1_p6n49j6,0,0.018978038802742958,-3.9453125,0,0,0.015069281183696543,taglish,comment,True,majority,3-0,0,0
t1_p7amr7k,0,0.022116590291261673,-3.7890625,0,0,0.017734114368287795,taglish,comment,True,adjudicator,2-1,0,0
t1_p6sa3ez,0,0.4751182496547699,-0.099609375,0,0,0.47364134454138207,english,comment,True,unanimous,3-0,0,0
t1_p6d5a9r,0,0.23231014609336853,-1.1953125,0,0,0.21987594002351796,taglish,comment,True,majority,3-0,0,0
t1_p6ywmi2,0,0.5624469518661499,0.2510986328125,1,0,0.5661179521516534,taglish,comment,True,majority,3-0,0,0
t1_p7l1qef,0,0.5627773404121399,0.25244140625,1,0,0.5664673548555073,taglish,comment,True,unanimous,3-0,0,0
t1_p5crdbp,0,0.32039588689804077,-0.751953125,0,0,0.310739019917234,english,comment,True,unanimous,3-0,0,0
t1_p78y5du,0,0.00857748556882143,-4.75,0,0,0.006480540712653128,english,comment,True,majority,3-0,0,0
t1_p5owd5p,0,0.011158031411468983,-4.484375,0,0,0.00856873239833886,english,comment,True,majority,3-0,0,0
t1_p79aq8h,0,0.0204885546118021,-3.8671875,0,0,0.01634838875721445,taglish,comment,True,unanimous,3-0,0,0
t1_p3gjm0x,0,0.01578456163406372,-4.1328125,0,0,0.012387991757567416,taglish,comment,True,majority,3-0,0,0
t1_p6s2ym6,0,0.37983837723731995,-0.490234375,0,0,0.372995999198616,tagalog,comment,True,adjudicator,2-1,0,1
t1_p4klhcp,0,0.008985428139567375,-4.703125,0,0,0.006808258583260097,english,comment,True,majority,3-0,0,0
t1_p4bbpyq,0,0.011158031411468983,-4.484375,0,0,0.00856873239833886,english,comment,True,majority,3-0,0,0
t1_p7jm0fp,0,0.03258974477648735,-3.390625,0,0,0.02679858299042966,taglish,comment,True,unanimous,3-0,0,0
t1_p6ryi6a,0,0.025371311232447624,-3.6484375,0,0,0.020524762278179533,english,comment,True,majority,3-0,0,0
t1_p30lg6j,0,0.16079242527484894,-1.65234375,0,0,0.14797188667541203,english,comment,True,majority,3-0,0,0
t1_p3kjj5w,0,0.07864238321781158,-2.4609375,0,0,0.06867184131167044,english,comment,True,majority,3-0,0,0
t1_p6n8ciw,1,0.6495786309242249,0.6171875,1,1,0.6578859390880458,taglish,comment,True,adjudicator,3-0,1,1
t1_p6x4z3a,0,0.8074606657028198,1.43359375,1,1,0.8203675526119233,english,comment,True,majority,3-0,0,0
t1_p7k4ywy,0,0.011687257327139378,-4.4375,0,0,0.009001092427124225,english,comment,True,majority,3-0,0,0
t1_p7afqiy,0,0.022457052022218704,-3.7734375,0,0,0.01802479461785985,taglish,comment,True,unanimous,3-0,0,0
t1_p6br5ul,0,0.01590639352798462,-4.125,0,0,0.01248966741728404,taglish,comment,True,unanimous,3-0,0,0
t1_p69t9vn,0,0.006903837900608778,-4.96875,0,0,0.005146865418313763,taglish,comment,True,majority,3-0,0,0
t1_p3hx9p2,0,0.019419347867369652,-3.921875,0,0,0.01544230280311437,taglish,comment,True,majority,3-0,0,0
t1_p75odws,0,0.21272224187850952,-1.30859375,0,0,0.1999820130043669,taglish,comment,True,unanimous,3-0,0,0
t1_p5tmwe1,0,0.42107561230659485,-0.318359375,0,0,0.416467916210245,english,comment,True,unanimous,3-0,0,0
t1_p30o96b,0,0.034618839621543884,-3.328125,0,0,0.02858072560319402,taglish,comment,True,unanimous,3-0,0,0
t1_p5jo7kp,0,0.43362167477607727,-0.26708984375,0,0,0.4297253428602934,tagalog,comment,True,adjudicator,2-1,0,0
t1_p5cweq7,0,0.005819959565997124,-5.140625,0,0,0.004293704416573046,taglish,comment,True,majority,3-0,0,0
t1_p30l6ra,0,0.607313871383667,0.43603515625,1,1,0.6134797878321049,tagalog,comment,True,adjudicator,2-1,0,1
t1_p6y003z,0,0.06418264657258987,-2.6796875,0,0,0.05525114789373,taglish,comment,True,majority,3-0,0,0
t1_p30mdif,0,0.5324023365974426,0.129791259765625,1,0,0.534323195431747,english,comment,True,adjudicator,2-1,0,1
t1_p7a25ft,0,0.010986942797899246,-4.5,0,0,0.008429238108327524,taglish,comment,True,unanimous,3-0,0,0
t1_p5143ya,0,0.057918090373277664,-2.7890625,0,0,0.04950502071984786,taglish,comment,True,unanimous,3-0,0,0
t1_p2ypu78,1,0.14706452190876007,-1.7578125,0,0,0.13443083329612768,tagalog,comment,True,unanimous,3-0,1,1
t1_p4gft2f,0,0.023330770432949066,-3.734375,0,0,0.01877210973576006,taglish,comment,True,majority,3-0,0,0
t1_p589aw3,0,0.20497775077819824,-1.35546875,0,0,0.19215480661951762,taglish,comment,True,adjudicator,2-1,0,1
t1_p5b1qoc,0,0.026759279891848564,-3.59375,0,0,0.021722484849024695,taglish,comment,True,majority,3-0,0,0
t1_p50izq3,0,0.04208773002028465,-3.125,0,0,0.03520178549002724,taglish,comment,True,majority,3-0,0,0
t1_p51c7pk,0,0.20817892253398895,-1.3359375,0,0,0.1953874294471803,tagalog,comment,True,unanimous,3-0,0,0
t1_p67xo52,1,0.14463144540786743,-1.77734375,0,0,0.1320412164897978,tagalog,comment,True,majority,3-0,1,1
t1_p6eswyp,0,0.03514484316110611,-3.3125,0,0,0.029043936029394698,taglish,comment,True,unanimous,3-0,0,0
t1_p3kjuid,0,0.23934932053089142,-1.15625,0,0,0.22705700299281353,taglish,comment,True,majority,3-0,0,0
t1_p4gcvtp,0,0.017045317217707634,-4.0546875,0,0,0.01344261293165296,taglish,comment,True,majority,3-0,0,0
t1_p7ltirq,1,0.5604932308197021,0.2431640625,1,0,0.5640519691263254,english,comment,True,adjudicator,2-1,1,1
t1_p58wkah,0,0.12635333836078644,-1.93359375,0,0,0.1141968314204245,taglish,comment,True,majority,3-0,0,0
t1_p3pcwwb,0,0.015424554236233234,-4.15625,0,0,0.012087843730195589,english,comment,True,majority,3-0,0,0
t1_p7i5k42,0,0.015189048834145069,-4.171875,0,0,0.011891747383958434,taglish,comment,True,unanimous,3-0,0,0
t1_p6x2xeo,1,0.7711548805236816,1.21484375,1,1,0.7836528979973932,tagalog,comment,True,majority,3-0,1,1
t1_p2y9hhq,0,0.035678550601005554,-3.296875,0,0,0.029514425656705364,tagalog,comment,True,adjudicator,2-1,0,0
t1_p2tp8yk,0,0.43623173236846924,-0.2564697265625,0,0,0.4324848347984221,english,comment,True,adjudicator,2-1,0,0
t1_p7ammcj,0,0.02096424251794815,-3.84375,0,0,0.016752534572999977,taglish,comment,True,majority,3-0,0,0
t1_p517odr,0,0.14804720878601074,-1.75,0,0,0.13539686224443742,taglish,comment,True,unanimous,3-0,0,0
t1_p50stit,0,0.41205689311027527,-0.35546875,0,0,0.40694574343431367,english,comment,True,unanimous,3-0,0,0
t1_p73tcqr,0,0.30777397751808167,-0.810546875,0,0,0.29760172224668063,taglish,comment,True,majority,3-0,0,0
t1_p5pbwr5,0,0.05070536583662033,-2.9296875,0,0,0.04294684338862155,english,comment,True,majority,3-0,0,0
t1_p3k99yb,0,0.6149722933769226,0.46826171875,1,1,0.6215437935607807,english,comment,True,adjudicator,2-1,0,0
t1_p6epc1a,0,0.1661335527896881,-1.61328125,0,0,0.15326595803193444,tagalog,comment,True,adjudicator,2-1,0,0
t1_p5uu9ss,0,0.021287353709340096,-3.828125,0,0,0.017027404628673797,taglish,comment,True,majority,3-0,0,0
t1_p5yhue3,0,0.017176708206534386,-4.046875,0,0,0.013552825714806585,taglish,comment,True,majority,3-0,0,0
t1_p7m3twq,0,0.018689310178160667,-3.9609375,0,0,0.014825543983687938,english,comment,True,majority,3-0,0,0
t1_p4mv2i7,0,0.007460643537342548,-4.890625,0,0,0.005588519418229735,taglish,comment,True,unanimous,3-0,0,0
t1_p7bm2ox,0,0.017712298780679703,-4.015625,0,0,0.01400265802532903,tagalog,comment,True,majority,3-0,0,0
t1_p73rln3,0,0.8519527316093445,1.75,1,1,0.8646031377555625,taglish,comment,True,unanimous,3-0,0,0
t1_p7a7f2g,0,0.010652512311935425,-4.53125,0,0,0.008156969482800008,taglish,comment,True,unanimous,3-0,0,0
t1_p6yhpaz,0,0.02931223064661026,-3.5,0,0,0.02393655431803907,taglish,comment,True,majority,3-0,0,0
t1_p5yh286,0,0.022116590291261673,-3.7890625,0,0,0.017734114368287795,taglish,comment,True,majority,3-0,0,0
t1_p4yma05,0,0.039048291742801666,-3.203125,0,0,0.03249630906629729,english,comment,True,majority,3-0,0,0
t1_p77wrq7,0,0.021125193685293198,-3.8359375,0,0,0.01688942003798684,taglish,comment,True,unanimous,3-0,0,0
t1_p75qvxz,0,0.35398629307746887,-0.6015625,0,0,0.34584960639383233,english,comment,True,adjudicator,2-1,0,1
t1_p7jl0bl,0,0.013636835850775242,-4.28125,0,0,0.010604388139789176,taglish,comment,True,unanimous,3-0,0,0
t1_p79tgdx,0,0.0064882696606218815,-5.03125,0,0,0.004818685882028606,taglish,comment,True,majority,3-0,0,0
t1_p5c6ylh,0,0.049958519637584686,-2.9453125,0,0,0.04227155423595593,english,comment,True,majority,3-0,0,0
t1_p5cl6hj,0,0.6610482335090637,0.66796875,1,1,0.6698901440177617,taglish,comment,True,adjudicator,2-1,0,1
t1_p3eruxa,0,0.012624949216842651,-4.359375,0,0,0.009770230705341446,taglish,comment,True,unanimous,3-0,0,0
t1_p7jsvzn,0,0.2018132209777832,-1.375,0,0,0.1889631061021696,taglish,comment,True,unanimous,3-0,0,0
t1_p6avr6a,1,0.13432106375694275,-1.86328125,0,0,0.12195157364848777,taglish,comment,True,majority,3-0,1,1
t1_p3merrd,0,0.19682621955871582,-1.40625,0,0,0.1839412440457049,taglish,comment,True,adjudicator,2-1,0,0
t1_p7jm1cj,0,0.04084571823477745,-3.15625,0,0,0.03409448454862568,english,comment,True,majority,3-0,0,0
t1_p7dcf6a,0,0.3429014980792999,-0.650390625,0,0,0.33424113116008924,taglish,comment,True,adjudicator,2-1,0,1
t1_p4tuflx,0,0.034100428223609924,-3.34375,0,0,0.028124688751755004,tagalog,comment,True,majority,3-0,0,0
t1_p79yd7y,0,0.019870713353157043,-3.8984375,0,0,0.015824409763020478,taglish,comment,True,unanimous,3-0,0,0
t1_p2u0kv1,0,0.014281933195888996,-4.234375,0,0,0.011138309073796246,taglish,comment,True,majority,3-0,0,0
t1_p69tbzs,1,0.07696083933115005,-2.484375,0,0,0.06710064757123804,tagalog,comment,True,adjudicator,2-1,1,1
t1_p6mhswo,0,0.052618954330682755,-2.890625,0,0,0.0446804217832095,taglish,comment,True,unanimous,3-0,0,0
t1_p50i4kx,0,0.06608537584543228,-2.6484375,0,0,0.05700501118863395,tagalog,comment,True,adjudicator,3-0,0,0
t1_p5r0ktr,0,0.019419347867369652,-3.921875,0,0,0.01544230280311437,taglish,comment,True,unanimous,3-0,0,0
t1_p6zg7ae,0,0.022977370768785477,-3.75,0,0,0.018469604444269067,english,comment,True,majority,3-0,0,0
t1_p7abfqn,0,0.1980641782283783,-1.3984375,0,0,0.18518693853820434,tagalog,comment,True,adjudicator,2-1,0,0
t1_p6gwkw5,0,0.018546564504504204,-3.96875,0,0,0.014705135629557917,taglish,comment,True,majority,3-0,0,0
t1_p77ru5i,0,0.012053778395056725,-4.40625,0,0,0.009301272511574326,taglish,comment,True,unanimous,3-0,0,0
t1_p46k54m,0,0.029760092496871948,-3.484375,0,0,0.024326381118394077,taglish,comment,True,majority,3-0,0,0
t1_p7a4s7r,0,0.10557883977890015,-2.13671875,0,0,0.09416789581623454,taglish,comment,True,unanimous,3-0,0,0
t1_p7b6ukd,0,0.7065955400466919,0.87890625,1,1,0.7173123363753074,english,comment,True,unanimous,3-0,0,0
t1_p79vtek,0,0.2557152211666107,-1.068359375,0,0,0.24381296916322825,taglish,comment,True,majority,3-0,0,0
t1_p6f5ipu,0,0.015189048834145069,-4.171875,0,0,0.011891747383958434,english,comment,True,majority,3-0,0,0
t1_p571ubf,0,0.023689471185207367,-3.71875,0,0,0.01907947331458863,taglish,comment,True,unanimous,3-0,0,0
t1_p742mvf,0,0.6829967498779297,0.767578125,1,1,0.692795390016452,taglish,comment,True,unanimous,3-0,0,0
t1_p7cbcu5,0,0.2825919985771179,-0.931640625,0,0,0.27149735496638233,english,comment,True,majority,3-0,0,0
t1_p7ad8ct,0,0.017712298780679703,-4.015625,0,0,0.01400265802532903,english,comment,True,majority,3-0,0,0
t1_p5z9z6z,0,0.01784873940050602,-4.0078125,0,0,0.014117396779101352,taglish,comment,True,adjudicator,3-0,0,0
t1_p6z0lga,0,0.05541279539465904,-2.8359375,0,0,0.04721979197620768,tagalog,comment,True,majority,3-0,0,0
t1_p61jmcu,0,0.03963883966207504,-3.1875,0,0,0.03302082254889943,taglish,comment,True,unanimous,3-0,0,0
t1_p6nuzog,1,0.6457903385162354,0.6005859375,1,1,0.6539162835867085,english,comment,True,majority,3-0,1,1
t1_p300iwt,0,0.014503578655421734,-4.21875,0,0,0.011322123493842238,taglish,comment,True,majority,3-0,0,0
t1_p6fq1hu,0,0.32766830921173096,-0.71875,0,0,0.31832305403020056,taglish,comment,True,adjudicator,2-1,0,0
t1_p73qhx0,0,0.18476749956607819,-1.484375,0,0,0.17184028895165643,taglish,comment,True,adjudicator,2-1,0,0
t1_p75ksdr,0,0.4047427177429199,-0.3857421875,0,0,0.3992287677404537,tagalog,comment,True,majority,3-0,0,0
t1_p50f9f1,0,0.3464307188987732,-0.634765625,0,0,0.33793486931095484,english,comment,True,majority,3-0,0,0
t1_p7a163b,0,0.10230471193790436,-2.171875,0,0,0.09103840376249636,tagalog,comment,True,adjudicator,2-1,0,0
t1_p73q9ap,0,0.3796083331108093,-0.4912109375,0,0,0.37275406165913,tagalog,comment,True,adjudicator,2-1,0,0
t1_p5cdkaw,0,0.060086652636528015,-2.75,0,0,0.05148908226532589,taglish,comment,True,majority,3-0,0,0
t1_p79ibcs,0,0.05223086103796959,-2.8984375,0,0,0.04432845175407613,taglish,comment,True,unanimous,3-0,0,0
t1_p6zdg7p,0,0.07004895806312561,-2.5859375,0,0,0.060670693427422484,taglish,comment,True,majority,3-0,0,0
t1_p75eglh,0,0.3376401960849762,-0.673828125,0,0,0.32873853213433024,taglish,comment,True,majority,3-0,0,0
t1_p7aqfg2,0,0.053009770810604095,-2.8828125,0,0,0.04503505477575238,english,comment,True,unanimous,3-0,0,0
t1_p5csk7w,0,0.7803279161453247,1.267578125,1,1,0.7929750174487917,tagalog,comment,True,adjudicator,2-1,0,1
t1_p7ki9ed,0,0.06142404302954674,-2.7265625,0,0,0.05271538001704409,tagalog,comment,True,majority,3-0,0,0
t1_p79b0sj,0,0.053009770810604095,-2.8828125,0,0,0.04503505477575238,taglish,comment,True,majority,3-0,0,0
t1_p4sty57,0,0.8158201575279236,1.48828125,1,1,0.8287478702926612,taglish,comment,True,majority,3-0,0,0
t1_p4z4tuk,1,0.18892180919647217,-1.45703125,0,0,0.1760022766227139,taglish,comment,True,unanimous,3-0,1,1
t1_p5c2j4s,0,0.018978038802742958,-3.9453125,0,0,0.015069281183696543,taglish,comment,True,unanimous,3-0,0,0
t1_p2ultws,0,0.4683043360710144,-0.126953125,0,0,0.4664250636169661,taglish,comment,True,unanimous,3-0,0,0
t1_p3h9md9,0,0.018404891714453697,-3.9765625,0,0,0.014585690715530725,english,comment,True,majority,3-0,0,0
t1_p7dwnon,0,0.09203286468982697,-2.2890625,0,0,0.08127284459380817,english,comment,True,adjudicator,3-0,0,0
t1_p4vjm7i,0,0.051082734018564224,-2.921875,0,0,0.04328834028274152,tagalog,comment,True,adjudicator,2-1,0,0
t1_p510rod,0,0.200557678937912,-1.3828125,0,0,0.18769786183326514,taglish,comment,True,majority,3-0,0,0
t1_p510zrc,0,0.022116590291261673,-3.7890625,0,0,0.017734114368287795,taglish,comment,True,majority,3-0,0,0
t1_p5b339o,0,0.7065955400466919,0.87890625,1,1,0.7173123363753074,taglish,comment,True,majority,3-0,0,0
t1_p73napw,0,0.06608537584543228,-2.6484375,0,0,0.05700501118863395,english,comment,True,majority,3-0,0,0
t1_p76okyw,0,0.06142404302954674,-2.7265625,0,0,0.05271538001704409,taglish,comment,True,majority,3-0,0,0
t1_p5q0afk,1,0.05223086103796959,-2.8984375,0,0,0.04432845175407613,taglish,comment,True,adjudicator,2-1,1,1
t1_p5auq3e,0,0.09009299427270889,-2.3125,0,0,0.07943793449313696,taglish,comment,True,majority,3-0,0,0
t1_p79pfeh,0,0.015189048834145069,-4.171875,0,0,0.011891747383958434,english,comment,True,majority,3-0,0,0
t1_p3sc60l,0,0.03185885399580002,-3.4140625,0,0,0.02615852937977308,english,comment,True,adjudicator,2-1,0,0
t1_p3qwhkd,0,0.013020490296185017,-4.328125,0,0,0.0100957996973733,english,comment,True,adjudicator,2-1,0,0
t1_p5cqowe,0,0.023689471185207367,-3.71875,0,0,0.01907947331458863,tagalog,comment,True,majority,3-0,0,0
t1_p7klc7o,0,0.8661325573921204,1.8671875,1,1,0.8784908844778906,taglish,comment,True,majority,3-0,0,0
t1_p7k9ypx,0,0.08694165199995041,-2.3515625,0,0,0.07646372151055247,tagalog,comment,True,adjudicator,2-1,0,1
t1_p6zmbbn,0,0.502197265625,0.0087890625,1,0,0.5023279050176432,tagalog,comment,True,adjudicator,2-1,0,0
t1_p655j54,0,0.02595735713839531,-3.625,0,0,0.021029944243948506,taglish,comment,True,unanimous,3-0,0,0
t1_p58hsl1,0,0.016914913430809975,-4.0625,0,0,0.013333284294372586,taglish,comment,True,adjudicator,2-1,0,1
t1_p7goh43,0,0.05749328061938286,-2.796875,0,0,0.04911699894888132,taglish,comment,True,unanimous,3-0,0,0
t1_p5etwso,0,0.00970847625285387,-4.625,0,0,0.007391418001548012,taglish,comment,True,majority,3-0,0,0
t1_p5c7omv,1,0.3396085798740387,-0.6650390625,0,0,0.33079660482233314,english,comment,True,majority,3-0,1,1
t1_p5pw7vm,0,0.02822098508477211,-3.5390625,0,0,0.022988460120720994,tagalog,comment,True,adjudicator,2-1,0,0
t1_p65l49e,0,0.7000752091407776,0.84765625,1,1,0.7105507745610978,tagalog,comment,True,adjudicator,2-1,0,0
t1_p5z8ue3,0,0.010818448849022388,-4.515625,0,0,0.008291995716312874,taglish,comment,True,majority,3-0,0,0
t1_p5zhwji,0,0.028652667999267578,-3.5234375,0,0,0.023363216000894867,taglish,comment,True,unanimous,3-0,0,0
t1_p7bwy13,0,0.023870835080742836,-3.7109375,0,0,0.01923500031055653,taglish,comment,True,majority,3-0,0,0
t1_p7b5750,0,0.010169658809900284,-4.578125,0,0,0.007764838502784255,english,comment,True,majority,3-0,0,0
t1_p5s5mjv,0,0.060086652636528015,-2.75,0,0,0.05148908226532589,taglish,comment,True,majority,3-0,0,0
t1_p3kqtje,0,0.012241275049746037,-4.390625,0,0,0.009455060370166378,taglish,comment,True,unanimous,3-0,0,0
t1_p5y3rii,0,0.006797531619668007,-4.984375,0,0,0.005062792790334485,taglish,comment,True,majority,3-0,0,0
t1_p7aui8d,0,0.014281933195888996,-4.234375,0,0,0.011138309073796246,taglish,comment,True,majority,3-0,0,0
t1_p5ad4jk,0,0.0384661927819252,-3.21875,0,0,0.03197985158634775,tagalog,comment,True,adjudicator,2-1,0,0
t1_p7k6fel,0,0.04501553252339363,-3.0546875,0,0,0.037821266710129954,taglish,comment,True,majority,3-0,0,0
t1_p7lr7hp,0,0.368632972240448,-0.5380859375,0,0,0.36121785960589137,tagalog,comment,True,majority,3-0,0,0
t1_p65k14a,0,0.40833574533462524,-0.370849609375,0,0,0.4030190253016161,tagalog,comment,True,adjudicator,2-1,0,0
t1_p6qnlfh,0,0.1672186702489853,-1.60546875,0,0,0.1543432025461048,english,comment,True,unanimous,3-0,0,0
t1_p7er1we,0,0.014728614129126072,-4.203125,0,0,0.011508936079929782,english,comment,True,majority,3-0,0,0
t1_p5bzxqy,0,0.0838903859257698,-2.390625,0,0,0.07359196306434833,english,comment,True,majority,3-0,0,0
t1_p5843ah,0,0.03384403511881828,-3.3515625,0,0,0.027899327767013937,english,comment,True,majority,3-0,0,0
t1_p67usuh,0,0.010013570077717304,-4.59375,0,0,0.00763833034051056,taglish,comment,True,unanimous,3-0,0,0
t1_p64u75y,0,0.04084571823477745,-3.15625,0,0,0.03409448454862568,taglish,comment,True,unanimous,3-0,0,0
t1_p5y114p,0,0.007345826830714941,-4.90625,0,0,0.005497272358022018,taglish,comment,True,unanimous,3-0,0,0
t1_p73r9ah,0,0.7988152503967285,1.37890625,1,1,0.8116703320227675,tagalog,comment,True,adjudicator,2-1,0,1
t1_p5oeand,0,0.02280263788998127,-3.7578125,0,0,0.018320150550534424,english,comment,True,majority,3-0,0,0
t1_p5u1w84,0,0.0753123015165329,-2.5078125,0,0,0.06556287165906688,taglish,comment,True,adjudicator,2-1,0,0
t1_p73qywm,1,0.671901285648346,0.716796875,1,1,0.6812277604840921,english,comment,True,unanimous,3-0,1,1
t1_p5qlj6c,0,0.015424554236233234,-4.15625,0,0,0.012087843730195589,english,comment,True,majority,3-0,0,0
t1_p7h0ly2,0,0.10447732359170914,-2.1484375,0,0,0.0931141657147751,tagalog,comment,True,adjudicator,2-1,0,1
t1_p7fmy61,0,0.7070003151893616,0.880859375,1,1,0.7177317433276661,tagalog,comment,True,adjudicator,2-1,0,1
t1_p7jdf4l,0,0.024798156693577766,-3.671875,0,0,0.020031467495256517,taglish,comment,True,majority,3-0,0,0
t1_p58va0p,1,0.7711548805236816,1.21484375,1,1,0.7836528979973932,taglish,comment,True,adjudicator,2-1,1,0
t1_p79jg3r,0,0.010328153148293495,-4.5625,0,0,0.007893425262497424,english,comment,True,majority,3-0,0,0
t1_p7dr495,0,0.015424554236233234,-4.15625,0,0,0.012087843730195589,english,comment,True,majority,3-0,0,0
t1_p6xgz2j,1,0.775604784488678,1.240234375,1,1,0.7881788172934407,tagalog,comment,True,adjudicator,2-1,1,1
t1_p6rotok,0,0.020023442804813385,-3.890625,0,0,0.015953834543291176,taglish,comment,True,majority,3-0,0,0
t1_p7k378k,0,0.10158944875001907,-2.1796875,0,0,0.09035578855741758,taglish,comment,True,majority,3-0,0,0
t1_p7krwq5,0,0.7178038358688354,0.93359375,1,1,0.7289117240028826,tagalog,comment,True,adjudicator,2-1,0,0
t1_p7kuxef,0,0.32338008284568787,-0.73828125,0,0,0.31384986224601946,taglish,comment,True,adjudicator,2-1,0,0
t1_p705dn8,0,0.029535338282585144,-3.4921875,0,0,0.02413069999836733,tagalog,comment,True,adjudicator,2-1,0,0
t1_p2s2ocq,0,0.015424554236233234,-4.15625,0,0,0.012087843730195589,taglish,comment,True,unanimous,3-0,0,0
t1_p5ytdtr,0,0.014728614129126072,-4.203125,0,0,0.011508936079929782,taglish,comment,True,majority,3-0,0,0
t1_p4zgbjx,0,0.02779562398791313,-3.5546875,0,0,0.02261957625909082,taglish,comment,True,unanimous,3-0,0,0
t1_p2s2gzc,0,0.03384403511881828,-3.3515625,0,0,0.027899327767013937,english,comment,True,adjudicator,2-1,0,0
t1_p514y4d,1,0.2260994017124176,-1.23046875,0,0,0.2135536815780724,taglish,comment,True,adjudicator,2-1,1,1
t1_p704rmf,0,0.013636835850775242,-4.28125,0,0,0.010604388139789176,english,comment,True,majority,3-0,0,0
t1_p6zc0tc,0,0.12678517401218414,-1.9296875,0,0,0.11461613686694316,tagalog,comment,True,adjudicator,2-1,0,0
t1_p7b71gp,0,0.18476749956607819,-1.484375,0,0,0.17184028895165643,english,comment,True,majority,3-0,0,0
t1_p6izwa7,0,0.014281933195888996,-4.234375,0,0,0.011138309073796246,taglish,comment,True,unanimous,3-0,0,0
t1_p5yh2b0,0,0.012624949216842651,-4.359375,0,0,0.009770230705341446,english,comment,True,majority,3-0,0,0
t1_p7kqof7,0,0.09534946829080582,-2.25,0,0,0.0844170197414223,taglish,comment,True,unanimous,3-0,0,0
t1_p4gftyg,0,0.01640303246676922,-4.09375,0,0,0.012904674031485397,taglish,comment,True,unanimous,3-0,0,0
t1_p7if1i8,0,0.21011726558208466,-1.32421875,0,0,0.19734668256101154,english,comment,True,majority,3-0,0,0
t1_p3xs87d,0,0.013222821988165379,-4.3125,0,0,0.010262588238363088,english,comment,True,adjudicator,3-0,0,0
t1_p4ne8td,0,0.5818971991539001,0.33056640625,1,0,0.5866716323995751,tagalog,comment,True,adjudicator,2-1,0,0
t1_p6tr1qe,1,0.4910898506641388,-0.03564453125,0,0,0.49056010550173107,tagalog,comment,True,majority,3-0,1,1
t1_p21vsuy,0,0.34356191754341125,-0.6474609375,0,0,0.33493217744482007,tagalog,comment,True,adjudicator,2-1,0,0
t1_p75oau8,0,0.08694165199995041,-2.3515625,0,0,0.07646372151055247,taglish,comment,True,majority,3-0,0,0
t1_p509nl2,0,0.048496000468730927,-2.9765625,0,0,0.04095130718829371,tagalog,comment,True,majority,3-0,0,0
t1_p3lhab2,0,0.028870904818177223,-3.515625,0,0,0.023552823635734226,taglish,comment,True,majority,3-0,0,0
t1_p79xxpp,0,0.014503578655421734,-4.21875,0,0,0.011322123493842238,taglish,comment,True,majority,3-0,0,0
t1_p5n1l17,0,0.006903837900608778,-4.96875,0,0,0.005146865418313763,tagalog,comment,True,majority,3-0,0,0
t1_p6xbx7v,0,0.6829967498779297,0.767578125,1,1,0.692795390016452,tagalog,comment,True,adjudicator,2-1,0,0
t1_p7ag9ah,0,0.008445627056062222,-4.765625,0,0,0.006374822461719092,english,comment,True,majority,3-0,0,0
t1_p72g2r7,0,0.09807931631803513,-2.21875,0,0,0.08701144043878545,english,comment,True,adjudicator,2-1,0,0
t1_p6s43ki,1,0.332852303981781,-0.6953125,0,0,0.3237353937184306,tagalog,comment,True,adjudicator,2-1,1,0
t1_p7dxekk,0,0.09268777817487717,-2.28125,0,0,0.08189301807743535,taglish,comment,True,majority,3-0,0,0
t1_p33rvfq,0,0.0064882696606218815,-5.03125,0,0,0.004818685882028606,taglish,comment,True,unanimous,3-0,0,0
t1_p7l17c1,0,0.4208376109600067,-0.3193359375,0,0,0.4162164992364296,taglish,comment,True,unanimous,3-0,0,0
t3_1vqo2c3,0,0.03622005507349968,-3.28125,0,0,0.029992301431155926,taglish,submission,True,majority,3-0,0,0
t1_p50hkzl,1,0.7969253659248352,1.3671875,1,1,0.8097651181853732,english,comment,True,adjudicator,2-1,1,0
t1_p7klzd9,0,0.32380759716033936,-0.736328125,0,0,0.3142956458940994,tagalog,comment,True,adjudicator,2-1,0,1
t1_p4g9xex,0,0.011331754736602306,-4.46875,0,0,0.008710514881057375,english,comment,True,majority,3-0,0,0
t1_p3kls4p,0,0.01342825498431921,-4.296875,0,0,0.010432103185769552,english,comment,True,majority,3-0,0,0
t1_p50z82d,1,0.37868884205818176,-0.4951171875,0,0,0.3717869494938845,english,comment,True,majority,3-0,1,1
t1_p7547vn,0,0.37159261107444763,-0.525390625,0,0,0.3643271127526448,english,comment,True,majority,3-0,0,0
t1_p79o9tm,0,0.005819959565997124,-5.140625,0,0,0.004293704416573046,english,comment,True,majority,3-0,0,0
t1_p7iqysa,0,0.06853749603033066,-2.609375,0,0,0.05927091341723737,taglish,comment,True,adjudicator,2-1,0,0
t1_p3ci3lu,0,0.07640768587589264,-2.4921875,0,0,0.06658437203951531,english,comment,True,unanimous,3-0,0,0
t1_p5rvhz0,1,0.06954174488782883,-2.59375,0,0,0.060200697775439606,taglish,comment,True,majority,3-0,1,1
t1_p7dwpjn,0,0.14366762340068817,-1.78515625,0,0,0.13109549920446437,taglish,comment,True,adjudicator,2-1,0,1
t1_p6ywjhu,0,0.06371499598026276,-2.6875,0,0,0.05482068543987056,tagalog,comment,True,unanimous,3-0,0,0
t1_p6shkkc,0,0.2330075204372406,-1.19140625,0,0,0.22058664670561431,taglish,comment,True,unanimous,3-0,0,0
t1_p50wfiv,0,0.34953272342681885,-0.62109375,0,0,0.34118320364255167,tagalog,comment,True,adjudicator,2-1,0,0
t1_p5bg0nu,0,0.14854057133197784,-1.74609375,0,0,0.13588206858188046,taglish,comment,True,majority,3-0,0,0
t1_p79ehh3,0,0.012624949216842651,-4.359375,0,0,0.009770230705341446,taglish,comment,True,unanimous,3-0,0,0
t1_p650yjl,0,0.0071214293129742146,-4.9375,0,0,0.005319199667544577,taglish,comment,True,unanimous,3-0,0,0
t1_p3mkrdc,0,0.07807817310094833,-2.46875,0,0,0.0681443599801837,taglish,comment,True,adjudicator,2-1,0,0
t1_p6vy67q,0,0.45753055810928345,-0.1702880859375,0,0,0.45501845764758625,taglish,comment,True,majority,3-0,0,0
t1_p7af9a2,0,0.4329023063182831,-0.27001953125,0,0,0.42896486407886264,english,comment,True,majority,3-0,0,0
t1_p6ylyg8,0,0.04401864856481552,-3.078125,0,0,0.03692793837234367,english,comment,True,majority,3-0,0,0
t1_p1xs63v,0,0.4093388319015503,-0.36669921875,0,0,0.4040774144707043,tagalog,comment,True,adjudicator,2-1,0,0
t1_p7b8aam,0,0.1212688684463501,-1.98046875,0,0,0.10926862935738582,taglish,comment,True,unanimous,3-0,0,0
t1_p6xv3ng,0,0.3609394431114197,-0.5712890625,0,0,0.3531412862966347,taglish,comment,True,adjudicator,2-1,0,0
t1_p3ve88l,0,0.30777397751808167,-0.810546875,0,0,0.29760172224668063,taglish,comment,True,unanimous,3-0,0,0
t1_p5cm593,0,0.12635333836078644,-1.93359375,0,0,0.1141968314204245,taglish,comment,True,unanimous,3-0,0,0
t1_p2uyzyj,1,0.00970847625285387,-4.625,0,0,0.007391418001548012,tagalog,comment,True,adjudicator,2-1,1,0
t1_p46lrim,0,0.05541279539465904,-2.8359375,0,0,0.04721979197620768,taglish,comment,True,majority,3-0,0,0
t1_p583nqj,0,0.23934932053089142,-1.15625,0,0,0.22705700299281353,english,comment,True,majority,3-0,0,0
t1_p4vrwks,0,0.05921025201678276,-2.765625,0,0,0.05068658990754702,english,comment,True,majority,3-0,0,0
t1_p7la0pf,0,0.7940657734870911,1.349609375,1,1,0.8068797076158238,english,comment,True,majority,3-0,0,0
t1_p5z2jse,0,0.005469274707138538,-5.203125,0,0,0.004019705174396318,taglish,comment,True,majority,3-0,0,0
t1_p7e0gsf,0,0.048496000468730927,-2.9765625,0,0,0.04095130718829371,taglish,comment,True,unanimous,3-0,0,0
t1_p5efbw8,0,0.010818448849022388,-4.515625,0,0,0.008291995716312874,english,comment,True,majority,3-0,0,0
t1_p5eq1rz,0,0.0832919254899025,-2.3984375,0,0,0.07302965282360734,taglish,comment,True,majority,3-0,0,0
t1_p788517,0,0.34975478053092957,-0.6201171875,0,0,0.34141580353579537,tagalog,comment,True,adjudicator,2-1,0,0
t1_p3lwkjv,1,0.09467770159244537,-2.2578125,0,0,0.08377947628153906,taglish,comment,True,adjudicator,2-1,1,0
t1_p7aw2bk,0,0.007815889082849026,-4.84375,0,0,0.005871394775882369,english,comment,True,majority,3-0,0,0
t1_p6krqpa,0,0.2643583416938782,-1.0234375,0,0,0.2526942282378068,taglish,comment,True,unanimous,3-0,0,0
t1_p7dz5rm,0,0.02161533385515213,-3.8125,0,0,0.017306705278754195,taglish,comment,True,adjudicator,2-1,0,0
t3_1vsq8gw,0,0.4046250879764557,-0.38623046875,0,0,0.3991046984815023,tagalog,submission,True,adjudicator,2-1,0,0
t1_p5d93yl,0,0.0443485863506794,-3.0703125,0,0,0.03722343669153708,english,comment,True,majority,3-0,0,0
t1_p75gwjv,1,0.6697447896003723,0.70703125,1,1,0.6789767894317221,taglish,comment,True,adjudicator,2-1,1,0
t1_p6ebd8n,1,0.19559408724308014,-1.4140625,0,0,0.1827020500733767,taglish,comment,True,majority,3-0,1,1
t1_p6cwcvw,0,0.020023442804813385,-3.890625,0,0,0.015953834543291176,taglish,comment,True,majority,3-0,0,0
t1_p6s5qic,0,0.2609540820121765,-1.041015625,0,0,0.24919361668475545,english,comment,True,adjudicator,2-1,0,0
t1_p3v4tfh,0,0.022116590291261673,-3.7890625,0,0,0.017734114368287795,taglish,comment,True,majority,3-0,0,0
t1_p6n6i61,0,0.026155617088079453,-3.6171875,0,0,0.021201026933499196,taglish,comment,True,majority,3-0,0,0
t1_p3m3y27,0,0.006388320587575436,-5.046875,0,0,0.004739948435315284,taglish,comment,True,unanimous,3-0,0,0
t1_p4xmofl,0,0.04922211542725563,-2.9609375,0,0,0.04160642161242707,english,comment,True,majority,3-0,0,0
t1_p7lyg06,0,0.7487199306488037,1.091796875,1,1,0.7607359371497878,tagalog,comment,True,unanimous,3-0,0,0
t1_p6zi1ty,0,0.14854057133197784,-1.74609375,0,0,0.13588206858188046,taglish,comment,True,majority,3-0,0,0
t1_p7lqcfg,0,0.208823561668396,-1.33203125,0,0,0.19603887259042055,taglish,comment,True,majority,3-0,0,0
t1_p3vrkpf,0,0.023689471185207367,-3.71875,0,0,0.01907947331458863,taglish,comment,True,majority,3-0,0,0
t1_p7bmd1u,0,0.010818448849022388,-4.515625,0,0,0.008291995716312874,english,comment,True,unanimous,3-0,0,0
t1_p6doeci,1,0.6588566303253174,0.658203125,1,1,0.6675981782748801,taglish,comment,True,majority,3-0,1,1
t1_p73s14s,1,0.31027624011039734,-0.798828125,0,0,0.3002035174982856,taglish,comment,True,majority,3-0,1,1
t1_p2zr4tg,1,0.03676946833729744,-3.265625,0,0,0.030477671627086856,english,comment,True,adjudicator,2-1,1,0
t1_p5rxsc5,0,0.00970847625285387,-4.625,0,0,0.007391418001548012,english,comment,True,majority,3-0,0,0
t1_p2tsbrl,0,0.10017221421003342,-2.1953125,0,0,0.08900437456787248,taglish,comment,True,unanimous,3-0,0,0
t1_p7b8c1i,0,0.007577240467071533,-4.875,0,0,0.00568127240020447,english,comment,True,majority,3-0,0,0
t1_p74tjen,0,0.1980641782283783,-1.3984375,0,0,0.18518693853820434,taglish,comment,True,majority,3-0,0,0
t1_p5s2ufl,0,0.38041365146636963,-0.48779296875,0,0,0.3736011210279837,taglish,comment,True,unanimous,3-0,0,0
t1_p7beq6x,0,0.018264278769493103,-3.984375,0,0,0.014467201766990524,english,comment,True,majority,3-0,0,0
t1_p3vqy0i,0,0.03358950838446617,-3.359375,0,0,0.027675721159560157,taglish,comment,True,majority,3-0,0,0
t1_p5rq1km,0,0.011158031411468983,-4.484375,0,0,0.00856873239833886,taglish,comment,True,unanimous,3-0,0,0
t1_p5rpg8i,0,0.05707139894366264,-2.8046875,0,0,0.04873186257495073,taglish,comment,True,majority,3-0,0,0
t1_p30kkmz,0,0.39140596985816956,-0.44140625,0,0,0.3851717477046811,english,comment,True,majority,3-0,0,0
t1_p4rcpu8,0,0.590779185295105,0.3671875,1,0,0.5960471484385738,taglish,comment,True,unanimous,3-0,0,0
t1_p2s699m,0,0.10781263560056686,-2.11328125,0,0,0.09630745281900338,taglish,comment,True,unanimous,3-0,0,0
t1_p7awhfy,0,0.05146276578307152,-2.9140625,0,0,0.04363242883116012,english,comment,True,majority,3-0,0,0
t1_p72y08e,0,0.10447732359170914,-2.1484375,0,0,0.0931141657147751,taglish,comment,True,majority,3-0,0,0
t1_p4dyzc9,0,0.00985985528677702,-4.609375,0,0,0.007513867696601138,english,comment,True,majority,3-0,0,0
t1_p7dh66k,0,0.01678548939526081,-4.0703125,0,0,0.013224832906477132,english,comment,True,adjudicator,2-1,0,0
t1_p61w981,0,0.011687257327139378,-4.4375,0,0,0.009001092427124225,taglish,comment,True,majority,3-0,0,0
t1_p5ej66o,0,0.01640303246676922,-4.09375,0,0,0.012904674031485397,taglish,comment,True,adjudicator,2-1,0,0
t1_p2xq8v7,0,0.12210386991500854,-1.97265625,0,0,0.1100768360630318,tagalog,comment,True,adjudicator,2-1,0,0
t1_p2800xg,0,0.13892841339111328,-1.82421875,0,0,0.12645286693255264,taglish,comment,True,unanimous,3-0,0,0
t1_p6rz9ma,0,0.04115288704633713,-3.1484375,0,0,0.03436811861718476,taglish,comment,True,majority,3-0,0,0
t1_p6s1uy8,0,0.012624949216842651,-4.359375,0,0,0.009770230705341446,taglish,comment,True,majority,3-0,0,0
t1_p5z07j5,0,0.4745398461818695,-0.1019287109375,0,0,0.47302877906364854,english,comment,True,adjudicator,2-1,0,0
t1_p45l9bf,0,0.021948251873254776,-3.796875,0,0,0.01759050531495106,english,comment,True,majority,3-0,0,0
t1_p5l09b4,0,0.3656831681728363,-0.55078125,0,0,0.3581201924300298,tagalog,comment,True,adjudicator,2-1,0,0
t1_p6xfvzn,0,0.5380731225013733,0.152587890625,1,0,0.5403275201081075,taglish,comment,True,unanimous,3-0,0,0
t3_1vt7zux,0,0.015663648024201393,-4.140625,0,0,0.012287133518302686,taglish,submission,True,majority,3-0,0,0
t1_p6s5tag,0,0.2107662856578827,-1.3203125,0,0,0.19800305055249084,taglish,comment,True,adjudicator,2-1,0,0
t1_p6rxtds,0,0.03541072830557823,-3.3046875,0,0,0.029278264289816676,taglish,comment,True,majority,3-0,0,0
t1_p5r8a6g,0,0.010818448849022388,-4.515625,0,0,0.008291995716312874,taglish,comment,True,majority,3-0,0,0
t1_p5b1r09,0,0.018124721944332123,-3.9921875,0,0,0.014349661363518309,taglish,comment,True,unanimous,3-0,0,0
t1_p4u40p6,0,0.043691061437129974,-3.0859375,0,0,0.036634696606314465,taglish,comment,True,majority,3-0,0,0
t1_p39w3n5,0,0.022977370768785477,-3.75,0,0,0.018469604444269067,english,comment,True,majority,3-0,0,0
t1_p7kz1kh,0,0.02909075655043125,-3.5078125,0,0,0.02374393264843928,english,comment,True,unanimous,3-0,0,0
t1_p73t8s1,0,0.15921740233898163,-1.6640625,0,0,0.14641340859769936,tagalog,comment,True,adjudicator,2-1,0,0
t1_p6fqn4g,0,0.08210662752389908,-2.4140625,0,0,0.07191689093458142,taglish,comment,True,unanimous,3-0,0,0
t1_p2y64j1,0,0.005641908384859562,-5.171875,0,0,0.004154455937830391,taglish,comment,True,majority,3-0,0,0
t1_p5cz1pl,1,0.07004895806312561,-2.5859375,0,0,0.060670693427422484,taglish,comment,True,majority,3-0,1,1
t1_p5xzcvn,0,0.18653921782970428,-1.47265625,0,0,0.17361437087945175,taglish,comment,True,unanimous,3-0,0,0
t1_p6x7ge1,0,0.10594828426837921,-2.1328125,0,0,0.09452150688681012,taglish,comment,True,majority,3-0,0,0
t1_p5p0mea,0,0.0039454069919884205,-5.53125,0,0,0.002842697123987362,taglish,comment,True,unanimous,3-0,0,0
t1_p74pu6f,0,0.16667540371418,-1.609375,0,0,0.1538038085831046,taglish,comment,True,adjudicator,2-1,0,1
t1_p7mqnx2,0,0.015424554236233234,-4.15625,0,0,0.012087843730195589,english,comment,True,majority,3-0,0,0
t1_p7c6v15,0,0.0446808747947216,-3.0625,0,0,0.03752120747189035,english,comment,True,majority,3-0,0,0
t1_p5rxwkl,0,0.01384861022233963,-4.265625,0,0,0.010779487365673022,english,comment,True,majority,3-0,0,0
t1_p4x1g48,0,0.023330770432949066,-3.734375,0,0,0.01877210973576006,taglish,comment,True,majority,3-0,0,0
t1_p5b0oru,0,0.03676946833729744,-3.265625,0,0,0.030477671627086856,taglish,comment,True,majority,3-0,0,0
t1_p4u98p5,0,0.04569203034043312,-3.0390625,0,0,0.03842831499145791,taglish,comment,True,majority,3-0,0,0
t1_p3zzaks,0,0.0061929901130497456,-5.078125,0,0,0.0045862945436731415,taglish,comment,True,majority,3-0,0,0
t1_p58xvb4,0,0.3048688769340515,-0.82421875,0,0,0.2945827865873196,english,comment,True,majority,3-0,0,0
t1_p4n6x5q,1,0.6049825549125671,0.42626953125,1,1,0.6110235825016377,taglish,comment,True,majority,3-0,1,1
t1_p79tteg,1,0.03817827254533768,-3.2265625,0,0,0.03172460784491219,tagalog,comment,True,unanimous,3-0,1,1
t1_p5ru3xv,0,0.034100428223609924,-3.34375,0,0,0.028124688751755004,taglish,comment,True,unanimous,3-0,0,0
t1_p7b7nir,0,0.02280263788998127,-3.7578125,0,0,0.018320150550534424,taglish,comment,True,adjudicator,2-1,0,0
t1_p6kehs9,0,0.03622005507349968,-3.28125,0,0,0.029992301431155926,taglish,comment,True,majority,3-0,0,0
t1_p6yeybg,0,0.08819004148244858,-2.3359375,0,0,0.07764095048311967,taglish,comment,True,majority,3-0,0,0
t3_1vq1qpn,0,0.037326887249946594,-3.25,0,0,0.030970645855543166,tagalog,submission,True,adjudicator,2-1,0,0
t1_p4ww4f9,0,0.03384403511881828,-3.3515625,0,0,0.027899327767013937,taglish,comment,True,majority,3-0,0,0
t1_p3vbu17,0,0.04115288704633713,-3.1484375,0,0,0.03436811861718476,taglish,comment,True,adjudicator,2-1,0,0
t1_p60c9w7,0,0.010328153148293495,-4.5625,0,0,0.007893425262497424,taglish,comment,True,unanimous,3-0,0,0
t1_p75ukud,0,0.5679365992546082,0.2734375,1,0,0.5719219371741538,english,comment,True,adjudicator,2-1,0,0
t1_p4jun35,0,0.0061929901130497456,-5.078125,0,0,0.0045862945436731415,taglish,comment,True,adjudicator,3-0,0,0
t1_p6x95ss,0,0.7826625108718872,1.28125,1,1,0.7953428418814624,tagalog,comment,True,unanimous,3-0,0,0
t1_p6zeur1,0,0.03649376332759857,-3.2734375,0,0,0.030234042907171754,tagalog,comment,True,unanimous,3-0,0,0
t1_p6yyoyd,0,0.02280263788998127,-3.7578125,0,0,0.018320150550534424,taglish,comment,True,majority,3-0,0,0
t1_p7mqvy7,0,0.023330770432949066,-3.734375,0,0,0.01877210973576006,taglish,comment,True,majority,3-0,0,0
t1_p7442sg,0,0.6980208158493042,0.837890625,1,1,0.7084182373751807,tagalog,comment,True,adjudicator,2-1,0,1
t1_p5i6d5s,1,0.018124721944332123,-3.9921875,0,0,0.014349661363518309,taglish,comment,True,adjudicator,2-1,1,1
t1_p7hqyna,0,0.017712298780679703,-4.015625,0,0,0.01400265802532903,english,comment,True,majority,3-0,0,0
t1_p7dr1ta,0,0.26626187562942505,-1.013671875,0,0,0.2546530201694609,taglish,comment,True,majority,3-0,0,0
t1_p6s4vy1,0,0.023870835080742836,-3.7109375,0,0,0.01923500031055653,taglish,comment,True,unanimous,3-0,0,0
t1_p6z1fep,0,0.016029147431254387,-4.1171875,0,0,0.012592166949832895,taglish,comment,True,majority,3-0,0,0
t1_p5depxp,0,0.11920293420553207,-2.0,0,0,0.10727085940136864,taglish,comment,True,majority,3-0,0,0
t1_p4st9rn,0,0.87103670835495,1.91015625,1,1,0.8832671849573378,taglish,comment,True,majority,3-0,0,0
t1_p4ztq57,0,0.05223086103796959,-2.8984375,0,0,0.04432845175407613,english,comment,True,adjudicator,2-1,0,0
t1_p7jpiid,0,0.051082734018564224,-2.921875,0,0,0.04328834028274152,tagalog,comment,True,adjudicator,2-1,0,0
t1_p5rboo5,0,0.01798621006309986,-4.0,0,0,0.014233062138560987,english,comment,True,majority,3-0,0,0
t1_p7aqx6b,0,0.026963496580719948,-3.5859375,0,0,0.02189907546245847,taglish,comment,True,adjudicator,2-1,0,0
t1_p5cl3xm,0,0.07696083933115005,-2.484375,0,0,0.06710064757123804,taglish,comment,True,adjudicator,2-1,0,0
t1_p75u8oa,0,0.3661363422870636,-0.548828125,0,0,0.35859599388061053,taglish,comment,True,unanimous,3-0,0,0
t1_p77t2it,0,0.00955939944833517,-4.640625,0,0,0.007270949188108464,taglish,comment,True,unanimous,3-0,0,0
t1_p2uhq0y,1,0.24981309473514557,-1.099609375,0,0,0.23776075286244047,english,comment,True,majority,3-0,1,1
t1_p5dkuua,0,0.07640768587589264,-2.4921875,0,0,0.06658437203951531,english,comment,True,adjudicator,2-1,0,1
t1_p5dloov,0,0.16026602685451508,-1.65625,0,0,0.14745087658891526,english,comment,True,majority,3-0,0,0
t1_p6y3nji,0,0.05033063143491745,-2.9375,0,0,0.04260792054462838,english,comment,True,majority,3-0,0,0
t1_p3v75o1,0,0.043691061437129974,-3.0859375,0,0,0.036634696606314465,taglish,comment,True,adjudicator,2-1,0,1
t1_p225yow,0,0.03760863468050957,-3.2421875,0,0,0.031220019102935,taglish,comment,True,majority,3-0,0,0
t1_p7l5tem,0,0.04501553252339363,-3.0546875,0,0,0.037821266710129954,taglish,comment,True,majority,3-0,0,0
t1_p7ku363,0,0.02178117074072361,-3.8046875,0,0,0.01744803853590209,taglish,comment,True,adjudicator,2-1,0,0
t1_p6819md,0,0.19868534803390503,-1.39453125,0,0,0.1858122260803867,english,comment,True,adjudicator,2-1,0,1
t1_p5c7gzl,0,0.04501553252339363,-3.0546875,0,0,0.037821266710129954,taglish,comment,True,majority,3-0,0,0
t1_p3vgugz,0,0.037047166377305984,-3.2578125,0,0,0.03072320133411952,taglish,comment,True,majority,3-0,0,0
t1_p79zm51,0,0.3056972920894623,-0.8203125,0,0,0.29544351874298025,tagalog,comment,True,adjudicator,2-1,0,0
t1_p7km0h3,0,0.03185885399580002,-3.4140625,0,0,0.02615852937977308,taglish,comment,True,majority,3-0,0,0
t1_p5tokt2,0,0.02498779445886612,-3.6640625,0,0,0.02019459494261782,english,comment,True,majority,3-0,0,0
t1_p7al2wt,0,0.017176708206534386,-4.046875,0,0,0.013552825714806585,taglish,comment,True,unanimous,3-0,0,0
t1_p6khn4l,0,0.030444350093603134,-3.4609375,0,0,0.024922752540333385,taglish,comment,True,majority,3-0,0,0
t1_p6hm98v,0,0.17217184603214264,-1.5703125,0,0,0.15926752902569954,taglish,comment,True,majority,3-0,0,0
t1_p6zpuu5,0,0.0204885546118021,-3.8671875,0,0,0.01634838875721445,taglish,comment,True,unanimous,3-0,0,0
t1_p5qcx9f,0,0.012431650422513485,-4.375,0,0,0.00961136629880241,english,comment,True,majority,3-0,0,0
t1_p5jiql7,0,0.049958519637584686,-2.9453125,0,0,0.04227155423595593,english,comment,True,majority,3-0,0,0
t3_1vmdwmg,0,0.029760092496871948,-3.484375,0,0,0.024326381118394077,taglish,submission,True,unanimous,3-0,0,0
t1_p5d00ch,0,0.012624949216842651,-4.359375,0,0,0.009770230705341446,taglish,comment,True,unanimous,3-0,0,0
t1_p4x4fwa,0,0.02909075655043125,-3.5078125,0,0,0.02374393264843928,taglish,comment,True,majority,3-0,0,0
t1_p5bi02g,0,0.016029147431254387,-4.1171875,0,0,0.012592166949832895,taglish,comment,True,majority,3-0,0,0
t1_p7d8a3e,0,0.0222861859947443,-3.78125,0,0,0.01787887451032717,taglish,comment,True,majority,3-0,0,0
t1_p7ldn0g,0,0.06142404302954674,-2.7265625,0,0,0.05271538001704409,taglish,comment,True,unanimous,3-0,0,0
t1_p4er23j,0,0.0832919254899025,-2.3984375,0,0,0.07302965282360734,english,comment,True,majority,3-0,0,0
t1_p5pdlh3,0,0.01342825498431921,-4.296875,0,0,0.010432103185769552,taglish,comment,True,unanimous,3-0,0,0
t1_p46fpdb,0,0.047074176371097565,-3.0078125,0,0,0.03967058677712499,taglish,comment,True,unanimous,3-0,0,0
t1_p78lkl6,0,0.031143829226493835,-3.4375,0,0,0.025533361644593768,tagalog,comment,True,majority,3-0,0,0
t1_p773hqh,0,0.5653287768363953,0.2628173828125,1,0,0.5691650317089135,tagalog,comment,True,adjudicator,2-1,0,0
t1_p7i4e8q,0,0.09009299427270889,-2.3125,0,0,0.07943793449313696,english,comment,True,majority,3-0,0,0
t1_p7b6jol,0,0.6440012454986572,0.5927734375,1,1,0.6520407263113067,taglish,comment,True,majority,3-0,0,0
t1_p7n1l39,0,0.01784873940050602,-4.0078125,0,0,0.014117396779101352,taglish,comment,True,majority,3-0,0,0
t1_p79o2hr,0,0.019271137192845345,-3.9296875,0,0,0.015316963209056532,tagalog,comment,True,adjudicator,2-1,0,0
t1_p5djfgh,1,0.7766229510307312,1.24609375,1,1,0.7892133724344231,taglish,comment,True,adjudicator,2-1,1,0
t1_p50iuzs,0,0.3775406777858734,-0.5,0,0,0.37057950256703076,english,comment,True,majority,3-0,0,0
t1_p50sr4b,0,0.3638729155063629,-0.55859375,0,0,0.35621978728941944,taglish,comment,True,adjudicator,2-1,0,0
t1_p77sbcd,0,0.09009299427270889,-2.3125,0,0,0.07943793449313696,english,comment,True,majority,3-0,0,0
t1_p4g9s91,0,0.01784873940050602,-4.0078125,0,0,0.014117396779101352,taglish,comment,True,majority,3-0,0,0
t1_p5i91xr,1,0.020023442804813385,-3.890625,0,0,0.015953834543291176,taglish,comment,True,unanimous,3-0,1,1
t1_p3mefhu,0,0.04569203034043312,-3.0390625,0,0,0.03842831499145791,taglish,comment,True,unanimous,3-0,0,0
t1_p3fq6qy,0,0.2186693549156189,-1.2734375,0,0,0.20600772985324617,taglish,comment,True,majority,3-0,0,0
t1_p50rx3u,0,0.3069423735141754,-0.814453125,0,0,0.2967373506244537,tagalog,comment,True,majority,3-0,0,0
t1_p6x6xq3,0,0.35488012433052063,-0.59765625,0,0,0.34678649355866903,taglish,comment,True,majority,3-0,0,0
t1_p6eni46,0,0.029535338282585144,-3.4921875,0,0,0.02413069999836733,taglish,comment,True,majority,3-0,0,0
t1_p3c49lt,0,0.02145073004066944,-3.8203125,0,0,0.01716649685280184,tagalog,comment,True,majority,3-0,0,0
t1_p7jslnr,0,0.20689406991004944,-1.34375,0,0,0.19408946374639083,english,comment,True,adjudicator,2-1,0,1
t1_p4q8v9j,0,0.6592954993247986,0.66015625,1,1,0.6680572110188236,english,comment,True,adjudicator,2-1,0,1
t1_p3nxpy9,0,0.006003595422953367,-5.109375,0,0,0.0044375994084784745,taglish,comment,True,unanimous,3-0,0,0
t1_p6lwczc,0,0.02498779445886612,-3.6640625,0,0,0.02019459494261782,taglish,comment,True,unanimous,3-0,0,0
t1_p72ai81,0,0.01384861022233963,-4.265625,0,0,0.010779487365673022,english,comment,True,majority,3-0,0,0
t1_p6z63wn,0,0.02595735713839531,-3.625,0,0,0.021029944243948506,english,comment,True,majority,3-0,0,0
t1_p4xaq6j,0,0.32167303562164307,-0.74609375,0,0,0.3120701661415397,taglish,comment,True,unanimous,3-0,0,0
t1_p651rju,0,0.00806199200451374,-4.8125,0,0,0.006067840723233951,taglish,comment,True,adjudicator,2-1,0,0
t1_p2e6wb4,0,0.0037072529084980488,-5.59375,0,0,0.002661045266053575,taglish,comment,True,majority,3-0,0,0
t1_p6nhkp4,1,0.03676946833729744,-3.265625,0,0,0.030477671627086856,taglish,comment,True,adjudicator,2-1,1,0
t1_p6x6bxk,0,0.6021785736083984,0.41455078125,1,1,0.6080686889890136,tagalog,comment,True,adjudicator,2-1,0,1
t1_p6x58aq,0,0.6544531583786011,0.638671875,1,1,0.6629904418085998,english,comment,True,majority,3-0,0,0
t1_p3gudyz,0,0.03963883966207504,-3.1875,0,0,0.03302082254889943,tagalog,comment,True,majority,3-0,0,0
t1_p46j4uw,0,0.026963496580719948,-3.5859375,0,0,0.02189907546245847,taglish,comment,True,unanimous,3-0,0,0
t1_p5er79z,0,0.13117322325706482,-1.890625,0,0,0.11888333434040653,taglish,comment,True,unanimous,3-0,0,0
t1_p7k5sks,0,0.08151976019144058,-2.421875,0,0,0.07136639379901166,taglish,comment,True,majority,3-0,0,0
t1_p796743,1,0.511106550693512,0.04443359375,1,0,0.5117667652088832,taglish,comment,True,adjudicator,2-1,1,1
t1_p7aqqfj,0,0.14854057133197784,-1.74609375,0,0,0.13588206858188046,tagalog,comment,True,majority,3-0,0,0
t1_p4x6d9i,0,0.08210662752389908,-2.4140625,0,0,0.07191689093458142,tagalog,comment,True,adjudicator,2-1,0,0
t1_p6cd5mu,0,0.005139610730111599,-5.265625,0,0,0.003763124888061137,english,comment,True,majority,3-0,0,0
t1_p77oxz9,0,0.04958902671933174,-2.953125,0,0,0.041937727037207134,english,comment,True,adjudicator,2-1,0,1
t1_p6n9ar5,0,0.010013570077717304,-4.59375,0,0,0.00763833034051056,taglish,comment,True,majority,3-0,0,0
t1_p6d2xv7,0,0.016029147431254387,-4.1171875,0,0,0.012592166949832895,taglish,comment,True,majority,3-0,0,0
t1_p30ncdf,1,0.07159119844436646,-2.5625,0,0,0.06210134924274363,taglish,comment,True,adjudicator,2-1,1,1
t1_p76e2rw,0,0.4329023063182831,-0.27001953125,0,0,0.42896486407886264,english,comment,True,majority,3-0,0,0
t1_p60ltlu,0,0.06142404302954674,-2.7265625,0,0,0.05271538001704409,english,comment,True,majority,3-0,0,0
t1_p4tdnbr,0,0.04208773002028465,-3.125,0,0,0.03520178549002724,taglish,comment,True,unanimous,3-0,0,0
t1_p5898ke,0,0.11596072465181351,-2.03125,0,0,0.10414126812790092,taglish,comment,True,adjudicator,2-1,0,0
t1_p5eq471,0,0.41691532731056213,-0.33544921875,0,0,0.4120745033066175,tagalog,comment,True,adjudicator,2-1,0,0
t1_p7518kr,1,0.1525365114212036,-1.71484375,0,0,0.13981664724110265,tagalog,comment,True,majority,3-0,1,1
t1_p6l4u59,0,0.0060975621454417706,-5.09375,0,0,0.004511337163427809,taglish,comment,True,majority,3-0,0,0
t1_p3imb72,0,0.03817827254533768,-3.2265625,0,0,0.03172460784491219,taglish,comment,True,majority,3-0,0,0
t1_p5z1onc,0,0.2833845913410187,-0.927734375,0,0,0.27231667367956336,taglish,comment,True,unanimous,3-0,0,0
t1_p73q478,0,0.5846269726753235,0.341796875,1,0,0.5895538135155404,english,comment,True,adjudicator,2-1,0,0
t1_p788ar1,0,0.008985428139567375,-4.703125,0,0,0.006808258583260097,english,comment,True,majority,3-0,0,0
t1_p75gz21,1,0.2708657681941986,-0.990234375,0,0,0.259394740309709,taglish,comment,True,adjudicator,2-1,1,1
t1_p6fpm8n,0,0.010489092208445072,-4.546875,0,0,0.008024124215681449,taglish,comment,True,unanimous,3-0,0,0
t1_p60w4q8,0,0.0037072529084980488,-5.59375,0,0,0.002661045266053575,taglish,comment,True,unanimous,3-0,0,0
t1_p749kpc,0,0.05665242671966553,-2.8125,0,0,0.04834959257896906,tagalog,comment,True,adjudicator,2-1,0,0
t1_p76ojbn,0,0.030444350093603134,-3.4609375,0,0,0.024922752540333385,english,comment,True,majority,3-0,0,0
t1_p3z7hln,0,0.05184547230601311,-2.90625,0,0,0.04397912672736113,tagalog,comment,True,unanimous,3-0,0,0
t1_p6p30dx,0,0.24113182723522186,-1.146484375,0,0,0.22887792993764702,english,comment,True,unanimous,3-0,0,0
t1_p6dhcd8,0,0.3963017463684082,-0.4208984375,0,0,0.39032974560461325,taglish,comment,True,adjudicator,2-1,0,1
t1_p6xe1ts,0,0.5337013006210327,0.135009765625,1,0,0.5356986211144357,english,comment,True,majority,3-0,0,0
t1_p5jc4ju,0,0.04672495648264885,-3.015625,0,0,0.0393564558789569,english,comment,True,adjudicator,2-1,0,0
t1_p5izqx9,0,0.017176708206534386,-4.046875,0,0,0.013552825714806585,taglish,comment,True,majority,3-0,0,0
t1_p6eids9,0,0.018404891714453697,-3.9765625,0,0,0.014585690715530725,taglish,comment,True,majority,3-0,0,0
t1_p4gw8oy,0,0.005060331430286169,-5.28125,0,0,0.003701571180706545,taglish,comment,True,unanimous,3-0,0,0
t1_p6rx9j3,0,0.05707139894366264,-2.8046875,0,0,0.04873186257495073,english,comment,True,majority,3-0,0,0
t1_p6gv4u5,0,0.07055959850549698,-2.578125,0,0,0.06114411967489305,english,comment,True,majority,3-0,0,0
t1_p661azn,1,0.24184732139110565,-1.142578125,0,0,0.22960916981842247,english,comment,True,majority,3-0,1,1
t1_p2xa3p1,0,0.33676713705062866,-0.677734375,0,0,0.3278259333789398,english,comment,True,majority,3-0,0,0
t1_p4z2m20,0,0.031143829226493835,-3.4375,0,0,0.025533361644593768,taglish,comment,True,majority,3-0,0,0
t1_p5jpg3o,0,0.27396270632743835,-0.974609375,0,0,0.2625875799823362,tagalog,comment,True,adjudicator,2-1,0,0
t1_p22gufq,0,0.30404168367385864,-0.828125,0,0,0.2937235166460627,tagalog,comment,True,adjudicator,2-1,0,0
t1_p2ypp7m,0,0.19314739108085632,-1.4296875,0,0,0.18024312879858423,tagalog,comment,True,majority,3-0,0,0
t1_p4eease,0,0.018689310178160667,-3.9609375,0,0,0.014825543983687938,taglish,comment,True,unanimous,3-0,0,0
t1_p2v9pmv,0,0.055005285888910294,-2.84375,0,0,0.04684879904719731,taglish,comment,True,majority,3-0,0,0
t1_p6y4fmz,0,0.5775549411773682,0.312744140625,1,0,0.582085596565053,english,comment,True,adjudicator,2-1,0,0
t1_p30lyie,0,0.39875760674476624,-0.41064453125,0,0,0.39291804963553184,taglish,comment,True,majority,3-0,0,0
t1_p5121dv,0,0.3385142982006073,-0.669921875,0,0,0.3296524254512632,english,comment,True,majority,3-0,0,0
t1_p7k70p1,0,0.07807817310094833,-2.46875,0,0,0.0681443599801837,taglish,comment,True,unanimous,3-0,0,0
t1_p7k7vip,0,0.06142404302954674,-2.7265625,0,0,0.05271538001704409,english,comment,True,majority,3-0,0,0
t1_p78ku2u,0,0.007345826830714941,-4.90625,0,0,0.005497272358022018,taglish,comment,True,majority,3-0,0,0
t1_p7jqarc,0,0.4279943108558655,-0.2900390625,0,0,0.4237774108324965,english,comment,True,majority,3-0,0,0
t1_p2y5zbe,0,0.19436782598495483,-1.421875,0,0,0.18146934798660433,taglish,comment,True,adjudicator,2-1,0,0
t1_p596ahr,0,0.1705079972743988,-1.58203125,0,0,0.15761208969295218,tagalog,comment,True,majority,3-0,0,0
t1_p3zvxdr,0,0.0384661927819252,-3.21875,0,0,0.03197985158634775,taglish,comment,True,unanimous,3-0,0,0
t1_p1yfwf0,0,0.5696506500244141,0.280426025390625,1,0,0.5737336857052429,tagalog,comment,True,adjudicator,2-1,0,1
t1_p6jey0u,0,0.005384938325732946,-5.21875,0,0,0.00395397122176012,taglish,comment,True,majority,3-0,0,0
t1_p2wzjy8,0,0.3065270483493805,-0.81640625,0,0,0.2963057094587392,english,comment,True,adjudicator,2-1,0,1
t1_p2n5l9y,0,0.006589771714061499,-5.015625,0,0,0.004898724834633283,taglish,comment,True,majority,3-0,0,0
t1_p7kb827,0,0.4003976583480835,-0.40380859375,0,0,0.3946469431979463,english,comment,True,adjudicator,2-1,0,0
t1_p5jcdlc,0,0.007345826830714941,-4.90625,0,0,0.005497272358022018,taglish,comment,True,unanimous,3-0,0,0
t1_p5qyx14,0,0.012821215204894543,-4.34375,0,0,0.0099316946186788,english,comment,True,adjudicator,2-1,0,0
t1_p4g9m05,0,0.03358950838446617,-3.359375,0,0,0.027675721159560157,taglish,comment,True,majority,3-0,0,0
t1_p785wnf,0,0.01798621006309986,-4.0,0,0,0.014233062138560987,english,comment,True,majority,3-0,0,0
t3_1vlgxei,0,0.049958519637584686,-2.9453125,0,0,0.04227155423595593,taglish,submission,True,unanimous,3-0,0,0
t1_p4xc95l,0,0.05460060387849808,-2.8515625,0,0,0.0464805787121306,english,comment,True,majority,3-0,0,0
t1_p3bbhbj,1,0.057918090373277664,-2.7890625,0,0,0.04950502071984786,english,comment,True,adjudicator,2-1,1,0
t1_p7lizpx,0,0.2075357586145401,-1.33984375,0,0,0.19473762671404388,tagalog,comment,True,adjudicator,2-1,0,0
t1_p5ryfw1,0,0.04742587357759476,-3.0,0,0,0.03998712060268837,taglish,comment,True,majority,3-0,0,0
t1_p74oy14,0,0.05964693799614906,-2.7578125,0,0,0.05108634519126149,tagalog,comment,True,majority,3-0,0,0
t1_p2unb9d,0,0.6984323263168335,0.83984375,1,1,0.7088454839092431,taglish,comment,True,majority,3-0,0,0
t1_p597vr8,0,0.014957086183130741,-4.1875,0,0,0.011698794560305651,taglish,comment,True,majority,3-0,0,0
t1_p7jxtad,0,0.006692850962281227,-5.0,0,0,0.004980086591009066,taglish,comment,True,majority,3-0,0,0
t1_p3eujvw,0,0.010818448849022388,-4.515625,0,0,0.008291995716312874,taglish,comment,True,majority,3-0,0,0
t3_1vstsaf,0,0.01784873940050602,-4.0078125,0,0,0.014117396779101352,taglish,submission,True,unanimous,3-0,0,0
t1_p6cabpt,0,0.004681822843849659,-5.359375,0,0,0.0034085292936812455,english,comment,True,adjudicator,2-1,0,0
t1_p586qua,0,0.011331754736602306,-4.46875,0,0,0.008710514881057375,taglish,comment,True,unanimous,3-0,0,0
t1_p74wg6l,0,0.04535258188843727,-3.046875,0,0,0.038123630491819376,english,comment,True,majority,3-0,0,0
t1_p7kcsle,0,0.047074176371097565,-3.0078125,0,0,0.03967058677712499,english,comment,True,majority,3-0,0,0
t1_p5ezlzq,0,0.019870713353157043,-3.8984375,0,0,0.015824409763020478,taglish,comment,True,unanimous,3-0,0,0
t1_p3vmm1h,0,0.08694165199995041,-2.3515625,0,0,0.07646372151055247,tagalog,comment,True,majority,3-0,0,0
t1_p7awfua,0,0.010818448849022388,-4.515625,0,0,0.008291995716312874,taglish,comment,True,unanimous,3-0,0,0
t1_p4x7qt6,0,0.1535491645336151,-1.70703125,0,0,0.14081508264179418,english,comment,True,majority,3-0,0,0
t3_1vsqrbc,0,0.039048291742801666,-3.203125,0,0,0.03249630906629729,tagalog,submission,True,majority,3-0,0,0
t3_1vthf6q,0,0.020645931363105774,-3.859375,0,0,0.016482027290301977,tagalog,submission,True,majority,3-0,0,0
t1_p3ntzw9,0,0.021948251873254776,-3.796875,0,0,0.01759050531495106,taglish,comment,True,unanimous,3-0,0,0
t1_p6kgofq,0,0.03541072830557823,-3.3046875,0,0,0.029278264289816676,taglish,comment,True,unanimous,3-0,0,0
t1_p74auzk,0,0.06560484319925308,-2.65625,0,0,0.0565617024417659,english,comment,True,majority,3-0,0,0
t1_p74suws,0,0.039048291742801666,-3.203125,0,0,0.03249630906629729,taglish,comment,True,majority,3-0,0,0
t1_p5oca33,0,0.010169658809900284,-4.578125,0,0,0.007764838502784255,taglish,comment,True,majority,3-0,0,0
t1_p3jwn7p,0,0.015663648024201393,-4.140625,0,0,0.012287133518302686,taglish,comment,True,majority,3-0,0,0
t3_1vt4p7d,0,0.026963496580719948,-3.5859375,0,0,0.02189907546245847,taglish,submission,True,unanimous,3-0,0,0
t1_p3kxql2,0,0.030444350093603134,-3.4609375,0,0,0.024922752540333385,english,comment,True,majority,3-0,0,0
t1_p7a3byo,0,0.010818448849022388,-4.515625,0,0,0.008291995716312874,taglish,comment,True,unanimous,3-0,0,0
t1_p5ycfpn,0,0.024053553119301796,-3.703125,0,0,0.019391770027532083,taglish,comment,True,unanimous,3-0,0,0
t3_1vqzvtd,0,0.020332353189587593,-3.875,0,0,0.016215815918386358,taglish,submission,True,majority,3-0,0,0
t1_p5pckpz,0,0.05707139894366264,-2.8046875,0,0,0.04873186257495073,taglish,comment,True,unanimous,3-0,0,0
t1_p4olswb,1,0.3949008285999298,-0.4267578125,0,0,0.388853472129964,taglish,comment,True,unanimous,3-0,1,1
t1_p5dxl1i,0,0.25832599401474,-1.0546875,0,0,0.24649341421681462,tagalog,comment,True,adjudicator,2-1,0,0
t1_p79ylit,0,0.0055549247190356255,-5.1875,0,0,0.00408652745684109,taglish,comment,True,majority,3-0,0,0
t1_p4y71lk,0,0.06954174488782883,-2.59375,0,0,0.060200697775439606,taglish,comment,True,unanimous,3-0,0,0
t1_p77v35j,0,0.10743748396635056,-2.1171875,0,0,0.09594786838873917,english,comment,True,majority,3-0,0,0
t3_1vruolz,0,0.047074176371097565,-3.0078125,0,0,0.03967058677712499,tagalog,submission,True,majority,3-0,0,0
t1_p5c8sko,0,0.22135066986083984,-1.2578125,0,0,0.20872864162495341,english,comment,True,unanimous,2-0,0,0
t1_p63x3gh,0,0.014503578655421734,-4.21875,0,0,0.011322123493842238,taglish,comment,True,adjudicator,2-1,0,0
t1_p6595x1,0,0.103748619556427,-2.15625,0,0,0.09241756871429335,tagalog,comment,True,majority,3-0,0,0
t1_p7aaft1,0,0.01615283451974392,-4.109375,0,0,0.012695496855683702,taglish,comment,True,majority,3-0,0,0
t1_p1xk6cu,0,0.06560484319925308,-2.65625,0,0,0.0565617024417659,taglish,comment,True,unanimous,3-0,0,0
t1_p5ji7am,0,0.05184547230601311,-2.90625,0,0,0.04397912672736113,english,comment,True,majority,3-0,0,0
t1_p7iq8ai,0,0.034618839621543884,-3.328125,0,0,0.02858072560319402,taglish,comment,True,majority,3-0,0,0
t1_p65gf5j,0,0.019271137192845345,-3.9296875,0,0,0.015316963209056532,tagalog,comment,True,adjudicator,2-1,0,0
t1_p7i7877,0,0.030444350093603134,-3.4609375,0,0,0.024922752540333385,taglish,comment,True,majority,3-0,0,0
t1_p5a1yhi,0,0.2372223436832428,-1.16796875,0,0,0.22488542863640407,english,comment,True,majority,3-0,0,0
t1_p50iizm,0,0.3036285638809204,-0.830078125,0,0,0.29329443113757736,taglish,comment,True,majority,3-0,0,0
t1_p5rb5uc,0,0.024053553119301796,-3.703125,0,0,0.019391770027532083,taglish,comment,True,majority,3-0,0,0
t1_p74tlgq,0,0.046378206461668015,-3.0234375,0,0,0.039044711287797434,taglish,comment,True,majority,3-0,0,0
t1_p76bylz,1,0.1535491645336151,-1.70703125,0,0,0.14081508264179418,english,comment,True,adjudicator,2-1,1,0
t1_p79ij3l,0,0.007345826830714941,-4.90625,0,0,0.005497272358022018,taglish,comment,True,unanimous,3-0,0,0
t1_p791hwq,0,0.014281933195888996,-4.234375,0,0,0.011138309073796246,taglish,comment,True,adjudicator,3-0,0,0
t1_p7cnibr,0,0.09947021305561066,-2.203125,0,0,0.0883355285492021,taglish,comment,True,unanimous,3-0,0,0
t3_1vrwip9,0,0.01578456163406372,-4.1328125,0,0,0.012387991757567416,taglish,submission,True,majority,3-0,0,0
t1_p7d3orv,0,0.31742629408836365,-0.765625,0,0,0.3076451868894513,taglish,comment,True,unanimous,3-0,0,0
t1_p7hc5tm,0,0.5203744769096375,0.08154296875,1,0,0.5215845184303389,tagalog,comment,True,adjudicator,2-1,0,1
t1_p50qzrv,1,0.8484706878662109,1.72265625,1,1,0.8611758527024013,tagalog,comment,True,adjudicator,2-1,1,0
t1_p6z3f4r,0,0.030675798654556274,-3.453125,0,0,0.02512469122310422,english,comment,True,majority,3-0,0,0
t1_p7k4jsc,0,0.02822098508477211,-3.5390625,0,0,0.022988460120720994,english,comment,True,majority,3-0,0,0
t1_p7b6haz,0,0.08210662752389908,-2.4140625,0,0,0.07191689093458142,english,comment,True,majority,3-0,0,0
t1_p79qkpy,0,0.10781263560056686,-2.11328125,0,0,0.09630745281900338,taglish,comment,True,majority,3-0,0,0
t1_p7kkj6h,0,0.06512754410505295,-2.6640625,0,0,0.05612163598437559,taglish,comment,True,majority,3-0,0,0
t1_p7ib0q0,1,0.6590760350227356,0.6591796875,1,1,0.6678277345000556,taglish,comment,True,unanimous,3-0,1,1
t1_p73lg55,0,0.056236349046230316,-2.8203125,0,0,0.0479701700289812,taglish,comment,True,majority,3-0,0,0
t1_p5zajnv,0,0.06954174488782883,-2.59375,0,0,0.060200697775439606,taglish,comment,True,majority,3-0,0,0
t1_p5jk1q2,0,0.056236349046230316,-2.8203125,0,0,0.0479701700289812,english,comment,True,majority,3-0,0,0
t1_p7cjlht,0,0.015663648024201393,-4.140625,0,0,0.012287133518302686,english,comment,True,majority,3-0,0,0
t1_p79lp8v,0,0.010489092208445072,-4.546875,0,0,0.008024124215681449,taglish,comment,True,majority,3-0,0,0
t1_p7axnlo,1,0.22953519225120544,-1.2109375,0,0,0.21704957590321122,english,comment,True,adjudicator,2-1,1,0
t1_p6ej25y,0,0.013020490296185017,-4.328125,0,0,0.0100957996973733,taglish,comment,True,majority,3-0,0,0
t1_p5c7acj,0,0.022629201412200928,-3.765625,0,0,0.018171883630400197,english,comment,True,unanimous,3-0,0,0
t1_p4em7l7,0,0.010986942797899246,-4.5,0,0,0.008429238108327524,english,comment,True,majority,3-0,0,0
t1_p7ck1ue,0,0.04778006672859192,-2.9921875,0,0,0.04030607406539599,english,comment,True,majority,3-0,0,0
t1_p7k8net,0,0.04885777831077576,-2.96875,0,0,0.04127762071512624,tagalog,comment,True,majority,3-0,0,0
t1_p75g7hh,0,0.5471011400222778,0.18896484375,1,0,0.5498838164742355,tagalog,comment,True,adjudicator,2-1,0,0
t1_p6em1fp,0,0.030444350093603134,-3.4609375,0,0,0.024922752540333385,tagalog,comment,True,majority,3-0,0,0
t1_p5cqhnt,0,0.6943026781082153,0.8203125,1,1,0.7045564812570196,english,comment,True,adjudicator,2-1,0,1
t1_p77ddzg,0,0.02779562398791313,-3.5546875,0,0,0.02261957625909082,taglish,comment,True,unanimous,3-0,0,0
t1_p5bvnyi,0,0.09009299427270889,-2.3125,0,0,0.07943793449313696,taglish,comment,True,majority,3-0,0,0
t1_p35nizi,0,0.007011795416474342,-4.953125,0,0,0.00523232681247562,taglish,comment,True,unanimous,3-0,0,0
t1_p7jsawz,0,0.10087861120700836,-2.1875,0,0,0.08967778669931038,taglish,comment,True,majority,3-0,0,0
t1_p226o49,0,0.06465348601341248,-2.671875,0,0,0.05568479128528507,taglish,comment,True,unanimous,3-0,0,0
t1_p4uf0vv,0,0.2443629950284958,-1.12890625,0,0,0.2321814063766832,english,comment,True,adjudicator,2-1,0,1
t1_p4ndhyz,0,0.037047166377305984,-3.2578125,0,0,0.03072320133411952,tagalog,comment,True,unanimous,3-0,0,0
t1_p3gcwif,0,0.023689471185207367,-3.71875,0,0,0.01907947331458863,english,comment,True,majority,3-0,0,0
t1_p47sah4,0,0.006692850962281227,-5.0,0,0,0.004980086591009066,taglish,comment,True,majority,3-0,0,0
t1_p7abshr,0,0.24689632654190063,-1.115234375,0,0,0.23477367731721951,taglish,comment,True,adjudicator,2-1,0,0
t1_p7ciont,0,0.07696083933115005,-2.484375,0,0,0.06710064757123804,tagalog,comment,True,majority,3-0,0,0
t1_p50k72z,0,0.25945019721984863,-1.048828125,0,0,0.2476482283681869,english,comment,True,majority,3-0,0,0
t1_p513ffe,0,0.24364246428012848,-1.1328125,0,0,0.23144443568586473,english,comment,True,majority,3-0,0,0
t1_p75qcc8,0,0.522445797920227,0.08984375,1,0,0.5237785834318964,taglish,comment,True,unanimous,3-0,0,0
t1_p7fo1ph,0,0.5864044427871704,0.34912109375,1,0,0.5914302028135867,taglish,comment,True,adjudicator,2-1,0,1
t1_p61uox2,0,0.019419347867369652,-3.921875,0,0,0.01544230280311437,taglish,comment,True,unanimous,3-0,0,0
t1_p5ch1zb,0,0.01384861022233963,-4.265625,0,0,0.010779487365673022,english,comment,True,adjudicator,2-1,0,1
t1_p77wo3f,0,0.012431650422513485,-4.375,0,0,0.00961136629880241,taglish,comment,True,majority,3-0,0,0
t3_1vppgbz,0,0.00970847625285387,-4.625,0,0,0.007391418001548012,tagalog,submission,True,majority,3-0,0,0
t1_p6dumj1,0,0.012053778395056725,-4.40625,0,0,0.009301272511574326,english,comment,True,adjudicator,2-1,0,0
t1_p6mqz8i,0,0.00806199200451374,-4.8125,0,0,0.006067840723233951,taglish,comment,True,majority,3-0,0,0
t1_p7dxy67,0,0.037326887249946594,-3.25,0,0,0.030970645855543166,english,comment,True,majority,3-0,0,0
t1_p6d5g6l,0,0.01615283451974392,-4.109375,0,0,0.012695496855683702,tagalog,comment,True,adjudicator,2-1,0,0
t1_p2ufyli,0,0.007695646956562996,-4.859375,0,0,0.005775555867806674,english,comment,True,majority,3-0,0,0
t1_p75je3m,0,0.08819004148244858,-2.3359375,0,0,0.07764095048311967,taglish,comment,True,majority,3-0,0,0
t1_p5z79pk,0,0.023330770432949066,-3.734375,0,0,0.01877210973576006,taglish,comment,True,adjudicator,2-1,0,0
t1_p309v85,1,0.08756383508443832,-2.34375,0,0,0.07705027539977236,tagalog,comment,True,unanimous,3-0,1,1
t1_p6nblvn,0,0.03308597952127457,-3.375,0,0,0.027233719812862763,taglish,comment,True,adjudicator,2-1,0,0
t1_p50rj6u,0,0.13753247261047363,-1.8359375,0,0,0.1250877587332183,tagalog,comment,True,adjudicator,2-1,0,0
t1_p4yzcc9,0,0.04501553252339363,-3.0546875,0,0,0.037821266710129954,taglish,comment,True,unanimous,3-0,0,0
t1_p3z7948,0,0.007937993854284286,-4.828125,0,0,0.005968814476161471,taglish,comment,True,majority,3-0,0,0
t1_p5idg4g,0,0.0064882696606218815,-5.03125,0,0,0.004818685882028606,taglish,comment,True,unanimous,3-0,0,0
t1_p79la3p,0,0.051082734018564224,-2.921875,0,0,0.04328834028274152,taglish,comment,True,unanimous,3-0,0,0
t1_p781245,0,0.7162185907363892,0.92578125,1,1,0.7272730872355059,english,comment,True,adjudicator,2-1,0,0
t1_p7bhutj,0,0.010818448849022388,-4.515625,0,0,0.008291995716312874,english,comment,True,majority,3-0,0,0
t1_p6otkfn,0,0.0333368256688118,-3.3671875,0,0,0.027453856093284865,taglish,comment,True,majority,3-0,0,0
t3_1vsvjqx,0,0.02909075655043125,-3.5078125,0,0,0.02374393264843928,english,submission,True,majority,3-0,0,0
t1_p7ijion,0,0.09739040583372116,-2.2265625,0,0,0.08635615116946638,english,comment,True,majority,3-0,0,0
t1_p753zn1,0,0.07004895806312561,-2.5859375,0,0,0.060670693427422484,taglish,comment,True,majority,3-0,0,0
t1_p301ybi,0,0.01652955636382103,-4.0859375,0,0,0.013010534545629544,english,comment,True,majority,3-0,0,0
t1_p6cpjq0,0,0.07751766592264175,-2.4765625,0,0,0.06762063615279819,tagalog,comment,True,adjudicator,2-1,0,0
t1_p50tpwv,0,0.07055959850549698,-2.578125,0,0,0.06114411967489305,tagalog,comment,True,adjudicator,2-1,0,1
t1_p3lwzlk,0,0.035678550601005554,-3.296875,0,0,0.029514425656705364,english,comment,True,majority,3-0,0,0
t1_p73azaa,0,0.018124721944332123,-3.9921875,0,0,0.014349661363518309,taglish,comment,True,majority,3-0,0,0
t1_p79x7re,0,0.011869121342897415,-4.421875,0,0,0.009149962927664823,taglish,comment,True,majority,3-0,0,0
t1_p30apmw,0,0.028007520362734795,-3.546875,0,0,0.022803289688347893,taglish,comment,True,unanimous,3-0,0,0
t1_p5jbbe2,0,0.17217184603214264,-1.5703125,0,0,0.15926752902569954,english,comment,True,unanimous,3-0,0,0
t1_p7le1eh,0,0.1550784707069397,-1.6953125,0,0,0.14232390600740416,taglish,comment,True,majority,3-0,0,0
t1_p656rg4,0,0.03161877021193504,-3.421875,0,0,0.025948502439163787,taglish,comment,True,majority,3-0,0,0
t1_p76hwfx,0,0.0427221953868866,-3.109375,0,0,0.03576835287578151,taglish,comment,True,majority,3-0,0,0
t1_p6wyb63,0,0.30445513129234314,-0.826171875,0,0,0.2941529686129579,taglish,comment,True,adjudicator,2-1,0,0
t1_p5j9l6w,0,0.3598138988018036,-0.576171875,0,0,0.3519604681416367,english,comment,True,majority,3-0,0,0
t1_p7kiv8w,0,0.05070536583662033,-2.9296875,0,0,0.04294684338862155,taglish,comment,True,unanimous,3-0,0,0
t1_p5yhc7b,0,0.018124721944332123,-3.9921875,0,0,0.014349661363518309,taglish,comment,True,unanimous,3-0,0,0
t1_p40w4c5,0,0.043365802615880966,-3.09375,0,0,0.036343695574070974,taglish,comment,True,majority,3-0,0,0
t3_1vqlxq4,0,0.01590639352798462,-4.125,0,0,0.01248966741728404,tagalog,submission,True,majority,3-0,0,0
t1_p2sw82v,1,0.299105167388916,-0.8515625,0,0,0.2885988034307958,taglish,comment,True,adjudicator,2-1,1,1
t1_p76ijq2,0,0.03541072830557823,-3.3046875,0,0,0.029278264289816676,taglish,comment,True,majority,3-0,0,0
t1_p300sau,0,0.02080449089407921,-3.8515625,0,0,0.01661673978626905,english,comment,True,majority,3-0,0,0
t1_p2vofl1,0,0.411465585231781,-0.35791015625,0,0,0.40632164648204405,taglish,comment,True,majority,3-0,0,0
t1_p5ctfwv,0,0.011687257327139378,-4.4375,0,0,0.009001092427124225,taglish,comment,True,majority,3-0,0,0
t1_p67vk7r,0,0.0838903859257698,-2.390625,0,0,0.07359196306434833,english,comment,True,majority,3-0,0,0
t1_p7ap70e,0,0.010489092208445072,-4.546875,0,0,0.008024124215681449,taglish,comment,True,majority,3-0,0,0
t1_p5jfjqi,0,0.02931223064661026,-3.5,0,0,0.02393655431803907,english,comment,True,adjudicator,2-1,0,0
t1_p74okhz,0,0.11879339814186096,-2.00390625,0,0,0.10687518183723968,tagalog,comment,True,adjudicator,3-0,0,0
t1_p7k47v9,0,0.103748619556427,-2.15625,0,0,0.09241756871429335,taglish,comment,True,adjudicator,2-1,0,0
t1_p50lenz,0,0.5242652893066406,0.097137451171875,1,0,0.5257057023051858,english,comment,True,unanimous,3-0,0,0
t1_p787co1,0,0.014957086183130741,-4.1875,0,0,0.011698794560305651,english,comment,True,majority,3-0,0,0
t3_1vspji0,0,0.00955939944833517,-4.640625,0,0,0.007270949188108464,tagalog,submission,True,adjudicator,2-1,0,0
t1_p5jdpfi,0,0.06853749603033066,-2.609375,0,0,0.05927091341723737,english,comment,True,majority,3-0,0,0
t1_p74qtsz,0,0.19436782598495483,-1.421875,0,0,0.18146934798660433,tagalog,comment,True,unanimous,3-0,0,0
t1_p7401pr,0,0.06853749603033066,-2.609375,0,0,0.05927091341723737,tagalog,comment,True,adjudicator,2-1,0,0
t1_p51ebvn,0,0.21011726558208466,-1.32421875,0,0,0.19734668256101154,english,comment,True,majority,3-0,0,0
t1_p6yxtzz,0,0.014281933195888996,-4.234375,0,0,0.011138309073796246,taglish,comment,True,adjudicator,2-1,0,0
t3_1vpu0p5,0,0.0384661927819252,-3.21875,0,0,0.03197985158634775,taglish,submission,True,unanimous,3-0,0,0
t1_p7cjg8g,0,0.009125636890530586,-4.6875,0,0,0.006921114748101497,english,comment,True,adjudicator,3-0,0,0
t1_p46i36k,0,0.034618839621543884,-3.328125,0,0,0.02858072560319402,taglish,comment,True,adjudicator,2-1,0,0
t1_p7h85v7,0,0.012821215204894543,-4.34375,0,0,0.0099316946186788,english,comment,True,majority,3-0,0,0
t1_p5qp88r,0,0.1535491645336151,-1.70703125,0,0,0.14081508264179418,taglish,comment,True,unanimous,3-0,0,0
t3_1vr7bob,0,0.020177319645881653,-3.8828125,0,0,0.016084300564118706,english,submission,True,unanimous,3-0,0,0
t1_p3vltwc,0,0.10743748396635056,-2.1171875,0,0,0.09594786838873917,taglish,comment,True,unanimous,3-0,0,0
t1_p6cqz6j,0,0.021287353709340096,-3.828125,0,0,0.017027404628673797,taglish,comment,True,majority,3-0,0,0
t1_p30cf5s,0,0.012821215204894543,-4.34375,0,0,0.0099316946186788,taglish,comment,True,majority,3-0,0,0
t1_p6en2t3,0,0.027376487851142883,-3.5703125,0,0,0.02225647684260478,taglish,comment,True,majority,3-0,0,0
t1_p7ivvut,0,0.06656918674707413,-2.640625,0,0,0.05745158283604306,taglish,comment,True,majority,3-0,0,0
t1_p7ax3ms,1,0.06325051933526993,-2.6953125,0,0,0.054393383635284565,tagalog,comment,True,adjudicator,2-1,1,1
t3_1vth25k,0,0.03676946833729744,-3.265625,0,0,0.030477671627086856,taglish,submission,True,majority,3-0,0,0
t1_p6ewk1l,0,0.007577240467071533,-4.875,0,0,0.00568127240020447,taglish,comment,True,majority,3-0,0,0
t1_p67xlc9,0,0.018124721944332123,-3.9921875,0,0,0.014349661363518309,taglish,comment,True,majority,3-0,0,0
t1_p6z556i,0,0.04672495648264885,-3.015625,0,0,0.0393564558789569,taglish,comment,True,unanimous,3-0,0,0
t1_p6yecc6,0,0.1661335527896881,-1.61328125,0,0,0.15326595803193444,tagalog,comment,True,adjudicator,2-1,0,0
t1_p2s61ly,0,0.2762998044490814,-0.962890625,0,0,0.26499875190988803,taglish,comment,True,unanimous,3-0,0,0
t1_p5jb8nw,1,0.5313765406608582,0.12567138671875,1,0,0.5332369632141678,taglish,comment,True,adjudicator,2-1,1,1
t1_p5oyf3u,0,0.005139610730111599,-5.265625,0,0,0.003763124888061137,taglish,comment,True,unanimous,3-0,0,0
t1_p6y9r2e,0,0.10017221421003342,-2.1953125,0,0,0.08900437456787248,english,comment,True,majority,3-0,0,0
t1_p67uwel,0,0.015663648024201393,-4.140625,0,0,0.012287133518302686,taglish,comment,True,unanimous,3-0,0,0
t1_p7kb5ba,0,0.09467770159244537,-2.2578125,0,0,0.08377947628153906,taglish,comment,True,majority,3-0,0,0
t1_p7kicpd,0,0.6229182481765747,0.501953125,1,1,0.6299030245248823,taglish,comment,True,unanimous,3-0,0,0
t1_p750vgw,1,0.75743567943573,1.138671875,1,1,0.7696579519257455,taglish,comment,True,majority,3-0,1,1
t1_p7k69ef,0,0.39420098066329956,-0.4296875,0,0,0.3881160972946148,tagalog,comment,True,majority,3-0,0,0
t1_p3ynuhx,0,0.047074176371097565,-3.0078125,0,0,0.03967058677712499,english,comment,True,majority,3-0,0,0
t1_p7i68rn,0,0.030214587226510048,-3.46875,0,0,0.024722395771084375,taglish,comment,True,majority,3-0,0,0
t1_p5rdwsw,0,0.0222861859947443,-3.78125,0,0,0.01787887451032717,taglish,comment,True,adjudicator,2-1,0,0
t1_p50ja7r,0,0.48587411642074585,-0.0565185546875,0,0,0.4850346405895373,english,comment,True,majority,3-0,0,0
t1_p46114s,0,0.026759279891848564,-3.59375,0,0,0.021722484849024695,taglish,comment,True,majority,3-0,0,0
t1_p7iupq2,0,0.01912403479218483,-3.9375,0,0,0.015192625252783028,taglish,comment,True,unanimous,3-0,0,0
t1_p7i938l,0,0.2849738299846649,-0.919921875,0,0,0.2739599449308646,english,comment,True,majority,3-0,0,0
t1_p46gwy2,0,0.018978038802742958,-3.9453125,0,0,0.015069281183696543,taglish,comment,True,majority,3-0,0,0
t1_p77ywug,0,0.02280263788998127,-3.7578125,0,0,0.018320150550534424,taglish,comment,True,adjudicator,2-1,0,0
t1_p5jppg0,0,0.3974705934524536,-0.416015625,0,0,0.3915615110874121,english,comment,True,majority,3-0,0,0
t1_p7hbz5y,1,0.6127732396125793,0.458984375,1,1,0.6192289988095206,tagalog,comment,True,adjudicator,2-1,1,0
t1_p5os1rk,0,0.015663648024201393,-4.140625,0,0,0.012287133518302686,taglish,comment,True,unanimous,3-0,0,0
t1_p7bktkn,0,0.010169658809900284,-4.578125,0,0,0.007764838502784255,english,comment,True,adjudicator,2-1,0,0
t1_p6t2rai,1,0.7256486415863037,0.97265625,1,1,0.7370115406049246,english,comment,True,unanimous,3-0,1,1
t1_p7b6cmb,0,0.016029147431254387,-4.1171875,0,0,0.012592166949832895,taglish,comment,True,unanimous,3-0,0,0
t1_p30p5db,0,0.04115288704633713,-3.1484375,0,0,0.03436811861718476,english,comment,True,majority,3-0,0,0
t1_p50oull,0,0.05541279539465904,-2.8359375,0,0,0.04721979197620768,taglish,comment,True,majority,3-0,0,0
t1_p6xyboa,0,0.057918090373277664,-2.7890625,0,0,0.04950502071984786,taglish,comment,True,unanimous,3-0,0,0
t1_p7arfn0,0,0.007345826830714941,-4.90625,0,0,0.005497272358022018,taglish,comment,True,unanimous,3-0,0,0
t1_p73rs6i,0,0.643105149269104,0.5888671875,1,1,0.6511011723230081,tagalog,comment,True,adjudicator,2-1,0,1
t1_p7k7rbj,0,0.10743748396635056,-2.1171875,0,0,0.09594786838873917,english,comment,True,majority,3-0,0,0
t1_p51cle6,0,0.12896330654621124,-1.91015625,0,0,0.11673281504266216,english,comment,True,majority,3-0,0,0
t1_p4gj6sh,0,0.01640303246676922,-4.09375,0,0,0.012904674031485397,english,comment,True,majority,3-0,0,0
t1_p74yd6e,0,0.04885777831077576,-2.96875,0,0,0.04127762071512624,english,comment,True,majority,3-0,0,0
t1_p5c3vgk,0,0.011869121342897415,-4.421875,0,0,0.009149962927664823,taglish,comment,True,majority,3-0,0,0
t1_p50i3ky,0,0.5618534684181213,0.248687744140625,1,0,0.5654904507330336,taglish,comment,True,majority,3-0,0,0
t1_p7895gy,0,0.008315778337419033,-4.78125,0,0,0.006270817926827542,taglish,comment,True,majority,3-0,0,0
t1_p77vgly,0,0.018404891714453697,-3.9765625,0,0,0.014585690715530725,taglish,comment,True,adjudicator,2-1,0,1
t1_p7bkmvn,0,0.00955939944833517,-4.640625,0,0,0.007270949188108464,english,comment,True,majority,3-0,0,0
t1_p3n9wiv,0,0.05665242671966553,-2.8125,0,0,0.04834959257896906,taglish,comment,True,unanimous,3-0,0,0
t1_p7k6mih,0,0.057918090373277664,-2.7890625,0,0,0.04950502071984786,tagalog,comment,True,adjudicator,2-1,0,0
t1_p74p0np,0,0.5846269726753235,0.341796875,1,0,0.5895538135155404,tagalog,comment,True,adjudicator,2-1,0,1
t1_p7apb0n,0,0.012821215204894543,-4.34375,0,0,0.0099316946186788,english,comment,True,majority,3-0,0,0
t1_p784k7h,0,0.03676946833729744,-3.265625,0,0,0.030477671627086856,english,comment,True,adjudicator,2-1,0,0
t1_p2ejama,0,0.006903837900608778,-4.96875,0,0,0.005146865418313763,tagalog,comment,True,majority,3-0,0,0
t1_p514won,0,0.2970619201660156,-0.861328125,0,0,0.2864792602633848,taglish,comment,True,majority,3-0,0,0
t1_p2sn4ye,0,0.06560484319925308,-2.65625,0,0,0.0565617024417659,taglish,comment,True,unanimous,3-0,0,0
t1_p7jwtc5,0,0.16184942424297333,-1.64453125,0,0,0.14901846994545317,tagalog,comment,True,adjudicator,2-1,0,0
t1_p5c3m8u,0,0.015424554236233234,-4.15625,0,0,0.012087843730195589,english,comment,True,majority,3-0,0,0
t3_1vtg4c1,0,0.6034645438194275,0.419921875,1,1,0.6094240125971366,english,submission,True,majority,3-0,0,0
t3_1vstabm,0,0.1650540828704834,-1.62109375,0,0,0.15219487903544415,taglish,submission,True,adjudicator,3-0,0,0
t1_p7jczbh,1,0.2107662856578827,-1.3203125,0,0,0.19800305055249084,english,comment,True,adjudicator,2-1,1,0
t1_p7leyiv,0,0.7772998809814453,1.25,1,1,0.7899010157656003,taglish,comment,True,majority,3-0,0,0
t1_p77yaid,0,0.009268012829124928,-4.671875,0,0,0.007035828405219093,english,comment,True,majority,3-0,0,0
t1_p5z3fwx,0,0.020332353189587593,-3.875,0,0,0.016215815918386358,taglish,comment,True,unanimous,3-0,0,0
t1_p5jmhqm,0,0.1030244380235672,-2.1640625,0,0,0.09172565593917371,taglish,comment,True,unanimous,3-0,0,0
t1_p7i62l1,0,0.032344330102205276,-3.3984375,0,0,0.026583557339028445,taglish,comment,True,majority,3-0,0,0
t1_p6mdm8w,0,0.015189048834145069,-4.171875,0,0,0.011891747383958434,taglish,comment,True,majority,3-0,0,0
t1_p7j8j3b,0,0.021948251873254776,-3.796875,0,0,0.01759050531495106,taglish,comment,True,unanimous,3-0,0,0
t1_p3nvpln,0,0.014957086183130741,-4.1875,0,0,0.011698794560305651,taglish,comment,True,unanimous,3-0,0,0
t1_p7lbluu,0,0.5667380094528198,0.2685546875,1,0,0.5706549382247208,taglish,comment,True,unanimous,3-0,0,0
t1_p5883y0,0,0.012431650422513485,-4.375,0,0,0.00961136629880241,taglish,comment,True,majority,3-0,0,0
t1_p50ywrp,0,0.20434190332889557,-1.359375,0,0,0.1915131957744533,taglish,comment,True,majority,3-0,0,0
t1_p77ro88,0,0.028870904818177223,-3.515625,0,0,0.023552823635734226,taglish,comment,True,adjudicator,2-1,0,0
t1_p587cg6,0,0.023330770432949066,-3.734375,0,0,0.01877210973576006,taglish,comment,True,majority,3-0,0,0
t1_p6x2tb2,1,0.8674854636192322,1.87890625,1,1,0.8798099660064712,taglish,comment,True,unanimous,3-0,1,1
t1_p6xlffl,0,0.7110297679901123,0.900390625,1,1,0.721904973568281,tagalog,comment,True,majority,3-0,0,0
t1_p6xg0jc,0,0.49609386920928955,-0.015625,0,0,0.4958615667947594,taglish,comment,True,majority,3-0,0,0
t1_p50tgm1,0,0.3306872844696045,-0.705078125,0,0,0.3214744093828716,tagalog,comment,True,adjudicator,2-1,0,0
t1_p7a8s27,0,0.23022674024105072,-1.20703125,0,0,0.21775369692154264,taglish,comment,True,majority,3-0,0,0
t1_p7i4q0m,0,0.18242552876472473,-1.5,0,0,0.16949723539773484,english,comment,True,majority,3-0,0,0
t1_p2zvr2s,0,0.017309095710515976,-4.0390625,0,0,0.013663929591254525,tagalog,comment,True,adjudicator,2-1,0,0
t1_p3xuma1,0,0.008985428139567375,-4.703125,0,0,0.006808258583260097,taglish,comment,True,unanimous,3-0,0,0
t1_p7kp28v,0,0.7483522891998291,1.08984375,1,1,0.7603590932395022,tagalog,comment,True,adjudicator,2-1,0,0
t1_p5l9l30,0,0.18010665476322174,-1.515625,0,0,0.16717968028763935,taglish,comment,True,majority,3-0,0,0
t1_p79mayf,0,0.05877655744552612,-2.7734375,0,0,0.05028979696340589,taglish,comment,True,majority,3-0,0,0
t3_1vt3fqa,0,0.6197013854980469,0.48828125,1,1,0.6265199350548326,english,submission,True,majority,3-0,0,0
t1_p76hzqg,0,0.024053553119301796,-3.703125,0,0,0.019391770027532083,taglish,comment,True,unanimous,3-0,0,0
t1_p5rojos,0,0.15713684260845184,-1.6796875,0,0,0.1443566193905814,taglish,comment,True,unanimous,3-0,0,0
t1_p789fxp,0,0.04535258188843727,-3.046875,0,0,0.038123630491819376,tagalog,comment,True,adjudicator,2-1,0,0
t1_p6d4a5b,0,0.05964693799614906,-2.7578125,0,0,0.05108634519126149,taglish,comment,True,majority,3-0,0,0
t1_p4rtcjc,0,0.023330770432949066,-3.734375,0,0,0.01877210973576006,taglish,comment,True,adjudicator,2-1,0,0
t1_p519v1g,0,0.052618954330682755,-2.890625,0,0,0.0446804217832095,tagalog,comment,True,majority,3-0,0,0
t1_p510ngs,0,0.17895588278770447,-1.5234375,0,0,0.1660304330821899,english,comment,True,adjudicator,2-1,0,0
t1_p6i8tq3,0,0.017712298780679703,-4.015625,0,0,0.01400265802532903,taglish,comment,True,majority,3-0,0,0
t1_p5i6jtj,0,0.005060331430286169,-5.28125,0,0,0.003701571180706545,taglish,comment,True,majority,3-0,0,0
t1_p5jnnz5,1,0.5783290863037109,0.31591796875,1,0,0.5829033514825184,tagalog,comment,True,adjudicator,2-1,1,1
t1_p77w7ob,0,0.011508148163557053,-4.453125,0,0,0.008854622414325745,english,comment,True,majority,3-0,0,0
t1_p7kszi0,0,0.5181499719619751,0.0726318359375,1,0,0.5192282001650863,taglish,comment,True,unanimous,3-0,0,0
t1_p5rp0ff,0,0.2465333193540573,-1.1171875,0,0,0.23440212777138578,taglish,comment,True,unanimous,3-0,0,0
t1_p77qerq,0,0.015663648024201393,-4.140625,0,0,0.012287133518302686,taglish,comment,True,majority,3-0,0,0
t1_p51eayg,0,0.1772405207157135,-1.53515625,0,0,0.16431843835427096,tagalog,comment,True,adjudicator,2-1,0,0
t1_p6x3bf7,0,0.6768335700035095,0.7392578125,1,1,0.6863729008776617,tagalog,comment,True,adjudicator,2-1,0,0
t1_p7i5dy2,0,0.05541279539465904,-2.8359375,0,0,0.04721979197620768,english,comment,True,majority,3-0,0,0
t1_p7ifa0o,1,0.09534946829080582,-2.25,0,0,0.0844170197414223,english,comment,True,adjudicator,2-1,1,1
t1_p7k6gpx,0,0.05033063143491745,-2.9375,0,0,0.04260792054462838,tagalog,comment,True,adjudicator,3-0,0,0
t1_p6kttwd,0,0.03488088399171829,-3.3203125,0,0,0.028811427548629746,taglish,comment,True,majority,3-0,0,0
t1_p3zfmm6,0,0.04958902671933174,-2.953125,0,0,0.041937727037207134,taglish,comment,True,majority,3-0,0,0
t1_p75uf71,0,0.6277230381965637,0.5224609375,1,1,0.6349537448578149,english,comment,True,majority,3-0,0,0
t1_p5zca8w,0,0.02822098508477211,-3.5390625,0,0,0.022988460120720994,taglish,comment,True,majority,3-0,0,0
t1_p5q49b4,0,0.00955939944833517,-4.640625,0,0,0.007270949188108464,taglish,comment,True,majority,3-0,0,0
t1_p5qo88c,0,0.01640303246676922,-4.09375,0,0,0.012904674031485397,taglish,comment,True,unanimous,3-0,0,0
t1_p2zqdyp,0,0.6125414371490479,0.4580078125,1,1,0.6189850186185303,taglish,comment,True,adjudicator,2-1,0,0
t1_p7mcz3r,0,0.015663648024201393,-4.140625,0,0,0.012287133518302686,taglish,comment,True,majority,3-0,0,0
t1_p5za4gp,0,0.08151976019144058,-2.421875,0,0,0.07136639379901166,taglish,comment,True,adjudicator,3-0,0,0
t1_p7a5716,0,0.010986942797899246,-4.5,0,0,0.008429238108327524,english,comment,True,majority,3-0,0,0
t1_p2yg5kp,0,0.015189048834145069,-4.171875,0,0,0.011891747383958434,taglish,comment,True,majority,3-0,0,0
t1_p6z27mn,1,0.3015676736831665,-0.83984375,0,0,0.2911545160907569,taglish,comment,True,adjudicator,2-1,1,0
t1_p2f6nj0,0,0.005301895085722208,-5.234375,0,0,0.0038893080141167197,english,comment,True,majority,3-0,0,0
t1_p4nubx1,1,0.15456733107566833,-1.69921875,0,0,0.14181947239459175,taglish,comment,True,majority,3-0,1,1
t1_p3069ki,0,0.01784873940050602,-4.0078125,0,0,0.014117396779101352,taglish,comment,True,adjudicator,3-0,0,0
t1_p5rvjli,0,0.020023442804813385,-3.890625,0,0,0.015953834543291176,taglish,comment,True,majority,3-0,0,0
t1_p6ks2os,0,0.07751766592264175,-2.4765625,0,0,0.06762063615279819,english,comment,True,majority,3-0,0,0
t1_p513x9i,0,0.16398024559020996,-1.62890625,0,0,0.15112994915104835,taglish,comment,True,unanimous,3-0,0,0
t1_p50dmbc,0,0.15921740233898163,-1.6640625,0,0,0.14641340859769936,english,comment,True,adjudicator,2-1,0,0
t1_p7gg2g5,0,0.010328153148293495,-4.5625,0,0,0.007893425262497424,taglish,comment,True,majority,3-0,0,0
t1_p40nepi,0,0.006692850962281227,-5.0,0,0,0.004980086591009066,taglish,comment,True,majority,3-0,0,0
t1_p6vx1q0,0,0.2024431973695755,-1.37109375,0,0,0.18959817709386145,english,comment,True,majority,3-0,0,0
t1_p76j0sy,0,0.03963883966207504,-3.1875,0,0,0.03302082254889943,taglish,comment,True,majority,3-0,0,0
t1_p77sdo4,0,0.07055959850549698,-2.578125,0,0,0.06114411967489305,english,comment,True,majority,3-0,0,0
t1_p3m7zka,0,0.011508148163557053,-4.453125,0,0,0.008854622414325745,taglish,comment,True,unanimous,3-0,0,0
t1_p7hgk6d,0,0.017712298780679703,-4.015625,0,0,0.01400265802532903,tagalog,comment,True,majority,3-0,0,0
t3_1vppeq5,0,0.03760863468050957,-3.2421875,0,0,0.031220019102935,tagalog,submission,True,unanimous,3-0,0,0
t1_p5rs2dr,0,0.01640303246676922,-4.09375,0,0,0.012904674031485397,taglish,comment,True,unanimous,3-0,0,0
t1_p6y0y3k,0,0.0838903859257698,-2.390625,0,0,0.07359196306434833,taglish,comment,True,majority,3-0,0,0
t1_p65kqda,0,0.04177388176321983,-3.1328125,0,0,0.03492175392879284,english,comment,True,majority,3-0,0,0
t1_p30k7eg,0,0.3298232853412628,-0.708984375,0,0,0.32057234583298233,taglish,comment,True,majority,3-0,0,0
t1_p3vfivh,0,0.03993731364607811,-3.1796875,0,0,0.033286136615843495,taglish,comment,True,majority,3-0,0,0
t3_1vs9ynp,0,0.00955939944833517,-4.640625,0,0,0.007270949188108464,english,submission,True,majority,3-0,0,0
t1_p67x3v9,0,0.018124721944332123,-3.9921875,0,0,0.014349661363518309,english,comment,True,majority,3-0,0,0
t1_p51e36n,0,0.2925952970981598,-0.8828125,0,0,0.281849227472576,taglish,comment,True,majority,3-0,0,0
t3_1vpovj3,0,0.10447732359170914,-2.1484375,0,0,0.0931141657147751,taglish,submission,True,unanimous,3-0,0,0
t1_p5pjwsh,0,0.07159119844436646,-2.5625,0,0,0.06210134924274363,english,comment,True,majority,3-0,0,0
t1_p3vdjmm,0,0.038756195455789566,-3.2109375,0,0,0.032237080547918566,tagalog,comment,True,majority,3-0,0,0
t1_p78azsc,0,0.027169233188033104,-3.578125,0,0,0.022077069253345013,taglish,comment,True,unanimous,3-0,0,0
t1_p5e96xb,0,0.07751766592264175,-2.4765625,0,0,0.06762063615279819,taglish,comment,True,majority,3-0,0,0
t1_p5rdnit,0,0.026155617088079453,-3.6171875,0,0,0.021201026933499196,english,comment,True,majority,3-0,0,0
t1_p7bksya,0,0.0071214293129742146,-4.9375,0,0,0.005319199667544577,taglish,comment,True,majority,3-0,0,0
t1_p7iu5xa,0,0.11240508407354355,-2.06640625,0,0,0.10071718255684177,taglish,comment,True,unanimous,3-0,0,0
t1_p5dc0hl,0,0.03283695876598358,-3.3828125,0,0,0.027015299643458404,taglish,comment,True,majority,3-0,0,0
t1_p6xi0gj,0,0.2958398759365082,-0.8671875,0,0,0.28521201624826065,taglish,comment,True,majority,3-0,0,0
t1_p6ywpv2,0,0.021125193685293198,-3.8359375,0,0,0.01688942003798684,taglish,comment,True,unanimous,3-0,0,0
t1_p6ygtxd,0,0.05033063143491745,-2.9375,0,0,0.04260792054462838,taglish,comment,True,majority,3-0,0,0
t3_1vgih69,0,0.02178117074072361,-3.8046875,0,0,0.01744803853590209,taglish,submission,True,unanimous,3-0,0,0
t1_p5psqr6,0,0.029760092496871948,-3.484375,0,0,0.024326381118394077,english,comment,True,majority,3-0,0,0
t1_p7knupo,0,0.6680145263671875,0.69921875,1,1,0.6771699956651256,english,comment,True,adjudicator,2-1,0,0
t1_p5cj37l,0,0.023330770432949066,-3.734375,0,0,0.01877210973576006,english,comment,True,unanimous,3-0,0,0
t1_p5jl3dg,0,0.1716158092021942,-1.57421875,0,0,0.15871415555928262,taglish,comment,True,majority,3-0,0,0
t1_p5czlrx,0,0.022629201412200928,-3.765625,0,0,0.018171883630400197,tagalog,comment,True,majority,3-0,0,0
t1_p50x1v7,0,0.4630800485610962,-0.14794921875,0,0,0.46089335231587,english,comment,True,adjudicator,2-1,0,1
t1_p3zog7n,0,0.010169658809900284,-4.578125,0,0,0.007764838502784255,taglish,comment,True,majority,3-0,0,0
t1_p6tj25e,0,0.2372223436832428,-1.16796875,0,0,0.22488542863640407,english,comment,True,majority,3-0,0,0
t1_p7bn7d4,0,0.3709087073802948,-0.5283203125,0,0,0.36360857579024375,english,comment,True,adjudicator,2-1,0,0
t1_p7aae1l,0,0.02161533385515213,-3.8125,0,0,0.017306705278754195,taglish,comment,True,unanimous,3-0,0,0
t1_p61esk1,0,0.07055959850549698,-2.578125,0,0,0.06114411967489305,taglish,comment,True,unanimous,3-0,0,0
t1_p4eskwg,0,0.06804042309522629,-2.6171875,0,0,0.05881108247882908,taglish,comment,True,unanimous,3-0,0,0
t1_p72jhno,0,0.48006731271743774,-0.07977294921875,0,0,0.4788834442941689,english,comment,True,majority,3-0,0,0
t1_p77unr5,0,0.048496000468730927,-2.9765625,0,0,0.04095130718829371,taglish,comment,True,majority,3-0,0,0
t1_p77hvnr,0,0.4073334038257599,-0.375,0,0,0.4019615384323497,taglish,comment,True,majority,3-0,0,0
t1_p50hd5d,0,0.08269734680652618,-2.40625,0,0,0.07247130303692598,taglish,comment,True,majority,3-0,0,0
t1_p785ze5,0,0.03817827254533768,-3.2265625,0,0,0.03172460784491219,english,comment,True,adjudicator,2-1,0,0
t1_p3z200l,0,0.024798156693577766,-3.671875,0,0,0.020031467495256517,tagalog,comment,True,majority,3-0,0,0
t1_p7bayru,0,0.01590639352798462,-4.125,0,0,0.01248966741728404,english,comment,True,majority,3-0,0,0
t1_p60sjby,0,0.02080449089407921,-3.8515625,0,0,0.01661673978626905,taglish,comment,True,adjudicator,3-0,0,0
t1_p4nb10g,0,0.03541072830557823,-3.3046875,0,0,0.029278264289816676,taglish,comment,True,unanimous,3-0,0,0
t3_1vminyh,0,0.06233103200793266,-2.7109375,0,0,0.05354818123017295,english,submission,True,majority,3-0,0,0
t1_p7bz0bi,0,0.01342825498431921,-4.296875,0,0,0.010432103185769552,taglish,comment,True,majority,3-0,0,0
t1_p3vgz7d,0,0.038756195455789566,-3.2109375,0,0,0.032237080547918566,taglish,comment,True,majority,3-0,0,0
t1_p785mpj,0,0.007815889082849026,-4.84375,0,0,0.005871394775882369,english,comment,True,majority,3-0,0,0
t1_p7bils6,0,0.0222861859947443,-3.78125,0,0,0.01787887451032717,taglish,comment,True,unanimous,3-0,0,0
t1_p7knb3a,0,0.15713684260845184,-1.6796875,0,0,0.1443566193905814,taglish,comment,True,unanimous,3-0,0,0
t1_p7bqj89,0,0.4059196412563324,-0.380859375,0,0,0.4004701694168918,taglish,comment,True,adjudicator,2-1,0,0
t1_p6m9jv1,0,0.04535258188843727,-3.046875,0,0,0.038123630491819376,tagalog,comment,True,adjudicator,2-1,0,0
t1_p7cfcze,0,0.043691061437129974,-3.0859375,0,0,0.036634696606314465,taglish,comment,True,majority,3-0,0,0
t1_p7jsff6,0,0.13072869181632996,-1.89453125,0,0,0.11845050650245781,taglish,comment,True,majority,3-0,0,0
t1_p7cbzno,0,0.006903837900608778,-4.96875,0,0,0.005146865418313763,taglish,comment,True,majority,3-0,0,0
t1_p5nc9gc,0,0.0060975621454417706,-5.09375,0,0,0.004511337163427809,taglish,comment,True,adjudicator,3-0,0,0
t1_p5954c8,0,0.08632347732782364,-2.359375,0,0,0.07588126571715062,taglish,comment,True,unanimous,3-0,0,0
t1_p5c1ore,0,0.00857748556882143,-4.75,0,0,0.006480540712653128,taglish,comment,True,unanimous,3-0,0,0
t1_p7ji1sj,0,0.005469274707138538,-5.203125,0,0,0.004019705174396318,taglish,comment,True,unanimous,3-0,0,0
t1_p7j8zyo,0,0.008445627056062222,-4.765625,0,0,0.006374822461719092,taglish,comment,True,majority,3-0,0,0
t1_p7br7vh,0,0.008711384609341621,-4.734375,0,0,0.006588000540935939,taglish,comment,True,unanimous,3-0,0,0
t1_p6g3fw7,0,0.010986942797899246,-4.5,0,0,0.008429238108327524,taglish,comment,True,majority,3-0,0,0
t1_p6clw9k,0,0.014957086183130741,-4.1875,0,0,0.011698794560305651,taglish,comment,True,unanimous,3-0,0,0
t1_p695c5c,0,0.006589771714061499,-5.015625,0,0,0.004898724834633283,taglish,comment,True,majority,3-0,0,0
t1_p6d4m4o,0,0.011687257327139378,-4.4375,0,0,0.009001092427124225,taglish,comment,True,majority,3-0,0,0
t1_p644uyu,0,0.007232763804495335,-4.921875,0,0,0.005407507040885484,taglish,comment,True,unanimous,3-0,0,0
t1_p7artsm,0,0.035678550601005554,-3.296875,0,0,0.029514425656705364,taglish,comment,True,adjudicator,2-1,0,0
t1_p6ss0n1,0,0.017576880753040314,-4.0234375,0,0,0.013888838670312544,english,comment,True,majority,3-0,0,0
t1_p7aokq0,0,0.10521054267883301,-2.140625,0,0,0.0938154705654412,taglish,comment,True,unanimous,3-0,0,0
t1_p7mgcc5,0,0.004681822843849659,-5.359375,0,0,0.0034085292936812455,taglish,comment,True,unanimous,3-0,0,0
t1_p6xzavi,0,0.0753123015165329,-2.5078125,0,0,0.06556287165906688,english,comment,True,majority,3-0,0,0
t1_p3jsyoe,0,0.00955939944833517,-4.640625,0,0,0.007270949188108464,english,comment,True,majority,3-0,0,0
t1_p7amre1,0,0.005469274707138538,-5.203125,0,0,0.004019705174396318,english,comment,True,majority,3-0,0,0
t1_p7aty8j,0,0.015424554236233234,-4.15625,0,0,0.012087843730195589,taglish,comment,True,majority,3-0,0,0
t1_p6euog5,0,0.021287353709340096,-3.828125,0,0,0.017027404628673797,tagalog,comment,True,majority,3-0,0,0
t1_p7ba407,0,0.034618839621543884,-3.328125,0,0,0.02858072560319402,english,comment,True,majority,3-0,0,0
t1_p6dzcut,0,0.018833130598068237,-3.953125,0,0,0.01494692330706539,taglish,comment,True,adjudicator,3-0,0,0
t1_p6d2bev,0,0.01384861022233963,-4.265625,0,0,0.010779487365673022,taglish,comment,True,unanimous,3-0,0,0
t1_p5phn5i,0,0.00985985528677702,-4.609375,0,0,0.007513867696601138,taglish,comment,True,majority,3-0,0,0
t1_p5p0sau,0,0.004198795650154352,-5.46875,0,0,0.0030367113896486585,taglish,comment,True,majority,3-0,0,0
t1_p5jiwo4,0,0.048496000468730927,-2.9765625,0,0,0.04095130718829371,english,comment,True,majority,3-0,0,0
t1_p7d311o,0,0.00806199200451374,-4.8125,0,0,0.006067840723233951,taglish,comment,True,unanimous,3-0,0,0
t1_p7cvapq,0,0.012053778395056725,-4.40625,0,0,0.009301272511574326,english,comment,True,majority,3-0,0,0
t1_p45u9v9,0,0.01678548939526081,-4.0703125,0,0,0.013224832906477132,english,comment,True,majority,3-0,0,0
t1_p7e8ohv,0,0.02161533385515213,-3.8125,0,0,0.017306705278754195,tagalog,comment,True,adjudicator,2-1,0,0
t1_p4gd9e2,0,0.010013570077717304,-4.59375,0,0,0.00763833034051056,taglish,comment,True,unanimous,3-0,0,0
t1_p59wsxo,0,0.013222821988165379,-4.3125,0,0,0.010262588238363088,taglish,comment,True,unanimous,3-0,0,0
t1_p5cip1a,0,0.3363310694694519,-0.6796875,0,0,0.32737012104132873,tagalog,comment,True,adjudicator,2-1,0,0
t1_p59mvvk,0,0.011869121342897415,-4.421875,0,0,0.009149962927664823,taglish,comment,True,majority,3-0,0,0
t1_p784ts0,0,0.007937993854284286,-4.828125,0,0,0.005968814476161471,taglish,comment,True,majority,3-0,0,0
t1_p5158zq,0,0.58486407995224,0.3427734375,1,0,0.5898041506505707,tagalog,comment,True,unanimous,3-0,0,0
t1_p60mlo8,0,0.005301895085722208,-5.234375,0,0,0.0038893080141167197,taglish,comment,True,unanimous,3-0,0,0
t1_p2t5hqv,0,0.008445627056062222,-4.765625,0,0,0.006374822461719092,taglish,comment,True,majority,3-0,0,0
t1_p79bxbq,0,0.031143829226493835,-3.4375,0,0,0.025533361644593768,taglish,comment,True,majority,3-0,0,0
t1_p79pf4i,0,0.005819959565997124,-5.140625,0,0,0.004293704416573046,taglish,comment,True,majority,3-0,0,0
t1_p78fc5l,1,0.012241275049746037,-4.390625,0,0,0.009455060370166378,taglish,comment,True,unanimous,3-0,1,1
t1_p66kjs6,0,0.0030278346966952085,-5.796875,0,0,0.002146912864025898,english,comment,True,majority,3-0,0,0
t1_p79nmkd,0,0.020023442804813385,-3.890625,0,0,0.015953834543291176,taglish,comment,True,majority,3-0,0,0
t1_p6z8245,0,0.01384861022233963,-4.265625,0,0,0.010779487365673022,taglish,comment,True,unanimous,3-0,0,0
t1_p3iocck,0,0.010013570077717304,-4.59375,0,0,0.00763833034051056,taglish,comment,True,majority,3-0,0,0
t1_p7a8pop,0,0.012241275049746037,-4.390625,0,0,0.009455060370166378,tagalog,comment,True,adjudicator,2-1,0,0
t1_p5w0u8l,0,0.014281933195888996,-4.234375,0,0,0.011138309073796246,taglish,comment,True,majority,3-0,0,0
t1_p5j9t65,0,0.026155617088079453,-3.6171875,0,0,0.021201026933499196,taglish,comment,True,unanimous,3-0,0,0
t1_p50x2qf,0,0.3094409108161926,-0.802734375,0,0,0.29933480948763436,english,comment,True,unanimous,3-0,0,0
t3_1vt74o7,0,0.04742587357759476,-3.0,0,0,0.03998712060268837,taglish,submission,True,unanimous,3-0,0,0
t1_p7l17yc,0,0.5626571774482727,0.251953125,1,0,0.5663403069538242,taglish,comment,True,majority,3-0,0,0
t1_p7kav72,0,0.04922211542725563,-2.9609375,0,0,0.04160642161242707,taglish,comment,True,unanimous,3-0,0,0
t1_p59a2cx,0,0.02655657008290291,-3.6015625,0,0,0.02154728686354495,taglish,comment,True,unanimous,3-0,0,0
t1_p73whxy,0,0.0333368256688118,-3.3671875,0,0,0.027453856093284865,taglish,comment,True,majority,3-0,0,0
t1_p7i6zpu,0,0.4774932563304901,-0.090087890625,0,0,0.47615689872043887,tagalog,comment,True,majority,3-0,0,0
t1_p7ih1tt,0,0.23651622235774994,-1.171875,0,0,0.2241648551583965,english,comment,True,adjudicator,3-0,0,0
t1_p7l76j1,0,0.6808785796165466,0.7578125,1,1,0.6905890020797298,taglish,comment,True,majority,3-0,0,0
t1_p7k5c70,0,0.05582314357161522,-2.828125,0,0,0.04759357608039645,tagalog,comment,True,adjudicator,2-1,0,1
t1_p4ewq7q,0,0.02779562398791313,-3.5546875,0,0,0.02261957625909082,english,comment,True,majority,3-0,0,0
t1_p7kao2a,0,0.16451646387577057,-1.625,0,0,0.15166164648865912,tagalog,comment,True,majority,3-0,0,0
t1_p67vyc3,0,0.018546564504504204,-3.96875,0,0,0.014705135629557917,tagalog,comment,True,majority,3-0,0,0
t1_p4n9omu,0,0.10521054267883301,-2.140625,0,0,0.0938154705654412,taglish,comment,True,unanimous,3-0,0,0
t1_p5rb0d1,0,0.13386748731136322,-1.8671875,0,0,0.12150911552210938,tagalog,comment,True,majority,3-0,0,0
t1_p5rp9n2,0,0.21601152420043945,-1.2890625,0,0,0.2033131733756497,taglish,comment,True,majority,3-0,0,0
t1_p3vcc6j,0,0.023330770432949066,-3.734375,0,0,0.01877210973576006,tagalog,comment,True,majority,3-0,0,0
t1_p6d679g,0,0.015663648024201393,-4.140625,0,0,0.012287133518302686,taglish,comment,True,majority,3-0,0,0
t1_p5jdxsd,0,0.08632347732782364,-2.359375,0,0,0.07588126571715062,english,comment,True,majority,3-0,0,0
t1_p6m71t4,0,0.047074176371097565,-3.0078125,0,0,0.03967058677712499,tagalog,comment,True,adjudicator,2-1,0,0
t3_1vquf6s,0,0.06705629080533981,-2.6328125,0,0,0.0579014380743955,taglish,submission,True,unanimous,3-0,0,0
t1_p4svbbp,0,0.7457688450813293,1.076171875,1,1,0.7577098189632064,taglish,comment,True,majority,3-0,0,0
t1_p7mkfgf,0,0.00985985528677702,-4.609375,0,0,0.007513867696601138,english,comment,True,majority,3-0,0,0
t1_p4ncmm6,0,0.06560484319925308,-2.65625,0,0,0.0565617024417659,taglish,comment,True,majority,3-0,0,0
t1_p5rr64z,0,0.03934250399470329,-3.1953125,0,0,0.03275755156385933,taglish,comment,True,majority,3-0,0,0
t1_p6dbzkq,0,0.014503578655421734,-4.21875,0,0,0.011322123493842238,taglish,comment,True,adjudicator,2-1,0,0
t1_p7i5fbw,0,0.0446808747947216,-3.0625,0,0,0.03752120747189035,taglish,comment,True,majority,3-0,0,0
t1_p7k60wy,0,0.08882029354572296,-2.328125,0,0,0.07823576990030098,tagalog,comment,True,adjudicator,2-1,0,0
t1_p754306,0,0.08570928126573563,-2.3671875,0,0,0.0753028849640955,english,comment,True,adjudicator,2-1,0,1
t1_p5qpka7,0,0.017712298780679703,-4.015625,0,0,0.01400265802532903,taglish,comment,True,majority,3-0,0,0
t1_p2f82p9,0,0.015424554236233234,-4.15625,0,0,0.012087843730195589,taglish,comment,True,adjudicator,2-1,0,0
t1_p6yzgsq,0,0.032344330102205276,-3.3984375,0,0,0.026583557339028445,english,comment,True,majority,3-0,0,0
t1_p2f72om,0,0.011331754736602306,-4.46875,0,0,0.008710514881057375,taglish,comment,True,unanimous,3-0,0,0
t1_p50ttd5,0,0.7248703241348267,0.96875,1,1,0.7362086018396184,english,comment,True,adjudicator,2-1,0,1
t1_p7l71t3,0,0.5354627966880798,0.14208984375,1,0,0.5375638239628063,tagalog,comment,True,adjudicator,2-1,0,1
t1_p516l7j,0,0.06418264657258987,-2.6796875,0,0,0.05525114789373,taglish,comment,True,unanimous,3-0,0,0
t1_p5d2mg5,0,0.029760092496871948,-3.484375,0,0,0.024326381118394077,english,comment,True,unanimous,3-0,0,0
t3_1vrjcnw,0,0.015189048834145069,-4.171875,0,0,0.011891747383958434,english,submission,True,majority,3-0,0,0
t1_p6zz41t,0,0.2186693549156189,-1.2734375,0,0,0.20600772985324617,taglish,comment,True,majority,3-0,0,0
t1_p5jmmrx,1,0.1200256198644638,-1.9921875,0,0,0.10806608230882103,taglish,comment,True,majority,3-0,1,1
t1_p30b0xz,0,0.014728614129126072,-4.203125,0,0,0.011508936079929782,tagalog,comment,True,adjudicator,3-0,0,0
t1_p6mx9qt,0,0.01912403479218483,-3.9375,0,0,0.015192625252783028,taglish,comment,True,majority,3-0,0,0
t1_p6ksuoj,0,0.06804042309522629,-2.6171875,0,0,0.05881108247882908,taglish,comment,True,majority,3-0,0,0
t1_p56ybe4,0,0.043042849749326706,-3.1015625,0,0,0.03605491954473112,english,comment,True,majority,3-0,0,0
t1_p6m8vbx,0,0.09739040583372116,-2.2265625,0,0,0.08635615116946638,taglish,comment,True,unanimous,3-0,0,0
t1_p7fn2tx,0,0.38006845116615295,-0.4892578125,0,0,0.37323800032879617,taglish,comment,True,adjudicator,2-1,0,0
t1_p79bm3n,0,0.38560599088668823,-0.4658203125,0,0,0.3790648311271633,taglish,comment,True,unanimous,3-0,0,0
t1_p6y1eoh,0,0.055005285888910294,-2.84375,0,0,0.04684879904719731,taglish,comment,True,unanimous,3-0,0,0
t1_p7a7sqn,0,0.04240382835268974,-3.1171875,0,0,0.03548398001294258,taglish,comment,True,majority,3-0,0,0
t1_p60muff,0,0.15869519114494324,-1.66796875,0,0,0.14589694628728583,taglish,comment,True,unanimous,3-0,0,0
t1_p79lawq,0,0.3048688769340515,-0.82421875,0,0,0.2945827865873196,taglish,comment,True,adjudicator,2-1,0,0
t1_p6xg25u,0,0.09401018172502518,-2.265625,0,0,0.08314631049212051,taglish,comment,True,majority,3-0,0,0
t1_p5r80av,0,0.02280263788998127,-3.7578125,0,0,0.018320150550534424,english,comment,True,majority,3-0,0,0
t1_p74ueit,0,0.49609386920928955,-0.015625,0,0,0.4958615667947594,taglish,comment,True,unanimous,3-0,0,0
t1_p77rfio,0,0.030214587226510048,-3.46875,0,0,0.024722395771084375,english,comment,True,majority,3-0,0,0
t1_p7332av,0,0.13117322325706482,-1.890625,0,0,0.11888333434040653,taglish,comment,True,majority,3-0,0,0
t1_p68a85m,0,0.014503578655421734,-4.21875,0,0,0.011322123493842238,taglish,comment,True,majority,3-0,0,0
t1_p7kj0wi,0,0.1749734729528427,-1.55078125,0,0,0.16205787615871167,taglish,comment,True,majority,3-0,0,0
t1_p77mqk2,0,0.024053553119301796,-3.703125,0,0,0.019391770027532083,taglish,comment,True,majority,3-0,0,0
t1_p6xzxgn,0,0.048496000468730927,-2.9765625,0,0,0.04095130718829371,english,comment,True,majority,3-0,0,0
t1_p656jyx,0,0.03384403511881828,-3.3515625,0,0,0.027899327767013937,taglish,comment,True,unanimous,3-0,0,0
t1_p76rjoy,0,0.36161550879478455,-0.568359375,0,0,0.3538506398049373,english,comment,True,majority,3-0,0,0
t1_p4ebxzn,0,0.008187909610569477,-4.796875,0,0,0.006168499680604701,taglish,comment,True,unanimous,3-0,0,0
t1_p50l9c6,0,0.34246155619621277,-0.65234375,0,0,0.3337808283427133,english,comment,True,majority,3-0,0,0
t1_p4u29jx,0,0.06954174488782883,-2.59375,0,0,0.060200697775439606,english,comment,True,majority,3-0,0,0
t1_p5jq0y1,0,0.06512754410505295,-2.6640625,0,0,0.05612163598437559,tagalog,comment,True,majority,3-0,0,0
t1_p6yggb7,0,0.030444350093603134,-3.4609375,0,0,0.024922752540333385,taglish,comment,True,unanimous,3-0,0,0
t1_p78bc8f,0,0.3652302324771881,-0.552734375,0,0,0.35764467027536223,taglish,comment,True,adjudicator,2-1,0,0
t3_1vqkgz7,0,0.034358687698841095,-3.3359375,0,0,0.02835181703096657,taglish,submission,True,unanimous,3-0,0,0
t1_p7dm83y,0,0.025565214455127716,-3.640625,0,0,0.020691822079171432,taglish,comment,True,unanimous,3-0,0,0
t1_p5radv6,0,0.012241275049746037,-4.390625,0,0,0.009455060370166378,taglish,comment,True,majority,3-0,0,0
t1_p5jpj4g,0,0.09807931631803513,-2.21875,0,0,0.08701144043878545,taglish,comment,True,unanimous,3-0,0,0
t1_p5j1wvv,0,0.009268012829124928,-4.671875,0,0,0.007035828405219093,taglish,comment,True,majority,3-0,0,0
t1_p786rb7,0,0.03210070729255676,-3.40625,0,0,0.02637021025409894,english,comment,True,adjudicator,2-1,0,0
t1_p2zj4x8,1,0.3306872844696045,-0.705078125,0,0,0.3214744093828716,tagalog,comment,True,adjudicator,3-0,1,1
t1_p703ag7,0,0.01384861022233963,-4.265625,0,0,0.010779487365673022,english,comment,True,majority,3-0,0,0
t1_p5req1g,0,0.046378206461668015,-3.0234375,0,0,0.039044711287797434,tagalog,comment,True,adjudicator,2-1,0,0
t1_p7i8gqv,0,0.039048291742801666,-3.203125,0,0,0.03249630906629729,english,comment,True,majority,3-0,0,0
t1_p7i7nbd,0,0.16667540371418,-1.609375,0,0,0.1538038085831046,english,comment,True,majority,3-0,0,0
t1_p774l94,0,0.20946967601776123,-1.328125,0,0,0.1966919567634772,taglish,comment,True,majority,3-0,0,0
t1_p2e3ng6,0,0.0059110685251653194,-5.125,0,0,0.004365061611499932,tagalog,comment,True,adjudicator,3-0,0,0
t1_p5l64f2,0,0.03622005507349968,-3.28125,0,0,0.029992301431155926,taglish,comment,True,majority,3-0,0,0
t1_p5jao1x,0,0.019271137192845345,-3.9296875,0,0,0.015316963209056532,taglish,comment,True,unanimous,3-0,0,0
t1_p50s65k,1,0.4848373830318451,-0.0606689453125,0,0,0.48393640300796215,english,comment,True,adjudicator,2-1,1,1
t1_p511awz,0,0.40286189317703247,-0.3935546875,0,0,0.3972452218464294,english,comment,True,majority,3-0,0,0
t1_p7b1teo,0,0.526038408279419,0.104248046875,1,0,0.5275837052238851,taglish,comment,True,unanimous,3-0,0,0
t1_p7537xf,0,0.049958519637584686,-2.9453125,0,0,0.04227155423595593,taglish,comment,True,unanimous,3-0,0,0
t1_p76tjj1,0,0.023153413087129593,-3.7421875,0,0,0.018620254441379745,taglish,comment,True,majority,3-0,0,0
t3_1viin45,0,0.00985985528677702,-4.609375,0,0,0.007513867696601138,english,submission,True,unanimous,3-0,0,0
t1_p7itlm8,0,0.015189048834145069,-4.171875,0,0,0.011891747383958434,taglish,comment,True,majority,3-0,0,0
t1_p30b5x6,0,0.01615283451974392,-4.109375,0,0,0.012695496855683702,taglish,comment,True,unanimous,3-0,0,0
t1_p7kdtat,0,0.13161905109882355,-1.88671875,0,0,0.11931752969904257,taglish,comment,True,majority,3-0,0,0
t1_p3jg6ib,0,0.055005285888910294,-2.84375,0,0,0.04684879904719731,taglish,comment,True,majority,3-0,0,0
t1_p51b42d,0,0.13614831864833832,-1.84765625,0,0,0.12373529997732355,english,comment,True,adjudicator,2-1,0,0
t1_p5j8j22,0,0.0427221953868866,-3.109375,0,0,0.03576835287578151,taglish,comment,True,unanimous,3-0,0,0
t1_p74pqmh,0,0.35779187083244324,-0.5849609375,0,0,0.34983955747348455,tagalog,comment,True,adjudicator,2-1,0,1
t1_p7dnrk5,0,0.018404891714453697,-3.9765625,0,0,0.014585690715530725,taglish,comment,True,unanimous,3-0,0,0
t1_p403hxf,0,0.03210070729255676,-3.40625,0,0,0.02637021025409894,english,comment,True,majority,3-0,0,0
t1_p7i4tmq,0,0.5556160807609558,0.223388671875,1,0,0.5588933669269038,taglish,comment,True,adjudicator,2-1,0,1
t1_p5zu0gn,0,0.007232763804495335,-4.921875,0,0,0.005407507040885484,taglish,comment,True,unanimous,3-0,0,0
t1_p3vf3pc,0,0.020177319645881653,-3.8828125,0,0,0.016084300564118706,taglish,comment,True,unanimous,3-0,0,0
t1_p77qzm1,0,0.0071214293129742146,-4.9375,0,0,0.005319199667544577,english,comment,True,majority,3-0,0,0
t1_p50f0y7,0,0.060086652636528015,-2.75,0,0,0.05148908226532589,taglish,comment,True,unanimous,3-0,0,0
t1_p51cx9a,0,0.1629120409488678,-1.63671875,0,0,0.15007115174213942,taglish,comment,True,majority,3-0,0,0
t1_p5pqaac,0,0.009125636890530586,-4.6875,0,0,0.006921114748101497,taglish,comment,True,majority,3-0,0,0
t1_p616jzp,0,0.3363310694694519,-0.6796875,0,0,0.32737012104132873,taglish,comment,True,adjudicator,2-1,0,0
t1_p6ys9v5,0,0.07263670861721039,-2.546875,0,0,0.06307255778319007,english,comment,True,unanimous,3-0,0,0
t1_p7i4ckh,0,0.11961366981267929,-1.99609375,0,0,0.10766782526321428,english,comment,True,majority,3-0,0,0
t1_p3xq6o6,0,0.03622005507349968,-3.28125,0,0,0.029992301431155926,taglish,comment,True,unanimous,3-0,0,0
t1_p7mid55,1,0.5221108198165894,0.0885009765625,1,0,0.5234237211408778,taglish,comment,True,adjudicator,2-1,1,1
t1_p74t9az,0,0.05223086103796959,-2.8984375,0,0,0.04432845175407613,taglish,comment,True,majority,3-0,0,0
t1_p7ky524,0,0.18359361588954926,-1.4921875,0,0,0.17066556870542765,taglish,comment,True,unanimous,3-0,0,0
t1_p519qku,0,0.14175598323345184,-1.80078125,0,0,0.1292213174370422,english,comment,True,majority,3-0,0,0
t1_p6cmyu9,0,0.018689310178160667,-3.9609375,0,0,0.014825543983687938,taglish,comment,True,unanimous,3-0,0,0
t1_p5pfccl,0,0.03210070729255676,-3.40625,0,0,0.02637021025409894,english,comment,True,majority,3-0,0,0
t1_p7kax5v,0,0.21403354406356812,-1.30078125,0,0,0.2013095415688817,taglish,comment,True,majority,3-0,0,0
t1_p7k3r6i,0,0.04177388176321983,-3.1328125,0,0,0.03492175392879284,english,comment,True,adjudicator,2-1,0,0
t1_p6oquzf,0,0.028870904818177223,-3.515625,0,0,0.023552823635734226,taglish,comment,True,majority,3-0,0,0
t1_p7mdh91,0,0.2755194306373596,-0.966796875,0,0,0.26419345694878305,taglish,comment,True,adjudicator,2-1,0,0
t1_p77ttcl,0,0.010013570077717304,-4.59375,0,0,0.00763833034051056,english,comment,True,majority,3-0,0,0
t1_p6x4hml,0,0.22953519225120544,-1.2109375,0,0,0.21704957590321122,english,comment,True,majority,3-0,0,0
t1_p7i5trb,0,0.5980774760246277,0.3974609375,1,0,0.6037452906202836,tagalog,comment,True,adjudicator,2-1,0,0
t1_p3gv5a5,0,0.018833130598068237,-3.953125,0,0,0.01494692330706539,english,comment,True,majority,3-0,0,0
t1_p5d361k,0,0.04146227613091469,-3.140625,0,0,0.03464387003878658,taglish,comment,True,majority,3-0,0,0
t1_p5pzo7z,0,0.018978038802742958,-3.9453125,0,0,0.015069281183696543,english,comment,True,majority,3-0,0,0
t1_p7k9qph,0,0.17441026866436005,-1.5546875,0,0,0.1614966699818589,tagalog,comment,True,adjudicator,2-1,0,0
t1_p72wy0h,0,0.1949802190065384,-1.41796875,0,0,0.1820848880977715,taglish,comment,True,majority,3-0,0,0
t1_p3icjj8,0,0.027169233188033104,-3.578125,0,0,0.022077069253345013,taglish,comment,True,unanimous,3-0,0,0
t1_p511qag,0,0.5045164823532104,0.01806640625,1,0,0.5047850265790167,english,comment,True,adjudicator,2-1,0,0
t1_p41suvt,0,0.03514484316110611,-3.3125,0,0,0.029043936029394698,english,comment,True,majority,3-0,0,0
t1_p5ibfw2,0,0.5796384215354919,0.3212890625,1,0,0.5842862038347612,taglish,comment,True,majority,3-0,0,0
t1_p73gjdk,0,0.09807931631803513,-2.21875,0,0,0.08701144043878545,english,comment,True,majority,3-0,0,0
t1_p74tfnh,0,0.12294380366802216,-1.96484375,0,0,0.1108902764680442,taglish,comment,True,unanimous,3-0,0,0
t1_p7kcbjl,0,0.09467770159244537,-2.2578125,0,0,0.08377947628153906,taglish,comment,True,majority,3-0,0,0
t1_p5pzvsc,0,0.01971912942826748,-3.90625,0,0,0.015696018188319272,taglish,comment,True,unanimous,3-0,0,0
t1_p4se7l8,1,0.74167400598526,1.0546875,1,1,0.7535065857831854,taglish,comment,True,unanimous,3-0,1,1
t1_p7i68z2,0,0.26971012353897095,-0.99609375,0,0,0.25820394942443525,taglish,comment,True,majority,3-0,0,0
t1_p50w0db,1,0.5597714185714722,0.240234375,1,0,0.5632885782356981,english,comment,True,adjudicator,2-1,1,0
t1_p60419u,0,0.03963883966207504,-3.1875,0,0,0.03302082254889943,taglish,comment,True,adjudicator,2-1,0,0
t1_p72nurl,0,0.31153160333633423,-0.79296875,0,0,0.3015092741582949,taglish,comment,True,majority,3-0,0,0
t1_p2t7bog,0,0.06233103200793266,-2.7109375,0,0,0.05354818123017295,taglish,comment,True,majority,3-0,0,0
t1_p3vjl3w,0,0.04885777831077576,-2.96875,0,0,0.04127762071512624,taglish,comment,True,majority,3-0,0,0
t1_p5zvoje,0,0.013636835850775242,-4.28125,0,0,0.010604388139789176,taglish,comment,True,majority,3-0,0,0
t1_p2ybi8j,0,0.05541279539465904,-2.8359375,0,0,0.04721979197620768,english,comment,True,adjudicator,2-1,0,0
t1_p607m5q,0,0.043042849749326706,-3.1015625,0,0,0.03605491954473112,taglish,comment,True,unanimous,3-0,0,0
t1_p6scrqj,0,0.20434190332889557,-1.359375,0,0,0.1915131957744533,tagalog,comment,True,majority,3-0,0,0
t1_p72vzbh,0,0.4998779594898224,-0.00048828125,0,0,0.4998706710118735,english,comment,True,adjudicator,2-1,0,1
t1_p5c7f23,0,0.024423090741038322,-3.6875,0,0,0.019709075769608477,taglish,comment,True,unanimous,3-0,0,0
t1_p4s8zys,0,0.7256486415863037,0.97265625,1,1,0.7370115406049246,tagalog,comment,True,adjudicator,2-1,0,1
t1_p4qzg0c,0,0.32766830921173096,-0.71875,0,0,0.31832305403020056,tagalog,comment,True,adjudicator,2-1,0,0
t1_p4t4jul,0,0.3182732164859772,-0.76171875,0,0,0.30852739277855795,taglish,comment,True,majority,3-0,0,0
t1_p7i6szx,0,0.2978782653808594,-0.857421875,0,0,0.2873259591213229,taglish,comment,True,adjudicator,3-0,0,0
t1_p74to1m,0,0.4714057743549347,-0.114501953125,0,0,0.46970948941951546,taglish,comment,True,adjudicator,2-1,0,0
t1_p4o3le5,0,0.29057809710502625,-0.892578125,0,0,0.2797597611839672,taglish,comment,True,majority,3-0,0,0
t1_p6d76ne,0,0.015189048834145069,-4.171875,0,0,0.011891747383958434,taglish,comment,True,unanimous,3-0,0,0
t1_p5dnuvy,0,0.09670579433441162,-2.234375,0,0,0.08570533366169593,taglish,comment,True,unanimous,3-0,0,0
t1_p72rnxm,1,0.3598138988018036,-0.576171875,0,0,0.3519604681416367,taglish,comment,True,majority,3-0,1,1
t1_p4rv6tw,1,0.592430830001831,0.3740234375,1,0,0.5977897227834237,tagalog,comment,True,adjudicator,2-1,1,1
t1_p6sehwy,0,0.10669060051441193,-2.125,0,0,0.09523229829285662,english,comment,True,majority,3-0,0,0
t1_p77votq,0,0.009125636890530586,-4.6875,0,0,0.006921114748101497,taglish,comment,True,majority,3-0,0,0
t1_p77wqnl,0,0.032344330102205276,-3.3984375,0,0,0.026583557339028445,taglish,comment,True,unanimous,3-0,0,0
t1_p516l0e,0,0.1525365114212036,-1.71484375,0,0,0.13981664724110265,english,comment,True,majority,3-0,0,0
t1_p602o0j,0,0.05877655744552612,-2.7734375,0,0,0.05028979696340589,taglish,comment,True,unanimous,3-0,0,0
t1_p77ydf9,0,0.007815889082849026,-4.84375,0,0,0.005871394775882369,taglish,comment,True,unanimous,3-0,0,0
t1_p3y6r7v,0,0.018264278769493103,-3.984375,0,0,0.014467201766990524,taglish,comment,True,unanimous,3-0,0,0
t1_p6sjv6d,0,0.1127954050898552,-2.0625,0,0,0.10109264227610555,taglish,comment,True,majority,3-0,0,0
t1_p6sqvf3,0,0.0792103260755539,-2.453125,0,0,0.06920310246679534,english,comment,True,majority,3-0,0,0
t1_p4rrt41,0,0.16026602685451508,-1.65625,0,0,0.14745087658891526,taglish,comment,True,adjudicator,2-1,0,1
t1_p72u7fx,0,0.32723817229270935,-0.720703125,0,0,0.3178742061488256,english,comment,True,majority,3-0,0,0
