reddit_fullname,y_true,prob,margin,pred,prob_annotators,pred_tuned,prob_cal,language,record_type,natural,resolved_by,sarcasm_votes,sarcastic_adjudicated,sarcastic_majority
t1_p7jj59h,0,0.016657039523124695,-4.078125,0,0.5640476942062378,0,0.0920572825514342,tagalog,comment,True,adjudicator,2-1,0,1
t1_p7jl159,0,0.046378206461668015,-3.0234375,0,0.7915574312210083,0,0.15487752366531465,tagalog,comment,True,adjudicator,2-1,0,0
t1_p4zzikk,0,0.012920473702251911,-4.3359375,0,0.5765162110328674,0,0.08065633598390445,tagalog,comment,True,adjudicator,2-1,0,0
t1_p4zywyn,0,0.010986942797899246,-4.5,0,0.47356462478637695,0,0.07408704052352968,tagalog,comment,True,adjudicator,2-1,0,1
t1_p50933h,1,0.5221412777900696,0.088623046875,1,0.8947250843048096,1,0.5124319380305208,english,comment,True,adjudicator,2-1,1,1
t1_p4zwu5w,0,0.015543648041784763,-4.1484375,0,0.5382399559020996,0,0.08881164715631264,tagalog,comment,True,adjudicator,2-1,0,0
t1_p501fes,0,0.09877258539199829,-2.2109375,0,0.8134560585021973,0,0.22428863668937077,english,comment,True,majority,3-0,0,0
t1_p3g033a,0,0.002217013156041503,-6.109375,0,0.4703066051006317,0,0.03140830558159979,tagalog,comment,True,adjudicator,2-1,0,0
t1_p50np0m,0,0.007345826830714941,-4.90625,0,0.375544011592865,0,0.0598870515352558,tagalog,comment,True,adjudicator,2-1,0,1
t1_p7jy4x2,0,0.005060331430286169,-5.28125,0,0.5443007946014404,0,0.04907892521511716,tagalog,comment,True,adjudicator,2-1,0,0
t1_p7jr9ed,0,0.023870835080742836,-3.7109375,0,0.5874185562133789,0,0.11079036025808993,tagalog,comment,True,adjudicator,2-1,0,1
t1_p50w54e,1,0.16667540371418,-1.609375,0,0.7080478668212891,1,0.288386941862067,english,comment,True,adjudicator,2-1,1,1
t1_p3halwh,0,0.002082970691844821,-6.171875,0,0.29526960849761963,0,0.030358563117324502,tagalog,comment,True,unanimous,3-0,0,0
t1_p7jnfur,1,0.9005298018455505,2.203125,1,0.9304428100585938,1,0.7749475912633156,english,comment,True,majority,3-0,1,1
t1_p4zwr1x,0,0.017309095710515976,-4.0390625,0,0.5263088941574097,0,0.09390613511795246,tagalog,comment,True,adjudicator,2-1,0,0
t1_p7iv34z,0,0.3593641221523285,-0.578125,0,0.8662034273147583,1,0.4195887873222868,english,comment,True,adjudicator,2-1,0,0
t1_p7jjwfe,0,0.005469274707138538,-5.203125,0,0.4455050230026245,0,0.05116616704566037,english,comment,True,adjudicator,2-1,0,1
t1_p7iv0ud,1,0.5194908380508423,0.0780029296875,1,0.8926517367362976,1,0.5109426684640755,english,comment,True,adjudicator,2-1,1,1
t1_p501ntx,0,0.03308597952127457,-3.375,0,0.5187523365020752,0,0.13077147780252674,english,comment,True,majority,3-0,0,0
t1_p7jk77p,0,0.028652667999267578,-3.5234375,0,0.6559575796127319,0,0.12158960364901414,english,comment,True,adjudicator,2-1,0,0
t1_p50dcbg,0,0.011869121342897415,-4.421875,0,0.6363562345504761,0,0.0771515445816443,tagalog,comment,True,adjudicator,2-1,0,0
t1_p50g6ky,0,0.1766716092824936,-1.5390625,0,0.8457012176513672,1,0.2965523655014196,english,comment,True,adjudicator,2-1,0,0
t1_p5cl3by,0,0.957912266254425,3.125,1,0.9614713191986084,1,0.8524373581920555,tagalog,comment,True,adjudicator,2-1,0,0
t1_p4zx6dq,0,0.023689471185207367,-3.71875,0,0.5681990385055542,0,0.11035914250177101,tagalog,comment,True,adjudicator,2-1,0,1
t1_p36h846,0,0.1155608743429184,-2.03515625,0,0.6689099669456482,1,0.2419179829347391,english,comment,True,adjudicator,2-1,0,0
t1_p511bxb,0,0.2166738063097,-1.28515625,0,0.8985998630523682,1,0.32711347880675135,tagalog,comment,True,adjudicator,2-1,0,0
t1_p51cwhc,0,0.04501553252339363,-3.0546875,0,0.6818856000900269,0,0.15259577476947273,english,comment,True,adjudicator,2-1,0,0
t1_p7iw3ai,0,0.05665242671966553,-2.8125,0,0.8922950029373169,0,0.17101337441246292,tagalog,comment,True,unanimous,3-0,0,0
t1_p4zz6we,1,0.7498207092285156,1.09765625,1,0.9477285742759705,1,0.6493170868999745,taglish,comment,True,majority,3-0,1,1
t1_p50tbuu,0,0.35220175981521606,-0.609375,0,0.8899147510528564,1,0.41532369738231434,tagalog,comment,True,adjudicator,2-1,0,0
t1_p7iv5yr,0,0.7201715111732483,0.9453125,1,0.9255155324935913,1,0.6296087470114322,english,comment,True,majority,3-0,0,0
t3_1vikkpz,0,0.16079242527484894,-1.65234375,0,0.8250805139541626,1,0.2834633468330027,taglish,submission,True,adjudicator,2-1,0,0
t1_p5d8oez,0,0.5777336359024048,0.3134765625,1,0.9419295191764832,1,0.5438700945451594,tagalog,comment,True,majority,3-0,0,0
t1_p7iz3ji,0,0.30321574211120605,-0.83203125,0,0.9260136485099792,1,0.3853356081334998,tagalog,comment,True,adjudicator,2-1,0,0
t1_p5buc0u,0,0.005730246659368277,-5.15625,0,0.5644387006759644,0,0.05245854405776818,tagalog,comment,True,adjudicator,2-1,0,0
t1_p7ivssl,0,0.037326887249946594,-3.25,0,0.7707697749137878,0,0.13895449744469376,tagalog,comment,True,unanimous,3-0,0,0
t1_p5dkrfg,0,0.043365802615880966,-3.09375,0,0.8112518191337585,0,0.14978243330770136,english,comment,True,adjudicator,2-1,0,1
t1_p3t5pdh,0,0.467597633600235,-0.129791259765625,0,0.8335167169570923,1,0.4817973276216759,english,comment,True,adjudicator,2-1,0,1
t1_p7ivqh5,0,0.02822098508477211,-3.5390625,0,0.6983305811882019,0,0.12065610419420153,tagalog,comment,True,adjudicator,2-1,0,0
t1_p58mnsi,0,0.04742587357759476,-3.0,0,0.8951644897460938,0,0.15660706427666654,tagalog,comment,True,adjudicator,2-1,0,1
t1_p5078hw,0,0.8423450589179993,1.67578125,1,0.9215938448905945,1,0.7192007302941047,tagalog,comment,True,adjudicator,2-1,0,1
t1_p4zy707,0,0.5886526703834534,0.3583984375,1,0.892501950263977,1,0.5501172198230618,tagalog,comment,True,adjudicator,2-1,0,1
t1_p50uw6y,0,0.10970578342676163,-2.09375,0,0.6844169497489929,1,0.23593843665982953,english,comment,True,majority,3-0,0,0
t1_p5ei18d,0,0.06804042309522629,-2.6171875,0,0.7872979640960693,0,0.1871179547704174,tagalog,comment,True,adjudicator,2-1,0,0
t1_p7k97ke,0,0.0844927504658699,-2.3828125,0,0.8273420333862305,0,0.20795305618451757,english,comment,True,adjudicator,2-1,0,1
t1_p50mcal,0,0.14953139424324036,-1.73828125,0,0.6188536882400513,1,0.2737702117495931,tagalog,comment,True,majority,3-0,0,0
t1_p3q6ebo,0,0.004399413242936134,-5.421875,0,0.354797899723053,0,0.04552392962098087,tagalog,comment,True,unanimous,3-0,0,0
t1_p7ivwtp,0,0.023689471185207367,-3.71875,0,0.5485753417015076,0,0.11035914250177101,english,comment,True,majority,3-0,0,0
t1_p502m5t,0,0.8577680587768555,1.796875,1,0.9455335140228271,1,0.7327190516333643,tagalog,comment,True,adjudicator,2-1,0,1
t1_p3z0rlz,0,0.001867565792053938,-6.28125,0,0.17378023266792297,0,0.02860275726348513,english,comment,True,adjudicator,2-1,0,0
t1_p4zxlji,0,0.3883860111236572,-0.4541015625,0,0.8833743929862976,1,0.4366286634107115,english,comment,True,adjudicator,2-1,0,1
t1_p5jpltc,0,0.003429603995755315,-5.671875,0,0.374289870262146,0,0.03980162301306125,english,comment,True,majority,3-0,0,0
t1_p508dcb,0,0.025565214455127716,-3.640625,0,0.584238588809967,0,0.11473806914808991,tagalog,comment,True,adjudicator,2-1,0,0
t1_p5081z2,0,0.9880388379096985,4.4140625,1,0.9466716647148132,1,0.9225356948741567,english,comment,True,adjudicator,3-0,0,1
t1_p5czbys,1,0.2240554690361023,-1.2421875,0,0.8642253279685974,1,0.3324434882878893,english,comment,True,unanimous,3-0,1,1
t1_p3rexry,0,0.005384938325732946,-5.21875,0,0.3511756360530853,0,0.0507421083497877,tagalog,comment,True,adjudicator,3-0,0,0
t1_p4zwveo,0,0.014957086183130741,-4.1875,0,0.5017902255058289,0,0.0870534598664823,tagalog,comment,True,unanimous,3-0,0,0
t1_p7j3qse,0,0.665410578250885,0.6875,1,0.9291672706604004,1,0.5952823889777804,english,comment,True,adjudicator,2-1,0,1
t1_p7jltmt,0,0.02517884038388729,-3.65625,0,0.6098601222038269,0,0.11385035431227672,tagalog,comment,True,adjudicator,2-1,0,0
t1_p4zxhpb,0,0.014063626527786255,-4.25,0,0.4489487409591675,0,0.0843057960586385,tagalog,comment,True,adjudicator,2-1,0,0
t1_p4zy9tx,0,0.027169233188033104,-3.578125,0,0.7274436950683594,0,0.1183493799509177,tagalog,comment,True,adjudicator,2-1,0,0
t1_p74nozt,0,0.08151976019144058,-2.421875,0,0.8127875328063965,0,0.20436525049387028,english,comment,True,majority,3-0,0,0
t1_p7ixu0v,0,0.15052762627601624,-1.73046875,0,0.7900309562683105,1,0.27464282591495537,english,comment,True,adjudicator,2-1,0,0
t1_p7bdubv,0,0.005060331430286169,-5.28125,0,0.6447762250900269,0,0.04907892521511716,tagalog,comment,True,adjudicator,2-1,0,0
t1_p4zzw7a,0,0.024237634614109993,-3.6953125,0,0.7080046534538269,0,0.1116572220345351,tagalog,comment,True,adjudicator,2-1,0,0
t1_p2r3dxn,0,0.0017546144081279635,-6.34375,0,0.37957221269607544,0,0.027644106896874285,tagalog,comment,True,unanimous,3-0,0,0
t1_p4teilx,0,0.1766716092824936,-1.5390625,0,0.8320525884628296,1,0.2965523655014196,tagalog,comment,True,adjudicator,2-1,0,0
t1_p7jqyo7,0,0.0028449094388633966,-5.859375,0,0.5010116100311279,0,0.03596910275109087,english,comment,True,adjudicator,2-1,0,1
t1_p7ivahf,0,0.4645979106426239,-0.141845703125,0,0.8549434542655945,1,0.4801084517505492,english,comment,True,majority,3-0,0,0
t1_p4zgmjx,0,0.332852303981781,-0.6953125,0,0.9052853584289551,1,0.4036617062756411,tagalog,comment,True,adjudicator,2-1,0,0
t1_p4zyi5d,0,0.06278920918703079,-2.703125,0,0.7360061407089233,0,0.17989225905201828,taglish,comment,True,unanimous,3-0,0,0
t1_p514hcf,0,0.04115288704633713,-3.1484375,0,0.7962117195129395,0,0.14591570505458368,tagalog,comment,True,adjudicator,2-1,0,0
t1_p50hq64,1,0.9688562154769897,3.4375,1,0.9650870561599731,1,0.8731643502702489,taglish,comment,True,majority,3-0,1,1
t1_p3yjl5u,0,0.003172682598233223,-5.75,0,0.3586619794368744,0,0.038159334976386884,tagalog,comment,True,majority,3-0,0,0
t1_p5demxp,1,0.10484336316585541,-2.14453125,0,0.7955589294433594,1,0.23083941597052432,taglish,comment,True,majority,3-0,1,1
t1_p4zxlkg,0,0.013636835850775242,-4.28125,0,0.4993229806423187,0,0.08296168937462702,english,comment,True,adjudicator,2-1,0,0
t1_p4zl5en,1,0.22202469408512115,-1.25390625,0,0.9277132749557495,1,0.3309855171348798,tagalog,comment,True,majority,3-0,1,1
t1_p7jpv87,0,0.004264634568244219,-5.453125,0,0.5613148212432861,0,0.04476790232060008,tagalog,comment,True,adjudicator,2-1,0,1
t1_p4zs2z6,0,0.35711899399757385,-0.587890625,0,0.9212239980697632,1,0.4182546241861583,tagalog,comment,True,adjudicator,2-1,0,0
t1_p5034yw,1,0.0033244371879845858,-5.703125,0,0.3290404677391052,0,0.03913673086889577,taglish,comment,True,majority,3-0,1,1
t1_p2regbb,0,0.001957016997039318,-6.234375,0,0.4508889317512512,0,0.02934284274043753,tagalog,comment,True,majority,3-0,0,0
t1_p51a6ak,0,0.07864238321781158,-2.4609375,0,0.6979246139526367,0,0.2008236502458881,tagalog,comment,True,adjudicator,2-1,0,1
t1_p4zhckl,0,0.2030746191740036,-1.3671875,0,0.9154785871505737,1,0.31706171856605964,tagalog,comment,True,adjudicator,2-1,0,0
t1_p75pjpp,0,0.5652987360954285,0.2626953125,1,0.8896483778953552,1,0.5367915708674696,tagalog,comment,True,adjudicator,2-1,0,0
t1_p67mqq5,0,0.010169658809900284,-4.578125,0,0.586159348487854,0,0.07113487763926989,english,comment,True,majority,3-0,0,0
t1_p7iv83y,0,0.11920293420553207,-2.0,0,0.8380296230316162,1,0.24555488450187982,tagalog,comment,True,adjudicator,2-1,0,0
t1_p7jkyer,0,0.12984344363212585,-1.90234375,0,0.880759596824646,1,0.2558494214137658,tagalog,comment,True,adjudicator,2-1,0,0
t1_p5d20od,0,0.8489722013473511,1.7265625,1,0.9726375341415405,1,0.7249202194826649,tagalog,comment,True,adjudicator,3-0,0,1
t1_p2h3oav,0,0.0011335690505802631,-6.78125,0,0.15851277112960815,0,0.02175646106332701,taglish,comment,True,unanimous,3-0,0,0
t1_p7jiww0,0,0.048496000468730927,-2.9765625,0,0.821627140045166,0,0.15835230001766082,english,comment,True,adjudicator,2-1,0,0
t1_p4zexhl,0,0.8688268065452576,1.890625,1,0.947743833065033,1,0.7428963849640393,english,comment,True,adjudicator,2-1,0,0
t1_p7lhzij,1,0.896975576877594,2.1640625,1,0.955495297908783,1,0.7711010896203782,tagalog,comment,True,unanimous,3-0,1,1
t1_p50xc5h,0,0.0028449094388633966,-5.859375,0,0.31054532527923584,0,0.03596910275109087,english,comment,True,unanimous,3-0,0,0
t1_p3qgyt6,0,0.007815889082849026,-4.84375,0,0.5741347074508667,0,0.06189266057309455,tagalog,comment,True,adjudicator,3-0,0,1
t1_p5d50ke,0,0.2929997146129608,-0.880859375,0,0.879336953163147,1,0.37886568229217177,tagalog,comment,True,adjudicator,2-1,0,0
t1_p50q1a9,1,0.3195458948612213,-0.755859375,0,0.9451794624328613,1,0.3955093604166968,tagalog,comment,True,majority,3-0,1,1
t1_p4zwijb,0,0.08570928126573563,-2.3671875,0,0.8513433933258057,0,0.20940112367320815,tagalog,comment,True,adjudicator,2-1,0,0
t1_p56tixe,0,0.0035936026833951473,-5.625,0,0.34668558835983276,0,0.040819298548541494,tagalog,comment,True,adjudicator,2-1,0,1
t1_p500nuq,0,0.518729031085968,0.074951171875,1,0.806726336479187,1,0.5105146803437596,english,comment,True,unanimous,3-0,0,0
t1_p4zxpkq,0,0.008847354911267757,-4.71875,0,0.6446807384490967,0,0.06609331635272746,taglish,comment,True,majority,3-0,0,0
t1_p7i23nn,0,0.10557883977890015,-2.13671875,0,0.6164332628250122,1,0.23161883469293099,english,comment,True,adjudicator,2-1,0,1
t1_p38csbl,0,0.0753123015165329,-2.5078125,0,0.8129422068595886,0,0.19663464615543252,tagalog,comment,True,adjudicator,2-1,0,1
t1_p67i2nm,0,0.03138043358922005,-3.4296875,0,0.7866548895835876,0,0.12732203398147005,tagalog,comment,True,majority,3-0,0,0
t1_p3pq2hf,0,0.005819959565997124,-5.140625,0,0.4075336456298828,0,0.05289614791248486,tagalog,comment,True,unanimous,3-0,0,0
t1_p72j2s2,0,0.0037072529084980488,-5.59375,0,0.22741153836250305,0,0.04151154081692565,english,comment,True,majority,3-0,0,0
t1_p72nk1f,0,0.002800926798954606,-5.875,0,0.22308066487312317,0,0.03566626093714118,english,comment,True,majority,3-0,0,0
t1_p50drni,0,0.167763352394104,-1.6015625,0,0.9224103689193726,1,0.28928758687492806,tagalog,comment,True,adjudicator,2-1,0,1
t1_p7iwa9e,0,0.9536218643188477,3.0234375,1,0.9584449529647827,1,0.8451224763346854,english,comment,True,majority,3-0,0,0
t1_p4tdt5e,0,0.025565214455127716,-3.640625,0,0.7880159616470337,0,0.11473806914808991,tagalog,comment,True,adjudicator,2-1,0,1
t1_p7aqkt5,0,0.30445513129234314,-0.826171875,0,0.9223053455352783,1,0.38611478053365866,tagalog,comment,True,adjudicator,2-1,0,1
t1_p7l0ksb,0,0.008445627056062222,-4.765625,0,0.4174235463142395,0,0.06448789222350912,tagalog,comment,True,adjudicator,2-1,0,1
t1_p4zgcif,0,0.3704531192779541,-0.5302734375,0,0.9462323188781738,1,0.42614284379910156,tagalog,comment,True,adjudicator,2-1,0,1
t1_p56ftcu,1,0.020023442804813385,-3.890625,0,0.8084107637405396,0,0.10123842100878153,english,comment,True,adjudicator,2-1,1,1
t1_p7iweo9,0,0.011158031411468983,-4.484375,0,0.643571138381958,0,0.07469084511175098,tagalog,comment,True,unanimous,3-0,0,0
t1_p4zyqfc,0,0.018978038802742958,-3.9453125,0,0.5839838981628418,0,0.098479731061289,tagalog,comment,True,adjudicator,2-1,0,1
t1_p7j4l6c,0,0.028652667999267578,-3.5234375,0,0.713973879814148,0,0.12158960364901414,tagalog,comment,True,adjudicator,2-1,0,1
t1_p514efx,0,0.02595735713839531,-3.625,0,0.5279568433761597,0,0.11563180248302748,english,comment,True,unanimous,3-0,0,0
t1_p4zw6fh,1,0.36274343729019165,-0.5634765625,0,0.8965336680412292,1,0.42159223215545755,taglish,comment,True,adjudicator,2-1,1,0
t1_p38b6vw,0,0.01384861022233963,-4.265625,0,0.758379340171814,0,0.08363128890769267,tagalog,comment,True,adjudicator,2-1,0,1
t1_p7j4az2,0,0.888372004032135,2.07421875,1,0.9727787971496582,1,0.7620797931283129,tagalog,comment,True,adjudicator,2-1,0,1
t1_p4tglh0,0,0.9862577319145203,4.2734375,1,0.9707950353622437,1,0.9167041225665418,tagalog,comment,True,adjudicator,2-1,0,0
t1_p7jl1kj,1,0.011687257327139378,-4.4375,0,0.34709855914115906,0,0.07652949281507797,english,comment,True,majority,3-0,1,1
t1_p501svf,0,0.08632347732782364,-2.359375,0,0.8379437327384949,0,0.2101279320434098,taglish,comment,True,unanimous,3-0,0,0
t1_p4yliu2,0,0.896975576877594,2.1640625,1,0.9454967379570007,1,0.7711010896203782,english,comment,True,unanimous,3-0,0,0
t1_p50qob0,0,0.017712298780679703,-4.015625,0,0.6452727317810059,0,0.09503136149672736,taglish,comment,True,majority,3-0,0,0
t1_p5gu672,1,0.006903837900608778,-4.96875,0,0.6689138412475586,0,0.057942419339006214,taglish,comment,True,majority,3-0,1,1
t1_p7iy5l3,0,0.08945459872484207,-2.3203125,0,0.8531588315963745,0,0.2137897221189672,tagalog,comment,True,adjudicator,2-1,0,0
t1_p7b7s1d,0,0.0014325366355478764,-6.546875,0,0.4054444432258606,0,0.02473935757510446,tagalog,comment,True,majority,3-0,0,0
t1_p4tgfsj,0,0.18068422377109528,-1.51171875,0,0.8287426233291626,1,0.29976367682519556,taglish,comment,True,majority,3-0,0,0
t1_p3klgsq,0,0.00970847625285387,-4.625,0,0.6467522382736206,0,0.06941609501300891,tagalog,comment,True,majority,3-0,0,0
t1_p4zwuaf,0,0.8509647250175476,1.7421875,1,0.9566122889518738,1,0.7266654469993244,tagalog,comment,True,adjudicator,2-1,0,1
t1_p5ilowd,0,0.06853749603033066,-2.609375,0,0.503303587436676,0,0.18778579134624687,english,comment,True,unanimous,3-0,0,0
t1_p5dm7pj,1,0.02080449089407921,-3.8515625,0,0.8305172920227051,0,0.10325069609876944,english,comment,True,majority,3-0,1,1
t1_p56fcks,1,0.0427221953868866,-3.109375,0,0.8165260553359985,0,0.1486691180986134,english,comment,True,majority,3-0,1,1
t1_p7bdpkr,0,0.0012843081494793296,-6.65625,0,0.3060862421989441,0,0.02330073227477451,tagalog,comment,True,unanimous,3-0,0,0
t1_p7iv0ce,0,0.5676969289779663,0.2724609375,1,0.9393328428268433,1,0.5381540667642631,english,comment,True,adjudicator,2-1,0,1
t1_p73oo5i,1,0.09467770159244537,-2.2578125,0,0.6356765031814575,0,0.21974475729064444,tagalog,comment,True,adjudicator,2-1,1,0
t1_p4zz5m8,0,0.06954174488782883,-2.59375,0,0.8383129835128784,0,0.18912695845355249,taglish,comment,True,adjudicator,2-1,0,1
t1_p3d90x5,0,0.0022872276604175568,-6.078125,0,0.383704274892807,0,0.03194626518022632,english,comment,True,majority,3-0,0,0
t1_p40mjue,0,0.002251847181469202,-6.09375,0,0.3197508454322815,0,0.03167618073058643,taglish,comment,True,adjudicator,2-1,0,0
t1_p7jm4ni,0,0.00482972152531147,-5.328125,0,0.48590871691703796,0,0.04786560306024229,tagalog,comment,True,adjudicator,2-1,0,0
t1_p38ihh5,0,0.14128142595291138,-1.8046875,0,0.914141833782196,1,0.26642313349364954,tagalog,comment,True,adjudicator,2-1,0,1
t1_p68bki8,0,0.0038244836032390594,-5.5625,0,0.31731173396110535,0,0.04221500594017596,taglish,comment,True,majority,3-0,0,0
t1_p453ho3,0,0.001957016997039318,-6.234375,0,0.1588129699230194,0,0.02934284274043753,english,comment,True,majority,3-0,0,0
t1_p7c4f2u,0,0.22815652191638947,-1.21875,0,0.7448007464408875,1,0.33536906031088715,tagalog,comment,True,adjudicator,2-1,0,0
t1_p2ubaij,0,0.0060975621454417706,-5.09375,0,0.49640774726867676,0,0.05422972408507728,taglish,comment,True,majority,3-0,0,0
t1_p3g0zhb,0,0.00172745855525136,-6.359375,0,0.32824623584747314,0,0.027409364507913175,tagalog,comment,True,adjudicator,2-1,0,0
t1_p5d40vk,0,0.024423090741038322,-3.6875,0,0.6687631607055664,0,0.11209287283545291,tagalog,comment,True,adjudicator,2-1,0,0
t1_p5dbgir,0,0.06903792917728424,-2.6015625,0,0.8653404116630554,0,0.18845545888181314,tagalog,comment,True,adjudicator,2-1,0,0
t1_p7jv0ob,0,0.2802222669124603,-0.943359375,0,0.6295301914215088,1,0.37064691420201457,english,comment,True,unanimous,3-0,0,0
t1_p54ijgj,0,0.00941259041428566,-4.65625,0,0.74176025390625,0,0.06829167392178001,tagalog,comment,True,unanimous,3-0,0,0
t1_p501l48,1,0.012431650422513485,-4.375,0,0.6774210929870605,0,0.07904559212477019,taglish,comment,True,majority,3-0,1,1
t1_p5jposm,0,0.001867565792053938,-6.28125,0,0.36485347151756287,0,0.02860275726348513,tagalog,comment,True,majority,3-0,0,0
t1_p56pizi,0,0.002889581024646759,-5.84375,0,0.43166583776474,0,0.036274419264536326,english,comment,True,adjudicator,2-1,0,0
t3_1vqe0cr,0,0.0018102111062034965,-6.3125,0,0.17181870341300964,0,0.02811946525674957,taglish,submission,True,majority,3-0,0,0
t1_p4tg9di,0,0.06097517907619476,-2.734375,0,0.8743650317192078,0,0.17731930155821943,tagalog,comment,True,adjudicator,2-1,0,1
t1_p3ux07e,0,0.8910549879074097,2.1015625,1,0.9539917707443237,1,0.7648510694889135,tagalog,comment,True,adjudicator,2-1,0,1
t1_p511am0,0,0.1225232183933258,-1.96875,0,0.7010190486907959,1,0.24881850121664728,taglish,comment,True,unanimous,3-0,0,0
t1_p5jjd81,0,0.04958902671933174,-2.953125,0,0.5298490524291992,0,0.16011329246246825,taglish,comment,True,majority,3-0,0,0
t1_p4zwasv,0,0.006388320587575436,-5.046875,0,0.45502305030822754,0,0.05559494777820731,tagalog,comment,True,adjudicator,2-1,0,1
t1_p570nj4,0,0.049958519637584686,-2.9453125,0,0.8779959678649902,0,0.16070380184178343,tagalog,comment,True,adjudicator,2-1,0,0
t1_p6shdhh,0,0.87103670835495,1.91015625,1,0.9288812875747681,1,0.7449844740320074,english,comment,True,adjudicator,2-1,0,1
t1_p3cwvys,0,0.6433292627334595,0.58984375,1,0.8771969079971313,1,0.5820120656370013,tagalog,comment,True,adjudicator,2-1,0,0
t1_p56v9u9,0,0.0012065897462889552,-6.71875,0,0.17677490413188934,0,0.02251566573583973,taglish,comment,True,majority,3-0,0,0
t1_p4yivgr,1,0.004198795650154352,-5.46875,0,0.6941165924072266,0,0.04439439053631127,taglish,comment,True,majority,3-0,1,1
t1_p4zdtln,0,0.014392335899174213,-4.2265625,0,0.6069885492324829,0,0.08532681967544196,tagalog,comment,True,adjudicator,2-1,0,0
t1_p7iw054,0,0.8875949382781982,2.06640625,1,0.9548572301864624,1,0.761283886498394,tagalog,comment,True,unanimous,3-0,0,0
t1_p50ql5h,0,0.007460643537342548,-4.890625,0,0.4738621115684509,0,0.06038267430548501,tagalog,comment,True,adjudicator,2-1,0,0
t1_p3kb9ev,0,0.009268012829124928,-4.671875,0,0.7908612489700317,0,0.06773581365504945,tagalog,comment,True,adjudicator,2-1,0,0
t1_p7mcjoy,0,0.10447732359170914,-2.1484375,0,0.6197653412818909,1,0.230450395616925,tagalog,comment,True,majority,3-0,0,0
t1_p5dwkcb,1,0.008711384609341621,-4.734375,0,0.7341615557670593,0,0.0655540906515723,taglish,comment,True,unanimous,3-0,1,1
t1_p3r6p6x,0,0.002714985515922308,-5.90625,0,0.2372599095106125,0,0.03506792766728798,tagalog,comment,True,adjudicator,2-1,0,0
t1_p2ri7dc,0,0.0024343819823116064,-6.015625,0,0.39088499546051025,0,0.033049036227900674,tagalog,comment,True,adjudicator,2-1,0,0
t1_p50493j,0,0.05749328061938286,-2.796875,0,0.8425812125205994,0,0.1722601584661797,tagalog,comment,True,adjudicator,2-1,0,0
t1_p4zmo02,1,0.03161877021193504,-3.421875,0,0.7881021499633789,0,0.12781001038494516,tagalog,comment,True,majority,3-0,1,1
t1_p3xraqe,0,0.04054073989391327,-3.1640625,0,0.6590251326560974,0,0.14482623504479436,tagalog,comment,True,adjudicator,2-1,0,1
t1_p56ge9a,0,0.008711384609341621,-4.734375,0,0.7043498754501343,0,0.0655540906515723,english,comment,True,adjudicator,2-1,0,1
t1_p75ptee,0,0.024423090741038322,-3.6875,0,0.7512714862823486,0,0.11209287283545291,tagalog,comment,True,majority,3-0,0,0
t1_p2remor,0,0.01342825498431921,-4.296875,0,0.6369572877883911,0,0.08229696955871754,english,comment,True,adjudicator,2-1,0,0
t1_p4zyz1y,0,0.6905590891838074,0.802734375,1,0.9402555227279663,1,0.6107627272710263,tagalog,comment,True,adjudicator,2-1,0,1
t1_p5ckbnh,0,0.010489092208445072,-4.546875,0,0.4142425060272217,0,0.0723024792169979,english,comment,True,adjudicator,2-1,0,0
t1_p3gmrfg,0,0.001957016997039318,-6.234375,0,0.2328357696533203,0,0.02934284274043753,english,comment,True,majority,3-0,0,0
t1_p73lxdn,0,0.0032730652019381523,-5.71875,0,0.430503249168396,0,0.03880829284256241,english,comment,True,adjudicator,3-0,0,0
t1_p50e58a,0,0.3415825068950653,-0.65625,0,0.7686450481414795,1,0.4089499655355263,english,comment,True,adjudicator,2-1,0,1
t1_p4zt3ub,0,0.053009770810604095,-2.8828125,0,0.7708173990249634,0,0.16549140097768275,tagalog,comment,True,adjudicator,2-1,0,0
t1_p4zm16c,0,0.05665242671966553,-2.8125,0,0.7383572459220886,0,0.17101337441246292,tagalog,comment,True,adjudicator,2-1,0,1
t1_p3l1c0p,0,0.006388320587575436,-5.046875,0,0.5235629081726074,0,0.05559494777820731,tagalog,comment,True,unanimous,3-0,0,0
t1_p2sv6o3,0,0.038756195455789566,-3.2109375,0,0.5494348406791687,0,0.1415983309442,taglish,comment,True,majority,3-0,0,0
t1_p2s1lp7,0,0.1535491645336151,-1.70703125,0,0.8764476180076599,1,0.27727101218526734,tagalog,comment,True,adjudicator,2-1,0,0
t1_p2or0l1,0,0.04115288704633713,-3.1484375,0,0.6994742751121521,0,0.14591570505458368,taglish,comment,True,unanimous,3-0,0,0
t1_p56g61g,0,0.10743748396635056,-2.1171875,0,0.8321496248245239,1,0.23357541398497217,tagalog,comment,True,adjudicator,2-1,0,1
t1_p4zvjts,1,0.06052939593791962,-2.7421875,0,0.6675326228141785,0,0.1766805906890954,english,comment,True,adjudicator,2-1,1,1
t1_p5ckm7l,0,0.10706345736980438,-2.12109375,0,0.7530792951583862,1,0.23318318065453228,taglish,comment,True,adjudicator,2-1,0,0
t1_p746quy,0,0.0030753696337342262,-5.78125,0,0.5348007678985596,0,0.03752080546289194,taglish,comment,True,majority,3-0,0,0
t1_p2r1osy,0,0.0019877743907272816,-6.21875,0,0.49333900213241577,0,0.02959364019431563,taglish,comment,True,majority,3-0,0,0
t1_p7ivyqk,0,0.007577240467071533,-4.875,0,0.6156132221221924,0,0.06088213319794229,english,comment,True,unanimous,3-0,0,0
t1_p3ge4mk,0,0.0012644219677895308,-6.671875,0,0.2142021656036377,0,0.02310199576203085,english,comment,True,majority,3-0,0,0
t1_p6xqgkj,0,0.00955939944833517,-4.640625,0,0.44455695152282715,0,0.06885175885281816,tagalog,comment,True,adjudicator,2-1,0,0
t1_p76a04r,1,0.027376487851142883,-3.5703125,0,0.8542661666870117,0,0.11880764935351044,tagalog,comment,True,majority,3-0,1,1
t1_p3g1gjf,0,0.00172745855525136,-6.359375,0,0.2603702247142792,0,0.027409364507913175,taglish,comment,True,unanimous,3-0,0,0
t1_p55saf4,0,0.06853749603033066,-2.609375,0,0.8774040937423706,0,0.18778579134624687,tagalog,comment,True,unanimous,3-0,0,0
t1_p76r2xi,0,0.012920473702251911,-4.3359375,0,0.43160590529441833,0,0.08065633598390445,tagalog,comment,True,adjudicator,2-1,0,0
t1_p5ct483,0,0.017045317217707634,-4.0546875,0,0.7588002681732178,0,0.09316263293708814,taglish,comment,True,majority,3-0,0,0
t1_p4y0tpn,0,0.13568955659866333,-1.8515625,0,0.8632696866989136,1,0.261313201753804,taglish,comment,True,adjudicator,2-1,0,0
t1_p6xn9cx,0,0.002251847181469202,-6.09375,0,0.2079102247953415,0,0.03167618073058643,english,comment,True,majority,3-0,0,0
t1_p4u0xys,0,0.9507778882980347,2.9609375,1,0.9464292526245117,1,0.8404754594981345,english,comment,True,adjudicator,2-1,0,0
t1_p3dztkd,0,0.005469274707138538,-5.203125,0,0.4881713092327118,0,0.05116616704566037,english,comment,True,majority,3-0,0,0
t1_p4zofxi,0,0.03622005507349968,-3.28125,0,0.7379655241966248,0,0.13686934420374175,tagalog,comment,True,adjudicator,2-1,0,0
t1_p56ube0,0,0.02280263788998127,-3.7578125,0,0.6648415923118591,0,0.10822504896311938,tagalog,comment,True,adjudicator,2-1,0,1
t1_p75ujk6,1,0.024798156693577766,-3.671875,0,0.8361047506332397,0,0.1129686311742134,tagalog,comment,True,unanimous,3-0,1,1
t1_p4zk9ge,0,0.057918090373277664,-2.7890625,0,0.8014371395111084,0,0.17288624482551115,english,comment,True,majority,3-0,0,0
t1_p762lky,0,0.0038844766095280647,-5.546875,0,0.6920454502105713,0,0.04257099834829676,tagalog,comment,True,adjudicator,2-1,0,1
t1_p53ejq2,0,0.0024726232513785362,-6.0,0,0.4177395701408386,0,0.033330423307864405,taglish,comment,True,majority,3-0,0,0
t1_p4zjnbk,0,0.22000709176063538,-1.265625,0,0.9081296324729919,1,0.32953078372023986,tagalog,comment,True,adjudicator,2-1,0,1
t1_p5isuuo,0,0.07004895806312561,-2.5859375,0,0.5526070594787598,0,0.18980029110848204,english,comment,True,adjudicator,2-1,0,0
t1_p7amptq,0,0.0035936026833951473,-5.625,0,0.49809449911117554,0,0.040819298548541494,tagalog,comment,True,adjudicator,2-1,0,0
t1_p75p9x9,0,0.004905405919998884,-5.3125,0,0.5365572571754456,0,0.04826684473726577,tagalog,comment,True,adjudicator,2-1,0,1
t1_p760mru,0,0.10818895697593689,-2.109375,0,0.9056466817855835,1,0.23436125589306708,tagalog,comment,True,majority,3-0,0,0
t1_p4r5wg2,1,0.7185943722724915,0.9375,1,0.9474393129348755,1,0.6285856675822153,taglish,comment,True,majority,3-0,1,1
t1_p2rgdnv,0,0.0013458605390042067,-6.609375,0,0.34566912055015564,0,0.02390700619329433,tagalog,comment,True,unanimous,3-0,0,0
t1_p5iwm00,0,0.46283721923828125,-0.14892578125,0,0.898683488368988,1,0.47911671380131676,tagalog,comment,True,unanimous,3-0,0,0
t1_p67gtqn,0,0.0015011822106316686,-6.5,0,0.3580281138420105,0,0.025382091058865915,taglish,comment,True,unanimous,3-0,0,0
t1_p2r1vu0,0,0.001838665222749114,-6.296875,0,0.4650847315788269,0,0.02836011183776671,tagalog,comment,True,unanimous,3-0,0,0
t1_p72m2ne,0,0.0026730059180408716,-5.921875,0,0.21648621559143066,0,0.034772399618271686,english,comment,True,majority,3-0,0,0
t1_p750uar,0,0.0015731120947748423,-6.453125,0,0.32100677490234375,0,0.026041077014244022,taglish,comment,True,majority,3-0,0,0
t1_p4iaido,0,0.004133968148380518,-5.484375,0,0.48349064588546753,0,0.044023851448754196,english,comment,True,majority,3-0,0,0
t1_p7b3yf9,0,0.0039454069919884205,-5.53125,0,0.5702728629112244,0,0.042929858226661524,tagalog,comment,True,majority,3-0,0,0
t1_p3js9ge,0,0.002396730938926339,-6.03125,0,0.42330774664878845,0,0.0327699441846116,tagalog,comment,True,unanimous,3-0,0,0
t1_p3ezlsv,0,0.002217013156041503,-6.109375,0,0.3690025508403778,0,0.03140830558159979,tagalog,comment,True,majority,3-0,0,0
t1_p3rqnvc,0,0.0017007224960252643,-6.375,0,0.22953078150749207,0,0.027176559742674317,taglish,comment,True,majority,3-0,0,0
t1_p5104ys,0,0.0023231625091284513,-6.0625,0,0.30967336893081665,0,0.03221857586181331,english,comment,True,unanimous,3-0,0,0
t1_p3fwq8b,0,0.0025909794494509697,-5.953125,0,0.5192239284515381,0,0.03418853003842758,english,comment,True,adjudicator,2-1,0,0
t1_p3siquu,0,0.0011335690505802631,-6.78125,0,0.11130895465612411,0,0.02175646106332701,english,comment,True,majority,3-0,0,0
t1_p56zxlp,0,0.024798156693577766,-3.671875,0,0.46087783575057983,0,0.1129686311742134,english,comment,True,unanimous,3-0,0,0
t1_p3famw2,0,0.005730246659368277,-5.15625,0,0.5701783895492554,0,0.05245854405776818,tagalog,comment,True,adjudicator,3-0,0,1
t1_p503bad,0,0.008315778337419033,-4.78125,0,0.6703094244003296,0,0.06396086741332643,taglish,comment,True,majority,3-0,0,0
t1_p56tc7c,0,0.001151399570517242,-6.765625,0,0.257986456155777,0,0.021943882529335074,taglish,comment,True,majority,3-0,0,0
t1_p7kkwjh,0,0.020645931363105774,-3.859375,0,0.6245629787445068,0,0.10284543006797023,tagalog,comment,True,adjudicator,2-1,0,1
t1_p5ivil6,0,0.9522199034690857,2.9921875,1,0.9726390242576599,1,0.842812937453451,taglish,comment,True,adjudicator,2-1,0,0
t1_p58atkp,0,0.013020490296185017,-4.328125,0,0.835448682308197,0,0.08098205764106188,tagalog,comment,True,adjudicator,2-1,0,1
t1_p48uzbx,0,0.0020190139766782522,-6.203125,0,0.4957291781902313,0,0.029846515336618872,taglish,comment,True,majority,3-0,0,0
t3_1vsgx0z,0,0.0007437028689309955,-7.203125,0,0.0801672711968422,0,0.017248735393033843,taglish,submission,True,majority,3-0,0,0
t1_p589q0r,0,0.00955939944833517,-4.640625,0,0.8152227401733398,0,0.06885175885281816,tagalog,comment,True,adjudicator,2-1,0,1
t1_p7jlspi,0,0.3842187523841858,-0.4716796875,0,0.7776215076446533,1,0.43420347067062476,tagalog,comment,True,majority,3-0,0,0
t1_p4to7sm,0,0.1475551873445511,-1.75390625,0,0.8647899627685547,1,0.2720301749128921,tagalog,comment,True,adjudicator,2-1,0,1
t3_1vi0ni5,0,0.00178219610825181,-6.328125,0,0.170832559466362,0,0.027880802061822113,english,submission,True,majority,3-0,0,0
t1_p7mbff3,0,0.010013570077717304,-4.59375,0,0.3785336911678314,0,0.07055762765579472,tagalog,comment,True,adjudicator,2-1,0,1
t1_p3evq8z,0,0.0018969200318679214,-6.265625,0,0.3175392746925354,0,0.02884741709539808,taglish,comment,True,majority,3-0,0,0
t1_p72e5co,0,0.0035380858462303877,-5.640625,0,0.29517289996147156,0,0.04047733513175872,tagalog,comment,True,adjudicator,2-1,0,1
t1_p4ydghc,0,0.005384938325732946,-5.21875,0,0.3990711569786072,0,0.0507421083497877,english,comment,True,majority,3-0,0,0
t1_p4ie5zr,0,0.03622005507349968,-3.28125,0,0.8245029449462891,0,0.13686934420374175,tagalog,comment,True,majority,3-0,0,0
t1_p4tpsa6,0,0.00955939944833517,-4.640625,0,0.6866209506988525,0,0.06885175885281816,english,comment,True,majority,3-0,0,0
t1_p3g7db7,0,0.002251847181469202,-6.09375,0,0.45854759216308594,0,0.03167618073058643,taglish,comment,True,majority,3-0,0,0
t1_p7jj8ti,0,0.13386748731136322,-1.8671875,0,0.7182378768920898,1,0.25962403495886643,tagalog,comment,True,adjudicator,2-1,0,1
t1_p6ya1ka,0,0.0032730652019381523,-5.71875,0,0.24634218215942383,0,0.03880829284256241,english,comment,True,majority,3-0,0,0
t1_p7iwruh,1,0.9872773289680481,4.3515625,1,0.9557027220726013,1,0.9199915240480313,english,comment,True,majority,3-0,1,1
t1_p38hels,0,0.06418264657258987,-2.6796875,0,0.7226792573928833,0,0.18184103798719717,tagalog,comment,True,adjudicator,2-1,0,0
t1_p4tmk6i,0,0.9314625263214111,2.609375,1,0.974833607673645,1,0.8122142086537532,tagalog,comment,True,adjudicator,2-1,0,0
t1_p708dim,1,0.0030753696337342262,-5.78125,0,0.1440790593624115,0,0.03752080546289194,english,comment,True,adjudicator,2-1,1,1
t1_p3iqvxf,0,0.0059110685251653194,-5.125,0,0.575244665145874,0,0.05333719673018011,english,comment,True,majority,3-0,0,0
t1_p6wcnv1,0,0.9764904975891113,3.7265625,1,0.9521613121032715,1,0.8900706043624975,english,comment,True,adjudicator,2-1,0,1
t1_p3difvl,1,0.001838665222749114,-6.296875,0,0.4891899824142456,0,0.02836011183776671,taglish,comment,True,unanimous,3-0,1,1
t1_p4nlhqb,0,0.0222861859947443,-3.78125,0,0.5627410411834717,0,0.10696206608917196,english,comment,True,unanimous,3-0,0,0
t1_p3ez7a5,0,0.0023596608079969883,-6.046875,0,0.4964342713356018,0,0.03249312981430348,taglish,comment,True,majority,3-0,0,0
t1_p7deb7z,0,0.003172682598233223,-5.75,0,0.4453256130218506,0,0.038159334976386884,tagalog,comment,True,adjudicator,2-1,0,0
t1_p7b3pne,0,0.24944725632667542,-1.1015625,0,0.7914083003997803,1,0.35018387830749886,english,comment,True,unanimous,3-0,0,0
t1_p3nzuws,0,0.0022872276604175568,-6.078125,0,0.3139270842075348,0,0.03194626518022632,taglish,comment,True,majority,3-0,0,0
t1_p73mgga,0,0.009125636890530586,-4.6875,0,0.3947555720806122,0,0.06718415156459706,tagalog,comment,True,majority,3-0,0,0
t1_p7cczam,0,0.00857748556882143,-4.75,0,0.5054466724395752,0,0.06501895796981078,tagalog,comment,True,adjudicator,3-0,0,0
t1_p3buqud,0,0.019870713353157043,-3.8984375,0,0.5803389549255371,0,0.10084016512310716,tagalog,comment,True,adjudicator,2-1,0,1
t1_p3kk6sm,0,0.0025509123224765062,-5.96875,0,0.4242548942565918,0,0.03390015257688779,tagalog,comment,True,adjudicator,2-1,0,1
t1_p3exe59,0,0.0032224843744188547,-5.734375,0,0.549802303314209,0,0.038482500701258325,tagalog,comment,True,adjudicator,2-1,0,1
t1_p56sonm,0,0.31742629408836365,-0.765625,0,0.8708592653274536,1,0.39419976143392477,english,comment,True,majority,3-0,0,0
t1_p56eroe,1,0.3747907280921936,-0.51171875,0,0.8755383491516113,1,0.4286913432062088,taglish,comment,True,majority,3-0,1,1
t1_p27mvrh,0,0.0018969200318679214,-6.265625,0,0.35132133960723877,0,0.02884741709539808,taglish,comment,True,unanimous,3-0,0,0
t1_p6w2hj0,0,0.011869121342897415,-4.421875,0,0.23249536752700806,0,0.0771515445816443,english,comment,True,majority,3-0,0,0
t1_p73m7fg,0,0.017712298780679703,-4.015625,0,0.48380550742149353,0,0.09503136149672736,english,comment,True,majority,3-0,0,0
t1_p5dnz4u,0,0.012624949216842651,-4.359375,0,0.6190524101257324,0,0.07968633064317103,english,comment,True,adjudicator,2-1,0,0
t1_p7b4t02,0,0.04084571823477745,-3.15625,0,0.6158920526504517,0,0.14537012303369642,tagalog,comment,True,unanimous,3-0,0,0
t1_p4zjxvl,0,0.24944725632667542,-1.1015625,0,0.9072706699371338,1,0.35018387830749886,tagalog,comment,True,adjudicator,2-1,0,1
t3_1vsnpkz,0,0.013020490296185017,-4.328125,0,0.4213460385799408,0,0.08098205764106188,taglish,submission,True,unanimous,3-0,0,0
t1_p3h6dmg,0,0.0013250225456431508,-6.625,0,0.23606882989406586,0,0.023703224145631474,taglish,comment,True,majority,3-0,0,0
t1_p7ccbnn,0,0.010818448849022388,-4.515625,0,0.5312406420707703,0,0.07348772946012651,taglish,comment,True,unanimous,3-0,0,0
t3_1vc8dyu,0,0.01640303246676922,-4.09375,0,0.29007959365844727,0,0.09132694324564786,english,submission,True,majority,3-0,0,0
t1_p4zfyyb,0,0.020332353189587593,-3.875,0,0.7640170454978943,0,0.10203912147630155,tagalog,comment,True,adjudicator,2-1,0,0
t1_p4y85sb,0,0.021287353709340096,-3.828125,0,0.5645000338554382,0,0.10447498276621153,english,comment,True,adjudicator,2-1,0,0
t1_p5cuuzs,0,0.11124119907617569,-2.078125,0,0.7850848436355591,1,0.2375229386286162,tagalog,comment,True,adjudicator,2-1,0,0
t1_p5016gw,0,0.030444350093603134,-3.4609375,0,0.7326943874359131,0,0.12538601856451892,tagalog,comment,True,adjudicator,2-1,0,1
t1_p7iw8dy,0,0.025760557502508163,-3.6328125,0,0.6832858920097351,0,0.1151841818319897,taglish,comment,True,adjudicator,2-1,0,0
t1_p3nvcgm,0,0.0014779430348426104,-6.515625,0,0.2656973898410797,0,0.02516605964303529,english,comment,True,adjudicator,3-0,0,0
t1_p38ba2f,0,0.026759279891848564,-3.59375,0,0.8002976775169373,0,0.11743743134493874,tagalog,comment,True,adjudicator,2-1,0,1
t1_p53vm77,0,0.00955939944833517,-4.640625,0,0.4659625291824341,0,0.06885175885281816,english,comment,True,adjudicator,2-1,0,1
t1_p6yl8qm,0,0.0037654140032827854,-5.578125,0,0.2289944589138031,0,0.04186186029469008,tagalog,comment,True,adjudicator,2-1,0,0
t1_p7c62qa,0,0.9429286122322083,2.8046875,1,0.9241964817047119,1,0.8283641310885815,tagalog,comment,True,adjudicator,2-1,0,1
t1_p5iaxyo,0,0.6645402908325195,0.68359375,1,0.9050706624984741,1,0.5947541050516091,english,comment,True,adjudicator,2-1,0,1
t1_p3fo4vm,0,0.0019877743907272816,-6.21875,0,0.32152122259140015,0,0.02959364019431563,taglish,comment,True,adjudicator,2-1,0,0
t1_p3lcowc,0,0.0037654140032827854,-5.578125,0,0.43028947710990906,0,0.04186186029469008,english,comment,True,majority,3-0,0,0
t1_p55v84k,0,0.00628990214318037,-5.0625,0,0.6049714088439941,0,0.055136316831376604,tagalog,comment,True,unanimous,3-0,0,0
t1_p5ie02z,0,0.929951012134552,2.5859375,1,0.9576703906059265,1,0.8101997088915179,tagalog,comment,True,adjudicator,2-1,0,1
t1_p3e3pq4,0,0.001524786464869976,-6.484375,0,0.3447185754776001,0,0.0255999282397834,taglish,comment,True,unanimous,3-0,0,0
t1_p38t9ig,0,0.013020490296185017,-4.328125,0,0.5951711535453796,0,0.08098205764106188,english,comment,True,majority,3-0,0,0
t1_p3lvqwa,0,0.01615283451974392,-4.109375,0,0.7380625605583191,0,0.0906018199205981,tagalog,comment,True,adjudicator,2-1,0,0
t1_p6xzqoz,1,0.004982269834727049,-5.296875,0,0.40975674986839294,0,0.04867127795738106,taglish,comment,True,unanimous,3-0,1,1
t1_p4y3klk,0,0.9750121831893921,3.6640625,1,0.9552944898605347,1,0.8865912545400466,english,comment,True,unanimous,3-0,0,0
t1_p4j2qy3,0,0.0008040859247557819,-7.125,0,0.22966670989990234,0,0.018007929459370124,taglish,comment,True,majority,3-0,0,0
t1_p3inhz7,0,0.0024726232513785362,-6.0,0,0.38961005210876465,0,0.033330423307864405,english,comment,True,majority,3-0,0,0
t1_p5dlyeh,0,0.0792103260755539,-2.453125,0,0.8595436811447144,0,0.20152827606711135,taglish,comment,True,unanimous,3-0,0,0
t1_p7i0oww,0,0.001032231142744422,-6.875,0,0.17448310554027557,0,0.02066437325746141,taglish,comment,True,majority,3-0,0,0
t1_p38gdc9,0,0.801314651966095,1.39453125,1,0.9520812034606934,1,0.6862518730461219,tagalog,comment,True,adjudicator,2-1,0,0
t1_p3ealbk,0,0.0026730059180408716,-5.921875,0,0.25628888607025146,0,0.034772399618271686,taglish,comment,True,unanimous,3-0,0,0
t1_p3er2di,0,0.0015487609198316932,-6.46875,0,0.3863809108734131,0,0.025819585440613215,taglish,comment,True,majority,3-0,0,0
t1_p4zakm8,0,0.04885777831077576,-2.96875,0,0.574797511100769,0,0.15893754376032795,taglish,comment,True,majority,3-0,0,0
t1_p7bgb5l,0,0.10087861120700836,-2.1875,0,0.7295718193054199,1,0.2265854833351209,english,comment,True,adjudicator,2-1,0,1
t1_p4x6g2g,0,0.21733753383159637,-1.28125,0,0.7824532389640808,1,0.3275962111940853,english,comment,True,majority,3-0,0,0
t1_p7bb4cl,0,0.9066531658172607,2.2734375,1,0.9530858397483826,1,0.7817550937016685,tagalog,comment,True,adjudicator,2-1,0,1
t1_p3foi7m,0,0.00172745855525136,-6.359375,0,0.33812054991722107,0,0.027409364507913175,taglish,comment,True,majority,3-0,0,0
t1_p50tmxr,0,0.0446808747947216,-3.0625,0,0.6210709810256958,0,0.15202966179218097,taglish,comment,True,majority,3-0,0,0
t1_p4u0btx,0,0.06560484319925308,-2.65625,0,0.5817627906799316,0,0.18380619657713382,taglish,comment,True,unanimous,3-0,0,0
t1_p504u40,0,0.01353214867413044,-4.2890625,0,0.5398861169815063,0,0.08262872124457442,tagalog,comment,True,adjudicator,2-1,0,1
t1_p3eyl3v,1,0.04922211542725563,-2.9609375,0,0.8442647457122803,0,0.15952454050186554,taglish,comment,True,majority,3-0,1,1
t1_p4zx41q,1,0.2934044897556305,-0.87890625,0,0.7040662169456482,1,0.37912367066264235,english,comment,True,adjudicator,2-1,1,1
t1_p27n0ke,0,0.0029810327105224133,-5.8125,0,0.536884069442749,0,0.03689255079703776,taglish,comment,True,adjudicator,2-1,0,0
t1_p7ccre7,1,0.020177319645881653,-3.8828125,0,0.7663671374320984,0,0.10163807196606826,taglish,comment,True,majority,3-0,1,1
t1_p3f3yqs,0,0.001081715221516788,-6.828125,0,0.22985926270484924,0,0.02120353956856762,tagalog,comment,True,adjudicator,3-0,0,0
t1_p73wuws,0,0.004609572235494852,-5.375,0,0.49705833196640015,0,0.04668080399614382,taglish,comment,True,adjudicator,2-1,0,1
t1_p5dlmov,0,0.09534946829080582,-2.25,0,0.8056380748748779,0,0.22049745434474555,english,comment,True,adjudicator,2-1,0,0
t1_p4inedd,0,0.0014325366355478764,-6.546875,0,0.405438631772995,0,0.02473935757510446,tagalog,comment,True,majority,3-0,0,0
t1_p6xupxo,0,0.006589771714061499,-5.015625,0,0.5459046363830566,0,0.05652299982418538,english,comment,True,adjudicator,2-1,0,1
t1_p7b3qeg,0,0.02178117074072361,-3.8046875,0,0.47564268112182617,0,0.1057120750099162,taglish,comment,True,unanimous,3-0,0,0
t1_p7j5by4,1,0.008847354911267757,-4.71875,0,0.6052979826927185,0,0.06609331635272746,tagalog,comment,True,adjudicator,2-1,1,0
t1_p4j4bo5,0,0.10856642574071884,-2.10546875,0,0.7428270578384399,1,0.2347548641860823,english,comment,True,adjudicator,2-1,0,0
t1_p50a60d,0,0.05582314357161522,-2.828125,0,0.5407494902610779,0,0.16977376346526324,english,comment,True,majority,3-0,0,0
t1_p4i6qaq,0,0.004264634568244219,-5.453125,0,0.4217512607574463,0,0.04476790232060008,taglish,comment,True,adjudicator,2-1,0,0
t1_p27mq1d,0,0.0022872276604175568,-6.078125,0,0.3871326446533203,0,0.03194626518022632,taglish,comment,True,unanimous,3-0,0,0
t1_p7jl2zl,1,0.02178117074072361,-3.8046875,0,0.6473405361175537,0,0.1057120750099162,taglish,comment,True,majority,3-0,1,1
t1_p3immhh,0,0.8647679686546326,1.85546875,1,0.9663887023925781,1,0.7391097550579009,taglish,comment,True,adjudicator,2-1,0,1
t1_p3fse21,0,0.0038244836032390594,-5.5625,0,0.5693315863609314,0,0.04221500594017596,tagalog,comment,True,adjudicator,2-1,0,0
t1_p3ktk1i,0,0.003429603995755315,-5.671875,0,0.3894278407096863,0,0.03980162301306125,tagalog,comment,True,adjudicator,2-1,0,0
t1_p4icm2l,1,0.14366762340068817,-1.78515625,0,0.8616740107536316,1,0.26857095549229465,tagalog,comment,True,adjudicator,2-1,1,1
t1_p70307o,0,0.0025909794494509697,-5.953125,0,0.45470571517944336,0,0.03418853003842758,tagalog,comment,True,adjudicator,2-1,0,0
t3_1vk6m52,0,0.0014325366355478764,-6.546875,0,0.3445538878440857,0,0.02473935757510446,taglish,submission,True,unanimous,3-0,0,0
t1_p3etfu1,0,0.001098731067031622,-6.8125,0,0.2509826123714447,0,0.021386302013147354,english,comment,True,majority,3-0,0,0
t1_p6snw48,0,0.006692850962281227,-5.0,0,0.5823714137077332,0,0.05699246963116262,tagalog,comment,True,adjudicator,2-1,0,1
t1_p3m8tkc,0,0.0030278346966952085,-5.796875,0,0.4526440501213074,0,0.037205403298071545,taglish,comment,True,unanimous,3-0,0,0
t1_p3f7jx0,0,0.01784873940050602,-4.0078125,0,0.8518795967102051,0,0.09540911049116822,tagalog,comment,True,adjudicator,2-1,0,0
t1_p5feovv,0,0.4019225239753723,-0.3974609375,0,0.855364203453064,1,0.44446324509176766,tagalog,comment,True,adjudicator,2-1,0,0
t1_p5fl88v,0,0.2557152211666107,-1.068359375,0,0.7591592669487,1,0.3544360305268885,tagalog,comment,True,unanimous,3-0,0,0
t1_p6sfuvk,0,0.010013570077717304,-4.59375,0,0.6174846887588501,0,0.07055762765579472,tagalog,comment,True,adjudicator,2-1,0,0
t1_p5du4ih,1,0.10669060051441193,-2.125,0,0.7600650191307068,1,0.23279140592537087,english,comment,True,majority,3-0,1,1
t1_p3fs17k,0,0.004007288720458746,-5.515625,0,0.5192161798477173,0,0.04329160639553263,tagalog,comment,True,majority,3-0,0,0
t1_p3rbynx,0,0.00857748556882143,-4.75,0,0.7884785532951355,0,0.06501895796981078,taglish,comment,True,unanimous,3-0,0,0
t1_p5ia6ze,0,0.42895087599754333,-0.2861328125,0,0.843881368637085,1,0.4599394005976684,english,comment,True,adjudicator,2-1,0,0
t1_p3f7adt,0,0.0011879054363816977,-6.734375,0,0.25708073377609253,0,0.02232347216579137,english,comment,True,majority,3-0,0,0
t1_p7cnndy,0,0.0010005043586716056,-6.90625,0,0.14996662735939026,0,0.02031240891044831,taglish,comment,True,majority,3-0,0,0
t1_p5iiyxz,0,0.08093671500682831,-2.4296875,0,0.6925222277641296,0,0.2036532353793832,tagalog,comment,True,majority,3-0,0,0
t1_p5iza8a,0,0.8994751572608948,2.19140625,1,0.9334153532981873,1,0.7737984764066093,tagalog,comment,True,adjudicator,2-1,0,1
t1_p5itg7e,1,0.8311430811882019,1.59375,1,0.9454178214073181,1,0.7098101023761166,english,comment,True,adjudicator,2-1,1,0
t1_p3f5hb2,0,0.0025114635936915874,-5.984375,0,0.527872622013092,0,0.03361412289700238,taglish,comment,True,adjudicator,2-1,0,0
t1_p6wjk7r,0,0.08570928126573563,-2.3671875,0,0.5727623105049133,0,0.20940112367320815,english,comment,True,majority,3-0,0,0
t1_p6w885b,0,0.004982269834727049,-5.296875,0,0.46529215574264526,0,0.04867127795738106,tagalog,comment,True,adjudicator,2-1,0,1
t1_p7jjytz,1,0.034358687698841095,-3.3359375,0,0.8098049163818359,0,0.13328371665251992,taglish,comment,True,unanimous,3-0,1,1
t1_p4zc7k9,1,0.985496461391449,4.21875,1,0.9780791997909546,1,0.9143303550337256,taglish,comment,True,majority,3-0,1,1
t1_p7dpy6e,0,0.3937346339225769,-0.431640625,0,0.7694036364555359,1,0.4397319212144158,english,comment,True,unanimous,3-0,0,0
t1_p7e7clf,0,0.001367025775834918,-6.59375,0,0.24530217051506042,0,0.024112496932114834,english,comment,True,unanimous,3-0,0,0
t1_p7d5lsh,0,0.011508148163557053,-4.453125,0,0.3996843695640564,0,0.07591204391995358,tagalog,comment,True,majority,3-0,0,0
t1_p7741aw,0,0.051082734018564224,-2.921875,0,0.8076614141464233,0,0.16248589617631426,tagalog,comment,True,unanimous,3-0,0,0
t1_p7jly72,0,0.16026602685451508,-1.65625,0,0.805103063583374,1,0.283018274359489,english,comment,True,majority,3-0,0,0
t1_p6utghy,0,0.3094409108161926,-0.802734375,0,0.8249369859695435,1,0.38923727272897374,taglish,comment,True,majority,3-0,0,0
t1_p3fn9rl,0,0.026759279891848564,-3.59375,0,0.8656255006790161,0,0.11743743134493874,tagalog,comment,True,adjudicator,2-1,0,1
t1_p548opy,0,0.004399413242936134,-5.421875,0,0.43990465998649597,0,0.04552392962098087,taglish,comment,True,unanimous,3-0,0,0
t1_p73lws3,0,0.00941259041428566,-4.65625,0,0.48396557569503784,0,0.06829167392178001,taglish,comment,True,majority,3-0,0,0
t1_p5hhth3,0,0.961533784866333,3.21875,1,0.9801875352859497,1,0.8589337745649143,tagalog,comment,True,adjudicator,2-1,0,1
t1_p75y4gp,0,0.3809892237186432,-0.4853515625,0,0.8878121376037598,1,0.4323193791901843,taglish,comment,True,adjudicator,2-1,0,1
t1_p501scw,0,0.013121269643306732,-4.3203125,0,0.6507500410079956,0,0.08130897835262446,taglish,comment,True,majority,3-0,0,0
t1_p74jed9,0,0.0009850084315985441,-6.921875,0,0.11510050296783447,0,0.02013863485454007,taglish,comment,True,unanimous,3-0,0,0
t1_p6sficv,0,0.0032224843744188547,-5.734375,0,0.5350902080535889,0,0.038482500701258325,taglish,comment,True,adjudicator,2-1,0,0
t1_p3kp7pr,0,0.002251847181469202,-6.09375,0,0.5840438604354858,0,0.03167618073058643,tagalog,comment,True,adjudicator,2-1,0,0
t1_p3kijwr,0,0.0022872276604175568,-6.078125,0,0.4087105989456177,0,0.03194626518022632,tagalog,comment,True,adjudicator,2-1,0,0
t1_p2lr6vc,0,0.002182716503739357,-6.125,0,0.12629564106464386,0,0.03114262290933151,taglish,comment,True,majority,3-0,0,0
t1_p53kc0j,0,0.012920473702251911,-4.3359375,0,0.46461057662963867,0,0.08065633598390445,tagalog,comment,True,majority,3-0,0,0
t1_p4dhebd,0,0.023689471185207367,-3.71875,0,0.7295790910720825,0,0.11035914250177101,taglish,comment,True,majority,3-0,0,0
t1_p6ua9sd,0,0.0016484829830005765,-6.40625,0,0.2632163465023041,0,0.026716702980587783,taglish,comment,True,majority,3-0,0,0
t1_p4mdscq,0,0.1795305460691452,-1.51953125,0,0.6415387988090515,1,0.2988441306933363,taglish,comment,True,majority,3-0,0,0
t1_p2801kr,0,0.0016484829830005765,-6.40625,0,0.3553702235221863,0,0.026716702980587783,tagalog,comment,True,adjudicator,2-1,0,0
t1_p7dseow,0,0.04672495648264885,-3.015625,0,0.7384335994720459,0,0.1554522971658849,taglish,comment,True,majority,3-0,0,0
t1_p4zzjgs,0,0.38885006308555603,-0.4521484375,0,0.8833893537521362,1,0.4368983186262001,tagalog,comment,True,adjudicator,2-1,0,1
t1_p6ss6y1,0,0.0013458605390042067,-6.609375,0,0.2378174513578415,0,0.02390700619329433,english,comment,True,majority,3-0,0,0
t1_p75vjn0,0,0.0071214293129742146,-4.9375,0,0.5444067716598511,0,0.05890721370277696,tagalog,comment,True,adjudicator,2-1,0,0
t1_p72zfo4,0,0.802555501461029,1.40234375,1,0.9218769073486328,1,0.6871951542293995,tagalog,comment,True,adjudicator,2-1,0,1
t1_p5fexch,0,0.37227699160575867,-0.5224609375,0,0.8091198205947876,1,0.4272154262053828,tagalog,comment,True,adjudicator,2-1,0,1
t1_p3ewny7,0,0.03185885399580002,-3.4140625,0,0.8807872533798218,0,0.1282995820570246,tagalog,comment,True,adjudicator,2-1,0,1
t1_p4zw37q,1,0.30777397751808167,-0.810546875,0,0.8913061022758484,1,0.3881954181927829,taglish,comment,True,majority,3-0,1,1
t1_p5ie04u,0,0.037047166377305984,-3.2578125,0,0.49261221289634705,0,0.138430724873356,tagalog,comment,True,adjudicator,3-0,0,0
t1_p6xbx95,0,0.011687257327139378,-4.4375,0,0.6416642665863037,0,0.07652949281507797,tagalog,comment,True,adjudicator,2-1,0,0
t3_1vmczp1,0,0.010013570077717304,-4.59375,0,0.6564106941223145,0,0.07055762765579472,tagalog,submission,True,majority,3-0,0,0
t1_p27zybu,0,0.002800926798954606,-5.875,0,0.4541555345058441,0,0.03566626093714118,tagalog,comment,True,adjudicator,2-1,0,1
t1_p3khdbr,0,0.003123648464679718,-5.765625,0,0.6524888277053833,0,0.03783877631164071,tagalog,comment,True,majority,3-0,0,0
t1_p3841a8,0,0.23022674024105072,-1.20703125,0,0.8914556503295898,1,0.3368366188539718,english,comment,True,adjudicator,2-1,0,0
t1_p6sdbo2,0,0.001597845577634871,-6.4375,0,0.315721333026886,0,0.02626441741204824,english,comment,True,majority,3-0,0,0
t1_p7awgct,0,0.04535258188843727,-3.046875,0,0.8856796026229858,0,0.15316361502079268,tagalog,comment,True,adjudicator,2-1,0,0
t1_p7c4a45,0,0.025565214455127716,-3.640625,0,0.5859150290489197,0,0.11473806914808991,tagalog,comment,True,unanimous,3-0,0,0
t1_p50zy7x,0,0.04569203034043312,-3.0390625,0,0.5625549554824829,0,0.15373318498005056,tagalog,comment,True,majority,3-0,0,0
t1_p3e1jwn,0,0.0007793660624884069,-7.15625,0,0.25119590759277344,0,0.01770039302206777,taglish,comment,True,majority,3-0,0,0
t1_p7cm5yl,0,0.005384938325732946,-5.21875,0,0.6596074104309082,0,0.0507421083497877,english,comment,True,adjudicator,2-1,0,0
t1_p75p4b8,0,0.011687257327139378,-4.4375,0,0.699644923210144,0,0.07652949281507797,tagalog,comment,True,adjudicator,2-1,0,1
t1_p7cf3o9,0,0.5673373937606812,0.27099609375,1,0.8755791187286377,1,0.5379497282076457,english,comment,True,majority,3-0,0,0
t1_p179xnz,0,0.07807817310094833,-2.46875,0,0.9004303216934204,0,0.20012087061933004,tagalog,comment,True,majority,3-0,0,0
t1_p3n1rjf,0,0.0017546144081279635,-6.34375,0,0.24082371592521667,0,0.027644106896874285,taglish,comment,True,adjudicator,2-1,0,1
t1_p73690z,0,0.017176708206534386,-4.046875,0,0.5538161993026733,0,0.09353372149412013,tagalog,comment,True,adjudicator,2-1,0,1
t1_p7bf5ws,0,0.07159119844436646,-2.5625,0,0.5746419429779053,0,0.1918312975972336,tagalog,comment,True,majority,3-0,0,0
t1_p7ckqoa,0,0.00172745855525136,-6.359375,0,0.3458765149116516,0,0.027409364507913175,tagalog,comment,True,majority,3-0,0,0
t1_p5istnf,0,0.06325051933526993,-2.6953125,0,0.6916207671165466,0,0.18054003433522892,taglish,comment,True,majority,3-0,0,0
t1_p4zw3pr,0,0.14128142595291138,-1.8046875,0,0.7822366952896118,1,0.26642313349364954,english,comment,True,adjudicator,2-1,0,0
t1_p7cqdro,0,0.0026316740550100803,-5.9375,0,0.5033248662948608,0,0.03447927308211456,tagalog,comment,True,majority,3-0,0,0
t1_p4zx4em,0,0.07696083933115005,-2.484375,0,0.5623797178268433,0,0.19872084784765706,taglish,comment,True,unanimous,3-0,0,0
t1_p72ibpe,0,0.0027576221618801355,-5.890625,0,0.29729369282722473,0,0.03536587535984611,tagalog,comment,True,majority,3-0,0,0
t1_p4zflgz,0,0.027585282921791077,-3.5625,0,0.7837204337120056,0,0.1192674532053117,tagalog,comment,True,adjudicator,2-1,0,1
t1_p5i1uq3,0,0.23022674024105072,-1.20703125,0,0.797033965587616,1,0.3368366188539718,english,comment,True,adjudicator,2-1,0,1
t1_p73lp9u,0,0.05223086103796959,-2.8984375,0,0.4102071225643158,0,0.16428388445443914,english,comment,True,majority,3-0,0,0
t1_p5d8pfa,0,0.00941259041428566,-4.65625,0,0.36287492513656616,0,0.06829167392178001,taglish,comment,True,majority,3-0,0,0
t1_p73mcow,0,0.07423137128353119,-2.5234375,0,0.797236442565918,0,0.19525305912339724,taglish,comment,True,majority,3-0,0,0
t1_p2kqqji,0,0.0012065897462889552,-6.71875,0,0.1195305585861206,0,0.02251566573583973,english,comment,True,majority,3-0,0,0
t1_p48bcl6,0,0.6509112119674683,0.623046875,1,0.9016515016555786,1,0.5865383371964404,taglish,comment,True,unanimous,3-0,0,0
t1_p27yi19,0,0.001957016997039318,-6.234375,0,0.3453545570373535,0,0.02934284274043753,tagalog,comment,True,majority,3-0,0,0
t1_p3ettn0,0,0.0008426423300988972,-7.078125,0,0.18009543418884277,0,0.018479092760439467,taglish,comment,True,majority,3-0,0,0
t1_p760b01,0,0.8906751871109009,2.09765625,1,0.9550219774246216,1,0.7644565452805909,tagalog,comment,True,majority,3-0,0,0
t1_p1m5x7f,0,0.0013250225456431508,-6.625,0,0.16612812876701355,0,0.023703224145631474,tagalog,comment,True,unanimous,3-0,0,0
t1_p44rmvn,0,0.0012448433553799987,-6.6875,0,0.21604368090629578,0,0.022904914560453835,english,comment,True,majority,3-0,0,0
t1_p4i7j69,0,0.0015731120947748423,-6.453125,0,0.5269205570220947,0,0.026041077014244022,tagalog,comment,True,adjudicator,2-1,0,0
t1_p7b78u4,0,0.018833130598068237,-3.953125,0,0.41245293617248535,0,0.09809114300609036,english,comment,True,adjudicator,2-1,0,0
t1_p7cuyvj,0,0.007695646956562996,-4.859375,0,0.5525686740875244,0,0.061385453495215354,taglish,comment,True,unanimous,3-0,0,0
t1_p5cjw6t,0,0.47268348932266235,-0.109375,0,0.7639686465263367,1,0.4846586561578863,english,comment,True,majority,3-0,0,0
t1_p27u5zq,1,0.0029349515680223703,-5.828125,0,0.5293323397636414,0,0.036582229051434,taglish,comment,True,unanimous,3-0,1,1
t1_p75paso,0,0.4197668731212616,-0.32373046875,0,0.8776532411575317,1,0.4547026427725249,taglish,comment,True,adjudicator,2-1,0,1
t1_p7cm5o9,0,0.004198795650154352,-5.46875,0,0.37936580181121826,0,0.04439439053631127,taglish,comment,True,adjudicator,2-1,0,0
t1_p6xngqr,1,0.002889581024646759,-5.84375,0,0.20744764804840088,0,0.036274419264536326,taglish,comment,True,unanimous,3-0,1,1
t1_p4i7379,1,0.00178219610825181,-6.328125,0,0.5503113269805908,0,0.027880802061822113,tagalog,comment,True,adjudicator,2-1,1,1
t1_p6zroni,0,0.0015487609198316932,-6.46875,0,0.20799267292022705,0,0.025819585440613215,english,comment,True,majority,3-0,0,0
t1_p73bf3o,0,0.0018969200318679214,-6.265625,0,0.3227999806404114,0,0.02884741709539808,tagalog,comment,True,adjudicator,2-1,0,1
t1_p72xq0x,0,0.0027576221618801355,-5.890625,0,0.27889055013656616,0,0.03536587535984611,tagalog,comment,True,majority,3-0,0,0
t1_p3fe0l3,0,0.00214894930832088,-6.140625,0,0.4167810082435608,0,0.030879115996896037,tagalog,comment,True,adjudicator,2-1,0,0
t1_p6xg4if,0,0.0025509123224765062,-5.96875,0,0.17200027406215668,0,0.03390015257688779,english,comment,True,majority,3-0,0,0
t1_p72r73n,0,0.20689406991004944,-1.34375,0,0.9036984443664551,1,0.3199167984620074,tagalog,comment,True,adjudicator,2-1,0,1
t1_p56ycd2,0,0.0009399438858963549,-6.96875,0,0.17467907071113586,0,0.01962600412046412,tagalog,comment,True,unanimous,3-0,0,0
t1_p506evv,1,0.004681822843849659,-5.359375,0,0.5737775564193726,0,0.04707260490830975,taglish,comment,True,adjudicator,2-1,1,1
t1_p4zz7jm,0,0.00941259041428566,-4.65625,0,0.43252357840538025,0,0.06829167392178001,tagalog,comment,True,majority,3-0,0,0
t3_1vf0mft,0,0.001151399570517242,-6.765625,0,0.15500180423259735,0,0.021943882529335074,taglish,submission,True,unanimous,3-0,0,0
t1_p79hkin,0,0.002251847181469202,-6.09375,0,0.3135494589805603,0,0.03167618073058643,taglish,comment,True,unanimous,3-0,0,0
t1_p73uwo5,0,0.0027576221618801355,-5.890625,0,0.28298163414001465,0,0.03536587535984611,taglish,comment,True,majority,3-0,0,0
t1_p4mctow,0,0.9416541457176208,2.78125,1,0.9733993411064148,1,0.8264858702863844,tagalog,comment,True,adjudicator,2-1,0,0
t1_p7446ww,0,0.0015011822106316686,-6.5,0,0.15517094731330872,0,0.025382091058865915,taglish,comment,True,majority,3-0,0,0
t1_p745nm4,0,0.004755199886858463,-5.34375,0,0.38590681552886963,0,0.04746753054191497,taglish,comment,True,unanimous,3-0,0,0
t1_p7bco0h,0,0.1041124165058136,-2.15234375,0,0.7704105377197266,1,0.23006183476382264,tagalog,comment,True,majority,3-0,0,0
t1_p75cezi,0,0.018546564504504204,-3.96875,0,0.2425212562084198,0,0.09731806481967557,english,comment,True,majority,3-0,0,0
t1_p75cfk1,0,0.018546564504504204,-3.96875,0,0.2425212562084198,0,0.09731806481967557,english,comment,True,majority,3-0,0,0
t1_p4mdvr0,0,0.4804634749889374,-0.07818603515625,0,0.8062669634819031,1,0.4890316527526071,english,comment,True,adjudicator,2-1,0,0
t1_p75fi9e,0,0.7106282711029053,0.8984375,1,0.9365760684013367,1,0.6234531151131967,english,comment,True,adjudicator,2-1,0,0
t1_p7b5tbp,0,0.10230471193790436,-2.171875,0,0.7263404726982117,1,0.22812592706477403,tagalog,comment,True,unanimous,3-0,0,0
t3_1vna3cl,0,0.002115703420713544,-6.15625,0,0.4664649963378906,0,0.030617768234140915,taglish,submission,True,majority,3-0,0,0
t1_p3km5es,0,0.003172682598233223,-5.75,0,0.539357602596283,0,0.038159334976386884,tagalog,comment,True,adjudicator,2-1,0,1
t1_p74b2gk,0,0.00407013762742281,-5.5,0,0.7054569721221924,0,0.04365626378776887,taglish,comment,True,unanimous,3-0,0,0
t1_p5fv6sf,1,0.47469204664230347,-0.101318359375,0,0.8319783210754395,1,0.4857880775485272,english,comment,True,adjudicator,2-1,1,1
t1_p7cooem,0,0.003123648464679718,-5.765625,0,0.2963674068450928,0,0.03783877631164071,tagalog,comment,True,adjudicator,2-1,0,1
t1_p6ysr0x,0,0.0022872276604175568,-6.078125,0,0.4281979203224182,0,0.03194626518022632,taglish,comment,True,adjudicator,2-1,0,1
t1_p4mdcaf,0,0.3250918686389923,-0.73046875,0,0.8138453364372253,1,0.3989212988919396,tagalog,comment,True,majority,3-0,0,0
t1_p27mrqh,0,0.015663648024201393,-4.140625,0,0.6254637241363525,0,0.08916710883373326,taglish,comment,True,adjudicator,2-1,0,1
t1_p3k4aop,0,0.0014325366355478764,-6.546875,0,0.3771381378173828,0,0.02473935757510446,taglish,comment,True,majority,3-0,0,0
t1_p3g3iqe,0,0.004681822843849659,-5.359375,0,0.47024470567703247,0,0.04707260490830975,taglish,comment,True,unanimous,3-0,0,0
t1_p7c5z5s,0,0.011158031411468983,-4.484375,0,0.4592365622520447,0,0.07469084511175098,tagalog,comment,True,adjudicator,2-1,0,0
t1_p5ijgbc,1,0.9669140577316284,3.375,1,0.9643542766571045,1,0.8692285221974732,tagalog,comment,True,majority,3-0,1,1
t1_p3fd8u6,0,0.001957016997039318,-6.234375,0,0.34717339277267456,0,0.02934284274043753,tagalog,comment,True,adjudicator,2-1,0,0
t1_p4xru6b,0,0.586759626865387,0.3505859375,1,0.9177796244621277,1,0.5490318417117264,taglish,comment,True,adjudicator,2-1,0,1
t1_p3fdc66,0,0.024053553119301796,-3.703125,0,0.44521450996398926,0,0.11122305230466425,taglish,comment,True,majority,3-0,0,0
t1_p4ttar2,0,0.27747297286987305,-0.95703125,0,0.8862711191177368,1,0.36885881530225223,taglish,comment,True,unanimous,3-0,0,0
t1_p501rgp,0,0.00482972152531147,-5.328125,0,0.4606756865978241,0,0.04786560306024229,taglish,comment,True,majority,3-0,0,0
t1_p5cr76w,0,0.014728614129126072,-4.203125,0,0.4503020942211151,0,0.08635904266642572,taglish,comment,True,majority,3-0,0,0
t1_p3fjudp,0,0.0035936026833951473,-5.625,0,0.5196507573127747,0,0.040819298548541494,tagalog,comment,True,adjudicator,2-1,0,0
t1_p3f3esb,0,0.0018969200318679214,-6.265625,0,0.3497489094734192,0,0.02884741709539808,taglish,comment,True,adjudicator,2-1,0,0
t1_p74em8i,0,0.027376487851142883,-3.5703125,0,0.6444682478904724,0,0.11880764935351044,english,comment,True,adjudicator,2-1,0,0
t1_p3etqi4,1,0.2440025359392166,-1.130859375,0,0.8315469026565552,1,0.34645162298666143,tagalog,comment,True,adjudicator,2-1,1,1
t1_p79wfkz,0,0.0033766122069209814,-5.6875,0,0.2863805294036865,0,0.03946783436124254,tagalog,comment,True,unanimous,3-0,0,0
t1_p4temin,0,0.029760092496871948,-3.484375,0,0.7463757395744324,0,0.12395060359644215,tagalog,comment,True,majority,3-0,0,0
t3_1vkn1es,0,0.0006462032324634492,-7.34375,0,0.16228224337100983,0,0.015960637976263764,taglish,submission,True,unanimous,3-0,0,0
t1_p7cplnf,0,0.0039454069919884205,-5.53125,0,0.4757910668849945,0,0.042929858226661524,taglish,comment,True,adjudicator,2-1,0,1
t1_p5j3i5t,0,0.05223086103796959,-2.8984375,0,0.6212887167930603,0,0.16428388445443914,taglish,comment,True,unanimous,3-0,0,0
t1_p73lsd9,0,0.007695646956562996,-4.859375,0,0.4875603914260864,0,0.061385453495215354,english,comment,True,majority,3-0,0,0
t1_p7jle5m,0,0.9582260847091675,3.1328125,1,0.967583179473877,1,0.8529880381919379,tagalog,comment,True,unanimous,3-0,0,0
t1_p7bzinf,0,0.9851576089859009,4.1953125,1,0.9709431529045105,1,0.9132943779223356,taglish,comment,True,unanimous,3-0,0,0
t3_1vn5hr5,0,0.00130450667347759,-6.640625,0,0.29645732045173645,0,0.023501137303335463,taglish,submission,True,majority,3-0,0,0
t1_p7b2zfe,0,0.0012448433553799987,-6.6875,0,0.19717732071876526,0,0.022904914560453835,taglish,comment,True,unanimous,3-0,0,0
t1_p7jnjat,1,0.13072869181632996,-1.89453125,0,0.7984878420829773,1,0.25668510415159007,tagalog,comment,True,majority,3-0,1,1
t1_p1tx8go,0,0.0026730059180408716,-5.921875,0,0.40271246433258057,0,0.034772399618271686,tagalog,comment,True,unanimous,3-0,0,0
t1_p5ijuh1,0,0.9594592452049255,3.1640625,1,0.9579765200614929,1,0.8551737649552056,tagalog,comment,True,adjudicator,2-1,0,1
t1_p7j17ud,1,0.049958519637584686,-2.9453125,0,0.8804080486297607,0,0.16070380184178343,tagalog,comment,True,adjudicator,2-1,1,0
t1_p5ik2mt,0,0.6206215620040894,0.4921875,1,0.8204879760742188,1,0.5686219363738675,tagalog,comment,True,adjudicator,3-0,0,0
t1_p5iixis,0,0.5628975033760071,0.2529296875,1,0.869452178478241,1,0.5354285253769852,taglish,comment,True,adjudicator,2-1,0,1
t1_p5inhrk,0,0.3832949995994568,-0.4755859375,0,0.7952406406402588,1,0.43366496229822205,tagalog,comment,True,adjudicator,2-1,0,1
t1_p7apo08,0,0.006797531619668007,-4.984375,0,0.4362856149673462,0,0.05746560126766683,taglish,comment,True,majority,3-0,0,0
t1_p539k62,0,0.0030753696337342262,-5.78125,0,0.43244826793670654,0,0.03752080546289194,taglish,comment,True,majority,3-0,0,0
t1_p7jmcko,0,0.1705079972743988,-1.58203125,0,0.8249510526657104,1,0.29154647808212514,tagalog,comment,True,adjudicator,2-1,0,1
t3_1vmfdu4,0,0.001367025775834918,-6.59375,0,0.2830536961555481,0,0.024112496932114834,taglish,submission,True,adjudicator,2-1,0,0
t1_p6vmioe,0,0.005384938325732946,-5.21875,0,0.35181403160095215,0,0.0507421083497877,taglish,comment,True,majority,3-0,0,0
t1_p73l2yp,0,0.0039454069919884205,-5.53125,0,0.33283066749572754,0,0.042929858226661524,taglish,comment,True,majority,3-0,0,0
t3_1vjvros,0,0.25201570987701416,-1.087890625,0,0.9114720225334167,1,0.35193192801089107,tagalog,submission,True,majority,3-0,0,0
t1_p6t9u07,0,0.004681822843849659,-5.359375,0,0.17010796070098877,0,0.04707260490830975,taglish,comment,True,majority,3-0,0,0
t1_p730s7k,0,0.002251847181469202,-6.09375,0,0.13724194467067719,0,0.03167618073058643,taglish,comment,True,majority,3-0,0,0
t1_p2repsp,0,0.004399413242936134,-5.421875,0,0.7148810625076294,0,0.04552392962098087,taglish,comment,True,majority,3-0,0,0
t1_p6y3fo9,0,0.04115288704633713,-3.1484375,0,0.5751432776451111,0,0.14591570505458368,english,comment,True,unanimous,3-0,0,0
t1_p3k8lgh,0,0.001674399245530367,-6.390625,0,0.38943594694137573,0,0.02694567755022904,tagalog,comment,True,unanimous,3-0,0,0
t1_p2r1wa5,0,0.0017007224960252643,-6.375,0,0.49291980266571045,0,0.027176559742674317,tagalog,comment,True,majority,3-0,0,0
t1_p7alvaf,0,0.0008969393675215542,-7.015625,0,0.2178407609462738,0,0.019126167739136283,english,comment,True,majority,3-0,0,0
t1_p3jzkmd,0,0.0025909794494509697,-5.953125,0,0.49990224838256836,0,0.03418853003842758,taglish,comment,True,majority,3-0,0,0
t1_p47w28i,0,0.007577240467071533,-4.875,0,0.36352014541625977,0,0.06088213319794229,taglish,comment,True,adjudicator,2-1,0,1
t1_p5dc63m,0,0.06233103200793266,-2.7109375,0,0.7290036082267761,0,0.17924629958725646,taglish,comment,True,majority,3-0,0,0
t1_p3h2zmc,0,0.026759279891848564,-3.59375,0,0.8117425441741943,0,0.11743743134493874,taglish,comment,True,majority,3-0,0,0
t1_p72hos4,0,0.00172745855525136,-6.359375,0,0.25935468077659607,0,0.027409364507913175,taglish,comment,True,majority,3-0,0,0
t1_p5cm6yc,0,0.0443485863506794,-3.0703125,0,0.5537940263748169,0,0.1514652736366868,taglish,comment,True,unanimous,3-0,0,0
t1_p7jmwuw,0,0.0038244836032390594,-5.5625,0,0.5250914096832275,0,0.04221500594017596,taglish,comment,True,unanimous,3-0,0,0
t1_p2kp7px,0,0.0015011822106316686,-6.5,0,0.10357394069433212,0,0.025382091058865915,english,comment,True,majority,3-0,0,0
t1_p51678c,0,0.052618954330682755,-2.890625,0,0.25833913683891296,0,0.16488675558929278,english,comment,True,majority,3-0,0,0
t1_p4s1e0i,0,0.021948251873254776,-3.796875,0,0.7104479074478149,0,0.10612730090202734,taglish,comment,True,unanimous,3-0,0,0
t1_p5gpret,1,0.8852352499961853,2.04296875,1,0.9444669485092163,1,0.758885217966635,taglish,comment,True,unanimous,3-0,1,1
t1_p7j0fuj,0,0.8278281688690186,1.5703125,1,0.947052001953125,1,0.70709321666785,taglish,comment,True,majority,3-0,0,0
t1_p3g3bgw,0,0.002115703420713544,-6.15625,0,0.38664573431015015,0,0.030617768234140915,taglish,comment,True,majority,3-0,0,0
t1_p4cxm10,0,0.000954731716774404,-6.953125,0,0.23013803362846375,0,0.019795444105885653,taglish,comment,True,majority,3-0,0,0
t1_p27676o,0,0.000954731716774404,-6.953125,0,0.14576959609985352,0,0.019795444105885653,tagalog,comment,True,adjudicator,3-0,0,0
t1_p1753z6,0,0.0013250225456431508,-6.625,0,0.22838103771209717,0,0.023703224145631474,taglish,comment,True,majority,3-0,0,0
t1_p1u8a4a,0,0.0008167380001395941,-7.109375,0,0.15653365850448608,0,0.01816365870743014,english,comment,True,majority,3-0,0,0
t1_p7k6xn5,0,0.12635333836078644,-1.93359375,0,0.7063137888908386,1,0.25252458578673537,english,comment,True,adjudicator,2-1,0,0
t1_p3lsnni,0,0.0008167380001395941,-7.109375,0,0.16772931814193726,0,0.01816365870743014,english,comment,True,majority,3-0,0,0
t1_p3fov8w,0,0.0027576221618801355,-5.890625,0,0.44533249735832214,0,0.03536587535984611,taglish,comment,True,unanimous,3-0,0,0
t1_p1tc4gj,0,0.0018102111062034965,-6.3125,0,0.27912992238998413,0,0.02811946525674957,english,comment,True,majority,3-0,0,0
t3_1vhs53z,0,0.0015011822106316686,-6.5,0,0.25227221846580505,0,0.025382091058865915,taglish,submission,True,adjudicator,2-1,0,1
t1_p4ryksa,0,0.15974101424217224,-1.66015625,0,0.49859315156936646,1,0.2825736251183488,english,comment,True,majority,3-0,0,0
t1_p174s1z,0,0.0015731120947748423,-6.453125,0,0.27062734961509705,0,0.026041077014244022,taglish,comment,True,unanimous,3-0,0,0
t1_p4ryfsy,1,0.9925393462181091,4.890625,1,0.9532398581504822,1,0.9396173256945151,english,comment,True,majority,3-0,1,1
t1_p7c3l69,0,0.16830945014953613,-1.59765625,0,0.5051101446151733,1,0.28973853428579277,taglish,comment,True,majority,3-0,0,0
t1_p4mavs0,0,0.05460060387849808,-2.8515625,0,0.715502917766571,0,0.16792776485306188,tagalog,comment,True,adjudicator,2-1,0,0
t1_p7bkjap,0,0.0018102111062034965,-6.3125,0,0.349688857793808,0,0.02811946525674957,tagalog,comment,True,adjudicator,2-1,0,1
t1_p75ofnj,1,0.08632347732782364,-2.359375,0,0.8525616526603699,0,0.2101279320434098,tagalog,comment,True,majority,3-0,1,1
t1_p7cjao1,0,0.004468384198844433,-5.40625,0,0.24916145205497742,0,0.04590648823794653,taglish,comment,True,majority,3-0,0,0
t1_p3p30ek,0,0.0012448433553799987,-6.6875,0,0.3871926963329315,0,0.022904914560453835,tagalog,comment,True,majority,3-0,0,0
t1_p73lthh,0,0.009268012829124928,-4.671875,0,0.5323494672775269,0,0.06773581365504945,taglish,comment,True,majority,3-0,0,0
t3_1vchihj,0,0.0006986756343394518,-7.265625,0,0.12190455198287964,0,0.016664098460613865,taglish,submission,True,majority,3-0,0,0
t1_p72pp3f,1,0.010818448849022388,-4.515625,0,0.5643489360809326,0,0.07348772946012651,tagalog,comment,True,adjudicator,2-1,1,0
t1_p72kh9o,0,0.002115703420713544,-6.15625,0,0.303840309381485,0,0.030617768234140915,taglish,comment,True,majority,3-0,0,0
t1_p7e01e8,0,0.0007096704212017357,-7.25,0,0.15514332056045532,0,0.01680840542233404,taglish,comment,True,majority,3-0,0,0
t1_p170sk2,0,0.0014325366355478764,-6.546875,0,0.1965312957763672,0,0.02473935757510446,tagalog,comment,True,majority,3-0,0,0
t1_p6utm4e,0,0.13296425342559814,-1.875,0,0.6333844065666199,1,0.258782115153397,tagalog,comment,True,adjudicator,2-1,0,0
t1_p7bjlmq,0,0.0038844766095280647,-5.546875,0,0.572941780090332,0,0.04257099834829676,taglish,comment,True,unanimous,3-0,0,0
t1_p1tgod4,0,0.0014779430348426104,-6.515625,0,0.16075105965137482,0,0.02516605964303529,tagalog,comment,True,adjudicator,2-1,0,0
t1_p3jv73o,0,0.0029810327105224133,-5.8125,0,0.35985344648361206,0,0.03689255079703776,taglish,comment,True,majority,3-0,0,0
t1_p73oayr,0,0.011687257327139378,-4.4375,0,0.34314483404159546,0,0.07652949281507797,taglish,comment,True,majority,3-0,0,0
t1_p6s87ve,0,0.0033244371879845858,-5.703125,0,0.21473011374473572,0,0.03913673086889577,english,comment,True,majority,3-0,0,0
t1_p501kyt,0,0.005139610730111599,-5.265625,0,0.42543697357177734,0,0.04948980911482951,tagalog,comment,True,adjudicator,2-1,0,0
t1_p5fgvsq,1,0.6905590891838074,0.802734375,1,0.9164544343948364,1,0.6107627272710263,taglish,comment,True,majority,3-0,1,1
t1_p5fb6ya,0,0.2934044897556305,-0.87890625,0,0.6402656435966492,1,0.37912367066264235,english,comment,True,adjudicator,2-1,0,0
t1_p6s69yr,0,0.0034834241960197687,-5.65625,0,0.19234058260917664,0,0.04013811663035982,english,comment,True,majority,3-0,0,0
t1_p73ltjr,0,0.020645931363105774,-3.859375,0,0.6207746267318726,0,0.10284543006797023,english,comment,True,majority,3-0,0,0
t1_p5id8nt,0,0.5548322796821594,0.22021484375,1,0.7358484268188477,1,0.530858580592731,tagalog,comment,True,majority,3-0,0,0
t1_p5h9wbt,1,0.9643214344978333,3.296875,1,0.9692884683609009,1,0.8641633242009482,english,comment,True,adjudicator,2-1,1,1
t1_p5ih4jw,1,0.896975576877594,2.1640625,1,0.9359891414642334,1,0.7711010896203782,taglish,comment,True,majority,3-0,1,1
t1_p3rmjs2,0,0.23863890767097473,-1.16015625,0,0.8632211089134216,1,0.34273816536534857,taglish,comment,True,majority,3-0,0,0
t1_p4zw01z,1,0.19744443893432617,-1.40234375,0,0.9070347547531128,1,0.3128048457706006,taglish,comment,True,majority,3-0,1,1
t1_p56lwbi,0,0.004538431763648987,-5.390625,0,0.37052106857299805,0,0.04629210575307723,taglish,comment,True,majority,3-0,0,0
t1_p4miji8,0,0.1766716092824936,-1.5390625,0,0.8131399154663086,1,0.2965523655014196,tagalog,comment,True,adjudicator,2-1,0,0
t1_p3m00z4,0,0.0014550630003213882,-6.53125,0,0.29245150089263916,0,0.02495181983510568,english,comment,True,majority,3-0,0,0
t1_p744yjy,0,0.0055549247190356255,-5.1875,0,0.4203099012374878,0,0.051593577040579104,taglish,comment,True,majority,3-0,0,0
t1_p3gk5rl,0,0.012053778395056725,-4.40625,0,0.37841638922691345,0,0.0777782266954065,taglish,comment,True,majority,3-0,0,0
t1_p7b941u,0,0.03488088399171829,-3.3203125,0,0.5659955143928528,0,0.1342999930013936,tagalog,comment,True,unanimous,3-0,0,0
t1_p4l6vav,0,0.0006070756353437901,-7.40625,0,0.1337738186120987,0,0.015418975438670398,english,comment,True,majority,3-0,0,0
t1_p3lw9cc,0,0.0007096704212017357,-7.25,0,0.18163645267486572,0,0.01680840542233404,english,comment,True,majority,3-0,0,0
t1_p6znf3i,0,0.0014779430348426104,-6.515625,0,0.146140918135643,0,0.02516605964303529,taglish,comment,True,unanimous,3-0,0,0
t1_p5iikoh,0,0.9066531658172607,2.2734375,1,0.9622296094894409,1,0.7817550937016685,tagalog,comment,True,adjudicator,2-1,0,1
t1_p3yp6yt,0,0.010818448849022388,-4.515625,0,0.6990663409233093,0,0.07348772946012651,tagalog,comment,True,adjudicator,2-1,0,1
t1_p2fjeqv,0,0.0014779430348426104,-6.515625,0,0.19113688170909882,0,0.02516605964303529,english,comment,True,majority,3-0,0,0
t1_p3lxvql,0,0.0008969393675215542,-7.015625,0,0.1881105899810791,0,0.019126167739136283,taglish,comment,True,unanimous,3-0,0,0
t1_p7b9oyf,0,0.01652955636382103,-4.0859375,0,0.7810115814208984,0,0.09169145914485885,taglish,comment,True,unanimous,3-0,0,0
t1_p3givw4,0,0.012624949216842651,-4.359375,0,0.40726393461227417,0,0.07968633064317103,taglish,comment,True,unanimous,3-0,0,0
t1_p7iwoea,0,0.09138210862874985,-2.296875,0,0.8403312563896179,0,0.21600899298972318,tagalog,comment,True,adjudicator,2-1,0,0
t1_p3ndwj2,0,0.001098731067031622,-6.8125,0,0.2547862231731415,0,0.021386302013147354,taglish,comment,True,majority,3-0,0,0
t1_p56v3dp,0,0.8980534672737122,2.17578125,1,0.9186782836914062,1,0.7722598743846413,english,comment,True,adjudicator,2-1,0,0
t1_p56qvxs,1,0.9713473320007324,3.5234375,1,0.9658600687980652,1,0.878410396350986,english,comment,True,unanimous,3-0,1,1
t1_p7b7xq0,0,0.2978782653808594,-0.857421875,0,0.8111557364463806,1,0.38196602730761947,english,comment,True,unanimous,3-0,0,0
t1_p5g9bus,0,0.8233283758163452,1.5390625,1,0.9347800016403198,1,0.7034476344985803,english,comment,True,adjudicator,2-1,0,1
t3_1vqi616,1,0.00806199200451374,-4.8125,0,0.6514022350311279,0,0.06291883703398546,taglish,submission,True,majority,3-0,1,1
t1_p73mpuk,0,0.057918090373277664,-2.7890625,0,0.695757269859314,0,0.17288624482551115,tagalog,comment,True,adjudicator,2-1,0,0
t1_p76vpz3,1,0.9600626826286316,3.1796875,1,0.9626733660697937,1,0.856256469548719,taglish,comment,True,majority,3-0,1,1
t1_p292hor,0,0.0008830457809381187,-7.03125,0,0.20097079873085022,0,0.01896234563117803,taglish,comment,True,unanimous,3-0,0,0
t1_p50o4cl,0,0.0028449094388633966,-5.859375,0,0.22170941531658173,0,0.03596910275109087,taglish,comment,True,adjudicator,2-1,0,0
t1_p74y1de,0,0.024237634614109993,-3.6953125,0,0.5475115776062012,0,0.1116572220345351,english,comment,True,unanimous,3-0,0,0
t1_p7cf1k7,0,0.012053778395056725,-4.40625,0,0.48921066522598267,0,0.0777782266954065,tagalog,comment,True,adjudicator,2-1,0,1
t1_p4zh708,0,0.006797531619668007,-4.984375,0,0.27117496728897095,0,0.05746560126766683,taglish,comment,True,majority,3-0,0,0
t1_p3mg8ib,0,0.0014325366355478764,-6.546875,0,0.4092313051223755,0,0.02473935757510446,english,comment,True,majority,3-0,0,0
t1_p72jub2,0,0.004468384198844433,-5.40625,0,0.41950923204421997,0,0.04590648823794653,tagalog,comment,True,adjudicator,2-1,0,1
t1_p5cuakc,0,0.03541072830557823,-3.3046875,0,0.6232495307922363,0,0.1353228084907594,tagalog,comment,True,adjudicator,2-1,0,0
t1_p6y5vfc,0,0.0012448433553799987,-6.6875,0,0.08601199835538864,0,0.022904914560453835,taglish,comment,True,unanimous,3-0,0,0
t1_p72i3dh,0,0.00130450667347759,-6.640625,0,0.19569110870361328,0,0.023501137303335463,taglish,comment,True,adjudicator,2-1,0,0
t1_p3mc8tw,0,0.0014779430348426104,-6.515625,0,0.3722010552883148,0,0.02516605964303529,taglish,comment,True,majority,3-0,0,0
t1_p7ixzm5,1,0.21601152420043945,-1.2890625,0,0.7107276916503906,1,0.3266311122116879,tagalog,comment,True,adjudicator,2-1,1,0
t1_p7ccwv7,0,0.048136770725250244,-2.984375,0,0.7566727995872498,0,0.15776880703330995,tagalog,comment,True,adjudicator,2-1,0,1
t1_p1t667x,0,0.0014103584690019488,-6.5625,0,0.13675084710121155,0,0.024528658899843167,taglish,comment,True,majority,3-0,0,0
t1_p3gghb0,0,0.0008295890875160694,-7.09375,0,0.1264422982931137,0,0.0183207095479861,taglish,comment,True,unanimous,3-0,0,0
t1_p75f6ia,0,0.022457052022218704,-3.7734375,0,0.6129764318466187,0,0.107381612266364,taglish,comment,True,majority,3-0,0,0
t1_p1t5z9b,0,0.001838665222749114,-6.296875,0,0.172721728682518,0,0.02836011183776671,taglish,comment,True,unanimous,3-0,0,0
t3_1vmbtkh,0,0.037047166377305984,-3.2578125,0,0.7935532927513123,0,0.138430724873356,taglish,submission,True,majority,3-0,0,0
t1_p3mzjh2,0,0.0008830457809381187,-7.03125,0,0.2688314616680145,0,0.01896234563117803,taglish,comment,True,unanimous,3-0,0,0
t1_p3lrd7j,0,0.0007672924548387527,-7.171875,0,0.17907506227493286,0,0.01754856467156321,taglish,comment,True,majority,3-0,0,0
t1_p570gq4,0,0.5482578277587891,0.193634033203125,1,0.8399467468261719,1,0.5271416502354745,tagalog,comment,True,adjudicator,2-1,0,1
t1_p6yeasx,1,0.45489591360092163,-0.180908203125,0,0.89592444896698,1,0.47463895863956423,taglish,comment,True,majority,3-0,1,1
t1_p5inice,1,0.13296425342559814,-1.875,0,0.6650082468986511,1,0.258782115153397,taglish,comment,True,unanimous,3-0,1,1
t1_p4yzclk,0,0.004399413242936134,-5.421875,0,0.5648428201675415,0,0.04552392962098087,tagalog,comment,True,unanimous,3-0,0,0
t1_p75lqbr,0,0.4239349663257599,-0.306640625,0,0.8808282613754272,1,0.45708181580524965,taglish,comment,True,majority,3-0,0,0
t1_p7b4tpz,0,0.0009697519708424807,-6.9375,0,0.21462246775627136,0,0.019966317149299598,tagalog,comment,True,majority,3-0,0,0
t1_p6xrwg6,0,0.00955939944833517,-4.640625,0,0.6059147119522095,0,0.06885175885281816,tagalog,comment,True,adjudicator,2-1,0,1
t1_p3mepmv,0,0.0008040859247557819,-7.125,0,0.17334669828414917,0,0.018007929459370124,english,comment,True,majority,3-0,0,0
t1_p7anc03,0,0.0037654140032827854,-5.578125,0,0.30640095472335815,0,0.04186186029469008,taglish,comment,True,unanimous,3-0,0,0
t1_p3lx9gn,0,0.0006462032324634492,-7.34375,0,0.15609312057495117,0,0.015960637976263764,english,comment,True,majority,3-0,0,0
t1_p4zg2ok,0,0.024053553119301796,-3.703125,0,0.6024155616760254,0,0.11122305230466425,tagalog,comment,True,majority,3-0,0,0
t3_1vt61l7,0,0.0007208379684016109,-7.234375,0,0.1496635377407074,0,0.016953940500825382,tagalog,submission,True,majority,3-0,0,0
t1_p3qfzqe,0,0.0007321811863221228,-7.21875,0,0.17367511987686157,0,0.017100713773272696,taglish,comment,True,majority,3-0,0,0
t1_p739rsl,0,0.004905405919998884,-5.3125,0,0.32356804609298706,0,0.04826684473726577,taglish,comment,True,majority,3-0,0,0
t1_p56shvj,0,0.0036499870475381613,-5.609375,0,0.3614809513092041,0,0.041164027024693184,tagalog,comment,True,unanimous,3-0,0,0
t1_p74qxt5,0,0.034618839621543884,-3.328125,0,0.5325398445129395,0,0.13379103891782268,taglish,comment,True,majority,3-0,0,0
t1_p7jlh3k,0,0.04054073989391327,-3.1640625,0,0.6894919276237488,0,0.14482623504479436,tagalog,comment,True,majority,3-0,0,0
t1_p5i2g2g,0,0.09534946829080582,-2.25,0,0.6302520036697388,0,0.22049745434474555,english,comment,True,majority,3-0,0,0
t1_p7asonj,1,0.8812065720558167,2.00390625,1,0.899351954460144,1,0.7548510309353019,english,comment,True,adjudicator,2-1,1,0
t1_p7akr6w,0,0.0019267346942797303,-6.25,0,0.4763520359992981,0,0.029094106998256004,taglish,comment,True,unanimous,3-0,0,0
t1_p46c1ys,0,0.0035380858462303877,-5.640625,0,0.4484887719154358,0,0.04047733513175872,tagalog,comment,True,adjudicator,2-1,0,0
t1_p3s504y,0,0.0015011822106316686,-6.5,0,0.17948168516159058,0,0.025382091058865915,taglish,comment,True,majority,3-0,0,0
t1_p5btd0h,1,0.023689471185207367,-3.71875,0,0.6434510946273804,0,0.11035914250177101,english,comment,True,adjudicator,3-0,1,1
t1_p79v19c,1,0.917302668094635,2.40625,1,0.9149183034896851,1,0.7942051741037672,taglish,comment,True,majority,3-0,1,1
t1_p6l0our,0,0.007232763804495335,-4.921875,0,0.13307464122772217,0,0.05939523969881319,english,comment,True,adjudicator,2-1,0,1
t1_p5qheju,0,0.001151399570517242,-6.765625,0,0.23045501112937927,0,0.021943882529335074,tagalog,comment,True,adjudicator,2-1,0,0
t1_p469u4w,1,0.007577240467071533,-4.875,0,0.6714622378349304,0,0.06088213319794229,taglish,comment,True,unanimous,3-0,1,1
t1_p5g0w8c,1,0.07369627058506012,-2.53125,0,0.6418566703796387,0,0.19456502770440665,english,comment,True,adjudicator,2-1,1,1
t1_p3gjnmz,0,0.001081715221516788,-6.828125,0,0.1828521490097046,0,0.02120353956856762,english,comment,True,majority,3-0,0,0
t1_p7ak5ny,0,0.0035380858462303877,-5.640625,0,0.488993376493454,0,0.04047733513175872,taglish,comment,True,majority,3-0,0,0
t1_p57hyi6,0,0.007695646956562996,-4.859375,0,0.6879897117614746,0,0.061385453495215354,english,comment,True,adjudicator,2-1,0,0
t1_p51u0yc,0,0.0023231625091284513,-6.0625,0,0.21245679259300232,0,0.03221857586181331,tagalog,comment,True,majority,3-0,0,0
t1_p56z4ga,0,0.0012644219677895308,-6.671875,0,0.27431878447532654,0,0.02310199576203085,tagalog,comment,True,adjudicator,2-1,0,1
t1_p3hib7w,0,0.0035936026833951473,-5.625,0,0.4621832072734833,0,0.040819298548541494,taglish,comment,True,unanimous,3-0,0,0
t1_p5e0sq3,1,0.004905405919998884,-5.3125,0,0.5080713629722595,0,0.04826684473726577,taglish,comment,True,majority,3-0,1,1
t1_p56zaib,0,0.9606574773788452,3.1953125,1,0.9468393325805664,1,0.8573324303063357,english,comment,True,adjudicator,2-1,0,1
t1_p56r0lz,0,0.2330075204372406,-1.19140625,0,0.7674134969711304,1,0.3387982646279423,taglish,comment,True,adjudicator,2-1,0,0
t1_p5jj6g4,0,0.13028542697429657,-1.8984375,0,0.7030413150787354,1,0.2562670395142933,english,comment,True,adjudicator,2-1,0,0
t1_p7bchp8,0,0.007460643537342548,-4.890625,0,0.2853250503540039,0,0.06038267430548501,english,comment,True,majority,3-0,0,0
t1_p5bqsqg,0,0.006388320587575436,-5.046875,0,0.44782811403274536,0,0.05559494777820731,tagalog,comment,True,majority,3-0,0,0
t1_p505gfw,0,0.0027576221618801355,-5.890625,0,0.261967271566391,0,0.03536587535984611,taglish,comment,True,majority,3-0,0,0
t1_p7jjze4,0,0.7197777628898621,0.943359375,1,0.7574471831321716,1,0.6293530857979854,english,comment,True,unanimous,3-0,0,0
t1_p56ss9e,0,0.004331502132117748,-5.4375,0,0.25956568121910095,0,0.045144408184000756,taglish,comment,True,adjudicator,2-1,0,0
t1_p7447d8,0,0.0071214293129742146,-4.9375,0,0.35951000452041626,0,0.05890721370277696,taglish,comment,True,majority,3-0,0,0
t1_p7bz4l9,0,0.0007672924548387527,-7.171875,0,0.1368100345134735,0,0.01754856467156321,taglish,comment,True,majority,3-0,0,0
t1_p4bsnv1,0,0.049958519637584686,-2.9453125,0,0.8117884397506714,0,0.16070380184178343,tagalog,comment,True,majority,3-0,0,0
t1_p61jws7,0,0.0333368256688118,-3.3671875,0,0.5634758472442627,0,0.13127068594921007,english,comment,True,adjudicator,2-1,0,1
t1_p6ru8e6,0,0.04603390395641327,-3.03125,0,0.6987420320510864,0,0.15430448706265196,taglish,comment,True,majority,3-0,0,0
t1_p73y8o3,0,0.001838665222749114,-6.296875,0,0.1596466302871704,0,0.02836011183776671,english,comment,True,majority,3-0,0,0
t1_p742bdi,0,0.11008788645267487,-2.08984375,0,0.7170433402061462,1,0.23633387617857424,english,comment,True,adjudicator,2-1,0,0
t1_p5is9gx,0,0.22575782239437103,-1.232421875,0,0.7975975871086121,1,0.3336609225098523,taglish,comment,True,adjudicator,2-1,0,1
t1_p74w4x6,1,0.3086068332195282,-0.806640625,0,0.8357452154159546,1,0.3887162183711364,taglish,comment,True,adjudicator,2-1,1,0
t1_p7ct6hb,0,0.0016484829830005765,-6.40625,0,0.17737433314323425,0,0.026716702980587783,taglish,comment,True,majority,3-0,0,0
t1_p3cd49q,0,0.06853749603033066,-2.609375,0,0.7780869007110596,0,0.18778579134624687,taglish,comment,True,adjudicator,2-1,0,0
t1_p4nkkv3,0,0.025371311232447624,-3.6484375,0,0.28093793988227844,0,0.11429346109055416,english,comment,True,unanimous,3-0,0,0
t1_p56tge7,0,0.9190633296966553,2.4296875,1,0.9642088413238525,1,0.7963467646206168,tagalog,comment,True,adjudicator,2-1,0,0
t1_p6l35h6,0,0.0017007224960252643,-6.375,0,0.10658712685108185,0,0.027176559742674317,tagalog,comment,True,majority,3-0,0,0
t1_p3ccojs,0,0.02779562398791313,-3.5546875,0,0.5696718692779541,0,0.11972879478400991,tagalog,comment,True,adjudicator,2-1,0,0
t1_p5owqcx,0,0.002714985515922308,-5.90625,0,0.3021920621395111,0,0.03506792766728798,english,comment,True,unanimous,3-0,0,0
t1_p4zxny7,0,0.0032224843744188547,-5.734375,0,0.4022718667984009,0,0.038482500701258325,taglish,comment,True,adjudicator,2-1,0,0
t1_p3qp9i0,0,0.001151399570517242,-6.765625,0,0.2555146813392639,0,0.021943882529335074,taglish,comment,True,majority,3-0,0,0
t1_p4znx78,0,0.04023794084787369,-3.171875,0,0.7289444804191589,0,0.14428403841391374,tagalog,comment,True,adjudicator,2-1,0,1
t1_p7cv2ix,0,0.008847354911267757,-4.71875,0,0.4380866289138794,0,0.06609331635272746,taglish,comment,True,majority,3-0,0,0
t1_p46zdqa,0,0.0030753696337342262,-5.78125,0,0.2746068835258484,0,0.03752080546289194,taglish,comment,True,majority,3-0,0,0
t1_p3giaih,0,0.0005976693355478346,-7.421875,0,0.08001788705587387,0,0.015286411829338264,taglish,comment,True,majority,3-0,0,0
t1_p5jlwpx,0,0.4942019283771515,-0.023193359375,0,0.8669323921203613,1,0.49674583773917713,tagalog,comment,True,majority,3-0,0,0
t1_p506jlc,1,0.02280263788998127,-3.7578125,0,0.7029625773429871,0,0.10822504896311938,taglish,comment,True,majority,3-0,1,1
t1_p7k5zbv,1,0.028652667999267578,-3.5234375,0,0.7973461151123047,0,0.12158960364901414,taglish,comment,True,adjudicator,2-1,1,1
t1_p3km1oi,0,0.0011879054363816977,-6.734375,0,0.4081430435180664,0,0.02232347216579137,taglish,comment,True,majority,3-0,0,0
t1_p7du9bc,0,0.0023231625091284513,-6.0625,0,0.4172216057777405,0,0.03221857586181331,tagalog,comment,True,majority,3-0,0,0
t1_p6rpvsx,0,0.007232763804495335,-4.921875,0,0.6122972369194031,0,0.05939523969881319,tagalog,comment,True,unanimous,3-0,0,0
t1_p7airw8,0,0.02161533385515213,-3.8125,0,0.707995593547821,0,0.10529828232422496,taglish,comment,True,majority,3-0,0,0
t1_p4mkcna,1,0.26817408204078674,-1.00390625,0,0.8630038499832153,1,0.3627557371589724,english,comment,True,majority,3-0,1,1
t1_p53cx84,0,0.0015011822106316686,-6.5,0,0.20003560185432434,0,0.025382091058865915,english,comment,True,majority,3-0,0,0
t1_p7ba30m,0,0.09467770159244537,-2.2578125,0,0.6939958930015564,0,0.21974475729064444,taglish,comment,True,unanimous,3-0,0,0
t1_p3gclze,0,0.0007096704212017357,-7.25,0,0.09669595956802368,0,0.01680840542233404,taglish,comment,True,unanimous,3-0,0,0
t1_p7ch7u7,0,0.006797531619668007,-4.984375,0,0.2091321051120758,0,0.05746560126766683,english,comment,True,unanimous,3-0,0,0
t1_p6zkkgj,0,0.0006667023408226669,-7.3125,0,0.10221220552921295,0,0.016238446637162222,english,comment,True,majority,3-0,0,0
t1_p4zszjj,0,0.07263670861721039,-2.546875,0,0.6325408816337585,0,0.1931944851928733,tagalog,comment,True,adjudicator,2-1,0,0
t1_p509rh2,0,0.8879840970039368,2.0703125,1,0.9601035118103027,1,0.7616820681142522,taglish,comment,True,adjudicator,2-1,0,0
t1_p5ihpji,0,0.2685575783252716,-1.001953125,0,0.7984675168991089,1,0.36300916669605304,tagalog,comment,True,adjudicator,2-1,0,1
t1_p50eyio,0,0.06325051933526993,-2.6953125,0,0.6145170331001282,0,0.18054003433522892,english,comment,True,adjudicator,2-1,0,0
t1_p6rp2hj,0,0.010328153148293495,-4.5625,0,0.5170694589614868,0,0.07171648585065865,taglish,comment,True,unanimous,3-0,0,0
t1_p56rw0h,0,0.28140562772750854,-0.9375,0,0.7791393995285034,1,0.37141433241778454,tagalog,comment,True,adjudicator,2-1,0,0
t3_1vqocnh,0,0.0038844766095280647,-5.546875,0,0.3062775731086731,0,0.04257099834829676,taglish,submission,True,majority,3-0,0,0
t1_p7coaxk,0,0.0012644219677895308,-6.671875,0,0.1443200260400772,0,0.02310199576203085,taglish,comment,True,majority,3-0,0,0
t1_p50o20n,0,0.020023442804813385,-3.890625,0,0.6731683015823364,0,0.10123842100878153,tagalog,comment,True,majority,3-0,0,0
t3_1vhps53,0,0.0014103584690019488,-6.5625,0,0.2291373312473297,0,0.024528658899843167,taglish,submission,True,unanimous,3-0,0,0
t1_p5ngq2s,0,0.0007793660624884069,-7.15625,0,0.1014842614531517,0,0.01770039302206777,english,comment,True,adjudicator,2-1,0,0
t1_p510wd0,1,0.9773707389831543,3.765625,1,0.9008380770683289,1,0.8921973945859442,english,comment,True,adjudicator,2-1,1,1
t1_p4x4z0t,0,0.0025509123224765062,-5.96875,0,0.3264707624912262,0,0.03390015257688779,taglish,comment,True,majority,3-0,0,0
t1_p4ms7si,0,0.01640303246676922,-4.09375,0,0.6940516233444214,0,0.09132694324564786,tagalog,comment,True,adjudicator,2-1,0,1
t1_p7dyofs,0,0.0443485863506794,-3.0703125,0,0.6630019545555115,0,0.1514652736366868,english,comment,True,majority,3-0,0,0
t1_p7c6wl0,0,0.0038244836032390594,-5.5625,0,0.48354387283325195,0,0.04221500594017596,tagalog,comment,True,majority,3-0,0,0
t1_p504d3m,0,0.021287353709340096,-3.828125,0,0.7162779569625854,0,0.10447498276621153,tagalog,comment,True,adjudicator,2-1,0,0
t1_p74y6fq,0,0.021287353709340096,-3.828125,0,0.39179763197898865,0,0.10447498276621153,taglish,comment,True,majority,3-0,0,0
t1_p4mltiq,1,0.01342825498431921,-4.296875,0,0.602045476436615,0,0.08229696955871754,taglish,comment,True,adjudicator,2-1,1,1
t1_p7e1vz2,0,0.014615669846534729,-4.2109375,0,0.5304319262504578,0,0.08601371812984265,tagalog,comment,True,majority,3-0,0,0
t3_1vj52sf,0,0.0007208379684016109,-7.234375,0,0.10026933252811432,0,0.016953940500825382,taglish,submission,True,unanimous,3-0,0,0
t1_p500gza,0,0.0035380858462303877,-5.640625,0,0.19684091210365295,0,0.04047733513175872,english,comment,True,majority,3-0,0,0
t1_p5gv2tw,0,0.08151976019144058,-2.421875,0,0.6373443603515625,0,0.20436525049387028,taglish,comment,True,unanimous,3-0,0,0
t1_p4zwlf0,0,0.07159119844436646,-2.5625,0,0.8579105734825134,0,0.1918312975972336,tagalog,comment,True,adjudicator,2-1,0,0
t1_p6rotah,0,0.00407013762742281,-5.5,0,0.3140103220939636,0,0.04365626378776887,tagalog,comment,True,majority,3-0,0,0
t1_p4zuz5g,0,0.0064882696606218815,-5.03125,0,0.565108060836792,0,0.056057167341406984,tagalog,comment,True,unanimous,3-0,0,0
t1_p4ibiuu,1,0.976669192314148,3.734375,1,0.9576714038848877,1,0.8904988837379588,english,comment,True,majority,3-0,1,1
t1_p51bah9,1,0.06325051933526993,-2.6953125,0,0.772096574306488,0,0.18054003433522892,tagalog,comment,True,adjudicator,2-1,1,0
t1_p56rofd,0,0.0037654140032827854,-5.578125,0,0.4736100137233734,0,0.04186186029469008,english,comment,True,unanimous,3-0,0,0
t1_p4i7qsg,1,0.017045317217707634,-4.0546875,0,0.5604329109191895,0,0.09316263293708814,taglish,comment,True,unanimous,3-0,1,1
t1_p7dybdv,0,0.11716747283935547,-2.01953125,0,0.80351322889328,1,0.2435298427031441,tagalog,comment,True,adjudicator,2-1,0,0
t1_p3m5ru1,0,0.0008830457809381187,-7.03125,0,0.21610645949840546,0,0.01896234563117803,taglish,comment,True,majority,3-0,0,0
t1_p6xbhhg,0,0.001081715221516788,-6.828125,0,0.10889881104230881,0,0.02120353956856762,taglish,comment,True,majority,3-0,0,0
t1_p7b762c,1,0.03817827254533768,-3.2265625,0,0.6842987537384033,0,0.14053579213334136,tagalog,comment,True,majority,3-0,1,1
t1_p50lrxl,0,0.015424554236233234,-4.15625,0,0.715653121471405,0,0.08845746489644922,tagalog,comment,True,unanimous,3-0,0,0
t1_p509n2f,0,0.0038844766095280647,-5.546875,0,0.5870401859283447,0,0.04257099834829676,taglish,comment,True,majority,3-0,0,0
t1_p5fngij,0,0.06705629080533981,-2.6328125,0,0.5518480539321899,0,0.18578777004629038,tagalog,comment,True,majority,3-0,0,0
t1_p7d4g3w,0,0.0006070756353437901,-7.40625,0,0.13682332634925842,0,0.015418975438670398,taglish,comment,True,majority,3-0,0,0
t1_p4zstxo,1,0.1716158092021942,-1.57421875,0,0.761235237121582,1,0.292452935253436,taglish,comment,True,adjudicator,2-1,1,1
t1_p7dycpl,0,0.020023442804813385,-3.890625,0,0.629236102104187,0,0.10123842100878153,english,comment,True,majority,3-0,0,0
t1_p4njhnu,0,0.01640303246676922,-4.09375,0,0.6475132703781128,0,0.09132694324564786,tagalog,comment,True,adjudicator,2-1,0,0
t1_p6rozmh,0,0.008847354911267757,-4.71875,0,0.2316242754459381,0,0.06609331635272746,taglish,comment,True,majority,3-0,0,0
t1_p6vqyp4,1,0.6838418841362,0.771484375,1,0.9118744730949402,1,0.6065852704509022,taglish,comment,True,majority,3-0,1,1
t1_p50vqmi,0,0.10743748396635056,-2.1171875,0,0.7247089743614197,1,0.23357541398497217,tagalog,comment,True,adjudicator,2-1,0,1
t1_p514wk1,1,0.08093671500682831,-2.4296875,0,0.7964479327201843,0,0.2036532353793832,taglish,comment,True,majority,3-0,1,1
t1_p514ukl,1,0.7268136143684387,0.978515625,1,0.9095252752304077,1,0.6339437751513771,tagalog,comment,True,adjudicator,2-1,1,1
t1_p50tzmc,0,0.06903792917728424,-2.6015625,0,0.7864260673522949,0,0.18845545888181314,english,comment,True,unanimous,3-0,0,0
t1_p3l1wn3,0,0.03384403511881828,-3.3515625,0,0.6902154684066772,0,0.13227395563575836,taglish,comment,True,majority,3-0,0,0
t1_p4bljcw,0,0.692225992679596,0.810546875,1,0.948735237121582,1,0.6118045818072171,taglish,comment,True,adjudicator,2-1,0,1
t1_p5bsp12,0,0.0059110685251653194,-5.125,0,0.30534300208091736,0,0.05333719673018011,taglish,comment,True,majority,3-0,0,0
t1_p7eoik5,0,0.010902374982833862,-4.5078125,0,0.3929358124732971,0,0.07378682500195338,english,comment,True,adjudicator,2-1,0,0
t1_p2876z5,0,0.003172682598233223,-5.75,0,0.4705779552459717,0,0.038159334976386884,taglish,comment,True,adjudicator,2-1,0,0
t1_p3kosqw,0,0.02595735713839531,-3.625,0,0.6853547096252441,0,0.11563180248302748,tagalog,comment,True,adjudicator,2-1,0,1
t1_p7e4ypy,0,0.017712298780679703,-4.015625,0,0.5547393560409546,0,0.09503136149672736,tagalog,comment,True,unanimous,3-0,0,0
t1_p4zof9p,0,0.7563575506210327,1.1328125,1,0.8737616539001465,1,0.6537965296621955,taglish,comment,True,adjudicator,2-1,0,0
t1_p2861tb,0,0.006003595422953367,-5.109375,0,0.5779557228088379,0,0.05378171419221797,taglish,comment,True,adjudicator,2-1,0,1
t1_p7b73di,0,0.2240554690361023,-1.2421875,0,0.7115805149078369,1,0.3324434882878893,english,comment,True,adjudicator,2-1,0,0
t1_p50hh2s,0,0.010169658809900284,-4.578125,0,0.5645755529403687,0,0.07113487763926989,tagalog,comment,True,adjudicator,2-1,0,0
t1_p6rox95,0,0.004007288720458746,-5.515625,0,0.40314894914627075,0,0.04329160639553263,tagalog,comment,True,majority,3-0,0,0
t1_p73m224,0,0.13206616044044495,-1.8828125,0,0.6010303497314453,1,0.25794197437330924,tagalog,comment,True,adjudicator,2-1,0,0
t1_p79wf25,0,0.012722708284854889,-4.3515625,0,0.7228280305862427,0,0.0800084759519686,taglish,comment,True,majority,3-0,0,0
t1_p4zwdd5,0,0.0030278346966952085,-5.796875,0,0.4198753535747528,0,0.037205403298071545,taglish,comment,True,majority,3-0,0,0
t3_1vd7u2z,0,0.0032224843744188547,-5.734375,0,0.4050328731536865,0,0.038482500701258325,tagalog,submission,True,adjudicator,2-1,0,0
t1_p7d0uz0,0,0.053403329104185104,-2.875,0,0.49532872438430786,0,0.1660978226258223,taglish,comment,True,unanimous,3-0,0,0
t1_p7e13mw,0,0.03963883966207504,-3.1875,0,0.5365946292877197,0,0.14320470845148725,english,comment,True,majority,3-0,0,0
t3_1vfzcf0,0,0.0009399438858963549,-6.96875,0,0.11164962500333786,0,0.01962600412046412,english,submission,True,unanimous,3-0,0,0
t1_p516ley,1,0.2798284888267517,-0.9453125,0,0.783881664276123,1,0.37039125298856784,english,comment,True,majority,3-0,1,1
t1_p1803rr,0,0.00130450667347759,-6.640625,0,0.15697205066680908,0,0.023501137303335463,taglish,comment,True,majority,3-0,0,0
t1_p75nrvi,0,0.04885777831077576,-2.96875,0,0.6222290992736816,0,0.15893754376032795,english,comment,True,adjudicator,2-1,0,0
t1_p74upfg,0,0.24328269064426422,-1.134765625,0,0.6415122747421265,1,0.3459554013443328,english,comment,True,majority,3-0,0,0
t1_p7ecnwc,0,0.01678548939526081,-4.0703125,0,0.40196579694747925,0,0.092424416977595,taglish,comment,True,unanimous,3-0,0,0
t1_p731obh,0,0.017309095710515976,-4.0390625,0,0.776364266872406,0,0.09390613511795246,tagalog,comment,True,majority,3-0,0,0
t1_p73c4yz,0,0.016914913430809975,-4.0625,0,0.44248533248901367,0,0.09279286593548665,tagalog,comment,True,adjudicator,2-1,0,0
t1_p5cmehd,0,0.012920473702251911,-4.3359375,0,0.28439652919769287,0,0.08065633598390445,taglish,comment,True,unanimous,3-0,0,0
t1_p50qk1g,0,0.1535491645336151,-1.70703125,0,0.8289990425109863,1,0.27727101218526734,taglish,comment,True,unanimous,3-0,0,0
t1_p7b5i1i,0,0.04401864856481552,-3.078125,0,0.5573853850364685,0,0.1509026078326213,taglish,comment,True,majority,3-0,0,0
t1_p5120d0,0,0.008711384609341621,-4.734375,0,0.28256481885910034,0,0.0655540906515723,english,comment,True,majority,3-0,0,0
t1_p72esdo,1,0.0014550630003213882,-6.53125,0,0.40405651926994324,0,0.02495181983510568,taglish,comment,True,majority,3-0,1,1
t1_p50uvzx,0,0.9492946267127991,2.9296875,1,0.9196323156356812,1,0.8381098984487251,english,comment,True,adjudicator,2-1,0,1
t1_p5dzg7h,0,0.010818448849022388,-4.515625,0,0.6897343993186951,0,0.07348772946012651,english,comment,True,adjudicator,2-1,0,1
t1_p5jcfy6,0,0.06512754410505295,-2.6640625,0,0.6037683486938477,0,0.18314932153151892,tagalog,comment,True,adjudicator,2-1,0,0
t1_p76xl88,0,0.017045317217707634,-4.0546875,0,0.4508434236049652,0,0.09316263293708814,taglish,comment,True,unanimous,3-0,0,0
t1_p6z7ljg,0,0.011158031411468983,-4.484375,0,0.1435805857181549,0,0.07469084511175098,english,comment,True,adjudicator,3-0,0,0
t1_p514hk4,0,0.013636835850775242,-4.28125,0,0.5611155033111572,0,0.08296168937462702,taglish,comment,True,majority,3-0,0,0
t1_p3kp53c,0,0.00178219610825181,-6.328125,0,0.2828602194786072,0,0.027880802061822113,taglish,comment,True,unanimous,3-0,0,0
t1_p7bzeup,0,0.006388320587575436,-5.046875,0,0.3100186586380005,0,0.05559494777820731,tagalog,comment,True,majority,3-0,0,0
t1_p3kiols,0,0.001048469333909452,-6.859375,0,0.2387939691543579,0,0.02084258735547194,taglish,comment,True,majority,3-0,0,0
t1_p5b0c5q,0,0.007011795416474342,-4.953125,0,0.16163554787635803,0,0.058422948549715636,english,comment,True,majority,3-0,0,0
t1_p5dmblv,1,0.024798156693577766,-3.671875,0,0.7908858060836792,0,0.1129686311742134,taglish,comment,True,majority,3-0,1,1
t1_p50es34,0,0.07807817310094833,-2.46875,0,0.805587649345398,0,0.20012087061933004,tagalog,comment,True,adjudicator,2-1,0,1
t1_p76r6vy,0,0.011869121342897415,-4.421875,0,0.6405632495880127,0,0.0771515445816443,tagalog,comment,True,adjudicator,2-1,0,0
t1_p50eikf,0,0.056236349046230316,-2.8203125,0,0.7668083906173706,0,0.17039267319618037,taglish,comment,True,majority,3-0,0,0
t1_p5jb0ue,1,0.36886027455329895,-0.537109375,0,0.797440230846405,1,0.42520490353407026,english,comment,True,adjudicator,2-1,1,1
t1_p3k7vlg,0,0.002251847181469202,-6.09375,0,0.3940008878707886,0,0.03167618073058643,tagalog,comment,True,adjudicator,2-1,0,1
t1_p4sedm6,0,0.00172745855525136,-6.359375,0,0.286390095949173,0,0.027409364507913175,taglish,comment,True,majority,3-0,0,0
t1_p515im6,1,0.12210386991500854,-1.97265625,0,0.8135242462158203,1,0.24840896718404104,tagalog,comment,True,adjudicator,2-1,1,1
t1_p51b5y4,0,0.42202815413475037,-0.314453125,0,0.8844035863876343,1,0.4559939442555266,tagalog,comment,True,adjudicator,2-1,0,1
t1_p7bcn8s,0,0.007937993854284286,-4.828125,0,0.3433399200439453,0,0.06240377989960103,taglish,comment,True,unanimous,3-0,0,0
t1_p7af9i2,0,0.008187909610569477,-4.796875,0,0.5451104044914246,0,0.06343785762569767,tagalog,comment,True,majority,3-0,0,0
t1_p50eju2,0,0.14080817997455597,-1.80859375,0,0.8714762926101685,1,0.2659948840998024,tagalog,comment,True,majority,3-0,0,0
t1_p7b823m,0,0.14903530478477478,-1.7421875,0,0.797832190990448,1,0.2733345530006755,taglish,comment,True,majority,3-0,0,0
t1_p7aahw5,0,0.9653811454772949,3.328125,1,0.9504227638244629,1,0.8662089610821774,english,comment,True,adjudicator,2-1,0,1
t1_p73qnil,0,0.023330770432949066,-3.734375,0,0.47770676016807556,0,0.10950111626204115,taglish,comment,True,majority,3-0,0,0
t1_p510zkq,0,0.03384403511881828,-3.3515625,0,0.6165320873260498,0,0.13227395563575836,tagalog,comment,True,adjudicator,2-1,0,1
t1_p5e7f1a,0,0.005060331430286169,-5.28125,0,0.26906436681747437,0,0.04907892521511716,taglish,comment,True,unanimous,3-0,0,0
t1_p50eau6,0,0.015663648024201393,-4.140625,0,0.6378437280654907,0,0.08916710883373326,english,comment,True,majority,3-0,0,0
t1_p7bm5y3,0,0.20817892253398895,-1.3359375,0,0.8615473508834839,1,0.3208715121507579,tagalog,comment,True,majority,3-0,0,0
t1_p51ddqi,0,0.027169233188033104,-3.578125,0,0.7462767362594604,0,0.1183493799509177,tagalog,comment,True,adjudicator,2-1,0,0
t1_p4btc0n,0,0.0007672924548387527,-7.171875,0,0.13946795463562012,0,0.01754856467156321,english,comment,True,majority,3-0,0,0
t1_p7a3pl2,0,0.010818448849022388,-4.515625,0,0.566837728023529,0,0.07348772946012651,tagalog,comment,True,majority,3-0,0,0
t1_p4zmr6q,0,0.10194652527570724,-2.17578125,0,0.7340406179428101,1,0.22774012561535883,taglish,comment,True,unanimous,3-0,0,0
t1_p5p4oyd,0,0.001048469333909452,-6.859375,0,0.12325826287269592,0,0.02084258735547194,english,comment,True,majority,3-0,0,0
t1_p6sb45o,0,0.0008426423300988972,-7.078125,0,0.12160872668027878,0,0.018479092760439467,taglish,comment,True,unanimous,3-0,0,0
t1_p75vad5,0,0.006003595422953367,-5.109375,0,0.39809855818748474,0,0.05378171419221797,english,comment,True,adjudicator,2-1,0,0
t1_p73d24m,0,0.06954174488782883,-2.59375,0,0.25225508213043213,0,0.18912695845355249,english,comment,True,majority,3-0,0,0
t1_p3ncczb,0,0.0008295890875160694,-7.09375,0,0.19168707728385925,0,0.0183207095479861,taglish,comment,True,majority,3-0,0,0
t1_p7bngsw,0,0.3065270483493805,-0.81640625,0,0.6241294145584106,1,0.3874146968401453,english,comment,True,majority,3-0,0,0
t1_p7bey85,0,0.37983837723731995,-0.490234375,0,0.8476783037185669,1,0.43164696065363045,taglish,comment,True,unanimous,3-0,0,0
t1_p3n7ncs,0,0.0010005043586716056,-6.90625,0,0.21011883020401,0,0.02031240891044831,taglish,comment,True,adjudicator,2-1,0,0
t1_p3konht,0,0.001151399570517242,-6.765625,0,0.24752303957939148,0,0.021943882529335074,taglish,comment,True,majority,3-0,0,0
t1_p7e88qt,0,0.0071214293129742146,-4.9375,0,0.4294155538082123,0,0.05890721370277696,taglish,comment,True,unanimous,3-0,0,0
t1_p7ba3dl,0,0.06754669547080994,-2.625,0,0.46734166145324707,0,0.18645194804866297,english,comment,True,unanimous,3-0,0,0
t1_p4zwm5y,0,0.001597845577634871,-6.4375,0,0.21323774755001068,0,0.02626441741204824,taglish,comment,True,unanimous,3-0,0,0
t1_p75eh8d,1,0.9744347929954529,3.640625,1,0.9566965103149414,1,0.8852619308519101,taglish,comment,True,majority,3-0,1,1
t1_p4bn67m,0,0.0009110511746257544,-7.0,0,0.19210653007030487,0,0.01929137733050243,english,comment,True,unanimous,3-0,0,0
t1_p7gqfj1,0,0.10894505679607391,-2.1015625,0,0.6111733317375183,1,0.23514893051108662,english,comment,True,unanimous,3-0,0,0
t1_p170d0o,0,0.0014103584690019488,-6.5625,0,0.1495480090379715,0,0.024528658899843167,taglish,comment,True,majority,3-0,0,0
t1_p50j0ac,0,0.005139610730111599,-5.265625,0,0.36029887199401855,0,0.04948980911482951,taglish,comment,True,unanimous,3-0,0,0
t1_p6sf1y1,1,0.03514484316110611,-3.3125,0,0.6893820762634277,0,0.13481058187319245,taglish,comment,True,adjudicator,2-1,1,0
t1_p7byzr3,0,0.02909075655043125,-3.5078125,0,0.42412111163139343,0,0.12252931908333224,english,comment,True,unanimous,3-0,0,0
t1_p75itto,0,0.0023231625091284513,-6.0625,0,0.23178109526634216,0,0.03221857586181331,taglish,comment,True,majority,3-0,0,0
t1_p5cmvvb,0,0.1772405207157135,-1.53515625,0,0.7104935050010681,1,0.2970099048445647,tagalog,comment,True,adjudicator,2-1,0,0
t1_p6rsban,0,0.004399413242936134,-5.421875,0,0.6143776774406433,0,0.04552392962098087,taglish,comment,True,adjudicator,2-1,0,0
t1_p75g9y4,0,0.0025909794494509697,-5.953125,0,0.2279910147190094,0,0.03418853003842758,tagalog,comment,True,adjudicator,2-1,0,0
t1_p5jhm4c,0,0.09534946829080582,-2.25,0,0.7847470641136169,0,0.22049745434474555,tagalog,comment,True,adjudicator,2-1,0,0
t3_1vn48aj,0,0.08269734680652618,-2.40625,0,0.4955901801586151,0,0.20579482589623288,taglish,submission,True,unanimous,3-0,0,0
t1_p4qfxr5,1,0.05146276578307152,-2.9140625,0,0.43084558844566345,0,0.16308345680941402,taglish,comment,True,adjudicator,2-1,1,0
t1_p5f4dar,0,0.0015011822106316686,-6.5,0,0.22364819049835205,0,0.025382091058865915,english,comment,True,unanimous,3-0,0,0
t1_p50lvlh,0,0.01798621006309986,-4.0,0,0.5526458024978638,0,0.09578820210071033,tagalog,comment,True,adjudicator,2-1,0,0
t1_p56xct1,1,0.7969253659248352,1.3671875,1,0.8511418700218201,1,0.6829382814339404,taglish,comment,True,unanimous,3-0,1,1
t1_p56vs86,0,0.0017007224960252643,-6.375,0,0.26277101039886475,0,0.027176559742674317,english,comment,True,unanimous,3-0,0,0
t1_p7dwlze,0,0.0443485863506794,-3.0703125,0,0.6972538828849792,0,0.1514652736366868,taglish,comment,True,unanimous,3-0,0,0
t1_p759tqm,0,0.005469274707138538,-5.203125,0,0.3255234360694885,0,0.05116616704566037,tagalog,comment,True,unanimous,3-0,0,0
t3_1vqtr8w,0,0.36296921968460083,-0.5625,0,0.8366231322288513,1,0.4217258877319548,taglish,submission,True,unanimous,3-0,0,0
t1_p5f8utp,0,0.0009253848693333566,-6.984375,0,0.20072543621063232,0,0.019457985673742222,english,comment,True,majority,3-0,0,0
t1_p5faek8,0,0.001151399570517242,-6.765625,0,0.200718492269516,0,0.021943882529335074,english,comment,True,majority,3-0,0,0
t1_p7cz8v9,0,0.0009110511746257544,-7.0,0,0.23085984587669373,0,0.01929137733050243,taglish,comment,True,majority,3-0,0,0
t1_p7b5gkq,0,0.11920293420553207,-2.0,0,0.7743818163871765,1,0.24555488450187982,taglish,comment,True,majority,3-0,0,0
t1_p513f5o,0,0.2075357586145401,-1.33984375,0,0.7605797052383423,1,0.32039396734630976,tagalog,comment,True,adjudicator,2-1,0,1
t1_p77ytu9,0,0.01196109689772129,-4.4140625,0,0.445041298866272,0,0.0774643051258434,english,comment,True,unanimous,3-0,0,0
t1_p3m3i1y,0,0.0014550630003213882,-6.53125,0,0.16956494748592377,0,0.02495181983510568,english,comment,True,majority,3-0,0,0
t1_p79hyyd,1,0.17384853959083557,-1.55859375,0,0.7108113169670105,1,0.2942707991943397,english,comment,True,adjudicator,2-1,1,1
t1_p7as6az,0,0.0010162440594285727,-6.890625,0,0.2741771340370178,0,0.02048765109133822,tagalog,comment,True,majority,3-0,0,0
t1_p39ifp9,0,0.0007793660624884069,-7.15625,0,0.19124159216880798,0,0.01770039302206777,english,comment,True,adjudicator,2-1,0,0
t1_p7kmmyz,0,0.23581157624721527,-1.17578125,0,0.6888270378112793,1,0.3407654642444778,tagalog,comment,True,majority,3-0,0,0
t1_p79nzak,0,0.0033244371879845858,-5.703125,0,0.1489976942539215,0,0.03913673086889577,english,comment,True,majority,3-0,0,0
t1_p6y7pio,0,0.10743748396635056,-2.1171875,0,0.8045699000358582,1,0.23357541398497217,tagalog,comment,True,adjudicator,2-1,0,0
t1_p6y2rz2,0,0.0014325366355478764,-6.546875,0,0.17323780059814453,0,0.02473935757510446,english,comment,True,majority,3-0,0,0
t1_p5s4j66,1,0.006797531619668007,-4.984375,0,0.20140933990478516,0,0.05746560126766683,english,comment,True,adjudicator,2-1,1,0
t1_p5jccnb,0,0.010986942797899246,-4.5,0,0.5185776948928833,0,0.07408704052352968,taglish,comment,True,majority,3-0,0,0
t1_p6rklxt,0,0.018689310178160667,-3.9609375,0,0.2717171907424927,0,0.09770392209211286,tagalog,comment,True,majority,3-0,0,0
t1_p6si5v5,0,0.0009697519708424807,-6.9375,0,0.19014786183834076,0,0.019966317149299598,english,comment,True,adjudicator,2-1,0,0
t1_p582gg7,0,0.015663648024201393,-4.140625,0,0.19543783366680145,0,0.08916710883373326,english,comment,True,majority,3-0,0,0
t1_p5z1rj5,0,0.39420098066329956,-0.4296875,0,0.7942494750022888,1,0.440001996118274,tagalog,comment,True,adjudicator,2-1,0,0
t1_p7bpvlc,0,0.011687257327139378,-4.4375,0,0.4725576341152191,0,0.07652949281507797,tagalog,comment,True,unanimous,3-0,0,0
t1_p5cn5ng,1,0.037326887249946594,-3.25,0,0.7420586943626404,0,0.13895449744469376,taglish,comment,True,majority,3-0,1,1
t1_p6ae97q,0,0.002082970691844821,-6.171875,0,0.1755775660276413,0,0.030358563117324502,english,comment,True,unanimous,3-0,0,0
t1_p775b8v,0,0.8820220232009888,2.01171875,1,0.8541744947433472,1,0.7556615016170288,tagalog,comment,True,adjudicator,2-1,0,1
t1_p75vvh6,0,0.9810219407081604,3.9453125,1,0.9476445913314819,1,0.9015202689387111,english,comment,True,unanimous,3-0,0,0
t1_p3fu247,0,0.16026602685451508,-1.65625,0,0.7280673980712891,1,0.283018274359489,english,comment,True,adjudicator,2-1,0,0
t1_p6cqrb7,0,0.0039454069919884205,-5.53125,0,0.11674618721008301,0,0.042929858226661524,english,comment,True,majority,3-0,0,0
t1_p5f9534,0,0.0009110511746257544,-7.0,0,0.20042626559734344,0,0.01929137733050243,english,comment,True,unanimous,3-0,0,0
t1_p5fbzvy,0,0.06052939593791962,-2.7421875,0,0.7784472703933716,0,0.1766805906890954,tagalog,comment,True,majority,3-0,0,0
t1_p6w66kr,0,0.9738444089889526,3.6171875,1,0.9587704539299011,1,0.8839190655644876,tagalog,comment,True,adjudicator,2-1,0,1
t1_p50l1o4,1,0.7106282711029053,0.8984375,1,0.8463711738586426,1,0.6234531151131967,tagalog,comment,True,majority,3-0,1,1
t1_p7cmr7j,0,0.014172366820275784,-4.2421875,0,0.33943986892700195,0,0.08464489871814775,taglish,comment,True,unanimous,3-0,0,0
t1_p6w56rf,0,0.8438951373100281,1.6875,1,0.8897368907928467,1,0.7205270304876558,tagalog,comment,True,adjudicator,2-1,0,1
t1_p77vx7p,0,0.09704755246639252,-2.23046875,0,0.7823859453201294,0,0.2223872771697109,english,comment,True,majority,3-0,0,0
t1_p7655u1,0,0.9821512699127197,4.0078125,1,0.9218295812606812,1,0.9045908895088318,tagalog,comment,True,adjudicator,2-1,0,0
t1_p7bk46f,0,0.029760092496871948,-3.484375,0,0.530451774597168,0,0.12395060359644215,tagalog,comment,True,unanimous,3-0,0,0
t1_p76nqje,0,0.9358173608779907,2.6796875,1,0.8948385119438171,1,0.8181589620128029,tagalog,comment,True,unanimous,3-0,0,0
t1_p7kk8ri,0,0.6872103214263916,0.787109375,1,0.8403837084770203,1,0.6086759894173762,english,comment,True,adjudicator,2-1,0,0
t1_p7dy7cs,1,0.0037072529084980488,-5.59375,0,0.22519437968730927,0,0.04151154081692565,english,comment,True,adjudicator,2-1,1,1
t1_p7kpsab,0,0.2818007171154022,-0.935546875,0,0.6687578558921814,1,0.3716702829381587,english,comment,True,adjudicator,2-1,0,0
t1_p4nb5o8,0,0.025760557502508163,-3.6328125,0,0.3198500871658325,0,0.1151841818319897,english,comment,True,majority,3-0,0,0
t1_p73r713,0,0.8333246111869812,1.609375,1,0.8899579048156738,1,0.7116130581379331,tagalog,comment,True,adjudicator,2-1,0,1
t1_p5ergfp,0,0.00985985528677702,-4.609375,0,0.659401535987854,0,0.06998470904260001,english,comment,True,adjudicator,2-1,0,1
t1_p4kpg8l,1,0.1352320909500122,-1.85546875,0,0.8362099528312683,1,0.2608902449420991,tagalog,comment,True,adjudicator,2-1,1,1
t1_p79w46z,0,0.2011847198009491,-1.37890625,0,0.7255058288574219,1,0.3156393097150157,tagalog,comment,True,adjudicator,2-1,0,1
t1_p7ij78v,0,0.9210741519927979,2.45703125,1,0.8954793214797974,1,0.7988242676488937,tagalog,comment,True,adjudicator,2-1,0,0
t1_p7f8qy6,1,0.010986942797899246,-4.5,0,0.5097326040267944,0,0.07408704052352968,tagalog,comment,True,adjudicator,2-1,1,0
t1_p7am77z,1,0.7697731852531433,1.20703125,1,0.8977431058883667,1,0.6631633811460282,taglish,comment,True,majority,3-0,1,1
t1_p5dsa7b,0,0.05460060387849808,-2.8515625,0,0.7728586196899414,0,0.16792776485306188,tagalog,comment,True,adjudicator,2-1,0,1
t1_p7cwwlg,1,0.006692850962281227,-5.0,0,0.3323700726032257,0,0.05699246963116262,tagalog,comment,True,adjudicator,2-1,1,0
t1_p5ez20f,0,0.0014550630003213882,-6.53125,0,0.22464150190353394,0,0.02495181983510568,english,comment,True,adjudicator,2-1,0,0
t1_p7czzsb,1,0.06052939593791962,-2.7421875,0,0.6997568607330322,0,0.1766805906890954,taglish,comment,True,majority,3-0,1,1
t1_p78jd3y,0,0.9053223133087158,2.2578125,1,0.921625018119812,1,0.7802552427093555,english,comment,True,adjudicator,2-1,0,1
t1_p7cfvti,1,0.9924227595329285,4.875,1,0.953311562538147,1,0.9391178668020577,english,comment,True,majority,3-0,1,1
t1_p5palw7,0,0.004468384198844433,-5.40625,0,0.2895539104938507,0,0.04590648823794653,english,comment,True,adjudicator,2-1,0,0
t1_p5fp0is,0,0.0009110511746257544,-7.0,0,0.16478686034679413,0,0.01929137733050243,english,comment,True,adjudicator,2-1,0,0
t1_p4ttzbi,0,0.0006070756353437901,-7.40625,0,0.08481636643409729,0,0.015418975438670398,taglish,comment,True,majority,3-0,0,0
t1_p6mfvsd,0,0.3324187695980072,-0.697265625,0,0.6181890964508057,1,0.40339786905942004,english,comment,True,majority,3-0,0,0
t1_p76285e,0,0.18772760033607483,-1.46484375,0,0.7732231616973877,1,0.305314727844146,taglish,comment,True,unanimous,3-0,0,0
t1_p50fvmc,0,0.8643104434013367,1.8515625,1,0.8788679838180542,1,0.738686798246196,english,comment,True,adjudicator,2-1,0,0
t1_p7fchya,0,0.6951311230659485,0.82421875,1,0.6906313896179199,1,0.6136253654172444,tagalog,comment,True,unanimous,3-0,0,0
t1_p7biq9m,0,0.00482972152531147,-5.328125,0,0.2857067584991455,0,0.04786560306024229,english,comment,True,adjudicator,2-1,0,0
t1_p7a9mm4,1,0.814643383026123,1.48046875,1,0.9198445081710815,1,0.6965420243717585,english,comment,True,adjudicator,2-1,1,1
t1_p6chu5d,0,0.04115288704633713,-3.1484375,0,0.7056270837783813,0,0.14591570505458368,english,comment,True,majority,3-0,0,0
t1_p78kto7,1,0.017309095710515976,-4.0390625,0,0.5412557125091553,0,0.09390613511795246,english,comment,True,adjudicator,2-1,1,0
t1_p7klaya,0,0.9585376977920532,3.140625,1,0.9278925657272339,1,0.8535370162345663,tagalog,comment,True,majority,3-0,0,0
t1_p7jhj3y,1,0.00178219610825181,-6.328125,0,0.1500481218099594,0,0.027880802061822113,english,comment,True,majority,3-0,1,1
t1_p5ca25n,0,0.002182716503739357,-6.125,0,0.31520193815231323,0,0.03114262290933151,english,comment,True,majority,3-0,0,0
t1_p5c3jae,0,0.0014103584690019488,-6.5625,0,0.296883761882782,0,0.024528658899843167,english,comment,True,majority,3-0,0,0
t1_p6972gb,0,0.002182716503739357,-6.125,0,0.23781836032867432,0,0.03114262290933151,tagalog,comment,True,majority,3-0,0,0
t1_p4mcm4v,1,0.32295286655426025,-0.740234375,0,0.8821732401847839,1,0.397607833413106,taglish,comment,True,majority,3-0,1,1
t1_p7b2ed6,0,0.004982269834727049,-5.296875,0,0.5891885757446289,0,0.04867127795738106,tagalog,comment,True,majority,3-0,0,0
t1_p5fciax,0,0.0023596608079969883,-6.046875,0,0.19436883926391602,0,0.03249312981430348,taglish,comment,True,majority,3-0,0,0
t1_p5fu46f,0,0.001032231142744422,-6.875,0,0.20761875808238983,0,0.02066437325746141,english,comment,True,majority,3-0,0,0
t1_p6ttlip,0,0.272024542093277,-0.984375,0,0.6966223120689392,1,0.3652934438606583,english,comment,True,adjudicator,2-1,0,1
t1_p7k81p8,0,0.9783847332000732,3.8125,1,0.957374095916748,1,0.894701717675775,tagalog,comment,True,adjudicator,2-1,0,0
t1_p7cliw4,0,0.004198795650154352,-5.46875,0,0.2872021794319153,0,0.04439439053631127,english,comment,True,majority,3-0,0,0
t1_p77xju6,0,0.017045317217707634,-4.0546875,0,0.6192654967308044,0,0.09316263293708814,tagalog,comment,True,adjudicator,2-1,0,0
t1_p3jwb7h,1,0.7885831594467163,1.31640625,1,0.9099873304367065,1,0.6767351497855831,tagalog,comment,True,majority,3-0,1,1
t1_p2y2mmi,0,0.0035936026833951473,-5.625,0,0.42880743741989136,0,0.040819298548541494,tagalog,comment,True,majority,3-0,0,0
t1_p792vtl,1,0.467119038105011,-0.1317138671875,0,0.8585602045059204,1,0.4815279337277701,english,comment,True,adjudicator,2-1,1,0
t1_p2vg49l,0,0.0033766122069209814,-5.6875,0,0.35139399766921997,0,0.03946783436124254,english,comment,True,unanimous,3-0,0,0
t1_p5z1umr,0,0.11008788645267487,-2.08984375,0,0.761746883392334,1,0.23633387617857424,tagalog,comment,True,majority,3-0,0,0
t1_p7fjp05,0,0.006797531619668007,-4.984375,0,0.22719421982765198,0,0.05746560126766683,english,comment,True,majority,3-0,0,0
t1_p3fakiq,0,0.009268012829124928,-4.671875,0,0.18728339672088623,0,0.06773581365504945,english,comment,True,adjudicator,2-1,0,0
t1_p3jdbrh,0,0.001032231142744422,-6.875,0,0.18130525946617126,0,0.02066437325746141,english,comment,True,majority,3-0,0,0
t1_p6rzert,0,0.000954731716774404,-6.953125,0,0.14554306864738464,0,0.019795444105885653,english,comment,True,majority,3-0,0,0
t1_p66882u,0,0.001032231142744422,-6.875,0,0.16575807332992554,0,0.02066437325746141,english,comment,True,majority,3-0,0,0
t1_p7i4usd,0,0.5405600666999817,0.16259765625,1,0.8133780360221863,1,0.5227978937922918,tagalog,comment,True,majority,3-0,0,0
t1_p7brpn7,1,0.05070536583662033,-2.9296875,0,0.6589964628219604,0,0.16189010155127498,english,comment,True,adjudicator,2-1,1,1
t1_p7kroht,1,0.6579781174659729,0.654296875,1,0.7503247261047363,1,0.590785056697663,tagalog,comment,True,adjudicator,2-1,1,0
t1_p3gjm41,0,0.008187909610569477,-4.796875,0,0.3799022436141968,0,0.06343785762569767,taglish,comment,True,unanimous,3-0,0,0
t1_p2yjd22,0,0.005730246659368277,-5.15625,0,0.50987708568573,0,0.05245854405776818,english,comment,True,adjudicator,2-1,0,1
t1_p775b3h,0,0.7446563243865967,1.0703125,1,0.8465701937675476,1,0.6458147417496168,english,comment,True,majority,3-0,0,0
t1_p7avfnw,0,0.011508148163557053,-4.453125,0,0.5600664615631104,0,0.07591204391995358,tagalog,comment,True,adjudicator,2-1,0,0
t1_p5j86c6,0,0.13706977665424347,-1.83984375,0,0.5418742895126343,1,0.2625847281565348,english,comment,True,unanimous,3-0,0,0
t1_p7lb2ol,0,0.5229483246803284,0.09185791015625,1,0.8720636367797852,1,0.512885523484486,english,comment,True,majority,3-0,0,0
t1_p2tsh2r,0,0.0030278346966952085,-5.796875,0,0.23341433703899384,0,0.037205403298071545,english,comment,True,majority,3-0,0,0
t1_p38iio7,0,0.0008426423300988972,-7.078125,0,0.20961473882198334,0,0.018479092760439467,taglish,comment,True,majority,3-0,0,0
t1_p5i6zrd,0,0.0027576221618801355,-5.890625,0,0.34134626388549805,0,0.03536587535984611,tagalog,comment,True,adjudicator,2-1,0,0
t1_p460bgg,0,0.11476478725671768,-2.04296875,0,0.8005053400993347,1,0.241114782033365,tagalog,comment,True,adjudicator,2-1,0,1
t1_p50oacc,0,0.04958902671933174,-2.953125,0,0.6090363264083862,0,0.16011329246246825,english,comment,True,majority,3-0,0,0
t1_p5zegy3,0,0.0009850084315985441,-6.921875,0,0.10571056604385376,0,0.02013863485454007,taglish,comment,True,majority,3-0,0,0
t1_p7a9gyr,0,0.10706345736980438,-2.12109375,0,0.8563534021377563,1,0.23318318065453228,tagalog,comment,True,adjudicator,2-1,0,0
t1_p7kpcat,0,0.09501305222511292,-2.25390625,0,0.7475382685661316,0,0.22012087489731727,tagalog,comment,True,unanimous,3-0,0,0
t1_p7koixa,0,0.44215473532676697,-0.232421875,0,0.7936575412750244,1,0.46743556939708714,tagalog,comment,True,unanimous,3-0,0,0
t1_p796yea,0,0.4427569508552551,-0.22998046875,0,0.8252954483032227,1,0.4677766797861052,taglish,comment,True,unanimous,3-0,0,0
t1_p2fvg69,0,0.0005274784052744508,-7.546875,0,0.10167531669139862,0,0.014265536958822288,tagalog,comment,True,adjudicator,2-1,0,0
t1_p3kmmqe,0,0.0006263342220336199,-7.375,0,0.18733470141887665,0,0.015687506298579894,taglish,comment,True,unanimous,3-0,0,0
t1_p3ywykd,0,0.0009253848693333566,-6.984375,0,0.1508999466896057,0,0.019457985673742222,english,comment,True,adjudicator,2-1,0,0
t1_p5q7qs6,0,0.026355354115366936,-3.609375,0,0.36708635091781616,0,0.11653158101715429,english,comment,True,unanimous,3-0,0,0
t1_p7e5rof,0,0.0028449094388633966,-5.859375,0,0.30015748739242554,0,0.03596910275109087,tagalog,comment,True,majority,3-0,0,0
t1_p7icrdx,0,0.03676946833729744,-3.265625,0,0.6328457593917847,0,0.13790861038900745,english,comment,True,unanimous,3-0,0,0
t1_p5pd45a,0,0.0014779430348426104,-6.515625,0,0.15422821044921875,0,0.02516605964303529,tagalog,comment,True,majority,3-0,0,0
t1_p7g7ji3,0,0.07107366621494293,-2.5703125,0,0.6333872079849243,0,0.19115245970772377,english,comment,True,majority,3-0,0,0
t1_p4nfcdo,0,0.08882029354572296,-2.328125,0,0.6064424514770508,0,0.21305366438353163,taglish,comment,True,unanimous,3-0,0,0
t1_p75sb6f,1,0.4982133209705353,-0.0071468353271484375,0,0.7766909599304199,1,0.4989972449168572,tagalog,comment,True,majority,3-0,1,1
t1_p5cuoq5,0,0.03090895712375641,-3.4453125,0,0.5043988227844238,0,0.12635085450273675,english,comment,True,adjudicator,2-1,0,0
t1_p4q85h6,0,0.5150101184844971,0.06005859375,1,0.9024425745010376,1,0.5084258887825774,taglish,comment,True,majority,3-0,0,0
t1_p586mpz,0,0.004982269834727049,-5.296875,0,0.45687538385391235,0,0.04867127795738106,tagalog,comment,True,majority,3-0,0,0
t1_p75lsgh,0,0.03488088399171829,-3.3203125,0,0.8006645441055298,0,0.1342999930013936,tagalog,comment,True,majority,3-0,0,0
t1_p7820ky,1,0.0024343819823116064,-6.015625,0,0.2727328836917877,0,0.033049036227900674,taglish,comment,True,adjudicator,2-1,1,0
t1_p7m34ce,1,0.7146279811859131,0.91796875,1,0.8943800330162048,1,0.6260229363813198,tagalog,comment,True,majority,3-0,1,1
t1_p764y35,0,0.004399413242936134,-5.421875,0,0.5684766173362732,0,0.04552392962098087,taglish,comment,True,majority,3-0,0,0
t1_p3kmf0f,0,0.0006263342220336199,-7.375,0,0.21703164279460907,0,0.015687506298579894,taglish,comment,True,majority,3-0,0,0
t1_p79av9q,0,0.003123648464679718,-5.765625,0,0.37499257922172546,0,0.03783877631164071,taglish,comment,True,majority,3-0,0,0
t1_p7aatno,0,0.004468384198844433,-5.40625,0,0.27836892008781433,0,0.04590648823794653,tagalog,comment,True,unanimous,3-0,0,0
t1_p4unzip,1,0.9927672147750854,4.921875,1,0.947441577911377,1,0.9406047603011868,english,comment,True,adjudicator,2-1,1,1
t1_p77y5ul,0,0.2011847198009491,-1.37890625,0,0.6193288564682007,1,0.3156393097150157,english,comment,True,majority,3-0,0,0
t1_p57a2cw,0,0.0032224843744188547,-5.734375,0,0.469251811504364,0,0.038482500701258325,tagalog,comment,True,unanimous,3-0,0,0
t1_p5i6aid,0,0.021287353709340096,-3.828125,0,0.2612065076828003,0,0.10447498276621153,taglish,comment,True,unanimous,3-0,0,0
t1_p5zblr6,0,0.021287353709340096,-3.828125,0,0.5811899304389954,0,0.10447498276621153,tagalog,comment,True,adjudicator,2-1,0,0
t1_p5j7dsz,0,0.08819004148244858,-2.3359375,0,0.48848995566368103,0,0.2123194564597089,english,comment,True,unanimous,3-0,0,0
t1_p5j2bfc,0,0.01652955636382103,-4.0859375,0,0.4814411997795105,0,0.09169145914485885,taglish,comment,True,majority,3-0,0,0
t1_p4yz9vz,0,0.0013458605390042067,-6.609375,0,0.2108226865530014,0,0.02390700619329433,english,comment,True,majority,3-0,0,0
t1_p77uxsi,0,0.12210386991500854,-1.97265625,0,0.6611933708190918,1,0.24840896718404104,english,comment,True,unanimous,3-0,0,0
t1_p5cnoit,0,0.987375020980835,4.359375,1,0.9599749445915222,1,0.9203136693568289,tagalog,comment,True,adjudicator,2-1,0,1
t1_p73l304,0,0.005220125894993544,-5.25,0,0.32692620158195496,0,0.049903952370373685,english,comment,True,majority,3-0,0,0
t1_p77cv5i,0,0.039048291742801666,-3.203125,0,0.7575407028198242,0,0.1421321114416574,english,comment,True,adjudicator,3-0,0,0
t1_p7bbeka,1,0.0023596608079969883,-6.046875,0,0.392545223236084,0,0.03249312981430348,taglish,comment,True,adjudicator,2-1,1,0
t1_p50q6im,0,0.008315778337419033,-4.78125,0,0.3581727147102356,0,0.06396086741332643,taglish,comment,True,majority,3-0,0,0
t1_p5rmtyk,0,0.0008830457809381187,-7.03125,0,0.09118369221687317,0,0.01896234563117803,taglish,comment,True,majority,3-0,0,0
t1_p50v04u,1,0.496826171875,-0.0126953125,0,0.865744948387146,1,0.49821875672640975,taglish,comment,True,majority,3-0,1,1
t1_p79lfcn,0,0.06325051933526993,-2.6953125,0,0.522671103477478,0,0.18054003433522892,english,comment,True,majority,3-0,0,0
t1_p77u4ef,1,0.5917232036590576,0.37109375,1,0.885383129119873,1,0.5518799376091661,tagalog,comment,True,adjudicator,2-1,1,0
t1_p77cdyz,0,0.015306354500353336,-4.1640625,0,0.6509450674057007,0,0.08810455854521779,taglish,comment,True,majority,3-0,0,0
t1_p7aquf7,1,0.02161533385515213,-3.8125,0,0.5177923440933228,0,0.10529828232422496,english,comment,True,adjudicator,2-1,1,0
t1_p79tc8v,1,0.007577240467071533,-4.875,0,0.3396267890930176,0,0.06088213319794229,tagalog,comment,True,adjudicator,2-1,1,0
t1_p6y31u7,0,0.1980641782283783,-1.3984375,0,0.7186757922172546,1,0.3132762932934085,english,comment,True,majority,3-0,0,0
t1_p7laogc,0,0.8933094143867493,2.125,1,0.9064369201660156,1,0.767208594074629,tagalog,comment,True,adjudicator,2-1,0,1
t1_p2xls51,0,0.0015011822106316686,-6.5,0,0.276433527469635,0,0.025382091058865915,taglish,comment,True,adjudicator,2-1,0,0
t1_p6xzrs4,0,0.005301895085722208,-5.234375,0,0.36363381147384644,0,0.050321377804759926,tagalog,comment,True,unanimous,3-0,0,0
t1_p38ne47,0,0.0009253848693333566,-6.984375,0,0.23877719044685364,0,0.019457985673742222,taglish,comment,True,adjudicator,2-1,0,0
t1_p7m7fuw,0,0.0012644219677895308,-6.671875,0,0.16377408802509308,0,0.02310199576203085,taglish,comment,True,majority,3-0,0,0
t1_p4dgecm,0,0.2146914005279541,-1.296875,0,0.8381354212760925,1,0.32566747936447327,taglish,comment,True,majority,3-0,0,0
t1_p65uqzq,0,0.001032231142744422,-6.875,0,0.1672162115573883,0,0.02066437325746141,english,comment,True,majority,3-0,0,0
t1_p73xp3y,0,0.14128142595291138,-1.8046875,0,0.6321887969970703,1,0.26642313349364954,tagalog,comment,True,unanimous,3-0,0,0
t1_p456qkl,0,0.0015731120947748423,-6.453125,0,0.27765583992004395,0,0.026041077014244022,english,comment,True,adjudicator,2-1,0,0
t1_p5ih7nx,0,0.07423137128353119,-2.5234375,0,0.7606585025787354,0,0.19525305912339724,tagalog,comment,True,adjudicator,2-1,0,0
t1_p75imjy,0,0.0038244836032390594,-5.5625,0,0.34945136308670044,0,0.04221500594017596,taglish,comment,True,majority,3-0,0,0
t1_p4rn3ty,0,0.005060331430286169,-5.28125,0,0.2838505804538727,0,0.04907892521511716,tagalog,comment,True,adjudicator,2-1,0,0
t1_p2id2ht,0,0.003172682598233223,-5.75,0,0.35571902990341187,0,0.038159334976386884,english,comment,True,majority,3-0,0,0
t1_p75rv22,1,0.6491339206695557,0.615234375,1,0.7865612506866455,1,0.5854746168312106,english,comment,True,adjudicator,2-1,1,1
t1_p760jky,0,0.005641908384859562,-5.171875,0,0.5830711722373962,0,0.05202436159031638,tagalog,comment,True,adjudicator,2-1,0,0
t1_p6a1tky,0,0.001098731067031622,-6.8125,0,0.10446976125240326,0,0.021386302013147354,tagalog,comment,True,adjudicator,3-0,0,0
t1_p75whm4,0,0.025371311232447624,-3.6484375,0,0.7761592864990234,0,0.11429346109055416,taglish,comment,True,adjudicator,2-1,0,0
t1_p75g8kv,0,0.010818448849022388,-4.515625,0,0.5448323488235474,0,0.07348772946012651,tagalog,comment,True,adjudicator,2-1,0,0
t1_p781rv6,0,0.0039454069919884205,-5.53125,0,0.22809898853302002,0,0.042929858226661524,english,comment,True,majority,3-0,0,0
t1_p38szj9,0,0.0017546144081279635,-6.34375,0,0.39547187089920044,0,0.027644106896874285,english,comment,True,majority,3-0,0,0
t1_p74po25,0,0.007937993854284286,-4.828125,0,0.47841185331344604,0,0.06240377989960103,tagalog,comment,True,adjudicator,2-1,0,1
t3_1vshgz3,0,0.007577240467071533,-4.875,0,0.3093143105506897,0,0.06088213319794229,taglish,submission,True,unanimous,3-0,0,0
t1_p5j8lbu,0,0.09009299427270889,-2.3125,0,0.6450411677360535,0,0.21452762956359298,english,comment,True,unanimous,3-0,0,0
t1_p5j5ppr,0,0.014957086183130741,-4.1875,0,0.29054224491119385,0,0.0870534598664823,english,comment,True,unanimous,3-0,0,0
t1_p5qvcar,0,0.0020507436711341143,-6.1875,0,0.12480469048023224,0,0.030101484248787516,english,comment,True,majority,3-0,0,0
t1_p3jmd8b,0,0.0005614788387902081,-7.484375,0,0.10548441857099533,0,0.014767287395490165,english,comment,True,majority,3-0,0,0
t1_p7k3th6,0,0.0006361912237480283,-7.359375,0,0.14870986342430115,0,0.015823492302052267,taglish,comment,True,majority,3-0,0,0
t1_p6gflpe,0,0.0011695103021338582,-6.75,0,0.23927955329418182,0,0.02213288201198187,tagalog,comment,True,majority,3-0,0,0
t1_p7g1jl7,1,0.0025509123224765062,-5.96875,0,0.3246808648109436,0,0.03390015257688779,taglish,comment,True,adjudicator,2-1,1,0
t1_p5i2fit,1,0.004198795650154352,-5.46875,0,0.3384270668029785,0,0.04439439053631127,tagalog,comment,True,majority,3-0,1,1
t1_p5i6y0k,0,0.9839708209037781,4.1171875,1,0.9517423510551453,1,0.9097587945292518,taglish,comment,True,adjudicator,2-1,0,0
t1_p50jafa,0,0.009125636890530586,-4.6875,0,0.5733891129493713,0,0.06718415156459706,taglish,comment,True,majority,3-0,0,0
t1_p6x999n,0,0.6500230431556702,0.619140625,1,0.8831000328063965,1,0.5860065772976006,taglish,comment,True,majority,3-0,0,0
t1_p5fjklt,1,0.8807970285415649,2.0,1,0.9596480131149292,1,0.7544451154981201,taglish,comment,True,majority,3-0,1,1
t1_p7b7yaf,0,0.039048291742801666,-3.203125,0,0.6746317744255066,0,0.1421321114416574,tagalog,comment,True,adjudicator,2-1,0,0
t1_p7c25tw,0,0.0035936026833951473,-5.625,0,0.19903743267059326,0,0.040819298548541494,english,comment,True,majority,3-0,0,0
t1_p3ybx75,0,0.023509452119469643,-3.7265625,0,0.3201037645339966,0,0.10992939563750247,english,comment,True,adjudicator,2-1,0,0
t1_p5rr8fc,0,0.0039454069919884205,-5.53125,0,0.2901570200920105,0,0.042929858226661524,tagalog,comment,True,unanimous,3-0,0,0
t1_p7lup40,0,0.01590639352798462,-4.125,0,0.6341643333435059,0,0.08988188448041777,taglish,comment,True,majority,3-0,0,0
t1_p5c6kf2,0,0.5489152669906616,0.1962890625,1,0.8810686469078064,1,0.5275130586490576,tagalog,comment,True,majority,3-0,0,0
t1_p6x5dwc,1,0.9868786931037903,4.3203125,1,0.9744291305541992,1,0.9186910216473756,taglish,comment,True,majority,3-0,1,1
t1_p50m2oj,1,0.008187909610569477,-4.796875,0,0.35416722297668457,0,0.06343785762569767,english,comment,True,adjudicator,2-1,1,1
t3_1vtbxgt,0,0.5758265852928162,0.3056640625,1,0.7006183862686157,1,0.5427821712477887,taglish,submission,True,majority,3-0,0,0
t1_p3olkdj,0,0.017712298780679703,-4.015625,0,0.39237749576568604,0,0.09503136149672736,english,comment,True,adjudicator,2-1,0,1
t1_p4441wl,0,0.0009850084315985441,-6.921875,0,0.12791255116462708,0,0.02013863485454007,english,comment,True,majority,3-0,0,0
t1_p5bqmrp,0,0.915808916091919,2.38671875,1,0.9348337054252625,1,0.792407804683892,english,comment,True,majority,3-0,0,0
t1_p4uka1g,0,0.037047166377305984,-3.2578125,0,0.6601054072380066,0,0.138430724873356,tagalog,comment,True,adjudicator,2-1,0,1
t1_p32did0,0,0.010489092208445072,-4.546875,0,0.539047360420227,0,0.0723024792169979,taglish,comment,True,unanimous,3-0,0,0
t1_p5seo1m,0,0.08064661920070648,-2.43359375,0,0.5267274379730225,0,0.2032979208206702,english,comment,True,adjudicator,2-1,0,0
t1_p7225hc,0,0.01342825498431921,-4.296875,0,0.4777390956878662,0,0.08229696955871754,tagalog,comment,True,majority,3-0,0,0
t1_p7a7bo1,1,0.018546564504504204,-3.96875,0,0.37222474813461304,0,0.09731806481967557,english,comment,True,adjudicator,2-1,1,0
t1_p5209j0,0,0.0006667023408226669,-7.3125,0,0.08638781309127808,0,0.016238446637162222,taglish,comment,True,majority,3-0,0,0
t1_p5de6ja,1,0.22135066986083984,-1.2578125,0,0.6480013132095337,1,0.3305002452266541,taglish,comment,True,unanimous,3-0,1,1
t1_p7bhl2m,0,0.04569203034043312,-3.0390625,0,0.6800546050071716,0,0.15373318498005056,tagalog,comment,True,adjudicator,2-1,0,1
t1_p6xmyl3,0,0.0008167380001395941,-7.109375,0,0.060518644750118256,0,0.01816365870743014,english,comment,True,majority,3-0,0,0
t1_p2ypqtn,0,0.4002804160118103,-0.404296875,0,0.8590644598007202,1,0.44351614616027996,tagalog,comment,True,adjudicator,2-1,0,0
t1_p630e86,0,0.001367025775834918,-6.59375,0,0.3158409297466278,0,0.024112496932114834,tagalog,comment,True,adjudicator,2-1,0,0
t1_p7ksaqn,0,0.0015011822106316686,-6.5,0,0.16945777833461761,0,0.025382091058865915,taglish,comment,True,unanimous,3-0,0,0
t1_p3j9h67,0,0.6740504503250122,0.7265625,1,0.8542045950889587,1,0.6005529062397402,tagalog,comment,True,adjudicator,2-1,0,0
t1_p7afo2s,0,0.1661335527896881,-1.61328125,0,0.6512829065322876,1,0.28793724526632536,english,comment,True,majority,3-0,0,0
t1_p5b04tc,1,0.14560064673423767,-1.76953125,0,0.7009692192077637,1,0.27029708123953244,taglish,comment,True,adjudicator,2-1,1,0
t1_p75m85e,0,0.0035936026833951473,-5.625,0,0.25984522700309753,0,0.040819298548541494,taglish,comment,True,majority,3-0,0,0
t1_p7kmyht,0,0.0020190139766782522,-6.203125,0,0.32969367504119873,0,0.029846515336618872,taglish,comment,True,unanimous,3-0,0,0
t1_p7eatjp,0,0.005730246659368277,-5.15625,0,0.5050170421600342,0,0.05245854405776818,tagalog,comment,True,adjudicator,2-1,0,0
t1_p7augm9,0,0.25720497965812683,-1.060546875,0,0.8164194822311401,1,0.35543991890256,taglish,comment,True,adjudicator,2-1,0,0
t1_p7cq0d3,0,0.9658995866775513,3.34375,1,0.9415115118026733,1,0.8672219767767312,tagalog,comment,True,adjudicator,2-1,0,0
t1_p77reee,0,0.024798156693577766,-3.671875,0,0.5744668245315552,0,0.1129686311742134,tagalog,comment,True,adjudicator,2-1,0,1
t1_p5c5hsz,0,0.00172745855525136,-6.359375,0,0.32466015219688416,0,0.027409364507913175,english,comment,True,majority,3-0,0,0
t1_p50jnmn,0,0.015189048834145069,-4.171875,0,0.40462613105773926,0,0.08775292459448782,english,comment,True,adjudicator,2-1,0,1
t1_p5je0go,0,0.02280263788998127,-3.7578125,0,0.22483621537685394,0,0.10822504896311938,english,comment,True,majority,3-0,0,0
t1_p5ilagy,0,0.02080449089407921,-3.8515625,0,0.590627908706665,0,0.10325069609876944,taglish,comment,True,unanimous,3-0,0,0
t1_p585bcp,0,0.0008426423300988972,-7.078125,0,0.06880301982164383,0,0.018479092760439467,english,comment,True,unanimous,3-0,0,0
t1_p5rovkq,1,0.16940587759017944,-1.58984375,0,0.5764459371566772,1,0.2906416763787308,english,comment,True,adjudicator,2-1,1,1
t1_p5dsrck,1,0.9473810195922852,2.890625,1,0.9329872131347656,1,0.8351132444107071,tagalog,comment,True,majority,3-0,1,1
t1_p5zl5v6,0,0.6455669403076172,0.599609375,1,0.8837925791740417,1,0.5833447926292642,taglish,comment,True,majority,3-0,0,0
t1_p75rjkb,0,0.4767623543739319,-0.093017578125,0,0.6793214082717896,1,0.4869518755380595,tagalog,comment,True,adjudicator,2-1,0,1
t1_p762sf2,1,0.9875683188438416,4.375,1,0.9511847496032715,1,0.9209544078752299,taglish,comment,True,majority,3-0,1,1
t1_p7bhymk,0,0.8816148638725281,2.0078125,1,0.8822824358940125,1,0.7552564930461877,english,comment,True,adjudicator,2-1,0,1
t1_p7h5m1u,0,0.008445627056062222,-4.765625,0,0.392915815114975,0,0.06448789222350912,taglish,comment,True,majority,3-0,0,0
t1_p5dhwz3,0,0.0026730059180408716,-5.921875,0,0.32195329666137695,0,0.034772399618271686,tagalog,comment,True,majority,3-0,0,0
t1_p7htjrq,0,0.012241275049746037,-4.390625,0,0.425067663192749,0,0.07840956668395933,taglish,comment,True,majority,3-0,0,0
t1_p3ntkr9,0,0.002082970691844821,-6.171875,0,0.2006039321422577,0,0.030358563117324502,taglish,comment,True,majority,3-0,0,0
t1_p7l1bqh,0,0.5297499895095825,0.119140625,1,0.8784431219100952,1,0.5167101283180355,tagalog,comment,True,majority,3-0,0,0
t1_p7ditbc,0,0.03488088399171829,-3.3203125,0,0.40023964643478394,0,0.1342999930013936,tagalog,comment,True,unanimous,3-0,0,0
t1_p4tqn1o,0,0.03488088399171829,-3.3203125,0,0.6894690990447998,0,0.1342999930013936,taglish,comment,True,adjudicator,2-1,0,0
t1_p78u6r9,1,0.18952110409736633,-1.453125,0,0.8082766532897949,1,0.3067114617585969,tagalog,comment,True,majority,3-0,1,1
t1_p7324tn,0,0.9821512699127197,4.0078125,1,0.9594318270683289,1,0.9045908895088318,tagalog,comment,True,unanimous,3-0,0,0
t1_p7bgyp5,0,0.007937993854284286,-4.828125,0,0.30087119340896606,0,0.06240377989960103,tagalog,comment,True,adjudicator,2-1,0,0
t1_p74xnsz,1,0.9874721169471741,4.3671875,1,0.935724675655365,1,0.9206346294791254,english,comment,True,majority,3-0,1,1
t1_p6fxfke,0,0.010169658809900284,-4.578125,0,0.1484241485595703,0,0.07113487763926989,english,comment,True,majority,3-0,0,0
t1_p740s7a,1,0.0060975621454417706,-5.09375,0,0.11319120973348618,0,0.05422972408507728,taglish,comment,True,adjudicator,2-1,1,1
t1_p7acp88,0,0.9842154383659363,4.1328125,1,0.9499011039733887,1,0.9104761465616527,tagalog,comment,True,adjudicator,2-1,0,0
t1_p6xa1dx,1,0.9799765348434448,3.890625,1,0.9537668228149414,1,0.8987615789912184,taglish,comment,True,unanimous,3-0,1,1
t1_p65mrzl,0,0.03993731364607811,-3.1796875,0,0.3578072190284729,0,0.14374353045128088,english,comment,True,majority,3-0,0,0
t1_p51vat8,0,0.0008426423300988972,-7.078125,0,0.10817831754684448,0,0.018479092760439467,tagalog,comment,True,majority,3-0,0,0
t1_p783u0s,0,0.06233103200793266,-2.7109375,0,0.6453770995140076,0,0.17924629958725646,taglish,comment,True,majority,3-0,0,0
t1_p7epidn,0,0.01784873940050602,-4.0078125,0,0.6451352834701538,0,0.09540911049116822,taglish,comment,True,adjudicator,2-1,0,1
t1_p6yxg2t,0,0.012053778395056725,-4.40625,0,0.40643733739852905,0,0.0777782266954065,english,comment,True,adjudicator,2-1,0,0
t1_p66r9kz,0,0.0009110511746257544,-7.0,0,0.12316792458295822,0,0.01929137733050243,tagalog,comment,True,adjudicator,3-0,0,0
t1_p2vijjk,0,0.0030753696337342262,-5.78125,0,0.5592011213302612,0,0.03752080546289194,taglish,comment,True,adjudicator,2-1,0,0
t3_1vtdr0f,0,0.0012644219677895308,-6.671875,0,0.22693359851837158,0,0.02310199576203085,taglish,submission,True,unanimous,3-0,0,0
t1_p5cpwni,1,0.37433314323425293,-0.513671875,0,0.8182332515716553,1,0.4284228994921735,taglish,comment,True,majority,3-0,1,1
t1_p746z7f,1,0.9859364032745361,4.25,1,0.964806079864502,1,0.9156942039413615,tagalog,comment,True,unanimous,3-0,1,1
t1_p50tgfh,0,0.004264634568244219,-5.453125,0,0.3674558103084564,0,0.04476790232060008,taglish,comment,True,majority,3-0,0,0
t1_p3kkj87,0,0.00955939944833517,-4.640625,0,0.16364479064941406,0,0.06885175885281816,english,comment,True,majority,3-0,0,0
t1_p7a1wg5,0,0.9653811454772949,3.328125,1,0.9202572107315063,1,0.8662089610821774,english,comment,True,majority,3-0,0,0
t1_p67y5n5,0,0.051082734018564224,-2.921875,0,0.502788245677948,0,0.16248589617631426,tagalog,comment,True,unanimous,3-0,0,0
t1_p6ywh9d,0,0.002182716503739357,-6.125,0,0.4939318597316742,0,0.03114262290933151,taglish,comment,True,majority,3-0,0,0
t1_p4o65k5,0,0.002082970691844821,-6.171875,0,0.12717436254024506,0,0.030358563117324502,tagalog,comment,True,adjudicator,2-1,0,0
t1_p4zdcfd,0,0.008315778337419033,-4.78125,0,0.3368986248970032,0,0.06396086741332643,tagalog,comment,True,adjudicator,2-1,0,0
t1_p7k552w,0,0.16132023930549622,-1.6484375,0,0.5543084144592285,1,0.2839088420723646,english,comment,True,majority,3-0,0,0
t1_p5dtcat,0,0.0028449094388633966,-5.859375,0,0.1758698672056198,0,0.03596910275109087,taglish,comment,True,unanimous,3-0,0,0
t1_p3hd3co,0,0.010818448849022388,-4.515625,0,0.3910166919231415,0,0.07348772946012651,tagalog,comment,True,adjudicator,2-1,0,1
t1_p2wekrp,0,0.0009110511746257544,-7.0,0,0.126310333609581,0,0.01929137733050243,english,comment,True,majority,3-0,0,0
t1_p70cqzj,0,0.11162799596786499,-2.07421875,0,0.6541251540184021,1,0.23792020687168708,tagalog,comment,True,adjudicator,2-1,0,1
t1_p30m1mi,0,0.020645931363105774,-3.859375,0,0.6803595423698425,0,0.10284543006797023,english,comment,True,adjudicator,2-1,0,0
t1_p6v6185,0,0.0007321811863221228,-7.21875,0,0.11248503625392914,0,0.017100713773272696,taglish,comment,True,majority,3-0,0,0
t1_p69yce2,0,0.0032224843744188547,-5.734375,0,0.5480983257293701,0,0.038482500701258325,tagalog,comment,True,adjudicator,2-1,0,0
t1_p7cfyef,0,0.6370307803153992,0.5625,1,0.8394292593002319,1,0.5782741122680453,tagalog,comment,True,majority,3-0,0,0
t1_p78sls3,0,0.005301895085722208,-5.234375,0,0.23004451394081116,0,0.050321377804759926,english,comment,True,adjudicator,2-1,0,0
t1_p7fvb3b,0,0.010013570077717304,-4.59375,0,0.3439345359802246,0,0.07055762765579472,tagalog,comment,True,adjudicator,2-1,0,1
t1_p5z8f79,0,0.04177388176321983,-3.1328125,0,0.6363396644592285,0,0.147011961808062,taglish,comment,True,adjudicator,2-1,0,0
t1_p7ahges,0,0.242923304438591,-1.13671875,0,0.809935450553894,1,0.3457074161129102,tagalog,comment,True,adjudicator,2-1,0,0
t1_p4nak5b,0,0.642432451248169,0.5859375,1,0.7709587812423706,1,0.5814786381926281,english,comment,True,majority,3-0,0,0
t1_p50kade,0,0.004198795650154352,-5.46875,0,0.4441533088684082,0,0.04439439053631127,taglish,comment,True,unanimous,3-0,0,0
t1_p72yt57,0,0.002714985515922308,-5.90625,0,0.29122108221054077,0,0.03506792766728798,taglish,comment,True,majority,3-0,0,0
t1_p6znlau,0,0.011777843348681927,-4.4296875,0,0.28725868463516235,0,0.07683994162343406,tagalog,comment,True,adjudicator,3-0,0,0
t1_p3uaj0a,0,0.38769033551216125,-0.45703125,0,0.8187100291252136,1,0.4362242508740264,english,comment,True,unanimous,3-0,0,0
t1_p7a36dh,0,0.00628990214318037,-5.0625,0,0.21427416801452637,0,0.055136316831376604,english,comment,True,majority,3-0,0,0
t1_p77yljm,0,0.0025909794494509697,-5.953125,0,0.17197440564632416,0,0.03418853003842758,english,comment,True,majority,3-0,0,0
t1_p7l1ig6,0,0.9207897186279297,2.453125,1,0.9554232358932495,1,0.7984717239328887,tagalog,comment,True,adjudicator,2-1,0,0
t1_p6s0q0m,0,0.2018132209777832,-1.375,0,0.6972538828849792,1,0.31611306409511414,taglish,comment,True,majority,3-0,0,0
t1_p5ihcoy,0,0.0025114635936915874,-5.984375,0,0.25662583112716675,0,0.03361412289700238,english,comment,True,adjudicator,2-1,0,1
t1_p79tkvu,0,0.0011695103021338582,-6.75,0,0.14376918971538544,0,0.02213288201198187,english,comment,True,majority,3-0,0,0
t1_p7e3dl1,0,0.5589289665222168,0.23681640625,1,0.8171273469924927,1,0.5331783523844118,english,comment,True,adjudicator,2-1,0,0
t1_p3k03nh,0,0.0035380858462303877,-5.640625,0,0.2520211338996887,0,0.04047733513175872,taglish,comment,True,majority,3-0,0,0
t1_p7kpu1i,0,0.896975576877594,2.1640625,1,0.9178788661956787,1,0.7711010896203782,tagalog,comment,True,adjudicator,2-1,0,0
t3_1vcgopx,0,0.015424554236233234,-4.15625,0,0.4507995843887329,0,0.08845746489644922,english,submission,True,unanimous,3-0,0,0
t1_p7i30af,0,0.0038844766095280647,-5.546875,0,0.15653520822525024,0,0.04257099834829676,english,comment,True,majority,3-0,0,0
t1_p7b51zi,1,0.15817435085773468,-1.671875,0,0.6505043506622314,1,0.281242221410646,taglish,comment,True,adjudicator,2-1,1,1
t1_p3lgy3u,0,0.9728307723999023,3.578125,1,0.9211170673370361,1,0.8816506200490823,taglish,comment,True,unanimous,3-0,0,0
t1_p3egqib,0,0.000437334441812709,-7.734375,0,0.18596160411834717,0,0.012858971168173106,taglish,comment,True,majority,3-0,0,0
t1_p3bv2j9,0,0.0008559005800634623,-7.0625,0,0.05268200859427452,0,0.018638819204537343,english,comment,True,majority,3-0,0,0
t1_p6dlj67,0,0.03649376332759857,-3.2734375,0,0.3352080285549164,0,0.13738815112565847,english,comment,True,unanimous,3-0,0,0
t1_p4biygx,0,0.006903837900608778,-4.96875,0,0.3648115396499634,0,0.057942419339006214,english,comment,True,majority,3-0,0,0
t1_p6z0md9,0,0.0006166296661831439,-7.390625,0,0.15331336855888367,0,0.015552670481536295,tagalog,comment,True,adjudicator,2-1,0,0
t1_p3f8mlm,1,0.9924227595329285,4.875,1,0.9504420161247253,1,0.9391178668020577,english,comment,True,adjudicator,2-1,1,1
t1_p5dmlgf,0,0.0012065897462889552,-6.71875,0,0.19075313210487366,0,0.02251566573583973,english,comment,True,unanimous,3-0,0,0
t1_p5dhipi,0,0.015189048834145069,-4.171875,0,0.5697017908096313,0,0.08775292459448782,english,comment,True,adjudicator,2-1,0,0
t1_p50zvx1,0,0.006003595422953367,-5.109375,0,0.46163129806518555,0,0.05378171419221797,taglish,comment,True,unanimous,3-0,0,0
t1_p7jwx3u,1,0.027585282921791077,-3.5625,0,0.555339515209198,0,0.1192674532053117,english,comment,True,adjudicator,2-1,1,1
t1_p767qhe,1,0.7487199306488037,1.091796875,1,0.887641429901123,1,0.6485679221909341,tagalog,comment,True,adjudicator,3-0,1,1
t1_p68nj1y,0,0.001151399570517242,-6.765625,0,0.36001715064048767,0,0.021943882529335074,taglish,comment,True,majority,3-0,0,0
t1_p77vte9,0,0.0035380858462303877,-5.640625,0,0.24242165684700012,0,0.04047733513175872,english,comment,True,adjudicator,2-1,0,0
t1_p5zgd61,0,0.001367025775834918,-6.59375,0,0.187952920794487,0,0.024112496932114834,english,comment,True,majority,3-0,0,0
t1_p6x4kqb,1,0.6531268954277039,0.6328125,1,0.8373193144798279,1,0.5878668518280122,english,comment,True,adjudicator,2-1,1,1
t1_p6x3dor,1,0.13341522216796875,-1.87109375,0,0.7474534511566162,1,0.25920285283078176,tagalog,comment,True,majority,3-0,1,1
t1_p7l474i,1,0.9918121099472046,4.796875,1,0.9703412055969238,1,0.9365621423743024,taglish,comment,True,majority,3-0,1,1
t1_p5qt44u,0,0.020177319645881653,-3.8828125,0,0.314449667930603,0,0.10163807196606826,english,comment,True,majority,3-0,0,0
t1_p6ryuq9,1,0.9651191234588623,3.3203125,1,0.9091870784759521,1,0.8657000069986064,english,comment,True,majority,3-0,1,1
t1_p3a6b8z,0,0.167763352394104,-1.6015625,0,0.7737604975700378,1,0.28928758687492806,taglish,comment,True,unanimous,3-0,0,0
t1_p6mgw4q,0,0.07640768587589264,-2.4921875,0,0.4902970492839813,0,0.19802360356976723,tagalog,comment,True,adjudicator,2-1,0,0
t1_p7i2wbm,0,0.010013570077717304,-4.59375,0,0.2768397331237793,0,0.07055762765579472,english,comment,True,majority,3-0,0,0
t1_p6w4ii3,0,0.33895182609558105,-0.66796875,0,0.7967481017112732,1,0.4073612145695407,tagalog,comment,True,adjudicator,2-1,0,0
t1_p76j7qh,0,0.001367025775834918,-6.59375,0,0.16991440951824188,0,0.024112496932114834,tagalog,comment,True,adjudicator,2-1,0,1
t1_p69zn8v,0,0.08570928126573563,-2.3671875,0,0.6707230806350708,0,0.20940112367320815,tagalog,comment,True,adjudicator,2-1,0,0
t1_p5rwjuo,0,0.0014779430348426104,-6.515625,0,0.19698110222816467,0,0.02516605964303529,taglish,comment,True,unanimous,3-0,0,0
t1_p7comku,0,0.02655657008290291,-3.6015625,0,0.7695034742355347,0,0.11698374554892807,tagalog,comment,True,adjudicator,2-1,0,0
t1_p6sdu2r,1,0.16079242527484894,-1.65234375,0,0.7928146123886108,1,0.2834633468330027,tagalog,comment,True,adjudicator,2-1,1,1
t1_p57rbor,0,0.06142404302954674,-2.7265625,0,0.6897087097167969,0,0.17795982232152194,tagalog,comment,True,adjudicator,2-1,0,1
t1_p6x7e3c,1,0.03138043358922005,-3.4296875,0,0.5121404528617859,0,0.12732203398147005,tagalog,comment,True,majority,3-0,1,1
t1_p7mvzml,0,0.8770562410354614,1.96484375,1,0.9312042593955994,1,0.7507715134683535,tagalog,comment,True,adjudicator,2-1,0,0
t1_p4v58lq,1,0.026759279891848564,-3.59375,0,0.32670432329177856,0,0.11743743134493874,tagalog,comment,True,adjudicator,2-1,1,1
t1_p6vzgnz,0,0.7892336845397949,1.3203125,1,0.8884332180023193,1,0.6772145635644516,tagalog,comment,True,adjudicator,2-1,0,1
t1_p3nt7nq,0,0.002251847181469202,-6.09375,0,0.14758551120758057,0,0.03167618073058643,taglish,comment,True,majority,3-0,0,0
t1_p6p92x5,0,0.001524786464869976,-6.484375,0,0.206760972738266,0,0.0255999282397834,tagalog,comment,True,adjudicator,2-1,0,0
t1_p7iqat2,0,0.011158031411468983,-4.484375,0,0.6440832018852234,0,0.07469084511175098,tagalog,comment,True,adjudicator,3-0,0,0
t1_p7e4oey,1,0.9702399373054504,3.484375,1,0.9457985758781433,1,0.8760493964035578,taglish,comment,True,majority,3-0,1,1
t1_p4zs8xq,0,0.005220125894993544,-5.25,0,0.6663902997970581,0,0.049903952370373685,tagalog,comment,True,majority,3-0,0,0
t1_p6rhuik,0,0.003172682598233223,-5.75,0,0.40779250860214233,0,0.038159334976386884,taglish,comment,True,unanimous,3-0,0,0
t1_p6s67b3,0,0.14511536061763763,-1.7734375,0,0.7263643145561218,1,0.2698648956084649,tagalog,comment,True,adjudicator,2-1,0,1
t1_p4zngjr,0,0.007577240467071533,-4.875,0,0.45485180616378784,0,0.06088213319794229,english,comment,True,majority,3-0,0,0
t1_p78s50r,0,0.0029349515680223703,-5.828125,0,0.1513410061597824,0,0.036582229051434,english,comment,True,adjudicator,2-1,0,0
t1_p76qwcu,0,0.9669140577316284,3.375,1,0.9364321231842041,1,0.8692285221974732,tagalog,comment,True,adjudicator,2-1,0,1
t1_p5omyji,0,0.002182716503739357,-6.125,0,0.3105459213256836,0,0.03114262290933151,taglish,comment,True,majority,3-0,0,0
t1_p7dfkfu,0,0.0037072529084980488,-5.59375,0,0.43533608317375183,0,0.04151154081692565,tagalog,comment,True,adjudicator,2-1,0,0
t1_p5av7dh,0,0.9849274158477783,4.1796875,1,0.9325480461120605,1,0.9125974404629934,english,comment,True,adjudicator,2-1,0,1
t1_p4p8bvr,0,0.002800926798954606,-5.875,0,0.22150331735610962,0,0.03566626093714118,english,comment,True,majority,3-0,0,0
t1_p753tau,0,0.16667540371418,-1.609375,0,0.6225860714912415,1,0.288386941862067,tagalog,comment,True,majority,3-0,0,0
t1_p5fpvqy,0,0.004681822843849659,-5.359375,0,0.447683185338974,0,0.04707260490830975,taglish,comment,True,unanimous,3-0,0,0
t1_p3ke9rx,0,0.005060331430286169,-5.28125,0,0.16206303238868713,0,0.04907892521511716,english,comment,True,majority,3-0,0,0
t1_p2x47yo,0,0.12294380366802216,-1.96484375,0,0.7256457209587097,1,0.2492284865316465,english,comment,True,majority,3-0,0,0
t3_1vrsgw9,0,0.0013885231455788016,-6.578125,0,0.3036661148071289,0,0.02431970994248584,tagalog,submission,True,adjudicator,3-0,0,0
t1_p50vbc4,0,0.004681822843849659,-5.359375,0,0.34090203046798706,0,0.04707260490830975,english,comment,True,majority,3-0,0,0
t1_p7bj4st,0,0.008711384609341621,-4.734375,0,0.19088059663772583,0,0.0655540906515723,taglish,comment,True,unanimous,3-0,0,0
t1_p77zrla,0,0.6390605568885803,0.5712890625,1,0.8907040953636169,1,0.5794765973709223,tagalog,comment,True,majority,3-0,0,0
t1_p7bbozl,0,0.01353214867413044,-4.2890625,0,0.4272415041923523,0,0.08262872124457442,tagalog,comment,True,adjudicator,2-1,0,0
t1_p3kj419,0,0.00985985528677702,-4.609375,0,0.23197488486766815,0,0.06998470904260001,english,comment,True,majority,3-0,0,0
t1_p7e50re,0,0.1540575623512268,-1.703125,0,0.4556054472923279,1,0.27771054730988887,tagalog,comment,True,unanimous,3-0,0,0
t1_p7jbjjc,0,0.004905405919998884,-5.3125,0,0.29931333661079407,0,0.04826684473726577,english,comment,True,majority,3-0,0,0
t1_p657tbd,0,0.0753123015165329,-2.5078125,0,0.5377336740493774,0,0.19663464615543252,english,comment,True,adjudicator,2-1,0,1
t1_p7ac8ad,0,0.0035380858462303877,-5.640625,0,0.2684256434440613,0,0.04047733513175872,tagalog,comment,True,adjudicator,2-1,0,0
t1_p6lfn0d,1,0.11879339814186096,-2.00390625,0,0.6582114696502686,1,0.24514896906469816,tagalog,comment,True,adjudicator,2-1,1,1
t1_p7bx5xc,0,0.014615669846534729,-4.2109375,0,0.3117668926715851,0,0.08601371812984265,taglish,comment,True,majority,3-0,0,0
t1_p7d5q6s,0,0.2806163728237152,-0.94140625,0,0.6733818054199219,1,0.3709026479266264,tagalog,comment,True,adjudicator,2-1,0,0
t1_p3te8we,0,0.014842418022453785,-4.1953125,0,0.669467568397522,0,0.08670562207766436,taglish,comment,True,majority,3-0,0,0
t1_p5z1pun,0,0.0029349515680223703,-5.828125,0,0.24462148547172546,0,0.036582229051434,tagalog,comment,True,adjudicator,3-0,0,0
t1_p4n9a42,0,0.00178219610825181,-6.328125,0,0.1884407103061676,0,0.027880802061822113,english,comment,True,majority,3-0,0,0
t1_p5jjvc9,0,0.9412234425544739,2.7734375,1,0.9282571077346802,1,0.8258561851700594,english,comment,True,majority,3-0,0,0
t1_p5i3caa,0,0.0032730652019381523,-5.71875,0,0.1797323226928711,0,0.03880829284256241,taglish,comment,True,unanimous,3-0,0,0
t1_p79xe9y,0,0.00628990214318037,-5.0625,0,0.2425004243850708,0,0.055136316831376604,tagalog,comment,True,majority,3-0,0,0
t1_p786g4y,0,0.047074176371097565,-3.0078125,0,0.46066153049468994,0,0.1560288099231526,english,comment,True,majority,3-0,0,0
t1_p78dkdt,0,0.378459095954895,-0.49609375,0,0.810100793838501,1,0.4308403910733397,taglish,comment,True,adjudicator,2-1,0,1
t1_p6zs8qi,0,0.05921025201678276,-2.765625,0,0.3522394895553589,0,0.17477530184898396,english,comment,True,majority,3-0,0,0
t1_p75wctw,0,0.12852515280246735,-1.9140625,0,0.5122804045677185,1,0.25459924918833976,taglish,comment,True,majority,3-0,0,0
t1_p79m7m2,0,0.1661335527896881,-1.61328125,0,0.6961015462875366,1,0.28793724526632536,english,comment,True,majority,3-0,0,0
t1_p7laa29,1,0.06954174488782883,-2.59375,0,0.7203702926635742,0,0.18912695845355249,tagalog,comment,True,adjudicator,2-1,1,1
t1_p2tp8go,0,0.0009850084315985441,-6.921875,0,0.21643710136413574,0,0.02013863485454007,taglish,comment,True,majority,3-0,0,0
t1_p7idnnt,0,0.0014779430348426104,-6.515625,0,0.1784067153930664,0,0.02516605964303529,tagalog,comment,True,majority,3-0,0,0
t1_p764s1y,0,0.41905349493026733,-0.32666015625,0,0.7342559695243835,1,0.4542949890645028,tagalog,comment,True,adjudicator,2-1,0,0
t1_p780jhn,0,0.04401864856481552,-3.078125,0,0.588039755821228,0,0.1509026078326213,tagalog,comment,True,majority,3-0,0,0
t1_p50zbcj,0,0.08694165199995041,-2.3515625,0,0.6229851841926575,0,0.2108565902768351,tagalog,comment,True,adjudicator,2-1,0,1
t1_p6x7o6u,1,0.540620744228363,0.162841796875,1,0.9152724146842957,1,0.522832077293759,tagalog,comment,True,adjudicator,2-1,1,1
t1_p4ut050,1,0.9818752408027649,3.9921875,1,0.9492073059082031,1,0.9038313601673637,english,comment,True,majority,3-0,1,1
t1_p7b1m6h,0,0.24617071449756622,-1.119140625,0,0.677847146987915,1,0.34794228964799184,english,comment,True,adjudicator,2-1,0,0
t1_p3i4nnr,0,0.03622005507349968,-3.28125,0,0.5422603487968445,0,0.13686934420374175,taglish,comment,True,majority,3-0,0,0
t1_p7bgqoa,1,0.025565214455127716,-3.640625,0,0.40562543272972107,0,0.11473806914808991,english,comment,True,adjudicator,3-0,1,0
t1_p79p7nm,0,0.17838265001773834,-1.52734375,0,0.7173320055007935,1,0.29792620519327806,taglish,comment,True,majority,3-0,0,0
t1_p6ktn2q,0,0.4138324558734894,-0.34814453125,0,0.8368021249771118,1,0.4513074351510902,taglish,comment,True,adjudicator,2-1,0,0
t1_p6xzha6,0,0.01342825498431921,-4.296875,0,0.24212710559368134,0,0.08229696955871754,english,comment,True,adjudicator,2-1,0,0
t1_p5rot3a,0,0.22850064933300018,-1.216796875,0,0.67656010389328,1,0.3356134335214572,taglish,comment,True,adjudicator,2-1,0,0
t1_p656d1x,0,0.017176708206534386,-4.046875,0,0.46765100955963135,0,0.09353372149412013,english,comment,True,adjudicator,2-1,0,0
t1_p77gn5r,0,0.9695556163787842,3.4609375,1,0.9485153555870056,1,0.874613981435481,taglish,comment,True,unanimous,3-0,0,0
t1_p7jeqsz,0,0.0014550630003213882,-6.53125,0,0.14972850680351257,0,0.02495181983510568,english,comment,True,majority,3-0,0,0
t1_p5iuqzb,0,0.0061929901130497456,-5.078125,0,0.3058221936225891,0,0.05468125029979338,taglish,comment,True,unanimous,3-0,0,0
t1_p517aep,0,0.0427221953868866,-3.109375,0,0.6399126052856445,0,0.1486691180986134,taglish,comment,True,adjudicator,2-1,0,0
t1_p7buldv,0,0.001032231142744422,-6.875,0,0.11902125924825668,0,0.02066437325746141,taglish,comment,True,unanimous,3-0,0,0
t1_p3yznzs,0,0.6693126559257507,0.705078125,1,0.8461813926696777,1,0.5976569196996107,tagalog,comment,True,adjudicator,2-1,0,0
t1_p7ktpl9,0,0.001597845577634871,-6.4375,0,0.25072866678237915,0,0.02626441741204824,taglish,comment,True,unanimous,3-0,0,0
t1_p3ev21r,0,0.08945459872484207,-2.3203125,0,0.6875139474868774,0,0.2137897221189672,english,comment,True,adjudicator,2-1,0,0
t1_p7e3klb,0,0.0025114635936915874,-5.984375,0,0.18543612957000732,0,0.03361412289700238,taglish,comment,True,majority,3-0,0,0
t1_p7dpbba,0,0.001048469333909452,-6.859375,0,0.153710275888443,0,0.02084258735547194,taglish,comment,True,adjudicator,2-1,0,1
t1_p4thbix,0,0.004399413242936134,-5.421875,0,0.2738124132156372,0,0.04552392962098087,tagalog,comment,True,adjudicator,2-1,0,0
t1_p5z2zvd,1,0.002217013156041503,-6.109375,0,0.43920445442199707,0,0.03140830558159979,tagalog,comment,True,majority,3-0,1,1
t1_p513w3g,1,0.9875683188438416,4.375,1,0.9288567900657654,1,0.9209544078752299,english,comment,True,majority,3-0,1,1
t1_p2vjmz5,0,0.0039454069919884205,-5.53125,0,0.27488428354263306,0,0.042929858226661524,tagalog,comment,True,majority,3-0,0,0
t1_p6y037g,0,0.015189048834145069,-4.171875,0,0.2604628801345825,0,0.08775292459448782,english,comment,True,majority,3-0,0,0
t1_p7d23oe,0,0.04084571823477745,-3.15625,0,0.7484375834465027,0,0.14537012303369642,taglish,comment,True,adjudicator,2-1,0,0
t1_p5i4hvt,0,0.0014779430348426104,-6.515625,0,0.12519818544387817,0,0.02516605964303529,taglish,comment,True,unanimous,3-0,0,0
t1_p7kvr87,0,0.8407825827598572,1.6640625,1,0.8525794744491577,1,0.7178706004268116,english,comment,True,unanimous,3-0,0,0
t1_p77t84c,0,0.25608712434768677,-1.06640625,0,0.8469973802566528,1,0.3546868828428955,english,comment,True,adjudicator,2-1,0,0
t1_p5f9wh2,0,0.0014550630003213882,-6.53125,0,0.21194243431091309,0,0.02495181983510568,taglish,comment,True,majority,3-0,0,0
t1_p5ckeni,0,0.010013570077717304,-4.59375,0,0.5758455395698547,0,0.07055762765579472,taglish,comment,True,adjudicator,2-1,0,0
t1_p3gee5s,0,0.0009399438858963549,-6.96875,0,0.1385379135608673,0,0.01962600412046412,english,comment,True,majority,3-0,0,0
t1_p7k4xld,0,0.001597845577634871,-6.4375,0,0.260444313287735,0,0.02626441741204824,taglish,comment,True,unanimous,3-0,0,0
t1_p7a7fkl,0,0.039048291742801666,-3.203125,0,0.4034036099910736,0,0.1421321114416574,taglish,comment,True,majority,3-0,0,0
t1_p7hocjp,0,0.07864238321781158,-2.4609375,0,0.4718797206878662,0,0.2008236502458881,taglish,comment,True,majority,3-0,0,0
t1_p50fdri,0,0.0071214293129742146,-4.9375,0,0.21203255653381348,0,0.05890721370277696,english,comment,True,majority,3-0,0,0
t1_p6w95o8,0,0.9205042719841003,2.44921875,1,0.9334762096405029,1,0.7981187185465494,taglish,comment,True,adjudicator,2-1,0,0
t1_p6x6kjl,0,0.7029380798339844,0.861328125,1,0.8708317279815674,1,0.6185513724855763,english,comment,True,adjudicator,2-1,0,1
t1_p5rpqpe,0,0.6872103214263916,0.787109375,1,0.7886620759963989,1,0.6086759894173762,tagalog,comment,True,adjudicator,2-1,0,0
t1_p584lsx,0,0.016277462244033813,-4.1015625,0,0.25073766708374023,0,0.09096373134159495,english,comment,True,majority,3-0,0,0
t1_p79hd8z,0,0.007232763804495335,-4.921875,0,0.17321577668190002,0,0.05939523969881319,english,comment,True,majority,3-0,0,0
t1_p4t3p3g,0,0.006589771714061499,-5.015625,0,0.32548627257347107,0,0.05652299982418538,tagalog,comment,True,adjudicator,2-1,0,1
t1_p6tvsv8,0,0.0006462032324634492,-7.34375,0,0.11167190968990326,0,0.015960637976263764,taglish,comment,True,adjudicator,2-1,0,0
t1_p5z7dkf,0,0.013222821988165379,-4.3125,0,0.5330047607421875,0,0.08163710159189876,taglish,comment,True,unanimous,3-0,0,0
t1_p50pzlk,0,0.048136770725250244,-2.984375,0,0.5538589954376221,0,0.15776880703330995,english,comment,True,adjudicator,2-1,0,0
t1_p6m99jg,0,0.03649376332759857,-3.2734375,0,0.35478293895721436,0,0.13738815112565847,taglish,comment,True,majority,3-0,0,0
t1_p5z5ipw,0,0.002082970691844821,-6.171875,0,0.3028881549835205,0,0.030358563117324502,tagalog,comment,True,adjudicator,3-0,0,0
t1_p6s85r6,1,0.766992449760437,1.19140625,1,0.8678397536277771,1,0.6612017353720576,taglish,comment,True,majority,3-0,1,1
t1_p50ss8o,0,0.2693256139755249,-0.998046875,0,0.6625614166259766,1,0.3635162540210029,taglish,comment,True,majority,3-0,0,0
t1_p7cjmsj,0,0.05184547230601311,-2.90625,0,0.35615357756614685,0,0.16368278554465565,taglish,comment,True,majority,3-0,0,0
t1_p7d121o,0,0.627266526222229,0.5205078125,1,0.8641563653945923,1,0.5725163208142788,taglish,comment,True,adjudicator,2-1,0,0
t1_p7isgm3,0,0.014281933195888996,-4.234375,0,0.658210039138794,0,0.08498523875850678,tagalog,comment,True,unanimous,3-0,0,0
t1_p6rxbx6,0,0.08151976019144058,-2.421875,0,0.6326961517333984,0,0.20436525049387028,tagalog,comment,True,adjudicator,3-0,0,1
t1_p7k5edx,0,0.0025509123224765062,-5.96875,0,0.3304009735584259,0,0.03390015257688779,english,comment,True,majority,3-0,0,0
t1_p5zafuy,0,0.020645931363105774,-3.859375,0,0.4175959527492523,0,0.10284543006797023,english,comment,True,majority,3-0,0,0
t1_p4ndcqd,0,0.00970847625285387,-4.625,0,0.43299341201782227,0,0.06941609501300891,tagalog,comment,True,adjudicator,2-1,0,0
t1_p79bp22,0,0.0025909794494509697,-5.953125,0,0.17118363082408905,0,0.03418853003842758,tagalog,comment,True,adjudicator,2-1,0,0
t1_p4sx1e4,1,0.9678993225097656,3.40625,1,0.9422247409820557,1,0.8712092478958001,tagalog,comment,True,adjudicator,2-1,1,1
t1_p6vxruc,1,0.7248703241348267,0.96875,1,0.8411917686462402,1,0.6326709811986045,english,comment,True,adjudicator,2-1,1,1
t1_p7lf6st,0,0.023330770432949066,-3.734375,0,0.41670435667037964,0,0.10950111626204115,english,comment,True,majority,3-0,0,0
t1_p56ooj5,0,0.0005193048855289817,-7.5625,0,0.049830853939056396,0,0.014142747515159343,taglish,comment,True,majority,3-0,0,0
t1_p6bufix,0,0.0016484829830005765,-6.40625,0,0.32757580280303955,0,0.026716702980587783,tagalog,comment,True,unanimous,3-0,0,0
t1_p6sfwqq,0,0.011869121342897415,-4.421875,0,0.4288208484649658,0,0.0771515445816443,taglish,comment,True,majority,3-0,0,0
t1_p50fbrs,0,0.8553685545921326,1.77734375,1,0.9210556745529175,1,0.730566854143887,tagalog,comment,True,adjudicator,2-1,0,0
t1_p6d5ebs,0,0.0014550630003213882,-6.53125,0,0.12556862831115723,0,0.02495181983510568,english,comment,True,majority,3-0,0,0
t1_p4u1uis,1,0.272024542093277,-0.984375,0,0.6354266405105591,1,0.3652934438606583,english,comment,True,adjudicator,2-1,1,1
t1_p79e778,0,0.030675798654556274,-3.453125,0,0.47524404525756836,0,0.12586764516332577,tagalog,comment,True,adjudicator,2-1,0,1
t1_p65n1i6,0,0.0007437028689309955,-7.203125,0,0.0929158553481102,0,0.017248735393033843,taglish,comment,True,majority,3-0,0,0
t1_p6euv7s,0,0.0036499870475381613,-5.609375,0,0.4978724718093872,0,0.041164027024693184,taglish,comment,True,majority,3-0,0,0
t1_p2zvy8a,1,0.09268777817487717,-2.28125,0,0.5827929377555847,0,0.21749775311605618,english,comment,True,majority,3-0,1,1
t1_p76idpi,0,0.0034834241960197687,-5.65625,0,0.1473887860774994,0,0.04013811663035982,taglish,comment,True,unanimous,3-0,0,0
t1_p7bmq1p,0,0.00970847625285387,-4.625,0,0.40351495146751404,0,0.06941609501300891,tagalog,comment,True,majority,3-0,0,0
t1_p4pq6qr,0,0.0022872276604175568,-6.078125,0,0.16505372524261475,0,0.03194626518022632,english,comment,True,majority,3-0,0,0
t1_p7ea9p3,0,0.10087861120700836,-2.1875,0,0.7207162380218506,1,0.2265854833351209,tagalog,comment,True,majority,3-0,0,0
t1_p7hc4va,0,0.018833130598068237,-3.953125,0,0.36853981018066406,0,0.09809114300609036,taglish,comment,True,majority,3-0,0,0
t1_p6zfvsk,0,0.0009110511746257544,-7.0,0,0.1027253270149231,0,0.01929137733050243,taglish,comment,True,unanimous,3-0,0,0
t1_p4t3t98,0,0.006692850962281227,-5.0,0,0.3345172107219696,0,0.05699246963116262,taglish,comment,True,majority,3-0,0,0
t1_p6eo5lu,0,0.002714985515922308,-5.90625,0,0.46040186285972595,0,0.03506792766728798,tagalog,comment,True,adjudicator,2-1,0,1
t1_p2x2qxx,0,0.007460643537342548,-4.890625,0,0.5947266221046448,0,0.06038267430548501,taglish,comment,True,unanimous,3-0,0,0
t1_p7m9h9j,1,0.1550784707069397,-1.6953125,0,0.7084895968437195,1,0.2785909029378838,tagalog,comment,True,adjudicator,2-1,1,1
t1_p5f5e8r,0,0.1398656666278839,-1.81640625,0,0.819379985332489,1,0.2651397031680274,tagalog,comment,True,adjudicator,2-1,0,0
t1_p5n5gge,0,0.04146227613091469,-3.140625,0,0.2696889042854309,0,0.14646298376543374,english,comment,True,majority,3-0,0,0
t1_p47hvja,1,0.2440025359392166,-1.130859375,0,0.7186962962150574,1,0.34645162298666143,taglish,comment,True,majority,3-0,1,1
t1_p76qr78,0,0.0011879054363816977,-6.734375,0,0.1317330300807953,0,0.02232347216579137,taglish,comment,True,unanimous,3-0,0,0
t1_p5s0ie8,1,0.023153413087129593,-3.7421875,0,0.3227371573448181,0,0.10907430096723089,taglish,comment,True,adjudicator,2-1,1,1
t1_p6co89h,0,0.0013250225456431508,-6.625,0,0.11531022191047668,0,0.023703224145631474,english,comment,True,adjudicator,2-1,0,0
t1_p7jty2q,0,0.8050197958946228,1.41796875,1,0.8388614654541016,1,0.6890770698334184,tagalog,comment,True,adjudicator,2-1,0,0
t1_p7lecgg,1,0.533686101436615,0.13494873046875,1,0.8200869560241699,1,0.5189253078740401,english,comment,True,adjudicator,2-1,1,0
t1_p64ib8c,0,0.001048469333909452,-6.859375,0,0.17844656109809875,0,0.02084258735547194,tagalog,comment,True,adjudicator,2-1,0,0
t1_p56of1n,0,0.0005614788387902081,-7.484375,0,0.06069887429475784,0,0.014767287395490165,english,comment,True,unanimous,3-0,0,0
t1_p78ba67,0,0.7638362646102905,1.173828125,1,0.8805885314941406,1,0.6589882478977585,taglish,comment,True,adjudicator,2-1,0,0
t1_p77f4p4,0,0.057918090373277664,-2.7890625,0,0.3731333911418915,0,0.17288624482551115,english,comment,True,unanimous,3-0,0,0
t1_p2ytd7e,0,0.012431650422513485,-4.375,0,0.5196266174316406,0,0.07904559212477019,taglish,comment,True,adjudicator,2-1,0,0
t1_p7693zn,0,0.0034834241960197687,-5.65625,0,0.2610328197479248,0,0.04013811663035982,taglish,comment,True,unanimous,3-0,0,0
t1_p2zx3qg,0,0.06052939593791962,-2.7421875,0,0.6971732378005981,0,0.1766805906890954,tagalog,comment,True,adjudicator,2-1,0,0
t1_p5x4bpa,0,0.056236349046230316,-2.8203125,0,0.5681947469711304,0,0.17039267319618037,tagalog,comment,True,adjudicator,2-1,0,1
t1_p7anh8l,1,0.9136765599250793,2.359375,1,0.8815990686416626,1,0.7898720679565902,taglish,comment,True,adjudicator,2-1,1,0
t1_p7jdld3,0,0.8068526387214661,1.4296875,1,0.8323696851730347,1,0.6904844201551119,english,comment,True,majority,3-0,0,0
t1_p5rovuh,1,0.05184547230601311,-2.90625,0,0.5456128120422363,0,0.16368278554465565,english,comment,True,majority,3-0,1,1
t1_p7erayc,0,0.053403329104185104,-2.875,0,0.3089161515235901,0,0.1660978226258223,tagalog,comment,True,adjudicator,2-1,0,0
t1_p7i7mqf,0,0.0020507436711341143,-6.1875,0,0.17087996006011963,0,0.030101484248787516,taglish,comment,True,majority,3-0,0,0
t1_p4x583k,0,0.0017546144081279635,-6.34375,0,0.25285446643829346,0,0.027644106896874285,tagalog,comment,True,adjudicator,2-1,0,0
t1_p7bu88w,0,0.005641908384859562,-5.171875,0,0.3306431174278259,0,0.05202436159031638,taglish,comment,True,majority,3-0,0,0
t1_p4dwqfb,1,0.019870713353157043,-3.8984375,0,0.506055474281311,0,0.10084016512310716,english,comment,True,adjudicator,2-1,1,1
t1_p7knj9u,0,0.0427221953868866,-3.109375,0,0.4685100018978119,0,0.1486691180986134,taglish,comment,True,majority,3-0,0,0
t1_p5f7dns,0,0.9284088015556335,2.5625,1,0.9349238276481628,1,0.8081687024027664,tagalog,comment,True,adjudicator,2-1,0,0
t1_p7hh5q0,0,0.0059110685251653194,-5.125,0,0.18388329446315765,0,0.05333719673018011,taglish,comment,True,unanimous,3-0,0,0
t1_p7bsvbl,0,0.008985428139567375,-4.703125,0,0.3404342830181122,0,0.06663666124058804,english,comment,True,adjudicator,2-1,0,1
t3_1vrrfi8,0,0.0009110511746257544,-7.0,0,0.2536523640155792,0,0.01929137733050243,taglish,submission,True,majority,3-0,0,0
t1_p6x3jha,1,0.8647679686546326,1.85546875,1,0.9299589395523071,1,0.7391097550579009,tagalog,comment,True,adjudicator,2-1,1,1
t1_p78wrsu,0,0.002889581024646759,-5.84375,0,0.3837127685546875,0,0.036274419264536326,tagalog,comment,True,adjudicator,2-1,0,1
t1_p6ztuf8,0,0.0009253848693333566,-6.984375,0,0.17646005749702454,0,0.019457985673742222,tagalog,comment,True,majority,3-0,0,0
t1_p4xz1az,0,0.014063626527786255,-4.25,0,0.1874609887599945,0,0.0843057960586385,english,comment,True,majority,3-0,0,0
t1_p5roqqv,0,0.11162799596786499,-2.07421875,0,0.5845212340354919,1,0.23792020687168708,english,comment,True,majority,3-0,0,0
t1_p77zzxn,0,0.004538431763648987,-5.390625,0,0.3778223395347595,0,0.04629210575307723,tagalog,comment,True,adjudicator,2-1,0,1
t1_p3gkat4,0,0.0038844766095280647,-5.546875,0,0.2354135811328888,0,0.04257099834829676,taglish,comment,True,majority,3-0,0,0
t1_p7cb332,0,0.10932482779026031,-2.09765625,0,0.5469895601272583,1,0.23554345471940907,tagalog,comment,True,adjudicator,2-1,0,0
t1_p72yo6v,0,0.09534946829080582,-2.25,0,0.44394612312316895,0,0.22049745434474555,taglish,comment,True,majority,3-0,0,0
t1_p4ssv2p,0,0.7130321860313416,0.91015625,1,0.8255491256713867,1,0.624995851685111,tagalog,comment,True,unanimous,3-0,0,0
t3_1vsem4e,0,0.0005614788387902081,-7.484375,0,0.08333720266819,0,0.014767287395490165,taglish,submission,True,majority,3-0,0,0
t1_p5incbq,0,0.10594828426837921,-2.1328125,0,0.7356862425804138,1,0.23200923281235133,tagalog,comment,True,adjudicator,2-1,0,0
t1_p6ls6y1,0,0.00039204180939123034,-7.84375,0,0.0834704264998436,0,0.012102632221028989,taglish,comment,True,unanimous,3-0,0,0
t1_p6c40zg,0,0.02280263788998127,-3.7578125,0,0.4077693223953247,0,0.10822504896311938,tagalog,comment,True,adjudicator,2-1,0,0
t1_p76mp20,0,0.026155617088079453,-3.6171875,0,0.42559581995010376,0,0.11608093443551244,english,comment,True,adjudicator,2-1,0,0
t1_p7ab1f2,0,0.07423137128353119,-2.5234375,0,0.7096120119094849,0,0.19525305912339724,taglish,comment,True,adjudicator,2-1,0,0
t1_p50n0sd,0,0.01971912942826748,-3.90625,0,0.3699047565460205,0,0.10044330082524669,english,comment,True,unanimous,3-0,0,0
t1_p77vhmq,0,0.002714985515922308,-5.90625,0,0.1853235363960266,0,0.03506792766728798,taglish,comment,True,majority,3-0,0,0
t1_p47i2r2,0,0.0014779430348426104,-6.515625,0,0.2544243335723877,0,0.02516605964303529,taglish,comment,True,majority,3-0,0,0
t1_p7eipfc,0,0.001674399245530367,-6.390625,0,0.26175135374069214,0,0.02694567755022904,taglish,comment,True,unanimous,3-0,0,0
t1_p6leryv,1,0.09235979616641998,-2.28515625,0,0.6184550523757935,0,0.21712486975038964,tagalog,comment,True,adjudicator,2-1,1,0
t1_p4tc9d3,0,0.0427221953868866,-3.109375,0,0.5616930723190308,0,0.1486691180986134,english,comment,True,adjudicator,2-1,0,1
t1_p7n6ben,0,0.058345843106508255,-2.78125,0,0.6304363012313843,0,0.17351412971361563,tagalog,comment,True,adjudicator,2-1,0,0
t1_p4617tr,0,0.0007554056355729699,-7.1875,0,0.11672696471214294,0,0.017398015590101124,english,comment,True,majority,3-0,0,0
t1_p7ky9x7,0,0.012241275049746037,-4.390625,0,0.3524433970451355,0,0.07840956668395933,tagalog,comment,True,unanimous,3-0,0,0
t1_p7ke3gb,0,0.0008295890875160694,-7.09375,0,0.1509142965078354,0,0.0183207095479861,taglish,comment,True,unanimous,3-0,0,0
t1_p75z2bv,1,0.9813107252120972,3.9609375,1,0.9658560752868652,1,0.902296077907887,taglish,comment,True,unanimous,3-0,1,1
t1_p6y900m,0,0.10894505679607391,-2.1015625,0,0.6145420074462891,1,0.23514893051108662,tagalog,comment,True,majority,3-0,0,0
t1_p2zy5gz,0,0.0010005043586716056,-6.90625,0,0.051958274096250534,0,0.02031240891044831,english,comment,True,majority,3-0,0,0
t1_p7jvjug,0,0.8914335370063782,2.10546875,1,0.9198939204216003,1,0.7652451358139177,tagalog,comment,True,adjudicator,2-1,0,0
t1_p68hnvq,0,0.035678550601005554,-3.296875,0,0.35689932107925415,0,0.1358366757990518,english,comment,True,majority,3-0,0,0
t1_p6r4d0s,0,0.0007096704212017357,-7.25,0,0.13062360882759094,0,0.01680840542233404,tagalog,comment,True,majority,3-0,0,0
t1_p4onbxw,0,0.0018102111062034965,-6.3125,0,0.1441846489906311,0,0.02811946525674957,taglish,comment,True,majority,3-0,0,0
t1_p7e77zy,0,0.0012255674228072166,-6.703125,0,0.3024834990501404,0,0.022709475558211404,taglish,comment,True,majority,3-0,0,0
t1_p5jimtp,1,0.227469339966774,-1.22265625,0,0.7280194759368896,1,0.33488057853982284,taglish,comment,True,majority,3-0,1,1
t1_p6kecwp,0,0.0006361912237480283,-7.359375,0,0.10518898814916611,0,0.015823492302052267,taglish,comment,True,unanimous,3-0,0,0
t1_p4mp9bw,0,0.001048469333909452,-6.859375,0,0.20510384440422058,0,0.02084258735547194,taglish,comment,True,adjudicator,2-1,0,0
t1_p457cku,0,0.001048469333909452,-6.859375,0,0.16646535694599152,0,0.02084258735547194,tagalog,comment,True,majority,3-0,0,0
t1_p4e9crn,0,0.13568955659866333,-1.8515625,0,0.7840161323547363,1,0.261313201753804,tagalog,comment,True,adjudicator,2-1,0,0
t1_p7ckl7z,0,0.25720497965812683,-1.060546875,0,0.7766621112823486,1,0.35543991890256,tagalog,comment,True,adjudicator,2-1,0,0
t1_p7a8qk5,1,0.8539127111434937,1.765625,1,0.9172713756561279,1,0.7292702976304412,taglish,comment,True,majority,3-0,1,1
t1_p5dfsas,0,0.6791787147521973,0.75,1,0.9007608890533447,1,0.6037041586938853,taglish,comment,True,unanimous,3-0,0,0
t1_p6qr4jk,1,0.9805806875228882,3.921875,1,0.9280139803886414,1,0.9003462669538981,taglish,comment,True,majority,3-0,1,1
t1_p48vekj,0,0.0010005043586716056,-6.90625,0,0.14115986227989197,0,0.02031240891044831,taglish,comment,True,majority,3-0,0,0
t1_p7hto58,0,0.0010649627074599266,-6.84375,0,0.1902826726436615,0,0.021022305418890413,taglish,comment,True,unanimous,3-0,0,0
t1_p2yp9nz,0,0.10932482779026031,-2.09765625,0,0.6369374990463257,1,0.23554345471940907,taglish,comment,True,adjudicator,2-1,0,1
t1_p5clmlh,0,0.1276526302099228,-1.921875,0,0.6892911195755005,1,0.25376803890884,taglish,comment,True,majority,3-0,0,0
t1_p5rq04g,0,0.08540366590023041,-2.37109375,0,0.3837243914604187,0,0.20903841316452698,english,comment,True,majority,3-0,0,0
t1_p7c6l3m,0,0.002082970691844821,-6.171875,0,0.09915461391210556,0,0.030358563117324502,english,comment,True,majority,3-0,0,0
t1_p5z3w01,0,0.010169658809900284,-4.578125,0,0.5590268969535828,0,0.07113487763926989,taglish,comment,True,unanimous,3-0,0,0
t1_p7dx9j9,0,0.9235922694206238,2.4921875,1,0.8843773603439331,1,0.8019763964302328,english,comment,True,majority,3-0,0,0
t1_p3g4gf0,0,0.00806199200451374,-4.8125,0,0.4626442790031433,0,0.06291883703398546,taglish,comment,True,majority,3-0,0,0
t1_p3hfbd5,0,0.0020507436711341143,-6.1875,0,0.31763800978660583,0,0.030101484248787516,english,comment,True,majority,3-0,0,0
t1_p79xtsd,0,0.017442483454942703,-4.03125,0,0.3972477912902832,0,0.09427987731951111,english,comment,True,majority,3-0,0,0
t1_p3f71ak,0,0.043365802615880966,-3.09375,0,0.5702349543571472,0,0.14978243330770136,taglish,comment,True,majority,3-0,0,0
t1_p5jkezm,0,0.013222821988165379,-4.3125,0,0.2179667204618454,0,0.08163710159189876,english,comment,True,majority,3-0,0,0
t1_p6k5hug,0,0.0007672924548387527,-7.171875,0,0.14794251322746277,0,0.01754856467156321,english,comment,True,majority,3-0,0,0
t1_p78b5um,0,0.05877655744552612,-2.7734375,0,0.5918669700622559,0,0.1741438148299405,english,comment,True,adjudicator,2-1,0,0
t1_p7i590u,0,0.048496000468730927,-2.9765625,0,0.41314929723739624,0,0.15835230001766082,taglish,comment,True,unanimous,3-0,0,0
t1_p7djczh,0,0.08756383508443832,-2.34375,0,0.6673297882080078,0,0.2115870984139343,tagalog,comment,True,majority,3-0,0,0
t1_p6rtlgn,0,0.05146276578307152,-2.9140625,0,0.24922221899032593,0,0.16308345680941402,taglish,comment,True,majority,3-0,0,0
t1_p5ckfsi,0,0.020177319645881653,-3.8828125,0,0.673041820526123,0,0.10163807196606826,english,comment,True,majority,3-0,0,0
t1_p7kk0ar,0,0.06560484319925308,-2.65625,0,0.6116204857826233,0,0.18380619657713382,taglish,comment,True,majority,3-0,0,0
t1_p3mm42l,0,0.015663648024201393,-4.140625,0,0.5732818841934204,0,0.08916710883373326,tagalog,comment,True,adjudicator,2-1,0,1
t1_p393o0y,0,0.0006070756353437901,-7.40625,0,0.14940905570983887,0,0.015418975438670398,taglish,comment,True,unanimous,3-0,0,0
t1_p58vdxr,0,0.9908034801483154,4.6796875,1,0.9496804475784302,1,0.9325405405097482,tagalog,comment,True,adjudicator,2-1,0,0
t1_p74ikrc,0,0.0005792916635982692,-7.453125,0,0.0868072658777237,0,0.015024641904029724,taglish,comment,True,majority,3-0,0,0
t1_p7d43dc,1,0.015072628855705261,-4.1796875,0,0.5077524185180664,0,0.08740255953700671,taglish,comment,True,unanimous,3-0,1,1
t1_p7b31me,0,0.4584699273109436,-0.16650390625,0,0.876664400100708,1,0.4766551960285137,english,comment,True,adjudicator,2-1,0,0
t1_p5d33sl,0,0.3904758393764496,-0.4453125,0,0.6570453643798828,1,0.4378424046541209,english,comment,True,unanimous,3-0,0,0
t1_p5ez526,0,0.001622967072762549,-6.421875,0,0.16165700554847717,0,0.02648962118429965,taglish,comment,True,unanimous,3-0,0,0
t1_p50eivj,0,0.006903837900608778,-4.96875,0,0.4245627522468567,0,0.057942419339006214,taglish,comment,True,majority,3-0,0,0
t1_p5evs12,0,0.043691061437129974,-3.0859375,0,0.7423455715179443,0,0.15034166189165937,tagalog,comment,True,adjudicator,2-1,0,1
t1_p7kwraw,0,0.0010162440594285727,-6.890625,0,0.14085909724235535,0,0.02048765109133822,english,comment,True,majority,3-0,0,0
t1_p72vwpm,0,0.36116471886634827,-0.5703125,0,0.8942748308181763,1,0.4206569657910182,english,comment,True,adjudicator,2-1,0,1
t1_p5rtmmq,0,0.4756052792072296,-0.09765625,0,0.7688210010528564,1,0.48630149958866525,english,comment,True,adjudicator,3-0,0,0
t1_p7cn5o7,1,0.2312668114900589,-1.201171875,0,0.6805013418197632,1,0.3375715818860276,english,comment,True,majority,3-0,1,1
t1_p3mk15j,0,0.00955939944833517,-4.640625,0,0.43996936082839966,0,0.06885175885281816,english,comment,True,unanimous,3-0,0,0
t1_p70bt1i,0,0.02779562398791313,-3.5546875,0,0.4693698585033417,0,0.11972879478400991,taglish,comment,True,majority,3-0,0,0
t1_p61w9xz,0,0.0006878511630930007,-7.28125,0,0.128627210855484,0,0.016521009614192568,english,comment,True,adjudicator,2-1,0,0
t1_p2xicor,0,0.633863627910614,0.548828125,1,0.8724440932273865,1,0.5764017385083943,tagalog,comment,True,adjudicator,2-1,0,0
t1_p5jglh8,0,0.05070536583662033,-2.9296875,0,0.5528914928436279,0,0.16189010155127498,tagalog,comment,True,adjudicator,2-1,0,0
t1_p3zz7ts,0,0.0055549247190356255,-5.1875,0,0.17443299293518066,0,0.051593577040579104,taglish,comment,True,majority,3-0,0,0
t1_p75qnxv,0,0.35644662380218506,-0.5908203125,0,0.5481091737747192,1,0.4178546074217347,english,comment,True,majority,3-0,0,0
t1_p79i6zf,0,0.004331502132117748,-5.4375,0,0.2129923552274704,0,0.045144408184000756,english,comment,True,majority,3-0,0,0
t1_p4qu5cn,0,0.004905405919998884,-5.3125,0,0.2934463918209076,0,0.04826684473726577,tagalog,comment,True,adjudicator,2-1,0,0
t1_p7afn9w,0,0.012920473702251911,-4.3359375,0,0.3959669768810272,0,0.08065633598390445,english,comment,True,majority,3-0,0,0
t1_p51c9tq,0,0.010986942797899246,-4.5,0,0.6432945132255554,0,0.07408704052352968,taglish,comment,True,majority,3-0,0,0
t1_p67kt9n,0,0.001622967072762549,-6.421875,0,0.2380286455154419,0,0.02648962118429965,taglish,comment,True,majority,3-0,0,0
t1_p7ajowh,0,0.6363531351089478,0.5595703125,1,0.8335165977478027,1,0.5778730768037216,taglish,comment,True,adjudicator,2-1,0,0
t1_p73oenm,0,0.04054073989391327,-3.1640625,0,0.5492464303970337,0,0.14482623504479436,tagalog,comment,True,majority,3-0,0,0
t1_p7brkvq,0,0.0015011822106316686,-6.5,0,0.0789179801940918,0,0.025382091058865915,taglish,comment,True,majority,3-0,0,0
t1_p7lem5c,0,0.13660839200019836,-1.84375,0,0.805364727973938,1,0.2621604436855294,tagalog,comment,True,adjudicator,2-1,0,0
t1_p74rzdi,0,0.020023442804813385,-3.890625,0,0.588566243648529,0,0.10123842100878153,tagalog,comment,True,adjudicator,2-1,0,0
t1_p79d9th,0,0.05665242671966553,-2.8125,0,0.6257755160331726,0,0.17101337441246292,tagalog,comment,True,adjudicator,2-1,0,0
t1_p7aepiv,0,0.7676898241043091,1.1953125,1,0.8142493963241577,1,0.6616926695169381,tagalog,comment,True,adjudicator,2-1,0,0
t1_p73o9cq,0,0.4813013970851898,-0.0748291015625,0,0.8576575517654419,1,0.48950243950586797,english,comment,True,unanimous,3-0,0,0
t1_p5ai9q3,0,0.004905405919998884,-5.3125,0,0.27482253313064575,0,0.04826684473726577,english,comment,True,majority,3-0,0,0
t1_p75wlro,0,0.8519527316093445,1.75,1,0.8565430641174316,1,0.7275354658160715,english,comment,True,unanimous,3-0,0,0
t1_p50jpev,0,0.007695646956562996,-4.859375,0,0.5102448463439941,0,0.061385453495215354,tagalog,comment,True,adjudicator,2-1,0,1
t1_p75euy4,1,0.7766229510307312,1.24609375,1,0.9113707542419434,1,0.6680428605649431,taglish,comment,True,majority,3-0,1,1
t1_p3givpi,0,0.01615283451974392,-4.109375,0,0.29293668270111084,0,0.0906018199205981,taglish,comment,True,adjudicator,2-1,0,0
t1_p7mra15,0,0.023330770432949066,-3.734375,0,0.432816743850708,0,0.10950111626204115,english,comment,True,adjudicator,2-1,0,0
t1_p7k7ilt,0,0.014842418022453785,-4.1953125,0,0.37797603011131287,0,0.08670562207766436,taglish,comment,True,majority,3-0,0,0
t3_1vsgvwd,0,0.023509452119469643,-3.7265625,0,0.4755946099758148,0,0.10992939563750247,taglish,submission,True,unanimous,3-0,0,0
t1_p4q6ia8,1,0.8940516710281372,2.1328125,1,0.903213381767273,1,0.7679907671876487,tagalog,comment,True,adjudicator,2-1,1,1
t1_p675hvz,0,0.0028449094388633966,-5.859375,0,0.36621758341789246,0,0.03596910275109087,taglish,comment,True,unanimous,3-0,0,0
t1_p7kdw6q,0,0.0013458605390042067,-6.609375,0,0.2470778226852417,0,0.02390700619329433,taglish,comment,True,unanimous,3-0,0,0
t1_p6w0op2,0,0.7306743860244751,0.998046875,1,0.9110425710678101,1,0.6364837459789972,tagalog,comment,True,adjudicator,2-1,0,1
t1_p7ayjj8,0,0.8832359910011292,2.0234375,1,0.8851026296615601,1,0.7568738039916042,taglish,comment,True,adjudicator,2-1,0,0
t1_p7jbrxc,0,0.01640303246676922,-4.09375,0,0.3337576985359192,0,0.09132694324564786,english,comment,True,adjudicator,3-0,0,0
t1_p30mv2j,0,0.0014779430348426104,-6.515625,0,0.2768286168575287,0,0.02516605964303529,taglish,comment,True,majority,3-0,0,0
t1_p3lyi6l,0,0.024798156693577766,-3.671875,0,0.3066560924053192,0,0.1129686311742134,taglish,comment,True,adjudicator,2-1,0,1
t1_p79gkuq,0,0.22000709176063538,-1.265625,0,0.7155632376670837,1,0.32953078372023986,taglish,comment,True,adjudicator,2-1,0,0
t1_p6y249q,0,0.0061929901130497456,-5.078125,0,0.2738988697528839,0,0.05468125029979338,tagalog,comment,True,unanimous,3-0,0,0
t1_p7dqfr1,0,0.012053778395056725,-4.40625,0,0.3624396324157715,0,0.0777782266954065,tagalog,comment,True,adjudicator,2-1,0,1
t1_p6zwkbj,0,0.004905405919998884,-5.3125,0,0.2879543900489807,0,0.04826684473726577,tagalog,comment,True,adjudicator,2-1,0,0
t1_p796mnx,1,0.0009110511746257544,-7.0,0,0.12647636234760284,0,0.01929137733050243,english,comment,True,adjudicator,2-1,1,1
t1_p6s1gzr,0,0.043365802615880966,-3.09375,0,0.5195540189743042,0,0.14978243330770136,taglish,comment,True,majority,3-0,0,0
t1_p74lbe3,0,0.009125636890530586,-4.6875,0,0.5942220091819763,0,0.06718415156459706,tagalog,comment,True,adjudicator,2-1,0,1
t1_p7bj8kc,0,0.5860491394996643,0.34765625,1,0.8194426894187927,1,0.5486247040334558,taglish,comment,True,adjudicator,2-1,0,0
t1_p6xy6oj,0,0.0037654140032827854,-5.578125,0,0.3340820074081421,0,0.04186186029469008,english,comment,True,majority,3-0,0,0
t1_p50vpbc,0,0.004538431763648987,-5.390625,0,0.2379915416240692,0,0.04629210575307723,taglish,comment,True,majority,3-0,0,0
t1_p7hu2dg,1,0.03138043358922005,-3.4296875,0,0.35093674063682556,0,0.12732203398147005,english,comment,True,adjudicator,2-1,1,1
t1_p60ini5,1,0.005220125894993544,-5.25,0,0.31241482496261597,0,0.049903952370373685,english,comment,True,majority,3-0,1,1
t1_p74eoly,1,0.1540575623512268,-1.703125,0,0.4988900125026703,1,0.27771054730988887,taglish,comment,True,unanimous,3-0,1,1
t1_p57775v,0,0.0004655269149225205,-7.671875,0,0.11989021301269531,0,0.013311917678243392,taglish,comment,True,majority,3-0,0,0
t1_p4qem03,0,0.1108555942773819,-2.08203125,0,0.511874794960022,1,0.23712612732314617,english,comment,True,unanimous,3-0,0,0
t1_p6yxpxt,0,0.022629201412200928,-3.765625,0,0.5363477468490601,0,0.1078026054140559,tagalog,comment,True,majority,3-0,0,0
t1_p5c8o4w,0,0.0004044815432280302,-7.8125,0,0.08274830877780914,0,0.01231412929600004,english,comment,True,majority,3-0,0,0
t1_p5cpmxp,0,0.002396730938926339,-6.03125,0,0.2504287362098694,0,0.0327699441846116,taglish,comment,True,majority,3-0,0,0
t1_p74l3ot,0,0.004681822843849659,-5.359375,0,0.5269443988800049,0,0.04707260490830975,tagalog,comment,True,adjudicator,2-1,0,0
t1_p5pvzu8,0,0.0008295890875160694,-7.09375,0,0.26009583473205566,0,0.0183207095479861,taglish,comment,True,unanimous,3-0,0,0
t1_p5ja9a6,0,0.001081715221516788,-6.828125,0,0.1122378334403038,0,0.02120353956856762,taglish,comment,True,unanimous,3-0,0,0
t1_p7a4x4d,0,0.7549149990081787,1.125,1,0.7593576312065125,1,0.6528034182036827,english,comment,True,unanimous,3-0,0,0
t1_p7hn2ei,0,0.004399413242936134,-5.421875,0,0.2938959002494812,0,0.04552392962098087,english,comment,True,majority,3-0,0,0
t1_p3gj36e,0,0.0013885231455788016,-6.578125,0,0.18789559602737427,0,0.02431970994248584,taglish,comment,True,unanimous,3-0,0,0
t1_p74wdcy,0,0.0011879054363816977,-6.734375,0,0.14932797849178314,0,0.02232347216579137,taglish,comment,True,unanimous,3-0,0,0
t1_p4t9ywx,0,0.01374231930822134,-4.2734375,0,0.2805365025997162,0,0.08329587743345832,tagalog,comment,True,unanimous,3-0,0,0
t1_p7mzui1,0,0.012053778395056725,-4.40625,0,0.3811013698577881,0,0.0777782266954065,tagalog,comment,True,majority,3-0,0,0
t1_p58wc9w,0,0.1749734729528427,-1.55078125,0,0.5062209963798523,1,0.2951821974434733,english,comment,True,unanimous,3-0,0,0
t1_p74ely0,0,0.9763104915618896,3.71875,1,0.9415340423583984,1,0.8896408574982291,taglish,comment,True,adjudicator,2-1,0,0
t1_p66w6a3,0,0.0008969393675215542,-7.015625,0,0.1510949730873108,0,0.019126167739136283,tagalog,comment,True,majority,3-0,0,0
t1_p6ry2to,0,0.002800926798954606,-5.875,0,0.12682722508907318,0,0.03566626093714118,tagalog,comment,True,majority,3-0,0,0
t1_p4svza9,0,0.14608725905418396,-1.765625,0,0.49505722522735596,1,0.27072970236955884,tagalog,comment,True,adjudicator,2-1,0,0
t1_p30l3p2,0,0.015543648041784763,-4.1484375,0,0.4031250476837158,0,0.08881164715631264,english,comment,True,unanimous,3-0,0,0
t1_p465g9d,0,0.0013885231455788016,-6.578125,0,0.3481679856777191,0,0.02431970994248584,taglish,comment,True,adjudicator,2-1,0,0
t1_p79bjy1,0,0.010818448849022388,-4.515625,0,0.2096792310476303,0,0.07348772946012651,english,comment,True,adjudicator,2-1,0,0
t1_p75e3qj,0,0.07369627058506012,-2.53125,0,0.7743048071861267,0,0.19456502770440665,taglish,comment,True,majority,3-0,0,0
t1_p517odk,0,0.029986508190631866,-3.4765625,0,0.7487633228302002,0,0.12442750095214049,tagalog,comment,True,adjudicator,2-1,0,1
t1_p7bw6m1,0,0.0016484829830005765,-6.40625,0,0.16648681461811066,0,0.026716702980587783,english,comment,True,majority,3-0,0,0
t1_p66vjwx,0,0.00130450667347759,-6.640625,0,0.27598676085472107,0,0.023501137303335463,tagalog,comment,True,majority,3-0,0,0
t1_p5vixtt,0,0.004982269834727049,-5.296875,0,0.4055163860321045,0,0.04867127795738106,taglish,comment,True,majority,3-0,0,0
t1_p79ib3k,0,0.004538431763648987,-5.390625,0,0.3370622992515564,0,0.04629210575307723,taglish,comment,True,unanimous,3-0,0,0
t1_p58kee9,0,0.859663724899292,1.8125,1,0.7700778245925903,1,0.7344329261258351,english,comment,True,unanimous,3-0,0,0
t1_p59fdwe,0,0.3302551507949829,-0.70703125,0,0.7232294082641602,1,0.40207952383953516,english,comment,True,adjudicator,2-1,0,1
t1_p6siibl,1,0.019419347867369652,-3.921875,0,0.3278897702693939,0,0.09965373304610191,english,comment,True,majority,3-0,1,1
t1_p7kdl3z,1,0.66888028383255,0.703125,1,0.8783180713653564,1,0.5973933068068343,taglish,comment,True,majority,3-0,1,1
t1_p6c038g,0,0.00172745855525136,-6.359375,0,0.1504012942314148,0,0.027409364507913175,taglish,comment,True,unanimous,3-0,0,0
t1_p3zq2x9,0,0.004609572235494852,-5.375,0,0.21440820395946503,0,0.04668080399614382,english,comment,True,majority,3-0,0,0
t1_p5cmw8l,0,0.9453993439674377,2.8515625,1,0.9396569132804871,1,0.8320722351469382,tagalog,comment,True,adjudicator,2-1,0,1
t1_p451dv5,1,0.04208773002028465,-3.125,0,0.7706159353256226,0,0.1475626418079445,tagalog,comment,True,adjudicator,2-1,1,1
t1_p4bi0wm,0,0.00985985528677702,-4.609375,0,0.5000147819519043,0,0.06998470904260001,tagalog,comment,True,adjudicator,2-1,0,0
t1_p6xyj2g,0,0.024423090741038322,-3.6875,0,0.37851232290267944,0,0.11209287283545291,taglish,comment,True,majority,3-0,0,0
t1_p6scjhs,0,0.029535338282585144,-3.4921875,0,0.317857027053833,0,0.12347527629739392,english,comment,True,majority,3-0,0,0
t1_p2hmf6m,0,0.001098731067031622,-6.8125,0,0.25861549377441406,0,0.021386302013147354,taglish,comment,True,unanimous,3-0,0,0
t1_p7bqhwn,0,0.16132023930549622,-1.6484375,0,0.6635234355926514,1,0.2839088420723646,taglish,comment,True,adjudicator,2-1,0,0
t1_p50sx7y,0,0.008985428139567375,-4.703125,0,0.48618966341018677,0,0.06663666124058804,taglish,comment,True,majority,3-0,0,0
t1_p5se4w6,0,0.15304215252399445,-1.7109375,0,0.5542012453079224,1,0.27683190609280456,english,comment,True,majority,3-0,0,0
t1_p5wj2ku,0,0.1200256198644638,-1.9921875,0,0.8112759590148926,1,0.2463680744868357,english,comment,True,adjudicator,2-1,0,1
t1_p3239ik,1,0.008445627056062222,-4.765625,0,0.4405719041824341,0,0.06448789222350912,english,comment,True,adjudicator,2-1,1,1
t1_p5z09ya,0,0.023870835080742836,-3.7109375,0,0.504642128944397,0,0.11079036025808993,english,comment,True,majority,3-0,0,0
t1_p6ep96k,1,0.09534946829080582,-2.25,0,0.48852938413619995,0,0.22049745434474555,taglish,comment,True,majority,3-0,1,1
t1_p50lw40,1,0.2609540820121765,-1.041015625,0,0.8264767527580261,1,0.3579551951511251,english,comment,True,adjudicator,2-1,1,1
t1_p6rxmzn,0,0.0008295890875160694,-7.09375,0,0.12182444334030151,0,0.0183207095479861,english,comment,True,majority,3-0,0,0
t1_p6dl87e,0,0.8774768114089966,1.96875,1,0.9156460165977478,1,0.7511814987833527,tagalog,comment,True,adjudicator,2-1,0,0
t1_p30mnwp,1,0.018546564504504204,-3.96875,0,0.39129817485809326,0,0.09731806481967557,english,comment,True,majority,3-0,1,1
t1_p4ur86n,0,0.015543648041784763,-4.1484375,0,0.19660501182079315,0,0.08881164715631264,taglish,comment,True,unanimous,3-0,0,0
t1_p6s9jvf,0,0.02843603305518627,-3.53125,0,0.3270863890647888,0,0.12112207854199832,taglish,comment,True,majority,3-0,0,0
t1_p7bvma7,0,0.004264634568244219,-5.453125,0,0.30010122060775757,0,0.04476790232060008,tagalog,comment,True,majority,3-0,0,0
t1_p6kea8c,0,0.0006986756343394518,-7.265625,0,0.09673770517110825,0,0.016664098460613865,english,comment,True,majority,3-0,0,0
t1_p7akh1u,0,0.0019267346942797303,-6.25,0,0.14427506923675537,0,0.029094106998256004,taglish,comment,True,majority,3-0,0,0
t1_p3ffwh3,1,0.014392335899174213,-4.2265625,0,0.5505074858665466,0,0.08532681967544196,taglish,comment,True,majority,3-0,1,1
t1_p74ve93,0,0.05665242671966553,-2.8125,0,0.6438644528388977,0,0.17101337441246292,english,comment,True,majority,3-0,0,0
t1_p5cn2vp,1,0.9664104580879211,3.359375,1,0.928968608379364,1,0.8682284891162558,taglish,comment,True,majority,3-0,1,1
t1_p74qbp4,0,0.0017546144081279635,-6.34375,0,0.21794456243515015,0,0.027644106896874285,tagalog,comment,True,majority,3-0,0,0
t1_p30kfc2,0,0.25832599401474,-1.0546875,0,0.5597048997879028,1,0.35619367125938367,english,comment,True,adjudicator,2-1,0,0
t1_p2zw8oh,0,0.0014550630003213882,-6.53125,0,0.08579772710800171,0,0.02495181983510568,tagalog,comment,True,adjudicator,3-0,0,0
t1_p4stnfe,0,0.5234812498092651,0.093994140625,1,0.617986798286438,1,0.5131850494602316,tagalog,comment,True,adjudicator,2-1,0,1
t1_p5xy6zh,0,0.053009770810604095,-2.8828125,0,0.6297900676727295,0,0.16549140097768275,taglish,comment,True,majority,3-0,0,0
t1_p5fzzes,0,0.001081715221516788,-6.828125,0,0.25316497683525085,0,0.02120353956856762,taglish,comment,True,adjudicator,2-1,0,1
t1_p75rwe2,1,0.007345826830714941,-4.90625,0,0.6484395861625671,0,0.0598870515352558,tagalog,comment,True,adjudicator,2-1,1,0
t1_p3f2ovk,0,0.08093671500682831,-2.4296875,0,0.6392285227775574,0,0.2036532353793832,taglish,comment,True,unanimous,3-0,0,0
t1_p6d6eto,0,0.0008693673880770802,-7.046875,0,0.1008247435092926,0,0.01879989982083823,tagalog,comment,True,adjudicator,2-1,0,0
t1_p3za0te,0,0.06853749603033066,-2.609375,0,0.6694358587265015,0,0.18778579134624687,taglish,comment,True,adjudicator,2-1,0,0
t1_p3wnwnp,0,0.0014103584690019488,-6.5625,0,0.07736465334892273,0,0.024528658899843167,taglish,comment,True,majority,3-0,0,0
t1_p5jhy3n,0,0.004399413242936134,-5.421875,0,0.32256048917770386,0,0.04552392962098087,taglish,comment,True,unanimous,3-0,0,0
t1_p6k0olj,0,0.0008830457809381187,-7.03125,0,0.15921899676322937,0,0.01896234563117803,taglish,comment,True,unanimous,3-0,0,0
t1_p6e2mll,0,0.1225232183933258,-1.96875,0,0.6599392890930176,1,0.24881850121664728,taglish,comment,True,adjudicator,2-1,0,1
t1_p4sutzg,0,0.9669140577316284,3.375,1,0.9482553005218506,1,0.8692285221974732,taglish,comment,True,adjudicator,2-1,0,1
t1_p70dx7c,0,0.0007096704212017357,-7.25,0,0.12402153015136719,0,0.01680840542233404,taglish,comment,True,unanimous,3-0,0,0
t1_p7a1lxz,1,0.9824230670928955,4.0234375,1,0.9379896521568298,1,0.9053450483908158,taglish,comment,True,adjudicator,2-1,1,1
t1_p7bg11b,0,0.0029349515680223703,-5.828125,0,0.25512903928756714,0,0.036582229051434,tagalog,comment,True,adjudicator,2-1,0,0
t1_p5s5z5a,0,0.12678517401218414,-1.9296875,0,0.6814274191856384,1,0.252938621494819,tagalog,comment,True,adjudicator,2-1,0,1
t1_p7d8mki,0,0.017045317217707634,-4.0546875,0,0.43578577041625977,0,0.09316263293708814,taglish,comment,True,adjudicator,2-1,0,0
t1_p511mps,1,0.9921841025352478,4.84375,1,0.9561120867729187,1,0.9381073394269054,taglish,comment,True,majority,3-0,1,1
t1_p6wltad,0,0.2643583416938782,-1.0234375,0,0.6955680847167969,1,0.36022565440875204,tagalog,comment,True,adjudicator,2-1,0,0
t1_p79fxga,0,0.005730246659368277,-5.15625,0,0.41635987162590027,0,0.05245854405776818,taglish,comment,True,adjudicator,2-1,0,0
t1_p6scwsx,0,0.4725617468357086,-0.10986328125,0,0.7327265739440918,1,0.4845902112964149,english,comment,True,majority,3-0,0,0
t1_p51c5db,0,0.5524067282676697,0.21039962768554688,1,0.8229107856750488,1,0.529486445454289,taglish,comment,True,majority,3-0,0,0
t1_p5etm2t,0,0.03258974477648735,-3.390625,0,0.5871168971061707,0,0.1297778996970913,taglish,comment,True,majority,3-0,0,0
t1_p3jn9cc,0,0.007815889082849026,-4.84375,0,0.19644659757614136,0,0.06189266057309455,taglish,comment,True,unanimous,3-0,0,0
t1_p5s22l7,0,0.0037072529084980488,-5.59375,0,0.14003229141235352,0,0.04151154081692565,english,comment,True,majority,3-0,0,0
t1_p6zvsxc,0,0.0010162440594285727,-6.890625,0,0.19766950607299805,0,0.02048765109133822,taglish,comment,True,unanimous,3-0,0,0
t1_p7jaz31,0,0.07585818320512772,-2.5,0,0.3831464648246765,0,0.19732820322137062,taglish,comment,True,unanimous,3-0,0,0
t1_p6sbqgt,0,0.9381240010261536,2.71875,1,0.9324163198471069,1,0.8213978455002713,english,comment,True,adjudicator,2-1,0,0
t1_p5bw2ty,0,0.01784873940050602,-4.0078125,0,0.386638343334198,0,0.09540911049116822,english,comment,True,majority,3-0,0,0
t1_p3z7dpc,0,0.02779562398791313,-3.5546875,0,0.3953494727611542,0,0.11972879478400991,taglish,comment,True,majority,3-0,0,0
t1_p7br2fp,0,0.0011335690505802631,-6.78125,0,0.15089347958564758,0,0.02175646106332701,english,comment,True,majority,3-0,0,0
t1_p4pupu7,0,0.0006986756343394518,-7.265625,0,0.060508500784635544,0,0.016664098460613865,taglish,comment,True,majority,3-0,0,0
t1_p6a7ngv,0,0.18126320838928223,-1.5078125,0,0.7415355443954468,1,0.30022405620279136,taglish,comment,True,adjudicator,2-1,0,0
t1_p67j2mc,0,0.0039454069919884205,-5.53125,0,0.1820257604122162,0,0.042929858226661524,tagalog,comment,True,majority,3-0,0,0
t1_p5z998y,0,0.03594832494854927,-3.2890625,0,0.5024113655090332,0,0.13635218673027982,taglish,comment,True,adjudicator,3-0,0,0
t1_p71n1o6,0,0.0013885231455788016,-6.578125,0,0.16318081319332123,0,0.02431970994248584,taglish,comment,True,majority,3-0,0,0
t1_p5sbgsf,0,0.0009399438858963549,-6.96875,0,0.05048239231109619,0,0.01962600412046412,taglish,comment,True,majority,3-0,0,0
t1_p5jsxyn,0,0.0013885231455788016,-6.578125,0,0.2949984669685364,0,0.02431970994248584,taglish,comment,True,unanimous,3-0,0,0
t1_p7jkrnn,0,0.11124119907617569,-2.078125,0,0.6248630285263062,1,0.2375229386286162,tagalog,comment,True,adjudicator,2-1,0,1
t1_p3equtk,0,0.012336100451648235,-4.3828125,0,0.31783729791641235,0,0.0787269919973473,taglish,comment,True,unanimous,3-0,0,0
t1_p3ucskm,0,0.0012065897462889552,-6.71875,0,0.21863792836666107,0,0.02251566573583973,tagalog,comment,True,adjudicator,2-1,0,0
t1_p6x6dzq,1,0.20689406991004944,-1.34375,0,0.7374433279037476,1,0.3199167984620074,tagalog,comment,True,unanimous,3-0,1,1
t1_p50ma7a,1,0.8267117738723755,1.5625,1,0.9091946482658386,1,0.7061842841648699,tagalog,comment,True,adjudicator,2-1,1,1
t1_p6wrmnt,0,0.05749328061938286,-2.796875,0,0.5721708536148071,0,0.1722601584661797,tagalog,comment,True,unanimous,3-0,0,0
t1_p74qsqq,1,0.08694165199995041,-2.3515625,0,0.5852283239364624,0,0.2108565902768351,tagalog,comment,True,majority,3-0,1,1
t1_p7jc35b,0,0.08509904891252518,-2.375,0,0.5079666972160339,0,0.20867616509051215,english,comment,True,majority,3-0,0,0
t1_p48edr7,0,0.010489092208445072,-4.546875,0,0.35563015937805176,0,0.0723024792169979,taglish,comment,True,majority,3-0,0,0
t1_p7gtjj1,0,0.3402659296989441,-0.662109375,0,0.6534715890884399,1,0.4081553501293213,tagalog,comment,True,adjudicator,2-1,0,1
t1_p4net0h,0,0.0007437028689309955,-7.203125,0,0.06989143788814545,0,0.017248735393033843,english,comment,True,majority,3-0,0,0
t1_p7b82fh,0,0.022116590291261673,-3.7890625,0,0.5302901268005371,0,0.10654396344742949,tagalog,comment,True,adjudicator,2-1,0,0
t1_p7er2rg,0,0.016657039523124695,-4.078125,0,0.4292048215866089,0,0.0920572825514342,tagalog,comment,True,unanimous,3-0,0,0
t1_p51apmu,0,0.037892427295446396,-3.234375,0,0.44407331943511963,0,0.14000702824339853,english,comment,True,unanimous,3-0,0,0
t1_p5cakcu,0,0.0008559005800634623,-7.0625,0,0.11149150133132935,0,0.018638819204537343,taglish,comment,True,majority,3-0,0,0
t1_p78kmta,0,0.008445627056062222,-4.765625,0,0.35559654235839844,0,0.06448789222350912,tagalog,comment,True,adjudicator,2-1,0,0
t1_p3nsqo0,0,0.0024343819823116064,-6.015625,0,0.3617260456085205,0,0.033049036227900674,taglish,comment,True,unanimous,3-0,0,0
t1_p50lrue,0,0.006003595422953367,-5.109375,0,0.28836458921432495,0,0.05378171419221797,english,comment,True,adjudicator,2-1,0,0
t1_p5dfs1x,0,0.06278920918703079,-2.703125,0,0.7148815989494324,0,0.17989225905201828,tagalog,comment,True,adjudicator,2-1,0,0
t1_p66tpb2,0,0.005469274707138538,-5.203125,0,0.1934511959552765,0,0.05116616704566037,english,comment,True,majority,3-0,0,0
t1_p60m9a1,0,0.001674399245530367,-6.390625,0,0.16636914014816284,0,0.02694567755022904,taglish,comment,True,majority,3-0,0,0
t1_p6gaw8o,0,0.0071214293129742146,-4.9375,0,0.1731145828962326,0,0.05890721370277696,taglish,comment,True,majority,3-0,0,0
t1_p7ez7pb,0,0.0753123015165329,-2.5078125,0,0.38509663939476013,0,0.19663464615543252,tagalog,comment,True,adjudicator,2-1,0,0
t1_p7lnrs6,0,0.005469274707138538,-5.203125,0,0.2935875952243805,0,0.05116616704566037,english,comment,True,majority,3-0,0,0
t1_p66om79,0,0.007232763804495335,-4.921875,0,0.4015425145626068,0,0.05939523969881319,taglish,comment,True,adjudicator,2-1,0,0
t1_p5d0oid,1,0.053009770810604095,-2.8828125,0,0.6070491075515747,0,0.16549140097768275,tagalog,comment,True,majority,3-0,1,1
t1_p5b5hbz,0,0.13939638435840607,-1.8203125,0,0.7325339317321777,1,0.2647127723298487,english,comment,True,adjudicator,2-1,0,0
t1_p6rhul2,1,0.06512754410505295,-2.6640625,0,0.6612550020217896,0,0.18314932153151892,tagalog,comment,True,majority,3-0,1,1
t1_p6srpnp,0,0.0011335690505802631,-6.78125,0,0.1603701114654541,0,0.02175646106332701,taglish,comment,True,unanimous,3-0,0,0
t3_1vnuz4r,0,0.0011695103021338582,-6.75,0,0.23518525063991547,0,0.02213288201198187,taglish,submission,True,majority,3-0,0,0
t1_p7b9jj2,1,0.08632347732782364,-2.359375,0,0.7508577108383179,0,0.2101279320434098,taglish,comment,True,adjudicator,2-1,1,0
t1_p7lyhlv,0,0.0019877743907272816,-6.21875,0,0.18568836152553558,0,0.02959364019431563,taglish,comment,True,unanimous,3-0,0,0
t1_p38c638,1,0.8984104990959167,2.1796875,1,0.930147647857666,1,0.7726452155564157,tagalog,comment,True,adjudicator,2-1,1,1
t1_p7a4lhe,0,0.008187909610569477,-4.796875,0,0.16179503500461578,0,0.06343785762569767,taglish,comment,True,unanimous,3-0,0,0
t1_p77sk36,0,0.04177388176321983,-3.1328125,0,0.5720155835151672,0,0.147011961808062,taglish,comment,True,adjudicator,2-1,0,0
t1_p5z2t5f,0,0.0008426423300988972,-7.078125,0,0.11216332018375397,0,0.018479092760439467,taglish,comment,True,unanimous,3-0,0,0
t1_p7jdi0d,0,0.010652512311935425,-4.53125,0,0.16474807262420654,0,0.07289288473313968,english,comment,True,majority,3-0,0,0
t1_p5cseyk,1,0.914290726184845,2.3671875,1,0.9210841059684753,1,0.7905988763267919,taglish,comment,True,unanimous,3-0,1,1
t1_p7lbiex,0,0.08035747706890106,-2.4375,0,0.47599172592163086,0,0.20294306819892444,english,comment,True,majority,3-0,0,0
t1_p78k2ir,1,0.7759445905685425,1.2421875,1,0.8143472671508789,1,0.6675565117121107,taglish,comment,True,adjudicator,2-1,1,0
t1_p7hyhoq,0,0.0015731120947748423,-6.453125,0,0.21243678033351898,0,0.026041077014244022,taglish,comment,True,unanimous,3-0,0,0
t1_p6hvxya,0,0.0004512105952017009,-7.703125,0,0.11643549054861069,0,0.013083510443272066,taglish,comment,True,unanimous,3-0,0,0
t1_p3dmz5w,0,0.001081715221516788,-6.828125,0,0.3618013560771942,0,0.02120353956856762,taglish,comment,True,majority,3-0,0,0
t1_p7m16hz,0,0.0005884088459424675,-7.4375,0,0.07109075039625168,0,0.015154970384051948,taglish,comment,True,majority,3-0,0,0
t1_p33vmsa,0,0.0012448433553799987,-6.6875,0,0.18592402338981628,0,0.022904914560453835,tagalog,comment,True,adjudicator,2-1,0,0
t1_p79tu41,0,0.010818448849022388,-4.515625,0,0.5177361965179443,0,0.07348772946012651,taglish,comment,True,unanimous,3-0,0,0
t1_p60h4k2,0,0.0006263342220336199,-7.375,0,0.0676889568567276,0,0.015687506298579894,taglish,comment,True,unanimous,3-0,0,0
t1_p5ccd6g,0,0.014842418022453785,-4.1953125,0,0.47475767135620117,0,0.08670562207766436,tagalog,comment,True,adjudicator,2-1,0,0
t1_p78lpxo,1,0.0064882696606218815,-5.03125,0,0.4540216624736786,0,0.056057167341406984,taglish,comment,True,majority,3-0,1,1
t1_p7jcey0,0,0.23934932053089142,-1.15625,0,0.6975972056388855,1,0.3432321940538741,tagalog,comment,True,adjudicator,2-1,0,0
t1_p58ucht,0,0.8316905498504639,1.59765625,1,0.8918300867080688,1,0.7102614657142072,english,comment,True,adjudicator,2-1,0,1
t1_p6r5b23,1,0.11436852067708969,-2.046875,0,0.7471777200698853,1,0.24071386450487578,tagalog,comment,True,adjudicator,2-1,1,1
t1_p6l7ohc,0,0.0009850084315985441,-6.921875,0,0.08675675839185715,0,0.02013863485454007,english,comment,True,adjudicator,2-1,0,0
t1_p65nb4r,0,0.0013885231455788016,-6.578125,0,0.14507851004600525,0,0.02431970994248584,english,comment,True,majority,3-0,0,0
t1_p6d4a5h,0,0.00178219610825181,-6.328125,0,0.189817413687706,0,0.027880802061822113,taglish,comment,True,majority,3-0,0,0
t1_p5qtu2j,0,0.001151399570517242,-6.765625,0,0.11732708662748337,0,0.021943882529335074,taglish,comment,True,adjudicator,2-1,0,1
t1_p3zo2om,0,0.0008693673880770802,-7.046875,0,0.08150796592235565,0,0.01879989982083823,taglish,comment,True,majority,3-0,0,0
t1_p74e40k,0,0.023509452119469643,-3.7265625,0,0.3848588466644287,0,0.10992939563750247,english,comment,True,majority,3-0,0,0
t1_p77v4is,0,0.0029810327105224133,-5.8125,0,0.20596496760845184,0,0.03689255079703776,taglish,comment,True,majority,3-0,0,0
t1_p5d09u9,0,0.00407013762742281,-5.5,0,0.3455759882926941,0,0.04365626378776887,taglish,comment,True,unanimous,3-0,0,0
t1_p4qxjol,0,0.021125193685293198,-3.8359375,0,0.23653563857078552,0,0.10406546898209021,english,comment,True,unanimous,3-0,0,0
t1_p7iajx6,0,0.0025114635936915874,-5.984375,0,0.2500506341457367,0,0.03361412289700238,taglish,comment,True,majority,3-0,0,0
t1_p7i5tlx,0,0.001957016997039318,-6.234375,0,0.25656336545944214,0,0.02934284274043753,english,comment,True,majority,3-0,0,0
t1_p6mzzu2,0,0.022629201412200928,-3.765625,0,0.6389551162719727,0,0.1078026054140559,taglish,comment,True,majority,3-0,0,0
t1_p74tsga,0,0.03963883966207504,-3.1875,0,0.6998323798179626,0,0.14320470845148725,english,comment,True,majority,3-0,0,0
t1_p7l6kti,0,0.0039454069919884205,-5.53125,0,0.3140525817871094,0,0.042929858226661524,taglish,comment,True,unanimous,3-0,0,0
t1_p6s5qhf,0,0.034358687698841095,-3.3359375,0,0.6326537132263184,0,0.13328371665251992,taglish,comment,True,majority,3-0,0,0
t1_p6x607g,1,0.7205649614334106,0.947265625,1,0.894026517868042,1,0.6298643355910192,taglish,comment,True,unanimous,3-0,1,1
t1_p6vvs2w,1,0.8940516710281372,2.1328125,1,0.8962113261222839,1,0.7679907671876487,english,comment,True,majority,3-0,1,1
t1_p6xspd1,0,0.6381590366363525,0.5673828125,1,0.8746115565299988,1,0.5789422750966329,tagalog,comment,True,adjudicator,2-1,0,1
t1_p3zck9z,1,0.0017007224960252643,-6.375,0,0.17573609948158264,0,0.027176559742674317,tagalog,comment,True,adjudicator,2-1,1,0
t1_p7bjyob,0,0.004007288720458746,-5.515625,0,0.16341446340084076,0,0.04329160639553263,english,comment,True,adjudicator,2-1,0,0
t1_p6d72uq,0,0.000437334441812709,-7.734375,0,0.1771090030670166,0,0.012858971168173106,tagalog,comment,True,adjudicator,2-1,0,1
t1_p6qrg23,0,0.13432106375694275,-1.86328125,0,0.3725810647010803,1,0.2600456612285238,taglish,comment,True,unanimous,3-0,0,0
t1_p5c2l29,0,0.0007916296017356217,-7.140625,0,0.13916899263858795,0,0.017853511104284764,english,comment,True,adjudicator,2-1,0,0
t1_p7l2cqq,0,0.32209938764572144,-0.744140625,0,0.7754563093185425,1,0.39708285880094224,taglish,comment,True,adjudicator,2-1,0,0
t1_p3sv1c4,0,0.0008559005800634623,-7.0625,0,0.1602565497159958,0,0.018638819204537343,taglish,comment,True,majority,3-0,0,0
t1_p51wv23,0,0.0012843081494793296,-6.65625,0,0.21095477044582367,0,0.02330073227477451,taglish,comment,True,unanimous,3-0,0,0
t1_p7821r9,1,0.04742587357759476,-3.0,0,0.7122671008110046,0,0.15660706427666654,taglish,comment,True,majority,3-0,1,1
t1_p6s4gzr,0,0.00806199200451374,-4.8125,0,0.32542771100997925,0,0.06291883703398546,taglish,comment,True,majority,3-0,0,0
t1_p2umwyx,0,0.015072628855705261,-4.1796875,0,0.26235657930374146,0,0.08740255953700671,taglish,comment,True,unanimous,3-0,0,0
t1_p6k2fwb,0,0.005819959565997124,-5.140625,0,0.6038589477539062,0,0.05289614791248486,tagalog,comment,True,adjudicator,2-1,0,0
t1_p31h3ut,0,0.0008969393675215542,-7.015625,0,0.05745385214686394,0,0.019126167739136283,english,comment,True,majority,3-0,0,0
t1_p7i4d5o,0,0.005139610730111599,-5.265625,0,0.20973609387874603,0,0.04948980911482951,english,comment,True,majority,3-0,0,0
t1_p6ehy4o,0,0.0030753696337342262,-5.78125,0,0.3574093282222748,0,0.03752080546289194,tagalog,comment,True,adjudicator,2-1,0,0
t1_p7joyca,0,0.00955939944833517,-4.640625,0,0.36010274291038513,0,0.06885175885281816,tagalog,comment,True,unanimous,3-0,0,0
t1_p7l4qss,0,0.02161533385515213,-3.8125,0,0.5640787482261658,0,0.10529828232422496,taglish,comment,True,majority,3-0,0,0
t1_p74qzfr,1,0.7924642562866211,1.33984375,1,0.9195499420166016,1,0.6796060326536902,tagalog,comment,True,majority,3-0,1,1
t1_p787d09,0,0.0024726232513785362,-6.0,0,0.1455124318599701,0,0.033330423307864405,taglish,comment,True,unanimous,3-0,0,0
t1_p2wkldr,1,0.01640303246676922,-4.09375,0,0.5216228365898132,0,0.09132694324564786,taglish,comment,True,unanimous,3-0,1,1
t1_p3zb5sw,0,0.001597845577634871,-6.4375,0,0.11718793958425522,0,0.02626441741204824,taglish,comment,True,majority,3-0,0,0
t1_p7ba4b8,0,0.0038244836032390594,-5.5625,0,0.23415207862854004,0,0.04221500594017596,tagalog,comment,True,unanimous,3-0,0,0
t1_p73cwi9,0,0.001867565792053938,-6.28125,0,0.18969067931175232,0,0.02860275726348513,taglish,comment,True,majority,3-0,0,0
t1_p300myd,0,0.0008426423300988972,-7.078125,0,0.0549384206533432,0,0.018479092760439467,taglish,comment,True,majority,3-0,0,0
t1_p5jhey8,0,0.003123648464679718,-5.765625,0,0.10949449986219406,0,0.03783877631164071,english,comment,True,majority,3-0,0,0
t1_p5cmoo9,0,0.017576880753040314,-4.0234375,0,0.6218461394309998,0,0.09465495160918425,tagalog,comment,True,unanimous,3-0,0,0
t1_p7dyjvh,0,0.0033244371879845858,-5.703125,0,0.5254493951797485,0,0.03913673086889577,taglish,comment,True,unanimous,3-0,0,0
t1_p78rnqf,0,0.010652512311935425,-4.53125,0,0.49782273173332214,0,0.07289288473313968,tagalog,comment,True,adjudicator,2-1,0,0
t1_p3jzbm8,0,0.14706452190876007,-1.7578125,0,0.8512374758720398,1,0.27159624959315287,tagalog,comment,True,adjudicator,2-1,0,1
t1_p7l0via,1,0.954308032989502,3.0390625,1,0.92173832654953,1,0.8462668150199495,taglish,comment,True,majority,3-0,1,1
t1_p6s1evf,0,0.09467770159244537,-2.2578125,0,0.5968021750450134,0,0.21974475729064444,tagalog,comment,True,adjudicator,2-1,0,1
t1_p5dtsdj,0,0.07423137128353119,-2.5234375,0,0.6983059644699097,0,0.19525305912339724,taglish,comment,True,adjudicator,2-1,0,0
t1_p51dk1z,0,0.002889581024646759,-5.84375,0,0.20280331373214722,0,0.036274419264536326,taglish,comment,True,majority,3-0,0,0
t1_p2tsuch,0,0.015189048834145069,-4.171875,0,0.5453325510025024,0,0.08775292459448782,taglish,comment,True,majority,3-0,0,0
t1_p5cc6mt,0,0.04501553252339363,-3.0546875,0,0.6273095011711121,0,0.15259577476947273,english,comment,True,adjudicator,2-1,0,0
t1_p5j8rrn,0,0.002889581024646759,-5.84375,0,0.21844765543937683,0,0.036274419264536326,taglish,comment,True,majority,3-0,0,0
t1_p7gyxym,0,0.0020507436711341143,-6.1875,0,0.20914015173912048,0,0.030101484248787516,tagalog,comment,True,adjudicator,2-1,0,1
t1_p32ojum,0,0.000954731716774404,-6.953125,0,0.07803290337324142,0,0.019795444105885653,taglish,comment,True,majority,3-0,0,0
t1_p7hwhl9,0,0.0014325366355478764,-6.546875,0,0.268764853477478,0,0.02473935757510446,tagalog,comment,True,adjudicator,2-1,0,1
t1_p7b1e3w,0,0.003172682598233223,-5.75,0,0.1850801557302475,0,0.038159334976386884,taglish,comment,True,majority,3-0,0,0
t1_p50mpx7,0,0.006003595422953367,-5.109375,0,0.3243034780025482,0,0.05378171419221797,tagalog,comment,True,majority,3-0,0,0
t1_p4v5a4f,0,0.01971912942826748,-3.90625,0,0.29764482378959656,0,0.10044330082524669,taglish,comment,True,majority,3-0,0,0
t1_p7ea6q0,0,0.0030278346966952085,-5.796875,0,0.3523986041545868,0,0.037205403298071545,taglish,comment,True,unanimous,3-0,0,0
t1_p6214pr,0,0.002251847181469202,-6.09375,0,0.2656053900718689,0,0.03167618073058643,taglish,comment,True,unanimous,3-0,0,0
t1_p4pzjeu,0,0.001367025775834918,-6.59375,0,0.08853423595428467,0,0.024112496932114834,english,comment,True,adjudicator,2-1,0,0
t1_p5z7q2j,0,0.0023596608079969883,-6.046875,0,0.2952764630317688,0,0.03249312981430348,taglish,comment,True,majority,3-0,0,0
t1_p6e8qgz,0,0.02178117074072361,-3.8046875,0,0.3276718854904175,0,0.1057120750099162,english,comment,True,unanimous,3-0,0,0
t1_p7k9hk0,0,0.003429603995755315,-5.671875,0,0.17706596851348877,0,0.03980162301306125,taglish,comment,True,majority,3-0,0,0
t1_p4qebjx,0,0.03514484316110611,-3.3125,0,0.2550655007362366,0,0.13481058187319245,english,comment,True,majority,3-0,0,0
t1_p7je99f,0,0.0039454069919884205,-5.53125,0,0.1572485864162445,0,0.042929858226661524,taglish,comment,True,majority,3-0,0,0
t1_p5rp9di,0,0.13614831864833832,-1.84765625,0,0.5304354429244995,1,0.2617366014426491,english,comment,True,adjudicator,2-1,0,0
t1_p6s60nq,0,0.05460060387849808,-2.8515625,0,0.3308092951774597,0,0.16792776485306188,english,comment,True,majority,3-0,0,0
t1_p50vq6u,0,0.0018102111062034965,-6.3125,0,0.34452998638153076,0,0.02811946525674957,taglish,comment,True,majority,3-0,0,0
t1_p7je7gw,0,0.015663648024201393,-4.140625,0,0.2654251754283905,0,0.08916710883373326,english,comment,True,majority,3-0,0,0
t1_p58x3no,0,0.11318691074848175,-2.05859375,0,0.6402947306632996,1,0.23951384584901259,tagalog,comment,True,adjudicator,2-1,0,1
t1_p6tcqvk,1,0.09138210862874985,-2.296875,0,0.557204008102417,0,0.21600899298972318,english,comment,True,adjudicator,2-1,1,1
t1_p50jzos,1,0.0071214293129742146,-4.9375,0,0.41356372833251953,0,0.05890721370277696,tagalog,comment,True,adjudicator,2-1,1,1
t1_p787f5k,0,0.08756383508443832,-2.34375,0,0.5979816317558289,0,0.2115870984139343,tagalog,comment,True,adjudicator,2-1,0,1
t1_p3l7b39,0,0.001081715221516788,-6.828125,0,0.2535346746444702,0,0.02120353956856762,taglish,comment,True,majority,3-0,0,0
t1_p73rmiw,0,0.019419347867369652,-3.921875,0,0.5144489407539368,0,0.09965373304610191,taglish,comment,True,majority,3-0,0,0
t1_p4qgz5t,0,0.028007520362734795,-3.546875,0,0.5895835757255554,0,0.12019167735959185,english,comment,True,adjudicator,2-1,0,1
t1_p72oofz,0,0.2487165927886963,-1.10546875,0,0.6359612941741943,1,0.3496851712163632,english,comment,True,unanimous,3-0,0,0
t1_p6lpg3h,0,0.0005357805639505386,-7.53125,0,0.10610747337341309,0,0.014389376918514407,taglish,comment,True,unanimous,3-0,0,0
t1_p7kix8h,0,0.7859664559364319,1.30078125,1,0.8815984725952148,1,0.6748137854118498,taglish,comment,True,unanimous,3-0,0,0
t1_p5dcpdj,0,0.0011695103021338582,-6.75,0,0.14585959911346436,0,0.02213288201198187,taglish,comment,True,adjudicator,2-1,0,0
t1_p3glnke,0,0.0007793660624884069,-7.15625,0,0.15177392959594727,0,0.01770039302206777,taglish,comment,True,unanimous,3-0,0,0
t1_p7axcm7,0,0.1204388216137886,-1.98828125,0,0.693310022354126,1,0.246775348593799,english,comment,True,majority,3-0,0,0
t1_p75wmxj,0,0.10970578342676163,-2.09375,0,0.5043686628341675,1,0.23593843665982953,tagalog,comment,True,adjudicator,2-1,0,0
t1_p76trep,1,0.685949444770813,0.78125,1,0.6875283122062683,1,0.6078924326365104,taglish,comment,True,unanimous,3-0,1,1
t1_p7mcx08,0,0.018689310178160667,-3.9609375,0,0.4145055413246155,0,0.09770392209211286,tagalog,comment,True,majority,3-0,0,0
t1_p5qmfzz,0,0.00049553596181795,-7.609375,0,0.06508134305477142,0,0.013780596121675533,taglish,comment,True,unanimous,3-0,0,0
t1_p7c2dj7,0,0.14608725905418396,-1.765625,0,0.5682320594787598,1,0.27072970236955884,english,comment,True,adjudicator,2-1,0,1
t1_p63qyw4,0,0.023330770432949066,-3.734375,0,0.7290000319480896,0,0.10950111626204115,tagalog,comment,True,adjudicator,2-1,0,0
t1_p7mladu,0,0.020645931363105774,-3.859375,0,0.4395497739315033,0,0.10284543006797023,taglish,comment,True,majority,3-0,0,0
t1_p5zbsyw,0,0.30777397751808167,-0.810546875,0,0.8013542890548706,1,0.3881954181927829,taglish,comment,True,majority,3-0,0,0
t1_p2x9kms,0,0.0023231625091284513,-6.0625,0,0.2978150248527527,0,0.03221857586181331,taglish,comment,True,unanimous,3-0,0,0
t1_p5jexhg,0,0.005730246659368277,-5.15625,0,0.12198194116353989,0,0.05245854405776818,english,comment,True,majority,3-0,0,0
t1_p7iqa3d,0,0.0022872276604175568,-6.078125,0,0.3926776051521301,0,0.03194626518022632,tagalog,comment,True,adjudicator,2-1,0,0
t1_p50mbf4,0,0.1465751975774765,-1.76171875,0,0.5846971869468689,1,0.27116275861592604,tagalog,comment,True,adjudicator,2-1,0,0
t1_p74vm16,0,0.006903837900608778,-4.96875,0,0.19023285806179047,0,0.057942419339006214,english,comment,True,majority,3-0,0,0
t1_p7hty2g,0,0.0013458605390042067,-6.609375,0,0.16453351080417633,0,0.02390700619329433,taglish,comment,True,majority,3-0,0,0
t1_p3khg70,0,0.0033244371879845858,-5.703125,0,0.4957185685634613,0,0.03913673086889577,tagalog,comment,True,adjudicator,2-1,0,0
t1_p74dltk,0,0.01353214867413044,-4.2890625,0,0.2630052864551544,0,0.08262872124457442,taglish,comment,True,unanimous,3-0,0,0
t1_p6fjy95,0,0.957912266254425,3.125,1,0.9034456610679626,1,0.8524373581920555,english,comment,True,majority,3-0,0,0
t1_p7e2lqi,0,0.006797531619668007,-4.984375,0,0.4956374168395996,0,0.05746560126766683,tagalog,comment,True,majority,3-0,0,0
t1_p3inwlh,0,0.019271137192845345,-3.9296875,0,0.29195261001586914,0,0.09926102258586998,taglish,comment,True,unanimous,3-0,0,0
t1_p6q1sni,0,0.13477592170238495,-1.859375,0,0.871553897857666,1,0.26046773132783757,tagalog,comment,True,adjudicator,2-1,0,1
t1_p79eg95,0,0.023330770432949066,-3.734375,0,0.5477418303489685,0,0.10950111626204115,taglish,comment,True,unanimous,3-0,0,0
t1_p74smsg,0,0.0541987307369709,-2.859375,0,0.8058018684387207,0,0.16731600261379145,tagalog,comment,True,unanimous,3-0,0,0
t1_p7lgfcn,0,0.011331754736602306,-4.46875,0,0.3895295560359955,0,0.07529917047428657,taglish,comment,True,majority,3-0,0,0
t1_p4zepu0,0,0.0844927504658699,-2.3828125,0,0.7814280390739441,0,0.20795305618451757,taglish,comment,True,majority,3-0,0,0
t1_p7c1vly,0,0.006903837900608778,-4.96875,0,0.11987289786338806,0,0.057942419339006214,english,comment,True,majority,3-0,0,0
t1_p68p9ww,0,0.0060975621454417706,-5.09375,0,0.11620127409696579,0,0.05422972408507728,taglish,comment,True,unanimous,3-0,0,0
t1_p4q9za0,0,0.31153160333633423,-0.79296875,0,0.7514263987541199,1,0.3905410136514781,english,comment,True,adjudicator,2-1,0,0
t1_p4sxwjj,0,0.17217184603214264,-1.5703125,0,0.7114353179931641,1,0.29290678333215003,tagalog,comment,True,majority,3-0,0,0
t1_p7c4tmm,0,0.00628990214318037,-5.0625,0,0.477022260427475,0,0.055136316831376604,taglish,comment,True,unanimous,3-0,0,0
t1_p5zzaj2,0,0.942081868648529,2.7890625,1,0.9370241165161133,1,0.8271137551744888,taglish,comment,True,adjudicator,2-1,0,1
t1_p65pbc7,0,0.00172745855525136,-6.359375,0,0.4631868302822113,0,0.027409364507913175,tagalog,comment,True,adjudicator,2-1,0,0
t1_p7jek9p,0,0.10087861120700836,-2.1875,0,0.6834139227867126,1,0.2265854833351209,taglish,comment,True,adjudicator,2-1,0,0
t1_p7ak056,0,0.2075357586145401,-1.33984375,0,0.6302961111068726,1,0.32039396734630976,tagalog,comment,True,adjudicator,2-1,0,0
t1_p3hvmlx,0,0.0014779430348426104,-6.515625,0,0.0884055495262146,0,0.02516605964303529,taglish,comment,True,majority,3-0,0,0
t1_p7aja77,1,0.9597620368003845,3.171875,1,0.9416436553001404,1,0.8557159615860863,taglish,comment,True,adjudicator,3-0,1,1
t1_p5s1hvo,0,0.0022872276604175568,-6.078125,0,0.2260754108428955,0,0.03194626518022632,tagalog,comment,True,unanimous,3-0,0,0
t1_p5mnhwc,0,0.0026316740550100803,-5.9375,0,0.1674928516149521,0,0.03447927308211456,english,comment,True,majority,3-0,0,0
t1_p5f50xn,0,0.06097517907619476,-2.734375,0,0.5765836238861084,0,0.17731930155821943,taglish,comment,True,unanimous,3-0,0,0
t1_p5x1ccr,0,0.0015011822106316686,-6.5,0,0.10145451873540878,0,0.025382091058865915,tagalog,comment,True,adjudicator,2-1,0,0
t1_p79ecqn,0,0.06187598779797554,-2.71875,0,0.7050947546958923,0,0.17860215449972872,english,comment,True,adjudicator,2-1,0,0
t1_p3rplf2,0,0.0012843081494793296,-6.65625,0,0.17063429951667786,0,0.02330073227477451,taglish,comment,True,majority,3-0,0,0
t1_p777n8a,0,0.025565214455127716,-3.640625,0,0.6362072229385376,0,0.11473806914808991,tagalog,comment,True,adjudicator,2-1,0,0
t1_p77x3cx,0,0.0039454069919884205,-5.53125,0,0.18756479024887085,0,0.042929858226661524,taglish,comment,True,majority,3-0,0,0
t1_p3i3r5t,0,0.001048469333909452,-6.859375,0,0.11482077836990356,0,0.02084258735547194,taglish,comment,True,unanimous,3-0,0,0
t1_p74bw25,0,0.002889581024646759,-5.84375,0,0.5146106481552124,0,0.036274419264536326,tagalog,comment,True,adjudicator,2-1,0,0
t1_p7j8vok,0,0.512174129486084,0.0487060546875,1,0.6439553499221802,1,0.5068334117380974,english,comment,True,adjudicator,3-0,0,0
t1_p6osm23,0,0.004133968148380518,-5.484375,0,0.4067035913467407,0,0.044023851448754196,english,comment,True,majority,3-0,0,0
t1_p50sale,0,0.16885694861412048,-1.59375,0,0.7991799712181091,1,0.2901898976238834,tagalog,comment,True,adjudicator,3-0,0,0
t1_p5rqxre,0,0.0033244371879845858,-5.703125,0,0.12922526895999908,0,0.03913673086889577,tagalog,comment,True,majority,3-0,0,0
t1_p5eljbe,0,0.0007096704212017357,-7.25,0,0.07410994917154312,0,0.01680840542233404,taglish,comment,True,unanimous,3-0,0,0
t1_p5bbhvs,0,0.224735289812088,-1.23828125,0,0.7079228758811951,1,0.33293019457836986,tagalog,comment,True,unanimous,3-0,0,0
t1_p7j9pzd,0,0.13846179842948914,-1.828125,0,0.5000380277633667,1,0.2638602316370612,taglish,comment,True,majority,3-0,0,0
t1_p76hk6t,0,0.010489092208445072,-4.546875,0,0.5830209255218506,0,0.0723024792169979,english,comment,True,majority,3-0,0,0
t1_p6qw36r,0,0.0037654140032827854,-5.578125,0,0.162318617105484,0,0.04186186029469008,tagalog,comment,True,adjudicator,3-0,0,0
t1_p4n673n,0,0.004331502132117748,-5.4375,0,0.33757710456848145,0,0.045144408184000756,taglish,comment,True,unanimous,3-0,0,0
t1_p30on4g,1,0.766992449760437,1.19140625,1,0.8769112825393677,1,0.6612017353720576,english,comment,True,majority,3-0,1,1
t1_p6wd9wj,0,0.01912403479218483,-3.9375,0,0.4742097854614258,0,0.09886968975576954,taglish,comment,True,majority,3-0,0,0
t1_p7e7snu,0,0.053799647837877274,-2.8671875,0,0.6634089946746826,0,0.16670602251748057,english,comment,True,majority,3-0,0,0
t1_p6et3yt,0,0.000458312890259549,-7.6875,0,0.15045166015625,0,0.013197226541452646,tagalog,comment,True,majority,3-0,0,0
t1_p7dnwvs,0,0.6469064354896545,0.60546875,1,0.8268203735351562,1,0.5841438458358573,english,comment,True,adjudicator,2-1,0,0
t1_p75ta58,0,0.6996649503707886,0.845703125,1,0.8179733753204346,1,0.6164801704163989,tagalog,comment,True,adjudicator,2-1,0,0
t1_p3z7eou,0,0.0025509123224765062,-5.96875,0,0.3211551606655121,0,0.03390015257688779,tagalog,comment,True,adjudicator,2-1,0,0
t1_p5dlg00,0,0.0010162440594285727,-6.890625,0,0.08335663378238678,0,0.02048765109133822,taglish,comment,True,unanimous,3-0,0,0
t1_p77w7or,0,0.02096424251794815,-3.84375,0,0.5161368250846863,0,0.10365737458102126,taglish,comment,True,majority,3-0,0,0
t1_p5rbv9j,0,0.2609540820121765,-1.041015625,0,0.7406203150749207,1,0.3579551951511251,taglish,comment,True,adjudicator,2-1,0,0
t1_p40efa2,0,0.0008167380001395941,-7.109375,0,0.1209348738193512,0,0.01816365870743014,taglish,comment,True,majority,3-0,0,0
t1_p6z6epo,0,0.03760863468050957,-3.2421875,0,0.6559579372406006,0,0.13947993095526473,tagalog,comment,True,adjudicator,2-1,0,1
t1_p6eqhjg,0,0.00048029719619080424,-7.640625,0,0.13988420367240906,0,0.013544257641798802,taglish,comment,True,unanimous,3-0,0,0
t1_p7ka6tc,0,0.0005357805639505386,-7.53125,0,0.13595500588417053,0,0.014389376918514407,taglish,comment,True,majority,3-0,0,0
t1_p7cj6bh,0,0.0007096704212017357,-7.25,0,0.13243494927883148,0,0.01680840542233404,tagalog,comment,True,adjudicator,2-1,0,0
t1_p6ke3xw,0,0.013325147330760956,-4.3046875,0,0.6461008191108704,0,0.08196643083458703,tagalog,comment,True,adjudicator,2-1,0,0
t1_p5qgju6,0,0.7943849563598633,1.3515625,1,0.8228398561477661,1,0.6810364087425758,taglish,comment,True,adjudicator,2-1,0,0
t1_p7fl1tm,0,0.0010162440594285727,-6.890625,0,0.14510731399059296,0,0.02048765109133822,tagalog,comment,True,majority,3-0,0,0
t1_p6q5lui,0,0.0005614788387902081,-7.484375,0,0.06199757009744644,0,0.014767287395490165,english,comment,True,majority,3-0,0,0
t1_p2xcwww,0,0.8958876132965088,2.15234375,1,0.9189731478691101,1,0.7699381652361773,taglish,comment,True,unanimous,3-0,0,0
t1_p5nerzx,0,0.00985985528677702,-4.609375,0,0.23257939517498016,0,0.06998470904260001,taglish,comment,True,unanimous,3-0,0,0
t1_p38y4gc,0,0.01912403479218483,-3.9375,0,0.6594290137290955,0,0.09886968975576954,taglish,comment,True,adjudicator,2-1,0,1
t1_p5jarzz,0,0.0024726232513785362,-6.0,0,0.23179791867733002,0,0.033330423307864405,taglish,comment,True,unanimous,3-0,0,0
t1_p4tccib,0,0.007460643537342548,-4.890625,0,0.41295039653778076,0,0.06038267430548501,english,comment,True,majority,3-0,0,0
t1_p4nu0xc,1,0.733738124370575,1.013671875,1,0.8183861970901489,1,0.6385102645612167,english,comment,True,majority,3-0,1,1
t1_p51z2oj,0,0.001032231142744422,-6.875,0,0.1256306767463684,0,0.02066437325746141,taglish,comment,True,unanimous,3-0,0,0
t1_p50eccg,0,0.15662017464637756,-1.68359375,0,0.5361068844795227,1,0.2799146433091645,english,comment,True,majority,3-0,0,0
t1_p3ougwj,0,0.001081715221516788,-6.828125,0,0.13091407716274261,0,0.02120353956856762,english,comment,True,adjudicator,2-1,0,0
t1_p7b90uz,0,0.5202221274375916,0.0809326171875,1,0.9072216749191284,1,0.5113535219747829,taglish,comment,True,adjudicator,2-1,0,0
t1_p5j96ub,0,0.004609572235494852,-5.375,0,0.35381072759628296,0,0.04668080399614382,english,comment,True,unanimous,3-0,0,0
t1_p5z4so5,0,0.0007321811863221228,-7.21875,0,0.14850904047489166,0,0.017100713773272696,taglish,comment,True,unanimous,3-0,0,0
t1_p5s1y99,0,0.008847354911267757,-4.71875,0,0.1475173979997635,0,0.06609331635272746,taglish,comment,True,unanimous,3-0,0,0
t1_p79vpti,0,0.011158031411468983,-4.484375,0,0.33441096544265747,0,0.07469084511175098,tagalog,comment,True,adjudicator,2-1,0,0
t1_p67v0lr,0,0.0012843081494793296,-6.65625,0,0.23736298084259033,0,0.02330073227477451,tagalog,comment,True,adjudicator,2-1,0,0
t1_p6du7t8,1,0.5504865646362305,0.20263671875,1,0.8380742073059082,1,0.5284008993914764,taglish,comment,True,majority,3-0,1,1
t1_p6k7qq2,1,0.005641908384859562,-5.171875,0,0.43874073028564453,0,0.05202436159031638,taglish,comment,True,majority,3-0,1,1
t1_p7kknye,0,0.18653921782970428,-1.47265625,0,0.5524940490722656,1,0.30438555547439466,taglish,comment,True,majority,3-0,0,0
t1_p6d0ute,0,0.0006986756343394518,-7.265625,0,0.14828640222549438,0,0.016664098460613865,taglish,comment,True,adjudicator,2-1,0,0
t1_p3k28vw,0,0.010818448849022388,-4.515625,0,0.5124823451042175,0,0.07348772946012651,taglish,comment,True,unanimous,3-0,0,0
t1_p7i40j4,0,0.0013250225456431508,-6.625,0,0.20361709594726562,0,0.023703224145631474,tagalog,comment,True,majority,3-0,0,0
t1_p58a6x0,0,0.001524786464869976,-6.484375,0,0.4856848418712616,0,0.0255999282397834,taglish,comment,True,adjudicator,2-1,0,0
t1_p591y9q,1,0.31362995505332947,-0.783203125,0,0.827733039855957,1,0.3918463197888378,english,comment,True,majority,3-0,1,1
t1_p7kzk2p,0,0.005301895085722208,-5.234375,0,0.2886483669281006,0,0.050321377804759926,taglish,comment,True,unanimous,3-0,0,0
t3_1vt39b9,0,0.0012843081494793296,-6.65625,0,0.1831488311290741,0,0.02330073227477451,english,submission,True,adjudicator,2-1,0,0
t3_1vpvw48,0,0.0008693673880770802,-7.046875,0,0.11305829137563705,0,0.01879989982083823,taglish,submission,True,unanimous,3-0,0,0
t3_1vqqy2h,0,0.002889581024646759,-5.84375,0,0.11747196316719055,0,0.036274419264536326,taglish,submission,True,majority,3-0,0,0
t3_1vqswlc,0,0.010328153148293495,-4.5625,0,0.19663935899734497,0,0.07171648585065865,taglish,submission,True,unanimous,3-0,0,0
t3_1vpddgk,0,0.000954731716774404,-6.953125,0,0.12014874070882797,0,0.019795444105885653,taglish,submission,True,unanimous,3-0,0,0
t3_1vpe8de,0,0.0012255674228072166,-6.703125,0,0.20137876272201538,0,0.022709475558211404,taglish,submission,True,majority,3-0,0,0
t3_1vpaday,0,0.0005357805639505386,-7.53125,0,0.056682802736759186,0,0.014389376918514407,tagalog,submission,True,unanimous,3-0,0,0
t3_1vm4kgg,0,0.013222821988165379,-4.3125,0,0.3098796010017395,0,0.08163710159189876,taglish,submission,True,unanimous,3-0,0,0
t1_p4suo52,0,0.03541072830557823,-3.3046875,0,0.5111349821090698,0,0.1353228084907594,taglish,comment,True,majority,3-0,0,0
t3_1vseiez,0,0.005301895085722208,-5.234375,0,0.32452329993247986,0,0.050321377804759926,taglish,submission,True,majority,3-0,0,0
t3_1vsw6tp,0,0.000552778597921133,-7.5,0,0.1057247743010521,0,0.014640243318907798,taglish,submission,True,unanimous,3-0,0,0
t3_1vt0ebr,0,0.0006070756353437901,-7.40625,0,0.04756631702184677,0,0.015418975438670398,taglish,submission,True,majority,3-0,0,0
t1_p79fo73,0,0.0038244836032390594,-5.5625,0,0.28934311866760254,0,0.04221500594017596,tagalog,comment,True,adjudicator,2-1,0,0
t1_p74qmzd,0,0.6710395812988281,0.712890625,1,0.8821130990982056,1,0.5987108055504452,tagalog,comment,True,adjudicator,2-1,0,1
t1_p7kntcm,0,0.0032730652019381523,-5.71875,0,0.17045556008815765,0,0.03880829284256241,taglish,comment,True,majority,3-0,0,0
t1_p75kifr,0,0.0024343819823116064,-6.015625,0,0.2275715321302414,0,0.033049036227900674,english,comment,True,unanimous,3-0,0,0
t3_1vs9fes,0,0.0005357805639505386,-7.53125,0,0.12221185863018036,0,0.014389376918514407,tagalog,submission,True,majority,3-0,0,0
t1_p77wola,0,0.2778647243976593,-0.955078125,0,0.7334429025650024,1,0.3691140388776231,taglish,comment,True,adjudicator,2-1,0,0
t1_p6zzg2r,1,0.3842187523841858,-0.4716796875,0,0.8774067759513855,1,0.43420347067062476,english,comment,True,majority,3-0,1,1
t1_p5s1n9m,0,0.017712298780679703,-4.015625,0,0.33400654792785645,0,0.09503136149672736,taglish,comment,True,majority,3-0,0,0
t1_p5savzs,1,0.0023231625091284513,-6.0625,0,0.1563916802406311,0,0.03221857586181331,english,comment,True,adjudicator,2-1,1,0
t1_p5f98ex,0,0.013222821988165379,-4.3125,0,0.34786972403526306,0,0.08163710159189876,taglish,comment,True,unanimous,3-0,0,0
t1_p7aors1,1,0.008985428139567375,-4.703125,0,0.30848467350006104,0,0.06663666124058804,tagalog,comment,True,adjudicator,2-1,1,1
t1_p6x3gua,1,0.9785493016242981,3.8203125,1,0.9738088846206665,1,0.895114080605622,taglish,comment,True,majority,3-0,1,1
t1_p5ipls8,0,0.0064882696606218815,-5.03125,0,0.36823225021362305,0,0.056057167341406984,taglish,comment,True,majority,3-0,0,0
t1_p7i6tor,0,0.0026316740550100803,-5.9375,0,0.1261081099510193,0,0.03447927308211456,english,comment,True,majority,3-0,0,0
t1_p50nzwd,0,0.017309095710515976,-4.0390625,0,0.5981279611587524,0,0.09390613511795246,taglish,comment,True,majority,3-0,0,0
t1_p76o003,0,0.00970847625285387,-4.625,0,0.4110962748527527,0,0.06941609501300891,tagalog,comment,True,adjudicator,2-1,0,0
t1_p6y4otw,0,0.010013570077717304,-4.59375,0,0.24190092086791992,0,0.07055762765579472,english,comment,True,majority,3-0,0,0
t1_p756zjs,0,0.006692850962281227,-5.0,0,0.4457551836967468,0,0.05699246963116262,english,comment,True,unanimous,3-0,0,0
t1_p7izgv7,0,0.038756195455789566,-3.2109375,0,0.4856564998626709,0,0.1415983309442,taglish,comment,True,unanimous,3-0,0,0
t1_p6qs09c,0,0.004905405919998884,-5.3125,0,0.09869500994682312,0,0.04826684473726577,english,comment,True,majority,3-0,0,0
t1_p2yph9l,0,0.0014325366355478764,-6.546875,0,0.35641932487487793,0,0.02473935757510446,tagalog,comment,True,unanimous,3-0,0,0
t1_p7lo5pt,0,0.0071214293129742146,-4.9375,0,0.3918150067329407,0,0.05890721370277696,english,comment,True,adjudicator,2-1,0,0
t1_p65i5qr,0,0.004264634568244219,-5.453125,0,0.26255616545677185,0,0.04476790232060008,taglish,comment,True,majority,3-0,0,0
t1_p5rp9nu,0,0.0030278346966952085,-5.796875,0,0.16937020421028137,0,0.037205403298071545,taglish,comment,True,unanimous,3-0,0,0
t1_p68rnzt,0,0.0006563728675246239,-7.328125,0,0.13299736380577087,0,0.016098952878037195,taglish,comment,True,majority,3-0,0,0
t1_p6xyzvj,0,0.28616926074028015,-0.9140625,0,0.8328776359558105,1,0.3744904646627653,tagalog,comment,True,adjudicator,3-0,0,0
t1_p50tfzy,1,0.10521054267883301,-2.140625,0,0.676120936870575,1,0.23122889570367391,taglish,comment,True,unanimous,3-0,1,1
t1_p5be6ke,0,0.0011160142021253705,-6.796875,0,0.08691473305225372,0,0.021570605049528634,taglish,comment,True,majority,3-0,0,0
t1_p7jrlsk,0,0.06512754410505295,-2.6640625,0,0.7118598818778992,0,0.18314932153151892,taglish,comment,True,majority,3-0,0,0
t1_p7klxiv,0,0.00955939944833517,-4.640625,0,0.41921132802963257,0,0.06885175885281816,tagalog,comment,True,adjudicator,2-1,0,0
t1_p7fy09p,0,0.0032224843744188547,-5.734375,0,0.18640749156475067,0,0.038482500701258325,taglish,comment,True,adjudicator,2-1,0,0
t1_p7haar9,0,0.0032730652019381523,-5.71875,0,0.2626739740371704,0,0.03880829284256241,english,comment,True,adjudicator,2-1,0,0
t1_p5cq96q,1,0.5384978652000427,0.154296875,1,0.7290972471237183,1,0.5216355297604508,taglish,comment,True,majority,3-0,1,1
t1_p6sdk5b,0,0.02931223064661026,-3.5,0,0.26220399141311646,0,0.12300151586076673,english,comment,True,majority,3-0,0,0
t1_p7aiaaw,0,0.012241275049746037,-4.390625,0,0.36558061838150024,0,0.07840956668395933,tagalog,comment,True,adjudicator,2-1,0,0
t1_p7ax9hc,0,0.00970847625285387,-4.625,0,0.48142266273498535,0,0.06941609501300891,tagalog,comment,True,adjudicator,2-1,0,0
t1_p742eq6,0,0.007232763804495335,-4.921875,0,0.31234532594680786,0,0.05939523969881319,taglish,comment,True,adjudicator,2-1,0,0
t1_p50lxlv,0,0.01590639352798462,-4.125,0,0.6004737615585327,0,0.08988188448041777,tagalog,comment,True,adjudicator,2-1,0,1
t1_p79cu01,0,0.0023596608079969883,-6.046875,0,0.3603334426879883,0,0.03249312981430348,taglish,comment,True,unanimous,3-0,0,0
t1_p7lm414,0,0.011419614776968956,-4.4609375,0,0.6172605752944946,0,0.07560503697765968,tagalog,comment,True,majority,3-0,0,0
t1_p65rlmo,0,0.0006166296661831439,-7.390625,0,0.07914324849843979,0,0.015552670481536295,taglish,comment,True,majority,3-0,0,0
t1_p2y4mmb,0,0.0013885231455788016,-6.578125,0,0.12451767921447754,0,0.02431970994248584,taglish,comment,True,unanimous,3-0,0,0
t1_p2y196r,0,0.001048469333909452,-6.859375,0,0.22863316535949707,0,0.02084258735547194,taglish,comment,True,majority,3-0,0,0
t1_p6x4cbi,1,0.6213111877441406,0.4951171875,1,0.8227447271347046,1,0.5690252060238462,taglish,comment,True,unanimous,3-0,1,1
t1_p2sl5gs,0,0.002082970691844821,-6.171875,0,0.2385091483592987,0,0.030358563117324502,taglish,comment,True,majority,3-0,0,0
t1_p6z5qr1,0,0.00955939944833517,-4.640625,0,0.4911437928676605,0,0.06885175885281816,taglish,comment,True,majority,3-0,0,0
t1_p7adt55,1,0.37937837839126587,-0.4921875,0,0.8173325061798096,1,0.43137806362613246,taglish,comment,True,adjudicator,2-1,1,1
t1_p4e3pc6,0,0.0009850084315985441,-6.921875,0,0.2093583047389984,0,0.02013863485454007,taglish,comment,True,majority,3-0,0,0
t1_p4n5bbj,0,0.008711384609341621,-4.734375,0,0.32625705003738403,0,0.0655540906515723,taglish,comment,True,majority,3-0,0,0
t1_p5zi6km,0,0.000552778597921133,-7.5,0,0.12031514942646027,0,0.014640243318907798,taglish,comment,True,unanimous,3-0,0,0
t1_p5xl909,0,0.035678550601005554,-3.296875,0,0.30740511417388916,0,0.1358366757990518,english,comment,True,majority,3-0,0,0
t1_p4wdp58,1,0.001867565792053938,-6.28125,0,0.17933204770088196,0,0.02860275726348513,english,comment,True,adjudicator,2-1,1,1
t1_p46ija3,0,0.03514484316110611,-3.3125,0,0.773777425289154,0,0.13481058187319245,taglish,comment,True,majority,3-0,0,0
t1_p5j749a,0,0.00178219610825181,-6.328125,0,0.11266829073429108,0,0.027880802061822113,taglish,comment,True,unanimous,3-0,0,0
t1_p7ifa7e,1,0.0019877743907272816,-6.21875,0,0.19487378001213074,0,0.02959364019431563,english,comment,True,adjudicator,2-1,1,1
t1_p5dbobp,0,0.0012255674228072166,-6.703125,0,0.11238560080528259,0,0.022709475558211404,taglish,comment,True,majority,3-0,0,0
t1_p67y1v1,0,0.0013885231455788016,-6.578125,0,0.1382644772529602,0,0.02431970994248584,tagalog,comment,True,adjudicator,2-1,0,1
t1_p79tvkg,1,0.2829881012439728,-0.9296875,0,0.8488386869430542,1,0.3724385661181498,taglish,comment,True,unanimous,3-0,1,1
t1_p50lr03,0,0.035678550601005554,-3.296875,0,0.5403032302856445,0,0.1358366757990518,taglish,comment,True,majority,3-0,0,0
t1_p50kr51,0,0.018689310178160667,-3.9609375,0,0.4504488706588745,0,0.09770392209211286,english,comment,True,majority,3-0,0,0
t1_p7e3jrl,0,0.007011795416474342,-4.953125,0,0.3273197412490845,0,0.058422948549715636,taglish,comment,True,unanimous,3-0,0,0
t1_p5cwz72,0,0.22168752551078796,-1.255859375,0,0.6437661647796631,1,0.3307428361640436,taglish,comment,True,majority,3-0,0,0
t1_p742w7h,0,0.034618839621543884,-3.328125,0,0.6808721423149109,0,0.13379103891782268,taglish,comment,True,majority,3-0,0,0
t1_p7lhn75,0,0.00130450667347759,-6.640625,0,0.13634051382541656,0,0.023501137303335463,taglish,comment,True,majority,3-0,0,0
t1_p3kxp80,0,0.0035380858462303877,-5.640625,0,0.4000398516654968,0,0.04047733513175872,tagalog,comment,True,majority,3-0,0,0
t1_p76m5bt,0,0.9566342234611511,3.09375,1,0.9470632076263428,1,0.8502175666922986,english,comment,True,adjudicator,2-1,0,0
t1_p5bdsnu,0,0.10017221421003342,-2.1953125,0,0.7014047503471375,1,0.22581802451922767,english,comment,True,adjudicator,2-1,0,0
t1_p3ja4pl,0,0.004468384198844433,-5.40625,0,0.2618446350097656,0,0.04590648823794653,taglish,comment,True,majority,3-0,0,0
t1_p4du5ih,0,0.001032231142744422,-6.875,0,0.1187579557299614,0,0.02066437325746141,english,comment,True,majority,3-0,0,0
t1_p4rw6f0,0,0.0010649627074599266,-6.84375,0,0.10251625627279282,0,0.021022305418890413,english,comment,True,adjudicator,2-1,0,1
t1_p4zucjx,0,0.0011879054363816977,-6.734375,0,0.20775574445724487,0,0.02232347216579137,taglish,comment,True,majority,3-0,0,0
t1_p5oyw7y,0,0.0006986756343394518,-7.265625,0,0.07347732037305832,0,0.016664098460613865,taglish,comment,True,majority,3-0,0,0
t1_p5d7uvb,0,0.001367025775834918,-6.59375,0,0.15321536362171173,0,0.024112496932114834,taglish,comment,True,unanimous,3-0,0,0
t1_p7l13ow,0,0.0011695103021338582,-6.75,0,0.13618576526641846,0,0.02213288201198187,taglish,comment,True,majority,3-0,0,0
t1_p6yxi0s,0,0.7752646803855896,1.23828125,1,0.8658527135848999,1,0.6670698054216302,tagalog,comment,True,adjudicator,2-1,0,0
t1_p68h6ho,0,0.000368297885870561,-7.90625,0,0.11096721887588501,0,0.011690344912885125,taglish,comment,True,unanimous,3-0,0,0
t1_p78399m,0,0.0007793660624884069,-7.15625,0,0.13398510217666626,0,0.01770039302206777,english,comment,True,majority,3-0,0,0
t1_p780n2y,0,0.1398656666278839,-1.81640625,0,0.6645433306694031,1,0.2651397031680274,taglish,comment,True,majority,3-0,0,0
t1_p599ncq,0,0.36251771450042725,-0.564453125,0,0.7443472146987915,1,0.42145858806576414,taglish,comment,True,majority,3-0,0,0
t1_p46f6fr,0,0.011158031411468983,-4.484375,0,0.5738062858581543,0,0.07469084511175098,tagalog,comment,True,majority,3-0,0,0
t1_p66pvj1,0,0.0006667023408226669,-7.3125,0,0.07125036418437958,0,0.016238446637162222,english,comment,True,majority,3-0,0,0
t1_p5mred0,1,0.0204885546118021,-3.8671875,0,0.37928494811058044,0,0.1024415730182427,tagalog,comment,True,majority,3-0,1,1
t1_p7dfjf7,0,0.011508148163557053,-4.453125,0,0.2482483834028244,0,0.07591204391995358,tagalog,comment,True,adjudicator,2-1,0,1
t1_p5wvdca,1,0.9690910577774048,3.4453125,1,0.9514724612236023,1,0.8736491454972634,taglish,comment,True,unanimous,3-0,1,1
t1_p76t18e,0,0.0010005043586716056,-6.90625,0,0.10231757164001465,0,0.02031240891044831,taglish,comment,True,majority,3-0,0,0
t1_p5zb1aa,0,0.0012255674228072166,-6.703125,0,0.2286318838596344,0,0.022709475558211404,taglish,comment,True,unanimous,3-0,0,0
t1_p4t4rfj,0,0.0037654140032827854,-5.578125,0,0.1397162526845932,0,0.04186186029469008,taglish,comment,True,unanimous,3-0,0,0
t1_p6zepsz,0,0.015306354500353336,-4.1640625,0,0.20741340517997742,0,0.08810455854521779,english,comment,True,adjudicator,2-1,0,0
t1_p3zsw04,0,0.0005884088459424675,-7.4375,0,0.12458974123001099,0,0.015154970384051948,taglish,comment,True,unanimous,3-0,0,0
t1_p7jxi1w,0,0.03185885399580002,-3.4140625,0,0.6738774180412292,0,0.1282995820570246,tagalog,comment,True,adjudicator,2-1,0,0
t1_p79c6su,0,0.7549149990081787,1.125,1,0.8170906901359558,1,0.6528034182036827,taglish,comment,True,adjudicator,2-1,0,0
t1_p5wsvyx,0,0.18713268637657166,-1.46875,0,0.8137001991271973,1,0.30484994289583006,tagalog,comment,True,adjudicator,2-1,0,0
t1_p2u10do,0,0.001151399570517242,-6.765625,0,0.3309294283390045,0,0.021943882529335074,tagalog,comment,True,adjudicator,2-1,0,0
t1_p3gyo9g,0,0.000552778597921133,-7.5,0,0.07593786716461182,0,0.014640243318907798,taglish,comment,True,majority,3-0,0,0
t1_p5evp5a,1,0.9949396848678589,5.28125,1,0.9518687129020691,1,0.9509210747848829,taglish,comment,True,majority,3-0,1,1
t1_p6s3i12,0,0.9407896995544434,2.765625,1,0.9222537875175476,1,0.825224698151016,tagalog,comment,True,unanimous,3-0,0,0
t1_p79nndi,0,0.017576880753040314,-4.0234375,0,0.29161202907562256,0,0.09465495160918425,taglish,comment,True,adjudicator,2-1,0,0
t1_p6xxs7h,0,0.0025509123224765062,-5.96875,0,0.3560791611671448,0,0.03390015257688779,tagalog,comment,True,adjudicator,2-1,0,1
t1_p2uwcht,0,0.0014779430348426104,-6.515625,0,0.08396732807159424,0,0.02516605964303529,taglish,comment,True,majority,3-0,0,0
t1_p517xa6,1,0.3315524458885193,-0.701171875,0,0.8548363447189331,1,0.40287036237756707,tagalog,comment,True,adjudicator,2-1,1,1
t1_p63l8fh,0,0.0019267346942797303,-6.25,0,0.10773488134145737,0,0.029094106998256004,english,comment,True,adjudicator,2-1,0,0
t1_p796zsd,0,0.020645931363105774,-3.859375,0,0.26966410875320435,0,0.10284543006797023,taglish,comment,True,unanimous,3-0,0,0
t1_p599fek,0,0.00970847625285387,-4.625,0,0.5557230710983276,0,0.06941609501300891,tagalog,comment,True,adjudicator,2-1,0,1
t1_p6rq1jm,0,0.0036499870475381613,-5.609375,0,0.3099903166294098,0,0.041164027024693184,taglish,comment,True,unanimous,3-0,0,0
t1_p685eax,0,0.002082970691844821,-6.171875,0,0.4878970980644226,0,0.030358563117324502,tagalog,comment,True,adjudicator,2-1,0,0
t1_p5cnwp2,1,0.7690802216529846,1.203125,1,0.9021398425102234,1,0.6626734932104488,tagalog,comment,True,adjudicator,3-0,1,1
t1_p467600,0,0.002217013156041503,-6.109375,0,0.2048937976360321,0,0.03140830558159979,tagalog,comment,True,adjudicator,2-1,0,0
t1_p50t6p6,1,0.6078959703445435,0.4384765625,1,0.8450521230697632,1,0.5612130589385043,english,comment,True,adjudicator,2-1,1,1
t1_p30kfxi,1,0.02096424251794815,-3.84375,0,0.7639464139938354,0,0.10365737458102126,tagalog,comment,True,majority,3-0,1,1
t1_p51xptv,0,0.0007672924548387527,-7.171875,0,0.11576250195503235,0,0.01754856467156321,taglish,comment,True,majority,3-0,0,0
t1_p5p2vrj,0,0.00047285438631661236,-7.65625,0,0.05532253906130791,0,0.013427591981258072,taglish,comment,True,majority,3-0,0,0
t1_p77m0e8,0,0.001032231142744422,-6.875,0,0.08647548407316208,0,0.02066437325746141,taglish,comment,True,unanimous,3-0,0,0
t1_p78xgky,0,0.011331754736602306,-4.46875,0,0.45944881439208984,0,0.07529917047428657,taglish,comment,True,majority,3-0,0,0
t1_p7bak1l,0,0.0013885231455788016,-6.578125,0,0.13828860223293304,0,0.02431970994248584,english,comment,True,majority,3-0,0,0
t1_p5mtyx6,0,0.0011879054363816977,-6.734375,0,0.17313739657402039,0,0.02232347216579137,taglish,comment,True,majority,3-0,0,0
t1_p7bel7e,0,0.01353214867413044,-4.2890625,0,0.27281010150909424,0,0.08262872124457442,taglish,comment,True,majority,3-0,0,0
t1_p3ubs81,0,0.002182716503739357,-6.125,0,0.0850164145231247,0,0.03114262290933151,taglish,comment,True,adjudicator,2-1,0,0
t1_p63itkv,0,0.025760557502508163,-3.6328125,0,0.29303714632987976,0,0.1151841818319897,english,comment,True,majority,3-0,0,0
t1_p6578jk,0,0.060086652636528015,-2.75,0,0.52583909034729,0,0.17604368816730945,taglish,comment,True,unanimous,3-0,0,0
t1_p4dnfav,0,0.014172366820275784,-4.2421875,0,0.7891130447387695,0,0.08464489871814775,tagalog,comment,True,adjudicator,2-1,0,0
t1_p5sotw5,0,0.008711384609341621,-4.734375,0,0.18800640106201172,0,0.0655540906515723,taglish,comment,True,majority,3-0,0,0
t1_p6w7t4i,1,0.08151976019144058,-2.421875,0,0.6422809362411499,0,0.20436525049387028,tagalog,comment,True,adjudicator,2-1,1,1
t1_p300zhn,0,0.0014550630003213882,-6.53125,0,0.10390220582485199,0,0.02495181983510568,taglish,comment,True,majority,3-0,0,0
t1_p6r7p20,0,0.013325147330760956,-4.3046875,0,0.28819677233695984,0,0.08196643083458703,tagalog,comment,True,adjudicator,2-1,0,0
t1_p7435vc,0,0.2075357586145401,-1.33984375,0,0.6018648147583008,1,0.32039396734630976,tagalog,comment,True,adjudicator,2-1,0,1
t1_p7j6bsx,1,0.9656413197517395,3.3359375,1,0.9483639001846313,1,0.86671628334748,taglish,comment,True,majority,3-0,1,1
t1_p77trkh,0,0.0015011822106316686,-6.5,0,0.2084968090057373,0,0.025382091058865915,taglish,comment,True,unanimous,3-0,0,0
t1_p4ax4kj,0,0.005730246659368277,-5.15625,0,0.5725318789482117,0,0.05245854405776818,taglish,comment,True,unanimous,3-0,0,0
t1_p7hgig1,0,0.010013570077717304,-4.59375,0,0.2151610106229782,0,0.07055762765579472,taglish,comment,True,majority,3-0,0,0
t1_p40vxa0,0,0.0011695103021338582,-6.75,0,0.3646191358566284,0,0.02213288201198187,tagalog,comment,True,adjudicator,2-1,0,1
t1_p3kdw2q,1,0.0446808747947216,-3.0625,0,0.39062032103538513,0,0.15202966179218097,taglish,comment,True,adjudicator,2-1,1,1
t1_p3hdq1k,0,0.06142404302954674,-2.7265625,0,0.2810198962688446,0,0.17795982232152194,english,comment,True,majority,3-0,0,0
t1_p6q7agm,0,0.004264634568244219,-5.453125,0,0.2540065050125122,0,0.04476790232060008,taglish,comment,True,unanimous,3-0,0,0
t1_p782p63,0,0.004468384198844433,-5.40625,0,0.20308274030685425,0,0.04590648823794653,english,comment,True,majority,3-0,0,0
t1_p77uoky,1,0.010652512311935425,-4.53125,0,0.20300114154815674,0,0.07289288473313968,taglish,comment,True,adjudicator,2-1,1,0
t1_p54nz23,0,0.008315778337419033,-4.78125,0,0.18092375993728638,0,0.06396086741332643,taglish,comment,True,unanimous,3-0,0,0
t1_p743b24,0,0.031143829226493835,-3.4375,0,0.4259284734725952,0,0.12683564972975103,taglish,comment,True,unanimous,3-0,0,0
t1_p5y72o7,0,0.0012065897462889552,-6.71875,0,0.10187312215566635,0,0.02251566573583973,english,comment,True,majority,3-0,0,0
t1_p5xu1jd,0,0.006589771714061499,-5.015625,0,0.5433062314987183,0,0.05652299982418538,tagalog,comment,True,majority,3-0,0,0
t1_p50iukl,0,0.11757213622331619,-2.015625,0,0.64292973279953,1,0.2439339435632676,tagalog,comment,True,adjudicator,3-0,0,0
t1_p3zxck1,0,0.00031999824568629265,-8.046875,0,0.06470927596092224,0,0.01081276877642587,taglish,comment,True,majority,3-0,0,0
t1_p40phsy,0,0.0007321811863221228,-7.21875,0,0.20786170661449432,0,0.017100713773272696,tagalog,comment,True,unanimous,3-0,0,0
t1_p742tbm,0,0.9811668992042542,3.953125,1,0.9463324546813965,1,0.9019088569939097,tagalog,comment,True,adjudicator,3-0,0,1
t1_p6wk3dz,0,0.023509452119469643,-3.7265625,0,0.4703561067581177,0,0.10992939563750247,english,comment,True,adjudicator,2-1,0,1
t1_p742cdq,1,0.954647421836853,3.046875,1,0.9135774970054626,1,0.8468363849792074,english,comment,True,unanimous,3-0,1,1
t1_p6dx5af,1,0.3420218825340271,-0.654296875,0,0.7533698081970215,1,0.4092149433023369,taglish,comment,True,majority,3-0,1,1
t1_p78llri,0,0.0020507436711341143,-6.1875,0,0.1957712173461914,0,0.030101484248787516,tagalog,comment,True,adjudicator,2-1,0,0
t1_p5c5ngm,0,0.0026316740550100803,-5.9375,0,0.15956372022628784,0,0.03447927308211456,english,comment,True,majority,3-0,0,0
t1_p7a55ro,0,0.003123648464679718,-5.765625,0,0.18203411996364594,0,0.03783877631164071,taglish,comment,True,unanimous,3-0,0,0
t1_p72it5y,0,0.0022872276604175568,-6.078125,0,0.16848328709602356,0,0.03194626518022632,taglish,comment,True,majority,3-0,0,0
t1_p6eld8l,0,0.010818448849022388,-4.515625,0,0.20850545167922974,0,0.07348772946012651,english,comment,True,majority,3-0,0,0
t1_p7ib4se,1,0.35801631212234497,-0.583984375,0,0.9051548838615417,1,0.4187881470791979,taglish,comment,True,majority,3-0,1,1
t1_p468emq,0,0.0011335690505802631,-6.78125,0,0.13152235746383667,0,0.02175646106332701,taglish,comment,True,majority,3-0,0,0
t1_p6e1bpi,0,0.0023596608079969883,-6.046875,0,0.5041248798370361,0,0.03249312981430348,taglish,comment,True,unanimous,3-0,0,0
t1_p3ifa43,0,0.0012843081494793296,-6.65625,0,0.1999760866165161,0,0.02330073227477451,taglish,comment,True,unanimous,3-0,0,0
t1_p5ug01j,0,0.007460643537342548,-4.890625,0,0.1424068808555603,0,0.06038267430548501,taglish,comment,True,majority,3-0,0,0
t1_p6rxq8o,1,0.1901218295097351,-1.44921875,0,0.7480575442314148,1,0.30717783070791815,tagalog,comment,True,adjudicator,2-1,1,1
t1_p74metr,0,0.02498779445886612,-3.6640625,0,0.5840564966201782,0,0.11340874545995347,tagalog,comment,True,adjudicator,2-1,0,1
t1_p2ufm58,0,0.0004108485300093889,-7.796875,0,0.062056344002485275,0,0.012421242436335498,english,comment,True,majority,3-0,0,0
t1_p7a4i1w,0,0.010818448849022388,-4.515625,0,0.33288705348968506,0,0.07348772946012651,taglish,comment,True,unanimous,3-0,0,0
t1_p7i91xi,0,0.006003595422953367,-5.109375,0,0.43459105491638184,0,0.05378171419221797,taglish,comment,True,majority,3-0,0,0
t1_p7m2zbp,0,0.08819004148244858,-2.3359375,0,0.8114767074584961,0,0.2123194564597089,tagalog,comment,True,adjudicator,2-1,0,0
t1_p5s23c6,0,0.0023231625091284513,-6.0625,0,0.1731879562139511,0,0.03221857586181331,taglish,comment,True,unanimous,3-0,0,0
t1_p7b5cn0,0,0.3731902539730072,-0.5185546875,0,0.7331675291061401,1,0.4277519748158107,taglish,comment,True,adjudicator,2-1,0,1
t1_p6cnw1j,0,0.02096424251794815,-3.84375,0,0.3217628598213196,0,0.10365737458102126,english,comment,True,majority,3-0,0,0
t1_p7i7oz5,1,0.47037166357040405,-0.11865234375,0,0.7461233139038086,1,0.4833583051220585,tagalog,comment,True,adjudicator,2-1,1,0
t1_p6d602e,0,0.04603390395641327,-3.03125,0,0.7703191041946411,0,0.15430448706265196,taglish,comment,True,majority,3-0,0,0
t1_p3jz6za,0,0.0012448433553799987,-6.6875,0,0.11139519512653351,0,0.022904914560453835,english,comment,True,majority,3-0,0,0
t1_p5cu7wt,0,0.013121269643306732,-4.3203125,0,0.4521166682243347,0,0.08130897835262446,english,comment,True,majority,3-0,0,0
t1_p6e0fce,0,0.004755199886858463,-5.34375,0,0.24519869685173035,0,0.04746753054191497,english,comment,True,majority,3-0,0,0
t1_p5g20k7,0,0.0010649627074599266,-6.84375,0,0.1525215208530426,0,0.021022305418890413,taglish,comment,True,majority,3-0,0,0
t1_p6s66ir,0,0.015189048834145069,-4.171875,0,0.40137046575546265,0,0.08775292459448782,tagalog,comment,True,majority,3-0,0,0
t1_p6s4bxj,1,0.9187722206115723,2.42578125,1,0.9099063873291016,1,0.7959909880778715,taglish,comment,True,adjudicator,2-1,1,1
t1_p5116jv,0,0.005139610730111599,-5.265625,0,0.16992950439453125,0,0.04948980911482951,english,comment,True,adjudicator,2-1,0,1
t1_p51e3p8,0,0.14560064673423767,-1.76953125,0,0.32682445645332336,1,0.27029708123953244,english,comment,True,adjudicator,2-1,0,0
t1_p5c9bva,0,0.001048469333909452,-6.859375,0,0.15112097561359406,0,0.02084258735547194,english,comment,True,unanimous,3-0,0,0
t1_p7kgbw3,0,0.6557770371437073,0.64453125,1,0.8533257842063904,1,0.5894593795838309,tagalog,comment,True,unanimous,3-0,0,0
t1_p74mce8,0,0.14080817997455597,-1.80859375,0,0.6793283820152283,1,0.2659948840998024,taglish,comment,True,unanimous,3-0,0,0
t1_p6n49j6,0,0.0005357805639505386,-7.53125,0,0.1565847098827362,0,0.014389376918514407,taglish,comment,True,majority,3-0,0,0
t1_p7amr7k,0,0.03210070729255676,-3.40625,0,0.4836428165435791,0,0.1287907521041998,taglish,comment,True,adjudicator,2-1,0,0
t1_p6sa3ez,0,0.07211221009492874,-2.5546875,0,0.6668173670768738,0,0.1925119724599428,english,comment,True,unanimous,3-0,0,0
t1_p6d5a9r,0,0.004905405919998884,-5.3125,0,0.44472813606262207,0,0.04826684473726577,taglish,comment,True,majority,3-0,0,0
t1_p6ywmi2,0,0.9686195850372314,3.4296875,1,0.9429543018341064,1,0.8726779660185299,taglish,comment,True,majority,3-0,0,0
t1_p7l1qef,0,0.08151976019144058,-2.421875,0,0.7563416361808777,0,0.20436525049387028,taglish,comment,True,unanimous,3-0,0,0
t1_p5crdbp,0,0.043691061437129974,-3.0859375,0,0.5543750524520874,0,0.15034166189165937,english,comment,True,unanimous,3-0,0,0
t1_p78y5du,0,0.0032224843744188547,-5.734375,0,0.16326208412647247,0,0.038482500701258325,english,comment,True,majority,3-0,0,0
t1_p5owd5p,0,0.0006361912237480283,-7.359375,0,0.10865269601345062,0,0.015823492302052267,english,comment,True,majority,3-0,0,0
t1_p79aq8h,0,0.0037654140032827854,-5.578125,0,0.21092836558818817,0,0.04186186029469008,taglish,comment,True,unanimous,3-0,0,0
t1_p3gjm0x,0,0.0008167380001395941,-7.109375,0,0.10787421464920044,0,0.01816365870743014,taglish,comment,True,majority,3-0,0,0
t1_p6s2ym6,0,0.31615811586380005,-0.771484375,0,0.719083309173584,1,0.39341472954909784,tagalog,comment,True,adjudicator,2-1,0,1
t1_p4klhcp,0,0.0036499870475381613,-5.609375,0,0.16824156045913696,0,0.041164027024693184,english,comment,True,majority,3-0,0,0
t1_p4bbpyq,0,0.004468384198844433,-5.40625,0,0.20451538264751434,0,0.04590648823794653,english,comment,True,majority,3-0,0,0
t1_p7jm0fp,0,0.02096424251794815,-3.84375,0,0.3291415572166443,0,0.10365737458102126,taglish,comment,True,unanimous,3-0,0,0
t1_p6ryi6a,0,0.001081715221516788,-6.828125,0,0.20169124007225037,0,0.02120353956856762,english,comment,True,majority,3-0,0,0
t1_p30lg6j,0,0.0023231625091284513,-6.0625,0,0.26962846517562866,0,0.03221857586181331,english,comment,True,majority,3-0,0,0
t1_p3kjj5w,0,0.0026730059180408716,-5.921875,0,0.39935871958732605,0,0.034772399618271686,english,comment,True,majority,3-0,0,0
t1_p6n8ciw,1,0.6996649503707886,0.845703125,1,0.8996714353561401,1,0.6164801704163989,taglish,comment,True,adjudicator,3-0,1,1
t1_p6x4z3a,0,0.11357959359884262,-2.0546875,0,0.6848902106285095,1,0.2399133962292297,english,comment,True,majority,3-0,0,0
t1_p7k4ywy,0,0.005384938325732946,-5.21875,0,0.1113428920507431,0,0.0507421083497877,english,comment,True,majority,3-0,0,0
t1_p7afqiy,0,0.004538431763648987,-5.390625,0,0.18345031142234802,0,0.04629210575307723,taglish,comment,True,unanimous,3-0,0,0
t1_p6br5ul,0,0.004538431763648987,-5.390625,0,0.5171273946762085,0,0.04629210575307723,taglish,comment,True,unanimous,3-0,0,0
t1_p69t9vn,0,0.0005614788387902081,-7.484375,0,0.08197751641273499,0,0.014767287395490165,taglish,comment,True,majority,3-0,0,0
t1_p3hx9p2,0,0.0029810327105224133,-5.8125,0,0.1385592222213745,0,0.03689255079703776,taglish,comment,True,majority,3-0,0,0
t1_p75odws,0,0.005384938325732946,-5.21875,0,0.27607500553131104,0,0.0507421083497877,taglish,comment,True,unanimous,3-0,0,0
t1_p5tmwe1,0,0.04742587357759476,-3.0,0,0.3812231719493866,0,0.15660706427666654,english,comment,True,unanimous,3-0,0,0
t1_p30o96b,0,0.001622967072762549,-6.421875,0,0.1387101709842682,0,0.02648962118429965,taglish,comment,True,unanimous,3-0,0,0
t1_p5jo7kp,0,0.3515336513519287,-0.6123046875,0,0.7954387068748474,1,0.41492448443993407,tagalog,comment,True,adjudicator,2-1,0,0
t1_p5cweq7,0,0.0006563728675246239,-7.328125,0,0.06074550002813339,0,0.016098952878037195,taglish,comment,True,majority,3-0,0,0
t1_p30l6ra,0,0.4903137981891632,-0.03874969482421875,0,0.8515058755874634,1,0.49456333154534793,tagalog,comment,True,adjudicator,2-1,0,1
t1_p6y003z,0,0.0034834241960197687,-5.65625,0,0.1339692771434784,0,0.04013811663035982,taglish,comment,True,majority,3-0,0,0
t1_p30mdif,0,0.08509904891252518,-2.375,0,0.6972305178642273,0,0.20867616509051215,english,comment,True,adjudicator,2-1,0,1
t1_p7a25ft,0,0.001957016997039318,-6.234375,0,0.1379268765449524,0,0.02934284274043753,taglish,comment,True,unanimous,3-0,0,0
t1_p5143ya,0,0.0019877743907272816,-6.21875,0,0.19544318318367004,0,0.02959364019431563,taglish,comment,True,unanimous,3-0,0,0
t1_p2ypu78,1,0.00172745855525136,-6.359375,0,0.30562564730644226,0,0.027409364507913175,tagalog,comment,True,unanimous,3-0,1,1
t1_p4gft2f,0,0.0020190139766782522,-6.203125,0,0.14171026647090912,0,0.029846515336618872,taglish,comment,True,majority,3-0,0,0
t1_p589aw3,0,0.05665242671966553,-2.8125,0,0.43268513679504395,0,0.17101337441246292,taglish,comment,True,adjudicator,2-1,0,1
t1_p5b1qoc,0,0.01798621006309986,-4.0,0,0.2956412136554718,0,0.09578820210071033,taglish,comment,True,majority,3-0,0,0
t1_p50izq3,0,0.0007793660624884069,-7.15625,0,0.13525837659835815,0,0.01770039302206777,taglish,comment,True,majority,3-0,0,0
t1_p51c7pk,0,0.0035936026833951473,-5.625,0,0.3180115818977356,0,0.040819298548541494,tagalog,comment,True,unanimous,3-0,0,0
t1_p67xo52,1,0.004331502132117748,-5.4375,0,0.3411267399787903,0,0.045144408184000756,tagalog,comment,True,majority,3-0,1,1
t1_p6eswyp,0,0.00857748556882143,-4.75,0,0.2955743074417114,0,0.06501895796981078,taglish,comment,True,unanimous,3-0,0,0
t1_p3kjuid,0,0.13028542697429657,-1.8984375,0,0.495726078748703,1,0.2562670395142933,taglish,comment,True,majority,3-0,0,0
t1_p4gcvtp,0,0.0009110511746257544,-7.0,0,0.0801967978477478,0,0.01929137733050243,taglish,comment,True,majority,3-0,0,0
t1_p7ltirq,1,0.5033950209617615,0.013580322265625,1,0.6504770517349243,1,0.5019054153195378,english,comment,True,adjudicator,2-1,1,1
t1_p58wkah,0,0.007011795416474342,-4.953125,0,0.2437252253293991,0,0.058422948549715636,taglish,comment,True,majority,3-0,0,0
t1_p3pcwwb,0,0.0037654140032827854,-5.578125,0,0.11706376075744629,0,0.04186186029469008,english,comment,True,majority,3-0,0,0
t1_p7i5k42,0,0.0022872276604175568,-6.078125,0,0.16832014918327332,0,0.03194626518022632,taglish,comment,True,unanimous,3-0,0,0
t1_p6x2xeo,1,0.33982762694358826,-0.6640625,0,0.8511759042739868,1,0.4078905847691951,tagalog,comment,True,majority,3-0,1,1
t1_p2y9hhq,0,0.001048469333909452,-6.859375,0,0.19250965118408203,0,0.02084258735547194,tagalog,comment,True,adjudicator,2-1,0,0
t1_p2tp8yk,0,0.4715578258037567,-0.1138916015625,0,0.7612411379814148,1,0.484025563482396,english,comment,True,adjudicator,2-1,0,0
t1_p7ammcj,0,0.012920473702251911,-4.3359375,0,0.3134669065475464,0,0.08065633598390445,taglish,comment,True,majority,3-0,0,0
t1_p517odr,0,0.013020490296185017,-4.328125,0,0.503096878528595,0,0.08098205764106188,taglish,comment,True,unanimous,3-0,0,0
t1_p50stit,0,0.04672495648264885,-3.015625,0,0.3944147825241089,0,0.1554522971658849,english,comment,True,unanimous,3-0,0,0
t1_p73tcqr,0,0.9833430051803589,4.078125,1,0.962582528591156,1,0.9079427174485659,taglish,comment,True,majority,3-0,0,0
t1_p5pbwr5,0,0.0033244371879845858,-5.703125,0,0.11801166832447052,0,0.03913673086889577,english,comment,True,majority,3-0,0,0
t1_p3k99yb,0,0.7405498027801514,1.048828125,1,0.8441336154937744,1,0.6430518631454573,english,comment,True,adjudicator,2-1,0,0
t1_p6epc1a,0,0.03258974477648735,-3.390625,0,0.4691481590270996,0,0.1297778996970913,tagalog,comment,True,adjudicator,2-1,0,0
t1_p5uu9ss,0,0.0019877743907272816,-6.21875,0,0.1034482941031456,0,0.02959364019431563,taglish,comment,True,majority,3-0,0,0
t1_p5yhue3,0,0.0008830457809381187,-7.03125,0,0.0932314395904541,0,0.01896234563117803,taglish,comment,True,majority,3-0,0,0
t1_p7m3twq,0,0.005060331430286169,-5.28125,0,0.1737510859966278,0,0.04907892521511716,english,comment,True,majority,3-0,0,0
t1_p4mv2i7,0,0.0004512105952017009,-7.703125,0,0.06526435911655426,0,0.013083510443272066,taglish,comment,True,unanimous,3-0,0,0
t1_p7bm2ox,0,0.007815889082849026,-4.84375,0,0.26728975772857666,0,0.06189266057309455,tagalog,comment,True,majority,3-0,0,0
t1_p73rln3,0,0.09401018172502518,-2.265625,0,0.8055481910705566,0,0.2189939078096188,taglish,comment,True,unanimous,3-0,0,0
t1_p7a7f2g,0,0.002714985515922308,-5.90625,0,0.13799729943275452,0,0.03506792766728798,taglish,comment,True,unanimous,3-0,0,0
t1_p6yhpaz,0,0.0008969393675215542,-7.015625,0,0.08940592408180237,0,0.019126167739136283,taglish,comment,True,majority,3-0,0,0
t1_p5yh286,0,0.0014550630003213882,-6.53125,0,0.1510402411222458,0,0.02495181983510568,taglish,comment,True,majority,3-0,0,0
t1_p4yma05,0,0.0029349515680223703,-5.828125,0,0.12986673414707184,0,0.036582229051434,english,comment,True,majority,3-0,0,0
t1_p77wrq7,0,0.057918090373277664,-2.7890625,0,0.4139992594718933,0,0.17288624482551115,taglish,comment,True,unanimous,3-0,0,0
t1_p75qvxz,0,0.9795114994049072,3.8671875,1,0.9395027160644531,1,0.8975584269817574,english,comment,True,adjudicator,2-1,0,1
t1_p7jl0bl,0,0.0023231625091284513,-6.0625,0,0.09565194696187973,0,0.03221857586181331,taglish,comment,True,unanimous,3-0,0,0
t1_p79tgdx,0,0.001674399245530367,-6.390625,0,0.09335186332464218,0,0.02694567755022904,taglish,comment,True,majority,3-0,0,0
t1_p5c6ylh,0,0.0037072529084980488,-5.59375,0,0.2432876080274582,0,0.04151154081692565,english,comment,True,majority,3-0,0,0
t1_p5cl6hj,0,0.9130584001541138,2.3515625,1,0.9118682146072388,1,0.7891434097231649,taglish,comment,True,adjudicator,2-1,0,1
t1_p3eruxa,0,0.000503335555549711,-7.59375,0,0.06753255426883698,0,0.013900285645913718,taglish,comment,True,unanimous,3-0,0,0
t1_p7jsvzn,0,0.00857748556882143,-4.75,0,0.22786395251750946,0,0.06501895796981078,taglish,comment,True,unanimous,3-0,0,0
t1_p6avr6a,1,0.00955939944833517,-4.640625,0,0.4250020384788513,0,0.06885175885281816,taglish,comment,True,majority,3-0,1,1
t1_p3merrd,0,0.11201595515012741,-2.0703125,0,0.9026395082473755,1,0.23831793188574782,taglish,comment,True,adjudicator,2-1,0,0
t1_p7jm1cj,0,0.0012644219677895308,-6.671875,0,0.08201649785041809,0,0.02310199576203085,english,comment,True,majority,3-0,0,0
t1_p7dcf6a,0,0.0222861859947443,-3.78125,0,0.34842073917388916,0,0.10696206608917196,taglish,comment,True,adjudicator,2-1,0,1
t1_p4tuflx,0,0.0006563728675246239,-7.328125,0,0.11012057960033417,0,0.016098952878037195,tagalog,comment,True,majority,3-0,0,0
t1_p79yd7y,0,0.006797531619668007,-4.984375,0,0.21924719214439392,0,0.05746560126766683,taglish,comment,True,unanimous,3-0,0,0
t1_p2u0kv1,0,0.0010162440594285727,-6.890625,0,0.09299957007169724,0,0.02048765109133822,taglish,comment,True,majority,3-0,0,0
t1_p69tbzs,1,0.048496000468730927,-2.9765625,0,0.6076768040657043,0,0.15835230001766082,tagalog,comment,True,adjudicator,2-1,1,1
t1_p6mhswo,0,0.0035380858462303877,-5.640625,0,0.35824620723724365,0,0.04047733513175872,taglish,comment,True,unanimous,3-0,0,0
t1_p50i4kx,0,0.005384938325732946,-5.21875,0,0.4469708800315857,0,0.0507421083497877,tagalog,comment,True,adjudicator,3-0,0,0
t1_p5r0ktr,0,0.0014103584690019488,-6.5625,0,0.22771963477134705,0,0.024528658899843167,taglish,comment,True,unanimous,3-0,0,0
t1_p6zg7ae,0,0.000954731716774404,-6.953125,0,0.15592262148857117,0,0.019795444105885653,english,comment,True,majority,3-0,0,0
t1_p7abfqn,0,0.0061929901130497456,-5.078125,0,0.6339578628540039,0,0.05468125029979338,tagalog,comment,True,adjudicator,2-1,0,0
t1_p6gwkw5,0,0.004007288720458746,-5.515625,0,0.20035049319267273,0,0.04329160639553263,taglish,comment,True,majority,3-0,0,0
t1_p77ru5i,0,0.0059110685251653194,-5.125,0,0.328149676322937,0,0.05333719673018011,taglish,comment,True,unanimous,3-0,0,0
t1_p46k54m,0,0.0010162440594285727,-6.890625,0,0.14511188864707947,0,0.02048765109133822,taglish,comment,True,majority,3-0,0,0
t1_p7a4s7r,0,0.0792103260755539,-2.453125,0,0.5862432718276978,0,0.20152827606711135,taglish,comment,True,unanimous,3-0,0,0
t1_p7b6ukd,0,0.06097517907619476,-2.734375,0,0.6654456853866577,0,0.17731930155821943,english,comment,True,unanimous,3-0,0,0
t1_p79vtek,0,0.2639786899089813,-1.025390625,0,0.7555033564567566,1,0.35997306996994966,taglish,comment,True,majority,3-0,0,0
t1_p6f5ipu,0,0.0009110511746257544,-7.0,0,0.09532240033149719,0,0.01929137733050243,english,comment,True,majority,3-0,0,0
t1_p571ubf,0,0.000552778597921133,-7.5,0,0.12064813077449799,0,0.014640243318907798,taglish,comment,True,unanimous,3-0,0,0
t1_p742mvf,0,0.8674854636192322,1.87890625,1,0.9175724387168884,1,0.7416381777669466,taglish,comment,True,unanimous,3-0,0,0
t1_p7cbcu5,0,0.2030746191740036,-1.3671875,0,0.605431318283081,1,0.31706171856605964,english,comment,True,majority,3-0,0,0
t1_p7ad8ct,0,0.012722708284854889,-4.3515625,0,0.24681046605110168,0,0.0800084759519686,english,comment,True,majority,3-0,0,0
t1_p5z9z6z,0,0.0008693673880770802,-7.046875,0,0.14984957873821259,0,0.01879989982083823,taglish,comment,True,adjudicator,3-0,0,0
t1_p6z0lga,0,0.0026316740550100803,-5.9375,0,0.33875560760498047,0,0.03447927308211456,tagalog,comment,True,majority,3-0,0,0
t1_p61jmcu,0,0.0008693673880770802,-7.046875,0,0.094761423766613,0,0.01879989982083823,taglish,comment,True,unanimous,3-0,0,0
t1_p6nuzog,1,0.9525741338729858,3.0,1,0.9042438864707947,1,0.8433929357233334,english,comment,True,majority,3-0,1,1
t1_p300iwt,0,0.0012843081494793296,-6.65625,0,0.13942298293113708,0,0.02330073227477451,taglish,comment,True,majority,3-0,0,0
t1_p6fq1hu,0,0.0009850084315985441,-6.921875,0,0.3231034278869629,0,0.02013863485454007,taglish,comment,True,adjudicator,2-1,0,0
t1_p73qhx0,0,0.1465751975774765,-1.76171875,0,0.5507566332817078,1,0.27116275861592604,taglish,comment,True,adjudicator,2-1,0,0
t1_p75ksdr,0,0.39420098066329956,-0.4296875,0,0.8629035949707031,1,0.440001996118274,tagalog,comment,True,majority,3-0,0,0
t1_p50f9f1,0,0.05582314357161522,-2.828125,0,0.389341801404953,0,0.16977376346526324,english,comment,True,majority,3-0,0,0
t1_p7a163b,0,0.010169658809900284,-4.578125,0,0.30494052171707153,0,0.07113487763926989,tagalog,comment,True,adjudicator,2-1,0,0
t1_p73q9ap,0,0.2674081325531006,-1.0078125,0,0.7757231593132019,1,0.36224910692511847,tagalog,comment,True,adjudicator,2-1,0,0
t1_p5cdkaw,0,0.00482972152531147,-5.328125,0,0.15599274635314941,0,0.04786560306024229,taglish,comment,True,majority,3-0,0,0
t1_p79ibcs,0,0.04401864856481552,-3.078125,0,0.5550178289413452,0,0.1509026078326213,taglish,comment,True,unanimous,3-0,0,0
t1_p6zdg7p,0,0.011158031411468983,-4.484375,0,0.4317619204521179,0,0.07469084511175098,taglish,comment,True,majority,3-0,0,0
t1_p75eglh,0,0.007937993854284286,-4.828125,0,0.5558465123176575,0,0.06240377989960103,taglish,comment,True,majority,3-0,0,0
t1_p7aqfg2,0,0.0017546144081279635,-6.34375,0,0.19946567714214325,0,0.027644106896874285,english,comment,True,unanimous,3-0,0,0
t1_p5csk7w,0,0.032344330102205276,-3.3984375,0,0.6075434684753418,0,0.12928352362245082,tagalog,comment,True,adjudicator,2-1,0,1
t1_p7ki9ed,0,0.002182716503739357,-6.125,0,0.36935269832611084,0,0.03114262290933151,tagalog,comment,True,majority,3-0,0,0
t1_p79b0sj,0,0.0023231625091284513,-6.0625,0,0.14123034477233887,0,0.03221857586181331,taglish,comment,True,majority,3-0,0,0
t1_p4sty57,0,0.15102779865264893,-1.7265625,0,0.754863440990448,1,0.275079780517335,taglish,comment,True,majority,3-0,0,0
t1_p4z4tuk,1,0.3415825068950653,-0.65625,0,0.7544376254081726,1,0.4089499655355263,taglish,comment,True,unanimous,3-0,1,1
t1_p5c2j4s,0,0.008187909610569477,-4.796875,0,0.31625109910964966,0,0.06343785762569767,taglish,comment,True,unanimous,3-0,0,0
t1_p2ultws,0,0.08035747706890106,-2.4375,0,0.7035552859306335,0,0.20294306819892444,taglish,comment,True,unanimous,3-0,0,0
t1_p3h9md9,0,0.0012448433553799987,-6.6875,0,0.11718537658452988,0,0.022904914560453835,english,comment,True,majority,3-0,0,0
t1_p7dwnon,0,0.0025114635936915874,-5.984375,0,0.3610484004020691,0,0.03361412289700238,english,comment,True,adjudicator,3-0,0,0
t1_p4vjm7i,0,0.0036499870475381613,-5.609375,0,0.3741632103919983,0,0.041164027024693184,tagalog,comment,True,adjudicator,2-1,0,0
t1_p510rod,0,0.3849121630191803,-0.46875,0,0.7409203052520752,1,0.4346074539838806,taglish,comment,True,majority,3-0,0,0
t1_p510zrc,0,0.0025909794494509697,-5.953125,0,0.39385682344436646,0,0.03418853003842758,taglish,comment,True,majority,3-0,0,0
t1_p5b339o,0,0.01956867426633835,-3.9140625,0,0.3973817825317383,0,0.1000478246290459,taglish,comment,True,majority,3-0,0,0
t1_p73napw,0,0.015306354500353336,-4.1640625,0,0.2734344005584717,0,0.08810455854521779,english,comment,True,majority,3-0,0,0
t1_p76okyw,0,0.0026316740550100803,-5.9375,0,0.26452142000198364,0,0.03447927308211456,taglish,comment,True,majority,3-0,0,0
t1_p5q0afk,1,0.0014779430348426104,-6.515625,0,0.19381462037563324,0,0.02516605964303529,taglish,comment,True,adjudicator,2-1,1,1
t1_p5auq3e,0,0.08151976019144058,-2.421875,0,0.39748239517211914,0,0.20436525049387028,taglish,comment,True,majority,3-0,0,0
t1_p79pfeh,0,0.0060975621454417706,-5.09375,0,0.16153499484062195,0,0.05422972408507728,english,comment,True,majority,3-0,0,0
t1_p3sc60l,0,0.025565214455127716,-3.640625,0,0.33881115913391113,0,0.11473806914808991,english,comment,True,adjudicator,2-1,0,0
t1_p3qwhkd,0,0.005384938325732946,-5.21875,0,0.2774503231048584,0,0.0507421083497877,english,comment,True,adjudicator,2-1,0,0
t1_p5cqowe,0,0.007011795416474342,-4.953125,0,0.21602466702461243,0,0.058422948549715636,tagalog,comment,True,majority,3-0,0,0
t1_p7klc7o,0,0.9821512699127197,4.0078125,1,0.9586045145988464,1,0.9045908895088318,taglish,comment,True,majority,3-0,0,0
t1_p7k9ypx,0,0.05921025201678276,-2.765625,0,0.7793065905570984,0,0.17477530184898396,tagalog,comment,True,adjudicator,2-1,0,1
t1_p6zmbbn,0,0.023689471185207367,-3.71875,0,0.43397971987724304,0,0.11035914250177101,tagalog,comment,True,adjudicator,2-1,0,0
t1_p655j54,0,0.004468384198844433,-5.40625,0,0.2791132628917694,0,0.04590648823794653,taglish,comment,True,unanimous,3-0,0,0
t1_p58hsl1,0,0.001838665222749114,-6.296875,0,0.0821055993437767,0,0.02836011183776671,taglish,comment,True,adjudicator,2-1,0,1
t1_p7goh43,0,0.0016484829830005765,-6.40625,0,0.1873115748167038,0,0.026716702980587783,taglish,comment,True,unanimous,3-0,0,0
t1_p5etwso,0,0.00130450667347759,-6.640625,0,0.12753155827522278,0,0.023501137303335463,taglish,comment,True,majority,3-0,0,0
t1_p5c7omv,1,0.25312182307243347,-1.08203125,0,0.7384209632873535,1,0.3526823116970676,english,comment,True,majority,3-0,1,1
t1_p5pw7vm,0,0.0013250225456431508,-6.625,0,0.1636735051870346,0,0.023703224145631474,tagalog,comment,True,adjudicator,2-1,0,0
t1_p65l49e,0,0.00628990214318037,-5.0625,0,0.6428295373916626,0,0.055136316831376604,tagalog,comment,True,adjudicator,2-1,0,0
t1_p5z8ue3,0,0.001081715221516788,-6.828125,0,0.1058238297700882,0,0.02120353956856762,taglish,comment,True,majority,3-0,0,0
t1_p5zhwji,0,0.008847354911267757,-4.71875,0,0.35663312673568726,0,0.06609331635272746,taglish,comment,True,unanimous,3-0,0,0
t1_p7bwy13,0,0.0384661927819252,-3.21875,0,0.3588963747024536,0,0.1410662254350857,taglish,comment,True,majority,3-0,0,0
t1_p7b5750,0,0.01384861022233963,-4.265625,0,0.2750278413295746,0,0.08363128890769267,english,comment,True,majority,3-0,0,0
t1_p5s5mjv,0,0.0015731120947748423,-6.453125,0,0.16030274331569672,0,0.026041077014244022,taglish,comment,True,majority,3-0,0,0
t1_p3kqtje,0,0.002115703420713544,-6.15625,0,0.09372241795063019,0,0.030617768234140915,taglish,comment,True,unanimous,3-0,0,0
t1_p5y3rii,0,0.0005792916635982692,-7.453125,0,0.06543264538049698,0,0.015024641904029724,taglish,comment,True,majority,3-0,0,0
t1_p7aui8d,0,0.0034834241960197687,-5.65625,0,0.15397952497005463,0,0.04013811663035982,taglish,comment,True,majority,3-0,0,0
t1_p5ad4jk,0,0.003172682598233223,-5.75,0,0.17190003395080566,0,0.038159334976386884,tagalog,comment,True,adjudicator,2-1,0,0
t1_p7k6fel,0,0.0009850084315985441,-6.921875,0,0.131696879863739,0,0.02013863485454007,taglish,comment,True,majority,3-0,0,0
t1_p7lr7hp,0,0.12210386991500854,-1.97265625,0,0.6776933670043945,1,0.24840896718404104,tagalog,comment,True,majority,3-0,0,0
t1_p65k14a,0,0.0027576221618801355,-5.890625,0,0.5409212112426758,0,0.03536587535984611,tagalog,comment,True,adjudicator,2-1,0,0
t1_p6qnlfh,0,0.029760092496871948,-3.484375,0,0.33002352714538574,0,0.12395060359644215,english,comment,True,unanimous,3-0,0,0
t1_p7er1we,0,0.0025114635936915874,-5.984375,0,0.16868875920772552,0,0.03361412289700238,english,comment,True,majority,3-0,0,0
t1_p5bzxqy,0,0.009268012829124928,-4.671875,0,0.22346219420433044,0,0.06773581365504945,english,comment,True,majority,3-0,0,0
t1_p5843ah,0,0.00407013762742281,-5.5,0,0.12899476289749146,0,0.04365626378776887,english,comment,True,majority,3-0,0,0
t1_p67usuh,0,0.0008295890875160694,-7.09375,0,0.1556975543498993,0,0.0183207095479861,taglish,comment,True,unanimous,3-0,0,0
t1_p64u75y,0,0.0026730059180408716,-5.921875,0,0.08904598653316498,0,0.034772399618271686,taglish,comment,True,unanimous,3-0,0,0
t1_p5y114p,0,0.0006667023408226669,-7.3125,0,0.07116886973381042,0,0.016238446637162222,taglish,comment,True,unanimous,3-0,0,0
t1_p73r9ah,0,0.7826625108718872,1.28125,1,0.9367275238037109,1,0.6724037888059148,tagalog,comment,True,adjudicator,2-1,0,1
t1_p5oeand,0,0.002082970691844821,-6.171875,0,0.0912351906299591,0,0.030358563117324502,english,comment,True,majority,3-0,0,0
t1_p5u1w84,0,0.005641908384859562,-5.171875,0,0.30855780839920044,0,0.05202436159031638,taglish,comment,True,adjudicator,2-1,0,0
t1_p73qywm,1,0.7866228222846985,1.3046875,1,0.9220983386039734,1,0.6752946814442504,english,comment,True,unanimous,3-0,1,1
t1_p5qlj6c,0,0.0038844766095280647,-5.546875,0,0.1314537227153778,0,0.04257099834829676,english,comment,True,majority,3-0,0,0
t1_p7h0ly2,0,0.00214894930832088,-6.140625,0,0.18941240012645721,0,0.030879115996896037,tagalog,comment,True,adjudicator,2-1,0,1
t1_p7fmy61,0,0.9549844264984131,3.0546875,1,0.9340474009513855,1,0.8474042252305273,tagalog,comment,True,adjudicator,2-1,0,1
t1_p7jdf4l,0,0.017576880753040314,-4.0234375,0,0.3278687596321106,0,0.09465495160918425,taglish,comment,True,majority,3-0,0,0
t1_p58va0p,1,0.541166365146637,0.1650390625,1,0.8319491744041443,1,0.5231397191440535,taglish,comment,True,adjudicator,2-1,1,0
t1_p79jg3r,0,0.0020190139766782522,-6.203125,0,0.08198512345552444,0,0.029846515336618872,english,comment,True,majority,3-0,0,0
t1_p7dr495,0,0.002182716503739357,-6.125,0,0.19361285865306854,0,0.03114262290933151,english,comment,True,majority,3-0,0,0
t1_p6xgz2j,1,0.490372896194458,-0.03851318359375,0,0.8179960250854492,1,0.4945965120059,tagalog,comment,True,adjudicator,2-1,1,1
t1_p6rotok,0,0.0020507436711341143,-6.1875,0,0.20056897401809692,0,0.030101484248787516,taglish,comment,True,majority,3-0,0,0
t1_p7k378k,0,0.010169658809900284,-4.578125,0,0.2969329357147217,0,0.07113487763926989,taglish,comment,True,majority,3-0,0,0
t1_p7krwq5,0,0.9559813141822815,3.078125,1,0.952763557434082,1,0.8490973921673787,tagalog,comment,True,adjudicator,2-1,0,0
t1_p7kuxef,0,0.22988080978393555,-1.208984375,0,0.8031324148178101,1,0.33659180621544066,taglish,comment,True,adjudicator,2-1,0,0
t1_p705dn8,0,0.002396730938926339,-6.03125,0,0.15546756982803345,0,0.0327699441846116,tagalog,comment,True,adjudicator,2-1,0,0
t1_p2s2ocq,0,0.0008426423300988972,-7.078125,0,0.08828312158584595,0,0.018479092760439467,taglish,comment,True,unanimous,3-0,0,0
t1_p5ytdtr,0,0.0008426423300988972,-7.078125,0,0.08996369689702988,0,0.018479092760439467,taglish,comment,True,majority,3-0,0,0
t1_p4zgbjx,0,0.013020490296185017,-4.328125,0,0.21891167759895325,0,0.08098205764106188,taglish,comment,True,unanimous,3-0,0,0
t1_p2s2gzc,0,0.0015011822106316686,-6.5,0,0.12791161239147186,0,0.025382091058865915,english,comment,True,adjudicator,2-1,0,0
t1_p514y4d,1,0.024423090741038322,-3.6875,0,0.5389326214790344,0,0.11209287283545291,taglish,comment,True,adjudicator,2-1,1,1
t1_p704rmf,0,0.000503335555549711,-7.59375,0,0.08779611438512802,0,0.013900285645913718,english,comment,True,majority,3-0,0,0
t1_p6zc0tc,0,0.014728614129126072,-4.203125,0,0.5664527416229248,0,0.08635904266642572,tagalog,comment,True,adjudicator,2-1,0,0
t1_p7b71gp,0,0.0032730652019381523,-5.71875,0,0.21300730109214783,0,0.03880829284256241,english,comment,True,majority,3-0,0,0
t1_p6izwa7,0,0.00029595711384899914,-8.125,0,0.09595548361539841,0,0.010353716307902201,taglish,comment,True,unanimous,3-0,0,0
t1_p5yh2b0,0,0.0008295890875160694,-7.09375,0,0.10591763257980347,0,0.0183207095479861,english,comment,True,majority,3-0,0,0
t1_p7kqof7,0,0.00941259041428566,-4.65625,0,0.5474141836166382,0,0.06829167392178001,taglish,comment,True,unanimous,3-0,0,0
t1_p4gftyg,0,0.002396730938926339,-6.03125,0,0.1521778404712677,0,0.0327699441846116,taglish,comment,True,unanimous,3-0,0,0
t1_p7if1i8,0,0.005469274707138538,-5.203125,0,0.20642733573913574,0,0.05116616704566037,english,comment,True,majority,3-0,0,0
t1_p3xs87d,0,0.000552778597921133,-7.5,0,0.08497791737318039,0,0.014640243318907798,english,comment,True,adjudicator,3-0,0,0
t1_p4ne8td,0,0.0036499870475381613,-5.609375,0,0.4875323474407196,0,0.041164027024693184,tagalog,comment,True,adjudicator,2-1,0,0
t1_p6tr1qe,1,0.7490872144699097,1.09375,1,0.8982259631156921,1,0.6488177252833658,tagalog,comment,True,majority,3-0,1,1
t1_p21vsuy,0,0.0009399438858963549,-6.96875,0,0.3331068456172943,0,0.01962600412046412,tagalog,comment,True,adjudicator,2-1,0,0
t1_p75oau8,0,0.008187909610569477,-4.796875,0,0.5613622069358826,0,0.06343785762569767,taglish,comment,True,majority,3-0,0,0
t1_p509nl2,0,0.0009850084315985441,-6.921875,0,0.17848420143127441,0,0.02013863485454007,tagalog,comment,True,majority,3-0,0,0
t1_p3lhab2,0,0.0014550630003213882,-6.53125,0,0.07883194088935852,0,0.02495181983510568,taglish,comment,True,majority,3-0,0,0
t1_p79xxpp,0,0.007232763804495335,-4.921875,0,0.1970711201429367,0,0.05939523969881319,taglish,comment,True,majority,3-0,0,0
t1_p5n1l17,0,0.008315778337419033,-4.78125,0,0.18810860812664032,0,0.06396086741332643,tagalog,comment,True,majority,3-0,0,0
t1_p6xbx7v,0,0.9036349058151245,2.23828125,1,0.9458431601524353,1,0.778370036834764,tagalog,comment,True,adjudicator,2-1,0,0
t1_p7ag9ah,0,0.0020190139766782522,-6.203125,0,0.0905781015753746,0,0.029846515336618872,english,comment,True,majority,3-0,0,0
t1_p72g2r7,0,0.009125636890530586,-4.6875,0,0.4709891676902771,0,0.06718415156459706,english,comment,True,adjudicator,2-1,0,0
t1_p6s43ki,1,0.29624688625335693,-0.865234375,0,0.7663409113883972,1,0.3809314965968974,tagalog,comment,True,adjudicator,2-1,1,0
t1_p7dxekk,0,0.0013250225456431508,-6.625,0,0.2797473073005676,0,0.023703224145631474,taglish,comment,True,majority,3-0,0,0
t1_p33rvfq,0,0.00034599160426296294,-7.96875,0,0.1467795968055725,0,0.01129194201378796,taglish,comment,True,unanimous,3-0,0,0
t1_p7l17c1,0,0.4546537399291992,-0.181884765625,0,0.7832190990447998,1,0.4745022937631955,taglish,comment,True,unanimous,3-0,0,0
t3_1vqo2c3,0,0.004538431763648987,-5.390625,0,0.17377525568008423,0,0.04629210575307723,taglish,submission,True,majority,3-0,0,0
t1_p50hkzl,1,0.9883127808570862,4.4375,1,0.9140653610229492,1,0.9234705071849221,english,comment,True,adjudicator,2-1,1,0
t1_p7klzd9,0,0.00955939944833517,-4.640625,0,0.42574065923690796,0,0.06885175885281816,tagalog,comment,True,adjudicator,2-1,0,1
t1_p4g9xex,0,0.0005792916635982692,-7.453125,0,0.06232914328575134,0,0.015024641904029724,english,comment,True,majority,3-0,0,0
t1_p3kls4p,0,0.0014779430348426104,-6.515625,0,0.07768169045448303,0,0.02516605964303529,english,comment,True,majority,3-0,0,0
t1_p50z82d,1,0.37983837723731995,-0.490234375,0,0.8025741577148438,1,0.43164696065363045,english,comment,True,majority,3-0,1,1
t1_p7547vn,0,0.03358950838446617,-3.359375,0,0.5087889432907104,0,0.13177151088374428,english,comment,True,majority,3-0,0,0
t1_p79o9tm,0,0.0008295890875160694,-7.09375,0,0.08815914392471313,0,0.0183207095479861,english,comment,True,majority,3-0,0,0
t1_p7iqysa,0,0.16451646387577057,-1.625,0,0.4942375123500824,1,0.2865906650977607,taglish,comment,True,adjudicator,2-1,0,0
t1_p3ci3lu,0,0.03384403511881828,-3.3515625,0,0.33120623230934143,0,0.13227395563575836,english,comment,True,unanimous,3-0,0,0
t1_p5rvhz0,1,0.027376487851142883,-3.5703125,0,0.43683958053588867,0,0.11880764935351044,taglish,comment,True,majority,3-0,1,1
t1_p7dwpjn,0,0.10932482779026031,-2.09765625,0,0.6772128343582153,1,0.23554345471940907,taglish,comment,True,adjudicator,2-1,0,1
t1_p6ywjhu,0,0.034358687698841095,-3.3359375,0,0.46905454993247986,0,0.13328371665251992,tagalog,comment,True,unanimous,3-0,0,0
t1_p6shkkc,0,0.7512834072113037,1.10546875,1,0.8781876564025879,1,0.6503148287836368,taglish,comment,True,unanimous,3-0,0,0
t1_p50wfiv,0,0.04401864856481552,-3.078125,0,0.4754929542541504,0,0.1509026078326213,tagalog,comment,True,adjudicator,2-1,0,0
t1_p5bg0nu,0,0.04240382835268974,-3.1171875,0,0.2902437448501587,0,0.14811502637404025,taglish,comment,True,majority,3-0,0,0
t1_p79ehh3,0,0.0020507436711341143,-6.1875,0,0.14229516685009003,0,0.030101484248787516,taglish,comment,True,unanimous,3-0,0,0
t1_p650yjl,0,0.001622967072762549,-6.421875,0,0.09541675448417664,0,0.02648962118429965,taglish,comment,True,unanimous,3-0,0,0
t1_p3mkrdc,0,0.08632347732782364,-2.359375,0,0.4923287034034729,0,0.2101279320434098,taglish,comment,True,adjudicator,2-1,0,0
t1_p6vy67q,0,0.12592275440692902,-1.9375,0,0.6120347380638123,1,0.25211099909879625,taglish,comment,True,majority,3-0,0,0
t1_p7af9a2,0,0.06465348601341248,-2.671875,0,0.3669118881225586,0,0.18249426910314143,english,comment,True,majority,3-0,0,0
t1_p6ylyg8,0,0.0033766122069209814,-5.6875,0,0.10265734791755676,0,0.03946783436124254,english,comment,True,majority,3-0,0,0
t1_p1xs63v,0,0.0006263342220336199,-7.375,0,0.2673432528972626,0,0.015687506298579894,tagalog,comment,True,adjudicator,2-1,0,0
t1_p7b8aam,0,0.028007520362734795,-3.546875,0,0.5700029730796814,0,0.12019167735959185,taglish,comment,True,unanimous,3-0,0,0
t1_p6xv3ng,0,0.10158944875001907,-2.1796875,0,0.7244133949279785,1,0.22735478444358415,taglish,comment,True,adjudicator,2-1,0,0
t1_p3ve88l,0,0.0020190139766782522,-6.203125,0,0.15798014402389526,0,0.029846515336618872,taglish,comment,True,unanimous,3-0,0,0
t1_p5cm593,0,0.006903837900608778,-4.96875,0,0.5602896809577942,0,0.057942419339006214,taglish,comment,True,unanimous,3-0,0,0
t1_p2uyzyj,1,0.0008830457809381187,-7.03125,0,0.10831771790981293,0,0.01896234563117803,tagalog,comment,True,adjudicator,2-1,1,0
t1_p46lrim,0,0.0007096704212017357,-7.25,0,0.10212451219558716,0,0.01680840542233404,taglish,comment,True,majority,3-0,0,0
t1_p583nqj,0,0.6500230431556702,0.619140625,1,0.661816418170929,1,0.5860065772976006,english,comment,True,majority,3-0,0,0
t1_p4vrwks,0,0.010818448849022388,-4.515625,0,0.301444947719574,0,0.07348772946012651,english,comment,True,majority,3-0,0,0
t1_p7la0pf,0,0.1672186702489853,-1.60546875,0,0.708263099193573,1,0.2888370558988211,english,comment,True,majority,3-0,0,0
t1_p5z2jse,0,0.0004512105952017009,-7.703125,0,0.10776682943105698,0,0.013083510443272066,taglish,comment,True,majority,3-0,0,0
t1_p7e0gsf,0,0.0038244836032390594,-5.5625,0,0.18434540927410126,0,0.04221500594017596,taglish,comment,True,unanimous,3-0,0,0
t1_p5efbw8,0,0.0007916296017356217,-7.140625,0,0.07617907226085663,0,0.017853511104284764,english,comment,True,majority,3-0,0,0
t1_p5eq1rz,0,0.07423137128353119,-2.5234375,0,0.6037692427635193,0,0.19525305912339724,taglish,comment,True,majority,3-0,0,0
t1_p788517,0,0.5839152932167053,0.3388671875,1,0.7968991994857788,1,0.5474029024984278,tagalog,comment,True,adjudicator,2-1,0,0
t1_p3lwkjv,1,0.0384661927819252,-3.21875,0,0.40610310435295105,0,0.1410662254350857,taglish,comment,True,adjudicator,2-1,1,0
t1_p7aw2bk,0,0.0037072529084980488,-5.59375,0,0.09131976217031479,0,0.04151154081692565,english,comment,True,majority,3-0,0,0
t1_p6krqpa,0,0.027169233188033104,-3.578125,0,0.5669910907745361,0,0.1183493799509177,taglish,comment,True,unanimous,3-0,0,0
t1_p7dz5rm,0,0.0055549247190356255,-5.1875,0,0.1707143783569336,0,0.051593577040579104,taglish,comment,True,adjudicator,2-1,0,0
t3_1vsq8gw,0,0.1475551873445511,-1.75390625,0,0.7315298914909363,1,0.2720301749128921,tagalog,submission,True,adjudicator,2-1,0,0
t1_p5d93yl,0,0.0032224843744188547,-5.734375,0,0.172979936003685,0,0.038482500701258325,english,comment,True,majority,3-0,0,0
t1_p75gwjv,1,0.1710611879825592,-1.578125,0,0.8489010334014893,1,0.2919994999950376,taglish,comment,True,adjudicator,2-1,1,0
t1_p6ebd8n,1,0.008315778337419033,-4.78125,0,0.36847931146621704,0,0.06396086741332643,taglish,comment,True,majority,3-0,1,1
t1_p6cwcvw,0,0.0008693673880770802,-7.046875,0,0.10849153250455856,0,0.01879989982083823,taglish,comment,True,majority,3-0,0,0
t1_p6s5qic,0,0.4753579795360565,-0.0986480712890625,0,0.8231027126312256,1,0.4861624448861644,english,comment,True,adjudicator,2-1,0,0
t1_p3v4tfh,0,0.0005792916635982692,-7.453125,0,0.04847654700279236,0,0.015024641904029724,taglish,comment,True,majority,3-0,0,0
t1_p6n6i61,0,0.00044421834172680974,-7.71875,0,0.07567934691905975,0,0.01297076131935012,taglish,comment,True,majority,3-0,0,0
t1_p3m3y27,0,0.0035380858462303877,-5.640625,0,0.10005374997854233,0,0.04047733513175872,taglish,comment,True,unanimous,3-0,0,0
t1_p4xmofl,0,0.0034834241960197687,-5.65625,0,0.20666591823101044,0,0.04013811663035982,english,comment,True,majority,3-0,0,0
t1_p7lyg06,0,0.4588336646556854,-0.1650390625,0,0.8703851699829102,1,0.4768602808559465,tagalog,comment,True,unanimous,3-0,0,0
t1_p6zi1ty,0,0.001081715221516788,-6.828125,0,0.20591118931770325,0,0.02120353956856762,taglish,comment,True,majority,3-0,0,0
t1_p7lqcfg,0,0.010328153148293495,-4.5625,0,0.3999696671962738,0,0.07171648585065865,taglish,comment,True,majority,3-0,0,0
t1_p3vrkpf,0,0.0007321811863221228,-7.21875,0,0.15502098202705383,0,0.017100713773272696,taglish,comment,True,majority,3-0,0,0
t1_p7bmd1u,0,0.0025909794494509697,-5.953125,0,0.14732672274112701,0,0.03418853003842758,english,comment,True,unanimous,3-0,0,0
t1_p6doeci,1,0.42823341488838196,-0.2890625,0,0.8413349390029907,1,0.4595310084586167,taglish,comment,True,majority,3-0,1,1
t1_p73s14s,1,0.977022647857666,3.75,1,0.9528834223747253,1,0.891351053659873,taglish,comment,True,majority,3-0,1,1
t1_p2zr4tg,1,0.0029810327105224133,-5.8125,0,0.205489844083786,0,0.03689255079703776,english,comment,True,adjudicator,2-1,1,0
t1_p5rxsc5,0,0.010652512311935425,-4.53125,0,0.13311529159545898,0,0.07289288473313968,english,comment,True,majority,3-0,0,0
t1_p2tsbrl,0,0.010489092208445072,-4.546875,0,0.29826125502586365,0,0.0723024792169979,taglish,comment,True,unanimous,3-0,0,0
t1_p7b8c1i,0,0.0030278346966952085,-5.796875,0,0.16559672355651855,0,0.037205403298071545,english,comment,True,majority,3-0,0,0
t1_p74tjen,0,0.010986942797899246,-4.5,0,0.40104588866233826,0,0.07408704052352968,taglish,comment,True,majority,3-0,0,0
t1_p5s2ufl,0,0.04569203034043312,-3.0390625,0,0.6451091170310974,0,0.15373318498005056,taglish,comment,True,unanimous,3-0,0,0
t1_p7beq6x,0,0.029535338282585144,-3.4921875,0,0.24229542911052704,0,0.12347527629739392,english,comment,True,majority,3-0,0,0
t1_p3vqy0i,0,0.0008830457809381187,-7.03125,0,0.206596240401268,0,0.01896234563117803,taglish,comment,True,majority,3-0,0,0
t1_p5rq1km,0,0.010328153148293495,-4.5625,0,0.13844427466392517,0,0.07171648585065865,taglish,comment,True,unanimous,3-0,0,0
t1_p5rpg8i,0,0.006388320587575436,-5.046875,0,0.2915670573711395,0,0.05559494777820731,taglish,comment,True,majority,3-0,0,0
t1_p30kkmz,0,0.009125636890530586,-4.6875,0,0.4337475895881653,0,0.06718415156459706,english,comment,True,majority,3-0,0,0
t1_p4rcpu8,0,0.49134913086891174,-0.03460693359375,0,0.7588793635368347,1,0.49514453144000187,taglish,comment,True,unanimous,3-0,0,0
t1_p2s699m,0,0.002889581024646759,-5.84375,0,0.46555542945861816,0,0.036274419264536326,taglish,comment,True,unanimous,3-0,0,0
t1_p7awhfy,0,0.06705629080533981,-2.6328125,0,0.41320347785949707,0,0.18578777004629038,english,comment,True,majority,3-0,0,0
t1_p72y08e,0,0.017045317217707634,-4.0546875,0,0.2889059782028198,0,0.09316263293708814,taglish,comment,True,majority,3-0,0,0
t1_p4dyzc9,0,0.0011695103021338582,-6.75,0,0.1467723548412323,0,0.02213288201198187,english,comment,True,majority,3-0,0,0
t1_p7dh66k,0,0.03090895712375641,-3.4453125,0,0.26201385259628296,0,0.12635085450273675,english,comment,True,adjudicator,2-1,0,0
t1_p61w981,0,0.001957016997039318,-6.234375,0,0.24069266021251678,0,0.02934284274043753,taglish,comment,True,majority,3-0,0,0
t1_p5ej66o,0,0.0008426423300988972,-7.078125,0,0.07616814970970154,0,0.018479092760439467,taglish,comment,True,adjudicator,2-1,0,0
t1_p2xq8v7,0,0.011687257327139378,-4.4375,0,0.3008992075920105,0,0.07652949281507797,tagalog,comment,True,adjudicator,2-1,0,0
t1_p2800xg,0,0.0005703156930394471,-7.46875,0,0.14646194875240326,0,0.014895417260747255,taglish,comment,True,unanimous,3-0,0,0
t1_p6rz9ma,0,0.0035380858462303877,-5.640625,0,0.2689225971698761,0,0.04047733513175872,taglish,comment,True,majority,3-0,0,0
t1_p6s1uy8,0,0.0011879054363816977,-6.734375,0,0.18700270354747772,0,0.02232347216579137,taglish,comment,True,majority,3-0,0,0
t1_p5z07j5,0,0.07263670861721039,-2.546875,0,0.5803500413894653,0,0.1931944851928733,english,comment,True,adjudicator,2-1,0,0
t1_p45l9bf,0,0.0007096704212017357,-7.25,0,0.14986777305603027,0,0.01680840542233404,english,comment,True,majority,3-0,0,0
t1_p5l09b4,0,0.01652955636382103,-4.0859375,0,0.679948091506958,0,0.09169145914485885,tagalog,comment,True,adjudicator,2-1,0,0
t1_p6xfvzn,0,0.6524628400802612,0.6298828125,1,0.8147580027580261,1,0.5874684309044694,taglish,comment,True,unanimous,3-0,0,0
t3_1vt7zux,0,0.0008830457809381187,-7.03125,0,0.15022246539592743,0,0.01896234563117803,taglish,submission,True,majority,3-0,0,0
t1_p6s5tag,0,0.02931223064661026,-3.5,0,0.5373483896255493,0,0.12300151586076673,taglish,comment,True,adjudicator,2-1,0,0
t1_p6rxtds,0,0.0024726232513785362,-6.0,0,0.25315791368484497,0,0.033330423307864405,taglish,comment,True,majority,3-0,0,0
t1_p5r8a6g,0,0.0011160142021253705,-6.796875,0,0.12345029413700104,0,0.021570605049528634,taglish,comment,True,majority,3-0,0,0
t1_p5b1r09,0,0.001524786464869976,-6.484375,0,0.17214027047157288,0,0.0255999282397834,taglish,comment,True,unanimous,3-0,0,0
t1_p4u40p6,0,0.0006462032324634492,-7.34375,0,0.1564408540725708,0,0.015960637976263764,taglish,comment,True,majority,3-0,0,0
t1_p39w3n5,0,0.0039454069919884205,-5.53125,0,0.25018414855003357,0,0.042929858226661524,english,comment,True,majority,3-0,0,0
t1_p7kz1kh,0,0.000954731716774404,-6.953125,0,0.06974978744983673,0,0.019795444105885653,english,comment,True,unanimous,3-0,0,0
t1_p73t8s1,0,0.013636835850775242,-4.28125,0,0.4939790666103363,0,0.08296168937462702,tagalog,comment,True,adjudicator,2-1,0,0
t1_p6fqn4g,0,0.0004108485300093889,-7.796875,0,0.14282624423503876,0,0.012421242436335498,taglish,comment,True,unanimous,3-0,0,0
t1_p2y64j1,0,0.0004108485300093889,-7.796875,0,0.07324684411287308,0,0.012421242436335498,taglish,comment,True,majority,3-0,0,0
t1_p5cz1pl,1,0.00628990214318037,-5.0625,0,0.3511052131652832,0,0.055136316831376604,taglish,comment,True,majority,3-0,1,1
t1_p5xzcvn,0,0.06052939593791962,-2.7421875,0,0.4183775782585144,0,0.1766805906890954,taglish,comment,True,unanimous,3-0,0,0
t1_p6x7ge1,0,0.037326887249946594,-3.25,0,0.419170618057251,0,0.13895449744469376,taglish,comment,True,majority,3-0,0,0
t1_p5p0mea,0,0.0003101559996139258,-8.078125,0,0.04099594056606293,0,0.010626780360916532,taglish,comment,True,unanimous,3-0,0,0
t1_p74pu6f,0,0.10743748396635056,-2.1171875,0,0.6473485231399536,1,0.23357541398497217,taglish,comment,True,adjudicator,2-1,0,1
t1_p7mqnx2,0,0.0005976693355478346,-7.421875,0,0.0828431025147438,0,0.015286411829338264,english,comment,True,majority,3-0,0,0
t1_p7c6v15,0,0.001957016997039318,-6.234375,0,0.12396316975355148,0,0.02934284274043753,english,comment,True,majority,3-0,0,0
t1_p5rxwkl,0,0.001867565792053938,-6.28125,0,0.1186905950307846,0,0.02860275726348513,english,comment,True,majority,3-0,0,0
t1_p4x1g48,0,0.002082970691844821,-6.171875,0,0.1724228709936142,0,0.030358563117324502,taglish,comment,True,majority,3-0,0,0
t1_p5b0oru,0,0.0016484829830005765,-6.40625,0,0.1509256511926651,0,0.026716702980587783,taglish,comment,True,majority,3-0,0,0
t1_p4u98p5,0,0.026355354115366936,-3.609375,0,0.2197851985692978,0,0.11653158101715429,taglish,comment,True,majority,3-0,0,0
t1_p3zzaks,0,0.00178219610825181,-6.328125,0,0.07448476552963257,0,0.027880802061822113,taglish,comment,True,majority,3-0,0,0
t1_p58xvb4,0,0.02909075655043125,-3.5078125,0,0.4013791084289551,0,0.12252931908333224,english,comment,True,majority,3-0,0,0
t1_p4n6x5q,1,0.06954174488782883,-2.59375,0,0.8355070352554321,0,0.18912695845355249,taglish,comment,True,majority,3-0,1,1
t1_p79tteg,1,0.0006263342220336199,-7.375,0,0.09086096286773682,0,0.015687506298579894,tagalog,comment,True,unanimous,3-0,1,1
t1_p5ru3xv,0,0.028007520362734795,-3.546875,0,0.25010061264038086,0,0.12019167735959185,taglish,comment,True,unanimous,3-0,0,0
t1_p7b7nir,0,0.007232763804495335,-4.921875,0,0.23203015327453613,0,0.05939523969881319,taglish,comment,True,adjudicator,2-1,0,0
t1_p6kehs9,0,0.0020190139766782522,-6.203125,0,0.4361710548400879,0,0.029846515336618872,taglish,comment,True,majority,3-0,0,0
t1_p6yeybg,0,0.004468384198844433,-5.40625,0,0.22738425433635712,0,0.04590648823794653,taglish,comment,True,majority,3-0,0,0
t3_1vq1qpn,0,0.0009253848693333566,-6.984375,0,0.2988883852958679,0,0.019457985673742222,tagalog,submission,True,adjudicator,2-1,0,0
t1_p4ww4f9,0,0.0026730059180408716,-5.921875,0,0.18068170547485352,0,0.034772399618271686,taglish,comment,True,majority,3-0,0,0
t1_p3vbu17,0,0.00048029719619080424,-7.640625,0,0.10086901485919952,0,0.013544257641798802,taglish,comment,True,adjudicator,2-1,0,0
t1_p60c9w7,0,0.0005792916635982692,-7.453125,0,0.04564112052321434,0,0.015024641904029724,taglish,comment,True,unanimous,3-0,0,0
t1_p75ukud,0,0.9867772459983826,4.3125,1,0.9285289645195007,1,0.9183628984081013,english,comment,True,adjudicator,2-1,0,0
t1_p4jun35,0,0.0005884088459424675,-7.4375,0,0.10331593453884125,0,0.015154970384051948,taglish,comment,True,adjudicator,3-0,0,0
t1_p6x95ss,0,0.4160846769809723,-0.3388671875,0,0.8262618780136108,1,0.4525970975015722,tagalog,comment,True,unanimous,3-0,0,0
t1_p6zeur1,0,0.0007321811863221228,-7.21875,0,0.181860089302063,0,0.017100713773272696,tagalog,comment,True,unanimous,3-0,0,0
t1_p6yyoyd,0,0.001524786464869976,-6.484375,0,0.1379750370979309,0,0.0255999282397834,taglish,comment,True,majority,3-0,0,0
t1_p7mqvy7,0,0.0028449094388633966,-5.859375,0,0.21880607306957245,0,0.03596910275109087,taglish,comment,True,majority,3-0,0,0
t1_p7442sg,0,0.49389681220054626,-0.0244140625,0,0.7889376878738403,1,0.49657457126632015,tagalog,comment,True,adjudicator,2-1,0,1
t1_p5i6d5s,1,0.0015011822106316686,-6.5,0,0.31335023045539856,0,0.025382091058865915,taglish,comment,True,adjudicator,2-1,1,1
t1_p7hqyna,0,0.000503335555549711,-7.59375,0,0.04615701362490654,0,0.013900285645913718,english,comment,True,majority,3-0,0,0
t1_p7dr1ta,0,0.09138210862874985,-2.296875,0,0.5346170663833618,0,0.21600899298972318,taglish,comment,True,majority,3-0,0,0
t1_p6s4vy1,0,0.0024726232513785362,-6.0,0,0.19436106085777283,0,0.033330423307864405,taglish,comment,True,unanimous,3-0,0,0
t1_p6z1fep,0,0.00130450667347759,-6.640625,0,0.373390257358551,0,0.023501137303335463,taglish,comment,True,majority,3-0,0,0
t1_p5depxp,0,0.08035747706890106,-2.4375,0,0.7131518721580505,0,0.20294306819892444,taglish,comment,True,majority,3-0,0,0
t1_p4st9rn,0,0.9934101700782776,5.015625,1,0.9585704803466797,1,0.9434770001758146,taglish,comment,True,majority,3-0,0,0
t1_p4ztq57,0,0.00172745855525136,-6.359375,0,0.1770711988210678,0,0.027409364507913175,english,comment,True,adjudicator,2-1,0,0
t1_p7jpiid,0,0.005060331430286169,-5.28125,0,0.19033920764923096,0,0.04907892521511716,tagalog,comment,True,adjudicator,2-1,0,0
t1_p5rboo5,0,0.0011879054363816977,-6.734375,0,0.1374703198671341,0,0.02232347216579137,english,comment,True,majority,3-0,0,0
t1_p7aqx6b,0,0.005730246659368277,-5.15625,0,0.2597024142742157,0,0.05245854405776818,taglish,comment,True,adjudicator,2-1,0,0
t1_p5cl3xm,0,0.006797531619668007,-4.984375,0,0.5651425123214722,0,0.05746560126766683,taglish,comment,True,adjudicator,2-1,0,0
t1_p75u8oa,0,0.35801631212234497,-0.583984375,0,0.5264481902122498,1,0.4187881470791979,taglish,comment,True,unanimous,3-0,0,0
t1_p77t2it,0,0.001622967072762549,-6.421875,0,0.11187730729579926,0,0.02648962118429965,taglish,comment,True,unanimous,3-0,0,0
t1_p2uhq0y,1,0.09138210862874985,-2.296875,0,0.477128267288208,0,0.21600899298972318,english,comment,True,majority,3-0,1,1
t1_p5dkuua,0,0.7283620238304138,0.986328125,1,0.8558776378631592,1,0.6349606665190077,english,comment,True,adjudicator,2-1,0,1
t1_p5dloov,0,0.004198795650154352,-5.46875,0,0.20826402306556702,0,0.04439439053631127,english,comment,True,majority,3-0,0,0
t1_p6y3nji,0,0.006003595422953367,-5.109375,0,0.16203555464744568,0,0.05378171419221797,english,comment,True,majority,3-0,0,0
t1_p3v75o1,0,0.0006361912237480283,-7.359375,0,0.13301369547843933,0,0.015823492302052267,taglish,comment,True,adjudicator,2-1,0,1
t1_p225yow,0,0.001674399245530367,-6.390625,0,0.2690316438674927,0,0.02694567755022904,taglish,comment,True,majority,3-0,0,0
t1_p7l5tem,0,0.0034834241960197687,-5.65625,0,0.3964921236038208,0,0.04013811663035982,taglish,comment,True,majority,3-0,0,0
t1_p7ku363,0,0.004681822843849659,-5.359375,0,0.40904682874679565,0,0.04707260490830975,taglish,comment,True,adjudicator,2-1,0,0
t1_p6819md,0,0.6619228720664978,0.671875,1,0.8767809271812439,1,0.5931679406512932,english,comment,True,adjudicator,2-1,0,1
t1_p5c7gzl,0,0.005819959565997124,-5.140625,0,0.1844925880432129,0,0.05289614791248486,taglish,comment,True,majority,3-0,0,0
t1_p3vgugz,0,0.0006878511630930007,-7.28125,0,0.052858274430036545,0,0.016521009614192568,taglish,comment,True,majority,3-0,0,0
t1_p79zm51,0,0.11636175215244293,-2.02734375,0,0.5151631832122803,1,0.24272300368217503,tagalog,comment,True,adjudicator,2-1,0,0
t1_p7km0h3,0,0.005469274707138538,-5.203125,0,0.3998053967952728,0,0.05116616704566037,taglish,comment,True,majority,3-0,0,0
t1_p5tokt2,0,0.0014779430348426104,-6.515625,0,0.0738070160150528,0,0.02516605964303529,english,comment,True,majority,3-0,0,0
t1_p7al2wt,0,0.00806199200451374,-4.8125,0,0.2184343785047531,0,0.06291883703398546,taglish,comment,True,unanimous,3-0,0,0
t1_p6khn4l,0,0.0008167380001395941,-7.109375,0,0.21141815185546875,0,0.01816365870743014,taglish,comment,True,majority,3-0,0,0
t1_p6hm98v,0,0.0006462032324634492,-7.34375,0,0.19842860102653503,0,0.015960637976263764,taglish,comment,True,majority,3-0,0,0
t1_p6zpuu5,0,0.0017007224960252643,-6.375,0,0.09218156337738037,0,0.027176559742674317,taglish,comment,True,unanimous,3-0,0,0
t1_p5qcx9f,0,0.0030753696337342262,-5.78125,0,0.17891165614128113,0,0.03752080546289194,english,comment,True,majority,3-0,0,0
t1_p5jiql7,0,0.0025114635936915874,-5.984375,0,0.07393299788236618,0,0.03361412289700238,english,comment,True,majority,3-0,0,0
t3_1vmdwmg,0,0.0015731120947748423,-6.453125,0,0.18981920182704926,0,0.026041077014244022,taglish,submission,True,unanimous,3-0,0,0
t1_p5d00ch,0,0.001622967072762549,-6.421875,0,0.16092205047607422,0,0.02648962118429965,taglish,comment,True,unanimous,3-0,0,0
t1_p4x4fwa,0,0.017712298780679703,-4.015625,0,0.2697070240974426,0,0.09503136149672736,taglish,comment,True,majority,3-0,0,0
t1_p5bi02g,0,0.002217013156041503,-6.109375,0,0.30149704217910767,0,0.03140830558159979,taglish,comment,True,majority,3-0,0,0
t1_p7d8a3e,0,0.0019877743907272816,-6.21875,0,0.09766775369644165,0,0.02959364019431563,taglish,comment,True,majority,3-0,0,0
t1_p7ldn0g,0,0.0028449094388633966,-5.859375,0,0.3465852737426758,0,0.03596910275109087,taglish,comment,True,unanimous,3-0,0,0
t1_p4er23j,0,0.00178219610825181,-6.328125,0,0.25246188044548035,0,0.027880802061822113,english,comment,True,majority,3-0,0,0
t1_p5pdlh3,0,0.0005703156930394471,-7.46875,0,0.0703965574502945,0,0.014895417260747255,taglish,comment,True,unanimous,3-0,0,0
t1_p46fpdb,0,0.001367025775834918,-6.59375,0,0.23998793959617615,0,0.024112496932114834,taglish,comment,True,unanimous,3-0,0,0
t1_p78lkl6,0,0.001048469333909452,-6.859375,0,0.17756390571594238,0,0.02084258735547194,tagalog,comment,True,majority,3-0,0,0
t1_p773hqh,0,0.20946967601776123,-1.328125,0,0.7102645635604858,1,0.32182772669902193,tagalog,comment,True,adjudicator,2-1,0,0
t1_p7i4e8q,0,0.0008167380001395941,-7.109375,0,0.18494050204753876,0,0.01816365870743014,english,comment,True,majority,3-0,0,0
t1_p7b6jol,0,0.2030746191740036,-1.3671875,0,0.7243263125419617,1,0.31706171856605964,taglish,comment,True,majority,3-0,0,0
t1_p7n1l39,0,0.001081715221516788,-6.828125,0,0.13222768902778625,0,0.02120353956856762,taglish,comment,True,majority,3-0,0,0
t1_p79o2hr,0,0.0014550630003213882,-6.53125,0,0.20082812011241913,0,0.02495181983510568,tagalog,comment,True,adjudicator,2-1,0,0
t1_p5djfgh,1,0.6304574012756348,0.5341796875,1,0.8705860376358032,1,0.5743931875855044,taglish,comment,True,adjudicator,2-1,1,0
t1_p50iuzs,0,0.049958519637584686,-2.9453125,0,0.7467638254165649,0,0.16070380184178343,english,comment,True,majority,3-0,0,0
t1_p50sr4b,0,0.056236349046230316,-2.8203125,0,0.6699782609939575,0,0.17039267319618037,taglish,comment,True,adjudicator,2-1,0,0
t1_p77sbcd,0,0.014957086183130741,-4.1875,0,0.5141459703445435,0,0.0870534598664823,english,comment,True,majority,3-0,0,0
t1_p4g9s91,0,0.0010005043586716056,-6.90625,0,0.1887173354625702,0,0.02031240891044831,taglish,comment,True,majority,3-0,0,0
t1_p5i91xr,1,0.0008040859247557819,-7.125,0,0.2262926548719406,0,0.018007929459370124,taglish,comment,True,unanimous,3-0,1,1
t1_p3mefhu,0,0.002217013156041503,-6.109375,0,0.24652300775051117,0,0.03140830558159979,taglish,comment,True,unanimous,3-0,0,0
t1_p3fq6qy,0,0.06754669547080994,-2.625,0,0.5088133811950684,0,0.18645194804866297,taglish,comment,True,majority,3-0,0,0
t1_p50rx3u,0,0.6706082820892334,0.7109375,1,0.8451098203659058,1,0.5984474192258589,tagalog,comment,True,majority,3-0,0,0
t1_p6x6xq3,0,0.04535258188843727,-3.046875,0,0.6613779067993164,0,0.15316361502079268,taglish,comment,True,majority,3-0,0,0
t1_p6eni46,0,0.0012448433553799987,-6.6875,0,0.25978320837020874,0,0.022904914560453835,taglish,comment,True,majority,3-0,0,0
t1_p3c49lt,0,0.004133968148380518,-5.484375,0,0.2392101287841797,0,0.044023851448754196,tagalog,comment,True,majority,3-0,0,0
t1_p7jslnr,0,0.007232763804495335,-4.921875,0,0.40960246324539185,0,0.05939523969881319,english,comment,True,adjudicator,2-1,0,1
t1_p4q8v9j,0,0.7209580540657043,0.94921875,1,0.8136621713638306,1,0.6301198514142088,english,comment,True,adjudicator,2-1,0,1
t1_p3nxpy9,0,0.0007672924548387527,-7.171875,0,0.0737791657447815,0,0.01754856467156321,taglish,comment,True,unanimous,3-0,0,0
t1_p6lwczc,0,0.0007321811863221228,-7.21875,0,0.16340169310569763,0,0.017100713773272696,taglish,comment,True,unanimous,3-0,0,0
t1_p72ai81,0,0.0007321811863221228,-7.21875,0,0.07398927211761475,0,0.017100713773272696,english,comment,True,majority,3-0,0,0
t1_p6z63wn,0,0.001597845577634871,-6.4375,0,0.12618307769298553,0,0.02626441741204824,english,comment,True,majority,3-0,0,0
t1_p4xaq6j,0,0.00130450667347759,-6.640625,0,0.23508428037166595,0,0.023501137303335463,taglish,comment,True,unanimous,3-0,0,0
t1_p651rju,0,0.0006462032324634492,-7.34375,0,0.09824749082326889,0,0.015960637976263764,taglish,comment,True,adjudicator,2-1,0,0
t1_p2e6wb4,0,0.000487857119878754,-7.625,0,0.04445420205593109,0,0.013661922915283571,taglish,comment,True,majority,3-0,0,0
t1_p6nhkp4,1,0.0006771942717023194,-7.296875,0,0.22571086883544922,0,0.01637912895685063,taglish,comment,True,adjudicator,2-1,1,0
t1_p6x6bxk,0,0.09170696139335632,-2.29296875,0,0.6496062278747559,0,0.21638048965390497,tagalog,comment,True,adjudicator,2-1,0,1
t1_p6x58aq,0,0.08093671500682831,-2.4296875,0,0.5257192254066467,0,0.2036532353793832,english,comment,True,majority,3-0,0,0
t1_p3gudyz,0,0.007011795416474342,-4.953125,0,0.1531386375427246,0,0.058422948549715636,tagalog,comment,True,majority,3-0,0,0
t1_p46j4uw,0,0.0012644219677895308,-6.671875,0,0.09425320476293564,0,0.02310199576203085,taglish,comment,True,unanimous,3-0,0,0
t1_p5er79z,0,0.02161533385515213,-3.8125,0,0.3460039794445038,0,0.10529828232422496,taglish,comment,True,unanimous,3-0,0,0
t1_p7k5sks,0,0.0012843081494793296,-6.65625,0,0.16332975029945374,0,0.02330073227477451,taglish,comment,True,majority,3-0,0,0
t1_p796743,1,0.001367025775834918,-6.59375,0,0.2537977993488312,0,0.024112496932114834,taglish,comment,True,adjudicator,2-1,1,1
t1_p7aqqfj,0,0.0010005043586716056,-6.90625,0,0.1704852432012558,0,0.02031240891044831,tagalog,comment,True,majority,3-0,0,0
t1_p4x6d9i,0,0.001098731067031622,-6.8125,0,0.1687718629837036,0,0.021386302013147354,tagalog,comment,True,adjudicator,2-1,0,0
t1_p6cd5mu,0,0.0006166296661831439,-7.390625,0,0.06419375538825989,0,0.015552670481536295,english,comment,True,majority,3-0,0,0
t1_p77oxz9,0,0.06560484319925308,-2.65625,0,0.5301008224487305,0,0.18380619657713382,english,comment,True,adjudicator,2-1,0,1
t1_p6n9ar5,0,0.00048029719619080424,-7.640625,0,0.18432573974132538,0,0.013544257641798802,taglish,comment,True,majority,3-0,0,0
t1_p6d2xv7,0,0.000503335555549711,-7.59375,0,0.08167613297700882,0,0.013900285645913718,taglish,comment,True,majority,3-0,0,0
t1_p30ncdf,1,0.08977328985929489,-2.31640625,0,0.6315883994102478,0,0.2141584446354434,taglish,comment,True,adjudicator,2-1,1,1
t1_p76e2rw,0,0.037326887249946594,-3.25,0,0.5257422924041748,0,0.13895449744469376,english,comment,True,majority,3-0,0,0
t1_p60ltlu,0,0.0026316740550100803,-5.9375,0,0.16696685552597046,0,0.03447927308211456,english,comment,True,majority,3-0,0,0
t1_p4tdnbr,0,0.0007208379684016109,-7.234375,0,0.14388145506381989,0,0.016953940500825382,taglish,comment,True,unanimous,3-0,0,0
t1_p5898ke,0,0.07159119844436646,-2.5625,0,0.43363553285598755,0,0.1918312975972336,taglish,comment,True,adjudicator,2-1,0,0
t1_p5eq471,0,0.10087861120700836,-2.1875,0,0.6100902557373047,1,0.2265854833351209,tagalog,comment,True,adjudicator,2-1,0,0
t1_p7518kr,1,0.0019267346942797303,-6.25,0,0.20174521207809448,0,0.029094106998256004,tagalog,comment,True,majority,3-0,1,1
t1_p6l4u59,0,0.0007437028689309955,-7.203125,0,0.07139338552951813,0,0.017248735393033843,taglish,comment,True,majority,3-0,0,0
t1_p3imb72,0,0.007577240467071533,-4.875,0,0.2203851044178009,0,0.06088213319794229,taglish,comment,True,majority,3-0,0,0
t1_p5z1onc,0,0.27318641543388367,-0.978515625,0,0.7379345893859863,1,0.3660562248486229,taglish,comment,True,unanimous,3-0,0,0
t1_p73q478,0,0.954647421836853,3.046875,1,0.9179153442382812,1,0.8468363849792074,english,comment,True,adjudicator,2-1,0,0
t1_p788ar1,0,0.002251847181469202,-6.09375,0,0.0925614982843399,0,0.03167618073058643,english,comment,True,majority,3-0,0,0
t1_p75gz21,1,0.0059110685251653194,-5.125,0,0.36694011092185974,0,0.05333719673018011,taglish,comment,True,adjudicator,2-1,1,1
t1_p6fpm8n,0,0.000437334441812709,-7.734375,0,0.0918283462524414,0,0.012858971168173106,taglish,comment,True,unanimous,3-0,0,0
t1_p60w4q8,0,0.0004512105952017009,-7.703125,0,0.03375694900751114,0,0.013083510443272066,taglish,comment,True,unanimous,3-0,0,0
t1_p749kpc,0,0.0017546144081279635,-6.34375,0,0.33750849962234497,0,0.027644106896874285,tagalog,comment,True,adjudicator,2-1,0,0
t1_p76ojbn,0,0.0004108485300093889,-7.796875,0,0.05720886215567589,0,0.012421242436335498,english,comment,True,majority,3-0,0,0
t1_p3z7hln,0,0.00048029719619080424,-7.640625,0,0.06141282245516777,0,0.013544257641798802,tagalog,comment,True,unanimous,3-0,0,0
t1_p6p30dx,0,0.03090895712375641,-3.4453125,0,0.5454832911491394,0,0.12635085450273675,english,comment,True,unanimous,3-0,0,0
t1_p6dhcd8,0,0.011331754736602306,-4.46875,0,0.36405131220817566,0,0.07529917047428657,taglish,comment,True,adjudicator,2-1,0,1
t1_p6xe1ts,0,0.06903792917728424,-2.6015625,0,0.6482754349708557,0,0.18845545888181314,english,comment,True,majority,3-0,0,0
t1_p5jc4ju,0,0.005060331430286169,-5.28125,0,0.23251692950725555,0,0.04907892521511716,english,comment,True,adjudicator,2-1,0,0
t1_p5izqx9,0,0.0006166296661831439,-7.390625,0,0.09845530986785889,0,0.015552670481536295,taglish,comment,True,majority,3-0,0,0
t1_p6eids9,0,0.0005193048855289817,-7.5625,0,0.08359341323375702,0,0.014142747515159343,taglish,comment,True,majority,3-0,0,0
t1_p4gw8oy,0,0.0009850084315985441,-6.921875,0,0.08648457378149033,0,0.02013863485454007,taglish,comment,True,unanimous,3-0,0,0
t1_p6rx9j3,0,0.027585282921791077,-3.5625,0,0.4626336693763733,0,0.1192674532053117,english,comment,True,majority,3-0,0,0
t1_p6gv4u5,0,0.0007437028689309955,-7.203125,0,0.17754243314266205,0,0.017248735393033843,english,comment,True,majority,3-0,0,0
t1_p661azn,1,0.12168575078248978,-1.9765625,0,0.8799180388450623,1,0.2479998846716581,english,comment,True,majority,3-0,1,1
t1_p2xa3p1,0,0.010818448849022388,-4.515625,0,0.5135542154312134,0,0.07348772946012651,english,comment,True,majority,3-0,0,0
t1_p4z2m20,0,0.0014325366355478764,-6.546875,0,0.22838819026947021,0,0.02473935757510446,taglish,comment,True,majority,3-0,0,0
t1_p5jpg3o,0,0.014615669846534729,-4.2109375,0,0.4396176338195801,0,0.08601371812984265,tagalog,comment,True,adjudicator,2-1,0,0
t1_p22gufq,0,0.0008167380001395941,-7.109375,0,0.24875764548778534,0,0.01816365870743014,tagalog,comment,True,adjudicator,2-1,0,0
t1_p2ypp7m,0,0.020332353189587593,-3.875,0,0.5693728923797607,0,0.10203912147630155,tagalog,comment,True,majority,3-0,0,0
t1_p4eease,0,0.0014103584690019488,-6.5625,0,0.13241654634475708,0,0.024528658899843167,taglish,comment,True,unanimous,3-0,0,0
t1_p2v9pmv,0,0.0029810327105224133,-5.8125,0,0.1803697794675827,0,0.03689255079703776,taglish,comment,True,majority,3-0,0,0
t1_p6y4fmz,0,0.351311057806015,-0.61328125,0,0.7949306964874268,1,0.41479143825064235,english,comment,True,adjudicator,2-1,0,0
t1_p30lyie,0,0.014281933195888996,-4.234375,0,0.5898355841636658,0,0.08498523875850678,taglish,comment,True,majority,3-0,0,0
t1_p5121dv,0,0.03649376332759857,-3.2734375,0,0.38862675428390503,0,0.13738815112565847,english,comment,True,majority,3-0,0,0
t1_p7k70p1,0,0.0017007224960252643,-6.375,0,0.22771386802196503,0,0.027176559742674317,taglish,comment,True,unanimous,3-0,0,0
t1_p7k7vip,0,0.0014550630003213882,-6.53125,0,0.198007270693779,0,0.02495181983510568,english,comment,True,majority,3-0,0,0
t1_p78ku2u,0,0.006692850962281227,-5.0,0,0.22545784711837769,0,0.05699246963116262,taglish,comment,True,majority,3-0,0,0
t1_p7jqarc,0,0.14033624529838562,-1.8125,0,0.5437325239181519,1,0.26556707387416484,english,comment,True,majority,3-0,0,0
t1_p2y5zbe,0,0.011508148163557053,-4.453125,0,0.4737420678138733,0,0.07591204391995358,taglish,comment,True,adjudicator,2-1,0,0
t1_p596ahr,0,0.013222821988165379,-4.3125,0,0.3462204933166504,0,0.08163710159189876,tagalog,comment,True,majority,3-0,0,0
t1_p3zvxdr,0,0.00044421834172680974,-7.71875,0,0.06869315356016159,0,0.01297076131935012,taglish,comment,True,unanimous,3-0,0,0
t1_p1yfwf0,0,0.10932482779026031,-2.09765625,0,0.77607262134552,1,0.23554345471940907,tagalog,comment,True,adjudicator,2-1,0,1
t1_p6jey0u,0,0.0020190139766782522,-6.203125,0,0.07122660428285599,0,0.029846515336618872,taglish,comment,True,majority,3-0,0,0
t1_p2wzjy8,0,0.04401864856481552,-3.078125,0,0.36827895045280457,0,0.1509026078326213,english,comment,True,adjudicator,2-1,0,1
t1_p2n5l9y,0,0.0005442132824100554,-7.515625,0,0.055055223405361176,0,0.014514276110568183,taglish,comment,True,majority,3-0,0,0
t1_p7kb827,0,0.0029349515680223703,-5.828125,0,0.3004269599914551,0,0.036582229051434,english,comment,True,adjudicator,2-1,0,0
t1_p5jcdlc,0,0.00130450667347759,-6.640625,0,0.10755380243062973,0,0.023501137303335463,taglish,comment,True,unanimous,3-0,0,0
t1_p5qyx14,0,0.0012065897462889552,-6.71875,0,0.12226962298154831,0,0.02251566573583973,english,comment,True,adjudicator,2-1,0,0
t1_p4g9m05,0,0.0008693673880770802,-7.046875,0,0.15989264845848083,0,0.01879989982083823,taglish,comment,True,majority,3-0,0,0
t1_p785wnf,0,0.003429603995755315,-5.671875,0,0.14001865684986115,0,0.03980162301306125,english,comment,True,majority,3-0,0,0
t3_1vlgxei,0,0.0009399438858963549,-6.96875,0,0.09244363009929657,0,0.01962600412046412,taglish,submission,True,unanimous,3-0,0,0
t1_p4xc95l,0,0.0037654140032827854,-5.578125,0,0.19233715534210205,0,0.04186186029469008,english,comment,True,majority,3-0,0,0
t1_p3bbhbj,1,0.02460992895066738,-3.6796875,0,0.27467674016952515,0,0.11253000808975025,english,comment,True,adjudicator,2-1,1,0
t1_p7lizpx,0,0.003123648464679718,-5.765625,0,0.21802911162376404,0,0.03783877631164071,tagalog,comment,True,adjudicator,2-1,0,0
t1_p5ryfw1,0,0.025371311232447624,-3.6484375,0,0.30988097190856934,0,0.11429346109055416,taglish,comment,True,majority,3-0,0,0
t1_p74oy14,0,0.0022872276604175568,-6.078125,0,0.3919423520565033,0,0.03194626518022632,tagalog,comment,True,majority,3-0,0,0
t1_p2unb9d,0,0.9643214344978333,3.296875,1,0.8948138952255249,1,0.8641633242009482,taglish,comment,True,majority,3-0,0,0
t1_p597vr8,0,0.0024343819823116064,-6.015625,0,0.13712087273597717,0,0.033049036227900674,taglish,comment,True,majority,3-0,0,0
t1_p7jxtad,0,0.0006878511630930007,-7.28125,0,0.08624771237373352,0,0.016521009614192568,taglish,comment,True,majority,3-0,0,0
t1_p3eujvw,0,0.0009253848693333566,-6.984375,0,0.11297015845775604,0,0.019457985673742222,taglish,comment,True,majority,3-0,0,0
t3_1vstsaf,0,0.0008167380001395941,-7.109375,0,0.12036369740962982,0,0.01816365870743014,taglish,submission,True,unanimous,3-0,0,0
t1_p6cabpt,0,0.0010162440594285727,-6.890625,0,0.14032070338726044,0,0.02048765109133822,english,comment,True,adjudicator,2-1,0,0
t1_p586qua,0,0.0005614788387902081,-7.484375,0,0.09990080446004868,0,0.014767287395490165,taglish,comment,True,unanimous,3-0,0,0
t1_p74wg6l,0,0.001838665222749114,-6.296875,0,0.25291499495506287,0,0.02836011183776671,english,comment,True,majority,3-0,0,0
t1_p7kcsle,0,0.0017007224960252643,-6.375,0,0.21806228160858154,0,0.027176559742674317,english,comment,True,majority,3-0,0,0
t1_p5ezlzq,0,0.005220125894993544,-5.25,0,0.19844573736190796,0,0.049903952370373685,taglish,comment,True,unanimous,3-0,0,0
t1_p3vmm1h,0,0.0006986756343394518,-7.265625,0,0.14229609072208405,0,0.016664098460613865,tagalog,comment,True,majority,3-0,0,0
t1_p7awfua,0,0.003429603995755315,-5.671875,0,0.1875278204679489,0,0.03980162301306125,taglish,comment,True,unanimous,3-0,0,0
t1_p4x7qt6,0,0.010013570077717304,-4.59375,0,0.4710516631603241,0,0.07055762765579472,english,comment,True,majority,3-0,0,0
t3_1vsqrbc,0,0.001151399570517242,-6.765625,0,0.17085888981819153,0,0.021943882529335074,tagalog,submission,True,majority,3-0,0,0
t3_1vthf6q,0,0.0007554056355729699,-7.1875,0,0.0963001698255539,0,0.017398015590101124,tagalog,submission,True,majority,3-0,0,0
t1_p3ntzw9,0,0.0026316740550100803,-5.9375,0,0.18364374339580536,0,0.03447927308211456,taglish,comment,True,unanimous,3-0,0,0
t1_p6kgofq,0,0.0014325366355478764,-6.546875,0,0.31038331985473633,0,0.02473935757510446,taglish,comment,True,unanimous,3-0,0,0
t1_p74auzk,0,0.0030753696337342262,-5.78125,0,0.422978013753891,0,0.03752080546289194,english,comment,True,majority,3-0,0,0
t1_p74suws,0,0.001674399245530367,-6.390625,0,0.2658750116825104,0,0.02694567755022904,taglish,comment,True,majority,3-0,0,0
t1_p5oca33,0,0.0009697519708424807,-6.9375,0,0.10912825167179108,0,0.019966317149299598,taglish,comment,True,majority,3-0,0,0
t1_p3jwn7p,0,0.0030753696337342262,-5.78125,0,0.15752112865447998,0,0.03752080546289194,taglish,comment,True,majority,3-0,0,0
t3_1vt4p7d,0,0.0009399438858963549,-6.96875,0,0.21727588772773743,0,0.01962600412046412,taglish,submission,True,unanimous,3-0,0,0
t1_p3kxql2,0,0.0030278346966952085,-5.796875,0,0.10110443830490112,0,0.037205403298071545,english,comment,True,majority,3-0,0,0
t1_p7a3byo,0,0.004198795650154352,-5.46875,0,0.11100183427333832,0,0.04439439053631127,taglish,comment,True,unanimous,3-0,0,0
t1_p5ycfpn,0,0.001957016997039318,-6.234375,0,0.13496236503124237,0,0.02934284274043753,taglish,comment,True,unanimous,3-0,0,0
t3_1vqzvtd,0,0.0011160142021253705,-6.796875,0,0.168481707572937,0,0.021570605049528634,taglish,submission,True,majority,3-0,0,0
t1_p5pckpz,0,0.0028449094388633966,-5.859375,0,0.11756448447704315,0,0.03596910275109087,taglish,comment,True,unanimous,3-0,0,0
t1_p4olswb,1,0.7937461733818054,1.34765625,1,0.9038143157958984,1,0.6805599938005242,taglish,comment,True,unanimous,3-0,1,1
t1_p5dxl1i,0,0.4970703423023224,-0.01171875,0,0.6574699878692627,1,0.4983557744107968,tagalog,comment,True,adjudicator,2-1,0,0
t1_p79ylit,0,0.001524786464869976,-6.484375,0,0.07137012481689453,0,0.0255999282397834,taglish,comment,True,majority,3-0,0,0
t1_p4y71lk,0,0.02779562398791313,-3.5546875,0,0.5173014402389526,0,0.11972879478400991,taglish,comment,True,unanimous,3-0,0,0
t1_p77v35j,0,0.0014550630003213882,-6.53125,0,0.14227983355522156,0,0.02495181983510568,english,comment,True,majority,3-0,0,0
t3_1vruolz,0,0.0009110511746257544,-7.0,0,0.20601271092891693,0,0.01929137733050243,tagalog,submission,True,majority,3-0,0,0
t1_p5c8sko,0,0.007577240467071533,-4.875,0,0.3843824565410614,0,0.06088213319794229,english,comment,True,unanimous,2-0,0,0
t1_p63x3gh,0,0.0008040859247557819,-7.125,0,0.0988178476691246,0,0.018007929459370124,taglish,comment,True,adjudicator,2-1,0,0
t1_p6595x1,0,0.00172745855525136,-6.359375,0,0.33380407094955444,0,0.027409364507913175,tagalog,comment,True,majority,3-0,0,0
t1_p7aaft1,0,0.001622967072762549,-6.421875,0,0.0728730782866478,0,0.02648962118429965,taglish,comment,True,majority,3-0,0,0
t1_p1xk6cu,0,0.000374095601728186,-7.890625,0,0.11316340416669846,0,0.0117920969120082,taglish,comment,True,unanimous,3-0,0,0
t1_p5ji7am,0,0.008711384609341621,-4.734375,0,0.186791330575943,0,0.0655540906515723,english,comment,True,majority,3-0,0,0
t1_p7iq8ai,0,0.0008426423300988972,-7.078125,0,0.12197684496641159,0,0.018479092760439467,taglish,comment,True,majority,3-0,0,0
t1_p65gf5j,0,0.0007437028689309955,-7.203125,0,0.1686703860759735,0,0.017248735393033843,tagalog,comment,True,adjudicator,2-1,0,0
t1_p7i7877,0,0.013636835850775242,-4.28125,0,0.2658058702945709,0,0.08296168937462702,taglish,comment,True,majority,3-0,0,0
t1_p5a1yhi,0,0.46520525217056274,-0.139404296875,0,0.6546157598495483,1,0.48045046710197825,english,comment,True,majority,3-0,0,0
t1_p50iizm,0,0.01342825498431921,-4.296875,0,0.48249006271362305,0,0.08229696955871754,taglish,comment,True,majority,3-0,0,0
t1_p5rb5uc,0,0.001957016997039318,-6.234375,0,0.17650943994522095,0,0.02934284274043753,taglish,comment,True,majority,3-0,0,0
t1_p74tlgq,0,0.0012255674228072166,-6.703125,0,0.11115609854459763,0,0.022709475558211404,taglish,comment,True,majority,3-0,0,0
t1_p76bylz,1,0.010169658809900284,-4.578125,0,0.30680856108665466,0,0.07113487763926989,english,comment,True,adjudicator,2-1,1,0
t1_p79ij3l,0,0.00628990214318037,-5.0625,0,0.11245419830083847,0,0.055136316831376604,taglish,comment,True,unanimous,3-0,0,0
t1_p791hwq,0,0.0030278346966952085,-5.796875,0,0.20334091782569885,0,0.037205403298071545,taglish,comment,True,adjudicator,3-0,0,0
t1_p7cnibr,0,0.00130450667347759,-6.640625,0,0.23392638564109802,0,0.023501137303335463,taglish,comment,True,unanimous,3-0,0,0
t3_1vrwip9,0,0.000503335555549711,-7.59375,0,0.06356900930404663,0,0.013900285645913718,taglish,submission,True,majority,3-0,0,0
t1_p7d3orv,0,0.02080449089407921,-3.8515625,0,0.49361222982406616,0,0.10325069609876944,taglish,comment,True,unanimous,3-0,0,0
t1_p7hc5tm,0,0.22815652191638947,-1.21875,0,0.8469053506851196,1,0.33536906031088715,tagalog,comment,True,adjudicator,2-1,0,1
t1_p50qzrv,1,0.954647421836853,3.046875,1,0.9317800402641296,1,0.8468363849792074,tagalog,comment,True,adjudicator,2-1,1,0
t1_p6z3f4r,0,0.001867565792053938,-6.28125,0,0.1173999235033989,0,0.02860275726348513,english,comment,True,majority,3-0,0,0
t1_p7k4jsc,0,0.0007916296017356217,-7.140625,0,0.08146527409553528,0,0.017853511104284764,english,comment,True,majority,3-0,0,0
t1_p7b6haz,0,0.00172745855525136,-6.359375,0,0.1696917712688446,0,0.027409364507913175,english,comment,True,majority,3-0,0,0
t1_p79qkpy,0,0.0060975621454417706,-5.09375,0,0.2789260447025299,0,0.05422972408507728,taglish,comment,True,majority,3-0,0,0
t1_p7kkj6h,0,0.001367025775834918,-6.59375,0,0.1849364936351776,0,0.024112496932114834,taglish,comment,True,majority,3-0,0,0
t1_p7ib0q0,1,0.9462003111839294,2.8671875,1,0.9419920444488525,1,0.8332939774825194,taglish,comment,True,unanimous,3-0,1,1
t1_p73lg55,0,0.0019267346942797303,-6.25,0,0.1596757471561432,0,0.029094106998256004,taglish,comment,True,majority,3-0,0,0
t1_p5zajnv,0,0.014281933195888996,-4.234375,0,0.28927433490753174,0,0.08498523875850678,taglish,comment,True,majority,3-0,0,0
t1_p5jk1q2,0,0.004755199886858463,-5.34375,0,0.1517934650182724,0,0.04746753054191497,english,comment,True,majority,3-0,0,0
t1_p7cjlht,0,0.010489092208445072,-4.546875,0,0.25751394033432007,0,0.0723024792169979,english,comment,True,majority,3-0,0,0
t1_p79lp8v,0,0.001867565792053938,-6.28125,0,0.08746778964996338,0,0.02860275726348513,taglish,comment,True,majority,3-0,0,0
t1_p7axnlo,1,0.03541072830557823,-3.3046875,0,0.5098851919174194,0,0.1353228084907594,english,comment,True,adjudicator,2-1,1,0
t1_p6ej25y,0,0.0006771942717023194,-7.296875,0,0.09368040412664413,0,0.01637912895685063,taglish,comment,True,majority,3-0,0,0
t1_p5c7acj,0,0.004538431763648987,-5.390625,0,0.0948343500494957,0,0.04629210575307723,english,comment,True,unanimous,3-0,0,0
t1_p4em7l7,0,0.0008426423300988972,-7.078125,0,0.05530830845236778,0,0.018479092760439467,english,comment,True,majority,3-0,0,0
t1_p7ck1ue,0,0.0023596608079969883,-6.046875,0,0.08522128313779831,0,0.03249312981430348,english,comment,True,majority,3-0,0,0
t1_p7k8net,0,0.0011879054363816977,-6.734375,0,0.12409709393978119,0,0.02232347216579137,tagalog,comment,True,majority,3-0,0,0
t1_p75g7hh,0,0.008985428139567375,-4.703125,0,0.5975430011749268,0,0.06663666124058804,tagalog,comment,True,adjudicator,2-1,0,0
t1_p6em1fp,0,0.0010649627074599266,-6.84375,0,0.1575305014848709,0,0.021022305418890413,tagalog,comment,True,majority,3-0,0,0
t1_p5cqhnt,0,0.09947021305561066,-2.203125,0,0.7213014364242554,0,0.22505240873668445,english,comment,True,adjudicator,2-1,0,1
t1_p77ddzg,0,0.0009697519708424807,-6.9375,0,0.06669658422470093,0,0.019966317149299598,taglish,comment,True,unanimous,3-0,0,0
t1_p5bvnyi,0,0.006692850962281227,-5.0,0,0.21321892738342285,0,0.05699246963116262,taglish,comment,True,majority,3-0,0,0
t1_p35nizi,0,0.0005884088459424675,-7.4375,0,0.09131138026714325,0,0.015154970384051948,taglish,comment,True,unanimous,3-0,0,0
t1_p7jsawz,0,0.010169658809900284,-4.578125,0,0.2992887496948242,0,0.07113487763926989,taglish,comment,True,majority,3-0,0,0
t1_p226o49,0,0.0013458605390042067,-6.609375,0,0.3237943649291992,0,0.02390700619329433,taglish,comment,True,unanimous,3-0,0,0
t1_p4uf0vv,0,0.04115288704633713,-3.1484375,0,0.5413368940353394,0,0.14591570505458368,english,comment,True,adjudicator,2-1,0,1
t1_p4ndhyz,0,0.0024343819823116064,-6.015625,0,0.1595163643360138,0,0.033049036227900674,tagalog,comment,True,unanimous,3-0,0,0
t1_p3gcwif,0,0.017442483454942703,-4.03125,0,0.230495423078537,0,0.09427987731951111,english,comment,True,majority,3-0,0,0
t1_p47sah4,0,0.0005442132824100554,-7.515625,0,0.07693439722061157,0,0.014514276110568183,taglish,comment,True,majority,3-0,0,0
t1_p7abshr,0,0.07864238321781158,-2.4609375,0,0.6680070161819458,0,0.2008236502458881,taglish,comment,True,adjudicator,2-1,0,0
t1_p7ciont,0,0.002082970691844821,-6.171875,0,0.09605799615383148,0,0.030358563117324502,tagalog,comment,True,majority,3-0,0,0
t1_p50k72z,0,0.00941259041428566,-4.65625,0,0.20248864591121674,0,0.06829167392178001,english,comment,True,majority,3-0,0,0
t1_p513ffe,0,0.005819959565997124,-5.140625,0,0.23671428859233856,0,0.05289614791248486,english,comment,True,majority,3-0,0,0
t1_p75qcc8,0,0.013222821988165379,-4.3125,0,0.3654736280441284,0,0.08163710159189876,taglish,comment,True,unanimous,3-0,0,0
t1_p7fo1ph,0,0.12635333836078644,-1.93359375,0,0.7258458137512207,1,0.25252458578673537,taglish,comment,True,adjudicator,2-1,0,1
t1_p61uox2,0,0.0017007224960252643,-6.375,0,0.1463209092617035,0,0.027176559742674317,taglish,comment,True,unanimous,3-0,0,0
t1_p5ch1zb,0,0.0005792916635982692,-7.453125,0,0.07162538915872574,0,0.015024641904029724,english,comment,True,adjudicator,2-1,0,1
t1_p77wo3f,0,0.011508148163557053,-4.453125,0,0.13990402221679688,0,0.07591204391995358,taglish,comment,True,majority,3-0,0,0
t3_1vppgbz,0,0.000503335555549711,-7.59375,0,0.08764196932315826,0,0.013900285645913718,tagalog,submission,True,majority,3-0,0,0
t1_p6dumj1,0,0.0008167380001395941,-7.109375,0,0.10326932370662689,0,0.01816365870743014,english,comment,True,adjudicator,2-1,0,0
t1_p6mqz8i,0,0.001867565792053938,-6.28125,0,0.10281987488269806,0,0.02860275726348513,taglish,comment,True,majority,3-0,0,0
t1_p7dxy67,0,0.005220125894993544,-5.25,0,0.23597733676433563,0,0.049903952370373685,english,comment,True,majority,3-0,0,0
t1_p6d5g6l,0,0.004468384198844433,-5.40625,0,0.12657392024993896,0,0.04590648823794653,tagalog,comment,True,adjudicator,2-1,0,0
t1_p2ufyli,0,0.0006771942717023194,-7.296875,0,0.05589193105697632,0,0.01637912895685063,english,comment,True,majority,3-0,0,0
t1_p75je3m,0,0.0015731120947748423,-6.453125,0,0.16456127166748047,0,0.026041077014244022,taglish,comment,True,majority,3-0,0,0
t1_p5z79pk,0,0.001151399570517242,-6.765625,0,0.17602130770683289,0,0.021943882529335074,taglish,comment,True,adjudicator,2-1,0,0
t1_p309v85,1,0.031143829226493835,-3.4375,0,0.5681459903717041,0,0.12683564972975103,tagalog,comment,True,unanimous,3-0,1,1
t1_p6nblvn,0,0.00048029719619080424,-7.640625,0,0.04787551984190941,0,0.013544257641798802,taglish,comment,True,adjudicator,2-1,0,0
t1_p50rj6u,0,0.07585818320512772,-2.5,0,0.5662035346031189,0,0.19732820322137062,tagalog,comment,True,adjudicator,2-1,0,0
t1_p4yzcc9,0,0.008445627056062222,-4.765625,0,0.33686190843582153,0,0.06448789222350912,taglish,comment,True,unanimous,3-0,0,0
t1_p3z7948,0,0.0008167380001395941,-7.109375,0,0.11394435167312622,0,0.01816365870743014,taglish,comment,True,majority,3-0,0,0
t1_p5idg4g,0,0.0005112578510306776,-7.578125,0,0.05817663297057152,0,0.014020999938345276,taglish,comment,True,unanimous,3-0,0,0
t1_p79la3p,0,0.00043055706191807985,-7.75,0,0.055862586945295334,0,0.012748132050642421,taglish,comment,True,unanimous,3-0,0,0
t1_p781245,0,0.299105167388916,-0.8515625,0,0.7595243453979492,1,0.3827426288754972,english,comment,True,adjudicator,2-1,0,0
t1_p7bhutj,0,0.003429603995755315,-5.671875,0,0.08810754865407944,0,0.03980162301306125,english,comment,True,majority,3-0,0,0
t1_p6otkfn,0,0.0006462032324634492,-7.34375,0,0.10842921584844589,0,0.015960637976263764,taglish,comment,True,majority,3-0,0,0
t3_1vsvjqx,0,0.0006563728675246239,-7.328125,0,0.10336729139089584,0,0.016098952878037195,english,submission,True,majority,3-0,0,0
t1_p7ijion,0,0.007695646956562996,-4.859375,0,0.19612568616867065,0,0.061385453495215354,english,comment,True,majority,3-0,0,0
t1_p753zn1,0,0.00178219610825181,-6.328125,0,0.20254892110824585,0,0.027880802061822113,taglish,comment,True,majority,3-0,0,0
t1_p301ybi,0,0.0008559005800634623,-7.0625,0,0.05966414138674736,0,0.018638819204537343,english,comment,True,majority,3-0,0,0
t1_p6cpjq0,0,0.024423090741038322,-3.6875,0,0.21683821082115173,0,0.11209287283545291,tagalog,comment,True,adjudicator,2-1,0,0
t1_p50tpwv,0,0.021287353709340096,-3.828125,0,0.3395400047302246,0,0.10447498276621153,tagalog,comment,True,adjudicator,2-1,0,1
t1_p3lwzlk,0,0.007232763804495335,-4.921875,0,0.14173996448516846,0,0.05939523969881319,english,comment,True,majority,3-0,0,0
t1_p73azaa,0,0.008187909610569477,-4.796875,0,0.2896398603916168,0,0.06343785762569767,taglish,comment,True,majority,3-0,0,0
t1_p79x7re,0,0.0011160142021253705,-6.796875,0,0.12076769769191742,0,0.021570605049528634,taglish,comment,True,majority,3-0,0,0
t1_p30apmw,0,0.002115703420713544,-6.15625,0,0.1268952488899231,0,0.030617768234140915,taglish,comment,True,unanimous,3-0,0,0
t1_p5jbbe2,0,0.0333368256688118,-3.3671875,0,0.320927232503891,0,0.13127068594921007,english,comment,True,unanimous,3-0,0,0
t1_p7le1eh,0,0.0015731120947748423,-6.453125,0,0.27327510714530945,0,0.026041077014244022,taglish,comment,True,majority,3-0,0,0
t1_p656rg4,0,0.0007437028689309955,-7.203125,0,0.16094064712524414,0,0.017248735393033843,taglish,comment,True,majority,3-0,0,0
t1_p76hwfx,0,0.0007793660624884069,-7.15625,0,0.11220439523458481,0,0.01770039302206777,taglish,comment,True,majority,3-0,0,0
t1_p6wyb63,0,0.07211221009492874,-2.5546875,0,0.37356746196746826,0,0.1925119724599428,taglish,comment,True,adjudicator,2-1,0,0
t1_p5j9l6w,0,0.4232196509838104,-0.3095703125,0,0.753849446773529,1,0.45667381543569163,english,comment,True,majority,3-0,0,0
t1_p7kiv8w,0,0.0007437028689309955,-7.203125,0,0.10608088225126266,0,0.017248735393033843,taglish,comment,True,unanimous,3-0,0,0
t1_p5yhc7b,0,0.0009697519708424807,-6.9375,0,0.10110700130462646,0,0.019966317149299598,taglish,comment,True,unanimous,3-0,0,0
t1_p40w4c5,0,0.0008295890875160694,-7.09375,0,0.1229412779211998,0,0.0183207095479861,taglish,comment,True,majority,3-0,0,0
t3_1vqlxq4,0,0.0007096704212017357,-7.25,0,0.11574681103229523,0,0.01680840542233404,tagalog,submission,True,majority,3-0,0,0
t1_p2sw82v,1,0.9433475732803345,2.8125,1,0.9044997096061707,1,0.8289866255875371,taglish,comment,True,adjudicator,2-1,1,1
t1_p76ijq2,0,0.0006070756353437901,-7.40625,0,0.09235285222530365,0,0.015418975438670398,taglish,comment,True,majority,3-0,0,0
t1_p300sau,0,0.005384938325732946,-5.21875,0,0.13765789568424225,0,0.0507421083497877,english,comment,True,majority,3-0,0,0
t1_p2vofl1,0,0.09268777817487717,-2.28125,0,0.7588608264923096,0,0.21749775311605618,taglish,comment,True,majority,3-0,0,0
t1_p5ctfwv,0,0.0005614788387902081,-7.484375,0,0.06353430449962616,0,0.014767287395490165,taglish,comment,True,majority,3-0,0,0
t1_p67vk7r,0,0.005819959565997124,-5.140625,0,0.4331553876399994,0,0.05289614791248486,english,comment,True,majority,3-0,0,0
t1_p7ap70e,0,0.001674399245530367,-6.390625,0,0.11809458583593369,0,0.02694567755022904,taglish,comment,True,majority,3-0,0,0
t1_p5jfjqi,0,0.003429603995755315,-5.671875,0,0.13781200349330902,0,0.03980162301306125,english,comment,True,adjudicator,2-1,0,0
t1_p74okhz,0,0.0028449094388633966,-5.859375,0,0.20785126090049744,0,0.03596910275109087,tagalog,comment,True,adjudicator,3-0,0,0
t1_p7k47v9,0,0.011419614776968956,-4.4609375,0,0.4980640411376953,0,0.07560503697765968,taglish,comment,True,adjudicator,2-1,0,0
t1_p50lenz,0,0.20497775077819824,-1.35546875,0,0.4578040540218353,1,0.3184875543316448,english,comment,True,unanimous,3-0,0,0
t1_p787co1,0,0.014503578655421734,-4.21875,0,0.30615389347076416,0,0.08566964496627434,english,comment,True,majority,3-0,0,0
t3_1vspji0,0,0.0007321811863221228,-7.21875,0,0.07062404602766037,0,0.017100713773272696,tagalog,submission,True,adjudicator,2-1,0,0
t1_p5jdpfi,0,0.00970847625285387,-4.625,0,0.28698059916496277,0,0.06941609501300891,english,comment,True,majority,3-0,0,0
t1_p74qtsz,0,0.0025114635936915874,-5.984375,0,0.37895292043685913,0,0.03361412289700238,tagalog,comment,True,unanimous,3-0,0,0
t1_p7401pr,0,0.10781263560056686,-2.11328125,0,0.7880674600601196,1,0.23396810577816796,tagalog,comment,True,adjudicator,2-1,0,0
t1_p51ebvn,0,0.0038844766095280647,-5.546875,0,0.1693221777677536,0,0.04257099834829676,english,comment,True,majority,3-0,0,0
t1_p6yxtzz,0,0.000503335555549711,-7.59375,0,0.0688215047121048,0,0.013900285645913718,taglish,comment,True,adjudicator,2-1,0,0
t3_1vpu0p5,0,0.0009110511746257544,-7.0,0,0.13458791375160217,0,0.01929137733050243,taglish,submission,True,unanimous,3-0,0,0
t1_p7cjg8g,0,0.004982269834727049,-5.296875,0,0.09265989065170288,0,0.04867127795738106,english,comment,True,adjudicator,3-0,0,0
t1_p46i36k,0,0.0011879054363816977,-6.734375,0,0.14669567346572876,0,0.02232347216579137,taglish,comment,True,adjudicator,2-1,0,0
t1_p7h85v7,0,0.0005976693355478346,-7.421875,0,0.05121789500117302,0,0.015286411829338264,english,comment,True,majority,3-0,0,0
t1_p5qp88r,0,0.04084571823477745,-3.15625,0,0.5112017393112183,0,0.14537012303369642,taglish,comment,True,unanimous,3-0,0,0
t3_1vr7bob,0,0.001048469333909452,-6.859375,0,0.17136657238006592,0,0.02084258735547194,english,submission,True,unanimous,3-0,0,0
t1_p3vltwc,0,0.0013250225456431508,-6.625,0,0.15923991799354553,0,0.023703224145631474,taglish,comment,True,unanimous,3-0,0,0
t1_p6cqz6j,0,0.0005112578510306776,-7.578125,0,0.12280981987714767,0,0.014020999938345276,taglish,comment,True,majority,3-0,0,0
t1_p30cf5s,0,0.0006166296661831439,-7.390625,0,0.08620666712522507,0,0.015552670481536295,taglish,comment,True,majority,3-0,0,0
t1_p6en2t3,0,0.0008040859247557819,-7.125,0,0.20267438888549805,0,0.018007929459370124,taglish,comment,True,majority,3-0,0,0
t1_p7ivvut,0,0.004399413242936134,-5.421875,0,0.17008757591247559,0,0.04552392962098087,taglish,comment,True,majority,3-0,0,0
t1_p7ax3ms,1,0.0019877743907272816,-6.21875,0,0.33169323205947876,0,0.02959364019431563,tagalog,comment,True,adjudicator,2-1,1,1
t3_1vth25k,0,0.0024343819823116064,-6.015625,0,0.14255937933921814,0,0.033049036227900674,taglish,submission,True,majority,3-0,0,0
t1_p6ewk1l,0,0.00044421834172680974,-7.71875,0,0.06511777639389038,0,0.01297076131935012,taglish,comment,True,majority,3-0,0,0
t1_p67xlc9,0,0.0007672924548387527,-7.171875,0,0.08655490726232529,0,0.01754856467156321,taglish,comment,True,majority,3-0,0,0
t1_p6z556i,0,0.0037654140032827854,-5.578125,0,0.16306377947330475,0,0.04186186029469008,taglish,comment,True,unanimous,3-0,0,0
t1_p6yecc6,0,0.0037654140032827854,-5.578125,0,0.2281254231929779,0,0.04186186029469008,tagalog,comment,True,adjudicator,2-1,0,0
t1_p2s61ly,0,0.002251847181469202,-6.09375,0,0.2761364281177521,0,0.03167618073058643,taglish,comment,True,unanimous,3-0,0,0
t1_p5jb8nw,1,0.007011795416474342,-4.953125,0,0.4720023572444916,0,0.058422948549715636,taglish,comment,True,adjudicator,2-1,1,1
t1_p5oyf3u,0,0.000437334441812709,-7.734375,0,0.05347020551562309,0,0.012858971168173106,taglish,comment,True,unanimous,3-0,0,0
t1_p6y9r2e,0,0.0037654140032827854,-5.578125,0,0.15355686843395233,0,0.04186186029469008,english,comment,True,majority,3-0,0,0
t1_p67uwel,0,0.0022872276604175568,-6.078125,0,0.32282623648643494,0,0.03194626518022632,taglish,comment,True,unanimous,3-0,0,0
t1_p7kb5ba,0,0.0010005043586716056,-6.90625,0,0.12037407606840134,0,0.02031240891044831,taglish,comment,True,majority,3-0,0,0
t1_p7kicpd,0,0.5888891220092773,0.359375,1,0.7650623321533203,1,0.5502528587619167,taglish,comment,True,unanimous,3-0,0,0
t1_p750vgw,1,0.30321574211120605,-0.83203125,0,0.7484052181243896,1,0.3853356081334998,taglish,comment,True,majority,3-0,1,1
t1_p7k69ef,0,0.002396730938926339,-6.03125,0,0.23670023679733276,0,0.0327699441846116,tagalog,comment,True,majority,3-0,0,0
t1_p3ynuhx,0,0.0027576221618801355,-5.890625,0,0.13090422749519348,0,0.03536587535984611,english,comment,True,majority,3-0,0,0
t1_p7i68rn,0,0.011419614776968956,-4.4609375,0,0.3003588616847992,0,0.07560503697765968,taglish,comment,True,majority,3-0,0,0
t1_p5rdwsw,0,0.0032224843744188547,-5.734375,0,0.16487106680870056,0,0.038482500701258325,taglish,comment,True,adjudicator,2-1,0,0
t1_p50ja7r,0,0.09877258539199829,-2.2109375,0,0.5562139749526978,0,0.22428863668937077,english,comment,True,majority,3-0,0,0
t1_p46114s,0,0.0008295890875160694,-7.09375,0,0.2572433352470398,0,0.0183207095479861,taglish,comment,True,majority,3-0,0,0
t1_p7iupq2,0,0.0005976693355478346,-7.421875,0,0.0643828809261322,0,0.015286411829338264,taglish,comment,True,unanimous,3-0,0,0
t1_p7i938l,0,0.023509452119469643,-3.7265625,0,0.5434848070144653,0,0.10992939563750247,english,comment,True,majority,3-0,0,0
t1_p46gwy2,0,0.0007793660624884069,-7.15625,0,0.10806775093078613,0,0.01770039302206777,taglish,comment,True,majority,3-0,0,0
t1_p77ywug,0,0.02779562398791313,-3.5546875,0,0.44223397970199585,0,0.11972879478400991,taglish,comment,True,adjudicator,2-1,0,0
t1_p5jppg0,0,0.006003595422953367,-5.109375,0,0.23486864566802979,0,0.05378171419221797,english,comment,True,majority,3-0,0,0
t1_p7hbz5y,1,0.2762998044490814,-0.962890625,0,0.7934467196464539,1,0.3680935852626917,tagalog,comment,True,adjudicator,2-1,1,0
t1_p5os1rk,0,0.0030753696337342262,-5.78125,0,0.09018686413764954,0,0.03752080546289194,taglish,comment,True,unanimous,3-0,0,0
t1_p7bktkn,0,0.006797531619668007,-4.984375,0,0.11883097141981125,0,0.05746560126766683,english,comment,True,adjudicator,2-1,0,0
t1_p6t2rai,1,0.9066531658172607,2.2734375,1,0.8757603168487549,1,0.7817550937016685,english,comment,True,unanimous,3-0,1,1
t1_p7b6cmb,0,0.0060975621454417706,-5.09375,0,0.1674908846616745,0,0.05422972408507728,taglish,comment,True,unanimous,3-0,0,0
t1_p30p5db,0,0.008187909610569477,-4.796875,0,0.23935729265213013,0,0.06343785762569767,english,comment,True,majority,3-0,0,0
t1_p50oull,0,0.001838665222749114,-6.296875,0,0.18699698150157928,0,0.02836011183776671,taglish,comment,True,majority,3-0,0,0
t1_p6xyboa,0,0.005384938325732946,-5.21875,0,0.2158484160900116,0,0.0507421083497877,taglish,comment,True,unanimous,3-0,0,0
t1_p7arfn0,0,0.0008167380001395941,-7.109375,0,0.11508671939373016,0,0.01816365870743014,taglish,comment,True,unanimous,3-0,0,0
t1_p73rs6i,0,0.9862577319145203,4.2734375,1,0.9619854688644409,1,0.9167041225665418,tagalog,comment,True,adjudicator,2-1,0,1
t1_p7k7rbj,0,0.008445627056062222,-4.765625,0,0.4607202410697937,0,0.06448789222350912,english,comment,True,majority,3-0,0,0
t1_p51cle6,0,0.0022872276604175568,-6.078125,0,0.07143126428127289,0,0.03194626518022632,english,comment,True,majority,3-0,0,0
t1_p4gj6sh,0,0.014281933195888996,-4.234375,0,0.32568973302841187,0,0.08498523875850678,english,comment,True,majority,3-0,0,0
t1_p74yd6e,0,0.0012448433553799987,-6.6875,0,0.1446845829486847,0,0.022904914560453835,english,comment,True,majority,3-0,0,0
t1_p5c3vgk,0,0.0020190139766782522,-6.203125,0,0.1264016330242157,0,0.029846515336618872,taglish,comment,True,majority,3-0,0,0
t1_p50i3ky,0,0.053403329104185104,-2.875,0,0.764718234539032,0,0.1660978226258223,taglish,comment,True,majority,3-0,0,0
t1_p7895gy,0,0.001032231142744422,-6.875,0,0.10933354496955872,0,0.02066437325746141,taglish,comment,True,majority,3-0,0,0
t1_p77vgly,0,0.0015731120947748423,-6.453125,0,0.1878219097852707,0,0.026041077014244022,taglish,comment,True,adjudicator,2-1,0,1
t1_p7bkmvn,0,0.021948251873254776,-3.796875,0,0.22597388923168182,0,0.10612730090202734,english,comment,True,majority,3-0,0,0
t1_p3n9wiv,0,0.00130450667347759,-6.640625,0,0.14333128929138184,0,0.023501137303335463,taglish,comment,True,unanimous,3-0,0,0
t1_p7k6mih,0,0.002251847181469202,-6.09375,0,0.3509974181652069,0,0.03167618073058643,tagalog,comment,True,adjudicator,2-1,0,0
t1_p74p0np,0,0.43518126010894775,-0.2607421875,0,0.8306846618652344,1,0.463480994907522,tagalog,comment,True,adjudicator,2-1,0,1
t1_p7apb0n,0,0.0034834241960197687,-5.65625,0,0.11857488751411438,0,0.04013811663035982,english,comment,True,majority,3-0,0,0
t1_p784k7h,0,0.11357959359884262,-2.0546875,0,0.5008138418197632,1,0.2399133962292297,english,comment,True,adjudicator,2-1,0,0
t1_p2ejama,0,0.0004512105952017009,-7.703125,0,0.0585031732916832,0,0.013083510443272066,tagalog,comment,True,majority,3-0,0,0
t1_p514won,0,0.07477004826068878,-2.515625,0,0.5290281772613525,0,0.19594293169300095,taglish,comment,True,majority,3-0,0,0
t1_p2sn4ye,0,0.0025909794494509697,-5.953125,0,0.24602894484996796,0,0.03418853003842758,taglish,comment,True,unanimous,3-0,0,0
t1_p7jwtc5,0,0.016029147431254387,-4.1171875,0,0.2231648862361908,0,0.09024120547074826,tagalog,comment,True,adjudicator,2-1,0,0
t1_p5c3m8u,0,0.000954731716774404,-6.953125,0,0.06041521951556206,0,0.019795444105885653,english,comment,True,majority,3-0,0,0
t3_1vtg4c1,0,0.19072403013706207,-1.4453125,0,0.6391974687576294,1,0.3076445941161263,english,submission,True,majority,3-0,0,0
t3_1vstabm,0,0.0055549247190356255,-5.1875,0,0.1297614425420761,0,0.051593577040579104,taglish,submission,True,adjudicator,3-0,0,0
t1_p7jczbh,1,0.018404891714453697,-3.9765625,0,0.21766869723796844,0,0.09693356768757988,english,comment,True,adjudicator,2-1,1,0
t1_p7leyiv,0,0.9828232526779175,4.046875,1,0.9351576566696167,1,0.9064662785058799,taglish,comment,True,majority,3-0,0,0
t1_p77yaid,0,0.00857748556882143,-4.75,0,0.1445881426334381,0,0.06501895796981078,english,comment,True,majority,3-0,0,0
t1_p5z3fwx,0,0.0011160142021253705,-6.796875,0,0.21082034707069397,0,0.021570605049528634,taglish,comment,True,unanimous,3-0,0,0
t1_p5jmhqm,0,0.002889581024646759,-5.84375,0,0.2094118446111679,0,0.036274419264536326,taglish,comment,True,unanimous,3-0,0,0
t1_p7i62l1,0,0.0005792916635982692,-7.453125,0,0.080880306661129,0,0.015024641904029724,taglish,comment,True,majority,3-0,0,0
t1_p6mdm8w,0,0.0005112578510306776,-7.578125,0,0.131010502576828,0,0.014020999938345276,taglish,comment,True,majority,3-0,0,0
t1_p7j8j3b,0,0.001367025775834918,-6.59375,0,0.13308103382587433,0,0.024112496932114834,taglish,comment,True,unanimous,3-0,0,0
t1_p3nvpln,0,0.000458312890259549,-7.6875,0,0.09870290756225586,0,0.013197226541452646,taglish,comment,True,unanimous,3-0,0,0
t1_p7lbluu,0,0.19930799305438995,-1.390625,0,0.5422400832176208,1,0.31422034609134175,taglish,comment,True,unanimous,3-0,0,0
t1_p5883y0,0,0.0008830457809381187,-7.03125,0,0.2008897364139557,0,0.01896234563117803,taglish,comment,True,majority,3-0,0,0
t1_p50ywrp,0,0.030675798654556274,-3.453125,0,0.43157240748405457,0,0.12586764516332577,taglish,comment,True,majority,3-0,0,0
t1_p77ro88,0,0.0034834241960197687,-5.65625,0,0.27174434065818787,0,0.04013811663035982,taglish,comment,True,adjudicator,2-1,0,0
t1_p587cg6,0,0.0009697519708424807,-6.9375,0,0.19978593289852142,0,0.019966317149299598,taglish,comment,True,majority,3-0,0,0
t1_p6x2tb2,1,0.977022647857666,3.75,1,0.973933219909668,1,0.891351053659873,taglish,comment,True,unanimous,3-0,1,1
t1_p6xlffl,0,0.04778006672859192,-2.9921875,0,0.5375482439994812,0,0.15718706254654902,tagalog,comment,True,majority,3-0,0,0
t1_p6xg0jc,0,0.07107366621494293,-2.5703125,0,0.6039361357688904,0,0.19115245970772377,taglish,comment,True,majority,3-0,0,0
t1_p50tgm1,0,0.04885777831077576,-2.96875,0,0.6544176340103149,0,0.15893754376032795,tagalog,comment,True,adjudicator,2-1,0,0
t1_p7a8s27,0,0.08725224435329437,-2.34765625,0,0.5988140106201172,0,0.21122161310628,taglish,comment,True,majority,3-0,0,0
t1_p7i4q0m,0,0.009268012829124928,-4.671875,0,0.29396575689315796,0,0.06773581365504945,english,comment,True,majority,3-0,0,0
t1_p2zvr2s,0,0.0010162440594285727,-6.890625,0,0.061023589223623276,0,0.02048765109133822,tagalog,comment,True,adjudicator,2-1,0,0
t1_p3xuma1,0,0.0004108485300093889,-7.796875,0,0.05654221400618553,0,0.012421242436335498,taglish,comment,True,unanimous,3-0,0,0
t1_p7kp28v,0,0.9429286122322083,2.8046875,1,0.9313653707504272,1,0.8283641310885815,tagalog,comment,True,adjudicator,2-1,0,0
t1_p5l9l30,0,0.0017007224960252643,-6.375,0,0.2647053003311157,0,0.027176559742674317,taglish,comment,True,majority,3-0,0,0
t1_p79mayf,0,0.048496000468730927,-2.9765625,0,0.428496778011322,0,0.15835230001766082,taglish,comment,True,majority,3-0,0,0
t3_1vt3fqa,0,0.3132096529006958,-0.78515625,0,0.6158257722854614,1,0.39158513415027074,english,submission,True,majority,3-0,0,0
t1_p76hzqg,0,0.00044421834172680974,-7.71875,0,0.05283026024699211,0,0.01297076131935012,taglish,comment,True,unanimous,3-0,0,0
t1_p5rojos,0,0.03817827254533768,-3.2265625,0,0.46175357699394226,0,0.14053579213334136,taglish,comment,True,unanimous,3-0,0,0
t1_p789fxp,0,0.007937993854284286,-4.828125,0,0.4173229932785034,0,0.06240377989960103,tagalog,comment,True,adjudicator,2-1,0,0
t1_p6d4a5b,0,0.005641908384859562,-5.171875,0,0.23469088971614838,0,0.05202436159031638,taglish,comment,True,majority,3-0,0,0
t1_p4rtcjc,0,0.0008426423300988972,-7.078125,0,0.07809779793024063,0,0.018479092760439467,taglish,comment,True,adjudicator,2-1,0,0
t1_p519v1g,0,0.0029810327105224133,-5.8125,0,0.2280983328819275,0,0.03689255079703776,tagalog,comment,True,majority,3-0,0,0
t1_p510ngs,0,0.03258974477648735,-3.390625,0,0.5101801156997681,0,0.1297778996970913,english,comment,True,adjudicator,2-1,0,0
t1_p6i8tq3,0,0.0009697519708424807,-6.9375,0,0.09702827036380768,0,0.019966317149299598,taglish,comment,True,majority,3-0,0,0
t1_p5i6jtj,0,0.000503335555549711,-7.59375,0,0.05239871144294739,0,0.013900285645913718,taglish,comment,True,majority,3-0,0,0
t1_p5jnnz5,1,0.0832919254899025,-2.3984375,0,0.6733503341674805,0,0.20651238678507694,tagalog,comment,True,adjudicator,2-1,1,1
t1_p77w7ob,0,0.004468384198844433,-5.40625,0,0.1696685254573822,0,0.04590648823794653,english,comment,True,majority,3-0,0,0
t1_p7kszi0,0,0.6588566303253174,0.658203125,1,0.8558940887451172,1,0.5913149593444137,taglish,comment,True,unanimous,3-0,0,0
t1_p5rp0ff,0,0.026963496580719948,-3.5859375,0,0.30935031175613403,0,0.11789264171228415,taglish,comment,True,unanimous,3-0,0,0
t1_p77qerq,0,0.00049553596181795,-7.609375,0,0.049521803855895996,0,0.013780596121675533,taglish,comment,True,majority,3-0,0,0
t1_p51eayg,0,0.005220125894993544,-5.25,0,0.20177456736564636,0,0.049903952370373685,tagalog,comment,True,adjudicator,2-1,0,0
t1_p6x3bf7,0,0.1250653862953186,-1.9453125,0,0.6892627477645874,1,0.25128517382955057,tagalog,comment,True,adjudicator,2-1,0,0
t1_p7i5dy2,0,0.005469274707138538,-5.203125,0,0.13826492428779602,0,0.05116616704566037,english,comment,True,majority,3-0,0,0
t1_p7ifa0o,1,0.06903792917728424,-2.6015625,0,0.4353860020637512,0,0.18845545888181314,english,comment,True,adjudicator,2-1,1,1
t1_p7k6gpx,0,0.0012843081494793296,-6.65625,0,0.16292402148246765,0,0.02330073227477451,tagalog,comment,True,adjudicator,3-0,0,0
t1_p6kttwd,0,0.0013250225456431508,-6.625,0,0.0828901082277298,0,0.023703224145631474,taglish,comment,True,majority,3-0,0,0
t1_p3zfmm6,0,0.007577240467071533,-4.875,0,0.425065815448761,0,0.06088213319794229,taglish,comment,True,majority,3-0,0,0
t1_p75uf71,0,0.9844563603401184,4.1484375,1,0.9200630187988281,1,0.9111883528436873,english,comment,True,majority,3-0,0,0
t1_p5zca8w,0,0.001098731067031622,-6.8125,0,0.15417927503585815,0,0.021386302013147354,taglish,comment,True,majority,3-0,0,0
t1_p5q49b4,0,0.0009850084315985441,-6.921875,0,0.06498347222805023,0,0.02013863485454007,taglish,comment,True,majority,3-0,0,0
t1_p5qo88c,0,0.0005193048855289817,-7.5625,0,0.08963882923126221,0,0.014142747515159343,taglish,comment,True,unanimous,3-0,0,0
t1_p2zqdyp,0,0.7476159334182739,1.0859375,1,0.8564144372940063,1,0.6478180251007415,taglish,comment,True,adjudicator,2-1,0,0
t1_p7mcz3r,0,0.0034834241960197687,-5.65625,0,0.28034526109695435,0,0.04013811663035982,taglish,comment,True,majority,3-0,0,0
t1_p5za4gp,0,0.0027576221618801355,-5.890625,0,0.35307034850120544,0,0.03536587535984611,taglish,comment,True,adjudicator,3-0,0,0
t1_p7a5716,0,0.0061929901130497456,-5.078125,0,0.09966465085744858,0,0.05468125029979338,english,comment,True,majority,3-0,0,0
t1_p2yg5kp,0,0.0008295890875160694,-7.09375,0,0.10348592698574066,0,0.0183207095479861,taglish,comment,True,majority,3-0,0,0
t1_p6z27mn,1,0.09334688633680344,-2.2734375,0,0.7876139879226685,0,0.2182449062983316,taglish,comment,True,adjudicator,2-1,1,0
t1_p2f6nj0,0,0.000437334441812709,-7.734375,0,0.060970138758420944,0,0.012858971168173106,english,comment,True,majority,3-0,0,0
t1_p4nubx1,1,0.09138210862874985,-2.296875,0,0.4929506182670593,0,0.21600899298972318,taglish,comment,True,majority,3-0,1,1
t1_p3069ki,0,0.0006878511630930007,-7.28125,0,0.1325623095035553,0,0.016521009614192568,taglish,comment,True,adjudicator,3-0,0,0
t1_p5rvjli,0,0.005139610730111599,-5.265625,0,0.19807299971580505,0,0.04948980911482951,taglish,comment,True,majority,3-0,0,0
t1_p6ks2os,0,0.0019267346942797303,-6.25,0,0.1574152559041977,0,0.029094106998256004,english,comment,True,majority,3-0,0,0
t1_p513x9i,0,0.014281933195888996,-4.234375,0,0.3001147508621216,0,0.08498523875850678,taglish,comment,True,unanimous,3-0,0,0
t1_p50dmbc,0,0.12721826136112213,-1.92578125,0,0.6002580523490906,1,0.25335310595808563,english,comment,True,adjudicator,2-1,0,0
t1_p7gg2g5,0,0.00043055706191807985,-7.75,0,0.05565711110830307,0,0.012748132050642421,taglish,comment,True,majority,3-0,0,0
t1_p40nepi,0,0.000398213102016598,-7.828125,0,0.050621435046195984,0,0.012207928415362326,taglish,comment,True,majority,3-0,0,0
t1_p6vx1q0,0,0.048496000468730927,-2.9765625,0,0.33236679434776306,0,0.15835230001766082,english,comment,True,majority,3-0,0,0
t1_p76j0sy,0,0.0007208379684016109,-7.234375,0,0.09593433141708374,0,0.016953940500825382,taglish,comment,True,majority,3-0,0,0
t1_p77sdo4,0,0.02460992895066738,-3.6796875,0,0.31838297843933105,0,0.11253000808975025,english,comment,True,majority,3-0,0,0
t1_p3m7zka,0,0.001098731067031622,-6.8125,0,0.10372373461723328,0,0.021386302013147354,taglish,comment,True,unanimous,3-0,0,0
t1_p7hgk6d,0,0.0014325366355478764,-6.546875,0,0.2575936019420624,0,0.02473935757510446,tagalog,comment,True,majority,3-0,0,0
t3_1vppeq5,0,0.0006771942717023194,-7.296875,0,0.11480959504842758,0,0.01637912895685063,tagalog,submission,True,unanimous,3-0,0,0
t1_p5rs2dr,0,0.008445627056062222,-4.765625,0,0.23065035045146942,0,0.06448789222350912,taglish,comment,True,unanimous,3-0,0,0
t1_p6y0y3k,0,0.0022872276604175568,-6.078125,0,0.1569259613752365,0,0.03194626518022632,taglish,comment,True,majority,3-0,0,0
t1_p65kqda,0,0.003123648464679718,-5.765625,0,0.17038296163082123,0,0.03783877631164071,english,comment,True,majority,3-0,0,0
t1_p30k7eg,0,0.03210070729255676,-3.40625,0,0.7468404173851013,0,0.1287907521041998,taglish,comment,True,majority,3-0,0,0
t1_p3vfivh,0,0.001048469333909452,-6.859375,0,0.16074958443641663,0,0.02084258735547194,taglish,comment,True,majority,3-0,0,0
t3_1vs9ynp,0,0.0007208379684016109,-7.234375,0,0.09109669923782349,0,0.016953940500825382,english,submission,True,majority,3-0,0,0
t1_p67x3v9,0,0.002251847181469202,-6.09375,0,0.19181489944458008,0,0.03167618073058643,english,comment,True,majority,3-0,0,0
t1_p51e36n,0,0.08819004148244858,-2.3359375,0,0.565410315990448,0,0.2123194564597089,taglish,comment,True,majority,3-0,0,0
t3_1vpovj3,0,0.001674399245530367,-6.390625,0,0.14427302777767181,0,0.02694567755022904,taglish,submission,True,unanimous,3-0,0,0
t1_p5pjwsh,0,0.004681822843849659,-5.359375,0,0.15114626288414001,0,0.04707260490830975,english,comment,True,majority,3-0,0,0
t1_p3vdjmm,0,0.0005357805639505386,-7.53125,0,0.07677154242992401,0,0.014389376918514407,tagalog,comment,True,majority,3-0,0,0
t1_p78azsc,0,0.0037072529084980488,-5.59375,0,0.21729347109794617,0,0.04151154081692565,taglish,comment,True,unanimous,3-0,0,0
t1_p5e96xb,0,0.0032730652019381523,-5.71875,0,0.24153035879135132,0,0.03880829284256241,taglish,comment,True,majority,3-0,0,0
t1_p5rdnit,0,0.003429603995755315,-5.671875,0,0.19121992588043213,0,0.03980162301306125,english,comment,True,majority,3-0,0,0
t1_p7bksya,0,0.006692850962281227,-5.0,0,0.15206566452980042,0,0.05699246963116262,taglish,comment,True,majority,3-0,0,0
t1_p7iu5xa,0,0.005819959565997124,-5.140625,0,0.1940660923719406,0,0.05289614791248486,taglish,comment,True,unanimous,3-0,0,0
t1_p5dc0hl,0,0.0033244371879845858,-5.703125,0,0.16735373437404633,0,0.03913673086889577,taglish,comment,True,majority,3-0,0,0
t1_p6xi0gj,0,0.18417982757091522,-1.48828125,0,0.7818214297294617,1,0.3025319931083536,taglish,comment,True,majority,3-0,0,0
t1_p6ywpv2,0,0.0019267346942797303,-6.25,0,0.22786015272140503,0,0.029094106998256004,taglish,comment,True,unanimous,3-0,0,0
t1_p6ygtxd,0,0.0017546144081279635,-6.34375,0,0.15717899799346924,0,0.027644106896874285,taglish,comment,True,majority,3-0,0,0
t3_1vgih69,0,0.0004655269149225205,-7.671875,0,0.06714437156915665,0,0.013311917678243392,taglish,submission,True,unanimous,3-0,0,0
t1_p5psqr6,0,0.001151399570517242,-6.765625,0,0.23950332403182983,0,0.021943882529335074,english,comment,True,majority,3-0,0,0
t1_p7knupo,0,0.957912266254425,3.125,1,0.9123679399490356,1,0.8524373581920555,english,comment,True,adjudicator,2-1,0,0
t1_p5cj37l,0,0.0014779430348426104,-6.515625,0,0.07681582868099213,0,0.02516605964303529,english,comment,True,unanimous,3-0,0,0
t1_p5jl3dg,0,0.0059110685251653194,-5.125,0,0.24500522017478943,0,0.05333719673018011,taglish,comment,True,majority,3-0,0,0
t1_p5czlrx,0,0.0037654140032827854,-5.578125,0,0.13660851120948792,0,0.04186186029469008,tagalog,comment,True,majority,3-0,0,0
t1_p50x1v7,0,0.04742587357759476,-3.0,0,0.32730692625045776,0,0.15660706427666654,english,comment,True,adjudicator,2-1,0,1
t1_p3zog7n,0,0.00042388474685139954,-7.765625,0,0.05410214513540268,0,0.012638236089653336,taglish,comment,True,majority,3-0,0,0
t1_p6tj25e,0,0.05582314357161522,-2.828125,0,0.3625025153160095,0,0.16977376346526324,english,comment,True,majority,3-0,0,0
t1_p7bn7d4,0,0.18653921782970428,-1.47265625,0,0.5699820518493652,1,0.30438555547439466,english,comment,True,adjudicator,2-1,0,0
t1_p7aae1l,0,0.026355354115366936,-3.609375,0,0.25460734963417053,0,0.11653158101715429,taglish,comment,True,unanimous,3-0,0,0
t1_p61esk1,0,0.0028449094388633966,-5.859375,0,0.18658176064491272,0,0.03596910275109087,taglish,comment,True,unanimous,3-0,0,0
t1_p4eskwg,0,0.0006878511630930007,-7.28125,0,0.08322479575872421,0,0.016521009614192568,taglish,comment,True,unanimous,3-0,0,0
t1_p72jhno,0,0.028007520362734795,-3.546875,0,0.37146925926208496,0,0.12019167735959185,english,comment,True,majority,3-0,0,0
t1_p77unr5,0,0.0019267346942797303,-6.25,0,0.2108982503414154,0,0.029094106998256004,taglish,comment,True,majority,3-0,0,0
t1_p77hvnr,0,0.0333368256688118,-3.3671875,0,0.32636094093322754,0,0.13127068594921007,taglish,comment,True,majority,3-0,0,0
t1_p50hd5d,0,0.027585282921791077,-3.5625,0,0.32948434352874756,0,0.1192674532053117,taglish,comment,True,majority,3-0,0,0
t1_p785ze5,0,0.0025114635936915874,-5.984375,0,0.12529373168945312,0,0.03361412289700238,english,comment,True,adjudicator,2-1,0,0
t1_p3z200l,0,0.0009110511746257544,-7.0,0,0.09437175840139389,0,0.01929137733050243,tagalog,comment,True,majority,3-0,0,0
t1_p7bayru,0,0.0009399438858963549,-6.96875,0,0.11399530619382858,0,0.01962600412046412,english,comment,True,majority,3-0,0,0
t1_p60sjby,0,0.0010005043586716056,-6.90625,0,0.14844396710395813,0,0.02031240891044831,taglish,comment,True,adjudicator,3-0,0,0
t1_p4nb10g,0,0.00130450667347759,-6.640625,0,0.12058208882808685,0,0.023501137303335463,taglish,comment,True,unanimous,3-0,0,0
t3_1vminyh,0,0.004538431763648987,-5.390625,0,0.2183062732219696,0,0.04629210575307723,english,submission,True,majority,3-0,0,0
t1_p7bz0bi,0,0.004755199886858463,-5.34375,0,0.17109328508377075,0,0.04746753054191497,taglish,comment,True,majority,3-0,0,0
t1_p3vgz7d,0,0.0006070756353437901,-7.40625,0,0.08075201511383057,0,0.015418975438670398,taglish,comment,True,majority,3-0,0,0
t1_p785mpj,0,0.0023596608079969883,-6.046875,0,0.1125820130109787,0,0.03249312981430348,english,comment,True,majority,3-0,0,0
t1_p7bils6,0,0.011331754736602306,-4.46875,0,0.32603174448013306,0,0.07529917047428657,taglish,comment,True,unanimous,3-0,0,0
t1_p7knb3a,0,0.0035936026833951473,-5.625,0,0.18350902199745178,0,0.040819298548541494,taglish,comment,True,unanimous,3-0,0,0
t1_p7bqj89,0,0.13341522216796875,-1.87109375,0,0.44958731532096863,1,0.25920285283078176,taglish,comment,True,adjudicator,2-1,0,0
t1_p6m9jv1,0,0.0023231625091284513,-6.0625,0,0.35545477271080017,0,0.03221857586181331,tagalog,comment,True,adjudicator,2-1,0,0
t1_p7cfcze,0,0.0006878511630930007,-7.28125,0,0.09305282682180405,0,0.016521009614192568,taglish,comment,True,majority,3-0,0,0
t1_p7jsff6,0,0.007011795416474342,-4.953125,0,0.22670798003673553,0,0.058422948549715636,taglish,comment,True,majority,3-0,0,0
t1_p7cbzno,0,0.0013250225456431508,-6.625,0,0.06004047393798828,0,0.023703224145631474,taglish,comment,True,majority,3-0,0,0
t1_p5nc9gc,0,0.0026730059180408716,-5.921875,0,0.10319556295871735,0,0.034772399618271686,taglish,comment,True,adjudicator,3-0,0,0
t1_p5954c8,0,0.006692850962281227,-5.0,0,0.14113542437553406,0,0.05699246963116262,taglish,comment,True,unanimous,3-0,0,0
t1_p5c1ore,0,0.0005703156930394471,-7.46875,0,0.04612188786268234,0,0.014895417260747255,taglish,comment,True,unanimous,3-0,0,0
t1_p7ji1sj,0,0.006903837900608778,-4.96875,0,0.11841681599617004,0,0.057942419339006214,taglish,comment,True,unanimous,3-0,0,0
t1_p7j8zyo,0,0.00214894930832088,-6.140625,0,0.10109370946884155,0,0.030879115996896037,taglish,comment,True,majority,3-0,0,0
t1_p7br7vh,0,0.00407013762742281,-5.5,0,0.11124338209629059,0,0.04365626378776887,taglish,comment,True,unanimous,3-0,0,0
t1_p6g3fw7,0,0.001081715221516788,-6.828125,0,0.11825007200241089,0,0.02120353956856762,taglish,comment,True,majority,3-0,0,0
t1_p6clw9k,0,0.0006462032324634492,-7.34375,0,0.08116942644119263,0,0.015960637976263764,taglish,comment,True,unanimous,3-0,0,0
t1_p695c5c,0,0.0032224843744188547,-5.734375,0,0.07926596701145172,0,0.038482500701258325,taglish,comment,True,majority,3-0,0,0
t1_p6d4m4o,0,0.000954731716774404,-6.953125,0,0.07197479903697968,0,0.019795444105885653,taglish,comment,True,majority,3-0,0,0
t1_p644uyu,0,0.0012255674228072166,-6.703125,0,0.05216021463274956,0,0.022709475558211404,taglish,comment,True,unanimous,3-0,0,0
t1_p7artsm,0,0.032344330102205276,-3.3984375,0,0.31862321496009827,0,0.12928352362245082,taglish,comment,True,adjudicator,2-1,0,0
t1_p6ss0n1,0,0.0010005043586716056,-6.90625,0,0.0562889538705349,0,0.02031240891044831,english,comment,True,majority,3-0,0,0
t1_p7aokq0,0,0.10743748396635056,-2.1171875,0,0.5336016416549683,1,0.23357541398497217,taglish,comment,True,unanimous,3-0,0,0
t1_p7mgcc5,0,0.000437334441812709,-7.734375,0,0.04652594029903412,0,0.012858971168173106,taglish,comment,True,unanimous,3-0,0,0
t1_p6xzavi,0,0.002800926798954606,-5.875,0,0.11594319343566895,0,0.03566626093714118,english,comment,True,majority,3-0,0,0
t1_p3jsyoe,0,0.0030753696337342262,-5.78125,0,0.06916908919811249,0,0.03752080546289194,english,comment,True,majority,3-0,0,0
t1_p7amre1,0,0.001674399245530367,-6.390625,0,0.0696740671992302,0,0.02694567755022904,english,comment,True,majority,3-0,0,0
t1_p7aty8j,0,0.012147169560194016,-4.3984375,0,0.3935578763484955,0,0.07809331273288796,taglish,comment,True,majority,3-0,0,0
t1_p6euog5,0,0.0005976693355478346,-7.421875,0,0.09652577340602875,0,0.015286411829338264,tagalog,comment,True,majority,3-0,0,0
t1_p7ba407,0,0.11240508407354355,-2.06640625,0,0.5420339107513428,1,0.23871611350160601,english,comment,True,majority,3-0,0,0
t1_p6dzcut,0,0.001098731067031622,-6.8125,0,0.08389890193939209,0,0.021386302013147354,taglish,comment,True,adjudicator,3-0,0,0
t1_p6d2bev,0,0.0012255674228072166,-6.703125,0,0.07096603512763977,0,0.022709475558211404,taglish,comment,True,unanimous,3-0,0,0
t1_p5phn5i,0,0.00178219610825181,-6.328125,0,0.0795774906873703,0,0.027880802061822113,taglish,comment,True,majority,3-0,0,0
t1_p5p0sau,0,0.0003859660937450826,-7.859375,0,0.042319729924201965,0,0.011998233199109302,taglish,comment,True,majority,3-0,0,0
t1_p5jiwo4,0,0.007815889082849026,-4.84375,0,0.13043665885925293,0,0.06189266057309455,english,comment,True,majority,3-0,0,0
t1_p7d311o,0,0.004133968148380518,-5.484375,0,0.10610189288854599,0,0.044023851448754196,taglish,comment,True,unanimous,3-0,0,0
t1_p7cvapq,0,0.0064882696606218815,-5.03125,0,0.2485031932592392,0,0.056057167341406984,english,comment,True,majority,3-0,0,0
t1_p45u9v9,0,0.0039454069919884205,-5.53125,0,0.09113990515470505,0,0.042929858226661524,english,comment,True,majority,3-0,0,0
t1_p7e8ohv,0,0.003172682598233223,-5.75,0,0.27387696504592896,0,0.038159334976386884,tagalog,comment,True,adjudicator,2-1,0,0
t1_p4gd9e2,0,0.0008559005800634623,-7.0625,0,0.11574596166610718,0,0.018638819204537343,taglish,comment,True,unanimous,3-0,0,0
t1_p59wsxo,0,0.007011795416474342,-4.953125,0,0.18231981992721558,0,0.058422948549715636,taglish,comment,True,unanimous,3-0,0,0
t1_p5cip1a,0,0.9149009585380554,2.375,1,0.7630781531333923,1,0.7913238349094878,tagalog,comment,True,adjudicator,2-1,0,0
t1_p59mvvk,0,0.004755199886858463,-5.34375,0,0.12679414451122284,0,0.04746753054191497,taglish,comment,True,majority,3-0,0,0
t1_p784ts0,0,0.006589771714061499,-5.015625,0,0.09882726520299911,0,0.05652299982418538,taglish,comment,True,majority,3-0,0,0
t1_p5158zq,0,0.010328153148293495,-4.5625,0,0.36346691846847534,0,0.07171648585065865,tagalog,comment,True,unanimous,3-0,0,0
t1_p60mlo8,0,0.0005884088459424675,-7.4375,0,0.04645852744579315,0,0.015154970384051948,taglish,comment,True,unanimous,3-0,0,0
t1_p2t5hqv,0,0.000368297885870561,-7.90625,0,0.05644385144114494,0,0.011690344912885125,taglish,comment,True,majority,3-0,0,0
t1_p79bxbq,0,0.003172682598233223,-5.75,0,0.1697792112827301,0,0.038159334976386884,taglish,comment,True,majority,3-0,0,0
t1_p79pf4i,0,0.001957016997039318,-6.234375,0,0.08448813855648041,0,0.02934284274043753,taglish,comment,True,majority,3-0,0,0
t1_p78fc5l,1,0.0023231625091284513,-6.0625,0,0.07953351736068726,0,0.03221857586181331,taglish,comment,True,unanimous,3-0,1,1
t1_p66kjs6,0,0.0008830457809381187,-7.03125,0,0.05418146774172783,0,0.01896234563117803,english,comment,True,majority,3-0,0,0
t1_p79nmkd,0,0.003123648464679718,-5.765625,0,0.21329453587532043,0,0.03783877631164071,taglish,comment,True,majority,3-0,0,0
t1_p6z8245,0,0.002082970691844821,-6.171875,0,0.08523054420948029,0,0.030358563117324502,taglish,comment,True,unanimous,3-0,0,0
t1_p3iocck,0,0.0010162440594285727,-6.890625,0,0.07168461382389069,0,0.02048765109133822,taglish,comment,True,majority,3-0,0,0
t1_p7a8pop,0,0.0020507436711341143,-6.1875,0,0.1747220754623413,0,0.030101484248787516,tagalog,comment,True,adjudicator,2-1,0,0
t1_p5w0u8l,0,0.00047285438631661236,-7.65625,0,0.09170252084732056,0,0.013427591981258072,taglish,comment,True,majority,3-0,0,0
t1_p5j9t65,0,0.0018102111062034965,-6.3125,0,0.14104540646076202,0,0.02811946525674957,taglish,comment,True,unanimous,3-0,0,0
t1_p50x2qf,0,0.02145073004066944,-3.8203125,0,0.21567890048027039,0,0.10488591939437794,english,comment,True,unanimous,3-0,0,0
t3_1vt74o7,0,0.031143829226493835,-3.4375,0,0.22775515913963318,0,0.12683564972975103,taglish,submission,True,unanimous,3-0,0,0
t1_p7l17yc,0,0.3298232853412628,-0.708984375,0,0.6697120666503906,1,0.40181602395077215,taglish,comment,True,majority,3-0,0,0
t1_p7kav72,0,0.001524786464869976,-6.484375,0,0.13994494080543518,0,0.0255999282397834,taglish,comment,True,unanimous,3-0,0,0
t1_p59a2cx,0,0.0026316740550100803,-5.9375,0,0.17279861867427826,0,0.03447927308211456,taglish,comment,True,unanimous,3-0,0,0
t1_p73whxy,0,0.001098731067031622,-6.8125,0,0.11662505567073822,0,0.021386302013147354,taglish,comment,True,majority,3-0,0,0
t1_p7i6zpu,0,0.052618954330682755,-2.890625,0,0.5562291145324707,0,0.16488675558929278,tagalog,comment,True,majority,3-0,0,0
t1_p7ih1tt,0,0.005220125894993544,-5.25,0,0.2573102116584778,0,0.049903952370373685,english,comment,True,adjudicator,3-0,0,0
t1_p7l76j1,0,0.1859472095966339,-1.4765625,0,0.7597777247428894,1,0.30392156618459587,taglish,comment,True,majority,3-0,0,0
t1_p7k5c70,0,0.0013250225456431508,-6.625,0,0.20355693995952606,0,0.023703224145631474,tagalog,comment,True,adjudicator,2-1,0,1
t1_p4ewq7q,0,0.0006263342220336199,-7.375,0,0.07728579640388489,0,0.015687506298579894,english,comment,True,majority,3-0,0,0
t1_p7kao2a,0,0.0013458605390042067,-6.609375,0,0.18422751128673553,0,0.02390700619329433,tagalog,comment,True,majority,3-0,0,0
t1_p67vyc3,0,0.00178219610825181,-6.328125,0,0.1809113621711731,0,0.027880802061822113,tagalog,comment,True,majority,3-0,0,0
t1_p4n9omu,0,0.001081715221516788,-6.828125,0,0.13320931792259216,0,0.02120353956856762,taglish,comment,True,unanimous,3-0,0,0
t1_p5rb0d1,0,0.008711384609341621,-4.734375,0,0.2924267053604126,0,0.0655540906515723,tagalog,comment,True,majority,3-0,0,0
t1_p5rp9n2,0,0.02460992895066738,-3.6796875,0,0.35146039724349976,0,0.11253000808975025,taglish,comment,True,majority,3-0,0,0
t1_p3vcc6j,0,0.0007321811863221228,-7.21875,0,0.09122252464294434,0,0.017100713773272696,tagalog,comment,True,majority,3-0,0,0
t1_p6d679g,0,0.0029810327105224133,-5.8125,0,0.11233681440353394,0,0.03689255079703776,taglish,comment,True,majority,3-0,0,0
t1_p5jdxsd,0,0.005384938325732946,-5.21875,0,0.14275166392326355,0,0.0507421083497877,english,comment,True,majority,3-0,0,0
t1_p6m71t4,0,0.0005614788387902081,-7.484375,0,0.0691351369023323,0,0.014767287395490165,tagalog,comment,True,adjudicator,2-1,0,0
t3_1vquf6s,0,0.002800926798954606,-5.875,0,0.20138823986053467,0,0.03566626093714118,taglish,submission,True,unanimous,3-0,0,0
t1_p4svbbp,0,0.22135066986083984,-1.2578125,0,0.43527930974960327,1,0.3305002452266541,taglish,comment,True,majority,3-0,0,0
t1_p7mkfgf,0,0.0006462032324634492,-7.34375,0,0.09064941108226776,0,0.015960637976263764,english,comment,True,majority,3-0,0,0
t1_p4ncmm6,0,0.0018102111062034965,-6.3125,0,0.1885162889957428,0,0.02811946525674957,taglish,comment,True,majority,3-0,0,0
t1_p5rr64z,0,0.16184942424297333,-1.64453125,0,0.5260826349258423,1,0.28435475960812884,taglish,comment,True,majority,3-0,0,0
t1_p6dbzkq,0,0.0007793660624884069,-7.15625,0,0.1262662261724472,0,0.01770039302206777,taglish,comment,True,adjudicator,2-1,0,0
t1_p7i5fbw,0,0.007345826830714941,-4.90625,0,0.14259415864944458,0,0.0598870515352558,taglish,comment,True,majority,3-0,0,0
t1_p7k60wy,0,0.002082970691844821,-6.171875,0,0.3267892301082611,0,0.030358563117324502,tagalog,comment,True,adjudicator,2-1,0,0
t1_p754306,0,0.0013885231455788016,-6.578125,0,0.15702061355113983,0,0.02431970994248584,english,comment,True,adjudicator,2-1,0,1
t1_p5qpka7,0,0.0032730652019381523,-5.71875,0,0.09183382242918015,0,0.03880829284256241,taglish,comment,True,majority,3-0,0,0
t1_p2f82p9,0,0.0011335690505802631,-6.78125,0,0.19369202852249146,0,0.02175646106332701,taglish,comment,True,adjudicator,2-1,0,0
t1_p6yzgsq,0,0.007937993854284286,-4.828125,0,0.3360806107521057,0,0.06240377989960103,english,comment,True,majority,3-0,0,0
t1_p2f72om,0,0.000487857119878754,-7.625,0,0.05800096318125725,0,0.013661922915283571,taglish,comment,True,unanimous,3-0,0,0
t1_p50ttd5,0,0.49389296770095825,-0.0244293212890625,0,0.701997697353363,1,0.49657243044041255,english,comment,True,adjudicator,2-1,0,1
t1_p7l71t3,0,0.2798284888267517,-0.9453125,0,0.5978072881698608,1,0.37039125298856784,tagalog,comment,True,adjudicator,2-1,0,1
t1_p516l7j,0,0.004133968148380518,-5.484375,0,0.3133310079574585,0,0.044023851448754196,taglish,comment,True,unanimous,3-0,0,0
t1_p5d2mg5,0,0.011597361415624619,-4.4453125,0,0.17386797070503235,0,0.07622019472374213,english,comment,True,unanimous,3-0,0,0
t3_1vrjcnw,0,0.0005193048855289817,-7.5625,0,0.06686823070049286,0,0.014142747515159343,english,submission,True,majority,3-0,0,0
t1_p6zz41t,0,0.07369627058506012,-2.53125,0,0.38882213830947876,0,0.19456502770440665,taglish,comment,True,majority,3-0,0,0
t1_p5jmmrx,1,0.0030278346966952085,-5.796875,0,0.10390381515026093,0,0.037205403298071545,taglish,comment,True,majority,3-0,1,1
t1_p30b0xz,0,0.000552778597921133,-7.5,0,0.1059923991560936,0,0.014640243318907798,tagalog,comment,True,adjudicator,3-0,0,0
t1_p6mx9qt,0,0.0005703156930394471,-7.46875,0,0.09297346323728561,0,0.014895417260747255,taglish,comment,True,majority,3-0,0,0
t1_p6ksuoj,0,0.001367025775834918,-6.59375,0,0.1128491759300232,0,0.024112496932114834,taglish,comment,True,majority,3-0,0,0
t1_p56ybe4,0,0.03210070729255676,-3.40625,0,0.31894317269325256,0,0.1287907521041998,english,comment,True,majority,3-0,0,0
t1_p6m8vbx,0,0.0006563728675246239,-7.328125,0,0.10668426007032394,0,0.016098952878037195,taglish,comment,True,unanimous,3-0,0,0
t1_p7fn2tx,0,0.32809871435165405,-0.716796875,0,0.6692593097686768,1,0.40076259291552224,taglish,comment,True,adjudicator,2-1,0,0
t1_p79bm3n,0,0.04742587357759476,-3.0,0,0.31960681080818176,0,0.15660706427666654,taglish,comment,True,unanimous,3-0,0,0
t1_p6y1eoh,0,0.001597845577634871,-6.4375,0,0.1409142017364502,0,0.02626441741204824,taglish,comment,True,unanimous,3-0,0,0
t1_p7a7sqn,0,0.06371499598026276,-2.6875,0,0.3641435503959656,0,0.18118962685121043,taglish,comment,True,majority,3-0,0,0
t1_p60muff,0,0.06853749603033066,-2.609375,0,0.5579591393470764,0,0.18778579134624687,taglish,comment,True,unanimous,3-0,0,0
t1_p79lawq,0,0.03760863468050957,-3.2421875,0,0.39243993163108826,0,0.13947993095526473,taglish,comment,True,adjudicator,2-1,0,0
t1_p6xg25u,0,0.008711384609341621,-4.734375,0,0.3712853193283081,0,0.0655540906515723,taglish,comment,True,majority,3-0,0,0
t1_p5r80av,0,0.002714985515922308,-5.90625,0,0.16972319781780243,0,0.03506792766728798,english,comment,True,majority,3-0,0,0
t1_p74ueit,0,0.039048291742801666,-3.203125,0,0.34879815578460693,0,0.1421321114416574,taglish,comment,True,unanimous,3-0,0,0
t1_p77rfio,0,0.002714985515922308,-5.90625,0,0.11440541595220566,0,0.03506792766728798,english,comment,True,majority,3-0,0,0
t1_p7332av,0,0.011331754736602306,-4.46875,0,0.23239938914775848,0,0.07529917047428657,taglish,comment,True,majority,3-0,0,0
t1_p68a85m,0,0.0013458605390042067,-6.609375,0,0.1495753526687622,0,0.02390700619329433,taglish,comment,True,majority,3-0,0,0
t1_p7kj0wi,0,0.005730246659368277,-5.15625,0,0.1989137977361679,0,0.05245854405776818,taglish,comment,True,majority,3-0,0,0
t1_p77mqk2,0,0.0012448433553799987,-6.6875,0,0.07816227525472641,0,0.022904914560453835,taglish,comment,True,majority,3-0,0,0
t1_p6xzxgn,0,0.003172682598233223,-5.75,0,0.13619139790534973,0,0.038159334976386884,english,comment,True,majority,3-0,0,0
t1_p656jyx,0,0.0011695103021338582,-6.75,0,0.2685418725013733,0,0.02213288201198187,taglish,comment,True,unanimous,3-0,0,0
t1_p76rjoy,0,0.03963883966207504,-3.1875,0,0.32109516859054565,0,0.14320470845148725,english,comment,True,majority,3-0,0,0
t1_p4ebxzn,0,0.001838665222749114,-6.296875,0,0.06907132267951965,0,0.02836011183776671,taglish,comment,True,unanimous,3-0,0,0
t1_p50l9c6,0,0.026155617088079453,-3.6171875,0,0.22200021147727966,0,0.11608093443551244,english,comment,True,majority,3-0,0,0
t1_p4u29jx,0,0.0029810327105224133,-5.8125,0,0.20640501379966736,0,0.03689255079703776,english,comment,True,majority,3-0,0,0
t1_p5jq0y1,0,0.0020190139766782522,-6.203125,0,0.08825457096099854,0,0.029846515336618872,tagalog,comment,True,majority,3-0,0,0
t1_p6yggb7,0,0.001032231142744422,-6.875,0,0.10035937279462814,0,0.02066437325746141,taglish,comment,True,unanimous,3-0,0,0
t1_p78bc8f,0,0.1041124165058136,-2.15234375,0,0.4732860028743744,1,0.23006183476382264,taglish,comment,True,adjudicator,2-1,0,0
t3_1vqkgz7,0,0.0008969393675215542,-7.015625,0,0.11096581071615219,0,0.019126167739136283,taglish,submission,True,unanimous,3-0,0,0
t1_p7dm83y,0,0.00482972152531147,-5.328125,0,0.13790905475616455,0,0.04786560306024229,taglish,comment,True,unanimous,3-0,0,0
t1_p5radv6,0,0.0004173157794866711,-7.78125,0,0.043329786509275436,0,0.012529275469675564,taglish,comment,True,majority,3-0,0,0
t1_p5jpj4g,0,0.0030278346966952085,-5.796875,0,0.16138878464698792,0,0.037205403298071545,taglish,comment,True,unanimous,3-0,0,0
t1_p5j1wvv,0,0.0005357805639505386,-7.53125,0,0.05996670573949814,0,0.014389376918514407,taglish,comment,True,majority,3-0,0,0
t1_p786rb7,0,0.004755199886858463,-5.34375,0,0.1912270039319992,0,0.04746753054191497,english,comment,True,adjudicator,2-1,0,0
t1_p2zj4x8,1,0.9556514620780945,3.0703125,1,0.921112060546875,1,0.8485347263633132,tagalog,comment,True,adjudicator,3-0,1,1
t1_p703ag7,0,0.002115703420713544,-6.15625,0,0.185306116938591,0,0.030617768234140915,english,comment,True,majority,3-0,0,0
t1_p5req1g,0,0.0025909794494509697,-5.953125,0,0.1923290193080902,0,0.03418853003842758,tagalog,comment,True,adjudicator,2-1,0,0
t1_p7i8gqv,0,0.0061929901130497456,-5.078125,0,0.12686662375926971,0,0.05468125029979338,english,comment,True,majority,3-0,0,0
t1_p7i7nbd,0,0.06656918674707413,-2.640625,0,0.4134868383407593,0,0.18512541959976891,english,comment,True,majority,3-0,0,0
t1_p774l94,0,0.03541072830557823,-3.3046875,0,0.36438891291618347,0,0.1353228084907594,taglish,comment,True,majority,3-0,0,0
t1_p2e3ng6,0,0.0007554056355729699,-7.1875,0,0.0661114901304245,0,0.017398015590101124,tagalog,comment,True,adjudicator,3-0,0,0
t1_p5l64f2,0,0.0009850084315985441,-6.921875,0,0.1275513470172882,0,0.02013863485454007,taglish,comment,True,majority,3-0,0,0
t1_p5jao1x,0,0.0019267346942797303,-6.25,0,0.07525627315044403,0,0.029094106998256004,taglish,comment,True,unanimous,3-0,0,0
t1_p50s65k,1,0.46842870116233826,-0.12645339965820312,0,0.6959871649742126,1,0.482265050397881,english,comment,True,adjudicator,2-1,1,1
t1_p511awz,0,0.05877655744552612,-2.7734375,0,0.313586950302124,0,0.1741438148299405,english,comment,True,majority,3-0,0,0
t1_p7b1teo,0,0.8902942538261414,2.09375,1,0.8326795101165771,1,0.7640615633401705,taglish,comment,True,unanimous,3-0,0,0
t1_p7537xf,0,0.000954731716774404,-6.953125,0,0.09494815766811371,0,0.019795444105885653,taglish,comment,True,unanimous,3-0,0,0
t1_p76tjj1,0,0.0017546144081279635,-6.34375,0,0.08481886982917786,0,0.027644106896874285,taglish,comment,True,majority,3-0,0,0
t3_1viin45,0,0.0004173157794866711,-7.78125,0,0.0478571280837059,0,0.012529275469675564,english,submission,True,unanimous,3-0,0,0
t1_p7itlm8,0,0.0006667023408226669,-7.3125,0,0.06612467020750046,0,0.016238446637162222,taglish,comment,True,majority,3-0,0,0
t1_p30b5x6,0,0.0006361912237480283,-7.359375,0,0.10029240697622299,0,0.015823492302052267,taglish,comment,True,unanimous,3-0,0,0
t1_p7kdtat,0,0.0017546144081279635,-6.34375,0,0.17247943580150604,0,0.027644106896874285,taglish,comment,True,majority,3-0,0,0
t1_p3jg6ib,0,0.004468384198844433,-5.40625,0,0.2565002143383026,0,0.04590648823794653,taglish,comment,True,majority,3-0,0,0
t1_p51b42d,0,0.0030278346966952085,-5.796875,0,0.08080017566680908,0,0.037205403298071545,english,comment,True,adjudicator,2-1,0,0
t1_p5j8j22,0,0.001674399245530367,-6.390625,0,0.13831722736358643,0,0.02694567755022904,taglish,comment,True,unanimous,3-0,0,0
t1_p74pqmh,0,0.023153413087129593,-3.7421875,0,0.5638427734375,0,0.10907430096723089,tagalog,comment,True,adjudicator,2-1,0,1
t1_p7dnrk5,0,0.0015731120947748423,-6.453125,0,0.18971005082130432,0,0.026041077014244022,taglish,comment,True,unanimous,3-0,0,0
t1_p403hxf,0,0.003429603995755315,-5.671875,0,0.12347271293401718,0,0.03980162301306125,english,comment,True,majority,3-0,0,0
t1_p7i4tmq,0,0.9771973490715027,3.7578125,1,0.945887565612793,1,0.8917749510368805,taglish,comment,True,adjudicator,2-1,0,1
t1_p5zu0gn,0,0.002800926798954606,-5.875,0,0.07936909794807434,0,0.03566626093714118,taglish,comment,True,unanimous,3-0,0,0
t1_p3vf3pc,0,0.0011335690505802631,-6.78125,0,0.09095519036054611,0,0.02175646106332701,taglish,comment,True,unanimous,3-0,0,0
t1_p77qzm1,0,0.0009850084315985441,-6.921875,0,0.07499870657920837,0,0.02013863485454007,english,comment,True,majority,3-0,0,0
t1_p50f0y7,0,0.0030278346966952085,-5.796875,0,0.23333680629730225,0,0.037205403298071545,taglish,comment,True,unanimous,3-0,0,0
t1_p51cx9a,0,0.004264634568244219,-5.453125,0,0.24966149032115936,0,0.04476790232060008,taglish,comment,True,majority,3-0,0,0
t1_p5pqaac,0,0.0010005043586716056,-6.90625,0,0.06762803345918655,0,0.02031240891044831,taglish,comment,True,majority,3-0,0,0
t1_p616jzp,0,0.0064882696606218815,-5.03125,0,0.38115793466567993,0,0.056057167341406984,taglish,comment,True,adjudicator,2-1,0,0
t1_p6ys9v5,0,0.0028449094388633966,-5.859375,0,0.13835206627845764,0,0.03596910275109087,english,comment,True,unanimous,3-0,0,0
t1_p7i4ckh,0,0.04084571823477745,-3.15625,0,0.2892746329307556,0,0.14537012303369642,english,comment,True,majority,3-0,0,0
t1_p3xq6o6,0,0.0015011822106316686,-6.5,0,0.09014451503753662,0,0.025382091058865915,taglish,comment,True,unanimous,3-0,0,0
t1_p7mid55,1,0.551211416721344,0.20556640625,1,0.7500219345092773,1,0.5288106117902142,taglish,comment,True,adjudicator,2-1,1,1
t1_p74t9az,0,0.0011160142021253705,-6.796875,0,0.13485956192016602,0,0.021570605049528634,taglish,comment,True,majority,3-0,0,0
t1_p7ky524,0,0.012241275049746037,-4.390625,0,0.2523770332336426,0,0.07840956668395933,taglish,comment,True,unanimous,3-0,0,0
t1_p519qku,0,0.00214894930832088,-6.140625,0,0.06980995088815689,0,0.030879115996896037,english,comment,True,majority,3-0,0,0
t1_p6cmyu9,0,0.00047285438631661236,-7.65625,0,0.09069100022315979,0,0.013427591981258072,taglish,comment,True,unanimous,3-0,0,0
t1_p5pfccl,0,0.0032224843744188547,-5.734375,0,0.10019900649785995,0,0.038482500701258325,english,comment,True,majority,3-0,0,0
t1_p7kax5v,0,0.0025509123224765062,-5.96875,0,0.19529989361763,0,0.03390015257688779,taglish,comment,True,majority,3-0,0,0
t1_p7k3r6i,0,0.0055549247190356255,-5.1875,0,0.2191610187292099,0,0.051593577040579104,english,comment,True,adjudicator,2-1,0,0
t1_p6oquzf,0,0.0005976693355478346,-7.421875,0,0.04232914000749588,0,0.015286411829338264,taglish,comment,True,majority,3-0,0,0
t1_p7mdh91,0,0.023153413087129593,-3.7421875,0,0.34511590003967285,0,0.10907430096723089,taglish,comment,True,adjudicator,2-1,0,0
t1_p77ttcl,0,0.0008969393675215542,-7.015625,0,0.07796885818243027,0,0.019126167739136283,english,comment,True,majority,3-0,0,0
t1_p6x4hml,0,0.026963496580719948,-3.5859375,0,0.4618535041809082,0,0.11789264171228415,english,comment,True,majority,3-0,0,0
t1_p7i5trb,0,0.8933094143867493,2.125,1,0.8710338473320007,1,0.767208594074629,tagalog,comment,True,adjudicator,2-1,0,0
t1_p3gv5a5,0,0.003172682598233223,-5.75,0,0.09580348432064056,0,0.038159334976386884,english,comment,True,majority,3-0,0,0
t1_p5d361k,0,0.013955711387097836,-4.2578125,0,0.35353097319602966,0,0.08396792728592328,taglish,comment,True,majority,3-0,0,0
t1_p5pzo7z,0,0.0011160142021253705,-6.796875,0,0.09514662623405457,0,0.021570605049528634,english,comment,True,majority,3-0,0,0
t1_p7k9qph,0,0.004755199886858463,-5.34375,0,0.37419742345809937,0,0.04746753054191497,tagalog,comment,True,adjudicator,2-1,0,0
t1_p72wy0h,0,0.010328153148293495,-4.5625,0,0.19399425387382507,0,0.07171648585065865,taglish,comment,True,majority,3-0,0,0
t1_p3icjj8,0,0.0025114635936915874,-5.984375,0,0.10294699668884277,0,0.03361412289700238,taglish,comment,True,unanimous,3-0,0,0
t1_p511qag,0,0.04054073989391327,-3.1640625,0,0.2329500913619995,0,0.14482623504479436,english,comment,True,adjudicator,2-1,0,0
t1_p41suvt,0,0.0038844766095280647,-5.546875,0,0.12957948446273804,0,0.04257099834829676,english,comment,True,majority,3-0,0,0
t1_p5ibfw2,0,0.014392335899174213,-4.2265625,0,0.33124178647994995,0,0.08532681967544196,taglish,comment,True,majority,3-0,0,0
t1_p73gjdk,0,0.006692850962281227,-5.0,0,0.1957552284002304,0,0.05699246963116262,english,comment,True,majority,3-0,0,0
t1_p74tfnh,0,0.008711384609341621,-4.734375,0,0.20009884238243103,0,0.0655540906515723,taglish,comment,True,unanimous,3-0,0,0
t1_p7kcbjl,0,0.005139610730111599,-5.265625,0,0.23318515717983246,0,0.04948980911482951,taglish,comment,True,majority,3-0,0,0
t1_p5pzvsc,0,0.0010162440594285727,-6.890625,0,0.0936419814825058,0,0.02048765109133822,taglish,comment,True,unanimous,3-0,0,0
t1_p4se7l8,1,0.8824278712272644,2.015625,1,0.8353620767593384,1,0.7560660564367324,taglish,comment,True,unanimous,3-0,1,1
t1_p7i68z2,0,0.14706452190876007,-1.7578125,0,0.4827270209789276,1,0.27159624959315287,taglish,comment,True,majority,3-0,0,0
t1_p50w0db,1,0.25945019721984863,-1.048828125,0,0.5336483716964722,1,0.3569481368545427,english,comment,True,adjudicator,2-1,1,0
t1_p60419u,0,0.0014779430348426104,-6.515625,0,0.16505621373653412,0,0.02516605964303529,taglish,comment,True,adjudicator,2-1,0,0
t1_p72nurl,0,0.018689310178160667,-3.9609375,0,0.2425684779882431,0,0.09770392209211286,taglish,comment,True,majority,3-0,0,0
t1_p2t7bog,0,0.00214894930832088,-6.140625,0,0.22674250602722168,0,0.030879115996896037,taglish,comment,True,majority,3-0,0,0
t1_p3vjl3w,0,0.002251847181469202,-6.09375,0,0.10729130357503891,0,0.03167618073058643,taglish,comment,True,majority,3-0,0,0
t1_p5zvoje,0,0.0010649627074599266,-6.84375,0,0.08634202927350998,0,0.021022305418890413,taglish,comment,True,majority,3-0,0,0
t1_p2ybi8j,0,0.0071214293129742146,-4.9375,0,0.32976800203323364,0,0.05890721370277696,english,comment,True,adjudicator,2-1,0,0
t1_p607m5q,0,0.0013885231455788016,-6.578125,0,0.18803153932094574,0,0.02431970994248584,taglish,comment,True,unanimous,3-0,0,0
t1_p6scrqj,0,0.056236349046230316,-2.8203125,0,0.3653917908668518,0,0.17039267319618037,tagalog,comment,True,majority,3-0,0,0
t1_p72vzbh,0,0.23022674024105072,-1.20703125,0,0.6599463224411011,1,0.3368366188539718,english,comment,True,adjudicator,2-1,0,1
t1_p5c7f23,0,0.019870713353157043,-3.8984375,0,0.34272322058677673,0,0.10084016512310716,taglish,comment,True,unanimous,3-0,0,0
t1_p4s8zys,0,0.9492946267127991,2.9296875,1,0.852597713470459,1,0.8381098984487251,tagalog,comment,True,adjudicator,2-1,0,1
t1_p4qzg0c,0,0.010328153148293495,-4.5625,0,0.14763644337654114,0,0.07171648585065865,tagalog,comment,True,adjudicator,2-1,0,0
t1_p4t4jul,0,0.07263670861721039,-2.546875,0,0.4016890227794647,0,0.1931944851928733,taglish,comment,True,majority,3-0,0,0
t1_p7i6szx,0,0.12984344363212585,-1.90234375,0,0.44917064905166626,1,0.2558494214137658,taglish,comment,True,adjudicator,3-0,0,0
t1_p74to1m,0,0.08756383508443832,-2.34375,0,0.6172597408294678,0,0.2115870984139343,taglish,comment,True,adjudicator,2-1,0,0
t1_p4o3le5,0,0.008315778337419033,-4.78125,0,0.11545615643262863,0,0.06396086741332643,taglish,comment,True,majority,3-0,0,0
t1_p6d76ne,0,0.00172745855525136,-6.359375,0,0.11528079211711884,0,0.027409364507913175,taglish,comment,True,unanimous,3-0,0,0
t1_p5dnuvy,0,0.007011795416474342,-4.953125,0,0.18847215175628662,0,0.058422948549715636,taglish,comment,True,unanimous,3-0,0,0
t1_p72rnxm,1,0.09041372686624527,-2.30859375,0,0.5047639608383179,0,0.2148972768849612,taglish,comment,True,majority,3-0,1,1
t1_p4rv6tw,1,0.8344069123268127,1.6171875,1,0.7415172457695007,1,0.7125120333896787,tagalog,comment,True,adjudicator,2-1,1,1
t1_p6sehwy,0,0.04742587357759476,-3.0,0,0.2955273389816284,0,0.15660706427666654,english,comment,True,majority,3-0,0,0
t1_p77votq,0,0.003123648464679718,-5.765625,0,0.08962156623601913,0,0.03783877631164071,taglish,comment,True,majority,3-0,0,0
t1_p77wqnl,0,0.00628990214318037,-5.0625,0,0.20248091220855713,0,0.055136316831376604,taglish,comment,True,unanimous,3-0,0,0
t1_p516l0e,0,0.002217013156041503,-6.109375,0,0.08634595572948456,0,0.03140830558159979,english,comment,True,majority,3-0,0,0
t1_p602o0j,0,0.00178219610825181,-6.328125,0,0.1742595136165619,0,0.027880802061822113,taglish,comment,True,unanimous,3-0,0,0
t1_p77ydf9,0,0.0018102111062034965,-6.3125,0,0.0654716044664383,0,0.02811946525674957,taglish,comment,True,unanimous,3-0,0,0
t1_p3y6r7v,0,0.0008693673880770802,-7.046875,0,0.10904248803853989,0,0.01879989982083823,taglish,comment,True,unanimous,3-0,0,0
t1_p6sjv6d,0,0.043365802615880966,-3.09375,0,0.30462393164634705,0,0.14978243330770136,taglish,comment,True,majority,3-0,0,0
t1_p6sqvf3,0,0.02595735713839531,-3.625,0,0.2500688433647156,0,0.11563180248302748,english,comment,True,majority,3-0,0,0
t1_p4rrt41,0,0.03138043358922005,-3.4296875,0,0.16855323314666748,0,0.12732203398147005,taglish,comment,True,adjudicator,2-1,0,1
t1_p72u7fx,0,0.008711384609341621,-4.734375,0,0.20059286057949066,0,0.0655540906515723,english,comment,True,majority,3-0,0,0
