reddit_fullname,y_true,prob,margin,pred,gate_conv,gate_temp,gate_ret,pred_tuned,prob_cal,language,record_type,natural,resolved_by,sarcasm_votes,sarcastic_adjudicated,sarcastic_majority
t1_p170d0o,0,0.05877655744552612,-2.7734375,0,0.28344669938087463,0.3560090661048889,0.36054420471191406,0,0.1357499608101176,taglish,comment,True,majority,3-0,0,0
t1_p170sk2,0,0.1427091360092163,-1.79296875,0,0.3285024166107178,0.32367148995399475,0.3478260934352875,0,0.2320693692093925,tagalog,comment,True,majority,3-0,0,0
t1_p174s1z,0,0.513706624507904,0.054840087890625,1,0.395225465297699,0.30371353030204773,0.3010610044002533,0,0.5091493204731643,taglish,comment,True,unanimous,3-0,0,0
t1_p1753z6,0,0.05070536583662033,-2.9296875,0,0.26177436113357544,0.3964950740337372,0.3417305648326874,0,0.12397314061872038,taglish,comment,True,majority,3-0,0,0
t1_p179xnz,0,0.7570766806602478,1.13671875,1,0.44243207573890686,0.27813711762428284,0.2794307768344879,1,0.6810646342183521,tagalog,comment,True,majority,3-0,0,0
t1_p1803rr,0,0.08694165199995041,-2.3515625,0,0.29113924503326416,0.3544303774833679,0.3544303774833679,0,0.17229058121502375,taglish,comment,True,majority,3-0,0,0
t1_p1m5x7f,0,0.14033624529838562,-1.8125,0,0.36343613266944885,0.3127753436565399,0.3237885534763336,0,0.2297543813979157,tagalog,comment,True,unanimous,3-0,0,0
t1_p1t5z9b,0,0.05146276578307152,-2.9140625,0,0.31376975774765015,0.34085777401924133,0.3453724682331085,0,0.12511015680545595,taglish,comment,True,unanimous,3-0,0,0
t1_p1t667x,0,0.052618954330682755,-2.890625,0,0.2833675444126129,0.4065708518028259,0.31006160378456116,0,0.12683242906944966,taglish,comment,True,majority,3-0,0,0
t1_p1tc4gj,0,0.08035747706890106,-2.4375,0,0.31991052627563477,0.34228187799453735,0.3378075957298279,0,0.16426424872868958,english,comment,True,majority,3-0,0,0
t1_p1tgod4,0,0.1352320909500122,-1.85546875,0,0.3095238208770752,0.3398268520832062,0.350649356842041,0,0.2247186504522136,tagalog,comment,True,adjudicator,2-1,0,0
t1_p1tx8go,0,0.42298123240470886,-0.310546875,0,0.36222508549690247,0.3156532943248749,0.32212159037590027,0,0.44836841077796336,tagalog,comment,True,unanimous,3-0,0,0
t1_p1u8a4a,0,0.1778108775615692,-1.53125,0,0.3186582922935486,0.3836477994918823,0.2976939082145691,0,0.2646405838244442,english,comment,True,majority,3-0,0,0
t1_p1xk6cu,0,0.01342825498431921,-4.296875,0,0.24409449100494385,0.37570303678512573,0.3802024722099304,0,0.053767455021007354,taglish,comment,True,unanimous,3-0,0,0
t1_p1xs63v,0,0.5526604652404785,0.21142578125,1,0.3568281829357147,0.3788546323776245,0.26431718468666077,0,0.5352190242490334,tagalog,comment,True,adjudicator,2-1,0,0
t1_p1yfwf0,0,0.9190633296966553,2.4296875,1,0.4579710066318512,0.2811594307422638,0.260869562625885,1,0.8350186818737988,tagalog,comment,True,adjudicator,2-1,0,1
t1_p21vsuy,0,0.5652987360954285,0.2626953125,1,0.390720397233963,0.291819304227829,0.3174603283405304,0,0.543720082863309,tagalog,comment,True,adjudicator,2-1,0,0
t1_p225yow,0,0.12721826136112213,-1.92578125,0,0.3311688303947449,0.32900431752204895,0.3398268520832062,0,0.21664858548075397,taglish,comment,True,majority,3-0,0,0
t1_p226o49,0,0.1859472095966339,-1.4765625,0,0.3180827796459198,0.3681917190551758,0.3137255012989044,0,0.2718043539584197,taglish,comment,True,unanimous,3-0,0,0
t1_p22gufq,0,0.07107366621494293,-2.5703125,0,0.2863849699497223,0.34976527094841003,0.3638497591018677,0,0.15245457144399324,tagalog,comment,True,adjudicator,2-1,0,0
t1_p27676o,0,0.023870835080742836,-3.7109375,0,0.3221757411956787,0.3368200957775116,0.3410041928291321,0,0.07750398972330617,tagalog,comment,True,adjudicator,3-0,0,0
t1_p27mq1d,0,0.3259495198726654,-0.7265625,0,0.3425692617893219,0.32241812348365784,0.3350125849246979,0,0.38109047356954906,taglish,comment,True,unanimous,3-0,0,0
t1_p27mrqh,0,0.03514484316110611,-3.3125,0,0.3207547068595886,0.34381550550460815,0.33542975783348083,0,0.0987822912282924,taglish,comment,True,adjudicator,2-1,0,1
t1_p27mvrh,0,0.6783269047737122,0.74609375,1,0.4031830132007599,0.2957559823989868,0.3010610044002533,1,0.6219792952519484,taglish,comment,True,unanimous,3-0,0,0
t1_p27n0ke,0,0.9130584001541138,2.3515625,1,0.47074466943740845,0.28723403811454773,0.24202127754688263,1,0.8277094187849763,taglish,comment,True,adjudicator,2-1,0,0
t1_p27u5zq,1,0.18068422377109528,-1.51171875,0,0.3259911835193634,0.34140968322753906,0.33259913325309753,0,0.2671851492606243,taglish,comment,True,unanimous,3-0,1,1
t1_p27yi19,0,0.6127732396125793,0.458984375,1,0.41298702359199524,0.2948051989078522,0.2922077775001526,0,0.575990502743304,tagalog,comment,True,majority,3-0,0,0
t1_p27zybu,0,0.34554681181907654,-0.638671875,0,0.3488371968269348,0.3255814015865326,0.3255814015865326,0,0.39501920344884256,tagalog,comment,True,adjudicator,2-1,0,1
t1_p2800xg,0,0.8370879292488098,1.63671875,1,0.46666666865348816,0.23866666853427887,0.29466667771339417,1,0.7488293832790612,taglish,comment,True,unanimous,3-0,0,0
t1_p2801kr,0,0.83601975440979,1.62890625,1,0.4506666660308838,0.2826666533946991,0.2666666805744171,1,0.7478474007409451,tagalog,comment,True,adjudicator,2-1,0,0
t1_p2861tb,0,0.8370879292488098,1.63671875,1,0.4327784776687622,0.30217668414115906,0.26504480838775635,1,0.7488293832790612,taglish,comment,True,adjudicator,2-1,0,1
t1_p2876z5,0,0.2759094536304474,-0.96484375,0,0.31980907917022705,0.33651551604270935,0.3436754047870636,0,0.34435284084346685,taglish,comment,True,adjudicator,2-1,0,0
t1_p292hor,0,0.01956867426633835,-3.9140625,0,0.30497926473617554,0.35062241554260254,0.3443983495235443,0,0.06834951198067311,taglish,comment,True,unanimous,3-0,0,0
t1_p2e3ng6,0,0.020645931363105774,-3.859375,0,0.2797356843948364,0.36563876271247864,0.35462555289268494,0,0.07071066150690798,tagalog,comment,True,adjudicator,3-0,0,0
t1_p2e6wb4,0,0.017045317217707634,-4.0546875,0,0.3083333373069763,0.3479166626930237,0.34375,0,0.06260971666102977,taglish,comment,True,majority,3-0,0,0
t1_p2ejama,0,0.016914913430809975,-4.0625,0,0.28913044929504395,0.3586956560611725,0.35217392444610596,0,0.06230439258014034,tagalog,comment,True,majority,3-0,0,0
t1_p2f6nj0,0,0.011331754736602306,-4.46875,0,0.2397540956735611,0.4303278625011444,0.3299180269241333,0,0.048221250361983936,english,comment,True,majority,3-0,0,0
t1_p2f72om,0,0.009125636890530586,-4.6875,0,0.2277432680130005,0.4306418299674988,0.34161490201950073,0,0.04194560451990207,taglish,comment,True,unanimous,3-0,0,0
t1_p2f82p9,0,0.1629120409488678,-1.63671875,0,0.2983871102333069,0.4072580635547638,0.2943548262119293,0,0.25117061672093893,taglish,comment,True,adjudicator,2-1,0,0
t1_p2fjeqv,0,0.018546564504504204,-3.96875,0,0.2984496057033539,0.39534884691238403,0.3062015473842621,0,0.0660616004608415,english,comment,True,majority,3-0,0,0
t1_p2fvg69,0,0.06853749603033066,-2.609375,0,0.33622559905052185,0.33405640721321106,0.3297179937362671,0,0.1491163058173886,tagalog,comment,True,adjudicator,2-1,0,0
t1_p2h3oav,0,0.11124119907617569,-2.078125,0,0.33564814925193787,0.32407405972480774,0.3402777910232544,0,0.1998899947221084,taglish,comment,True,unanimous,3-0,0,0
t1_p2hmf6m,0,0.026355354115366936,-3.609375,0,0.3205128312110901,0.34188035130500793,0.33760684728622437,0,0.08249133251610476,taglish,comment,True,unanimous,3-0,0,0
t1_p2id2ht,0,0.4222663938999176,-0.3134765625,0,0.3835616409778595,0.3138231635093689,0.3026151955127716,0,0.44788483936212437,english,comment,True,majority,3-0,0,0
t1_p2kp7px,0,0.015072628855705261,-4.1796875,0,0.2590090036392212,0.37162160873413086,0.36936935782432556,0,0.05788839963594308,english,comment,True,majority,3-0,0,0
t1_p2kqqji,0,0.05877655744552612,-2.7734375,0,0.2841409742832184,0.3700440526008606,0.345814973115921,0,0.1357499608101176,english,comment,True,majority,3-0,0,0
t1_p2lr6vc,0,0.06465348601341248,-2.671875,0,0.2974238991737366,0.34894612431526184,0.3536299765110016,0,0.14390073425212555,taglish,comment,True,majority,3-0,0,0
t1_p2n5l9y,0,0.018689310178160667,-3.9609375,0,0.31027254462242126,0.35010480880737305,0.3396226465702057,0,0.06638403332867755,taglish,comment,True,majority,3-0,0,0
t1_p2or0l1,0,0.6247515678405762,0.509765625,1,0.3973856270313263,0.30588236451148987,0.2967320382595062,0,0.5842458417367926,taglish,comment,True,unanimous,3-0,0,0
t1_p2r1osy,0,0.7627776861190796,1.16796875,1,0.39772728085517883,0.30539771914482117,0.296875,1,0.6855778647435462,taglish,comment,True,majority,3-0,0,0
t1_p2r1vu0,0,0.8080672025680542,1.4375,1,0.4255911111831665,0.29485395550727844,0.27955493330955505,1,0.7230048924363212,tagalog,comment,True,unanimous,3-0,0,0
t1_p2r1wa5,0,0.6540113091468811,0.63671875,1,0.36219337582588196,0.3189033269882202,0.3189033269882202,1,0.6046692317543888,tagalog,comment,True,majority,3-0,0,0
t1_p2r3dxn,0,0.5254296660423279,0.101806640625,1,0.3897685706615448,0.3191230297088623,0.2911083996295929,0,0.5169804125948193,tagalog,comment,True,unanimous,3-0,0,0
t1_p2regbb,0,0.8392075896263123,1.65234375,1,0.44026845693588257,0.28859061002731323,0.2711409330368042,1,0.7507857104514906,tagalog,comment,True,majority,3-0,0,0
t1_p2remor,0,0.32167303562164307,-0.74609375,0,0.3349514603614807,0.3276698887348175,0.3373786509037018,0,0.37802070474805166,english,comment,True,adjudicator,2-1,0,0
t1_p2repsp,0,0.11596072465181351,-2.03125,0,0.2782503068447113,0.3620899021625519,0.3596597909927368,0,0.2049405871113541,taglish,comment,True,majority,3-0,0,0
t1_p2rgdnv,0,0.02931223064661026,-3.5,0,0.2446448653936386,0.396843284368515,0.3585118353366852,0,0.08818745194844858,tagalog,comment,True,unanimous,3-0,0,0
t1_p2ri7dc,0,0.7013041377067566,0.853515625,1,0.3910891115665436,0.34405940771102905,0.26485148072242737,1,0.638683180439665,tagalog,comment,True,adjudicator,2-1,0,0
t1_p2s1lp7,0,0.9099069833755493,2.3125,1,0.4615384638309479,0.2739541232585907,0.2645074129104614,1,0.823959686443214,tagalog,comment,True,adjudicator,2-1,0,0
t1_p2s2gzc,0,0.6245225667953491,0.5087890625,1,0.3981154263019562,0.30388692021369934,0.2979976534843445,0,0.5840875146297442,english,comment,True,adjudicator,2-1,0,0
t1_p2s2ocq,0,0.00970847625285387,-4.625,0,0.22120285034179688,0.42405709624290466,0.35474005341529846,0,0.043654321186612735,taglish,comment,True,unanimous,3-0,0,0
t1_p2s61ly,0,0.06705629080533981,-2.6328125,0,0.29580575227737427,0.33774834871292114,0.366445928812027,0,0.14714243026838558,taglish,comment,True,unanimous,3-0,0,0
t1_p2s699m,0,0.025760557502508163,-3.6328125,0,0.22998987138271332,0.423505574464798,0.3465045690536499,0,0.08131510043664678,taglish,comment,True,unanimous,3-0,0,0
t1_p2sl5gs,0,0.5521775484085083,0.20947265625,1,0.3868778347969055,0.30995476245880127,0.3031674325466156,0,0.5348947376732667,taglish,comment,True,majority,3-0,0,0
t1_p2sn4ye,0,0.024053553119301796,-3.703125,0,0.24669604003429413,0.37444934248924255,0.3788546323776245,0,0.07787761355473509,taglish,comment,True,unanimous,3-0,0,0
t1_p2sv6o3,0,0.45217305421829224,-0.19189453125,0,0.3897158205509186,0.29364004731178284,0.3166441023349762,0,0.4680251365410706,taglish,comment,True,majority,3-0,0,0
t1_p2sw82v,1,0.02822098508477211,-3.5390625,0,0.30184805393218994,0.3470225930213928,0.35112935304641724,0,0.08611344924337094,taglish,comment,True,adjudicator,2-1,1,1
t1_p2t5hqv,0,0.015663648024201393,-4.140625,0,0.30785122513771057,0.3471074402332306,0.34504133462905884,0,0.059326744771127204,taglish,comment,True,majority,3-0,0,0
t1_p2t7bog,0,0.012053778395056725,-4.40625,0,0.22369764745235443,0.4249233901500702,0.3513789474964142,0,0.050172226822430145,taglish,comment,True,majority,3-0,0,0
t1_p2tp8go,0,0.024423090741038322,-3.6875,0,0.3072289228439331,0.33734938502311707,0.35542169213294983,0,0.07862981204962317,taglish,comment,True,majority,3-0,0,0
t1_p2tp8yk,0,0.3153141736984253,-0.775390625,0,0.35779815912246704,0.3302752375602722,0.31192660331726074,0,0.3734343929533118,english,comment,True,adjudicator,2-1,0,0
t1_p2tsbrl,0,0.013020490296185017,-4.328125,0,0.24758842587471008,0.403001070022583,0.3494105041027069,0,0.05271615260443792,taglish,comment,True,unanimous,3-0,0,0
t1_p2tsh2r,0,0.2958398759365082,-0.8671875,0,0.3755868673324585,0.31455397605895996,0.30985915660858154,0,0.35921377411044875,english,comment,True,majority,3-0,0,0
t1_p2tsuch,0,0.33895182609558105,-0.66796875,0,0.359649121761322,0.32236841320991516,0.3179824650287628,0,0.39035609104001034,taglish,comment,True,majority,3-0,0,0
t1_p2u0kv1,0,0.015189048834145069,-4.171875,0,0.30705395340919495,0.3464730381965637,0.3464730381965637,0,0.05817342560325391,taglish,comment,True,majority,3-0,0,0
t1_p2u10do,0,0.19253934919834137,-1.43359375,0,0.3418259024620056,0.3269639015197754,0.331210196018219,0,0.27751753366105314,tagalog,comment,True,adjudicator,2-1,0,0
t1_p2ubaij,0,0.12808823585510254,-1.91796875,0,0.33105021715164185,0.3378995358943939,0.33105021715164185,0,0.21753480809798245,taglish,comment,True,majority,3-0,0,0
t1_p2ufm58,0,0.01342825498431921,-4.296875,0,0.30364373326301575,0.3461538553237915,0.35020244121551514,0,0.053767455021007354,english,comment,True,majority,3-0,0,0
t1_p2ufyli,0,0.01384861022233963,-4.265625,0,0.3086419701576233,0.34156379103660583,0.3497942388057709,0,0.054838509530134236,english,comment,True,majority,3-0,0,0
t1_p2uhq0y,1,0.04742587357759476,-3.0,0,0.28969958424568176,0.3605150282382965,0.3497854173183441,0,0.11896586357988254,english,comment,True,majority,3-0,1,1
t1_p2ultws,0,0.2538610100746155,-1.078125,0,0.3616504967212677,0.31553396582603455,0.32281553745269775,0,0.3274894168276064,taglish,comment,True,unanimous,3-0,0,0
t1_p2umwyx,0,0.07423137128353119,-2.5234375,0,0.33123689889907837,0.3333333432674408,0.33542975783348083,0,0.15654111421856182,taglish,comment,True,unanimous,3-0,0,0
t1_p2unb9d,0,0.7859664559364319,1.30078125,1,0.4117647111415863,0.34558823704719543,0.24264705181121826,1,0.7043642138356313,taglish,comment,True,majority,3-0,0,0
t1_p2uwcht,0,0.015543648041784763,-4.1484375,0,0.3099173605442047,0.34504133462905884,0.34504133462905884,0,0.05903642222012067,taglish,comment,True,majority,3-0,0,0
t1_p2uyzyj,1,0.015306354500353336,-4.1640625,0,0.30425962805747986,0.3448275923728943,0.35091277956962585,0,0.05845976787439239,tagalog,comment,True,adjudicator,2-1,1,0
t1_p2v9pmv,0,0.017442483454942703,-4.03125,0,0.2683461010456085,0.3614457845687866,0.37020811438560486,0,0.0635340856224983,taglish,comment,True,majority,3-0,0,0
t1_p2vg49l,0,0.31027624011039734,-0.798828125,0,0.3554084002971649,0.315673291683197,0.32891830801963806,0,0.36978161303791685,english,comment,True,unanimous,3-0,0,0
t1_p2vijjk,0,0.2762998044490814,-0.962890625,0,0.3510638177394867,0.3085106313228607,0.3404255211353302,0,0.34464720920164954,taglish,comment,True,adjudicator,2-1,0,0
t1_p2vjmz5,0,0.06465348601341248,-2.671875,0,0.32765957713127136,0.33191490173339844,0.3404255211353302,0,0.14390073425212555,tagalog,comment,True,majority,3-0,0,0
t1_p2vofl1,0,0.051082734018564224,-2.921875,0,0.28863635659217834,0.3636363744735718,0.3477272689342499,0,0.12454053573064475,taglish,comment,True,majority,3-0,0,0
t1_p2wekrp,0,0.08632347732782364,-2.359375,0,0.3153347671031952,0.3304535746574402,0.3542116582393646,0,0.17154826972341217,english,comment,True,majority,3-0,0,0
t1_p2wkldr,1,0.7420480251312256,1.056640625,1,0.43939393758773804,0.28661617636680603,0.27398988604545593,1,0.6693447614938577,taglish,comment,True,unanimous,3-0,1,1
t1_p2wzjy8,0,0.039048291742801666,-3.203125,0,0.24064171314239502,0.41497325897216797,0.344385027885437,0,0.1054740035903615,english,comment,True,adjudicator,2-1,0,1
t1_p2x2qxx,0,0.24148938059806824,-1.14453125,0,0.3576158881187439,0.3090507686138153,0.3333333432674408,0,0.31780382712150684,taglish,comment,True,unanimous,3-0,0,0
t1_p2x47yo,0,0.5655386447906494,0.263671875,1,0.3919716775417328,0.3140496015548706,0.293978750705719,0,0.5438817767313022,english,comment,True,majority,3-0,0,0
t1_p2x9kms,0,0.1710611879825592,-1.578125,0,0.3389473557472229,0.33263158798217773,0.32842105627059937,0,0.2585972682867758,taglish,comment,True,unanimous,3-0,0,0
t1_p2xa3p1,0,0.1949802190065384,-1.41796875,0,0.30069929361343384,0.34032633900642395,0.3589743673801422,0,0.27961329481306696,english,comment,True,majority,3-0,0,0
t1_p2xcwww,0,0.7409248948097229,1.05078125,1,0.39518073201179504,0.35180723667144775,0.2530120611190796,1,0.6684786717566844,taglish,comment,True,unanimous,3-0,0,0
t1_p2xicor,0,0.7577943801879883,1.140625,1,0.44072166085243225,0.27963918447494507,0.27963918447494507,1,0.6816306714575732,tagalog,comment,True,adjudicator,2-1,0,0
t1_p2xls51,0,0.043691061437129974,-3.0859375,0,0.32083332538604736,0.33125001192092896,0.3479166626930237,0,0.11308431994056944,taglish,comment,True,adjudicator,2-1,0,0
t1_p2xq8v7,0,0.017176708206534386,-4.046875,0,0.30452674627304077,0.3477366268634796,0.3477366268634796,0,0.062916436595942,tagalog,comment,True,adjudicator,2-1,0,0
t1_p2y196r,0,0.24508504569530487,-1.125,0,0.33842796087265015,0.331877738237381,0.32969433069229126,0,0.32063668073480395,taglish,comment,True,majority,3-0,0,0
t1_p2y2mmi,0,0.2751297354698181,-0.96875,0,0.3644647002220154,0.31662869453430176,0.31890660524368286,0,0.34376446258597726,tagalog,comment,True,majority,3-0,0,0
t1_p2y4mmb,0,0.04535258188843727,-3.046875,0,0.30674847960472107,0.34355828166007996,0.349693238735199,0,0.11572564704921785,taglish,comment,True,unanimous,3-0,0,0
t1_p2y5zbe,0,0.4440825283527374,-0.224609375,0,0.35560858249664307,0.3245823383331299,0.31980907917022705,0,0.46259283375353855,taglish,comment,True,adjudicator,2-1,0,0
t1_p2y64j1,0,0.018404891714453697,-3.9765625,0,0.3105590045452118,0.34989649057388306,0.33954450488090515,0,0.06574062340085342,taglish,comment,True,majority,3-0,0,0
t1_p2y9hhq,0,0.10669060051441193,-2.125,0,0.3101952373981476,0.33839479088783264,0.3514099717140198,0,0.19493335293465128,tagalog,comment,True,adjudicator,2-1,0,0
t1_p2ybi8j,0,0.013222821988165379,-4.3125,0,0.24803149700164795,0.4114173352718353,0.3405511677265167,0,0.053239354818075665,english,comment,True,adjudicator,2-1,0,0
t1_p2yg5kp,0,0.012624949216842651,-4.359375,0,0.2566371560096741,0.37168142199516296,0.37168142199516296,0,0.05168428327240213,taglish,comment,True,majority,3-0,0,0
t1_p2yjd22,0,0.13072869181632996,-1.89453125,0,0.3650793731212616,0.31292515993118286,0.32199546694755554,0,0.22020915985788114,english,comment,True,adjudicator,2-1,0,1
t1_p2yp9nz,0,0.7412996292114258,1.052734375,1,0.4106280207633972,0.29830917716026306,0.2910628020763397,1,0.6687674954425973,taglish,comment,True,adjudicator,2-1,0,1
t1_p2yph9l,0,0.30611205101013184,-0.818359375,0,0.3381294906139374,0.32613909244537354,0.3357314169406891,0,0.3667489589572326,tagalog,comment,True,unanimous,3-0,0,0
t1_p2ypp7m,0,0.8074606657028198,1.43359375,1,0.39846742153167725,0.3269476294517517,0.27458491921424866,1,0.7224824663389469,tagalog,comment,True,majority,3-0,0,0
t1_p2ypqtn,0,0.7098243832588196,0.89453125,1,0.4129353165626526,0.305970162153244,0.2810945212841034,1,0.6449760612923238,tagalog,comment,True,adjudicator,2-1,0,0
t1_p2ypu78,1,0.802555501461029,1.40234375,1,0.42408376932144165,0.30104711651802063,0.2748691141605377,1,0.7182812886029809,tagalog,comment,True,unanimous,3-0,1,1
t1_p2ytd7e,0,0.046378206461668015,-3.0234375,0,0.3027139902114868,0.34655532240867615,0.35073068737983704,0,0.11733605773886623,taglish,comment,True,adjudicator,2-1,0,0
t1_p2zj4x8,1,0.8714748620986938,1.9140625,1,0.4343302845954895,0.3029908835887909,0.2626788020133972,1,0.7820211001741436,tagalog,comment,True,adjudicator,3-0,1,1
t1_p2zqdyp,0,0.46617719531059265,-0.135498046875,0,0.3201856017112732,0.37122970819473267,0.30858469009399414,0,0.4774068715906871,taglish,comment,True,adjudicator,2-1,0,0
t1_p2zr4tg,1,0.04603390395641327,-3.03125,0,0.3096234202384949,0.34937238693237305,0.3410041928291321,0,0.11679710657479475,english,comment,True,adjudicator,2-1,1,0
t1_p2zvr2s,0,0.011158031411468983,-4.484375,0,0.2763713002204895,0.3544303774833679,0.3691983222961426,0,0.04774487593153098,tagalog,comment,True,adjudicator,2-1,0,0
t1_p2zvy8a,1,0.5193080306053162,0.0772705078125,1,0.35487404465675354,0.3745892643928528,0.2705366909503937,0,0.5128901123577727,english,comment,True,majority,3-0,1,1
t1_p2zw8oh,0,0.02822098508477211,-3.5390625,0,0.286995530128479,0.35201793909072876,0.3609865605831146,0,0.08611344924337094,tagalog,comment,True,adjudicator,3-0,0,0
t1_p2zx3qg,0,0.5903069972991943,0.365234375,1,0.4082687199115753,0.3178294599056244,0.2739018201828003,0,0.560641190774042,tagalog,comment,True,adjudicator,2-1,0,0
t1_p2zy5gz,0,0.02779562398791313,-3.5546875,0,0.28539326786994934,0.3460674285888672,0.36853933334350586,0,0.08529628739169456,english,comment,True,majority,3-0,0,0
t1_p300iwt,0,0.6343168616294861,0.55078125,1,0.33537331223487854,0.41615667939186096,0.2484700083732605,0,0.5908795025343753,taglish,comment,True,majority,3-0,0,0
t1_p300myd,0,0.04922211542725563,-2.9609375,0,0.26535341143608093,0.3568945527076721,0.37775203585624695,0,0.12172571243874888,taglish,comment,True,majority,3-0,0,0
t1_p300sau,0,0.010328153148293495,-4.5625,0,0.2469387799501419,0.41224488615989685,0.34081631898880005,0,0.045429344317764415,english,comment,True,majority,3-0,0,0
t1_p300zhn,0,0.015072628855705261,-4.1796875,0,0.3002070486545563,0.33954450488090515,0.3602484464645386,0,0.05788839963594308,taglish,comment,True,majority,3-0,0,0
t1_p301ybi,0,0.015424554236233234,-4.15625,0,0.26247289776802063,0.37093275785446167,0.3665943741798401,0,0.05874743166930117,english,comment,True,majority,3-0,0,0
t1_p3069ki,0,0.021287353709340096,-3.828125,0,0.28333333134651184,0.35208332538604736,0.3645833432674408,0,0.07209351186511057,taglish,comment,True,adjudicator,3-0,0,0
t1_p309v85,1,0.8019358515739441,1.3984375,1,0.41645243763923645,0.305912584066391,0.27763494849205017,1,0.7177534314341308,tagalog,comment,True,unanimous,3-0,1,1
t1_p30apmw,0,0.011331754736602306,-4.46875,0,0.25233644247055054,0.39667704701423645,0.350986510515213,0,0.048221250361983936,taglish,comment,True,unanimous,3-0,0,0
t1_p30b0xz,0,0.011158031411468983,-4.484375,0,0.22340425848960876,0.41914892196655273,0.3574468195438385,0,0.04774487593153098,tagalog,comment,True,adjudicator,3-0,0,0
t1_p30b5x6,0,0.00970847625285387,-4.625,0,0.26522594690322876,0.3909626603126526,0.34381139278411865,0,0.043654321186612735,taglish,comment,True,unanimous,3-0,0,0
t1_p30cf5s,0,0.018689310178160667,-3.9609375,0,0.2625250518321991,0.39278557896614075,0.34468936920166016,0,0.06638403332867755,taglish,comment,True,majority,3-0,0,0
t1_p30k7eg,0,0.26511871814727783,-1.01953125,0,0.3012552261352539,0.40585774183273315,0.29288703203201294,0,0.3361596534273965,taglish,comment,True,majority,3-0,0,0
t1_p30kfc2,0,0.2869678735733032,-0.91015625,0,0.37061402201652527,0.3179824650287628,0.3114035129547119,0,0.3526396414656389,english,comment,True,adjudicator,2-1,0,0
t1_p30kfxi,1,0.5341265201568604,0.13671875,1,0.4185463786125183,0.29197993874549866,0.28947368264198303,0,0.5227963891801075,tagalog,comment,True,majority,3-0,1,1
t1_p30kkmz,0,0.05033063143491745,-2.9375,0,0.2735042870044708,0.4038461446762085,0.3226495683193207,0,0.12340796611525169,english,comment,True,majority,3-0,0,0
t1_p30l3p2,0,0.07369627058506012,-2.53125,0,0.336887001991272,0.3347547948360443,0.3283582031726837,0,0.15585388203958175,english,comment,True,unanimous,3-0,0,0
t1_p30l6ra,0,0.8164063692092896,1.4921875,1,0.45856353640556335,0.27762430906295776,0.2638121545314789,1,0.73025479366415,tagalog,comment,True,adjudicator,2-1,0,1
t1_p30lg6j,0,0.04146227613091469,-3.140625,0,0.223300963640213,0.422869473695755,0.353829562664032,0,0.1094749273953919,english,comment,True,majority,3-0,0,0
t1_p30lyie,0,0.012821215204894543,-4.34375,0,0.23076923191547394,0.4025289714336395,0.36670178174972534,0,0.0521978086090026,taglish,comment,True,majority,3-0,0,0
t1_p30m1mi,0,0.722527027130127,0.95703125,1,0.44723618030548096,0.28140702843666077,0.2713567912578583,1,0.6544689709374812,english,comment,True,adjudicator,2-1,0,0
t1_p30mdif,0,0.2833845913410187,-0.927734375,0,0.33175355195999146,0.34360188245773315,0.324644535779953,0,0.3499660576435475,english,comment,True,adjudicator,2-1,0,1
t1_p30mnwp,1,0.024237634614109993,-3.6953125,0,0.27802690863609314,0.3565022349357605,0.36547085642814636,0,0.07825288573116679,english,comment,True,majority,3-0,1,1
t1_p30mv2j,0,0.04401864856481552,-3.078125,0,0.3188405930995941,0.33747410774230957,0.3436852991580963,0,0.11360834251352914,taglish,comment,True,majority,3-0,0,0
t1_p30ncdf,1,0.4607134461402893,-0.157470703125,0,0.3761467933654785,0.31192660331726074,0.31192660331726074,0,0.4737493875433491,taglish,comment,True,adjudicator,2-1,1,1
t1_p30o96b,0,0.01652955636382103,-4.0859375,0,0.30927833914756775,0.3463917672634125,0.3443298935890198,0,0.061396741671614505,taglish,comment,True,unanimous,3-0,0,0
t1_p30on4g,1,0.6808785796165466,0.7578125,1,0.37562188506126404,0.3258706331253052,0.2985074520111084,1,0.6238164918195779,english,comment,True,majority,3-0,1,1
t1_p30p5db,0,0.011869121342897415,-4.421875,0,0.2322375327348709,0.4178154766559601,0.3499469757080078,0,0.04967758480246056,english,comment,True,majority,3-0,0,0
t1_p31h3ut,0,0.018689310178160667,-3.9609375,0,0.28458496928215027,0.395256906747818,0.32015809416770935,0,0.06638403332867755,english,comment,True,majority,3-0,0,0
t1_p3239ik,1,0.048496000468730927,-2.9765625,0,0.28918322920799255,0.3421633541584015,0.36865341663360596,0,0.12061521405769488,english,comment,True,adjudicator,2-1,1,1
t1_p32did0,0,0.6744794845581055,0.728515625,1,0.42268040776252747,0.2925257682800293,0.28479382395744324,1,0.6192169357956654,taglish,comment,True,unanimous,3-0,0,0
t1_p32ojum,0,0.053799647837877274,-2.8671875,0,0.31416836380958557,0.3449692130088806,0.3408624231815338,0,0.12857492592662206,taglish,comment,True,majority,3-0,0,0
t1_p33rvfq,0,0.017045317217707634,-4.0546875,0,0.2991803288459778,0.3504098355770111,0.3504098355770111,0,0.06260971666102977,taglish,comment,True,unanimous,3-0,0,0
t1_p33vmsa,0,0.03185885399580002,-3.4140625,0,0.31446540355682373,0.3396226465702057,0.3459119498729706,0,0.09290975103969469,tagalog,comment,True,adjudicator,2-1,0,0
t1_p35nizi,0,0.01912403479218483,-3.9375,0,0.3125,0.34375,0.34375,0,0.06736012196809796,taglish,comment,True,unanimous,3-0,0,0
t1_p36h846,0,0.4939272701740265,-0.0242919921875,0,0.3767741918563843,0.31096774339675903,0.3122580647468567,0,0.49594684887027435,english,comment,True,adjudicator,2-1,0,0
t1_p3841a8,0,0.30074557662010193,-0.84375,0,0.3257403075695038,0.3325740396976471,0.3416856527328491,0,0.362822261706871,english,comment,True,adjudicator,2-1,0,0
t1_p38b6vw,0,0.7106282711029053,0.8984375,1,0.4283837080001831,0.29303547739982605,0.27858081459999084,1,0.6455728163013381,tagalog,comment,True,adjudicator,2-1,0,1
t1_p38ba2f,0,0.3731902539730072,-0.5185546875,0,0.32493701577186584,0.3350125849246979,0.3400503695011139,0,0.4143300003745797,tagalog,comment,True,adjudicator,2-1,0,1
t1_p38c638,1,0.9005298018455505,2.203125,1,0.47058823704719543,0.28475937247276306,0.2446524053812027,1,0.8131196241167018,tagalog,comment,True,adjudicator,2-1,1,1
t1_p38csbl,0,0.703345775604248,0.86328125,1,0.4268774688243866,0.28853756189346313,0.28458496928215027,1,0.6401859034989,tagalog,comment,True,adjudicator,2-1,0,1
t1_p38gdc9,0,0.5817784070968628,0.330078125,1,0.3540540635585785,0.3121621608734131,0.3337837755680084,0,0.5548535110287761,tagalog,comment,True,adjudicator,2-1,0,0
t1_p38hels,0,0.8370879292488098,1.63671875,1,0.4477211833000183,0.28284183144569397,0.2694369852542877,1,0.7488293832790612,tagalog,comment,True,adjudicator,2-1,0,0
t1_p38ihh5,0,0.5584473609924316,0.23486328125,1,0.3989703953266144,0.2998712956905365,0.3011583089828491,0,0.5391080632067881,tagalog,comment,True,adjudicator,2-1,0,1
t1_p38iio7,0,0.05582314357161522,-2.828125,0,0.31481480598449707,0.35185185074806213,0.3333333432674408,0,0.13152441414656424,taglish,comment,True,majority,3-0,0,0
t1_p38ne47,0,0.04115288704633713,-3.1484375,0,0.31092438101768494,0.3340336084365845,0.3550420105457306,0,0.10896762654817069,taglish,comment,True,adjudicator,2-1,0,0
t1_p38szj9,0,0.06903792917728424,-2.6015625,0,0.33842796087265015,0.32751092314720154,0.3340611457824707,0,0.1497791002580496,english,comment,True,majority,3-0,0,0
t1_p38t9ig,0,0.05223086103796959,-2.8984375,0,0.2817552089691162,0.3602771461009979,0.35796767473220825,0,0.12625609816779593,english,comment,True,majority,3-0,0,0
t1_p38y4gc,0,0.7704647779464722,1.2109375,1,0.404938280582428,0.30987653136253357,0.28518518805503845,1,0.6917266167780873,taglish,comment,True,adjudicator,2-1,0,1
t1_p393o0y,0,0.018689310178160667,-3.9609375,0,0.30612245202064514,0.33877551555633545,0.3551020324230194,0,0.06638403332867755,taglish,comment,True,unanimous,3-0,0,0
t1_p39ifp9,0,0.16344542801380157,-1.6328125,0,0.3617977499961853,0.31460675597190857,0.32359549403190613,0,0.2516612900997907,english,comment,True,adjudicator,2-1,0,0
t1_p39w3n5,0,0.03090895712375641,-3.4453125,0,0.28997868299484253,0.3603411614894867,0.34968018531799316,0,0.09116684687454649,english,comment,True,majority,3-0,0,0
t1_p3a6b8z,0,0.3490888178348541,-0.623046875,0,0.3775281012058258,0.3123595416545868,0.3101123571395874,0,0.397514089834541,taglish,comment,True,unanimous,3-0,0,0
t1_p3bbhbj,1,0.026759279891848564,-3.59375,0,0.31376516819000244,0.3481781482696533,0.33805668354034424,0,0.08328406885590481,english,comment,True,adjudicator,2-1,1,0
t1_p3buqud,0,0.6004226207733154,0.4072265625,1,0.4030418395996094,0.29404309391975403,0.302915096282959,0,0.5675325700121585,tagalog,comment,True,adjudicator,2-1,0,1
t1_p3bv2j9,0,0.04401864856481552,-3.078125,0,0.3181818127632141,0.3398268520832062,0.3419913351535797,0,0.11360834251352914,english,comment,True,majority,3-0,0,0
t1_p3c49lt,0,0.048496000468730927,-2.9765625,0,0.27272728085517883,0.36582693457603455,0.3614457845687866,0,0.12061521405769488,tagalog,comment,True,majority,3-0,0,0
t1_p3ccojs,0,0.10447732359170914,-2.1484375,0,0.2985074520111084,0.34328359365463257,0.35820895433425903,0,0.1924901919651668,tagalog,comment,True,adjudicator,2-1,0,0
t1_p3cd49q,0,0.8509647250175476,1.7421875,1,0.45558738708496094,0.2435530126094818,0.30085960030555725,1,0.7618357925738838,taglish,comment,True,adjudicator,2-1,0,0
t1_p3ci3lu,0,0.3306872844696045,-0.705078125,0,0.37782806158065796,0.31900453567504883,0.3031674325466156,0,0.38447821946493327,english,comment,True,unanimous,3-0,0,0
t1_p3cwvys,0,0.7648915648460388,1.1796875,1,0.4484536051750183,0.2770618498325348,0.2744845449924469,1,0.6872613845932775,tagalog,comment,True,adjudicator,2-1,0,0
t1_p3d90x5,0,0.6740504503250122,0.7265625,1,0.4269377291202545,0.28081321716308594,0.29224905371665955,1,0.6189095264304509,english,comment,True,majority,3-0,0,0
t1_p3difvl,1,0.0427221953868866,-3.109375,0,0.3263157904148102,0.3389473557472229,0.3347368538379669,0,0.11152489031990566,taglish,comment,True,unanimous,3-0,1,1
t1_p3dmz5w,0,0.07807817310094833,-2.46875,0,0.32919254899024963,0.32919254899024963,0.34161490201950073,0,0.16142099848385366,taglish,comment,True,majority,3-0,0,0
t1_p3dztkd,0,0.04501553252339363,-3.0546875,0,0.29711753129959106,0.34589800238609314,0.3569844663143158,0,0.11519312751511082,english,comment,True,majority,3-0,0,0
t1_p3e1jwn,0,0.09534946829080582,-2.25,0,0.3454935550689697,0.33047211170196533,0.32403433322906494,0,0.18217288108091828,taglish,comment,True,majority,3-0,0,0
t1_p3e3pq4,0,0.06954174488782883,-2.59375,0,0.3053763508796692,0.34408602118492126,0.35053762793540955,0,0.15044431981700762,taglish,comment,True,unanimous,3-0,0,0
t1_p3ealbk,0,0.04084571823477745,-3.15625,0,0.32758620381355286,0.3405172526836395,0.3318965435028076,0,0.10846239018684971,taglish,comment,True,unanimous,3-0,0,0
t1_p3egqib,0,0.0446808747947216,-3.0625,0,0.3181818127632141,0.33264464139938354,0.34917354583740234,0,0.11466274066275021,taglish,comment,True,majority,3-0,0,0
t1_p3equtk,0,0.7683857679367065,1.19921875,1,0.4221954047679901,0.28588661551475525,0.29191797971725464,1,0.6900562936479666,taglish,comment,True,unanimous,3-0,0,0
t1_p3er2di,0,0.23863890767097473,-1.16015625,0,0.37268519401550293,0.3055555522441864,0.32175925374031067,0,0.3155472027065375,taglish,comment,True,majority,3-0,0,0
t1_p3eruxa,0,0.014842418022453785,-4.1953125,0,0.3095723092556,0.34215885400772095,0.3482688367366791,0,0.05732227579438358,taglish,comment,True,unanimous,3-0,0,0
t1_p3etfu1,0,0.031143829226493835,-3.4375,0,0.3175257742404938,0.33814433217048645,0.3443298935890198,0,0.09159979523813061,english,comment,True,majority,3-0,0,0
t1_p3etqi4,1,0.8914335370063782,2.10546875,1,0.4615384638309479,0.2807692289352417,0.2576923072338104,1,0.8030127837970784,tagalog,comment,True,adjudicator,2-1,1,1
t1_p3ettn0,0,0.14175598323345184,-1.80078125,0,0.32159623503685,0.3403755724430084,0.3380281627178192,0,0.23114142530676243,taglish,comment,True,majority,3-0,0,0
t1_p3eujvw,0,0.015189048834145069,-4.171875,0,0.3048780560493469,0.3434959352016449,0.3516260087490082,0,0.05817342560325391,taglish,comment,True,majority,3-0,0,0
t1_p3ev21r,0,0.7833262085914612,1.28515625,1,0.4157303273677826,0.30196627974510193,0.2823033630847931,1,0.7021880274295053,english,comment,True,adjudicator,2-1,0,0
t1_p3evq8z,0,0.23440666496753693,-1.18359375,0,0.36563876271247864,0.3149779736995697,0.31938326358795166,0,0.3121785349300331,taglish,comment,True,majority,3-0,0,0
t1_p3ewny7,0,0.6943026781082153,0.8203125,1,0.4166666567325592,0.2970430254936218,0.28629031777381897,1,0.6335537313530158,tagalog,comment,True,adjudicator,2-1,0,1
t1_p3exe59,0,0.23161423206329346,-1.19921875,0,0.3433476388454437,0.33476394414901733,0.32188841700553894,0,0.3099437063520334,tagalog,comment,True,adjudicator,2-1,0,1
t1_p3eyl3v,1,0.8397339582443237,1.65625,1,0.4379746913909912,0.30000001192092896,0.2620253264904022,1,0.7512731985716072,taglish,comment,True,majority,3-0,1,1
t1_p3ez7a5,0,0.7356416583061218,1.0234375,1,0.4450063109397888,0.2819216251373291,0.2730720639228821,1,0.6644218907615267,taglish,comment,True,majority,3-0,0,0
t1_p3ezlsv,0,0.8164063692092896,1.4921875,1,0.45524296164512634,0.27877238392829895,0.2659846544265747,1,0.73025479366415,tagalog,comment,True,majority,3-0,0,0
t1_p3f2ovk,0,0.6397360563278198,0.57421875,1,0.4117647111415863,0.2720588147640228,0.31617647409439087,0,0.5946555271912422,taglish,comment,True,unanimous,3-0,0,0
t1_p3f3esb,0,0.043042849749326706,-3.1015625,0,0.29010239243507385,0.3412969410419464,0.3686006963253021,0,0.11204259951731124,taglish,comment,True,adjudicator,2-1,0,0
t1_p3f3yqs,0,0.06560484319925308,-2.65625,0,0.3354700803756714,0.3311965763568878,0.3333333432674408,0,0.14519022478846957,tagalog,comment,True,adjudicator,3-0,0,0
t1_p3f5hb2,0,0.3607141971588135,-0.572265625,0,0.35742443799972534,0.3272010385990143,0.315374493598938,0,0.40565872075813575,taglish,comment,True,adjudicator,2-1,0,0
t1_p3f71ak,0,0.4675140976905823,-0.130126953125,0,0.3763919770717621,0.31180399656295776,0.31180399656295776,0,0.4783013069776356,taglish,comment,True,majority,3-0,0,0
t1_p3f7adt,0,0.025565214455127716,-3.640625,0,0.2753623127937317,0.3954451382160187,0.32919254899024963,0,0.08092643231876304,english,comment,True,majority,3-0,0,0
t1_p3f7jx0,0,0.44866785407066345,-0.2060546875,0,0.4033214747905731,0.29893237352371216,0.2977461516857147,0,0.465672834662829,tagalog,comment,True,adjudicator,2-1,0,0
t1_p3f8mlm,1,0.9394705891609192,2.7421875,1,0.5,0.2594594657421112,0.2405405342578888,1,0.8617844289180918,english,comment,True,adjudicator,2-1,1,1
t1_p3fakiq,0,0.05921025201678276,-2.765625,0,0.3426724076271057,0.32758620381355286,0.32974138855934143,0,0.13636286552924856,english,comment,True,adjudicator,2-1,0,0
t1_p3famw2,0,0.7793218493461609,1.26171875,1,0.4492385685443878,0.2779187858104706,0.2728426456451416,1,0.6989065238003541,tagalog,comment,True,adjudicator,3-0,0,1
t1_p3fd8u6,0,0.12896330654621124,-1.91015625,0,0.29288703203201294,0.3891213536262512,0.3179916441440582,0,0.2184236450794383,tagalog,comment,True,adjudicator,2-1,0,0
t1_p3fdc66,0,0.08945459872484207,-2.3203125,0,0.31880733370780945,0.34633028507232666,0.3348623812198639,0,0.1752852677073696,taglish,comment,True,majority,3-0,0,0
t1_p3fe0l3,0,0.09670579433441162,-2.234375,0,0.324644535779953,0.3341232240200043,0.3412322402000427,0,0.18373172385551756,tagalog,comment,True,adjudicator,2-1,0,0
t1_p3ffwh3,1,0.77390056848526,1.23046875,1,0.42977190017700195,0.29891955852508545,0.2713085114955902,1,0.694499359209349,taglish,comment,True,majority,3-0,1,1
t1_p3fjudp,0,0.06371499598026276,-2.6875,0,0.2852311134338379,0.3404735028743744,0.3742953836917877,0,0.14262078539289552,tagalog,comment,True,adjudicator,2-1,0,0
t1_p3fn9rl,0,0.4888324439525604,-0.044677734375,0,0.35885167121887207,0.32057416439056396,0.32057416439056396,0,0.49254584976567495,tagalog,comment,True,adjudicator,2-1,0,1
t1_p3fo4vm,0,0.06512754410505295,-2.6640625,0,0.33052632212638855,0.33263158798217773,0.3368421196937561,0,0.14454428453687423,taglish,comment,True,adjudicator,2-1,0,0
t1_p3foi7m,0,0.10230471193790436,-2.171875,0,0.327160507440567,0.3333333432674408,0.3395061790943146,0,0.1900704225254828,taglish,comment,True,majority,3-0,0,0
t1_p3fov8w,0,0.0844927504658699,-2.3828125,0,0.2977272868156433,0.334090918302536,0.36818182468414307,0,0.16933655267818076,taglish,comment,True,unanimous,3-0,0,0
t1_p3fq6qy,0,0.07159119844436646,-2.5625,0,0.30308881402015686,0.38416987657546997,0.31274130940437317,0,0.15312953353847755,taglish,comment,True,majority,3-0,0,0
t1_p3fs17k,0,0.4919593334197998,-0.03216552734375,0,0.3829268217086792,0.3048780560493469,0.3121951222419739,0,0.49463322763577144,tagalog,comment,True,majority,3-0,0,0
t1_p3fse21,0,0.7431680560112,1.0625,1,0.43766579031944275,0.28381961584091187,0.2785145938396454,1,0.670209704855129,tagalog,comment,True,adjudicator,2-1,0,0
t1_p3fu247,0,0.5610945820808411,0.24560546875,1,0.4199029207229614,0.2876213490962982,0.29247573018074036,0,0.5408889783309367,english,comment,True,adjudicator,2-1,0,0
t1_p3fwq8b,0,0.35309353470802307,-0.60546875,0,0.3915592133998871,0.298944890499115,0.3094958961009979,0,0.4003272123463046,english,comment,True,adjudicator,2-1,0,0
t1_p3g033a,0,0.8322367072105408,1.6015625,1,0.44952893257141113,0.28263795375823975,0.2678331136703491,1,0.744390472125572,tagalog,comment,True,adjudicator,2-1,0,0
t1_p3g0zhb,0,0.3473156988620758,-0.630859375,0,0.3849765360355377,0.30751174688339233,0.30751174688339233,0,0.3962659719113577,tagalog,comment,True,adjudicator,2-1,0,0
t1_p3g1gjf,0,0.6279512047767639,0.5234375,1,0.40720221400260925,0.2963988780975342,0.2963988780975342,0,0.5864605816909276,taglish,comment,True,unanimous,3-0,0,0
t1_p3g3bgw,0,0.3242354094982147,-0.734375,0,0.3076923191547394,0.34032633900642395,0.35198134183883667,0,0.37986141016335906,taglish,comment,True,majority,3-0,0,0
t1_p3g3iqe,0,0.8333246111869812,1.609375,1,0.41257861256599426,0.3031446635723114,0.28427672386169434,1,0.7453813337056515,taglish,comment,True,unanimous,3-0,0,0
t1_p3g4gf0,0,0.299105167388916,-0.8515625,0,0.37831857800483704,0.3097345232963562,0.31194689869880676,0,0.36161769124936327,taglish,comment,True,majority,3-0,0,0
t1_p3g7db7,0,0.740174412727356,1.046875,1,0.448621541261673,0.27944862842559814,0.2719298303127289,1,0.6679006438726094,taglish,comment,True,majority,3-0,0,0
t1_p3gclze,0,0.07423137128353119,-2.5234375,0,0.31980907917022705,0.3412887752056122,0.33890214562416077,0,0.15654111421856182,taglish,comment,True,unanimous,3-0,0,0
t1_p3gcwif,0,0.02080449089407921,-3.8515625,0,0.2432432472705841,0.42042040824890137,0.3363363444805145,0,0.07105405913108659,english,comment,True,majority,3-0,0,0
t1_p3ge4mk,0,0.29665425419807434,-0.86328125,0,0.35687732696533203,0.31598514318466187,0.3271375596523285,0,0.35981409650109997,english,comment,True,majority,3-0,0,0
t1_p3gee5s,0,0.024053553119301796,-3.703125,0,0.28634360432624817,0.35242289304733276,0.3612334728240967,0,0.07787761355473509,english,comment,True,majority,3-0,0,0
t1_p3gghb0,0,0.08210662752389908,-2.4140625,0,0.30821916460990906,0.34018266201019287,0.35159817337989807,0,0.16642298914184017,taglish,comment,True,unanimous,3-0,0,0
t1_p3giaih,0,0.02595735713839531,-3.625,0,0.2666666805744171,0.371111124753952,0.36222222447395325,0,0.08170546927749174,taglish,comment,True,majority,3-0,0,0
t1_p3givpi,0,0.3363310694694519,-0.6796875,0,0.37272727489471436,0.31590908765792847,0.3113636374473572,0,0.3884963898384332,taglish,comment,True,adjudicator,2-1,0,0
t1_p3givw4,0,0.5292025804519653,0.116943359375,1,0.3535911738872528,0.3176795542240143,0.3287292718887329,0,0.5195026824777242,taglish,comment,True,unanimous,3-0,0,0
t1_p3gj36e,0,0.02595735713839531,-3.625,0,0.3117154836654663,0.3368200957775116,0.3514644205570221,0,0.08170546927749174,taglish,comment,True,unanimous,3-0,0,0
t1_p3gjm0x,0,0.018689310178160667,-3.9609375,0,0.23893804848194122,0.41887906193733215,0.3421829044818878,0,0.06638403332867755,taglish,comment,True,majority,3-0,0,0
t1_p3gjm41,0,0.39396777749061584,-0.4306640625,0,0.38317757844924927,0.29906541109085083,0.3177570104598999,0,0.42863223665199324,taglish,comment,True,unanimous,3-0,0,0
t1_p3gjnmz,0,0.11476478725671768,-2.04296875,0,0.2772166132926941,0.3815937042236328,0.3411896824836731,0,0.20366912120774863,english,comment,True,majority,3-0,0,0
t1_p3gk5rl,0,0.8062431216239929,1.42578125,1,0.43589743971824646,0.27820512652397156,0.285897433757782,1,0.72143579565836,taglish,comment,True,majority,3-0,0,0
t1_p3gkat4,0,0.3429014980792999,-0.650390625,0,0.37788018584251404,0.31336405873298645,0.3087557554244995,0,0.39315161320463754,taglish,comment,True,majority,3-0,0,0
t1_p3glnke,0,0.016029147431254387,-4.1171875,0,0.29979467391967773,0.3449692130088806,0.35523614287376404,0,0.0602057570487463,taglish,comment,True,unanimous,3-0,0,0
t1_p3gmrfg,0,0.1030244380235672,-2.1640625,0,0.3665158450603485,0.31674209237098694,0.31674209237098694,0,0.19087441580466166,english,comment,True,majority,3-0,0,0
t1_p3gudyz,0,0.020177319645881653,-3.8828125,0,0.293172687292099,0.35140562057495117,0.35542169213294983,0,0.0696896494375592,tagalog,comment,True,majority,3-0,0,0
t1_p3gv5a5,0,0.011687257327139378,-4.4375,0,0.25138428807258606,0.3654485046863556,0.38316720724105835,0,0.049187566859983156,english,comment,True,majority,3-0,0,0
t1_p3gyo9g,0,0.014281933195888996,-4.234375,0,0.3076923191547394,0.3461538553237915,0.3461538553237915,0,0.055929638485657414,taglish,comment,True,majority,3-0,0,0
t1_p3h2zmc,0,0.7655933499336243,1.18359375,1,0.4526315927505493,0.28684210777282715,0.2605263292789459,1,0.6878214650699669,taglish,comment,True,majority,3-0,0,0
t1_p3h6dmg,0,0.5595307350158691,0.2392578125,1,0.4175824224948883,0.29426130652427673,0.28815630078315735,0,0.5398367426878545,taglish,comment,True,majority,3-0,0,0
t1_p3h9md9,0,0.018404891714453697,-3.9765625,0,0.2697003185749054,0.3551609218120575,0.3751387298107147,0,0.06574062340085342,english,comment,True,majority,3-0,0,0
t1_p3halwh,0,0.733738124370575,1.013671875,1,0.4259740114212036,0.30129870772361755,0.27272728085517883,1,0.6629670987871861,tagalog,comment,True,unanimous,3-0,0,0
t1_p3hd3co,0,0.04501553252339363,-3.0546875,0,0.28634360432624817,0.3590308427810669,0.35462555289268494,0,0.11519312751511082,tagalog,comment,True,adjudicator,2-1,0,1
t1_p3hdq1k,0,0.04401864856481552,-3.078125,0,0.3009049892425537,0.3416289687156677,0.35746607184410095,0,0.11360834251352914,english,comment,True,majority,3-0,0,0
t1_p3hfbd5,0,0.06608537584543228,-2.6484375,0,0.32572615146636963,0.32780084013938904,0.3464730381965637,0,0.14583855951528635,english,comment,True,majority,3-0,0,0
t1_p3hib7w,0,0.6606104373931885,0.666015625,1,0.39080458879470825,0.3077905476093292,0.3014048635959625,1,0.609333647077696,taglish,comment,True,unanimous,3-0,0,0
t1_p3hvmlx,0,0.018833130598068237,-3.953125,0,0.30416667461395264,0.34583333134651184,0.3499999940395355,0,0.06670792751816279,taglish,comment,True,majority,3-0,0,0
t1_p3hx9p2,0,0.014842418022453785,-4.1953125,0,0.30408161878585815,0.34285715222358704,0.3530612289905548,0,0.05732227579438358,taglish,comment,True,majority,3-0,0,0
t1_p3i3r5t,0,0.031143829226493835,-3.4375,0,0.30707070231437683,0.34545454382896423,0.34747475385665894,0,0.09159979523813061,taglish,comment,True,unanimous,3-0,0,0
t1_p3i4nnr,0,0.10521054267883301,-2.140625,0,0.3210161626338959,0.3602771461009979,0.3187066912651062,0,0.19330197793732512,taglish,comment,True,majority,3-0,0,0
t1_p3icjj8,0,0.012431650422513485,-4.375,0,0.2651265263557434,0.3652365207672119,0.3696369528770447,0,0.051175537248186714,taglish,comment,True,unanimous,3-0,0,0
t1_p3ifa43,0,0.10447732359170914,-2.1484375,0,0.31941545009613037,0.33820459246635437,0.34237995743751526,0,0.1924901919651668,taglish,comment,True,unanimous,3-0,0,0
t1_p3imb72,0,0.01384861022233963,-4.265625,0,0.29376256465911865,0.3541247546672821,0.35211268067359924,0,0.054838509530134236,taglish,comment,True,majority,3-0,0,0
t1_p3immhh,0,0.7405498027801514,1.048828125,1,0.42181816697120667,0.28484848141670227,0.2933333218097687,1,0.668189721179348,taglish,comment,True,adjudicator,2-1,0,1
t1_p3inhz7,0,0.03541072830557823,-3.3046875,0,0.3009708821773529,0.3786407709121704,0.3203883469104767,0,0.09924745570065675,english,comment,True,majority,3-0,0,0
t1_p3inwlh,0,0.021948251873254776,-3.796875,0,0.3047034740447998,0.35173824429512024,0.34355828166007996,0,0.0735012668907666,taglish,comment,True,unanimous,3-0,0,0
t1_p3iocck,0,0.015306354500353336,-4.1640625,0,0.3057851195335388,0.34917354583740234,0.34504133462905884,0,0.05845976787439239,taglish,comment,True,majority,3-0,0,0
t1_p3iqvxf,0,0.8000679016113281,1.38671875,1,0.45758354663848877,0.2712082266807556,0.2712082266807556,1,0.7161662649807751,english,comment,True,majority,3-0,0,0
t1_p3j9h67,0,0.3170032501220703,-0.767578125,0,0.3775743842124939,0.32036614418029785,0.30205950140953064,0,0.37465522461493206,tagalog,comment,True,adjudicator,2-1,0,0
t1_p3ja4pl,0,0.0446808747947216,-3.0625,0,0.28165939450263977,0.35807859897613525,0.360262006521225,0,0.11466274066275021,taglish,comment,True,majority,3-0,0,0
t1_p3jdbrh,0,0.13161905109882355,-1.88671875,0,0.35201793909072876,0.31838566064834595,0.3295964002609253,0,0.22110583632959208,english,comment,True,majority,3-0,0,0
t1_p3jg6ib,0,0.2372223436832428,-1.16796875,0,0.3214285671710968,0.3380952477455139,0.3404761850833893,0,0.31442213525645385,taglish,comment,True,majority,3-0,0,0
t1_p3jmd8b,0,0.01342825498431921,-4.296875,0,0.29263564944267273,0.38372093439102173,0.32364341616630554,0,0.053767455021007354,english,comment,True,majority,3-0,0,0
t1_p3jn9cc,0,0.026963496580719948,-3.5859375,0,0.268608421087265,0.3905070126056671,0.34088456630706787,0,0.08368302908930599,taglish,comment,True,unanimous,3-0,0,0
t1_p3js9ge,0,0.675336480140686,0.732421875,1,0.43229812383651733,0.2869565188884735,0.28074532747268677,1,0.6198314677150674,tagalog,comment,True,unanimous,3-0,0,0
t1_p3jsyoe,0,0.012624949216842651,-4.359375,0,0.30327868461608887,0.3504098355770111,0.3463114798069,0,0.05168428327240213,english,comment,True,majority,3-0,0,0
t1_p3jv73o,0,0.200557678937912,-1.3828125,0,0.3325415551662445,0.31591448187828064,0.35154393315315247,0,0.28436398621134784,taglish,comment,True,majority,3-0,0,0
t1_p3jwb7h,1,0.8062431216239929,1.42578125,1,0.4615384638309479,0.2711864411830902,0.2672750949859619,1,0.72143579565836,tagalog,comment,True,majority,3-0,1,1
t1_p3jwn7p,0,0.014063626527786255,-4.25,0,0.29376256465911865,0.35211268067359924,0.3541247546672821,0,0.055381544425499044,taglish,comment,True,majority,3-0,0,0
t1_p3jz6za,0,0.026155617088079453,-3.6171875,0,0.28268155455589294,0.35083797574043274,0.36648043990135193,0,0.08209754468715207,english,comment,True,majority,3-0,0,0
t1_p3jzbm8,0,0.38006845116615295,-0.4892578125,0,0.3721519112586975,0.30506327748298645,0.32278481125831604,0,0.41908263116049105,tagalog,comment,True,adjudicator,2-1,0,1
t1_p3jzkmd,0,0.29746994376182556,-0.859375,0,0.35180723667144775,0.3156626522541046,0.33253011107444763,0,0.36041485786352456,taglish,comment,True,majority,3-0,0,0
t1_p3k03nh,0,0.0427221953868866,-3.109375,0,0.3240938186645508,0.32622602581977844,0.34968018531799316,0,0.11152489031990566,taglish,comment,True,majority,3-0,0,0
t1_p3k28vw,0,0.10087861120700836,-2.1875,0,0.2666666805744171,0.4208333194255829,0.3125,0,0.18847021738980943,taglish,comment,True,unanimous,3-0,0,0
t1_p3k4aop,0,0.527255654335022,0.109130859375,1,0.3679114878177643,0.31396958231925964,0.31811895966529846,0,0.5182009817622953,taglish,comment,True,majority,3-0,0,0
t1_p3k7vlg,0,0.06608537584543228,-2.6484375,0,0.3027718663215637,0.33901917934417725,0.35820895433425903,0,0.14583855951528635,tagalog,comment,True,adjudicator,2-1,0,1
t1_p3k8lgh,0,0.038756195455789566,-3.2109375,0,0.27030032873153687,0.3626251518726349,0.36707451939582825,0,0.10498305713763992,tagalog,comment,True,unanimous,3-0,0,0
t1_p3k99yb,0,0.9059898257255554,2.265625,1,0.4833333194255829,0.27222222089767456,0.24444444477558136,1,0.8193756625416112,english,comment,True,adjudicator,2-1,0,0
t1_p3kb9ev,0,0.7126322984695435,0.908203125,1,0.4336734712123871,0.2895408272743225,0.2767857015132904,1,0.6470627195511514,tagalog,comment,True,adjudicator,2-1,0,0
t1_p3kdw2q,1,0.015306354500353336,-4.1640625,0,0.31611570715904236,0.3388429880142212,0.34504133462905884,0,0.05845976787439239,taglish,comment,True,adjudicator,2-1,1,1
t1_p3ke9rx,0,0.020177319645881653,-3.8828125,0,0.3096234202384949,0.34309622645378113,0.3472803235054016,0,0.0696896494375592,english,comment,True,majority,3-0,0,0
t1_p3khdbr,0,0.3575674891471863,-0.5859375,0,0.36049383878707886,0.3185185194015503,0.32098764181137085,0,0.403460621771616,tagalog,comment,True,majority,3-0,0,0
t1_p3khg70,0,0.754191517829895,1.12109375,1,0.4426450729370117,0.2860998511314392,0.2712550461292267,1,0.6787951504562607,tagalog,comment,True,adjudicator,2-1,0,0
t1_p3kijwr,0,0.7981867790222168,1.375,1,0.45287957787513733,0.2774869203567505,0.2696335017681122,1,0.7145737225985097,tagalog,comment,True,adjudicator,2-1,0,0
t1_p3kiols,0,0.5366164445877075,0.146728515625,1,0.3873325288295746,0.2984165549278259,0.3142509162425995,0,0.5244628366452435,taglish,comment,True,majority,3-0,0,0
t1_p3kj419,0,0.06187598779797554,-2.71875,0,0.32478633522987366,0.33974358439445496,0.3354700803756714,0,0.1400893654695399,english,comment,True,majority,3-0,0,0
t1_p3kjj5w,0,0.03488088399171829,-3.3203125,0,0.2623138725757599,0.3642611801624298,0.3734249770641327,0,0.09831906897061209,english,comment,True,majority,3-0,0,0
t1_p3kjuid,0,0.011508148163557053,-4.453125,0,0.23469388484954834,0.422448992729187,0.34285715222358704,0,0.0487021347289131,taglish,comment,True,majority,3-0,0,0
t1_p3kk6sm,0,0.5616956949234009,0.248046875,1,0.42274412512779236,0.28924599289894104,0.2880098819732666,0,0.5412935877991507,tagalog,comment,True,adjudicator,2-1,0,1
t1_p3kkj87,0,0.04958902671933174,-2.953125,0,0.3269639015197754,0.3397027552127838,0.3333333432674408,0,0.12228425742476601,english,comment,True,majority,3-0,0,0
t1_p3klgsq,0,0.8255897164344788,1.5546875,1,0.4404609501361847,0.2829705476760864,0.2765685021877289,1,0.7383923417455185,tagalog,comment,True,majority,3-0,0,0
t1_p3kls4p,0,0.013020490296185017,-4.328125,0,0.30061349272727966,0.3476482629776001,0.35173824429512024,0,0.05271615260443792,english,comment,True,majority,3-0,0,0
t1_p3km1oi,0,0.39420098066329956,-0.4296875,0,0.3837837874889374,0.29729729890823364,0.318918913602829,0,0.428791868655148,taglish,comment,True,majority,3-0,0,0
t1_p3km5es,0,0.7248703241348267,0.96875,1,0.4314720928668976,0.29695430397987366,0.27157360315322876,1,0.6562355374140226,tagalog,comment,True,adjudicator,2-1,0,1
t1_p3kmf0f,0,0.09947021305561066,-2.203125,0,0.2822222113609314,0.41333332657814026,0.30444443225860596,0,0.18688037588329817,taglish,comment,True,majority,3-0,0,0
t1_p3kmmqe,0,0.19314739108085632,-1.4296875,0,0.2967033088207245,0.3692307770252228,0.3340659439563751,0,0.27804056616177064,taglish,comment,True,unanimous,3-0,0,0
t1_p3konht,0,0.2806163728237152,-0.94140625,0,0.32494279742240906,0.33409610390663147,0.3409610986709595,0,0.3478930923170891,taglish,comment,True,majority,3-0,0,0
t1_p3kosqw,0,0.2670257091522217,-1.009765625,0,0.3125,0.36206895112991333,0.32543104887008667,0,0.33761568544362514,tagalog,comment,True,adjudicator,2-1,0,1
t1_p3kp53c,0,0.208823561668396,-1.33203125,0,0.3126213550567627,0.3922330141067505,0.2951456308364868,0,0.2913112393896463,taglish,comment,True,unanimous,3-0,0,0
t1_p3kp7pr,0,0.8392075896263123,1.65234375,1,0.4577373266220093,0.2743823230266571,0.2678803503513336,1,0.7507857104514906,tagalog,comment,True,adjudicator,2-1,0,0
t1_p3kqtje,0,0.014842418022453785,-4.1953125,0,0.3008130192756653,0.3434959352016449,0.3556910455226898,0,0.05732227579438358,taglish,comment,True,unanimous,3-0,0,0
t1_p3ktk1i,0,0.8349459171295166,1.62109375,1,0.4521739184856415,0.2844720482826233,0.26335403323173523,1,0.7468628768324794,tagalog,comment,True,adjudicator,2-1,0,0
t1_p3kxp80,0,0.7154240012168884,0.921875,1,0.4369310736656189,0.2821846604347229,0.2808842658996582,1,0.6491437850555047,tagalog,comment,True,majority,3-0,0,0
t1_p3kxql2,0,0.01640303246676922,-4.09375,0,0.2686733603477478,0.36120402812957764,0.37012264132499695,0,0.061096947273629826,english,comment,True,majority,3-0,0,0
t1_p3l1c0p,0,0.2658804655075073,-1.015625,0,0.3364705741405487,0.3294117748737335,0.3341176509857178,0,0.33674169464114384,tagalog,comment,True,unanimous,3-0,0,0
t1_p3l1wn3,0,0.7244806289672852,0.966796875,1,0.4193103313446045,0.25517240166664124,0.3255172371864319,1,0.6559414080874858,taglish,comment,True,majority,3-0,0,0
t1_p3l7b39,0,0.014728614129126072,-4.203125,0,0.2183908075094223,0.42006269097328186,0.36154648661613464,0,0.05704116754177609,taglish,comment,True,majority,3-0,0,0
t1_p3lcowc,0,0.8572908639907837,1.79296875,1,0.48556429147720337,0.27165353298187256,0.24278214573860168,1,0.7679306307906075,english,comment,True,majority,3-0,0,0
t1_p3lgy3u,0,0.7563575506210327,1.1328125,1,0.44871795177459717,0.28205129504203796,0.26923078298568726,1,0.6804980623253425,taglish,comment,True,unanimous,3-0,0,0
t1_p3lhab2,0,0.01652955636382103,-4.0859375,0,0.2981744408607483,0.34888437390327454,0.3529411852359772,0,0.061396741671614505,taglish,comment,True,majority,3-0,0,0
t1_p3lrd7j,0,0.027585282921791077,-3.5625,0,0.3234672248363495,0.33403804898262024,0.3424947261810303,0,0.08489034846161587,taglish,comment,True,majority,3-0,0,0
t1_p3lsnni,0,0.16184942424297333,-1.64453125,0,0.36720553040504456,0.31408774852752686,0.3187066912651062,0,0.2501911790231037,english,comment,True,majority,3-0,0,0
t1_p3lvqwa,0,0.3562226891517639,-0.591796875,0,0.39443156123161316,0.29930394887924194,0.3062644898891449,0,0.4025197590731622,tagalog,comment,True,adjudicator,2-1,0,0
t1_p3lw9cc,0,0.10594828426837921,-2.1328125,0,0.3661327362060547,0.31121280789375305,0.32265445590019226,0,0.19411636446304292,english,comment,True,majority,3-0,0,0
t1_p3lwkjv,1,0.08093671500682831,-2.4296875,0,0.33552631735801697,0.3245614171028137,0.3399122953414917,0,0.1649813181262012,taglish,comment,True,adjudicator,2-1,1,0
t1_p3lwzlk,0,0.007460643537342548,-4.890625,0,0.23865877091884613,0.424063116312027,0.3372780978679657,0,0.03682349528972477,english,comment,True,majority,3-0,0,0
t1_p3lx9gn,0,0.02595735713839531,-3.625,0,0.32127660512924194,0.3361702263355255,0.34255319833755493,0,0.08170546927749174,english,comment,True,majority,3-0,0,0
t1_p3lxvql,0,0.1108555942773819,-2.08203125,0,0.3469387888908386,0.32199546694755554,0.3310657739639282,0,0.1994733555992609,taglish,comment,True,unanimous,3-0,0,0
t1_p3lyi6l,0,0.03488088399171829,-3.3203125,0,0.31611570715904236,0.3347107470035553,0.34917354583740234,0,0.09831906897061209,taglish,comment,True,adjudicator,2-1,0,1
t1_p3m00z4,0,0.39187130331993103,-0.439453125,0,0.39663460850715637,0.29086539149284363,0.3125,0,0.4271962206973102,english,comment,True,majority,3-0,0,0
t1_p3m3i1y,0,0.2751297354698181,-0.96875,0,0.37268519401550293,0.31018519401550293,0.31712964177131653,0,0.34376446258597726,english,comment,True,majority,3-0,0,0
t1_p3m3y27,0,0.018689310178160667,-3.9609375,0,0.31578946113586426,0.3410526216030121,0.34315788745880127,0,0.06638403332867755,taglish,comment,True,unanimous,3-0,0,0
t1_p3m5ru1,0,0.4602888524532318,-0.1591796875,0,0.3775743842124939,0.31121280789375305,0.31121280789375305,0,0.47346502952001773,taglish,comment,True,majority,3-0,0,0
t1_p3m7zka,0,0.015306354500353336,-4.1640625,0,0.30927833914756775,0.34020617604255676,0.3505154550075531,0,0.05845976787439239,taglish,comment,True,unanimous,3-0,0,0
t1_p3m8tkc,0,0.19559408724308014,-1.4140625,0,0.350649356842041,0.31385281682014465,0.33549782633781433,0,0.2801387456272256,taglish,comment,True,unanimous,3-0,0,0
t1_p3mc8tw,0,0.6636689305305481,0.6796875,1,0.4241676926612854,0.28976571559906006,0.28606659173965454,1,0.6115036101615667,taglish,comment,True,majority,3-0,0,0
t1_p3mefhu,0,0.1276526302099228,-1.921875,0,0.28980526328086853,0.36884307861328125,0.3413516581058502,0,0.2170913699623232,taglish,comment,True,unanimous,3-0,0,0
t1_p3mepmv,0,0.02178117074072361,-3.8046875,0,0.3046218454837799,0.3403361439704895,0.3550420105457306,0,0.07314697343076071,english,comment,True,majority,3-0,0,0
t1_p3merrd,0,0.08035747706890106,-2.4375,0,0.2549842596054077,0.41762852668762207,0.3273871839046478,0,0.16426424872868958,taglish,comment,True,adjudicator,2-1,0,0
t1_p3mg8ib,0,0.3699977397918701,-0.5322265625,0,0.38461539149284363,0.30288460850715637,0.3125,0,0.41211749554147414,english,comment,True,majority,3-0,0,0
t1_p3mk15j,0,0.05460060387849808,-2.8515625,0,0.31180399656295776,0.3385300636291504,0.34966591000556946,0,0.1297478962756684,english,comment,True,unanimous,3-0,0,0
t1_p3mkrdc,0,0.05460060387849808,-2.8515625,0,0.32499998807907104,0.33541667461395264,0.3395833373069763,0,0.1297478962756684,taglish,comment,True,adjudicator,2-1,0,0
t1_p3mm42l,0,0.6636689305305481,0.6796875,1,0.3776536285877228,0.36648043990135193,0.2558659315109253,1,0.6115036101615667,tagalog,comment,True,adjudicator,2-1,0,1
t1_p3mzjh2,0,0.053403329104185104,-2.875,0,0.3248407542705536,0.3269639015197754,0.34819531440734863,0,0.1279918377015539,taglish,comment,True,unanimous,3-0,0,0
t1_p3n1rjf,0,0.03138043358922005,-3.4296875,0,0.32083332538604736,0.3291666805744171,0.3499999940395355,0,0.09203459144898905,taglish,comment,True,adjudicator,2-1,0,1
t1_p3n7ncs,0,0.03308597952127457,-3.375,0,0.2641083598136902,0.3566591441631317,0.3792324960231781,0,0.09513040077700922,taglish,comment,True,adjudicator,2-1,0,0
t1_p3n9wiv,0,0.014392335899174213,-4.2265625,0,0.30894309282302856,0.3455284535884857,0.3455284535884857,0,0.05620559544756413,taglish,comment,True,unanimous,3-0,0,0
t1_p3ncczb,0,0.08756383508443832,-2.34375,0,0.3333333432674408,0.324894517660141,0.3417721390724182,0,0.17303543389028234,taglish,comment,True,majority,3-0,0,0
t1_p3ndwj2,0,0.8572908639907837,1.79296875,1,0.45536869764328003,0.27166882157325745,0.2729624807834625,1,0.7679306307906075,taglish,comment,True,majority,3-0,0,0
t1_p3nsqo0,0,0.6787529587745667,0.748046875,1,0.4169696867465973,0.2993939518928528,0.2836363613605499,1,0.6222857395972288,taglish,comment,True,unanimous,3-0,0,0
t1_p3nt7nq,0,0.0446808747947216,-3.0625,0,0.3243243098258972,0.33471933007240295,0.34095633029937744,0,0.11466274066275021,taglish,comment,True,majority,3-0,0,0
t1_p3ntkr9,0,0.10158944875001907,-2.1796875,0,0.33760684728622437,0.32478633522987366,0.33760684728622437,0,0.18926902361911585,taglish,comment,True,majority,3-0,0,0
t1_p3ntzw9,0,0.15102779865264893,-1.7265625,0,0.35555556416511536,0.3199999928474426,0.324444442987442,0,0.2400615274706386,taglish,comment,True,unanimous,3-0,0,0
t1_p3nvcgm,0,0.04742587357759476,-3.0,0,0.3223819434642792,0.336755633354187,0.3408624231815338,0,0.11896586357988254,english,comment,True,adjudicator,3-0,0,0
t1_p3nvpln,0,0.010169658809900284,-4.578125,0,0.2859884798526764,0.37811899185180664,0.33589252829551697,0,0.0449792475082229,taglish,comment,True,unanimous,3-0,0,0
t1_p3nxpy9,0,0.010013570077717304,-4.59375,0,0.28598129749298096,0.3943925201892853,0.31962618231773376,0,0.04453340204507209,taglish,comment,True,unanimous,3-0,0,0
t1_p3nzuws,0,0.2995148301124573,-0.849609375,0,0.37556561827659607,0.29638010263442993,0.3280543088912964,0,0.3619186715057791,taglish,comment,True,majority,3-0,0,0
t1_p3olkdj,0,0.2487165927886963,-1.10546875,0,0.3571428656578064,0.3303571343421936,0.3125,0,0.3234828121876848,english,comment,True,adjudicator,2-1,0,1
t1_p3ougwj,0,0.016657039523124695,-4.078125,0,0.3026584982872009,0.34355828166007996,0.3537832200527191,0,0.06169791045310094,english,comment,True,adjudicator,2-1,0,0
t1_p3p30ek,0,0.3865318298339844,-0.4619140625,0,0.38679245114326477,0.2900943458080292,0.32311320304870605,0,0.4235320265742545,tagalog,comment,True,majority,3-0,0,0
t1_p3pcwwb,0,0.014063626527786255,-4.25,0,0.29729729890823364,0.37837839126586914,0.3243243098258972,0,0.055381544425499044,english,comment,True,majority,3-0,0,0
t1_p3pq2hf,0,0.5820159912109375,0.3310546875,1,0.39271780848503113,0.2938881516456604,0.3133940100669861,0,0.555014488448269,tagalog,comment,True,unanimous,3-0,0,0
t1_p3q6ebo,0,0.23161423206329346,-1.19921875,0,0.31828442215919495,0.3453724682331085,0.33634310960769653,0,0.3099437063520334,tagalog,comment,True,unanimous,3-0,0,0
t1_p3qfzqe,0,0.04023794084787369,-3.171875,0,0.3340517282485962,0.32974138855934143,0.3362068831920624,0,0.10745808791148899,taglish,comment,True,majority,3-0,0,0
t1_p3qgyt6,0,0.0792103260755539,-2.453125,0,0.31018519401550293,0.33564814925193787,0.3541666567325592,0,0.16283762510907177,tagalog,comment,True,adjudicator,3-0,0,1
t1_p3qp9i0,0,0.09268777817487717,-2.28125,0,0.3340857923030853,0.32505643367767334,0.34085777401924133,0,0.17908607462560908,taglish,comment,True,majority,3-0,0,0
t1_p3qwhkd,0,0.18010665476322174,-1.515625,0,0.3405172526836395,0.3211206793785095,0.33836206793785095,0,0.26667499442217374,english,comment,True,adjudicator,2-1,0,0
t1_p3r6p6x,0,0.16398024559020996,-1.62890625,0,0.3155452311038971,0.32714617252349854,0.35730859637260437,0,0.25215259925905487,tagalog,comment,True,adjudicator,2-1,0,0
t1_p3rbynx,0,0.5324859023094177,0.130126953125,1,0.37931033968925476,0.31954023241996765,0.3011494278907776,0,0.5216986930223644,taglish,comment,True,unanimous,3-0,0,0
t1_p3rexry,0,0.42155182361602783,-0.31640625,0,0.39694657921791077,0.3002544641494751,0.3027989864349365,0,0.4474013664904185,tagalog,comment,True,adjudicator,3-0,0,0
t1_p3rmjs2,0,0.9268352389335632,2.5390625,1,0.48302870988845825,0.27023497223854065,0.2467362880706787,1,0.8448308881512833,taglish,comment,True,majority,3-0,0,0
t1_p3rplf2,0,0.04885777831077576,-2.96875,0,0.31416836380958557,0.3408624231815338,0.3449692130088806,0,0.12116936646388439,taglish,comment,True,majority,3-0,0,0
t1_p3rqnvc,0,0.06418264657258987,-2.6796875,0,0.29530200362205505,0.3378075957298279,0.3668903708457947,0,0.14325956939441076,taglish,comment,True,majority,3-0,0,0
t1_p3s504y,0,0.07004895806312561,-2.5859375,0,0.3370043933391571,0.3259911835193634,0.3370043933391571,0,0.15111196873596522,taglish,comment,True,majority,3-0,0,0
t1_p3sc60l,0,0.05707139894366264,-2.8046875,0,0.32572615146636963,0.3381742835044861,0.3360995948314667,0,0.133321529793394,english,comment,True,adjudicator,2-1,0,0
t1_p3siquu,0,0.020177319645881653,-3.8828125,0,0.269461065530777,0.4051896333694458,0.3253493010997772,0,0.0696896494375592,english,comment,True,majority,3-0,0,0
t1_p3sv1c4,0,0.07585818320512772,-2.5,0,0.3221052587032318,0.3347368538379669,0.34315788745880127,0,0.15861762157570386,taglish,comment,True,majority,3-0,0,0
t1_p3t5pdh,0,0.646460235118866,0.603515625,1,0.40633246302604675,0.29947230219841003,0.2941952645778656,1,0.5993598087739277,english,comment,True,adjudicator,2-1,0,1
t1_p3te8we,0,0.05921025201678276,-2.765625,0,0.33690986037254333,0.32832616567611694,0.33476394414901733,0,0.13636286552924856,taglish,comment,True,majority,3-0,0,0
t1_p3uaj0a,0,0.2913839519023895,-0.888671875,0,0.36781609058380127,0.317241370677948,0.31494253873825073,0,0.35591991689532937,english,comment,True,unanimous,3-0,0,0
t1_p3ubs81,0,0.013222821988165379,-4.3125,0,0.30142566561698914,0.3482688367366791,0.3503054976463318,0,0.053239354818075665,taglish,comment,True,adjudicator,2-1,0,0
t1_p3ucskm,0,0.029760092496871948,-3.484375,0,0.3128834366798401,0.33742332458496094,0.349693238735199,0,0.08902961604386452,tagalog,comment,True,adjudicator,2-1,0,0
t1_p3ux07e,0,0.8844391107559204,2.03515625,1,0.4793608486652374,0.2663115859031677,0.25432756543159485,1,0.7954838883258017,tagalog,comment,True,adjudicator,2-1,0,1
t1_p3v4tfh,0,0.01971912942826748,-3.90625,0,0.30000001192092896,0.3469387888908386,0.3530612289905548,0,0.0686822904532567,taglish,comment,True,majority,3-0,0,0
t1_p3v75o1,0,0.3225259780883789,-0.7421875,0,0.31416836380958557,0.4004106819629669,0.2854209542274475,0,0.37863388563116424,taglish,comment,True,adjudicator,2-1,0,1
t1_p3vbu17,0,0.07807817310094833,-2.46875,0,0.325531929731369,0.33191490173339844,0.34255319833755493,0,0.16142099848385366,taglish,comment,True,adjudicator,2-1,0,0
t1_p3vcc6j,0,0.007815889082849026,-4.84375,0,0.2153209149837494,0.4409937858581543,0.3436852991580963,0,0.03794933000370197,tagalog,comment,True,majority,3-0,0,0
t1_p3vdjmm,0,0.025565214455127716,-3.640625,0,0.23464249074459076,0.42296072840690613,0.3423967659473419,0,0.08092643231876304,tagalog,comment,True,majority,3-0,0,0
t1_p3ve88l,0,0.3638729155063629,-0.55859375,0,0.36754176020622253,0.3078759014606476,0.3245823383331299,0,0.40786060745935626,taglish,comment,True,unanimous,3-0,0,0
t1_p3vf3pc,0,0.012431650422513485,-4.375,0,0.2742268145084381,0.36082473397254944,0.36494845151901245,0,0.051175537248186714,taglish,comment,True,unanimous,3-0,0,0
t1_p3vfivh,0,0.01384861022233963,-4.265625,0,0.2830188572406769,0.3542976975440979,0.3626834452152252,0,0.054838509530134236,taglish,comment,True,majority,3-0,0,0
t1_p3vgugz,0,0.012821215204894543,-4.34375,0,0.24012157320976257,0.4214792251586914,0.338399201631546,0,0.0521978086090026,taglish,comment,True,majority,3-0,0,0
t1_p3vgz7d,0,0.22270013391971588,-1.25,0,0.3084886074066162,0.39751553535461426,0.29399585723876953,0,0.30274192265489025,taglish,comment,True,majority,3-0,0,0
t1_p3vjl3w,0,0.007815889082849026,-4.84375,0,0.21810699999332428,0.4341563880443573,0.3477366268634796,0,0.03794933000370197,taglish,comment,True,majority,3-0,0,0
t1_p3vltwc,0,0.00955939944833517,-4.640625,0,0.22574257850646973,0.4277227818965912,0.3465346395969391,0,0.04322101436678518,taglish,comment,True,unanimous,3-0,0,0
t1_p3vmm1h,0,0.5774953961372375,0.3125,1,0.3678929805755615,0.3812709152698517,0.2508361339569092,0,0.5519539810711162,tagalog,comment,True,majority,3-0,0,0
t1_p3vqy0i,0,0.017712298780679703,-4.015625,0,0.27254509925842285,0.382765531539917,0.34468936920166016,0,0.06415738296008533,taglish,comment,True,majority,3-0,0,0
t1_p3vrkpf,0,0.06954174488782883,-2.59375,0,0.2890792191028595,0.3832976520061493,0.3276231288909912,0,0.15044431981700762,taglish,comment,True,majority,3-0,0,0
t1_p3wnwnp,0,0.034358687698841095,-3.3359375,0,0.3047034740447998,0.3415133059024811,0.3537832200527191,0,0.0973984275717484,taglish,comment,True,majority,3-0,0,0
t1_p3xq6o6,0,0.10230471193790436,-2.171875,0,0.2920892536640167,0.3833671510219574,0.32454362511634827,0,0.1900704225254828,taglish,comment,True,unanimous,3-0,0,0
t1_p3xraqe,0,0.5191404223442078,0.07659912109375,1,0.3720930218696594,0.31578946113586426,0.3121175169944763,0,0.5127781619478345,tagalog,comment,True,adjudicator,2-1,0,1
t1_p3xs87d,0,0.014728614129126072,-4.203125,0,0.30561330914497375,0.3451143503189087,0.34927234053611755,0,0.05704116754177609,english,comment,True,adjudicator,3-0,0,0
t1_p3xuma1,0,0.02161533385515213,-3.8125,0,0.32203391194343567,0.33474576473236084,0.3432203531265259,0,0.07279425357013906,taglish,comment,True,unanimous,3-0,0,0
t1_p3y6r7v,0,0.007577240467071533,-4.875,0,0.25904762744903564,0.40761905908584595,0.3333333432674408,0,0.0371951579613805,taglish,comment,True,unanimous,3-0,0,0
t1_p3ybx75,0,0.5741560459136963,0.298828125,1,0.39393940567970276,0.3030303120613098,0.3030303120613098,0,0.5496963360198145,english,comment,True,adjudicator,2-1,0,0
t1_p3yjl5u,0,0.8074606657028198,1.43359375,1,0.43478259444236755,0.29076087474823,0.27445653080940247,1,0.7224824663389469,tagalog,comment,True,majority,3-0,0,0
t1_p3ynuhx,0,0.03993731364607811,-3.1796875,0,0.32838982343673706,0.32203391194343567,0.34957626461982727,0,0.10695901047008542,english,comment,True,majority,3-0,0,0
t1_p3yp6yt,0,0.7439128756523132,1.06640625,1,0.42748090624809265,0.28498727083206177,0.2875317931175232,1,0.6707856947495473,tagalog,comment,True,adjudicator,2-1,0,1
t1_p3ywykd,0,0.12085322290658951,-1.984375,0,0.35176992416381836,0.3185840845108032,0.3296460211277008,0,0.21008528480199415,english,comment,True,adjudicator,2-1,0,0
t1_p3yznzs,0,0.8656789064407349,1.86328125,1,0.45854923129081726,0.2849740982055664,0.25647667050361633,1,0.7761884674589473,tagalog,comment,True,adjudicator,2-1,0,0
t1_p3z0rlz,0,0.6649755239486694,0.685546875,1,0.4082156717777252,0.2901155352592468,0.30166879296302795,1,0.6124322484548965,english,comment,True,adjudicator,2-1,0,0
t1_p3z200l,0,0.026355354115366936,-3.609375,0,0.28721174597740173,0.35010480880737305,0.3626834452152252,0,0.08249133251610476,tagalog,comment,True,majority,3-0,0,0
t1_p3z7948,0,0.015189048834145069,-4.171875,0,0.29713115096092224,0.3504098355770111,0.35245901346206665,0,0.05817342560325391,taglish,comment,True,majority,3-0,0,0
t1_p3z7dpc,0,0.04054073989391327,-3.1640625,0,0.27886709570884705,0.35511982440948486,0.3660130798816681,0,0.10795921256106841,taglish,comment,True,majority,3-0,0,0
t1_p3z7eou,0,0.5025596618652344,0.0102386474609375,1,0.3727678656578064,0.3169642984867096,0.3102678656578064,0,0.5017083626875948,tagalog,comment,True,adjudicator,2-1,0,0
t1_p3z7hln,0,0.23863890767097473,-1.16015625,0,0.3533487319946289,0.31639721989631653,0.33025404810905457,0,0.3155472027065375,tagalog,comment,True,unanimous,3-0,0,0
t1_p3za0te,0,0.8386797904968262,1.6484375,1,0.4577373266220093,0.2769830822944641,0.2652795910835266,1,0.750297584450144,taglish,comment,True,adjudicator,2-1,0,0
t1_p3zb5sw,0,0.05665242671966553,-2.8125,0,0.3230452537536621,0.3374485671520233,0.3395061790943146,0,0.1327201941304719,taglish,comment,True,majority,3-0,0,0
t1_p3zck9z,1,0.5590493679046631,0.2373046875,1,0.3598130941390991,0.3714953362941742,0.2686915993690491,0,0.5395129059776348,tagalog,comment,True,adjudicator,2-1,1,0
t1_p3zfmm6,0,0.1555909961462021,-1.69140625,0,0.34361234307289124,0.3281938433647156,0.3281938433647156,0,0.24436817787675652,taglish,comment,True,majority,3-0,0,0
t1_p3zo2om,0,0.056236349046230316,-2.8203125,0,0.2648870646953583,0.41273099184036255,0.3223819434642792,0,0.13212115726820514,taglish,comment,True,majority,3-0,0,0
t1_p3zog7n,0,0.015424554236233234,-4.15625,0,0.25942349433898926,0.37472283840179443,0.3658536672592163,0,0.05874743166930117,taglish,comment,True,majority,3-0,0,0
t1_p3zq2x9,0,0.01784873940050602,-4.0078125,0,0.3057851195335388,0.34504133462905884,0.34917354583740234,0,0.06447116332496301,english,comment,True,majority,3-0,0,0
t1_p3zsw04,0,0.06903792917728424,-2.6015625,0,0.31392931938171387,0.3367983400821686,0.34927234053611755,0,0.1497791002580496,taglish,comment,True,unanimous,3-0,0,0
t1_p3zvxdr,0,0.017442483454942703,-4.03125,0,0.23547400534152985,0.4260958135128021,0.33843016624450684,0,0.0635340856224983,taglish,comment,True,unanimous,3-0,0,0
t1_p3zxck1,0,0.01784873940050602,-4.0078125,0,0.3086419701576233,0.3395061790943146,0.35185185074806213,0,0.06447116332496301,taglish,comment,True,majority,3-0,0,0
t1_p3zz7ts,0,0.03161877021193504,-3.421875,0,0.30785122513771057,0.3429751992225647,0.34917354583740234,0,0.0924712414139483,taglish,comment,True,majority,3-0,0,0
t1_p3zzaks,0,0.01971912942826748,-3.90625,0,0.3199152648448944,0.33474576473236084,0.34533897042274475,0,0.0686822904532567,taglish,comment,True,majority,3-0,0,0
t1_p403hxf,0,0.020332353189587593,-3.875,0,0.29713115096092224,0.3545081913471222,0.34836065769195557,0,0.07002846229393833,english,comment,True,majority,3-0,0,0
t1_p40efa2,0,0.017442483454942703,-4.03125,0,0.30434781312942505,0.3436852991580963,0.35196688771247864,0,0.0635340856224983,taglish,comment,True,majority,3-0,0,0
t1_p40mjue,0,0.029760092496871948,-3.484375,0,0.29247310757637024,0.35053762793540955,0.3569892346858978,0,0.08902961604386452,taglish,comment,True,adjudicator,2-1,0,0
t1_p40nepi,0,0.014957086183130741,-4.1875,0,0.25028058886528015,0.3748597204685211,0.3748597204685211,0,0.05760468476477536,taglish,comment,True,majority,3-0,0,0
t1_p40phsy,0,0.03622005507349968,-3.28125,0,0.2678983807563782,0.3602771461009979,0.3718244731426239,0,0.10065466116075211,tagalog,comment,True,unanimous,3-0,0,0
t1_p40vxa0,0,0.86200350522995,1.83203125,1,0.4203979969024658,0.3383084535598755,0.2412935346364975,1,0.7725443534260199,tagalog,comment,True,adjudicator,2-1,0,1
t1_p40w4c5,0,0.043365802615880966,-3.09375,0,0.3258427083492279,0.3123595416545868,0.3617977499961853,0,0.11256240749778637,taglish,comment,True,majority,3-0,0,0
t1_p41suvt,0,0.008187909610569477,-4.796875,0,0.24351297318935394,0.41916167736053467,0.3373253345489502,0,0.03910818816912197,english,comment,True,majority,3-0,0,0
t1_p4441wl,0,0.07423137128353119,-2.5234375,0,0.3076923191547394,0.3484162986278534,0.3438914120197296,0,0.15654111421856182,english,comment,True,majority,3-0,0,0
t1_p44rmvn,0,0.06903792917728424,-2.6015625,0,0.3427331745624542,0.3275488018989563,0.3297179937362671,0,0.1497791002580496,english,comment,True,majority,3-0,0,0
t1_p451dv5,1,0.7859664559364319,1.30078125,1,0.4226110279560089,0.2920592129230499,0.28532975912094116,1,0.7043642138356313,tagalog,comment,True,adjudicator,2-1,1,1
t1_p453ho3,0,0.053799647837877274,-2.8671875,0,0.31759655475616455,0.33690986037254333,0.3454935550689697,0,0.12857492592662206,english,comment,True,majority,3-0,0,0
t1_p456qkl,0,0.3699977397918701,-0.5322265625,0,0.3876337707042694,0.298454225063324,0.3139120042324066,0,0.41211749554147414,english,comment,True,adjudicator,2-1,0,0
t1_p457cku,0,0.2620856761932373,-1.03515625,0,0.33261802792549133,0.3519313335418701,0.31545063853263855,0,0.333836472167059,tagalog,comment,True,majority,3-0,0,0
t1_p45l9bf,0,0.03676946833729744,-3.265625,0,0.29936304688453674,0.3397027552127838,0.36093416810035706,0,0.101602616853035,english,comment,True,majority,3-0,0,0
t1_p45u9v9,0,0.012431650422513485,-4.375,0,0.2991803288459778,0.3504098355770111,0.3504098355770111,0,0.051175537248186714,english,comment,True,majority,3-0,0,0
t1_p460bgg,0,0.6455669403076172,0.599609375,1,0.4259028732776642,0.29265254735946655,0.28144457936286926,1,0.5987336079935989,tagalog,comment,True,adjudicator,2-1,0,1
t1_p46114s,0,0.02161533385515213,-3.8125,0,0.23946556448936462,0.4069886803627014,0.3535457253456116,0,0.07279425357013906,taglish,comment,True,majority,3-0,0,0
t1_p4617tr,0,0.023870835080742836,-3.7109375,0,0.26002055406570435,0.3987666964530945,0.34121274948120117,0,0.07750398972330617,english,comment,True,majority,3-0,0,0
t1_p465g9d,0,0.2806163728237152,-0.94140625,0,0.29828324913978577,0.4034334719181061,0.29828324913978577,0,0.3478930923170891,taglish,comment,True,adjudicator,2-1,0,0
t1_p467600,0,0.024798156693577766,-3.671875,0,0.31440162658691406,0.3387424051761627,0.3468559980392456,0,0.07938865033077765,tagalog,comment,True,adjudicator,2-1,0,0
t1_p468emq,0,0.07107366621494293,-2.5703125,0,0.3291139304637909,0.31856539845466614,0.35232067108154297,0,0.15245457144399324,taglish,comment,True,majority,3-0,0,0
t1_p469u4w,1,0.06954174488782883,-2.59375,0,0.2961275577545166,0.35307517647743225,0.35079726576805115,0,0.15044431981700762,taglish,comment,True,unanimous,3-0,1,1
t1_p46c1ys,0,0.403566837310791,-0.390625,0,0.3832487165927887,0.29949238896369934,0.31725889444351196,0,0.4351889590511431,tagalog,comment,True,adjudicator,2-1,0,0
t1_p46f6fr,0,0.056236349046230316,-2.8203125,0,0.3002070486545563,0.35403725504875183,0.3457556962966919,0,0.13212115726820514,tagalog,comment,True,majority,3-0,0,0
t1_p46fpdb,0,0.029760092496871948,-3.484375,0,0.31440162658691406,0.3387424051761627,0.3468559980392456,0,0.08902961604386452,taglish,comment,True,unanimous,3-0,0,0
t1_p46gwy2,0,0.014063626527786255,-4.25,0,0.3004032373428345,0.3447580635547638,0.35483869910240173,0,0.055381544425499044,taglish,comment,True,majority,3-0,0,0
t1_p46i36k,0,0.01615283451974392,-4.109375,0,0.3010101020336151,0.34545454382896423,0.35353535413742065,0,0.060501460283761944,taglish,comment,True,adjudicator,2-1,0,0
t1_p46ija3,0,0.5443170070648193,0.177734375,1,0.3274725377559662,0.38461539149284363,0.2879121005535126,0,0.5296211394909942,taglish,comment,True,majority,3-0,0,0
t1_p46j4uw,0,0.01798621006309986,-4.0,0,0.3155737817287445,0.33811476826667786,0.3463114798069,0,0.06478637208466287,taglish,comment,True,unanimous,3-0,0,0
t1_p46k54m,0,0.00857748556882143,-4.75,0,0.27715355157852173,0.39700374007225037,0.3258427083492279,0,0.04030095194160548,taglish,comment,True,majority,3-0,0,0
t1_p46lrim,0,0.03934250399470329,-3.1953125,0,0.3195876181125641,0.33608248829841614,0.3443298935890198,0,0.10596697409798181,taglish,comment,True,majority,3-0,0,0
t1_p46zdqa,0,0.7943849563598633,1.3515625,1,0.4593908488750458,0.2639593780040741,0.27664974331855774,1,0.7113725969118315,taglish,comment,True,majority,3-0,0,0
t1_p47hvja,1,0.5808276534080505,0.326171875,1,0.37831857800483704,0.34292036294937134,0.2787610590457916,0,0.554209486570213,taglish,comment,True,majority,3-0,1,1
t1_p47i2r2,0,0.11162799596786499,-2.07421875,0,0.3195020854473114,0.35062241554260254,0.32987552881240845,0,0.20030728632826938,taglish,comment,True,majority,3-0,0,0
t1_p47sah4,0,0.01578456163406372,-4.1328125,0,0.30705395340919495,0.3423236608505249,0.35062241554260254,0,0.05961840457867046,taglish,comment,True,majority,3-0,0,0
t1_p47w28i,0,0.2759094536304474,-0.96484375,0,0.35384616255760193,0.32307693362236023,0.32307693362236023,0,0.34435284084346685,taglish,comment,True,adjudicator,2-1,0,1
t1_p48bcl6,0,0.03594832494854927,-3.2890625,0,0.33839479088783264,0.3275488018989563,0.33405640721321106,0,0.10018363479535145,taglish,comment,True,unanimous,3-0,0,0
t1_p48edr7,0,0.02931223064661026,-3.5,0,0.28731343150138855,0.3992537260055542,0.31343284249305725,0,0.08818745194844858,taglish,comment,True,majority,3-0,0,0
t1_p48uzbx,0,0.6930575966835022,0.814453125,1,0.41251447796821594,0.34298956394195557,0.2444959431886673,1,0.6326453451062406,taglish,comment,True,majority,3-0,0,0
t1_p48vekj,0,0.017176708206534386,-4.046875,0,0.3053278625011444,0.3401639461517334,0.3545081913471222,0,0.062916436595942,taglish,comment,True,majority,3-0,0,0
t1_p4ax4kj,0,0.35353976488113403,-0.603515625,0,0.3466981053352356,0.3278301954269409,0.3254716992378235,0,0.4006401912260722,taglish,comment,True,unanimous,3-0,0,0
t1_p4bbpyq,0,0.13660839200019836,-1.84375,0,0.3087378740310669,0.3883495032787323,0.3029126226902008,0,0.2260842166783437,english,comment,True,majority,3-0,0,0
t1_p4bi0wm,0,0.1795305460691452,-1.51953125,0,0.35476717352867126,0.32372504472732544,0.3215077519416809,0,0.2661654598642483,tagalog,comment,True,adjudicator,2-1,0,0
t1_p4biygx,0,0.30280327796936035,-0.833984375,0,0.3590908944606781,0.3272727131843567,0.3136363625526428,0,0.3643303982644607,english,comment,True,majority,3-0,0,0
t1_p4bljcw,0,0.707808792591095,0.884765625,1,0.4030226767063141,0.29974812269210815,0.29722923040390015,1,0.6434822027484939,taglish,comment,True,adjudicator,2-1,0,1
t1_p4bn67m,0,0.053799647837877274,-2.8671875,0,0.3347368538379669,0.3368421196937561,0.32842105627059937,0,0.12857492592662206,english,comment,True,unanimous,3-0,0,0
t1_p4bsnv1,0,0.8591918349266052,1.80859375,1,0.4467005133628845,0.2918781638145447,0.2614213228225708,1,0.7697839204985085,tagalog,comment,True,majority,3-0,0,0
t1_p4btc0n,0,0.6588566303253174,0.658203125,1,0.4369538128376007,0.2846441864967346,0.2784020006656647,1,0.6080917172984351,english,comment,True,majority,3-0,0,0
t1_p4cxm10,0,0.0844927504658699,-2.3828125,0,0.3299180269241333,0.33196720480918884,0.33811476826667786,0,0.16933655267818076,taglish,comment,True,majority,3-0,0,0
t1_p4dgecm,0,0.06754669547080994,-2.625,0,0.3162393271923065,0.3333333432674408,0.3504273593425751,0,0.1477979751504607,taglish,comment,True,majority,3-0,0,0
t1_p4dhebd,0,0.047074176371097565,-3.0078125,0,0.3486842215061188,0.32236841320991516,0.32894736528396606,0,0.11842043069730437,taglish,comment,True,majority,3-0,0,0
t1_p4dnfav,0,0.9246877431869507,2.5078125,1,0.4763193428516388,0.26928281784057617,0.25439783930778503,1,0.842077019863169,tagalog,comment,True,adjudicator,2-1,0,0
t1_p4du5ih,0,0.019419347867369652,-3.921875,0,0.272532194852829,0.3562231659889221,0.3712446391582489,0,0.0680182281229532,english,comment,True,majority,3-0,0,0
t1_p4dwqfb,1,0.24508504569530487,-1.125,0,0.34375,0.3149038553237915,0.3413461446762085,0,0.32063668073480395,english,comment,True,adjudicator,2-1,1,1
t1_p4dyzc9,0,0.02161533385515213,-3.8125,0,0.29032257199287415,0.38140416145324707,0.3282732367515564,0,0.07279425357013906,english,comment,True,majority,3-0,0,0
t1_p4e3pc6,0,0.07585818320512772,-2.5,0,0.29282867908477783,0.40438246726989746,0.3027888536453247,0,0.15861762157570386,taglish,comment,True,majority,3-0,0,0
t1_p4e9crn,0,0.8056321740150452,1.421875,1,0.41787439584732056,0.29589372873306274,0.2862318754196167,1,0.7209115525293295,tagalog,comment,True,adjudicator,2-1,0,0
t1_p4ebxzn,0,0.007232763804495335,-4.921875,0,0.2529182732105255,0.4221789836883545,0.3249027132987976,0,0.03609085776479745,taglish,comment,True,unanimous,3-0,0,0
t1_p4eease,0,0.012821215204894543,-4.34375,0,0.2786259651184082,0.38740459084510803,0.33396947383880615,0,0.0521978086090026,taglish,comment,True,unanimous,3-0,0,0
t1_p4em7l7,0,0.01342825498431921,-4.296875,0,0.24922440946102142,0.4095139503479004,0.341261625289917,0,0.053767455021007354,english,comment,True,majority,3-0,0,0
t1_p4er23j,0,0.011158031411468983,-4.484375,0,0.2687039077281952,0.3624868392944336,0.3688092827796936,0,0.04774487593153098,english,comment,True,majority,3-0,0,0
t1_p4eskwg,0,0.00985985528677702,-4.609375,0,0.21676892042160034,0.42331287264823914,0.3599182069301605,0,0.044091771879393823,taglish,comment,True,unanimous,3-0,0,0
t1_p4ewq7q,0,0.007937993854284286,-4.828125,0,0.26053640246391296,0.4118773937225342,0.32758620381355286,0,0.03833190359748606,english,comment,True,majority,3-0,0,0
t1_p4g9m05,0,0.021287353709340096,-3.828125,0,0.3033932149410248,0.34530937671661377,0.35129740834236145,0,0.07209351186511057,taglish,comment,True,majority,3-0,0,0
t1_p4g9s91,0,0.03676946833729744,-3.265625,0,0.3116089701652527,0.34419551491737366,0.34419551491737366,0,0.101602616853035,taglish,comment,True,majority,3-0,0,0
t1_p4g9xex,0,0.01652955636382103,-4.0859375,0,0.31469979882240295,0.33954450488090515,0.3457556962966919,0,0.061396741671614505,english,comment,True,majority,3-0,0,0
t1_p4gcvtp,0,0.018404891714453697,-3.9765625,0,0.3116089701652527,0.3340122103691101,0.3543788194656372,0,0.06574062340085342,taglish,comment,True,majority,3-0,0,0
t1_p4gd9e2,0,0.009268012829124928,-4.671875,0,0.2785046696662903,0.4056074619293213,0.31588783860206604,0,0.042366691070799864,taglish,comment,True,unanimous,3-0,0,0
t1_p4gft2f,0,0.018404891714453697,-3.9765625,0,0.3047034740447998,0.3476482629776001,0.3476482629776001,0,0.06574062340085342,taglish,comment,True,majority,3-0,0,0
t1_p4gftyg,0,0.024423090741038322,-3.6875,0,0.29087451100349426,0.3821292817592621,0.32699620723724365,0,0.07862981204962317,taglish,comment,True,unanimous,3-0,0,0
t1_p4gj6sh,0,0.2018132209777832,-1.375,0,0.35053762793540955,0.32473117113113403,0.32473117113113403,0,0.2854262774014902,english,comment,True,majority,3-0,0,0
t1_p4gw8oy,0,0.013020490296185017,-4.328125,0,0.2975708544254303,0.35020244121551514,0.35222673416137695,0,0.05271615260443792,taglish,comment,True,unanimous,3-0,0,0
t1_p4i6qaq,0,0.04535258188843727,-3.046875,0,0.325630247592926,0.3340336084365845,0.3403361439704895,0,0.11572564704921785,taglish,comment,True,adjudicator,2-1,0,0
t1_p4i7379,1,0.04569203034043312,-3.0390625,0,0.28107503056526184,0.3449048101902008,0.37402015924453735,0,0.11626030487141607,tagalog,comment,True,adjudicator,2-1,1,1
t1_p4i7j69,0,0.7106282711029053,0.8984375,1,0.4220689535140991,0.27448275685310364,0.30344828963279724,1,0.6455728163013381,tagalog,comment,True,adjudicator,2-1,0,0
t1_p4i7qsg,1,0.03185885399580002,-3.4140625,0,0.28260868787765503,0.3586956560611725,0.3586956560611725,0,0.09290975103969469,taglish,comment,True,unanimous,3-0,1,1
t1_p4iaido,0,0.08035747706890106,-2.4375,0,0.2937364876270294,0.3498920202255249,0.3563714921474457,0,0.16426424872868958,english,comment,True,majority,3-0,0,0
t1_p4ibiuu,1,0.8438951373100281,1.6875,1,0.4527297019958496,0.2743009328842163,0.2729693651199341,1,0.7551500924662269,english,comment,True,majority,3-0,1,1
t1_p4icm2l,1,0.5134854912757874,0.053955078125,1,0.35630688071250916,0.33810141682624817,0.3055916726589203,0,0.509001700836659,tagalog,comment,True,adjudicator,2-1,1,1
t1_p4ie5zr,0,0.6614856719970703,0.669921875,1,0.3980099558830261,0.2985074520111084,0.3034825921058655,1,0.6099540821654843,tagalog,comment,True,majority,3-0,0,0
t1_p4inedd,0,0.6684475541114807,0.701171875,1,0.3504531681537628,0.33081570267677307,0.3187311291694641,1,0.6149046103395198,tagalog,comment,True,majority,3-0,0,0
t1_p4j2qy3,0,0.2240554690361023,-1.2421875,0,0.323383092880249,0.33084577322006226,0.3457711338996887,0,0.303843718817172,taglish,comment,True,majority,3-0,0,0
t1_p4j4bo5,0,0.06512754410505295,-2.6640625,0,0.2738095223903656,0.3571428656578064,0.369047611951828,0,0.14454428453687423,english,comment,True,adjudicator,2-1,0,0
t1_p4jun35,0,0.014957086183130741,-4.1875,0,0.30390143394470215,0.3449692130088806,0.35112935304641724,0,0.05760468476477536,taglish,comment,True,adjudicator,3-0,0,0
t1_p4klhcp,0,0.01784873940050602,-4.0078125,0,0.3110647201538086,0.3444676399230957,0.3444676399230957,0,0.06447116332496301,english,comment,True,majority,3-0,0,0
t1_p4kpg8l,1,0.7943849563598633,1.3515625,1,0.4512040615081787,0.28010138869285583,0.26869454979896545,1,0.7113725969118315,tagalog,comment,True,adjudicator,2-1,1,1
t1_p4l6vav,0,0.08269734680652618,-2.40625,0,0.3504464328289032,0.3191964328289032,0.3303571343421936,0,0.16714759744408147,english,comment,True,majority,3-0,0,0
t1_p4mavs0,0,0.601359486579895,0.4111328125,1,0.37593984603881836,0.31578946113586426,0.308270663022995,0,0.5681723441737374,tagalog,comment,True,adjudicator,2-1,0,0
t1_p4mcm4v,1,0.854884684085846,1.7734375,1,0.4167872667312622,0.29667147994041443,0.28654125332832336,1,0.7655994157791118,taglish,comment,True,majority,3-0,1,1
t1_p4mctow,0,0.8464508652687073,1.70703125,1,0.43878787755966187,0.29212120175361633,0.2690909206867218,1,0.7575523204819139,tagalog,comment,True,adjudicator,2-1,0,0
t1_p4mdcaf,0,0.9257686138153076,2.5234375,1,0.4927152395248413,0.2622516453266144,0.2450331151485443,1,0.8434588857814381,tagalog,comment,True,majority,3-0,0,0
t1_p4mdscq,0,0.043691061437129974,-3.0859375,0,0.32842105627059937,0.34526315331459045,0.3263157904148102,0,0.11308431994056944,taglish,comment,True,majority,3-0,0,0
t1_p4mdvr0,0,0.7386690378189087,1.0390625,1,0.4422360360622406,0.28198757767677307,0.27577638626098633,1,0.6667430706045651,english,comment,True,adjudicator,2-1,0,0
t1_p4miji8,0,0.7634837031364441,1.171875,1,0.4247787594795227,0.3059418499469757,0.2692793905735016,1,0.6861395833211894,tagalog,comment,True,adjudicator,2-1,0,0
t1_p4mkcna,1,0.10669060051441193,-2.125,0,0.27294686436653137,0.34541061520576477,0.38164252042770386,0,0.19493335293465128,english,comment,True,majority,3-0,1,1
t1_p4mltiq,1,0.39210402965545654,-0.4384765625,0,0.32575756311416626,0.3333333432674408,0.34090909361839294,0,0.42735571790431653,taglish,comment,True,adjudicator,2-1,1,1
t1_p4mp9bw,0,0.3402659296989441,-0.662109375,0,0.363834410905838,0.3137255012989044,0.32244008779525757,0,0.39128714181426494,taglish,comment,True,adjudicator,2-1,0,0
t1_p4ms7si,0,0.07055959850549698,-2.578125,0,0.25647059082984924,0.36941176652908325,0.3741176426410675,0,0.15178205122137198,tagalog,comment,True,adjudicator,2-1,0,1
t1_p4mv2i7,0,0.014503578655421734,-4.21875,0,0.31111112236976624,0.3414141535758972,0.34747475385665894,0,0.05648283252016579,taglish,comment,True,unanimous,3-0,0,0
t1_p4n5bbj,0,0.27708157896995544,-0.958984375,0,0.33411213755607605,0.34112149477005005,0.3247663676738739,0,0.3452363034892278,taglish,comment,True,majority,3-0,0,0
t1_p4n673n,0,0.024237634614109993,-3.6953125,0,0.29501083493232727,0.35574838519096375,0.349240779876709,0,0.07825288573116679,taglish,comment,True,unanimous,3-0,0,0
t1_p4n6x5q,1,0.8110781908035278,1.45703125,1,0.4444444477558136,0.2888889014720917,0.2666666805744171,1,0.7256079019317608,taglish,comment,True,majority,3-0,1,1
t1_p4n9a42,0,0.023870835080742836,-3.7109375,0,0.30879345536231995,0.33742332458496094,0.3537832200527191,0,0.07750398972330617,english,comment,True,majority,3-0,0,0
t1_p4n9omu,0,0.02096424251794815,-3.84375,0,0.26101693511009216,0.3706214725971222,0.36836159229278564,0,0.07139899629356045,taglish,comment,True,unanimous,3-0,0,0
t1_p4nak5b,0,0.8333246111869812,1.609375,1,0.4477987289428711,0.28930819034576416,0.26289308071136475,1,0.7453813337056515,english,comment,True,majority,3-0,0,0
t1_p4nb10g,0,0.01678548939526081,-4.0703125,0,0.2488372027873993,0.3581395447254181,0.3930232524871826,0,0.06200045896861632,taglish,comment,True,unanimous,3-0,0,0
t1_p4nb5o8,0,0.02080449089407921,-3.8515625,0,0.29759299755096436,0.35010939836502075,0.3522976040840149,0,0.07105405913108659,english,comment,True,majority,3-0,0,0
t1_p4ncmm6,0,0.053403329104185104,-2.875,0,0.24257932603359222,0.42784032225608826,0.3295803368091583,0,0.1279918377015539,taglish,comment,True,majority,3-0,0,0
t1_p4ndcqd,0,0.04240382835268974,-3.1171875,0,0.2844444513320923,0.35555556416511536,0.36000001430511475,0,0.11100927421526852,tagalog,comment,True,adjudicator,2-1,0,0
t1_p4ndhyz,0,0.5722447633743286,0.291015625,1,0.34517765045166016,0.34771573543548584,0.3071065843105316,0,0.54840532755312,tagalog,comment,True,unanimous,3-0,0,0
t1_p4ne8td,0,0.6641048192977905,0.681640625,1,0.3605359196662903,0.3897685706615448,0.24969549477100372,1,0.6118132465825601,tagalog,comment,True,adjudicator,2-1,0,0
t1_p4net0h,0,0.01678548939526081,-4.0703125,0,0.29386892914772034,0.344608873128891,0.36152219772338867,0,0.06200045896861632,english,comment,True,majority,3-0,0,0
t1_p4nfcdo,0,0.06560484319925308,-2.65625,0,0.3096330165863037,0.34633028507232666,0.34403669834136963,0,0.14519022478846957,taglish,comment,True,unanimous,3-0,0,0
t1_p4njhnu,0,0.6406359076499939,0.578125,1,0.4221698045730591,0.2924528419971466,0.2853773534297943,1,0.5952837902328326,tagalog,comment,True,adjudicator,2-1,0,0
t1_p4nkkv3,0,0.0541987307369709,-2.859375,0,0.27036598324775696,0.37072017788887024,0.3589138090610504,0,0.12916027705297606,english,comment,True,unanimous,3-0,0,0
t1_p4nlhqb,0,0.7106282711029053,0.8984375,1,0.39646464586257935,0.34090909361839294,0.2626262605190277,1,0.6455728163013381,english,comment,True,unanimous,3-0,0,0
t1_p4nu0xc,1,0.16026602685451508,-1.65625,0,0.35476717352867126,0.31707316637039185,0.3281596601009369,0,0.24872680142839282,english,comment,True,majority,3-0,1,1
t1_p4nubx1,1,0.038756195455789566,-3.2109375,0,0.31578946113586426,0.32894736528396606,0.3552631437778473,0,0.10498305713763992,taglish,comment,True,majority,3-0,1,1
t1_p4o3le5,0,0.028870904818177223,-3.515625,0,0.2555204927921295,0.40588852763175964,0.33859094977378845,0,0.08735249030645904,taglish,comment,True,majority,3-0,0,0
t1_p4o65k5,0,0.8868131041526794,2.05859375,1,0.4790257215499878,0.2733423411846161,0.24763193726539612,1,0.7980170202264842,tagalog,comment,True,adjudicator,2-1,0,0
t1_p4olswb,1,0.01956867426633835,-3.9140625,0,0.3005671203136444,0.38374289870262146,0.31568998098373413,0,0.06834951198067311,taglish,comment,True,unanimous,3-0,1,1
t1_p4onbxw,0,0.023870835080742836,-3.7109375,0,0.2843511402606964,0.39312976598739624,0.32251909375190735,0,0.07750398972330617,taglish,comment,True,majority,3-0,0,0
t1_p4p8bvr,0,0.0960254892706871,-2.2421875,0,0.32700422406196594,0.3291139304637909,0.34388184547424316,0,0.18295101396086022,english,comment,True,majority,3-0,0,0
t1_p4pq6qr,0,0.07316472381353378,-2.5390625,0,0.3055555522441864,0.34953704476356506,0.34490740299224854,0,0.15516911184871673,english,comment,True,majority,3-0,0,0
t1_p4pupu7,0,0.03488088399171829,-3.3203125,0,0.27944111824035645,0.4071856141090393,0.31337326765060425,0,0.09831906897061209,taglish,comment,True,majority,3-0,0,0
t1_p4pzjeu,0,0.055005285888910294,-2.84375,0,0.29230770468711853,0.35164836049079895,0.3560439646244049,0,0.13033778876818486,english,comment,True,adjudicator,2-1,0,0
t1_p4q6ia8,1,0.8688268065452576,1.890625,1,0.43004417419433594,0.29749631881713867,0.2724595069885254,1,0.7793428284206058,tagalog,comment,True,adjudicator,2-1,1,1
t1_p4q85h6,0,0.08945459872484207,-2.3203125,0,0.28883495926856995,0.3543689250946045,0.35679611563682556,0,0.1752852677073696,taglish,comment,True,majority,3-0,0,0
t1_p4q8v9j,0,0.1294027417898178,-1.90625,0,0.3071593642234802,0.3464203178882599,0.3464203178882599,0,0.21886904378757663,english,comment,True,adjudicator,2-1,0,1
t1_p4q9za0,0,0.77390056848526,1.23046875,1,0.4351245164871216,0.2804718315601349,0.2844036817550659,1,0.694499359209349,english,comment,True,adjudicator,2-1,0,0
t1_p4qebjx,0,0.03258974477648735,-3.390625,0,0.32244008779525757,0.34204792976379395,0.3355119824409485,0,0.09423649694186079,english,comment,True,majority,3-0,0,0
t1_p4qem03,0,0.04742587357759476,-3.0,0,0.3311688303947449,0.3268398344516754,0.3419913351535797,0,0.11896586357988254,english,comment,True,unanimous,3-0,0,0
t1_p4qfxr5,1,0.05541279539465904,-2.8359375,0,0.30921053886413574,0.34210526943206787,0.3486842215061188,0,0.13092995968207227,taglish,comment,True,adjudicator,2-1,1,0
t1_p4qgz5t,0,0.4988860785961151,-0.00445556640625,0,0.3857868015766144,0.3236040472984314,0.2906091511249542,0,0.4992565670963583,english,comment,True,adjudicator,2-1,0,1
t1_p4qu5cn,0,0.18713268637657166,-1.46875,0,0.34945055842399597,0.3186813294887543,0.33186814188957214,0,0.27283761429773845,tagalog,comment,True,adjudicator,2-1,0,0
t1_p4qxjol,0,0.030675798654556274,-3.453125,0,0.31612902879714966,0.34193548560142517,0.34193548560142517,0,0.09073574045148475,english,comment,True,unanimous,3-0,0,0
t1_p4qzg0c,0,0.019271137192845345,-3.9296875,0,0.30151844024658203,0.3427331745624542,0.35574838519096375,0,0.06768843330667347,tagalog,comment,True,adjudicator,2-1,0,0
t1_p4r5wg2,1,0.8418256044387817,1.671875,1,0.42839035391807556,0.29404309391975403,0.2775665521621704,1,0.7532167642419796,taglish,comment,True,majority,3-0,1,1
t1_p4rcpu8,0,0.42417341470718384,-0.3056640625,0,0.35849055647850037,0.32311320304870605,0.3183962404727936,0,0.44917457969461716,taglish,comment,True,unanimous,3-0,0,0
t1_p4rn3ty,0,0.17217184603214264,-1.5703125,0,0.3683035671710968,0.3147321343421936,0.3169642984867096,0,0.25959822047049236,tagalog,comment,True,adjudicator,2-1,0,0
t1_p4rrt41,0,0.028007520362734795,-3.546875,0,0.2839506268501282,0.3888888955116272,0.327160507440567,0,0.08570398569083677,taglish,comment,True,adjudicator,2-1,0,1
t1_p4rtcjc,0,0.00985985528677702,-4.609375,0,0.2857142984867096,0.3866666555404663,0.3276190459728241,0,0.044091771879393823,taglish,comment,True,adjudicator,2-1,0,0
t1_p4rv6tw,1,0.48970937728881836,-0.041168212890625,0,0.37926971912384033,0.3227326273918152,0.2979976534843445,0,0.4931313107137147,tagalog,comment,True,adjudicator,2-1,1,1
t1_p4rw6f0,0,0.03308597952127457,-3.375,0,0.259593665599823,0.3702031672000885,0.3702031672000885,0,0.09513040077700922,english,comment,True,adjudicator,2-1,0,1
t1_p4ryfsy,1,0.30985841155052185,-0.80078125,0,0.36835598945617676,0.30531519651412964,0.3263288140296936,0,0.3694778801529357,english,comment,True,majority,3-0,1,1
t1_p4ryksa,0,0.3965354859828949,-0.419921875,0,0.3539266884326935,0.38743454217910767,0.25863873958587646,0,0.43038899843468714,english,comment,True,majority,3-0,0,0
t1_p4s1e0i,0,0.046378206461668015,-3.0234375,0,0.3037974536418915,0.34810125827789307,0.34810125827789307,0,0.11733605773886623,taglish,comment,True,unanimous,3-0,0,0
t1_p4s8zys,0,0.34775859117507935,-0.62890625,0,0.31974250078201294,0.3862660825252533,0.29399141669273376,0,0.39657787545726,tagalog,comment,True,adjudicator,2-1,0,1
t1_p4se7l8,1,0.7534666657447815,1.1171875,1,0.38588234782218933,0.3764705955982208,0.23764705657958984,1,0.6782264517099319,taglish,comment,True,unanimous,3-0,1,1
t1_p4sedm6,0,0.09073548763990402,-2.3046875,0,0.35462555289268494,0.3281938433647156,0.3171806037425995,0,0.17679791455815907,taglish,comment,True,majority,3-0,0,0
t1_p4ssv2p,0,0.8770562410354614,1.96484375,1,0.48391249775886536,0.2535392642021179,0.2625482678413391,1,0.7877432980329803,tagalog,comment,True,unanimous,3-0,0,0
t1_p4st9rn,0,0.7885831594467163,1.31640625,1,0.4057970941066742,0.30579710006713867,0.28840580582618713,1,0.7065311442784942,taglish,comment,True,majority,3-0,0,0
t1_p4stnfe,0,0.7130321860313416,0.91015625,1,0.3896424174308777,0.3304562270641327,0.2799013555049896,1,0.6473603585343611,tagalog,comment,True,adjudicator,2-1,0,1
t1_p4sty57,0,0.7057850360870361,0.875,1,0.3806060552597046,0.36848485469818115,0.25090909004211426,1,0.6419855475327856,taglish,comment,True,majority,3-0,0,0
t1_p4suo52,0,0.3119506537914276,-0.791015625,0,0.36711710691452026,0.3333333432674408,0.29954954981803894,0,0.3709975738472985,taglish,comment,True,majority,3-0,0,0
t1_p4sutzg,0,0.8591918349266052,1.80859375,1,0.46517413854599,0.26990050077438354,0.26492536067962646,1,0.7697839204985085,taglish,comment,True,adjudicator,2-1,0,1
t1_p4svbbp,0,0.5827285051345825,0.333984375,1,0.38738739490509033,0.3243243098258972,0.28828829526901245,0,0.5554973513110826,taglish,comment,True,majority,3-0,0,0
t1_p4svza9,0,0.07696083933115005,-2.484375,0,0.35574838519096375,0.33188721537590027,0.3123644292354584,0,0.16001434036203038,tagalog,comment,True,adjudicator,2-1,0,0
t1_p4sx1e4,1,0.7962924242019653,1.36328125,1,0.46344485878944397,0.27881041169166565,0.2577447295188904,1,0.7129758258849537,tagalog,comment,True,adjudicator,2-1,1,1
t1_p4sxwjj,0,0.08632347732782364,-2.359375,0,0.29487180709838867,0.38461539149284363,0.3205128312110901,0,0.17154826972341217,tagalog,comment,True,majority,3-0,0,0
t1_p4t3p3g,0,0.8757869601249695,1.953125,1,0.45839017629623413,0.2796725928783417,0.2619372308254242,1,0.7864325993448168,tagalog,comment,True,adjudicator,2-1,0,1
t1_p4t3t98,0,0.08756383508443832,-2.34375,0,0.2565564513206482,0.36716076731681824,0.37628278136253357,0,0.17303543389028234,taglish,comment,True,majority,3-0,0,0
t1_p4t4jul,0,0.017442483454942703,-4.03125,0,0.26868686079978943,0.39191919565200806,0.3393939435482025,0,0.0635340856224983,taglish,comment,True,majority,3-0,0,0
t1_p4t4rfj,0,0.10594828426837921,-2.1328125,0,0.3319239020347595,0.3319239020347595,0.33615222573280334,0,0.19411636446304292,taglish,comment,True,unanimous,3-0,0,0
t1_p4t9ywx,0,0.14953139424324036,-1.73828125,0,0.3504273593425751,0.3226495683193207,0.32692307233810425,0,0.23863756942497136,tagalog,comment,True,unanimous,3-0,0,0
t1_p4tc9d3,0,0.854884684085846,1.7734375,1,0.4578005075454712,0.27749359607696533,0.2647058963775635,1,0.7655994157791118,english,comment,True,adjudicator,2-1,0,1
t1_p4tccib,0,0.49137774109840393,-0.03449249267578125,0,0.3797752857208252,0.3101123571395874,0.3101123571395874,0,0.4942450099232175,english,comment,True,majority,3-0,0,0
t1_p4tdnbr,0,0.021287353709340096,-3.828125,0,0.2637362778186798,0.36263737082481384,0.37362638115882874,0,0.07209351186511057,taglish,comment,True,unanimous,3-0,0,0
t1_p4tdt5e,0,0.6996649503707886,0.845703125,1,0.41794872283935547,0.28717949986457825,0.29487180709838867,1,0.6374790430678929,tagalog,comment,True,adjudicator,2-1,0,1
t1_p4teilx,0,0.11961366981267929,-1.99609375,0,0.32568806409835815,0.3348623812198639,0.33944955468177795,0,0.20879028282303377,tagalog,comment,True,adjudicator,2-1,0,0
t1_p4temin,0,0.14953139424324036,-1.73828125,0,0.2981220781803131,0.34741783142089844,0.35446009039878845,0,0.23863756942497136,tagalog,comment,True,majority,3-0,0,0
t1_p4tg9di,0,0.8272706270217896,1.56640625,1,0.42933332920074463,0.29600000381469727,0.2746666669845581,1,0.7399003609713793,tagalog,comment,True,adjudicator,2-1,0,1
t1_p4tgfsj,0,0.36206650733947754,-0.56640625,0,0.3546910881996155,0.3478260934352875,0.29748284816741943,0,0.40660192745926466,taglish,comment,True,majority,3-0,0,0
t1_p4tglh0,0,0.9230391979217529,2.484375,1,0.47711512446403503,0.27461859583854675,0.2482662945985794,1,0.8399856596379697,tagalog,comment,True,adjudicator,2-1,0,0
t1_p4thbix,0,0.7490872144699097,1.09375,1,0.4401041567325592,0.28125,0.2786458432674408,1,0.6748031977989097,tagalog,comment,True,adjudicator,2-1,0,0
t1_p4tmk6i,0,0.8643104434013367,1.8515625,1,0.4170471727848053,0.29832571744918823,0.2846270799636841,1,0.7748268125779872,tagalog,comment,True,adjudicator,2-1,0,0
t1_p4to7sm,0,0.8438951373100281,1.6875,1,0.4356164336204529,0.28904110193252563,0.2753424644470215,1,0.7551500924662269,tagalog,comment,True,adjudicator,2-1,0,1
t1_p4tpsa6,0,0.5325466990470886,0.13037109375,1,0.3748488426208496,0.31680774688720703,0.30834341049194336,0,0.5217393522384429,english,comment,True,majority,3-0,0,0
t1_p4tqn1o,0,0.1276526302099228,-1.921875,0,0.324210524559021,0.3684210479259491,0.3073684275150299,0,0.2170913699623232,taglish,comment,True,adjudicator,2-1,0,0
t1_p4ttar2,0,0.8227594494819641,1.53515625,1,0.41479524970054626,0.30647292733192444,0.2787318229675293,1,0.7358664636888888,taglish,comment,True,unanimous,3-0,0,0
t1_p4ttzbi,0,0.08210662752389908,-2.4140625,0,0.3469827473163605,0.3211206793785095,0.3318965435028076,0,0.16642298914184017,taglish,comment,True,majority,3-0,0,0
t1_p4tuflx,0,0.5172279477119446,0.068939208984375,1,0.38989168405532837,0.3249097466468811,0.2851985692977905,0,0.5115008215463426,tagalog,comment,True,majority,3-0,0,0
t1_p4u0btx,0,0.049958519637584686,-2.9453125,0,0.34095633029937744,0.32848232984542847,0.3305613398551941,0,0.12284500684749908,taglish,comment,True,unanimous,3-0,0,0
t1_p4u0xys,0,0.6495786309242249,0.6171875,1,0.4460605978965759,0.2800000011920929,0.2739394009113312,1,0.601548945041415,english,comment,True,adjudicator,2-1,0,0
t1_p4u1uis,1,0.2986958920955658,-0.853515625,0,0.36888888478279114,0.31333333253860474,0.3177777826786041,0,0.36131681956033496,english,comment,True,adjudicator,2-1,1,1
t1_p4u29jx,0,0.06097517907619476,-2.734375,0,0.3095768392086029,0.3474387526512146,0.3429844081401825,0,0.13883781959260888,english,comment,True,majority,3-0,0,0
t1_p4u40p6,0,0.23370636999607086,-1.1875,0,0.31435078382492065,0.34851935505867004,0.3371298313140869,0,0.3116190026949642,taglish,comment,True,majority,3-0,0,0
t1_p4u98p5,0,0.018404891714453697,-3.9765625,0,0.29878050088882446,0.3516260087490082,0.34959349036216736,0,0.06574062340085342,taglish,comment,True,majority,3-0,0,0
t1_p4uf0vv,0,0.23934932053089142,-1.15625,0,0.3396674692630768,0.3372921645641327,0.3230403661727905,0,0.3161105493260245,english,comment,True,adjudicator,2-1,0,1
t1_p4uka1g,0,0.11757213622331619,-2.015625,0,0.36595743894577026,0.325531929731369,0.3085106313228607,0,0.20664502505911037,tagalog,comment,True,adjudicator,2-1,0,1
t1_p4unzip,1,0.9319595694541931,2.6171875,1,0.4880000054836273,0.2693333327770233,0.24266666173934937,1,0.8515440677815009,english,comment,True,adjudicator,2-1,1,1
t1_p4ur86n,0,0.021287353709340096,-3.828125,0,0.2835538685321808,0.39319470524787903,0.3232514262199402,0,0.07209351186511057,taglish,comment,True,unanimous,3-0,0,0
t1_p4ut050,1,0.8824278712272644,2.015625,1,0.46952009201049805,0.28015562891960144,0.2503242492675781,1,0.7933549749408897,english,comment,True,majority,3-0,1,1
t1_p4v58lq,1,0.07263670861721039,-2.546875,0,0.33047211170196533,0.32403433322906494,0.3454935550689697,0,0.15448679969843948,tagalog,comment,True,adjudicator,2-1,1,1
t1_p4v5a4f,0,0.5215321183204651,0.086181640625,1,0.3890160322189331,0.30663615465164185,0.30434781312942505,0,0.514375872776101,taglish,comment,True,majority,3-0,0,0
t1_p4vjm7i,0,0.8092760443687439,1.4453125,1,0.42659279704093933,0.28393352031707764,0.28947368264198303,1,0.7240479225532478,tagalog,comment,True,adjudicator,2-1,0,0
t1_p4vrwks,0,0.024053553119301796,-3.703125,0,0.28125,0.3526785671710968,0.3660714328289032,0,0.07787761355473509,english,comment,True,majority,3-0,0,0
t1_p4wdp58,1,0.5409845113754272,0.164306640625,1,0.3815028965473175,0.3491329550743103,0.2693641483783722,0,0.5273879405428676,english,comment,True,adjudicator,2-1,1,1
t1_p4ww4f9,0,0.06754669547080994,-2.625,0,0.3122362792491913,0.3375527560710907,0.350210964679718,0,0.1477979751504607,taglish,comment,True,majority,3-0,0,0
t1_p4x1g48,0,0.015424554236233234,-4.15625,0,0.23274162411689758,0.42603549361228943,0.341222882270813,0,0.05874743166930117,taglish,comment,True,majority,3-0,0,0
t1_p4x4fwa,0,0.028007520362734795,-3.546875,0,0.28624534606933594,0.40148699283599854,0.3122676610946655,0,0.08570398569083677,taglish,comment,True,majority,3-0,0,0
t1_p4x4z0t,0,0.037326887249946594,-3.25,0,0.32842105627059937,0.3389473557472229,0.33263158798217773,0,0.1025584822061235,taglish,comment,True,majority,3-0,0,0
t1_p4x583k,0,0.8233283758163452,1.5390625,1,0.4601307213306427,0.2732026278972626,0.2666666805744171,1,0.7363728879887564,tagalog,comment,True,adjudicator,2-1,0,0
t1_p4x6d9i,0,0.026963496580719948,-3.5859375,0,0.2857142984867096,0.35196688771247864,0.36231884360313416,0,0.08368302908930599,tagalog,comment,True,adjudicator,2-1,0,0
t1_p4x6g2g,0,0.28776782751083374,-0.90625,0,0.3717948794364929,0.3034188151359558,0.32478633522987366,0,0.353235033571255,english,comment,True,majority,3-0,0,0
t1_p4x7qt6,0,0.48169761896133423,-0.0732421875,0,0.37900128960609436,0.3111395537853241,0.30985915660858154,0,0.48778160910795937,english,comment,True,majority,3-0,0,0
t1_p4xaq6j,0,0.46113812923431396,-0.15576171875,0,0.31144067645072937,0.40466102957725525,0.2838982939720154,0,0.4740337625955236,taglish,comment,True,unanimous,3-0,0,0
t1_p4xc95l,0,0.012431650422513485,-4.375,0,0.23879040777683258,0.410844624042511,0.35036495327949524,0,0.051175537248186714,english,comment,True,majority,3-0,0,0
t1_p4xmofl,0,0.014281933195888996,-4.234375,0,0.24473975598812103,0.3964562714099884,0.35880398750305176,0,0.055929638485657414,english,comment,True,majority,3-0,0,0
t1_p4xru6b,0,0.8169911503791809,1.49609375,1,0.4514501988887787,0.27490541338920593,0.2736443877220154,1,0.7307680407375218,taglish,comment,True,adjudicator,2-1,0,1
t1_p4xz1az,0,0.0222861859947443,-3.78125,0,0.31147539615631104,0.33811476826667786,0.3504098355770111,0,0.0742145974387251,english,comment,True,majority,3-0,0,0
t1_p4y0tpn,0,0.5715274810791016,0.2880859375,1,0.3767123222351074,0.34703195095062256,0.27625569701194763,0,0.5479210304055633,taglish,comment,True,adjudicator,2-1,0,0
t1_p4y3klk,0,0.3490888178348541,-0.623046875,0,0.3524027466773987,0.32265445590019226,0.32494279742240906,0,0.397514089834541,english,comment,True,unanimous,3-0,0,0
t1_p4y71lk,0,0.40969306230545044,-0.365234375,0,0.337634414434433,0.3655914068222046,0.2967741787433624,0,0.439358809225958,taglish,comment,True,unanimous,3-0,0,0
t1_p4y85sb,0,0.15002882480621338,-1.734375,0,0.35874438285827637,0.3295964002609253,0.31165918707847595,0,0.23911157696141147,english,comment,True,adjudicator,2-1,0,0
t1_p4ydghc,0,0.20434190332889557,-1.359375,0,0.3487858772277832,0.32891830801963806,0.32229581475257874,0,0.2875579924031019,english,comment,True,majority,3-0,0,0
t1_p4yivgr,1,0.5643385648727417,0.2587890625,1,0.38679245114326477,0.2924528419971466,0.3207547068595886,0,0.5430732155725895,taglish,comment,True,majority,3-0,1,1
t1_p4yliu2,0,0.869714617729187,1.8984375,1,0.46622517704963684,0.2807947099208832,0.25298014283180237,1,0.7802381987403817,english,comment,True,unanimous,3-0,0,0
t1_p4yma05,0,0.017576880753040314,-4.0234375,0,0.2631579041481018,0.41295546293258667,0.3238866329193115,0,0.06384502553925203,english,comment,True,majority,3-0,0,0
t1_p4yz9vz,0,0.10594828426837921,-2.1328125,0,0.33474576473236084,0.33898305892944336,0.3262711763381958,0,0.19411636446304292,english,comment,True,majority,3-0,0,0
t1_p4yzcc9,0,0.014842418022453785,-4.1953125,0,0.24861878156661987,0.3734806776046753,0.37790054082870483,0,0.05732227579438358,taglish,comment,True,unanimous,3-0,0,0
t1_p4yzclk,0,0.3268083333969116,-0.72265625,0,0.3948296010494232,0.2996474802494049,0.3055229187011719,0,0.3817055780272421,tagalog,comment,True,unanimous,3-0,0,0
t1_p4z2m20,0,0.1212688684463501,-1.98046875,0,0.3137255012989044,0.3376906216144562,0.3485838770866394,0,0.21051826015676472,taglish,comment,True,majority,3-0,0,0
t1_p4z4tuk,1,0.023689471185207367,-3.71875,0,0.31147539615631104,0.3442623019218445,0.3442623019218445,0,0.0771320084460535,taglish,comment,True,unanimous,3-0,1,1
t1_p4zakm8,0,0.7279754281044006,0.984375,1,0.41430333256721497,0.3020961880683899,0.28360047936439514,1,0.6585842451197628,taglish,comment,True,majority,3-0,0,0
t1_p4zc7k9,1,0.8936811685562134,2.12890625,1,0.46666666865348816,0.27530863881111145,0.2580246925354004,1,0.8054754666289912,taglish,comment,True,majority,3-0,1,1
t1_p4zdcfd,0,0.3593641221523285,-0.578125,0,0.39080458879470825,0.30344828963279724,0.3057471215724945,0,0.4047162097671673,tagalog,comment,True,adjudicator,2-1,0,0
t1_p4zdtln,0,0.07316472381353378,-2.5390625,0,0.3296213746070862,0.3318485617637634,0.3385300636291504,0,0.15516911184871673,tagalog,comment,True,adjudicator,2-1,0,0
t1_p4zepu0,0,0.6352224349975586,0.5546875,1,0.34510868787765503,0.323369562625885,0.33152174949645996,0,0.5915095978268712,taglish,comment,True,majority,3-0,0,0
t1_p4zexhl,0,0.6893056035041809,0.796875,1,0.4123159348964691,0.2904953062534332,0.29718875885009766,1,0.6299145509442577,english,comment,True,adjudicator,2-1,0,0
t1_p4zflgz,0,0.7122321724891663,0.90625,1,0.3259586989879608,0.37168142199516296,0.3023598790168762,1,0.6467649664287449,tagalog,comment,True,adjudicator,2-1,0,1
t1_p4zfyyb,0,0.6410853266716003,0.580078125,1,0.3131578862667084,0.37368419766426086,0.3131578862667084,1,0.5955978048490285,tagalog,comment,True,adjudicator,2-1,0,0
t1_p4zg2ok,0,0.19559408724308014,-1.4140625,0,0.30921053886413574,0.36403509974479675,0.3267543911933899,0,0.2801387456272256,tagalog,comment,True,majority,3-0,0,0
t1_p4zgbjx,0,0.019271137192845345,-3.9296875,0,0.3172268867492676,0.3424369692802429,0.3403361439704895,0,0.06768843330667347,taglish,comment,True,unanimous,3-0,0,0
t1_p4zgcif,0,0.37250518798828125,-0.521484375,0,0.34634146094322205,0.3243902325630188,0.32926830649375916,0,0.41385559790233284,tagalog,comment,True,adjudicator,2-1,0,1
t1_p4zgmjx,0,0.6570984721183777,0.650390625,1,0.37977805733680725,0.357583224773407,0.26263871788978577,1,0.6068483867953625,tagalog,comment,True,adjudicator,2-1,0,0
t1_p4zh708,0,0.09073548763990402,-2.3046875,0,0.3254818022251129,0.3383297622203827,0.3361884355545044,0,0.17679791455815907,taglish,comment,True,majority,3-0,0,0
t1_p4zhckl,0,0.6817267537117004,0.76171875,1,0.4107382595539093,0.29395973682403564,0.29530200362205505,1,0.6244281029681628,tagalog,comment,True,adjudicator,2-1,0,0
t1_p4zjnbk,0,0.7345005869865417,1.017578125,1,0.38335809111595154,0.31500741839408875,0.30163446068763733,1,0.6635493880100188,tagalog,comment,True,adjudicator,2-1,0,1
t1_p4zjxvl,0,0.6943026781082153,0.8203125,1,0.40111419558525085,0.29665738344192505,0.3022284209728241,1,0.6335537313530158,tagalog,comment,True,adjudicator,2-1,0,1
t1_p4zk9ge,0,0.16667540371418,-1.609375,0,0.2782503068447113,0.3596597909927368,0.3620899021625519,0,0.25461866629434854,english,comment,True,majority,3-0,0,0
t1_p4zl5en,1,0.675336480140686,0.732421875,1,0.40860214829444885,0.2956989109516144,0.2956989109516144,1,0.6198314677150674,tagalog,comment,True,majority,3-0,1,1
t1_p4zm16c,0,0.8349459171295166,1.62109375,1,0.4325842559337616,0.2907303273677826,0.2766853868961334,1,0.7468628768324794,tagalog,comment,True,adjudicator,2-1,0,1
t1_p4zmo02,1,0.4153730869293213,-0.341796875,0,0.33762887120246887,0.3298968970775604,0.3324742317199707,0,0.4432155290832226,tagalog,comment,True,majority,3-0,1,1
t1_p4zmr6q,0,0.34554681181907654,-0.638671875,0,0.35849055647850037,0.3278301954269409,0.3136792480945587,0,0.39501920344884256,taglish,comment,True,unanimous,3-0,0,0
t1_p4zngjr,0,0.07369627058506012,-2.53125,0,0.30882352590560913,0.3781512677669525,0.31302520632743835,0,0.15585388203958175,english,comment,True,majority,3-0,0,0
t1_p4znx78,0,0.1672186702489853,-1.60546875,0,0.3614457845687866,0.2867469787597656,0.35180723667144775,0,0.25511378077921304,tagalog,comment,True,adjudicator,2-1,0,1
t1_p4zof9p,0,0.7759445905685425,1.2421875,1,0.4314185082912445,0.29191091656684875,0.27667057514190674,1,0.696156281182828,taglish,comment,True,adjudicator,2-1,0,0
t1_p4zofxi,0,0.7697731852531433,1.20703125,1,0.4375876486301422,0.28611502051353455,0.27629733085632324,1,0.6911703967650324,tagalog,comment,True,adjudicator,2-1,0,0
t1_p4zs2z6,0,0.685528576374054,0.779296875,1,0.4062095582485199,0.3091849982738495,0.2846054434776306,1,0.6271754198567039,tagalog,comment,True,adjudicator,2-1,0,0
t1_p4zs8xq,0,0.842863142490387,1.6796875,1,0.4630137085914612,0.2698630094528198,0.267123281955719,1,0.7541847095431974,tagalog,comment,True,majority,3-0,0,0
t1_p4zstxo,1,0.9046505093574524,2.25,1,0.48900386691093445,0.263906866312027,0.24708926677703857,1,0.8178271189190817,taglish,comment,True,adjudicator,2-1,1,1
t1_p4zszjj,0,0.7892336845397949,1.3203125,1,0.43878787755966187,0.2824242413043976,0.27878788113594055,1,0.7070714237976296,tagalog,comment,True,adjudicator,2-1,0,0
t1_p4zt3ub,0,0.7094219326972961,0.892578125,1,0.410540908575058,0.291262149810791,0.298196941614151,1,0.6446775144631808,tagalog,comment,True,adjudicator,2-1,0,0
t1_p4ztq57,0,0.058345843106508255,-2.78125,0,0.2797356843948364,0.37444934248924255,0.345814973115921,0,0.13513937982663954,english,comment,True,adjudicator,2-1,0,0
t1_p4zucjx,0,0.026355354115366936,-3.609375,0,0.26543208956718445,0.4197530746459961,0.31481480598449707,0,0.08249133251610476,taglish,comment,True,majority,3-0,0,0
t1_p4zuz5g,0,0.6334102749824524,0.546875,1,0.41108545660972595,0.2909930646419525,0.29792147874832153,0,0.5902491085908332,tagalog,comment,True,unanimous,3-0,0,0
t1_p4zvjts,1,0.058345843106508255,-2.78125,0,0.25598084926605225,0.35406699776649475,0.389952152967453,0,0.13513937982663954,english,comment,True,adjudicator,2-1,1,1
t1_p4zw01z,1,0.8499711751937866,1.734375,1,0.39938557147979736,0.3041474521160126,0.29646697640419006,1,0.7608884230385885,taglish,comment,True,majority,3-0,1,1
t1_p4zw37q,1,0.5980774760246277,0.3974609375,1,0.3636363744735718,0.32775118947029114,0.3086124360561371,0,0.565932153321157,taglish,comment,True,majority,3-0,1,1
t1_p4zw3pr,0,0.12549343705177307,-1.94140625,0,0.30000001192092896,0.367441862821579,0.33255812525749207,0,0.2148839851715052,english,comment,True,adjudicator,2-1,0,0
t1_p4zw6fh,1,0.8116759657859802,1.4609375,1,0.4285714328289032,0.32832080125808716,0.24310776591300964,1,0.7261266747252647,taglish,comment,True,adjudicator,2-1,1,0
t1_p4zwasv,0,0.6132365465164185,0.4609375,1,0.3820224702358246,0.31179773807525635,0.3061797618865967,0,0.5763088323520985,tagalog,comment,True,adjudicator,2-1,0,1
t1_p4zwdd5,0,0.12549343705177307,-1.94140625,0,0.35729846358299255,0.30718955397605896,0.3355119824409485,0,0.2148839851715052,taglish,comment,True,majority,3-0,0,0
t1_p4zwijb,0,0.8031737804412842,1.40625,1,0.4409857392311096,0.2853437066078186,0.2736705541610718,1,0.7188085453246541,tagalog,comment,True,adjudicator,2-1,0,0
t1_p4zwlf0,0,0.8719117641448975,1.91796875,1,0.4428904354572296,0.32867133617401123,0.22843822836875916,1,0.7824651919020176,tagalog,comment,True,adjudicator,2-1,0,0
t1_p4zwm5y,0,0.2685575783252716,-1.001953125,0,0.32575756311416626,0.3156565725803375,0.3585858643054962,0,0.33878273351698873,taglish,comment,True,unanimous,3-0,0,0
t1_p4zwr1x,0,0.42727720737457275,-0.29296875,0,0.33265718817710876,0.3813387453556061,0.28600406646728516,0,0.4512718585525734,tagalog,comment,True,adjudicator,2-1,0,0
t1_p4zwu5w,0,0.8333246111869812,1.609375,1,0.4607190489768982,0.2782956063747406,0.2609853446483612,1,0.7453813337056515,tagalog,comment,True,adjudicator,2-1,0,0
t1_p4zwuaf,0,0.29624688625335693,-0.865234375,0,0.33890214562416077,0.3317422568798065,0.3293555974960327,0,0.35951388033686626,tagalog,comment,True,adjudicator,2-1,0,1
t1_p4zwveo,0,0.8305941224098206,1.58984375,1,0.45646438002586365,0.26781001687049866,0.2757256031036377,1,0.7428994399535932,tagalog,comment,True,unanimous,3-0,0,0
t1_p4zx41q,1,0.3593641221523285,-0.578125,0,0.37153196334838867,0.30036187171936035,0.328106164932251,0,0.4047162097671673,english,comment,True,adjudicator,2-1,1,1
t1_p4zx4em,0,0.6570984721183777,0.650390625,1,0.38424819707870483,0.31742241978645325,0.29832935333251953,1,0.6068483867953625,taglish,comment,True,unanimous,3-0,0,0
t1_p4zx6dq,0,0.8187368512153625,1.5078125,1,0.4482758641242981,0.2798408567905426,0.2718832790851593,1,0.7323040762239948,tagalog,comment,True,adjudicator,2-1,0,1
t1_p4zxhpb,0,0.3643251061439514,-0.556640625,0,0.3675799071788788,0.3287671208381653,0.30365297198295593,0,0.4081754671235736,tagalog,comment,True,adjudicator,2-1,0,0
t1_p4zxlji,0,0.7065955400466919,0.87890625,1,0.41102758049964905,0.2957393527030945,0.29323309659957886,1,0.6425845436871978,english,comment,True,adjudicator,2-1,0,1
t1_p4zxlkg,0,0.23231014609336853,-1.1953125,0,0.3623853325843811,0.31880733370780945,0.31880733370780945,0,0.31050158732058747,english,comment,True,adjudicator,2-1,0,0
t1_p4zxny7,0,0.2254166156053543,-1.234375,0,0.37219730019569397,0.3004484176635742,0.3273542523384094,0,0.3049477711197862,taglish,comment,True,adjudicator,2-1,0,0
t1_p4zxpkq,0,0.5959630012512207,0.388671875,1,0.4185463786125183,0.2957393527030945,0.2857142984867096,0,0.5644906008287659,taglish,comment,True,majority,3-0,0,0
t1_p4zy707,0,0.3490888178348541,-0.623046875,0,0.3759036064147949,0.2987951934337616,0.3253012001514435,0,0.397514089834541,tagalog,comment,True,adjudicator,2-1,0,1
t1_p4zy9tx,0,0.9059898257255554,2.265625,1,0.47489824891090393,0.27001357078552246,0.255088210105896,1,0.8193756625416112,tagalog,comment,True,adjudicator,2-1,0,0
t1_p4zyi5d,0,0.7348812818527222,1.01953125,1,0.4133016765117645,0.3396674692630768,0.24703088402748108,1,0.6638403465726035,taglish,comment,True,unanimous,3-0,0,0
t1_p4zyqfc,0,0.1550784707069397,-1.6953125,0,0.32083332538604736,0.3645833432674408,0.31458333134651184,0,0.2438870898988629,tagalog,comment,True,adjudicator,2-1,0,1
t1_p4zywyn,0,0.5921949744224548,0.373046875,1,0.4025316536426544,0.27341771125793457,0.324050635099411,0,0.5619251618968483,tagalog,comment,True,adjudicator,2-1,0,1
t1_p4zyz1y,0,0.7866228222846985,1.3046875,1,0.4317880868911743,0.2900662124156952,0.2781457006931305,1,0.7049068164900734,tagalog,comment,True,adjudicator,2-1,0,1
t1_p4zz5m8,0,0.9167081117630005,2.3984375,1,0.4793388545513153,0.27685949206352234,0.24380165338516235,1,0.8321252746768095,taglish,comment,True,adjudicator,2-1,0,1
t1_p4zz6we,1,0.7205649614334106,0.947265625,1,0.4285714328289032,0.2805194854736328,0.290909081697464,1,0.6529935659292297,taglish,comment,True,majority,3-0,1,1
t1_p4zz7jm,0,0.1749734729528427,-1.55078125,0,0.337028831243515,0.33259424567222595,0.3303769528865814,0,0.2621115840605384,tagalog,comment,True,majority,3-0,0,0
t1_p4zzikk,0,0.7468782067298889,1.08203125,1,0.42730721831321716,0.2895069420337677,0.28318583965301514,1,0.673084514682693,tagalog,comment,True,adjudicator,2-1,0,0
t1_p4zzjgs,0,0.6406359076499939,0.578125,1,0.3800695240497589,0.33140209317207336,0.2885283827781677,1,0.5952837902328326,tagalog,comment,True,adjudicator,2-1,0,1
t1_p4zzw7a,0,0.8464508652687073,1.70703125,1,0.4406779706478119,0.2959582805633545,0.2633637487888336,1,0.7575523204819139,tagalog,comment,True,adjudicator,2-1,0,0
t1_p500gza,0,0.05665242671966553,-2.8125,0,0.2832369804382324,0.36300578713417053,0.35375723242759705,0,0.1327201941304719,english,comment,True,majority,3-0,0,0
t1_p500nuq,0,0.7745833992958069,1.234375,1,0.43626806139945984,0.2864651679992676,0.2772667407989502,1,0.6950522288802138,english,comment,True,unanimous,3-0,0,0
t1_p5016gw,0,0.29098084568977356,-0.890625,0,0.3490990996360779,0.3243243098258972,0.3265765905380249,0,0.3556211449960849,tagalog,comment,True,adjudicator,2-1,0,1
t1_p501fes,0,0.7592254281044006,1.1484375,1,0.4426877498626709,0.2819499373435974,0.2753623127937317,1,0.6827611373224417,english,comment,True,majority,3-0,0,0
t1_p501kyt,0,0.07263670861721039,-2.546875,0,0.31691649556159973,0.3383297622203827,0.3447537422180176,0,0.15448679969843948,tagalog,comment,True,adjudicator,2-1,0,0
t1_p501l48,1,0.8656789064407349,1.86328125,1,0.43809524178504944,0.28027209639549255,0.281632661819458,1,0.7761884674589473,taglish,comment,True,majority,3-0,1,1
t1_p501ntx,0,0.8936811685562134,2.12890625,1,0.46524062752723694,0.28475937247276306,0.25,1,0.8054754666289912,english,comment,True,majority,3-0,0,0
t1_p501rgp,0,0.2557152211666107,-1.068359375,0,0.304964542388916,0.3404255211353302,0.3546099364757538,0,0.32892650248570915,taglish,comment,True,majority,3-0,0,0
t1_p501scw,0,0.1561048924922943,-1.6875,0,0.2925764322280884,0.3908296823501587,0.31659388542175293,0,0.24484990753377303,taglish,comment,True,majority,3-0,0,0
t1_p501svf,0,0.879561185836792,1.98828125,1,0.4639320969581604,0.2574257552623749,0.2786421477794647,1,0.7903470365279157,taglish,comment,True,unanimous,3-0,0,0
t1_p502m5t,0,0.8509647250175476,1.7421875,1,0.4352201223373413,0.3157232701778412,0.2490566074848175,1,0.7618357925738838,tagalog,comment,True,adjudicator,2-1,0,1
t1_p5034yw,1,0.08882029354572296,-2.328125,0,0.3146551847457886,0.35775861144065857,0.32758620381355286,0,0.17453277431729974,taglish,comment,True,majority,3-0,1,1
t1_p503bad,0,0.3065270483493805,-0.81640625,0,0.32758620381355286,0.3251231610774994,0.34729063510894775,0,0.36705175444034854,taglish,comment,True,majority,3-0,0,0
t1_p50493j,0,0.7158214449882507,0.923828125,1,0.39855942130088806,0.30372148752212524,0.2977190911769867,1,0.6494406198439562,tagalog,comment,True,adjudicator,2-1,0,0
t1_p504d3m,0,0.5537466406822205,0.2158203125,1,0.42737093567848206,0.28211283683776855,0.290516197681427,0,0.5359485597678495,tagalog,comment,True,adjudicator,2-1,0,0
t1_p504u40,0,0.13206616044044495,-1.8828125,0,0.31477516889572144,0.3447537422180176,0.340471088886261,0,0.22155515400918802,tagalog,comment,True,adjudicator,2-1,0,1
t1_p505gfw,0,0.011331754736602306,-4.46875,0,0.2651515007019043,0.407196968793869,0.3276515007019043,0,0.048221250361983936,taglish,comment,True,majority,3-0,0,0
t1_p506evv,1,0.5267688035964966,0.107177734375,1,0.37674418091773987,0.3069767355918884,0.3162790834903717,0,0.5178755172861422,taglish,comment,True,adjudicator,2-1,1,1
t1_p506jlc,1,0.7570766806602478,1.13671875,1,0.4250295162200928,0.28689491748809814,0.2880755662918091,1,0.6810646342183521,taglish,comment,True,majority,3-0,1,1
t1_p5078hw,0,0.7779752612113953,1.25390625,1,0.4272844195365906,0.29343628883361816,0.27927929162979126,1,0.697808126862674,tagalog,comment,True,adjudicator,2-1,0,1
t1_p5081z2,0,0.8991213440895081,2.1875,1,0.4525139629840851,0.30865922570228577,0.23882681131362915,1,0.8115297826101906,english,comment,True,adjudicator,3-0,0,1
t1_p508dcb,0,0.907312273979187,2.28125,1,0.48153215646743774,0.27086183428764343,0.24760602414608002,1,0.8209139253743909,tagalog,comment,True,adjudicator,2-1,0,0
t1_p50933h,1,0.4063907563686371,-0.37890625,0,0.36962026357650757,0.3126582205295563,0.31772151589393616,0,0.43711240281464425,english,comment,True,adjudicator,2-1,1,1
t1_p509n2f,0,0.25832599401474,-1.0546875,0,0.388505756855011,0.3011494278907776,0.3103448152542114,0,0.3309438079245765,taglish,comment,True,majority,3-0,0,0
t1_p509nl2,0,0.031143829226493835,-3.4375,0,0.31956520676612854,0.33695653080940247,0.343478262424469,0,0.09159979523813061,tagalog,comment,True,majority,3-0,0,0
t1_p509rh2,0,0.10894505679607391,-2.1015625,0,0.31640625,0.38671875,0.296875,0,0.19739994301455288,taglish,comment,True,adjudicator,2-1,0,0
t1_p50a60d,0,0.188323974609375,-1.4609375,0,0.31355932354927063,0.40042373538017273,0.28601694107055664,0,0.27387332527473524,english,comment,True,majority,3-0,0,0
t1_p50dcbg,0,0.6548947095870972,0.640625,1,0.4215938448905945,0.2943444848060608,0.2840617001056671,1,0.6052922760854464,tagalog,comment,True,adjudicator,2-1,0,0
t1_p50dmbc,0,0.2857704162597656,-0.916015625,0,0.3316831588745117,0.3465346395969391,0.3217821717262268,0,0.3517474112206888,english,comment,True,adjudicator,2-1,0,0
t1_p50drni,0,0.793105959892273,1.34375,1,0.42005419731140137,0.29945799708366394,0.2804878056049347,1,0.7103008263445303,tagalog,comment,True,adjudicator,2-1,0,1
t1_p50e58a,0,0.8134608268737793,1.47265625,1,0.443857342004776,0.2760898172855377,0.2800528407096863,1,0.7276793225355793,english,comment,True,adjudicator,2-1,0,1
t1_p50eau6,0,0.25312182307243347,-1.08203125,0,0.30980393290519714,0.350326806306839,0.33986929059028625,0,0.326915485317307,english,comment,True,majority,3-0,0,0
t1_p50eccg,0,0.19682621955871582,-1.40625,0,0.3030303120613098,0.40043291449546814,0.29653680324554443,0,0.28119145467534595,english,comment,True,majority,3-0,0,0
t1_p50eikf,0,0.8175745010375977,1.5,1,0.41777777671813965,0.29629629850387573,0.2859259247779846,1,0.7312806706052495,taglish,comment,True,majority,3-0,0,0
t1_p50eivj,0,0.02161533385515213,-3.8125,0,0.26710817217826843,0.36203089356422424,0.3708609342575073,0,0.07279425357013906,taglish,comment,True,majority,3-0,0,0
t1_p50eju2,0,0.7898827195167542,1.32421875,1,0.3883720934391022,0.3790697753429413,0.23255814611911774,1,0.7076111202836343,tagalog,comment,True,majority,3-0,0,0
t1_p50es34,0,0.6469064354896545,0.60546875,1,0.3724137842655182,0.3816092014312744,0.2459770143032074,1,0.5996727876536954,tagalog,comment,True,adjudicator,2-1,0,1
t1_p50eyio,0,0.6918097734451294,0.80859375,1,0.4250960350036621,0.2880921959877014,0.2868117690086365,1,0.6317360159547456,english,comment,True,adjudicator,2-1,0,0
t1_p50f0y7,0,0.01384861022233963,-4.265625,0,0.23093682527542114,0.40740740299224854,0.3616557717323303,0,0.054838509530134236,taglish,comment,True,unanimous,3-0,0,0
t1_p50f9f1,0,0.0960254892706871,-2.2421875,0,0.3159041404724121,0.38562092185020447,0.2984749376773834,0,0.18295101396086022,english,comment,True,majority,3-0,0,0
t1_p50fbrs,0,0.9219217896461487,2.46875,1,0.4644295275211334,0.268456369638443,0.2671141028404236,1,0.8385790015161463,tagalog,comment,True,adjudicator,2-1,0,0
t1_p50fdri,0,0.11476478725671768,-2.04296875,0,0.3446808457374573,0.33829787373542786,0.31702128052711487,0,0.20366912120774863,english,comment,True,majority,3-0,0,0
t1_p50fvmc,0,0.6976089477539062,0.8359375,1,0.4375,0.2862499952316284,0.2762500047683716,1,0.635971443408648,english,comment,True,adjudicator,2-1,0,0
t1_p50g6ky,0,0.5389832258224487,0.15625,1,0.3914141356945038,0.3042929172515869,0.3042929172515869,0,0.5260474891463232,english,comment,True,adjudicator,2-1,0,0
t1_p50hd5d,0,0.027169233188033104,-3.578125,0,0.2540415823459625,0.3602771461009979,0.38568130135536194,0,0.08408372518676328,taglish,comment,True,majority,3-0,0,0
t1_p50hh2s,0,0.6517983078956604,0.626953125,1,0.4263959527015686,0.2842639684677124,0.2893401086330414,1,0.6031101368860957,tagalog,comment,True,adjudicator,2-1,0,0
t1_p50hkzl,1,0.44155263900756836,-0.23486328125,0,0.40875911712646484,0.3053528070449829,0.28588807582855225,0,0.46089193679321194,english,comment,True,adjudicator,2-1,1,0
t1_p50hq64,1,0.7892336845397949,1.3203125,1,0.4253164529800415,0.3012658357620239,0.27341771125793457,1,0.7070714237976296,taglish,comment,True,majority,3-0,1,1
t1_p50i3ky,0,0.9066531658172607,2.2734375,1,0.4588235318660736,0.2808823585510254,0.260294109582901,1,0.8201460778750103,taglish,comment,True,majority,3-0,0,0
t1_p50i4kx,0,0.7453983426094055,1.07421875,1,0.3857566714286804,0.3130563795566559,0.3011869490146637,1,0.6719361351742132,tagalog,comment,True,adjudicator,3-0,0,0
t1_p50iizm,0,0.02517884038388729,-3.65625,0,0.2673492729663849,0.3686006963253021,0.3640500605106354,0,0.08015417489256883,taglish,comment,True,majority,3-0,0,0
t1_p50iukl,0,0.6392857432365417,0.572265625,1,0.40161725878715515,0.30188679695129395,0.2964959442615509,0,0.5943412792418643,tagalog,comment,True,adjudicator,3-0,0,0
t1_p50iuzs,0,0.3949008285999298,-0.4267578125,0,0.3470436930656433,0.336760938167572,0.31619536876678467,0,0.42927085344710103,english,comment,True,majority,3-0,0,0
t1_p50izq3,0,0.046378206461668015,-3.0234375,0,0.33552631735801697,0.33771929144859314,0.3267543911933899,0,0.11733605773886623,taglish,comment,True,majority,3-0,0,0
t1_p50j0ac,0,0.03622005507349968,-3.28125,0,0.2763713002204895,0.4113923907279968,0.3122362792491913,0,0.10065466116075211,taglish,comment,True,unanimous,3-0,0,0
t1_p50ja7r,0,0.11357959359884262,-2.0546875,0,0.3232758641242981,0.3728448152542114,0.3038793206214905,0,0.2024035354009047,english,comment,True,majority,3-0,0,0
t1_p50jafa,0,0.023330770432949066,-3.734375,0,0.3025210201740265,0.34873950481414795,0.34873950481414795,0,0.07639295042262953,taglish,comment,True,majority,3-0,0,0
t1_p50jnmn,0,0.32295286655426025,-0.740234375,0,0.40093785524368286,0.3024618923664093,0.29660022258758545,0,0.37894062174057336,english,comment,True,adjudicator,2-1,0,1
t1_p50jpev,0,0.15152934193611145,-1.72265625,0,0.3439635634422302,0.32346242666244507,0.3325740396976471,0,0.24053746984223767,tagalog,comment,True,adjudicator,2-1,0,1
t1_p50jzos,1,0.30033501982688904,-0.845703125,0,0.356097549200058,0.3219512104988098,0.3219512104988098,0,0.36252095693210706,tagalog,comment,True,adjudicator,2-1,1,1
t1_p50k72z,0,0.07640768587589264,-2.4921875,0,0.29399141669273376,0.3884120285511017,0.31759655475616455,0,0.15931474040097168,english,comment,True,majority,3-0,0,0
t1_p50kade,0,0.15765489637851715,-1.67578125,0,0.3513513505458832,0.3288288414478302,0.3198198080062866,0,0.24629894299533783,taglish,comment,True,unanimous,3-0,0,0
t1_p50kr51,0,0.44830548763275146,-0.20751953125,0,0.34074074029922485,0.3382716178894043,0.32098764181137085,0,0.46542957840561067,english,comment,True,majority,3-0,0,0
t1_p50l1o4,1,0.7534666657447815,1.1171875,1,0.45316454768180847,0.27088606357574463,0.2759493589401245,1,0.6782264517099319,tagalog,comment,True,majority,3-0,1,1
t1_p50l9c6,0,0.6909762620925903,0.8046875,1,0.40954774618148804,0.30402010679244995,0.286432147026062,1,0.6311292753971025,english,comment,True,majority,3-0,0,0
t1_p50lenz,0,0.8464508652687073,1.70703125,1,0.44887781143188477,0.2743142247200012,0.2768079936504364,1,0.7575523204819139,english,comment,True,unanimous,3-0,0,0
t1_p50lr03,0,0.10932482779026031,-2.09765625,0,0.3304157555103302,0.3391684889793396,0.3304157555103302,0,0.19781332154970693,taglish,comment,True,majority,3-0,0,0
t1_p50lrue,0,0.12549343705177307,-1.94140625,0,0.31162789463996887,0.3581395447254181,0.33023256063461304,0,0.2148839851715052,english,comment,True,adjudicator,2-1,0,0
t1_p50lrxl,0,0.7126322984695435,0.908203125,1,0.4233766198158264,0.2883116900920868,0.2883116900920868,1,0.6470627195511514,tagalog,comment,True,unanimous,3-0,0,0
t1_p50lvlh,0,0.15102779865264893,-1.7265625,0,0.27573060989379883,0.3481575548648834,0.37611180543899536,0,0.2400615274706386,tagalog,comment,True,adjudicator,2-1,0,0
t1_p50lw40,1,0.5469801425933838,0.1884765625,1,0.36517533659935,0.343409925699234,0.291414737701416,0,0.5314068494611656,english,comment,True,adjudicator,2-1,1,1
t1_p50lxlv,0,0.38606879115104675,-0.4638671875,0,0.3671373426914215,0.30166879296302795,0.33119383454322815,0,0.42321379204563964,tagalog,comment,True,adjudicator,2-1,0,1
t1_p50m2oj,1,0.06804042309522629,-2.6171875,0,0.347921222448349,0.32385119795799255,0.32822757959365845,0,0.14845593221849906,english,comment,True,adjudicator,2-1,1,1
t1_p50ma7a,1,0.8656789064407349,1.86328125,1,0.45318859815597534,0.2971506118774414,0.24966078996658325,1,0.7761884674589473,tagalog,comment,True,adjudicator,2-1,1,1
t1_p50mbf4,0,0.4576214849948883,-0.169921875,0,0.3421383500099182,0.3446540832519531,0.3132075369358063,0,0.47167803775281314,tagalog,comment,True,adjudicator,2-1,0,0
t1_p50mcal,0,0.15152934193611145,-1.72265625,0,0.3210412263870239,0.33839479088783264,0.34056398272514343,0,0.24053746984223767,tagalog,comment,True,majority,3-0,0,0
t1_p50mpx7,0,0.4217899739742279,-0.3154296875,0,0.33990147709846497,0.3325123190879822,0.32758620381355286,0,0.4475625131097821,tagalog,comment,True,majority,3-0,0,0
t1_p50n0sd,0,0.04084571823477745,-3.15625,0,0.3165322542190552,0.3770161271095276,0.30645161867141724,0,0.10846239018684971,english,comment,True,unanimous,3-0,0,0
t1_p50np0m,0,0.7217432260513306,0.953125,1,0.4241645336151123,0.2930591404438019,0.2827763557434082,1,0.6538791638247526,tagalog,comment,True,adjudicator,2-1,0,1
t1_p50nzwd,0,0.8031737804412842,1.40625,1,0.42384105920791626,0.29801324009895325,0.2781457006931305,1,0.7188085453246541,taglish,comment,True,majority,3-0,0,0
t1_p50o20n,0,0.6352224349975586,0.5546875,1,0.37430787086486816,0.36323365569114685,0.262458473443985,0,0.5915095978268712,tagalog,comment,True,majority,3-0,0,0
t1_p50o4cl,0,0.03384403511881828,-3.3515625,0,0.30188679695129395,0.34381550550460815,0.3542976975440979,0,0.09648548441680913,taglish,comment,True,adjudicator,2-1,0,0
t1_p50oacc,0,0.6001883149147034,0.40625,1,0.39018088579177856,0.2932816445827484,0.316537469625473,0,0.5673725911847495,english,comment,True,majority,3-0,0,0
t1_p50oull,0,0.13799647986888885,-1.83203125,0,0.29490020871162415,0.3658536672592163,0.33924612402915955,0,0.22745564657398004,taglish,comment,True,majority,3-0,0,0
t1_p50pzlk,0,0.03676946833729744,-3.265625,0,0.2531791925430298,0.37687861919403076,0.36994218826293945,0,0.101602616853035,english,comment,True,adjudicator,2-1,0,0
t1_p50q1a9,1,0.6736212372779846,0.724609375,1,0.4000000059604645,0.3013157844543457,0.2986842095851898,1,0.6186020217504653,tagalog,comment,True,majority,3-0,1,1
t1_p50q6im,0,0.754191517829895,1.12109375,1,0.4278215169906616,0.2979002594947815,0.2742782235145569,1,0.6787951504562607,taglish,comment,True,majority,3-0,0,0
t1_p50qk1g,0,0.2422056347131729,-1.140625,0,0.3868778347969055,0.3054298758506775,0.3076923191547394,0,0.3183693285424269,taglish,comment,True,unanimous,3-0,0,0
t1_p50ql5h,0,0.8255897164344788,1.5546875,1,0.4320000112056732,0.2919999957084656,0.2759999930858612,1,0.7383923417455185,tagalog,comment,True,adjudicator,2-1,0,0
t1_p50qob0,0,0.672331690788269,0.71875,1,0.3970944285392761,0.30387410521507263,0.29903146624565125,1,0.617678937993853,taglish,comment,True,majority,3-0,0,0
t1_p50qzrv,1,0.6150878667831421,0.46875,1,0.37599998712539673,0.31066668033599854,0.31333333253860474,0,0.5775815150347895,tagalog,comment,True,adjudicator,2-1,1,0
t1_p50rj6u,0,0.6020615696907043,0.4140625,1,0.3838120102882385,0.3146214187145233,0.30156657099723816,0,0.5686520256909324,tagalog,comment,True,adjudicator,2-1,0,0
t1_p50rx3u,0,0.57021164894104,0.28271484375,1,0.3515312969684601,0.34620505571365356,0.30226364731788635,0,0.547032917208852,tagalog,comment,True,majority,3-0,0,0
t1_p50s65k,1,0.48421239852905273,-0.06317138671875,0,0.37889689207077026,0.3333333432674408,0.28776979446411133,0,0.48946110055502845,english,comment,True,adjudicator,2-1,1,1
t1_p50sale,0,0.5193994045257568,0.07763671875,1,0.3624841570854187,0.32699620723724365,0.31051963567733765,0,0.5129511756733675,tagalog,comment,True,adjudicator,3-0,0,0
t1_p50sr4b,0,0.2958398759365082,-0.8671875,0,0.32374101877212524,0.34772181510925293,0.3285371661186218,0,0.35921377411044875,taglish,comment,True,adjudicator,2-1,0,0
t1_p50ss8o,0,0.42919009923934937,-0.28515625,0,0.3965517282485962,0.2967980206012726,0.3066502511501312,0,0.4525633575092228,taglish,comment,True,majority,3-0,0,0
t1_p50stit,0,0.8204694986343384,1.51953125,1,0.43660131096839905,0.2888889014720917,0.27450981736183167,1,0.7338345401357518,english,comment,True,unanimous,3-0,0,0
t1_p50sx7y,0,0.1555909961462021,-1.69140625,0,0.29241877794265747,0.3561973571777344,0.35138386487960815,0,0.24436817787675652,taglish,comment,True,majority,3-0,0,0
t1_p50t6p6,1,0.6428810358047485,0.587890625,1,0.42225033044815063,0.3008849620819092,0.2768647372722626,1,0.596853078407995,english,comment,True,adjudicator,2-1,1,1
t1_p50tbuu,0,0.8991213440895081,2.1875,1,0.47856155037879944,0.24619640409946442,0.27524206042289734,1,0.8115297826101906,tagalog,comment,True,adjudicator,2-1,0,0
t1_p50tfzy,1,0.4888324439525604,-0.044677734375,0,0.37441861629486084,0.3069767355918884,0.31860464811325073,0,0.49254584976567495,taglish,comment,True,unanimous,3-0,1,1
t1_p50tgfh,0,0.27943506836891174,-0.947265625,0,0.38337182998657227,0.29561200737953186,0.3210161626338959,0,0.34700643407077025,taglish,comment,True,majority,3-0,0,0
t1_p50tgm1,0,0.3747907280921936,-0.51171875,0,0.34112149477005005,0.34112149477005005,0.3177570104598999,0,0.4154375562389988,tagalog,comment,True,adjudicator,2-1,0,0
t1_p50tmxr,0,0.5363736152648926,0.145751953125,1,0.4119241237640381,0.26422762870788574,0.32384824752807617,0,0.5243002797843221,taglish,comment,True,majority,3-0,0,0
t1_p50tpwv,0,0.2075357586145401,-1.33984375,0,0.329297810792923,0.34140434861183167,0.329297810792923,0,0.2902359417743057,tagalog,comment,True,adjudicator,2-1,0,1
t1_p50ttd5,0,0.21733753383159637,-1.28125,0,0.32229581475257874,0.38631346821784973,0.29139071702957153,0,0.29835745845846456,english,comment,True,adjudicator,2-1,0,1
t1_p50tzmc,0,0.7468782067298889,1.08203125,1,0.3856502175331116,0.37219730019569397,0.24215246737003326,1,0.673084514682693,english,comment,True,unanimous,3-0,0,0
t1_p50uvzx,0,0.5945512652397156,0.3828125,1,0.42317381501197815,0.2808564305305481,0.29596978425979614,0,0.5635289582153132,english,comment,True,adjudicator,2-1,0,1
t1_p50uw6y,0,0.13296425342559814,-1.875,0,0.33114033937454224,0.33771929144859314,0.33114033937454224,0,0.22245574773574717,english,comment,True,majority,3-0,0,0
t1_p50v04u,1,0.5839152932167053,0.3388671875,1,0.38140642642974854,0.31466031074523926,0.3039332628250122,0,0.5563018894546934,taglish,comment,True,majority,3-0,1,1
t1_p50vbc4,0,0.03963883966207504,-3.1875,0,0.3360995948314667,0.33402490615844727,0.32987552881240845,0,0.10646197446043082,english,comment,True,majority,3-0,0,0
t1_p50vpbc,0,0.18126320838928223,-1.5078125,0,0.3103448152542114,0.34729063510894775,0.34236451983451843,0,0.2676959237760052,taglish,comment,True,majority,3-0,0,0
t1_p50vq6u,0,0.06097517907619476,-2.734375,0,0.26096996665000916,0.3810623586177826,0.35796767473220825,0,0.13883781959260888,taglish,comment,True,majority,3-0,0,0
t1_p50vqmi,0,0.8250265121459961,1.55078125,1,0.44125327467918396,0.2872062623500824,0.27154046297073364,1,0.7378884159394616,tagalog,comment,True,adjudicator,2-1,0,1
t1_p50w0db,1,0.09401018172502518,-2.265625,0,0.29756098985671997,0.34390243887901306,0.35853657126426697,0,0.18062433745838877,english,comment,True,adjudicator,2-1,1,0
t1_p50w54e,1,0.66888028383255,0.703125,1,0.4369310736656189,0.2834850549697876,0.2795838713645935,1,0.6152132417826781,english,comment,True,adjudicator,2-1,1,1
t1_p50wfiv,0,0.0753123015165329,-2.5078125,0,0.29930394887924194,0.35034802556037903,0.35034802556037903,0,0.1579229801368311,tagalog,comment,True,adjudicator,2-1,0,0
t1_p50x1v7,0,0.2075357586145401,-1.33984375,0,0.3009478747844696,0.36729857325553894,0.33175355195999146,0,0.2902359417743057,english,comment,True,adjudicator,2-1,0,1
t1_p50x2qf,0,0.05460060387849808,-2.8515625,0,0.31542056798934937,0.336448609828949,0.34813085198402405,0,0.1297478962756684,english,comment,True,unanimous,3-0,0,0
t1_p50xc5h,0,0.05582314357161522,-2.828125,0,0.28018757700920105,0.3516998887062073,0.3681125342845917,0,0.13152441414656424,english,comment,True,unanimous,3-0,0,0
t1_p50ywrp,0,0.07107366621494293,-2.5703125,0,0.2874109148979187,0.3705463111400604,0.3420427441596985,0,0.15245457144399324,taglish,comment,True,majority,3-0,0,0
t1_p50z82d,1,0.06187598779797554,-2.71875,0,0.285549134016037,0.3583815097808838,0.3560693562030792,0,0.1400893654695399,english,comment,True,majority,3-0,1,1
t1_p50zbcj,0,0.3263787627220154,-0.724609375,0,0.3563474416732788,0.3229398727416992,0.320712685585022,0,0.3813979782495346,tagalog,comment,True,adjudicator,2-1,0,1
t1_p50zvx1,0,0.2538610100746155,-1.078125,0,0.35087719559669495,0.3267543911933899,0.32236841320991516,0,0.3274894168276064,taglish,comment,True,unanimous,3-0,0,0
t1_p50zy7x,0,0.3643251061439514,-0.556640625,0,0.3194103240966797,0.3439803421497345,0.3366093337535858,0,0.4081754671235736,tagalog,comment,True,majority,3-0,0,0
t1_p5104ys,0,0.08570928126573563,-2.3671875,0,0.3054393231868744,0.3891213536262512,0.3054393231868744,0,0.1708084964725148,english,comment,True,unanimous,3-0,0,0
t1_p510ngs,0,0.07263670861721039,-2.546875,0,0.2986425459384918,0.3484162986278534,0.3529411852359772,0,0.15448679969843948,english,comment,True,adjudicator,2-1,0,0
t1_p510rod,0,0.2075357586145401,-1.33984375,0,0.35820895433425903,0.3176972270011902,0.3240938186645508,0,0.2902359417743057,taglish,comment,True,majority,3-0,0,0
t1_p510wd0,1,0.32167303562164307,-0.74609375,0,0.37674418091773987,0.31162789463996887,0.31162789463996887,0,0.37802070474805166,english,comment,True,adjudicator,2-1,1,1
t1_p510zkq,0,0.8543993234634399,1.76953125,1,0.4482758641242981,0.2652519941329956,0.2864721417427063,1,0.765131228002723,tagalog,comment,True,adjudicator,2-1,0,1
t1_p510zrc,0,0.07263670861721039,-2.546875,0,0.31622177362442017,0.3388090431690216,0.3449692130088806,0,0.15448679969843948,taglish,comment,True,majority,3-0,0,0
t1_p5116jv,0,0.14414885640144348,-1.78125,0,0.35483869910240173,0.32949307560920715,0.3156681954860687,0,0.23346615273287055,english,comment,True,adjudicator,2-1,0,1
t1_p511am0,0,0.06804042309522629,-2.6171875,0,0.3194444477558136,0.31712964177131653,0.36342594027519226,0,0.14845593221849906,taglish,comment,True,unanimous,3-0,0,0
t1_p511awz,0,0.019271137192845345,-3.9296875,0,0.23502303659915924,0.38479262590408325,0.3801843225955963,0,0.06768843330667347,english,comment,True,majority,3-0,0,0
t1_p511bxb,0,0.8438951373100281,1.6875,1,0.43417367339134216,0.28011205792427063,0.2857142984867096,1,0.7551500924662269,tagalog,comment,True,adjudicator,2-1,0,0
t1_p511mps,1,0.5571225881576538,0.2294921875,1,0.38260868191719055,0.3093167841434479,0.3080745339393616,0,0.5382172282221043,taglish,comment,True,majority,3-0,1,1
t1_p511qag,0,0.3170032501220703,-0.767578125,0,0.3234042525291443,0.4000000059604645,0.27659574151039124,0,0.37465522461493206,english,comment,True,adjudicator,2-1,0,0
t1_p5120d0,0,0.34510529041290283,-0.640625,0,0.36739659309387207,0.31630170345306396,0.31630170345306396,0,0.39470772391455367,english,comment,True,majority,3-0,0,0
t1_p5121dv,0,0.227469339966774,-1.22265625,0,0.34773218631744385,0.36285096406936646,0.2894168496131897,0,0.3066080620537702,english,comment,True,majority,3-0,0,0
t1_p513f5o,0,0.6825737357139587,0.765625,1,0.4057970941066742,0.30434781312942505,0.28985506296157837,1,0.6250393174352303,tagalog,comment,True,adjudicator,2-1,0,1
t1_p513ffe,0,0.025371311232447624,-3.6484375,0,0.2492179423570633,0.4066736102104187,0.3441084325313568,0,0.0805394590827749,english,comment,True,majority,3-0,0,0
t1_p513w3g,1,0.0427221953868866,-3.109375,0,0.3206751048564911,0.3375527560710907,0.3417721390724182,0,0.11152489031990566,english,comment,True,majority,3-0,1,1
t1_p513x9i,0,0.028007520362734795,-3.546875,0,0.25999999046325684,0.4000000059604645,0.3400000035762787,0,0.08570398569083677,taglish,comment,True,unanimous,3-0,0,0
t1_p5143ya,0,0.00941259041428566,-4.65625,0,0.21052631735801697,0.4421052634716034,0.34736841917037964,0,0.0427918160448439,taglish,comment,True,unanimous,3-0,0,0
t1_p514efx,0,0.45786386728286743,-0.1689453125,0,0.3741339445114136,0.3210161626338959,0.30484989285469055,0,0.4718404622510776,english,comment,True,unanimous,3-0,0,0
t1_p514hcf,0,0.6614856719970703,0.669921875,1,0.40963855385780334,0.29718875885009766,0.293172687292099,1,0.6099540821654843,tagalog,comment,True,adjudicator,2-1,0,0
t1_p514hk4,0,0.6838418841362,0.771484375,1,0.4009779989719391,0.30929094552993774,0.28973105549812317,1,0.6259553916637772,taglish,comment,True,majority,3-0,0,0
t1_p514ukl,1,0.8529354929924011,1.7578125,1,0.44708994030952454,0.28835979104042053,0.26455026865005493,1,0.7637227795183936,tagalog,comment,True,adjudicator,2-1,1,1
t1_p514wk1,1,0.8474634885787964,1.71484375,1,0.4523809552192688,0.28835979104042053,0.25925925374031067,1,0.7585087127226269,taglish,comment,True,majority,3-0,1,1
t1_p514won,0,0.04240382835268974,-3.1171875,0,0.26844918727874756,0.3957219123840332,0.33582887053489685,0,0.11100927421526852,taglish,comment,True,majority,3-0,0,0
t1_p514y4d,1,0.38444983959198,-0.470703125,0,0.3441108465194702,0.3279445767402649,0.3279445767402649,0,0.42210047448826077,taglish,comment,True,adjudicator,2-1,1,1
t1_p5158zq,0,0.6592954993247986,0.66015625,1,0.3732718825340271,0.36175113916397095,0.26497694849967957,1,0.6084023316282765,tagalog,comment,True,unanimous,3-0,0,0
t1_p515im6,1,0.8727816939353943,1.92578125,1,0.45883941650390625,0.2726045846939087,0.26855599880218506,1,0.7833514145192461,tagalog,comment,True,adjudicator,2-1,1,1
t1_p51678c,0,0.026155617088079453,-3.6171875,0,0.2967741787433624,0.35483869910240173,0.34838709235191345,0,0.08209754468715207,english,comment,True,majority,3-0,0,0
t1_p516l0e,0,0.03594832494854927,-3.2890625,0,0.2580261528491974,0.3638525605201721,0.3781212866306305,0,0.10018363479535145,english,comment,True,majority,3-0,0,0
t1_p516l7j,0,0.03308597952127457,-3.375,0,0.26457399129867554,0.3699551522731781,0.36547085642814636,0,0.09513040077700922,taglish,comment,True,unanimous,3-0,0,0
t1_p516ley,1,0.6482437252998352,0.611328125,1,0.3865979313850403,0.30670103430747986,0.30670103430747986,1,0.6006112354404317,english,comment,True,majority,3-0,1,1
t1_p517aep,0,0.2986958920955658,-0.853515625,0,0.32134291529655457,0.3501199185848236,0.3285371661186218,0,0.36131681956033496,taglish,comment,True,adjudicator,2-1,0,0
t1_p517odk,0,0.8875949382781982,2.06640625,1,0.4591977894306183,0.22683264315128326,0.31396958231925964,1,0.7988561725637766,tagalog,comment,True,adjudicator,2-1,0,1
t1_p517odr,0,0.07055959850549698,-2.578125,0,0.279914528131485,0.3995726406574249,0.3205128312110901,0,0.15178205122137198,taglish,comment,True,unanimous,3-0,0,0
t1_p517xa6,1,0.8624675869941711,1.8359375,1,0.4478442370891571,0.2586926221847534,0.2934631407260895,1,0.7730021479818732,tagalog,comment,True,adjudicator,2-1,1,1
t1_p519qku,0,0.020177319645881653,-3.8828125,0,0.23704519867897034,0.4145534634590149,0.34840133786201477,0,0.0696896494375592,english,comment,True,majority,3-0,0,0
t1_p519v1g,0,0.02931223064661026,-3.5,0,0.29436326026916504,0.35699373483657837,0.3486430048942566,0,0.08818745194844858,tagalog,comment,True,majority,3-0,0,0
t1_p51a6ak,0,0.3842187523841858,-0.4716796875,0,0.37745097279548645,0.3063725531101227,0.31617647409439087,0,0.42194149345125515,tagalog,comment,True,adjudicator,2-1,0,1
t1_p51apmu,0,0.1525365114212036,-1.71484375,0,0.33255812525749207,0.3465116322040558,0.32093024253845215,0,0.2414912872773732,english,comment,True,unanimous,3-0,0,0
t1_p51b42d,0,0.018546564504504204,-3.96875,0,0.2560834288597107,0.3638470470905304,0.3800695240497589,0,0.0660616004608415,english,comment,True,adjudicator,2-1,0,0
t1_p51b5y4,0,0.9358173608779907,2.6796875,1,0.4923504889011383,0.2600834369659424,0.24756605923175812,1,0.8567404306055894,tagalog,comment,True,adjudicator,2-1,0,1
t1_p51bah9,1,0.31153160333633423,-0.79296875,0,0.36511626839637756,0.30930233001708984,0.3255814015865326,0,0.3706934296666459,tagalog,comment,True,adjudicator,2-1,1,0
t1_p51c5db,0,0.3729618489742279,-0.51953125,0,0.36574074625968933,0.3263888955116272,0.30787035822868347,0,0.4141718485136543,taglish,comment,True,majority,3-0,0,0
t1_p51c7pk,0,0.03594832494854927,-3.2890625,0,0.27373069524765015,0.3642384111881256,0.36203089356422424,0,0.10018363479535145,tagalog,comment,True,unanimous,3-0,0,0
t1_p51c9tq,0,0.1465751975774765,-1.76171875,0,0.35084033012390137,0.3193277418613434,0.32983192801475525,0,0.23580709038186584,taglish,comment,True,majority,3-0,0,0
t1_p51cle6,0,0.01971912942826748,-3.90625,0,0.2508004307746887,0.409818559885025,0.33938100934028625,0,0.0686822904532567,english,comment,True,majority,3-0,0,0
t1_p51cwhc,0,0.3949008285999298,-0.4267578125,0,0.3800475001335144,0.31828978657722473,0.30166271328926086,0,0.42927085344710103,english,comment,True,adjudicator,2-1,0,0
t1_p51cx9a,0,0.1550784707069397,-1.6953125,0,0.27489176392555237,0.40043291449546814,0.3246753215789795,0,0.2438870898988629,taglish,comment,True,majority,3-0,0,0
t1_p51ddqi,0,0.6486889719963074,0.61328125,1,0.4134727120399475,0.29152148962020874,0.29500579833984375,1,0.6009238876391791,tagalog,comment,True,adjudicator,2-1,0,0
t1_p51dk1z,0,0.030214587226510048,-3.46875,0,0.2558635473251343,0.4051172733306885,0.33901917934417725,0,0.08987902980156505,taglish,comment,True,majority,3-0,0,0
t1_p51e36n,0,0.27009502053260803,-0.994140625,0,0.34716156125068665,0.3537117838859558,0.29912662506103516,0,0.3399517453292407,taglish,comment,True,majority,3-0,0,0
t1_p51e3p8,0,0.024237634614109993,-3.6953125,0,0.28994083404541016,0.39842209219932556,0.3116370737552643,0,0.07825288573116679,english,comment,True,adjudicator,2-1,0,0
t1_p51eayg,0,0.02931223064661026,-3.5,0,0.2545454502105713,0.3954545557498932,0.3499999940395355,0,0.08818745194844858,tagalog,comment,True,adjudicator,2-1,0,0
t1_p51ebvn,0,0.05707139894366264,-2.8046875,0,0.2705882489681244,0.4106951951980591,0.3187165856361389,0,0.133321529793394,english,comment,True,majority,3-0,0,0
t1_p51u0yc,0,0.6245225667953491,0.5087890625,1,0.398477166891098,0.3375634551048279,0.2639593780040741,0,0.5840875146297442,tagalog,comment,True,majority,3-0,0,0
t1_p51vat8,0,0.5563995838165283,0.2265625,1,0.3650975823402405,0.38346728682518005,0.25143513083457947,0,0.5377312149767176,tagalog,comment,True,majority,3-0,0,0
t1_p51wv23,0,0.24077458679676056,-1.1484375,0,0.3419203758239746,0.323184996843338,0.3348946273326874,0,0.31723886267755824,taglish,comment,True,unanimous,3-0,0,0
t1_p51xptv,0,0.03185885399580002,-3.4140625,0,0.26695841550827026,0.3873085379600525,0.34573304653167725,0,0.09290975103969469,taglish,comment,True,majority,3-0,0,0
t1_p51z2oj,0,0.018833130598068237,-3.953125,0,0.27650272846221924,0.3715847134590149,0.35191255807876587,0,0.06670792751816279,taglish,comment,True,unanimous,3-0,0,0
t1_p5209j0,0,0.03676946833729744,-3.265625,0,0.27848100662231445,0.3818565309047699,0.33966243267059326,0,0.101602616853035,taglish,comment,True,majority,3-0,0,0
t1_p539k62,0,0.05582314357161522,-2.828125,0,0.30786025524139404,0.3340611457824707,0.35807859897613525,0,0.13152441414656424,taglish,comment,True,majority,3-0,0,0
t1_p53cx84,0,0.014728614129126072,-4.203125,0,0.279678076505661,0.4124748408794403,0.3078470826148987,0,0.05704116754177609,english,comment,True,majority,3-0,0,0
t1_p53ejq2,0,0.06325051933526993,-2.6953125,0,0.3252747356891632,0.3340659439563751,0.34065935015678406,0,0.14198437764613792,taglish,comment,True,majority,3-0,0,0
t1_p53kc0j,0,0.05582314357161522,-2.828125,0,0.3214285671710968,0.3415178656578064,0.3370535671710968,0,0.13152441414656424,tagalog,comment,True,majority,3-0,0,0
t1_p53vm77,0,0.06512754410505295,-2.6640625,0,0.31263384222984314,0.3383297622203827,0.34903639554977417,0,0.14454428453687423,english,comment,True,adjudicator,2-1,0,1
t1_p548opy,0,0.017712298780679703,-4.015625,0,0.28286853432655334,0.4003984034061432,0.31673306226730347,0,0.06415738296008533,taglish,comment,True,unanimous,3-0,0,0
t1_p54ijgj,0,0.45181018114089966,-0.193359375,0,0.36961451172828674,0.36054420471191406,0.2698412835597992,0,0.4677817272501073,tagalog,comment,True,unanimous,3-0,0,0
t1_p54nz23,0,0.03622005507349968,-3.28125,0,0.30346232652664185,0.3482688367366791,0.3482688367366791,0,0.10065466116075211,taglish,comment,True,unanimous,3-0,0,0
t1_p55saf4,0,0.7498207092285156,1.09765625,1,0.42065492272377014,0.32745590806007385,0.251889169216156,1,0.6753750508991768,tagalog,comment,True,unanimous,3-0,0,0
t1_p55v84k,0,0.5959630012512207,0.388671875,1,0.4040403962135315,0.2941919267177582,0.3017676770687103,0,0.5644906008287659,tagalog,comment,True,unanimous,3-0,0,0
t1_p56eroe,1,0.6517983078956604,0.626953125,1,0.4112149477005005,0.2777036130428314,0.3110814392566681,1,0.6031101368860957,taglish,comment,True,majority,3-0,1,1
t1_p56fcks,1,0.5116860866546631,0.0467529296875,1,0.3518930971622467,0.3897550106048584,0.2583518922328949,0,0.5078003263229183,english,comment,True,majority,3-0,1,1
t1_p56ftcu,1,0.6817267537117004,0.76171875,1,0.4224599003791809,0.29010695219039917,0.2874331474304199,1,0.6244281029681628,english,comment,True,adjudicator,2-1,1,1
t1_p56g61g,0,0.8333246111869812,1.609375,1,0.4375,0.29891303181648254,0.26358696818351746,1,0.7453813337056515,tagalog,comment,True,adjudicator,2-1,0,1
t1_p56ge9a,0,0.06903792917728424,-2.6015625,0,0.27469879388809204,0.36385542154312134,0.3614457845687866,0,0.1497791002580496,english,comment,True,adjudicator,2-1,0,1
t1_p56lwbi,0,0.7627776861190796,1.16796875,1,0.44530245661735535,0.28314027190208435,0.2715572714805603,1,0.6855778647435462,taglish,comment,True,majority,3-0,0,0
t1_p56of1n,0,0.0443485863506794,-3.0703125,0,0.29525861144065857,0.3448275923728943,0.35991379618644714,0,0.11413448087285573,english,comment,True,unanimous,3-0,0,0
t1_p56ooj5,0,0.09467770159244537,-2.2578125,0,0.29106029868125916,0.4054054021835327,0.30353429913520813,0,0.1813973230027816,taglish,comment,True,majority,3-0,0,0
t1_p56pizi,0,0.6959583163261414,0.828125,1,0.4100528955459595,0.289682537317276,0.30026453733444214,1,0.6347634368250686,english,comment,True,adjudicator,2-1,0,0
t1_p56qvxs,1,0.7468782067298889,1.08203125,1,0.4253731369972229,0.33084577322006226,0.24378108978271484,1,0.673084514682693,english,comment,True,unanimous,3-0,1,1
t1_p56r0lz,0,0.8187368512153625,1.5078125,1,0.4404609501361847,0.298335462808609,0.2612035870552063,1,0.7323040762239948,taglish,comment,True,adjudicator,2-1,0,0
t1_p56rofd,0,0.2841785252094269,-0.923828125,0,0.26937270164489746,0.42804428935050964,0.3025830388069153,0,0.3505593801560438,english,comment,True,unanimous,3-0,0,0
t1_p56rw0h,0,0.2620856761932373,-1.03515625,0,0.3209109604358673,0.38923394680023193,0.28985506296157837,0,0.333836472167059,tagalog,comment,True,adjudicator,2-1,0,0
t1_p56shvj,0,0.7468782067298889,1.08203125,1,0.43250328302383423,0.28833553194999695,0.2791612148284912,1,0.673084514682693,tagalog,comment,True,unanimous,3-0,0,0
t1_p56sonm,0,0.4609560966491699,-0.156494140625,0,0.34400948882102966,0.3534994125366211,0.30249109864234924,0,0.47391188549976554,english,comment,True,majority,3-0,0,0
t1_p56ss9e,0,0.03090895712375641,-3.4453125,0,0.32426777482032776,0.33891212940216064,0.3368200957775116,0,0.09116684687454649,taglish,comment,True,adjudicator,2-1,0,0
t1_p56tc7c,0,0.0204885546118021,-3.8671875,0,0.2539370059967041,0.41535434126853943,0.33070865273475647,0,0.07036879777394539,taglish,comment,True,majority,3-0,0,0
t1_p56tge7,0,0.5203744769096375,0.08154296875,1,0.3613053560256958,0.32400932908058167,0.31468531489372253,0,0.5136024932870686,tagalog,comment,True,adjudicator,2-1,0,0
t1_p56tixe,0,0.270480215549469,-0.9921875,0,0.3595505654811859,0.33932584524154663,0.30112358927726746,0,0.3402443038328224,tagalog,comment,True,adjudicator,2-1,0,1
t1_p56ube0,0,0.13206616044044495,-1.8828125,0,0.3210161626338959,0.3371824622154236,0.34180137515068054,0,0.22155515400918802,tagalog,comment,True,adjudicator,2-1,0,1
t1_p56v3dp,0,0.801314651966095,1.39453125,1,0.44041451811790466,0.28108808398246765,0.2784973978996277,1,0.7172249745888124,english,comment,True,adjudicator,2-1,0,0
t1_p56v9u9,0,0.09467770159244537,-2.2578125,0,0.32845187187194824,0.34309622645378113,0.32845187187194824,0,0.1813973230027816,taglish,comment,True,majority,3-0,0,0
t1_p56vs86,0,0.5886526703834534,0.3583984375,1,0.3981373608112335,0.33993014693260193,0.26193249225616455,0,0.559517049189163,english,comment,True,unanimous,3-0,0,0
t1_p56xct1,1,0.8714748620986938,1.9140625,1,0.44186046719551086,0.29586562514305115,0.262273907661438,1,0.7820211001741436,taglish,comment,True,unanimous,3-0,1,1
t1_p56ybe4,0,0.020645931363105774,-3.859375,0,0.2926829159259796,0.3556910455226898,0.3516260087490082,0,0.07071066150690798,english,comment,True,majority,3-0,0,0
t1_p56ycd2,0,0.02843603305518627,-3.53125,0,0.31352460384368896,0.3360655605792999,0.3504098355770111,0,0.08652468393649018,tagalog,comment,True,unanimous,3-0,0,0
t1_p56z4ga,0,0.7683857679367065,1.19921875,1,0.3982558250427246,0.30377906560897827,0.2979651093482971,1,0.6900562936479666,tagalog,comment,True,adjudicator,2-1,0,1
t1_p56zaib,0,0.6804540753364563,0.755859375,1,0.4253164529800415,0.29620254039764404,0.27848100662231445,1,0.6235105380189905,english,comment,True,adjudicator,2-1,0,1
t1_p56zxlp,0,0.034358687698841095,-3.3359375,0,0.2998065650463104,0.39651837944984436,0.3036750555038452,0,0.0973984275717484,english,comment,True,unanimous,3-0,0,0
t1_p570gq4,0,0.4468567669391632,-0.21337890625,0,0.3729216158390045,0.30641329288482666,0.3206650912761688,0,0.4644567189497696,tagalog,comment,True,adjudicator,2-1,0,1
t1_p570nj4,0,0.1919327974319458,-1.4375,0,0.35254988074302673,0.32372504472732544,0.32372504472732544,0,0.27699510756367884,tagalog,comment,True,adjudicator,2-1,0,0
t1_p571ubf,0,0.01578456163406372,-4.1328125,0,0.2329411804676056,0.3905882239341736,0.3764705955982208,0,0.05961840457867046,taglish,comment,True,unanimous,3-0,0,0
t1_p57775v,0,0.01678548939526081,-4.0703125,0,0.23754344880580902,0.37775203585624695,0.3847045302391052,0,0.06200045896861632,taglish,comment,True,majority,3-0,0,0
t1_p57a2cw,0,0.5541086196899414,0.21728515625,1,0.39295393228530884,0.30894309282302856,0.2981029748916626,0,0.5361917042435812,tagalog,comment,True,unanimous,3-0,0,0
t1_p57hyi6,0,0.6744794845581055,0.728515625,1,0.38283827900886536,0.3872387111186981,0.22992299497127533,1,0.6192169357956654,english,comment,True,adjudicator,2-1,0,0
t1_p57rbor,0,0.7563575506210327,1.1328125,1,0.4310776889324188,0.2957393527030945,0.2731829583644867,1,0.6804980623253425,tagalog,comment,True,adjudicator,2-1,0,1
t1_p582gg7,0,0.37777021527290344,-0.4990234375,0,0.38061466813087463,0.3026004731655121,0.3167848587036133,0,0.41749670591490623,english,comment,True,majority,3-0,0,0
t1_p583nqj,0,0.06705629080533981,-2.6328125,0,0.3256784975528717,0.3361169099807739,0.33820459246635437,0,0.14714243026838558,english,comment,True,majority,3-0,0,0
t1_p5843ah,0,0.017309095710515976,-4.0390625,0,0.2700892984867096,0.3549107015132904,0.375,0,0.06322455778075704,english,comment,True,majority,3-0,0,0
t1_p584lsx,0,0.11676401644945145,-2.0234375,0,0.32478633522987366,0.3290598392486572,0.3461538553237915,0,0.20579149872692024,english,comment,True,majority,3-0,0,0
t1_p585bcp,0,0.0384661927819252,-3.21875,0,0.32016631960868835,0.35758835077285767,0.322245329618454,0,0.10449412893261212,english,comment,True,unanimous,3-0,0,0
t1_p586mpz,0,0.270480215549469,-0.9921875,0,0.3718820810317993,0.31519272923469543,0.31292515993118286,0,0.3402443038328224,tagalog,comment,True,majority,3-0,0,0
t1_p586qua,0,0.014842418022453785,-4.1953125,0,0.2826552391052246,0.35974302887916565,0.35760170221328735,0,0.05732227579438358,taglish,comment,True,unanimous,3-0,0,0
t1_p587cg6,0,0.024237634614109993,-3.6953125,0,0.24109014868736267,0.41299790143966675,0.3459119498729706,0,0.07825288573116679,taglish,comment,True,majority,3-0,0,0
t1_p5883y0,0,0.16830945014953613,-1.59765625,0,0.33402490615844727,0.39419087767601013,0.271784245967865,0,0.25610590710517434,taglish,comment,True,majority,3-0,0,0
t1_p5898ke,0,0.04535258188843727,-3.046875,0,0.2921348214149475,0.3460674285888672,0.3617977499961853,0,0.11572564704921785,taglish,comment,True,adjudicator,2-1,0,0
t1_p589aw3,0,0.2693256139755249,-0.998046875,0,0.3386727571487427,0.32494279742240906,0.33638444542884827,0,0.33936699463932923,taglish,comment,True,adjudicator,2-1,0,1
t1_p589q0r,0,0.8836382627487183,2.02734375,1,0.46384719014167786,0.2769440710544586,0.2592087388038635,1,0.7946342838918845,tagalog,comment,True,adjudicator,2-1,0,1
t1_p58a6x0,0,0.09203286468982697,-2.2890625,0,0.3388773500919342,0.32640331983566284,0.33471933007240295,0,0.17832079252950858,taglish,comment,True,adjudicator,2-1,0,0
t1_p58atkp,0,0.4392662048339844,-0.244140625,0,0.37424057722091675,0.3001215159893036,0.32563790678977966,0,0.45935381326471586,tagalog,comment,True,adjudicator,2-1,0,1
t1_p58hsl1,0,0.018833130598068237,-3.953125,0,0.31302520632743835,0.3340336084365845,0.3529411852359772,0,0.06670792751816279,taglish,comment,True,adjudicator,2-1,0,1
t1_p58kee9,0,0.2351084202528,-1.1796875,0,0.35010939836502075,0.32822757959365845,0.3216630220413208,0,0.3127386154067225,english,comment,True,unanimous,3-0,0,0
t1_p58mnsi,0,0.8484706878662109,1.72265625,1,0.4738955795764923,0.2650602459907532,0.2610441744327545,1,0.7594625301577623,tagalog,comment,True,adjudicator,2-1,0,1
t1_p58ucht,0,0.2747403681278229,-0.970703125,0,0.3592677414417267,0.31350114941596985,0.32723110914230347,0,0.3434704530406947,english,comment,True,adjudicator,2-1,0,1
t1_p58va0p,1,0.9066531658172607,2.2734375,1,0.455307275056839,0.2793295979499817,0.2653631269931793,1,0.8201460778750103,taglish,comment,True,adjudicator,2-1,1,0
t1_p58vdxr,0,0.755636990070343,1.12890625,1,0.4232954680919647,0.28409090638160706,0.2926136255264282,1,0.6799309569488953,tagalog,comment,True,adjudicator,2-1,0,0
t1_p58wc9w,0,0.5862860083580017,0.3486328125,1,0.3986409902572632,0.31936579942703247,0.28199321031570435,0,0.5579100760923041,english,comment,True,unanimous,3-0,0,0
t1_p58wkah,0,0.03963883966207504,-3.1875,0,0.32016631960868835,0.34095633029937744,0.3388773500919342,0,0.10646197446043082,taglish,comment,True,majority,3-0,0,0
t1_p58x3no,0,0.3731902539730072,-0.5185546875,0,0.40562719106674194,0.28487691283226013,0.3094958961009979,0,0.4143300003745797,tagalog,comment,True,adjudicator,2-1,0,1
t1_p58xvb4,0,0.1127954050898552,-2.0625,0,0.29940828680992126,0.35266271233558655,0.3479290008544922,0,0.20156307715062163,english,comment,True,majority,3-0,0,0
t1_p591y9q,1,0.38722679018974304,-0.458984375,0,0.3065513074398041,0.40049442648887634,0.2929542660713196,0,0.42400949725669607,english,comment,True,majority,3-0,1,1
t1_p5954c8,0,0.02779562398791313,-3.5546875,0,0.3291139304637909,0.3375527560710907,0.3333333432674408,0,0.08529628739169456,taglish,comment,True,unanimous,3-0,0,0
t1_p596ahr,0,0.3593641221523285,-0.578125,0,0.316546767950058,0.36450839042663574,0.3189448416233063,0,0.4047162097671673,tagalog,comment,True,majority,3-0,0,0
t1_p597vr8,0,0.09138210862874985,-2.296875,0,0.31956520676612854,0.34565216302871704,0.33478260040283203,0,0.1775580733526502,taglish,comment,True,majority,3-0,0,0
t1_p599fek,0,0.4545932412147522,-0.18212890625,0,0.3651551306247711,0.3245823383331299,0.310262531042099,0,0.46964824852291653,tagalog,comment,True,adjudicator,2-1,0,1
t1_p599ncq,0,0.7057850360870361,0.875,1,0.4034440219402313,0.30381304025650024,0.29274293780326843,1,0.6419855475327856,taglish,comment,True,majority,3-0,0,0
t1_p59a2cx,0,0.015189048834145069,-4.171875,0,0.22742857038974762,0.3817142844200134,0.39085713028907776,0,0.05817342560325391,taglish,comment,True,unanimous,3-0,0,0
t1_p59fdwe,0,0.39094078540802,-0.443359375,0,0.3894009292125702,0.3087557554244995,0.3018433153629303,0,0.42655838354793885,english,comment,True,adjudicator,2-1,0,1
t1_p59mvvk,0,0.017442483454942703,-4.03125,0,0.3068893551826477,0.3402922749519348,0.3528183698654175,0,0.0635340856224983,taglish,comment,True,majority,3-0,0,0
t1_p59wsxo,0,0.015543648041784763,-4.1484375,0,0.2958333194255829,0.3499999940395355,0.3541666567325592,0,0.05903642222012067,taglish,comment,True,unanimous,3-0,0,0
t1_p5a1yhi,0,0.025760557502508163,-3.6328125,0,0.24215246737003326,0.3834080696105957,0.37443944811820984,0,0.08131510043664678,english,comment,True,majority,3-0,0,0
t1_p5ad4jk,0,0.5940803289413452,0.380859375,1,0.385185182094574,0.3037036955356598,0.31111112236976624,0,0.5632083041229532,tagalog,comment,True,adjudicator,2-1,0,0
t1_p5ai9q3,0,0.029535338282585144,-3.4921875,0,0.3030303120613098,0.34415584802627563,0.35281383991241455,0,0.08860763073949394,english,comment,True,majority,3-0,0,0
t1_p5auq3e,0,0.051082734018564224,-2.921875,0,0.3073684275150299,0.34526315331459045,0.34736841917037964,0,0.12454053573064475,taglish,comment,True,majority,3-0,0,0
t1_p5av7dh,0,0.14511536061763763,-1.7734375,0,0.3062644898891449,0.3201856017112732,0.3735498785972595,0,0.23440058422088816,english,comment,True,adjudicator,2-1,0,1
t1_p5b04tc,1,0.5098254084587097,0.039306640625,1,0.3830275237560272,0.3302752375602722,0.28669723868370056,0,0.506558132686932,taglish,comment,True,adjudicator,2-1,1,0
t1_p5b0c5q,0,0.23440666496753693,-1.18359375,0,0.35760170221328735,0.3254818022251129,0.31691649556159973,0,0.3121785349300331,english,comment,True,majority,3-0,0,0
t1_p5b0oru,0,0.05070536583662033,-2.9296875,0,0.29230770468711853,0.3980769217014313,0.3096153736114502,0,0.12397314061872038,taglish,comment,True,majority,3-0,0,0
t1_p5b1qoc,0,0.017712298780679703,-4.015625,0,0.2956521809101105,0.34130436182022095,0.36304348707199097,0,0.06415738296008533,taglish,comment,True,majority,3-0,0,0
t1_p5b1r09,0,0.5691343545913696,0.2783203125,1,0.37378641963005066,0.32281553745269775,0.303398072719574,0,0.5463060561001676,taglish,comment,True,unanimous,3-0,0,0
t1_p5b339o,0,0.7962924242019653,1.36328125,1,0.40177252888679504,0.30428361892700195,0.2939438819885254,1,0.7129758258849537,taglish,comment,True,majority,3-0,0,0
t1_p5b5hbz,0,0.39606815576553345,-0.421875,0,0.3449999988079071,0.32499998807907104,0.33000001311302185,0,0.4300694554627781,english,comment,True,adjudicator,2-1,0,0
t1_p5bbhvs,0,0.11961366981267929,-1.99609375,0,0.2839224636554718,0.36944127082824707,0.34663626551628113,0,0.20879028282303377,tagalog,comment,True,unanimous,3-0,0,0
t1_p5bdsnu,0,0.5900707244873047,0.3642578125,1,0.40547263622283936,0.28731343150138855,0.3072139322757721,0,0.5604806369315437,english,comment,True,adjudicator,2-1,0,0
t1_p5be6ke,0,0.013020490296185017,-4.328125,0,0.261904776096344,0.4027777910232544,0.335317462682724,0,0.05271615260443792,taglish,comment,True,majority,3-0,0,0
t1_p5bg0nu,0,0.29219117760658264,-0.884765625,0,0.3325062096118927,0.3399503827095032,0.3275434374809265,0,0.3565177972515062,taglish,comment,True,majority,3-0,0,0
t1_p5bi02g,0,0.047074176371097565,-3.0078125,0,0.2600896954536438,0.36547085642814636,0.37443944811820984,0,0.11842043069730437,taglish,comment,True,majority,3-0,0,0
t1_p5bqmrp,0,0.19132769107818604,-1.44140625,0,0.3608490526676178,0.3136792480945587,0.3254716992378235,0,0.27647328858804343,english,comment,True,majority,3-0,0,0
t1_p5bqsqg,0,0.6473524570465088,0.607421875,1,0.41306883096694946,0.31505250930786133,0.2718786597251892,1,0.5999856852140274,tagalog,comment,True,majority,3-0,0,0
t1_p5bsp12,0,0.19253934919834137,-1.43359375,0,0.3560090661048889,0.29705214500427246,0.3469387888908386,0,0.27751753366105314,taglish,comment,True,majority,3-0,0,0
t1_p5btd0h,1,0.7759445905685425,1.2421875,1,0.448574960231781,0.282527893781662,0.268897145986557,1,0.696156281182828,english,comment,True,adjudicator,3-0,1,1
t1_p5buc0u,0,0.8856314420700073,2.046875,1,0.47263017296791077,0.2710280418395996,0.2563417851924896,1,0.7967533939675837,tagalog,comment,True,adjudicator,2-1,0,0
t1_p5bvnyi,0,0.00985985528677702,-4.609375,0,0.2111225575208664,0.44078269600868225,0.34809476137161255,0,0.044091771879393823,taglish,comment,True,majority,3-0,0,0
t1_p5bw2ty,0,0.28776782751083374,-0.90625,0,0.36899563670158386,0.3144104778766632,0.31659388542175293,0,0.353235033571255,english,comment,True,majority,3-0,0,0
t1_p5bzxqy,0,0.014503578655421734,-4.21875,0,0.2789783775806427,0.3988212049007416,0.32220038771629333,0,0.05648283252016579,english,comment,True,majority,3-0,0,0
t1_p5c1ore,0,0.022629201412200928,-3.765625,0,0.3205944895744324,0.3460721969604492,0.3333333432674408,0,0.07493429095132434,taglish,comment,True,unanimous,3-0,0,0
t1_p5c2j4s,0,0.02595735713839531,-3.625,0,0.287937730550766,0.38326847553253174,0.3287937641143799,0,0.08170546927749174,taglish,comment,True,unanimous,3-0,0,0
t1_p5c2l29,0,0.13386748731136322,-1.8671875,0,0.3513513505458832,0.3198198080062866,0.3288288414478302,0,0.22335895186988072,english,comment,True,adjudicator,2-1,0,0
t1_p5c3jae,0,0.13846179842948914,-1.828125,0,0.3384615480899811,0.3186813294887543,0.34285715222358704,0,0.22791409216652353,english,comment,True,majority,3-0,0,0
t1_p5c3m8u,0,0.02655657008290291,-3.6015625,0,0.2737818956375122,0.3689095079898834,0.35730859637260437,0,0.08288683861928259,english,comment,True,majority,3-0,0,0
t1_p5c3vgk,0,0.020332353189587593,-3.875,0,0.30382293462753296,0.34607645869255066,0.3501006066799164,0,0.07002846229393833,taglish,comment,True,majority,3-0,0,0
t1_p5c5hsz,0,0.19253934919834137,-1.43359375,0,0.36768150329589844,0.3208431005477905,0.31147539615631104,0,0.27751753366105314,english,comment,True,majority,3-0,0,0
t1_p5c5ngm,0,0.7879312038421631,1.3125,1,0.44968944787979126,0.2732919156551361,0.27701863646507263,1,0.7059902826200608,english,comment,True,majority,3-0,0,0
t1_p5c6kf2,0,0.5310877561569214,0.12451171875,1,0.40594059228897095,0.29826733469963074,0.2957920730113983,0,0.520763452784401,tagalog,comment,True,majority,3-0,0,0
t1_p5c6ylh,0,0.6437773108482361,0.591796875,1,0.42002442479133606,0.2857142984867096,0.29426130652427673,1,0.5974802409268378,english,comment,True,majority,3-0,0,0
t1_p5c7acj,0,0.24364246428012848,-1.1328125,0,0.3752860426902771,0.31350114941596985,0.31121280789375305,0,0.31950193767465757,english,comment,True,unanimous,3-0,0,0
t1_p5c7f23,0,0.008187909610569477,-4.796875,0,0.21187308430671692,0.4380757510662079,0.3500511646270752,0,0.03910818816912197,taglish,comment,True,unanimous,3-0,0,0
t1_p5c7gzl,0,0.44227513670921326,-0.23193359375,0,0.3944636583328247,0.3137255012989044,0.2918108403682709,0,0.46137781618375817,taglish,comment,True,majority,3-0,0,0
t1_p5c7omv,1,0.5394684672355652,0.158203125,1,0.38948625326156616,0.31780168414115906,0.2927120625972748,0,0.5263724822767967,english,comment,True,majority,3-0,1,1
t1_p5c8o4w,0,0.029986508190631866,-3.4765625,0,0.3318965435028076,0.3405172526836395,0.32758620381355286,0,0.08945341376347668,english,comment,True,majority,3-0,0,0
t1_p5c8sko,0,0.33982762694358826,-0.6640625,0,0.3887587785720825,0.3067915737628937,0.3044496476650238,0,0.3909767032557106,english,comment,True,unanimous,2-0,0,0
t1_p5c9bva,0,0.16344542801380157,-1.6328125,0,0.33484163880348206,0.3212669789791107,0.3438914120197296,0,0.2516612900997907,english,comment,True,unanimous,3-0,0,0
t1_p5ca25n,0,0.7975567579269409,1.37109375,1,0.442748099565506,0.2798982262611389,0.2773537039756775,1,0.7140416842061575,english,comment,True,majority,3-0,0,0
t1_p5cakcu,0,0.037892427295446396,-3.234375,0,0.31956520676612854,0.343478262424469,0.33695653080940247,0,0.10352230400209884,taglish,comment,True,majority,3-0,0,0
t1_p5cc6mt,0,0.16184942424297333,-1.64453125,0,0.32135307788848877,0.3826638460159302,0.29598307609558105,0,0.2501911790231037,english,comment,True,adjudicator,2-1,0,0
t1_p5ccd6g,0,0.32809871435165405,-0.716796875,0,0.29863691329956055,0.3543989956378937,0.3469640612602234,0,0.38262894577176887,tagalog,comment,True,adjudicator,2-1,0,0
t1_p5cdkaw,0,0.7975567579269409,1.37109375,1,0.4422604441642761,0.2751842737197876,0.2825552821159363,1,0.7140416842061575,taglish,comment,True,majority,3-0,0,0
t1_p5ch1zb,0,0.02498779445886612,-3.6640625,0,0.26061996817588806,0.3696900010108948,0.3696900010108948,0,0.0797705739171451,english,comment,True,adjudicator,2-1,0,1
t1_p5cip1a,0,0.014615669846534729,-4.2109375,0,0.3026584982872009,0.34560325741767883,0.35173824429512024,0,0.05676135483639381,tagalog,comment,True,adjudicator,2-1,0,0
t1_p5cj37l,0,0.4983634948730469,-0.0065460205078125,0,0.39364302158355713,0.29951101541519165,0.3068459630012512,0,0.49890776560484557,english,comment,True,unanimous,3-0,0,0
t1_p5cjw6t,0,0.11961366981267929,-1.99609375,0,0.3293555974960327,0.32219570875167847,0.3484486937522888,0,0.20879028282303377,english,comment,True,majority,3-0,0,0
t1_p5ckbnh,0,0.03676946833729744,-3.265625,0,0.2806652784347534,0.3908523917198181,0.32848232984542847,0,0.101602616853035,english,comment,True,adjudicator,2-1,0,0
t1_p5ckeni,0,0.5038146376609802,0.0152587890625,1,0.3480454087257385,0.33543506264686584,0.316519558429718,0,0.502545982966351,taglish,comment,True,adjudicator,2-1,0,0
t1_p5ckfsi,0,0.06465348601341248,-2.671875,0,0.2718327045440674,0.35424354672431946,0.37392374873161316,0,0.14390073425212555,english,comment,True,majority,3-0,0,0
t1_p5ckm7l,0,0.6290912628173828,0.5283203125,1,0.3745498061180115,0.3217287063598633,0.30372148752212524,0,0.5872507183652803,taglish,comment,True,adjudicator,2-1,0,0
t1_p5cl3by,0,0.0838903859257698,-2.390625,0,0.3058035671710968,0.3616071343421936,0.3325892984867096,0,0.16860437600730688,tagalog,comment,True,adjudicator,2-1,0,0
t1_p5cl3xm,0,0.6046323776245117,0.4248046875,1,0.36243385076522827,0.3253968358039856,0.31216931343078613,0,0.570409749691522,taglish,comment,True,adjudicator,2-1,0,0
t1_p5cl6hj,0,0.8868131041526794,2.05859375,1,0.47291940450668335,0.268163800239563,0.2589167654514313,1,0.7980170202264842,taglish,comment,True,adjudicator,2-1,0,1
t1_p5clmlh,0,0.3298232853412628,-0.708984375,0,0.331619530916214,0.336760938167572,0.331619530916214,0,0.3838614209132723,taglish,comment,True,majority,3-0,0,0
t1_p5cm593,0,0.051082734018564224,-2.921875,0,0.265643447637558,0.3778040111064911,0.3565525412559509,0,0.12454053573064475,taglish,comment,True,unanimous,3-0,0,0
t1_p5cm6yc,0,0.5715274810791016,0.2880859375,1,0.36543211340904236,0.34567901492118835,0.2888889014720917,0,0.5479210304055633,taglish,comment,True,unanimous,3-0,0,0
t1_p5cmehd,0,0.015189048834145069,-4.171875,0,0.2477678507566452,0.3705357015132904,0.3816964328289032,0,0.05817342560325391,taglish,comment,True,unanimous,3-0,0,0
t1_p5cmoo9,0,0.7527403235435486,1.11328125,1,0.4075573682785034,0.311740905046463,0.28070175647735596,1,0.6776572242198741,tagalog,comment,True,unanimous,3-0,0,0
t1_p5cmvvb,0,0.7627776861190796,1.16796875,1,0.44530245661735535,0.2805662751197815,0.27413126826286316,1,0.6855778647435462,tagalog,comment,True,adjudicator,2-1,0,0
t1_p5cmw8l,0,0.6913931965827942,0.806640625,1,0.38014185428619385,0.3063829839229584,0.31347519159317017,1,0.6314326976522525,tagalog,comment,True,adjudicator,2-1,0,1
t1_p5cn2vp,1,0.6025294065475464,0.416015625,1,0.3969658613204956,0.3059418499469757,0.2970922887325287,0,0.5689717418862485,taglish,comment,True,majority,3-0,1,1
t1_p5cn5ng,1,0.907967209815979,2.2890625,1,0.4682539701461792,0.26851850748062134,0.26322752237319946,1,0.8216792074704914,taglish,comment,True,majority,3-0,1,1
t1_p5cnoit,0,0.9329437017440796,2.6328125,1,0.4925975799560547,0.2637954354286194,0.24360699951648712,1,0.8528575697316144,tagalog,comment,True,adjudicator,2-1,0,1
t1_p5cnwp2,1,0.8998278379440308,2.1953125,1,0.42409032583236694,0.3563362658023834,0.21957339346408844,1,0.8123259979174947,tagalog,comment,True,adjudicator,3-0,1,1
t1_p5cpmxp,0,0.0204885546118021,-3.8671875,0,0.2390139400959015,0.42229366302490234,0.33869239687919617,0,0.07036879777394539,taglish,comment,True,majority,3-0,0,0
t1_p5cpwni,1,0.6442250609397888,0.59375,1,0.4161248505115509,0.2951885461807251,0.288686603307724,1,0.5977937027935861,taglish,comment,True,majority,3-0,1,1
t1_p5cq96q,1,0.754191517829895,1.12109375,1,0.40625,0.30649039149284363,0.28725960850715637,1,0.6787951504562607,taglish,comment,True,majority,3-0,1,1
t1_p5cqhnt,0,0.2950267493724823,-0.87109375,0,0.34871795773506165,0.3205128312110901,0.33076924085617065,0,0.358613892248577,english,comment,True,adjudicator,2-1,0,1
t1_p5cqowe,0,0.015424554236233234,-4.15625,0,0.30612245202064514,0.34081631898880005,0.3530612289905548,0,0.05874743166930117,tagalog,comment,True,majority,3-0,0,0
t1_p5cr76w,0,0.020023442804813385,-3.890625,0,0.2715083658695221,0.3597765266895294,0.3687150776386261,0,0.06935235358452575,taglish,comment,True,majority,3-0,0,0
t1_p5crdbp,0,0.22135066986083984,-1.2578125,0,0.3096774220466614,0.3913978636264801,0.2989247441291809,0,0.30164239065619103,english,comment,True,unanimous,3-0,0,0
t1_p5cseyk,1,0.8499711751937866,1.734375,1,0.4413619041442871,0.282471626996994,0.27616646885871887,1,0.7608884230385885,taglish,comment,True,unanimous,3-0,1,1
t1_p5csk7w,0,0.6610482335090637,0.66796875,1,0.42384105920791626,0.29139071702957153,0.2847682237625122,1,0.6096439089599897,tagalog,comment,True,adjudicator,2-1,0,1
t1_p5ct483,0,0.4588336646556854,-0.1650390625,0,0.31860777735710144,0.31994643807411194,0.3614457845687866,0,0.47249021952541587,taglish,comment,True,majority,3-0,0,0
t1_p5ctfwv,0,0.029535338282585144,-3.4921875,0,0.27437642216682434,0.3786848187446594,0.3469387888908386,0,0.08860763073949394,taglish,comment,True,majority,3-0,0,0
t1_p5cu7wt,0,0.13799647986888885,-1.83203125,0,0.33483144640922546,0.341573029756546,0.32359549403190613,0,0.22745564657398004,english,comment,True,majority,3-0,0,0
t1_p5cuakc,0,0.17384853959083557,-1.55859375,0,0.2896305024623871,0.362336128950119,0.3480333685874939,0,0.2611043584537329,tagalog,comment,True,adjudicator,2-1,0,0
t1_p5cuoq5,0,0.1233656257390976,-1.9609375,0,0.34623655676841736,0.32473117113113403,0.3290322721004486,0,0.21269294751419657,english,comment,True,adjudicator,2-1,0,0
t1_p5cuuzs,0,0.8074606657028198,1.43359375,1,0.416543573141098,0.29542097449302673,0.28803545236587524,1,0.7224824663389469,tagalog,comment,True,adjudicator,2-1,0,0
t1_p5cweq7,0,0.01798621006309986,-4.0,0,0.3181818127632141,0.3388429880142212,0.3429751992225647,0,0.06478637208466287,taglish,comment,True,majority,3-0,0,0
t1_p5cwz72,0,0.86200350522995,1.83203125,1,0.43832334876060486,0.30419161915779114,0.257485032081604,1,0.7725443534260199,taglish,comment,True,majority,3-0,0,0
t1_p5cz1pl,1,0.24077458679676056,-1.1484375,0,0.32511210441589355,0.3363228738307953,0.33856502175331116,0,0.31723886267755824,taglish,comment,True,majority,3-0,1,1
t1_p5czbys,1,0.5276816487312317,0.11083984375,1,0.3642857074737549,0.3642857074737549,0.27142858505249023,0,0.5184857505198024,english,comment,True,unanimous,3-0,1,1
t1_p5czlrx,0,0.31615811586380005,-0.771484375,0,0.3333333432674408,0.3444444537162781,0.3222222328186035,0,0.37404460833622283,tagalog,comment,True,majority,3-0,0,0
t1_p5d00ch,0,0.01956867426633835,-3.9140625,0,0.26703912019729614,0.36648043990135193,0.36648043990135193,0,0.06834951198067311,taglish,comment,True,unanimous,3-0,0,0
t1_p5d09u9,0,0.10521054267883301,-2.140625,0,0.33123689889907837,0.33123689889907837,0.33752620220184326,0,0.19330197793732512,taglish,comment,True,unanimous,3-0,0,0
t1_p5d0oid,1,0.23581157624721527,-1.17578125,0,0.3300248086452484,0.3399503827095032,0.3300248086452484,0,0.31329924302496254,tagalog,comment,True,majority,3-0,1,1
t1_p5d20od,0,0.7205649614334106,0.947265625,1,0.3748488426208496,0.3748488426208496,0.2503022849559784,1,0.6529935659292297,tagalog,comment,True,adjudicator,3-0,0,1
t1_p5d2mg5,0,0.16132023930549622,-1.6484375,0,0.3132530152797699,0.3995983898639679,0.2871485948562622,0,0.2497024155498559,english,comment,True,unanimous,3-0,0,0
t1_p5d33sl,0,0.5604932308197021,0.2431640625,1,0.3947681188583374,0.3067776560783386,0.298454225063324,0,0.5404843149439055,english,comment,True,unanimous,3-0,0,0
t1_p5d361k,0,0.00985985528677702,-4.609375,0,0.21841542422771454,0.4282655119895935,0.35331904888153076,0,0.044091771879393823,taglish,comment,True,majority,3-0,0,0
t1_p5d40vk,0,0.0838903859257698,-2.390625,0,0.29680365324020386,0.35159817337989807,0.35159817337989807,0,0.16860437600730688,tagalog,comment,True,adjudicator,2-1,0,0
t1_p5d50ke,0,0.14560064673423767,-1.76953125,0,0.3208431005477905,0.3442623019218445,0.3348946273326874,0,0.23486877199727693,tagalog,comment,True,adjudicator,2-1,0,0
t1_p5d7uvb,0,0.09739040583372116,-2.2265625,0,0.31343284249305725,0.33901917934417725,0.3475479781627655,0,0.18451501292218642,taglish,comment,True,unanimous,3-0,0,0
t1_p5d8oez,0,0.8719117641448975,1.91796875,1,0.40047961473464966,0.3549160659313202,0.24460431933403015,1,0.7824651919020176,tagalog,comment,True,majority,3-0,0,0
t1_p5d8pfa,0,0.015306354500353336,-4.1640625,0,0.2663934528827667,0.3954918086528778,0.33811476826667786,0,0.05845976787439239,taglish,comment,True,majority,3-0,0,0
t1_p5d93yl,0,0.04146227613091469,-3.140625,0,0.2838934063911438,0.3568945527076721,0.3592120409011841,0,0.1094749273953919,english,comment,True,majority,3-0,0,0
t1_p5dbgir,0,0.8386797904968262,1.6484375,1,0.404199481010437,0.3097112774848938,0.2860892415046692,1,0.750297584450144,tagalog,comment,True,adjudicator,2-1,0,0
t1_p5dbobp,0,0.020332353189587593,-3.875,0,0.24649298191070557,0.42084169387817383,0.3326653242111206,0,0.07002846229393833,taglish,comment,True,majority,3-0,0,0
t1_p5dc0hl,0,0.05070536583662033,-2.9296875,0,0.32640331983566284,0.32848232984542847,0.3451143503189087,0,0.12397314061872038,taglish,comment,True,majority,3-0,0,0
t1_p5dc63m,0,0.2613309323787689,-1.0390625,0,0.3409669101238251,0.32569974660873413,0.3333333432674408,0,0.33325692939543483,taglish,comment,True,majority,3-0,0,0
t1_p5dcpdj,0,0.4380638897418976,-0.2490234375,0,0.38235294818878174,0.31221720576286316,0.3054298758506775,0,0.4585445836287228,taglish,comment,True,adjudicator,2-1,0,0
t1_p5de6ja,1,0.04115288704633713,-3.1484375,0,0.2414553463459015,0.38809260725975037,0.37045204639434814,0,0.10896762654817069,taglish,comment,True,unanimous,3-0,1,1
t1_p5demxp,1,0.08945459872484207,-2.3203125,0,0.3179723620414734,0.33870968222618103,0.34331798553466797,0,0.1752852677073696,taglish,comment,True,majority,3-0,1,1
t1_p5depxp,0,0.28977349400520325,-0.896484375,0,0.39140811562538147,0.28400954604148865,0.3245823383331299,0,0.3547255046984657,taglish,comment,True,majority,3-0,0,0
t1_p5dfs1x,0,0.888372004032135,2.07421875,1,0.4660194218158722,0.2704576849937439,0.2635228931903839,1,0.7996927136717306,tagalog,comment,True,adjudicator,2-1,0,0
t1_p5dfsas,0,0.8762113451957703,1.95703125,1,0.4249628484249115,0.29271915555000305,0.28231796622276306,1,0.7868701529176567,taglish,comment,True,unanimous,3-0,0,0
t1_p5dhipi,0,0.4849136173725128,-0.06036376953125,0,0.4030037522315979,0.2891113758087158,0.3078848421573639,0,0.489929366453563,english,comment,True,adjudicator,2-1,0,0
t1_p5dhwz3,0,0.08151976019144058,-2.421875,0,0.2586206793785095,0.4051724076271057,0.3362068831920624,0,0.16570089714239566,tagalog,comment,True,majority,3-0,0,0
t1_p5djfgh,1,0.6102211475372314,0.4482421875,1,0.36868685483932495,0.3207070827484131,0.31060606241226196,0,0.5742385692354688,taglish,comment,True,adjudicator,2-1,1,0
t1_p5dkrfg,0,0.6469064354896545,0.60546875,1,0.40970349311828613,0.2964959442615509,0.2938005328178406,1,0.5996727876536954,english,comment,True,adjudicator,2-1,0,1
t1_p5dkuua,0,0.8050197958946228,1.41796875,1,0.4647519588470459,0.26762402057647705,0.26762402057647705,1,0.720386705186933,english,comment,True,adjudicator,2-1,0,1
t1_p5dlg00,0,0.01971912942826748,-3.90625,0,0.31198346614837646,0.33677685260772705,0.3512396812438965,0,0.0686822904532567,taglish,comment,True,unanimous,3-0,0,0
t1_p5dlmov,0,0.4393864572048187,-0.24365234375,0,0.33697134256362915,0.3260572850704193,0.33697134256362915,0,0.4594347480904524,english,comment,True,adjudicator,2-1,0,0
t1_p5dloov,0,0.04208773002028465,-3.125,0,0.3145161271095276,0.3629032373428345,0.32258063554763794,0,0.11049574550234027,english,comment,True,majority,3-0,0,0
t1_p5dlyeh,0,0.8524448275566101,1.75390625,1,0.42993196845054626,0.28707483410835266,0.2829931974411011,1,0.7632520024945108,taglish,comment,True,unanimous,3-0,0,0
t1_p5dm7pj,1,0.36296921968460083,-0.5625,0,0.33890214562416077,0.3269689679145813,0.33412888646125793,0,0.40723111524810357,english,comment,True,majority,3-0,1,1
t1_p5dmblv,1,0.8365545868873596,1.6328125,1,0.4199192523956299,0.29340511560440063,0.2866756319999695,1,0.7483387099002093,taglish,comment,True,majority,3-0,1,1
t1_p5dmlgf,0,0.1431877166032791,-1.7890625,0,0.33047211170196533,0.32832616567611694,0.3412017226219177,0,0.2325343149159169,english,comment,True,unanimous,3-0,0,0
t1_p5dnuvy,0,0.017576880753040314,-4.0234375,0,0.31196582317352295,0.34188035130500793,0.3461538553237915,0,0.06384502553925203,taglish,comment,True,unanimous,3-0,0,0
t1_p5dnz4u,0,0.1427091360092163,-1.79296875,0,0.3192904591560364,0.34811529517173767,0.33259424567222595,0,0.2320693692093925,english,comment,True,adjudicator,2-1,0,0
t1_p5dsa7b,0,0.7248703241348267,0.96875,1,0.3536931872367859,0.3551136255264282,0.2911931872367859,1,0.6562355374140226,tagalog,comment,True,adjudicator,2-1,0,1
t1_p5dsrck,1,0.5577248334884644,0.23193359375,1,0.39170506596565247,0.30645161867141724,0.3018433153629303,0,0.5386221838162419,tagalog,comment,True,majority,3-0,1,1
t1_p5dtcat,0,0.014842418022453785,-4.1953125,0,0.3083164393901825,0.34077078104019165,0.35091277956962585,0,0.05732227579438358,taglish,comment,True,unanimous,3-0,0,0
t1_p5dtsdj,0,0.06512754410505295,-2.6640625,0,0.2991071343421936,0.3504464328289032,0.3504464328289032,0,0.14454428453687423,taglish,comment,True,adjudicator,2-1,0,0
t1_p5du4ih,1,0.6130049228668213,0.4599609375,1,0.37469586730003357,0.3552311360836029,0.2700729966163635,0,0.5761496754474684,english,comment,True,majority,3-0,1,1
t1_p5dwkcb,1,0.14560064673423767,-1.76953125,0,0.3126491606235504,0.33412888646125793,0.35322195291519165,0,0.23486877199727693,taglish,comment,True,unanimous,3-0,1,1
t1_p5dxl1i,0,0.13296425342559814,-1.875,0,0.27635958790779114,0.38179799914360046,0.341842383146286,0,0.22245574773574717,tagalog,comment,True,adjudicator,2-1,0,0
t1_p5dzg7h,0,0.188323974609375,-1.4609375,0,0.32203391194343567,0.34866827726364136,0.329297810792923,0,0.27387332527473524,english,comment,True,adjudicator,2-1,0,1
t1_p5e0sq3,1,0.48684996366500854,-0.0526123046875,0,0.3297746181488037,0.3701067566871643,0.300118625164032,0,0.4912222767735411,taglish,comment,True,majority,3-0,1,1
t1_p5e7f1a,0,0.015663648024201393,-4.140625,0,0.2572706937789917,0.3624161183834076,0.3803131878376007,0,0.059326744771127204,taglish,comment,True,unanimous,3-0,0,0
t1_p5e96xb,0,0.05749328061938286,-2.796875,0,0.3231441080570221,0.3231441080570221,0.3537117838859558,0,0.13392516929317153,taglish,comment,True,majority,3-0,0,0
t1_p5efbw8,0,0.015424554236233234,-4.15625,0,0.30707070231437683,0.34545454382896423,0.34747475385665894,0,0.05874743166930117,english,comment,True,majority,3-0,0,0
t1_p5ei18d,0,0.6535692811012268,0.634765625,1,0.41677942872047424,0.29634642601013184,0.2868741452693939,1,0.6043575819249494,tagalog,comment,True,adjudicator,2-1,0,0
t1_p5ej66o,0,0.05033063143491745,-2.9375,0,0.3215767741203308,0.3381742835044861,0.3402489721775055,0,0.12340796611525169,taglish,comment,True,adjudicator,2-1,0,0
t1_p5eljbe,0,0.014728614129126072,-4.203125,0,0.315040647983551,0.3434959352016449,0.3414634168148041,0,0.05704116754177609,taglish,comment,True,unanimous,3-0,0,0
t1_p5eq1rz,0,0.015543648041784763,-4.1484375,0,0.26702702045440674,0.3610810935497284,0.37189188599586487,0,0.05903642222012067,taglish,comment,True,majority,3-0,0,0
t1_p5eq471,0,0.6231475472450256,0.5029296875,1,0.36823105812072754,0.38989168405532837,0.2418772578239441,0,0.5831371885976927,tagalog,comment,True,adjudicator,2-1,0,0
t1_p5er79z,0,0.5467381477355957,0.1875,1,0.324805349111557,0.39377084374427795,0.28142380714416504,0,0.5312445447330634,taglish,comment,True,unanimous,3-0,0,0
t1_p5ergfp,0,0.2443629950284958,-1.12890625,0,0.38532111048698425,0.30045872926712036,0.3142201900482178,0,0.32006904305110473,english,comment,True,adjudicator,2-1,0,1
t1_p5etm2t,0,0.046378206461668015,-3.0234375,0,0.3195020854473114,0.32987552881240845,0.35062241554260254,0,0.11733605773886623,taglish,comment,True,majority,3-0,0,0
t1_p5etwso,0,0.015663648024201393,-4.140625,0,0.30549898743629456,0.3482688367366791,0.34623217582702637,0,0.059326744771127204,taglish,comment,True,majority,3-0,0,0
t1_p5evp5a,1,0.8774768114089966,1.96875,1,0.4566929042339325,0.2769028842449188,0.2664042115211487,1,0.788178889547398,taglish,comment,True,majority,3-0,1,1
t1_p5evs12,0,0.685528576374054,0.779296875,1,0.4191919267177582,0.29671716690063477,0.28409090638160706,1,0.6271754198567039,tagalog,comment,True,adjudicator,2-1,0,1
t1_p5ez20f,0,0.20434190332889557,-1.359375,0,0.3497757911682129,0.3161434829235077,0.3340807259082794,0,0.2875579924031019,english,comment,True,adjudicator,2-1,0,0
t1_p5ez526,0,0.37250518798828125,-0.521484375,0,0.3741496503353119,0.31972789764404297,0.30612245202064514,0,0.41385559790233284,taglish,comment,True,unanimous,3-0,0,0
t1_p5ezlzq,0,0.017712298780679703,-4.015625,0,0.30645161867141724,0.3447580635547638,0.34879031777381897,0,0.06415738296008533,taglish,comment,True,unanimous,3-0,0,0
t1_p5f4dar,0,0.4705541431903839,-0.117919921875,0,0.4033816456794739,0.2971014380455017,0.2995169162750244,0,0.4803346231844723,english,comment,True,unanimous,3-0,0,0
t1_p5f50xn,0,0.5743947625160217,0.2998046875,1,0.3972286283969879,0.3002309501171112,0.3025404214859009,0,0.5498576653954739,taglish,comment,True,unanimous,3-0,0,0
t1_p5f5e8r,0,0.5019530653953552,0.0078125,1,0.39443156123161316,0.29466357827186584,0.310904860496521,0,0.5013035515916682,tagalog,comment,True,adjudicator,2-1,0,0
t1_p5f7dns,0,0.9412234425544739,2.7734375,1,0.4986807405948639,0.26912927627563477,0.23218996822834015,1,0.8642500391898824,tagalog,comment,True,adjudicator,2-1,0,0
t1_p5f8utp,0,0.2609540820121765,-1.041015625,0,0.3707093894481659,0.31121280789375305,0.31807780265808105,0,0.33296734679844675,english,comment,True,majority,3-0,0,0
t1_p5f9534,0,0.22000709176063538,-1.265625,0,0.36781609058380127,0.3103448152542114,0.3218390941619873,0,0.30054513074995215,english,comment,True,unanimous,3-0,0,0
t1_p5f98ex,0,0.10158944875001907,-2.1796875,0,0.3410526216030121,0.33052632212638855,0.32842105627059937,0,0.18926902361911585,taglish,comment,True,unanimous,3-0,0,0
t1_p5f9wh2,0,0.08819004148244858,-2.3359375,0,0.299401193857193,0.38123753666877747,0.31936126947402954,0,0.17378283064297848,taglish,comment,True,majority,3-0,0,0
t1_p5faek8,0,0.3967691659927368,-0.4189453125,0,0.3947368562221527,0.29904305934906006,0.30622008442878723,0,0.43054879168551013,english,comment,True,majority,3-0,0,0
t1_p5fb6ya,0,0.8349459171295166,1.62109375,1,0.4373401403427124,0.27749359607696533,0.2851662337779999,1,0.7468628768324794,english,comment,True,adjudicator,2-1,0,0
t1_p5fbzvy,0,0.5537466406822205,0.2158203125,1,0.4143712520599365,0.29101794958114624,0.29461076855659485,0,0.5359485597678495,tagalog,comment,True,majority,3-0,0,0
t1_p5fciax,0,0.04885777831077576,-2.96875,0,0.30192306637763977,0.39615383744239807,0.30192306637763977,0,0.12116936646388439,taglish,comment,True,majority,3-0,0,0
t1_p5feovv,0,0.641983687877655,0.583984375,1,0.40731069445610046,0.29765012860298157,0.29503917694091797,1,0.5962255990840594,tagalog,comment,True,adjudicator,2-1,0,0
t1_p5fexch,0,0.2747403681278229,-0.970703125,0,0.3227272629737854,0.3386363685131073,0.3386363685131073,0,0.3434704530406947,tagalog,comment,True,adjudicator,2-1,0,1
t1_p5fgvsq,1,0.5565201044082642,0.22705078125,1,0.3432343304157257,0.3784378468990326,0.2783278226852417,0,0.5378122221893981,taglish,comment,True,majority,3-0,1,1
t1_p5fjklt,1,0.8210441470146179,1.5234375,1,0.41548386216163635,0.3032258152961731,0.28129032254219055,1,0.7343434538152349,taglish,comment,True,majority,3-0,1,1
t1_p5fl88v,0,0.8000679016113281,1.38671875,1,0.4403183162212372,0.2785145938396454,0.2811671197414398,1,0.7161662649807751,tagalog,comment,True,unanimous,3-0,0,0
t1_p5fngij,0,0.04146227613091469,-3.140625,0,0.2857142984867096,0.39839035272598267,0.3158953785896301,0,0.1094749273953919,tagalog,comment,True,majority,3-0,0,0
t1_p5fp0is,0,0.09009299427270889,-2.3125,0,0.33476394414901733,0.33261802792549133,0.33261802792549133,0,0.17604031355678587,english,comment,True,adjudicator,2-1,0,0
t1_p5fpvqy,0,0.13568955659866333,-1.8515625,0,0.3411513864994049,0.3240938186645508,0.3347547948360443,0,0.2251731874220127,taglish,comment,True,unanimous,3-0,0,0
t1_p5fu46f,0,0.15304215252399445,-1.7109375,0,0.347921222448349,0.31509846448898315,0.33698031306266785,0,0.2419691617084268,english,comment,True,majority,3-0,0,0
t1_p5fv6sf,1,0.16026602685451508,-1.65625,0,0.3479262590408325,0.32258063554763794,0.32949307560920715,0,0.24872680142839282,english,comment,True,adjudicator,2-1,1,1
t1_p5fzzes,0,0.016029147431254387,-4.1171875,0,0.3057851195335388,0.33677685260772705,0.35743802785873413,0,0.0602057570487463,taglish,comment,True,adjudicator,2-1,0,1
t1_p5g0w8c,1,0.4962349832057953,-0.0150604248046875,0,0.36439499258995056,0.30458971858024597,0.33101528882980347,0,0.4974871142512075,english,comment,True,adjudicator,2-1,1,1
t1_p5g20k7,0,0.017576880753040314,-4.0234375,0,0.31512606143951416,0.3382352888584137,0.34663864970207214,0,0.06384502553925203,taglish,comment,True,majority,3-0,0,0
t1_p5g9bus,0,0.06187598779797554,-2.71875,0,0.31072211265563965,0.3610503375530243,0.32822757959365845,0,0.1400893654695399,english,comment,True,adjudicator,2-1,0,1
t1_p5gpret,1,0.7819972634315491,1.27734375,1,0.4014510214328766,0.3458282947540283,0.2527206838130951,1,0.7010964818238871,taglish,comment,True,unanimous,3-0,1,1
t1_p5gu672,1,0.05665242671966553,-2.8125,0,0.29816514253616333,0.3417431116104126,0.3600917458534241,0,0.1327201941304719,taglish,comment,True,majority,3-0,1,1
t1_p5gv2tw,0,0.333720326423645,-0.69140625,0,0.3701923191547394,0.33413460850715637,0.29567307233810425,0,0.3866399295079472,taglish,comment,True,unanimous,3-0,0,0
t1_p5h9wbt,1,0.7412996292114258,1.052734375,1,0.39503106474876404,0.32049688696861267,0.2844720482826233,1,0.6687674954425973,english,comment,True,adjudicator,2-1,1,1
t1_p5hhth3,0,0.804405927658081,1.4140625,1,0.4141414165496826,0.3042929172515869,0.28156566619873047,1,0.7198612543727744,tagalog,comment,True,adjudicator,2-1,0,1
t1_p5i1uq3,0,0.8902942538261414,2.09375,1,0.46283310651779175,0.2917250990867615,0.24544179439544678,1,0.8017726480549218,english,comment,True,adjudicator,2-1,0,1
t1_p5i2fit,1,0.5810654163360596,0.3271484375,1,0.40846824645996094,0.30136987566947937,0.2901619076728821,0,0.5543705098359952,tagalog,comment,True,majority,3-0,1,1
t1_p5i2g2g,0,0.05146276578307152,-2.9140625,0,0.28862276673316956,0.359281450510025,0.3520958125591278,0,0.12511015680545595,english,comment,True,majority,3-0,0,0
t1_p5i3caa,0,0.02517884038388729,-3.65625,0,0.30041152238845825,0.3374485671520233,0.36213991045951843,0,0.08015417489256883,taglish,comment,True,unanimous,3-0,0,0
t1_p5i4hvt,0,0.022977370768785477,-3.75,0,0.30721649527549744,0.3319587707519531,0.36082473397254944,0,0.07566039328731237,taglish,comment,True,unanimous,3-0,0,0
t1_p5i6aid,0,0.07004895806312561,-2.5859375,0,0.32415252923965454,0.3262711763381958,0.34957626461982727,0,0.15111196873596522,taglish,comment,True,unanimous,3-0,0,0
t1_p5i6d5s,1,0.01784873940050602,-4.0078125,0,0.3110647201538086,0.3361169099807739,0.3528183698654175,0,0.06447116332496301,taglish,comment,True,adjudicator,2-1,1,1
t1_p5i6jtj,0,0.015072628855705261,-4.1796875,0,0.30184805393218994,0.342915803194046,0.35523614287376404,0,0.05788839963594308,taglish,comment,True,majority,3-0,0,0
t1_p5i6y0k,0,0.8418256044387817,1.671875,1,0.45854923129081726,0.2759067416191101,0.26554402709007263,1,0.7532167642419796,taglish,comment,True,adjudicator,2-1,0,0
t1_p5i6zrd,0,0.4294293522834778,-0.2841796875,0,0.3790697753429413,0.30930233001708984,0.31162789463996887,0,0.452724840162319,tagalog,comment,True,adjudicator,2-1,0,0
t1_p5i91xr,1,0.015663648024201393,-4.140625,0,0.3057851195335388,0.3388429880142212,0.35537189245224,0,0.059326744771127204,taglish,comment,True,unanimous,3-0,1,1
t1_p5ia6ze,0,0.5391652584075928,0.156982421875,1,0.39360395073890686,0.31488314270973206,0.2915129065513611,0,0.5261693641713581,english,comment,True,adjudicator,2-1,0,0
t1_p5iaxyo,0,0.5786862969398499,0.3173828125,1,0.4010349214076996,0.2988356947898865,0.30012935400009155,0,0.5527597690802761,english,comment,True,adjudicator,2-1,0,1
t1_p5ibfw2,0,0.2351084202528,-1.1796875,0,0.3340708017349243,0.32743361592292786,0.3384955823421478,0,0.3127386154067225,taglish,comment,True,majority,3-0,0,0
t1_p5id8nt,0,0.13568955659866333,-1.8515625,0,0.3467230498790741,0.34038054943084717,0.31289640069007874,0,0.2251731874220127,tagalog,comment,True,majority,3-0,0,0
t1_p5idg4g,0,0.014728614129126072,-4.203125,0,0.30290457606315613,0.34854772686958313,0.34854772686958313,0,0.05704116754177609,taglish,comment,True,unanimous,3-0,0,0
t1_p5ie02z,0,0.5879431366920471,0.35546875,1,0.35389989614486694,0.3818393349647522,0.26426076889038086,0,0.5590350866307585,tagalog,comment,True,adjudicator,2-1,0,1
t1_p5ie04u,0,0.17328819632530212,-1.5625,0,0.29347825050354004,0.376086950302124,0.33043476939201355,0,0.2606016851998079,tagalog,comment,True,adjudicator,3-0,0,0
t1_p5ih4jw,1,0.3019792437553406,-0.837890625,0,0.37272727489471436,0.30909091234207153,0.3181818127632141,0,0.3637268218998412,taglish,comment,True,majority,3-0,1,1
t1_p5ih7nx,0,0.8338664174079895,1.61328125,1,0.44584381580352783,0.2909319996833801,0.26322418451309204,1,0.7458758151108514,tagalog,comment,True,adjudicator,2-1,0,0
t1_p5ihcoy,0,0.026759279891848564,-3.59375,0,0.3062500059604645,0.34166666865348816,0.35208332538604736,0,0.08328406885590481,english,comment,True,adjudicator,2-1,0,1
t1_p5ihpji,0,0.0427221953868866,-3.109375,0,0.2954048216342926,0.3522976040840149,0.3522976040840149,0,0.11152489031990566,tagalog,comment,True,adjudicator,2-1,0,1
t1_p5iikoh,0,0.9394705891609192,2.7421875,1,0.5097529292106628,0.2574772536754608,0.23276983201503754,1,0.8617844289180918,tagalog,comment,True,adjudicator,2-1,0,1
t1_p5iixis,0,0.7641884088516235,1.17578125,1,0.45614033937454224,0.2493734359741211,0.29448622465133667,1,0.6867007569750374,taglish,comment,True,adjudicator,2-1,0,1
t1_p5iiyxz,0,0.15102779865264893,-1.7265625,0,0.33842796087265015,0.3231441080570221,0.33842796087265015,0,0.2400615274706386,tagalog,comment,True,majority,3-0,0,0
t1_p5ijgbc,1,0.8683809638023376,1.88671875,1,0.4638036787509918,0.2797546088695526,0.25644171237945557,1,0.7788941636704079,tagalog,comment,True,majority,3-0,1,1
t1_p5ijuh1,0,0.6428810358047485,0.587890625,1,0.40930232405662537,0.29767441749572754,0.2930232584476471,1,0.596853078407995,tagalog,comment,True,adjudicator,2-1,0,1
t1_p5ik2mt,0,0.6113819479942322,0.453125,1,0.42873695492744446,0.2792584002017975,0.29200464487075806,0,0.5750351364908499,tagalog,comment,True,adjudicator,3-0,0,0
t1_p5ilagy,0,0.38029852509498596,-0.48828125,0,0.3835294246673584,0.2988235354423523,0.3176470696926117,0,0.419241316251794,taglish,comment,True,unanimous,3-0,0,0
t1_p5ilowd,0,0.21800270676612854,-1.27734375,0,0.3563474416732788,0.31625834107398987,0.3273942172527313,0,0.29890351817611294,english,comment,True,unanimous,3-0,0,0
t1_p5incbq,0,0.5136684775352478,0.0546875,1,0.38823530077934265,0.2988235354423523,0.31294116377830505,0,0.5091238689248122,tagalog,comment,True,adjudicator,2-1,0,0
t1_p5inhrk,0,0.6178585886955261,0.48046875,1,0.4447144567966461,0.2831105589866638,0.27217498421669006,0,0.5794886042070712,tagalog,comment,True,adjudicator,2-1,0,1
t1_p5inice,1,0.24798741936683655,-1.109375,0,0.38528138399124146,0.30519479513168335,0.3095238208770752,0,0.3229125308144301,taglish,comment,True,unanimous,3-0,1,1
t1_p5ipls8,0,0.020023442804813385,-3.890625,0,0.31073445081710815,0.38983049988746643,0.299435019493103,0,0.06935235358452575,taglish,comment,True,majority,3-0,0,0
t1_p5is9gx,0,0.1830088496208191,-1.49609375,0,0.35483869910240173,0.33669355511665344,0.3084677457809448,0,0.2692319592624782,taglish,comment,True,adjudicator,2-1,0,1
t1_p5istnf,0,0.5573635101318359,0.23046875,1,0.3894009292125702,0.3041474521160126,0.30645161867141724,0,0.5383792165419657,taglish,comment,True,majority,3-0,0,0
t1_p5isuuo,0,0.21206879615783691,-1.3125,0,0.35844749212265015,0.32420089840888977,0.3173516094684601,0,0.2940097173799392,english,comment,True,adjudicator,2-1,0,0
t1_p5itg7e,1,0.6279512047767639,0.5234375,1,0.38545453548431396,0.34909090399742126,0.2654545307159424,0,0.5864605816909276,english,comment,True,adjudicator,2-1,1,0
t1_p5iuqzb,0,0.0222861859947443,-3.78125,0,0.31120333075523376,0.33402490615844727,0.35477179288864136,0,0.0742145974387251,taglish,comment,True,unanimous,3-0,0,0
t1_p5ivil6,0,0.9207897186279297,2.453125,1,0.47510668635368347,0.27311521768569946,0.25177809596061707,1,0.8371623748909283,taglish,comment,True,adjudicator,2-1,0,0
t1_p5iwm00,0,0.8300437331199646,1.5859375,1,0.4539385735988617,0.2777036130428314,0.2683578133583069,1,0.7424011672203474,tagalog,comment,True,unanimous,3-0,0,0
t1_p5iza8a,0,0.8068526387214661,1.4296875,1,0.45805591344833374,0.2782956063747406,0.26364848017692566,1,0.7219594338382295,tagalog,comment,True,adjudicator,2-1,0,1
t1_p5izqx9,0,0.013636835850775242,-4.28125,0,0.25777778029441833,0.36444443464279175,0.3777777850627899,0,0.05430049319479187,taglish,comment,True,majority,3-0,0,0
t1_p5j1wvv,0,0.011158031411468983,-4.484375,0,0.2491767257452011,0.37541162967681885,0.37541162967681885,0,0.04774487593153098,taglish,comment,True,majority,3-0,0,0
t1_p5j2bfc,0,0.3745619058609009,-0.5126953125,0,0.3238770663738251,0.3404255211353302,0.3356974124908447,0,0.4152792813833381,taglish,comment,True,majority,3-0,0,0
t1_p5j3i5t,0,0.038756195455789566,-3.2109375,0,0.32700422406196594,0.3417721390724182,0.33122363686561584,0,0.10498305713763992,taglish,comment,True,unanimous,3-0,0,0
t1_p5j5ppr,0,0.03993731364607811,-3.1796875,0,0.3305785059928894,0.32231405377388,0.3471074402332306,0,0.10695901047008542,english,comment,True,unanimous,3-0,0,0
t1_p5j749a,0,0.022629201412200928,-3.765625,0,0.31416836380958557,0.3470225930213928,0.3388090431690216,0,0.07493429095132434,taglish,comment,True,unanimous,3-0,0,0
t1_p5j7dsz,0,0.382602721452713,-0.478515625,0,0.34015071392059326,0.3896663188934326,0.2701829969882965,0,0.4208290808731905,english,comment,True,unanimous,3-0,0,0
t1_p5j86c6,0,0.5832033753395081,0.3359375,1,0.37745097279548645,0.3235294222831726,0.29901960492134094,0,0.5558192017272433,english,comment,True,unanimous,3-0,0,0
t1_p5j8j22,0,0.016029147431254387,-4.1171875,0,0.24827586114406586,0.37471264600753784,0.3770115077495575,0,0.0602057570487463,taglish,comment,True,unanimous,3-0,0,0
t1_p5j8lbu,0,0.13477592170238495,-1.859375,0,0.3273453116416931,0.371257483959198,0.3013972043991089,0,0.22426476544605844,english,comment,True,unanimous,3-0,0,0
t1_p5j8rrn,0,0.043042849749326706,-3.1015625,0,0.3418259024620056,0.31847134232521057,0.3397027552127838,0,0.11204259951731124,taglish,comment,True,majority,3-0,0,0
t1_p5j96ub,0,0.7859664559364319,1.30078125,1,0.4508518874645233,0.298820436000824,0.2503276467323303,1,0.7043642138356313,english,comment,True,unanimous,3-0,0,0
t1_p5j9l6w,0,0.8807970285415649,2.0,1,0.46052631735801697,0.27368420362472534,0.2657894790172577,1,0.791640076538984,english,comment,True,majority,3-0,0,0
t1_p5j9t65,0,0.018546564504504204,-3.96875,0,0.26408839225769043,0.3624309301376343,0.3734806776046753,0,0.0660616004608415,taglish,comment,True,unanimous,3-0,0,0
t1_p5ja9a6,0,0.020023442804813385,-3.890625,0,0.3187499940395355,0.3375000059604645,0.34375,0,0.06935235358452575,taglish,comment,True,unanimous,3-0,0,0
t1_p5jao1x,0,0.01578456163406372,-4.1328125,0,0.2625698447227478,0.37318435311317444,0.36424580216407776,0,0.05961840457867046,taglish,comment,True,unanimous,3-0,0,0
t1_p5jarzz,0,0.07263670861721039,-2.546875,0,0.30641821026802063,0.39751553535461426,0.2960662543773651,0,0.15448679969843948,taglish,comment,True,unanimous,3-0,0,0
t1_p5jb0ue,1,0.16184942424297333,-1.64453125,0,0.3818565309047699,0.31434598565101624,0.3037974536418915,0,0.2501911790231037,english,comment,True,adjudicator,2-1,1,1
t1_p5jb8nw,1,0.022977370768785477,-3.75,0,0.2782805562019348,0.3642534017562866,0.35746607184410095,0,0.07566039328731237,taglish,comment,True,adjudicator,2-1,1,1
t1_p5jbbe2,0,0.02161533385515213,-3.8125,0,0.2716895043849945,0.36301368474960327,0.3652968108654022,0,0.07279425357013906,english,comment,True,unanimous,3-0,0,0
t1_p5jc4ju,0,0.05964693799614906,-2.7578125,0,0.3361169099807739,0.3361169099807739,0.32776618003845215,0,0.13697809889528775,english,comment,True,adjudicator,2-1,0,0
t1_p5jccnb,0,0.06325051933526993,-2.6953125,0,0.22707423567771912,0.4126637578010559,0.360262006521225,0,0.14198437764613792,taglish,comment,True,majority,3-0,0,0
t1_p5jcdlc,0,0.018264278769493103,-3.984375,0,0.31512606143951416,0.3361344635486603,0.34873950481414795,0,0.06542109664518816,taglish,comment,True,unanimous,3-0,0,0
t1_p5jcfy6,0,0.22953519225120544,-1.2109375,0,0.36720553040504456,0.31408774852752686,0.3187066912651062,0,0.30827338322191267,tagalog,comment,True,adjudicator,2-1,0,0
t1_p5jdpfi,0,0.04240382835268974,-3.1171875,0,0.3382352888584137,0.3382352888584137,0.3235294222831726,0,0.11100927421526852,english,comment,True,majority,3-0,0,0
t1_p5jdxsd,0,0.017576880753040314,-4.0234375,0,0.2585812211036682,0.3775743842124939,0.3638443946838379,0,0.06384502553925203,english,comment,True,majority,3-0,0,0
t1_p5je0go,0,0.11047115921974182,-2.0859375,0,0.35947713255882263,0.328976035118103,0.31154683232307434,0,0.19905736884320466,english,comment,True,majority,3-0,0,0
t1_p5jexhg,0,0.02517884038388729,-3.65625,0,0.3298538625240326,0.33194154500961304,0.33820459246635437,0,0.08015417489256883,english,comment,True,majority,3-0,0,0
t1_p5jfjqi,0,0.018124721944332123,-3.9921875,0,0.2755555510520935,0.36222222447395325,0.36222222447395325,0,0.06510301470068977,english,comment,True,adjudicator,2-1,0,0
t1_p5jglh8,0,0.07211221009492874,-2.5546875,0,0.34408602118492126,0.3311828076839447,0.32473117113113403,0,0.15380694160292252,tagalog,comment,True,adjudicator,2-1,0,0
t1_p5jhey8,0,0.03358950838446617,-3.359375,0,0.3368644118309021,0.3368644118309021,0.3262711763381958,0,0.09603188495324994,english,comment,True,majority,3-0,0,0
t1_p5jhm4c,0,0.8169911503791809,1.49609375,1,0.42453986406326294,0.30061349272727966,0.274846613407135,1,0.7307680407375218,tagalog,comment,True,adjudicator,2-1,0,0
t1_p5jhy3n,0,0.46295860409736633,-0.1484375,0,0.37665197253227234,0.3149779736995697,0.30837005376815796,0,0.47525270134188546,taglish,comment,True,unanimous,3-0,0,0
t1_p5ji7am,0,0.04115288704633713,-3.1484375,0,0.3382352888584137,0.33193278312683105,0.32983192801475525,0,0.10896762654817069,english,comment,True,majority,3-0,0,0
t1_p5jimtp,1,0.44987592101097107,-0.201171875,0,0.3986175060272217,0.29723501205444336,0.3041474521160126,0,0.4664838061351076,taglish,comment,True,majority,3-0,1,1
t1_p5jiql7,0,0.025565214455127716,-3.640625,0,0.3298538625240326,0.3361169099807739,0.3340292274951935,0,0.08092643231876304,english,comment,True,majority,3-0,0,0
t1_p5jiwo4,0,0.027169233188033104,-3.578125,0,0.3340425491333008,0.3361702263355255,0.3297872245311737,0,0.08408372518676328,english,comment,True,majority,3-0,0,0
t1_p5jj6g4,0,0.2443629950284958,-1.12890625,0,0.3579952120780945,0.33412888646125793,0.3078759014606476,0,0.32006904305110473,english,comment,True,adjudicator,2-1,0,0
t1_p5jjd81,0,0.09009299427270889,-2.3125,0,0.33842796087265015,0.32751092314720154,0.3340611457824707,0,0.17604031355678587,taglish,comment,True,majority,3-0,0,0
t1_p5jjvc9,0,0.1766716092824936,-1.5390625,0,0.37078651785850525,0.31685394048690796,0.3123595416545868,0,0.26362711201124356,english,comment,True,majority,3-0,0,0
t1_p5jk1q2,0,0.020645931363105774,-3.859375,0,0.2768878638744354,0.3684210479259491,0.3546910881996155,0,0.07071066150690798,english,comment,True,majority,3-0,0,0
t1_p5jkezm,0,0.03514484316110611,-3.3125,0,0.31669867038726807,0.38579654693603516,0.29750481247901917,0,0.0987822912282924,english,comment,True,majority,3-0,0,0
t1_p5jl3dg,0,0.037326887249946594,-3.25,0,0.27189987897872925,0.36632537841796875,0.361774742603302,0,0.1025584822061235,taglish,comment,True,majority,3-0,0,0
t1_p5jlwpx,0,0.9167081117630005,2.3984375,1,0.48051947355270386,0.27402597665786743,0.2454545497894287,1,0.8321252746768095,tagalog,comment,True,majority,3-0,0,0
t1_p5jmhqm,0,0.01652955636382103,-4.0859375,0,0.27872341871261597,0.35957446694374084,0.3617021143436432,0,0.061396741671614505,taglish,comment,True,unanimous,3-0,0,0
t1_p5jmmrx,1,0.05070536583662033,-2.9296875,0,0.287514328956604,0.35509735345840454,0.35738831758499146,0,0.12397314061872038,taglish,comment,True,majority,3-0,1,1
t1_p5jnnz5,1,0.48681944608688354,-0.052734375,0,0.34716981649398804,0.3182390034198761,0.33459118008613586,0,0.49120191502564836,tagalog,comment,True,adjudicator,2-1,1,1
t1_p5jo7kp,0,0.7577943801879883,1.140625,1,0.4314247667789459,0.28495338559150696,0.2836218476295471,1,0.6816306714575732,tagalog,comment,True,adjudicator,2-1,0,0
t1_p5jpg3o,0,0.38606879115104675,-0.4638671875,0,0.3445783257484436,0.31807228922843933,0.33734938502311707,0,0.42321379204563964,tagalog,comment,True,adjudicator,2-1,0,0
t1_p5jpj4g,0,0.024053553119301796,-3.703125,0,0.28009533882141113,0.3432658016681671,0.37663885951042175,0,0.07787761355473509,taglish,comment,True,unanimous,3-0,0,0
t1_p5jpltc,0,0.6477982401847839,0.609375,1,0.43103447556495667,0.27955666184425354,0.2894088625907898,1,0.6002985012208706,english,comment,True,majority,3-0,0,0
t1_p5jposm,0,0.6102211475372314,0.4482421875,1,0.4101123511791229,0.2738763988018036,0.3160112500190735,0,0.5742385692354688,tagalog,comment,True,majority,3-0,0,0
t1_p5jppg0,0,0.08269734680652618,-2.40625,0,0.30879345536231995,0.40081799030303955,0.2903885543346405,0,0.16714759744408147,english,comment,True,majority,3-0,0,0
t1_p5jq0y1,0,0.10894505679607391,-2.1015625,0,0.28092244267463684,0.41928720474243164,0.2997903525829315,0,0.19739994301455288,tagalog,comment,True,majority,3-0,0,0
t1_p5jsxyn,0,0.37662312388420105,-0.50390625,0,0.3554084002971649,0.3267108201980591,0.3178808093070984,0,0.416704380623679,taglish,comment,True,unanimous,3-0,0,0
t1_p5l09b4,0,0.7142295837402344,0.916015625,1,0.4079718589782715,0.3094958961009979,0.2825322449207306,1,0.6482525887793112,tagalog,comment,True,adjudicator,2-1,0,0
t1_p5l64f2,0,0.008445627056062222,-4.765625,0,0.2217659205198288,0.4373716711997986,0.3408624231815338,0,0.039899541524579196,taglish,comment,True,majority,3-0,0,0
t1_p5l9l30,0,0.16398024559020996,-1.62890625,0,0.33181819319725037,0.3272727131843567,0.34090909361839294,0,0.25215259925905487,taglish,comment,True,majority,3-0,0,0
t1_p5mnhwc,0,0.023509452119469643,-3.7265625,0,0.2995951473712921,0.3461538553237915,0.3542509973049164,0,0.07676166393849318,english,comment,True,majority,3-0,0,0
t1_p5mred0,1,0.30611205101013184,-0.818359375,0,0.360262006521225,0.31877729296684265,0.3209607005119324,0,0.3667489589572326,tagalog,comment,True,majority,3-0,1,1
t1_p5mtyx6,0,0.208823561668396,-1.33203125,0,0.33901917934417725,0.33262258768081665,0.3283582031726837,0,0.2913112393896463,taglish,comment,True,majority,3-0,0,0
t1_p5n1l17,0,0.012241275049746037,-4.390625,0,0.296146035194397,0.3529411852359772,0.35091277956962585,0,0.050671531403956055,tagalog,comment,True,majority,3-0,0,0
t1_p5n5gge,0,0.023870835080742836,-3.7109375,0,0.30658435821533203,0.34567901492118835,0.3477366268634796,0,0.07750398972330617,english,comment,True,majority,3-0,0,0
t1_p5nc9gc,0,0.017309095710515976,-4.0390625,0,0.31458333134651184,0.34375,0.34166666865348816,0,0.06322455778075704,taglish,comment,True,adjudicator,3-0,0,0
t1_p5nerzx,0,0.032344330102205276,-3.3984375,0,0.2933333218097687,0.3942857086658478,0.31238093972206116,0,0.09379237289829385,taglish,comment,True,unanimous,3-0,0,0
t1_p5ngq2s,0,0.03210070729255676,-3.40625,0,0.324894517660141,0.3291139304637909,0.3459915518760681,0,0.09335012623255824,english,comment,True,adjudicator,2-1,0,0
t1_p5oca33,0,0.014728614129126072,-4.203125,0,0.26406925916671753,0.37012988328933716,0.3658008575439453,0,0.05704116754177609,taglish,comment,True,majority,3-0,0,0
t1_p5oeand,0,0.01578456163406372,-4.1328125,0,0.2933618724346161,0.3426124155521393,0.36402568221092224,0,0.05961840457867046,english,comment,True,majority,3-0,0,0
t1_p5omyji,0,0.3268083333969116,-0.72265625,0,0.3568281829357147,0.3127753436565399,0.33039647340774536,0,0.3817055780272421,taglish,comment,True,majority,3-0,0,0
t1_p5os1rk,0,0.014842418022453785,-4.1953125,0,0.2505050599575043,0.4080808162689209,0.3414141535758972,0,0.05732227579438358,taglish,comment,True,unanimous,3-0,0,0
t1_p5owd5p,0,0.026355354115366936,-3.609375,0,0.29203540086746216,0.3495575189590454,0.35840708017349243,0,0.08249133251610476,english,comment,True,majority,3-0,0,0
t1_p5owqcx,0,0.1200256198644638,-1.9921875,0,0.3480176329612732,0.3348017632961273,0.3171806037425995,0,0.2092212961521803,english,comment,True,unanimous,3-0,0,0
t1_p5oyf3u,0,0.010328153148293495,-4.5625,0,0.2410256415605545,0.4225640892982483,0.336410254240036,0,0.045429344317764415,taglish,comment,True,unanimous,3-0,0,0
t1_p5oyw7y,0,0.01578456163406372,-4.1328125,0,0.3084886074066162,0.3436852991580963,0.3478260934352875,0,0.05961840457867046,taglish,comment,True,majority,3-0,0,0
t1_p5p0mea,0,0.01640303246676922,-4.09375,0,0.3051546514034271,0.3463917672634125,0.3484536111354828,0,0.061096947273629826,taglish,comment,True,unanimous,3-0,0,0
t1_p5p0sau,0,0.017712298780679703,-4.015625,0,0.3123689591884613,0.348008394241333,0.3396226465702057,0,0.06415738296008533,taglish,comment,True,majority,3-0,0,0
t1_p5p2vrj,0,0.014281933195888996,-4.234375,0,0.2920892536640167,0.3529411852359772,0.3549695611000061,0,0.055929638485657414,taglish,comment,True,majority,3-0,0,0
t1_p5p4oyd,0,0.02460992895066738,-3.6796875,0,0.3214285671710968,0.3361344635486603,0.3424369692802429,0,0.07900839831317236,english,comment,True,majority,3-0,0,0
t1_p5palw7,0,0.689723789691925,0.798828125,1,0.4345616400241852,0.289707750082016,0.27573060989379883,1,0.6302183869620831,english,comment,True,adjudicator,2-1,0,0
t1_p5pbwr5,0,0.031143829226493835,-3.4375,0,0.28947368264198303,0.3486842215061188,0.3618420958518982,0,0.09159979523813061,english,comment,True,majority,3-0,0,0
t1_p5pckpz,0,0.023509452119469643,-3.7265625,0,0.28138527274131775,0.36147186160087585,0.3571428656578064,0,0.07676166393849318,taglish,comment,True,unanimous,3-0,0,0
t1_p5pd45a,0,0.5633779764175415,0.2548828125,1,0.4215809404850006,0.28481805324554443,0.29360100626945496,0,0.5424262029836773,tagalog,comment,True,majority,3-0,0,0
t1_p5pdlh3,0,0.01956867426633835,-3.9140625,0,0.2981744408607483,0.3448275923728943,0.3569979667663574,0,0.06834951198067311,taglish,comment,True,unanimous,3-0,0,0
t1_p5pfccl,0,0.008711384609341621,-4.734375,0,0.2268565595149994,0.4333672523498535,0.3397761881351471,0,0.040706229539355716,english,comment,True,majority,3-0,0,0
t1_p5phn5i,0,0.009268012829124928,-4.671875,0,0.2759259343147278,0.4037036895751953,0.3203703761100769,0,0.042366691070799864,taglish,comment,True,majority,3-0,0,0
t1_p5pjwsh,0,0.07316472381353378,-2.5390625,0,0.31767338514328003,0.3378075957298279,0.3445190191268921,0,0.15516911184871673,english,comment,True,majority,3-0,0,0
t1_p5pqaac,0,0.018689310178160667,-3.9609375,0,0.24827586114406586,0.3770115077495575,0.37471264600753784,0,0.06638403332867755,taglish,comment,True,majority,3-0,0,0
t1_p5psqr6,0,0.04208773002028465,-3.125,0,0.31041666865348816,0.3479166626930237,0.34166666865348816,0,0.11049574550234027,english,comment,True,majority,3-0,0,0
t1_p5pvzu8,0,0.017712298780679703,-4.015625,0,0.30434781312942505,0.3436852991580963,0.35196688771247864,0,0.06415738296008533,taglish,comment,True,unanimous,3-0,0,0
t1_p5pw7vm,0,0.013020490296185017,-4.328125,0,0.2778947353363037,0.36000001430511475,0.36210525035858154,0,0.05271615260443792,tagalog,comment,True,adjudicator,2-1,0,0
t1_p5pzo7z,0,0.00941259041428566,-4.65625,0,0.24362894892692566,0.41997960209846497,0.3363914489746094,0,0.0427918160448439,english,comment,True,majority,3-0,0,0
t1_p5pzvsc,0,0.010013570077717304,-4.59375,0,0.21910695731639862,0.43821391463279724,0.34267911314964294,0,0.04453340204507209,taglish,comment,True,unanimous,3-0,0,0
t1_p5q0afk,1,0.046378206461668015,-3.0234375,0,0.26422762870788574,0.41056910157203674,0.3252032399177551,0,0.11733605773886623,taglish,comment,True,adjudicator,2-1,1,1
t1_p5q49b4,0,0.01578456163406372,-4.1328125,0,0.3084886074066162,0.34161490201950073,0.34989649057388306,0,0.05961840457867046,taglish,comment,True,majority,3-0,0,0
t1_p5q7qs6,0,0.1766716092824936,-1.5390625,0,0.36136364936828613,0.32499998807907104,0.3136363625526428,0,0.26362711201124356,english,comment,True,unanimous,3-0,0,0
t1_p5qcx9f,0,0.09334688633680344,-2.2734375,0,0.32983192801475525,0.3382352888584137,0.33193278312683105,0,0.17985392212498974,english,comment,True,majority,3-0,0,0
t1_p5qgju6,0,0.15152934193611145,-1.72265625,0,0.34106728434562683,0.3201856017112732,0.3387471139431,0,0.24053746984223767,taglish,comment,True,adjudicator,2-1,0,0
t1_p5qheju,0,0.6210813522338867,0.494140625,1,0.4042056202888489,0.3177570104598999,0.2780373692512512,0,0.5817105426164624,tagalog,comment,True,adjudicator,2-1,0,0
t1_p5qlj6c,0,0.014728614129126072,-4.203125,0,0.311740905046463,0.34210526943206787,0.3461538553237915,0,0.05704116754177609,english,comment,True,majority,3-0,0,0
t1_p5qmfzz,0,0.017576880753040314,-4.0234375,0,0.31315240263938904,0.33820459246635437,0.3486430048942566,0,0.06384502553925203,taglish,comment,True,unanimous,3-0,0,0
t1_p5qo88c,0,0.012241275049746037,-4.390625,0,0.27906978130340576,0.35940802097320557,0.36152219772338867,0,0.050671531403956055,taglish,comment,True,unanimous,3-0,0,0
t1_p5qp88r,0,0.05964693799614906,-2.7578125,0,0.310782253742218,0.3424947261810303,0.3467230498790741,0,0.13697809889528775,taglish,comment,True,unanimous,3-0,0,0
t1_p5qpka7,0,0.013020490296185017,-4.328125,0,0.2866241931915283,0.35668790340423584,0.35668790340423584,0,0.05271615260443792,taglish,comment,True,majority,3-0,0,0
t1_p5qt44u,0,0.04778006672859192,-2.9921875,0,0.32098764181137085,0.33539095520973206,0.3436214029788971,0,0.11951346809891754,english,comment,True,majority,3-0,0,0
t1_p5qtu2j,0,0.018978038802742958,-3.9453125,0,0.3221757411956787,0.32845187187194824,0.34937238693237305,0,0.06703328855328006,taglish,comment,True,adjudicator,2-1,0,1
t1_p5qvcar,0,0.024798156693577766,-3.671875,0,0.30894309282302856,0.3414634168148041,0.34959349036216736,0,0.07938865033077765,english,comment,True,majority,3-0,0,0
t1_p5qyx14,0,0.012431650422513485,-4.375,0,0.2857142984867096,0.3539445698261261,0.3603411614894867,0,0.051175537248186714,english,comment,True,adjudicator,2-1,0,0
t1_p5r0ktr,0,0.14414885640144348,-1.78125,0,0.3169291317462921,0.3799212574958801,0.30314961075782776,0,0.23346615273287055,taglish,comment,True,unanimous,3-0,0,0
t1_p5r80av,0,0.016657039523124695,-4.078125,0,0.2875264286994934,0.35517969727516174,0.35729387402534485,0,0.06169791045310094,english,comment,True,majority,3-0,0,0
t1_p5r8a6g,0,0.013222821988165379,-4.3125,0,0.3012048304080963,0.3473895490169525,0.35140562057495117,0,0.053239354818075665,taglish,comment,True,majority,3-0,0,0
t1_p5radv6,0,0.00857748556882143,-4.75,0,0.21392016112804413,0.4401228129863739,0.3459570109844208,0,0.04030095194160548,taglish,comment,True,majority,3-0,0,0
t1_p5rb0d1,0,0.00857748556882143,-4.75,0,0.23547400534152985,0.41997960209846497,0.344546377658844,0,0.04030095194160548,tagalog,comment,True,majority,3-0,0,0
t1_p5rb5uc,0,0.06418264657258987,-2.6796875,0,0.29591837525367737,0.3938775658607483,0.31020408868789673,0,0.14325956939441076,taglish,comment,True,majority,3-0,0,0
t1_p5rboo5,0,0.020177319645881653,-3.8828125,0,0.24821245670318604,0.4147088825702667,0.33707866072654724,0,0.0696896494375592,english,comment,True,majority,3-0,0,0
t1_p5rbv9j,0,0.08570928126573563,-2.3671875,0,0.2659793794155121,0.4020618498325348,0.3319587707519531,0,0.1708084964725148,taglish,comment,True,adjudicator,2-1,0,0
t1_p5rdnit,0,0.01971912942826748,-3.90625,0,0.30816325545310974,0.34285715222358704,0.3489795923233032,0,0.0686822904532567,english,comment,True,majority,3-0,0,0
t1_p5rdwsw,0,0.015072628855705261,-4.1796875,0,0.28333333134651184,0.35208332538604736,0.3645833432674408,0,0.05788839963594308,taglish,comment,True,adjudicator,2-1,0,0
t1_p5req1g,0,0.010169658809900284,-4.578125,0,0.2342158854007721,0.4114052951335907,0.3543788194656372,0,0.0449792475082229,tagalog,comment,True,adjudicator,2-1,0,0
t1_p5rmtyk,0,0.08210662752389908,-2.4140625,0,0.3392857015132904,0.3258928656578064,0.3348214328289032,0,0.16642298914184017,taglish,comment,True,majority,3-0,0,0
t1_p5rojos,0,0.0222861859947443,-3.78125,0,0.2785087823867798,0.359649121761322,0.3618420958518982,0,0.0742145974387251,taglish,comment,True,unanimous,3-0,0,0
t1_p5roqqv,0,0.8629302382469177,1.83984375,1,0.4630681872367859,0.28125,0.2556818127632141,1,0.7734592913343495,english,comment,True,majority,3-0,0,0
t1_p5rot3a,0,0.5945512652397156,0.3828125,1,0.400943398475647,0.30896225571632385,0.2900943458080292,0,0.5635289582153132,taglish,comment,True,adjudicator,2-1,0,0
t1_p5rovkq,1,0.4666632413864136,-0.133544921875,0,0.40586796402931213,0.298288494348526,0.2958435118198395,0,0.4777321043607547,english,comment,True,adjudicator,2-1,1,1
t1_p5rovuh,1,0.8683809638023376,1.88671875,1,0.45811519026756287,0.286649227142334,0.25523561239242554,1,0.7788941636704079,english,comment,True,majority,3-0,1,1
t1_p5rp0ff,0,0.07369627058506012,-2.53125,0,0.25752508640289307,0.3678929805755615,0.3745819330215454,0,0.15585388203958175,taglish,comment,True,unanimous,3-0,0,0
t1_p5rp9di,0,0.2632204294204712,-1.029296875,0,0.32219570875167847,0.3436754047870636,0.33412888646125793,0,0.3347067278008185,english,comment,True,adjudicator,2-1,0,0
t1_p5rp9n2,0,0.4735293388366699,-0.10598182678222656,0,0.3825857639312744,0.2955145239830017,0.32189974188804626,0,0.4823237736429377,taglish,comment,True,majority,3-0,0,0
t1_p5rp9nu,0,0.07316472381353378,-2.5390625,0,0.2956521809101105,0.3478260934352875,0.35652172565460205,0,0.15516911184871673,taglish,comment,True,unanimous,3-0,0,0
t1_p5rpg8i,0,0.6111499667167664,0.4521484375,1,0.3767772614955902,0.35545024275779724,0.26777252554893494,0,0.5748758540715931,taglish,comment,True,majority,3-0,0,0
t1_p5rpqpe,0,0.32809871435165405,-0.716796875,0,0.35244160890579224,0.3460721969604492,0.30148619413375854,0,0.38262894577176887,tagalog,comment,True,adjudicator,2-1,0,0
t1_p5rq04g,0,0.18010665476322174,-1.515625,0,0.3386363685131073,0.35681816935539246,0.30454546213150024,0,0.26667499442217374,english,comment,True,majority,3-0,0,0
t1_p5rq1km,0,0.0204885546118021,-3.8671875,0,0.2772727310657501,0.3590908944606781,0.3636363744735718,0,0.07036879777394539,taglish,comment,True,unanimous,3-0,0,0
t1_p5rqxre,0,0.02498779445886612,-3.6640625,0,0.3048780560493469,0.3434959352016449,0.3516260087490082,0,0.0797705739171451,tagalog,comment,True,majority,3-0,0,0
t1_p5rr64z,0,0.015543648041784763,-4.1484375,0,0.28663793206214905,0.35775861144065857,0.3556034564971924,0,0.05903642222012067,taglish,comment,True,majority,3-0,0,0
t1_p5rr8fc,0,0.18417982757091522,-1.48828125,0,0.3522976040840149,0.31947484612464905,0.32822757959365845,0,0.27025906998278637,tagalog,comment,True,unanimous,3-0,0,0
t1_p5rs2dr,0,0.011331754736602306,-4.46875,0,0.248046875,0.416015625,0.3359375,0,0.048221250361983936,taglish,comment,True,unanimous,3-0,0,0
t1_p5rtmmq,0,0.7260372638702393,0.974609375,1,0.4274611473083496,0.29922279715538025,0.27331605553627014,1,0.6571172060004911,english,comment,True,adjudicator,3-0,0,0
t1_p5ru3xv,0,0.04742587357759476,-3.0,0,0.2736625373363495,0.40740740299224854,0.3189300298690796,0,0.11896586357988254,taglish,comment,True,unanimous,3-0,0,0
t1_p5rvhz0,1,0.037047166377305984,-3.2578125,0,0.30549898743629456,0.34419551491737366,0.3503054976463318,0,0.10207955789607796,taglish,comment,True,majority,3-0,1,1
t1_p5rvjli,0,0.014281933195888996,-4.234375,0,0.24100327491760254,0.3773173391819,0.38167938590049744,0,0.055929638485657414,taglish,comment,True,majority,3-0,0,0
t1_p5rwjuo,0,0.028652667999267578,-3.5234375,0,0.30816325545310974,0.34285715222358704,0.3489795923233032,0,0.08693769566006582,taglish,comment,True,unanimous,3-0,0,0
t1_p5rxsc5,0,0.015189048834145069,-4.171875,0,0.26526081562042236,0.368479460477829,0.36625972390174866,0,0.05817342560325391,english,comment,True,majority,3-0,0,0
t1_p5rxwkl,0,0.01652955636382103,-4.0859375,0,0.30408161878585815,0.3489795923233032,0.3469387888908386,0,0.061396741671614505,english,comment,True,majority,3-0,0,0
t1_p5ryfw1,0,0.06560484319925308,-2.65625,0,0.32478633522987366,0.34188035130500793,0.3333333432674408,0,0.14519022478846957,taglish,comment,True,majority,3-0,0,0
t1_p5s0ie8,1,0.04240382835268974,-3.1171875,0,0.3140496015548706,0.3429751992225647,0.3429751992225647,0,0.11100927421526852,taglish,comment,True,adjudicator,2-1,1,1
t1_p5s1hvo,0,0.7988152503967285,1.37890625,1,0.40094900131225586,0.3606168329715729,0.23843416571617126,1,0.7151051660612608,tagalog,comment,True,unanimous,3-0,0,0
t1_p5s1n9m,0,0.641983687877655,0.583984375,1,0.4093872308731079,0.2933507263660431,0.2972620725631714,1,0.5962255990840594,taglish,comment,True,majority,3-0,0,0
t1_p5s1y99,0,0.008187909610569477,-4.796875,0,0.20858895778656006,0.44171780347824097,0.349693238735199,0,0.03910818816912197,taglish,comment,True,unanimous,3-0,0,0
t1_p5s22l7,0,0.02822098508477211,-3.5390625,0,0.2716895043849945,0.3652968108654022,0.36301368474960327,0,0.08611344924337094,english,comment,True,majority,3-0,0,0
t1_p5s23c6,0,0.014728614129126072,-4.203125,0,0.2183908075094223,0.43887147307395935,0.34273773431777954,0,0.05704116754177609,taglish,comment,True,unanimous,3-0,0,0
t1_p5s2ufl,0,0.4728964567184448,-0.1085205078125,0,0.3839397728443146,0.32873275876045227,0.28732746839523315,0,0.481900724240471,taglish,comment,True,unanimous,3-0,0,0
t1_p5s4j66,1,0.13386748731136322,-1.8671875,0,0.34734514355659485,0.3296460211277008,0.32300883531570435,0,0.22335895186988072,english,comment,True,adjudicator,2-1,1,0
t1_p5s5mjv,0,0.45604637265205383,-0.17626953125,0,0.35593220591545105,0.37288135290145874,0.2711864411830902,0,0.47062242620466177,taglish,comment,True,majority,3-0,0,0
t1_p5s5z5a,0,0.08151976019144058,-2.421875,0,0.29571107029914856,0.3476297855377197,0.3566591441631317,0,0.16570089714239566,tagalog,comment,True,adjudicator,2-1,0,1
t1_p5savzs,1,0.4156101942062378,-0.3408203125,0,0.3802469074726105,0.31111112236976624,0.3086419701576233,0,0.44337637770854305,english,comment,True,adjudicator,2-1,1,0
t1_p5sbgsf,0,0.4630800485610962,-0.14794921875,0,0.37557604908943176,0.3156681954860687,0.3087557554244995,0,0.4753339745721082,taglish,comment,True,majority,3-0,0,0
t1_p5se4w6,0,0.38144996762275696,-0.4833984375,0,0.3801843225955963,0.32258063554763794,0.29723501205444336,0,0.42003499167942604,english,comment,True,majority,3-0,0,0
t1_p5seo1m,0,0.08632347732782364,-2.359375,0,0.32894736528396606,0.33552631735801697,0.33552631735801697,0,0.17154826972341217,english,comment,True,adjudicator,2-1,0,0
t1_p5sotw5,0,0.08756383508443832,-2.34375,0,0.3235294222831726,0.3340336084365845,0.3424369692802429,0,0.17303543389028234,taglish,comment,True,majority,3-0,0,0
t1_p5tmwe1,0,0.4962655007839203,-0.0149383544921875,0,0.3802469074726105,0.3135802447795868,0.30617284774780273,0,0.49750748178066934,english,comment,True,unanimous,3-0,0,0
t1_p5tokt2,0,0.017576880753040314,-4.0234375,0,0.2702702581882477,0.40124741196632385,0.32848232984542847,0,0.06384502553925203,english,comment,True,majority,3-0,0,0
t1_p5u1w84,0,0.1540575623512268,-1.703125,0,0.3368421196937561,0.33052632212638855,0.33263158798217773,0,0.24292684037699994,taglish,comment,True,adjudicator,2-1,0,0
t1_p5ug01j,0,0.01615283451974392,-4.109375,0,0.31185030937194824,0.34095633029937744,0.3471933603286743,0,0.060501460283761944,taglish,comment,True,majority,3-0,0,0
t1_p5uu9ss,0,0.024423090741038322,-3.6875,0,0.32016631960868835,0.34095633029937744,0.3388773500919342,0,0.07862981204962317,taglish,comment,True,majority,3-0,0,0
t1_p5vixtt,0,0.70537930727005,0.873046875,1,0.39590445160865784,0.3344709873199463,0.2696245610713959,1,0.6416858829989446,taglish,comment,True,majority,3-0,0,0
t1_p5w0u8l,0,0.010652512311935425,-4.53125,0,0.23971915245056152,0.4252758324146271,0.3350050151348114,0,0.04634243729135856,taglish,comment,True,majority,3-0,0,0
t1_p5wj2ku,0,0.4144247770309448,-0.345703125,0,0.3680555522441864,0.31712964177131653,0.31481480598449707,0,0.44257225396866723,english,comment,True,adjudicator,2-1,0,1
t1_p5wsvyx,0,0.8816148638725281,2.0078125,1,0.4544179439544678,0.27629733085632324,0.269284725189209,1,0.7924988334779681,tagalog,comment,True,adjudicator,2-1,0,0
t1_p5wvdca,1,0.9324532747268677,2.625,1,0.4733242094516754,0.2749657928943634,0.2517099976539612,1,0.8522020248495393,taglish,comment,True,unanimous,3-0,1,1
t1_p5x1ccr,0,0.01590639352798462,-4.125,0,0.2788461446762085,0.39038461446762085,0.33076924085617065,0,0.05991140691110924,tagalog,comment,True,adjudicator,2-1,0,0
t1_p5x4bpa,0,0.8519527316093445,1.75,1,0.4458763003349304,0.28737112879753113,0.26675257086753845,1,0.7627805788135041,tagalog,comment,True,adjudicator,2-1,0,1
t1_p5xl909,0,0.10230471193790436,-2.171875,0,0.324894517660141,0.3375527560710907,0.3375527560710907,0,0.1900704225254828,english,comment,True,majority,3-0,0,0
t1_p5xu1jd,0,0.08210662752389908,-2.4140625,0,0.3178808093070984,0.3421633541584015,0.3399558365345001,0,0.16642298914184017,tagalog,comment,True,majority,3-0,0,0
t1_p5xy6zh,0,0.055005285888910294,-2.84375,0,0.30979499220848083,0.34624144434928894,0.3439635634422302,0,0.13033778876818486,taglish,comment,True,majority,3-0,0,0
t1_p5xzcvn,0,0.008445627056062222,-4.765625,0,0.23185484111309052,0.4354838728904724,0.33266130089759827,0,0.039899541524579196,taglish,comment,True,unanimous,3-0,0,0
t1_p5y114p,0,0.01342825498431921,-4.296875,0,0.2789256274700165,0.3512396812438965,0.3698347210884094,0,0.053767455021007354,taglish,comment,True,unanimous,3-0,0,0
t1_p5y3rii,0,0.010013570077717304,-4.59375,0,0.24400000274181366,0.421999990940094,0.33399999141693115,0,0.04453340204507209,taglish,comment,True,majority,3-0,0,0
t1_p5y72o7,0,0.0204885546118021,-3.8671875,0,0.29501083493232727,0.3427331745624542,0.3622559607028961,0,0.07036879777394539,english,comment,True,majority,3-0,0,0
t1_p5ycfpn,0,0.014728614129126072,-4.203125,0,0.2792607843875885,0.35523614287376404,0.36550307273864746,0,0.05704116754177609,taglish,comment,True,unanimous,3-0,0,0
t1_p5yh286,0,0.03185885399580002,-3.4140625,0,0.3076923191547394,0.33186814188957214,0.36043956875801086,0,0.09290975103969469,taglish,comment,True,majority,3-0,0,0
t1_p5yh2b0,0,0.01652955636382103,-4.0859375,0,0.22244897484779358,0.4326530694961548,0.34489795565605164,0,0.061396741671614505,english,comment,True,majority,3-0,0,0
t1_p5yhc7b,0,0.009268012829124928,-4.671875,0,0.2329317331314087,0.42168673872947693,0.3453815281391144,0,0.042366691070799864,taglish,comment,True,unanimous,3-0,0,0
t1_p5yhue3,0,0.011508148163557053,-4.453125,0,0.229061558842659,0.42179617285728455,0.34914228320121765,0,0.0487021347289131,taglish,comment,True,majority,3-0,0,0
t1_p5ytdtr,0,0.02280263788998127,-3.7578125,0,0.28313252329826355,0.4016064405441284,0.31526103615760803,0,0.07529653814559467,taglish,comment,True,majority,3-0,0,0
t1_p5z07j5,0,0.4774323105812073,-0.09033203125,0,0.37093275785446167,0.39045554399490356,0.23861171305179596,0,0.4849322143426398,english,comment,True,adjudicator,2-1,0,0
t1_p5z09ya,0,0.06371499598026276,-2.6875,0,0.2898229956626892,0.36946901679039,0.3407079577445984,0,0.14262078539289552,english,comment,True,majority,3-0,0,0
t1_p5z1onc,0,0.35042139887809753,-0.6171875,0,0.347533643245697,0.3273542523384094,0.32511210441589355,0,0.39845105495858507,taglish,comment,True,unanimous,3-0,0,0
t1_p5z1pun,0,0.8864204287528992,2.0546875,1,0.4724409580230713,0.2729658782482147,0.254593163728714,1,0.7975964645990954,tagalog,comment,True,adjudicator,3-0,0,0
t1_p5z1rj5,0,0.7690802216529846,1.203125,1,0.4530244469642639,0.2728442847728729,0.27413126826286316,1,0.690613622033397,tagalog,comment,True,adjudicator,2-1,0,0
t1_p5z1umr,0,0.7819972634315491,1.27734375,1,0.45478036999702454,0.28036177158355713,0.2648578882217407,1,0.7010964818238871,tagalog,comment,True,majority,3-0,0,0
t1_p5z2jse,0,0.016657039523124695,-4.078125,0,0.30879345536231995,0.349693238735199,0.3415133059024811,0,0.06169791045310094,taglish,comment,True,majority,3-0,0,0
t1_p5z2t5f,0,0.030675798654556274,-3.453125,0,0.3132780194282532,0.3402489721775055,0.3464730381965637,0,0.09073574045148475,taglish,comment,True,unanimous,3-0,0,0
t1_p5z2zvd,1,0.7045668363571167,0.869140625,1,0.40228572487831116,0.34057143330574036,0.2571428716182709,1,0.6410862219836916,tagalog,comment,True,majority,3-0,1,1
t1_p5z3fwx,0,0.013222821988165379,-4.3125,0,0.3028455376625061,0.34756097197532654,0.34959349036216736,0,0.053239354818075665,taglish,comment,True,unanimous,3-0,0,0
t1_p5z3w01,0,0.6236060857772827,0.5048828125,1,0.3958809971809387,0.30663615465164185,0.29748284816741943,0,0.5834540329534091,taglish,comment,True,unanimous,3-0,0,0
t1_p5z4so5,0,0.02080449089407921,-3.8515625,0,0.3073684275150299,0.351578950881958,0.3410526216030121,0,0.07105405913108659,taglish,comment,True,unanimous,3-0,0,0
t1_p5z5ipw,0,0.16344542801380157,-1.6328125,0,0.3449023962020874,0.3275488018989563,0.3275488018989563,0,0.2516612900997907,tagalog,comment,True,adjudicator,3-0,0,0
t1_p5z79pk,0,0.07807817310094833,-2.46875,0,0.30620986223220825,0.3426124155521393,0.35117772221565247,0,0.16142099848385366,taglish,comment,True,adjudicator,2-1,0,0
t1_p5z7dkf,0,0.1030244380235672,-2.1640625,0,0.34819531440734863,0.3269639015197754,0.3248407542705536,0,0.19087441580466166,taglish,comment,True,unanimous,3-0,0,0
t1_p5z7q2j,0,0.23934932053089142,-1.15625,0,0.35117772221565247,0.3233404755592346,0.3254818022251129,0,0.3161105493260245,taglish,comment,True,majority,3-0,0,0
t1_p5z8f79,0,0.863391637802124,1.84375,1,0.4601542353630066,0.27377891540527344,0.26606684923171997,1,0.7739157833216563,taglish,comment,True,adjudicator,2-1,0,0
t1_p5z8ue3,0,0.023509452119469643,-3.7265625,0,0.3128834366798401,0.3415133059024811,0.34560325741767883,0,0.07676166393849318,taglish,comment,True,majority,3-0,0,0
t1_p5z998y,0,0.7275885343551636,0.982421875,1,0.4121951162815094,0.30243903398513794,0.28536584973335266,1,0.6582910789655174,taglish,comment,True,adjudicator,3-0,0,0
t1_p5z9z6z,0,0.0832919254899025,-2.3984375,0,0.3269639015197754,0.337579607963562,0.3354564607143402,0,0.16787472532319062,taglish,comment,True,adjudicator,3-0,0,0
t1_p5za4gp,0,0.029986508190631866,-3.4765625,0,0.24295011162757874,0.41431671380996704,0.3427331745624542,0,0.08945341376347668,taglish,comment,True,adjudicator,3-0,0,0
t1_p5zafuy,0,0.039048291742801666,-3.203125,0,0.3076923191547394,0.3704453408718109,0.3218623399734497,0,0.1054740035903615,english,comment,True,majority,3-0,0,0
t1_p5zajnv,0,0.019419347867369652,-3.921875,0,0.2663656771183014,0.3634311556816101,0.3702031672000885,0,0.0680182281229532,taglish,comment,True,majority,3-0,0,0
t1_p5zb1aa,0,0.2166738063097,-1.28515625,0,0.3412017226219177,0.32618024945259094,0.33261802792549133,0,0.29781197257049474,taglish,comment,True,unanimous,3-0,0,0
t1_p5zblr6,0,0.740174412727356,1.046875,1,0.43467336893081665,0.27889448404312134,0.286432147026062,1,0.6679006438726094,tagalog,comment,True,adjudicator,2-1,0,0
t1_p5zbsyw,0,0.3897787928581238,-0.4482421875,0,0.3794642984867096,0.3169642984867096,0.3035714328289032,0,0.42576143076453116,taglish,comment,True,majority,3-0,0,0
t1_p5zca8w,0,0.017309095710515976,-4.0390625,0,0.24920466542243958,0.4008483588695526,0.3499469757080078,0,0.06322455778075704,taglish,comment,True,majority,3-0,0,0
t1_p5zegy3,0,0.21800270676612854,-1.27734375,0,0.3611111044883728,0.3125,0.3263888955116272,0,0.29890351817611294,taglish,comment,True,majority,3-0,0,0
t1_p5zgd61,0,0.029535338282585144,-3.4921875,0,0.28136882185935974,0.39923954010009766,0.3193916380405426,0,0.08860763073949394,english,comment,True,majority,3-0,0,0
t1_p5zhwji,0,0.17441026866436005,-1.5546875,0,0.31622177362442017,0.3737166225910187,0.31006160378456116,0,0.26160765825448146,taglish,comment,True,unanimous,3-0,0,0
t1_p5zi6km,0,0.014957086183130741,-4.1875,0,0.2991803288459778,0.34836065769195557,0.35245901346206665,0,0.05760468476477536,taglish,comment,True,unanimous,3-0,0,0
t1_p5zl5v6,0,0.8991213440895081,2.1875,1,0.4635083079338074,0.27272728085517883,0.2637644112110138,1,0.8115297826101906,taglish,comment,True,majority,3-0,0,0
t1_p5zu0gn,0,0.014842418022453785,-4.1953125,0,0.28787878155708313,0.3549783527851105,0.3571428656578064,0,0.05732227579438358,taglish,comment,True,unanimous,3-0,0,0
t1_p5zvoje,0,0.008711384609341621,-4.734375,0,0.21685509383678436,0.4316546618938446,0.35149022936820984,0,0.040706229539355716,taglish,comment,True,majority,3-0,0,0
t1_p5zzaj2,0,0.028870904818177223,-3.515625,0,0.26877471804618835,0.4051383435726166,0.32608696818351746,0,0.08735249030645904,taglish,comment,True,adjudicator,2-1,0,1
t1_p602o0j,0,0.024237634614109993,-3.6953125,0,0.26396918296813965,0.4065510630607605,0.32947975397109985,0,0.07825288573116679,taglish,comment,True,unanimous,3-0,0,0
t1_p60419u,0,0.057918090373277664,-2.7890625,0,0.26156941056251526,0.41448691487312317,0.3239436745643616,0,0.1345311176417909,taglish,comment,True,adjudicator,2-1,0,0
t1_p607m5q,0,0.012431650422513485,-4.375,0,0.25531914830207825,0.40812379121780396,0.3365570604801178,0,0.051175537248186714,taglish,comment,True,unanimous,3-0,0,0
t1_p60c9w7,0,0.01384861022233963,-4.265625,0,0.30041152238845825,0.3477366268634796,0.35185185074806213,0,0.054838509530134236,taglish,comment,True,unanimous,3-0,0,0
t1_p60h4k2,0,0.026963496580719948,-3.5859375,0,0.30721649527549744,0.33608248829841614,0.3567010164260864,0,0.08368302908930599,taglish,comment,True,unanimous,3-0,0,0
t1_p60ini5,1,0.21601152420043945,-1.2890625,0,0.3541666567325592,0.32407405972480774,0.32175925374031067,0,0.29726706145907433,english,comment,True,majority,3-0,1,1
t1_p60ltlu,0,0.015663648024201393,-4.140625,0,0.24165824055671692,0.4266936182975769,0.3316481411457062,0,0.059326744771127204,english,comment,True,majority,3-0,0,0
t1_p60m9a1,0,0.011869121342897415,-4.421875,0,0.27407407760620117,0.4055555462837219,0.3203703761100769,0,0.04967758480246056,taglish,comment,True,majority,3-0,0,0
t1_p60mlo8,0,0.02080449089407921,-3.8515625,0,0.31315240263938904,0.34655532240867615,0.3402922749519348,0,0.07105405913108659,taglish,comment,True,unanimous,3-0,0,0
t1_p60muff,0,0.23370636999607086,-1.1875,0,0.3303167521953583,0.33936652541160583,0.3303167521953583,0,0.3116190026949642,taglish,comment,True,unanimous,3-0,0,0
t1_p60sjby,0,0.04146227613091469,-3.140625,0,0.30658435821533203,0.3436214029788971,0.3497942388057709,0,0.1094749273953919,taglish,comment,True,adjudicator,3-0,0,0
t1_p60w4q8,0,0.02161533385515213,-3.8125,0,0.3186582922935486,0.3396226465702057,0.3417190909385681,0,0.07279425357013906,taglish,comment,True,unanimous,3-0,0,0
t1_p616jzp,0,0.04240382835268974,-3.1171875,0,0.29759299755096436,0.3566739559173584,0.34573304653167725,0,0.11100927421526852,taglish,comment,True,adjudicator,2-1,0,0
t1_p61esk1,0,0.010986942797899246,-4.5,0,0.25590550899505615,0.4015747904777527,0.3425196707248688,0,0.047272973830220895,taglish,comment,True,unanimous,3-0,0,0
t1_p61jmcu,0,0.026355354115366936,-3.609375,0,0.31392931938171387,0.34303534030914307,0.34303534030914307,0,0.08249133251610476,taglish,comment,True,unanimous,3-0,0,0
t1_p61jws7,0,0.4533828794956207,-0.18701171875,0,0.3634311556816101,0.3453724682331085,0.29119637608528137,0,0.4688366101121067,english,comment,True,adjudicator,2-1,0,1
t1_p61uox2,0,0.019870713353157043,-3.8984375,0,0.29878050088882446,0.34959349036216736,0.3516260087490082,0,0.06901656912371178,taglish,comment,True,unanimous,3-0,0,0
t1_p61w981,0,0.42036163806915283,-0.3212890625,0,0.36563876271247864,0.3171806037425995,0.3171806037425995,0,0.4465957997852273,taglish,comment,True,majority,3-0,0,0
t1_p61w9xz,0,0.010986942797899246,-4.5,0,0.27323418855667114,0.3977695107460022,0.3289962708950043,0,0.047272973830220895,english,comment,True,adjudicator,2-1,0,0
t1_p6214pr,0,0.017309095710515976,-4.0390625,0,0.31380751729011536,0.34309622645378113,0.34309622645378113,0,0.06322455778075704,taglish,comment,True,unanimous,3-0,0,0
t1_p630e86,0,0.7498207092285156,1.09765625,1,0.4175824224948883,0.30402931571006775,0.27838829159736633,1,0.6753750508991768,tagalog,comment,True,adjudicator,2-1,0,0
t1_p63itkv,0,0.9005298018455505,2.203125,1,0.48055556416511536,0.2750000059604645,0.24444444477558136,1,0.8131196241167018,english,comment,True,majority,3-0,0,0
t1_p63l8fh,0,0.017712298780679703,-4.015625,0,0.30561330914497375,0.3471933603286743,0.3471933603286743,0,0.06415738296008533,english,comment,True,adjudicator,2-1,0,0
t1_p63qyw4,0,0.22270013391971588,-1.25,0,0.31018519401550293,0.33796295523643494,0.35185185074806213,0,0.30274192265489025,tagalog,comment,True,adjudicator,2-1,0,0
t1_p63x3gh,0,0.08570928126573563,-2.3671875,0,0.3229166567325592,0.3375000059604645,0.3395833373069763,0,0.1708084964725148,taglish,comment,True,adjudicator,2-1,0,0
t1_p644uyu,0,0.015072628855705261,-4.1796875,0,0.30371901392936707,0.3471074402332306,0.34917354583740234,0,0.05788839963594308,taglish,comment,True,unanimous,3-0,0,0
t1_p64ib8c,0,0.03934250399470329,-3.1953125,0,0.31512606143951416,0.33193278312683105,0.3529411852359772,0,0.10596697409798181,tagalog,comment,True,adjudicator,2-1,0,0
t1_p64u75y,0,0.014957086183130741,-4.1875,0,0.25755995512008667,0.41293013095855713,0.3295099139213562,0,0.05760468476477536,taglish,comment,True,unanimous,3-0,0,0
t1_p650yjl,0,0.015543648041784763,-4.1484375,0,0.30227744579315186,0.3457556962966919,0.35196688771247864,0,0.05903642222012067,taglish,comment,True,unanimous,3-0,0,0
t1_p651rju,0,0.02909075655043125,-3.5078125,0,0.2909441292285919,0.37764933705329895,0.3314065635204315,0,0.08776907377033065,taglish,comment,True,adjudicator,2-1,0,0
t1_p655j54,0,0.07107366621494293,-2.5703125,0,0.25971370935440063,0.41513291001319885,0.3251533806324005,0,0.15245457144399324,taglish,comment,True,unanimous,3-0,0,0
t1_p656d1x,0,0.24725964665412903,-1.11328125,0,0.36141908168792725,0.32594233751296997,0.3126385807991028,0,0.32234277578012593,english,comment,True,adjudicator,2-1,0,0
t1_p656jyx,0,0.014063626527786255,-4.25,0,0.2541620433330536,0.368479460477829,0.37735849618911743,0,0.055381544425499044,taglish,comment,True,unanimous,3-0,0,0
t1_p656rg4,0,0.030214587226510048,-3.46875,0,0.2550200819969177,0.41767069697380066,0.327309250831604,0,0.08987902980156505,taglish,comment,True,majority,3-0,0,0
t1_p6578jk,0,0.2011847198009491,-1.37890625,0,0.3488888740539551,0.30888888239860535,0.3422222137451172,0,0.28489483393873916,taglish,comment,True,unanimous,3-0,0,0
t1_p657tbd,0,0.5556763410568237,0.2236328125,1,0.3924349844455719,0.3096926808357239,0.2978723347187042,0,0.5372451300128204,english,comment,True,adjudicator,2-1,0,1
t1_p6595x1,0,0.02779562398791313,-3.5546875,0,0.2625698447227478,0.3620111644268036,0.3754189908504486,0,0.08529628739169456,tagalog,comment,True,majority,3-0,0,0
t1_p65gf5j,0,0.018264278769493103,-3.984375,0,0.268456369638443,0.3691275119781494,0.3624161183834076,0,0.06542109664518816,tagalog,comment,True,adjudicator,2-1,0,0
t1_p65i5qr,0,0.45048028230667114,-0.19873046875,0,0.36141908168792725,0.3192904591560364,0.3192904591560364,0,0.46688935857807834,taglish,comment,True,majority,3-0,0,0
t1_p65k14a,0,0.02096424251794815,-3.84375,0,0.2520325183868408,0.4044715464115143,0.3434959352016449,0,0.07139899629356045,tagalog,comment,True,adjudicator,2-1,0,0
t1_p65kqda,0,0.011687257327139378,-4.4375,0,0.2936660349369049,0.39155471324920654,0.31477928161621094,0,0.049187566859983156,english,comment,True,majority,3-0,0,0
t1_p65l49e,0,0.4838618338108063,-0.0645751953125,0,0.3354838788509369,0.38494622707366943,0.2795698940753937,0,0.48922697448994323,tagalog,comment,True,adjudicator,2-1,0,0
t1_p65mrzl,0,0.04672495648264885,-3.015625,0,0.31440162658691406,0.3671399652957916,0.3184584081172943,0,0.11787716392924158,english,comment,True,majority,3-0,0,0
t1_p65n1i6,0,0.060086652636528015,-2.75,0,0.3139013350009918,0.3430493175983429,0.3430493175983429,0,0.1375956657933287,taglish,comment,True,majority,3-0,0,0
t1_p65nb4r,0,0.014957086183130741,-4.1875,0,0.22199170291423798,0.4336099624633789,0.3443983495235443,0,0.05760468476477536,english,comment,True,majority,3-0,0,0
t1_p65pbc7,0,0.12294380366802216,-1.96484375,0,0.31340205669403076,0.39175257086753845,0.2948453724384308,0,0.2122567019670197,tagalog,comment,True,adjudicator,2-1,0,0
t1_p65rlmo,0,0.018978038802742958,-3.9453125,0,0.287109375,0.37890625,0.333984375,0,0.06703328855328006,taglish,comment,True,majority,3-0,0,0
t1_p65uqzq,0,0.08093671500682831,-2.4296875,0,0.3180827796459198,0.3485838770866394,0.3333333432674408,0,0.1649813181262012,english,comment,True,majority,3-0,0,0
t1_p661azn,1,0.7348812818527222,1.01953125,1,0.4030037522315979,0.31163954734802246,0.28535670042037964,1,0.6638403465726035,english,comment,True,majority,3-0,1,1
t1_p66882u,0,0.11716747283935547,-2.01953125,0,0.3384955823421478,0.3340708017349243,0.32743361592292786,0,0.2062179350259488,english,comment,True,majority,3-0,0,0
t1_p66kjs6,0,0.02145073004066944,-3.8203125,0,0.3199999928474426,0.3389473557472229,0.3410526216030121,0,0.07244310161139178,english,comment,True,majority,3-0,0,0
t1_p66om79,0,0.8311430811882019,1.59375,1,0.4566929042339325,0.2860892415046692,0.2572178542613983,1,0.743397082008881,taglish,comment,True,adjudicator,2-1,0,0
t1_p66pvj1,0,0.018124721944332123,-3.9921875,0,0.31380751729011536,0.3368200957775116,0.34937238693237305,0,0.06510301470068977,english,comment,True,majority,3-0,0,0
t1_p66r9kz,0,0.11716747283935547,-2.01953125,0,0.31553396582603455,0.33980581164360046,0.3446601927280426,0,0.2062179350259488,tagalog,comment,True,adjudicator,3-0,0,0
t1_p66tpb2,0,0.053009770810604095,-2.8828125,0,0.31376975774765015,0.3340857923030853,0.3521444797515869,0,0.12741100716152234,english,comment,True,majority,3-0,0,0
t1_p66vjwx,0,0.2166738063097,-1.28515625,0,0.36298078298568726,0.3100961446762085,0.32692307233810425,0,0.29781197257049474,tagalog,comment,True,majority,3-0,0,0
t1_p66w6a3,0,0.7352616786956787,1.021484375,1,0.39520958065986633,0.34011974930763245,0.2646706700325012,1,0.6641311808788936,tagalog,comment,True,majority,3-0,0,0
t1_p675hvz,0,0.7122321724891663,0.90625,1,0.39897698163986206,0.32480818033218384,0.2762148380279541,1,0.6467649664287449,taglish,comment,True,unanimous,3-0,0,0
t1_p67gtqn,0,0.1475551873445511,-1.75390625,0,0.320712685585022,0.3318485617637634,0.3474387526512146,0,0.23674799750548933,taglish,comment,True,unanimous,3-0,0,0
t1_p67i2nm,0,0.6562178134918213,0.646484375,1,0.4076923131942749,0.30897435545921326,0.28333333134651184,1,0.6062262008194091,tagalog,comment,True,majority,3-0,0,0
t1_p67j2mc,0,0.02178117074072361,-3.8046875,0,0.25,0.40778687596321106,0.34221312403678894,0,0.07314697343076071,tagalog,comment,True,majority,3-0,0,0
t1_p67kt9n,0,0.06560484319925308,-2.65625,0,0.32036614418029785,0.33638444542884827,0.34324944019317627,0,0.14519022478846957,taglish,comment,True,majority,3-0,0,0
t1_p67mqq5,0,0.6004226207733154,0.4072265625,1,0.39748427271842957,0.31446540355682373,0.2880503237247467,0,0.5675325700121585,english,comment,True,majority,3-0,0,0
t1_p67usuh,0,0.04084571823477745,-3.15625,0,0.28354978561401367,0.35281383991241455,0.3636363744735718,0,0.10846239018684971,taglish,comment,True,unanimous,3-0,0,0
t1_p67uwel,0,0.008315778337419033,-4.78125,0,0.21712538599967957,0.4322120249271393,0.35066258907318115,0,0.039501964716068885,taglish,comment,True,unanimous,3-0,0,0
t1_p67v0lr,0,0.7364006042480469,1.02734375,1,0.4043583571910858,0.33171913027763367,0.2639225125312805,1,0.6650029365881462,tagalog,comment,True,adjudicator,2-1,0,0
t1_p67vk7r,0,0.06233103200793266,-2.7109375,0,0.3205944895744324,0.3397027552127838,0.3397027552127838,0,0.14071867236056693,english,comment,True,majority,3-0,0,0
t1_p67vyc3,0,0.06804042309522629,-2.6171875,0,0.28260868787765503,0.4011857807636261,0.31620553135871887,0,0.14845593221849906,tagalog,comment,True,majority,3-0,0,0
t1_p67x3v9,0,0.02931223064661026,-3.5,0,0.28772637248039246,0.37424546480178833,0.3380281627178192,0,0.08818745194844858,english,comment,True,majority,3-0,0,0
t1_p67xlc9,0,0.014728614129126072,-4.203125,0,0.2618110179901123,0.3976377844810486,0.3405511677265167,0,0.05704116754177609,taglish,comment,True,majority,3-0,0,0
t1_p67xo52,1,0.5938448309898376,0.3798828125,1,0.4027026891708374,0.3027026951313019,0.29459458589553833,0,0.5630479572435956,tagalog,comment,True,majority,3-0,1,1
t1_p67y1v1,0,0.021287353709340096,-3.828125,0,0.23443983495235443,0.4128630757331848,0.35269710421562195,0,0.07209351186511057,tagalog,comment,True,adjudicator,2-1,0,1
t1_p67y5n5,0,0.516976535320282,0.06793212890625,1,0.37162160873413086,0.36936935782432556,0.2590090036392212,0,0.5113328728302253,tagalog,comment,True,unanimous,3-0,0,0
t1_p6819md,0,0.8828325867652893,2.01953125,1,0.4609375,0.28515625,0.25390625,1,0.7937820649740512,english,comment,True,adjudicator,2-1,0,1
t1_p685eax,0,0.3170032501220703,-0.767578125,0,0.3279445767402649,0.33256351947784424,0.33949190378189087,0,0.37465522461493206,tagalog,comment,True,adjudicator,2-1,0,0
t1_p68a85m,0,0.01384861022233963,-4.265625,0,0.25869566202163696,0.3695652186870575,0.37173911929130554,0,0.054838509530134236,taglish,comment,True,majority,3-0,0,0
t1_p68bki8,0,0.13614831864833832,-1.84765625,0,0.3303167521953583,0.33257919549942017,0.33710408210754395,0,0.22562837621311732,taglish,comment,True,majority,3-0,0,0
t1_p68h6ho,0,0.012821215204894543,-4.34375,0,0.25,0.4054621756076813,0.3445378243923187,0,0.0521978086090026,taglish,comment,True,unanimous,3-0,0,0
t1_p68hnvq,0,0.32766830921173096,-0.71875,0,0.3581081032752991,0.3198198080062866,0.3220720589160919,0,0.382321062006147,english,comment,True,majority,3-0,0,0
t1_p68nj1y,0,0.35711899399757385,-0.587890625,0,0.36711710691452026,0.30630630254745483,0.3265765905380249,0,0.4031469215920051,taglish,comment,True,majority,3-0,0,0
t1_p68p9ww,0,0.010489092208445072,-4.546875,0,0.28273245692253113,0.3965844511985779,0.3206831216812134,0,0.045883728746624,taglish,comment,True,unanimous,3-0,0,0
t1_p68rnzt,0,0.14128142595291138,-1.8046875,0,0.3354700803756714,0.32692307233810425,0.33760684728622437,0,0.2306784275381994,taglish,comment,True,majority,3-0,0,0
t1_p695c5c,0,0.020023442804813385,-3.890625,0,0.31501057744026184,0.34038054943084717,0.344608873128891,0,0.06935235358452575,taglish,comment,True,majority,3-0,0,0
t1_p6972gb,0,0.4023921489715576,-0.3955078125,0,0.3976331353187561,0.305325448513031,0.2970414161682129,0,0.4343880961787053,tagalog,comment,True,majority,3-0,0,0
t1_p69t9vn,0,0.014957086183130741,-4.1875,0,0.31020408868789673,0.33673468232154846,0.3530612289905548,0,0.05760468476477536,taglish,comment,True,majority,3-0,0,0
t1_p69tbzs,1,0.31111282110214233,-0.794921875,0,0.347252756357193,0.3252747356891632,0.3274725377559662,0,0.37038938800067056,tagalog,comment,True,adjudicator,2-1,1,1
t1_p69yce2,0,0.35042139887809753,-0.6171875,0,0.3792324960231781,0.31151241064071655,0.30925509333610535,0,0.39845105495858507,tagalog,comment,True,adjudicator,2-1,0,0
t1_p69zn8v,0,0.5601323843002319,0.24169921875,1,0.3798626959323883,0.31121280789375305,0.30892449617385864,0,0.5402414912496818,tagalog,comment,True,adjudicator,2-1,0,0
t1_p6a1tky,0,0.04569203034043312,-3.0390625,0,0.3262711763381958,0.32838982343673706,0.34533897042274475,0,0.11626030487141607,tagalog,comment,True,adjudicator,3-0,0,0
t1_p6a7ngv,0,0.3065270483493805,-0.81640625,0,0.35807859897613525,0.3209607005119324,0.3209607005119324,0,0.36705175444034854,taglish,comment,True,adjudicator,2-1,0,0
t1_p6ae97q,0,0.08151976019144058,-2.421875,0,0.3311546742916107,0.328976035118103,0.33986929059028625,0,0.16570089714239566,english,comment,True,unanimous,3-0,0,0
t1_p6avr6a,1,0.2658804655075073,-1.015625,0,0.3206278085708618,0.37219730019569397,0.3071748912334442,0,0.33674169464114384,taglish,comment,True,majority,3-0,1,1
t1_p6br5ul,0,0.09334688633680344,-2.2734375,0,0.29490020871162415,0.34589800238609314,0.3592017590999603,0,0.17985392212498974,taglish,comment,True,unanimous,3-0,0,0
t1_p6bufix,0,0.5839152932167053,0.3388671875,1,0.39613527059555054,0.3007246255874634,0.3031401038169861,0,0.5563018894546934,tagalog,comment,True,unanimous,3-0,0,0
t1_p6c038g,0,0.03817827254533768,-3.2265625,0,0.3152400851249695,0.32776618003845215,0.35699373483657837,0,0.10400721316107457,taglish,comment,True,unanimous,3-0,0,0
t1_p6c40zg,0,0.4710712134838104,-0.1158447265625,0,0.35561496019363403,0.3235294222831726,0.32085561752319336,0,0.4806803535946425,tagalog,comment,True,adjudicator,2-1,0,0
t1_p6cabpt,0,0.018689310178160667,-3.9609375,0,0.3166666626930237,0.3333333432674408,0.3499999940395355,0,0.06638403332867755,english,comment,True,adjudicator,2-1,0,0
t1_p6cd5mu,0,0.014957086183130741,-4.1875,0,0.3076923191547394,0.34095633029937744,0.3513513505458832,0,0.05760468476477536,english,comment,True,majority,3-0,0,0
t1_p6chu5d,0,0.6057990193367004,0.4296875,1,0.4273291826248169,0.2881987690925598,0.2844720482826233,0,0.571208131344852,english,comment,True,majority,3-0,0,0
t1_p6clw9k,0,0.01640303246676922,-4.09375,0,0.30612245202064514,0.34285715222358704,0.3510203957557678,0,0.061096947273629826,taglish,comment,True,unanimous,3-0,0,0
t1_p6cmyu9,0,0.011158031411468983,-4.484375,0,0.22921347618103027,0.3775281012058258,0.3932584226131439,0,0.04774487593153098,taglish,comment,True,unanimous,3-0,0,0
t1_p6cnw1j,0,0.2330075204372406,-1.19140625,0,0.3424036204814911,0.32879817485809326,0.32879817485809326,0,0.31106001979571,english,comment,True,majority,3-0,0,0
t1_p6co89h,0,0.03514484316110611,-3.3125,0,0.304824560880661,0.34210526943206787,0.3530701696872711,0,0.0987822912282924,english,comment,True,adjudicator,2-1,0,0
t1_p6cpjq0,0,0.014957086183130741,-4.1875,0,0.2761692702770233,0.35857459902763367,0.365256130695343,0,0.05760468476477536,tagalog,comment,True,adjudicator,2-1,0,0
t1_p6cqrb7,0,0.1030244380235672,-2.1640625,0,0.34966591000556946,0.3184855282306671,0.3318485617637634,0,0.19087441580466166,english,comment,True,majority,3-0,0,0
t1_p6cqz6j,0,0.08035747706890106,-2.4375,0,0.27927929162979126,0.3558558523654938,0.36486485600471497,0,0.16426424872868958,taglish,comment,True,majority,3-0,0,0
t1_p6cwcvw,0,0.017045317217707634,-4.0546875,0,0.30566802620887756,0.3441295623779297,0.35020244121551514,0,0.06260971666102977,taglish,comment,True,majority,3-0,0,0
t1_p6d0ute,0,0.019271137192845345,-3.9296875,0,0.30737704038619995,0.3401639461517334,0.35245901346206665,0,0.06768843330667347,taglish,comment,True,adjudicator,2-1,0,0
t1_p6d2bev,0,0.015424554236233234,-4.15625,0,0.30737704038619995,0.3463114798069,0.3463114798069,0,0.05874743166930117,taglish,comment,True,unanimous,3-0,0,0
t1_p6d2xv7,0,0.012053778395056725,-4.40625,0,0.29273083806037903,0.3713163137435913,0.33595284819602966,0,0.050172226822430145,taglish,comment,True,majority,3-0,0,0
t1_p6d4a5b,0,0.03488088399171829,-3.3203125,0,0.31687241792678833,0.33539095520973206,0.3477366268634796,0,0.09831906897061209,taglish,comment,True,majority,3-0,0,0
t1_p6d4a5h,0,0.015189048834145069,-4.171875,0,0.26171875,0.40234375,0.3359375,0,0.05817342560325391,taglish,comment,True,majority,3-0,0,0
t1_p6d4m4o,0,0.016914913430809975,-4.0625,0,0.3132780194282532,0.3423236608505249,0.3443983495235443,0,0.06230439258014034,taglish,comment,True,majority,3-0,0,0
t1_p6d5a9r,0,0.35220175981521606,-0.609375,0,0.3016877770423889,0.4071730077266693,0.29113924503326416,0,0.3997014987791294,taglish,comment,True,majority,3-0,0,0
t1_p6d5ebs,0,0.04115288704633713,-3.1484375,0,0.2863340675830841,0.37527114152908325,0.33839479088783264,0,0.10896762654817069,english,comment,True,majority,3-0,0,0
t1_p6d5g6l,0,0.010013570077717304,-4.59375,0,0.25984251499176025,0.4015747904777527,0.3385826647281647,0,0.04453340204507209,tagalog,comment,True,adjudicator,2-1,0,0
t1_p6d602e,0,0.48898494243621826,-0.0440673828125,0,0.3427331745624542,0.3796095550060272,0.27765727043151855,0,0.4926476676375347,taglish,comment,True,majority,3-0,0,0
t1_p6d679g,0,0.012431650422513485,-4.375,0,0.2424892634153366,0.3927038609981537,0.3648068606853485,0,0.051175537248186714,taglish,comment,True,majority,3-0,0,0
t1_p6d6eto,0,0.0427221953868866,-3.109375,0,0.31224489212036133,0.3469387888908386,0.34081631898880005,0,0.11152489031990566,tagalog,comment,True,adjudicator,2-1,0,0
t1_p6d72uq,0,0.01578456163406372,-4.1328125,0,0.27548807859420776,0.35357916355133057,0.37093275785446167,0,0.05961840457867046,tagalog,comment,True,adjudicator,2-1,0,1
t1_p6d76ne,0,0.008445627056062222,-4.765625,0,0.26522594690322876,0.40275049209594727,0.332023561000824,0,0.039899541524579196,taglish,comment,True,unanimous,3-0,0,0
t1_p6dbzkq,0,0.012624949216842651,-4.359375,0,0.26476576924324036,0.3788187503814697,0.3564154803752899,0,0.05168428327240213,taglish,comment,True,adjudicator,2-1,0,0
t1_p6dhcd8,0,0.7690802216529846,1.203125,1,0.3859250843524933,0.37911462783813477,0.23496027290821075,1,0.690613622033397,taglish,comment,True,adjudicator,2-1,0,1
t1_p6dl87e,0,0.8449215292930603,1.6953125,1,0.43256378173828125,0.29769137501716614,0.2697448432445526,1,0.7561129101011371,tagalog,comment,True,adjudicator,2-1,0,0
t1_p6dlj67,0,0.027376487851142883,-3.5703125,0,0.31481480598449707,0.34156379103660583,0.3436214029788971,0,0.08448616301932138,english,comment,True,unanimous,3-0,0,0
t1_p6doeci,1,0.19744443893432617,-1.40234375,0,0.3267543911933899,0.33552631735801697,0.33771929144859314,0,0.2817187113970191,taglish,comment,True,majority,3-0,1,1
t1_p6du7t8,1,0.025760557502508163,-3.6328125,0,0.3234672248363495,0.33403804898262024,0.3424947261810303,0,0.08131510043664678,taglish,comment,True,majority,3-0,1,1
t1_p6dumj1,0,0.015424554236233234,-4.15625,0,0.2752808928489685,0.3988763988018036,0.3258427083492279,0,0.05874743166930117,english,comment,True,adjudicator,2-1,0,0
t1_p6dx5af,1,0.7371581792831421,1.03125,1,0.4080188572406769,0.30188679695129395,0.2900943458080292,1,0.665583482720658,taglish,comment,True,majority,3-0,1,1
t1_p6dzcut,0,0.014728614129126072,-4.203125,0,0.31134021282196045,0.34226804971694946,0.3463917672634125,0,0.05704116754177609,taglish,comment,True,adjudicator,3-0,0,0
t1_p6e0fce,0,0.012821215204894543,-4.34375,0,0.2917466461658478,0.4011516273021698,0.3071017265319824,0,0.0521978086090026,english,comment,True,majority,3-0,0,0
t1_p6e1bpi,0,0.043365802615880966,-3.09375,0,0.2984790802001953,0.38973385095596313,0.31178706884384155,0,0.11256240749778637,taglish,comment,True,unanimous,3-0,0,0
t1_p6e2mll,0,0.8110781908035278,1.45703125,1,0.4326328933238983,0.29789865016937256,0.2694684863090515,1,0.7256079019317608,taglish,comment,True,adjudicator,2-1,0,1
t1_p6e8qgz,0,0.019419347867369652,-3.921875,0,0.31446540355682373,0.34381550550460815,0.3417190909385681,0,0.0680182281229532,english,comment,True,unanimous,3-0,0,0
t1_p6ebd8n,1,0.01971912942826748,-3.90625,0,0.23946556448936462,0.41521069407463074,0.34532374143600464,0,0.0686822904532567,taglish,comment,True,majority,3-0,1,1
t1_p6ehy4o,0,0.017045317217707634,-4.0546875,0,0.30927833914756775,0.3443298935890198,0.3463917672634125,0,0.06260971666102977,tagalog,comment,True,adjudicator,2-1,0,0
t1_p6eids9,0,0.015663648024201393,-4.140625,0,0.25934067368507385,0.37362638115882874,0.3670329749584198,0,0.059326744771127204,taglish,comment,True,majority,3-0,0,0
t1_p6ej25y,0,0.009268012829124928,-4.671875,0,0.2761194109916687,0.4029850661754608,0.3208955228328705,0,0.042366691070799864,taglish,comment,True,majority,3-0,0,0
t1_p6eld8l,0,0.017576880753040314,-4.0234375,0,0.24081632494926453,0.4244897961616516,0.33469387888908386,0,0.06384502553925203,english,comment,True,majority,3-0,0,0
t1_p6em1fp,0,0.06853749603033066,-2.609375,0,0.29827916622161865,0.3881453275680542,0.31357553601264954,0,0.1491163058173886,tagalog,comment,True,majority,3-0,0,0
t1_p6en2t3,0,0.011687257327139378,-4.4375,0,0.2502617835998535,0.40418848395347595,0.34554973244667053,0,0.049187566859983156,taglish,comment,True,majority,3-0,0,0
t1_p6eni46,0,0.015424554236233234,-4.15625,0,0.30434781312942505,0.3457556962966919,0.34989649057388306,0,0.05874743166930117,taglish,comment,True,majority,3-0,0,0
t1_p6eo5lu,0,0.31362995505332947,-0.783203125,0,0.3557814359664917,0.30368489027023315,0.34053367376327515,0,0.37221517157832595,tagalog,comment,True,adjudicator,2-1,0,1
t1_p6ep96k,1,0.5006561279296875,0.00262451171875,1,0.37193763256073,0.3184855282306671,0.3095768392086029,0,0.5004379127430205,taglish,comment,True,majority,3-0,1,1
t1_p6epc1a,0,0.7318258881568909,1.00390625,1,0.4000000059604645,0.3260115683078766,0.27398842573165894,1,0.6615092130284477,tagalog,comment,True,adjudicator,2-1,0,0
t1_p6eqhjg,0,0.1629120409488678,-1.63671875,0,0.3158953785896301,0.37826961278915405,0.3058350086212158,0,0.25117061672093893,taglish,comment,True,unanimous,3-0,0,0
t1_p6eswyp,0,0.01971912942826748,-3.90625,0,0.22704339027404785,0.435923308134079,0.33703330159187317,0,0.0686822904532567,taglish,comment,True,unanimous,3-0,0,0
t1_p6et3yt,0,0.1030244380235672,-2.1640625,0,0.26217615604400635,0.42072537541389465,0.3170984387397766,0,0.19087441580466166,tagalog,comment,True,majority,3-0,0,0
t1_p6euog5,0,0.024798156693577766,-3.671875,0,0.30382293462753296,0.3480885326862335,0.3480885326862335,0,0.07938865033077765,tagalog,comment,True,majority,3-0,0,0
t1_p6euv7s,0,0.5943158864974976,0.3818359375,1,0.39753085374832153,0.29135802388191223,0.31111112236976624,0,0.5633686377909988,taglish,comment,True,majority,3-0,0,0
t1_p6ewk1l,0,0.013636835850775242,-4.28125,0,0.27331188321113586,0.3665594756603241,0.36012861132621765,0,0.05430049319479187,taglish,comment,True,majority,3-0,0,0
t1_p6f5ipu,0,0.01678548939526081,-4.0703125,0,0.3086419701576233,0.3395061790943146,0.35185185074806213,0,0.06200045896861632,english,comment,True,majority,3-0,0,0
t1_p6fjy95,0,0.4329023063182831,-0.27001953125,0,0.3663594424724579,0.32027649879455566,0.31336405873298645,0,0.45506744006969685,english,comment,True,majority,3-0,0,0
t1_p6fpm8n,0,0.05184547230601311,-2.90625,0,0.2535496950149536,0.42393508553504944,0.32251521944999695,0,0.12568200917892283,taglish,comment,True,unanimous,3-0,0,0
t1_p6fq1hu,0,0.8407825827598572,1.6640625,1,0.4032042622566223,0.34445926547050476,0.25233644247055054,1,0.7522462595578233,taglish,comment,True,adjudicator,2-1,0,0
t1_p6fqn4g,0,0.25312182307243347,-1.08203125,0,0.3058568239212036,0.39913231134414673,0.29501083493232727,0,0.326915485317307,taglish,comment,True,unanimous,3-0,0,0
t1_p6fxfke,0,0.025371311232447624,-3.6484375,0,0.3183760643005371,0.33760684728622437,0.3440170884132385,0,0.0805394590827749,english,comment,True,majority,3-0,0,0
t1_p6g3fw7,0,0.027376487851142883,-3.5703125,0,0.298353910446167,0.34567901492118835,0.35596707463264465,0,0.08448616301932138,taglish,comment,True,majority,3-0,0,0
t1_p6gaw8o,0,0.015663648024201393,-4.140625,0,0.28652751445770264,0.3965844511985779,0.3168880343437195,0,0.059326744771127204,taglish,comment,True,majority,3-0,0,0
t1_p6gflpe,0,0.046378206461668015,-3.0234375,0,0.3172268867492676,0.3445378243923187,0.3382352888584137,0,0.11733605773886623,tagalog,comment,True,majority,3-0,0,0
t1_p6gv4u5,0,0.02280263788998127,-3.7578125,0,0.2719200849533081,0.3573806881904602,0.3706992268562317,0,0.07529653814559467,english,comment,True,majority,3-0,0,0
t1_p6gwkw5,0,0.016914913430809975,-4.0625,0,0.29878050088882446,0.3455284535884857,0.3556910455226898,0,0.06230439258014034,taglish,comment,True,majority,3-0,0,0
t1_p6hm98v,0,0.7549149990081787,1.125,1,0.38692811131477356,0.3124183118343353,0.3006536066532135,1,0.679363319265196,taglish,comment,True,majority,3-0,0,0
t1_p6hvxya,0,0.028007520362734795,-3.546875,0,0.31340205669403076,0.33814433217048645,0.3484536111354828,0,0.08570398569083677,taglish,comment,True,unanimous,3-0,0,0
t1_p6i8tq3,0,0.018124721944332123,-3.9921875,0,0.30566802620887756,0.3461538553237915,0.3481781482696533,0,0.06510301470068977,taglish,comment,True,majority,3-0,0,0
t1_p6izwa7,0,0.012053778395056725,-4.40625,0,0.24539877474308014,0.40081799030303955,0.3537832200527191,0,0.050172226822430145,taglish,comment,True,unanimous,3-0,0,0
t1_p6jey0u,0,0.018689310178160667,-3.9609375,0,0.3086419701576233,0.3477366268634796,0.3436214029788971,0,0.06638403332867755,taglish,comment,True,majority,3-0,0,0
t1_p6k0olj,0,0.02280263788998127,-3.7578125,0,0.3055555522441864,0.3333333432674408,0.3611111044883728,0,0.07529653814559467,taglish,comment,True,unanimous,3-0,0,0
t1_p6k2fwb,0,0.8098781704902649,1.44921875,1,0.4474393427371979,0.2857142984867096,0.26684635877609253,1,0.7245685251533752,tagalog,comment,True,adjudicator,2-1,0,0
t1_p6k5hug,0,0.031143829226493835,-3.4375,0,0.29801324009895325,0.34437087178230286,0.3576158881187439,0,0.09159979523813061,english,comment,True,majority,3-0,0,0
t1_p6k7qq2,1,0.018264278769493103,-3.984375,0,0.2711111009120941,0.35777777433395386,0.371111124753952,0,0.06542109664518816,taglish,comment,True,majority,3-0,1,1
t1_p6ke3xw,0,0.8128673434257507,1.46875,1,0.37681159377098083,0.3924191892147064,0.23076923191547394,1,0.7271623857022615,tagalog,comment,True,adjudicator,2-1,0,0
t1_p6kea8c,0,0.028870904818177223,-3.515625,0,0.276450514793396,0.3526735007762909,0.3708759844303131,0,0.08735249030645904,english,comment,True,majority,3-0,0,0
t1_p6kecwp,0,0.024237634614109993,-3.6953125,0,0.2564389705657959,0.36506158113479614,0.37849944829940796,0,0.07825288573116679,taglish,comment,True,unanimous,3-0,0,0
t1_p6kehs9,0,0.12463856488466263,-1.94921875,0,0.27039626240730286,0.3636363744735718,0.36596736311912537,0,0.21400560821193887,taglish,comment,True,majority,3-0,0,0
t1_p6kgofq,0,0.022457052022218704,-3.7734375,0,0.2857142984867096,0.34415584802627563,0.37012988328933716,0,0.07457364596106984,taglish,comment,True,unanimous,3-0,0,0
t1_p6khn4l,0,0.04885777831077576,-2.96875,0,0.29032257199287415,0.3591397702693939,0.35053762793540955,0,0.12116936646388439,taglish,comment,True,majority,3-0,0,0
t1_p6krqpa,0,0.0838903859257698,-2.390625,0,0.3162393271923065,0.3333333432674408,0.3504273593425751,0,0.16860437600730688,taglish,comment,True,unanimous,3-0,0,0
t1_p6ks2os,0,0.010013570077717304,-4.59375,0,0.22539682686328888,0.4169312119483948,0.35767194628715515,0,0.04453340204507209,english,comment,True,majority,3-0,0,0
t1_p6ksuoj,0,0.012431650422513485,-4.375,0,0.28936171531677246,0.3510638177394867,0.35957446694374084,0,0.051175537248186714,taglish,comment,True,majority,3-0,0,0
t1_p6ktn2q,0,0.9348725080490112,2.6640625,1,0.4906166195869446,0.262734591960907,0.24664878845214844,1,0.8554557154631257,taglish,comment,True,adjudicator,2-1,0,0
t1_p6kttwd,0,0.011508148163557053,-4.453125,0,0.2673267424106598,0.4000000059604645,0.3326732814311981,0,0.0487021347289131,taglish,comment,True,majority,3-0,0,0
t1_p6l0our,0,0.2624635696411133,-1.033203125,0,0.3610503375530243,0.3172866404056549,0.3216630220413208,0,0.33412643201301157,english,comment,True,adjudicator,2-1,0,1
t1_p6l35h6,0,0.0384661927819252,-3.21875,0,0.3166666626930237,0.33541667461395264,0.3479166626930237,0,0.10449412893261212,tagalog,comment,True,majority,3-0,0,0
t1_p6l4u59,0,0.01615283451974392,-4.109375,0,0.30497926473617554,0.3464730381965637,0.34854772686958313,0,0.060501460283761944,taglish,comment,True,majority,3-0,0,0
t1_p6l7ohc,0,0.026759279891848564,-3.59375,0,0.32016631960868835,0.34303534030914307,0.3367983400821686,0,0.08328406885590481,english,comment,True,adjudicator,2-1,0,0
t1_p6leryv,1,0.09739040583372116,-2.2265625,0,0.3340425491333008,0.3297872245311737,0.3361702263355255,0,0.18451501292218642,tagalog,comment,True,adjudicator,2-1,1,0
t1_p6lfn0d,1,0.28140562772750854,-0.9375,0,0.3276698887348175,0.3252427279949188,0.34708738327026367,0,0.3484847844864271,tagalog,comment,True,adjudicator,2-1,1,1
t1_p6lpg3h,0,0.01640303246676922,-4.09375,0,0.30184805393218994,0.342915803194046,0.35523614287376404,0,0.061096947273629826,taglish,comment,True,unanimous,3-0,0,0
t1_p6ls6y1,0,0.02460992895066738,-3.6796875,0,0.30897703766822815,0.3444676399230957,0.34655532240867615,0,0.07900839831317236,taglish,comment,True,unanimous,3-0,0,0
t1_p6lwczc,0,0.017309095710515976,-4.0390625,0,0.2890295386314392,0.3459915518760681,0.3649789094924927,0,0.06322455778075704,taglish,comment,True,unanimous,3-0,0,0
t1_p6m71t4,0,0.04023794084787369,-3.171875,0,0.29184550046920776,0.3519313335418701,0.3562231659889221,0,0.10745808791148899,tagalog,comment,True,adjudicator,2-1,0,0
t1_p6m8vbx,0,0.12085322290658951,-1.984375,0,0.2948453724384308,0.4020618498325348,0.3030927777290344,0,0.21008528480199415,taglish,comment,True,unanimous,3-0,0,0
t1_p6m99jg,0,0.2986958920955658,-0.853515625,0,0.360619455575943,0.3252212405204773,0.3141593039035797,0,0.36131681956033496,taglish,comment,True,majority,3-0,0,0
t1_p6m9jv1,0,0.053799647837877274,-2.8671875,0,0.2678936719894409,0.3905930519104004,0.3415133059024811,0,0.12857492592662206,tagalog,comment,True,adjudicator,2-1,0,0
t1_p6mdm8w,0,0.014503578655421734,-4.21875,0,0.2993890047073364,0.3482688367366791,0.3523421585559845,0,0.05648283252016579,taglish,comment,True,majority,3-0,0,0
t1_p6mfvsd,0,0.6365790963172913,0.560546875,1,0.40897756814956665,0.3042393922805786,0.28678303956985474,0,0.5924541765791701,english,comment,True,majority,3-0,0,0
t1_p6mgw4q,0,0.802555501461029,1.40234375,1,0.4557291567325592,0.2864583432674408,0.2578125,1,0.7182812886029809,tagalog,comment,True,adjudicator,2-1,0,0
t1_p6mhswo,0,0.4287116527557373,-0.287109375,0,0.36761486530303955,0.31509846448898315,0.3172866404056549,0,0.4522404221919172,taglish,comment,True,unanimous,3-0,0,0
t1_p6mqz8i,0,0.014281933195888996,-4.234375,0,0.3051546514034271,0.3443298935890198,0.3505154550075531,0,0.055929638485657414,taglish,comment,True,majority,3-0,0,0
t1_p6mx9qt,0,0.016657039523124695,-4.078125,0,0.2731092572212219,0.3592436909675598,0.36764705181121826,0,0.06169791045310094,taglish,comment,True,majority,3-0,0,0
t1_p6mzzu2,0,0.28378137946128845,-0.92578125,0,0.3640553057193756,0.3179723620414734,0.3179723620414734,0,0.35026266099425923,taglish,comment,True,majority,3-0,0,0
t1_p6n49j6,0,0.034358687698841095,-3.3359375,0,0.3304904103279114,0.32622602581977844,0.34328359365463257,0,0.0973984275717484,taglish,comment,True,majority,3-0,0,0
t1_p6n6i61,0,0.01342825498431921,-4.296875,0,0.28482329845428467,0.34927234053611755,0.3659043610095978,0,0.053767455021007354,taglish,comment,True,majority,3-0,0,0
t1_p6n8ciw,1,0.4948884844779968,-0.02044677734375,0,0.3688622713088989,0.30059880018234253,0.33053892850875854,0,0.4965884062837635,taglish,comment,True,adjudicator,3-0,1,1
t1_p6n9ar5,0,0.014728614129126072,-4.203125,0,0.30595481395721436,0.3470225930213928,0.3470225930213928,0,0.05704116754177609,taglish,comment,True,majority,3-0,0,0
t1_p6nblvn,0,0.021287353709340096,-3.828125,0,0.28411632776260376,0.34899330139160156,0.3668903708457947,0,0.07209351186511057,taglish,comment,True,adjudicator,2-1,0,0
t1_p6nhkp4,1,0.016277462244033813,-4.1015625,0,0.24793387949466705,0.39462810754776,0.35743802785873413,0,0.060798521920146155,taglish,comment,True,adjudicator,2-1,1,0
t1_p6nuzog,1,0.5763035416603088,0.3076171875,1,0.3880239427089691,0.3137724697589874,0.29820358753204346,0,0.5511479201566386,english,comment,True,majority,3-0,1,1
t1_p6oquzf,0,0.010652512311935425,-4.53125,0,0.283730149269104,0.3849206268787384,0.3313491940498352,0,0.04634243729135856,taglish,comment,True,majority,3-0,0,0
t1_p6osm23,0,0.42763569951057434,-0.29150390625,0,0.35908597707748413,0.3852013051509857,0.25571271777153015,0,0.4515139651434196,english,comment,True,majority,3-0,0,0
t1_p6otkfn,0,0.016029147431254387,-4.1171875,0,0.24948453903198242,0.39587628841400146,0.3546391725540161,0,0.0602057570487463,taglish,comment,True,majority,3-0,0,0
t1_p6p30dx,0,0.09467770159244537,-2.2578125,0,0.29139071702957153,0.39293599128723145,0.315673291683197,0,0.1813973230027816,english,comment,True,unanimous,3-0,0,0
t1_p6p92x5,0,0.25832599401474,-1.0546875,0,0.354347825050354,0.31521740555763245,0.33043476939201355,0,0.3309438079245765,tagalog,comment,True,adjudicator,2-1,0,0
t1_p6q1sni,0,0.9149009585380554,2.375,1,0.4807437062263489,0.262948215007782,0.25630810856819153,1,0.8299287415292834,tagalog,comment,True,adjudicator,2-1,0,1
t1_p6q5lui,0,0.016657039523124695,-4.078125,0,0.30721649527549744,0.34226804971694946,0.3505154550075531,0,0.06169791045310094,english,comment,True,majority,3-0,0,0
t1_p6q7agm,0,0.019271137192845345,-3.9296875,0,0.30595481395721436,0.342915803194046,0.35112935304641724,0,0.06768843330667347,taglish,comment,True,unanimous,3-0,0,0
t1_p6qnlfh,0,0.14223189651966095,-1.796875,0,0.3082352876663208,0.3458823561668396,0.3458823561668396,0,0.2316050726009153,english,comment,True,unanimous,3-0,0,0
t1_p6qr4jk,1,0.8910549879074097,2.1015625,1,0.4522472023963928,0.29634830355644226,0.2514044940471649,1,0.8026000569854471,taglish,comment,True,majority,3-0,1,1
t1_p6qrg23,0,0.037047166377305984,-3.2578125,0,0.3086419701576233,0.3436214029788971,0.3477366268634796,0,0.10207955789607796,taglish,comment,True,unanimous,3-0,0,0
t1_p6qs09c,0,0.010328153148293495,-4.5625,0,0.2816635072231293,0.39886578917503357,0.31947070360183716,0,0.045429344317764415,english,comment,True,majority,3-0,0,0
t1_p6qw36r,0,0.039048291742801666,-3.203125,0,0.3086419701576233,0.3395061790943146,0.35185185074806213,0,0.1054740035903615,tagalog,comment,True,adjudicator,3-0,0,0
t1_p6r4d0s,0,0.022116590291261673,-3.7890625,0,0.30912864208221436,0.3402489721775055,0.35062241554260254,0,0.07385713965564286,tagalog,comment,True,majority,3-0,0,0
t1_p6r5b23,1,0.7138307690620422,0.9140625,1,0.35872235894203186,0.39066338539123535,0.2506142556667328,1,0.6479552933350529,tagalog,comment,True,adjudicator,2-1,1,1
t1_p6r7p20,0,0.19930799305438995,-1.390625,0,0.3192771077156067,0.36947789788246155,0.31124499440193176,0,0.28330408115643213,tagalog,comment,True,adjudicator,2-1,0,0
t1_p6rhuik,0,0.17217184603214264,-1.5703125,0,0.3732718825340271,0.3110599219799042,0.3156681954860687,0,0.25959822047049236,taglish,comment,True,unanimous,3-0,0,0
t1_p6rhul2,1,0.7041601538658142,0.8671875,1,0.38908660411834717,0.3606168329715729,0.25029656291007996,1,0.6407862258895513,tagalog,comment,True,majority,3-0,1,1
t1_p6rklxt,0,0.77390056848526,1.23046875,1,0.4505208432674408,0.2799479067325592,0.26953125,1,0.694499359209349,tagalog,comment,True,majority,3-0,0,0
t1_p6rotah,0,0.8976953029632568,2.171875,1,0.5079365372657776,0.22366522252559662,0.268398255109787,1,0.8099295774745172,tagalog,comment,True,majority,3-0,0,0
t1_p6rotok,0,0.027376487851142883,-3.5703125,0,0.31481480598449707,0.3395061790943146,0.34567901492118835,0,0.08448616301932138,taglish,comment,True,majority,3-0,0,0
t1_p6rox95,0,0.18772760033607483,-1.46484375,0,0.347252756357193,0.3186813294887543,0.3340659439563751,0,0.2733551637919132,tagalog,comment,True,majority,3-0,0,0
t1_p6rozmh,0,0.06371499598026276,-2.6875,0,0.31982943415641785,0.3347547948360443,0.34541577100753784,0,0.14262078539289552,taglish,comment,True,majority,3-0,0,0
t1_p6rp2hj,0,0.4396270513534546,-0.24267578125,0,0.3720930218696594,0.3610188364982605,0.2668881416320801,0,0.4595966241574286,taglish,comment,True,unanimous,3-0,0,0
t1_p6rpvsx,0,0.9092645049095154,2.3046875,1,0.47978436946868896,0.27223721146583557,0.24797843396663666,1,0.8232020854418408,tagalog,comment,True,unanimous,3-0,0,0
t1_p6rq1jm,0,0.3319854736328125,-0.69921875,0,0.35619470477104187,0.32300883531570435,0.3207964599132538,0,0.3854041135738437,taglish,comment,True,unanimous,3-0,0,0
t1_p6rsban,0,0.8267117738723755,1.5625,1,0.4532279372215271,0.25691699981689453,0.28985506296157837,1,0.7393983148001921,taglish,comment,True,adjudicator,2-1,0,0
t1_p6rtlgn,0,0.01640303246676922,-4.09375,0,0.2991803288459778,0.3442623019218445,0.35655736923217773,0,0.061096947273629826,taglish,comment,True,majority,3-0,0,0
t1_p6ru8e6,0,0.837619960308075,1.640625,1,0.4582781493663788,0.27682119607925415,0.26490065455436707,1,0.7493194204464838,taglish,comment,True,majority,3-0,0,0
t1_p6rx9j3,0,0.19559408724308014,-1.4140625,0,0.3512880504131317,0.3348946273326874,0.3138173222541809,0,0.2801387456272256,english,comment,True,majority,3-0,0,0
t1_p6rxbx6,0,0.5239683985710144,0.095947265625,1,0.40142518281936646,0.30403801798820496,0.294536828994751,0,0.5160038106585827,tagalog,comment,True,adjudicator,3-0,0,1
t1_p6rxmzn,0,0.014063626527786255,-4.25,0,0.27306273579597473,0.3985239863395691,0.3284132778644562,0,0.055381544425499044,english,comment,True,majority,3-0,0,0
t1_p6rxq8o,1,0.7174080014228821,0.931640625,1,0.39708030223846436,0.30510950088500977,0.29781022667884827,1,0.6506268008887371,tagalog,comment,True,adjudicator,2-1,1,1
t1_p6rxtds,0,0.025371311232447624,-3.6484375,0,0.3015521168708801,0.3503325879573822,0.34811529517173767,0,0.0805394590827749,taglish,comment,True,majority,3-0,0,0
t1_p6ry2to,0,0.05033063143491745,-2.9375,0,0.33839479088783264,0.3253796100616455,0.33622559905052185,0,0.12340796611525169,tagalog,comment,True,majority,3-0,0,0
t1_p6ryi6a,0,0.01590639352798462,-4.125,0,0.2795497179031372,0.39774858951568604,0.32270169258117676,0,0.05991140691110924,english,comment,True,majority,3-0,0,0
t1_p6ryuq9,1,0.755636990070343,1.12890625,1,0.4373258948326111,0.2827298045158386,0.2799443006515503,1,0.6799309569488953,english,comment,True,majority,3-0,1,1
t1_p6rz9ma,0,0.021125193685293198,-3.8359375,0,0.2907488942146301,0.3590308427810669,0.350220263004303,0,0.07174547865011219,taglish,comment,True,majority,3-0,0,0
t1_p6rzert,0,0.032344330102205276,-3.3984375,0,0.3054393231868744,0.33891212940216064,0.35564854741096497,0,0.09379237289829385,english,comment,True,majority,3-0,0,0
t1_p6s0q0m,0,0.7138307690620422,0.9140625,1,0.4469696879386902,0.280303031206131,0.27272728085517883,1,0.6479552933350529,taglish,comment,True,majority,3-0,0,0
t1_p6s1evf,0,0.26894140243530273,-1.0,0,0.3613053560256958,0.3193473219871521,0.3193473219871521,0,0.3390748027965458,tagalog,comment,True,adjudicator,2-1,0,1
t1_p6s1gzr,0,0.15713684260845184,-1.6796875,0,0.3478260934352875,0.3282608687877655,0.323913037776947,0,0.2458152904568027,taglish,comment,True,majority,3-0,0,0
t1_p6s1uy8,0,0.020177319645881653,-3.8828125,0,0.2969697117805481,0.34545454382896423,0.35757574439048767,0,0.0696896494375592,taglish,comment,True,majority,3-0,0,0
t1_p6s2ym6,0,0.4644157588481903,-0.142578125,0,0.38228437304496765,0.31468531489372253,0.3030303120613098,0,0.476228065398791,tagalog,comment,True,adjudicator,2-1,0,1
t1_p6s3i12,0,0.7379143238067627,1.03515625,1,0.3775811195373535,0.3141593039035797,0.3082595765590668,1,0.6661635278329411,tagalog,comment,True,unanimous,3-0,0,0
t1_p6s43ki,1,0.7049732804298401,0.87109375,1,0.33039093017578125,0.40857502818107605,0.2610340416431427,1,0.6413861077514231,tagalog,comment,True,adjudicator,2-1,1,0
t1_p6s4bxj,1,0.45713669061660767,-0.171875,0,0.38369303941726685,0.30695444345474243,0.3093525171279907,0,0.4713532067798747,taglish,comment,True,adjudicator,2-1,1,1
t1_p6s4gzr,0,0.13753247261047363,-1.8359375,0,0.3103448152542114,0.3494252860546112,0.34022989869117737,0,0.2269978520181269,taglish,comment,True,majority,3-0,0,0
t1_p6s4vy1,0,0.26779094338417053,-1.005859375,0,0.3592677414417267,0.3409610986709595,0.29977115988731384,0,0.33819896333077853,taglish,comment,True,unanimous,3-0,0,0
t1_p6s5qhf,0,0.024423090741038322,-3.6875,0,0.3207547068595886,0.34381550550460815,0.33542975783348083,0,0.07862981204962317,taglish,comment,True,majority,3-0,0,0
t1_p6s5qic,0,0.6011253595352173,0.41015625,1,0.3962008059024811,0.30257803201675415,0.30122116208076477,0,0.5680124218697553,english,comment,True,adjudicator,2-1,0,0
t1_p6s5tag,0,0.03541072830557823,-3.3046875,0,0.24651162326335907,0.38372093439102173,0.369767427444458,0,0.09924745570065675,taglish,comment,True,adjudicator,2-1,0,0
t1_p6s60nq,0,0.1629120409488678,-1.63671875,0,0.31980907917022705,0.3460620641708374,0.33412888646125793,0,0.25117061672093893,english,comment,True,majority,3-0,0,0
t1_p6s66ir,0,0.053403329104185104,-2.875,0,0.34945055842399597,0.33186814188957214,0.3186813294887543,0,0.1279918377015539,tagalog,comment,True,majority,3-0,0,0
t1_p6s67b3,0,0.7879312038421631,1.3125,1,0.4340527653694153,0.2841726541519165,0.2817745804786682,1,0.7059902826200608,tagalog,comment,True,adjudicator,2-1,0,1
t1_p6s69yr,0,0.017045317217707634,-4.0546875,0,0.2565564513206482,0.36944127082824707,0.37400227785110474,0,0.06260971666102977,english,comment,True,majority,3-0,0,0
t1_p6s85r6,1,0.6236060857772827,0.5048828125,1,0.4356435537338257,0.2759900987148285,0.2883663475513458,0,0.5834540329534091,taglish,comment,True,majority,3-0,1,1
t1_p6s87ve,0,0.14560064673423767,-1.76953125,0,0.3333333432674408,0.3333333432674408,0.3333333432674408,0,0.23486877199727693,english,comment,True,majority,3-0,0,0
t1_p6s9jvf,0,0.06187598779797554,-2.71875,0,0.32415252923965454,0.33898305892944336,0.3368644118309021,0,0.1400893654695399,taglish,comment,True,majority,3-0,0,0
t1_p6sa3ez,0,0.4236964285373688,-0.3076171875,0,0.3858764171600342,0.30895334482192993,0.3051702380180359,0,0.44885207984336134,english,comment,True,unanimous,3-0,0,0
t1_p6sb45o,0,0.017176708206534386,-4.046875,0,0.2914046049118042,0.35010480880737305,0.35849055647850037,0,0.062916436595942,taglish,comment,True,unanimous,3-0,0,0
t1_p6sbqgt,0,0.5573635101318359,0.23046875,1,0.40161725878715515,0.29514825344085693,0.3032344877719879,0,0.5383792165419657,english,comment,True,adjudicator,2-1,0,0
t1_p6scjhs,0,0.10087861120700836,-2.1875,0,0.3076923191547394,0.4033263921737671,0.28898128867149353,0,0.18847021738980943,english,comment,True,majority,3-0,0,0
t1_p6scrqj,0,0.018546564504504204,-3.96875,0,0.23093682527542114,0.4313725531101227,0.3376906216144562,0,0.0660616004608415,tagalog,comment,True,majority,3-0,0,0
t1_p6scwsx,0,0.06465348601341248,-2.671875,0,0.2762312591075897,0.41327622532844543,0.31049251556396484,0,0.14390073425212555,english,comment,True,majority,3-0,0,0
t1_p6sdbo2,0,0.028007520362734795,-3.546875,0,0.3045356273651123,0.34773218631744385,0.34773218631744385,0,0.08570398569083677,english,comment,True,majority,3-0,0,0
t1_p6sdk5b,0,0.05877655744552612,-2.7734375,0,0.3123595416545868,0.3438202142715454,0.3438202142715454,0,0.1357499608101176,english,comment,True,majority,3-0,0,0
t1_p6sdu2r,1,0.8311430811882019,1.59375,1,0.41299304366111755,0.35730859637260437,0.22969837486743927,1,0.743397082008881,tagalog,comment,True,adjudicator,2-1,1,1
t1_p6sehwy,0,0.018546564504504204,-3.96875,0,0.3038793206214905,0.3534482717514038,0.3426724076271057,0,0.0660616004608415,english,comment,True,majority,3-0,0,0
t1_p6sf1y1,1,0.7599387168884277,1.15234375,1,0.3936324119567871,0.3068017363548279,0.299565851688385,1,0.6833255636365942,taglish,comment,True,adjudicator,2-1,1,0
t1_p6sficv,0,0.4007493853569031,-0.40234375,0,0.3592677414417267,0.31350114941596985,0.32723110914230347,0,0.43326746430918617,taglish,comment,True,adjudicator,2-1,0,0
t1_p6sfuvk,0,0.7563575506210327,1.1328125,1,0.3977433145046234,0.30888575315475464,0.29337093234062195,1,0.6804980623253425,tagalog,comment,True,adjudicator,2-1,0,0
t1_p6sfwqq,0,0.030675798654556274,-3.453125,0,0.33472803235054016,0.3305439352989197,0.33472803235054016,0,0.09073574045148475,taglish,comment,True,majority,3-0,0,0
t1_p6shdhh,0,0.49156269431114197,-0.03375244140625,0,0.3971291780471802,0.30382776260375977,0.29904305934906006,0,0.4943684751539981,english,comment,True,adjudicator,2-1,0,1
t1_p6shkkc,0,0.5820159912109375,0.3310546875,1,0.36274510622024536,0.3186274468898773,0.3186274468898773,0,0.555014488448269,taglish,comment,True,unanimous,3-0,0,0
t1_p6si5v5,0,0.03258974477648735,-3.390625,0,0.3234042525291443,0.3340425491333008,0.34255319833755493,0,0.09423649694186079,english,comment,True,adjudicator,2-1,0,0
t1_p6siibl,1,0.5832033753395081,0.3359375,1,0.4214559495449066,0.27969348430633545,0.29885056614875793,0,0.5558192017272433,english,comment,True,majority,3-0,1,1
t1_p6sjv6d,0,0.010652512311935425,-4.53125,0,0.2661290466785431,0.41330644488334656,0.32056450843811035,0,0.04634243729135856,taglish,comment,True,majority,3-0,0,0
t1_p6snw48,0,0.06371499598026276,-2.6875,0,0.28092485666275024,0.3514450788497925,0.3676300644874573,0,0.14262078539289552,tagalog,comment,True,adjudicator,2-1,0,1
t1_p6sqvf3,0,0.011687257327139378,-4.4375,0,0.2843326926231384,0.40812379121780396,0.3075435161590576,0,0.049187566859983156,english,comment,True,majority,3-0,0,0
t1_p6srpnp,0,0.017576880753040314,-4.0234375,0,0.2975708544254303,0.3461538553237915,0.3562752902507782,0,0.06384502553925203,taglish,comment,True,unanimous,3-0,0,0
t1_p6ss0n1,0,0.013020490296185017,-4.328125,0,0.3048780560493469,0.3434959352016449,0.3516260087490082,0,0.05271615260443792,english,comment,True,majority,3-0,0,0
t1_p6ss6y1,0,0.032344330102205276,-3.3984375,0,0.3095238208770752,0.33549782633781433,0.3549783527851105,0,0.09379237289829385,english,comment,True,majority,3-0,0,0
t1_p6t2rai,1,0.5601323843002319,0.24169921875,1,0.43435582518577576,0.29570552706718445,0.2699386477470398,0,0.5402414912496818,english,comment,True,unanimous,3-0,1,1
t1_p6t9u07,0,0.10017221421003342,-2.1953125,0,0.3091684579849243,0.34328359365463257,0.3475479781627655,0,0.18767400208250523,taglish,comment,True,majority,3-0,0,0
t1_p6tcqvk,1,0.14463144540786743,-1.77734375,0,0.3558139503002167,0.31162789463996887,0.33255812525749207,0,0.23393304438558352,english,comment,True,adjudicator,2-1,1,1
t1_p6tj25e,0,0.2018132209777832,-1.375,0,0.3512304127216339,0.33557048439979553,0.31319910287857056,0,0.2854262774014902,english,comment,True,majority,3-0,0,0
t1_p6tr1qe,1,0.2501792907714844,-1.09765625,0,0.3317756950855255,0.3317756950855255,0.336448609828949,0,0.3246249491008231,tagalog,comment,True,majority,3-0,1,1
t1_p6ttlip,0,0.1465751975774765,-1.76171875,0,0.3654266893863678,0.31072211265563965,0.32385119795799255,0,0.23580709038186584,english,comment,True,adjudicator,2-1,0,1
t1_p6tvsv8,0,0.019271137192845345,-3.9296875,0,0.30425962805747986,0.34888437390327454,0.3468559980392456,0,0.06768843330667347,taglish,comment,True,adjudicator,2-1,0,0
t1_p6ua9sd,0,0.03993731364607811,-3.1796875,0,0.31004366278648376,0.3340611457824707,0.35589519143104553,0,0.10695901047008542,taglish,comment,True,majority,3-0,0,0
t1_p6utghy,0,0.7943849563598633,1.3515625,1,0.4370861053466797,0.29801324009895325,0.26490065455436707,1,0.7113725969118315,taglish,comment,True,majority,3-0,0,0
t1_p6utm4e,0,0.7988152503967285,1.37890625,1,0.4508518874645233,0.2752293646335602,0.2739187479019165,1,0.7151051660612608,tagalog,comment,True,adjudicator,2-1,0,0
t1_p6v6185,0,0.047074176371097565,-3.0078125,0,0.33974358439445496,0.32478633522987366,0.3354700803756714,0,0.11842043069730437,taglish,comment,True,majority,3-0,0,0
t1_p6vmioe,0,0.11797800660133362,-2.01171875,0,0.32951945066452026,0.33180779218673706,0.3386727571487427,0,0.20707276887602946,taglish,comment,True,majority,3-0,0,0
t1_p6vqyp4,1,0.9196425676345825,2.4375,1,0.46433204412460327,0.2827496826648712,0.2529182732105255,1,0.8357357512713104,taglish,comment,True,majority,3-0,1,1
t1_p6vvs2w,1,0.9178933501243591,2.4140625,1,0.478723406791687,0.2632978856563568,0.25797873735427856,1,0.8335770108581598,english,comment,True,majority,3-0,1,1
t1_p6vx1q0,0,0.021948251873254776,-3.796875,0,0.28080809116363525,0.4080808162689209,0.31111112236976624,0,0.0735012668907666,english,comment,True,majority,3-0,0,0
t1_p6vxruc,1,0.2465333193540573,-1.1171875,0,0.3877550959587097,0.3106575906276703,0.30158731341362,0,0.32177354829006816,english,comment,True,adjudicator,2-1,1,1
t1_p6vy67q,0,0.018124721944332123,-3.9921875,0,0.27513810992240906,0.3624309301376343,0.3624309301376343,0,0.06510301470068977,taglish,comment,True,majority,3-0,0,0
t1_p6vzgnz,0,0.9012274742126465,2.2109375,1,0.4860759377479553,0.26962023973464966,0.24430379271507263,1,0.813910663080103,tagalog,comment,True,adjudicator,2-1,0,1
t1_p6w0op2,0,0.7793218493461609,1.26171875,1,0.40513551235198975,0.3024251163005829,0.29243937134742737,1,0.6989065238003541,tagalog,comment,True,adjudicator,2-1,0,1
t1_p6w2hj0,0,0.2422056347131729,-1.140625,0,0.3670329749584198,0.32967033982276917,0.3032967150211334,0,0.3183693285424269,english,comment,True,majority,3-0,0,0
t1_p6w4ii3,0,0.7956580519676208,1.359375,1,0.4546583890914917,0.2720496952533722,0.2732919156551361,1,0.7124420075968981,tagalog,comment,True,adjudicator,2-1,0,0
t1_p6w56rf,0,0.8092760443687439,1.4453125,1,0.4613466262817383,0.26932668685913086,0.26932668685913086,1,0.7240479225532478,tagalog,comment,True,adjudicator,2-1,0,1
t1_p6w66kr,0,0.7424216866493225,1.05859375,1,0.44634145498275757,0.2756097614765167,0.2780487835407257,1,0.6696332035369527,tagalog,comment,True,adjudicator,2-1,0,1
t1_p6w7t4i,1,0.7065955400466919,0.87890625,1,0.38793104887008667,0.30603447556495667,0.30603447556495667,1,0.6425845436871978,tagalog,comment,True,adjudicator,2-1,1,1
t1_p6w885b,0,0.31027624011039734,-0.798828125,0,0.3681917190551758,0.3202614486217499,0.31154683232307434,0,0.36978161303791685,tagalog,comment,True,adjudicator,2-1,0,1
t1_p6w95o8,0,0.8116759657859802,1.4609375,1,0.4539722502231598,0.27616646885871887,0.26986128091812134,1,0.7261266747252647,taglish,comment,True,adjudicator,2-1,0,0
t1_p6wcnv1,0,0.10087861120700836,-2.1875,0,0.3665943741798401,0.31887200474739075,0.31453362107276917,0,0.18847021738980943,english,comment,True,adjudicator,2-1,0,1
t1_p6wd9wj,0,0.15817435085773468,-1.671875,0,0.37166324257850647,0.31006160378456116,0.3182751536369324,0,0.24678323575802041,taglish,comment,True,majority,3-0,0,0
t1_p6wjk7r,0,0.6671476364135742,0.6953125,1,0.38882139325141907,0.309842050075531,0.3013365864753723,1,0.6139781620725171,english,comment,True,majority,3-0,0,0
t1_p6wk3dz,0,0.34334173798561096,-0.6484375,0,0.3540051579475403,0.316537469625473,0.3294573724269867,0,0.39346266298888793,english,comment,True,adjudicator,2-1,0,1
t1_p6wltad,0,0.6127732396125793,0.458984375,1,0.4134366810321808,0.28811368346214294,0.2984496057033539,0,0.575990502743304,tagalog,comment,True,adjudicator,2-1,0,0
t1_p6wrmnt,0,0.8563323616981506,1.78515625,1,0.4732620418071747,0.26203209161758423,0.2647058963775635,1,0.7670000905008121,tagalog,comment,True,unanimous,3-0,0,0
t1_p6wyb63,0,0.26626187562942505,-1.013671875,0,0.39239001274108887,0.3067776560783386,0.3008323311805725,0,0.33703290121281393,taglish,comment,True,adjudicator,2-1,0,0
t1_p6x2tb2,1,0.7498207092285156,1.09765625,1,0.37546011805534363,0.3607361912727356,0.2638036906719208,1,0.6753750508991768,taglish,comment,True,unanimous,3-0,1,1
t1_p6x2xeo,1,0.42417341470718384,-0.3056640625,0,0.3499999940395355,0.36304348707199097,0.2869565188884735,0,0.44917457969461716,tagalog,comment,True,majority,3-0,1,1
t1_p6x3bf7,0,0.8227594494819641,1.53515625,1,0.3884197771549225,0.3739445209503174,0.23763570189476013,1,0.7358664636888888,tagalog,comment,True,adjudicator,2-1,0,0
t1_p6x3dor,1,0.589361846446991,0.361328125,1,0.39393940567970276,0.3076923191547394,0.29836830496788025,0,0.5599988995833118,tagalog,comment,True,majority,3-0,1,1
t1_p6x3gua,1,0.5938448309898376,0.3798828125,1,0.4005037844181061,0.29596978425979614,0.30352646112442017,0,0.5630479572435956,taglish,comment,True,majority,3-0,1,1
t1_p6x3jha,1,0.8327813148498535,1.60546875,1,0.44316548109054565,0.282014399766922,0.27482014894485474,1,0.744886219220787,tagalog,comment,True,adjudicator,2-1,1,1
t1_p6x4cbi,1,0.40262699127197266,-0.39453125,0,0.3804347813129425,0.313043475151062,0.3065217435359955,0,0.4345482414894121,taglish,comment,True,unanimous,3-0,1,1
t1_p6x4hml,0,0.03138043358922005,-3.4296875,0,0.2926829159259796,0.3569844663143158,0.3503325879573822,0,0.09203459144898905,english,comment,True,majority,3-0,0,0
t1_p6x4kqb,1,0.28101080656051636,-0.939453125,0,0.36086955666542053,0.323913037776947,0.31521740555763245,0,0.348188879855579,english,comment,True,adjudicator,2-1,1,1
t1_p6x4z3a,0,0.4780414402484894,-0.087890625,0,0.3498694598674774,0.3159268796443939,0.33420366048812866,0,0.4853392150948621,english,comment,True,majority,3-0,0,0
t1_p6x58aq,0,0.666279673576355,0.69140625,1,0.43866172432899475,0.2812887132167816,0.28004956245422363,1,0.6133600704920528,english,comment,True,majority,3-0,0,0
t1_p6x5dwc,1,0.8852352499961853,2.04296875,1,0.472258061170578,0.2735483944416046,0.2541935443878174,1,0.7963308787922514,taglish,comment,True,majority,3-0,1,1
t1_p6x607g,1,0.7453983426094055,1.07421875,1,0.4351050555706024,0.29542645812034607,0.2694684863090515,1,0.6719361351742132,taglish,comment,True,unanimous,3-0,1,1
t1_p6x6bxk,0,0.1540575623512268,-1.703125,0,0.2598802447319031,0.3616766333580017,0.3784431219100952,0,0.24292684037699994,tagalog,comment,True,adjudicator,2-1,0,1
t1_p6x6dzq,1,0.9257686138153076,2.5234375,1,0.48275861144065857,0.26923078298568726,0.24801060557365417,1,0.8434588857814381,tagalog,comment,True,unanimous,3-0,1,1
t1_p6x6kjl,0,0.23022674024105072,-1.20703125,0,0.38568130135536194,0.31408774852752686,0.3002309501171112,0,0.3088296032349675,english,comment,True,adjudicator,2-1,0,1
t1_p6x6xq3,0,0.5598917007446289,0.24072265625,1,0.3454987704753876,0.33819952607154846,0.31630170345306396,0,0.5400795981645929,taglish,comment,True,majority,3-0,0,0
t1_p6x7e3c,1,0.5598917007446289,0.24072265625,1,0.41706159710884094,0.29502370953559875,0.2879146933555603,0,0.5400795981645929,tagalog,comment,True,majority,3-0,1,1
t1_p6x7ge1,0,0.2107662856578827,-1.3203125,0,0.35730859637260437,0.3248259723186493,0.31786543130874634,0,0.2929285762023705,taglish,comment,True,majority,3-0,0,0
t1_p6x7o6u,1,0.6460136771202087,0.6015625,1,0.4259485900402069,0.2888616919517517,0.2851897180080414,1,0.599046748809038,tagalog,comment,True,adjudicator,2-1,1,1
t1_p6x95ss,0,0.6947170495986938,0.822265625,1,0.44084683060646057,0.2677459418773651,0.2914072275161743,1,0.6338563162881434,tagalog,comment,True,unanimous,3-0,0,0
t1_p6x999n,0,0.7424216866493225,1.05859375,1,0.44527363777160645,0.2711442708969116,0.28358209133148193,1,0.6696332035369527,taglish,comment,True,majority,3-0,0,0
t1_p6xa1dx,1,0.9149009585380554,2.375,1,0.48302870988845825,0.27284595370292664,0.24412532150745392,1,0.8299287415292834,taglish,comment,True,unanimous,3-0,1,1
t1_p6xbhhg,0,0.00955939944833517,-4.640625,0,0.26730769872665405,0.4038461446762085,0.32884615659713745,0,0.04322101436678518,taglish,comment,True,majority,3-0,0,0
t1_p6xbx7v,0,0.2901756167411804,-0.89453125,0,0.34328359365463257,0.36247333884239197,0.29424306750297546,0,0.3550239387076763,tagalog,comment,True,adjudicator,2-1,0,0
t1_p6xbx95,0,0.8278281688690186,1.5703125,1,0.4332493841648102,0.2821158766746521,0.2846347689628601,1,0.7404017795295077,tagalog,comment,True,adjudicator,2-1,0,0
t1_p6xe1ts,0,0.7029380798339844,0.861328125,1,0.43283581733703613,0.2898010015487671,0.2773631811141968,1,0.6398855775916408,english,comment,True,majority,3-0,0,0
t1_p6xfvzn,0,0.723700225353241,0.962890625,1,0.4275362193584442,0.32125604152679443,0.25120773911476135,1,0.6553527907983505,taglish,comment,True,unanimous,3-0,0,0
t1_p6xg0jc,0,0.03384403511881828,-3.3515625,0,0.27981650829315186,0.35550457239151,0.36467888951301575,0,0.09648548441680913,taglish,comment,True,majority,3-0,0,0
t1_p6xg25u,0,0.016029147431254387,-4.1171875,0,0.2829373776912689,0.3606911301612854,0.3563714921474457,0,0.0602057570487463,taglish,comment,True,majority,3-0,0,0
t1_p6xg4if,0,0.02595735713839531,-3.625,0,0.301075279712677,0.34408602118492126,0.35483869910240173,0,0.08170546927749174,english,comment,True,majority,3-0,0,0
t1_p6xgz2j,1,0.5084449052810669,0.033782958984375,1,0.39140811562538147,0.2959427237510681,0.3126491606235504,0,0.505636616209406,tagalog,comment,True,adjudicator,2-1,1,1
t1_p6xi0gj,0,0.028652667999267578,-3.5234375,0,0.2926829159259796,0.35476717352867126,0.35254988074302673,0,0.08693769566006582,taglish,comment,True,majority,3-0,0,0
t1_p6xlffl,0,0.45181018114089966,-0.193359375,0,0.3660714328289032,0.3727678656578064,0.2611607015132904,0,0.4677817272501073,tagalog,comment,True,majority,3-0,0,0
t1_p6xmyl3,0,0.016277462244033813,-4.1015625,0,0.3140496015548706,0.34504133462905884,0.34090909361839294,0,0.060798521920146155,english,comment,True,majority,3-0,0,0
t1_p6xn9cx,0,0.7299050092697144,0.994140625,1,0.4375,0.2800000011920929,0.2824999988079071,1,0.6600482546707592,english,comment,True,majority,3-0,0,0
t1_p6xngqr,1,0.11838509887456894,-2.0078125,0,0.2827586233615875,0.3724137842655182,0.3448275923728943,0,0.20750116652203188,taglish,comment,True,unanimous,3-0,1,1
t1_p6xqgkj,0,0.7061904072761536,0.876953125,1,0.4374209940433502,0.28318583965301514,0.27939316630363464,1,0.642285101159806,tagalog,comment,True,adjudicator,2-1,0,0
t1_p6xrwg6,0,0.545285701751709,0.181640625,1,0.3852691352367401,0.2861189842224121,0.32861191034317017,0,0.5302705787338338,tagalog,comment,True,adjudicator,2-1,0,1
t1_p6xspd1,0,0.7325918078422546,1.0078125,1,0.4361833930015564,0.28376704454421997,0.28004956245422363,1,0.662092737235143,tagalog,comment,True,adjudicator,2-1,0,1
t1_p6xupxo,0,0.026155617088079453,-3.6171875,0,0.3221052587032318,0.34526315331459045,0.33263158798217773,0,0.08209754468715207,english,comment,True,adjudicator,2-1,0,1
t1_p6xv3ng,0,0.08093671500682831,-2.4296875,0,0.2826552391052246,0.3918629586696625,0.3254818022251129,0,0.1649813181262012,taglish,comment,True,adjudicator,2-1,0,0
t1_p6xxs7h,0,0.8499711751937866,1.734375,1,0.4422253966331482,0.28388017416000366,0.27389442920684814,1,0.7608884230385885,tagalog,comment,True,adjudicator,2-1,0,1
t1_p6xy6oj,0,0.0446808747947216,-3.0625,0,0.29113924503326416,0.38818565011024475,0.3206751048564911,0,0.11466274066275021,english,comment,True,majority,3-0,0,0
t1_p6xyboa,0,0.014615669846534729,-4.2109375,0,0.23529411852359772,0.3811764717102051,0.3835294246673584,0,0.05676135483639381,taglish,comment,True,unanimous,3-0,0,0
t1_p6xyj2g,0,0.10669060051441193,-2.125,0,0.35254988074302673,0.32594233751296997,0.3215077519416809,0,0.19493335293465128,taglish,comment,True,majority,3-0,0,0
t1_p6xyzvj,0,0.15713684260845184,-1.6796875,0,0.32687652111053467,0.33414044976234436,0.33898305892944336,0,0.2458152904568027,tagalog,comment,True,adjudicator,3-0,0,0
t1_p6xzavi,0,0.04958902671933174,-2.953125,0,0.344608873128891,0.34038054943084717,0.31501057744026184,0,0.12228425742476601,english,comment,True,majority,3-0,0,0
t1_p6xzha6,0,0.14608725905418396,-1.765625,0,0.3566739559173584,0.31947484612464905,0.32385119795799255,0,0.2353376074681624,english,comment,True,adjudicator,2-1,0,0
t1_p6xzqoz,1,0.7409248948097229,1.05078125,1,0.4045911133289337,0.30129125714302063,0.29411765933036804,1,0.6684786717566844,taglish,comment,True,unanimous,3-0,1,1
t1_p6xzrs4,0,0.4236964285373688,-0.3076171875,0,0.40722891688346863,0.2927710711956024,0.30000001192092896,0,0.44885207984336134,tagalog,comment,True,unanimous,3-0,0,0
t1_p6xzxgn,0,0.019419347867369652,-3.921875,0,0.2937364876270294,0.3606911301612854,0.3455723524093628,0,0.0680182281229532,english,comment,True,majority,3-0,0,0
t1_p6y003z,0,0.021287353709340096,-3.828125,0,0.3200836777687073,0.3410041928291321,0.33891212940216064,0,0.07209351186511057,taglish,comment,True,majority,3-0,0,0
t1_p6y037g,0,0.022977370768785477,-3.75,0,0.3235294222831726,0.3382352888584137,0.3382352888584137,0,0.07566039328731237,english,comment,True,majority,3-0,0,0
t1_p6y0y3k,0,0.021287353709340096,-3.828125,0,0.28824833035469055,0.3592017590999603,0.35254988074302673,0,0.07209351186511057,taglish,comment,True,majority,3-0,0,0
t1_p6y1eoh,0,0.08882029354572296,-2.328125,0,0.2749391794204712,0.33819952607154846,0.38686132431030273,0,0.17453277431729974,taglish,comment,True,unanimous,3-0,0,0
t1_p6y249q,0,0.04115288704633713,-3.1484375,0,0.28834354877471924,0.4049079716205597,0.30674847960472107,0,0.10896762654817069,tagalog,comment,True,unanimous,3-0,0,0
t1_p6y2rz2,0,0.02178117074072361,-3.8046875,0,0.31340205669403076,0.33814433217048645,0.3484536111354828,0,0.07314697343076071,english,comment,True,majority,3-0,0,0
t1_p6y31u7,0,0.4748442471027374,-0.1007080078125,0,0.4229828715324402,0.2836185693740845,0.29339852929115295,0,0.4832026906136319,english,comment,True,majority,3-0,0,0
t1_p6y3fo9,0,0.07369627058506012,-2.53125,0,0.32594233751296997,0.33924612402915955,0.3348115384578705,0,0.15585388203958175,english,comment,True,unanimous,3-0,0,0
t1_p6y3nji,0,0.017576880753040314,-4.0234375,0,0.3106212317943573,0.37274548411369324,0.3166332542896271,0,0.06384502553925203,english,comment,True,majority,3-0,0,0
t1_p6y4fmz,0,0.08632347732782364,-2.359375,0,0.310262531042099,0.3412887752056122,0.3484486937522888,0,0.17154826972341217,english,comment,True,adjudicator,2-1,0,0
t1_p6y4otw,0,0.014842418022453785,-4.1953125,0,0.3062015473842621,0.3759689927101135,0.3178294599056244,0,0.05732227579438358,english,comment,True,majority,3-0,0,0
t1_p6y5vfc,0,0.018833130598068237,-3.953125,0,0.3179916441440582,0.3410041928291321,0.3410041928291321,0,0.06670792751816279,taglish,comment,True,unanimous,3-0,0,0
t1_p6y7pio,0,0.7924642562866211,1.33984375,1,0.4369538128376007,0.3071160912513733,0.255930095911026,1,0.7097640582256943,tagalog,comment,True,adjudicator,2-1,0,0
t1_p6y900m,0,0.6118459105491638,0.455078125,1,0.40289506316185,0.3184559643268585,0.2786489725112915,0,0.5753536545607284,tagalog,comment,True,majority,3-0,0,0
t1_p6y9r2e,0,0.047074176371097565,-3.0078125,0,0.28620296716690063,0.36031925678253174,0.3534777760505676,0,0.11842043069730437,english,comment,True,majority,3-0,0,0
t1_p6ya1ka,0,0.5056073665618896,0.022430419921875,1,0.36965811252593994,0.3611111044883728,0.26923078298568726,0,0.5037425574101516,english,comment,True,majority,3-0,0,0
t1_p6yeasx,1,0.7563575506210327,1.1328125,1,0.38231781125068665,0.34169653058052063,0.2759856581687927,1,0.6804980623253425,taglish,comment,True,majority,3-0,1,1
t1_p6yecc6,0,0.3923368453979492,-0.4375,0,0.3636363744735718,0.3243243098258972,0.312039315700531,0,0.42751523021575055,tagalog,comment,True,adjudicator,2-1,0,0
t1_p6yeybg,0,0.08509904891252518,-2.375,0,0.2786177098751068,0.4254859685897827,0.2958963215351105,0,0.1700712584707167,taglish,comment,True,majority,3-0,0,0
t1_p6yggb7,0,0.00985985528677702,-4.609375,0,0.2166488766670227,0.4247598648071289,0.3585912585258484,0,0.044091771879393823,taglish,comment,True,unanimous,3-0,0,0
t1_p6ygtxd,0,0.01374231930822134,-4.2734375,0,0.2299349308013916,0.4229934811592102,0.3470715880393982,0,0.054568876572216964,taglish,comment,True,majority,3-0,0,0
t1_p6yhpaz,0,0.014728614129126072,-4.203125,0,0.3010101020336151,0.34949496388435364,0.34949496388435364,0,0.05704116754177609,taglish,comment,True,majority,3-0,0,0
t1_p6yl8qm,0,0.36274343729019165,-0.5634765625,0,0.3611111044883728,0.35185185074806213,0.28703704476356506,0,0.4070737896863828,tagalog,comment,True,adjudicator,2-1,0,0
t1_p6ylyg8,0,0.03308597952127457,-3.375,0,0.33693304657936096,0.33693304657936096,0.3261339068412781,0,0.09513040077700922,english,comment,True,majority,3-0,0,0
t1_p6ys9v5,0,0.037047166377305984,-3.2578125,0,0.30210772156715393,0.3536299765110016,0.3442623019218445,0,0.10207955789607796,english,comment,True,unanimous,3-0,0,0
t1_p6ysr0x,0,0.1761041283607483,-1.54296875,0,0.34773218631744385,0.31101512908935547,0.34125271439552307,0,0.2631213114944696,taglish,comment,True,adjudicator,2-1,0,1
t1_p6ywh9d,0,0.4904492199420929,-0.0382080078125,0,0.3981373608112335,0.2945285141468048,0.3073340952396393,0,0.4936251490077132,taglish,comment,True,majority,3-0,0,0
t1_p6ywjhu,0,0.730289876461029,0.99609375,1,0.38728323578834534,0.3078034818172455,0.3049132823944092,1,0.6603406911259065,tagalog,comment,True,unanimous,3-0,0,0
t1_p6ywmi2,0,0.3791484832763672,-0.4931640625,0,0.37858033180236816,0.2752179205417633,0.34620174765586853,0,0.4184480584782253,taglish,comment,True,majority,3-0,0,0
t1_p6ywpv2,0,0.02080449089407921,-3.8515625,0,0.2505694627761841,0.3735763132572174,0.3758542239665985,0,0.07105405913108659,taglish,comment,True,unanimous,3-0,0,0
t1_p6yxg2t,0,0.0832919254899025,-2.3984375,0,0.3311965763568878,0.3311965763568878,0.33760684728622437,0,0.16787472532319062,english,comment,True,adjudicator,2-1,0,0
t1_p6yxi0s,0,0.8037906289100647,1.41015625,1,0.41304346919059753,0.30570653080940247,0.28125,1,0.7193352008342702,tagalog,comment,True,adjudicator,2-1,0,0
t1_p6yxpxt,0,0.15052762627601624,-1.73046875,0,0.3297644555568695,0.3361884355545044,0.3340471088886261,0,0.23958622974263186,tagalog,comment,True,majority,3-0,0,0
t1_p6yxtzz,0,0.017309095710515976,-4.0390625,0,0.24922440946102142,0.4281282424926758,0.322647362947464,0,0.06322455778075704,taglish,comment,True,adjudicator,2-1,0,0
t1_p6yyoyd,0,0.04084571823477745,-3.15625,0,0.22639362514019012,0.3890784978866577,0.38452786207199097,0,0.10846239018684971,taglish,comment,True,majority,3-0,0,0
t1_p6yzgsq,0,0.037326887249946594,-3.25,0,0.2844444513320923,0.36666667461395264,0.3488888740539551,0,0.1025584822061235,english,comment,True,majority,3-0,0,0
t1_p6z0lga,0,0.3440025746822357,-0.6455078125,0,0.36317136883735657,0.3184143304824829,0.3184143304824829,0,0.3939293996078572,tagalog,comment,True,majority,3-0,0,0
t1_p6z0md9,0,0.024423090741038322,-3.6875,0,0.31416836380958557,0.336755633354187,0.34907597303390503,0,0.07862981204962317,tagalog,comment,True,adjudicator,2-1,0,0
t1_p6z1fep,0,0.034618839621543884,-3.328125,0,0.26553672552108765,0.36384180188179016,0.3706214725971222,0,0.09785778304656717,taglish,comment,True,majority,3-0,0,0
t1_p6z27mn,1,0.4653874635696411,-0.138671875,0,0.34916865825653076,0.3277909755706787,0.3230403661727905,0,0.4768784093186449,taglish,comment,True,adjudicator,2-1,1,0
t1_p6z3f4r,0,0.029760092496871948,-3.484375,0,0.2411428540945053,0.38857144117355347,0.3702857196331024,0,0.08902961604386452,english,comment,True,majority,3-0,0,0
t1_p6z556i,0,0.4194101095199585,-0.3251953125,0,0.3420427441596985,0.3301662802696228,0.3277909755706787,0,0.4459515480746837,taglish,comment,True,unanimous,3-0,0,0
t1_p6z5qr1,0,0.06903792917728424,-2.6015625,0,0.2768361568450928,0.3774011433124542,0.345762699842453,0,0.1497791002580496,taglish,comment,True,majority,3-0,0,0
t1_p6z63wn,0,0.02460992895066738,-3.6796875,0,0.23999999463558197,0.43368420004844666,0.3263157904148102,0,0.07900839831317236,english,comment,True,majority,3-0,0,0
t1_p6z6epo,0,0.07369627058506012,-2.53125,0,0.29836830496788025,0.35664334893226624,0.3449883460998535,0,0.15585388203958175,tagalog,comment,True,adjudicator,2-1,0,1
t1_p6z7ljg,0,0.07055959850549698,-2.578125,0,0.33677685260772705,0.3264462947845459,0.33677685260772705,0,0.15178205122137198,english,comment,True,adjudicator,3-0,0,0
t1_p6z8245,0,0.019271137192845345,-3.9296875,0,0.3153527081012726,0.3464730381965637,0.3381742835044861,0,0.06768843330667347,taglish,comment,True,unanimous,3-0,0,0
t1_p6zc0tc,0,0.1250653862953186,-1.9453125,0,0.3333333432674408,0.32919254899024963,0.33747410774230957,0,0.21444446972731904,tagalog,comment,True,adjudicator,2-1,0,0
t1_p6zdg7p,0,0.027585282921791077,-3.5625,0,0.2502780854701996,0.3804226815700531,0.3692992329597473,0,0.08489034846161587,taglish,comment,True,majority,3-0,0,0
t1_p6zepsz,0,0.014728614129126072,-4.203125,0,0.3062880337238312,0.3468559980392456,0.3468559980392456,0,0.05704116754177609,english,comment,True,adjudicator,2-1,0,0
t1_p6zeur1,0,0.8210441470146179,1.5234375,1,0.4539385735988617,0.2777036130428314,0.2683578133583069,1,0.7343434538152349,tagalog,comment,True,unanimous,3-0,0,0
t1_p6zfvsk,0,0.013020490296185017,-4.328125,0,0.3047034740447998,0.34560325741767883,0.349693238735199,0,0.05271615260443792,taglish,comment,True,unanimous,3-0,0,0
t1_p6zg7ae,0,0.07263670861721039,-2.546875,0,0.290909081697464,0.3590908944606781,0.3499999940395355,0,0.15448679969843948,english,comment,True,majority,3-0,0,0
t1_p6zi1ty,0,0.02161533385515213,-3.8125,0,0.30879345536231995,0.3333333432674408,0.35787320137023926,0,0.07279425357013906,taglish,comment,True,majority,3-0,0,0
t1_p6zkkgj,0,0.023330770432949066,-3.734375,0,0.31446540355682373,0.35010480880737305,0.33542975783348083,0,0.07639295042262953,english,comment,True,majority,3-0,0,0
t1_p6zmbbn,0,0.8921873569488525,2.11328125,1,0.44126075506210327,0.30085960030555725,0.2578796446323395,1,0.8038362828164959,tagalog,comment,True,adjudicator,2-1,0,0
t1_p6znf3i,0,0.028007520362734795,-3.546875,0,0.31856539845466614,0.3333333432674408,0.34810125827789307,0,0.08570398569083677,taglish,comment,True,unanimous,3-0,0,0
t1_p6znlau,0,0.03384403511881828,-3.3515625,0,0.3236514627933502,0.35684648156166077,0.3195020854473114,0,0.09648548441680913,tagalog,comment,True,adjudicator,3-0,0,0
t1_p6zpuu5,0,0.0427221953868866,-3.109375,0,0.3243243098258972,0.34095633029937744,0.33471933007240295,0,0.11152489031990566,taglish,comment,True,unanimous,3-0,0,0
t1_p6zroni,0,0.8267117738723755,1.5625,1,0.4484536051750183,0.280927836894989,0.2706185579299927,1,0.7393983148001921,english,comment,True,majority,3-0,0,0
t1_p6zs8qi,0,0.1937568634748459,-1.42578125,0,0.34716156125068665,0.3209607005119324,0.331877738237381,0,0.27856420434164003,english,comment,True,majority,3-0,0,0
t1_p6ztuf8,0,0.23370636999607086,-1.1875,0,0.35930734872817993,0.31168830394744873,0.32900431752204895,0,0.3116190026949642,tagalog,comment,True,majority,3-0,0,0
t1_p6zvsxc,0,0.030214587226510048,-3.46875,0,0.282583624124527,0.366782009601593,0.35063436627388,0,0.08987902980156505,taglish,comment,True,unanimous,3-0,0,0
t1_p6zwkbj,0,0.44975513219833374,-0.20166015625,0,0.37612614035606384,0.30630630254745483,0.3175675570964813,0,0.4664027009448258,tagalog,comment,True,adjudicator,2-1,0,0
t1_p6zz41t,0,0.017712298780679703,-4.015625,0,0.24004550278186798,0.3799772560596466,0.3799772560596466,0,0.06415738296008533,taglish,comment,True,majority,3-0,0,0
t1_p6zzg2r,1,0.7879312038421631,1.3125,1,0.3948296010494232,0.3689776659011841,0.2361927181482315,1,0.7059902826200608,english,comment,True,majority,3-0,1,1
t1_p70307o,0,0.20946967601776123,-1.328125,0,0.34624144434928894,0.3280182182788849,0.3257403075695038,0,0.2918497671514374,tagalog,comment,True,adjudicator,2-1,0,0
t1_p703ag7,0,0.018124721944332123,-3.9921875,0,0.2782122790813446,0.3620111644268036,0.3597765266895294,0,0.06510301470068977,english,comment,True,majority,3-0,0,0
t1_p704rmf,0,0.053403329104185104,-2.875,0,0.30925509333610535,0.3431151211261749,0.3476297855377197,0,0.1279918377015539,english,comment,True,majority,3-0,0,0
t1_p705dn8,0,0.11124119907617569,-2.078125,0,0.32382890582084656,0.3503054976463318,0.32586556673049927,0,0.1998899947221084,tagalog,comment,True,adjudicator,2-1,0,0
t1_p708dim,1,0.25608712434768677,-1.06640625,0,0.3610503375530243,0.3172866404056549,0.3216630220413208,0,0.3292143052504527,english,comment,True,adjudicator,2-1,1,1
t1_p70bt1i,0,0.8524448275566101,1.75390625,1,0.46936115622520447,0.2750977873802185,0.255541056394577,1,0.7632520024945108,taglish,comment,True,majority,3-0,0,0
t1_p70cqzj,0,0.3289604187011719,-0.712890625,0,0.3770115077495575,0.317241370677948,0.3057471215724945,0,0.38324499576420373,tagalog,comment,True,adjudicator,2-1,0,1
t1_p70dx7c,0,0.020645931363105774,-3.859375,0,0.26140156388282776,0.3692992329597473,0.3692992329597473,0,0.07071066150690798,taglish,comment,True,unanimous,3-0,0,0
t1_p71n1o6,0,0.06560484319925308,-2.65625,0,0.3223819434642792,0.336755633354187,0.3408624231815338,0,0.14519022478846957,taglish,comment,True,majority,3-0,0,0
t1_p7225hc,0,0.5936092138290405,0.37890625,1,0.4438709616661072,0.2541935443878174,0.30193549394607544,0,0.5628875971853557,tagalog,comment,True,majority,3-0,0,0
t1_p72ai81,0,0.01590639352798462,-4.125,0,0.265625,0.3727678656578064,0.3616071343421936,0,0.05991140691110924,english,comment,True,majority,3-0,0,0
t1_p72e5co,0,0.04054073989391327,-3.1640625,0,0.31317493319511414,0.3304535746574402,0.3563714921474457,0,0.10795921256106841,tagalog,comment,True,adjudicator,2-1,0,1
t1_p72esdo,1,0.04922211542725563,-2.9609375,0,0.2681867480278015,0.3626492917537689,0.36916396021842957,0,0.12172571243874888,taglish,comment,True,majority,3-0,1,1
t1_p72g2r7,0,0.09670579433441162,-2.234375,0,0.3431151211261749,0.33182844519615173,0.32505643367767334,0,0.18373172385551756,english,comment,True,adjudicator,2-1,0,0
t1_p72hos4,0,0.13753247261047363,-1.8359375,0,0.3153347671031952,0.339092880487442,0.3455723524093628,0,0.2269978520181269,taglish,comment,True,majority,3-0,0,0
t1_p72i3dh,0,0.019271137192845345,-3.9296875,0,0.2304299920797348,0.39691290259361267,0.3726571202278137,0,0.06768843330667347,taglish,comment,True,adjudicator,2-1,0,0
t1_p72ibpe,0,0.01342825498431921,-4.296875,0,0.27360308170318604,0.40269750356674194,0.323699414730072,0,0.053767455021007354,tagalog,comment,True,majority,3-0,0,0
t1_p72it5y,0,0.01678548939526081,-4.0703125,0,0.3016877770423889,0.3459915518760681,0.35232067108154297,0,0.06200045896861632,taglish,comment,True,majority,3-0,0,0
t1_p72j2s2,0,0.06656918674707413,-2.640625,0,0.319057822227478,0.3361884355545044,0.3447537422180176,0,0.1464892931938436,english,comment,True,majority,3-0,0,0
t1_p72jhno,0,0.030444350093603134,-3.4609375,0,0.2551020383834839,0.422448992729187,0.3224489688873291,0,0.09030647006248024,english,comment,True,majority,3-0,0,0
t1_p72jub2,0,0.5649387836456299,0.26123046875,1,0.4000000059604645,0.33095237612724304,0.2690476179122925,0,0.543477524792856,tagalog,comment,True,adjudicator,2-1,0,1
t1_p72kh9o,0,0.02517884038388729,-3.65625,0,0.2966805100440979,0.3423236608505249,0.3609958589076996,0,0.08015417489256883,taglish,comment,True,majority,3-0,0,0
t1_p72m2ne,0,0.03760863468050957,-3.2421875,0,0.3020833432674408,0.3395833373069763,0.3583333194255829,0,0.10303939562830347,english,comment,True,majority,3-0,0,0
t1_p72nk1f,0,0.047074176371097565,-3.0078125,0,0.31612902879714966,0.337634414434433,0.34623655676841736,0,0.11842043069730437,english,comment,True,majority,3-0,0,0
t1_p72nurl,0,0.08632347732782364,-2.359375,0,0.31006160378456116,0.3860369622707367,0.30390143394470215,0,0.17154826972341217,taglish,comment,True,majority,3-0,0,0
t1_p72oofz,0,0.1041124165058136,-2.15234375,0,0.3473193347454071,0.3310023248195648,0.3216783106327057,0,0.19208527373471274,english,comment,True,unanimous,3-0,0,0
t1_p72pp3f,1,0.10017221421003342,-2.1953125,0,0.3260393738746643,0.3216630220413208,0.3522976040840149,0,0.18767400208250523,tagalog,comment,True,adjudicator,2-1,1,0
t1_p72r73n,0,0.2233770787715912,-1.24609375,0,0.3333333432674408,0.3333333432674408,0.3333333432674408,0,0.30329253821482477,tagalog,comment,True,adjudicator,2-1,0,1
t1_p72rnxm,1,0.13614831864833832,-1.84765625,0,0.31828442215919495,0.3544017970561981,0.32731378078460693,0,0.22562837621311732,taglish,comment,True,majority,3-0,1,1
t1_p72u7fx,0,0.11357959359884262,-2.0546875,0,0.31512606143951416,0.3781512677669525,0.3067227005958557,0,0.2024035354009047,english,comment,True,majority,3-0,0,0
t1_p72vwpm,0,0.8305941224098206,1.58984375,1,0.4595300257205963,0.2767623960971832,0.26370757818222046,1,0.7428994399535932,english,comment,True,adjudicator,2-1,0,1
t1_p72vzbh,0,0.21272224187850952,-1.30859375,0,0.3265306055545807,0.35374149680137634,0.31972789764404297,0,0.29455116027794964,english,comment,True,adjudicator,2-1,0,1
t1_p72wy0h,0,0.012431650422513485,-4.375,0,0.25176945328712463,0.4206269085407257,0.32760363817214966,0,0.051175537248186714,taglish,comment,True,majority,3-0,0,0
t1_p72xq0x,0,0.24077458679676056,-1.1484375,0,0.3435448706150055,0.32385119795799255,0.33260393142700195,0,0.31723886267755824,tagalog,comment,True,majority,3-0,0,0
t1_p72y08e,0,0.023153413087129593,-3.7421875,0,0.29361701011657715,0.3744680881500244,0.33191490173339844,0,0.07602586212709905,taglish,comment,True,majority,3-0,0,0
t1_p72yo6v,0,0.4527778625488281,-0.189453125,0,0.38605231046676636,0.3026151955127716,0.31133249402046204,0,0.4684308524554394,taglish,comment,True,majority,3-0,0,0
t1_p72yt57,0,0.02931223064661026,-3.5,0,0.3142857253551483,0.3306122422218323,0.3551020324230194,0,0.08818745194844858,taglish,comment,True,majority,3-0,0,0
t1_p72zfo4,0,0.42107561230659485,-0.318359375,0,0.36194896697998047,0.310904860496521,0.32714617252349854,0,0.44707910643078497,tagalog,comment,True,adjudicator,2-1,0,1
t1_p730s7k,0,0.05541279539465904,-2.8359375,0,0.3086680769920349,0.33826637268066406,0.353065550327301,0,0.13092995968207227,taglish,comment,True,majority,3-0,0,0
t1_p731obh,0,0.500335693359375,0.0013427734375,1,0.3743961453437805,0.3333333432674408,0.2922705411911011,0,0.5002240484224414,tagalog,comment,True,majority,3-0,0,0
t1_p7324tn,0,0.24148938059806824,-1.14453125,0,0.36402568221092224,0.35546037554740906,0.2805139124393463,0,0.31780382712150684,tagalog,comment,True,unanimous,3-0,0,0
t1_p7332av,0,0.017576880753040314,-4.0234375,0,0.28079912066459656,0.36182019114494324,0.3573806881904602,0,0.06384502553925203,taglish,comment,True,majority,3-0,0,0
t1_p73690z,0,0.7306743860244751,0.998046875,1,0.4306472837924957,0.2787318229675293,0.2906208634376526,1,0.6606330053606707,tagalog,comment,True,adjudicator,2-1,0,1
t1_p739rsl,0,0.09203286468982697,-2.2890625,0,0.3266219198703766,0.3288590610027313,0.3445190191268921,0,0.17832079252950858,taglish,comment,True,majority,3-0,0,0
t1_p73azaa,0,0.01590639352798462,-4.125,0,0.30443549156188965,0.3608871102333069,0.33467742800712585,0,0.05991140691110924,taglish,comment,True,majority,3-0,0,0
t1_p73bf3o,0,0.1352320909500122,-1.85546875,0,0.31974250078201294,0.33476394414901733,0.3454935550689697,0,0.2247186504522136,tagalog,comment,True,adjudicator,2-1,0,1
t1_p73c4yz,0,0.8244618773460388,1.546875,1,0.416961133480072,0.33686691522598267,0.2461719661951065,1,0.7373838646752193,tagalog,comment,True,adjudicator,2-1,0,0
t1_p73cwi9,0,0.0960254892706871,-2.2421875,0,0.35217392444610596,0.32608696818351746,0.321739137172699,0,0.18295101396086022,taglish,comment,True,majority,3-0,0,0
t1_p73d24m,0,0.03993731364607811,-3.1796875,0,0.29458919167518616,0.4068136215209961,0.29859718680381775,0,0.10695901047008542,english,comment,True,majority,3-0,0,0
t1_p73gjdk,0,0.018124721944332123,-3.9921875,0,0.2741061747074127,0.37919825315475464,0.34669557213783264,0,0.06510301470068977,english,comment,True,majority,3-0,0,0
t1_p73l2yp,0,0.06371499598026276,-2.6875,0,0.3101123571395874,0.35280898213386536,0.33707866072654724,0,0.14262078539289552,taglish,comment,True,majority,3-0,0,0
t1_p73l304,0,0.05964693799614906,-2.7578125,0,0.2536945939064026,0.37931033968925476,0.36699506640434265,0,0.13697809889528775,english,comment,True,majority,3-0,0,0
t1_p73lg55,0,0.00941259041428566,-4.65625,0,0.23471400141716003,0.41420117020606995,0.35108479857444763,0,0.0427918160448439,taglish,comment,True,majority,3-0,0,0
t1_p73lp9u,0,0.09947021305561066,-2.203125,0,0.3199999928474426,0.3435294032096863,0.3364705741405487,0,0.18688037588329817,english,comment,True,majority,3-0,0,0
t1_p73lsd9,0,0.07696083933115005,-2.484375,0,0.3126385807991028,0.35254988074302673,0.3348115384578705,0,0.16001434036203038,english,comment,True,majority,3-0,0,0
t1_p73lthh,0,0.2759094536304474,-0.96484375,0,0.3446601927280426,0.3349514603614807,0.3203883469104767,0,0.34435284084346685,taglish,comment,True,majority,3-0,0,0
t1_p73ltjr,0,0.14903530478477478,-1.7421875,0,0.31990522146224976,0.3412322402000427,0.3388625681400299,0,0.2381642074261162,english,comment,True,majority,3-0,0,0
t1_p73lws3,0,0.10087861120700836,-2.1875,0,0.3229398727416992,0.33630290627479553,0.34075725078582764,0,0.18847021738980943,taglish,comment,True,majority,3-0,0,0
t1_p73lxdn,0,0.09467770159244537,-2.2578125,0,0.3096774220466614,0.34838709235191345,0.34193548560142517,0,0.1813973230027816,english,comment,True,adjudicator,3-0,0,0
t1_p73m224,0,0.8543993234634399,1.76953125,1,0.46113988757133484,0.2694300413131714,0.2694300413131714,1,0.765131228002723,tagalog,comment,True,adjudicator,2-1,0,0
t1_p73m7fg,0,0.05541279539465904,-2.8359375,0,0.29759299755096436,0.35448578000068665,0.347921222448349,0,0.13092995968207227,english,comment,True,majority,3-0,0,0
t1_p73mcow,0,0.6343168616294861,0.55078125,1,0.36217010021209717,0.32551318407058716,0.3123167157173157,0,0.5908795025343753,taglish,comment,True,majority,3-0,0,0
t1_p73mgga,0,0.38722679018974304,-0.458984375,0,0.3540229797363281,0.3264367878437042,0.31954023241996765,0,0.42400949725669607,tagalog,comment,True,majority,3-0,0,0
t1_p73mpuk,0,0.5323035717010498,0.12939453125,1,0.36974790692329407,0.3265306055545807,0.30372148752212524,0,0.5215767136511745,tagalog,comment,True,adjudicator,2-1,0,0
t1_p73napw,0,0.113973468542099,-2.05078125,0,0.3094944655895233,0.357583224773407,0.3329223096370697,0,0.20282474412464094,english,comment,True,majority,3-0,0,0
t1_p73o9cq,0,0.766992449760437,1.19140625,1,0.4034229815006256,0.322738379240036,0.2738386392593384,1,0.6889399802042899,english,comment,True,unanimous,3-0,0,0
t1_p73oayr,0,0.14414885640144348,-1.78125,0,0.3397590219974518,0.3397590219974518,0.32048192620277405,0,0.23346615273287055,taglish,comment,True,majority,3-0,0,0
t1_p73oenm,0,0.8050197958946228,1.41796875,1,0.4455825984477997,0.28040972352027893,0.2740076780319214,1,0.720386705186933,tagalog,comment,True,majority,3-0,0,0
t1_p73oo5i,1,0.7490872144699097,1.09375,1,0.43640896677970886,0.30049875378608704,0.2630922794342041,1,0.6748031977989097,tagalog,comment,True,adjudicator,2-1,1,0
t1_p73q478,0,0.167763352394104,-1.6015625,0,0.33090025186538696,0.32116788625717163,0.3479318618774414,0,0.25560952787442803,english,comment,True,adjudicator,2-1,0,0
t1_p73q9ap,0,0.8283842206001282,1.57421875,1,0.42092153429985046,0.31133249402046204,0.2677459418773651,1,0.7409025699498417,tagalog,comment,True,adjudicator,2-1,0,0
t1_p73qhx0,0,0.16885694861412048,-1.59375,0,0.3032967150211334,0.3758241832256317,0.32087913155555725,0,0.256602917991119,taglish,comment,True,adjudicator,2-1,0,0
t1_p73qnil,0,0.5516945123672485,0.20751953125,1,0.4062877893447876,0.2889963686466217,0.3047158420085907,0,0.5345704215943894,taglish,comment,True,majority,3-0,0,0
t1_p73qywm,1,0.15713684260845184,-1.6796875,0,0.33171913027763367,0.34382566809654236,0.324455201625824,0,0.2458152904568027,english,comment,True,unanimous,3-0,1,1
t1_p73r713,0,0.5409845113754272,0.164306640625,1,0.42143726348876953,0.2874543368816376,0.2911083996295929,0,0.5273879405428676,tagalog,comment,True,adjudicator,2-1,0,1
t1_p73r9ah,0,0.9026095867156982,2.2265625,1,0.46173468232154846,0.2984693944454193,0.23979592323303223,1,0.8154849870778136,tagalog,comment,True,adjudicator,2-1,0,1
t1_p73rln3,0,0.7468782067298889,1.08203125,1,0.3970406949520111,0.3045622706413269,0.298397034406662,1,0.673084514682693,taglish,comment,True,unanimous,3-0,0,0
t1_p73rmiw,0,0.17328819632530212,-1.5625,0,0.33622559905052185,0.3470715880393982,0.31670281291007996,0,0.2606016851998079,taglish,comment,True,majority,3-0,0,0
t1_p73rs6i,0,0.7197777628898621,0.943359375,1,0.3894297778606415,0.31710708141326904,0.2934631407260895,1,0.6524025779473707,tagalog,comment,True,adjudicator,2-1,0,1
t1_p73s14s,1,0.2267836332321167,-1.2265625,0,0.3184855282306671,0.37193763256073,0.3095768392086029,0,0.30605407144512586,taglish,comment,True,majority,3-0,1,1
t1_p73t8s1,0,0.10230471193790436,-2.171875,0,0.3156681954860687,0.34331798553466797,0.3410138189792633,0,0.1900704225254828,tagalog,comment,True,adjudicator,2-1,0,0
t1_p73tcqr,0,0.815232515335083,1.484375,1,0.4564943313598633,0.2875157594680786,0.2559899091720581,1,0.7292264504345076,taglish,comment,True,majority,3-0,0,0
t1_p73uwo5,0,0.332852303981781,-0.6953125,0,0.2977461516857147,0.381969153881073,0.3202846944332123,0,0.38602183792748285,taglish,comment,True,majority,3-0,0,0
t1_p73whxy,0,0.011687257327139378,-4.4375,0,0.22663801908493042,0.4189043939113617,0.3544575870037079,0,0.049187566859983156,taglish,comment,True,majority,3-0,0,0
t1_p73wuws,0,0.5562790632247925,0.22607421875,1,0.3826714754104614,0.31046929955482483,0.30685919523239136,0,0.5376502057718552,taglish,comment,True,adjudicator,2-1,0,1
t1_p73xp3y,0,0.5910152792930603,0.3681640625,1,0.3868778347969055,0.31221720576286316,0.3009049892425537,0,0.5611227760243741,tagalog,comment,True,unanimous,3-0,0,0
t1_p73y8o3,0,0.021125193685293198,-3.8359375,0,0.3085106313228607,0.33829787373542786,0.3531914949417114,0,0.07174547865011219,english,comment,True,majority,3-0,0,0
t1_p7401pr,0,0.19253934919834137,-1.43359375,0,0.28487691283226013,0.40562719106674194,0.3094958961009979,0,0.27751753366105314,tagalog,comment,True,adjudicator,2-1,0,0
t1_p740s7a,1,0.01784873940050602,-4.0078125,0,0.30327868461608887,0.34836065769195557,0.34836065769195557,0,0.06447116332496301,taglish,comment,True,adjudicator,2-1,1,1
t1_p742bdi,0,0.6053325533866882,0.427734375,1,0.3776223659515381,0.3216783106327057,0.30069929361343384,0,0.5708888229154406,english,comment,True,adjudicator,2-1,0,0
t1_p742cdq,1,0.6242935061454773,0.5078125,1,0.40093785524368286,0.30480656027793884,0.2942555546760559,0,0.5839291701670895,english,comment,True,unanimous,3-0,1,1
t1_p742eq6,0,0.22270013391971588,-1.25,0,0.32400932908058167,0.38461539149284363,0.2913752794265747,0,0.30274192265489025,taglish,comment,True,adjudicator,2-1,0,0
t1_p742mvf,0,0.21601152420043945,-1.2890625,0,0.3541666567325592,0.31712964177131653,0.32870370149612427,0,0.29726706145907433,taglish,comment,True,unanimous,3-0,0,0
t1_p742tbm,0,0.7325918078422546,1.0078125,1,0.4021163880825043,0.3134920597076416,0.28439152240753174,1,0.662092737235143,tagalog,comment,True,adjudicator,3-0,0,1
t1_p742w7h,0,0.4512055516242981,-0.19580078125,0,0.32403433322906494,0.3862660825252533,0.28969958424568176,0,0.4673760792300507,taglish,comment,True,majority,3-0,0,0
t1_p7435vc,0,0.9469902515411377,2.8828125,1,0.5093333125114441,0.25866666436195374,0.23199999332427979,1,0.8725889928384777,tagalog,comment,True,adjudicator,2-1,0,1
t1_p743b24,0,0.7082125544548035,0.88671875,1,0.42225033044815063,0.2819216251373291,0.29582807421684265,1,0.6437811989559261,taglish,comment,True,unanimous,3-0,0,0
t1_p7442sg,0,0.403566837310791,-0.390625,0,0.3678414225578308,0.32158589363098145,0.31057268381118774,0,0.4351889590511431,tagalog,comment,True,adjudicator,2-1,0,1
t1_p7446ww,0,0.07807817310094833,-2.46875,0,0.3205944895744324,0.36305731534957886,0.31634819507598877,0,0.16142099848385366,taglish,comment,True,majority,3-0,0,0
t1_p7447d8,0,0.29665425419807434,-0.86328125,0,0.3052884638309479,0.35576921701431274,0.3389423191547394,0,0.35981409650109997,taglish,comment,True,majority,3-0,0,0
t1_p744yjy,0,0.018264278769493103,-3.984375,0,0.3016877770423889,0.34388184547424316,0.3544303774833679,0,0.06542109664518816,taglish,comment,True,majority,3-0,0,0
t1_p745nm4,0,0.015663648024201393,-4.140625,0,0.2925311326980591,0.34854772686958313,0.3589211702346802,0,0.059326744771127204,taglish,comment,True,unanimous,3-0,0,0
t1_p746quy,0,0.7655933499336243,1.18359375,1,0.4371727705001831,0.2840314209461212,0.2787958085536957,1,0.6878214650699669,taglish,comment,True,majority,3-0,0,0
t1_p746z7f,1,0.6247515678405762,0.509765625,1,0.428061842918396,0.27229487895965576,0.29964327812194824,0,0.5842458417367926,tagalog,comment,True,unanimous,3-0,1,1
t1_p749kpc,0,0.03283695876598358,-3.3828125,0,0.2508073151111603,0.41980624198913574,0.329386442899704,0,0.09468250426720001,tagalog,comment,True,adjudicator,2-1,0,0
t1_p74auzk,0,0.08509904891252518,-2.375,0,0.2895662486553192,0.3516998887062073,0.3587338924407959,0,0.1700712584707167,english,comment,True,majority,3-0,0,0
t1_p74b2gk,0,0.367951363325119,-0.541015625,0,0.36036035418510437,0.3130630552768707,0.3265765905380249,0,0.4106970380689068,taglish,comment,True,unanimous,3-0,0,0
t1_p74bw25,0,0.4434799253940582,-0.22705078125,0,0.30282485485076904,0.40903955698013306,0.2881355881690979,0,0.462187777810602,tagalog,comment,True,adjudicator,2-1,0,0
t1_p74dltk,0,0.09467770159244537,-2.2578125,0,0.28685712814331055,0.3634285628795624,0.3497142791748047,0,0.1813973230027816,taglish,comment,True,unanimous,3-0,0,0
t1_p74e40k,0,0.039048291742801666,-3.203125,0,0.29767441749572754,0.35116279125213623,0.35116279125213623,0,0.1054740035903615,english,comment,True,majority,3-0,0,0
t1_p74ely0,0,0.3293917179107666,-0.7109375,0,0.3733031749725342,0.3235294222831726,0.3031674325466156,0,0.3835531615536768,taglish,comment,True,adjudicator,2-1,0,0
t1_p74em8i,0,0.8840392827987671,2.03125,1,0.425595223903656,0.2991071343421936,0.275297611951828,1,0.7950594128886459,english,comment,True,adjudicator,2-1,0,0
t1_p74eoly,1,0.20561502873897552,-1.3515625,0,0.34324944019317627,0.31807780265808105,0.3386727571487427,0,0.2886274030881684,taglish,comment,True,unanimous,3-0,1,1
t1_p74ikrc,0,0.027169233188033104,-3.578125,0,0.3086419701576233,0.3436214029788971,0.3477366268634796,0,0.08408372518676328,taglish,comment,True,majority,3-0,0,0
t1_p74jed9,0,0.2351084202528,-1.1796875,0,0.34773218631744385,0.3563714921474457,0.2958963215351105,0,0.3127386154067225,taglish,comment,True,unanimous,3-0,0,0
t1_p74l3ot,0,0.1937568634748459,-1.42578125,0,0.3348115384578705,0.31707316637039185,0.34811529517173767,0,0.27856420434164003,tagalog,comment,True,adjudicator,2-1,0,0
t1_p74lbe3,0,0.7268136143684387,0.978515625,1,0.445019394159317,0.2729624807834625,0.28201812505722046,1,0.6577043838032888,tagalog,comment,True,adjudicator,2-1,0,1
t1_p74mce8,0,0.34246155619621277,-0.65234375,0,0.36199095845222473,0.31221720576286316,0.3257918655872345,0,0.39284065005601576,taglish,comment,True,unanimous,3-0,0,0
t1_p74metr,0,0.740174412727356,1.046875,1,0.46194225549697876,0.2624672055244446,0.27559053897857666,1,0.6679006438726094,tagalog,comment,True,adjudicator,2-1,0,1
t1_p74nozt,0,0.6252092719078064,0.51171875,1,0.41594022512435913,0.2826898992061615,0.30136987566947937,0,0.5845624437610012,english,comment,True,majority,3-0,0,0
t1_p74okhz,0,0.1795305460691452,-1.51953125,0,0.3325740396976471,0.3348519504070282,0.3325740396976471,0,0.2661654598642483,tagalog,comment,True,adjudicator,3-0,0,0
t1_p74oy14,0,0.04501553252339363,-3.0546875,0,0.2882991433143616,0.35464414954185486,0.35705670714378357,0,0.11519312751511082,tagalog,comment,True,majority,3-0,0,0
t1_p74p0np,0,0.6325027346611023,0.54296875,1,0.38033634424209595,0.35187581181526184,0.2677878439426422,0,0.589618417927781,tagalog,comment,True,adjudicator,2-1,0,1
t1_p74po25,0,0.6893056035041809,0.796875,1,0.42619046568870544,0.31904762983322144,0.2547619044780731,1,0.6299145509442577,tagalog,comment,True,adjudicator,2-1,0,1
t1_p74pqmh,0,0.14804720878601074,-1.75,0,0.2876712381839752,0.36986300349235535,0.34246575832366943,0,0.23721942118649586,tagalog,comment,True,adjudicator,2-1,0,1
t1_p74pu6f,0,0.1294027417898178,-1.90625,0,0.30022573471069336,0.3521444797515869,0.3476297855377197,0,0.21886904378757663,taglish,comment,True,adjudicator,2-1,0,1
t1_p74qbp4,0,0.16398024559020996,-1.62890625,0,0.30222222208976746,0.36888888478279114,0.3288888931274414,0,0.25215259925905487,tagalog,comment,True,majority,3-0,0,0
t1_p74qmzd,0,0.5997195839881897,0.404296875,1,0.38854295015335083,0.31631383299827576,0.2951432168483734,0,0.5670525914103502,tagalog,comment,True,adjudicator,2-1,0,1
t1_p74qsqq,1,0.5469801425933838,0.1884765625,1,0.33893918991088867,0.38033634424209595,0.280724436044693,0,0.5314068494611656,tagalog,comment,True,majority,3-0,1,1
t1_p74qtsz,0,0.26779094338417053,-1.005859375,0,0.31900453567504883,0.40045249462127686,0.2805429995059967,0,0.33819896333077853,tagalog,comment,True,unanimous,3-0,0,0
t1_p74qxt5,0,0.06097517907619476,-2.734375,0,0.2713375687599182,0.36942675709724426,0.3592356741428375,0,0.13883781959260888,taglish,comment,True,majority,3-0,0,0
t1_p74qzfr,1,0.7833262085914612,1.28515625,1,0.4495530128479004,0.27586206793785095,0.27458491921424866,1,0.7021880274295053,tagalog,comment,True,majority,3-0,1,1
t1_p74rzdi,0,0.6171665787696838,0.4775390625,1,0.32582780718803406,0.3523178696632385,0.32185429334640503,0,0.5790120519788543,tagalog,comment,True,adjudicator,2-1,0,0
t1_p74smsg,0,0.6415346264839172,0.58203125,1,0.40515223145484924,0.33723652362823486,0.2576112449169159,1,0.5959117412118978,tagalog,comment,True,unanimous,3-0,0,0
t1_p74suws,0,0.02931223064661026,-3.5,0,0.2793427109718323,0.36150234937667847,0.35915493965148926,0,0.08818745194844858,taglish,comment,True,majority,3-0,0,0
t1_p74t9az,0,0.029760092496871948,-3.484375,0,0.27218934893608093,0.40236687660217285,0.3254437744617462,0,0.08902961604386452,taglish,comment,True,majority,3-0,0,0
t1_p74tfnh,0,0.010818448849022388,-4.515625,0,0.24493926763534546,0.4271255135536194,0.32793521881103516,0,0.046805506671728024,taglish,comment,True,unanimous,3-0,0,0
t1_p74tjen,0,0.12678517401218414,-1.9296875,0,0.2920560836791992,0.35514017939567566,0.3528037369251251,0,0.21620645471053154,taglish,comment,True,majority,3-0,0,0
t1_p74tlgq,0,0.023870835080742836,-3.7109375,0,0.2828054428100586,0.35972851514816284,0.35746607184410095,0,0.07750398972330617,taglish,comment,True,majority,3-0,0,0
t1_p74to1m,0,0.013020490296185017,-4.328125,0,0.22533749043941498,0.4340602159500122,0.3406022787094116,0,0.05271615260443792,taglish,comment,True,adjudicator,2-1,0,0
t1_p74tsga,0,0.5281988382339478,0.1129150390625,1,0.41206029057502747,0.29271358251571655,0.295226126909256,0,0.5188315249921714,english,comment,True,majority,3-0,0,0
t1_p74ueit,0,0.015306354500353336,-4.1640625,0,0.2854166626930237,0.3708333373069763,0.34375,0,0.05845976787439239,taglish,comment,True,unanimous,3-0,0,0
t1_p74upfg,0,0.6787529587745667,0.748046875,1,0.448574960231781,0.27757126092910767,0.27385377883911133,1,0.6222857395972288,english,comment,True,majority,3-0,0,0
t1_p74ve93,0,0.04535258188843727,-3.046875,0,0.30022573471069336,0.3521444797515869,0.3476297855377197,0,0.11572564704921785,english,comment,True,majority,3-0,0,0
t1_p74vm16,0,0.04922211542725563,-2.9609375,0,0.33193278312683105,0.3382352888584137,0.32983192801475525,0,0.12172571243874888,english,comment,True,majority,3-0,0,0
t1_p74w4x6,1,0.19930799305438995,-1.390625,0,0.29383885860443115,0.3341232240200043,0.3720379173755646,0,0.28330408115643213,taglish,comment,True,adjudicator,2-1,1,0
t1_p74wdcy,0,0.06371499598026276,-2.6875,0,0.31477928161621094,0.3953934609889984,0.28982725739479065,0,0.14262078539289552,taglish,comment,True,unanimous,3-0,0,0
t1_p74wg6l,0,0.030214587226510048,-3.46875,0,0.27521008253097534,0.4159663915634155,0.30882352590560913,0,0.08987902980156505,english,comment,True,majority,3-0,0,0
t1_p74xnsz,1,0.4383043050765991,-0.248046875,0,0.38506418466567993,0.2952158749103546,0.31971994042396545,0,0.45870641220084934,english,comment,True,majority,3-0,1,1
t1_p74y1de,0,0.06512754410505295,-2.6640625,0,0.2604042887687683,0.37574315071105957,0.3638525605201721,0,0.14454428453687423,english,comment,True,unanimous,3-0,0,0
t1_p74y6fq,0,0.015663648024201393,-4.140625,0,0.22595596313476562,0.3870220184326172,0.3870220184326172,0,0.059326744771127204,taglish,comment,True,majority,3-0,0,0
t1_p74yd6e,0,0.024798156693577766,-3.671875,0,0.27074235677719116,0.37991267442703247,0.34934496879577637,0,0.07938865033077765,english,comment,True,majority,3-0,0,0
t1_p750uar,0,0.8539127111434937,1.765625,1,0.44300517439842224,0.2940414547920227,0.26295337080955505,1,0.7646623925318377,taglish,comment,True,majority,3-0,0,0
t1_p750vgw,1,0.6495786309242249,0.6171875,1,0.39575034379959106,0.3200531303882599,0.28419655561447144,1,0.601548945041415,taglish,comment,True,majority,3-0,1,1
t1_p7518kr,1,0.2509128153324127,-1.09375,0,0.33095237612724304,0.3285714387893677,0.3404761850833893,0,0.32519680220109026,tagalog,comment,True,majority,3-0,1,1
t1_p7537xf,0,0.018689310178160667,-3.9609375,0,0.2657657563686371,0.37612614035606384,0.3581081032752991,0,0.06638403332867755,taglish,comment,True,unanimous,3-0,0,0
t1_p753tau,0,0.04501553252339363,-3.0546875,0,0.3252525329589844,0.34949496388435364,0.3252525329589844,0,0.11519312751511082,tagalog,comment,True,majority,3-0,0,0
t1_p753zn1,0,0.043042849749326706,-3.1015625,0,0.28717365860939026,0.3564131557941437,0.3564131557941437,0,0.11204259951731124,taglish,comment,True,majority,3-0,0,0
t1_p754306,0,0.07055959850549698,-2.578125,0,0.269978404045105,0.41468682885169983,0.3153347671031952,0,0.15178205122137198,english,comment,True,adjudicator,2-1,0,1
t1_p7547vn,0,0.09203286468982697,-2.2890625,0,0.2967741787433624,0.4000000059604645,0.3032258152961731,0,0.17832079252950858,english,comment,True,majority,3-0,0,0
t1_p756zjs,0,0.35958901047706604,-0.5771484375,0,0.39751553535461426,0.2956521809101105,0.30683228373527527,0,0.40487324634601235,english,comment,True,unanimous,3-0,0,0
t1_p759tqm,0,0.6295468807220459,0.5302734375,1,0.4133016765117645,0.3230403661727905,0.26365795731544495,0,0.5875666474704263,tagalog,comment,True,unanimous,3-0,0,0
t1_p75cezi,0,0.1650540828704834,-1.62109375,0,0.3282608687877655,0.34565216302871704,0.32608696818351746,0,0.25313712316752063,english,comment,True,majority,3-0,0,0
t1_p75cfk1,0,0.1465751975774765,-1.76171875,0,0.31656184792518616,0.3689727485179901,0.31446540355682373,0,0.23580709038186584,english,comment,True,majority,3-0,0,0
t1_p75e3qj,0,0.13568955659866333,-1.8515625,0,0.3181818127632141,0.34917354583740234,0.33264464139938354,0,0.2251731874220127,taglish,comment,True,majority,3-0,0,0
t1_p75eglh,0,0.10743748396635056,-2.1171875,0,0.3229166567325592,0.3541666567325592,0.3229166567325592,0,0.19575294468242502,taglish,comment,True,majority,3-0,0,0
t1_p75eh8d,1,0.4780414402484894,-0.087890625,0,0.3641161024570465,0.30343008041381836,0.33245381712913513,0,0.4853392150948621,taglish,comment,True,majority,3-0,1,1
t1_p75euy4,1,0.5087271332740784,0.034912109375,1,0.36918991804122925,0.3147410452365875,0.3160690665245056,0,0.5058249958246122,taglish,comment,True,majority,3-0,1,1
t1_p75f6ia,0,0.5966681838035583,0.3916015625,1,0.40843215584754944,0.29380765557289124,0.2977602183818817,0,0.564971240722554,taglish,comment,True,majority,3-0,0,0
t1_p75fi9e,0,0.22000709176063538,-1.265625,0,0.3786848187446594,0.3106575906276703,0.3106575906276703,0,0.30054513074995215,english,comment,True,adjudicator,2-1,0,0
t1_p75g7hh,0,0.4208376109600067,-0.3193359375,0,0.3629976511001587,0.31850117444992065,0.31850117444992065,0,0.4469179930566787,tagalog,comment,True,adjudicator,2-1,0,0
t1_p75g8kv,0,0.31027624011039734,-0.798828125,0,0.35108959674835205,0.3171912729740143,0.33171913027763367,0,0.36978161303791685,tagalog,comment,True,adjudicator,2-1,0,0
t1_p75g9y4,0,0.5931380391120911,0.376953125,1,0.3847167193889618,0.32015809416770935,0.29512515664100647,0,0.5625668376620048,tagalog,comment,True,adjudicator,2-1,0,0
t1_p75gwjv,1,0.9273633360862732,2.546875,1,0.4876033067703247,0.26997244358062744,0.24242424964904785,1,0.8455132003015606,taglish,comment,True,adjudicator,2-1,1,0
t1_p75gz21,1,0.7634837031364441,1.171875,1,0.4435146450996399,0.2482566237449646,0.3082287311553955,1,0.6861395833211894,taglish,comment,True,adjudicator,2-1,1,1
t1_p75imjy,0,0.0222861859947443,-3.78125,0,0.24772727489471436,0.3659090995788574,0.3863636255264282,0,0.0742145974387251,taglish,comment,True,majority,3-0,0,0
t1_p75itto,0,0.03622005507349968,-3.28125,0,0.26260504126548767,0.42226889729499817,0.31512606143951416,0,0.10065466116075211,taglish,comment,True,majority,3-0,0,0
t1_p75je3m,0,0.023330770432949066,-3.734375,0,0.2618556618690491,0.41443300247192383,0.3237113356590271,0,0.07639295042262953,taglish,comment,True,majority,3-0,0,0
t1_p75kifr,0,0.018404891714453697,-3.9765625,0,0.26422762870788574,0.4085365831851959,0.32723575830459595,0,0.06574062340085342,english,comment,True,unanimous,3-0,0,0
t1_p75ksdr,0,0.5874698758125305,0.353515625,1,0.4184914827346802,0.2907542586326599,0.2907542586326599,0,0.558713716380782,tagalog,comment,True,majority,3-0,0,0
t1_p75lqbr,0,0.4170340299606323,-0.3349609375,0,0.3787878751754761,0.3484848439693451,0.27272728085517883,0,0.44434171764298513,taglish,comment,True,majority,3-0,0,0
t1_p75lsgh,0,0.7170118689537048,0.9296875,1,0.4244791567325592,0.2903645932674408,0.28515625,1,0.650330429712026,tagalog,comment,True,majority,3-0,0,0
t1_p75m85e,0,0.06465348601341248,-2.671875,0,0.3053763508796692,0.37204301357269287,0.32258063554763794,0,0.14390073425212555,taglish,comment,True,majority,3-0,0,0
t1_p75nrvi,0,0.3263787627220154,-0.724609375,0,0.3782505989074707,0.30732861161231995,0.31442078948020935,0,0.3813979782495346,english,comment,True,adjudicator,2-1,0,0
t1_p75oau8,0,0.043042849749326706,-3.1015625,0,0.27314814925193787,0.35648149251937866,0.37037035822868347,0,0.11204259951731124,taglish,comment,True,majority,3-0,0,0
t1_p75odws,0,0.026155617088079453,-3.6171875,0,0.2665148079395294,0.3735763132572174,0.3599088788032532,0,0.08209754468715207,taglish,comment,True,unanimous,3-0,0,0
t1_p75ofnj,1,0.7233095169067383,0.9609375,1,0.3304843306541443,0.37321937084198,0.29629629850387573,1,0.6550583031904704,tagalog,comment,True,majority,3-0,1,1
t1_p75p4b8,0,0.6482437252998352,0.611328125,1,0.38205498456954956,0.3068017363548279,0.31114327907562256,1,0.6006112354404317,tagalog,comment,True,adjudicator,2-1,0,1
t1_p75p9x9,0,0.3670434057712555,-0.544921875,0,0.3372859060764313,0.33465084433555603,0.3280632495880127,0,0.4100661997716253,tagalog,comment,True,adjudicator,2-1,0,1
t1_p75paso,0,0.42919009923934937,-0.28515625,0,0.35264483094215393,0.32493701577186584,0.32241812348365784,0,0.4525633575092228,taglish,comment,True,adjudicator,2-1,0,1
t1_p75pjpp,0,0.7248703241348267,0.96875,1,0.411843866109848,0.32166892290115356,0.2664872109889984,1,0.6562355374140226,tagalog,comment,True,adjudicator,2-1,0,0
t1_p75ptee,0,0.5183632969856262,0.073486328125,1,0.38790932297706604,0.3110831379890442,0.30100756883621216,0,0.5122591025646243,tagalog,comment,True,majority,3-0,0,0
t1_p75qcc8,0,0.05460060387849808,-2.8515625,0,0.271702378988266,0.3788049519062042,0.3494926691055298,0,0.1297478962756684,taglish,comment,True,unanimous,3-0,0,0
t1_p75qnxv,0,0.13568955659866333,-1.8515625,0,0.3927765190601349,0.29571107029914856,0.31151241064071655,0,0.2251731874220127,english,comment,True,majority,3-0,0,0
t1_p75qvxz,0,0.4973144829273224,-0.0107421875,0,0.41387560963630676,0.2870813310146332,0.29904305934906006,0,0.4982076201782233,english,comment,True,adjudicator,2-1,0,1
t1_p75rjkb,0,0.2206781655550003,-1.26171875,0,0.34989649057388306,0.32505175471305847,0.32505175471305847,0,0.3010934761996459,tagalog,comment,True,adjudicator,2-1,0,1
t1_p75rv22,1,0.0792103260755539,-2.453125,0,0.3278350532054901,0.3319587707519531,0.34020617604255676,0,0.16283762510907177,english,comment,True,adjudicator,2-1,1,1
t1_p75rwe2,1,0.2487165927886963,-1.10546875,0,0.28678303956985474,0.35660848021507263,0.35660848021507263,0,0.3234828121876848,tagalog,comment,True,adjudicator,2-1,1,0
t1_p75sb6f,1,0.5141716003417969,0.05670166015625,1,0.3876652121543884,0.35462555289268494,0.257709264755249,0,0.5094598255043716,tagalog,comment,True,majority,3-0,1,1
t1_p75ta58,0,0.45035937428474426,-0.19921875,0,0.40094900131225586,0.30367735028266907,0.29537367820739746,0,0.46680824457144127,tagalog,comment,True,adjudicator,2-1,0,0
t1_p75u8oa,0,0.02655657008290291,-3.6015625,0,0.2659091055393219,0.3659090995788574,0.36818182468414307,0,0.08288683861928259,taglish,comment,True,unanimous,3-0,0,0
t1_p75uf71,0,0.7662936449050903,1.1875,1,0.4359949231147766,0.3054499328136444,0.258555144071579,1,0.6883809973050358,english,comment,True,majority,3-0,0,0
t1_p75ujk6,1,0.8444089889526367,1.69140625,1,0.40888887643814087,0.29777777194976807,0.2933333218097687,1,0.7556318221232434,tagalog,comment,True,unanimous,3-0,1,1
t1_p75ukud,0,0.6867902874946594,0.78515625,1,0.36403995752334595,0.3906770348548889,0.24528302252292633,1,0.6280893805910763,english,comment,True,adjudicator,2-1,0,0
t1_p75vad5,0,0.05877655744552612,-2.7734375,0,0.2763005793094635,0.372254341840744,0.3514450788497925,0,0.1357499608101176,english,comment,True,adjudicator,2-1,0,0
t1_p75vjn0,0,0.028652667999267578,-3.5234375,0,0.2642368972301483,0.3690204918384552,0.3667426109313965,0,0.08693769566006582,tagalog,comment,True,adjudicator,2-1,0,0
t1_p75vvh6,0,0.8534248471260071,1.76171875,1,0.46683046221733093,0.273955762386322,0.25921374559402466,1,0.7641929096181341,english,comment,True,unanimous,3-0,0,0
t1_p75wctw,0,0.8860265612602234,2.05078125,1,0.4701492488384247,0.26616916060447693,0.2636815905570984,1,0.7971752558753591,taglish,comment,True,majority,3-0,0,0
t1_p75whm4,0,0.7070003151893616,0.880859375,1,0.34702548384666443,0.35694050788879395,0.2960340082645416,1,0.642883874922484,taglish,comment,True,adjudicator,2-1,0,0
t1_p75wlro,0,0.6667138338088989,0.693359375,1,0.4047904312610626,0.3089820444583893,0.2862275540828705,1,0.6136691620748148,english,comment,True,unanimous,3-0,0,0
t1_p75wmxj,0,0.04146227613091469,-3.140625,0,0.3326488733291626,0.3244353234767914,0.342915803194046,0,0.1094749273953919,tagalog,comment,True,adjudicator,2-1,0,0
t1_p75y4gp,0,0.5209532976150513,0.0838623046875,1,0.36138615012168884,0.32673266530036926,0.3118811845779419,0,0.5139891914052965,taglish,comment,True,adjudicator,2-1,0,1
t1_p75z2bv,1,0.6477982401847839,0.609375,1,0.34712642431259155,0.36781609058380127,0.2850574851036072,1,0.6002985012208706,taglish,comment,True,unanimous,3-0,1,1
t1_p760b01,0,0.5159248113632202,0.063720703125,1,0.3194103240966797,0.3734643757343292,0.3071253001689911,0,0.5106305145484913,tagalog,comment,True,majority,3-0,0,0
t1_p760jky,0,0.39350154995918274,-0.4326171875,0,0.2964824140071869,0.3592964708805084,0.3442211151123047,0,0.42831301722798126,tagalog,comment,True,adjudicator,2-1,0,0
t1_p760mru,0,0.780662477016449,1.26953125,1,0.4478873312473297,0.27605634927749634,0.27605634927749634,1,0.7000026447165274,tagalog,comment,True,majority,3-0,0,0
t1_p76285e,0,0.7498207092285156,1.09765625,1,0.42571428418159485,0.2871428430080414,0.2871428430080414,1,0.6753750508991768,taglish,comment,True,unanimous,3-0,0,0
t1_p762lky,0,0.5685356259346008,0.27587890625,1,0.38926175236701965,0.30201342701911926,0.3087248206138611,0,0.545902158853795,tagalog,comment,True,adjudicator,2-1,0,1
t1_p762sf2,1,0.8289388418197632,1.578125,1,0.46855732798576355,0.2712700366973877,0.26017263531684875,1,0.7414027317132242,taglish,comment,True,majority,3-0,1,1
t1_p764s1y,0,0.32295286655426025,-0.740234375,0,0.3525896370410919,0.3565737009048462,0.2908366620540619,0,0.37894062174057336,tagalog,comment,True,adjudicator,2-1,0,0
t1_p764y35,0,0.09009299427270889,-2.3125,0,0.28689491748809814,0.3589138090610504,0.35419127345085144,0,0.17604031355678587,taglish,comment,True,majority,3-0,0,0
t1_p7655u1,0,0.7505527138710022,1.1015625,1,0.4540942907333374,0.28287839889526367,0.26302728056907654,1,0.6759463813112147,tagalog,comment,True,adjudicator,2-1,0,0
t1_p767qhe,1,0.6606104373931885,0.666015625,1,0.4400465786457062,0.2875436544418335,0.2724097669124603,1,0.609333647077696,tagalog,comment,True,adjudicator,3-0,1,1
t1_p7693zn,0,0.05070536583662033,-2.9296875,0,0.2990291118621826,0.3786407709121704,0.3223300874233246,0,0.12397314061872038,taglish,comment,True,unanimous,3-0,0,0
t1_p76a04r,1,0.41063815355300903,-0.361328125,0,0.34838709235191345,0.31870967149734497,0.3329032361507416,0,0.44000110041668816,tagalog,comment,True,majority,3-0,1,1
t1_p76bylz,1,0.051082734018564224,-2.921875,0,0.27314284443855286,0.36800000071525574,0.3588571548461914,0,0.12454053573064475,english,comment,True,adjudicator,2-1,1,0
t1_p76e2rw,0,0.05921025201678276,-2.765625,0,0.3030303120613098,0.3426573574542999,0.35431236028671265,0,0.13636286552924856,english,comment,True,majority,3-0,0,0
t1_p76hk6t,0,0.7793218493461609,1.26171875,1,0.4067796468734741,0.3155149817466736,0.2777053415775299,1,0.6989065238003541,english,comment,True,majority,3-0,0,0
t1_p76hwfx,0,0.04501553252339363,-3.0546875,0,0.3025210201740265,0.3424369692802429,0.3550420105457306,0,0.11519312751511082,taglish,comment,True,majority,3-0,0,0
t1_p76hzqg,0,0.012431650422513485,-4.375,0,0.2491544485092163,0.37204059958457947,0.3788049519062042,0,0.051175537248186714,taglish,comment,True,unanimous,3-0,0,0
t1_p76idpi,0,0.04501553252339363,-3.0546875,0,0.3223819434642792,0.35934290289878845,0.3182751536369324,0,0.11519312751511082,taglish,comment,True,unanimous,3-0,0,0
t1_p76ijq2,0,0.008187909610569477,-4.796875,0,0.22939424216747284,0.4270109236240387,0.34359484910964966,0,0.03910818816912197,taglish,comment,True,majority,3-0,0,0
t1_p76j0sy,0,0.017442483454942703,-4.03125,0,0.24137930572032928,0.4279918968677521,0.33062881231307983,0,0.0635340856224983,taglish,comment,True,majority,3-0,0,0
t1_p76j7qh,0,0.03488088399171829,-3.3203125,0,0.3206751048564911,0.3459915518760681,0.3333333432674408,0,0.09831906897061209,tagalog,comment,True,adjudicator,2-1,0,1
t1_p76m5bt,0,0.801314651966095,1.39453125,1,0.4523809552192688,0.2579365074634552,0.289682537317276,1,0.7172249745888124,english,comment,True,adjudicator,2-1,0,0
t1_p76mp20,0,0.2782568037509918,-0.953125,0,0.360262006521225,0.3340611457824707,0.3056768476963043,0,0.3461208361752474,english,comment,True,adjudicator,2-1,0,0
t1_p76nqje,0,0.500640869140625,0.0025634765625,1,0.41069260239601135,0.2879708409309387,0.3013365864753723,0,0.5004277287307686,tagalog,comment,True,unanimous,3-0,0,0
t1_p76o003,0,0.06187598779797554,-2.71875,0,0.32845187187194824,0.32845187187194824,0.34309622645378113,0,0.1400893654695399,tagalog,comment,True,adjudicator,2-1,0,0
t1_p76ojbn,0,0.03594832494854927,-3.2890625,0,0.2807215452194214,0.35625705122947693,0.3630214333534241,0,0.10018363479535145,english,comment,True,majority,3-0,0,0
t1_p76okyw,0,0.02080449089407921,-3.8515625,0,0.3012048304080963,0.3473895490169525,0.35140562057495117,0,0.07105405913108659,taglish,comment,True,majority,3-0,0,0
t1_p76qr78,0,0.10894505679607391,-2.1015625,0,0.33052632212638855,0.34736841917037964,0.3221052587032318,0,0.19739994301455288,taglish,comment,True,unanimous,3-0,0,0
t1_p76qwcu,0,0.7704647779464722,1.2109375,1,0.42276424169540405,0.2926829159259796,0.28455284237861633,1,0.6917266167780873,tagalog,comment,True,adjudicator,2-1,0,1
t1_p76r2xi,0,0.6067315340042114,0.43359375,1,0.3820224702358246,0.32209739089012146,0.29588013887405396,0,0.5718465701292345,tagalog,comment,True,adjudicator,2-1,0,0
t1_p76r6vy,0,0.5843898057937622,0.3408203125,1,0.3822341859340668,0.30955585837364197,0.30820995569229126,0,0.556623622291457,tagalog,comment,True,adjudicator,2-1,0,0
t1_p76rjoy,0,0.018689310178160667,-3.9609375,0,0.27485379576683044,0.40740740299224854,0.317738801240921,0,0.06638403332867755,english,comment,True,majority,3-0,0,0
t1_p76t18e,0,0.015306354500353336,-4.1640625,0,0.29795917868614197,0.3530612289905548,0.3489795923233032,0,0.05845976787439239,taglish,comment,True,majority,3-0,0,0
t1_p76tjj1,0,0.01615283451974392,-4.109375,0,0.27076590061187744,0.36030206084251404,0.3689320385456085,0,0.060501460283761944,taglish,comment,True,majority,3-0,0,0
t1_p76trep,1,0.7181993126869202,0.935546875,1,0.4255813956260681,0.27674418687820435,0.29767441749572754,1,0.651219193972381,taglish,comment,True,unanimous,3-0,1,1
t1_p76vpz3,1,0.7943849563598633,1.3515625,1,0.4464285671710968,0.2806122303009033,0.2729591727256775,1,0.7113725969118315,taglish,comment,True,majority,3-0,1,1
t1_p76xl88,0,0.2553436756134033,-1.0703125,0,0.2880098819732666,0.3609394431114197,0.3510506749153137,0,0.3286388280544541,taglish,comment,True,unanimous,3-0,0,0
t1_p773hqh,0,0.23161423206329346,-1.19921875,0,0.2913198471069336,0.34244945645332336,0.36623066663742065,0,0.3099437063520334,tagalog,comment,True,adjudicator,2-1,0,0
t1_p7741aw,0,0.7772998809814453,1.25,1,0.471615731716156,0.24017466604709625,0.28820961713790894,1,0.6972580773451098,tagalog,comment,True,unanimous,3-0,0,0
t1_p774l94,0,0.014615669846534729,-4.2109375,0,0.22921347618103027,0.3797752857208252,0.39101123809814453,0,0.05676135483639381,taglish,comment,True,majority,3-0,0,0
t1_p775b3h,0,0.2759094536304474,-0.96484375,0,0.37837839126586914,0.29729729890823364,0.3243243098258972,0,0.34435284084346685,english,comment,True,majority,3-0,0,0
t1_p775b8v,0,0.8092760443687439,1.4453125,1,0.4648241102695465,0.26758792996406555,0.26758792996406555,1,0.7240479225532478,tagalog,comment,True,adjudicator,2-1,0,1
t1_p777n8a,0,0.7213507890701294,0.951171875,1,0.42947903275489807,0.2935197055339813,0.2770012617111206,1,0.6535840826434948,tagalog,comment,True,adjudicator,2-1,0,0
t1_p77cdyz,0,0.5329720973968506,0.132080078125,1,0.36075034737586975,0.3232323229312897,0.3160173296928406,0,0.5220239586554384,taglish,comment,True,majority,3-0,0,0
t1_p77cv5i,0,0.1766716092824936,-1.5390625,0,0.2965686321258545,0.3480392098426819,0.3553921580314636,0,0.26362711201124356,english,comment,True,adjudicator,3-0,0,0
t1_p77ddzg,0,0.01652955636382103,-4.0859375,0,0.3012295067310333,0.3463114798069,0.35245901346206665,0,0.061396741671614505,taglish,comment,True,unanimous,3-0,0,0
t1_p77f4p4,0,0.40615516901016235,-0.3798828125,0,0.3712984025478363,0.31662869453430176,0.31207290291786194,0,0.4369520427564044,english,comment,True,unanimous,3-0,0,0
t1_p77gn5r,0,0.7752646803855896,1.23828125,1,0.4400978088378906,0.29095354676246643,0.26894864439964294,1,0.6956045365439233,taglish,comment,True,unanimous,3-0,0,0
t1_p77hvnr,0,0.3023911118507385,-0.8359375,0,0.29660022258758545,0.3681125342845917,0.3352872133255005,0,0.3640285565913521,taglish,comment,True,majority,3-0,0,0
t1_p77m0e8,0,0.01678548939526081,-4.0703125,0,0.30595481395721436,0.3449692130088806,0.34907597303390503,0,0.06200045896861632,taglish,comment,True,unanimous,3-0,0,0
t1_p77mqk2,0,0.01384861022233963,-4.265625,0,0.26187846064567566,0.3668508231639862,0.37127071619033813,0,0.054838509530134236,taglish,comment,True,majority,3-0,0,0
t1_p77oxz9,0,0.12852515280246735,-1.9140625,0,0.3390558063983917,0.32618024945259094,0.33476394414901733,0,0.21797889982585647,english,comment,True,adjudicator,2-1,0,1
t1_p77qerq,0,0.015543648041784763,-4.1484375,0,0.26948773860931396,0.36302894353866577,0.3674832880496979,0,0.05903642222012067,taglish,comment,True,majority,3-0,0,0
t1_p77qzm1,0,0.0064882696606218815,-5.03125,0,0.25482624769210815,0.41312742233276367,0.3320463299751282,0,0.0336355821463224,english,comment,True,majority,3-0,0,0
t1_p77reee,0,0.5503657460212708,0.2021484375,1,0.41387856006622314,0.2887236773967743,0.29739776253700256,0,0.5336784024694377,tagalog,comment,True,adjudicator,2-1,0,1
t1_p77rfio,0,0.007937993854284286,-4.828125,0,0.22006140649318695,0.43193450570106506,0.3480041027069092,0,0.03833190359748606,english,comment,True,majority,3-0,0,0
t1_p77ro88,0,0.017576880753040314,-4.0234375,0,0.27234041690826416,0.35957446694374084,0.368085116147995,0,0.06384502553925203,taglish,comment,True,adjudicator,2-1,0,0
t1_p77ru5i,0,0.048496000468730927,-2.9765625,0,0.3199152648448944,0.3305084705352783,0.34957626461982727,0,0.12061521405769488,taglish,comment,True,unanimous,3-0,0,0
t1_p77sbcd,0,0.1212688684463501,-1.98046875,0,0.2817552089691162,0.36720553040504456,0.35103926062583923,0,0.21051826015676472,english,comment,True,majority,3-0,0,0
t1_p77sdo4,0,0.09947021305561066,-2.203125,0,0.28297632932662964,0.36076661944389343,0.35625705122947693,0,0.18688037588329817,english,comment,True,majority,3-0,0,0
t1_p77sk36,0,0.2546016275882721,-1.07421875,0,0.3674832880496979,0.31180399656295776,0.320712685585022,0,0.32806386482578676,taglish,comment,True,adjudicator,2-1,0,0
t1_p77t2it,0,0.014728614129126072,-4.203125,0,0.3047034740447998,0.3415133059024811,0.3537832200527191,0,0.05704116754177609,taglish,comment,True,unanimous,3-0,0,0
t1_p77t84c,0,0.25832599401474,-1.0546875,0,0.32892999053001404,0.32760897278785706,0.3434610366821289,0,0.3309438079245765,english,comment,True,adjudicator,2-1,0,0
t1_p77trkh,0,0.08945459872484207,-2.3203125,0,0.32285115122795105,0.33123689889907837,0.3459119498729706,0,0.1752852677073696,taglish,comment,True,unanimous,3-0,0,0
t1_p77ttcl,0,0.00941259041428566,-4.65625,0,0.22857142984867096,0.4326530694961548,0.33877551555633545,0,0.0427918160448439,english,comment,True,majority,3-0,0,0
t1_p77u4ef,1,0.9155072569847107,2.3828125,1,0.48322147130966187,0.2711409330368042,0.24563758075237274,1,0.8306634473218193,tagalog,comment,True,adjudicator,2-1,1,0
t1_p77unr5,0,0.01384861022233963,-4.265625,0,0.23046092689037323,0.4228456914424896,0.34669339656829834,0,0.054838509530134236,taglish,comment,True,majority,3-0,0,0
t1_p77uoky,1,0.10447732359170914,-2.1484375,0,0.3207547068595886,0.33752620220184326,0.3417190909385681,0,0.1924901919651668,taglish,comment,True,adjudicator,2-1,1,0
t1_p77uxsi,0,0.4179840087890625,-0.3310546875,0,0.37168142199516296,0.32300883531570435,0.3053097426891327,0,0.44498551155173105,english,comment,True,unanimous,3-0,0,0
t1_p77v35j,0,0.021948251873254776,-3.796875,0,0.2633928656578064,0.3772321343421936,0.359375,0,0.0735012668907666,english,comment,True,majority,3-0,0,0
t1_p77v4is,0,0.3593641221523285,-0.578125,0,0.36666667461395264,0.31111112236976624,0.3222222328186035,0,0.4047162097671673,taglish,comment,True,majority,3-0,0,0
t1_p77vgly,0,0.012431650422513485,-4.375,0,0.29471543431282043,0.34959349036216736,0.3556910455226898,0,0.051175537248186714,taglish,comment,True,adjudicator,2-1,0,1
t1_p77vhmq,0,0.07055959850549698,-2.578125,0,0.3215031325817108,0.33820459246635437,0.3402922749519348,0,0.15178205122137198,taglish,comment,True,majority,3-0,0,0
t1_p77votq,0,0.010986942797899246,-4.5,0,0.27326732873916626,0.40594059228897095,0.3207920789718628,0,0.047272973830220895,taglish,comment,True,majority,3-0,0,0
t1_p77vte9,0,0.21733753383159637,-1.28125,0,0.35010939836502075,0.31509846448898315,0.3347921371459961,0,0.29835745845846456,english,comment,True,adjudicator,2-1,0,0
t1_p77vx7p,0,0.8770562410354614,1.96484375,1,0.47291940450668335,0.27080580592155457,0.2562747597694397,1,0.7877432980329803,english,comment,True,majority,3-0,0,0
t1_p77w7ob,0,0.017045317217707634,-4.0546875,0,0.30612245202064514,0.3469387888908386,0.3469387888908386,0,0.06260971666102977,english,comment,True,majority,3-0,0,0
t1_p77w7or,0,0.14706452190876007,-1.7578125,0,0.3333333432674408,0.33544304966926575,0.33122363686561584,0,0.23627722048160632,taglish,comment,True,majority,3-0,0,0
t1_p77wo3f,0,0.015072628855705261,-4.1796875,0,0.30674847960472107,0.34560325741767883,0.3476482629776001,0,0.05788839963594308,taglish,comment,True,majority,3-0,0,0
t1_p77wola,0,0.12085322290658951,-1.984375,0,0.3192771077156067,0.3654618561267853,0.31526103615760803,0,0.21008528480199415,taglish,comment,True,adjudicator,2-1,0,0
t1_p77wqnl,0,0.013636835850775242,-4.28125,0,0.24637681245803833,0.417391300201416,0.33623188734054565,0,0.05430049319479187,taglish,comment,True,unanimous,3-0,0,0
t1_p77wrq7,0,0.031143829226493835,-3.4375,0,0.31020408868789673,0.34489795565605164,0.34489795565605164,0,0.09159979523813061,taglish,comment,True,unanimous,3-0,0,0
t1_p77x3cx,0,0.011687257327139378,-4.4375,0,0.2749529182910919,0.4030131697654724,0.32203391194343567,0,0.049187566859983156,taglish,comment,True,majority,3-0,0,0
t1_p77xju6,0,0.7752646803855896,1.23828125,1,0.45026177167892456,0.27094241976737976,0.2787958085536957,1,0.6956045365439233,tagalog,comment,True,adjudicator,2-1,0,0
t1_p77y5ul,0,0.6451199054718018,0.59765625,1,0.40714284777641296,0.3047619163990021,0.28809523582458496,1,0.5984203865624415,english,comment,True,majority,3-0,0,0
t1_p77yaid,0,0.049958519637584686,-2.9453125,0,0.3243243098258972,0.33471933007240295,0.34095633029937744,0,0.12284500684749908,english,comment,True,majority,3-0,0,0
t1_p77ydf9,0,0.010328153148293495,-4.5625,0,0.2662721872329712,0.4082840383052826,0.3254437744617462,0,0.045429344317764415,taglish,comment,True,unanimous,3-0,0,0
t1_p77yljm,0,0.18126320838928223,-1.5078125,0,0.3589164912700653,0.31828442215919495,0.32279908657073975,0,0.2676959237760052,english,comment,True,majority,3-0,0,0
t1_p77ytu9,0,0.6187804341316223,0.484375,1,0.4312736392021179,0.282471626996994,0.28625473380088806,0,0.5801237766319269,english,comment,True,unanimous,3-0,0,0
t1_p77ywug,0,0.10594828426837921,-2.1328125,0,0.32765957713127136,0.33829787373542786,0.3340425491333008,0,0.19411636446304292,taglish,comment,True,adjudicator,2-1,0,0
t1_p77zrla,0,0.7799928784370422,1.265625,1,0.40692639350891113,0.30158731341362,0.29148629307746887,1,0.6994548692500479,tagalog,comment,True,majority,3-0,0,0
t1_p77zzxn,0,0.4615021347999573,-0.154296875,0,0.3872491121292114,0.30106258392333984,0.31168830394744873,0,0.47427752605473994,tagalog,comment,True,adjudicator,2-1,0,1
t1_p780jhn,0,0.5086813569068909,0.03472900390625,1,0.38108107447624207,0.3081081211566925,0.31081080436706543,0,0.5057944478898497,tagalog,comment,True,majority,3-0,0,0
t1_p780n2y,0,0.04084571823477745,-3.15625,0,0.2774193584918976,0.3569892346858978,0.3655914068222046,0,0.10846239018684971,taglish,comment,True,majority,3-0,0,0
t1_p781245,0,0.7453983426094055,1.07421875,1,0.4393531084060669,0.26549863815307617,0.29514825344085693,1,0.6719361351742132,english,comment,True,adjudicator,2-1,0,0
t1_p781rv6,0,0.060086652636528015,-2.75,0,0.31691649556159973,0.3297644555568695,0.35331904888153076,0,0.1375956657933287,english,comment,True,majority,3-0,0,0
t1_p7820ky,1,0.2538610100746155,-1.078125,0,0.34899330139160156,0.31319910287857056,0.3378075957298279,0,0.3274894168276064,taglish,comment,True,adjudicator,2-1,1,0
t1_p7821r9,1,0.6148566007614136,0.4677734375,1,0.3766816258430481,0.3273542523384094,0.2959641218185425,0,0.5774224856574942,taglish,comment,True,majority,3-0,1,1
t1_p782p63,0,0.058345843106508255,-2.78125,0,0.2890442907810211,0.3496503531932831,0.3613053560256958,0,0.13513937982663954,english,comment,True,majority,3-0,0,0
t1_p78399m,0,0.017176708206534386,-4.046875,0,0.2957746386528015,0.34607645869255066,0.3581489026546478,0,0.062916436595942,english,comment,True,majority,3-0,0,0
t1_p783u0s,0,0.2018132209777832,-1.375,0,0.34632036089897156,0.32251080870628357,0.3311688303947449,0,0.2854262774014902,taglish,comment,True,majority,3-0,0,0
t1_p784k7h,0,0.19993212819099426,-1.38671875,0,0.29192546010017395,0.40993788838386536,0.2981366515159607,0,0.283833735019225,english,comment,True,adjudicator,2-1,0,0
t1_p784ts0,0,0.012624949216842651,-4.359375,0,0.29118773341178894,0.39846742153167725,0.3103448152542114,0,0.05168428327240213,taglish,comment,True,majority,3-0,0,0
t1_p785mpj,0,0.01912403479218483,-3.9375,0,0.29795917868614197,0.3489795923233032,0.3530612289905548,0,0.06736012196809796,english,comment,True,majority,3-0,0,0
t1_p785wnf,0,0.011869121342897415,-4.421875,0,0.25356751680374146,0.3732162415981293,0.3732162415981293,0,0.04967758480246056,english,comment,True,majority,3-0,0,0
t1_p785ze5,0,0.07004895806312561,-2.5859375,0,0.3099173605442047,0.3636363744735718,0.3264462947845459,0,0.15111196873596522,english,comment,True,adjudicator,2-1,0,0
t1_p786g4y,0,0.36658975481987,-0.546875,0,0.3667426109313965,0.31662869453430176,0.31662869453430176,0,0.40975089140916676,english,comment,True,majority,3-0,0,0
t1_p786rb7,0,0.2422056347131729,-1.140625,0,0.34331798553466797,0.3271889388561249,0.32949307560920715,0,0.3183693285424269,english,comment,True,adjudicator,2-1,0,0
t1_p787co1,0,0.11676401644945145,-2.0234375,0,0.3263157904148102,0.3389473557472229,0.3347368538379669,0,0.20579149872692024,english,comment,True,majority,3-0,0,0
t1_p787d09,0,0.0222861859947443,-3.78125,0,0.30721649527549744,0.33814433217048645,0.3546391725540161,0,0.0742145974387251,taglish,comment,True,unanimous,3-0,0,0
t1_p787f5k,0,0.03622005507349968,-3.28125,0,0.30452674627304077,0.3395061790943146,0.35596707463264465,0,0.10065466116075211,tagalog,comment,True,adjudicator,2-1,0,1
t1_p788517,0,0.14854057133197784,-1.74609375,0,0.3333333432674408,0.331210196018219,0.3354564607143402,0,0.23769149125247174,tagalog,comment,True,adjudicator,2-1,0,0
t1_p788ar1,0,0.01578456163406372,-4.1328125,0,0.2985685169696808,0.3476482629776001,0.3537832200527191,0,0.05961840457867046,english,comment,True,majority,3-0,0,0
t1_p7895gy,0,0.014392335899174213,-4.2265625,0,0.3051546514034271,0.34226804971694946,0.3525773286819458,0,0.05620559544756413,taglish,comment,True,majority,3-0,0,0
t1_p789fxp,0,0.3944341838359833,-0.4287109375,0,0.32949307560920715,0.3663594424724579,0.3041474521160126,0,0.4289515154766205,tagalog,comment,True,adjudicator,2-1,0,0
t1_p78azsc,0,0.08210662752389908,-2.4140625,0,0.30109891295433044,0.347252756357193,0.35164836049079895,0,0.16642298914184017,taglish,comment,True,unanimous,3-0,0,0
t1_p78b5um,0,0.8976953029632568,2.171875,1,0.4862637221813202,0.2651098966598511,0.24862636625766754,1,0.8099295774745172,english,comment,True,adjudicator,2-1,0,0
t1_p78ba67,0,0.31489264965057373,-0.77734375,0,0.347921222448349,0.3260393738746643,0.3260393738746643,0,0.37312943612206656,taglish,comment,True,adjudicator,2-1,0,0
t1_p78bc8f,0,0.6226887702941895,0.5009765625,1,0.36658355593681335,0.3640897870063782,0.26932668685913086,0,0.5828202755592509,taglish,comment,True,adjudicator,2-1,0,0
t1_p78dkdt,0,0.68804931640625,0.791015625,1,0.4166666567325592,0.3014705777168274,0.281862735748291,1,0.6290024261527015,taglish,comment,True,adjudicator,2-1,0,1
t1_p78fc5l,1,0.017176708206534386,-4.046875,0,0.31469979882240295,0.33954450488090515,0.3457556962966919,0,0.062916436595942,taglish,comment,True,unanimous,3-0,1,1
t1_p78jd3y,0,0.8397339582443237,1.65625,1,0.4559585452079773,0.27202072739601135,0.27202072739601135,1,0.7512731985716072,english,comment,True,adjudicator,2-1,0,1
t1_p78k2ir,1,0.7439128756523132,1.06640625,1,0.4114832580089569,0.2954545319080353,0.2930622100830078,1,0.6707856947495473,taglish,comment,True,adjudicator,2-1,1,0
t1_p78kmta,0,0.08882029354572296,-2.328125,0,0.325630247592926,0.3340336084365845,0.3403361439704895,0,0.17453277431729974,tagalog,comment,True,adjudicator,2-1,0,0
t1_p78kto7,1,0.3486451506614685,-0.625,0,0.38657405972480774,0.31018519401550293,0.30324074625968933,0,0.3972019346501377,english,comment,True,adjudicator,2-1,1,0
t1_p78ku2u,0,0.01678548939526081,-4.0703125,0,0.30041152238845825,0.3477366268634796,0.35185185074806213,0,0.06200045896861632,taglish,comment,True,majority,3-0,0,0
t1_p78lkl6,0,0.030444350093603134,-3.4609375,0,0.30158731341362,0.3591269850730896,0.3392857015132904,0,0.09030647006248024,tagalog,comment,True,majority,3-0,0,0
t1_p78llri,0,0.06465348601341248,-2.671875,0,0.3086419701576233,0.3436214029788971,0.3477366268634796,0,0.14390073425212555,tagalog,comment,True,adjudicator,2-1,0,0
t1_p78lpxo,1,0.6311396956443787,0.537109375,1,0.4009324014186859,0.31002330780029297,0.2890442907810211,0,0.5886718298187917,taglish,comment,True,majority,3-0,1,1
t1_p78rnqf,0,0.29219117760658264,-0.884765625,0,0.3636363744735718,0.3227272629737854,0.3136363625526428,0,0.3565177972515062,tagalog,comment,True,adjudicator,2-1,0,0
t1_p78s50r,0,0.06608537584543228,-2.6484375,0,0.3236514627933502,0.3360995948314667,0.3402489721775055,0,0.14583855951528635,english,comment,True,adjudicator,2-1,0,0
t1_p78sls3,0,0.14033624529838562,-1.8125,0,0.34056398272514343,0.3210412263870239,0.33839479088783264,0,0.2297543813979157,english,comment,True,adjudicator,2-1,0,0
t1_p78u6r9,1,0.8563323616981506,1.78515625,1,0.4684210419654846,0.28026315569877625,0.25131580233573914,1,0.7670000905008121,tagalog,comment,True,majority,3-0,1,1
t1_p78wrsu,0,0.31027624011039734,-0.798828125,0,0.359649121761322,0.3114035129547119,0.32894736528396606,0,0.36978161303791685,tagalog,comment,True,adjudicator,2-1,0,1
t1_p78xgky,0,0.09947021305561066,-2.203125,0,0.32135307788848877,0.34038054943084717,0.33826637268066406,0,0.18688037588329817,taglish,comment,True,majority,3-0,0,0
t1_p78y5du,0,0.020023442804813385,-3.890625,0,0.31069958209991455,0.3436214029788971,0.34567901492118835,0,0.06935235358452575,english,comment,True,majority,3-0,0,0
t1_p791hwq,0,0.014063626527786255,-4.25,0,0.30371901392936707,0.3429751992225647,0.35330578684806824,0,0.055381544425499044,taglish,comment,True,adjudicator,3-0,0,0
t1_p792vtl,1,0.31489264965057373,-0.77734375,0,0.3702031672000885,0.30925509333610535,0.32054176926612854,0,0.37312943612206656,english,comment,True,adjudicator,2-1,1,0
t1_p796743,1,0.39583462476730347,-0.4228515625,0,0.38049939274787903,0.30321046710014343,0.31629014015197754,0,0.4299097058056001,taglish,comment,True,adjudicator,2-1,1,1
t1_p796mnx,1,0.026759279891848564,-3.59375,0,0.30184805393218994,0.3470225930213928,0.35112935304641724,0,0.08328406885590481,english,comment,True,adjudicator,2-1,1,1
t1_p796yea,0,0.6167050004005432,0.4755859375,1,0.39661428332328796,0.291414737701416,0.311970978975296,0,0.5786942686233527,taglish,comment,True,unanimous,3-0,0,0
t1_p796zsd,0,0.04054073989391327,-3.1640625,0,0.317427396774292,0.3423236608505249,0.3402489721775055,0,0.10795921256106841,taglish,comment,True,unanimous,3-0,0,0
t1_p79aq8h,0,0.31489264965057373,-0.77734375,0,0.35254988074302673,0.3215077519416809,0.32594233751296997,0,0.37312943612206656,taglish,comment,True,unanimous,3-0,0,0
t1_p79av9q,0,0.14953139424324036,-1.73828125,0,0.3435448706150055,0.3216630220413208,0.3347921371459961,0,0.23863756942497136,taglish,comment,True,majority,3-0,0,0
t1_p79b0sj,0,0.03594832494854927,-3.2890625,0,0.269473671913147,0.4147368371486664,0.31578946113586426,0,0.10018363479535145,taglish,comment,True,majority,3-0,0,0
t1_p79bjy1,0,0.06418264657258987,-2.6796875,0,0.32848232984542847,0.33264032006263733,0.3388773500919342,0,0.14325956939441076,english,comment,True,adjudicator,2-1,0,0
t1_p79bm3n,0,0.015072628855705261,-4.1796875,0,0.2772277295589447,0.40594059228897095,0.31683167815208435,0,0.05788839963594308,taglish,comment,True,unanimous,3-0,0,0
t1_p79bp22,0,0.03488088399171829,-3.3203125,0,0.3215767741203308,0.32572615146636963,0.35269710421562195,0,0.09831906897061209,tagalog,comment,True,adjudicator,2-1,0,0
t1_p79bxbq,0,0.023870835080742836,-3.7109375,0,0.3024691343307495,0.3477366268634796,0.3497942388057709,0,0.07750398972330617,taglish,comment,True,majority,3-0,0,0
t1_p79c6su,0,0.6584175229072571,0.65625,1,0.38116592168807983,0.3340807259082794,0.28475335240364075,1,0.6077810154230098,taglish,comment,True,adjudicator,2-1,0,0
t1_p79cu01,0,0.8056321740150452,1.421875,1,0.3855421543121338,0.3177710771560669,0.29668673872947693,1,0.7209115525293295,taglish,comment,True,unanimous,3-0,0,0
t1_p79d9th,0,0.3553273677825928,-0.595703125,0,0.36403509974479675,0.32236841320991516,0.3135964870452881,0,0.4018929152493449,tagalog,comment,True,adjudicator,2-1,0,0
t1_p79e778,0,0.06903792917728424,-2.6015625,0,0.35111111402511597,0.31555554270744324,0.3333333432674408,0,0.1497791002580496,tagalog,comment,True,adjudicator,2-1,0,1
t1_p79ecqn,0,0.6486889719963074,0.61328125,1,0.38882139325141907,0.31105712056159973,0.3001215159893036,1,0.6009238876391791,english,comment,True,adjudicator,2-1,0,0
t1_p79eg95,0,0.08210662752389908,-2.4140625,0,0.2725173234939575,0.3625866174697876,0.3648960590362549,0,0.16642298914184017,taglish,comment,True,unanimous,3-0,0,0
t1_p79ehh3,0,0.032344330102205276,-3.3984375,0,0.26695841550827026,0.35886213183403015,0.3741794228553772,0,0.09379237289829385,taglish,comment,True,unanimous,3-0,0,0
t1_p79fo73,0,0.7205649614334106,0.947265625,1,0.38870057463645935,0.37288135290145874,0.2384180724620819,1,0.6529935659292297,tagalog,comment,True,adjudicator,2-1,0,0
t1_p79fxga,0,0.6116139888763428,0.4541015625,1,0.3906976878643036,0.3069767355918884,0.302325576543808,0,0.5751944033310747,taglish,comment,True,adjudicator,2-1,0,0
t1_p79gkuq,0,0.3011564612388611,-0.841796875,0,0.3554084002971649,0.3090507686138153,0.3355408310890198,0,0.3631236742587268,taglish,comment,True,adjudicator,2-1,0,0
t1_p79hd8z,0,0.07864238321781158,-2.4609375,0,0.32181426882743835,0.34125271439552307,0.33693304657936096,0,0.1621280639368171,english,comment,True,majority,3-0,0,0
t1_p79hkin,0,0.04146227613091469,-3.140625,0,0.32285115122795105,0.33542975783348083,0.3417190909385681,0,0.1094749273953919,taglish,comment,True,unanimous,3-0,0,0
t1_p79hyyd,1,0.31153160333633423,-0.79296875,0,0.3908872902393341,0.2973621189594269,0.311750590801239,0,0.3706934296666459,english,comment,True,adjudicator,2-1,1,1
t1_p79i6zf,0,0.11047115921974182,-2.0859375,0,0.3235294222831726,0.3382352888584137,0.3382352888584137,0,0.19905736884320466,english,comment,True,majority,3-0,0,0
t1_p79ib3k,0,0.2934044897556305,-0.87890625,0,0.35745614767074585,0.3267543911933899,0.31578946113586426,0,0.3574154563128023,taglish,comment,True,unanimous,3-0,0,0
t1_p79ibcs,0,0.224735289812088,-1.23828125,0,0.34408602118492126,0.32473117113113403,0.3311828076839447,0,0.30439546345607676,taglish,comment,True,unanimous,3-0,0,0
t1_p79ij3l,0,0.01384861022233963,-4.265625,0,0.30390143394470215,0.34907597303390503,0.3470225930213928,0,0.054838509530134236,taglish,comment,True,unanimous,3-0,0,0
t1_p79jg3r,0,0.01384861022233963,-4.265625,0,0.3024691343307495,0.34567901492118835,0.35185185074806213,0,0.054838509530134236,english,comment,True,majority,3-0,0,0
t1_p79la3p,0,0.034358687698841095,-3.3359375,0,0.2735426127910614,0.3609865605831146,0.36547085642814636,0,0.0973984275717484,taglish,comment,True,unanimous,3-0,0,0
t1_p79lawq,0,0.028007520362734795,-3.546875,0,0.22058823704719543,0.4285714328289032,0.35084033012390137,0,0.08570398569083677,taglish,comment,True,adjudicator,2-1,0,0
t1_p79lfcn,0,0.37937837839126587,-0.4921875,0,0.39627039432525635,0.3076923191547394,0.2960372865200043,0,0.41860667643427907,english,comment,True,majority,3-0,0,0
t1_p79lp8v,0,0.018689310178160667,-3.9609375,0,0.30452674627304077,0.34156379103660583,0.3539094626903534,0,0.06638403332867755,taglish,comment,True,majority,3-0,0,0
t1_p79m7m2,0,0.37387582659721375,-0.515625,0,0.3674832880496979,0.31625834107398987,0.31625834107398987,0,0.41480456181082903,english,comment,True,majority,3-0,0,0
t1_p79mayf,0,0.037892427295446396,-3.234375,0,0.2747252881526947,0.36043956875801086,0.3648351728916168,0,0.10352230400209884,taglish,comment,True,majority,3-0,0,0
t1_p79nmkd,0,0.011158031411468983,-4.484375,0,0.27462121844291687,0.3958333432674408,0.3295454680919647,0,0.04774487593153098,taglish,comment,True,majority,3-0,0,0
t1_p79nndi,0,0.026355354115366936,-3.609375,0,0.30612245202064514,0.34489795565605164,0.3489795923233032,0,0.08249133251610476,taglish,comment,True,adjudicator,2-1,0,0
t1_p79nzak,0,0.3302551507949829,-0.70703125,0,0.3862559199333191,0.3033175468444824,0.3104265332221985,0,0.38416977362358873,english,comment,True,majority,3-0,0,0
t1_p79o2hr,0,0.01678548939526081,-4.0703125,0,0.30000001192092896,0.3530612289905548,0.3469387888908386,0,0.06200045896861632,tagalog,comment,True,adjudicator,2-1,0,0
t1_p79o9tm,0,0.02161533385515213,-3.8125,0,0.3215031325817108,0.3361169099807739,0.34237995743751526,0,0.07279425357013906,english,comment,True,majority,3-0,0,0
t1_p79p7nm,0,0.09009299427270889,-2.3125,0,0.336887001991272,0.3240938186645508,0.33901917934417725,0,0.17604031355678587,taglish,comment,True,majority,3-0,0,0
t1_p79pf4i,0,0.014842418022453785,-4.1953125,0,0.30434781312942505,0.3478260934352875,0.3478260934352875,0,0.05732227579438358,taglish,comment,True,majority,3-0,0,0
t1_p79pfeh,0,0.015424554236233234,-4.15625,0,0.3010101020336151,0.34949496388435364,0.34949496388435364,0,0.05874743166930117,english,comment,True,majority,3-0,0,0
t1_p79qkpy,0,0.12210386991500854,-1.97265625,0,0.27272728085517883,0.3613348603248596,0.36593785881996155,0,0.2113861729782586,taglish,comment,True,majority,3-0,0,0
t1_p79tc8v,1,0.6757646203041077,0.734375,1,0.39904987812042236,0.30403801798820496,0.2969121038913727,1,0.6201385898366409,tagalog,comment,True,adjudicator,2-1,1,0
t1_p79tgdx,0,0.02080449089407921,-3.8515625,0,0.3125,0.3395833373069763,0.3479166626930237,0,0.07105405913108659,taglish,comment,True,majority,3-0,0,0
t1_p79tkvu,0,0.023153413087129593,-3.7421875,0,0.3122362792491913,0.3375527560710907,0.350210964679718,0,0.07602586212709905,english,comment,True,majority,3-0,0,0
t1_p79tteg,1,0.7017130851745605,0.85546875,1,0.39289939403533936,0.34319525957107544,0.2639053165912628,1,0.6389839433645473,tagalog,comment,True,unanimous,3-0,1,1
t1_p79tu41,0,0.48526427149772644,-0.0589599609375,0,0.37136465311050415,0.31767338514328003,0.3109619617462158,0,0.4901635060817437,taglish,comment,True,unanimous,3-0,0,0
t1_p79tvkg,1,0.6325027346611023,0.54296875,1,0.360262006521225,0.3995633125305176,0.24017466604709625,0,0.589618417927781,taglish,comment,True,unanimous,3-0,1,1
t1_p79v19c,1,0.7641884088516235,1.17578125,1,0.4150943458080292,0.3207547068595886,0.2641509473323822,1,0.6867007569750374,taglish,comment,True,majority,3-0,1,1
t1_p79vpti,0,0.6032308340072632,0.4189453125,1,0.3754189908504486,0.3396648168563843,0.2849161922931671,0,0.5694512083144899,tagalog,comment,True,adjudicator,2-1,0,0
t1_p79vtek,0,0.5516945123672485,0.20751953125,1,0.3444976210594177,0.3349282443523407,0.32057416439056396,0,0.5345704215943894,taglish,comment,True,majority,3-0,0,0
t1_p79w46z,0,0.6415346264839172,0.58203125,1,0.4099999964237213,0.29499998688697815,0.29499998688697815,1,0.5959117412118978,tagalog,comment,True,adjudicator,2-1,0,1
t1_p79wf25,0,0.021287353709340096,-3.828125,0,0.2639821171760559,0.3624161183834076,0.3736017942428589,0,0.07209351186511057,taglish,comment,True,majority,3-0,0,0
t1_p79wfkz,0,0.10521054267883301,-2.140625,0,0.30604287981987,0.37231969833374023,0.32163742184638977,0,0.19330197793732512,tagalog,comment,True,unanimous,3-0,0,0
t1_p79x7re,0,0.014063626527786255,-4.25,0,0.29471543431282043,0.353658527135849,0.3516260087490082,0,0.055381544425499044,taglish,comment,True,majority,3-0,0,0
t1_p79xe9y,0,0.5393471717834473,0.15771484375,1,0.38403990864753723,0.3029925227165222,0.31296756863594055,0,0.5262912360782733,tagalog,comment,True,majority,3-0,0,0
t1_p79xtsd,0,0.13117322325706482,-1.890625,0,0.326241135597229,0.3404255211353302,0.3333333432674408,0,0.22065717157939427,english,comment,True,majority,3-0,0,0
t1_p79xxpp,0,0.03258974477648735,-3.390625,0,0.31006160378456116,0.342915803194046,0.3470225930213928,0,0.09423649694186079,taglish,comment,True,majority,3-0,0,0
t1_p79yd7y,0,0.2798284888267517,-0.9453125,0,0.34408602118492126,0.3311828076839447,0.32473117113113403,0,0.34730186924352807,taglish,comment,True,unanimous,3-0,0,0
t1_p79ylit,0,0.01912403479218483,-3.9375,0,0.31380751729011536,0.3410041928291321,0.34518828988075256,0,0.06736012196809796,taglish,comment,True,majority,3-0,0,0
t1_p79zm51,0,0.13072869181632996,-1.89453125,0,0.2880098819732666,0.3312731683254242,0.3807169198989868,0,0.22020915985788114,tagalog,comment,True,adjudicator,2-1,0,0
t1_p7a163b,0,0.10230471193790436,-2.171875,0,0.3256784975528717,0.3361169099807739,0.33820459246635437,0,0.1900704225254828,tagalog,comment,True,adjudicator,2-1,0,0
t1_p7a1lxz,1,0.7189891934394836,0.939453125,1,0.40515223145484924,0.3044496476650238,0.29039812088012695,1,0.651811120144421,taglish,comment,True,adjudicator,2-1,1,1
t1_p7a1wg5,0,0.9039745330810547,2.2421875,1,0.47999998927116394,0.2759999930858612,0.24400000274181366,1,0.8170489860391397,english,comment,True,majority,3-0,0,0
t1_p7a25ft,0,0.03138043358922005,-3.4296875,0,0.3012295067310333,0.3442623019218445,0.3545081913471222,0,0.09203459144898905,taglish,comment,True,unanimous,3-0,0,0
t1_p7a36dh,0,0.592430830001831,0.3740234375,1,0.3919239938259125,0.30878859758377075,0.2992874085903168,0,0.5620856003467399,english,comment,True,majority,3-0,0,0
t1_p7a3byo,0,0.015663648024201393,-4.140625,0,0.29674795269966125,0.3455284535884857,0.35772356390953064,0,0.059326744771127204,taglish,comment,True,unanimous,3-0,0,0
t1_p7a3pl2,0,0.7505527138710022,1.1015625,1,0.41059601306915283,0.2900662124156952,0.2993377447128296,1,0.6759463813112147,tagalog,comment,True,majority,3-0,0,0
t1_p7a4i1w,0,0.11920293420553207,-2.0,0,0.324894517660141,0.33122363686561584,0.34388184547424316,0,0.20835992346101592,taglish,comment,True,unanimous,3-0,0,0
t1_p7a4lhe,0,0.015663648024201393,-4.140625,0,0.3028455376625061,0.3434959352016449,0.353658527135849,0,0.059326744771127204,taglish,comment,True,unanimous,3-0,0,0
t1_p7a4s7r,0,0.20370754599571228,-1.36328125,0,0.34255319833755493,0.32765957713127136,0.3297872245311737,0,0.2870241741150464,taglish,comment,True,unanimous,3-0,0,0
t1_p7a4x4d,0,0.672331690788269,0.71875,1,0.40572792291641235,0.3126491606235504,0.28162291646003723,1,0.617678937993853,english,comment,True,unanimous,3-0,0,0
t1_p7a55ro,0,0.22815652191638947,-1.21875,0,0.3427331745624542,0.33188721537590027,0.3253796100616455,0,0.30716261158124974,taglish,comment,True,unanimous,3-0,0,0
t1_p7a5716,0,0.05146276578307152,-2.9140625,0,0.31469979882240295,0.3457556962966919,0.33954450488090515,0,0.12511015680545595,english,comment,True,majority,3-0,0,0
t1_p7a7bo1,1,0.18772760033607483,-1.46484375,0,0.3530701696872711,0.3245614171028137,0.32236841320991516,0,0.2733551637919132,english,comment,True,adjudicator,2-1,1,0
t1_p7a7f2g,0,0.12463856488466263,-1.94921875,0,0.3347547948360443,0.3304904103279114,0.3347547948360443,0,0.21400560821193887,taglish,comment,True,unanimous,3-0,0,0
t1_p7a7fkl,0,0.8652240633964539,1.859375,1,0.45524296164512634,0.28260868787765503,0.26214835047721863,1,0.7757352345539416,taglish,comment,True,majority,3-0,0,0
t1_p7a7sqn,0,0.16344542801380157,-1.6328125,0,0.3148558735847473,0.3436807096004486,0.3414634168148041,0,0.2516612900997907,taglish,comment,True,majority,3-0,0,0
t1_p7a8pop,0,0.01384861022233963,-4.265625,0,0.29149797558784485,0.35222673416137695,0.3562752902507782,0,0.054838509530134236,tagalog,comment,True,adjudicator,2-1,0,0
t1_p7a8qk5,1,0.7041601538658142,0.8671875,1,0.40521326661109924,0.3033175468444824,0.29146918654441833,1,0.6407862258895513,taglish,comment,True,majority,3-0,1,1
t1_p7a8s27,0,0.7943849563598633,1.3515625,1,0.4091486632823944,0.3024142384529114,0.2884370982646942,1,0.7113725969118315,taglish,comment,True,majority,3-0,0,0
t1_p7a9gyr,0,0.7461389899253845,1.078125,1,0.42180773615837097,0.2969870865345001,0.2812051773071289,1,0.6725105831723937,tagalog,comment,True,adjudicator,2-1,0,0
t1_p7a9mm4,1,0.7549149990081787,1.125,1,0.4393358826637268,0.28607916831970215,0.27458491921424866,1,0.679363319265196,english,comment,True,adjudicator,2-1,1,1
t1_p7aae1l,0,0.00955939944833517,-4.640625,0,0.2250252217054367,0.4278506636619568,0.3471241295337677,0,0.04322101436678518,taglish,comment,True,unanimous,3-0,0,0
t1_p7aaft1,0,0.01384861022233963,-4.265625,0,0.30327868461608887,0.3504098355770111,0.3463114798069,0,0.054838509530134236,taglish,comment,True,majority,3-0,0,0
t1_p7aahw5,0,0.7233095169067383,0.9609375,1,0.40502792596817017,0.29050278663635254,0.3044692873954773,1,0.6550583031904704,english,comment,True,adjudicator,2-1,0,1
t1_p7aatno,0,0.2778647243976593,-0.955078125,0,0.34204792976379395,0.32461872696876526,0.3333333432674408,0,0.34582587335083104,tagalog,comment,True,unanimous,3-0,0,0
t1_p7ab1f2,0,0.23231014609336853,-1.1953125,0,0.3235294222831726,0.38823530077934265,0.28823530673980713,0,0.31050158732058747,taglish,comment,True,adjudicator,2-1,0,0
t1_p7abfqn,0,0.8464508652687073,1.70703125,1,0.41558441519737244,0.3073593080043793,0.2770562767982483,1,0.7575523204819139,tagalog,comment,True,adjudicator,2-1,0,0
t1_p7abshr,0,0.13614831864833832,-1.84765625,0,0.33471933007240295,0.32848232984542847,0.3367983400821686,0,0.22562837621311732,taglish,comment,True,adjudicator,2-1,0,0
t1_p7ac8ad,0,0.2509128153324127,-1.09375,0,0.3733333349227905,0.30222222208976746,0.324444442987442,0,0.32519680220109026,tagalog,comment,True,adjudicator,2-1,0,0
t1_p7acp88,0,0.9314625263214111,2.609375,1,0.5061559677124023,0.2599179148674011,0.23392613232135773,1,0.8508836941826114,tagalog,comment,True,adjudicator,2-1,0,0
t1_p7ad8ct,0,0.22000709176063538,-1.265625,0,0.3426724076271057,0.3318965435028076,0.32543104887008667,0,0.30054513074995215,english,comment,True,majority,3-0,0,0
t1_p7adt55,1,0.11436852067708969,-2.046875,0,0.3340292274951935,0.3256784975528717,0.3402922749519348,0,0.2032466060324164,taglish,comment,True,adjudicator,2-1,1,1
t1_p7aepiv,0,0.28656840324401855,-0.912109375,0,0.35448578000068665,0.31947484612464905,0.3260393738746643,0,0.3523421168087447,tagalog,comment,True,adjudicator,2-1,0,0
t1_p7af9a2,0,0.12210386991500854,-1.97265625,0,0.31116390228271484,0.3420427441596985,0.34679335355758667,0,0.2113861729782586,english,comment,True,majority,3-0,0,0
t1_p7af9i2,0,0.4951249659061432,-0.019500732421875,0,0.34825870394706726,0.323383092880249,0.3283582031726837,0,0.49674625157777585,tagalog,comment,True,majority,3-0,0,0
t1_p7afn9w,0,0.08035747706890106,-2.4375,0,0.2803531885147095,0.37527593970298767,0.34437087178230286,0,0.16426424872868958,english,comment,True,majority,3-0,0,0
t1_p7afo2s,0,0.1398656666278839,-1.81640625,0,0.3362068831920624,0.33836206793785095,0.32543104887008667,0,0.22929333342377167,english,comment,True,majority,3-0,0,0
t1_p7afqiy,0,0.0204885546118021,-3.8671875,0,0.3053278625011444,0.3463114798069,0.34836065769195557,0,0.07036879777394539,taglish,comment,True,unanimous,3-0,0,0
t1_p7ag9ah,0,0.014503578655421734,-4.21875,0,0.30737704038619995,0.3401639461517334,0.35245901346206665,0,0.05648283252016579,english,comment,True,majority,3-0,0,0
t1_p7ahges,0,0.8499711751937866,1.734375,1,0.46535947918891907,0.27973857522010803,0.2549019753932953,1,0.7608884230385885,tagalog,comment,True,adjudicator,2-1,0,0
t1_p7aiaaw,0,0.4323030412197113,-0.2724609375,0,0.3821510374546051,0.30663615465164185,0.31121280789375305,0,0.4546633986854401,tagalog,comment,True,adjudicator,2-1,0,0
t1_p7airw8,0,0.8494724035263062,1.73046875,1,0.4156250059604645,0.3031249940395355,0.28125,1,0.7604137702573682,taglish,comment,True,majority,3-0,0,0
t1_p7aja77,1,0.8423450589179993,1.67578125,1,0.44417476654052734,0.2936893105506897,0.26213592290878296,1,0.7537010570046622,taglish,comment,True,adjudicator,3-0,1,1
t1_p7ajowh,0,0.5758265852928162,0.3056640625,1,0.38979119062423706,0.3155452311038971,0.29466357827186584,0,0.5508254203053828,taglish,comment,True,adjudicator,2-1,0,0
t1_p7ak056,0,0.6959583163261414,0.828125,1,0.3914893567562103,0.3092198669910431,0.2992907762527466,1,0.6347634368250686,tagalog,comment,True,adjudicator,2-1,0,0
t1_p7ak5ny,0,0.035678550601005554,-3.296875,0,0.2805280387401581,0.35203519463539124,0.3674367368221283,0,0.09971456826514728,taglish,comment,True,majority,3-0,0,0
t1_p7akh1u,0,0.03760863468050957,-3.2421875,0,0.3057851195335388,0.34090909361839294,0.35330578684806824,0,0.10303939562830347,taglish,comment,True,majority,3-0,0,0
t1_p7akr6w,0,0.30321574211120605,-0.83203125,0,0.33493974804878235,0.3132530152797699,0.35180723667144775,0,0.3646323467194842,taglish,comment,True,unanimous,3-0,0,0
t1_p7al2wt,0,0.08819004148244858,-2.3359375,0,0.3227176368236542,0.3354564607143402,0.3418259024620056,0,0.17378283064297848,taglish,comment,True,unanimous,3-0,0,0
t1_p7alvaf,0,0.03210070729255676,-3.40625,0,0.2607709765434265,0.36734694242477417,0.3718820810317993,0,0.09335012623255824,english,comment,True,majority,3-0,0,0
t1_p7am77z,1,0.6872103214263916,0.787109375,1,0.43686869740486145,0.28535354137420654,0.2777777910232544,1,0.6283938310744103,taglish,comment,True,majority,3-0,1,1
t1_p7ammcj,0,0.031143829226493835,-3.4375,0,0.3030927777290344,0.3463917672634125,0.3505154550075531,0,0.09159979523813061,taglish,comment,True,majority,3-0,0,0
t1_p7amptq,0,0.3225259780883789,-0.7421875,0,0.3333333432674408,0.3800424635410309,0.2866241931915283,0,0.37863388563116424,tagalog,comment,True,adjudicator,2-1,0,0
t1_p7amr7k,0,0.04778006672859192,-2.9921875,0,0.29783037304878235,0.37672585248947144,0.3254437744617462,0,0.11951346809891754,taglish,comment,True,adjudicator,2-1,0,0
t1_p7amre1,0,0.01342825498431921,-4.296875,0,0.30390143394470215,0.3470225930213928,0.34907597303390503,0,0.053767455021007354,english,comment,True,majority,3-0,0,0
t1_p7anc03,0,0.018124721944332123,-3.9921875,0,0.31315240263938904,0.32359081506729126,0.3632567822933197,0,0.06510301470068977,taglish,comment,True,unanimous,3-0,0,0
t1_p7anh8l,1,0.5496405959129333,0.19921875,1,0.4023391902446747,0.3017543852329254,0.2959064245223999,0,0.5331917554285588,taglish,comment,True,adjudicator,2-1,1,0
t1_p7aokq0,0,0.03622005507349968,-3.28125,0,0.30674847960472107,0.34355828166007996,0.349693238735199,0,0.10065466116075211,taglish,comment,True,unanimous,3-0,0,0
t1_p7aors1,1,0.06903792917728424,-2.6015625,0,0.3276231288909912,0.3276231288909912,0.3447537422180176,0,0.1497791002580496,tagalog,comment,True,adjudicator,2-1,1,1
t1_p7ap70e,0,0.013636835850775242,-4.28125,0,0.30061349272727966,0.3476482629776001,0.35173824429512024,0,0.05430049319479187,taglish,comment,True,majority,3-0,0,0
t1_p7apb0n,0,0.057918090373277664,-2.7890625,0,0.32231405377388,0.3388429880142212,0.3388429880142212,0,0.1345311176417909,english,comment,True,majority,3-0,0,0
t1_p7apo08,0,0.200557678937912,-1.3828125,0,0.32300883531570435,0.3340708017349243,0.34292036294937134,0,0.28436398621134784,taglish,comment,True,majority,3-0,0,0
t1_p7aqfg2,0,0.06325051933526993,-2.6953125,0,0.3195020854473114,0.37344399094581604,0.30705395340919495,0,0.14198437764613792,english,comment,True,unanimous,3-0,0,0
t1_p7aqkt5,0,0.8204694986343384,1.51953125,1,0.4322916567325592,0.31640625,0.2513020932674408,1,0.7338345401357518,tagalog,comment,True,adjudicator,2-1,0,1
t1_p7aqqfj,0,0.1561048924922943,-1.6875,0,0.3186582922935486,0.3878406584262848,0.2935010492801666,0,0.24484990753377303,tagalog,comment,True,majority,3-0,0,0
t1_p7aquf7,1,0.39420098066329956,-0.4296875,0,0.3855140209197998,0.3107476532459259,0.3037383258342743,0,0.428791868655148,english,comment,True,adjudicator,2-1,1,0
t1_p7aqx6b,0,0.1200256198644638,-1.9921875,0,0.32845187187194824,0.3326359689235687,0.33891212940216064,0,0.2092212961521803,taglish,comment,True,adjudicator,2-1,0,0
t1_p7arfn0,0,0.016277462244033813,-4.1015625,0,0.30658435821533203,0.3436214029788971,0.3497942388057709,0,0.060798521920146155,taglish,comment,True,unanimous,3-0,0,0
t1_p7artsm,0,0.08151976019144058,-2.421875,0,0.32382890582084656,0.3523421585559845,0.32382890582084656,0,0.16570089714239566,taglish,comment,True,adjudicator,2-1,0,0
t1_p7as6az,0,0.11516222357749939,-2.0390625,0,0.2762364149093628,0.36670687794685364,0.35705670714378357,0,0.20409228972996687,tagalog,comment,True,majority,3-0,0,0
t1_p7asonj,1,0.5839152932167053,0.3388671875,1,0.389952152967453,0.339712917804718,0.270334929227829,0,0.5563018894546934,english,comment,True,adjudicator,2-1,1,0
t1_p7aty8j,0,0.00985985528677702,-4.609375,0,0.2739211916923523,0.4052532911300659,0.3208255171775818,0,0.044091771879393823,taglish,comment,True,majority,3-0,0,0
t1_p7augm9,0,0.8499711751937866,1.734375,1,0.4533678889274597,0.2784973978996277,0.2681347131729126,1,0.7608884230385885,taglish,comment,True,adjudicator,2-1,0,0
t1_p7aui8d,0,0.0844927504658699,-2.3828125,0,0.2943820357322693,0.35056179761886597,0.35505616664886475,0,0.16933655267818076,taglish,comment,True,majority,3-0,0,0
t1_p7avfnw,0,0.299105167388916,-0.8515625,0,0.3729603588581085,0.3030303120613098,0.32400932908058167,0,0.36161769124936327,tagalog,comment,True,adjudicator,2-1,0,0
t1_p7aw2bk,0,0.013222821988165379,-4.3125,0,0.29979467391967773,0.3449692130088806,0.35523614287376404,0,0.053239354818075665,english,comment,True,majority,3-0,0,0
t1_p7awfua,0,0.01678548939526081,-4.0703125,0,0.3024691343307495,0.34567901492118835,0.35185185074806213,0,0.06200045896861632,taglish,comment,True,unanimous,3-0,0,0
t1_p7awgct,0,0.5753494501113892,0.3037109375,1,0.37735849618911743,0.3207547068595886,0.30188679695129395,0,0.5505028777176799,tagalog,comment,True,adjudicator,2-1,0,0
t1_p7awhfy,0,0.02822098508477211,-3.5390625,0,0.2432432472705841,0.37612614035606384,0.38063064217567444,0,0.08611344924337094,english,comment,True,majority,3-0,0,0
t1_p7ax3ms,1,0.15152934193611145,-1.72265625,0,0.33932584524154663,0.33483144640922546,0.3258427083492279,0,0.24053746984223767,tagalog,comment,True,adjudicator,2-1,1,1
t1_p7ax9hc,0,0.7409248948097229,1.05078125,1,0.44102564454078674,0.29230770468711853,0.2666666805744171,1,0.6684786717566844,tagalog,comment,True,adjudicator,2-1,0,0
t1_p7axcm7,0,0.6229182481765747,0.501953125,1,0.39245283603668213,0.3056603670120239,0.30188679695129395,0,0.5829787406483795,english,comment,True,majority,3-0,0,0
t1_p7axnlo,1,0.17328819632530212,-1.5625,0,0.29767441749572754,0.35116279125213623,0.35116279125213623,0,0.2606016851998079,english,comment,True,adjudicator,2-1,1,0
t1_p7ayjj8,0,0.40969306230545044,-0.365234375,0,0.3687782883644104,0.3257918655872345,0.3054298758506775,0,0.439358809225958,taglish,comment,True,adjudicator,2-1,0,0
t1_p7b1e3w,0,0.05070536583662033,-2.9296875,0,0.3051546514034271,0.34020617604255676,0.3546391725540161,0,0.12397314061872038,taglish,comment,True,majority,3-0,0,0
t1_p7b1m6h,0,0.8338664174079895,1.61328125,1,0.44667503237724304,0.28732746839523315,0.2659974992275238,1,0.7458758151108514,english,comment,True,adjudicator,2-1,0,0
t1_p7b1teo,0,0.13892841339111328,-1.82421875,0,0.31938326358795166,0.3370043933391571,0.34361234307289124,0,0.228373188624165,taglish,comment,True,unanimous,3-0,0,0
t1_p7b2ed6,0,0.8543993234634399,1.76953125,1,0.42580646276474,0.32258063554763794,0.25161290168762207,1,0.765131228002723,tagalog,comment,True,majority,3-0,0,0
t1_p7b2zfe,0,0.025760557502508163,-3.6328125,0,0.31469979882240295,0.3354037404060364,0.34989649057388306,0,0.08131510043664678,taglish,comment,True,unanimous,3-0,0,0
t1_p7b31me,0,0.3132096529006958,-0.78515625,0,0.34570765495300293,0.3387471139431,0.3155452311038971,0,0.3719106194089236,english,comment,True,adjudicator,2-1,0,0
t1_p7b3pne,0,0.23231014609336853,-1.1953125,0,0.3725055456161499,0.3126385807991028,0.3148558735847473,0,0.31050158732058747,english,comment,True,unanimous,3-0,0,0
t1_p7b3qeg,0,0.09807931631803513,-2.21875,0,0.3556034564971924,0.31896552443504333,0.32543104887008667,0,0.18530088326208616,taglish,comment,True,unanimous,3-0,0,0
t1_p7b3yf9,0,0.8104788661003113,1.453125,1,0.41168996691703796,0.3062261641025543,0.2820838689804077,1,0.7250885185113003,tagalog,comment,True,majority,3-0,0,0
t1_p7b4t02,0,0.7697731852531433,1.20703125,1,0.41443538665771484,0.34458673000335693,0.24097788333892822,1,0.6911703967650324,tagalog,comment,True,unanimous,3-0,0,0
t1_p7b4tpz,0,0.018689310178160667,-3.9609375,0,0.2769857347011566,0.38289204239845276,0.34012219309806824,0,0.06638403332867755,tagalog,comment,True,majority,3-0,0,0
t1_p7b51zi,1,0.08269734680652618,-2.40625,0,0.34056398272514343,0.3253796100616455,0.33405640721321106,0,0.16714759744408147,taglish,comment,True,adjudicator,2-1,1,1
t1_p7b5750,0,0.01971912942826748,-3.90625,0,0.3158995807170868,0.3410041928291321,0.34309622645378113,0,0.0686822904532567,english,comment,True,majority,3-0,0,0
t1_p7b5cn0,0,0.048136770725250244,-2.984375,0,0.3187499940395355,0.3395833373069763,0.34166666865348816,0,0.120063249761132,taglish,comment,True,adjudicator,2-1,0,1
t1_p7b5gkq,0,0.780662477016449,1.26953125,1,0.41002950072288513,0.29941001534461975,0.2905604839324951,1,0.7000026447165274,taglish,comment,True,majority,3-0,0,0
t1_p7b5i1i,0,0.4760316014289856,-0.095947265625,0,0.37484586238861084,0.29223179817199707,0.3329223096370697,0,0.48399618934141725,taglish,comment,True,majority,3-0,0,0
t1_p7b5tbp,0,0.3937346339225769,-0.431640625,0,0.32406288385391235,0.38694074749946594,0.2889963686466217,0,0.4284726194989954,tagalog,comment,True,unanimous,3-0,0,0
t1_p7b6cmb,0,0.04922211542725563,-2.9609375,0,0.31808730959892273,0.34095633029937744,0.34095633029937744,0,0.12172571243874888,taglish,comment,True,unanimous,3-0,0,0
t1_p7b6haz,0,0.7158214449882507,0.923828125,1,0.3719862103462219,0.39265212416648865,0.23536165058612823,1,0.6494406198439562,english,comment,True,majority,3-0,0,0
t1_p7b6jol,0,0.33111974596977234,-0.703125,0,0.33170732855796814,0.34390243887901306,0.3243902325630188,0,0.38478675821732183,taglish,comment,True,majority,3-0,0,0
t1_p7b6ukd,0,0.38537469506263733,-0.466796875,0,0.36543211340904236,0.3135802447795868,0.32098764181137085,0,0.4227365597705602,english,comment,True,unanimous,3-0,0,0
t1_p7b71gp,0,0.03817827254533768,-3.2265625,0,0.27597764134407043,0.37094971537590027,0.3530726134777069,0,0.10400721316107457,english,comment,True,majority,3-0,0,0
t1_p7b73di,0,0.7793218493461609,1.26171875,1,0.4516938626766205,0.28732746839523315,0.26097866892814636,1,0.6989065238003541,english,comment,True,adjudicator,2-1,0,0
t1_p7b762c,1,0.7697731852531433,1.20703125,1,0.38496583700180054,0.35079726576805115,0.2642368972301483,1,0.6911703967650324,tagalog,comment,True,majority,3-0,1,1
t1_p7b78u4,0,0.034618839621543884,-3.328125,0,0.3276231288909912,0.3426124155521393,0.3297644555568695,0,0.09785778304656717,english,comment,True,adjudicator,2-1,0,0
t1_p7b7nir,0,0.05541279539465904,-2.8359375,0,0.3235294222831726,0.3424369692802429,0.3340336084365845,0,0.13092995968207227,taglish,comment,True,adjudicator,2-1,0,0
t1_p7b7s1d,0,0.058345843106508255,-2.78125,0,0.3135964870452881,0.32894736528396606,0.35745614767074585,0,0.13513937982663954,tagalog,comment,True,majority,3-0,0,0
t1_p7b7xq0,0,0.445650190114975,-0.21826171875,0,0.4114149808883667,0.2972651720046997,0.2913198471069336,0,0.4636462089910624,english,comment,True,unanimous,3-0,0,0
t1_p7b7yaf,0,0.814643383026123,1.48046875,1,0.4563233256340027,0.2750977873802185,0.2685788869857788,1,0.7287113555595487,tagalog,comment,True,adjudicator,2-1,0,0
t1_p7b823m,0,0.03676946833729744,-3.265625,0,0.25864124298095703,0.35280096530914307,0.3885578215122223,0,0.101602616853035,taglish,comment,True,majority,3-0,0,0
t1_p7b82fh,0,0.815232515335083,1.484375,1,0.4296296238899231,0.29629629850387573,0.27407407760620117,1,0.7292264504345076,tagalog,comment,True,adjudicator,2-1,0,0
t1_p7b8aam,0,0.1949802190065384,-1.41796875,0,0.3383297622203827,0.3254818022251129,0.3361884355545044,0,0.27961329481306696,taglish,comment,True,unanimous,3-0,0,0
t1_p7b8c1i,0,0.014063626527786255,-4.25,0,0.30142566561698914,0.34419551491737366,0.3543788194656372,0,0.055381544425499044,english,comment,True,majority,3-0,0,0
t1_p7b90uz,0,0.9118099808692932,2.3359375,1,0.4578651785850525,0.2752808928489685,0.266853928565979,1,0.8262171693570216,taglish,comment,True,adjudicator,2-1,0,0
t1_p7b941u,0,0.47919902205467224,-0.083251953125,0,0.40731707215309143,0.2829268276691437,0.3097561001777649,0,0.4861125696525522,tagalog,comment,True,unanimous,3-0,0,0
t1_p7b9jj2,1,0.12678517401218414,-1.9296875,0,0.2712264060974121,0.3537735939025879,0.375,0,0.21620645471053154,taglish,comment,True,adjudicator,2-1,1,0
t1_p7b9oyf,0,0.208823561668396,-1.33203125,0,0.34893617033958435,0.32127660512924194,0.3297872245311737,0,0.2913112393896463,taglish,comment,True,unanimous,3-0,0,0
t1_p7ba30m,0,0.03090895712375641,-3.4453125,0,0.3333333432674408,0.32900431752204895,0.33766233921051025,0,0.09116684687454649,taglish,comment,True,unanimous,3-0,0,0
t1_p7ba3dl,0,0.1795305460691452,-1.51953125,0,0.381778746843338,0.3058568239212036,0.3123644292354584,0,0.2661654598642483,english,comment,True,unanimous,3-0,0,0
t1_p7ba407,0,0.1937568634748459,-1.42578125,0,0.3447537422180176,0.3319057822227478,0.3233404755592346,0,0.27856420434164003,english,comment,True,majority,3-0,0,0
t1_p7ba4b8,0,0.06754669547080994,-2.625,0,0.31469979882240295,0.33954450488090515,0.3457556962966919,0,0.1477979751504607,tagalog,comment,True,unanimous,3-0,0,0
t1_p7bak1l,0,0.015189048834145069,-4.171875,0,0.3010309338569641,0.34226804971694946,0.3567010164260864,0,0.05817342560325391,english,comment,True,majority,3-0,0,0
t1_p7bayru,0,0.015663648024201393,-4.140625,0,0.31041666865348816,0.34166666865348816,0.3479166626930237,0,0.059326744771127204,english,comment,True,majority,3-0,0,0
t1_p7bb4cl,0,0.8062431216239929,1.42578125,1,0.4589309096336365,0.2542372941970825,0.2868318259716034,1,0.72143579565836,tagalog,comment,True,adjudicator,2-1,0,1
t1_p7bbeka,1,0.10743748396635056,-2.1171875,0,0.3422222137451172,0.324444442987442,0.3333333432674408,0,0.19575294468242502,taglish,comment,True,adjudicator,2-1,1,0
t1_p7bbozl,0,0.12210386991500854,-1.97265625,0,0.32983192801475525,0.3361344635486603,0.3340336084365845,0,0.2113861729782586,tagalog,comment,True,adjudicator,2-1,0,0
t1_p7bchp8,0,0.018264278769493103,-3.984375,0,0.3179999887943268,0.35199999809265137,0.33000001311302185,0,0.06542109664518816,english,comment,True,majority,3-0,0,0
t1_p7bcn8s,0,0.08632347732782364,-2.359375,0,0.294536828994751,0.3372921645641327,0.3681710362434387,0,0.17154826972341217,taglish,comment,True,unanimous,3-0,0,0
t1_p7bco0h,0,0.1276526302099228,-1.921875,0,0.2847965657711029,0.3832976520061493,0.3319057822227478,0,0.2170913699623232,tagalog,comment,True,majority,3-0,0,0
t1_p7bdpkr,0,0.5777336359024048,0.3134765625,1,0.40207523107528687,0.3035019338130951,0.29442283511161804,0,0.5521151606378756,tagalog,comment,True,unanimous,3-0,0,0
t1_p7bdubv,0,0.43374162912368774,-0.2666015625,0,0.378446102142334,0.310776948928833,0.310776948928833,0,0.4556331972928632,tagalog,comment,True,adjudicator,2-1,0,0
t1_p7bel7e,0,0.03185885399580002,-3.4140625,0,0.3132780194282532,0.3360995948314667,0.35062241554260254,0,0.09290975103969469,taglish,comment,True,majority,3-0,0,0
t1_p7beq6x,0,0.01384861022233963,-4.265625,0,0.3024691343307495,0.34567901492118835,0.35185185074806213,0,0.054838509530134236,english,comment,True,majority,3-0,0,0
t1_p7bey85,0,0.9178933501243591,2.4140625,1,0.4809461236000061,0.26412615180015564,0.25492772459983826,1,0.8335770108581598,taglish,comment,True,unanimous,3-0,0,0
t1_p7bf5ws,0,0.1980641782283783,-1.3984375,0,0.3722466826438904,0.3149779736995697,0.3127753436565399,0,0.2822465685658692,tagalog,comment,True,majority,3-0,0,0
t1_p7bg11b,0,0.014281933195888996,-4.234375,0,0.28652751445770264,0.392789363861084,0.3206831216812134,0,0.055929638485657414,tagalog,comment,True,adjudicator,2-1,0,0
t1_p7bgb5l,0,0.7866228222846985,1.3046875,1,0.45864662528038025,0.28070175647735596,0.2606516182422638,1,0.7049068164900734,english,comment,True,adjudicator,2-1,0,1
t1_p7bgqoa,1,0.037892427295446396,-3.234375,0,0.3140496015548706,0.34090909361839294,0.34504133462905884,0,0.10352230400209884,english,comment,True,adjudicator,3-0,1,0
t1_p7bgyp5,0,0.8976953029632568,2.171875,1,0.4585987329483032,0.2738853394985199,0.2675159275531769,1,0.8099295774745172,tagalog,comment,True,adjudicator,2-1,0,0
t1_p7bhl2m,0,0.7505527138710022,1.1015625,1,0.419393926858902,0.2884848415851593,0.29212120175361633,1,0.6759463813112147,tagalog,comment,True,adjudicator,2-1,0,1
t1_p7bhutj,0,0.017045317217707634,-4.0546875,0,0.30327868461608887,0.34836065769195557,0.34836065769195557,0,0.06260971666102977,english,comment,True,majority,3-0,0,0
t1_p7bhymk,0,0.8433797955513,1.68359375,1,0.4648074507713318,0.277556449174881,0.2576361298561096,1,0.7546677214858523,english,comment,True,adjudicator,2-1,0,1
t1_p7bils6,0,0.017576880753040314,-4.0234375,0,0.29878050088882446,0.34959349036216736,0.3516260087490082,0,0.06384502553925203,taglish,comment,True,unanimous,3-0,0,0
t1_p7biq9m,0,0.12463856488466263,-1.94921875,0,0.33986929059028625,0.32244008779525757,0.3376906216144562,0,0.21400560821193887,english,comment,True,adjudicator,2-1,0,0
t1_p7bj4st,0,0.5309662222862244,0.1240234375,1,0.39247944951057434,0.3102232813835144,0.29729729890823364,0,0.5206821205731379,taglish,comment,True,unanimous,3-0,0,0
t1_p7bj8kc,0,0.09534946829080582,-2.25,0,0.3361702263355255,0.325531929731369,0.33829787373542786,0,0.18217288108091828,taglish,comment,True,adjudicator,2-1,0,0
t1_p7bjlmq,0,0.06142404302954674,-2.7265625,0,0.2795698940753937,0.37419354915618896,0.34623655676841736,0,0.13946241612966068,taglish,comment,True,unanimous,3-0,0,0
t1_p7bjyob,0,0.04240382835268974,-3.1171875,0,0.31697341799736023,0.33742332458496094,0.34560325741767883,0,0.11100927421526852,english,comment,True,adjudicator,2-1,0,0
t1_p7bk46f,0,0.50201416015625,0.008056640625,1,0.4202898442745209,0.28985506296157837,0.28985506296157837,0,0.5013442873855768,tagalog,comment,True,unanimous,3-0,0,0
t1_p7bkjap,0,0.44468531012535095,-0.22216796875,0,0.37560975551605225,0.30000001192092896,0.3243902325630188,0,0.4629979390781039,tagalog,comment,True,adjudicator,2-1,0,1
t1_p7bkmvn,0,0.018264278769493103,-3.984375,0,0.3172268867492676,0.3403361439704895,0.3424369692802429,0,0.06542109664518816,english,comment,True,majority,3-0,0,0
t1_p7bksya,0,0.018689310178160667,-3.9609375,0,0.3152400851249695,0.3402922749519348,0.3444676399230957,0,0.06638403332867755,taglish,comment,True,majority,3-0,0,0
t1_p7bktkn,0,0.011331754736602306,-4.46875,0,0.24746450781822205,0.42596349120140076,0.3265720009803772,0,0.048221250361983936,english,comment,True,adjudicator,2-1,0,0
t1_p7bm2ox,0,0.043042849749326706,-3.1015625,0,0.30390143394470215,0.3449692130088806,0.35112935304641724,0,0.11204259951731124,tagalog,comment,True,majority,3-0,0,0
t1_p7bm5y3,0,0.8891444206237793,2.08203125,1,0.46348315477371216,0.27808988094329834,0.2584269642829895,1,0.8005266444007392,tagalog,comment,True,majority,3-0,0,0
t1_p7bmd1u,0,0.032344330102205276,-3.3984375,0,0.3105590045452118,0.33954450488090515,0.34989649057388306,0,0.09379237289829385,english,comment,True,unanimous,3-0,0,0
t1_p7bmq1p,0,0.5504865646362305,0.20263671875,1,0.3885578215122223,0.3098927438259125,0.3015494644641876,0,0.5337595041034345,tagalog,comment,True,majority,3-0,0,0
t1_p7bn7d4,0,0.03934250399470329,-3.1953125,0,0.26050421595573425,0.4075630307197571,0.33193278312683105,0,0.10596697409798181,english,comment,True,adjudicator,2-1,0,0
t1_p7bngsw,0,0.5466171503067017,0.18701171875,1,0.41477951407432556,0.29082241654396057,0.29439809918403625,0,0.5311633898878932,english,comment,True,majority,3-0,0,0
t1_p7bpvlc,0,0.740174412727356,1.046875,1,0.4379001259803772,0.2765685021877289,0.2855313718318939,1,0.6679006438726094,tagalog,comment,True,unanimous,3-0,0,0
t1_p7bqhwn,0,0.7457688450813293,1.076171875,1,0.4199029207229614,0.30946603417396545,0.2706310749053955,1,0.6722234236558365,taglish,comment,True,adjudicator,2-1,0,0
t1_p7bqj89,0,0.10669060051441193,-2.125,0,0.26884138584136963,0.36670416593551636,0.364454448223114,0,0.19493335293465128,taglish,comment,True,adjudicator,2-1,0,0
t1_p7br2fp,0,0.015189048834145069,-4.171875,0,0.2955031991004944,0.3468950688838959,0.35760170221328735,0,0.05817342560325391,english,comment,True,majority,3-0,0,0
t1_p7br7vh,0,0.015072628855705261,-4.1796875,0,0.3051546514034271,0.3443298935890198,0.3505154550075531,0,0.05788839963594308,taglish,comment,True,unanimous,3-0,0,0
t1_p7brkvq,0,0.026355354115366936,-3.609375,0,0.3008130192756653,0.37195122241973877,0.32723575830459595,0,0.08249133251610476,taglish,comment,True,majority,3-0,0,0
t1_p7brpn7,1,0.6025294065475464,0.416015625,1,0.40527579188346863,0.2925659418106079,0.30215826630592346,0,0.5689717418862485,english,comment,True,adjudicator,2-1,1,1
t1_p7bsvbl,0,0.013636835850775242,-4.28125,0,0.20790021121501923,0.442827433347702,0.34927234053611755,0,0.05430049319479187,english,comment,True,adjudicator,2-1,0,1
t1_p7bu88w,0,0.034100428223609924,-3.34375,0,0.31712472438812256,0.33826637268066406,0.344608873128891,0,0.09694099665862954,taglish,comment,True,majority,3-0,0,0
t1_p7buldv,0,0.024423090741038322,-3.6875,0,0.30737704038619995,0.3360655605792999,0.35655736923217773,0,0.07862981204962317,taglish,comment,True,unanimous,3-0,0,0
t1_p7bvma7,0,0.05033063143491745,-2.9375,0,0.31121280789375305,0.3478260934352875,0.3409610986709595,0,0.12340796611525169,tagalog,comment,True,majority,3-0,0,0
t1_p7bw6m1,0,0.046378206461668015,-3.0234375,0,0.28453609347343445,0.4103092849254608,0.3051546514034271,0,0.11733605773886623,english,comment,True,majority,3-0,0,0
t1_p7bwy13,0,0.07696083933115005,-2.484375,0,0.31856539845466614,0.3417721390724182,0.33966243267059326,0,0.16001434036203038,taglish,comment,True,majority,3-0,0,0
t1_p7bx5xc,0,0.09268777817487717,-2.28125,0,0.35056179761886597,0.31910112500190735,0.3303370773792267,0,0.17908607462560908,taglish,comment,True,majority,3-0,0,0
t1_p7byzr3,0,0.013020490296185017,-4.328125,0,0.2357894778251648,0.41894736886024475,0.34526315331459045,0,0.05271615260443792,english,comment,True,unanimous,3-0,0,0
t1_p7bz0bi,0,0.019419347867369652,-3.921875,0,0.295315682888031,0.3503054976463318,0.3543788194656372,0,0.0680182281229532,taglish,comment,True,majority,3-0,0,0
t1_p7bz4l9,0,0.01640303246676922,-4.09375,0,0.2857142984867096,0.3603411614894867,0.3539445698261261,0,0.061096947273629826,taglish,comment,True,majority,3-0,0,0
t1_p7bzeup,0,0.049958519637584686,-2.9453125,0,0.26696833968162537,0.3687782883644104,0.3642534017562866,0,0.12284500684749908,tagalog,comment,True,majority,3-0,0,0
t1_p7bzinf,0,0.9149009585380554,2.375,1,0.48787063360214233,0.27358490228652954,0.23854447901248932,1,0.8299287415292834,taglish,comment,True,unanimous,3-0,0,0
t1_p7c1vly,0,0.020177319645881653,-3.8828125,0,0.31120333075523376,0.3402489721775055,0.34854772686958313,0,0.0696896494375592,english,comment,True,majority,3-0,0,0
t1_p7c25tw,0,0.0753123015165329,-2.5078125,0,0.3385300636291504,0.3318485617637634,0.3296213746070862,0,0.1579229801368311,english,comment,True,majority,3-0,0,0
t1_p7c2dj7,0,0.7512834072113037,1.10546875,1,0.4538653492927551,0.2780548632144928,0.2680797874927521,1,0.6765171878123152,english,comment,True,adjudicator,2-1,0,1
t1_p7c3l69,0,0.10970578342676163,-2.09375,0,0.32347139716148376,0.37278106808662415,0.3037475347518921,0,0.19822735194507823,taglish,comment,True,majority,3-0,0,0
t1_p7c4a45,0,0.8816148638725281,2.0078125,1,0.44528302550315857,0.3056603670120239,0.2490566074848175,1,0.7924988334779681,tagalog,comment,True,unanimous,3-0,0,0
t1_p7c4f2u,0,0.7859664559364319,1.30078125,1,0.45406824350357056,0.27559053897857666,0.2703412175178528,1,0.7043642138356313,tagalog,comment,True,adjudicator,2-1,0,0
t1_p7c4tmm,0,0.47213587164878845,-0.111572265625,0,0.369047611951828,0.31190475821495056,0.31904762983322144,0,0.4813922093922844,taglish,comment,True,unanimous,3-0,0,0
t1_p7c5z5s,0,0.4160846769809723,-0.3388671875,0,0.3513513505458832,0.3355855941772461,0.3130630552768707,0,0.44369811054530667,tagalog,comment,True,adjudicator,2-1,0,0
t1_p7c62qa,0,0.896975576877594,2.1640625,1,0.47044023871421814,0.28050315380096436,0.2490566074848175,1,0.8091255841953384,tagalog,comment,True,adjudicator,2-1,0,1
t1_p7c6l3m,0,0.014503578655421734,-4.21875,0,0.2827715277671814,0.39700374007225037,0.32022473216056824,0,0.05648283252016579,english,comment,True,majority,3-0,0,0
t1_p7c6v15,0,0.010818448849022388,-4.515625,0,0.2525458335876465,0.4114052951335907,0.3360488712787628,0,0.046805506671728024,english,comment,True,majority,3-0,0,0
t1_p7c6wl0,0,0.6109178066253662,0.451171875,1,0.40172165632247925,0.2797704339027405,0.3185078799724579,0,0.5747165561048557,tagalog,comment,True,majority,3-0,0,0
t1_p7cb332,0,0.08035747706890106,-2.4375,0,0.3270440399646759,0.3333333432674408,0.3396226465702057,0,0.16426424872868958,tagalog,comment,True,adjudicator,2-1,0,0
t1_p7cbcu5,0,0.07423137128353119,-2.5234375,0,0.3354564607143402,0.34819531440734863,0.31634819507598877,0,0.15654111421856182,english,comment,True,majority,3-0,0,0
t1_p7cbzno,0,0.014842418022453785,-4.1953125,0,0.3084886074066162,0.3436852991580963,0.3478260934352875,0,0.05732227579438358,taglish,comment,True,majority,3-0,0,0
t1_p7ccbnn,0,0.7162185907363892,0.92578125,1,0.3904494345188141,0.3075842559337616,0.30196627974510193,1,0.6497373390057408,taglish,comment,True,unanimous,3-0,0,0
t1_p7ccre7,1,0.5239683985710144,0.095947265625,1,0.3544017970561981,0.34085777401924133,0.30474039912223816,0,0.5160038106585827,taglish,comment,True,majority,3-0,1,1
t1_p7ccwv7,0,0.6379335522651672,0.56640625,1,0.38818565011024475,0.302390992641449,0.3094233572483063,0,0.5933980725407354,tagalog,comment,True,adjudicator,2-1,0,1
t1_p7cczam,0,0.14804720878601074,-1.75,0,0.3222222328186035,0.36444443464279175,0.31333333253860474,0,0.23721942118649586,tagalog,comment,True,adjudicator,3-0,0,0
t1_p7cf1k7,0,0.05921025201678276,-2.765625,0,0.2777777910232544,0.375,0.3472222089767456,0,0.13636286552924856,tagalog,comment,True,adjudicator,2-1,0,1
t1_p7cf3o9,0,0.18713268637657166,-1.46875,0,0.3650442361831665,0.3207964599132538,0.3141593039035797,0,0.27283761429773845,english,comment,True,majority,3-0,0,0
t1_p7cfcze,0,0.01384861022233963,-4.265625,0,0.2663934528827667,0.3790983557701111,0.3545081913471222,0,0.054838509530134236,taglish,comment,True,majority,3-0,0,0
t1_p7cfvti,1,0.7690802216529846,1.203125,1,0.45347312092781067,0.27785059809684753,0.2686762809753418,1,0.690613622033397,english,comment,True,majority,3-0,1,1
t1_p7cfyef,0,0.49354588985443115,-0.02581787109375,0,0.36304348707199097,0.38260868191719055,0.2543478310108185,0,0.49569226617638307,tagalog,comment,True,majority,3-0,0,0
t1_p7ch7u7,0,0.017309095710515976,-4.0390625,0,0.3004032373428345,0.3629032373428345,0.33669355511665344,0,0.06322455778075704,english,comment,True,unanimous,3-0,0,0
t1_p7ciont,0,0.01640303246676922,-4.09375,0,0.2950495183467865,0.3861386179924011,0.31881189346313477,0,0.061096947273629826,tagalog,comment,True,majority,3-0,0,0
t1_p7cj6bh,0,0.014728614129126072,-4.203125,0,0.2808510661125183,0.3617021143436432,0.3574468195438385,0,0.05704116754177609,tagalog,comment,True,adjudicator,2-1,0,0
t1_p7cjao1,0,0.017176708206534386,-4.046875,0,0.29795917868614197,0.3632653057575226,0.33877551555633545,0,0.062916436595942,taglish,comment,True,majority,3-0,0,0
t1_p7cjg8g,0,0.013020490296185017,-4.328125,0,0.3012295067310333,0.3463114798069,0.35245901346206665,0,0.05271615260443792,english,comment,True,adjudicator,3-0,0,0
t1_p7cjlht,0,0.02517884038388729,-3.65625,0,0.30800822377204895,0.342915803194046,0.34907597303390503,0,0.08015417489256883,english,comment,True,majority,3-0,0,0
t1_p7cjmsj,0,0.842863142490387,1.6796875,1,0.4516128897666931,0.27667492628097534,0.27171215415000916,1,0.7541847095431974,taglish,comment,True,majority,3-0,0,0
t1_p7ck1ue,0,0.011508148163557053,-4.453125,0,0.2803921699523926,0.4000000059604645,0.31960785388946533,0,0.0487021347289131,english,comment,True,majority,3-0,0,0
t1_p7ckl7z,0,0.21800270676612854,-1.27734375,0,0.35087719559669495,0.3179824650287628,0.33114033937454224,0,0.29890351817611294,tagalog,comment,True,adjudicator,2-1,0,0
t1_p7ckqoa,0,0.36251771450042725,-0.564453125,0,0.36500000953674316,0.3075000047683716,0.32749998569488525,0,0.40691648318104207,tagalog,comment,True,majority,3-0,0,0
t1_p7cliw4,0,0.167763352394104,-1.6015625,0,0.35550457239151,0.31192660331726074,0.33256879448890686,0,0.25560952787442803,english,comment,True,majority,3-0,0,0
t1_p7cm5o9,0,0.23022674024105072,-1.20703125,0,0.35164836049079895,0.3362637460231781,0.31208792328834534,0,0.3088296032349675,taglish,comment,True,adjudicator,2-1,0,0
t1_p7cm5yl,0,0.6392857432365417,0.572265625,1,0.41168996691703796,0.31003811955451965,0.2782719135284424,0,0.5943412792418643,english,comment,True,adjudicator,2-1,0,0
t1_p7cmr7j,0,0.7322090864181519,1.005859375,1,0.41518986225128174,0.2886075973510742,0.29620254039764404,1,0.6618010366692215,taglish,comment,True,unanimous,3-0,0,0
t1_p7cn5o7,1,0.550003170967102,0.20068359375,1,0.41006287932395935,0.3132075369358063,0.276729553937912,0,0.5334350869028407,english,comment,True,majority,3-0,1,1
t1_p7cnibr,0,0.1555909961462021,-1.69140625,0,0.33261337876319885,0.33261337876319885,0.3347732126712799,0,0.24436817787675652,taglish,comment,True,unanimous,3-0,0,0
t1_p7cnndy,0,0.06325051933526993,-2.6953125,0,0.34285715222358704,0.3252747356891632,0.33186814188957214,0,0.14198437764613792,taglish,comment,True,majority,3-0,0,0
t1_p7coaxk,0,0.01652955636382103,-4.0859375,0,0.3002028465270996,0.35902637243270874,0.34077078104019165,0,0.061396741671614505,taglish,comment,True,majority,3-0,0,0
t1_p7comku,0,0.8844391107559204,2.03515625,1,0.4790257215499878,0.2733423411846161,0.24763193726539612,1,0.7954838883258017,tagalog,comment,True,adjudicator,2-1,0,0
t1_p7cooem,0,0.02843603305518627,-3.53125,0,0.2957746386528015,0.35613682866096497,0.3480885326862335,0,0.08652468393649018,tagalog,comment,True,adjudicator,2-1,0,1
t1_p7cplnf,0,0.3415825068950653,-0.65625,0,0.3476394712924957,0.3390558063983917,0.31330472230911255,0,0.3922189845769902,taglish,comment,True,adjudicator,2-1,0,1
t1_p7cq0d3,0,0.8098781704902649,1.44921875,1,0.46194925904273987,0.26969292759895325,0.2683578133583069,1,0.7245685251533752,tagalog,comment,True,adjudicator,2-1,0,0
t1_p7cqdro,0,0.02280263788998127,-3.7578125,0,0.30721649527549744,0.34226804971694946,0.3505154550075531,0,0.07529653814559467,tagalog,comment,True,majority,3-0,0,0
t1_p7ct6hb,0,0.03161877021193504,-3.421875,0,0.29713115096092224,0.35245901346206665,0.3504098355770111,0,0.0924712414139483,taglish,comment,True,majority,3-0,0,0
t1_p7cuyvj,0,0.06233103200793266,-2.7109375,0,0.31134021282196045,0.33402061462402344,0.3546391725540161,0,0.14071867236056693,taglish,comment,True,unanimous,3-0,0,0
t1_p7cv2ix,0,0.015189048834145069,-4.171875,0,0.30505049228668213,0.34949496388435364,0.34545454382896423,0,0.05817342560325391,taglish,comment,True,majority,3-0,0,0
t1_p7cvapq,0,0.014503578655421734,-4.21875,0,0.30142566561698914,0.34623217582702637,0.3523421585559845,0,0.05648283252016579,english,comment,True,majority,3-0,0,0
t1_p7cwwlg,1,0.8539127111434937,1.765625,1,0.4601307213306427,0.27712419629096985,0.26274511218070984,1,0.7646623925318377,tagalog,comment,True,adjudicator,2-1,1,0
t1_p7cz8v9,0,0.018124721944332123,-3.9921875,0,0.23191489279270172,0.40425533056259155,0.3638297915458679,0,0.06510301470068977,taglish,comment,True,majority,3-0,0,0
t1_p7czzsb,1,0.8294920325279236,1.58203125,1,0.40444445610046387,0.35333332419395447,0.24222221970558167,1,0.7419022643060676,taglish,comment,True,majority,3-0,1,1
t1_p7d0uz0,0,0.8665847778320312,1.87109375,1,0.4375743269920349,0.3115338981151581,0.2508918046951294,1,0.7770929764395812,taglish,comment,True,unanimous,3-0,0,0
t1_p7d121o,0,0.7950222492218018,1.35546875,1,0.43489253520965576,0.29203540086746216,0.2730720639228821,1,0.7119075976608391,taglish,comment,True,adjudicator,2-1,0,0
t1_p7d23oe,0,0.05665242671966553,-2.8125,0,0.27212390303611755,0.3539822995662689,0.3738937973976135,0,0.1327201941304719,taglish,comment,True,adjudicator,2-1,0,0
t1_p7d311o,0,0.011331754736602306,-4.46875,0,0.2908366620540619,0.368525892496109,0.3406374454498291,0,0.048221250361983936,taglish,comment,True,unanimous,3-0,0,0
t1_p7d3orv,0,0.24725964665412903,-1.11328125,0,0.324571430683136,0.3862857222557068,0.2891428470611572,0,0.32234277578012593,taglish,comment,True,unanimous,3-0,0,0
t1_p7d43dc,1,0.43554139137268066,-0.25927734375,0,0.362811803817749,0.32199546694755554,0.31519272923469543,0,0.4568459180259918,taglish,comment,True,unanimous,3-0,1,1
t1_p7d4g3w,0,0.02595735713839531,-3.625,0,0.3057851195335388,0.36570248007774353,0.32851240038871765,0,0.08170546927749174,taglish,comment,True,majority,3-0,0,0
t1_p7d5lsh,0,0.11961366981267929,-1.99609375,0,0.33552631735801697,0.3333333432674408,0.33114033937454224,0,0.20879028282303377,tagalog,comment,True,majority,3-0,0,0
t1_p7d5q6s,0,0.23091977834701538,-1.203125,0,0.31877729296684265,0.375545859336853,0.3056768476963043,0,0.30938637796660295,tagalog,comment,True,adjudicator,2-1,0,0
t1_p7d8a3e,0,0.056236349046230316,-2.8203125,0,0.3398268520832062,0.33766233921051025,0.32251080870628357,0,0.13212115726820514,taglish,comment,True,majority,3-0,0,0
t1_p7d8mki,0,0.6176279783248901,0.4794921875,1,0.3913043439388275,0.30892449617385864,0.29977115988731384,0,0.5793297698799478,taglish,comment,True,adjudicator,2-1,0,0
t1_p7dcf6a,0,0.23022674024105072,-1.20703125,0,0.31951218843460083,0.3414634168148041,0.3390243947505951,0,0.3088296032349675,taglish,comment,True,adjudicator,2-1,0,1
t1_p7deb7z,0,0.7146279811859131,0.91796875,1,0.4384615421295166,0.2794871926307678,0.28205129504203796,1,0.6485497693379262,tagalog,comment,True,adjudicator,2-1,0,0
t1_p7dfjf7,0,0.42107561230659485,-0.318359375,0,0.36666667461395264,0.3199999928474426,0.31333333253860474,0,0.44707910643078497,tagalog,comment,True,adjudicator,2-1,0,1
t1_p7dfkfu,0,0.7299050092697144,0.994140625,1,0.43478259444236755,0.2917250990867615,0.2734922766685486,1,0.6600482546707592,tagalog,comment,True,adjudicator,2-1,0,0
t1_p7dh66k,0,0.03622005507349968,-3.28125,0,0.31611570715904236,0.34504133462905884,0.3388429880142212,0,0.10065466116075211,english,comment,True,adjudicator,2-1,0,0
t1_p7ditbc,0,0.7627776861190796,1.16796875,1,0.4297924339771271,0.28815630078315735,0.28205129504203796,1,0.6855778647435462,tagalog,comment,True,unanimous,3-0,0,0
t1_p7djczh,0,0.6143940091133118,0.4658203125,1,0.402860552072525,0.3075089454650879,0.2896305024623871,0,0.5771043787819834,tagalog,comment,True,majority,3-0,0,0
t1_p7dm83y,0,0.014957086183130741,-4.1875,0,0.26557376980781555,0.36939892172813416,0.3650273084640503,0,0.05760468476477536,taglish,comment,True,unanimous,3-0,0,0
t1_p7dnrk5,0,0.015424554236233234,-4.15625,0,0.26844918727874756,0.3700534701347351,0.36149731278419495,0,0.05874743166930117,taglish,comment,True,unanimous,3-0,0,0
t1_p7dnwvs,0,0.7892336845397949,1.3203125,1,0.4276568591594696,0.2906530201435089,0.28169015049934387,1,0.7070714237976296,english,comment,True,adjudicator,2-1,0,0
t1_p7dpbba,0,0.0443485863506794,-3.0703125,0,0.31611570715904236,0.34090909361839294,0.3429751992225647,0,0.11413448087285573,taglish,comment,True,adjudicator,2-1,0,1
t1_p7dpy6e,0,0.5722447633743286,0.291015625,1,0.4034653604030609,0.30816832184791565,0.2883663475513458,0,0.54840532755312,english,comment,True,unanimous,3-0,0,0
t1_p7dqfr1,0,0.2986958920955658,-0.853515625,0,0.36720553040504456,0.31639721989631653,0.31639721989631653,0,0.36131681956033496,tagalog,comment,True,adjudicator,2-1,0,1
t1_p7dr1ta,0,0.6566582322120667,0.6484375,1,0.3861386179924011,0.31683167815208435,0.2970297038555145,1,0.6065373370111121,taglish,comment,True,majority,3-0,0,0
t1_p7dr495,0,0.039048291742801666,-3.203125,0,0.2954545319080353,0.3545454442501068,0.3499999940395355,0,0.1054740035903615,english,comment,True,majority,3-0,0,0
t1_p7dseow,0,0.14903530478477478,-1.7421875,0,0.3636363744735718,0.3136363625526428,0.3227272629737854,0,0.2381642074261162,taglish,comment,True,majority,3-0,0,0
t1_p7du9bc,0,0.3832949995994568,-0.4755859375,0,0.3415178656578064,0.3616071343421936,0.296875,0,0.42130573137664734,tagalog,comment,True,majority,3-0,0,0
t1_p7dwlze,0,0.19314739108085632,-1.4296875,0,0.3424369692802429,0.33193278312683105,0.325630247592926,0,0.27804056616177064,taglish,comment,True,unanimous,3-0,0,0
t1_p7dwnon,0,0.3559987545013428,-0.5927734375,0,0.31989598274230957,0.37971392273902893,0.3003901243209839,0,0.40236301816581327,english,comment,True,adjudicator,3-0,0,0
t1_p7dwpjn,0,0.4232196509838104,-0.3095703125,0,0.3601895868778229,0.324644535779953,0.3151658773422241,0,0.4485296229940094,taglish,comment,True,adjudicator,2-1,0,1
t1_p7dx9j9,0,0.907967209815979,2.2890625,1,0.47694334387779236,0.2806324064731598,0.24242424964904785,1,0.8216792074704914,english,comment,True,majority,3-0,0,0
t1_p7dxekk,0,0.11476478725671768,-2.04296875,0,0.2873051166534424,0.3741648197174072,0.3385300636291504,0,0.20366912120774863,taglish,comment,True,majority,3-0,0,0
t1_p7dxy67,0,0.025760557502508163,-3.6328125,0,0.2761692702770233,0.35857459902763367,0.365256130695343,0,0.08131510043664678,english,comment,True,majority,3-0,0,0
t1_p7dy7cs,1,0.23581157624721527,-1.17578125,0,0.3723653256893158,0.30913349986076355,0.31850117444992065,0,0.31329924302496254,english,comment,True,adjudicator,2-1,1,1
t1_p7dybdv,0,0.7325918078422546,1.0078125,1,0.447761207818985,0.27860695123672485,0.27363184094429016,1,0.662092737235143,tagalog,comment,True,adjudicator,2-1,0,0
t1_p7dycpl,0,0.06052939593791962,-2.7421875,0,0.3361169099807739,0.33194154500961304,0.33194154500961304,0,0.13821557108190816,english,comment,True,majority,3-0,0,0
t1_p7dyjvh,0,0.36251771450042725,-0.564453125,0,0.34567901492118835,0.3283950686454773,0.32592591643333435,0,0.40691648318104207,taglish,comment,True,unanimous,3-0,0,0
t1_p7dyofs,0,0.7690802216529846,1.203125,1,0.43890273571014404,0.2768079936504364,0.28428927063941956,1,0.690613622033397,english,comment,True,majority,3-0,0,0
t1_p7dz5rm,0,0.09947021305561066,-2.203125,0,0.3263598382472992,0.32845187187194824,0.34518828988075256,0,0.18688037588329817,taglish,comment,True,adjudicator,2-1,0,0
t1_p7e01e8,0,0.025371311232447624,-3.6484375,0,0.29880478978157043,0.36653387546539307,0.3346613645553589,0,0.0805394590827749,taglish,comment,True,majority,3-0,0,0
t1_p7e0gsf,0,0.05964693799614906,-2.7578125,0,0.33752620220184326,0.3270440399646759,0.33542975783348083,0,0.13697809889528775,taglish,comment,True,unanimous,3-0,0,0
t1_p7e13mw,0,0.02595735713839531,-3.625,0,0.3305954933166504,0.3244353234767914,0.3449692130088806,0,0.08170546927749174,english,comment,True,majority,3-0,0,0
t1_p7e1vz2,0,0.2833845913410187,-0.927734375,0,0.35699373483657837,0.3215031325817108,0.3215031325817108,0,0.3499660576435475,tagalog,comment,True,majority,3-0,0,0
t1_p7e2lqi,0,0.4709798991680145,-0.1162109375,0,0.3684210479259491,0.32036614418029785,0.31121280789375305,0,0.48061934099189063,tagalog,comment,True,majority,3-0,0,0
t1_p7e3dl1,0,0.6791787147521973,0.75,1,0.43382352590560913,0.2867647111415863,0.27941176295280457,1,0.6225920862598789,english,comment,True,adjudicator,2-1,0,0
t1_p7e3jrl,0,0.23863890767097473,-1.16015625,0,0.2968369722366333,0.35036495327949524,0.3527980446815491,0,0.3155472027065375,taglish,comment,True,unanimous,3-0,0,0
t1_p7e3klb,0,0.01912403479218483,-3.9375,0,0.30041152238845825,0.3436214029788971,0.35596707463264465,0,0.06736012196809796,taglish,comment,True,majority,3-0,0,0
t1_p7e4oey,1,0.9458011984825134,2.859375,1,0.5054348111152649,0.260869562625885,0.23369565606117249,1,0.8708397229470239,taglish,comment,True,majority,3-0,1,1
t1_p7e4ypy,0,0.3702253997325897,-0.53125,0,0.3880265951156616,0.3059867024421692,0.3059867024421692,0,0.41227541500566395,tagalog,comment,True,unanimous,3-0,0,0
t1_p7e50re,0,0.2538610100746155,-1.078125,0,0.3608490526676178,0.3325471580028534,0.3066037595272064,0,0.3274894168276064,tagalog,comment,True,unanimous,3-0,0,0
t1_p7e5rof,0,0.04535258188843727,-3.046875,0,0.3298968970775604,0.3319587707519531,0.33814433217048645,0,0.11572564704921785,tagalog,comment,True,majority,3-0,0,0
t1_p7e77zy,0,0.09138210862874985,-2.296875,0,0.34095633029937744,0.32848232984542847,0.3305613398551941,0,0.1775580733526502,taglish,comment,True,majority,3-0,0,0
t1_p7e7clf,0,0.026759279891848564,-3.59375,0,0.2832369804382324,0.40269750356674194,0.31406551599502563,0,0.08328406885590481,english,comment,True,unanimous,3-0,0,0
t1_p7e7snu,0,0.13799647986888885,-1.83203125,0,0.29223743081092834,0.3493150770664215,0.35844749212265015,0,0.22745564657398004,english,comment,True,majority,3-0,0,0
t1_p7e88qt,0,0.05223086103796959,-2.8984375,0,0.3340122103691101,0.3299388885498047,0.3360488712787628,0,0.12625609816779593,taglish,comment,True,unanimous,3-0,0,0
t1_p7e8ohv,0,0.015072628855705261,-4.1796875,0,0.29411765933036804,0.3549695611000061,0.35091277956962585,0,0.05788839963594308,tagalog,comment,True,adjudicator,2-1,0,0
t1_p7ea6q0,0,0.28616926074028015,-0.9140625,0,0.34657835960388184,0.32229581475257874,0.33112582564353943,0,0.35204470666494714,taglish,comment,True,unanimous,3-0,0,0
t1_p7ea9p3,0,0.39793843030929565,-0.4140625,0,0.32974138855934143,0.3987068831920624,0.2715517282485962,0,0.4313479743090675,tagalog,comment,True,majority,3-0,0,0
t1_p7eatjp,0,0.7786493301391602,1.2578125,1,0.44935065507888794,0.2818181812763214,0.26883116364479065,1,0.698357609343809,tagalog,comment,True,adjudicator,2-1,0,0
t1_p7ecnwc,0,0.0384661927819252,-3.21875,0,0.34095633029937744,0.32016631960868835,0.3388773500919342,0,0.10449412893261212,taglish,comment,True,unanimous,3-0,0,0
t1_p7eipfc,0,0.22953519225120544,-1.2109375,0,0.3488888740539551,0.31333333253860474,0.3377777636051178,0,0.30827338322191267,taglish,comment,True,unanimous,3-0,0,0
t1_p7eoik5,0,0.06853749603033066,-2.609375,0,0.29807692766189575,0.3980769217014313,0.303846150636673,0,0.1491163058173886,english,comment,True,adjudicator,2-1,0,0
t1_p7epidn,0,0.68804931640625,0.791015625,1,0.40625,0.29807692766189575,0.29567307233810425,1,0.6290024261527015,taglish,comment,True,adjudicator,2-1,0,1
t1_p7er1we,0,0.022457052022218704,-3.7734375,0,0.262458473443985,0.3765226900577545,0.3610188364982605,0,0.07457364596106984,english,comment,True,majority,3-0,0,0
t1_p7er2rg,0,0.034100428223609924,-3.34375,0,0.3172268867492676,0.3382352888584137,0.3445378243923187,0,0.09694099665862954,tagalog,comment,True,unanimous,3-0,0,0
t1_p7erayc,0,0.703345775604248,0.86328125,1,0.4341279864311218,0.2923462986946106,0.2735257148742676,1,0.6401859034989,tagalog,comment,True,adjudicator,2-1,0,0
t1_p7ez7pb,0,0.09467770159244537,-2.2578125,0,0.3252032399177551,0.3516260087490082,0.3231707215309143,0,0.1813973230027816,tagalog,comment,True,adjudicator,2-1,0,0
t1_p7f8qy6,1,0.18068422377109528,-1.51171875,0,0.3521444797515869,0.31602707505226135,0.33182844519615173,0,0.2671851492606243,tagalog,comment,True,adjudicator,2-1,1,0
t1_p7fchya,0,0.5999540090560913,0.4052734375,1,0.40418118238449097,0.3112659752368927,0.28455284237861633,0,0.5672125983067677,tagalog,comment,True,unanimous,3-0,0,0
t1_p7fjp05,0,0.1030244380235672,-2.1640625,0,0.3399122953414917,0.32894736528396606,0.33114033937454224,0,0.19087441580466166,english,comment,True,majority,3-0,0,0
t1_p7fl1tm,0,0.04240382835268974,-3.1171875,0,0.3152400851249695,0.3486430048942566,0.3361169099807739,0,0.11100927421526852,tagalog,comment,True,majority,3-0,0,0
t1_p7fmy61,0,0.675336480140686,0.732421875,1,0.3585118353366852,0.40360766649246216,0.23788049817085266,1,0.6198314677150674,tagalog,comment,True,adjudicator,2-1,0,1
t1_p7fn2tx,0,0.023153413087129593,-3.7421875,0,0.2444959431886673,0.3568945527076721,0.3986094892024994,0,0.07602586212709905,taglish,comment,True,adjudicator,2-1,0,0
t1_p7fo1ph,0,0.23231014609336853,-1.1953125,0,0.2830188572406769,0.3561320900917053,0.3608490526676178,0,0.31050158732058747,taglish,comment,True,adjudicator,2-1,0,1
t1_p7fvb3b,0,0.9059898257255554,2.265625,1,0.48575305938720703,0.2672998607158661,0.24694707989692688,1,0.8193756625416112,tagalog,comment,True,adjudicator,2-1,0,1
t1_p7fy09p,0,0.15002882480621338,-1.734375,0,0.33549782633781433,0.3333333432674408,0.3311688303947449,0,0.23911157696141147,taglish,comment,True,adjudicator,2-1,0,0
t1_p7g1jl7,1,0.869714617729187,1.8984375,1,0.4494086802005768,0.2851511240005493,0.2654401957988739,1,0.7802381987403817,taglish,comment,True,adjudicator,2-1,1,0
t1_p7g7ji3,0,0.8652240633964539,1.859375,1,0.46213093400001526,0.2811296582221985,0.25673940777778625,1,0.7757352345539416,english,comment,True,majority,3-0,0,0
t1_p7gg2g5,0,0.013222821988165379,-4.3125,0,0.26187846064567566,0.3624309301376343,0.37569060921669006,0,0.053239354818075665,taglish,comment,True,majority,3-0,0,0
t1_p7goh43,0,0.03283695876598358,-3.3828125,0,0.2583732008934021,0.3684210479259491,0.3732057511806488,0,0.09468250426720001,taglish,comment,True,unanimous,3-0,0,0
t1_p7gqfj1,0,0.2011847198009491,-1.37890625,0,0.3185840845108032,0.36283186078071594,0.3185840845108032,0,0.28489483393873916,english,comment,True,unanimous,3-0,0,0
t1_p7gtjj1,0,0.8354835510253906,1.625,1,0.45575758814811707,0.2666666805744171,0.2775757610797882,1,0.7473554562377301,tagalog,comment,True,adjudicator,2-1,0,1
t1_p7gyxym,0,0.07369627058506012,-2.53125,0,0.29054054617881775,0.342342346906662,0.36711710691452026,0,0.15585388203958175,tagalog,comment,True,adjudicator,2-1,0,1
t1_p7h0ly2,0,0.24544657766819,-1.123046875,0,0.3253012001514435,0.3253012001514435,0.34939759969711304,0,0.3209206988227208,tagalog,comment,True,adjudicator,2-1,0,1
t1_p7h5m1u,0,0.02460992895066738,-3.6796875,0,0.26818183064460754,0.3659090995788574,0.3659090995788574,0,0.07900839831317236,taglish,comment,True,majority,3-0,0,0
t1_p7h85v7,0,0.0071214293129742146,-4.9375,0,0.25636008381843567,0.4090019464492798,0.33463796973228455,0,0.03572982002860805,english,comment,True,majority,3-0,0,0
t1_p7haar9,0,0.0443485863506794,-3.0703125,0,0.2863636314868927,0.34090909361839294,0.37272727489471436,0,0.11413448087285573,english,comment,True,adjudicator,2-1,0,0
t1_p7hbz5y,1,0.5130585432052612,0.05224609375,1,0.3333333432674408,0.35061728954315186,0.31604939699172974,0,0.5087166378083127,tagalog,comment,True,adjudicator,2-1,1,0
t1_p7hc4va,0,0.04054073989391327,-3.1640625,0,0.32473117113113403,0.3354838788509369,0.3397849500179291,0,0.10795921256106841,taglish,comment,True,majority,3-0,0,0
t1_p7hc5tm,0,0.5801141858100891,0.3232421875,1,0.38046273589134216,0.31619536876678467,0.30334189534187317,0,0.5537263486301984,tagalog,comment,True,adjudicator,2-1,0,1
t1_p7hgig1,0,0.029760092496871948,-3.484375,0,0.30184805393218994,0.3449692130088806,0.35318276286125183,0,0.08902961604386452,taglish,comment,True,majority,3-0,0,0
t1_p7hgk6d,0,0.05582314357161522,-2.828125,0,0.2633879780769348,0.38032788038253784,0.35628414154052734,0,0.13152441414656424,tagalog,comment,True,majority,3-0,0,0
t1_p7hh5q0,0,0.018404891714453697,-3.9765625,0,0.29880478978157043,0.3804780840873718,0.32071712613105774,0,0.06574062340085342,taglish,comment,True,unanimous,3-0,0,0
t1_p7hn2ei,0,0.043365802615880966,-3.09375,0,0.3291139304637909,0.33122363686561584,0.33966243267059326,0,0.11256240749778637,english,comment,True,majority,3-0,0,0
t1_p7hocjp,0,0.942081868648529,2.7890625,1,0.46898263692855835,0.3138957917690277,0.21712158620357513,1,0.8654688823582091,taglish,comment,True,majority,3-0,0,0
t1_p7hqyna,0,0.02460992895066738,-3.6796875,0,0.2588832378387451,0.41624364256858826,0.32487308979034424,0,0.07900839831317236,english,comment,True,majority,3-0,0,0
t1_p7htjrq,0,0.0844927504658699,-2.3828125,0,0.26255708932876587,0.3652968108654022,0.3721461296081543,0,0.16933655267818076,taglish,comment,True,majority,3-0,0,0
t1_p7hto58,0,0.22202469408512115,-1.25390625,0,0.3513513505458832,0.3175675570964813,0.3310810923576355,0,0.30219187313732593,taglish,comment,True,unanimous,3-0,0,0
t1_p7hty2g,0,0.021287353709340096,-3.828125,0,0.2787610590457916,0.35176992416381836,0.36946901679039,0,0.07209351186511057,taglish,comment,True,majority,3-0,0,0
t1_p7hu2dg,1,0.10158944875001907,-2.1796875,0,0.34341251850128174,0.32829374074935913,0.32829374074935913,0,0.18926902361911585,english,comment,True,adjudicator,2-1,1,1
t1_p7hwhl9,0,0.8914335370063782,2.10546875,1,0.47291940450668335,0.26155877113342285,0.2655217945575714,1,0.8030127837970784,tagalog,comment,True,adjudicator,2-1,0,1
t1_p7hyhoq,0,0.07159119844436646,-2.5625,0,0.30394431948661804,0.3341067433357239,0.36194896697998047,0,0.15312953353847755,taglish,comment,True,unanimous,3-0,0,0
t1_p7i0oww,0,0.11162799596786499,-2.07421875,0,0.34361234307289124,0.3259911835193634,0.33039647340774536,0,0.20030728632826938,taglish,comment,True,majority,3-0,0,0
t1_p7i23nn,0,0.06804042309522629,-2.6171875,0,0.26596981287002563,0.3693379759788513,0.36469221115112305,0,0.14845593221849906,english,comment,True,adjudicator,2-1,0,1
t1_p7i2wbm,0,0.5522982478141785,0.2099609375,1,0.39405205845832825,0.29739776253700256,0.3085501790046692,0,0.5349758120937306,english,comment,True,majority,3-0,0,0
t1_p7i30af,0,0.018978038802742958,-3.9453125,0,0.2466181069612503,0.4266389310359955,0.3267429769039154,0,0.06703328855328006,english,comment,True,majority,3-0,0,0
t1_p7i40j4,0,0.15974101424217224,-1.66015625,0,0.3304157555103302,0.34135666489601135,0.32822757959365845,0,0.2482399515934354,tagalog,comment,True,majority,3-0,0,0
t1_p7i4ckh,0,0.014281933195888996,-4.234375,0,0.2612801790237427,0.39874082803726196,0.33997902274131775,0,0.055929638485657414,english,comment,True,majority,3-0,0,0
t1_p7i4d5o,0,0.29624688625335693,-0.865234375,0,0.37612614035606384,0.315315306186676,0.30855855345726013,0,0.35951388033686626,english,comment,True,majority,3-0,0,0
t1_p7i4e8q,0,0.025371311232447624,-3.6484375,0,0.22478991746902466,0.4306722581386566,0.3445378243923187,0,0.0805394590827749,english,comment,True,majority,3-0,0,0
t1_p7i4q0m,0,0.16830945014953613,-1.59765625,0,0.2892376780509949,0.41479820013046265,0.2959641218185425,0,0.25610590710517434,english,comment,True,majority,3-0,0,0
t1_p7i4tmq,0,0.04569203034043312,-3.0390625,0,0.2963752746582031,0.3539445698261261,0.34968018531799316,0,0.11626030487141607,taglish,comment,True,adjudicator,2-1,0,1
t1_p7i4usd,0,0.361390084028244,-0.5693359375,0,0.3870967626571655,0.3130227029323578,0.2998805344104767,0,0.4061302375475677,tagalog,comment,True,majority,3-0,0,0
t1_p7i590u,0,0.1250653862953186,-1.9453125,0,0.354347825050354,0.321739137172699,0.323913037776947,0,0.21444446972731904,taglish,comment,True,unanimous,3-0,0,0
t1_p7i5dy2,0,0.019419347867369652,-3.921875,0,0.28925618529319763,0.39669421315193176,0.3140496015548706,0,0.0680182281229532,english,comment,True,majority,3-0,0,0
t1_p7i5fbw,0,0.029760092496871948,-3.484375,0,0.2584269642829895,0.3775281012058258,0.3640449345111847,0,0.08902961604386452,taglish,comment,True,majority,3-0,0,0
t1_p7i5k42,0,0.026963496580719948,-3.5859375,0,0.3206751048564911,0.3417721390724182,0.3375527560710907,0,0.08368302908930599,taglish,comment,True,unanimous,3-0,0,0
t1_p7i5tlx,0,0.1212688684463501,-1.98046875,0,0.2952612340450287,0.34750911593437195,0.35722965002059937,0,0.21051826015676472,english,comment,True,majority,3-0,0,0
t1_p7i5trb,0,0.7130321860313416,0.91015625,1,0.35866984724998474,0.3919239938259125,0.24940617382526398,1,0.6473603585343611,tagalog,comment,True,adjudicator,2-1,0,0
t1_p7i62l1,0,0.012431650422513485,-4.375,0,0.2818930149078369,0.38065844774246216,0.3374485671520233,0,0.051175537248186714,taglish,comment,True,majority,3-0,0,0
t1_p7i68rn,0,0.06097517907619476,-2.734375,0,0.2995951473712921,0.36437246203422546,0.3360323905944824,0,0.13883781959260888,taglish,comment,True,majority,3-0,0,0
t1_p7i68z2,0,0.012431650422513485,-4.375,0,0.2505050599575043,0.42222222685813904,0.3272727131843567,0,0.051175537248186714,taglish,comment,True,majority,3-0,0,0
t1_p7i6szx,0,0.024798156693577766,-3.671875,0,0.27586206793785095,0.36206895112991333,0.36206895112991333,0,0.07938865033077765,taglish,comment,True,adjudicator,3-0,0,0
t1_p7i6tor,0,0.020645931363105774,-3.859375,0,0.31789472699165344,0.3389473557472229,0.34315788745880127,0,0.07071066150690798,english,comment,True,majority,3-0,0,0
t1_p7i6zpu,0,0.3178495764732361,-0.763671875,0,0.3139013350009918,0.36771300435066223,0.31838566064834595,0,0.3752662401074118,tagalog,comment,True,majority,3-0,0,0
t1_p7i7877,0,0.015072628855705261,-4.1796875,0,0.22977346181869507,0.4034520089626312,0.3667745292186737,0,0.05788839963594308,taglish,comment,True,majority,3-0,0,0
t1_p7i7mqf,0,0.03934250399470329,-3.1953125,0,0.3153527081012726,0.3381742835044861,0.3464730381965637,0,0.10596697409798181,taglish,comment,True,majority,3-0,0,0
t1_p7i7nbd,0,0.022457052022218704,-3.7734375,0,0.24946236610412598,0.3956989347934723,0.35483869910240173,0,0.07457364596106984,english,comment,True,majority,3-0,0,0
t1_p7i7oz5,1,0.6680145263671875,0.69921875,1,0.3754345178604126,0.3870220184326172,0.23754344880580902,1,0.6145958864261563,tagalog,comment,True,adjudicator,2-1,1,0
t1_p7i8gqv,0,0.015543648041784763,-4.1484375,0,0.23849372565746307,0.4142259359359741,0.3472803235054016,0,0.05903642222012067,english,comment,True,majority,3-0,0,0
t1_p7i91xi,0,0.07159119844436646,-2.5625,0,0.28455284237861633,0.34610918164253235,0.3693379759788513,0,0.15312953353847755,taglish,comment,True,majority,3-0,0,0
t1_p7i938l,0,0.411583811044693,-0.357421875,0,0.3454759120941162,0.3666274845600128,0.28789660334587097,0,0.44064359257783986,english,comment,True,majority,3-0,0,0
t1_p7iajx6,0,0.0541987307369709,-2.859375,0,0.2766439914703369,0.38321995735168457,0.3401360511779785,0,0.12916027705297606,taglish,comment,True,majority,3-0,0,0
t1_p7ib0q0,1,0.8140527606010437,1.4765625,1,0.39340102672576904,0.3274111747741699,0.2791878283023834,1,0.7281956460415803,taglish,comment,True,unanimous,3-0,1,1
t1_p7ib4se,1,0.6297746300697327,0.53125,1,0.3457711338996887,0.33582088351249695,0.31840795278549194,0,0.587724584994336,taglish,comment,True,majority,3-0,1,1
t1_p7icrdx,0,0.5127154588699341,0.050872802734375,1,0.4088127315044403,0.291309654712677,0.2998776137828827,0,0.5084875651869906,english,comment,True,unanimous,3-0,0,0
t1_p7idnnt,0,0.06656918674707413,-2.640625,0,0.31856539845466614,0.33122363686561584,0.350210964679718,0,0.1464892931938436,tagalog,comment,True,majority,3-0,0,0
t1_p7if1i8,0,0.04535258188843727,-3.046875,0,0.2967033088207245,0.3582417666912079,0.34505495429039,0,0.11572564704921785,english,comment,True,majority,3-0,0,0
t1_p7ifa0o,1,0.0384661927819252,-3.21875,0,0.2751004099845886,0.413654625415802,0.31124499440193176,0,0.10449412893261212,english,comment,True,adjudicator,2-1,1,1
t1_p7ifa7e,1,0.351311057806015,-0.61328125,0,0.372795969247818,0.3073047995567322,0.31989923119544983,0,0.3990761123608209,english,comment,True,adjudicator,2-1,1,1
t1_p7ih1tt,0,0.025760557502508163,-3.6328125,0,0.30703625082969666,0.336887001991272,0.35607674717903137,0,0.08131510043664678,english,comment,True,adjudicator,3-0,0,0
t1_p7ij78v,0,0.8164063692092896,1.4921875,1,0.4323040246963501,0.3372921645641327,0.23040379583835602,1,0.73025479366415,tagalog,comment,True,adjudicator,2-1,0,0
t1_p7ijion,0,0.05707139894366264,-2.8046875,0,0.29139071702957153,0.3708609342575073,0.33774834871292114,0,0.133321529793394,english,comment,True,majority,3-0,0,0
t1_p7iq8ai,0,0.014615669846534729,-4.2109375,0,0.22522522509098053,0.42842844128608704,0.34634634852409363,0,0.05676135483639381,taglish,comment,True,majority,3-0,0,0
t1_p7iqa3d,0,0.5162296295166016,0.06494140625,1,0.3487858772277832,0.3818984627723694,0.2693156599998474,0,0.5108341011017284,tagalog,comment,True,adjudicator,2-1,0,0
t1_p7iqat2,0,0.8158201575279236,1.48828125,1,0.40289506316185,0.3498190641403198,0.2472858875989914,1,0.7297409300172136,tagalog,comment,True,adjudicator,3-0,0,0
t1_p7iqysa,0,0.03541072830557823,-3.3046875,0,0.3126294016838074,0.3354037404060364,0.35196688771247864,0,0.09924745570065675,taglish,comment,True,adjudicator,2-1,0,0
t1_p7isgm3,0,0.8158201575279236,1.48828125,1,0.4234693944454193,0.29209184646606445,0.2844387888908386,1,0.7297409300172136,tagalog,comment,True,unanimous,3-0,0,0
t1_p7itlm8,0,0.012624949216842651,-4.359375,0,0.2800000011920929,0.3642105162143707,0.3557894825935364,0,0.05168428327240213,taglish,comment,True,majority,3-0,0,0
t1_p7iu5xa,0,0.0333368256688118,-3.3671875,0,0.2955031991004944,0.35974302887916565,0.3447537422180176,0,0.09558019237251625,taglish,comment,True,unanimous,3-0,0,0
t1_p7iupq2,0,0.02080449089407921,-3.8515625,0,0.2445414811372757,0.38646286725997925,0.36899563670158386,0,0.07105405913108659,taglish,comment,True,unanimous,3-0,0,0
t1_p7iv0ce,0,0.12592275440692902,-1.9375,0,0.3012658357620239,0.324050635099411,0.37468355894088745,0,0.2153241545101386,english,comment,True,adjudicator,2-1,0,1
t1_p7iv0ud,1,0.6584175229072571,0.65625,1,0.41842105984687805,0.2921052575111389,0.28947368264198303,1,0.6077810154230098,english,comment,True,adjudicator,2-1,1,1
t1_p7iv34z,0,0.6365790963172913,0.560546875,1,0.3865336775779724,0.3366583585739136,0.2768079936504364,0,0.5924541765791701,english,comment,True,adjudicator,2-1,0,0
t1_p7iv5yr,0,0.5418937802314758,0.16796875,1,0.3877550959587097,0.3163265287876129,0.29591837525367737,0,0.5279971072883524,english,comment,True,majority,3-0,0,0
t1_p7iv83y,0,0.3830641508102417,-0.4765625,0,0.3348946273326874,0.33957844972610474,0.3255269229412079,0,0.42114683153270616,tagalog,comment,True,adjudicator,2-1,0,0
t1_p7ivahf,0,0.5912512540817261,0.369140625,1,0.40526315569877625,0.2947368323802948,0.30000001192092896,0,0.5612832789068284,english,comment,True,majority,3-0,0,0
t1_p7ivqh5,0,0.5784481763839722,0.31640625,1,0.3645569682121277,0.3202531635761261,0.3151898682117462,0,0.5525986335095815,tagalog,comment,True,adjudicator,2-1,0,0
t1_p7ivssl,0,0.7950222492218018,1.35546875,1,0.410526305437088,0.29342105984687805,0.29605263471603394,1,0.7119075976608391,tagalog,comment,True,unanimous,3-0,0,0
t1_p7ivvut,0,0.015663648024201393,-4.140625,0,0.2537313401699066,0.4258706569671631,0.3203980028629303,0,0.059326744771127204,taglish,comment,True,majority,3-0,0,0
t1_p7ivwtp,0,0.3944341838359833,-0.4287109375,0,0.36881187558174133,0.3193069398403168,0.3118811845779419,0,0.4289515154766205,english,comment,True,majority,3-0,0,0
t1_p7ivyqk,0,0.6584175229072571,0.65625,1,0.33469945192337036,0.36338797211647034,0.3019125759601593,1,0.6077810154230098,english,comment,True,unanimous,3-0,0,0
t1_p7iw054,0,0.7457688450813293,1.076171875,1,0.4069148898124695,0.30452126264572144,0.2885638177394867,1,0.6722234236558365,tagalog,comment,True,unanimous,3-0,0,0
t1_p7iw3ai,0,0.5577248334884644,0.23193359375,1,0.3916991055011749,0.30479896068573,0.3035019338130951,0,0.5386221838162419,tagalog,comment,True,unanimous,3-0,0,0
t1_p7iw8dy,0,0.07423137128353119,-2.5234375,0,0.3106575906276703,0.3401360511779785,0.3492063581943512,0,0.15654111421856182,taglish,comment,True,adjudicator,2-1,0,0
t1_p7iwa9e,0,0.8745065331459045,1.94140625,1,0.4688427448272705,0.24183976650238037,0.2893175184726715,1,0.7851160148284949,english,comment,True,majority,3-0,0,0
t1_p7iweo9,0,0.3965354859828949,-0.419921875,0,0.34140434861183167,0.32687652111053467,0.33171913027763367,0,0.43038899843468714,tagalog,comment,True,unanimous,3-0,0,0
t1_p7iwoea,0,0.6918097734451294,0.80859375,1,0.3195876181125641,0.3711340129375458,0.30927833914756775,1,0.6317360159547456,tagalog,comment,True,adjudicator,2-1,0,0
t1_p7iwruh,1,0.66888028383255,0.703125,1,0.38046273589134216,0.32519280910491943,0.2943444848060608,1,0.6152132417826781,english,comment,True,majority,3-0,1,1
t1_p7ixu0v,0,0.7813306450843811,1.2734375,1,0.4260985255241394,0.29294273257255554,0.28095871210098267,1,0.7005498492293288,english,comment,True,adjudicator,2-1,0,0
t1_p7ixzm5,1,0.7549149990081787,1.125,1,0.4119947850704193,0.3076923191547394,0.2803128957748413,1,0.679363319265196,tagalog,comment,True,adjudicator,2-1,1,0
t1_p7iy5l3,0,0.6392857432365417,0.572265625,1,0.4132450222969055,0.2966887354850769,0.2900662124156952,0,0.5943412792418643,tagalog,comment,True,adjudicator,2-1,0,0
t1_p7iz3ji,0,0.7975567579269409,1.37109375,1,0.4350205063819885,0.2872776985168457,0.2777017652988434,1,0.7140416842061575,tagalog,comment,True,adjudicator,2-1,0,0
t1_p7izgv7,0,0.2849738299846649,-0.919921875,0,0.35448578000068665,0.32385119795799255,0.3216630220413208,0,0.35115316517486733,taglish,comment,True,unanimous,3-0,0,0
t1_p7j0fuj,0,0.8925625681877136,2.1171875,1,0.4244185984134674,0.30523255467414856,0.27034884691238403,1,0.804247055317575,taglish,comment,True,majority,3-0,0,0
t1_p7j17ud,1,0.6495786309242249,0.6171875,1,0.36467236280441284,0.3276353180408478,0.3076923191547394,1,0.601548945041415,tagalog,comment,True,adjudicator,2-1,1,0
t1_p7j3qse,0,0.19559408724308014,-1.4140625,0,0.3413461446762085,0.33173078298568726,0.32692307233810425,0,0.2801387456272256,english,comment,True,adjudicator,2-1,0,1
t1_p7j4az2,0,0.7975567579269409,1.37109375,1,0.4351464509963989,0.284518837928772,0.2803347408771515,1,0.7140416842061575,tagalog,comment,True,adjudicator,2-1,0,1
t1_p7j4l6c,0,0.21733753383159637,-1.28125,0,0.3349056541919708,0.3349056541919708,0.33018869161605835,0,0.29835745845846456,tagalog,comment,True,adjudicator,2-1,0,1
t1_p7j5by4,1,0.6011253595352173,0.41015625,1,0.3746478855609894,0.3154929578304291,0.30985915660858154,0,0.5680124218697553,tagalog,comment,True,adjudicator,2-1,1,0
t1_p7j6bsx,1,0.5950219631195068,0.384765625,1,0.38231468200683594,0.3172951936721802,0.3003901243209839,0,0.5638495592031274,taglish,comment,True,majority,3-0,1,1
t1_p7j8j3b,0,0.015543648041784763,-4.1484375,0,0.3016528785228729,0.35330578684806824,0.34504133462905884,0,0.05903642222012067,taglish,comment,True,unanimous,3-0,0,0
t1_p7j8vok,0,0.1352320909500122,-1.85546875,0,0.29012346267700195,0.39711934328079224,0.3127571940422058,0,0.2247186504522136,english,comment,True,adjudicator,3-0,0,0
t1_p7j8zyo,0,0.012624949216842651,-4.359375,0,0.2973523437976837,0.3543788194656372,0.3482688367366791,0,0.05168428327240213,taglish,comment,True,majority,3-0,0,0
t1_p7j9pzd,0,0.12852515280246735,-1.9140625,0,0.30309733748435974,0.34734514355659485,0.3495575189590454,0,0.21797889982585647,taglish,comment,True,majority,3-0,0,0
t1_p7jaz31,0,0.10743748396635056,-2.1171875,0,0.3019607961177826,0.3901960849761963,0.3078431487083435,0,0.19575294468242502,taglish,comment,True,unanimous,3-0,0,0
t1_p7jbjjc,0,0.16184942424297333,-1.64453125,0,0.33690986037254333,0.32403433322906494,0.3390558063983917,0,0.2501911790231037,english,comment,True,majority,3-0,0,0
t1_p7jbrxc,0,0.3242354094982147,-0.734375,0,0.36222222447395325,0.324444442987442,0.31333333253860474,0,0.37986141016335906,english,comment,True,adjudicator,3-0,0,0
t1_p7jc35b,0,0.09670579433441162,-2.234375,0,0.32499998807907104,0.3333333432674408,0.34166666865348816,0,0.18373172385551756,english,comment,True,majority,3-0,0,0
t1_p7jcey0,0,0.7291342616081238,0.990234375,1,0.4615384638309479,0.23076923191547394,0.3076923191547394,1,0.6594630157874614,tagalog,comment,True,adjudicator,2-1,0,0
t1_p7jczbh,1,0.017176708206534386,-4.046875,0,0.23379629850387573,0.3819444477558136,0.38425925374031067,0,0.062916436595942,english,comment,True,adjudicator,2-1,1,0
t1_p7jdf4l,0,0.046378206461668015,-3.0234375,0,0.30879345536231995,0.34355828166007996,0.3476482629776001,0,0.11733605773886623,taglish,comment,True,majority,3-0,0,0
t1_p7jdi0d,0,0.09401018172502518,-2.265625,0,0.3029940128326416,0.34730538725852966,0.34970059990882874,0,0.18062433745838877,english,comment,True,majority,3-0,0,0
t1_p7jdld3,0,0.27009502053260803,-0.994140625,0,0.34734514355659485,0.32300883531570435,0.3296460211277008,0,0.3399517453292407,english,comment,True,majority,3-0,0,0
t1_p7je7gw,0,0.01784873940050602,-4.0078125,0,0.2418447732925415,0.3734533190727234,0.3847019076347351,0,0.06447116332496301,english,comment,True,majority,3-0,0,0
t1_p7je99f,0,0.04672495648264885,-3.015625,0,0.32987552881240845,0.3360995948314667,0.33402490615844727,0,0.11787716392924158,taglish,comment,True,majority,3-0,0,0
t1_p7jek9p,0,0.731442391872406,1.001953125,1,0.43127962946891785,0.2985782027244568,0.27014216780662537,1,0.6612172664830113,taglish,comment,True,adjudicator,2-1,0,0
t1_p7jeqsz,0,0.025371311232447624,-3.6484375,0,0.32640331983566284,0.34095633029937744,0.33264032006263733,0,0.0805394590827749,english,comment,True,majority,3-0,0,0
t1_p7jhj3y,1,0.3263787627220154,-0.724609375,0,0.3790697753429413,0.302325576543808,0.31860464811325073,0,0.3813979782495346,english,comment,True,majority,3-0,1,1
t1_p7ji1sj,0,0.01578456163406372,-4.1328125,0,0.3105590045452118,0.34161490201950073,0.3478260934352875,0,0.05961840457867046,taglish,comment,True,unanimous,3-0,0,0
t1_p7jiww0,0,0.5971381068229675,0.3935546875,1,0.3718309998512268,0.3239436745643616,0.304225355386734,0,0.5652915995357106,english,comment,True,adjudicator,2-1,0,0
t1_p7jj59h,0,0.7118317484855652,0.904296875,1,0.4433249235153198,0.2783375382423401,0.2783375382423401,1,0.6464670993545983,tagalog,comment,True,adjudicator,2-1,0,1
t1_p7jj8ti,0,0.2458084672689438,-1.12109375,0,0.3563714921474457,0.3304535746574402,0.31317493319511414,0,0.3212048495437393,tagalog,comment,True,adjudicator,2-1,0,1
t1_p7jjwfe,0,0.06371499598026276,-2.6875,0,0.3391684889793396,0.3304157555103302,0.3304157555103302,0,0.14262078539289552,english,comment,True,adjudicator,2-1,0,1
t1_p7jjytz,1,0.8494724035263062,1.73046875,1,0.42892158031463623,0.3125,0.25857841968536377,1,0.7604137702573682,taglish,comment,True,unanimous,3-0,1,1
t1_p7jjze4,0,0.23091977834701538,-1.203125,0,0.3612334728240967,0.3590308427810669,0.2797356843948364,0,0.30938637796660295,english,comment,True,unanimous,3-0,0,0
t1_p7jk77p,0,0.7872777581214905,1.30859375,1,0.47121819853782654,0.24631860852241516,0.2824631929397583,1,0.7054488397220503,english,comment,True,adjudicator,2-1,0,0
t1_p7jkrnn,0,0.04115288704633713,-3.1484375,0,0.2612197995185852,0.3636363744735718,0.3751438558101654,0,0.10896762654817069,tagalog,comment,True,adjudicator,2-1,0,1
t1_p7jkyer,0,0.7409248948097229,1.05078125,1,0.39220184087753296,0.3669724762439728,0.24082568287849426,1,0.6684786717566844,tagalog,comment,True,adjudicator,2-1,0,0
t1_p7jl0bl,0,0.009268012829124928,-4.671875,0,0.22006140649318695,0.4380757510662079,0.34186285734176636,0,0.042366691070799864,taglish,comment,True,unanimous,3-0,0,0
t1_p7jl159,0,0.5226590633392334,0.0906982421875,1,0.38225257396698,0.3435722291469574,0.2741751968860626,0,0.515128834059659,tagalog,comment,True,adjudicator,2-1,0,0
t1_p7jl1kj,1,0.06278920918703079,-2.703125,0,0.33191490173339844,0.325531929731369,0.34255319833755493,0,0.14135034152250164,english,comment,True,majority,3-0,1,1
t1_p7jl2zl,1,0.8386797904968262,1.6484375,1,0.4381188154220581,0.2871287167072296,0.2747524678707123,1,0.750297584450144,taglish,comment,True,majority,3-0,1,1
t1_p7jle5m,0,0.552117109298706,0.209228515625,1,0.32166019082069397,0.3968871533870697,0.28145265579223633,0,0.5348541997712903,tagalog,comment,True,unanimous,3-0,0,0
t1_p7jlh3k,0,0.022629201412200928,-3.765625,0,0.2620967626571655,0.4193548262119293,0.31854838132858276,0,0.07493429095132434,tagalog,comment,True,majority,3-0,0,0
t1_p7jlspi,0,0.2267836332321167,-1.2265625,0,0.3667426109313965,0.32118451595306396,0.31207290291786194,0,0.30605407144512586,tagalog,comment,True,majority,3-0,0,0
t1_p7jltmt,0,0.2685575783252716,-1.001953125,0,0.34934496879577637,0.32969433069229126,0.3209607005119324,0,0.33878273351698873,tagalog,comment,True,adjudicator,2-1,0,0
t1_p7jly72,0,0.2254166156053543,-1.234375,0,0.3247753381729126,0.33119383454322815,0.34403079748153687,0,0.3049477711197862,english,comment,True,majority,3-0,0,0
t1_p7jm0fp,0,0.04778006672859192,-2.9921875,0,0.3084886074066162,0.34161490201950073,0.34989649057388306,0,0.11951346809891754,taglish,comment,True,unanimous,3-0,0,0
t1_p7jm1cj,0,0.013636835850775242,-4.28125,0,0.29445508122444153,0.39579349756240845,0.30975142121315,0,0.05430049319479187,english,comment,True,majority,3-0,0,0
t1_p7jm4ni,0,0.914290726184845,2.3671875,1,0.47999998927116394,0.2653333246707916,0.25466665625572205,1,0.8291915035274853,tagalog,comment,True,adjudicator,2-1,0,0
t1_p7jmcko,0,0.6872103214263916,0.787109375,1,0.4231274724006653,0.2825230062007904,0.2943495512008667,1,0.6283938310744103,tagalog,comment,True,adjudicator,2-1,0,1
t1_p7jmwuw,0,0.2372223436832428,-1.16796875,0,0.3616557717323303,0.328976035118103,0.30936819314956665,0,0.31442213525645385,taglish,comment,True,unanimous,3-0,0,0
t1_p7jnfur,1,0.7118317484855652,0.904296875,1,0.4019138813018799,0.32775118947029114,0.270334929227829,1,0.6464670993545983,english,comment,True,majority,3-0,1,1
t1_p7jnjat,1,0.7786493301391602,1.2578125,1,0.4169696867465973,0.3006060719490051,0.2824242413043976,1,0.698357609343809,tagalog,comment,True,majority,3-0,1,1
t1_p7joyca,0,0.017712298780679703,-4.015625,0,0.30416667461395264,0.3499999940395355,0.34583333134651184,0,0.06415738296008533,tagalog,comment,True,unanimous,3-0,0,0
t1_p7jpiid,0,0.018833130598068237,-3.953125,0,0.3103448152542114,0.3448275923728943,0.3448275923728943,0,0.06670792751816279,tagalog,comment,True,adjudicator,2-1,0,0
t1_p7jpv87,0,0.7345005869865417,1.017578125,1,0.4000000059604645,0.2926470637321472,0.3073529303073883,1,0.6635493880100188,tagalog,comment,True,adjudicator,2-1,0,1
t1_p7jqarc,0,0.14706452190876007,-1.7578125,0,0.3254716992378235,0.3396226465702057,0.3349056541919708,0,0.23627722048160632,english,comment,True,majority,3-0,0,0
t1_p7jqyo7,0,0.319121390581131,-0.7578125,0,0.38036808371543884,0.30061349272727966,0.3190183937549591,0,0.37618350818042207,english,comment,True,adjudicator,2-1,0,1
t1_p7jr9ed,0,0.22202469408512115,-1.25390625,0,0.3529411852359772,0.32461872696876526,0.32244008779525757,0,0.30219187313732593,tagalog,comment,True,adjudicator,2-1,0,1
t1_p7jrlsk,0,0.05541279539465904,-2.8359375,0,0.2624434530735016,0.3687782883644104,0.3687782883644104,0,0.13092995968207227,taglish,comment,True,majority,3-0,0,0
t1_p7jsawz,0,0.20689406991004944,-1.34375,0,0.2895662486553192,0.35638922452926636,0.3540445566177368,0,0.28969917365546966,taglish,comment,True,majority,3-0,0,0
t1_p7jsff6,0,0.11124119907617569,-2.078125,0,0.2908704876899719,0.41188958287239075,0.29723992943763733,0,0.1998899947221084,taglish,comment,True,majority,3-0,0,0
t1_p7jslnr,0,0.1716158092021942,-1.57421875,0,0.2543478310108185,0.417391300201416,0.3282608687877655,0,0.25909743005015823,english,comment,True,adjudicator,2-1,0,1
t1_p7jsvzn,0,0.02931223064661026,-3.5,0,0.2678185701370239,0.39956802129745483,0.33261337876319885,0,0.08818745194844858,taglish,comment,True,unanimous,3-0,0,0
t1_p7jty2q,0,0.7244806289672852,0.966796875,1,0.4292929172515869,0.29671716690063477,0.27398988604545593,1,0.6559414080874858,tagalog,comment,True,adjudicator,2-1,0,0
t1_p7jv0ob,0,0.8349459171295166,1.62109375,1,0.4555984437465668,0.2728442847728729,0.2715572714805603,1,0.7468628768324794,english,comment,True,unanimous,3-0,0,0
t1_p7jvjug,0,0.7490872144699097,1.09375,1,0.36888331174850464,0.35884568095207214,0.2722710072994232,1,0.6748031977989097,tagalog,comment,True,adjudicator,2-1,0,0
t1_p7jwtc5,0,0.01912403479218483,-3.9375,0,0.24122807383537292,0.3881579041481018,0.37061402201652527,0,0.06736012196809796,tagalog,comment,True,adjudicator,2-1,0,0
t1_p7jwx3u,1,0.2929997146129608,-0.880859375,0,0.37530267238616943,0.2978208363056183,0.32687652111053467,0,0.35711612507751606,english,comment,True,adjudicator,2-1,1,1
t1_p7jxi1w,0,0.5954925417900085,0.38671875,1,0.3668789863586426,0.3222929835319519,0.3108280301094055,0,0.5641701068272634,tagalog,comment,True,adjudicator,2-1,0,0
t1_p7jxtad,0,0.010489092208445072,-4.546875,0,0.2741020917892456,0.39697542786598206,0.3289225101470947,0,0.045883728746624,taglish,comment,True,majority,3-0,0,0
t1_p7jy4x2,0,0.86200350522995,1.83203125,1,0.4551365375518799,0.288686603307724,0.2561768591403961,1,0.7725443534260199,tagalog,comment,True,adjudicator,2-1,0,0
t1_p7k378k,0,0.1672186702489853,-1.60546875,0,0.30350664258003235,0.343409925699234,0.35308343172073364,0,0.25511378077921304,taglish,comment,True,majority,3-0,0,0
t1_p7k3r6i,0,0.03594832494854927,-3.2890625,0,0.2857142984867096,0.35820895433425903,0.35607674717903137,0,0.10018363479535145,english,comment,True,adjudicator,2-1,0,0
t1_p7k3th6,0,0.9399133324623108,2.75,1,0.5033829212188721,0.26116374135017395,0.23545332252979279,1,0.8624043342066713,taglish,comment,True,majority,3-0,0,0
t1_p7k47v9,0,0.043365802615880966,-3.09375,0,0.25630253553390503,0.4117647111415863,0.33193278312683105,0,0.11256240749778637,taglish,comment,True,adjudicator,2-1,0,0
t1_p7k4jsc,0,0.03963883966207504,-3.1875,0,0.28997868299484253,0.35181236267089844,0.35820895433425903,0,0.10646197446043082,english,comment,True,majority,3-0,0,0
t1_p7k4xld,0,0.026155617088079453,-3.6171875,0,0.3132780194282532,0.3381742835044861,0.34854772686958313,0,0.08209754468715207,taglish,comment,True,unanimous,3-0,0,0
t1_p7k4ywy,0,0.017045317217707634,-4.0546875,0,0.30184805393218994,0.342915803194046,0.35523614287376404,0,0.06260971666102977,english,comment,True,majority,3-0,0,0
t1_p7k552w,0,0.6636689305305481,0.6796875,1,0.4101910889148712,0.29936304688453674,0.29044586420059204,1,0.6115036101615667,english,comment,True,majority,3-0,0,0
t1_p7k5c70,0,0.0333368256688118,-3.3671875,0,0.27392739057540894,0.3674367368221283,0.35863587260246277,0,0.09558019237251625,tagalog,comment,True,adjudicator,2-1,0,1
t1_p7k5edx,0,0.38468098640441895,-0.4697265625,0,0.39851483702659607,0.29207921028137207,0.30940595269203186,0,0.4222594716700184,english,comment,True,majority,3-0,0,0
t1_p7k5sks,0,0.012431650422513485,-4.375,0,0.2605210542678833,0.41683366894721985,0.32264527678489685,0,0.051175537248186714,taglish,comment,True,majority,3-0,0,0
t1_p7k5zbv,1,0.1352320909500122,-1.85546875,0,0.27358490228652954,0.3679245412349701,0.35849055647850037,0,0.2247186504522136,taglish,comment,True,adjudicator,2-1,1,1
t1_p7k60wy,0,0.3562226891517639,-0.591796875,0,0.3597484230995178,0.3056603670120239,0.33459118008613586,0,0.4025197590731622,tagalog,comment,True,adjudicator,2-1,0,0
t1_p7k69ef,0,0.28937169909477234,-0.8984375,0,0.39080458879470825,0.3011494278907776,0.30804598331451416,0,0.3544271836986619,tagalog,comment,True,majority,3-0,0,0
t1_p7k6fel,0,0.15921740233898163,-1.6640625,0,0.29321661591529846,0.40700218081474304,0.2997811734676361,0,0.24775374044217663,taglish,comment,True,majority,3-0,0,0
t1_p7k6gpx,0,0.027376487851142883,-3.5703125,0,0.24815206229686737,0.43083420395851135,0.3210137188434601,0,0.08448616301932138,tagalog,comment,True,adjudicator,3-0,0,0
t1_p7k6mih,0,0.05707139894366264,-2.8046875,0,0.2751091718673706,0.40829694271087646,0.31659388542175293,0,0.133321529793394,tagalog,comment,True,adjudicator,2-1,0,0
t1_p7k6xn5,0,0.5733201503753662,0.29541015625,1,0.37587007880210876,0.3596287667751312,0.26450115442276,0,0.5491316011172508,english,comment,True,adjudicator,2-1,0,0
t1_p7k70p1,0,0.039048291742801666,-3.203125,0,0.3013100326061249,0.35807859897613525,0.34061136841773987,0,0.1054740035903615,taglish,comment,True,unanimous,3-0,0,0
t1_p7k7ilt,0,0.08756383508443832,-2.34375,0,0.26128265261650085,0.3705463111400604,0.3681710362434387,0,0.17303543389028234,taglish,comment,True,majority,3-0,0,0
t1_p7k7rbj,0,0.03541072830557823,-3.3046875,0,0.2955465614795685,0.3947368562221527,0.3097166121006012,0,0.09924745570065675,english,comment,True,majority,3-0,0,0
t1_p7k7vip,0,0.030214587226510048,-3.46875,0,0.28859061002731323,0.36017897725105286,0.3512304127216339,0,0.08987902980156505,english,comment,True,majority,3-0,0,0
t1_p7k81p8,0,0.26971012353897095,-0.99609375,0,0.38548752665519714,0.30158731341362,0.31292515993118286,0,0.33965930887409346,tagalog,comment,True,adjudicator,2-1,0,0
t1_p7k8net,0,0.018264278769493103,-3.984375,0,0.2978723347187042,0.35957446694374084,0.34255319833755493,0,0.06542109664518816,tagalog,comment,True,majority,3-0,0,0
t1_p7k97ke,0,0.8514594435691833,1.74609375,1,0.4299754202365875,0.31081080436706543,0.25921374559402466,1,0.7623085087475283,english,comment,True,adjudicator,2-1,0,1
t1_p7k9hk0,0,0.01615283451974392,-4.109375,0,0.3083164393901825,0.36105477809906006,0.33062881231307983,0,0.060501460283761944,taglish,comment,True,majority,3-0,0,0
t1_p7k9qph,0,0.014728614129126072,-4.203125,0,0.23758099973201752,0.406047523021698,0.3563714921474457,0,0.05704116754177609,tagalog,comment,True,adjudicator,2-1,0,0
t1_p7k9ypx,0,0.19559408724308014,-1.4140625,0,0.3466981053352356,0.3136792480945587,0.3396226465702057,0,0.2801387456272256,tagalog,comment,True,adjudicator,2-1,0,1
t1_p7ka6tc,0,0.02779562398791313,-3.5546875,0,0.30721649527549744,0.33814433217048645,0.3546391725540161,0,0.08529628739169456,taglish,comment,True,majority,3-0,0,0
t1_p7kao2a,0,0.04569203034043312,-3.0390625,0,0.2639649510383606,0.4227820336818695,0.3132530152797699,0,0.11626030487141607,tagalog,comment,True,majority,3-0,0,0
t1_p7kav72,0,0.017576880753040314,-4.0234375,0,0.26292136311531067,0.3775281012058258,0.3595505654811859,0,0.06384502553925203,taglish,comment,True,unanimous,3-0,0,0
t1_p7kax5v,0,0.014842418022453785,-4.1953125,0,0.2476290762424469,0.4193888306617737,0.3329820930957794,0,0.05732227579438358,taglish,comment,True,majority,3-0,0,0
t1_p7kb5ba,0,0.0222861859947443,-3.78125,0,0.2851485013961792,0.41584157943725586,0.29900988936424255,0,0.0742145974387251,taglish,comment,True,majority,3-0,0,0
t1_p7kb827,0,0.39793843030929565,-0.4140625,0,0.3488888740539551,0.3799999952316284,0.2711111009120941,0,0.4313479743090675,english,comment,True,adjudicator,2-1,0,0
t1_p7kcbjl,0,0.008985428139567375,-4.703125,0,0.22764228284358978,0.4247967600822449,0.34756097197532654,0,0.04152852169275607,taglish,comment,True,majority,3-0,0,0
t1_p7kcsle,0,0.020645931363105774,-3.859375,0,0.26406925916671753,0.38311687111854553,0.35281383991241455,0,0.07071066150690798,english,comment,True,majority,3-0,0,0
t1_p7kdl3z,1,0.7490872144699097,1.09375,1,0.3889695107936859,0.3105950653553009,0.3004354238510132,1,0.6748031977989097,taglish,comment,True,majority,3-0,1,1
t1_p7kdtat,0,0.015072628855705261,-4.1796875,0,0.24307036399841309,0.4349680244922638,0.3219616115093231,0,0.05788839963594308,taglish,comment,True,majority,3-0,0,0
t1_p7kdw6q,0,0.022457052022218704,-3.7734375,0,0.24497991800308228,0.413654625415802,0.3413654565811157,0,0.07457364596106984,taglish,comment,True,unanimous,3-0,0,0
t1_p7ke3gb,0,0.056236349046230316,-2.8203125,0,0.245005264878273,0.41219767928123474,0.34279704093933105,0,0.13212115726820514,taglish,comment,True,unanimous,3-0,0,0
t1_p7kgbw3,0,0.7592254281044006,1.1484375,1,0.3966005742549896,0.300283282995224,0.3031161427497864,1,0.6827611373224417,tagalog,comment,True,unanimous,3-0,0,0
t1_p7ki9ed,0,0.055005285888910294,-2.84375,0,0.2850779592990875,0.36302894353866577,0.3518930971622467,0,0.13033778876818486,tagalog,comment,True,majority,3-0,0,0
t1_p7kicpd,0,0.08509904891252518,-2.375,0,0.2689352333545685,0.4149286448955536,0.31613612174987793,0,0.1700712584707167,taglish,comment,True,unanimous,3-0,0,0
t1_p7kiv8w,0,0.026155617088079453,-3.6171875,0,0.26557376980781555,0.36721310019493103,0.36721310019493103,0,0.08209754468715207,taglish,comment,True,unanimous,3-0,0,0
t1_p7kix8h,0,0.7420480251312256,1.056640625,1,0.40484848618507385,0.31272727251052856,0.2824242413043976,1,0.6693447614938577,taglish,comment,True,unanimous,3-0,0,0
t1_p7kj0wi,0,0.012821215204894543,-4.34375,0,0.2437703162431717,0.39869987964630127,0.35752978920936584,0,0.0521978086090026,taglish,comment,True,majority,3-0,0,0
t1_p7kk0ar,0,0.027585282921791077,-3.5625,0,0.32924336194992065,0.33128833770751953,0.3394683003425598,0,0.08489034846161587,taglish,comment,True,majority,3-0,0,0
t1_p7kk8ri,0,0.7221353054046631,0.955078125,1,0.45443195104599,0.2746566832065582,0.2709113657474518,1,0.654174126649169,english,comment,True,adjudicator,2-1,0,0
t1_p7kkj6h,0,0.0222861859947443,-3.78125,0,0.261822372674942,0.37370243668556213,0.36447519063949585,0,0.0742145974387251,taglish,comment,True,majority,3-0,0,0
t1_p7kknye,0,0.10743748396635056,-2.1171875,0,0.2731376886367798,0.3589164912700653,0.3679458200931549,0,0.19575294468242502,taglish,comment,True,majority,3-0,0,0
t1_p7kkwjh,0,0.12549343705177307,-1.94140625,0,0.3419913351535797,0.3268398344516754,0.3311688303947449,0,0.2148839851715052,tagalog,comment,True,adjudicator,2-1,0,1
t1_p7klaya,0,0.5862860083580017,0.3486328125,1,0.41558441519737244,0.2916174829006195,0.29279810190200806,0,0.5579100760923041,tagalog,comment,True,majority,3-0,0,0
t1_p7klc7o,0,0.8774768114089966,1.96875,1,0.4569288492202759,0.3071160912513733,0.23595505952835083,1,0.788178889547398,taglish,comment,True,majority,3-0,0,0
t1_p7klxiv,0,0.09807931631803513,-2.21875,0,0.34285715222358704,0.3285714387893677,0.3285714387893677,0,0.18530088326208616,tagalog,comment,True,adjudicator,2-1,0,0
t1_p7klzd9,0,0.04146227613091469,-3.140625,0,0.26097559928894043,0.3634146451950073,0.37560975551605225,0,0.1094749273953919,tagalog,comment,True,adjudicator,2-1,0,1
t1_p7km0h3,0,0.06903792917728424,-2.6015625,0,0.31392931938171387,0.34095633029937744,0.3451143503189087,0,0.1497791002580496,taglish,comment,True,majority,3-0,0,0
t1_p7kmmyz,0,0.7885831594467163,1.31640625,1,0.4595959484577179,0.27398988604545593,0.2664141356945038,1,0.7065311442784942,tagalog,comment,True,majority,3-0,0,0
t1_p7kmyht,0,0.6057990193367004,0.4296875,1,0.4033816456794739,0.28743961453437805,0.30917873978614807,0,0.571208131344852,taglish,comment,True,unanimous,3-0,0,0
t1_p7knb3a,0,0.017576880753040314,-4.0234375,0,0.2433011829853058,0.4330118000507355,0.32368701696395874,0,0.06384502553925203,taglish,comment,True,unanimous,3-0,0,0
t1_p7knj9u,0,0.06804042309522629,-2.6171875,0,0.24681344628334045,0.36616453528404236,0.3870220184326172,0,0.14845593221849906,taglish,comment,True,majority,3-0,0,0
t1_p7kntcm,0,0.03541072830557823,-3.3046875,0,0.29263564944267273,0.3856589198112488,0.3217054307460785,0,0.09924745570065675,taglish,comment,True,majority,3-0,0,0
t1_p7knupo,0,0.6379335522651672,0.56640625,1,0.4244694113731384,0.27590513229370117,0.2996254563331604,0,0.5933980725407354,english,comment,True,adjudicator,2-1,0,0
t1_p7koixa,0,0.8787311315536499,1.98046875,1,0.476433128118515,0.2649681568145752,0.2585987150669098,1,0.7894817398432353,tagalog,comment,True,unanimous,3-0,0,0
t1_p7kp28v,0,0.5398324131965637,0.15966796875,1,0.3659849166870117,0.36167922616004944,0.27233585715293884,0,0.5266162124760887,tagalog,comment,True,adjudicator,2-1,0,0
t1_p7kpcat,0,0.8267117738723755,1.5625,1,0.44973546266555786,0.27910053730010986,0.27116402983665466,1,0.7393983148001921,tagalog,comment,True,unanimous,3-0,0,0
t1_p7kpsab,0,0.07159119844436646,-2.5625,0,0.31669867038726807,0.39731284976005554,0.2859884798526764,0,0.15312953353847755,english,comment,True,adjudicator,2-1,0,0
t1_p7kpu1i,0,0.872347354888916,1.921875,1,0.4651162922382355,0.2726098299026489,0.262273907661438,1,0.7829086300376769,tagalog,comment,True,adjudicator,2-1,0,0
t1_p7kqof7,0,0.07477004826068878,-2.515625,0,0.27272728085517883,0.4141414165496826,0.31313130259513855,0,0.15723081229444347,taglish,comment,True,unanimous,3-0,0,0
t1_p7kroht,1,0.5898345112800598,0.36328125,1,0.3935926854610443,0.3524027466773987,0.254004567861557,0,0.5603200704305127,tagalog,comment,True,adjudicator,2-1,1,0
t1_p7krwq5,0,0.30528295040130615,-0.822265625,0,0.3506787419319153,0.3257918655872345,0.3235294222831726,0,0.36614368371185657,tagalog,comment,True,adjudicator,2-1,0,0
t1_p7ksaqn,0,0.060086652636528015,-2.75,0,0.31634819507598877,0.331210196018219,0.35244160890579224,0,0.1375956657933287,taglish,comment,True,unanimous,3-0,0,0
t1_p7kszi0,0,0.21733753383159637,-1.28125,0,0.3220720589160919,0.3536036014556885,0.3243243098258972,0,0.29835745845846456,taglish,comment,True,unanimous,3-0,0,0
t1_p7ktpl9,0,0.0446808747947216,-3.0625,0,0.3383297622203827,0.3211991488933563,0.340471088886261,0,0.11466274066275021,taglish,comment,True,unanimous,3-0,0,0
t1_p7ku363,0,0.024053553119301796,-3.703125,0,0.30371901392936707,0.34504133462905884,0.3512396812438965,0,0.07787761355473509,taglish,comment,True,adjudicator,2-1,0,0
t1_p7kuxef,0,0.30777397751808167,-0.810546875,0,0.37444934248924255,0.3149779736995697,0.31057268381118774,0,0.3679607698995813,taglish,comment,True,adjudicator,2-1,0,0
t1_p7kvr87,0,0.05877655744552612,-2.7734375,0,0.33814433217048645,0.33608248829841614,0.3257732093334198,0,0.1357499608101176,english,comment,True,unanimous,3-0,0,0
t1_p7kwraw,0,0.023330770432949066,-3.734375,0,0.3305084705352783,0.3305084705352783,0.33898305892944336,0,0.07639295042262953,english,comment,True,majority,3-0,0,0
t1_p7ky524,0,0.03258974477648735,-3.390625,0,0.25766175985336304,0.37457433342933655,0.3677639067173004,0,0.09423649694186079,taglish,comment,True,unanimous,3-0,0,0
t1_p7ky9x7,0,0.4619268774986267,-0.152587890625,0,0.4092009663581848,0.29418885707855225,0.29661017656326294,0,0.474561932245114,tagalog,comment,True,unanimous,3-0,0,0
t1_p7kz1kh,0,0.021948251873254776,-3.796875,0,0.32919254899024963,0.34161490201950073,0.32919254899024963,0,0.0735012668907666,english,comment,True,unanimous,3-0,0,0
t1_p7kzk2p,0,0.051082734018564224,-2.921875,0,0.3362445533275604,0.3362445533275604,0.32751092314720154,0,0.12454053573064475,taglish,comment,True,unanimous,3-0,0,0
t1_p7l0ksb,0,0.10932482779026031,-2.09765625,0,0.33260393142700195,0.3260393738746643,0.34135666489601135,0,0.19781332154970693,tagalog,comment,True,adjudicator,2-1,0,1
t1_p7l0via,1,0.9224823713302612,2.4765625,1,0.5226960182189941,0.22833561897277832,0.24896836280822754,1,0.8392835748326848,taglish,comment,True,majority,3-0,1,1
t1_p7l13ow,0,0.06853749603033066,-2.609375,0,0.29795917868614197,0.3959183692932129,0.30612245202064514,0,0.1491163058173886,taglish,comment,True,majority,3-0,0,0
t1_p7l17c1,0,0.7248703241348267,0.96875,1,0.4272300601005554,0.2992957830429077,0.27347418665885925,1,0.6562355374140226,taglish,comment,True,unanimous,3-0,0,0
t1_p7l17yc,0,0.25349122285842896,-1.080078125,0,0.32125604152679443,0.32125604152679443,0.35748791694641113,0,0.32720238643310967,taglish,comment,True,majority,3-0,0,0
t1_p7l1bqh,0,0.9026095867156982,2.2265625,1,0.4833759665489197,0.26854220032691956,0.24808184802532196,1,0.8154849870778136,tagalog,comment,True,majority,3-0,0,0
t1_p7l1ig6,0,0.4985962212085724,-0.005615234375,0,0.3866666555404663,0.30444443225860596,0.30888888239860535,0,0.499063071267346,tagalog,comment,True,adjudicator,2-1,0,0
t1_p7l1qef,0,0.8652240633964539,1.859375,1,0.4406779706478119,0.2829204797744751,0.2764015793800354,1,0.7757352345539416,taglish,comment,True,unanimous,3-0,0,0
t1_p7l2cqq,0,0.4665417969226837,-0.134033203125,0,0.38548752665519714,0.31292515993118286,0.30158731341362,0,0.47765079438733166,taglish,comment,True,adjudicator,2-1,0,0
t1_p7l474i,1,0.9394705891609192,2.7421875,1,0.49868765473365784,0.26377952098846436,0.2375328093767166,1,0.8617844289180918,taglish,comment,True,majority,3-0,1,1
t1_p7l4qss,0,0.18772760033607483,-1.46484375,0,0.32951945066452026,0.33409610390663147,0.33638444542884827,0,0.2733551637919132,taglish,comment,True,majority,3-0,0,0
t1_p7l5tem,0,0.2833845913410187,-0.927734375,0,0.2974238991737366,0.3512880504131317,0.3512880504131317,0,0.3499660576435475,taglish,comment,True,majority,3-0,0,0
t1_p7l6kti,0,0.018124721944332123,-3.9921875,0,0.29979467391967773,0.35934290289878845,0.3408624231815338,0,0.06510301470068977,taglish,comment,True,unanimous,3-0,0,0
t1_p7l71t3,0,0.04146227613091469,-3.140625,0,0.24586549401283264,0.3925027549266815,0.36163175106048584,0,0.1094749273953919,tagalog,comment,True,adjudicator,2-1,0,1
t1_p7l76j1,0,0.7662936449050903,1.1875,1,0.40751445293426514,0.30202311277389526,0.2904624342918396,1,0.6883809973050358,taglish,comment,True,majority,3-0,0,0
t1_p7la0pf,0,0.03594832494854927,-3.2890625,0,0.260368674993515,0.35483869910240173,0.38479262590408325,0,0.10018363479535145,english,comment,True,majority,3-0,0,0
t1_p7laa29,1,0.6477982401847839,0.609375,1,0.32018038630485535,0.40811723470687866,0.271702378988266,1,0.6002985012208706,tagalog,comment,True,adjudicator,2-1,1,1
t1_p7laogc,0,0.2708657681941986,-0.990234375,0,0.3697104752063751,0.31625834107398987,0.314031183719635,0,0.34053698421253864,tagalog,comment,True,adjudicator,2-1,0,1
t1_p7lb2ol,0,0.7446563243865967,1.0703125,1,0.4517766535282135,0.2728426456451416,0.2753807008266449,1,0.6713611719455459,english,comment,True,majority,3-0,0,0
t1_p7lbiex,0,0.24006125330924988,-1.15234375,0,0.36043956875801086,0.3252747356891632,0.3142857253551483,0,0.3166744363634057,english,comment,True,majority,3-0,0,0
t1_p7lbluu,0,0.02909075655043125,-3.5078125,0,0.265263170003891,0.40842103958129883,0.3263157904148102,0,0.08776907377033065,taglish,comment,True,unanimous,3-0,0,0
t1_p7ldn0g,0,0.02595735713839531,-3.625,0,0.2650602459907532,0.3397590219974518,0.39518073201179504,0,0.08170546927749174,taglish,comment,True,unanimous,3-0,0,0
t1_p7le1eh,0,0.06187598779797554,-2.71875,0,0.31460675597190857,0.3460674285888672,0.33932584524154663,0,0.1400893654695399,taglish,comment,True,majority,3-0,0,0
t1_p7lecgg,1,0.5688949227333069,0.27734375,1,0.40784314274787903,0.29019609093666077,0.3019607961177826,0,0.546144504485882,english,comment,True,adjudicator,2-1,1,0
t1_p7lem5c,0,0.907967209815979,2.2890625,1,0.47606727480888367,0.27684345841407776,0.24708926677703857,1,0.8216792074704914,tagalog,comment,True,adjudicator,2-1,0,0
t1_p7leyiv,0,0.3607141971588135,-0.572265625,0,0.3781321048736572,0.31435078382492065,0.30751708149909973,0,0.40565872075813575,taglish,comment,True,majority,3-0,0,0
t1_p7lf6st,0,0.08035747706890106,-2.4375,0,0.30334728956222534,0.40585774183273315,0.2907949686050415,0,0.16426424872868958,english,comment,True,majority,3-0,0,0
t1_p7lgfcn,0,0.03384403511881828,-3.3515625,0,0.27848100662231445,0.39240506291389465,0.3291139304637909,0,0.09648548441680913,taglish,comment,True,majority,3-0,0,0
t1_p7lhn75,0,0.05146276578307152,-2.9140625,0,0.3107476532459259,0.3247663676738739,0.3644859790802002,0,0.12511015680545595,taglish,comment,True,majority,3-0,0,0
t1_p7lhzij,1,0.7627776861190796,1.16796875,1,0.4464060664176941,0.28625473380088806,0.26733922958374023,1,0.6855778647435462,tagalog,comment,True,unanimous,3-0,1,1
t1_p7lizpx,0,0.5265862345695496,0.1064453125,1,0.37230420112609863,0.3654937446117401,0.26220205426216125,0,0.5177534641822603,tagalog,comment,True,adjudicator,2-1,0,0
t1_p7lm414,0,0.2075357586145401,-1.33984375,0,0.32400932908058167,0.3496503531932831,0.32634031772613525,0,0.2902359417743057,tagalog,comment,True,majority,3-0,0,0
t1_p7lnrs6,0,0.08570928126573563,-2.3671875,0,0.2735229730606079,0.39387309551239014,0.33260393142700195,0,0.1708084964725148,english,comment,True,majority,3-0,0,0
t1_p7lo5pt,0,0.44480594992637634,-0.2216796875,0,0.37910085916519165,0.3183475136756897,0.30255162715911865,0,0.46307896602227727,english,comment,True,adjudicator,2-1,0,0
t1_p7lqcfg,0,0.029760092496871948,-3.484375,0,0.28411632776260376,0.36017897725105286,0.3557046949863434,0,0.08902961604386452,taglish,comment,True,majority,3-0,0,0
t1_p7lr7hp,0,0.24944725632667542,-1.1015625,0,0.31172069907188416,0.3491271734237671,0.33915212750434875,0,0.3240536186887854,tagalog,comment,True,majority,3-0,0,0
t1_p7ltirq,1,0.38375675678253174,-0.4736328125,0,0.3041474521160126,0.3894009292125702,0.30645161867141724,0,0.4216235799367056,english,comment,True,adjudicator,2-1,1,1
t1_p7lup40,0,0.8683809638023376,1.88671875,1,0.46113306283950806,0.27931487560272217,0.2595520317554474,1,0.7788941636704079,taglish,comment,True,majority,3-0,0,0
t1_p7lyg06,0,0.8558511734008789,1.78125,1,0.4204545319080353,0.3659090995788574,0.2136363685131073,1,0.7665338472671295,tagalog,comment,True,unanimous,3-0,0,0
t1_p7lyhlv,0,0.034100428223609924,-3.34375,0,0.3180827796459198,0.34422656893730164,0.3376906216144562,0,0.09694099665862954,taglish,comment,True,unanimous,3-0,0,0
t1_p7m16hz,0,0.014281933195888996,-4.234375,0,0.2970711290836334,0.34937238693237305,0.35355648398399353,0,0.055929638485657414,taglish,comment,True,majority,3-0,0,0
t1_p7m2zbp,0,0.1716158092021942,-1.57421875,0,0.31192660331726074,0.3371559679508209,0.35091742873191833,0,0.25909743005015823,tagalog,comment,True,adjudicator,2-1,0,0
t1_p7m34ce,1,0.8327813148498535,1.60546875,1,0.46998724341392517,0.26947638392448425,0.26053640246391296,1,0.744886219220787,tagalog,comment,True,majority,3-0,1,1
t1_p7m3twq,0,0.021287353709340096,-3.828125,0,0.2806026339530945,0.40112993121147156,0.31826743483543396,0,0.07209351186511057,english,comment,True,majority,3-0,0,0
t1_p7m7fuw,0,0.0384661927819252,-3.21875,0,0.3164556920528412,0.3333333432674408,0.350210964679718,0,0.10449412893261212,taglish,comment,True,majority,3-0,0,0
t1_p7m9h9j,1,0.6918097734451294,0.80859375,1,0.4301607012748718,0.2929542660713196,0.2768850326538086,1,0.6317360159547456,tagalog,comment,True,adjudicator,2-1,1,1
t1_p7mbff3,0,0.14804720878601074,-1.75,0,0.3512304127216339,0.3288590610027313,0.31991052627563477,0,0.23721942118649586,tagalog,comment,True,adjudicator,2-1,0,1
t1_p7mcjoy,0,0.1705079972743988,-1.58203125,0,0.3333333432674408,0.3504273593425751,0.3162393271923065,0,0.2580977356939324,tagalog,comment,True,majority,3-0,0,0
t1_p7mcx08,0,0.8591918349266052,1.80859375,1,0.4617379903793335,0.2684824764728546,0.2697795033454895,1,0.7697839204985085,tagalog,comment,True,majority,3-0,0,0
t1_p7mcz3r,0,0.023153413087129593,-3.7421875,0,0.2759336233139038,0.3609958589076996,0.363070547580719,0,0.07602586212709905,taglish,comment,True,majority,3-0,0,0
t1_p7mdh91,0,0.018833130598068237,-3.953125,0,0.24419888854026794,0.3933701515197754,0.3624309301376343,0,0.06670792751816279,taglish,comment,True,adjudicator,2-1,0,0
t1_p7mgcc5,0,0.01578456163406372,-4.1328125,0,0.30912864208221436,0.3464730381965637,0.3443983495235443,0,0.05961840457867046,taglish,comment,True,unanimous,3-0,0,0
t1_p7mid55,1,0.760650634765625,1.15625,1,0.41191068291664124,0.30148884654045105,0.2866005003452301,1,0.6838894506739754,taglish,comment,True,adjudicator,2-1,1,1
t1_p7mkfgf,0,0.010986942797899246,-4.5,0,0.2721518874168396,0.3607594966888428,0.3670886158943176,0,0.047272973830220895,english,comment,True,majority,3-0,0,0
t1_p7mladu,0,0.22953519225120544,-1.2109375,0,0.36616700887680054,0.319057822227478,0.31477516889572144,0,0.30827338322191267,taglish,comment,True,majority,3-0,0,0
t1_p7mqnx2,0,0.051082734018564224,-2.921875,0,0.2749490737915039,0.4154786169528961,0.3095723092556,0,0.12454053573064475,english,comment,True,majority,3-0,0,0
t1_p7mqvy7,0,0.02843603305518627,-3.53125,0,0.25596529245376587,0.3861171305179596,0.35791757702827454,0,0.08652468393649018,taglish,comment,True,majority,3-0,0,0
t1_p7mra15,0,0.8910549879074097,2.1015625,1,0.4655396640300751,0.288686603307724,0.24577373266220093,1,0.8026000569854471,english,comment,True,adjudicator,2-1,0,0
t1_p7mvzml,0,0.9437636137008667,2.8203125,1,0.49934640526771545,0.2666666805744171,0.23398692905902863,1,0.8678788427317948,tagalog,comment,True,adjudicator,2-1,0,0
t1_p7mzui1,0,0.4651445150375366,-0.1396484375,0,0.39198216795921326,0.3051224946975708,0.30289533734321594,0,0.4767158159018836,tagalog,comment,True,majority,3-0,0,0
t1_p7n1l39,0,0.11516222357749939,-2.0390625,0,0.3311965763568878,0.3311965763568878,0.33760684728622437,0,0.20409228972996687,taglish,comment,True,majority,3-0,0,0
t1_p7n6ben,0,0.2267836332321167,-1.2265625,0,0.3744588792324066,0.31168830394744873,0.31385281682014465,0,0.30605407144512586,tagalog,comment,True,adjudicator,2-1,0,0
t3_1vc8dyu,0,0.019419347867369652,-3.921875,0,0.25559481978416443,0.3674911558628082,0.37691402435302734,0,0.0680182281229532,english,submission,True,majority,3-0,0,0
t3_1vcgopx,0,0.043042849749326706,-3.1015625,0,0.25,0.37037035822868347,0.37962964177131653,0,0.11204259951731124,english,submission,True,unanimous,3-0,0,0
t3_1vchihj,0,0.020645931363105774,-3.859375,0,0.255269318819046,0.36768150329589844,0.37704917788505554,0,0.07071066150690798,taglish,submission,True,majority,3-0,0,0
t3_1vd7u2z,0,0.035678550601005554,-3.296875,0,0.19302615523338318,0.39352428913116455,0.41344955563545227,0,0.09971456826514728,tagalog,submission,True,adjudicator,2-1,0,0
t3_1vf0mft,0,0.022116590291261673,-3.7890625,0,0.2081736922264099,0.38569605350494385,0.40613025426864624,0,0.07385713965564286,taglish,submission,True,unanimous,3-0,0,0
t3_1vfzcf0,0,0.020645931363105774,-3.859375,0,0.20000000298023224,0.39754602313041687,0.4024539887905121,0,0.07071066150690798,english,submission,True,unanimous,3-0,0,0
t3_1vgih69,0,0.013020490296185017,-4.328125,0,0.19951923191547394,0.39423078298568726,0.40625,0,0.05271615260443792,taglish,submission,True,unanimous,3-0,0,0
t3_1vhps53,0,0.017442483454942703,-4.03125,0,0.18965516984462738,0.403940886259079,0.40640392899513245,0,0.0635340856224983,taglish,submission,True,unanimous,3-0,0,0
t3_1vhs53z,0,0.10087861120700836,-2.1875,0,0.1957390159368515,0.3994673788547516,0.4047936201095581,0,0.18847021738980943,taglish,submission,True,adjudicator,2-1,0,1
t3_1vi0ni5,0,0.020645931363105774,-3.859375,0,0.24023668467998505,0.388165682554245,0.37159764766693115,0,0.07071066150690798,english,submission,True,majority,3-0,0,0
t3_1viin45,0,0.02080449089407921,-3.8515625,0,0.21144278347492218,0.3955223858356476,0.39303481578826904,0,0.07105405913108659,english,submission,True,unanimous,3-0,0,0
t3_1vikkpz,0,0.3106943964958191,-0.796875,0,0.3049095571041107,0.3462532162666321,0.3488371968269348,0,0.3700854490557423,taglish,submission,True,adjudicator,2-1,0,0
t3_1vj52sf,0,0.018124721944332123,-3.9921875,0,0.24733728170394897,0.38106510043144226,0.37159764766693115,0,0.06510301470068977,taglish,submission,True,unanimous,3-0,0,0
t3_1vjvros,0,0.8116759657859802,1.4609375,1,0.35593220591545105,0.34406778216362,0.30000001192092896,1,0.7261266747252647,tagalog,submission,True,majority,3-0,0,0
t3_1vk6m52,0,0.10594828426837921,-2.1328125,0,0.19154557585716248,0.39365917444229126,0.41479524970054626,0,0.19411636446304292,taglish,submission,True,unanimous,3-0,0,0
t3_1vkn1es,0,0.10087861120700836,-2.1875,0,0.20893561840057373,0.38896188139915466,0.4021025002002716,0,0.18847021738980943,taglish,submission,True,unanimous,3-0,0,0
t3_1vlgxei,0,0.01652955636382103,-4.0859375,0,0.18695107102394104,0.40150564908981323,0.4115432798862457,0,0.061396741671614505,taglish,submission,True,unanimous,3-0,0,0
t3_1vm4kgg,0,0.014503578655421734,-4.21875,0,0.24074074625968933,0.37962964177131653,0.37962964177131653,0,0.05648283252016579,taglish,submission,True,unanimous,3-0,0,0
t3_1vmbtkh,0,0.8305941224098206,1.58984375,1,0.34910276532173157,0.35073408484458923,0.3001631200313568,1,0.7428994399535932,taglish,submission,True,majority,3-0,0,0
t3_1vmczp1,0,0.49636849761009216,-0.0145263671875,0,0.26404494047164917,0.37078651785850525,0.3651685416698456,0,0.49757622225327963,tagalog,submission,True,majority,3-0,0,0
t3_1vmdwmg,0,0.011869121342897415,-4.421875,0,0.180811807513237,0.4034440219402313,0.4157441556453705,0,0.04967758480246056,taglish,submission,True,unanimous,3-0,0,0
t3_1vmfdu4,0,0.04084571823477745,-3.15625,0,0.2114882469177246,0.3994778096675873,0.3890339434146881,0,0.10846239018684971,taglish,submission,True,adjudicator,2-1,0,0
t3_1vminyh,0,0.018264278769493103,-3.984375,0,0.2009456306695938,0.3995271921157837,0.3995271921157837,0,0.06542109664518816,english,submission,True,majority,3-0,0,0
t3_1vn48aj,0,0.00970847625285387,-4.625,0,0.14576271176338196,0.4768361449241638,0.3774011433124542,0,0.043654321186612735,taglish,submission,True,unanimous,3-0,0,0
t3_1vn5hr5,0,0.018264278769493103,-3.984375,0,0.19128328561782837,0.3922518193721771,0.4164648950099945,0,0.06542109664518816,taglish,submission,True,majority,3-0,0,0
t3_1vna3cl,0,0.08509904891252518,-2.375,0,0.20954906940460205,0.39257293939590454,0.3978779911994934,0,0.1700712584707167,taglish,submission,True,majority,3-0,0,0
t3_1vnuz4r,0,0.02779562398791313,-3.5546875,0,0.17467248439788818,0.45633187890052795,0.36899563670158386,0,0.08529628739169456,taglish,submission,True,majority,3-0,0,0
t3_1vpaday,0,0.014842418022453785,-4.1953125,0,0.242562934756279,0.3821510374546051,0.3752860426902771,0,0.05732227579438358,tagalog,submission,True,unanimous,3-0,0,0
t3_1vpddgk,0,0.01640303246676922,-4.09375,0,0.2442922443151474,0.37899544835090637,0.3767123222351074,0,0.061096947273629826,taglish,submission,True,unanimous,3-0,0,0
t3_1vpe8de,0,0.011331754736602306,-4.46875,0,0.23198197782039642,0.38063064217567444,0.38738739490509033,0,0.048221250361983936,taglish,submission,True,majority,3-0,0,0
t3_1vpovj3,0,0.011869121342897415,-4.421875,0,0.173594132065773,0.41075795888900757,0.4156479239463806,0,0.04967758480246056,taglish,submission,True,unanimous,3-0,0,0
t3_1vppeq5,0,0.011869121342897415,-4.421875,0,0.19230769574642181,0.4038461446762085,0.4038461446762085,0,0.04967758480246056,tagalog,submission,True,unanimous,3-0,0,0
t3_1vppgbz,0,0.013020490296185017,-4.328125,0,0.17848411202430725,0.4132029414176941,0.40831294655799866,0,0.05271615260443792,tagalog,submission,True,majority,3-0,0,0
t3_1vpu0p5,0,0.015663648024201393,-4.140625,0,0.18757763504981995,0.4000000059604645,0.4124223589897156,0,0.059326744771127204,taglish,submission,True,unanimous,3-0,0,0
t3_1vpvw48,0,0.01342825498431921,-4.296875,0,0.23428571224212646,0.37942856550216675,0.3862857222557068,0,0.053767455021007354,taglish,submission,True,unanimous,3-0,0,0
t3_1vq1qpn,0,0.011869121342897415,-4.421875,0,0.19138756394386292,0.4019138813018799,0.4066985547542572,0,0.04967758480246056,tagalog,submission,True,adjudicator,2-1,0,0
t3_1vqe0cr,0,0.03358950838446617,-3.359375,0,0.2293577939271927,0.3486238420009613,0.4220183491706848,0,0.09603188495324994,taglish,submission,True,majority,3-0,0,0
t3_1vqi616,1,0.0960254892706871,-2.2421875,0,0.21847690641880035,0.3845193386077881,0.39700374007225037,0,0.18295101396086022,taglish,submission,True,majority,3-0,1,1
t3_1vqkgz7,0,0.022457052022218704,-3.7734375,0,0.20693928003311157,0.3890954256057739,0.4039652943611145,0,0.07457364596106984,taglish,submission,True,unanimous,3-0,0,0
t3_1vqlxq4,0,0.02280263788998127,-3.7578125,0,0.19951923191547394,0.39423078298568726,0.40625,0,0.07529653814559467,tagalog,submission,True,majority,3-0,0,0
t3_1vqo2c3,0,0.01384861022233963,-4.265625,0,0.18444165587425232,0.4065244793891907,0.409033864736557,0,0.054838509530134236,taglish,submission,True,majority,3-0,0,0
t3_1vqocnh,0,0.018978038802742958,-3.9453125,0,0.1666666716337204,0.41791045665740967,0.41542288661003113,0,0.06703328855328006,taglish,submission,True,majority,3-0,0,0
t3_1vqqy2h,0,0.014063626527786255,-4.25,0,0.24423962831497192,0.3709677457809448,0.38479262590408325,0,0.055381544425499044,taglish,submission,True,majority,3-0,0,0
t3_1vqswlc,0,0.013222821988165379,-4.3125,0,0.23885715007781982,0.37942856550216675,0.3817142844200134,0,0.053239354818075665,taglish,submission,True,unanimous,3-0,0,0
t3_1vqtr8w,0,0.1108555942773819,-2.08203125,0,0.2222222238779068,0.38131314516067505,0.39646464586257935,0,0.1994733555992609,taglish,submission,True,unanimous,3-0,0,0
t3_1vquf6s,0,0.010652512311935425,-4.53125,0,0.23111110925674438,0.3799999952316284,0.3888888955116272,0,0.04634243729135856,taglish,submission,True,unanimous,3-0,0,0
t3_1vqzvtd,0,0.011869121342897415,-4.421875,0,0.17966903746128082,0.4066193997859955,0.4137115776538849,0,0.04967758480246056,taglish,submission,True,majority,3-0,0,0
t3_1vr7bob,0,0.016029147431254387,-4.1171875,0,0.17503060400485992,0.4063647389411926,0.41860464215278625,0,0.0602057570487463,english,submission,True,unanimous,3-0,0,0
t3_1vrjcnw,0,0.012821215204894543,-4.34375,0,0.19759036600589752,0.4024096429347992,0.4000000059604645,0,0.0521978086090026,english,submission,True,majority,3-0,0,0
t3_1vrrfi8,0,0.012431650422513485,-4.375,0,0.23199999332427979,0.37942856550216675,0.38857144117355347,0,0.051175537248186714,taglish,submission,True,majority,3-0,0,0
t3_1vrsgw9,0,0.010986942797899246,-4.5,0,0.22921347618103027,0.3775281012058258,0.3932584226131439,0,0.047272973830220895,tagalog,submission,True,adjudicator,3-0,0,0
t3_1vruolz,0,0.012624949216842651,-4.359375,0,0.16727717220783234,0.41025641560554504,0.4224664270877838,0,0.05168428327240213,tagalog,submission,True,majority,3-0,0,0
t3_1vrwip9,0,0.011508148163557053,-4.453125,0,0.18861210346221924,0.4056939482688904,0.4056939482688904,0,0.0487021347289131,taglish,submission,True,majority,3-0,0,0
t3_1vs9fes,0,0.00628990214318037,-5.0625,0,0.20773930847644806,0.44399183988571167,0.3482688367366791,0,0.03296420036688442,tagalog,submission,True,majority,3-0,0,0
t3_1vs9ynp,0,0.010489092208445072,-4.546875,0,0.17788460850715637,0.4038461446762085,0.41826921701431274,0,0.045883728746624,english,submission,True,majority,3-0,0,0
t3_1vseiez,0,0.012624949216842651,-4.359375,0,0.2411428540945053,0.37942856550216675,0.37942856550216675,0,0.05168428327240213,taglish,submission,True,majority,3-0,0,0
t3_1vsem4e,0,0.013636835850775242,-4.28125,0,0.23765785992145538,0.38346728682518005,0.37887486815452576,0,0.05430049319479187,taglish,submission,True,majority,3-0,0,0
t3_1vsgvwd,0,0.017712298780679703,-4.015625,0,0.2430555522441864,0.37962964177131653,0.37731480598449707,0,0.06415738296008533,taglish,submission,True,unanimous,3-0,0,0
t3_1vsgx0z,0,0.0204885546118021,-3.8671875,0,0.24154025316238403,0.3827304542064667,0.3757292926311493,0,0.07036879777394539,taglish,submission,True,majority,3-0,0,0
t3_1vshgz3,0,0.014281933195888996,-4.234375,0,0.23897911608219147,0.38051044940948486,0.38051044940948486,0,0.055929638485657414,taglish,submission,True,unanimous,3-0,0,0
t3_1vsnpkz,0,0.018404891714453697,-3.9765625,0,0.2438739836215973,0.3710618317127228,0.38506418466567993,0,0.06574062340085342,taglish,submission,True,unanimous,3-0,0,0
t3_1vspji0,0,0.014842418022453785,-4.1953125,0,0.18444165587425232,0.40150564908981323,0.41405269503593445,0,0.05732227579438358,tagalog,submission,True,adjudicator,2-1,0,0
t3_1vsq8gw,0,0.09268777817487717,-2.28125,0,0.2224999964237213,0.4025000035762787,0.375,0,0.17908607462560908,tagalog,submission,True,adjudicator,2-1,0,0
t3_1vsqrbc,0,0.016277462244033813,-4.1015625,0,0.18727050721645355,0.40391677618026733,0.4088127315044403,0,0.060798521920146155,tagalog,submission,True,majority,3-0,0,0
t3_1vstabm,0,0.012624949216842651,-4.359375,0,0.20336943864822388,0.40673887729644775,0.38989168405532837,0,0.05168428327240213,taglish,submission,True,adjudicator,3-0,0,0
t3_1vstsaf,0,0.011508148163557053,-4.453125,0,0.18214716017246246,0.4053075909614563,0.41254523396492004,0,0.0487021347289131,taglish,submission,True,unanimous,3-0,0,0
t3_1vsvjqx,0,0.01615283451974392,-4.109375,0,0.1945137083530426,0.4014962613582611,0.4039900302886963,0,0.060501460283761944,english,submission,True,majority,3-0,0,0
t3_1vsw6tp,0,0.01652955636382103,-4.0859375,0,0.24106113612651825,0.3783160448074341,0.38062283396720886,0,0.061396741671614505,taglish,submission,True,unanimous,3-0,0,0
t3_1vt0ebr,0,0.012053778395056725,-4.40625,0,0.24090908467769623,0.37727272510528564,0.38181817531585693,0,0.050172226822430145,taglish,submission,True,majority,3-0,0,0
t3_1vt39b9,0,0.012241275049746037,-4.390625,0,0.23820224404335022,0.3775281012058258,0.384269654750824,0,0.050671531403956055,english,submission,True,adjudicator,2-1,0,0
t3_1vt3fqa,0,0.11201595515012741,-2.0703125,0,0.2383292317390442,0.41523340344429016,0.34643733501434326,0,0.20072523053018937,english,submission,True,majority,3-0,0,0
t3_1vt4p7d,0,0.011869121342897415,-4.421875,0,0.17550058662891388,0.41224971413612366,0.41224971413612366,0,0.04967758480246056,taglish,submission,True,unanimous,3-0,0,0
t3_1vt61l7,0,0.012821215204894543,-4.34375,0,0.23340961337089539,0.3844393491744995,0.3821510374546051,0,0.0521978086090026,tagalog,submission,True,majority,3-0,0,0
t3_1vt74o7,0,0.013222821988165379,-4.3125,0,0.20336943864822388,0.3947051763534546,0.40192538499832153,0,0.053239354818075665,taglish,submission,True,unanimous,3-0,0,0
t3_1vt7zux,0,0.012624949216842651,-4.359375,0,0.18491484224796295,0.4038929343223572,0.4111922085285187,0,0.05168428327240213,taglish,submission,True,majority,3-0,0,0
t3_1vtbxgt,0,0.015072628855705261,-4.1796875,0,0.18734793365001678,0.3917275071144104,0.420924574136734,0,0.05788839963594308,taglish,submission,True,majority,3-0,0,0
t3_1vtdr0f,0,0.012431650422513485,-4.375,0,0.23549488186836243,0.3799772560596466,0.38452786207199097,0,0.051175537248186714,taglish,submission,True,unanimous,3-0,0,0
t3_1vtg4c1,0,0.030214587226510048,-3.46875,0,0.1930294930934906,0.40750670433044434,0.39946380257606506,0,0.08987902980156505,english,submission,True,majority,3-0,0,0
t3_1vth25k,0,0.013222821988165379,-4.3125,0,0.18865598738193512,0.40690505504608154,0.40443897247314453,0,0.053239354818075665,taglish,submission,True,majority,3-0,0,0
t3_1vthf6q,0,0.013020490296185017,-4.328125,0,0.18465228378772736,0.4076738655567169,0.4076738655567169,0,0.05271615260443792,tagalog,submission,True,majority,3-0,0,0
