reddit_fullname,y_true,prob,margin,pred,pred_tuned,prob_cal,language,record_type,natural,resolved_by,sarcasm_votes,sarcastic_adjudicated,sarcastic_majority
t1_p4btc0n,0,0.03934250399470329,-3.1953125,0,0,0.14266756969366423,english,comment,True,majority,3-0,0,0
t1_p6yl8qm,0,0.043691061437129974,-3.0859375,0,0,0.15034166189165937,tagalog,comment,True,adjudicator,2-1,0,0
t1_p56vs86,0,0.1859472095966339,-1.4765625,0,0,0.30392156618459587,english,comment,True,unanimous,3-0,0,0
t1_p5f4dar,0,0.02145073004066944,-3.8203125,0,0,0.10488591939437794,english,comment,True,unanimous,3-0,0,0
t1_p7bkjap,0,0.03514484316110611,-3.3125,0,0,0.13481058187319245,tagalog,comment,True,adjudicator,2-1,0,1
t1_p50ss8o,0,0.06656918674707413,-2.640625,0,0,0.18512541959976891,taglish,comment,True,majority,3-0,0,0
t1_p7ivahf,0,0.43770328164100647,-0.25048828125,0,0,0.46491231950882606,english,comment,True,majority,3-0,0,0
t1_p7cm5yl,0,0.6067315340042114,0.43359375,1,1,0.5605381180078236,english,comment,True,adjudicator,2-1,0,0
t1_p5faek8,0,0.017712298780679703,-4.015625,0,0,0.09503136149672736,english,comment,True,majority,3-0,0,0
t1_p57a2cw,0,0.27943506836891174,-0.947265625,0,0,0.3701356644089809,tagalog,comment,True,unanimous,3-0,0,0
t1_p5bdsnu,0,0.41253018379211426,-0.353515625,0,0,0.4505610862513306,english,comment,True,adjudicator,2-1,0,0
t1_p5f8utp,0,0.012722708284854889,-4.3515625,0,0,0.0800084759519686,english,comment,True,majority,3-0,0,0
t1_p7deb7z,0,0.13846179842948914,-1.828125,0,0,0.2638602316370612,tagalog,comment,True,adjudicator,2-1,0,0
t1_p759tqm,0,0.5242728590965271,0.09716796875,1,0,0.5136300419313152,tagalog,comment,True,unanimous,3-0,0,0
t1_p7jiww0,0,0.25423112511634827,-1.076171875,0,0,0.3534334227798855,english,comment,True,adjudicator,2-1,0,0
t1_p7asonj,1,0.7221353054046631,0.955078125,1,1,0.6308859611223768,english,comment,True,adjudicator,2-1,1,0
t1_p6c40zg,0,0.11920293420553207,-2.0,0,0,0.24555488450187982,tagalog,comment,True,adjudicator,2-1,0,0
t1_p74qsqq,1,0.1761041283607483,-1.54296875,0,0,0.29609523411956323,tagalog,comment,True,majority,3-0,1,1
t1_p77ytu9,0,0.026155617088079453,-3.6171875,0,0,0.11608093443551244,english,comment,True,unanimous,3-0,0,0
t1_p77cdyz,0,0.16830945014953613,-1.59765625,0,0,0.28973853428579277,taglish,comment,True,majority,3-0,0,0
t1_p7du9bc,0,0.032344330102205276,-3.3984375,0,0,0.12928352362245082,tagalog,comment,True,majority,3-0,0,0
t1_p56ooj5,0,0.027169233188033104,-3.578125,0,0,0.1183493799509177,taglish,comment,True,majority,3-0,0,0
t1_p3k4aop,0,0.01678548939526081,-4.0703125,0,0,0.092424416977595,taglish,comment,True,majority,3-0,0,0
t1_p7i5tlx,0,0.018546564504504204,-3.96875,0,0,0.09731806481967557,english,comment,True,majority,3-0,0,0
t1_p6sa3ez,0,0.07263670861721039,-2.546875,0,0,0.1931944851928733,english,comment,True,unanimous,3-0,0,0
t1_p3js9ge,0,0.2925952970981598,-0.8828125,0,0,0.37860776242497485,tagalog,comment,True,unanimous,3-0,0,0
t1_p3m3i1y,0,0.043691061437129974,-3.0859375,0,0,0.15034166189165937,english,comment,True,majority,3-0,0,0
t1_p6w66kr,0,0.5739172697067261,0.2978515625,1,0,0.541693839721681,tagalog,comment,True,adjudicator,2-1,0,1
t1_p7iv0ud,1,0.6491339206695557,0.615234375,1,1,0.5854746168312106,english,comment,True,adjudicator,2-1,1,1
t1_p7iv34z,0,0.06705629080533981,-2.6328125,0,0,0.18578777004629038,english,comment,True,adjudicator,2-1,0,0
t1_p7bpvlc,0,0.6804540753364563,0.755859375,1,1,0.6044906395833033,tagalog,comment,True,unanimous,3-0,0,0
t1_p6xqgkj,0,0.41395092010498047,-0.34765625,0,0,0.45137529596654424,tagalog,comment,True,adjudicator,2-1,0,0
t1_p6rklxt,0,0.38606879115104675,-0.4638671875,0,0,0.4352809523217648,tagalog,comment,True,majority,3-0,0,0
t1_p6s5qic,0,0.36681652069091797,-0.5458984375,0,0,0.4239997719684008,english,comment,True,adjudicator,2-1,0,0
t1_p56lwbi,0,0.16238003969192505,-1.640625,0,0,0.2848010989679274,taglish,comment,True,majority,3-0,0,0
t1_p5fbzvy,0,0.8140527606010437,1.4765625,1,1,0.6960784338154041,tagalog,comment,True,majority,3-0,0,0
t1_p56ftcu,1,0.8504685759544373,1.73828125,1,1,0.726229788250407,english,comment,True,adjudicator,2-1,1,1
t1_p77t84c,0,0.6220002174377441,0.498046875,1,1,0.5694283841473304,english,comment,True,adjudicator,2-1,0,0
t1_p5s4j66,1,0.00955939944833517,-4.640625,0,0,0.06885175885281816,english,comment,True,adjudicator,2-1,1,0
t1_p5dsa7b,0,0.6446726322174072,0.595703125,1,1,0.5828118468453941,tagalog,comment,True,adjudicator,2-1,0,1
t1_p6cqrb7,0,0.010013570077717304,-4.59375,0,0,0.07055762765579472,english,comment,True,majority,3-0,0,0
t1_p39ifp9,0,0.015072628855705261,-4.1796875,0,0,0.08740255953700671,english,comment,True,adjudicator,2-1,0,0
t1_p75nrvi,0,0.7505527138710022,1.1015625,1,1,0.6498161216925011,english,comment,True,adjudicator,2-1,0,0
t1_p38csbl,0,0.7498207092285156,1.09765625,1,1,0.6493170868999745,tagalog,comment,True,adjudicator,2-1,0,1
t1_p6ae97q,0,0.04672495648264885,-3.015625,0,0,0.1554522971658849,english,comment,True,unanimous,3-0,0,0
t1_p3fu247,0,0.5578453540802002,0.232421875,1,0,0.5325644306029128,english,comment,True,adjudicator,2-1,0,0
t1_p3fwq8b,0,0.053403329104185104,-2.875,0,0,0.1660978226258223,english,comment,True,adjudicator,2-1,0,0
t1_p3g1gjf,0,0.015072628855705261,-4.1796875,0,0,0.08740255953700671,taglish,comment,True,unanimous,3-0,0,0
t1_p514hcf,0,0.10158944875001907,-2.1796875,0,0,0.22735478444358415,tagalog,comment,True,adjudicator,2-1,0,0
t1_p5jo7kp,0,0.04054073989391327,-3.1640625,0,0,0.14482623504479436,tagalog,comment,True,adjudicator,2-1,0,0
t1_p54ijgj,0,0.32039588689804077,-0.751953125,0,0,0.3960336212039027,tagalog,comment,True,unanimous,3-0,0,0
t1_p5jpltc,0,0.6197013854980469,0.48828125,1,1,0.5680841020213782,english,comment,True,majority,3-0,0,0
t1_p75p4b8,0,0.6383845806121826,0.568359375,1,1,0.5790758730532847,tagalog,comment,True,adjudicator,2-1,0,1
t1_p56shvj,0,0.2512800693511963,-1.091796875,0,0,0.3514320778090659,tagalog,comment,True,unanimous,3-0,0,0
t1_p5qheju,0,0.0446808747947216,-3.0625,0,0,0.15202966179218097,tagalog,comment,True,adjudicator,2-1,0,0
t1_p7iy5l3,0,0.5471616387367249,0.189208984375,1,0,0.5265225696519831,tagalog,comment,True,adjudicator,2-1,0,0
t1_p7jpv87,0,0.6029970645904541,0.41796875,1,1,0.5583768138424084,tagalog,comment,True,adjudicator,2-1,0,1
t1_p775b8v,0,0.09009299427270889,-2.3125,0,0,0.21452762956359298,tagalog,comment,True,adjudicator,2-1,0,1
t1_p3lsnni,0,0.2598256468772888,-1.046875,0,0,0.3571997833530377,english,comment,True,majority,3-0,0,0
t1_p582gg7,0,0.5630176067352295,0.25341796875,1,0,0.5354966903933976,english,comment,True,majority,3-0,0,0
t1_p4ryksa,0,0.6446726322174072,0.595703125,1,1,0.5828118468453941,english,comment,True,majority,3-0,0,0
t1_p5z1rj5,0,0.02498779445886612,-3.6640625,0,0,0.11340874545995347,tagalog,comment,True,adjudicator,2-1,0,0
t1_p5z09ya,0,0.010328153148293495,-4.5625,0,0,0.07171648585065865,english,comment,True,majority,3-0,0,0
t1_p79hyyd,1,0.6220002174377441,0.498046875,1,1,0.5694283841473304,english,comment,True,adjudicator,2-1,1,1
t1_p4zgmjx,0,0.11008788645267487,-2.08984375,0,0,0.23633387617857424,tagalog,comment,True,adjudicator,2-1,0,0
t1_p3famw2,0,0.13028542697429657,-1.8984375,0,0,0.2562670395142933,tagalog,comment,True,adjudicator,3-0,0,1
t1_p4zl5en,1,0.5740366578102112,0.29833984375,1,0,0.5417618722082631,tagalog,comment,True,majority,3-0,1,1
t1_p4zs2z6,0,0.7527403235435486,1.11328125,1,1,0.651311256366132,tagalog,comment,True,adjudicator,2-1,0,0
t1_p3ezlsv,0,0.04054073989391327,-3.1640625,0,0,0.14482623504479436,tagalog,comment,True,majority,3-0,0,0
t1_p516ley,1,0.9118099808692932,2.3359375,1,1,0.787680543540291,english,comment,True,majority,3-0,1,1
t1_p75vvh6,0,0.8459424376487732,1.703125,1,1,0.7222894526901111,english,comment,True,unanimous,3-0,0,0
t1_p7kmmyz,0,0.27318641543388367,-0.978515625,0,0,0.3660562248486229,tagalog,comment,True,majority,3-0,0,0
t1_p7jj59h,0,0.013020490296185017,-4.328125,0,0,0.08098205764106188,tagalog,comment,True,adjudicator,2-1,0,1
t1_p7j5by4,1,0.16885694861412048,-1.59375,0,0,0.2901898976238834,tagalog,comment,True,adjudicator,2-1,1,0
t1_p5f9534,0,0.013955711387097836,-4.2578125,0,0,0.08396792728592328,english,comment,True,unanimous,3-0,0,0
t1_p4thbix,0,0.05749328061938286,-2.796875,0,0,0.1722601584661797,tagalog,comment,True,adjudicator,2-1,0,0
t1_p7b5i1i,0,0.05541279539465904,-2.8359375,0,0,0.16915664339842235,taglish,comment,True,majority,3-0,0,0
t1_p79nzak,0,0.13117322325706482,-1.890625,0,0,0.25710361503596074,english,comment,True,majority,3-0,0,0
t1_p3jv73o,0,0.07585818320512772,-2.5,0,0,0.19732820322137062,taglish,comment,True,majority,3-0,0,0
t1_p4zywyn,0,0.09534946829080582,-2.25,0,0,0.22049745434474555,tagalog,comment,True,adjudicator,2-1,0,1
t1_p2r3dxn,0,0.006003595422953367,-5.109375,0,0,0.05378171419221797,tagalog,comment,True,unanimous,3-0,0,0
t1_p7b6haz,0,0.2553436756134033,-1.0703125,0,0,0.3541852582503832,english,comment,True,majority,3-0,0,0
t1_p4bn67m,0,0.006692850962281227,-5.0,0,0,0.05699246963116262,english,comment,True,unanimous,3-0,0,0
t1_p48uzbx,0,0.02909075655043125,-3.5078125,0,0,0.12252931908333224,taglish,comment,True,majority,3-0,0,0
t1_p79w46z,0,0.38931432366371155,-0.4501953125,0,0,0.4371680111479269,tagalog,comment,True,adjudicator,2-1,0,1
t1_p50933h,1,0.6451199054718018,0.59765625,1,1,0.5830783440041303,english,comment,True,adjudicator,2-1,1,1
t1_p50l1o4,1,0.6808785796165466,0.7578125,1,1,0.6047526799943929,tagalog,comment,True,majority,3-0,1,1
t1_p2xicor,0,0.6206215620040894,0.4921875,1,1,0.5686219363738675,tagalog,comment,True,adjudicator,2-1,0,0
t1_p5dkrfg,0,0.1555909961462021,-1.69140625,0,0,0.27903172257514686,english,comment,True,adjudicator,2-1,0,1
t1_p4441wl,0,0.0055549247190356255,-5.1875,0,0,0.051593577040579104,english,comment,True,majority,3-0,0,0
t1_p77vx7p,0,0.06097517907619476,-2.734375,0,0,0.17731930155821943,english,comment,True,majority,3-0,0,0
t1_p46c1ys,0,0.1710611879825592,-1.578125,0,0,0.2919994999950376,tagalog,comment,True,adjudicator,2-1,0,0
t1_p6w4ii3,0,0.2501792907714844,-1.09765625,0,0,0.35068291310002564,tagalog,comment,True,adjudicator,2-1,0,0
t1_p6w56rf,0,0.12592275440692902,-1.9375,0,0,0.25211099909879625,tagalog,comment,True,adjudicator,2-1,0,1
t1_p6xn9cx,0,0.3643251061439514,-0.556640625,0,0,0.4225280613719884,english,comment,True,majority,3-0,0,0
t1_p3klgsq,0,0.5366771817207336,0.14697265625,1,0,0.5206097194234331,tagalog,comment,True,majority,3-0,0,0
t1_p56rofd,0,0.13939638435840607,-1.8203125,0,0,0.2647127723298487,english,comment,True,unanimous,3-0,0,0
t1_p56z4ga,0,0.39326852560043335,-0.43359375,0,0,0.43946188199217634,tagalog,comment,True,adjudicator,2-1,0,1
t1_p67xo52,1,0.9645892381668091,3.3046875,1,1,0.8646771915092405,tagalog,comment,True,majority,3-0,1,1
t1_p7i2wbm,0,0.709019124507904,0.890625,1,1,0.6224232294611366,english,comment,True,majority,3-0,0,0
t1_p7655u1,0,0.7193835973739624,0.94140625,1,1,0.6290973520733736,tagalog,comment,True,adjudicator,2-1,0,0
t1_p76nqje,0,0.048496000468730927,-2.9765625,0,0,0.15835230001766082,tagalog,comment,True,unanimous,3-0,0,0
t1_p3p30ek,0,0.014503578655421734,-4.21875,0,0,0.08566964496627434,tagalog,comment,True,majority,3-0,0,0
t1_p4zfyyb,0,0.09401018172502518,-2.265625,0,0,0.2189939078096188,tagalog,comment,True,adjudicator,2-1,0,0
t1_p73oenm,0,0.14366762340068817,-1.78515625,0,0,0.26857095549229465,tagalog,comment,True,majority,3-0,0,0
t1_p3ge4mk,0,0.10447732359170914,-2.1484375,0,0,0.230450395616925,english,comment,True,majority,3-0,0,0
t1_p3g7db7,0,0.09842541068792343,-2.21484375,0,0,0.22390744227516576,taglish,comment,True,majority,3-0,0,0
t1_p75fi9e,0,0.5708098411560059,0.28515625,1,0,0.539924456706083,english,comment,True,adjudicator,2-1,0,0
t1_p75lsgh,0,0.01640303246676922,-4.09375,0,0,0.09132694324564786,tagalog,comment,True,majority,3-0,0,0
t1_p7kk8ri,0,0.2755194306373596,-0.966796875,0,0,0.3675838003557157,english,comment,True,adjudicator,2-1,0,0
t1_p3evq8z,0,0.018264278769493103,-3.984375,0,0,0.09655042719321055,taglish,comment,True,majority,3-0,0,0
t1_p3givw4,0,0.10447732359170914,-2.1484375,0,0,0.230450395616925,taglish,comment,True,unanimous,3-0,0,0
t1_p5ergfp,0,0.2240554690361023,-1.2421875,0,0,0.3324434882878893,english,comment,True,adjudicator,2-1,0,1
t1_p5savzs,1,0.017442483454942703,-4.03125,0,0,0.09427987731951111,english,comment,True,adjudicator,2-1,1,0
t1_p3t5pdh,0,0.5145223140716553,0.05810546875,1,0,0.5081519255157884,english,comment,True,adjudicator,2-1,0,1
t1_p7dy7cs,1,0.00970847625285387,-4.625,0,0,0.06941609501300891,english,comment,True,adjudicator,2-1,1,1
t1_p7f8qy6,1,0.018833130598068237,-3.953125,0,0,0.09809114300609036,tagalog,comment,True,adjudicator,2-1,1,0
t1_p3d90x5,0,0.3944341838359833,-0.4287109375,0,0,0.44013704690230904,english,comment,True,majority,3-0,0,0
t1_p74nozt,0,0.954308032989502,3.0390625,1,1,0.8462668150199495,english,comment,True,majority,3-0,0,0
t1_p73r713,0,0.2538610100746155,-1.078125,0,0,0.3531829717825543,tagalog,comment,True,adjudicator,2-1,0,1
t1_p4zhckl,0,0.4525359272956848,-0.1904296875,0,0,0.4733066412706132,tagalog,comment,True,adjudicator,2-1,0,0
t1_p21vsuy,0,0.09203286468982697,-2.2890625,0,0,0.21675244858484913,tagalog,comment,True,adjudicator,2-1,0,0
t1_p4kpg8l,1,0.8068526387214661,1.4296875,1,1,0.6904844201551119,tagalog,comment,True,adjudicator,2-1,1,1
t1_p7b3pne,0,0.05460060387849808,-2.8515625,0,0,0.16792776485306188,english,comment,True,unanimous,3-0,0,0
t1_p7ifa7e,1,0.05582314357161522,-2.828125,0,0,0.16977376346526324,english,comment,True,adjudicator,2-1,1,1
t1_p7ij78v,0,0.7498207092285156,1.09765625,1,1,0.6493170868999745,tagalog,comment,True,adjudicator,2-1,0,0
t1_p6wjk7r,0,0.5584473609924316,0.23486328125,1,0,0.5329055105529079,english,comment,True,majority,3-0,0,0
t1_p3l1c0p,0,0.011419614776968956,-4.4609375,0,0,0.07560503697765968,tagalog,comment,True,unanimous,3-0,0,0
t1_p7kpu1i,0,0.10669060051441193,-2.125,0,0,0.23279140592537087,tagalog,comment,True,adjudicator,2-1,0,0
t1_p7kpsab,0,0.6315943002700806,0.5390625,1,1,0.5750629808387686,english,comment,True,adjudicator,2-1,0,0
t1_p7bk46f,0,0.10484336316585541,-2.14453125,0,0,0.23083941597052432,tagalog,comment,True,unanimous,3-0,0,0
t1_p7am77z,1,0.6446726322174072,0.595703125,1,1,0.5828118468453941,taglish,comment,True,majority,3-0,1,1
t1_p4zzikk,0,0.5591697096824646,0.23779296875,1,0,0.5333147658683883,tagalog,comment,True,adjudicator,2-1,0,0
t1_p7b4t02,0,0.22884514927864075,-1.21484375,0,0,0.33585789481659856,tagalog,comment,True,unanimous,3-0,0,0
t1_p50fvmc,0,0.9453993439674377,2.8515625,1,1,0.8320722351469382,english,comment,True,adjudicator,2-1,0,0
t1_p50eyio,0,0.04958902671933174,-2.953125,0,0,0.16011329246246825,english,comment,True,adjudicator,2-1,0,0
t1_p50es34,0,0.1766716092824936,-1.5390625,0,0,0.2965523655014196,tagalog,comment,True,adjudicator,2-1,0,1
t1_p501fes,0,0.8000679016113281,1.38671875,1,1,0.6853070499578023,english,comment,True,majority,3-0,0,0
t1_p7biq9m,0,0.18184363842010498,-1.50390625,0,0,0.30068483902212784,english,comment,True,adjudicator,2-1,0,0
t1_p7a9mm4,1,0.907967209815979,2.2890625,1,1,0.7832475514151509,english,comment,True,adjudicator,2-1,1,1
t1_p2sv6o3,0,0.02822098508477211,-3.5390625,0,0,0.12065610419420153,taglish,comment,True,majority,3-0,0,0
t1_p2remor,0,0.5926666259765625,0.375,1,0,0.5524220522456037,english,comment,True,adjudicator,2-1,0,0
t1_p50lvlh,0,0.043365802615880966,-3.09375,0,0,0.14978243330770136,tagalog,comment,True,adjudicator,2-1,0,0
t1_p50np0m,0,0.08151976019144058,-2.421875,0,0,0.20436525049387028,tagalog,comment,True,adjudicator,2-1,0,1
t1_p50q1a9,1,0.024053553119301796,-3.703125,0,0,0.11122305230466425,tagalog,comment,True,majority,3-0,1,1
t1_p50o20n,0,0.26511871814727783,-1.01953125,0,0,0.36073105540286543,tagalog,comment,True,majority,3-0,0,0
t1_p7jl159,0,0.24508504569530487,-1.125,0,0,0.34719658179631735,tagalog,comment,True,adjudicator,2-1,0,0
t1_p4zmo02,1,0.3153141736984253,-0.775390625,0,0,0.3928916803535219,tagalog,comment,True,majority,3-0,1,1
t1_p4teilx,0,0.01956867426633835,-3.9140625,0,0,0.1000478246290459,tagalog,comment,True,adjudicator,2-1,0,0
t1_p5ijgbc,1,0.9750121831893921,3.6640625,1,1,0.8865912545400466,tagalog,comment,True,majority,3-0,1,1
t1_p3ewny7,0,0.3195458948612213,-0.755859375,0,0,0.3955093604166968,tagalog,comment,True,adjudicator,2-1,0,1
t1_p5ez20f,0,0.04501553252339363,-3.0546875,0,0,0.15259577476947273,english,comment,True,adjudicator,2-1,0,0
t1_p3ez7a5,0,0.29178744554519653,-0.88671875,0,0,0.3780921287106908,taglish,comment,True,majority,3-0,0,0
t1_p5120d0,0,0.011869121342897415,-4.421875,0,0,0.0771515445816443,english,comment,True,majority,3-0,0,0
t1_p5209j0,0,0.021948251873254776,-3.796875,0,0,0.10612730090202734,taglish,comment,True,majority,3-0,0,0
t1_p7jhj3y,1,0.020645931363105774,-3.859375,0,0,0.10284543006797023,english,comment,True,majority,3-0,1,1
t1_p6scjhs,0,0.053799647837877274,-2.8671875,0,0,0.16670602251748057,english,comment,True,majority,3-0,0,0
t1_p6chu5d,0,0.1465751975774765,-1.76171875,0,0,0.27116275861592604,english,comment,True,majority,3-0,0,0
t1_p5ie02z,0,0.04535258188843727,-3.046875,0,0,0.15316361502079268,tagalog,comment,True,adjudicator,2-1,0,1
t1_p6mfvsd,0,0.8193157911300659,1.51171875,1,1,0.7002363231748044,english,comment,True,majority,3-0,0,0
t1_p73lxdn,0,0.019419347867369652,-3.921875,0,0,0.09965373304610191,english,comment,True,adjudicator,3-0,0,0
t1_p3g0zhb,0,0.032344330102205276,-3.3984375,0,0,0.12928352362245082,tagalog,comment,True,adjudicator,2-1,0,0
t1_p7fchya,0,0.28616926074028015,-0.9140625,0,0,0.3744904646627653,tagalog,comment,True,unanimous,3-0,0,0
t1_p6euv7s,0,0.026155617088079453,-3.6171875,0,0,0.11608093443551244,taglish,comment,True,majority,3-0,0,0
t1_p3ev21r,0,0.5421967506408691,0.169189453125,1,0,0.5237207723270931,english,comment,True,adjudicator,2-1,0,0
t1_p74upfg,0,0.6279512047767639,0.5234375,1,1,0.5729186842439531,english,comment,True,majority,3-0,0,0
t1_p5iaxyo,0,0.6428810358047485,0.587890625,1,1,0.5817453758138417,english,comment,True,adjudicator,2-1,0,1
t1_p6972gb,0,0.15304215252399445,-1.7109375,0,0,0.27683190609280456,tagalog,comment,True,majority,3-0,0,0
t1_p5av7dh,0,0.622229814529419,0.4990234375,1,1,0.5695627564271438,english,comment,True,adjudicator,2-1,0,1
t1_p3fse21,0,0.02517884038388729,-3.65625,0,0,0.11385035431227672,tagalog,comment,True,adjudicator,2-1,0,0
t1_p591y9q,1,0.8824278712272644,2.015625,1,1,0.7560660564367324,english,comment,True,majority,3-0,1,1
t1_p6w95o8,0,0.29098084568977356,-0.890625,0,0,0.37757677053886346,taglish,comment,True,adjudicator,2-1,0,0
t1_p67y5n5,0,0.1980641782283783,-1.3984375,0,0,0.3132762932934085,tagalog,comment,True,unanimous,3-0,0,0
t1_p3khdbr,0,0.00857748556882143,-4.75,0,0,0.06501895796981078,tagalog,comment,True,majority,3-0,0,0
t1_p7cfvti,1,0.8816148638725281,2.0078125,1,1,0.7552564930461877,english,comment,True,majority,3-0,1,1
t1_p4zwu5w,0,0.08694165199995041,-2.3515625,0,0,0.2108565902768351,tagalog,comment,True,adjudicator,2-1,0,0
t1_p7lecgg,1,0.5874698758125305,0.353515625,1,0,0.5494389137486694,english,comment,True,adjudicator,2-1,1,0
t1_p7ccwv7,0,0.16344542801380157,-1.6328125,0,0,0.28569504125553796,tagalog,comment,True,adjudicator,2-1,0,1
t1_p6avr6a,1,0.048136770725250244,-2.984375,0,0,0.15776880703330995,taglish,comment,True,majority,3-0,1,1
t1_p6y900m,0,0.19436782598495483,-1.421875,0,0,0.31045342313932583,tagalog,comment,True,majority,3-0,0,0
t1_p4x583k,0,0.3225259780883789,-0.7421875,0,0,0.3973453165705439,tagalog,comment,True,adjudicator,2-1,0,0
t1_p6zeur1,0,0.5170832276344299,0.068359375,1,0,0.5095901742212701,tagalog,comment,True,unanimous,3-0,0,0
t1_p5c8sko,0,0.6710395812988281,0.712890625,1,1,0.5987108055504452,english,comment,True,unanimous,2-0,0,0
t1_p5c3jae,0,0.2206781655550003,-1.26171875,0,0,0.33001533383430925,english,comment,True,majority,3-0,0,0
t1_p3q6ebo,0,0.038756195455789566,-3.2109375,0,0,0.1415983309442,tagalog,comment,True,unanimous,3-0,0,0
t1_p6ru8e6,0,0.04501553252339363,-3.0546875,0,0,0.15259577476947273,taglish,comment,True,majority,3-0,0,0
t1_p6s43ki,1,0.18892180919647217,-1.45703125,0,0,0.30624548788765493,tagalog,comment,True,adjudicator,2-1,1,0
t1_p7e50re,0,0.010489092208445072,-4.546875,0,0,0.0723024792169979,tagalog,comment,True,unanimous,3-0,0,0
t1_p72vwpm,0,0.39665231108665466,-0.41943359375,0,0,0.4414204686075756,english,comment,True,adjudicator,2-1,0,1
t1_p5ca25n,0,0.08269734680652618,-2.40625,0,0,0.20579482589623288,english,comment,True,majority,3-0,0,0
t1_p7mqnx2,0,0.00978387612849474,-4.6171875,0,0,0.06969986562620782,english,comment,True,majority,3-0,0,0
t1_p5palw7,0,0.014392335899174213,-4.2265625,0,0,0.08532681967544196,english,comment,True,adjudicator,2-1,0,0
t1_p7klaya,0,0.842863142490387,1.6796875,1,1,0.7196432564776102,tagalog,comment,True,majority,3-0,0,0
t1_p3iqvxf,0,0.34953272342681885,-0.62109375,0,0,0.4137275176092586,english,comment,True,majority,3-0,0,0
t1_p3z0rlz,0,0.023509452119469643,-3.7265625,0,0,0.10992939563750247,english,comment,True,adjudicator,2-1,0,0
t1_p7cwwlg,1,0.02843603305518627,-3.53125,0,0,0.12112207854199832,tagalog,comment,True,adjudicator,2-1,1,0
t1_p4zexhl,0,0.7585106492042542,1.14453125,1,1,0.6552836850650527,english,comment,True,adjudicator,2-1,0,0
t1_p7iw3ai,0,0.20370754599571228,-1.36328125,0,0,0.31753661729747157,tagalog,comment,True,unanimous,3-0,0,0
t1_p760mru,0,0.7641884088516235,1.17578125,1,1,0.6592345357555223,tagalog,comment,True,majority,3-0,0,0
t1_p7i23nn,0,0.0055549247190356255,-5.1875,0,0,0.051593577040579104,english,comment,True,adjudicator,2-1,0,1
t1_p7i0oww,0,0.007232763804495335,-4.921875,0,0,0.05939523969881319,taglish,comment,True,majority,3-0,0,0
t1_p5fp0is,0,0.007577240467071533,-4.875,0,0,0.06088213319794229,english,comment,True,adjudicator,2-1,0,0
t1_p2r1wa5,0,0.465326726436615,-0.138916015625,0,0,0.480518872381295,tagalog,comment,True,majority,3-0,0,0
t1_p7iv5yr,0,0.20817892253398895,-1.3359375,0,0,0.3208715121507579,english,comment,True,majority,3-0,0,0
t1_p78jd3y,0,0.897335946559906,2.16796875,1,1,0.7714878113117809,english,comment,True,adjudicator,2-1,0,1
t1_p78kto7,1,0.1465751975774765,-1.76171875,0,0,0.27116275861592604,english,comment,True,adjudicator,2-1,1,0
t1_p7bco0h,0,0.05223086103796959,-2.8984375,0,0,0.16428388445443914,tagalog,comment,True,majority,3-0,0,0
t1_p4ttzbi,0,0.004905405919998884,-5.3125,0,0,0.04826684473726577,taglish,comment,True,majority,3-0,0,0
t1_p50i4kx,0,0.07864238321781158,-2.4609375,0,0,0.2008236502458881,tagalog,comment,True,adjudicator,3-0,0,0
t1_p3vrkpf,0,0.02779562398791313,-3.5546875,0,0,0.11972879478400991,taglish,comment,True,majority,3-0,0,0
t1_p5cpwni,1,0.9026095867156982,2.2265625,1,1,0.7772333735855674,taglish,comment,True,majority,3-0,1,1
t1_p6sdu2r,1,0.7431680560112,1.0625,1,1,0.6448111728565645,tagalog,comment,True,adjudicator,2-1,1,1
t1_p38b6vw,0,0.6627964973449707,0.67578125,1,1,0.5936968797533949,tagalog,comment,True,adjudicator,2-1,0,1
t1_p510wd0,1,0.07864238321781158,-2.4609375,0,0,0.2008236502458881,english,comment,True,adjudicator,2-1,1,1
t1_p74jed9,0,0.012527931481599808,-4.3671875,0,0,0.07936537052087463,taglish,comment,True,unanimous,3-0,0,0
t1_p7jy4x2,0,0.18417982757091522,-1.48828125,0,0,0.3025319931083536,tagalog,comment,True,adjudicator,2-1,0,0
t1_p3fakiq,0,0.006388320587575436,-5.046875,0,0,0.05559494777820731,english,comment,True,adjudicator,2-1,0,0
t1_p7bdubv,0,0.08093671500682831,-2.4296875,0,0,0.2036532353793832,tagalog,comment,True,adjudicator,2-1,0,0
t1_p2regbb,0,0.11318691074848175,-2.05859375,0,0,0.23951384584901259,tagalog,comment,True,majority,3-0,0,0
t1_p50eikf,0,0.29178744554519653,-0.88671875,0,0,0.3780921287106908,taglish,comment,True,majority,3-0,0,0
t1_p2801kr,0,0.06608537584543228,-2.6484375,0,0,0.18446489551692447,tagalog,comment,True,adjudicator,2-1,0,0
t1_p1u8a4a,0,0.021948251873254776,-3.796875,0,0,0.10612730090202734,english,comment,True,majority,3-0,0,0
t1_p3exe59,0,0.1108555942773819,-2.08203125,0,0,0.23712612732314617,tagalog,comment,True,adjudicator,2-1,0,1
t1_p3dztkd,0,0.012527931481599808,-4.3671875,0,0,0.07936537052087463,english,comment,True,majority,3-0,0,0
t1_p74tsga,0,0.5085135698318481,0.0340576171875,1,0,0.5047784023611256,english,comment,True,majority,3-0,0,0
t1_p5s1hvo,0,0.9713473320007324,3.5234375,1,1,0.878410396350986,tagalog,comment,True,unanimous,3-0,0,0
t1_p7dfkfu,0,0.0071214293129742146,-4.9375,0,0,0.05890721370277696,tagalog,comment,True,adjudicator,2-1,0,0
t1_p3g033a,0,0.6796041131019592,0.751953125,1,1,0.6039663787960974,tagalog,comment,True,adjudicator,2-1,0,0
t1_p72yo6v,0,0.35309353470802307,-0.60546875,0,0,0.4158561541641428,taglish,comment,True,majority,3-0,0,0
t1_p5ru3xv,0,0.009125636890530586,-4.6875,0,0,0.06718415156459706,taglish,comment,True,unanimous,3-0,0,0
t1_p7dwnon,0,0.01678548939526081,-4.0703125,0,0,0.092424416977595,english,comment,True,adjudicator,3-0,0,0
t1_p3jdbrh,0,0.004133968148380518,-5.484375,0,0,0.044023851448754196,english,comment,True,majority,3-0,0,0
t1_p7lo5pt,0,0.2841785252094269,-0.923828125,0,0,0.3732074941285389,english,comment,True,adjudicator,2-1,0,0
t1_p56ge9a,0,0.3090236783027649,-0.8046875,0,0,0.3889767138442503,english,comment,True,adjudicator,2-1,0,1
t1_p6s3i12,0,0.46778762340545654,-0.1290283203125,0,0,0.4819042329021858,tagalog,comment,True,unanimous,3-0,0,0
t1_p3nzuws,0,0.02498779445886612,-3.6640625,0,0,0.11340874545995347,taglish,comment,True,majority,3-0,0,0
t1_p6ryuq9,1,0.8820220232009888,2.01171875,1,1,0.7556615016170288,english,comment,True,majority,3-0,1,1
t1_p4j4bo5,0,0.01652955636382103,-4.0859375,0,0,0.09169145914485885,english,comment,True,adjudicator,2-1,0,0
t1_p75ujk6,1,0.5884161591529846,0.357421875,1,0,0.5499815734325135,tagalog,comment,True,unanimous,3-0,1,1
t1_p4zwr1x,0,0.2538610100746155,-1.078125,0,0,0.3531829717825543,tagalog,comment,True,adjudicator,2-1,0,0
t1_p7iz3ji,0,0.8762113451957703,1.95703125,1,1,0.7499501899559804,tagalog,comment,True,adjudicator,2-1,0,0
t1_p4zflgz,0,0.9394705891609192,2.7421875,1,1,0.8233194093109045,tagalog,comment,True,adjudicator,2-1,0,1
t1_p32did0,0,0.12808823585510254,-1.91796875,0,0,0.25418342007664935,taglish,comment,True,unanimous,3-0,0,0
t1_p5fciax,0,0.015072628855705261,-4.1796875,0,0,0.08740255953700671,taglish,comment,True,majority,3-0,0,0
t1_p7i4q0m,0,0.1233656257390976,-1.9609375,0,0,0.24963892288851255,english,comment,True,majority,3-0,0,0
t1_p762lky,0,0.5110608339309692,0.04425048828125,1,0,0.5062083676258299,tagalog,comment,True,adjudicator,2-1,0,1
t1_p6xrwg6,0,0.8062431216239929,1.42578125,1,1,0.6900156938479386,tagalog,comment,True,adjudicator,2-1,0,1
t1_p3kijwr,0,0.06465348601341248,-2.671875,0,0,0.18249426910314143,tagalog,comment,True,adjudicator,2-1,0,0
t1_p3kk6sm,0,0.03541072830557823,-3.3046875,0,0,0.1353228084907594,tagalog,comment,True,adjudicator,2-1,0,1
t1_p6w7t4i,1,0.4277552366256714,-0.291015625,0,0,0.45925877719113434,tagalog,comment,True,adjudicator,2-1,1,1
t1_p66r9kz,0,0.043365802615880966,-3.09375,0,0,0.14978243330770136,tagalog,comment,True,adjudicator,3-0,0,0
t1_p7mcx08,0,0.949669361114502,2.9375,1,1,0.838703929181277,tagalog,comment,True,majority,3-0,0,0
t1_p3jwb7h,1,0.1233656257390976,-1.9609375,0,0,0.24963892288851255,tagalog,comment,True,majority,3-0,1,1
t1_p6xzqoz,1,0.8856314420700073,2.046875,1,1,0.7592861354951242,taglish,comment,True,unanimous,3-0,1,1
t1_p7cliw4,0,0.07369627058506012,-2.53125,0,0,0.19456502770440665,english,comment,True,majority,3-0,0,0
t1_p3fn9rl,0,0.7000752091407776,0.84765625,1,1,0.6167393036735944,tagalog,comment,True,adjudicator,2-1,0,1
t1_p3fdc66,0,0.012624949216842651,-4.359375,0,0,0.07968633064317103,taglish,comment,True,majority,3-0,0,0
t1_p746quy,0,0.021948251873254776,-3.796875,0,0,0.10612730090202734,taglish,comment,True,majority,3-0,0,0
t1_p3rexry,0,0.11757213622331619,-2.015625,0,0,0.2439339435632676,tagalog,comment,True,adjudicator,3-0,0,0
t1_p7fjp05,0,0.009485713206231594,-4.6484375,0,0,0.06857118664574183,english,comment,True,majority,3-0,0,0
t1_p72jub2,0,0.7341195344924927,1.015625,1,1,0.6387632348903027,tagalog,comment,True,adjudicator,2-1,0,1
t1_p5fu46f,0,0.021125193685293198,-3.8359375,0,0,0.10406546898209021,english,comment,True,majority,3-0,0,0
t1_p6ttlip,0,0.10557883977890015,-2.13671875,0,0,0.23161883469293099,english,comment,True,adjudicator,2-1,0,1
t1_p6s87ve,0,0.011597361415624619,-4.4453125,0,0,0.07622019472374213,english,comment,True,majority,3-0,0,0
t1_p3kp7pr,0,0.03488088399171829,-3.3203125,0,0,0.1342999930013936,tagalog,comment,True,adjudicator,2-1,0,0
t1_p7jqyo7,0,0.3170032501220703,-0.767578125,0,0,0.39393802324123156,english,comment,True,adjudicator,2-1,0,1
t1_p50w54e,1,0.42107561230659485,-0.318359375,0,0,0.4554501652402912,english,comment,True,adjudicator,2-1,1,1
t1_p76vpz3,1,0.949669361114502,2.9375,1,1,0.838703929181277,taglish,comment,True,majority,3-0,1,1
t1_p76r6vy,0,0.37250518798828125,-0.521484375,0,0,0.4273495473548961,tagalog,comment,True,adjudicator,2-1,0,0
t1_p780jhn,0,0.4068619906902313,-0.376953125,0,0,0.44730693707909386,tagalog,comment,True,majority,3-0,0,0
t1_p7kdl3z,1,0.9719924926757812,3.546875,1,1,0.8798083226404081,taglish,comment,True,majority,3-0,1,1
t1_p5z1umr,0,0.5173118114471436,0.06927490234375,1,0,0.5097185819159088,tagalog,comment,True,majority,3-0,0,0
t1_p792vtl,1,0.4508126974105835,-0.1973876953125,0,0,0.4723332639949257,english,comment,True,adjudicator,2-1,1,0
t1_p7iqat2,0,0.07949570566415787,-2.44921875,0,0,0.20188128145345058,tagalog,comment,True,adjudicator,3-0,0,0
t1_p4inedd,0,0.03358950838446617,-3.359375,0,0,0.13177151088374428,tagalog,comment,True,majority,3-0,0,0
t1_p453ho3,0,0.00857748556882143,-4.75,0,0,0.06501895796981078,english,comment,True,majority,3-0,0,0
t1_p77xju6,0,0.5966681838035583,0.3916015625,1,0,0.5547246342729493,tagalog,comment,True,adjudicator,2-1,0,0
t1_p57hyi6,0,0.6606104373931885,0.666015625,1,1,0.5923741271316635,english,comment,True,adjudicator,2-1,0,0
t1_p4tuflx,0,0.012624949216842651,-4.359375,0,0,0.07968633064317103,tagalog,comment,True,majority,3-0,0,0
t1_p4wdp58,1,0.46754446625709534,-0.1300048828125,0,0,0.48176739444134137,english,comment,True,adjudicator,2-1,1,1
t1_p7ivssl,0,0.6955448985099792,0.826171875,1,1,0.6138852194663413,tagalog,comment,True,unanimous,3-0,0,0
t1_p2y2mmi,0,0.005819959565997124,-5.140625,0,0,0.05289614791248486,tagalog,comment,True,majority,3-0,0,0
t1_p79tteg,1,0.06512754410505295,-2.6640625,0,0,0.18314932153151892,tagalog,comment,True,unanimous,3-0,1,1
t1_p7bw6m1,0,0.012722708284854889,-4.3515625,0,0,0.0800084759519686,english,comment,True,majority,3-0,0,0
t1_p2vg49l,0,0.15052762627601624,-1.73046875,0,0,0.27464282591495537,english,comment,True,unanimous,3-0,0,0
t1_p7jr9ed,0,0.5299704074859619,0.120025634765625,1,0,0.5168341623289838,tagalog,comment,True,adjudicator,2-1,0,1
t1_p50eau6,0,0.7041601538658142,0.8671875,1,1,0.6193269677108293,english,comment,True,majority,3-0,0,0
t1_p7k81p8,0,0.9645892381668091,3.3046875,1,1,0.8646771915092405,tagalog,comment,True,adjudicator,2-1,0,0
t1_p27mq1d,0,0.08663207292556763,-2.35546875,0,0,0.21049202992386265,taglish,comment,True,unanimous,3-0,0,0
t1_p179xnz,0,0.398406445980072,-0.412109375,0,0,0.442434250288086,tagalog,comment,True,majority,3-0,0,0
t1_p27yi19,0,0.024423090741038322,-3.6875,0,0,0.11209287283545291,tagalog,comment,True,majority,3-0,0,0
t1_p50eju2,0,0.3302551507949829,-0.70703125,0,0,0.40207952383953516,tagalog,comment,True,majority,3-0,0,0
t1_p7a9gyr,0,0.6313670873641968,0.5380859375,1,1,0.5749290441529393,tagalog,comment,True,adjudicator,2-1,0,0
t1_p4dwqfb,1,0.46613165736198425,-0.13568115234375,0,0,0.4809720756834256,english,comment,True,adjudicator,2-1,1,1
t1_p2tsh2r,0,0.18892180919647217,-1.45703125,0,0,0.30624548788765493,english,comment,True,majority,3-0,0,0
t1_p7af9i2,0,0.06325051933526993,-2.6953125,0,0,0.18054003433522892,tagalog,comment,True,majority,3-0,0,0
t1_p7ivqh5,0,0.6309123635292053,0.5361328125,1,1,0.5746611377965053,tagalog,comment,True,adjudicator,2-1,0,0
t1_p3kxp80,0,0.7029380798339844,0.861328125,1,1,0.6185513724855763,tagalog,comment,True,majority,3-0,0,0
t1_p6wltad,0,0.3170032501220703,-0.767578125,0,0,0.39393802324123156,tagalog,comment,True,adjudicator,2-1,0,0
t1_p3khg70,0,0.015189048834145069,-4.171875,0,0,0.08775292459448782,tagalog,comment,True,adjudicator,2-1,0,0
t1_p7lb2ol,0,0.8647679686546326,1.85546875,1,1,0.7391097550579009,english,comment,True,majority,3-0,0,0
t1_p7isgm3,0,0.5881797075271606,0.3564453125,1,0,0.5498459196100326,tagalog,comment,True,unanimous,3-0,0,0
t1_p4u0xys,0,0.8418256044387817,1.671875,1,1,0.7187577785893541,english,comment,True,adjudicator,2-1,0,0
t1_p56fcks,1,0.6846858263015747,0.775390625,1,1,0.6071083196464782,english,comment,True,majority,3-0,1,1
t1_p3jzbm8,0,0.3821414113044739,-0.48046875,0,0,0.43299204720115086,tagalog,comment,True,adjudicator,2-1,0,1
t1_p4zgcif,0,0.11436852067708969,-2.046875,0,0,0.24071386450487578,tagalog,comment,True,adjudicator,2-1,0,1
t1_p3gjm41,0,0.008847354911267757,-4.71875,0,0,0.06609331635272746,taglish,comment,True,unanimous,3-0,0,0
t1_p3h2zmc,0,0.5594705939292908,0.239013671875,1,0,0.5334852757157927,taglish,comment,True,majority,3-0,0,0
t1_p3h6dmg,0,0.017712298780679703,-4.015625,0,0,0.09503136149672736,taglish,comment,True,majority,3-0,0,0
t1_p7kroht,1,0.7197777628898621,0.943359375,1,1,0.6293530857979854,tagalog,comment,True,adjudicator,2-1,1,0
t1_p3fd8u6,0,0.05460060387849808,-2.8515625,0,0,0.16792776485306188,tagalog,comment,True,adjudicator,2-1,0,0
t1_p742bdi,0,0.9246877431869507,2.5078125,1,1,0.8033653538445674,english,comment,True,adjudicator,2-1,0,0
t1_p73rs6i,0,0.5748721361160278,0.3017578125,1,0,0.5422380558738423,tagalog,comment,True,adjudicator,2-1,0,1
t1_p4zm16c,0,0.13753247261047363,-1.8359375,0,0,0.26300945452694713,tagalog,comment,True,adjudicator,2-1,0,1
t1_p3f5hb2,0,0.03308597952127457,-3.375,0,0,0.13077147780252674,taglish,comment,True,adjudicator,2-1,0,0
t1_p3halwh,0,0.049958519637584686,-2.9453125,0,0,0.16070380184178343,tagalog,comment,True,unanimous,3-0,0,0
t1_p4nlhqb,0,0.35353976488113403,-0.603515625,0,0,0.4161224563082652,english,comment,True,unanimous,3-0,0,0
t1_p4y85sb,0,0.0832919254899025,-2.3984375,0,0,0.20651238678507694,english,comment,True,adjudicator,2-1,0,0
t1_p7dyofs,0,0.11008788645267487,-2.08984375,0,0,0.23633387617857424,english,comment,True,majority,3-0,0,0
t1_p300iwt,0,0.0033244371879845858,-5.703125,0,0,0.03913673086889577,taglish,comment,True,majority,3-0,0,0
t1_p7kgbw3,0,0.7409248948097229,1.05078125,1,1,0.6433034307365082,tagalog,comment,True,unanimous,3-0,0,0
t1_p4zt3ub,0,0.8187368512153625,1.5078125,1,1,0.6997759437972086,tagalog,comment,True,adjudicator,2-1,0,0
t1_p7mqvy7,0,0.005139610730111599,-5.265625,0,0,0.04948980911482951,taglish,comment,True,majority,3-0,0,0
t1_p5zegy3,0,0.00482972152531147,-5.328125,0,0,0.04786560306024229,taglish,comment,True,majority,3-0,0,0
t1_p775b3h,0,0.013955711387097836,-4.2578125,0,0,0.08396792728592328,english,comment,True,majority,3-0,0,0
t1_p67v0lr,0,0.31658050417900085,-0.76953125,0,0,0.3936763459009774,tagalog,comment,True,adjudicator,2-1,0,0
t1_p7i4usd,0,0.032344330102205276,-3.3984375,0,0,0.12928352362245082,tagalog,comment,True,majority,3-0,0,0
t1_p66882u,0,0.4570155441761017,-0.17236328125,0,0,0.47583493612597116,english,comment,True,majority,3-0,0,0
t1_p7i30af,0,0.00857748556882143,-4.75,0,0,0.06501895796981078,english,comment,True,majority,3-0,0,0
t1_p760jky,0,0.11920293420553207,-2.0,0,0,0.24555488450187982,tagalog,comment,True,adjudicator,2-1,0,0
t1_p460bgg,0,0.4330222010612488,-0.26953125,0,0,0.4622546230997144,tagalog,comment,True,adjudicator,2-1,0,1
t1_p5z07j5,0,0.2747403681278229,-0.970703125,0,0,0.36707431134097124,english,comment,True,adjudicator,2-1,0,0
t1_p7ccbnn,0,0.07696083933115005,-2.484375,0,0,0.19872084784765706,taglish,comment,True,unanimous,3-0,0,0
t1_p300myd,0,0.0443485863506794,-3.0703125,0,0,0.1514652736366868,taglish,comment,True,majority,3-0,0,0
t1_p7jnfur,1,0.9915544390678406,4.765625,1,1,0.9355121077764909,english,comment,True,majority,3-0,1,1
t1_p5cmvvb,0,0.8852352499961853,2.04296875,1,1,0.758885217966635,tagalog,comment,True,adjudicator,2-1,0,0
t1_p7hqyna,0,0.013020490296185017,-4.328125,0,0,0.08098205764106188,english,comment,True,majority,3-0,0,0
t1_p38iio7,0,0.027169233188033104,-3.578125,0,0,0.1183493799509177,taglish,comment,True,majority,3-0,0,0
t1_p50tgfh,0,0.12549343705177307,-1.94140625,0,0,0.25169786169323305,taglish,comment,True,majority,3-0,0,0
t1_p3z7hln,0,0.06097517907619476,-2.734375,0,0,0.17731930155821943,tagalog,comment,True,unanimous,3-0,0,0
t1_p50xc5h,0,0.006797531619668007,-4.984375,0,0,0.05746560126766683,english,comment,True,unanimous,3-0,0,0
t1_p7jle5m,0,0.8591918349266052,1.80859375,1,1,0.7340051159001977,tagalog,comment,True,unanimous,3-0,0,0
t1_p4zwasv,0,0.12421301752328873,-1.953125,0,0,0.250461147752238,tagalog,comment,True,adjudicator,2-1,0,1
t1_p75ksdr,0,0.06754669547080994,-2.625,0,0,0.18645194804866297,tagalog,comment,True,majority,3-0,0,0
t1_p3ccojs,0,0.007011795416474342,-4.953125,0,0,0.058422948549715636,tagalog,comment,True,adjudicator,2-1,0,0
t1_p5btd0h,1,0.9862577319145203,4.2734375,1,1,0.9167041225665418,english,comment,True,adjudicator,3-0,1,1
t1_p3ux07e,0,0.9053223133087158,2.2578125,1,1,0.7802552427093555,tagalog,comment,True,adjudicator,2-1,0,1
t1_p5ei18d,0,0.272024542093277,-0.984375,0,0,0.3652934438606583,tagalog,comment,True,adjudicator,2-1,0,0
t1_p5dc63m,0,0.5886526703834534,0.3583984375,1,0,0.5501172198230618,taglish,comment,True,majority,3-0,0,0
t1_p74lbe3,0,0.9319595694541931,2.6171875,1,1,0.8128820452295825,tagalog,comment,True,adjudicator,2-1,0,1
t1_p3yp6yt,0,0.16667540371418,-1.609375,0,0,0.288386941862067,tagalog,comment,True,adjudicator,2-1,0,1
t1_p4zjxvl,0,0.70537930727005,0.873046875,1,1,0.6201019544846538,tagalog,comment,True,adjudicator,2-1,0,1
t1_p4zk9ge,0,0.6976089477539062,0.8359375,1,1,0.6151835140285111,english,comment,True,majority,3-0,0,0
t1_p50q6im,0,0.008445627056062222,-4.765625,0,0,0.06448789222350912,taglish,comment,True,majority,3-0,0,0
t1_p7ckqoa,0,0.048136770725250244,-2.984375,0,0,0.15776880703330995,tagalog,comment,True,majority,3-0,0,0
t1_p30kfxi,1,0.2233770787715912,-1.24609375,0,0,0.3319571394350569,tagalog,comment,True,majority,3-0,1,1
t1_p7avfnw,0,0.38745856285095215,-0.4580078125,0,0,0.43608946551527583,tagalog,comment,True,adjudicator,2-1,0,0
t1_p50drni,0,0.270480215549469,-0.9921875,0,0,0.3642774538619763,tagalog,comment,True,adjudicator,2-1,0,1
t1_p27mvrh,0,0.05184547230601311,-2.90625,0,0,0.16368278554465565,taglish,comment,True,unanimous,3-0,0,0
t1_p501ntx,0,0.44155263900756836,-0.23486328125,0,0,0.467094489447092,english,comment,True,majority,3-0,0,0
t1_p5i6zrd,0,0.015306354500353336,-4.1640625,0,0,0.08810455854521779,tagalog,comment,True,adjudicator,2-1,0,0
t1_p2r1vu0,0,0.09334688633680344,-2.2734375,0,0,0.2182449062983316,tagalog,comment,True,unanimous,3-0,0,0
t1_p2lr6vc,0,0.007232763804495335,-4.921875,0,0,0.05939523969881319,taglish,comment,True,majority,3-0,0,0
t1_p50dcbg,0,0.3828333914279938,-0.4775390625,0,0,0.4333957667620634,tagalog,comment,True,adjudicator,2-1,0,0
t1_p2yjd22,0,0.08882029354572296,-2.328125,0,0,0.21305366438353163,english,comment,True,adjudicator,2-1,0,1
t1_p7c4f2u,0,0.7021217346191406,0.857421875,1,1,0.6180339726923806,tagalog,comment,True,adjudicator,2-1,0,0
t1_p7brpn7,1,0.208823561668396,-1.33203125,0,0,0.32134943217081247,english,comment,True,adjudicator,2-1,1,1
t1_p4to7sm,0,0.6658452749252319,0.689453125,1,1,0.5955464482645629,tagalog,comment,True,adjudicator,2-1,0,1
t1_p7d5q6s,0,0.04535258188843727,-3.046875,0,0,0.15316361502079268,tagalog,comment,True,adjudicator,2-1,0,0
t1_p7ivyqk,0,0.16344542801380157,-1.6328125,0,0,0.28569504125553796,english,comment,True,unanimous,3-0,0,0
t1_p5q7qs6,0,0.002714985515922308,-5.90625,0,0,0.03506792766728798,english,comment,True,unanimous,3-0,0,0
t1_p58vdxr,0,0.7988152503967285,1.37890625,1,1,0.6843606902849844,tagalog,comment,True,adjudicator,2-1,0,0
t1_p7aahw5,0,0.8407825827598572,1.6640625,1,1,0.7178706004268116,english,comment,True,adjudicator,2-1,0,1
t1_p1tx8go,0,0.020023442804813385,-3.890625,0,0,0.10123842100878153,tagalog,comment,True,unanimous,3-0,0,0
t1_p5pd45a,0,0.008985428139567375,-4.703125,0,0,0.06663666124058804,tagalog,comment,True,majority,3-0,0,0
t1_p56tixe,0,0.018546564504504204,-3.96875,0,0,0.09731806481967557,tagalog,comment,True,adjudicator,2-1,0,1
t1_p6xxs7h,0,0.4234579801559448,-0.30859375,0,0,0.45680980912701724,tagalog,comment,True,adjudicator,2-1,0,1
t1_p70307o,0,0.21800270676612854,-1.27734375,0,0,0.3280793086285571,tagalog,comment,True,adjudicator,2-1,0,0
t1_p7e1vz2,0,0.02931223064661026,-3.5,0,0,0.12300151586076673,tagalog,comment,True,majority,3-0,0,0
t1_p51bah9,1,0.020645931363105774,-3.859375,0,0,0.10284543006797023,tagalog,comment,True,adjudicator,2-1,1,0
t1_p7k6fel,0,0.01784873940050602,-4.0078125,0,0,0.09540911049116822,taglish,comment,True,majority,3-0,0,0
t1_p3nvcgm,0,0.008847354911267757,-4.71875,0,0,0.06609331635272746,english,comment,True,adjudicator,3-0,0,0
t1_p6sbqgt,0,0.7386690378189087,1.0390625,1,1,0.6417928438634962,english,comment,True,adjudicator,2-1,0,0
t1_p7jk77p,0,0.6829967498779297,0.767578125,1,1,0.6060619767587685,english,comment,True,adjudicator,2-1,0,0
t1_p7jjwfe,0,0.05877655744552612,-2.7734375,0,0,0.1741438148299405,english,comment,True,adjudicator,2-1,0,1
t1_p7bb4cl,0,0.07055959850549698,-2.578125,0,0,0.1904754578640063,tagalog,comment,True,adjudicator,2-1,0,1
t1_p7bgb5l,0,0.10338596999645233,-2.16015625,0,0,0.22928609203044312,english,comment,True,adjudicator,2-1,0,1
t1_p4ndhyz,0,0.07211221009492874,-2.5546875,0,0,0.1925119724599428,tagalog,comment,True,unanimous,3-0,0,0
t1_p73oo5i,1,0.0844927504658699,-2.3828125,0,0,0.20795305618451757,tagalog,comment,True,adjudicator,2-1,1,0
t1_p5rboo5,0,0.005730246659368277,-5.15625,0,0,0.05245854405776818,english,comment,True,majority,3-0,0,0
t1_p5116jv,0,0.02843603305518627,-3.53125,0,0,0.12112207854199832,english,comment,True,adjudicator,2-1,0,1
t1_p5cuoq5,0,0.9492946267127991,2.9296875,1,1,0.8381098984487251,english,comment,True,adjudicator,2-1,0,0
t1_p5dbobp,0,0.020177319645881653,-3.8828125,0,0,0.10163807196606826,taglish,comment,True,majority,3-0,0,0
t1_p3cwvys,0,0.9462003111839294,2.8671875,1,1,0.8332939774825194,tagalog,comment,True,adjudicator,2-1,0,0
t1_p74w4x6,1,0.3944341838359833,-0.4287109375,0,0,0.44013704690230904,taglish,comment,True,adjudicator,2-1,1,0
t1_p74eoly,1,0.006797531619668007,-4.984375,0,0,0.05746560126766683,taglish,comment,True,unanimous,3-0,1,1
t1_p74qbp4,0,0.022116590291261673,-3.7890625,0,0,0.10654396344742949,tagalog,comment,True,majority,3-0,0,0
t1_p3yjl5u,0,0.3363310694694519,-0.6796875,0,0,0.40577439840117835,tagalog,comment,True,majority,3-0,0,0
t1_p511bxb,0,0.8774768114089966,1.96875,1,1,0.7511814987833527,tagalog,comment,True,adjudicator,2-1,0,0
t1_p5buc0u,0,0.9515040516853333,2.9765625,1,1,0.8416476999823392,tagalog,comment,True,adjudicator,2-1,0,0
t1_p7g7ji3,0,0.32338008284568787,-0.73828125,0,0,0.3978704091908071,english,comment,True,majority,3-0,0,0
t1_p4zvjts,1,0.16559313237667084,-1.6171875,0,0,0.28748796661032133,english,comment,True,adjudicator,2-1,1,1
t1_p3ywykd,0,0.0028449094388633966,-5.859375,0,0,0.03596910275109087,english,comment,True,adjudicator,2-1,0,0
t1_p5owqcx,0,0.0446808747947216,-3.0625,0,0,0.15202966179218097,english,comment,True,unanimous,3-0,0,0
t1_p65n1i6,0,0.021287353709340096,-3.828125,0,0,0.10447498276621153,taglish,comment,True,majority,3-0,0,0
t1_p75sb6f,1,0.8587185740470886,1.8046875,1,1,0.7335768665063505,tagalog,comment,True,majority,3-0,1,1
t1_p50g6ky,0,0.398406445980072,-0.412109375,0,0,0.442434250288086,english,comment,True,adjudicator,2-1,0,0
t1_p7b5gkq,0,0.8238958716392517,1.54296875,1,1,0.7039047658804367,taglish,comment,True,majority,3-0,0,0
t1_p7ivwtp,0,0.011244560591876507,-4.4765625,0,0,0.0749944409907977,english,comment,True,majority,3-0,0,0
t1_p6x3jha,1,0.8474634885787964,1.71484375,1,1,0.7236067705416893,tagalog,comment,True,adjudicator,2-1,1,1
t1_p3lw9cc,0,0.01384861022233963,-4.265625,0,0,0.08363128890769267,english,comment,True,majority,3-0,0,0
t1_p6w0op2,0,0.5940803289413452,0.380859375,1,0,0.5532349901985786,tagalog,comment,True,adjudicator,2-1,0,1
t1_p7erayc,0,0.0071214293129742146,-4.9375,0,0,0.05890721370277696,tagalog,comment,True,adjudicator,2-1,0,0
t1_p3m00z4,0,0.5579657554626465,0.23291015625,1,0,0.5326326490381493,english,comment,True,majority,3-0,0,0
t1_p586mpz,0,0.015424554236233234,-4.15625,0,0,0.08845746489644922,tagalog,comment,True,majority,3-0,0,0
t1_p3km1oi,0,0.7697731852531433,1.20703125,1,1,0.6631633811460282,taglish,comment,True,majority,3-0,0,0
t1_p6xngqr,1,0.014281933195888996,-4.234375,0,0,0.08498523875850678,taglish,comment,True,unanimous,3-0,1,1
t1_p5depxp,0,0.2818007171154022,-0.935546875,0,0,0.3716702829381587,taglish,comment,True,majority,3-0,0,0
t1_p5dhipi,0,0.1108555942773819,-2.08203125,0,0,0.23712612732314617,english,comment,True,adjudicator,2-1,0,0
t1_p796yea,0,0.944587230682373,2.8359375,1,1,0.8308433566015777,taglish,comment,True,unanimous,3-0,0,0
t1_p7icrdx,0,0.7711548805236816,1.21484375,1,1,0.6641421051834014,english,comment,True,unanimous,3-0,0,0
t1_p4zx6dq,0,0.10932482779026031,-2.09765625,0,0,0.23554345471940907,tagalog,comment,True,adjudicator,2-1,0,1
t1_p50rx3u,0,0.2950267493724823,-0.87109375,0,0,0.3801563066198134,tagalog,comment,True,majority,3-0,0,0
t1_p4zxny7,0,0.010489092208445072,-4.546875,0,0,0.0723024792169979,taglish,comment,True,adjudicator,2-1,0,0
t1_p67mqq5,0,0.37387582659721375,-0.515625,0,0,0.428154497898775,english,comment,True,majority,3-0,0,0
t1_p4ztq57,0,0.07640768587589264,-2.4921875,0,0,0.19802360356976723,english,comment,True,adjudicator,2-1,0,0
t1_p7koixa,0,0.18772760033607483,-1.46484375,0,0,0.305314727844146,tagalog,comment,True,unanimous,3-0,0,0
t1_p5iwm00,0,0.5655386447906494,0.263671875,1,0,0.5369278455210883,tagalog,comment,True,unanimous,3-0,0,0
t1_p79xe9y,0,0.10557883977890015,-2.13671875,0,0,0.23161883469293099,tagalog,comment,True,majority,3-0,0,0
t1_p2or0l1,0,0.43986761569976807,-0.24169921875,0,0,0.46613963021256494,taglish,comment,True,unanimous,3-0,0,0
t1_p7kpcat,0,0.9425067901611328,2.796875,1,1,0.8277398415338203,tagalog,comment,True,unanimous,3-0,0,0
t1_p50iukl,0,0.06052939593791962,-2.7421875,0,0,0.1766805906890954,tagalog,comment,True,adjudicator,3-0,0,0
t1_p2ri7dc,0,0.5839152932167053,0.3388671875,1,0,0.5474029024984278,tagalog,comment,True,adjudicator,2-1,0,0
t1_p5ijuh1,0,0.3363310694694519,-0.6796875,0,0,0.40577439840117835,tagalog,comment,True,adjudicator,2-1,0,1
t1_p2fvg69,0,0.006388320587575436,-5.046875,0,0,0.05559494777820731,tagalog,comment,True,adjudicator,2-1,0,0
t1_p4l6vav,0,0.0061929901130497456,-5.078125,0,0,0.05468125029979338,english,comment,True,majority,3-0,0,0
t1_p1xs63v,0,0.8294920325279236,1.58203125,1,1,0.7084535219178748,tagalog,comment,True,adjudicator,2-1,0,0
t1_p1m5x7f,0,0.0541987307369709,-2.859375,0,0,0.16731600261379145,tagalog,comment,True,unanimous,3-0,0,0
t1_p7b3qeg,0,0.01652955636382103,-4.0859375,0,0,0.09169145914485885,taglish,comment,True,unanimous,3-0,0,0
t1_p7bey85,0,0.6022955179214478,0.4150390625,1,1,0.5579713204317682,taglish,comment,True,unanimous,3-0,0,0
t1_p7ib4se,1,0.6343168616294861,0.55078125,1,1,0.5766693561548918,taglish,comment,True,majority,3-0,1,1
t1_p5czbys,1,0.8499711751937866,1.734375,1,1,0.7257936971437832,english,comment,True,unanimous,3-0,1,1
t1_p7ke3gb,0,0.016029147431254387,-4.1171875,0,0,0.09024120547074826,taglish,comment,True,unanimous,3-0,0,0
t1_p5dloov,0,0.012624949216842651,-4.359375,0,0,0.07968633064317103,english,comment,True,majority,3-0,0,0
t1_p5dkuua,0,0.689723789691925,0.798828125,1,1,0.610241419800644,english,comment,True,adjudicator,2-1,0,1
t1_p5zblr6,0,0.09073548763990402,-2.3046875,0,0,0.21526738657882163,tagalog,comment,True,adjudicator,2-1,0,0
t1_p63itkv,0,0.1250653862953186,-1.9453125,0,0,0.25128517382955057,english,comment,True,majority,3-0,0,0
t1_p6819md,0,0.9032942056655884,2.234375,1,1,0.7779916106024539,english,comment,True,adjudicator,2-1,0,1
t1_p66w6a3,0,0.01384861022233963,-4.265625,0,0,0.08363128890769267,tagalog,comment,True,majority,3-0,0,0
t1_p5cn2vp,1,0.5354931354522705,0.1422119140625,1,0,0.5199428489520213,taglish,comment,True,majority,3-0,1,1
t1_p6co89h,0,0.005220125894993544,-5.25,0,0,0.049903952370373685,english,comment,True,adjudicator,2-1,0,0
t1_p6k2fwb,0,0.7819972634315491,1.27734375,1,1,0.6719206913714428,tagalog,comment,True,adjudicator,2-1,0,0
t1_p6khn4l,0,0.012624949216842651,-4.359375,0,0,0.07968633064317103,taglish,comment,True,majority,3-0,0,0
t1_p5eq471,0,0.5879431366920471,0.35546875,1,0,0.5497102583753845,tagalog,comment,True,adjudicator,2-1,0,0
t1_p4q6ia8,1,0.8278281688690186,1.5703125,1,1,0.70709321666785,tagalog,comment,True,adjudicator,2-1,1,1
t1_p5bqsqg,0,0.04208773002028465,-3.125,0,0,0.1475626418079445,tagalog,comment,True,majority,3-0,0,0
t1_p7jwx3u,1,0.03817827254533768,-3.2265625,0,0,0.14053579213334136,english,comment,True,adjudicator,2-1,1,1
t1_p6qr4jk,1,0.970687747001648,3.5,1,1,0.8769984841392333,taglish,comment,True,majority,3-0,1,1
t1_p6rpvsx,0,0.04023794084787369,-3.171875,0,0,0.14428403841391374,tagalog,comment,True,unanimous,3-0,0,0
t1_p6rhul2,1,0.7287483215332031,0.98828125,1,1,0.6352147017247816,tagalog,comment,True,majority,3-0,1,1
t1_p7l76j1,0,0.3951341509819031,-0.42578125,0,0,0.4405422523499063,taglish,comment,True,majority,3-0,0,0
t1_p3ndwj2,0,0.39350154995918274,-0.4326171875,0,0,0.43959689713339606,taglish,comment,True,majority,3-0,0,0
t1_p6tcqvk,1,0.05146276578307152,-2.9140625,0,0,0.16308345680941402,english,comment,True,adjudicator,2-1,1,1
t1_p3n7ncs,0,0.015072628855705261,-4.1796875,0,0,0.08740255953700671,taglish,comment,True,adjudicator,2-1,0,0
t1_p3mm42l,0,0.9149009585380554,2.375,1,1,0.7913238349094878,tagalog,comment,True,adjudicator,2-1,0,1
t1_p596ahr,0,0.02498779445886612,-3.6640625,0,0,0.11340874545995347,tagalog,comment,True,majority,3-0,0,0
t1_p7iv0ce,0,0.9190633296966553,2.4296875,1,1,0.7963467646206168,english,comment,True,adjudicator,2-1,0,1
t1_p58mnsi,0,0.5129213333129883,0.05169677734375,1,0,0.507252950034631,tagalog,comment,True,adjudicator,2-1,0,1
t1_p4unzip,1,0.9532750844955444,3.015625,1,1,0.8445477028341151,english,comment,True,adjudicator,2-1,1,1
t1_p3lxvql,0,0.023689471185207367,-3.71875,0,0,0.11035914250177101,taglish,comment,True,unanimous,3-0,0,0
t1_p3lvqwa,0,0.32723817229270935,-0.720703125,0,0,0.40023622046539614,tagalog,comment,True,adjudicator,2-1,0,0
t1_p3lcowc,0,0.6544531583786011,0.638671875,1,1,0.5886633478692991,english,comment,True,majority,3-0,0,0
t1_p3kb9ev,0,0.06954174488782883,-2.59375,0,0,0.18912695845355249,tagalog,comment,True,adjudicator,2-1,0,0
t1_p6ywjhu,0,0.034100428223609924,-3.34375,0,0,0.13277802322326884,tagalog,comment,True,unanimous,3-0,0,0
t1_p56pizi,0,0.3214600086212158,-0.7470703125,0,0,0.39668928320949676,english,comment,True,adjudicator,2-1,0,0
t1_p58atkp,0,0.5672175884246826,0.2705078125,1,0,0.5378816125185903,tagalog,comment,True,adjudicator,2-1,0,1
t1_p6ya1ka,0,0.11797800660133362,-2.01171875,0,0,0.2443384983829711,english,comment,True,majority,3-0,0,0
t1_p7m9h9j,1,0.9469902515411377,2.8828125,1,1,0.8345085990223173,tagalog,comment,True,adjudicator,2-1,1,1
t1_p7m34ce,1,0.837619960308075,1.640625,1,1,0.7151989010320726,tagalog,comment,True,majority,3-0,1,1
t1_p6zzg2r,1,0.8895288109779358,2.0859375,1,1,0.7632702268806887,english,comment,True,majority,3-0,1,1
t1_p51cwhc,0,0.1949802190065384,-1.41796875,0,0,0.31092293016658157,english,comment,True,adjudicator,2-1,0,0
t1_p51u0yc,0,0.03161877021193504,-3.421875,0,0,0.12781001038494516,tagalog,comment,True,majority,3-0,0,0
t1_p7j3qse,0,0.38560599088668823,-0.4658203125,0,0,0.43501152417942196,english,comment,True,adjudicator,2-1,0,1
t1_p4yz9vz,0,0.008187909610569477,-4.796875,0,0,0.06343785762569767,english,comment,True,majority,3-0,0,0
t1_p72nk1f,0,0.007232763804495335,-4.921875,0,0,0.05939523969881319,english,comment,True,majority,3-0,0,0
t1_p72j2s2,0,0.04240382835268974,-3.1171875,0,0,0.14811502637404025,english,comment,True,majority,3-0,0,0
t1_p7dybdv,0,0.03963883966207504,-3.1875,0,0,0.14320470845148725,tagalog,comment,True,adjudicator,2-1,0,0
t1_p73l304,0,0.007345826830714941,-4.90625,0,0,0.0598870515352558,english,comment,True,majority,3-0,0,0
t1_p73qhx0,0,0.23792988061904907,-1.1640625,0,0,0.34224447720835294,taglish,comment,True,adjudicator,2-1,0,0
t1_p3g3iqe,0,0.007815889082849026,-4.84375,0,0,0.06189266057309455,taglish,comment,True,unanimous,3-0,0,0
t1_p3fo4vm,0,0.08632347732782364,-2.359375,0,0,0.2101279320434098,taglish,comment,True,adjudicator,2-1,0,0
t1_p3fe0l3,0,0.004609572235494852,-5.375,0,0,0.04668080399614382,tagalog,comment,True,adjudicator,2-1,0,0
t1_p4zjnbk,0,0.5887709259986877,0.35888671875,1,0,0.5501850402251858,tagalog,comment,True,adjudicator,2-1,0,1
t1_p517odk,0,0.8856314420700073,2.046875,1,1,0.7592861354951242,tagalog,comment,True,adjudicator,2-1,0,1
t1_p74em8i,0,0.8656789064407349,1.86328125,1,1,0.7399543387714762,english,comment,True,adjudicator,2-1,0,0
t1_p74metr,0,0.0037072529084980488,-5.59375,0,0,0.04151154081692565,tagalog,comment,True,adjudicator,2-1,0,1
t1_p75g9y4,0,0.3809892237186432,-0.4853515625,0,0,0.4323193791901843,tagalog,comment,True,adjudicator,2-1,0,0
t1_p38t9ig,0,0.043042849749326706,-3.1015625,0,0,0.1492249195570545,english,comment,True,majority,3-0,0,0
t1_p38ihh5,0,0.755636990070343,1.12890625,1,1,0.6533001408159328,tagalog,comment,True,adjudicator,2-1,0,1
t1_p7k5edx,0,0.16026602685451508,-1.65625,0,0,0.283018274359489,english,comment,True,majority,3-0,0,0
t1_p75pjpp,0,0.45241498947143555,-0.19091796875,0,0,0.4732383273864477,tagalog,comment,True,adjudicator,2-1,0,0
t1_p75vad5,0,0.01798621006309986,-4.0,0,0,0.09578820210071033,english,comment,True,adjudicator,2-1,0,0
t1_p5jposm,0,0.011869121342897415,-4.421875,0,0,0.0771515445816443,tagalog,comment,True,majority,3-0,0,0
t1_p50tbuu,0,0.8558511734008789,1.78125,1,1,0.7309981676406245,tagalog,comment,True,adjudicator,2-1,0,0
t1_p77uxsi,0,0.18068422377109528,-1.51171875,0,0,0.29976367682519556,english,comment,True,unanimous,3-0,0,0
t1_p77y5ul,0,0.5328505635261536,0.131591796875,1,0,0.5184549622156372,english,comment,True,majority,3-0,0,0
t1_p7820ky,1,0.01009131595492363,-4.5859375,0,0,0.07084570954929022,taglish,comment,True,adjudicator,2-1,1,0
t1_p79av9q,0,0.07107366621494293,-2.5703125,0,0,0.19115245970772377,taglish,comment,True,majority,3-0,0,0
t1_p2wzjy8,0,0.12678517401218414,-1.9296875,0,0,0.252938621494819,english,comment,True,adjudicator,2-1,0,1
t1_p79hkin,0,0.0222861859947443,-3.78125,0,0,0.10696206608917196,taglish,comment,True,unanimous,3-0,0,0
t1_p7aatno,0,0.04054073989391327,-3.1640625,0,0,0.14482623504479436,tagalog,comment,True,unanimous,3-0,0,0
t1_p5i6aid,0,0.03090895712375641,-3.4453125,0,0,0.12635085450273675,taglish,comment,True,unanimous,3-0,0,0
t1_p7jkyer,0,0.5040892958641052,0.016357421875,1,0,0.5022950570393571,tagalog,comment,True,adjudicator,2-1,0,0
t1_p5inhrk,0,0.32552051544189453,-0.728515625,0,0,0.39918416727338263,tagalog,comment,True,adjudicator,2-1,0,1
t1_p5ik2mt,0,0.007815889082849026,-4.84375,0,0,0.06189266057309455,tagalog,comment,True,adjudicator,3-0,0,0
t1_p5iixis,0,0.8272706270217896,1.56640625,1,1,0.7066389562969332,taglish,comment,True,adjudicator,2-1,0,1
t1_p50lrxl,0,0.024798156693577766,-3.671875,0,0,0.1129686311742134,tagalog,comment,True,unanimous,3-0,0,0
t1_p501svf,0,0.5418937802314758,0.16796875,1,0,0.5235498809270408,taglish,comment,True,unanimous,3-0,0,0
t1_p4zz6we,1,0.4700067341327667,-0.1201171875,0,0,0.48315300668455935,taglish,comment,True,majority,3-0,1,1
t1_p7ak056,0,0.7690802216529846,1.203125,1,1,0.6626734932104488,tagalog,comment,True,adjudicator,2-1,0,0
t1_p174s1z,0,0.027585282921791077,-3.5625,0,0,0.1192674532053117,taglish,comment,True,unanimous,3-0,0,0
t1_p1753z6,0,0.0071214293129742146,-4.9375,0,0,0.05890721370277696,taglish,comment,True,majority,3-0,0,0
t1_p2r1osy,0,0.3132096529006958,-0.78515625,0,0,0.39158513415027074,taglish,comment,True,majority,3-0,0,0
t1_p7b6jol,0,0.4452883005142212,-0.2197265625,0,0,0.46920966867670055,taglish,comment,True,majority,3-0,0,0
t1_p7b6ukd,0,0.847967803478241,1.71875,1,1,0.7240450172952992,english,comment,True,unanimous,3-0,0,0
t1_p5feovv,0,0.43584150075912476,-0.258056640625,0,0,0.46385580844768876,tagalog,comment,True,adjudicator,2-1,0,0
t1_p5ia6ze,0,0.929440438747406,2.578125,1,1,0.8095245421359937,english,comment,True,adjudicator,2-1,0,0
t1_p4j2qy3,0,0.009268012829124928,-4.671875,0,0,0.06773581365504945,taglish,comment,True,majority,3-0,0,0
t1_p5fl88v,0,0.0061929901130497456,-5.078125,0,0,0.05468125029979338,tagalog,comment,True,unanimous,3-0,0,0
t1_p7ixu0v,0,0.8300437331199646,1.5859375,1,1,0.708906129963073,english,comment,True,adjudicator,2-1,0,0
t1_p7j17ud,1,0.9462003111839294,2.8671875,1,1,0.8332939774825194,tagalog,comment,True,adjudicator,2-1,1,0
t1_p5s2ufl,0,0.8370879292488098,1.63671875,1,1,0.7147521403235308,taglish,comment,True,unanimous,3-0,0,0
t1_p5rmtyk,0,0.0022872276604175568,-6.078125,0,0,0.03194626518022632,taglish,comment,True,majority,3-0,0,0
t1_p5rq04g,0,0.00806199200451374,-4.8125,0,0,0.06291883703398546,english,comment,True,majority,3-0,0,0
t1_p5rovuh,1,0.9529258608818054,3.0078125,1,1,0.8439711900768474,english,comment,True,majority,3-0,1,1
t1_p4rn3ty,0,0.00941259041428566,-4.65625,0,0,0.06829167392178001,tagalog,comment,True,adjudicator,2-1,0,0
t1_p5dzg7h,0,0.8553685545921326,1.77734375,1,1,0.730566854143887,english,comment,True,adjudicator,2-1,0,1
t1_p456qkl,0,0.024237634614109993,-3.6953125,0,0,0.1116572220345351,english,comment,True,adjudicator,2-1,0,0
t1_p4ryfsy,1,0.07004895806312561,-2.5859375,0,0,0.18980029110848204,english,comment,True,majority,3-0,1,1
t1_p5dlmov,0,0.4569549858570099,-0.172607421875,0,0,0.47580076142838706,english,comment,True,adjudicator,2-1,0,0
t1_p675hvz,0,0.2133771777153015,-1.3046875,0,0,0.3247053185557496,taglish,comment,True,unanimous,3-0,0,0
t1_p67i2nm,0,0.333720326423645,-0.69140625,0,0,0.40418954775464466,tagalog,comment,True,majority,3-0,0,0
t1_p65nb4r,0,0.007695646956562996,-4.859375,0,0,0.061385453495215354,english,comment,True,majority,3-0,0,0
t1_p65uqzq,0,0.0025909794494509697,-5.953125,0,0,0.03418853003842758,english,comment,True,majority,3-0,0,0
t1_p61jws7,0,0.696784257888794,0.83203125,1,1,0.6146643918665001,english,comment,True,adjudicator,2-1,0,1
t1_p457cku,0,0.005139610730111599,-5.265625,0,0,0.04948980911482951,tagalog,comment,True,majority,3-0,0,0
t1_p4tdt5e,0,0.1672186702489853,-1.60546875,0,0,0.2888370558988211,tagalog,comment,True,adjudicator,2-1,0,1
t1_p6rp2hj,0,0.2885690927505493,-0.90234375,0,0,0.37603235943262747,taglish,comment,True,unanimous,3-0,0,0
t1_p7laogc,0,0.8098781704902649,1.44921875,1,1,0.6928221692920818,tagalog,comment,True,adjudicator,2-1,0,1
t1_p6rxq8o,1,0.10669060051441193,-2.125,0,0,0.23279140592537087,tagalog,comment,True,adjudicator,2-1,1,1
t1_p6kea8c,0,0.006589771714061499,-5.015625,0,0,0.05652299982418538,english,comment,True,majority,3-0,0,0
t1_p6d5ebs,0,0.0024343819823116064,-6.015625,0,0,0.033049036227900674,english,comment,True,majority,3-0,0,0
t1_p5cuuzs,0,0.026759279891848564,-3.59375,0,0,0.11743743134493874,tagalog,comment,True,adjudicator,2-1,0,0
t1_p6xlffl,0,0.06097517907619476,-2.734375,0,0,0.17731930155821943,tagalog,comment,True,majority,3-0,0,0
t1_p6x6dzq,1,0.6106856465339661,0.4501953125,1,1,0.5628319888520731,tagalog,comment,True,unanimous,3-0,1,1
t1_p7m7fuw,0,0.04778006672859192,-2.9921875,0,0,0.15718706254654902,taglish,comment,True,majority,3-0,0,0
t1_p708dim,1,0.14706452190876007,-1.7578125,0,0,0.27159624959315287,english,comment,True,adjudicator,2-1,1,1
t1_p7dycpl,0,0.11162799596786499,-2.07421875,0,0,0.23792020687168708,english,comment,True,majority,3-0,0,0
t1_p6zg7ae,0,0.021948251873254776,-3.796875,0,0,0.10612730090202734,english,comment,True,majority,3-0,0,0
t1_p3qgyt6,0,0.02178117074072361,-3.8046875,0,0,0.1057120750099162,tagalog,comment,True,adjudicator,3-0,0,1
t1_p6rsban,0,0.14366762340068817,-1.78515625,0,0,0.26857095549229465,taglish,comment,True,adjudicator,2-1,0,0
t1_p6q1sni,0,0.9437636137008667,2.8203125,1,1,0.8296073268038195,tagalog,comment,True,adjudicator,2-1,0,1
t1_p6y31u7,0,0.4101654887199402,-0.36328125,0,0,0.4492046603946625,english,comment,True,majority,3-0,0,0
t1_p6xzrs4,0,0.011419614776968956,-4.4609375,0,0,0.07560503697765968,tagalog,comment,True,unanimous,3-0,0,0
t1_p2xls51,0,0.00985985528677702,-4.609375,0,0,0.06998470904260001,taglish,comment,True,adjudicator,2-1,0,0
t1_p7cnndy,0,0.0033244371879845858,-5.703125,0,0,0.03913673086889577,taglish,comment,True,majority,3-0,0,0
t1_p30cf5s,0,0.006003595422953367,-5.109375,0,0,0.05378171419221797,taglish,comment,True,majority,3-0,0,0
t1_p75rv22,1,0.022977370768785477,-3.75,0,0,0.10864894634012695,english,comment,True,adjudicator,2-1,1,1
t1_p50stit,0,0.043691061437129974,-3.0859375,0,0,0.15034166189165937,english,comment,True,unanimous,3-0,0,0
t1_p73xp3y,0,0.04885777831077576,-2.96875,0,0,0.15893754376032795,tagalog,comment,True,unanimous,3-0,0,0
t1_p514wk1,1,0.16451646387577057,-1.625,0,0,0.2865906650977607,taglish,comment,True,majority,3-0,1,1
t1_p4zofxi,0,0.5672175884246826,0.2705078125,1,0,0.5378816125185903,tagalog,comment,True,adjudicator,2-1,0,0
t1_p4zs8xq,0,0.7527403235435486,1.11328125,1,1,0.651311256366132,tagalog,comment,True,majority,3-0,0,0
t1_p75f6ia,0,0.20946967601776123,-1.328125,0,0,0.32182772669902193,taglish,comment,True,majority,3-0,0,0
t1_p74p0np,0,0.020645931363105774,-3.859375,0,0,0.10284543006797023,tagalog,comment,True,adjudicator,2-1,0,1
t1_p74qxt5,0,0.0035380858462303877,-5.640625,0,0,0.04047733513175872,taglish,comment,True,majority,3-0,0,0
t1_p3er2di,0,0.011244560591876507,-4.4765625,0,0,0.0749944409907977,taglish,comment,True,majority,3-0,0,0
t1_p750uar,0,0.1250653862953186,-1.9453125,0,0,0.25128517382955057,taglish,comment,True,majority,3-0,0,0
t1_p756zjs,0,0.3263787627220154,-0.724609375,0,0,0.39971007821382654,english,comment,True,unanimous,3-0,0,0
t1_p742tbm,0,0.8891444206237793,2.08203125,1,1,0.7628738726768538,tagalog,comment,True,adjudicator,3-0,0,1
t1_p7d3orv,0,0.01912403479218483,-3.9375,0,0,0.09886968975576954,taglish,comment,True,unanimous,3-0,0,0
t1_p73q9ap,0,0.8740772008895874,1.9375,1,1,0.7478890009012038,tagalog,comment,True,adjudicator,2-1,0,0
t1_p3inhz7,0,0.0037072529084980488,-5.59375,0,0,0.04151154081692565,english,comment,True,majority,3-0,0,0
t1_p514ukl,1,0.5399536490440369,0.16015625,1,0,0.5224560470843186,tagalog,comment,True,adjudicator,2-1,1,1
t1_p3i4nnr,0,0.048136770725250244,-2.984375,0,0,0.15776880703330995,taglish,comment,True,majority,3-0,0,0
t1_p79tc8v,1,0.49221861362457275,-0.0311279296875,0,0,0.4956326211116725,tagalog,comment,True,adjudicator,2-1,1,0
t1_p79lfcn,0,0.10484336316585541,-2.14453125,0,0,0.23083941597052432,english,comment,True,majority,3-0,0,0
t1_p79xtsd,0,0.01615283451974392,-4.109375,0,0,0.0906018199205981,english,comment,True,majority,3-0,0,0
t1_p7aquf7,1,0.06278920918703079,-2.703125,0,0,0.17989225905201828,english,comment,True,adjudicator,2-1,1,0
t1_p38ne47,0,0.010652512311935425,-4.53125,0,0,0.07289288473313968,taglish,comment,True,adjudicator,2-1,0,0
t1_p4zw3pr,0,0.6180891394615173,0.4814453125,1,1,0.5671425062444089,english,comment,True,adjudicator,2-1,0,0
t1_p50tzmc,0,0.08035747706890106,-2.4375,0,0,0.20294306819892444,english,comment,True,unanimous,3-0,0,0
t1_p36h846,0,0.9688562154769897,3.4375,1,1,0.8731643502702489,english,comment,True,adjudicator,2-1,0,0
t1_p78b5um,0,0.24508504569530487,-1.125,0,0,0.34719658179631735,english,comment,True,adjudicator,2-1,0,0
t1_p77u4ef,1,0.3925696909427643,-0.4365234375,0,0,0.43905689040117707,tagalog,comment,True,adjudicator,2-1,1,0
t1_p50vqmi,0,0.5032958984375,0.01318359375,1,0,0.5018497520167464,tagalog,comment,True,adjudicator,2-1,0,1
t1_p27n0ke,0,0.5276816487312317,0.11083984375,1,0,0.5155466766897673,taglish,comment,True,adjudicator,2-1,0,0
t1_p7bbeka,1,0.007460643537342548,-4.890625,0,0,0.06038267430548501,taglish,comment,True,adjudicator,2-1,1,0
t1_p7ax3ms,1,0.009268012829124928,-4.671875,0,0,0.06773581365504945,tagalog,comment,True,adjudicator,2-1,1,1
t1_p50jzos,1,0.6226887702941895,0.5009765625,1,1,0.5698314702306665,tagalog,comment,True,adjudicator,2-1,1,1
t1_p506jlc,1,0.6955448985099792,0.826171875,1,1,0.6138852194663413,taglish,comment,True,majority,3-0,1,1
t1_p38szj9,0,0.025760557502508163,-3.6328125,0,0,0.1151841818319897,english,comment,True,majority,3-0,0,0
t1_p4zw01z,1,0.9046505093574524,2.25,1,1,0.7795025456552545,taglish,comment,True,majority,3-0,1,1
t1_p75whm4,0,0.24364246428012848,-1.1328125,0,0,0.34620347033780446,taglish,comment,True,adjudicator,2-1,0,0
t1_p7cn5o7,1,0.0030753696337342262,-5.78125,0,0,0.03752080546289194,english,comment,True,majority,3-0,1,1
t1_p30mnwp,1,0.003123648464679718,-5.765625,0,0,0.03783877631164071,english,comment,True,majority,3-0,1,1
t1_p7cczam,0,0.023153413087129593,-3.7421875,0,0,0.10907430096723089,tagalog,comment,True,adjudicator,3-0,0,0
t1_p50uw6y,0,0.11838509887456894,-2.0078125,0,0,0.24474350695381236,english,comment,True,majority,3-0,0,0
t1_p781rv6,0,0.018404891714453697,-3.9765625,0,0,0.09693356768757988,english,comment,True,majority,3-0,0,0
t1_p4zy707,0,0.8098781704902649,1.44921875,1,1,0.6928221692920818,tagalog,comment,True,adjudicator,2-1,0,1
t1_p4zwuaf,0,0.10266400873661041,-2.16796875,0,0,0.2285121886882191,tagalog,comment,True,adjudicator,2-1,0,1
t1_p4zszjj,0,0.06418264657258987,-2.6796875,0,0,0.18184103798719717,tagalog,comment,True,adjudicator,2-1,0,0
t1_p5cmoo9,0,0.02909075655043125,-3.5078125,0,0,0.12252931908333224,tagalog,comment,True,unanimous,3-0,0,0
t1_p3vmm1h,0,0.037892427295446396,-3.234375,0,0,0.14000702824339853,tagalog,comment,True,majority,3-0,0,0
t1_p6fq1hu,0,0.7813306450843811,1.2734375,1,1,0.671437229637849,taglish,comment,True,adjudicator,2-1,0,0
t1_p50ql5h,0,0.13568955659866333,-1.8515625,0,0,0.261313201753804,tagalog,comment,True,adjudicator,2-1,0,0
t1_p77zrla,0,0.5509698390960693,0.20458984375,1,0,0.5286740452763786,tagalog,comment,True,majority,3-0,0,0
t1_p6x999n,0,0.020645931363105774,-3.859375,0,0,0.10284543006797023,taglish,comment,True,majority,3-0,0,0
t1_p70bt1i,0,0.13251455128192902,-1.87890625,0,0,0.2583618222330533,taglish,comment,True,majority,3-0,0,0
t1_p3kmf0f,0,0.02822098508477211,-3.5390625,0,0,0.12065610419420153,taglish,comment,True,majority,3-0,0,0
t1_p5cl6hj,0,0.9700134992599487,3.4765625,1,1,0.8755724990478595,taglish,comment,True,adjudicator,2-1,0,1
t1_p5cl3by,0,0.7833262085914612,1.28515625,1,1,0.6728865211932488,tagalog,comment,True,adjudicator,2-1,0,0
t1_p3mg8ib,0,0.012920473702251911,-4.3359375,0,0,0.08065633598390445,english,comment,True,majority,3-0,0,0
t1_p6xy6oj,0,0.01640303246676922,-4.09375,0,0,0.09132694324564786,english,comment,True,majority,3-0,0,0
t1_p4x7qt6,0,0.2841785252094269,-0.923828125,0,0,0.3732074941285389,english,comment,True,majority,3-0,0,0
t1_p5b339o,0,0.4000460207462311,-0.4052734375,0,0,0.44338087965769346,taglish,comment,True,majority,3-0,0,0
t1_p6osm23,0,0.7648915648460388,1.1796875,1,1,0.6597268534824379,english,comment,True,majority,3-0,0,0
t1_p7g1jl7,1,0.09947021305561066,-2.203125,0,0,0.22505240873668445,taglish,comment,True,adjudicator,2-1,1,0
t1_p7klzd9,0,0.046378206461668015,-3.0234375,0,0,0.15487752366531465,tagalog,comment,True,adjudicator,2-1,0,1
t1_p7gqfj1,0,0.16667540371418,-1.609375,0,0,0.288386941862067,english,comment,True,unanimous,3-0,0,0
t1_p3pq2hf,0,0.0832919254899025,-2.3984375,0,0,0.20651238678507694,tagalog,comment,True,unanimous,3-0,0,0
t1_p5j5ppr,0,0.02779562398791313,-3.5546875,0,0,0.11972879478400991,english,comment,True,unanimous,3-0,0,0
t1_p6gflpe,0,0.020023442804813385,-3.890625,0,0,0.10123842100878153,tagalog,comment,True,majority,3-0,0,0
t1_p451dv5,1,0.029986508190631866,-3.4765625,0,0,0.12442750095214049,tagalog,comment,True,adjudicator,2-1,1,1
t1_p6a1tky,0,0.005301895085722208,-5.234375,0,0,0.050321377804759926,tagalog,comment,True,adjudicator,3-0,0,0
t1_p5demxp,1,0.6482437252998352,0.611328125,1,1,0.5849424569628545,taglish,comment,True,majority,3-0,1,1
t1_p7kb827,0,0.25608712434768677,-1.06640625,0,0,0.3546868828428955,english,comment,True,adjudicator,2-1,0,0
t1_p5cn5ng,1,0.9433475732803345,2.8125,1,1,0.8289866255875371,taglish,comment,True,majority,3-0,1,1
t1_p5cmw8l,0,0.8499711751937866,1.734375,1,1,0.7257936971437832,tagalog,comment,True,adjudicator,2-1,0,1
t1_p5roqqv,0,0.07423137128353119,-2.5234375,0,0,0.19525305912339724,english,comment,True,majority,3-0,0,0
t1_p4qgz5t,0,0.555917501449585,0.224609375,1,0,0.5314727717709608,english,comment,True,adjudicator,2-1,0,1
t1_p4i7j69,0,0.40380191802978516,-0.3896484375,0,0,0.44554613778141783,tagalog,comment,True,adjudicator,2-1,0,0
t1_p5i2fit,1,0.13386748731136322,-1.8671875,0,0,0.25962403495886643,tagalog,comment,True,majority,3-0,1,1
t1_p5ih4jw,1,0.5357664227485657,0.143310546875,1,0,0.520096748532154,taglish,comment,True,majority,3-0,1,1
t1_p5j8lbu,0,0.07263670861721039,-2.546875,0,0,0.1931944851928733,english,comment,True,unanimous,3-0,0,0
t1_p7b7yaf,0,0.7634837031364441,1.171875,1,1,0.6587418741810829,tagalog,comment,True,adjudicator,2-1,0,0
t1_p5i6y0k,0,0.8991213440895081,2.1875,1,1,0.773414516664879,taglish,comment,True,adjudicator,2-1,0,0
t1_p2h3oav,0,0.0030278346966952085,-5.796875,0,0,0.037205403298071545,taglish,comment,True,unanimous,3-0,0,0
t1_p2kqqji,0,0.011244560591876507,-4.4765625,0,0,0.0749944409907977,english,comment,True,majority,3-0,0,0
t1_p3gmrfg,0,0.015424554236233234,-4.15625,0,0,0.08845746489644922,english,comment,True,majority,3-0,0,0
t1_p74po25,0,0.04778006672859192,-2.9921875,0,0,0.15718706254654902,tagalog,comment,True,adjudicator,2-1,0,1
t1_p509rh2,0,0.6834195256233215,0.76953125,1,1,0.6063236540990227,taglish,comment,True,adjudicator,2-1,0,0
t1_p5078hw,0,0.5961980819702148,0.3896484375,1,0,0.5544538622185822,tagalog,comment,True,adjudicator,2-1,0,1
t1_p7c25tw,0,0.02161533385515213,-3.8125,0,0,0.10529828232422496,english,comment,True,majority,3-0,0,0
t1_p50jpev,0,0.051082734018564224,-2.921875,0,0,0.16248589617631426,tagalog,comment,True,adjudicator,2-1,0,1
t1_p7aqkt5,0,0.9273633360862732,2.546875,1,1,0.8068055148071267,tagalog,comment,True,adjudicator,2-1,0,1
t1_p75eh8d,1,0.5194299221038818,0.0777587890625,1,0,0.5109084299965051,taglish,comment,True,majority,3-0,1,1
t1_p55saf4,0,0.019271137192845345,-3.9296875,0,0,0.09926102258586998,tagalog,comment,True,unanimous,3-0,0,0
t1_p72oofz,0,0.016657039523124695,-4.078125,0,0,0.0920572825514342,english,comment,True,unanimous,3-0,0,0
t1_p3foi7m,0,0.05033063143491745,-2.9375,0,0,0.16129607081872305,taglish,comment,True,majority,3-0,0,0
t1_p3eyl3v,1,0.4822462499141693,-0.071044921875,0,0,0.49003316685913645,taglish,comment,True,majority,3-0,1,1
t1_p3f3yqs,0,0.005139610730111599,-5.265625,0,0,0.04948980911482951,tagalog,comment,True,adjudicator,3-0,0,0
t1_p7k3th6,0,0.24508504569530487,-1.125,0,0,0.34719658179631735,taglish,comment,True,majority,3-0,0,0
t1_p7lizpx,0,0.004264634568244219,-5.453125,0,0,0.04476790232060008,tagalog,comment,True,adjudicator,2-1,0,0
t1_p7225hc,0,0.015072628855705261,-4.1796875,0,0,0.08740255953700671,tagalog,comment,True,majority,3-0,0,0
t1_p7e7snu,0,0.010013570077717304,-4.59375,0,0,0.07055762765579472,english,comment,True,majority,3-0,0,0
t1_p6sfuvk,0,0.00985985528677702,-4.609375,0,0,0.06998470904260001,tagalog,comment,True,adjudicator,2-1,0,0
t1_p7lup40,0,0.027169233188033104,-3.578125,0,0,0.1183493799509177,taglish,comment,True,majority,3-0,0,0
t1_p7e4ypy,0,0.012624949216842651,-4.359375,0,0,0.07968633064317103,tagalog,comment,True,unanimous,3-0,0,0
t1_p6yecc6,0,0.08151976019144058,-2.421875,0,0,0.20436525049387028,tagalog,comment,True,adjudicator,2-1,0,0
t1_p56qvxs,1,0.8250265121459961,1.55078125,1,1,0.7048178025565267,english,comment,True,unanimous,3-0,1,1
t1_p56v3dp,0,0.030675798654556274,-3.453125,0,0,0.12586764516332577,english,comment,True,adjudicator,2-1,0,0
t1_p7e7clf,0,0.004198795650154352,-5.46875,0,0,0.04439439053631127,english,comment,True,unanimous,3-0,0,0
t1_p6ua9sd,0,0.005384938325732946,-5.21875,0,0,0.0507421083497877,taglish,comment,True,majority,3-0,0,0
t1_p6vxruc,1,0.015189048834145069,-4.171875,0,0,0.08775292459448782,english,comment,True,adjudicator,2-1,1,1
t1_p3mc8tw,0,0.1962094008922577,-1.41015625,0,0,0.31186311176596265,taglish,comment,True,majority,3-0,0,0
t1_p6sficv,0,0.05665242671966553,-2.8125,0,0,0.17101337441246292,taglish,comment,True,adjudicator,2-1,0,0
t1_p6wrmnt,0,0.2443629950284958,-1.12890625,0,0,0.34669985918406726,tagalog,comment,True,unanimous,3-0,0,0
t1_p6wk3dz,0,0.02779562398791313,-3.5546875,0,0,0.11972879478400991,english,comment,True,adjudicator,2-1,0,1
t1_p6x4z3a,0,0.04115288704633713,-3.1484375,0,0,0.14591570505458368,english,comment,True,majority,3-0,0,0
t1_p6x5dwc,1,0.9591543078422546,3.15625,1,1,0.8546298769663037,taglish,comment,True,majority,3-0,1,1
t1_p5e0sq3,1,0.04146227613091469,-3.140625,0,0,0.14646298376543374,taglish,comment,True,majority,3-0,1,1
t1_p5rr8fc,0,0.007937993854284286,-4.828125,0,0,0.06240377989960103,tagalog,comment,True,unanimous,3-0,0,0
t1_p5rtmmq,0,0.20434190332889557,-1.359375,0,0,0.31801189611500985,english,comment,True,adjudicator,3-0,0,0
t1_p4dnfav,0,0.917302668094635,2.40625,1,1,0.7942051741037672,tagalog,comment,True,adjudicator,2-1,0,0
t1_p7iv83y,0,0.10594828426837921,-2.1328125,0,0,0.23200923281235133,tagalog,comment,True,adjudicator,2-1,0,0
t1_p4i6qaq,0,0.005730246659368277,-5.15625,0,0,0.05245854405776818,taglish,comment,True,adjudicator,2-1,0,0
t1_p4icm2l,1,0.08064661920070648,-2.43359375,0,0,0.2032979208206702,tagalog,comment,True,adjudicator,2-1,1,1
t1_p5g0w8c,1,0.006903837900608778,-4.96875,0,0,0.057942419339006214,english,comment,True,adjudicator,2-1,1,1
t1_p5seo1m,0,0.038756195455789566,-3.2109375,0,0,0.1415983309442,english,comment,True,adjudicator,2-1,0,0
t1_p5tmwe1,0,0.0753123015165329,-2.5078125,0,0,0.19663464615543252,english,comment,True,unanimous,3-0,0,0
t1_p5wsvyx,0,0.3011564612388611,-0.841796875,0,0,0.3840382945100843,tagalog,comment,True,adjudicator,2-1,0,0
t1_p5ivil6,0,0.9637799859046936,3.28125,1,1,0.8631306557962583,taglish,comment,True,adjudicator,2-1,0,0
t1_p1tc4gj,0,0.02822098508477211,-3.5390625,0,0,0.12065610419420153,english,comment,True,majority,3-0,0,0
t1_p1yfwf0,0,0.9001793265342712,2.19921875,1,1,0.7745650137959899,tagalog,comment,True,adjudicator,2-1,0,1
t1_p7b5tbp,0,0.09170696139335632,-2.29296875,0,0,0.21638048965390497,tagalog,comment,True,unanimous,3-0,0,0
t1_p5ngq2s,0,0.0032730652019381523,-5.71875,0,0,0.03880829284256241,english,comment,True,adjudicator,2-1,0,0
t1_p5s1n9m,0,0.014392335899174213,-4.2265625,0,0,0.08532681967544196,taglish,comment,True,majority,3-0,0,0
t1_p7ksaqn,0,0.006797531619668007,-4.984375,0,0,0.05746560126766683,taglish,comment,True,unanimous,3-0,0,0
t1_p6fqn4g,0,0.00857748556882143,-4.75,0,0,0.06501895796981078,taglish,comment,True,unanimous,3-0,0,0
t1_p4tglh0,0,0.9676556587219238,3.3984375,1,1,0.8707164763775492,tagalog,comment,True,adjudicator,2-1,0,0
t1_p6lfn0d,1,0.340046763420105,-0.6630859375,0,0,0.4080229607757792,tagalog,comment,True,adjudicator,2-1,1,1
t1_p5ct483,0,0.2312668114900589,-1.201171875,0,0,0.3375715818860276,taglish,comment,True,majority,3-0,0,0
t1_p5csk7w,0,0.21403354406356812,-1.30078125,0,0,0.32518621458815017,tagalog,comment,True,adjudicator,2-1,0,1
t1_p3ybx75,0,0.2845759987831116,-0.921875,0,0,0.37346394618221684,english,comment,True,adjudicator,2-1,0,0
t1_p6kecwp,0,0.0071214293129742146,-4.9375,0,0,0.05890721370277696,taglish,comment,True,unanimous,3-0,0,0
t1_p6k5hug,0,0.0025509123224765062,-5.96875,0,0,0.03390015257688779,english,comment,True,majority,3-0,0,0
t1_p5bqmrp,0,0.00970847625285387,-4.625,0,0,0.06941609501300891,english,comment,True,majority,3-0,0,0
t1_p3olkdj,0,0.009268012829124928,-4.671875,0,0,0.06773581365504945,english,comment,True,adjudicator,2-1,0,1
t1_p5c6kf2,0,0.022116590291261673,-3.7890625,0,0,0.10654396344742949,tagalog,comment,True,majority,3-0,0,0
t1_p7ky9x7,0,0.026759279891848564,-3.59375,0,0,0.11743743134493874,tagalog,comment,True,unanimous,3-0,0,0
t1_p5d20od,0,0.048496000468730927,-2.9765625,0,0,0.15835230001766082,tagalog,comment,True,adjudicator,3-0,0,1
t1_p7kdw6q,0,0.004538431763648987,-5.390625,0,0,0.04629210575307723,taglish,comment,True,unanimous,3-0,0,0
t1_p2ypqtn,0,0.18068422377109528,-1.51171875,0,0,0.29976367682519556,tagalog,comment,True,adjudicator,2-1,0,0
t1_p7c6wl0,0,0.0960254892706871,-2.2421875,0,0,0.22125199853769806,tagalog,comment,True,majority,3-0,0,0
t1_p782p63,0,0.004468384198844433,-5.40625,0,0,0.04590648823794653,english,comment,True,majority,3-0,0,0
t1_p4zxlji,0,0.6288633942604065,0.52734375,1,1,0.5734550186624191,english,comment,True,adjudicator,2-1,0,1
t1_p75g7hh,0,0.00985985528677702,-4.609375,0,0,0.06998470904260001,tagalog,comment,True,adjudicator,2-1,0,0
t1_p38ba2f,0,0.907312273979187,2.28125,1,1,0.7825022468839438,tagalog,comment,True,adjudicator,2-1,0,1
t1_p777n8a,0,0.20561502873897552,-1.3515625,0,0,0.3189635912574243,tagalog,comment,True,adjudicator,2-1,0,0
t1_p6zroni,0,0.842863142490387,1.6796875,1,1,0.7196432564776102,english,comment,True,majority,3-0,0,0
t1_p3j9h67,0,0.45084288716316223,-0.197265625,0,0,0.4723503389983183,tagalog,comment,True,adjudicator,2-1,0,0
t1_p73r9ah,0,0.9246877431869507,2.5078125,1,1,0.8033653538445674,tagalog,comment,True,adjudicator,2-1,0,1
t1_p53ejq2,0,0.018978038802742958,-3.9453125,0,0,0.098479731061289,taglish,comment,True,majority,3-0,0,0
t1_p7d5lsh,0,0.10781263560056686,-2.11328125,0,0,0.23396810577816796,tagalog,comment,True,majority,3-0,0,0
t1_p7dpy6e,0,0.037326887249946594,-3.25,0,0,0.13895449744469376,english,comment,True,unanimous,3-0,0,0
t1_p72e5co,0,0.005641908384859562,-5.171875,0,0,0.05202436159031638,tagalog,comment,True,adjudicator,2-1,0,1
t1_p7c2dj7,0,0.8233283758163452,1.5390625,1,1,0.7034476344985803,english,comment,True,adjudicator,2-1,0,1
t1_p50mpx7,0,0.048136770725250244,-2.984375,0,0,0.15776880703330995,tagalog,comment,True,majority,3-0,0,0
t1_p7k97ke,0,0.7310585975646973,1.0,1,1,0.6367373276439147,english,comment,True,adjudicator,2-1,0,1
t1_p50hh2s,0,0.16184942424297333,-1.64453125,0,0,0.28435475960812884,tagalog,comment,True,adjudicator,2-1,0,0
t1_p7afn9w,0,0.043691061437129974,-3.0859375,0,0,0.15034166189165937,english,comment,True,majority,3-0,0,0
t1_p2ubaij,0,0.006797531619668007,-4.984375,0,0,0.05746560126766683,taglish,comment,True,majority,3-0,0,0
t1_p7a7bo1,1,0.04401864856481552,-3.078125,0,0,0.1509026078326213,english,comment,True,adjudicator,2-1,1,0
t1_p501l48,1,0.9695556163787842,3.4609375,1,1,0.874613981435481,taglish,comment,True,majority,3-0,1,1
t1_p50mcal,0,0.07316472381353378,-2.5390625,0,0,0.1938788366624697,tagalog,comment,True,majority,3-0,0,0
t1_p50m2oj,1,0.017309095710515976,-4.0390625,0,0,0.09390613511795246,english,comment,True,adjudicator,2-1,1,1
t1_p502m5t,0,0.9489172697067261,2.921875,1,1,0.8375141038236859,tagalog,comment,True,adjudicator,2-1,0,1
t1_p7bhl2m,0,0.10447732359170914,-2.1484375,0,0,0.230450395616925,tagalog,comment,True,adjudicator,2-1,0,1
t1_p2rgdnv,0,0.004905405919998884,-5.3125,0,0,0.04826684473726577,tagalog,comment,True,unanimous,3-0,0,0
t1_p3immhh,0,0.8289388418197632,1.578125,1,1,0.7080005000049624,taglish,comment,True,adjudicator,2-1,0,1
t1_p3etfu1,0,0.00806199200451374,-4.8125,0,0,0.06291883703398546,english,comment,True,majority,3-0,0,0
t1_p7446ww,0,0.0333368256688118,-3.3671875,0,0,0.13127068594921007,taglish,comment,True,majority,3-0,0,0
t1_p4zy9tx,0,0.8783142566680908,1.9765625,1,1,0.7520001153283419,tagalog,comment,True,adjudicator,2-1,0,0
t1_p6xbx95,0,0.9600626826286316,3.1796875,1,1,0.856256469548719,tagalog,comment,True,adjudicator,2-1,0,0
t1_p73qywm,1,0.04922211542725563,-2.9609375,0,0,0.15952454050186554,english,comment,True,unanimous,3-0,1,1
t1_p4zwveo,0,0.03993731364607811,-3.1796875,0,0,0.14374353045128088,tagalog,comment,True,unanimous,3-0,0,0
t1_p5rovkq,1,0.18010665476322174,-1.515625,0,0,0.2993037014646054,english,comment,True,adjudicator,2-1,1,1
t1_p5d8oez,0,0.10669060051441193,-2.125,0,0,0.23279140592537087,tagalog,comment,True,majority,3-0,0,0
t1_p5d50ke,0,0.053403329104185104,-2.875,0,0,0.1660978226258223,tagalog,comment,True,adjudicator,2-1,0,0
t1_p3za0te,0,0.46274617314338684,-0.1492919921875,0,0,0.4790654214203364,taglish,comment,True,adjudicator,2-1,0,0
t1_p75euy4,1,0.1561048924922943,-1.6875,0,0,0.2794729695123443,taglish,comment,True,majority,3-0,1,1
t1_p4zxhpb,0,0.021948251873254776,-3.796875,0,0,0.10612730090202734,tagalog,comment,True,adjudicator,2-1,0,0
t1_p7augm9,0,0.46407413482666016,-0.143951416015625,0,0,0.4798134784722333,taglish,comment,True,adjudicator,2-1,0,0
t1_p3mzjh2,0,0.11436852067708969,-2.046875,0,0,0.24071386450487578,taglish,comment,True,unanimous,3-0,0,0
t1_p76hk6t,0,0.2786492109298706,-0.951171875,0,0,0.3696247056413793,english,comment,True,majority,3-0,0,0
t1_p77reee,0,0.017045317217707634,-4.0546875,0,0,0.09316263293708814,tagalog,comment,True,adjudicator,2-1,0,1
t1_p3fjudp,0,0.04177388176321983,-3.1328125,0,0,0.147011961808062,tagalog,comment,True,adjudicator,2-1,0,0
t1_p7bhymk,0,0.5858122110366821,0.3466796875,1,0,0.5484889769794608,english,comment,True,adjudicator,2-1,0,1
t1_p3ktk1i,0,0.04742587357759476,-3.0,0,0,0.15660706427666654,tagalog,comment,True,adjudicator,2-1,0,0
t1_p7cq0d3,0,0.05749328061938286,-2.796875,0,0,0.1722601584661797,tagalog,comment,True,adjudicator,2-1,0,0
t1_p7cf1k7,0,0.015072628855705261,-4.1796875,0,0,0.08740255953700671,tagalog,comment,True,adjudicator,2-1,0,1
t1_p40vxa0,0,0.8615382313728333,1.828125,1,1,0.7361397683629388,tagalog,comment,True,adjudicator,2-1,0,1
t1_p75rjkb,0,0.2206781655550003,-1.26171875,0,0,0.33001533383430925,tagalog,comment,True,adjudicator,2-1,0,1
t1_p75vjn0,0,0.00407013762742281,-5.5,0,0,0.04365626378776887,tagalog,comment,True,adjudicator,2-1,0,0
t1_p5jlwpx,0,0.6183196306228638,0.482421875,1,1,0.5672770497873948,tagalog,comment,True,majority,3-0,0,0
t1_p7iwoea,0,0.980728805065155,3.9296875,1,1,0.90073897741413,tagalog,comment,True,adjudicator,2-1,0,0
t1_p3gee5s,0,0.00407013762742281,-5.5,0,0,0.04365626378776887,english,comment,True,majority,3-0,0,0
t1_p38gdc9,0,0.9105454087257385,2.3203125,1,1,0.7862102778810328,tagalog,comment,True,adjudicator,2-1,0,0
t1_p75g8kv,0,0.9362850189208984,2.6875,1,1,0.8188103731487896,tagalog,comment,True,adjudicator,2-1,0,0
t1_p5dsrck,1,0.8267117738723755,1.5625,1,1,0.7061842841648699,tagalog,comment,True,majority,3-0,1,1
t1_p7kmyht,0,0.007937993854284286,-4.828125,0,0,0.06240377989960103,taglish,comment,True,unanimous,3-0,0,0
t1_p6rotah,0,0.41063815355300903,-0.361328125,0,0,0.44947588579447567,tagalog,comment,True,majority,3-0,0,0
t1_p4t3t98,0,0.0333368256688118,-3.3671875,0,0,0.13127068594921007,taglish,comment,True,majority,3-0,0,0
t1_p4t3p3g,0,0.8910549879074097,2.1015625,1,1,0.7648510694889135,tagalog,comment,True,adjudicator,2-1,0,1
t1_p7eatjp,0,0.023870835080742836,-3.7109375,0,0,0.11079036025808993,tagalog,comment,True,adjudicator,2-1,0,0
t1_p5zl5v6,0,0.9591543078422546,3.15625,1,1,0.8546298769663037,taglish,comment,True,majority,3-0,0,0
t1_p31h3ut,0,0.022116590291261673,-3.7890625,0,0,0.10654396344742949,english,comment,True,majority,3-0,0,0
t1_p5er79z,0,0.2240554690361023,-1.2421875,0,0,0.3324434882878893,taglish,comment,True,unanimous,3-0,0,0
t1_p4tgfsj,0,0.4897322356700897,-0.04107666015625,0,0,0.49423688122634524,taglish,comment,True,majority,3-0,0,0
t1_p4zyz1y,0,0.04778006672859192,-2.9921875,0,0,0.15718706254654902,tagalog,comment,True,adjudicator,2-1,0,1
t1_p7d23oe,0,0.6141626238822937,0.46484375,1,1,0.5648537665378005,taglish,comment,True,adjudicator,2-1,0,0
t1_p4617tr,0,0.0038844766095280647,-5.546875,0,0,0.04257099834829676,english,comment,True,majority,3-0,0,0
t1_p5081z2,0,0.9367494583129883,2.6953125,1,1,0.8194599656647711,english,comment,True,adjudicator,3-0,0,1
t1_p508dcb,0,0.9049869179725647,2.25390625,1,1,0.7798791251026828,tagalog,comment,True,adjudicator,2-1,0,0
t1_p762sf2,1,0.9059898257255554,2.265625,1,1,0.7810060921903811,taglish,comment,True,majority,3-0,1,1
t1_p50ma7a,1,0.1830088496208191,-1.49609375,0,0,0.3016076126702164,tagalog,comment,True,adjudicator,2-1,1,1
t1_p50jnmn,0,0.028870904818177223,-3.515625,0,0,0.12205868275301007,english,comment,True,adjudicator,2-1,0,1
t1_p5c5hsz,0,0.10894505679607391,-2.1015625,0,0,0.23514893051108662,english,comment,True,majority,3-0,0,0
t1_p7l1bqh,0,0.8848377466201782,2.0390625,1,1,0.7584838450933462,tagalog,comment,True,majority,3-0,0,0
t1_p3zck9z,1,0.21272224187850952,-1.30859375,0,0,0.3242247919979535,tagalog,comment,True,adjudicator,2-1,1,0
t1_p781245,0,0.18184363842010498,-1.50390625,0,0,0.30068483902212784,english,comment,True,adjudicator,2-1,0,0
t1_p5b04tc,1,0.010328153148293495,-4.5625,0,0,0.07171648585065865,taglish,comment,True,adjudicator,2-1,1,0
t1_p5bbhvs,0,0.17838265001773834,-1.52734375,0,0,0.29792620519327806,tagalog,comment,True,unanimous,3-0,0,0
t1_p585bcp,0,0.0032730652019381523,-5.71875,0,0,0.03880829284256241,english,comment,True,unanimous,3-0,0,0
t1_p7afo2s,0,0.4185780882835388,-0.32861328125,0,0,0.4540232539290116,english,comment,True,majority,3-0,0,0
t1_p2zvy8a,1,0.8933094143867493,2.125,1,1,0.767208594074629,english,comment,True,majority,3-0,1,1
t1_p5je0go,0,0.019870713353157043,-3.8984375,0,0,0.10084016512310716,english,comment,True,majority,3-0,0,0
t1_p6si5v5,0,0.005730246659368277,-5.15625,0,0,0.05245854405776818,english,comment,True,adjudicator,2-1,0,0
t1_p6ss6y1,0,0.0037072529084980488,-5.59375,0,0,0.04151154081692565,english,comment,True,majority,3-0,0,0
t1_p7jcey0,0,0.6379335522651672,0.56640625,1,1,0.5788086655788603,tagalog,comment,True,adjudicator,2-1,0,0
t1_p5iza8a,0,0.9504110217094421,2.953125,1,1,0.8398867075375318,tagalog,comment,True,adjudicator,2-1,0,1
t1_p3ntkr9,0,0.010013570077717304,-4.59375,0,0,0.07055762765579472,taglish,comment,True,majority,3-0,0,0
t1_p74qtsz,0,0.008985428139567375,-4.703125,0,0,0.06663666124058804,tagalog,comment,True,unanimous,3-0,0,0
t1_p750vgw,1,0.9532750844955444,3.015625,1,1,0.8445477028341151,taglish,comment,True,majority,3-0,1,1
t1_p5hhth3,0,0.9252299070358276,2.515625,1,1,0.8040570683069991,tagalog,comment,True,adjudicator,2-1,0,1
t1_p5ilagy,0,0.007460643537342548,-4.890625,0,0,0.06038267430548501,taglish,comment,True,unanimous,3-0,0,0
t1_p5ilowd,0,0.00407013762742281,-5.5,0,0,0.04365626378776887,english,comment,True,unanimous,3-0,0,0
t1_p7dcf6a,0,0.42036163806915283,-0.3212890625,0,0,0.4550424006081885,taglish,comment,True,adjudicator,2-1,0,1
t1_p3m8tkc,0,0.14706452190876007,-1.7578125,0,0,0.27159624959315287,taglish,comment,True,unanimous,3-0,0,0
t1_p74xnsz,1,0.10557883977890015,-2.13671875,0,0,0.23161883469293099,english,comment,True,majority,3-0,1,1
t1_p78bc8f,0,0.8879840970039368,2.0703125,1,1,0.7616820681142522,taglish,comment,True,adjudicator,2-1,0,0
t1_p3f7jx0,0,0.08756383508443832,-2.34375,0,0,0.2115870984139343,tagalog,comment,True,adjudicator,2-1,0,0
t1_p66om79,0,0.9752018451690674,3.671875,1,1,0.8870313688257866,taglish,comment,True,adjudicator,2-1,0,0
t1_p6siibl,1,0.724090576171875,0.96484375,1,1,0.6321613441168665,english,comment,True,majority,3-0,1,1
t1_p6yxg2t,0,0.03210070729255676,-3.40625,0,0,0.1287907521041998,english,comment,True,adjudicator,2-1,0,0
t1_p731obh,0,0.15203222632408142,-1.71875,0,0,0.2759549827047008,tagalog,comment,True,majority,3-0,0,0
t1_p6hm98v,0,0.03258974477648735,-3.390625,0,0,0.1297778996970913,taglish,comment,True,majority,3-0,0,0
t1_p6fxfke,0,0.0064882696606218815,-5.03125,0,0,0.056057167341406984,english,comment,True,majority,3-0,0,0
t1_p2vijjk,0,0.6386099457740784,0.5693359375,1,1,0.5792094594302528,taglish,comment,True,adjudicator,2-1,0,0
t1_p170d0o,0,0.012336100451648235,-4.3828125,0,0,0.0787269919973473,taglish,comment,True,majority,3-0,0,0
t1_p76a04r,1,0.12721826136112213,-1.92578125,0,0,0.25335310595808563,tagalog,comment,True,majority,3-0,1,1
t1_p7324tn,0,0.319121390581131,-0.7578125,0,0,0.39524732000560714,tagalog,comment,True,unanimous,3-0,0,0
t1_p7b7s1d,0,0.09534946829080582,-2.25,0,0,0.22049745434474555,tagalog,comment,True,majority,3-0,0,0
t1_p5fexch,0,0.23440666496753693,-1.18359375,0,0,0.3397811734601722,tagalog,comment,True,adjudicator,2-1,0,1
t1_p5xu1jd,0,0.06233103200793266,-2.7109375,0,0,0.17924629958725646,tagalog,comment,True,majority,3-0,0,0
t1_p6sdbo2,0,0.002800926798954606,-5.875,0,0,0.03566626093714118,english,comment,True,majority,3-0,0,0
t1_p7b2ed6,0,0.004609572235494852,-5.375,0,0,0.04668080399614382,tagalog,comment,True,majority,3-0,0,0
t1_p5d0oid,1,0.0038844766095280647,-5.546875,0,0,0.04257099834829676,tagalog,comment,True,majority,3-0,1,1
t1_p4zzw7a,0,0.043042849749326706,-3.1015625,0,0,0.1492249195570545,tagalog,comment,True,adjudicator,2-1,0,0
t1_p7lf6st,0,0.00941259041428566,-4.65625,0,0,0.06829167392178001,english,comment,True,majority,3-0,0,0
t1_p65mrzl,0,0.06903792917728424,-2.6015625,0,0,0.18845545888181314,english,comment,True,majority,3-0,0,0
t1_p6x58aq,0,0.05460060387849808,-2.8515625,0,0,0.16792776485306188,english,comment,True,majority,3-0,0,0
t1_p5ie04u,0,0.005220125894993544,-5.25,0,0,0.049903952370373685,tagalog,comment,True,adjudicator,3-0,0,0
t1_p7jly72,0,0.09138210862874985,-2.296875,0,0,0.21600899298972318,english,comment,True,majority,3-0,0,0
t1_p7jltmt,0,0.008985428139567375,-4.703125,0,0,0.06663666124058804,tagalog,comment,True,adjudicator,2-1,0,0
t1_p6eo5lu,0,0.018546564504504204,-3.96875,0,0,0.09731806481967557,tagalog,comment,True,adjudicator,2-1,0,1
t1_p7fmy61,0,0.6627964973449707,0.67578125,1,1,0.5936968797533949,tagalog,comment,True,adjudicator,2-1,0,1
t1_p4xaq6j,0,0.23792988061904907,-1.1640625,0,0,0.34224447720835294,taglish,comment,True,unanimous,3-0,0,0
t1_p6l0our,0,0.008315778337419033,-4.78125,0,0,0.06396086741332643,english,comment,True,adjudicator,2-1,0,1
t1_p7epidn,0,0.1749734729528427,-1.55078125,0,0,0.2951821974434733,taglish,comment,True,adjudicator,2-1,0,1
t1_p7j6bsx,1,0.9788748621940613,3.8359375,1,1,0.8959345310179099,taglish,comment,True,majority,3-0,1,1
t1_p3lrd7j,0,0.007460643537342548,-4.890625,0,0,0.06038267430548501,taglish,comment,True,majority,3-0,0,0
t1_p77cv5i,0,0.18952110409736633,-1.453125,0,0,0.3067114617585969,english,comment,True,adjudicator,3-0,0,0
t1_p4yzclk,0,0.03488088399171829,-3.3203125,0,0,0.1342999930013936,tagalog,comment,True,unanimous,3-0,0,0
t1_p6xa1dx,1,0.9846936464309692,4.1640625,1,1,0.9118954414547821,taglish,comment,True,unanimous,3-0,1,1
t1_p4yliu2,0,0.9775429368019104,3.7734375,1,1,0.892618387733636,english,comment,True,unanimous,3-0,0,0
t1_p78u6r9,1,0.8080672025680542,1.4375,1,1,0.6914206981834948,tagalog,comment,True,majority,3-0,1,1
t1_p6rozmh,0,0.008711384609341621,-4.734375,0,0,0.0655540906515723,taglish,comment,True,majority,3-0,0,0
t1_p6tj25e,0,0.1465751975774765,-1.76171875,0,0,0.27116275861592604,english,comment,True,majority,3-0,0,0
t1_p7ak5ny,0,0.11201595515012741,-2.0703125,0,0,0.23831793188574782,taglish,comment,True,majority,3-0,0,0
t1_p7acp88,0,0.9795114994049072,3.8671875,1,1,0.8975584269817574,tagalog,comment,True,adjudicator,2-1,0,0
t1_p7hto58,0,0.004133968148380518,-5.484375,0,0,0.044023851448754196,taglish,comment,True,unanimous,3-0,0,0
t1_p5rp9di,0,0.2727987766265869,-0.98046875,0,0,0.365801889664073,english,comment,True,adjudicator,2-1,0,0
t1_p5dfs1x,0,0.7975567579269409,1.37109375,1,1,0.6834127993951198,tagalog,comment,True,adjudicator,2-1,0,0
t1_p6r5b23,1,0.8529354929924011,1.7578125,1,1,0.7284037504068471,tagalog,comment,True,adjudicator,2-1,1,1
t1_p79cu01,0,0.4576214849948883,-0.169921875,0,0,0.4761766954963554,taglish,comment,True,unanimous,3-0,0,0
t1_p1t5z9b,0,0.010169658809900284,-4.578125,0,0,0.07113487763926989,taglish,comment,True,unanimous,3-0,0,0
t1_p2800xg,0,0.0753123015165329,-2.5078125,0,0,0.19663464615543252,taglish,comment,True,unanimous,3-0,0,0
t1_p7i91xi,0,0.04603390395641327,-3.03125,0,0,0.15430448706265196,taglish,comment,True,majority,3-0,0,0
t1_p7bgyp5,0,0.10087861120700836,-2.1875,0,0,0.2265854833351209,tagalog,comment,True,adjudicator,2-1,0,0
t1_p3rbynx,0,0.18184363842010498,-1.50390625,0,0,0.30068483902212784,taglish,comment,True,unanimous,3-0,0,0
t1_p7dseow,0,0.026963496580719948,-3.5859375,0,0,0.11789264171228415,taglish,comment,True,majority,3-0,0,0
t1_p504d3m,0,0.8891444206237793,2.08203125,1,1,0.7628738726768538,tagalog,comment,True,adjudicator,2-1,0,0
t1_p6s1evf,0,0.5839152932167053,0.3388671875,1,0,0.5474029024984278,tagalog,comment,True,adjudicator,2-1,0,1
t1_p1t667x,0,0.019870713353157043,-3.8984375,0,0,0.10084016512310716,taglish,comment,True,majority,3-0,0,0
t1_p783u0s,0,0.02280263788998127,-3.7578125,0,0,0.10822504896311938,taglish,comment,True,majority,3-0,0,0
t1_p4zyi5d,0,0.6783269047737122,0.74609375,1,1,0.6031795397580109,taglish,comment,True,unanimous,3-0,0,0
t1_p22gufq,0,0.05749328061938286,-2.796875,0,0,0.1722601584661797,tagalog,comment,True,adjudicator,2-1,0,0
t1_p4zxlkg,0,0.026355354115366936,-3.609375,0,0,0.11653158101715429,english,comment,True,adjudicator,2-1,0,0
t1_p3hdq1k,0,0.0026316740550100803,-5.9375,0,0,0.03447927308211456,english,comment,True,majority,3-0,0,0
t1_p7b941u,0,0.019419347867369652,-3.921875,0,0,0.09965373304610191,tagalog,comment,True,unanimous,3-0,0,0
t1_p4ne8td,0,0.05749328061938286,-2.796875,0,0,0.1722601584661797,tagalog,comment,True,adjudicator,2-1,0,0
t1_p50hq64,1,0.9492946267127991,2.9296875,1,1,0.8381098984487251,taglish,comment,True,majority,3-0,1,1
t1_p2zy5gz,0,0.007695646956562996,-4.859375,0,0,0.061385453495215354,english,comment,True,majority,3-0,0,0
t1_p6s85r6,1,0.5822535157203674,0.33203125,1,0,0.5464522165595013,taglish,comment,True,majority,3-0,1,1
t1_p74qzfr,1,0.6976089477539062,0.8359375,1,1,0.6151835140285111,tagalog,comment,True,majority,3-0,1,1
t1_p4o65k5,0,0.01678548939526081,-4.0703125,0,0,0.092424416977595,tagalog,comment,True,adjudicator,2-1,0,0
t1_p6ywh9d,0,0.10970578342676163,-2.09375,0,0,0.23593843665982953,taglish,comment,True,majority,3-0,0,0
t1_p38c638,1,0.5387405157089233,0.1552734375,1,0,0.5217722908755157,tagalog,comment,True,adjudicator,2-1,1,1
t1_p69yce2,0,0.15002882480621338,-1.734375,0,0,0.2742063028562169,tagalog,comment,True,adjudicator,2-1,0,0
t1_p7e13mw,0,0.004538431763648987,-5.390625,0,0,0.04629210575307723,english,comment,True,majority,3-0,0,0
t1_p4tmk6i,0,0.9178933501243591,2.4140625,1,1,0.7949208861063387,tagalog,comment,True,adjudicator,2-1,0,0
t1_p3fov8w,0,0.09739040583372116,-2.2265625,0,0,0.22276662641443265,taglish,comment,True,unanimous,3-0,0,0
t1_p7a1wg5,0,0.9704646468162537,3.4921875,1,1,0.8765247237026061,english,comment,True,majority,3-0,0,0
t1_p3kkj87,0,0.0035380858462303877,-5.640625,0,0,0.04047733513175872,english,comment,True,majority,3-0,0,0
t1_p79wfkz,0,0.030675798654556274,-3.453125,0,0,0.12586764516332577,tagalog,comment,True,unanimous,3-0,0,0
t1_p40phsy,0,0.007815889082849026,-4.84375,0,0,0.06189266057309455,tagalog,comment,True,unanimous,3-0,0,0
t1_p30m1mi,0,0.6231475472450256,0.5029296875,1,1,0.570100142899371,english,comment,True,adjudicator,2-1,0,0
t1_p3gjnmz,0,0.023870835080742836,-3.7109375,0,0,0.11079036025808993,english,comment,True,majority,3-0,0,0
t1_p70cqzj,0,0.9441768527030945,2.828125,1,1,0.8302262365347368,tagalog,comment,True,adjudicator,2-1,0,1
t1_p7if1i8,0,0.007577240467071533,-4.875,0,0,0.06088213319794229,english,comment,True,majority,3-0,0,0
t1_p4zdcfd,0,0.014842418022453785,-4.1953125,0,0,0.08670562207766436,tagalog,comment,True,adjudicator,2-1,0,0
t1_p6wyb63,0,0.02843603305518627,-3.53125,0,0,0.12112207854199832,taglish,comment,True,adjudicator,2-1,0,0
t1_p51vat8,0,0.07751766592264175,-2.4765625,0,0,0.19941993666996782,tagalog,comment,True,majority,3-0,0,0
t1_p7401pr,0,0.22953519225120544,-1.2109375,0,0,0.3363470812631683,tagalog,comment,True,adjudicator,2-1,0,0
t1_p2wekrp,0,0.02178117074072361,-3.8046875,0,0,0.1057120750099162,english,comment,True,majority,3-0,0,0
t1_p6sf1y1,1,0.6614856719970703,0.669921875,1,1,0.5929033899845193,taglish,comment,True,adjudicator,2-1,1,0
t1_p75p9x9,0,0.010013570077717304,-4.59375,0,0,0.07055762765579472,tagalog,comment,True,adjudicator,2-1,0,1
t1_p7iwa9e,0,0.875361442565918,1.94921875,1,1,0.7491270642354688,english,comment,True,majority,3-0,0,0
t1_p7k552w,0,0.34334173798561096,-0.6484375,0,0,0.41001019248937026,english,comment,True,majority,3-0,0,0
t1_p5owd5p,0,0.0039454069919884205,-5.53125,0,0,0.042929858226661524,english,comment,True,majority,3-0,0,0
t1_p7knj9u,0,0.007937993854284286,-4.828125,0,0,0.06240377989960103,taglish,comment,True,majority,3-0,0,0
t1_p7bdpkr,0,0.0222861859947443,-3.78125,0,0,0.10696206608917196,tagalog,comment,True,unanimous,3-0,0,0
t1_p4zwlf0,0,0.41869693994522095,-0.328125,0,0,0.45409118515145386,tagalog,comment,True,adjudicator,2-1,0,0
t1_p77sbcd,0,0.1041124165058136,-2.15234375,0,0,0.23006183476382264,english,comment,True,majority,3-0,0,0
t1_p4iaido,0,0.0033244371879845858,-5.703125,0,0,0.03913673086889577,english,comment,True,majority,3-0,0,0
t1_p4zuz5g,0,0.01956867426633835,-3.9140625,0,0,0.1000478246290459,tagalog,comment,True,unanimous,3-0,0,0
t1_p746z7f,1,0.2254166156053543,-1.234375,0,0,0.33341725752979084,tagalog,comment,True,unanimous,3-0,1,1
t1_p50tmxr,0,0.2137051671743393,-1.302734375,0,0,0.32494572043322406,taglish,comment,True,majority,3-0,0,0
t1_p6shdhh,0,0.929951012134552,2.5859375,1,1,0.8101997088915179,english,comment,True,adjudicator,2-1,0,1
t1_p6vqyp4,1,0.9549844264984131,3.0546875,1,1,0.8474042252305273,taglish,comment,True,majority,3-0,1,1
t1_p6v6185,0,0.18184363842010498,-1.50390625,0,0,0.30068483902212784,taglish,comment,True,majority,3-0,0,0
t1_p3mepmv,0,0.002115703420713544,-6.15625,0,0,0.030617768234140915,english,comment,True,majority,3-0,0,0
t1_p3f3esb,0,0.008187909610569477,-4.796875,0,0,0.06343785762569767,taglish,comment,True,adjudicator,2-1,0,0
t1_p3ettn0,0,0.004755199886858463,-5.34375,0,0,0.04746753054191497,taglish,comment,True,majority,3-0,0,0
t1_p5rp9n2,0,0.024798156693577766,-3.671875,0,0,0.1129686311742134,taglish,comment,True,majority,3-0,0,0
t1_p27zybu,0,0.9289263486862183,2.5703125,1,1,0.8088475402922762,tagalog,comment,True,adjudicator,2-1,0,1
t1_p7b2zfe,0,0.0025909794494509697,-5.953125,0,0,0.03418853003842758,taglish,comment,True,unanimous,3-0,0,0
t1_p4sxwjj,0,0.02161533385515213,-3.8125,0,0,0.10529828232422496,tagalog,comment,True,majority,3-0,0,0
t1_p5s5z5a,0,0.09739040583372116,-2.2265625,0,0,0.22276662641443265,tagalog,comment,True,adjudicator,2-1,0,1
t1_p7aqqfj,0,0.446977436542511,-0.212890625,0,0,0.47016527822933124,tagalog,comment,True,majority,3-0,0,0
t1_p6znlau,0,0.007345826830714941,-4.90625,0,0,0.0598870515352558,tagalog,comment,True,adjudicator,3-0,0,0
t1_p6zmbbn,0,0.2755194306373596,-0.966796875,0,0,0.3675838003557157,tagalog,comment,True,adjudicator,2-1,0,0
t1_p3uaj0a,0,0.02779562398791313,-3.5546875,0,0,0.11972879478400991,english,comment,True,unanimous,3-0,0,0
t1_p50uvzx,0,0.8433797955513,1.68359375,1,1,0.7200853566908355,english,comment,True,adjudicator,2-1,0,1
t1_p7hyhoq,0,0.010986942797899246,-4.5,0,0,0.07408704052352968,taglish,comment,True,unanimous,3-0,0,0
t1_p65l49e,0,0.0960254892706871,-2.2421875,0,0,0.22125199853769806,tagalog,comment,True,adjudicator,2-1,0,0
t1_p3lx9gn,0,0.0038244836032390594,-5.5625,0,0,0.04221500594017596,english,comment,True,majority,3-0,0,0
t1_p4ie5zr,0,0.8652240633964539,1.859375,1,1,0.7395322686721625,tagalog,comment,True,majority,3-0,0,0
t1_p4zstxo,1,0.8539127111434937,1.765625,1,1,0.7292702976304412,taglish,comment,True,adjudicator,2-1,1,1
t1_p7ahges,0,0.06705629080533981,-2.6328125,0,0,0.18578777004629038,tagalog,comment,True,adjudicator,2-1,0,0
t1_p7ecnwc,0,0.011869121342897415,-4.421875,0,0,0.0771515445816443,taglish,comment,True,unanimous,3-0,0,0
t1_p56of1n,0,0.004133968148380518,-5.484375,0,0,0.044023851448754196,english,comment,True,unanimous,3-0,0,0
t1_p4pzjeu,0,0.004468384198844433,-5.40625,0,0,0.04590648823794653,english,comment,True,adjudicator,2-1,0,0
t1_p60ini5,1,0.024423090741038322,-3.6875,0,0,0.11209287283545291,english,comment,True,majority,3-0,1,1
t1_p56g61g,0,0.9059898257255554,2.265625,1,1,0.7810060921903811,tagalog,comment,True,adjudicator,2-1,0,1
t1_p7cqdro,0,0.0033244371879845858,-5.703125,0,0,0.03913673086889577,tagalog,comment,True,majority,3-0,0,0
t1_p7cfyef,0,0.006903837900608778,-4.96875,0,0,0.057942419339006214,tagalog,comment,True,majority,3-0,0,0
t1_p7j4l6c,0,0.07211221009492874,-2.5546875,0,0,0.1925119724599428,tagalog,comment,True,adjudicator,2-1,0,1
t1_p7iweo9,0,0.015072628855705261,-4.1796875,0,0,0.08740255953700671,tagalog,comment,True,unanimous,3-0,0,0
t1_p7bzinf,0,0.09670579433441162,-2.234375,0,0,0.22200838939754616,taglish,comment,True,unanimous,3-0,0,0
t1_p78sls3,0,0.023870835080742836,-3.7109375,0,0,0.11079036025808993,english,comment,True,adjudicator,2-1,0,0
t1_p68bki8,0,0.007345826830714941,-4.90625,0,0,0.0598870515352558,taglish,comment,True,majority,3-0,0,0
t1_p51a6ak,0,0.4393864572048187,-0.24365234375,0,0,0.46586685854607685,tagalog,comment,True,adjudicator,2-1,0,1
t1_p7lyg06,0,0.15662017464637756,-1.68359375,0,0,0.2799146433091645,tagalog,comment,True,unanimous,3-0,0,0
t1_p5jnnz5,1,0.9872773289680481,4.3515625,1,1,0.9199915240480313,tagalog,comment,True,adjudicator,2-1,1,1
t1_p5jjd81,0,0.003429603995755315,-5.671875,0,0,0.03980162301306125,taglish,comment,True,majority,3-0,0,0
t1_p5dm7pj,1,0.8936811685562134,2.12890625,1,1,0.767599910066515,english,comment,True,majority,3-0,1,1
t1_p4st9rn,0,0.8643104434013367,1.8515625,1,1,0.738686798246196,taglish,comment,True,majority,3-0,0,0
t1_p3g3bgw,0,0.10932482779026031,-2.09765625,0,0,0.23554345471940907,taglish,comment,True,majority,3-0,0,0
t1_p5b5hbz,0,0.9702399373054504,3.484375,1,1,0.8760493964035578,english,comment,True,adjudicator,2-1,0,0
t1_p7a36dh,0,0.010248602367937565,-4.5703125,0,0,0.07142513528514348,english,comment,True,majority,3-0,0,0
t1_p796743,1,0.014503578655421734,-4.21875,0,0,0.08566964496627434,taglish,comment,True,adjudicator,2-1,1,1
t1_p79tvkg,1,0.8749346137046814,1.9453125,1,1,0.7487148261704495,taglish,comment,True,unanimous,3-0,1,1
t1_p7l1ig6,0,0.007011795416474342,-4.953125,0,0,0.058422948549715636,tagalog,comment,True,adjudicator,2-1,0,0
t1_p7fvb3b,0,0.9469902515411377,2.8828125,1,1,0.8345085990223173,tagalog,comment,True,adjudicator,2-1,0,1
t1_p5l9l30,0,0.031143829226493835,-3.4375,0,0,0.12683564972975103,taglish,comment,True,majority,3-0,0,0
t1_p7jdi0d,0,0.00172745855525136,-6.359375,0,0,0.027409364507913175,english,comment,True,majority,3-0,0,0
t1_p5ytdtr,0,0.05749328061938286,-2.796875,0,0,0.1722601584661797,taglish,comment,True,majority,3-0,0,0
t1_p77yljm,0,0.0037654140032827854,-5.578125,0,0,0.04186186029469008,english,comment,True,majority,3-0,0,0
t1_p2ypu78,1,0.6783269047737122,0.74609375,1,1,0.6031795397580109,tagalog,comment,True,unanimous,3-0,1,1
t1_p5z8f79,0,0.20370754599571228,-1.36328125,0,0,0.31753661729747157,taglish,comment,True,adjudicator,2-1,0,0
t1_p3e3pq4,0,0.01196109689772129,-4.4140625,0,0,0.0774643051258434,taglish,comment,True,unanimous,3-0,0,0
t1_p66tpb2,0,0.002714985515922308,-5.90625,0,0,0.03506792766728798,english,comment,True,majority,3-0,0,0
t1_p6xupxo,0,0.030675798654556274,-3.453125,0,0,0.12586764516332577,english,comment,True,adjudicator,2-1,0,1
t1_p4vjm7i,0,0.4234579801559448,-0.30859375,0,0,0.45680980912701724,tagalog,comment,True,adjudicator,2-1,0,0
t1_p4nak5b,0,0.4475809931755066,-0.21044921875,0,0,0.47050662073901234,english,comment,True,majority,3-0,0,0
t1_p5ihcoy,0,0.008985428139567375,-4.703125,0,0,0.06663666124058804,english,comment,True,adjudicator,2-1,0,1
t1_p6s0q0m,0,0.05877655744552612,-2.7734375,0,0,0.1741438148299405,taglish,comment,True,majority,3-0,0,0
t3_1vk6m52,0,0.009268012829124928,-4.671875,0,0,0.06773581365504945,taglish,submission,True,unanimous,3-0,0,0
t1_p46ija3,0,0.05460060387849808,-2.8515625,0,0,0.16792776485306188,taglish,comment,True,majority,3-0,0,0
t1_p50fbrs,0,0.5131805539131165,0.052734375,1,0,0.5073985017808412,tagalog,comment,True,adjudicator,2-1,0,0
t1_p5034yw,1,0.008985428139567375,-4.703125,0,0,0.06663666124058804,taglish,comment,True,majority,3-0,1,1
t1_p7b7xq0,0,0.7898827195167542,1.32421875,1,1,0.6776936049749758,english,comment,True,unanimous,3-0,0,0
t1_p6nuzog,1,0.9469902515411377,2.8828125,1,1,0.8345085990223173,english,comment,True,majority,3-0,1,1
t1_p509n2f,0,0.3153141736984253,-0.775390625,0,0,0.3928916803535219,taglish,comment,True,majority,3-0,0,0
t1_p3qfzqe,0,0.002396730938926339,-6.03125,0,0,0.0327699441846116,taglish,comment,True,majority,3-0,0,0
t1_p767qhe,1,0.8349459171295166,1.62109375,1,1,0.7129608936101534,tagalog,comment,True,adjudicator,3-0,1,1
t1_p3fs17k,0,0.08269734680652618,-2.40625,0,0,0.20579482589623288,tagalog,comment,True,majority,3-0,0,0
t1_p50i3ky,0,0.9566342234611511,3.09375,1,1,0.8502175666922986,taglish,comment,True,majority,3-0,0,0
t1_p4tg9di,0,0.954647421836853,3.046875,1,1,0.8468363849792074,tagalog,comment,True,adjudicator,2-1,0,1
t1_p6scwsx,0,0.027376487851142883,-3.5703125,0,0,0.11880764935351044,english,comment,True,majority,3-0,0,0
t1_p6rzert,0,0.004609572235494852,-5.375,0,0,0.04668080399614382,english,comment,True,majority,3-0,0,0
t1_p5i1uq3,0,0.34246155619621277,-0.65234375,0,0,0.4094799738126161,english,comment,True,adjudicator,2-1,0,1
t1_p3f8mlm,1,0.9949396848678589,5.28125,1,1,0.9509210747848829,english,comment,True,adjudicator,2-1,1,1
t1_p7e3dl1,0,0.04177388176321983,-3.1328125,0,0,0.147011961808062,english,comment,True,adjudicator,2-1,0,0
t1_p6ywmi2,0,0.3225259780883789,-0.7421875,0,0,0.3973453165705439,taglish,comment,True,majority,3-0,0,0
t1_p3jz6za,0,0.0017007224960252643,-6.375,0,0,0.027176559742674317,english,comment,True,majority,3-0,0,0
t1_p67kt9n,0,0.005301895085722208,-5.234375,0,0,0.050321377804759926,taglish,comment,True,majority,3-0,0,0
t1_p67vyc3,0,0.0061929901130497456,-5.078125,0,0,0.05468125029979338,tagalog,comment,True,majority,3-0,0,0
t1_p65pbc7,0,0.06187598779797554,-2.71875,0,0,0.17860215449972872,tagalog,comment,True,adjudicator,2-1,0,0
t1_p5898ke,0,0.008985428139567375,-4.703125,0,0,0.06663666124058804,taglish,comment,True,adjudicator,2-1,0,0
t1_p7bjlmq,0,0.6139311790466309,0.4638671875,1,1,0.5647190476782352,taglish,comment,True,unanimous,3-0,0,0
t1_p6xgz2j,1,0.01798621006309986,-4.0,0,0,0.09578820210071033,tagalog,comment,True,adjudicator,2-1,1,1
t1_p5cnoit,0,0.9879462122917175,4.40625,1,1,0.9222217733045935,tagalog,comment,True,adjudicator,2-1,0,1
t1_p79tkvu,0,0.0028449094388633966,-5.859375,0,0,0.03596910275109087,english,comment,True,majority,3-0,0,0
t1_p5ccd6g,0,0.3965354859828949,-0.419921875,0,0,0.44135290042643155,tagalog,comment,True,adjudicator,2-1,0,0
t1_p6x4kqb,1,0.03594832494854927,-3.2890625,0,0,0.13635218673027982,english,comment,True,adjudicator,2-1,1,1
t1_p3bv2j9,0,0.00130450667347759,-6.640625,0,0,0.023501137303335463,english,comment,True,majority,3-0,0,0
t1_p74rzdi,0,0.37570643424987793,-0.5078125,0,0,0.4292283563905044,tagalog,comment,True,adjudicator,2-1,0,0
t1_p6z0md9,0,0.00482972152531147,-5.328125,0,0,0.04786560306024229,tagalog,comment,True,adjudicator,2-1,0,0
t1_p6z63wn,0,0.008847354911267757,-4.71875,0,0,0.06609331635272746,english,comment,True,majority,3-0,0,0
t1_p6snw48,0,0.005730246659368277,-5.15625,0,0,0.05245854405776818,tagalog,comment,True,adjudicator,2-1,0,1
t1_p5zgd61,0,0.01353214867413044,-4.2890625,0,0,0.08262872124457442,english,comment,True,majority,3-0,0,0
t1_p40mjue,0,0.005384938325732946,-5.21875,0,0,0.0507421083497877,taglish,comment,True,adjudicator,2-1,0,0
t1_p2zx3qg,0,0.753829300403595,1.119140625,1,1,0.6520577103520082,tagalog,comment,True,adjudicator,2-1,0,0
t1_p4mcm4v,1,0.9734434485435486,3.6015625,1,1,0.8830162544510719,taglish,comment,True,majority,3-0,1,1
t1_p4mdscq,0,0.0027576221618801355,-5.890625,0,0,0.03536587535984611,taglish,comment,True,majority,3-0,0,0
t1_p77vte9,0,0.034100428223609924,-3.34375,0,0,0.13277802322326884,english,comment,True,adjudicator,2-1,0,0
t1_p56tc7c,0,0.2620856761932373,-1.03515625,0,0,0.35871131299781256,taglish,comment,True,majority,3-0,0,0
t1_p570gq4,0,0.23091977834701538,-1.203125,0,0,0.3373265067895513,tagalog,comment,True,adjudicator,2-1,0,1
t1_p7iajx6,0,0.005139610730111599,-5.265625,0,0,0.04948980911482951,taglish,comment,True,majority,3-0,0,0
t1_p4pupu7,0,0.0023231625091284513,-6.0625,0,0,0.03221857586181331,taglish,comment,True,majority,3-0,0,0
t1_p4q85h6,0,0.0832919254899025,-2.3984375,0,0,0.20651238678507694,taglish,comment,True,majority,3-0,0,0
t1_p56r0lz,0,0.29462069272994995,-0.873046875,0,0,0.3798980455153463,taglish,comment,True,adjudicator,2-1,0,0
t1_p6x3dor,1,0.07696083933115005,-2.484375,0,0,0.19872084784765706,tagalog,comment,True,majority,3-0,1,1
t1_p3lgy3u,0,0.05460060387849808,-2.8515625,0,0,0.16792776485306188,taglish,comment,True,unanimous,3-0,0,0
t1_p51ebvn,0,0.023870835080742836,-3.7109375,0,0,0.11079036025808993,english,comment,True,majority,3-0,0,0
t1_p75ofnj,1,0.8998278379440308,2.1953125,1,1,0.7741819754807724,tagalog,comment,True,majority,3-0,1,1
t1_p7lm414,0,0.41099265217781067,-0.35986328125,0,0,0.44967932456921517,tagalog,comment,True,majority,3-0,0,0
t1_p7lr7hp,0,0.3429014980792999,-0.650390625,0,0,0.4097450569228413,tagalog,comment,True,majority,3-0,0,0
t1_p6z0lga,0,0.034618839621543884,-3.328125,0,0,0.13379103891782268,tagalog,comment,True,majority,3-0,0,0
t1_p5qt44u,0,0.00970847625285387,-4.625,0,0,0.06941609501300891,english,comment,True,majority,3-0,0,0
t1_p7j0fuj,0,0.07807817310094833,-2.46875,0,0,0.20012087061933004,taglish,comment,True,majority,3-0,0,0
t1_p6dlj67,0,0.0032224843744188547,-5.734375,0,0,0.038482500701258325,english,comment,True,unanimous,3-0,0,0
t1_p7l474i,1,0.019271137192845345,-3.9296875,0,0,0.09926102258586998,taglish,comment,True,majority,3-0,1,1
t1_p68nj1y,0,0.002396730938926339,-6.03125,0,0,0.0327699441846116,taglish,comment,True,majority,3-0,0,0
t1_p5dmlgf,0,0.003429603995755315,-5.671875,0,0,0.03980162301306125,english,comment,True,unanimous,3-0,0,0
t1_p73mcow,0,0.05921025201678276,-2.765625,0,0,0.17477530184898396,taglish,comment,True,majority,3-0,0,0
t1_p7j4az2,0,0.9858275651931763,4.2421875,1,1,0.9153551012818522,tagalog,comment,True,adjudicator,2-1,0,1
t1_p514hk4,0,0.11047115921974182,-2.0859375,0,0,0.23672977311931143,taglish,comment,True,majority,3-0,0,0
t1_p7aqfg2,0,0.011331754736602306,-4.46875,0,0,0.07529917047428657,english,comment,True,unanimous,3-0,0,0
t1_p4i7379,1,0.006797531619668007,-4.984375,0,0,0.05746560126766683,tagalog,comment,True,adjudicator,2-1,1,1
t1_p4dgecm,0,0.00985985528677702,-4.609375,0,0,0.06998470904260001,taglish,comment,True,majority,3-0,0,0
t1_p7hwhl9,0,0.29746994376182556,-0.859375,0,0,0.38170729386616903,tagalog,comment,True,adjudicator,2-1,0,1
t1_p4zwijb,0,0.0427221953868866,-3.109375,0,0,0.1486691180986134,tagalog,comment,True,adjudicator,2-1,0,0
t1_p72i3dh,0,0.038756195455789566,-3.2109375,0,0,0.1415983309442,taglish,comment,True,adjudicator,2-1,0,0
t1_p7b51zi,1,0.04084571823477745,-3.15625,0,0,0.14537012303369642,taglish,comment,True,adjudicator,2-1,1,1
t1_p3mk15j,0,0.004609572235494852,-5.375,0,0,0.04668080399614382,english,comment,True,unanimous,3-0,0,0
t1_p76m5bt,0,0.9849274158477783,4.1796875,1,1,0.9125974404629934,english,comment,True,adjudicator,2-1,0,0
t1_p7518kr,1,0.06097517907619476,-2.734375,0,0,0.17731930155821943,tagalog,comment,True,majority,3-0,1,1
t1_p4stnfe,0,0.1204388216137886,-1.98828125,0,0,0.246775348593799,tagalog,comment,True,adjudicator,2-1,0,1
t1_p3k03nh,0,0.0071214293129742146,-4.9375,0,0,0.05890721370277696,taglish,comment,True,majority,3-0,0,0
t1_p6y249q,0,0.04885777831077576,-2.96875,0,0,0.15893754376032795,tagalog,comment,True,unanimous,3-0,0,0
t1_p5dfsas,0,0.9477691650390625,2.8984375,1,1,0.8357161155455608,taglish,comment,True,unanimous,3-0,0,0
t1_p3egqib,0,0.008711384609341621,-4.734375,0,0,0.0655540906515723,taglish,comment,True,majority,3-0,0,0
t1_p3etqi4,1,0.15662017464637756,-1.68359375,0,0,0.2799146433091645,tagalog,comment,True,adjudicator,2-1,1,1
t1_p1tgod4,0,0.0753123015165329,-2.5078125,0,0,0.19663464615543252,tagalog,comment,True,adjudicator,2-1,0,0
t1_p7k6xn5,0,0.09401018172502518,-2.265625,0,0,0.2189939078096188,english,comment,True,adjudicator,2-1,0,0
t1_p27mrqh,0,0.008847354911267757,-4.71875,0,0,0.06609331635272746,taglish,comment,True,adjudicator,2-1,0,1
t1_p6d5a9r,0,0.024798156693577766,-3.671875,0,0,0.1129686311742134,taglish,comment,True,majority,3-0,0,0
t1_p6d602e,0,0.2114168107509613,-1.31640625,0,0,0.323264850214417,taglish,comment,True,majority,3-0,0,0
t1_p7bsvbl,0,0.020023442804813385,-3.890625,0,0,0.10123842100878153,english,comment,True,adjudicator,2-1,0,1
t1_p3k8lgh,0,0.028652667999267578,-3.5234375,0,0,0.12158960364901414,tagalog,comment,True,unanimous,3-0,0,0
t1_p3equtk,0,0.024798156693577766,-3.671875,0,0,0.1129686311742134,taglish,comment,True,unanimous,3-0,0,0
t1_p6p92x5,0,0.012722708284854889,-4.3515625,0,0,0.0800084759519686,tagalog,comment,True,adjudicator,2-1,0,0
t1_p5s22l7,0,0.0024726232513785362,-6.0,0,0,0.033330423307864405,english,comment,True,majority,3-0,0,0
t1_p76j7qh,0,0.004399413242936134,-5.421875,0,0,0.04552392962098087,tagalog,comment,True,adjudicator,2-1,0,1
t1_p4dhebd,0,0.027169233188033104,-3.578125,0,0,0.1183493799509177,taglish,comment,True,majority,3-0,0,0
t1_p76r2xi,0,0.03541072830557823,-3.3046875,0,0,0.1353228084907594,tagalog,comment,True,adjudicator,2-1,0,0
t1_p6xyzvj,0,0.13072869181632996,-1.89453125,0,0,0.25668510415159007,tagalog,comment,True,adjudicator,3-0,0,0
t1_p6vzgnz,0,0.6433292627334595,0.58984375,1,1,0.5820120656370013,tagalog,comment,True,adjudicator,2-1,0,1
t1_p7bf5ws,0,0.007577240467071533,-4.875,0,0,0.06088213319794229,tagalog,comment,True,majority,3-0,0,0
t1_p7i40j4,0,0.0032224843744188547,-5.734375,0,0,0.038482500701258325,tagalog,comment,True,majority,3-0,0,0
t1_p6mgw4q,0,0.020645931363105774,-3.859375,0,0,0.10284543006797023,tagalog,comment,True,adjudicator,2-1,0,0
t1_p5c7omv,1,0.328529417514801,-0.71484375,0,0,0.40102586511679683,english,comment,True,majority,3-0,1,1
t1_p7comku,0,0.01912403479218483,-3.9375,0,0,0.09886968975576954,tagalog,comment,True,adjudicator,2-1,0,0
t1_p7mvzml,0,0.14854057133197784,-1.74609375,0,0,0.27289932701217595,tagalog,comment,True,adjudicator,2-1,0,0
t1_p6ke3xw,0,0.2512800693511963,-1.091796875,0,0,0.3514320778090659,tagalog,comment,True,adjudicator,2-1,0,0
t1_p6rox95,0,0.017576880753040314,-4.0234375,0,0,0.09465495160918425,tagalog,comment,True,majority,3-0,0,0
t1_p6x3bf7,0,0.9945307374000549,5.203125,1,1,0.9488338329543397,tagalog,comment,True,adjudicator,2-1,0,0
t1_p3nt7nq,0,0.005139610730111599,-5.265625,0,0,0.04948980911482951,taglish,comment,True,majority,3-0,0,0
t1_p570nj4,0,0.0443485863506794,-3.0703125,0,0,0.1514652736366868,tagalog,comment,True,adjudicator,2-1,0,0
t1_p7akr6w,0,0.026759279891848564,-3.59375,0,0,0.11743743134493874,taglish,comment,True,unanimous,3-0,0,0
t1_p7klc7o,0,0.9688562154769897,3.4375,1,1,0.8731643502702489,taglish,comment,True,majority,3-0,0,0
t1_p2ultws,0,0.010328153148293495,-4.5625,0,0,0.07171648585065865,taglish,comment,True,unanimous,3-0,0,0
t1_p515im6,1,0.9732407331466675,3.59375,1,1,0.8825625686550613,tagalog,comment,True,adjudicator,2-1,1,1
t1_p517aep,0,0.39163854718208313,-0.4404296875,0,0,0.43851702794602027,taglish,comment,True,adjudicator,2-1,0,0
t1_p3gjm0x,0,0.004399413242936134,-5.421875,0,0,0.04552392962098087,taglish,comment,True,majority,3-0,0,0
t1_p51b5y4,0,0.7065955400466919,0.87890625,1,1,0.6208763293373577,tagalog,comment,True,adjudicator,2-1,0,1
t1_p75wlro,0,0.025565214455127716,-3.640625,0,0,0.11473806914808991,english,comment,True,unanimous,3-0,0,0
t1_p7435vc,0,0.9575962424278259,3.1171875,1,1,0.8518849736259597,tagalog,comment,True,adjudicator,2-1,0,1
t1_p7e3jrl,0,0.004133968148380518,-5.484375,0,0,0.044023851448754196,taglish,comment,True,unanimous,3-0,0,0
t1_p57rbor,0,0.590779185295105,0.3671875,1,0,0.5513376996419416,tagalog,comment,True,adjudicator,2-1,0,1
t1_p7e4oey,1,0.9853842854499817,4.2109375,1,1,0.9139862818701574,taglish,comment,True,majority,3-0,1,1
t1_p6yeybg,0,0.048496000468730927,-2.9765625,0,0,0.15835230001766082,taglish,comment,True,majority,3-0,0,0
t1_p3a6b8z,0,0.0838903859257698,-2.390625,0,0,0.20723179680951578,taglish,comment,True,unanimous,3-0,0,0
t1_p6fpm8n,0,0.005384938325732946,-5.21875,0,0,0.0507421083497877,taglish,comment,True,unanimous,3-0,0,0
t1_p6x7e3c,1,0.053403329104185104,-2.875,0,0,0.1660978226258223,tagalog,comment,True,majority,3-0,1,1
t1_p7lhzij,1,0.7221353054046631,0.955078125,1,1,0.6308859611223768,tagalog,comment,True,unanimous,3-0,1,1
t1_p2f82p9,0,0.9130584001541138,2.3515625,1,1,0.7891434097231649,taglish,comment,True,adjudicator,2-1,0,0
t1_p69zn8v,0,0.022977370768785477,-3.75,0,0,0.10864894634012695,tagalog,comment,True,adjudicator,2-1,0,0
t1_p4v58lq,1,0.005469274707138538,-5.203125,0,0,0.05116616704566037,tagalog,comment,True,adjudicator,2-1,1,1
t1_p50sx7y,0,0.004399413242936134,-5.421875,0,0,0.04552392962098087,taglish,comment,True,majority,3-0,0,0
t1_p4zxpkq,0,0.012053778395056725,-4.40625,0,0,0.0777782266954065,taglish,comment,True,majority,3-0,0,0
t1_p50j0ac,0,0.008187909610569477,-4.796875,0,0,0.06343785762569767,taglish,comment,True,unanimous,3-0,0,0
t1_p500nuq,0,0.09009299427270889,-2.3125,0,0,0.21452762956359298,english,comment,True,unanimous,3-0,0,0
t1_p3kjj5w,0,0.007577240467071533,-4.875,0,0,0.06088213319794229,english,comment,True,majority,3-0,0,0
t1_p5rwjuo,0,0.0030278346966952085,-5.796875,0,0,0.037205403298071545,taglish,comment,True,unanimous,3-0,0,0
t3_1vjvros,0,0.9686195850372314,3.4296875,1,1,0.8726779660185299,tagalog,submission,True,majority,3-0,0,0
t1_p5cc6mt,0,0.04535258188843727,-3.046875,0,0,0.15316361502079268,english,comment,True,adjudicator,2-1,0,0
t1_p5gu672,1,0.026155617088079453,-3.6171875,0,0,0.11608093443551244,taglish,comment,True,majority,3-0,1,1
t1_p56ube0,0,0.8238958716392517,1.54296875,1,1,0.7039047658804367,tagalog,comment,True,adjudicator,2-1,0,1
t1_p56ss9e,0,0.001622967072762549,-6.421875,0,0,0.02648962118429965,taglish,comment,True,adjudicator,2-1,0,0
t1_p3km5es,0,0.6575384140014648,0.65234375,1,1,0.590520026187384,tagalog,comment,True,adjudicator,2-1,0,1
t1_p6yxi0s,0,0.6834195256233215,0.76953125,1,1,0.6063236540990227,tagalog,comment,True,adjudicator,2-1,0,0
t1_p4x6g2g,0,0.1778108775615692,-1.53125,0,0,0.2974678515943747,english,comment,True,majority,3-0,0,0
t1_p76ojbn,0,0.0026730059180408716,-5.921875,0,0,0.034772399618271686,english,comment,True,majority,3-0,0,0
t1_p6vvs2w,1,0.9876639246940613,4.3828125,1,1,0.9212730080026528,english,comment,True,majority,3-0,1,1
t1_p657tbd,0,0.3426814675331116,-0.6513671875,0,0,0.40961250880171035,english,comment,True,adjudicator,2-1,0,1
t1_p6dhcd8,0,0.8092760443687439,1.4453125,1,1,0.6923554058838737,taglish,comment,True,adjudicator,2-1,0,1
t1_p6xg4if,0,0.0032730652019381523,-5.71875,0,0,0.03880829284256241,english,comment,True,majority,3-0,0,0
t1_p7bbozl,0,0.013636835850775242,-4.28125,0,0,0.08296168937462702,tagalog,comment,True,adjudicator,2-1,0,0
t1_p7k5zbv,1,0.04535258188843727,-3.046875,0,0,0.15316361502079268,taglish,comment,True,adjudicator,2-1,1,1
t1_p6s67b3,0,0.7676898241043091,1.1953125,1,1,0.6616926695169381,tagalog,comment,True,adjudicator,2-1,0,1
t1_p7cuyvj,0,0.00482972152531147,-5.328125,0,0,0.04786560306024229,taglish,comment,True,unanimous,3-0,0,0
t1_p74ve93,0,0.002396730938926339,-6.03125,0,0,0.0327699441846116,english,comment,True,majority,3-0,0,0
t1_p74pqmh,0,0.015189048834145069,-4.171875,0,0,0.08775292459448782,tagalog,comment,True,adjudicator,2-1,0,1
t1_p5pbwr5,0,0.04084571823477745,-3.15625,0,0,0.14537012303369642,english,comment,True,majority,3-0,0,0
t1_p5omyji,0,0.0059110685251653194,-5.125,0,0,0.05333719673018011,taglish,comment,True,majority,3-0,0,0
t1_p6rhuik,0,0.015072628855705261,-4.1796875,0,0,0.08740255953700671,taglish,comment,True,unanimous,3-0,0,0
t1_p7ifa0o,1,0.012241275049746037,-4.390625,0,0,0.07840956668395933,english,comment,True,adjudicator,2-1,1,1
t1_p7kknye,0,0.005469274707138538,-5.203125,0,0,0.05116616704566037,taglish,comment,True,majority,3-0,0,0
t1_p2x47yo,0,0.07864238321781158,-2.4609375,0,0,0.2008236502458881,english,comment,True,majority,3-0,0,0
t1_p6eids9,0,0.00214894930832088,-6.140625,0,0,0.030879115996896037,taglish,comment,True,majority,3-0,0,0
t1_p76285e,0,0.1431877166032791,-1.7890625,0,0,0.26814051562606006,taglish,comment,True,unanimous,3-0,0,0
t1_p7bj4st,0,0.0055549247190356255,-5.1875,0,0,0.051593577040579104,taglish,comment,True,unanimous,3-0,0,0
t1_p7airw8,0,0.5176318287849426,0.070556640625,1,0,0.5098983505301226,taglish,comment,True,majority,3-0,0,0
t1_p73wuws,0,0.15974101424217224,-1.66015625,0,0,0.2825736251183488,taglish,comment,True,adjudicator,2-1,0,1
t1_p3ke9rx,0,0.005641908384859562,-5.171875,0,0,0.05202436159031638,english,comment,True,majority,3-0,0,0
t1_p7cm5o9,0,0.022977370768785477,-3.75,0,0,0.10864894634012695,taglish,comment,True,adjudicator,2-1,0,0
t1_p4du5ih,0,0.0030278346966952085,-5.796875,0,0,0.037205403298071545,english,comment,True,majority,3-0,0,0
t1_p510zkq,0,0.8267117738723755,1.5625,1,1,0.7061842841648699,tagalog,comment,True,adjudicator,2-1,0,1
t1_p76j0sy,0,0.0025509123224765062,-5.96875,0,0,0.03390015257688779,taglish,comment,True,majority,3-0,0,0
t1_p753tau,0,0.006692850962281227,-5.0,0,0,0.05699246963116262,tagalog,comment,True,majority,3-0,0,0
t1_p6xe1ts,0,0.0541987307369709,-2.859375,0,0,0.16731600261379145,english,comment,True,majority,3-0,0,0
t1_p6l35h6,0,0.0022872276604175568,-6.078125,0,0,0.03194626518022632,tagalog,comment,True,majority,3-0,0,0
t1_p3s504y,0,0.0204885546118021,-3.8671875,0,0,0.1024415730182427,taglish,comment,True,majority,3-0,0,0
t1_p7bzeup,0,0.07696083933115005,-2.484375,0,0,0.19872084784765706,tagalog,comment,True,majority,3-0,0,0
t1_p79ecqn,0,0.057918090373277664,-2.7890625,0,0,0.17288624482551115,english,comment,True,adjudicator,2-1,0,0
t1_p4p8bvr,0,0.0060975621454417706,-5.09375,0,0,0.05422972408507728,english,comment,True,majority,3-0,0,0
t1_p5itg7e,1,0.41063815355300903,-0.361328125,0,0,0.44947588579447567,english,comment,True,adjudicator,2-1,1,0
t1_p5fpvqy,0,0.011687257327139378,-4.4375,0,0,0.07652949281507797,taglish,comment,True,unanimous,3-0,0,0
t1_p56v9u9,0,0.0792103260755539,-2.453125,0,0,0.20152827606711135,taglish,comment,True,majority,3-0,0,0
t1_p76qwcu,0,0.9246877431869507,2.5078125,1,1,0.8033653538445674,tagalog,comment,True,adjudicator,2-1,0,1
t1_p6z6epo,0,0.032344330102205276,-3.3984375,0,0,0.12928352362245082,tagalog,comment,True,adjudicator,2-1,0,1
t1_p3difvl,1,0.021948251873254776,-3.796875,0,0,0.10612730090202734,taglish,comment,True,unanimous,3-0,1,1
t1_p3kosqw,0,0.025371311232447624,-3.6484375,0,0,0.11429346109055416,tagalog,comment,True,adjudicator,2-1,0,1
t1_p5ihpji,0,0.005384938325732946,-5.21875,0,0,0.0507421083497877,tagalog,comment,True,adjudicator,2-1,0,1
t1_p7jbjjc,0,0.018124721944332123,-3.9921875,0,0,0.09616863983263639,english,comment,True,majority,3-0,0,0
t1_p4net0h,0,0.0024726232513785362,-6.0,0,0,0.033330423307864405,english,comment,True,majority,3-0,0,0
t1_p4miji8,0,0.3363310694694519,-0.6796875,0,0,0.40577439840117835,tagalog,comment,True,adjudicator,2-1,0,0
t1_p78s50r,0,0.0034834241960197687,-5.65625,0,0,0.04013811663035982,english,comment,True,adjudicator,2-1,0,0
t1_p3kj419,0,0.00941259041428566,-4.65625,0,0,0.06829167392178001,english,comment,True,majority,3-0,0,0
t1_p5wj2ku,0,0.9273633360862732,2.546875,1,1,0.8068055148071267,english,comment,True,adjudicator,2-1,0,1
t1_p58va0p,1,0.9817357659339905,3.984375,1,1,0.9034495728067894,taglish,comment,True,adjudicator,2-1,1,0
t1_p4u0btx,0,0.012336100451648235,-4.3828125,0,0,0.0787269919973473,taglish,comment,True,unanimous,3-0,0,0
t1_p7jqarc,0,0.03649376332759857,-3.2734375,0,0,0.13738815112565847,english,comment,True,majority,3-0,0,0
t1_p67vk7r,0,0.013121269643306732,-4.3203125,0,0,0.08130897835262446,english,comment,True,majority,3-0,0,0
t1_p58ucht,0,0.3065270483493805,-0.81640625,0,0,0.3874146968401453,english,comment,True,adjudicator,2-1,0,1
t1_p465g9d,0,0.004755199886858463,-5.34375,0,0,0.04746753054191497,taglish,comment,True,adjudicator,2-1,0,0
t1_p50t6p6,1,0.2925952970981598,-0.8828125,0,0,0.37860776242497485,english,comment,True,adjudicator,2-1,1,1
t1_p4zyqfc,0,0.011158031411468983,-4.484375,0,0,0.07469084511175098,tagalog,comment,True,adjudicator,2-1,0,1
t1_p503bad,0,0.15921740233898163,-1.6640625,0,0,0.2821293995731884,taglish,comment,True,majority,3-0,0,0
t1_p7kao2a,0,0.004755199886858463,-5.34375,0,0,0.04746753054191497,tagalog,comment,True,majority,3-0,0,0
t1_p67j2mc,0,0.006589771714061499,-5.015625,0,0,0.05652299982418538,tagalog,comment,True,majority,3-0,0,0
t1_p6gv4u5,0,0.008985428139567375,-4.703125,0,0,0.06663666124058804,english,comment,True,majority,3-0,0,0
t1_p661azn,1,0.9643214344978333,3.296875,1,1,0.8641633242009482,english,comment,True,majority,3-0,1,1
t3_1vikkpz,0,0.863391637802124,1.84375,1,1,0.7378395563144706,taglish,submission,True,adjudicator,2-1,0,0
t1_p6z3f4r,0,0.005469274707138538,-5.203125,0,0,0.05116616704566037,english,comment,True,majority,3-0,0,0
t1_p589q0r,0,0.6592954993247986,0.66015625,1,1,0.591579831194202,tagalog,comment,True,adjudicator,2-1,0,1
t1_p4n6x5q,1,0.7397986054420471,1.044921875,1,1,0.6425484913551464,taglish,comment,True,majority,3-0,1,1
t1_p5iikoh,0,0.684264063835144,0.7734375,1,1,0.606846825678608,tagalog,comment,True,adjudicator,2-1,0,1
t1_p5i3caa,0,0.01652955636382103,-4.0859375,0,0,0.09169145914485885,taglish,comment,True,unanimous,3-0,0,0
t1_p4n9a42,0,0.004755199886858463,-5.34375,0,0,0.04746753054191497,english,comment,True,majority,3-0,0,0
t1_p4ms7si,0,0.014842418022453785,-4.1953125,0,0,0.08670562207766436,tagalog,comment,True,adjudicator,2-1,0,1
t1_p78dkdt,0,0.33111974596977234,-0.703125,0,0,0.40260669319316567,taglish,comment,True,adjudicator,2-1,0,1
t1_p6xspd1,0,0.5879431366920471,0.35546875,1,0,0.5497102583753845,tagalog,comment,True,adjudicator,2-1,0,1
t1_p786g4y,0,0.0024726232513785362,-6.0,0,0,0.033330423307864405,english,comment,True,majority,3-0,0,0
t1_p73tcqr,0,0.2458084672689438,-1.12109375,0,0,0.347693637316418,taglish,comment,True,majority,3-0,0,0
t1_p5jjvc9,0,0.6199315786361694,0.4892578125,1,1,0.5682185757115285,english,comment,True,majority,3-0,0,0
t1_p514efx,0,0.01578456163406372,-4.1328125,0,0,0.08952385343834743,english,comment,True,unanimous,3-0,0,0
t1_p53vm77,0,0.35331663489341736,-0.6044921875,0,0,0.41598929910534993,english,comment,True,adjudicator,2-1,0,1
t1_p7741aw,0,0.11838509887456894,-2.0078125,0,0,0.24474350695381236,tagalog,comment,True,unanimous,3-0,0,0
t1_p5ckfsi,0,0.011244560591876507,-4.4765625,0,0,0.0749944409907977,english,comment,True,majority,3-0,0,0
t1_p5bzxqy,0,0.0034834241960197687,-5.65625,0,0,0.04013811663035982,english,comment,True,majority,3-0,0,0
t1_p5jpg3o,0,0.43905574083328247,-0.2449951171875,0,0,0.46567933985548665,tagalog,comment,True,adjudicator,2-1,0,0
t1_p7iqa3d,0,0.12463856488466263,-1.94921875,0,0,0.2508729357645311,tagalog,comment,True,adjudicator,2-1,0,0
t1_p5j96ub,0,0.2857704162597656,-0.916015625,0,0,0.3742337287521863,english,comment,True,unanimous,3-0,0,0
t1_p5jcfy6,0,0.06371499598026276,-2.6875,0,0,0.18118962685121043,tagalog,comment,True,adjudicator,2-1,0,0
t1_p5z1pun,0,0.011869121342897415,-4.421875,0,0,0.0771515445816443,tagalog,comment,True,adjudicator,3-0,0,0
t1_p75wctw,0,0.07055959850549698,-2.578125,0,0,0.1904754578640063,taglish,comment,True,majority,3-0,0,0
t1_p5wvdca,1,0.9905874133110046,4.65625,1,1,0.9317083260782201,taglish,comment,True,unanimous,3-0,1,1
t1_p7ac8ad,0,0.37662312388420105,-0.50390625,0,0,0.42976553623931557,tagalog,comment,True,adjudicator,2-1,0,0
t1_p70dx7c,0,0.002082970691844821,-6.171875,0,0,0.030358563117324502,taglish,comment,True,unanimous,3-0,0,0
t1_p75paso,0,0.4883444011211395,-0.046630859375,0,0,0.4934577021589162,taglish,comment,True,adjudicator,2-1,0,1
t1_p7m2zbp,0,0.5033568739891052,0.013427734375,1,0,0.5018840063624398,tagalog,comment,True,adjudicator,2-1,0,0
t1_p5pjwsh,0,0.0028449094388633966,-5.859375,0,0,0.03596910275109087,english,comment,True,majority,3-0,0,0
t1_p6t2rai,1,0.7520126104354858,1.109375,1,1,0.650813207298798,english,comment,True,unanimous,3-0,1,1
t1_p75cezi,0,0.005384938325732946,-5.21875,0,0,0.0507421083497877,english,comment,True,majority,3-0,0,0
t1_p3n1rjf,0,0.0024726232513785362,-6.0,0,0,0.033330423307864405,taglish,comment,True,adjudicator,2-1,0,1
t1_p5rbv9j,0,0.7732163667678833,1.2265625,1,1,0.6656075497056452,taglish,comment,True,adjudicator,2-1,0,0
t1_p3gclze,0,0.018124721944332123,-3.9921875,0,0,0.09616863983263639,taglish,comment,True,unanimous,3-0,0,0
t1_p4zw6fh,1,0.3411433696746826,-0.658203125,0,0,0.40868504065558636,taglish,comment,True,adjudicator,2-1,1,0
t1_p170sk2,0,0.0060975621454417706,-5.09375,0,0,0.05422972408507728,tagalog,comment,True,majority,3-0,0,0
t1_p7b78u4,0,0.007937993854284286,-4.828125,0,0,0.06240377989960103,english,comment,True,adjudicator,2-1,0,0
t1_p27u5zq,1,0.026155617088079453,-3.6171875,0,0,0.11608093443551244,taglish,comment,True,unanimous,3-0,1,1
t1_p7b31me,0,0.9376689791679382,2.7109375,1,1,0.8207537004127434,english,comment,True,adjudicator,2-1,0,0
t1_p5d40vk,0,0.0071214293129742146,-4.9375,0,0,0.05890721370277696,tagalog,comment,True,adjudicator,2-1,0,0
t1_p7l0ksb,0,0.025565214455127716,-3.640625,0,0,0.11473806914808991,tagalog,comment,True,adjudicator,2-1,0,1
t1_p2tp8go,0,0.00941259041428566,-4.65625,0,0,0.06829167392178001,taglish,comment,True,majority,3-0,0,0
t1_p2s1lp7,0,0.7341195344924927,1.015625,1,1,0.6387632348903027,tagalog,comment,True,adjudicator,2-1,0,0
t1_p50wfiv,0,0.029535338282585144,-3.4921875,0,0,0.12347527629739392,tagalog,comment,True,adjudicator,2-1,0,0
t1_p6zs8qi,0,0.03934250399470329,-3.1953125,0,0,0.14266756969366423,english,comment,True,majority,3-0,0,0
t1_p75cfk1,0,0.005384938325732946,-5.21875,0,0,0.0507421083497877,english,comment,True,majority,3-0,0,0
t1_p73ltjr,0,0.03676946833729744,-3.265625,0,0,0.13790861038900745,english,comment,True,majority,3-0,0,0
t1_p6xbx7v,0,0.29462069272994995,-0.873046875,0,0,0.3798980455153463,tagalog,comment,True,adjudicator,2-1,0,0
t1_p79m7m2,0,0.36296921968460083,-0.5625,0,0,0.4217258877319548,english,comment,True,majority,3-0,0,0
t1_p7bx5xc,0,0.003429603995755315,-5.671875,0,0,0.03980162301306125,taglish,comment,True,majority,3-0,0,0
t1_p3te8we,0,0.025565214455127716,-3.640625,0,0,0.11473806914808991,taglish,comment,True,majority,3-0,0,0
t1_p4zwdd5,0,0.017442483454942703,-4.03125,0,0,0.09427987731951111,taglish,comment,True,majority,3-0,0,0
t1_p30mdif,0,0.011597361415624619,-4.4453125,0,0,0.07622019472374213,english,comment,True,adjudicator,2-1,0,1
t1_p6ktn2q,0,0.4451676905155182,-0.22021484375,0,0,0.469141419407269,taglish,comment,True,adjudicator,2-1,0,0
t1_p7dyjvh,0,0.0384661927819252,-3.21875,0,0,0.1410662254350857,taglish,comment,True,unanimous,3-0,0,0
t1_p7je7gw,0,0.0032730652019381523,-5.71875,0,0,0.03880829284256241,english,comment,True,majority,3-0,0,0
t1_p4zdtln,0,0.004468384198844433,-5.40625,0,0,0.04590648823794653,tagalog,comment,True,adjudicator,2-1,0,0
t1_p7haar9,0,0.012624949216842651,-4.359375,0,0,0.07968633064317103,english,comment,True,adjudicator,2-1,0,0
t1_p5158zq,0,0.010652512311935425,-4.53125,0,0,0.07289288473313968,tagalog,comment,True,unanimous,3-0,0,0
t1_p73rln3,0,0.5046004056930542,0.018402099609375,1,0,0.5025819343526664,taglish,comment,True,unanimous,3-0,0,0
t1_p7idnnt,0,0.006589771714061499,-5.015625,0,0,0.05652299982418538,tagalog,comment,True,majority,3-0,0,0
t3_1vmczp1,0,0.8638516664505005,1.84765625,1,1,0.738263398557351,tagalog,submission,True,majority,3-0,0,0
t1_p6br5ul,0,0.011508148163557053,-4.453125,0,0,0.07591204391995358,taglish,comment,True,unanimous,3-0,0,0
t1_p7hc5tm,0,0.0333368256688118,-3.3671875,0,0,0.13127068594921007,tagalog,comment,True,adjudicator,2-1,0,1
t1_p7jeqsz,0,0.00214894930832088,-6.140625,0,0,0.030879115996896037,english,comment,True,majority,3-0,0,0
t1_p6x2xeo,1,0.2062538117170334,-1.34765625,0,0,0.31944000619947577,tagalog,comment,True,majority,3-0,1,1
t1_p6x3gua,1,0.9585376977920532,3.140625,1,1,0.8535370162345663,taglish,comment,True,majority,3-0,1,1
t1_p4yivgr,1,0.9504110217094421,2.953125,1,1,0.8398867075375318,taglish,comment,True,majority,3-0,1,1
t1_p6x7o6u,1,0.43308210372924805,-0.269287109375,0,0,0.4622886828858313,tagalog,comment,True,adjudicator,2-1,1,1
t1_p55v84k,0,0.722527027130127,0.95703125,1,1,0.6311411846977478,tagalog,comment,True,unanimous,3-0,0,0
t1_p7mcjoy,0,0.014281933195888996,-4.234375,0,0,0.08498523875850678,tagalog,comment,True,majority,3-0,0,0
t1_p79p7nm,0,0.057918090373277664,-2.7890625,0,0,0.17288624482551115,taglish,comment,True,majority,3-0,0,0
t1_p4q8v9j,0,0.19930799305438995,-1.390625,0,0,0.31422034609134175,english,comment,True,adjudicator,2-1,0,1
t1_p4temin,0,0.2849738299846649,-0.919921875,0,0,0.3737204693871181,tagalog,comment,True,majority,3-0,0,0
t1_p74ely0,0,0.9190633296966553,2.4296875,1,1,0.7963467646206168,taglish,comment,True,adjudicator,2-1,0,0
t1_p74smsg,0,0.26971012353897095,-0.99609375,0,0,0.3637699115725777,tagalog,comment,True,unanimous,3-0,0,0
t1_p3f7adt,0,0.004198795650154352,-5.46875,0,0,0.04439439053631127,english,comment,True,majority,3-0,0,0
t1_p5iuqzb,0,0.0025509123224765062,-5.96875,0,0,0.03390015257688779,taglish,comment,True,unanimous,3-0,0,0
t1_p3e1jwn,0,0.00628990214318037,-5.0625,0,0,0.055136316831376604,taglish,comment,True,majority,3-0,0,0
t1_p50qob0,0,0.028870904818177223,-3.515625,0,0,0.12205868275301007,taglish,comment,True,majority,3-0,0,0
t1_p50sale,0,0.02080449089407921,-3.8515625,0,0,0.10325069609876944,tagalog,comment,True,adjudicator,3-0,0,0
t1_p66vjwx,0,0.03963883966207504,-3.1875,0,0,0.14320470845148725,tagalog,comment,True,majority,3-0,0,0
t1_p7b1m6h,0,0.596433162689209,0.390625,1,0,0.5545892522963968,english,comment,True,adjudicator,2-1,0,0
t1_p764s1y,0,0.04958902671933174,-2.953125,0,0,0.16011329246246825,tagalog,comment,True,adjudicator,2-1,0,0
t1_p4ut050,1,0.7453983426094055,1.07421875,1,1,0.646316045735151,english,comment,True,majority,3-0,1,1
t1_p501scw,0,0.010735162533819675,-4.5234375,0,0,0.07318975050142194,taglish,comment,True,majority,3-0,0,0
t1_p63qyw4,0,0.0032730652019381523,-5.71875,0,0,0.03880829284256241,tagalog,comment,True,adjudicator,2-1,0,0
t1_p5bsp12,0,0.023689471185207367,-3.71875,0,0,0.11035914250177101,taglish,comment,True,majority,3-0,0,0
t1_p3k99yb,0,0.9230391979217529,2.484375,1,1,0.8012791521523429,english,comment,True,adjudicator,2-1,0,0
t1_p7bgqoa,1,0.005220125894993544,-5.25,0,0,0.049903952370373685,english,comment,True,adjudicator,3-0,1,0
t1_p76rjoy,0,0.007695646956562996,-4.859375,0,0,0.061385453495215354,english,comment,True,majority,3-0,0,0
t1_p5dlyeh,0,0.6194713115692139,0.4873046875,1,1,0.56794961829499,taglish,comment,True,unanimous,3-0,0,0
t1_p656d1x,0,0.004331502132117748,-5.4375,0,0,0.045144408184000756,english,comment,True,adjudicator,2-1,0,0
t1_p6xzha6,0,0.008985428139567375,-4.703125,0,0,0.06663666124058804,english,comment,True,adjudicator,2-1,0,0
t1_p7gyxym,0,0.005819959565997124,-5.140625,0,0,0.05289614791248486,tagalog,comment,True,adjudicator,2-1,0,1
t1_p6d4a5h,0,0.004198795650154352,-5.46875,0,0,0.04439439053631127,taglish,comment,True,majority,3-0,0,0
t1_p5rot3a,0,0.03514484316110611,-3.3125,0,0,0.13481058187319245,taglish,comment,True,adjudicator,2-1,0,0
t1_p5dbgir,0,0.5957277417182922,0.3876953125,1,0,0.5541830578376088,tagalog,comment,True,adjudicator,2-1,0,0
t1_p3z7dpc,0,0.09568693488836288,-2.24609375,0,0,0.2208744955774763,taglish,comment,True,majority,3-0,0,0
t1_p6x6bxk,0,0.08210662752389908,-2.4140625,0,0,0.20507911389366132,tagalog,comment,True,adjudicator,2-1,0,1
t1_p7ktpl9,0,0.00955939944833517,-4.640625,0,0,0.06885175885281816,taglish,comment,True,unanimous,3-0,0,0
t1_p7knb3a,0,0.0035380858462303877,-5.640625,0,0,0.04047733513175872,taglish,comment,True,unanimous,3-0,0,0
t1_p5z2zvd,1,0.03308597952127457,-3.375,0,0,0.13077147780252674,tagalog,comment,True,majority,3-0,1,1
t1_p6tr1qe,1,0.3763938844203949,-0.5048828125,0,0,0.42963122571867324,tagalog,comment,True,majority,3-0,1,1
t1_p2xa3p1,0,0.03488088399171829,-3.3203125,0,0,0.1342999930013936,english,comment,True,majority,3-0,0,0
t1_p50qk1g,0,0.07316472381353378,-2.5390625,0,0,0.1938788366624697,taglish,comment,True,unanimous,3-0,0,0
t1_p50qzrv,1,0.6136996746063232,0.462890625,1,1,0.5645843192610971,tagalog,comment,True,adjudicator,2-1,1,0
t1_p44rmvn,0,0.04208773002028465,-3.125,0,0,0.1475626418079445,english,comment,True,majority,3-0,0,0
t1_p7lgfcn,0,0.012336100451648235,-4.3828125,0,0,0.0787269919973473,taglish,comment,True,majority,3-0,0,0
t1_p3r6p6x,0,0.023330770432949066,-3.734375,0,0,0.10950111626204115,tagalog,comment,True,adjudicator,2-1,0,0
t1_p50izq3,0,0.0018969200318679214,-6.265625,0,0,0.02884741709539808,taglish,comment,True,majority,3-0,0,0
t1_p50nzwd,0,0.5127536058425903,0.051025390625,1,0,0.5071587688362442,taglish,comment,True,majority,3-0,0,0
t1_p2vjmz5,0,0.002082970691844821,-6.171875,0,0,0.030358563117324502,tagalog,comment,True,majority,3-0,0,0
t1_p7bm5y3,0,0.28378137946128845,-0.92578125,0,0,0.3729511133504921,tagalog,comment,True,majority,3-0,0,0
t1_p74e40k,0,0.010818448849022388,-4.515625,0,0,0.07348772946012651,english,comment,True,majority,3-0,0,0
t1_p3yznzs,0,0.48701006174087524,-0.051971435546875,0,0,0.492708521441294,tagalog,comment,True,adjudicator,2-1,0,0
t1_p7e3klb,0,0.001838665222749114,-6.296875,0,0,0.02836011183776671,taglish,comment,True,majority,3-0,0,0
t1_p3zvxdr,0,0.006692850962281227,-5.0,0,0,0.05699246963116262,taglish,comment,True,unanimous,3-0,0,0
t1_p74l3ot,0,0.010169658809900284,-4.578125,0,0,0.07113487763926989,tagalog,comment,True,adjudicator,2-1,0,0
t1_p7jl1kj,1,0.007460643537342548,-4.890625,0,0,0.06038267430548501,english,comment,True,majority,3-0,1,1
t1_p704rmf,0,0.012053778395056725,-4.40625,0,0,0.0777782266954065,english,comment,True,majority,3-0,0,0
t1_p513w3g,1,0.9637799859046936,3.28125,1,1,0.8631306557962583,english,comment,True,majority,3-0,1,1
t1_p7dpbba,0,0.001838665222749114,-6.296875,0,0,0.02836011183776671,taglish,comment,True,adjudicator,2-1,0,1
t1_p511mps,1,0.9790357351303101,3.84375,1,1,0.8963426254189787,taglish,comment,True,majority,3-0,1,1
t1_p4suo52,0,0.04115288704633713,-3.1484375,0,0,0.14591570505458368,taglish,comment,True,majority,3-0,0,0
t1_p6y037g,0,0.0027576221618801355,-5.890625,0,0,0.03536587535984611,english,comment,True,majority,3-0,0,0
t1_p742mvf,0,0.028652667999267578,-3.5234375,0,0,0.12158960364901414,taglish,comment,True,unanimous,3-0,0,0
t1_p7buldv,0,0.0037654140032827854,-5.578125,0,0,0.04186186029469008,taglish,comment,True,unanimous,3-0,0,0
t1_p7ck1ue,0,0.00178219610825181,-6.328125,0,0,0.027880802061822113,english,comment,True,majority,3-0,0,0
t1_p760b01,0,0.6281793713569641,0.5244140625,1,1,0.5730527839742516,tagalog,comment,True,majority,3-0,0,0
t1_p79hd8z,0,0.0027576221618801355,-5.890625,0,0,0.03536587535984611,english,comment,True,majority,3-0,0,0
t1_p79fo73,0,0.03358950838446617,-3.359375,0,0,0.13177151088374428,tagalog,comment,True,adjudicator,2-1,0,0
t1_p5fv6sf,1,0.87364661693573,1.93359375,1,1,0.7474754142132647,english,comment,True,adjudicator,2-1,1,1
t1_p6s69yr,0,0.00172745855525136,-6.359375,0,0,0.027409364507913175,english,comment,True,majority,3-0,0,0
t1_p7la0pf,0,0.012241275049746037,-4.390625,0,0,0.07840956668395933,english,comment,True,majority,3-0,0,0
t1_p6k0olj,0,0.005060331430286169,-5.28125,0,0,0.04907892521511716,taglish,comment,True,unanimous,3-0,0,0
t1_p7cooem,0,0.2778647243976593,-0.955078125,0,0,0.3691140388776231,tagalog,comment,True,adjudicator,2-1,0,1
t1_p7kvr87,0,0.009125636890530586,-4.6875,0,0,0.06718415156459706,english,comment,True,unanimous,3-0,0,0
t1_p50fdri,0,0.013222821988165379,-4.3125,0,0,0.08163710159189876,english,comment,True,majority,3-0,0,0
t1_p764y35,0,0.01615283451974392,-4.109375,0,0,0.0906018199205981,taglish,comment,True,majority,3-0,0,0
t1_p50s65k,1,0.06608537584543228,-2.6484375,0,0,0.18446489551692447,english,comment,True,adjudicator,2-1,1,1
t1_p74auzk,0,0.07211221009492874,-2.5546875,0,0,0.1925119724599428,english,comment,True,majority,3-0,0,0
t1_p226o49,0,0.13846179842948914,-1.828125,0,0,0.2638602316370612,taglish,comment,True,unanimous,3-0,0,0
t1_p75ptee,0,0.1352320909500122,-1.85546875,0,0,0.2608902449420991,tagalog,comment,True,majority,3-0,0,0
t1_p50lxlv,0,0.20497775077819824,-1.35546875,0,0,0.3184875543316448,tagalog,comment,True,adjudicator,2-1,0,1
t1_p7k6mih,0,0.018978038802742958,-3.9453125,0,0,0.098479731061289,tagalog,comment,True,adjudicator,2-1,0,0
t1_p5ih7nx,0,0.18892180919647217,-1.45703125,0,0,0.30624548788765493,tagalog,comment,True,adjudicator,2-1,0,0
t1_p5i4hvt,0,0.001867565792053938,-6.28125,0,0,0.02860275726348513,taglish,comment,True,unanimous,3-0,0,0
t1_p584lsx,0,0.010652512311935425,-4.53125,0,0,0.07289288473313968,english,comment,True,majority,3-0,0,0
t1_p3xraqe,0,0.7620701193809509,1.1640625,1,1,0.6577555227916471,tagalog,comment,True,adjudicator,2-1,0,1
t1_p4mavs0,0,0.25275275111198425,-1.083984375,0,0,0.35243210283162946,tagalog,comment,True,adjudicator,2-1,0,0
t1_p7a8s27,0,0.8122723698616028,1.46484375,1,1,0.694685272155854,taglish,comment,True,majority,3-0,0,0
t1_p7a7fkl,0,0.006388320587575436,-5.046875,0,0,0.05559494777820731,taglish,comment,True,majority,3-0,0,0
t1_p6x6kjl,0,0.006797531619668007,-4.984375,0,0,0.05746560126766683,english,comment,True,adjudicator,2-1,0,1
t1_p5evs12,0,0.7424216866493225,1.05859375,1,1,0.6443089097496307,tagalog,comment,True,adjudicator,2-1,0,1
t1_p2xcwww,0,0.2422056347131729,-1.140625,0,0,0.34521169736200547,taglish,comment,True,unanimous,3-0,0,0
t1_p7e88qt,0,0.00970847625285387,-4.625,0,0,0.06941609501300891,taglish,comment,True,unanimous,3-0,0,0
t1_p7eoik5,0,0.0384661927819252,-3.21875,0,0,0.1410662254350857,english,comment,True,adjudicator,2-1,0,0
t1_p743b24,0,0.6435533165931702,0.5908203125,1,1,0.5821453925782654,taglish,comment,True,unanimous,3-0,0,0
t1_p5f9wh2,0,0.0020190139766782522,-6.203125,0,0,0.029846515336618872,taglish,comment,True,majority,3-0,0,0
t1_p7hocjp,0,0.018124721944332123,-3.9921875,0,0,0.09616863983263639,taglish,comment,True,majority,3-0,0,0
t1_p7hbz5y,1,0.9750121831893921,3.6640625,1,1,0.8865912545400466,tagalog,comment,True,adjudicator,2-1,1,0
t1_p7i7oz5,1,0.1710611879825592,-1.578125,0,0,0.2919994999950376,tagalog,comment,True,adjudicator,2-1,1,0
t1_p7k4xld,0,0.0064882696606218815,-5.03125,0,0,0.056057167341406984,taglish,comment,True,unanimous,3-0,0,0
t1_p5rpqpe,0,0.18359361588954926,-1.4921875,0,0,0.30206960233369157,tagalog,comment,True,adjudicator,2-1,0,0
t1_p6eld8l,0,0.00178219610825181,-6.328125,0,0,0.027880802061822113,english,comment,True,majority,3-0,0,0
t1_p48bcl6,0,0.13161905109882355,-1.88671875,0,0,0.257522571874944,taglish,comment,True,unanimous,3-0,0,0
t1_p655j54,0,0.04177388176321983,-3.1328125,0,0,0.147011961808062,taglish,comment,True,unanimous,3-0,0,0
t1_p73o9cq,0,0.8727816939353943,1.92578125,1,1,0.7466468940419143,english,comment,True,unanimous,3-0,0,0
t1_p5s5mjv,0,0.04501553252339363,-3.0546875,0,0,0.15259577476947273,taglish,comment,True,majority,3-0,0,0
t1_p4bsnv1,0,0.9804313778877258,3.9140625,1,1,0.8999521753709541,tagalog,comment,True,majority,3-0,0,0
t1_p6mzzu2,0,0.700894832611084,0.8515625,1,1,0.6172573711245029,taglish,comment,True,majority,3-0,0,0
t1_p3k7vlg,0,0.4130035638809204,-0.3515625,0,0,0.45083246028942175,tagalog,comment,True,adjudicator,2-1,0,1
t1_p50kr51,0,0.011508148163557053,-4.453125,0,0,0.07591204391995358,english,comment,True,majority,3-0,0,0
t3_1vqe0cr,0,0.0039454069919884205,-5.53125,0,0,0.042929858226661524,taglish,submission,True,majority,3-0,0,0
t1_p50a60d,0,0.018689310178160667,-3.9609375,0,0,0.09770392209211286,english,comment,True,majority,3-0,0,0
t1_p7lhn75,0,0.00628990214318037,-5.0625,0,0,0.055136316831376604,taglish,comment,True,majority,3-0,0,0
t1_p5z5ipw,0,0.007460643537342548,-4.890625,0,0,0.06038267430548501,tagalog,comment,True,adjudicator,3-0,0,0
t1_p3merrd,0,0.21535076200962067,-1.29296875,0,0,0.3261491121511422,taglish,comment,True,adjudicator,2-1,0,0
t1_p5z7dkf,0,0.16132023930549622,-1.6484375,0,0,0.2839088420723646,taglish,comment,True,unanimous,3-0,0,0
t1_p7iw054,0,0.9053223133087158,2.2578125,1,1,0.7802552427093555,tagalog,comment,True,unanimous,3-0,0,0
t1_p4biygx,0,0.17895588278770447,-1.5234375,0,0,0.29838496508075474,english,comment,True,majority,3-0,0,0
t1_p75uf71,0,0.29421496391296387,-0.875,0,0,0.3796398524022143,english,comment,True,majority,3-0,0,0
t1_p4mctow,0,0.9549844264984131,3.0546875,1,1,0.8474042252305273,tagalog,comment,True,adjudicator,2-1,0,0
t1_p5dtsdj,0,0.4160846769809723,-0.3388671875,0,0,0.4525970975015722,taglish,comment,True,adjudicator,2-1,0,0
t1_p6y2rz2,0,0.0039454069919884205,-5.53125,0,0,0.042929858226661524,english,comment,True,majority,3-0,0,0
t1_p7d121o,0,0.8354835510253906,1.625,1,1,0.7134093349022393,taglish,comment,True,adjudicator,2-1,0,0
t1_p38hels,0,0.6433292627334595,0.58984375,1,1,0.5820120656370013,tagalog,comment,True,adjudicator,2-1,0,0
t1_p5zzaj2,0,0.04208773002028465,-3.125,0,0,0.1475626418079445,taglish,comment,True,adjudicator,2-1,0,1
t1_p79bp22,0,0.0025114635936915874,-5.984375,0,0,0.03361412289700238,tagalog,comment,True,adjudicator,2-1,0,0
t1_p2y196r,0,0.0034834241960197687,-5.65625,0,0,0.04013811663035982,taglish,comment,True,majority,3-0,0,0
t1_p7l4qss,0,0.10230471193790436,-2.171875,0,0,0.22812592706477403,taglish,comment,True,majority,3-0,0,0
t1_p6et3yt,0,0.0032730652019381523,-5.71875,0,0,0.03880829284256241,tagalog,comment,True,majority,3-0,0,0
t1_p5za4gp,0,0.007937993854284286,-4.828125,0,0,0.06240377989960103,taglish,comment,True,adjudicator,3-0,0,0
t1_p3ealbk,0,0.00985985528677702,-4.609375,0,0,0.06998470904260001,taglish,comment,True,unanimous,3-0,0,0
t1_p4zc7k9,1,0.9876639246940613,4.3828125,1,1,0.9212730080026528,taglish,comment,True,majority,3-0,1,1
t1_p56sonm,0,0.046378206461668015,-3.0234375,0,0,0.15487752366531465,english,comment,True,majority,3-0,0,0
t1_p56eroe,1,0.6693126559257507,0.705078125,1,1,0.5976569196996107,taglish,comment,True,majority,3-0,1,1
t1_p7axnlo,1,0.01342825498431921,-4.296875,0,0,0.08229696955871754,english,comment,True,adjudicator,2-1,1,0
t1_p6rxbx6,0,0.02909075655043125,-3.5078125,0,0,0.12252931908333224,tagalog,comment,True,adjudicator,3-0,0,1
t1_p56zaib,0,0.6331834197044373,0.5458984375,1,1,0.5760002280315992,english,comment,True,adjudicator,2-1,0,1
t1_p5zafuy,0,0.008847354911267757,-4.71875,0,0,0.06609331635272746,english,comment,True,majority,3-0,0,0
t1_p6y7pio,0,0.0384661927819252,-3.21875,0,0,0.1410662254350857,tagalog,comment,True,adjudicator,2-1,0,0
t1_p6sdk5b,0,0.011072159744799137,-4.4921875,0,0,0.07438837942535584,english,comment,True,majority,3-0,0,0
t1_p4sx1e4,1,0.21933749318122864,-1.26953125,0,0,0.3290465956439702,tagalog,comment,True,adjudicator,2-1,1,1
t1_p7kix8h,0,0.22202469408512115,-1.25390625,0,0,0.3309855171348798,taglish,comment,True,unanimous,3-0,0,0
t1_p50eivj,0,0.007815889082849026,-4.84375,0,0,0.06189266057309455,taglish,comment,True,majority,3-0,0,0
t1_p4zz5m8,0,0.8860265612602234,2.05078125,1,1,0.7596865974914273,taglish,comment,True,adjudicator,2-1,0,1
t1_p50oacc,0,0.15052762627601624,-1.73046875,0,0,0.27464282591495537,english,comment,True,majority,3-0,0,0
t1_p40w4c5,0,0.0019877743907272816,-6.21875,0,0,0.02959364019431563,taglish,comment,True,majority,3-0,0,0
t1_p6m99jg,0,0.0033766122069209814,-5.6875,0,0,0.03946783436124254,taglish,comment,True,majority,3-0,0,0
t1_p4zw37q,1,0.522445797920227,0.08984375,1,0,0.5126031047984726,taglish,comment,True,majority,3-0,1,1
t1_p5dwkcb,1,0.5589289665222168,0.23681640625,1,0,0.5331783523844118,taglish,comment,True,unanimous,3-0,1,1
t1_p6y4fmz,0,0.023689471185207367,-3.71875,0,0,0.11035914250177101,english,comment,True,adjudicator,2-1,0,0
t1_p7jczbh,1,0.0032730652019381523,-5.71875,0,0,0.03880829284256241,english,comment,True,adjudicator,2-1,1,0
t1_p2zw8oh,0,0.005301895085722208,-5.234375,0,0,0.050321377804759926,tagalog,comment,True,adjudicator,3-0,0,0
t1_p73m7fg,0,0.004538431763648987,-5.390625,0,0,0.04629210575307723,english,comment,True,majority,3-0,0,0
t1_p73mgga,0,0.0071214293129742146,-4.9375,0,0,0.05890721370277696,tagalog,comment,True,majority,3-0,0,0
t1_p7jkrnn,0,0.007232763804495335,-4.921875,0,0,0.05939523969881319,tagalog,comment,True,adjudicator,2-1,0,1
t1_p4nkkv3,0,0.004609572235494852,-5.375,0,0,0.04668080399614382,english,comment,True,unanimous,3-0,0,0
t1_p4q9za0,0,0.053799647837877274,-2.8671875,0,0,0.16670602251748057,english,comment,True,adjudicator,2-1,0,0
t1_p7c4tmm,0,0.03384403511881828,-3.3515625,0,0,0.13227395563575836,taglish,comment,True,unanimous,3-0,0,0
t1_p6eqhjg,0,0.002082970691844821,-6.171875,0,0,0.030358563117324502,taglish,comment,True,unanimous,3-0,0,0
t1_p4u1uis,1,0.022116590291261673,-3.7890625,0,0,0.10654396344742949,english,comment,True,adjudicator,2-1,1,1
t1_p5ad4jk,0,0.037326887249946594,-3.25,0,0,0.13895449744469376,tagalog,comment,True,adjudicator,2-1,0,0
t1_p3jzkmd,0,0.16451646387577057,-1.625,0,0,0.2865906650977607,taglish,comment,True,majority,3-0,0,0
t1_p7bmq1p,0,0.0037654140032827854,-5.578125,0,0,0.04186186029469008,tagalog,comment,True,majority,3-0,0,0
t1_p7jm4ni,0,0.36500388383865356,-0.5537109375,0,0,0.42292930175610316,tagalog,comment,True,adjudicator,2-1,0,0
t1_p7c62qa,0,0.9529258608818054,3.0078125,1,1,0.8439711900768474,tagalog,comment,True,adjudicator,2-1,0,1
t1_p5cl3xm,0,0.9394705891609192,2.7421875,1,1,0.8233194093109045,taglish,comment,True,adjudicator,2-1,0,0
t1_p7bvma7,0,0.00628990214318037,-5.0625,0,0,0.055136316831376604,tagalog,comment,True,majority,3-0,0,0
t1_p79e778,0,0.06465348601341248,-2.671875,0,0,0.18249426910314143,tagalog,comment,True,adjudicator,2-1,0,1
t1_p76idpi,0,0.004681822843849659,-5.359375,0,0,0.04707260490830975,taglish,comment,True,unanimous,3-0,0,0
t1_p3qp9i0,0,0.08756383508443832,-2.34375,0,0,0.2115870984139343,taglish,comment,True,majority,3-0,0,0
t1_p5isuuo,0,0.007577240467071533,-4.875,0,0,0.06088213319794229,english,comment,True,adjudicator,2-1,0,0
t1_p5incbq,0,0.04023794084787369,-3.171875,0,0,0.14428403841391374,tagalog,comment,True,adjudicator,2-1,0,0
t1_p7ib0q0,1,0.9753900170326233,3.6796875,1,1,0.8874699919102498,taglish,comment,True,unanimous,3-0,1,1
t1_p6bufix,0,0.05749328061938286,-2.796875,0,0,0.1722601584661797,tagalog,comment,True,unanimous,3-0,0,0
t1_p7ax9hc,0,0.029535338282585144,-3.4921875,0,0,0.12347527629739392,tagalog,comment,True,adjudicator,2-1,0,0
t3_1vna3cl,0,0.20370754599571228,-1.36328125,0,0,0.31753661729747157,taglish,submission,True,majority,3-0,0,0
t1_p2tp8yk,0,0.008985428139567375,-4.703125,0,0,0.06663666124058804,english,comment,True,adjudicator,2-1,0,0
t1_p74oy14,0,0.00857748556882143,-4.75,0,0,0.06501895796981078,tagalog,comment,True,majority,3-0,0,0
t1_p5yh286,0,0.02096424251794815,-3.84375,0,0,0.10365737458102126,taglish,comment,True,majority,3-0,0,0
t1_p3buqud,0,0.12463856488466263,-1.94921875,0,0,0.2508729357645311,tagalog,comment,True,adjudicator,2-1,0,1
t1_p7b90uz,0,0.4719533324241638,-0.1123046875,0,0,0.48424799571129906,taglish,comment,True,adjudicator,2-1,0,0
t1_p50hkzl,1,0.7268136143684387,0.978515625,1,1,0.6339437751513771,english,comment,True,adjudicator,2-1,1,0
t1_p27676o,0,0.0034834241960197687,-5.65625,0,0,0.04013811663035982,tagalog,comment,True,adjudicator,3-0,0,0
t1_p7ea9p3,0,0.13161905109882355,-1.88671875,0,0,0.257522571874944,tagalog,comment,True,majority,3-0,0,0
t1_p76qr78,0,0.004468384198844433,-5.40625,0,0,0.04590648823794653,taglish,comment,True,unanimous,3-0,0,0
t1_p47hvja,1,0.10856642574071884,-2.10546875,0,0,0.2347548641860823,taglish,comment,True,majority,3-0,1,1
t1_p77f4p4,0,0.01971912942826748,-3.90625,0,0,0.10044330082524669,english,comment,True,unanimous,3-0,0,0
t1_p5s0ie8,1,0.0034834241960197687,-5.65625,0,0,0.04013811663035982,taglish,comment,True,adjudicator,2-1,1,1
t1_p5n5gge,0,0.0026316740550100803,-5.9375,0,0,0.03447927308211456,english,comment,True,majority,3-0,0,0
t1_p7cplnf,0,0.015424554236233234,-4.15625,0,0,0.08845746489644922,taglish,comment,True,adjudicator,2-1,0,1
t1_p64ib8c,0,0.005301895085722208,-5.234375,0,0,0.050321377804759926,tagalog,comment,True,adjudicator,2-1,0,0
t1_p3kxql2,0,0.0030753696337342262,-5.78125,0,0,0.03752080546289194,english,comment,True,majority,3-0,0,0
t1_p2ytd7e,0,0.003429603995755315,-5.671875,0,0,0.03980162301306125,taglish,comment,True,adjudicator,2-1,0,0
t1_p4mdvr0,0,0.3444434106349945,-0.6435546875,0,0,0.41067325995828496,english,comment,True,adjudicator,2-1,0,0
t1_p3kmmqe,0,0.0036499870475381613,-5.609375,0,0,0.041164027024693184,taglish,comment,True,unanimous,3-0,0,0
t1_p6s9jvf,0,0.017309095710515976,-4.0390625,0,0,0.09390613511795246,taglish,comment,True,majority,3-0,0,0
t1_p789fxp,0,0.007460643537342548,-4.890625,0,0,0.06038267430548501,tagalog,comment,True,adjudicator,2-1,0,0
t1_p78ba67,0,0.047074176371097565,-3.0078125,0,0,0.1560288099231526,taglish,comment,True,adjudicator,2-1,0,0
t1_p2x2qxx,0,0.09842541068792343,-2.21484375,0,0,0.22390744227516576,taglish,comment,True,unanimous,3-0,0,0
t1_p7l1qef,0,0.9643214344978333,3.296875,1,1,0.8641633242009482,taglish,comment,True,unanimous,3-0,0,0
t1_p3841a8,0,0.9676556587219238,3.3984375,1,1,0.8707164763775492,english,comment,True,adjudicator,2-1,0,0
t1_p5e96xb,0,0.0035380858462303877,-5.640625,0,0,0.04047733513175872,taglish,comment,True,majority,3-0,0,0
t1_p6xfvzn,0,0.30404168367385864,-0.828125,0,0,0.385854991354622,taglish,comment,True,unanimous,3-0,0,0
t1_p5f5e8r,0,0.2372223436832428,-1.16796875,0,0,0.3417511304160766,tagalog,comment,True,adjudicator,2-1,0,0
t1_p5inice,1,0.01652955636382103,-4.0859375,0,0,0.09169145914485885,taglish,comment,True,unanimous,3-0,1,1
t1_p7jty2q,0,0.9656413197517395,3.3359375,1,1,0.86671628334748,tagalog,comment,True,adjudicator,2-1,0,0
t1_p7jv0ob,0,0.4853557348251343,-0.05859375,0,0,0.49177958320207255,english,comment,True,unanimous,3-0,0,0
t1_p72zfo4,0,0.6766198873519897,0.73828125,1,1,0.6021295908091929,tagalog,comment,True,adjudicator,2-1,0,1
t1_p74y1de,0,0.006692850962281227,-5.0,0,0,0.05699246963116262,english,comment,True,unanimous,3-0,0,0
t1_p7fo1ph,0,0.1650540828704834,-1.62109375,0,0,0.2870391063898467,taglish,comment,True,adjudicator,2-1,0,1
t1_p4y0tpn,0,0.8860265612602234,2.05078125,1,1,0.7596865974914273,taglish,comment,True,adjudicator,2-1,0,0
t1_p7hc4va,0,0.0037654140032827854,-5.578125,0,0,0.04186186029469008,taglish,comment,True,majority,3-0,0,0
t1_p7jslnr,0,0.16079242527484894,-1.65234375,0,0,0.2834633468330027,english,comment,True,adjudicator,2-1,0,1
t3_1vmfdu4,0,0.016029147431254387,-4.1171875,0,0,0.09024120547074826,taglish,submission,True,adjudicator,2-1,0,0
t1_p7goh43,0,0.004681822843849659,-5.359375,0,0,0.04707260490830975,taglish,comment,True,unanimous,3-0,0,0
t1_p6s4bxj,1,0.5860491394996643,0.34765625,1,0,0.5486247040334558,taglish,comment,True,adjudicator,2-1,1,1
t1_p73lp9u,0,0.00978387612849474,-4.6171875,0,0,0.06969986562620782,english,comment,True,majority,3-0,0,0
t1_p501rgp,0,0.04778006672859192,-2.9921875,0,0,0.15718706254654902,taglish,comment,True,majority,3-0,0,0
t1_p511am0,0,0.1063188686966896,-2.12890625,0,0,0.232400089933485,taglish,comment,True,unanimous,3-0,0,0
t1_p72m2ne,0,0.002115703420713544,-6.15625,0,0,0.030617768234140915,english,comment,True,majority,3-0,0,0
t1_p67xlc9,0,0.0026316740550100803,-5.9375,0,0,0.03447927308211456,taglish,comment,True,majority,3-0,0,0
t1_p3v75o1,0,0.006003595422953367,-5.109375,0,0,0.05378171419221797,taglish,comment,True,adjudicator,2-1,0,1
t1_p2unb9d,0,0.3376401960849762,-0.673828125,0,0,0.40656756271164673,taglish,comment,True,majority,3-0,0,0
t1_p50iuzs,0,0.014172366820275784,-4.2421875,0,0,0.08464489871814775,english,comment,True,majority,3-0,0,0
t1_p7anh8l,1,0.6109178066253662,0.451171875,1,1,0.5629668397665735,taglish,comment,True,adjudicator,2-1,1,0
t1_p6s4gzr,0,0.006903837900608778,-4.96875,0,0,0.057942419339006214,taglish,comment,True,majority,3-0,0,0
t1_p74qmzd,0,0.7345005869865417,1.017578125,1,1,0.6390161282745295,tagalog,comment,True,adjudicator,2-1,0,1
t1_p56tge7,0,0.985042929649353,4.1875,1,1,0.9129465401335177,tagalog,comment,True,adjudicator,2-1,0,0
t1_p7jsvzn,0,0.03622005507349968,-3.28125,0,0,0.13686934420374175,taglish,comment,True,unanimous,3-0,0,0
t1_p3zo2om,0,0.010169658809900284,-4.578125,0,0,0.07113487763926989,taglish,comment,True,majority,3-0,0,0
t1_p7jdld3,0,0.6004226207733154,0.4072265625,1,1,0.5568896281434759,english,comment,True,majority,3-0,0,0
t1_p30lg6j,0,0.0039454069919884205,-5.53125,0,0,0.042929858226661524,english,comment,True,majority,3-0,0,0
t1_p5oeand,0,0.002251847181469202,-6.09375,0,0,0.03167618073058643,english,comment,True,majority,3-0,0,0
t1_p6wcnv1,0,0.8122723698616028,1.46484375,1,1,0.694685272155854,english,comment,True,adjudicator,2-1,0,1
t1_p4rw6f0,0,0.005641908384859562,-5.171875,0,0,0.05202436159031638,english,comment,True,adjudicator,2-1,0,1
t1_p4njhnu,0,0.837619960308075,1.640625,1,1,0.7151989010320726,tagalog,comment,True,adjudicator,2-1,0,0
t1_p5f7dns,0,0.9469902515411377,2.8828125,1,1,0.8345085990223173,tagalog,comment,True,adjudicator,2-1,0,0
t1_p65k14a,0,0.6006569266319275,0.408203125,1,1,0.5570248694030002,tagalog,comment,True,adjudicator,2-1,0,0
t1_p6utghy,0,0.1795305460691452,-1.51953125,0,0,0.2988441306933363,taglish,comment,True,majority,3-0,0,0
t1_p7i7mqf,0,0.001838665222749114,-6.296875,0,0,0.02836011183776671,taglish,comment,True,majority,3-0,0,0
t1_p5x4bpa,0,0.11357959359884262,-2.0546875,0,0,0.2399133962292297,tagalog,comment,True,adjudicator,2-1,0,1
t1_p30on4g,1,0.014957086183130741,-4.1875,0,0,0.0870534598664823,english,comment,True,majority,3-0,1,1
t1_p7693zn,0,0.0037072529084980488,-5.59375,0,0,0.04151154081692565,taglish,comment,True,unanimous,3-0,0,0
t1_p5y72o7,0,0.0027576221618801355,-5.890625,0,0,0.03536587535984611,english,comment,True,majority,3-0,0,0
t1_p4ttar2,0,0.8661325573921204,1.8671875,1,1,0.7403759650411336,taglish,comment,True,unanimous,3-0,0,0
t1_p7jmcko,0,0.814643383026123,1.48046875,1,1,0.6965420243717585,tagalog,comment,True,adjudicator,2-1,0,1
t1_p5crdbp,0,0.06418264657258987,-2.6796875,0,0,0.18184103798719717,english,comment,True,unanimous,3-0,0,0
t1_p79eg95,0,0.06656918674707413,-2.640625,0,0,0.18512541959976891,taglish,comment,True,unanimous,3-0,0,0
t1_p7hh5q0,0,0.002217013156041503,-6.109375,0,0,0.03140830558159979,taglish,comment,True,unanimous,3-0,0,0
t1_p7h0ly2,0,0.02779562398791313,-3.5546875,0,0,0.11972879478400991,tagalog,comment,True,adjudicator,2-1,0,1
t1_p7bu88w,0,0.0038244836032390594,-5.5625,0,0,0.04221500594017596,taglish,comment,True,majority,3-0,0,0
t1_p7alvaf,0,0.004468384198844433,-5.40625,0,0,0.04590648823794653,english,comment,True,majority,3-0,0,0
t1_p51ddqi,0,0.013222821988165379,-4.3125,0,0,0.08163710159189876,tagalog,comment,True,adjudicator,2-1,0,0
t1_p7as6az,0,0.008847354911267757,-4.71875,0,0,0.06609331635272746,tagalog,comment,True,majority,3-0,0,0
t1_p51xptv,0,0.0038244836032390594,-5.5625,0,0,0.04221500594017596,taglish,comment,True,majority,3-0,0,0
t1_p7amptq,0,0.10484336316585541,-2.14453125,0,0,0.23083941597052432,tagalog,comment,True,adjudicator,2-1,0,0
t1_p7h5m1u,0,0.010489092208445072,-4.546875,0,0,0.0723024792169979,taglish,comment,True,majority,3-0,0,0
t1_p75lqbr,0,0.208823561668396,-1.33203125,0,0,0.32134943217081247,taglish,comment,True,majority,3-0,0,0
t1_p7htjrq,0,0.0020190139766782522,-6.203125,0,0,0.029846515336618872,taglish,comment,True,majority,3-0,0,0
t1_p56zxlp,0,0.08210662752389908,-2.4140625,0,0,0.20507911389366132,english,comment,True,unanimous,3-0,0,0
t1_p51z2oj,0,0.00214894930832088,-6.140625,0,0,0.030879115996896037,taglish,comment,True,unanimous,3-0,0,0
t1_p6ztuf8,0,0.005301895085722208,-5.234375,0,0,0.050321377804759926,tagalog,comment,True,majority,3-0,0,0
t1_p73690z,0,0.3363310694694519,-0.6796875,0,0,0.40577439840117835,tagalog,comment,True,adjudicator,2-1,0,1
t1_p50z82d,1,0.08632347732782364,-2.359375,0,0,0.2101279320434098,english,comment,True,majority,3-0,1,1
t1_p517xa6,1,0.8629302382469177,1.83984375,1,1,0.7374152718434652,tagalog,comment,True,adjudicator,2-1,1,1
t1_p6ls6y1,0,0.0030753696337342262,-5.78125,0,0,0.03752080546289194,taglish,comment,True,unanimous,3-0,0,0
t1_p7dxekk,0,0.002396730938926339,-6.03125,0,0,0.0327699441846116,taglish,comment,True,majority,3-0,0,0
t1_p6p30dx,0,0.14804720878601074,-1.75,0,0,0.27246453418392846,english,comment,True,unanimous,3-0,0,0
t1_p4x4z0t,0,0.0034834241960197687,-5.65625,0,0,0.04013811663035982,taglish,comment,True,majority,3-0,0,0
t1_p5883y0,0,0.006388320587575436,-5.046875,0,0,0.05559494777820731,taglish,comment,True,majority,3-0,0,0
t1_p3gkat4,0,0.42679935693740845,-0.294921875,0,0,0.45871438775807666,taglish,comment,True,majority,3-0,0,0
t1_p4xz1az,0,0.0016484829830005765,-6.40625,0,0,0.026716702980587783,english,comment,True,majority,3-0,0,0
t1_p74pu6f,0,0.3697701096534729,-0.533203125,0,0,0.4257408039185099,taglish,comment,True,adjudicator,2-1,0,1
t1_p5b0c5q,0,0.013020490296185017,-4.328125,0,0,0.08098205764106188,english,comment,True,majority,3-0,0,0
t1_p6yeasx,1,0.957912266254425,3.125,1,1,0.8524373581920555,taglish,comment,True,majority,3-0,1,1
t1_p7e2lqi,0,0.007011795416474342,-4.953125,0,0,0.058422948549715636,tagalog,comment,True,majority,3-0,0,0
t1_p5rpg8i,0,0.0541987307369709,-2.859375,0,0,0.16731600261379145,taglish,comment,True,majority,3-0,0,0
t1_p65gf5j,0,0.0030278346966952085,-5.796875,0,0,0.037205403298071545,tagalog,comment,True,adjudicator,2-1,0,0
t1_p7i7877,0,0.002182716503739357,-6.125,0,0,0.03114262290933151,taglish,comment,True,majority,3-0,0,0
t1_p7ldn0g,0,0.0039454069919884205,-5.53125,0,0,0.042929858226661524,taglish,comment,True,unanimous,3-0,0,0
t1_p7lbluu,0,0.009125636890530586,-4.6875,0,0,0.06718415156459706,taglish,comment,True,unanimous,3-0,0,0
t1_p67gtqn,0,0.0060975621454417706,-5.09375,0,0,0.05422972408507728,taglish,comment,True,unanimous,3-0,0,0
t1_p5p4oyd,0,0.001622967072762549,-6.421875,0,0,0.02648962118429965,english,comment,True,majority,3-0,0,0
t1_p6w2hj0,0,0.00806199200451374,-4.8125,0,0,0.06291883703398546,english,comment,True,majority,3-0,0,0
t1_p7b823m,0,0.009125636890530586,-4.6875,0,0,0.06718415156459706,taglish,comment,True,majority,3-0,0,0
t1_p7b762c,1,0.5300540328025818,0.120361328125,1,0,0.5168812091706783,tagalog,comment,True,majority,3-0,1,1
t1_p78wrsu,0,0.024053553119301796,-3.703125,0,0,0.11122305230466425,tagalog,comment,True,adjudicator,2-1,0,1
t1_p7kb5ba,0,0.0060975621454417706,-5.09375,0,0,0.05422972408507728,taglish,comment,True,majority,3-0,0,0
t1_p4ssv2p,0,0.21900326013565063,-1.271484375,0,0,0.3288046376065759,tagalog,comment,True,unanimous,3-0,0,0
t1_p75m85e,0,0.008315778337419033,-4.78125,0,0,0.06396086741332643,taglish,comment,True,majority,3-0,0,0
t1_p77zzxn,0,0.7937461733818054,1.34765625,1,1,0.6805599938005242,tagalog,comment,True,adjudicator,2-1,0,1
t1_p4mdcaf,0,0.2447238266468048,-1.126953125,0,0,0.34694817882301293,tagalog,comment,True,majority,3-0,0,0
t1_p7cb332,0,0.023509452119469643,-3.7265625,0,0,0.10992939563750247,tagalog,comment,True,adjudicator,2-1,0,0
t1_p76mp20,0,0.0030753696337342262,-5.78125,0,0,0.03752080546289194,english,comment,True,adjudicator,2-1,0,0
t1_p5rb5uc,0,0.02931223064661026,-3.5,0,0,0.12300151586076673,taglish,comment,True,majority,3-0,0,0
t1_p68hnvq,0,0.005469274707138538,-5.203125,0,0,0.05116616704566037,english,comment,True,majority,3-0,0,0
t1_p4onbxw,0,0.0037072529084980488,-5.59375,0,0,0.04151154081692565,taglish,comment,True,majority,3-0,0,0
t1_p7er1we,0,0.0023231625091284513,-6.0625,0,0,0.03221857586181331,english,comment,True,majority,3-0,0,0
t1_p77sdo4,0,0.0014779430348426104,-6.515625,0,0,0.02516605964303529,english,comment,True,majority,3-0,0,0
t1_p5xy6zh,0,0.007815889082849026,-4.84375,0,0,0.06189266057309455,taglish,comment,True,majority,3-0,0,0
t1_p7n6ben,0,0.06371499598026276,-2.6875,0,0,0.18118962685121043,tagalog,comment,True,adjudicator,2-1,0,0
t1_p7eipfc,0,0.007232763804495335,-4.921875,0,0,0.05939523969881319,taglish,comment,True,unanimous,3-0,0,0
t1_p4nfcdo,0,0.005819959565997124,-5.140625,0,0,0.05289614791248486,taglish,comment,True,unanimous,3-0,0,0
t1_p3konht,0,0.03514484316110611,-3.3125,0,0,0.13481058187319245,taglish,comment,True,majority,3-0,0,0
t1_p2yph9l,0,0.004133968148380518,-5.484375,0,0,0.044023851448754196,tagalog,comment,True,unanimous,3-0,0,0
t1_p6t9u07,0,0.0023231625091284513,-6.0625,0,0,0.03221857586181331,taglish,comment,True,majority,3-0,0,0
t1_p5qgju6,0,0.6863700151443481,0.783203125,1,1,0.6081536802111621,taglish,comment,True,adjudicator,2-1,0,0
t1_p7b9oyf,0,0.16238003969192505,-1.640625,0,0,0.2848010989679274,taglish,comment,True,unanimous,3-0,0,0
t1_p50n0sd,0,0.02460992895066738,-3.6796875,0,0,0.11253000808975025,english,comment,True,unanimous,3-0,0,0
t1_p7dwlze,0,0.02517884038388729,-3.65625,0,0,0.11385035431227672,taglish,comment,True,unanimous,3-0,0,0
t1_p6qnlfh,0,0.005641908384859562,-5.171875,0,0,0.05202436159031638,english,comment,True,unanimous,3-0,0,0
t1_p7b3yf9,0,0.1431877166032791,-1.7890625,0,0,0.26814051562606006,tagalog,comment,True,majority,3-0,0,0
t1_p74dltk,0,0.005819959565997124,-5.140625,0,0,0.05289614791248486,taglish,comment,True,unanimous,3-0,0,0
t1_p2s2gzc,0,0.01798621006309986,-4.0,0,0,0.09578820210071033,english,comment,True,adjudicator,2-1,0,0
t1_p6r4d0s,0,0.004007288720458746,-5.515625,0,0,0.04329160639553263,tagalog,comment,True,majority,3-0,0,0
t1_p7k60wy,0,0.22135066986083984,-1.2578125,0,0,0.3305002452266541,tagalog,comment,True,adjudicator,2-1,0,0
t1_p548opy,0,0.002251847181469202,-6.09375,0,0,0.03167618073058643,taglish,comment,True,unanimous,3-0,0,0
t1_p50493j,0,0.961243748664856,3.2109375,1,1,0.8584016690558,tagalog,comment,True,adjudicator,2-1,0,0
t1_p6leryv,1,0.14080817997455597,-1.80859375,0,0,0.2659948840998024,tagalog,comment,True,adjudicator,2-1,1,0
t1_p4u40p6,0,0.00941259041428566,-4.65625,0,0,0.06829167392178001,taglish,comment,True,majority,3-0,0,0
t1_p4tc9d3,0,0.7229183912277222,0.958984375,1,1,0.6313963349063947,english,comment,True,adjudicator,2-1,0,1
t1_p5clmlh,0,0.010013570077717304,-4.59375,0,0,0.07055762765579472,taglish,comment,True,majority,3-0,0,0
t1_p5ch1zb,0,0.004133968148380518,-5.484375,0,0,0.044023851448754196,english,comment,True,adjudicator,2-1,0,1
t3_1vhs53z,0,0.0029349515680223703,-5.828125,0,0,0.036582229051434,taglish,submission,True,adjudicator,2-1,0,1
t1_p4tpsa6,0,0.008985428139567375,-4.703125,0,0,0.06663666124058804,english,comment,True,majority,3-0,0,0
t1_p589aw3,0,0.01784873940050602,-4.0078125,0,0,0.09540911049116822,taglish,comment,True,adjudicator,2-1,0,1
t1_p77vhmq,0,0.0016484829830005765,-6.40625,0,0,0.026716702980587783,taglish,comment,True,majority,3-0,0,0
t1_p5jl3dg,0,0.018264278769493103,-3.984375,0,0,0.09655042719321055,taglish,comment,True,majority,3-0,0,0
t1_p6595x1,0,0.0060975621454417706,-5.09375,0,0,0.05422972408507728,tagalog,comment,True,majority,3-0,0,0
t1_p7kkwjh,0,0.027169233188033104,-3.578125,0,0,0.1183493799509177,tagalog,comment,True,adjudicator,2-1,0,1
t1_p72ibpe,0,0.0027576221618801355,-5.890625,0,0,0.03536587535984611,tagalog,comment,True,majority,3-0,0,0
t1_p53kc0j,0,0.0020190139766782522,-6.203125,0,0,0.029846515336618872,tagalog,comment,True,majority,3-0,0,0
t1_p7ab1f2,0,0.0792103260755539,-2.453125,0,0,0.20152827606711135,taglish,comment,True,adjudicator,2-1,0,0
t1_p6y9r2e,0,0.005384938325732946,-5.21875,0,0,0.0507421083497877,english,comment,True,majority,3-0,0,0
t1_p7a8qk5,1,0.04054073989391327,-3.1640625,0,0,0.14482623504479436,taglish,comment,True,majority,3-0,1,1
t1_p6rx9j3,0,0.011869121342897415,-4.421875,0,0,0.0771515445816443,english,comment,True,majority,3-0,0,0
t1_p3siquu,0,0.010489092208445072,-4.546875,0,0,0.0723024792169979,english,comment,True,majority,3-0,0,0
t1_p7axcm7,0,0.8459424376487732,1.703125,1,1,0.7222894526901111,english,comment,True,majority,3-0,0,0
t1_p2s61ly,0,0.006589771714061499,-5.015625,0,0,0.05652299982418538,taglish,comment,True,unanimous,3-0,0,0
t1_p74bw25,0,0.1108555942773819,-2.08203125,0,0,0.23712612732314617,tagalog,comment,True,adjudicator,2-1,0,0
t1_p75itto,0,0.006003595422953367,-5.109375,0,0,0.05378171419221797,taglish,comment,True,majority,3-0,0,0
t1_p685eax,0,0.05541279539465904,-2.8359375,0,0,0.16915664339842235,tagalog,comment,True,adjudicator,2-1,0,0
t1_p3h9md9,0,0.0037072529084980488,-5.59375,0,0,0.04151154081692565,english,comment,True,majority,3-0,0,0
t1_p79v19c,1,0.9246877431869507,2.5078125,1,1,0.8033653538445674,taglish,comment,True,majority,3-0,1,1
t1_p5jarzz,0,0.025371311232447624,-3.6484375,0,0,0.11429346109055416,taglish,comment,True,unanimous,3-0,0,0
t1_p5jimtp,1,0.05582314357161522,-2.828125,0,0,0.16977376346526324,taglish,comment,True,majority,3-0,1,1
t1_p7ciont,0,0.0023596608079969883,-6.046875,0,0,0.03249312981430348,tagalog,comment,True,majority,3-0,0,0
t1_p5jhm4c,0,0.07978201657533646,-2.4453125,0,0,0.20223474856760545,tagalog,comment,True,adjudicator,2-1,0,0
t1_p5d93yl,0,0.022116590291261673,-3.7890625,0,0,0.10654396344742949,english,comment,True,majority,3-0,0,0
t1_p7ckl7z,0,0.3661363422870636,-0.548828125,0,0,0.42359826149160573,tagalog,comment,True,adjudicator,2-1,0,0
t1_p4e9crn,0,0.046378206461668015,-3.0234375,0,0,0.15487752366531465,tagalog,comment,True,adjudicator,2-1,0,0
t1_p4bljcw,0,0.8921873569488525,2.11328125,1,1,0.766031894221832,taglish,comment,True,adjudicator,2-1,0,1
t1_p469u4w,1,0.013222821988165379,-4.3125,0,0,0.08163710159189876,taglish,comment,True,unanimous,3-0,1,1
t1_p7i6zpu,0,0.5412270426750183,0.165283203125,1,0,0.5231739004923619,tagalog,comment,True,majority,3-0,0,0
t1_p2yp9nz,0,0.2620856761932373,-1.03515625,0,0,0.35871131299781256,taglish,comment,True,adjudicator,2-1,0,1
t1_p4mp9bw,0,0.026963496580719948,-3.5859375,0,0,0.11789264171228415,taglish,comment,True,adjudicator,2-1,0,0
t1_p3rqnvc,0,0.00628990214318037,-5.0625,0,0,0.055136316831376604,taglish,comment,True,majority,3-0,0,0
t1_p3hib7w,0,0.03649376332759857,-3.2734375,0,0,0.13738815112565847,taglish,comment,True,unanimous,3-0,0,0
t1_p5cnwp2,1,0.987375020980835,4.359375,1,1,0.9203136693568289,tagalog,comment,True,adjudicator,3-0,1,1
t1_p7jlspi,0,0.11757213622331619,-2.015625,0,0,0.2439339435632676,tagalog,comment,True,majority,3-0,0,0
t1_p4sty57,0,0.5401962399482727,0.1611328125,1,0,0.5225927883098439,taglish,comment,True,majority,3-0,0,0
t1_p7bqj89,0,0.333720326423645,-0.69140625,0,0,0.40418954775464466,taglish,comment,True,adjudicator,2-1,0,0
t1_p3239ik,1,0.005469274707138538,-5.203125,0,0,0.05116616704566037,english,comment,True,adjudicator,2-1,1,1
t1_p5z3w01,0,0.013955711387097836,-4.2578125,0,0,0.08396792728592328,taglish,comment,True,unanimous,3-0,0,0
t1_p5jkezm,0,0.026355354115366936,-3.609375,0,0,0.11653158101715429,english,comment,True,majority,3-0,0,0
t1_p7djczh,0,0.0029349515680223703,-5.828125,0,0,0.036582229051434,tagalog,comment,True,majority,3-0,0,0
t1_p7c6l3m,0,0.0034834241960197687,-5.65625,0,0,0.04013811663035982,english,comment,True,majority,3-0,0,0
t1_p7i590u,0,0.19682621955871582,-1.40625,0,0,0.3123337850431866,taglish,comment,True,unanimous,3-0,0,0
t1_p5i2g2g,0,0.007815889082849026,-4.84375,0,0,0.06189266057309455,english,comment,True,majority,3-0,0,0
t1_p7kk0ar,0,0.007695646956562996,-4.859375,0,0,0.061385453495215354,taglish,comment,True,majority,3-0,0,0
t1_p7l13ow,0,0.002800926798954606,-5.875,0,0,0.03566626093714118,taglish,comment,True,majority,3-0,0,0
t1_p77unr5,0,0.0035936026833951473,-5.625,0,0,0.040819298548541494,taglish,comment,True,majority,3-0,0,0
t1_p50e58a,0,0.4151359498500824,-0.3427734375,0,0,0.45205400318111716,english,comment,True,adjudicator,2-1,0,1
t1_p50eccg,0,0.0222861859947443,-3.78125,0,0,0.10696206608917196,english,comment,True,majority,3-0,0,0
t1_p7447d8,0,0.4283529818058014,-0.28857421875,0,0,0.4595990700557461,taglish,comment,True,majority,3-0,0,0
t1_p7dx9j9,0,0.9674102663993835,3.390625,1,1,0.8702221003029088,english,comment,True,majority,3-0,0,0
t1_p73bf3o,0,0.030444350093603134,-3.4609375,0,0,0.12538601856451892,tagalog,comment,True,adjudicator,2-1,0,1
t1_p3hfbd5,0,0.09009299427270889,-2.3125,0,0,0.21452762956359298,english,comment,True,majority,3-0,0,0
t1_p2repsp,0,0.0222861859947443,-3.78125,0,0,0.10696206608917196,taglish,comment,True,majority,3-0,0,0
t1_p6kehs9,0,0.006692850962281227,-5.0,0,0,0.05699246963116262,taglish,comment,True,majority,3-0,0,0
t1_p5b1r09,0,0.06052939593791962,-2.7421875,0,0,0.1766805906890954,taglish,comment,True,unanimous,3-0,0,0
t1_p7jvjug,0,0.17441026866436005,-1.5546875,0,0,0.29472629324375077,tagalog,comment,True,adjudicator,2-1,0,0
t1_p74wg6l,0,0.011072159744799137,-4.4921875,0,0,0.07438837942535584,english,comment,True,majority,3-0,0,0
t1_p56rw0h,0,0.10123348236083984,-2.18359375,0,0,0.226969903650604,tagalog,comment,True,adjudicator,2-1,0,0
t1_p7jwtc5,0,0.0032224843744188547,-5.734375,0,0,0.038482500701258325,tagalog,comment,True,adjudicator,2-1,0,0
t1_p6ksuoj,0,0.0024726232513785362,-6.0,0,0,0.033330423307864405,taglish,comment,True,majority,3-0,0,0
t1_p4zwm5y,0,0.0060975621454417706,-5.09375,0,0,0.05422972408507728,taglish,comment,True,unanimous,3-0,0,0
t1_p4ydghc,0,0.0061929901130497456,-5.078125,0,0,0.05468125029979338,english,comment,True,majority,3-0,0,0
t1_p3g4gf0,0,0.0026730059180408716,-5.921875,0,0,0.034772399618271686,taglish,comment,True,majority,3-0,0,0
t1_p4vrwks,0,0.02460992895066738,-3.6796875,0,0,0.11253000808975025,english,comment,True,majority,3-0,0,0
t1_p72xq0x,0,0.0032730652019381523,-5.71875,0,0,0.03880829284256241,tagalog,comment,True,majority,3-0,0,0
t1_p3f71ak,0,0.004399413242936134,-5.421875,0,0,0.04552392962098087,taglish,comment,True,majority,3-0,0,0
t1_p75ukud,0,0.8868131041526794,2.05859375,1,1,0.7604861541509874,english,comment,True,adjudicator,2-1,0,0
t1_p4em7l7,0,0.001838665222749114,-6.296875,0,0,0.02836011183776671,english,comment,True,majority,3-0,0,0
t1_p2fjeqv,0,0.002889581024646759,-5.84375,0,0,0.036274419264536326,english,comment,True,majority,3-0,0,0
t1_p7krwq5,0,0.03760863468050957,-3.2421875,0,0,0.13947993095526473,tagalog,comment,True,adjudicator,2-1,0,0
t1_p786rb7,0,0.0022872276604175568,-6.078125,0,0,0.03194626518022632,english,comment,True,adjudicator,2-1,0,0
t1_p754306,0,0.005220125894993544,-5.25,0,0,0.049903952370373685,english,comment,True,adjudicator,2-1,0,1
t1_p393o0y,0,0.0017546144081279635,-6.34375,0,0,0.027644106896874285,taglish,comment,True,unanimous,3-0,0,0
t1_p7i4e8q,0,0.0029349515680223703,-5.828125,0,0,0.036582229051434,english,comment,True,majority,3-0,0,0
t1_p7kwraw,0,0.001957016997039318,-6.234375,0,0,0.02934284274043753,english,comment,True,majority,3-0,0,0
t1_p3m5ru1,0,0.014503578655421734,-4.21875,0,0,0.08566964496627434,taglish,comment,True,majority,3-0,0,0
t1_p7d43dc,1,0.05707139894366264,-2.8046875,0,0,0.1716358689114185,taglish,comment,True,unanimous,3-0,1,1
t1_p5d33sl,0,0.270480215549469,-0.9921875,0,0,0.3642774538619763,english,comment,True,unanimous,3-0,0,0
t1_p72r73n,0,0.7988152503967285,1.37890625,1,1,0.6843606902849844,tagalog,comment,True,adjudicator,2-1,0,1
t1_p7k7rbj,0,0.08540366590023041,-2.37109375,0,0,0.20903841316452698,english,comment,True,majority,3-0,0,0
t1_p50tfzy,1,0.30528295040130615,-0.822265625,0,0,0.3866345533700402,taglish,comment,True,unanimous,3-0,1,1
t1_p745nm4,0,0.0024343819823116064,-6.015625,0,0,0.033049036227900674,taglish,comment,True,unanimous,3-0,0,0
t1_p74ikrc,0,0.004905405919998884,-5.3125,0,0,0.04826684473726577,taglish,comment,True,majority,3-0,0,0
t1_p6k7qq2,1,0.002396730938926339,-6.03125,0,0,0.0327699441846116,taglish,comment,True,majority,3-0,1,1
t1_p5gpret,1,0.8606036305427551,1.8203125,1,1,0.7352872276701513,taglish,comment,True,unanimous,3-0,1,1
t1_p6ysr0x,0,0.009268012829124928,-4.671875,0,0,0.06773581365504945,taglish,comment,True,adjudicator,2-1,0,1
t1_p5ez526,0,0.0024726232513785362,-6.0,0,0,0.033330423307864405,taglish,comment,True,unanimous,3-0,0,0
t1_p75qnxv,0,0.00985985528677702,-4.609375,0,0,0.06998470904260001,english,comment,True,majority,3-0,0,0
t1_p5yh2b0,0,0.007011795416474342,-4.953125,0,0,0.058422948549715636,english,comment,True,majority,3-0,0,0
t1_p6tvsv8,0,0.0024726232513785362,-6.0,0,0,0.033330423307864405,taglish,comment,True,adjudicator,2-1,0,0
t1_p742w7h,0,0.014392335899174213,-4.2265625,0,0,0.08532681967544196,taglish,comment,True,majority,3-0,0,0
t1_p2kp7px,0,0.00178219610825181,-6.328125,0,0,0.027880802061822113,english,comment,True,majority,3-0,0,0
t1_p5jglh8,0,0.05223086103796959,-2.8984375,0,0,0.16428388445443914,tagalog,comment,True,adjudicator,2-1,0,0
t1_p5q0afk,1,0.00970847625285387,-4.625,0,0,0.06941609501300891,taglish,comment,True,adjudicator,2-1,1,1
t1_p73oayr,0,0.014063626527786255,-4.25,0,0,0.0843057960586385,taglish,comment,True,majority,3-0,0,0
t1_p5dnz4u,0,0.08509904891252518,-2.375,0,0,0.20867616509051215,english,comment,True,adjudicator,2-1,0,0
t1_p7c5z5s,0,0.06705629080533981,-2.6328125,0,0,0.18578777004629038,tagalog,comment,True,adjudicator,2-1,0,0
t1_p4qu5cn,0,0.012722708284854889,-4.3515625,0,0,0.0800084759519686,tagalog,comment,True,adjudicator,2-1,0,0
t1_p3zz7ts,0,0.004468384198844433,-5.40625,0,0,0.04590648823794653,taglish,comment,True,majority,3-0,0,0
t1_p7lem5c,0,0.7209580540657043,0.94921875,1,1,0.6301198514142088,tagalog,comment,True,adjudicator,2-1,0,0
t1_p79i6zf,0,0.002251847181469202,-6.09375,0,0,0.03167618073058643,english,comment,True,majority,3-0,0,0
t1_p7brkvq,0,0.0030753696337342262,-5.78125,0,0,0.03752080546289194,taglish,comment,True,majority,3-0,0,0
t1_p7ajowh,0,0.9412234425544739,2.7734375,1,1,0.8258561851700594,taglish,comment,True,adjudicator,2-1,0,0
t1_p4uf0vv,0,0.013636835850775242,-4.28125,0,0,0.08296168937462702,english,comment,True,adjudicator,2-1,0,1
t1_p5c9bva,0,0.037892427295446396,-3.234375,0,0,0.14000702824339853,english,comment,True,unanimous,3-0,0,0
t1_p5ckbnh,0,0.01009131595492363,-4.5859375,0,0,0.07084570954929022,english,comment,True,adjudicator,2-1,0,0
t1_p51dk1z,0,0.007460643537342548,-4.890625,0,0,0.06038267430548501,taglish,comment,True,majority,3-0,0,0
t3_1vmbtkh,0,0.9092645049095154,2.3046875,1,1,0.7847326134211784,taglish,submission,True,majority,3-0,0,0
t1_p50iizm,0,0.0032224843744188547,-5.734375,0,0,0.038482500701258325,taglish,comment,True,majority,3-0,0,0
t1_p7ba30m,0,0.03488088399171829,-3.3203125,0,0,0.1342999930013936,taglish,comment,True,unanimous,3-0,0,0
t1_p7ayjj8,0,0.008315778337419033,-4.78125,0,0,0.06396086741332643,taglish,comment,True,adjudicator,2-1,0,0
t1_p6eswyp,0,0.002396730938926339,-6.03125,0,0,0.0327699441846116,taglish,comment,True,unanimous,3-0,0,0
t1_p6epc1a,0,0.02843603305518627,-3.53125,0,0,0.12112207854199832,tagalog,comment,True,adjudicator,2-1,0,0
t1_p75qvxz,0,0.2330075204372406,-1.19140625,0,0,0.3387982646279423,english,comment,True,adjudicator,2-1,0,1
t1_p61esk1,0,0.003429603995755315,-5.671875,0,0,0.03980162301306125,taglish,comment,True,unanimous,3-0,0,0
t1_p7mra15,0,0.00407013762742281,-5.5,0,0,0.04365626378776887,english,comment,True,adjudicator,2-1,0,0
t1_p75imjy,0,0.0071214293129742146,-4.9375,0,0,0.05890721370277696,taglish,comment,True,majority,3-0,0,0
t1_p30mv2j,0,0.0028449094388633966,-5.859375,0,0,0.03596910275109087,taglish,comment,True,majority,3-0,0,0
t1_p7iwruh,1,0.9891815781593323,4.515625,1,1,0.9265122705398734,english,comment,True,majority,3-0,1,1
t1_p6x95ss,0,0.4564097821712494,-0.1748046875,0,0,0.4754931993866862,tagalog,comment,True,unanimous,3-0,0,0
t1_p7jbrxc,0,0.00482972152531147,-5.328125,0,0,0.04786560306024229,english,comment,True,adjudicator,3-0,0,0
t1_p5rxsc5,0,0.0025509123224765062,-5.96875,0,0,0.03390015257688779,english,comment,True,majority,3-0,0,0
t1_p6vmioe,0,0.004609572235494852,-5.375,0,0,0.04668080399614382,taglish,comment,True,majority,3-0,0,0
t1_p3lyi6l,0,0.060086652636528015,-2.75,0,0,0.17604368816730945,taglish,comment,True,adjudicator,2-1,0,1
t1_p4r5wg2,1,0.13341522216796875,-1.87109375,0,0,0.25920285283078176,taglish,comment,True,majority,3-0,1,1
t1_p79gkuq,0,0.08093671500682831,-2.4296875,0,0,0.2036532353793832,taglish,comment,True,adjudicator,2-1,0,0
t1_p51b42d,0,0.002082970691844821,-6.171875,0,0,0.030358563117324502,english,comment,True,adjudicator,2-1,0,0
t1_p51c7pk,0,0.003429603995755315,-5.671875,0,0,0.03980162301306125,tagalog,comment,True,unanimous,3-0,0,0
t1_p7bcn8s,0,0.01353214867413044,-4.2890625,0,0,0.08262872124457442,taglish,comment,True,unanimous,3-0,0,0
t1_p4zucjx,0,0.0032730652019381523,-5.71875,0,0,0.03880829284256241,taglish,comment,True,majority,3-0,0,0
t1_p7dqfr1,0,0.01578456163406372,-4.1328125,0,0,0.08952385343834743,tagalog,comment,True,adjudicator,2-1,0,1
t1_p292hor,0,0.002217013156041503,-6.109375,0,0,0.03140830558159979,taglish,comment,True,unanimous,3-0,0,0
t1_p3givpi,0,0.011597361415624619,-4.4453125,0,0,0.07622019472374213,taglish,comment,True,adjudicator,2-1,0,0
t1_p79d9th,0,0.05146276578307152,-2.9140625,0,0,0.16308345680941402,tagalog,comment,True,adjudicator,2-1,0,0
t1_p79zm51,0,0.008847354911267757,-4.71875,0,0,0.06609331635272746,tagalog,comment,True,adjudicator,2-1,0,0
t1_p7aepiv,0,0.2778647243976593,-0.955078125,0,0,0.3691140388776231,tagalog,comment,True,adjudicator,2-1,0,0
t1_p5ai9q3,0,0.0038244836032390594,-5.5625,0,0,0.04221500594017596,english,comment,True,majority,3-0,0,0
t1_p3k28vw,0,0.2487165927886963,-1.10546875,0,0,0.3496851712163632,taglish,comment,True,unanimous,3-0,0,0
t1_p5cz1pl,1,0.09401018172502518,-2.265625,0,0,0.2189939078096188,taglish,comment,True,majority,3-0,1,1
t1_p5y3rii,0,0.002251847181469202,-6.09375,0,0,0.03167618073058643,taglish,comment,True,majority,3-0,0,0
t1_p7hu2dg,1,0.09568693488836288,-2.24609375,0,0,0.2208744955774763,english,comment,True,adjudicator,2-1,1,1
t1_p5ckm7l,0,0.7201715111732483,0.9453125,1,1,0.6296087470114322,taglish,comment,True,adjudicator,2-1,0,0
t1_p75u8oa,0,0.0064882696606218815,-5.03125,0,0,0.056057167341406984,taglish,comment,True,unanimous,3-0,0,0
t1_p796mnx,1,0.0022872276604175568,-6.078125,0,0,0.03194626518022632,english,comment,True,adjudicator,2-1,1,1
t1_p4qem03,0,0.07263670861721039,-2.546875,0,0,0.1931944851928733,english,comment,True,unanimous,3-0,0,0
t1_p5be6ke,0,0.001524786464869976,-6.484375,0,0,0.0255999282397834,taglish,comment,True,majority,3-0,0,0
t1_p7bj8kc,0,0.9407896995544434,2.765625,1,1,0.825224698151016,taglish,comment,True,adjudicator,2-1,0,0
t1_p5c8o4w,0,0.005384938325732946,-5.21875,0,0,0.0507421083497877,english,comment,True,majority,3-0,0,0
t1_p6y3fo9,0,0.012147169560194016,-4.3984375,0,0,0.07809331273288796,english,comment,True,unanimous,3-0,0,0
t1_p7dxy67,0,0.0032730652019381523,-5.71875,0,0,0.03880829284256241,english,comment,True,majority,3-0,0,0
t1_p7e5rof,0,0.0034834241960197687,-5.65625,0,0,0.04013811663035982,tagalog,comment,True,majority,3-0,0,0
t1_p514won,0,0.012241275049746037,-4.390625,0,0,0.07840956668395933,taglish,comment,True,majority,3-0,0,0
t1_p6zwkbj,0,0.010489092208445072,-4.546875,0,0,0.0723024792169979,tagalog,comment,True,adjudicator,2-1,0,0
t1_p72hos4,0,0.015189048834145069,-4.171875,0,0,0.08775292459448782,taglish,comment,True,majority,3-0,0,0
t1_p50kade,0,0.0039454069919884205,-5.53125,0,0,0.042929858226661524,taglish,comment,True,unanimous,3-0,0,0
t1_p7anc03,0,0.0024343819823116064,-6.015625,0,0,0.033049036227900674,taglish,comment,True,unanimous,3-0,0,0
t1_p6yxpxt,0,0.3729618489742279,-0.51953125,0,0,0.42761782167898543,tagalog,comment,True,majority,3-0,0,0
t1_p3ve88l,0,0.023509452119469643,-3.7265625,0,0,0.10992939563750247,taglish,comment,True,unanimous,3-0,0,0
t1_p6fjy95,0,0.7287483215332031,0.98828125,1,1,0.6352147017247816,english,comment,True,majority,3-0,0,0
t1_p76bylz,1,0.012241275049746037,-4.390625,0,0,0.07840956668395933,english,comment,True,adjudicator,2-1,1,0
t1_p7cjao1,0,0.0022872276604175568,-6.078125,0,0,0.03194626518022632,taglish,comment,True,majority,3-0,0,0
t1_p3lwkjv,1,0.0333368256688118,-3.3671875,0,0,0.13127068594921007,taglish,comment,True,adjudicator,2-1,1,0
t1_p309v85,1,0.9032942056655884,2.234375,1,1,0.7779916106024539,tagalog,comment,True,unanimous,3-0,1,1
t1_p5is9gx,0,0.13028542697429657,-1.8984375,0,0,0.2562670395142933,taglish,comment,True,adjudicator,2-1,0,1
t1_p47w28i,0,0.004331502132117748,-5.4375,0,0,0.045144408184000756,taglish,comment,True,adjudicator,2-1,0,1
t1_p74b2gk,0,0.009125636890530586,-4.6875,0,0,0.06718415156459706,taglish,comment,True,unanimous,3-0,0,0
t1_p7leyiv,0,0.9362850189208984,2.6875,1,1,0.8188103731487896,taglish,comment,True,majority,3-0,0,0
t1_p6s1gzr,0,0.02822098508477211,-3.5390625,0,0,0.12065610419420153,taglish,comment,True,majority,3-0,0,0
t1_p73rmiw,0,0.01640303246676922,-4.09375,0,0,0.09132694324564786,taglish,comment,True,majority,3-0,0,0
t1_p47i2r2,0,0.0014103584690019488,-6.5625,0,0,0.024528658899843167,taglish,comment,True,majority,3-0,0,0
t1_p74wdcy,0,0.01678548939526081,-4.0703125,0,0,0.092424416977595,taglish,comment,True,unanimous,3-0,0,0
t1_p6n8ciw,1,0.7859664559364319,1.30078125,1,1,0.6748137854118498,taglish,comment,True,adjudicator,3-0,1,1
t1_p2876z5,0,0.017712298780679703,-4.015625,0,0,0.09503136149672736,taglish,comment,True,adjudicator,2-1,0,0
t1_p79bjy1,0,0.005384938325732946,-5.21875,0,0,0.0507421083497877,english,comment,True,adjudicator,2-1,0,0
t1_p4svza9,0,0.004982269834727049,-5.296875,0,0,0.04867127795738106,tagalog,comment,True,adjudicator,2-1,0,0
t1_p73uwo5,0,0.0027576221618801355,-5.890625,0,0,0.03536587535984611,taglish,comment,True,majority,3-0,0,0
t1_p6ry2to,0,0.011419614776968956,-4.4609375,0,0,0.07560503697765968,tagalog,comment,True,majority,3-0,0,0
t1_p7mzui1,0,0.0032730652019381523,-5.71875,0,0,0.03880829284256241,tagalog,comment,True,majority,3-0,0,0
t1_p7hn2ei,0,0.017176708206534386,-4.046875,0,0,0.09353372149412013,english,comment,True,majority,3-0,0,0
t1_p7l17yc,0,0.004905405919998884,-5.3125,0,0,0.04826684473726577,taglish,comment,True,majority,3-0,0,0
t1_p7cf3o9,0,0.09401018172502518,-2.265625,0,0,0.2189939078096188,english,comment,True,majority,3-0,0,0
t1_p30l3p2,0,0.010489092208445072,-4.546875,0,0,0.0723024792169979,english,comment,True,unanimous,3-0,0,0
t1_p5ja9a6,0,0.001838665222749114,-6.296875,0,0,0.02836011183776671,taglish,comment,True,unanimous,3-0,0,0
t1_p4e3pc6,0,0.026759279891848564,-3.59375,0,0,0.11743743134493874,taglish,comment,True,majority,3-0,0,0
t1_p5pvzu8,0,0.28736767172813416,-0.908203125,0,0,0.375261095805923,taglish,comment,True,unanimous,3-0,0,0
t1_p73lws3,0,0.00955939944833517,-4.640625,0,0,0.06885175885281816,taglish,comment,True,majority,3-0,0,0
t1_p4t9ywx,0,0.005060331430286169,-5.28125,0,0,0.04907892521511716,tagalog,comment,True,unanimous,3-0,0,0
t1_p7c4a45,0,0.025760557502508163,-3.6328125,0,0,0.1151841818319897,tagalog,comment,True,unanimous,3-0,0,0
t1_p3gj36e,0,0.0037654140032827854,-5.578125,0,0,0.04186186029469008,taglish,comment,True,unanimous,3-0,0,0
t1_p5cqhnt,0,0.016657039523124695,-4.078125,0,0,0.0920572825514342,english,comment,True,adjudicator,2-1,0,1
t1_p58wc9w,0,0.002800926798954606,-5.875,0,0,0.03566626093714118,english,comment,True,unanimous,3-0,0,0
t1_p7a4x4d,0,0.14706452190876007,-1.7578125,0,0,0.27159624959315287,english,comment,True,unanimous,3-0,0,0
t1_p7dnwvs,0,0.8344069123268127,1.6171875,1,1,0.7125120333896787,english,comment,True,adjudicator,2-1,0,0
t1_p4znx78,0,0.2330075204372406,-1.19140625,0,0,0.3387982646279423,tagalog,comment,True,adjudicator,2-1,0,1
t1_p7e01e8,0,0.0023596608079969883,-6.046875,0,0,0.03249312981430348,taglish,comment,True,majority,3-0,0,0
t1_p50v04u,1,0.6584175229072571,0.65625,1,1,0.5910500344644736,taglish,comment,True,majority,3-0,1,1
t1_p50ttd5,0,0.012527931481599808,-4.3671875,0,0,0.07936537052087463,english,comment,True,adjudicator,2-1,0,1
t1_p58xvb4,0,0.11636175215244293,-2.02734375,0,0,0.24272300368217503,english,comment,True,majority,3-0,0,0
t1_p5bg0nu,0,0.019870713353157043,-3.8984375,0,0,0.10084016512310716,taglish,comment,True,majority,3-0,0,0
t1_p4y3klk,0,0.87103670835495,1.91015625,1,1,0.7449844740320074,english,comment,True,unanimous,3-0,0,0
t1_p72g2r7,0,0.0071214293129742146,-4.9375,0,0,0.05890721370277696,english,comment,True,adjudicator,2-1,0,0
t1_p57775v,0,0.00214894930832088,-6.140625,0,0,0.030879115996896037,taglish,comment,True,majority,3-0,0,0
t1_p4zakm8,0,0.026155617088079453,-3.6171875,0,0,0.11608093443551244,taglish,comment,True,majority,3-0,0,0
t1_p59fdwe,0,0.04023794084787369,-3.171875,0,0,0.14428403841391374,english,comment,True,adjudicator,2-1,0,1
t1_p6z5qr1,0,0.006692850962281227,-5.0,0,0,0.05699246963116262,taglish,comment,True,majority,3-0,0,0
t1_p5a1yhi,0,0.0028449094388633966,-5.859375,0,0,0.03596910275109087,english,comment,True,majority,3-0,0,0
t1_p72yt57,0,0.00628990214318037,-5.0625,0,0,0.055136316831376604,taglish,comment,True,majority,3-0,0,0
t1_p5fgvsq,1,0.1795305460691452,-1.51953125,0,0,0.2988441306933363,taglish,comment,True,majority,3-0,1,1
t1_p5h9wbt,1,0.5475850701332092,0.19091796875,1,0,0.5267616726135522,english,comment,True,adjudicator,2-1,1,1
t1_p7bqhwn,0,0.009125636890530586,-4.6875,0,0,0.06718415156459706,taglish,comment,True,adjudicator,2-1,0,0
t1_p79ib3k,0,0.01798621006309986,-4.0,0,0,0.09578820210071033,taglish,comment,True,unanimous,3-0,0,0
t1_p58kee9,0,0.3350244164466858,-0.685546875,0,0,0.40498172547368255,english,comment,True,unanimous,3-0,0,0
t1_p6xyj2g,0,0.025371311232447624,-3.6484375,0,0,0.11429346109055416,taglish,comment,True,majority,3-0,0,0
t1_p50jafa,0,0.0035380858462303877,-5.640625,0,0,0.04047733513175872,taglish,comment,True,majority,3-0,0,0
t1_p7k378k,0,0.002800926798954606,-5.875,0,0,0.03566626093714118,taglish,comment,True,majority,3-0,0,0
t1_p51wv23,0,0.2643583416938782,-1.0234375,0,0,0.36022565440875204,taglish,comment,True,unanimous,3-0,0,0
t1_p3jn9cc,0,0.005301895085722208,-5.234375,0,0,0.050321377804759926,taglish,comment,True,unanimous,3-0,0,0
t1_p6w885b,0,0.016029147431254387,-4.1171875,0,0,0.09024120547074826,tagalog,comment,True,adjudicator,2-1,0,1
t1_p7kkj6h,0,0.0035380858462303877,-5.640625,0,0,0.04047733513175872,taglish,comment,True,majority,3-0,0,0
t1_p7ccre7,1,0.1980641782283783,-1.3984375,0,0,0.3132762932934085,taglish,comment,True,majority,3-0,1,1
t1_p5vixtt,0,0.2440025359392166,-1.130859375,0,0,0.34645162298666143,taglish,comment,True,majority,3-0,0,0
t1_p6s2ym6,0,0.01615283451974392,-4.109375,0,0,0.0906018199205981,tagalog,comment,True,adjudicator,2-1,0,1
t1_p5zca8w,0,0.0029349515680223703,-5.828125,0,0,0.036582229051434,taglish,comment,True,majority,3-0,0,0
t1_p4cxm10,0,0.0025114635936915874,-5.984375,0,0,0.03361412289700238,taglish,comment,True,majority,3-0,0,0
t1_p5se4w6,0,0.013955711387097836,-4.2578125,0,0,0.08396792728592328,english,comment,True,majority,3-0,0,0
t1_p48vekj,0,0.001367025775834918,-6.59375,0,0,0.024112496932114834,taglish,comment,True,majority,3-0,0,0
t1_p4bi0wm,0,0.007232763804495335,-4.921875,0,0,0.05939523969881319,tagalog,comment,True,adjudicator,2-1,0,0
t1_p3l7b39,0,0.004007288720458746,-5.515625,0,0,0.04329160639553263,taglish,comment,True,majority,3-0,0,0
t1_p3zq2x9,0,0.004133968148380518,-5.484375,0,0,0.044023851448754196,english,comment,True,majority,3-0,0,0
t1_p6rz9ma,0,0.00857748556882143,-4.75,0,0,0.06501895796981078,taglish,comment,True,majority,3-0,0,0
t1_p6c038g,0,0.004982269834727049,-5.296875,0,0,0.04867127795738106,taglish,comment,True,unanimous,3-0,0,0
t1_p75e3qj,0,0.06804042309522629,-2.6171875,0,0,0.1871179547704174,taglish,comment,True,majority,3-0,0,0
t1_p6d72uq,0,0.0025114635936915874,-5.984375,0,0,0.03361412289700238,tagalog,comment,True,adjudicator,2-1,0,1
t1_p2hmf6m,0,0.0017007224960252643,-6.375,0,0,0.027176559742674317,taglish,comment,True,unanimous,3-0,0,0
t1_p50zy7x,0,0.051082734018564224,-2.921875,0,0,0.16248589617631426,tagalog,comment,True,majority,3-0,0,0
t1_p7k9ypx,0,0.015663648024201393,-4.140625,0,0,0.08916710883373326,tagalog,comment,True,adjudicator,2-1,0,1
t1_p6s60nq,0,0.0020507436711341143,-6.1875,0,0,0.030101484248787516,english,comment,True,majority,3-0,0,0
t1_p2861tb,0,0.9626730680465698,3.25,1,1,0.8610455025553062,taglish,comment,True,adjudicator,2-1,0,1
t1_p509nl2,0,0.004982269834727049,-5.296875,0,0,0.04867127795738106,tagalog,comment,True,majority,3-0,0,0
t1_p7k6gpx,0,0.002800926798954606,-5.875,0,0,0.03566626093714118,tagalog,comment,True,adjudicator,3-0,0,0
t1_p5104ys,0,0.007937993854284286,-4.828125,0,0,0.06240377989960103,english,comment,True,unanimous,3-0,0,0
t1_p50mbf4,0,0.01652955636382103,-4.0859375,0,0,0.09169145914485885,tagalog,comment,True,adjudicator,2-1,0,0
t1_p5d00ch,0,0.001957016997039318,-6.234375,0,0,0.02934284274043753,taglish,comment,True,unanimous,3-0,0,0
t1_p50rj6u,0,0.8233283758163452,1.5390625,1,1,0.7034476344985803,tagalog,comment,True,adjudicator,2-1,0,0
t1_p7a3pl2,0,0.012241275049746037,-4.390625,0,0,0.07840956668395933,tagalog,comment,True,majority,3-0,0,0
t1_p5cpmxp,0,0.006692850962281227,-5.0,0,0,0.05699246963116262,taglish,comment,True,majority,3-0,0,0
t3_1vkn1es,0,0.010652512311935425,-4.53125,0,0,0.07289288473313968,taglish,submission,True,unanimous,3-0,0,0
t1_p4ur86n,0,0.0012065897462889552,-6.71875,0,0,0.02251566573583973,taglish,comment,True,unanimous,3-0,0,0
t1_p5bi02g,0,0.002714985515922308,-5.90625,0,0,0.03506792766728798,taglish,comment,True,majority,3-0,0,0
t1_p5iiyxz,0,0.07751766592264175,-2.4765625,0,0,0.19941993666996782,tagalog,comment,True,majority,3-0,0,0
t1_p785ze5,0,0.0030278346966952085,-5.796875,0,0,0.037205403298071545,english,comment,True,adjudicator,2-1,0,0
t1_p79la3p,0,0.0061929901130497456,-5.078125,0,0,0.05468125029979338,taglish,comment,True,unanimous,3-0,0,0
t1_p51eayg,0,0.00955939944833517,-4.640625,0,0,0.06885175885281816,tagalog,comment,True,adjudicator,2-1,0,0
t1_p7ki9ed,0,0.0064882696606218815,-5.03125,0,0,0.056057167341406984,tagalog,comment,True,majority,3-0,0,0
t1_p6dbzkq,0,0.0018102111062034965,-6.3125,0,0,0.02811946525674957,taglish,comment,True,adjudicator,2-1,0,0
t1_p7iw8dy,0,0.0038244836032390594,-5.5625,0,0,0.04221500594017596,taglish,comment,True,adjudicator,2-1,0,0
t1_p6dl87e,0,0.9190633296966553,2.4296875,1,1,0.7963467646206168,tagalog,comment,True,adjudicator,2-1,0,0
t1_p6ep96k,1,0.008985428139567375,-4.703125,0,0,0.06663666124058804,taglish,comment,True,majority,3-0,1,1
t1_p30l6ra,0,0.9817357659339905,3.984375,1,1,0.9034495728067894,tagalog,comment,True,adjudicator,2-1,0,1
t1_p6kttwd,0,0.0014325366355478764,-6.546875,0,0,0.02473935757510446,taglish,comment,True,majority,3-0,0,0
t1_p780n2y,0,0.007695646956562996,-4.859375,0,0,0.061385453495215354,taglish,comment,True,majority,3-0,0,0
t1_p7jrlsk,0,0.017309095710515976,-4.0390625,0,0,0.09390613511795246,taglish,comment,True,majority,3-0,0,0
t1_p30kkmz,0,0.004538431763648987,-5.390625,0,0,0.04629210575307723,english,comment,True,majority,3-0,0,0
t1_p6ywpv2,0,0.0061929901130497456,-5.078125,0,0,0.05468125029979338,taglish,comment,True,unanimous,3-0,0,0
t1_p5djfgh,1,0.4601069986820221,-0.159912109375,0,0,0.4775781387487924,taglish,comment,True,adjudicator,2-1,1,0
t1_p7jj8ti,0,0.5779718160629272,0.314453125,1,0,0.5440060557444734,tagalog,comment,True,adjudicator,2-1,0,1
t1_p4yma05,0,0.005384938325732946,-5.21875,0,0,0.0507421083497877,english,comment,True,majority,3-0,0,0
t1_p7akh1u,0,0.00214894930832088,-6.140625,0,0,0.030879115996896037,taglish,comment,True,majority,3-0,0,0
t1_p50pzlk,0,0.0071214293129742146,-4.9375,0,0,0.05890721370277696,english,comment,True,adjudicator,2-1,0,0
t1_p7ijion,0,0.004468384198844433,-5.40625,0,0,0.04590648823794653,english,comment,True,majority,3-0,0,0
t1_p46f6fr,0,0.013955711387097836,-4.2578125,0,0,0.08396792728592328,tagalog,comment,True,majority,3-0,0,0
t1_p4mkcna,1,0.17272931337356567,-1.56640625,0,0,0.2933610437030668,english,comment,True,majority,3-0,1,1
t1_p301ybi,0,0.001674399245530367,-6.390625,0,0,0.02694567755022904,english,comment,True,majority,3-0,0,0
t1_p5l09b4,0,0.32039588689804077,-0.751953125,0,0,0.3960336212039027,tagalog,comment,True,adjudicator,2-1,0,0
t1_p3ffwh3,1,0.9190633296966553,2.4296875,1,1,0.7963467646206168,taglish,comment,True,majority,3-0,1,1
t1_p7i938l,0,0.00941259041428566,-4.65625,0,0,0.06829167392178001,english,comment,True,majority,3-0,0,0
t1_p5s1y99,0,0.0026730059180408716,-5.921875,0,0,0.034772399618271686,taglish,comment,True,unanimous,3-0,0,0
t1_p30kfc2,0,0.08787644654512405,-2.33984375,0,0,0.2119530461993142,english,comment,True,adjudicator,2-1,0,0
t1_p6otkfn,0,0.005220125894993544,-5.25,0,0,0.049903952370373685,taglish,comment,True,majority,3-0,0,0
t1_p6cnw1j,0,0.005060331430286169,-5.28125,0,0,0.04907892521511716,english,comment,True,majority,3-0,0,0
t1_p7mbff3,0,0.005139610730111599,-5.265625,0,0,0.04948980911482951,tagalog,comment,True,adjudicator,2-1,0,1
t3_1vqtr8w,0,0.024423090741038322,-3.6875,0,0,0.11209287283545291,taglish,submission,True,unanimous,3-0,0,0
t1_p6d6eto,0,0.001524786464869976,-6.484375,0,0,0.0255999282397834,tagalog,comment,True,adjudicator,2-1,0,0
t1_p3wnwnp,0,0.00214894930832088,-6.140625,0,0,0.030879115996896037,taglish,comment,True,majority,3-0,0,0
t1_p3f2ovk,0,0.011158031411468983,-4.484375,0,0,0.07469084511175098,taglish,comment,True,unanimous,3-0,0,0
t1_p1803rr,0,0.0018102111062034965,-6.3125,0,0,0.02811946525674957,taglish,comment,True,majority,3-0,0,0
t1_p5jbbe2,0,0.008985428139567375,-4.703125,0,0,0.06663666124058804,english,comment,True,unanimous,3-0,0,0
t1_p5jhy3n,0,0.01784873940050602,-4.0078125,0,0,0.09540911049116822,taglish,comment,True,unanimous,3-0,0,0
t1_p45l9bf,0,0.0036499870475381613,-5.609375,0,0,0.041164027024693184,english,comment,True,majority,3-0,0,0
t1_p5s23c6,0,0.0029810327105224133,-5.8125,0,0,0.03689255079703776,taglish,comment,True,unanimous,3-0,0,0
t1_p7d8mki,0,0.021287353709340096,-3.828125,0,0,0.10447498276621153,taglish,comment,True,adjudicator,2-1,0,0
t1_p7kqof7,0,0.008187909610569477,-4.796875,0,0,0.06343785762569767,taglish,comment,True,unanimous,3-0,0,0
t1_p2zj4x8,1,0.9925393462181091,4.890625,1,1,0.9396173256945151,tagalog,comment,True,adjudicator,3-0,1,1
t1_p6e2mll,0,0.028652667999267578,-3.5234375,0,0,0.12158960364901414,taglish,comment,True,adjudicator,2-1,0,1
t1_p4sedm6,0,0.00482972152531147,-5.328125,0,0,0.04786560306024229,taglish,comment,True,majority,3-0,0,0
t1_p5cr76w,0,0.005060331430286169,-5.28125,0,0,0.04907892521511716,taglish,comment,True,majority,3-0,0,0
t1_p4sutzg,0,0.5987815260887146,0.400390625,1,0,0.5559427042719383,taglish,comment,True,adjudicator,2-1,0,1
t1_p79fxga,0,0.007937993854284286,-4.828125,0,0,0.06240377989960103,taglish,comment,True,adjudicator,2-1,0,0
t1_p5fzzes,0,0.0030753696337342262,-5.78125,0,0,0.03752080546289194,taglish,comment,True,adjudicator,2-1,0,1
t1_p3kp53c,0,0.34246155619621277,-0.65234375,0,0,0.4094799738126161,taglish,comment,True,unanimous,3-0,0,0
t1_p7a1lxz,1,0.9213575720787048,2.4609375,1,1,0.7991763497541119,taglish,comment,True,adjudicator,2-1,1,1
t3_1vn5hr5,0,0.0033766122069209814,-5.6875,0,0,0.03946783436124254,taglish,submission,True,majority,3-0,0,0
t1_p4x1g48,0,0.004264634568244219,-5.453125,0,0,0.04476790232060008,taglish,comment,True,majority,3-0,0,0
t1_p4zepu0,0,0.11357959359884262,-2.0546875,0,0,0.2399133962292297,taglish,comment,True,majority,3-0,0,0
t1_p7bg11b,0,0.0030278346966952085,-5.796875,0,0,0.037205403298071545,tagalog,comment,True,adjudicator,2-1,0,0
t1_p51apmu,0,0.007937993854284286,-4.828125,0,0,0.06240377989960103,english,comment,True,unanimous,3-0,0,0
t1_p6krqpa,0,0.014063626527786255,-4.25,0,0,0.0843057960586385,taglish,comment,True,unanimous,3-0,0,0
t1_p5etm2t,0,0.0038844766095280647,-5.546875,0,0,0.04257099834829676,taglish,comment,True,majority,3-0,0,0
t1_p5g9bus,0,0.016029147431254387,-4.1171875,0,0,0.09024120547074826,english,comment,True,adjudicator,2-1,0,1
t1_p3gghb0,0,0.0025509123224765062,-5.96875,0,0,0.03390015257688779,taglish,comment,True,unanimous,3-0,0,0
t1_p5du4ih,1,0.02931223064661026,-3.5,0,0,0.12300151586076673,english,comment,True,majority,3-0,1,1
t1_p50lw40,1,0.008847354911267757,-4.71875,0,0,0.06609331635272746,english,comment,True,adjudicator,2-1,1,1
t1_p7ivvut,0,0.004609572235494852,-5.375,0,0,0.04668080399614382,taglish,comment,True,majority,3-0,0,0
t1_p7jaz31,0,0.004468384198844433,-5.40625,0,0,0.04590648823794653,taglish,comment,True,unanimous,3-0,0,0
t1_p5j2bfc,0,0.0029810327105224133,-5.8125,0,0,0.03689255079703776,taglish,comment,True,majority,3-0,0,0
t1_p5jb8nw,1,0.020177319645881653,-3.8828125,0,0,0.10163807196606826,taglish,comment,True,adjudicator,2-1,1,1
t1_p3vdjmm,0,0.0033766122069209814,-5.6875,0,0,0.03946783436124254,tagalog,comment,True,majority,3-0,0,0
t1_p7i7nbd,0,0.0027576221618801355,-5.890625,0,0,0.03536587535984611,english,comment,True,majority,3-0,0,0
t1_p656rg4,0,0.002082970691844821,-6.171875,0,0,0.030358563117324502,taglish,comment,True,majority,3-0,0,0
t1_p6utm4e,0,0.7520126104354858,1.109375,1,1,0.650813207298798,tagalog,comment,True,adjudicator,2-1,0,0
t1_p6ebd8n,1,0.011072159744799137,-4.4921875,0,0,0.07438837942535584,taglish,comment,True,majority,3-0,1,1
t1_p75gz21,1,0.046378206461668015,-3.0234375,0,0,0.15487752366531465,taglish,comment,True,adjudicator,2-1,1,1
t1_p7b73di,0,0.07316472381353378,-2.5390625,0,0,0.1938788366624697,english,comment,True,adjudicator,2-1,0,0
t1_p3rmjs2,0,0.7405498027801514,1.048828125,1,1,0.6430518631454573,taglish,comment,True,majority,3-0,0,0
t1_p73s14s,1,0.9582260847091675,3.1328125,1,1,0.8529880381919379,taglish,comment,True,majority,3-0,1,1
t1_p5z998y,0,0.7599387168884277,1.15234375,1,1,0.656273437562047,taglish,comment,True,adjudicator,3-0,0,0
t1_p75gwjv,1,0.9190633296966553,2.4296875,1,1,0.7963467646206168,taglish,comment,True,adjudicator,2-1,1,0
t1_p3ucskm,0,0.007011795416474342,-4.953125,0,0,0.058422948549715636,tagalog,comment,True,adjudicator,2-1,0,0
t1_p4mltiq,1,0.02096424251794815,-3.84375,0,0,0.10365737458102126,taglish,comment,True,adjudicator,2-1,1,1
t1_p5sbgsf,0,0.004007288720458746,-5.515625,0,0,0.04329160639553263,taglish,comment,True,majority,3-0,0,0
t1_p5jsxyn,0,0.011508148163557053,-4.453125,0,0,0.07591204391995358,taglish,comment,True,unanimous,3-0,0,0
t1_p77v35j,0,0.00407013762742281,-5.5,0,0,0.04365626378776887,english,comment,True,majority,3-0,0,0
t1_p7jc35b,0,0.0025114635936915874,-5.984375,0,0,0.03361412289700238,english,comment,True,majority,3-0,0,0
t1_p77hvnr,0,0.0036499870475381613,-5.609375,0,0,0.041164027024693184,taglish,comment,True,majority,3-0,0,0
t1_p5rp0ff,0,0.0025509123224765062,-5.96875,0,0,0.03390015257688779,taglish,comment,True,unanimous,3-0,0,0
t1_p6a7ngv,0,0.017712298780679703,-4.015625,0,0,0.09503136149672736,taglish,comment,True,adjudicator,2-1,0,0
t1_p5016gw,0,0.03308597952127457,-3.375,0,0,0.13077147780252674,tagalog,comment,True,adjudicator,2-1,0,1
t1_p79b0sj,0,0.007815889082849026,-4.84375,0,0,0.06189266057309455,taglish,comment,True,majority,3-0,0,0
t1_p513ffe,0,0.004681822843849659,-5.359375,0,0,0.04707260490830975,english,comment,True,majority,3-0,0,0
t1_p79wf25,0,0.028007520362734795,-3.546875,0,0,0.12019167735959185,taglish,comment,True,majority,3-0,0,0
t1_p60419u,0,0.007937993854284286,-4.828125,0,0,0.06240377989960103,taglish,comment,True,adjudicator,2-1,0,0
t1_p48edr7,0,0.0033766122069209814,-5.6875,0,0,0.03946783436124254,taglish,comment,True,majority,3-0,0,0
t1_p7ez7pb,0,0.005220125894993544,-5.25,0,0,0.049903952370373685,tagalog,comment,True,adjudicator,2-1,0,0
t1_p742cdq,1,0.986151397228241,4.265625,1,1,0.9163687110923073,english,comment,True,unanimous,3-0,1,1
t1_p7b82fh,0,0.005641908384859562,-5.171875,0,0,0.05202436159031638,tagalog,comment,True,adjudicator,2-1,0,0
t1_p6gaw8o,0,0.0012843081494793296,-6.65625,0,0,0.02330073227477451,taglish,comment,True,majority,3-0,0,0
t1_p7er2rg,0,0.002115703420713544,-6.15625,0,0,0.030617768234140915,tagalog,comment,True,unanimous,3-0,0,0
t1_p3nsqo0,0,0.01784873940050602,-4.0078125,0,0,0.09540911049116822,taglish,comment,True,unanimous,3-0,0,0
t1_p78kmta,0,0.004905405919998884,-5.3125,0,0,0.04826684473726577,tagalog,comment,True,adjudicator,2-1,0,0
t1_p5cakcu,0,0.009125636890530586,-4.6875,0,0,0.06718415156459706,taglish,comment,True,majority,3-0,0,0
t1_p6xg0jc,0,0.012722708284854889,-4.3515625,0,0,0.0800084759519686,taglish,comment,True,majority,3-0,0,0
t1_p7k47v9,0,0.007815889082849026,-4.84375,0,0,0.06189266057309455,taglish,comment,True,adjudicator,2-1,0,0
t1_p50zvx1,0,0.003429603995755315,-5.671875,0,0,0.03980162301306125,taglish,comment,True,unanimous,3-0,0,0
t1_p50x1v7,0,0.007011795416474342,-4.953125,0,0,0.058422948549715636,english,comment,True,adjudicator,2-1,0,1
t1_p73lthh,0,0.004905405919998884,-5.3125,0,0,0.04826684473726577,taglish,comment,True,majority,3-0,0,0
t1_p7lyhlv,0,0.0029349515680223703,-5.828125,0,0,0.036582229051434,taglish,comment,True,unanimous,3-0,0,0
t1_p7a4lhe,0,0.0013250225456431508,-6.625,0,0,0.023703224145631474,taglish,comment,True,unanimous,3-0,0,0
t1_p6srpnp,0,0.0038244836032390594,-5.5625,0,0,0.04221500594017596,taglish,comment,True,unanimous,3-0,0,0
t1_p539k62,0,0.00214894930832088,-6.140625,0,0,0.030879115996896037,taglish,comment,True,majority,3-0,0,0
t1_p7lbiex,0,0.00978387612849474,-4.6171875,0,0,0.06969986562620782,english,comment,True,majority,3-0,0,0
t1_p3ncczb,0,0.0037654140032827854,-5.578125,0,0,0.04186186029469008,taglish,comment,True,majority,3-0,0,0
t1_p6n6i61,0,0.0025509123224765062,-5.96875,0,0,0.03390015257688779,taglish,comment,True,majority,3-0,0,0
t1_p7af9a2,0,0.005469274707138538,-5.203125,0,0,0.05116616704566037,english,comment,True,majority,3-0,0,0
t1_p5cu7wt,0,0.020332353189587593,-3.875,0,0,0.10203912147630155,english,comment,True,majority,3-0,0,0
t1_p79vtek,0,0.8824278712272644,2.015625,1,1,0.7560660564367324,taglish,comment,True,majority,3-0,0,0
t1_p7hty2g,0,0.0026316740550100803,-5.9375,0,0,0.03447927308211456,taglish,comment,True,majority,3-0,0,0
t1_p5istnf,0,0.0029810327105224133,-5.8125,0,0,0.03689255079703776,taglish,comment,True,majority,3-0,0,0
t1_p78k2ir,1,0.38468098640441895,-0.4697265625,0,0,0.43447278320029054,taglish,comment,True,adjudicator,2-1,1,0
t1_p67usuh,0,0.002714985515922308,-5.90625,0,0,0.03506792766728798,taglish,comment,True,unanimous,3-0,0,0
t1_p68h6ho,0,0.0017546144081279635,-6.34375,0,0,0.027644106896874285,taglish,comment,True,unanimous,3-0,0,0
t1_p5dc0hl,0,0.01615283451974392,-4.109375,0,0,0.0906018199205981,taglish,comment,True,majority,3-0,0,0
t1_p5yhue3,0,0.0015731120947748423,-6.453125,0,0,0.026041077014244022,taglish,comment,True,majority,3-0,0,0
t1_p5z2t5f,0,0.0023596608079969883,-6.046875,0,0,0.03249312981430348,taglish,comment,True,unanimous,3-0,0,0
t1_p5y114p,0,0.001957016997039318,-6.234375,0,0,0.02934284274043753,taglish,comment,True,unanimous,3-0,0,0
t1_p75y4gp,0,0.9353464841842651,2.671875,1,1,0.8175057308968585,taglish,comment,True,adjudicator,2-1,0,1
t1_p77sk36,0,0.012053778395056725,-4.40625,0,0,0.0777782266954065,taglish,comment,True,adjudicator,2-1,0,0
t1_p5qvcar,0,0.001867565792053938,-6.28125,0,0,0.02860275726348513,english,comment,True,majority,3-0,0,0
t1_p72ai81,0,0.001957016997039318,-6.234375,0,0,0.02934284274043753,english,comment,True,majority,3-0,0,0
t1_p5pw7vm,0,0.001622967072762549,-6.421875,0,0,0.02648962118429965,tagalog,comment,True,adjudicator,2-1,0,0
t1_p73t8s1,0,0.14463144540786743,-1.77734375,0,0,0.26943314585611305,tagalog,comment,True,adjudicator,2-1,0,0
t1_p6l7ohc,0,0.006589771714061499,-5.015625,0,0,0.05652299982418538,english,comment,True,adjudicator,2-1,0,0
t1_p79tu41,0,0.003123648464679718,-5.765625,0,0,0.03783877631164071,taglish,comment,True,unanimous,3-0,0,0
t1_p7b71gp,0,0.006797531619668007,-4.984375,0,0,0.05746560126766683,english,comment,True,majority,3-0,0,0
t1_p7awgct,0,0.0333368256688118,-3.3671875,0,0,0.13127068594921007,tagalog,comment,True,adjudicator,2-1,0,0
t1_p6s5tag,0,0.00214894930832088,-6.140625,0,0,0.030879115996896037,taglish,comment,True,adjudicator,2-1,0,0
t1_p7lnrs6,0,0.005469274707138538,-5.203125,0,0,0.05116616704566037,english,comment,True,majority,3-0,0,0
t1_p50dmbc,0,0.043365802615880966,-3.09375,0,0,0.14978243330770136,english,comment,True,adjudicator,2-1,0,0
t1_p6cqz6j,0,0.002396730938926339,-6.03125,0,0,0.0327699441846116,taglish,comment,True,majority,3-0,0,0
t1_p33vmsa,0,0.0024343819823116064,-6.015625,0,0,0.033049036227900674,tagalog,comment,True,adjudicator,2-1,0,0
t1_p60h4k2,0,0.0015731120947748423,-6.453125,0,0,0.026041077014244022,taglish,comment,True,unanimous,3-0,0,0
t1_p6hvxya,0,0.0015487609198316932,-6.46875,0,0,0.025819585440613215,taglish,comment,True,unanimous,3-0,0,0
t1_p3vltwc,0,0.001867565792053938,-6.28125,0,0,0.02860275726348513,taglish,comment,True,unanimous,3-0,0,0
t1_p7bn7d4,0,0.002115703420713544,-6.15625,0,0,0.030617768234140915,english,comment,True,adjudicator,2-1,0,0
t1_p3dmz5w,0,0.0023231625091284513,-6.0625,0,0,0.03221857586181331,taglish,comment,True,majority,3-0,0,0
t1_p4ndcqd,0,0.002714985515922308,-5.90625,0,0,0.03506792766728798,tagalog,comment,True,adjudicator,2-1,0,0
t1_p504u40,0,0.013955711387097836,-4.2578125,0,0,0.08396792728592328,tagalog,comment,True,adjudicator,2-1,0,1
t1_p4zx41q,1,0.04146227613091469,-3.140625,0,0,0.14646298376543374,english,comment,True,adjudicator,2-1,1,1
t1_p78lpxo,1,0.9385759830474854,2.7265625,1,1,0.822040177678478,taglish,comment,True,majority,3-0,1,1
t1_p5jq0y1,0,0.004133968148380518,-5.484375,0,0,0.044023851448754196,tagalog,comment,True,majority,3-0,0,0
t1_p7j8vok,0,0.9111796617507935,2.328125,1,1,0.7869463356164683,english,comment,True,adjudicator,3-0,0,0
t1_p5qtu2j,0,0.00214894930832088,-6.140625,0,0,0.030879115996896037,taglish,comment,True,adjudicator,2-1,0,1
t1_p77v4is,0,0.0022872276604175568,-6.078125,0,0,0.03194626518022632,taglish,comment,True,majority,3-0,0,0
t1_p7l6kti,0,0.0025114635936915874,-5.984375,0,0,0.03361412289700238,taglish,comment,True,unanimous,3-0,0,0
t1_p5cm6yc,0,0.012527931481599808,-4.3671875,0,0,0.07936537052087463,taglish,comment,True,unanimous,3-0,0,0
t1_p39w3n5,0,0.004198795650154352,-5.46875,0,0,0.04439439053631127,english,comment,True,majority,3-0,0,0
t1_p6lwczc,0,0.0028449094388633966,-5.859375,0,0,0.03596910275109087,taglish,comment,True,unanimous,3-0,0,0
t1_p5dxl1i,0,0.0059110685251653194,-5.125,0,0,0.05333719673018011,tagalog,comment,True,adjudicator,2-1,0,0
t1_p7cz8v9,0,0.0029810327105224133,-5.8125,0,0,0.03689255079703776,taglish,comment,True,majority,3-0,0,0
t1_p4qxjol,0,0.007460643537342548,-4.890625,0,0,0.06038267430548501,english,comment,True,unanimous,3-0,0,0
t1_p6en2t3,0,0.003123648464679718,-5.765625,0,0,0.03783877631164071,taglish,comment,True,majority,3-0,0,0
t1_p6s5qhf,0,0.0060975621454417706,-5.09375,0,0,0.05422972408507728,taglish,comment,True,majority,3-0,0,0
t1_p3gcwif,0,0.0017546144081279635,-6.34375,0,0,0.027644106896874285,english,comment,True,majority,3-0,0,0
t1_p6x607g,1,0.4969635307788849,-0.01214599609375,0,0,0.4982958291422776,taglish,comment,True,unanimous,3-0,1,1
t1_p5d09u9,0,0.004399413242936134,-5.421875,0,0,0.04552392962098087,taglish,comment,True,unanimous,3-0,0,0
t1_p3kiols,0,0.0064882696606218815,-5.03125,0,0,0.056057167341406984,taglish,comment,True,majority,3-0,0,0
t1_p7kicpd,0,0.0030278346966952085,-5.796875,0,0,0.037205403298071545,taglish,comment,True,unanimous,3-0,0,0
t1_p3kjuid,0,0.004982269834727049,-5.296875,0,0,0.04867127795738106,taglish,comment,True,majority,3-0,0,0
t1_p6qrg23,0,0.003123648464679718,-5.765625,0,0,0.03783877631164071,taglish,comment,True,unanimous,3-0,0,0
t1_p7bjyob,0,0.0033244371879845858,-5.703125,0,0,0.03913673086889577,english,comment,True,adjudicator,2-1,0,0
t1_p6ehy4o,0,0.004007288720458746,-5.515625,0,0,0.04329160639553263,tagalog,comment,True,adjudicator,2-1,0,0
t1_p7821r9,1,0.3526475131511688,-0.607421875,0,0,0.41558990114005073,taglish,comment,True,majority,3-0,1,1
t1_p7ch7u7,0,0.005469274707138538,-5.203125,0,0,0.05116616704566037,english,comment,True,unanimous,3-0,0,0
t1_p5c2l29,0,0.027169233188033104,-3.578125,0,0,0.1183493799509177,english,comment,True,adjudicator,2-1,0,0
t1_p5d7uvb,0,0.0012843081494793296,-6.65625,0,0,0.02330073227477451,taglish,comment,True,unanimous,3-0,0,0
t1_p3sv1c4,0,0.0019877743907272816,-6.21875,0,0,0.02959364019431563,taglish,comment,True,majority,3-0,0,0
t1_p2umwyx,0,0.0020507436711341143,-6.1875,0,0,0.030101484248787516,taglish,comment,True,unanimous,3-0,0,0
t1_p50zbcj,0,0.005301895085722208,-5.234375,0,0,0.050321377804759926,tagalog,comment,True,adjudicator,2-1,0,1
t1_p7jsawz,0,0.0025909794494509697,-5.953125,0,0,0.03418853003842758,taglish,comment,True,majority,3-0,0,0
t1_p7l2cqq,0,0.7021217346191406,0.857421875,1,1,0.6180339726923806,taglish,comment,True,adjudicator,2-1,0,0
t1_p2zr4tg,1,0.004198795650154352,-5.46875,0,0,0.04439439053631127,english,comment,True,adjudicator,2-1,1,0
t1_p7j9pzd,0,0.002182716503739357,-6.125,0,0,0.03114262290933151,taglish,comment,True,majority,3-0,0,0
t1_p7i4d5o,0,0.01353214867413044,-4.2890625,0,0,0.08262872124457442,english,comment,True,majority,3-0,0,0
t1_p3gk5rl,0,0.38444983959198,-0.470703125,0,0,0.4343381220894782,taglish,comment,True,majority,3-0,0,0
t1_p75oau8,0,0.006388320587575436,-5.046875,0,0,0.05559494777820731,taglish,comment,True,majority,3-0,0,0
t1_p3zb5sw,0,0.0037072529084980488,-5.59375,0,0,0.04151154081692565,taglish,comment,True,majority,3-0,0,0
t1_p7k7ilt,0,0.006692850962281227,-5.0,0,0,0.05699246963116262,taglish,comment,True,majority,3-0,0,0
t1_p72pp3f,1,0.14511536061763763,-1.7734375,0,0,0.2698648956084649,tagalog,comment,True,adjudicator,2-1,1,0
t1_p7ba4b8,0,0.003172682598233223,-5.75,0,0,0.038159334976386884,tagalog,comment,True,unanimous,3-0,0,0
t1_p73cwi9,0,0.007232763804495335,-4.921875,0,0,0.05939523969881319,taglish,comment,True,majority,3-0,0,0
t1_p4ax4kj,0,0.0029349515680223703,-5.828125,0,0,0.036582229051434,taglish,comment,True,unanimous,3-0,0,0
t1_p5rp9nu,0,0.0030753696337342262,-5.78125,0,0,0.03752080546289194,taglish,comment,True,unanimous,3-0,0,0
t1_p3ja4pl,0,0.0025114635936915874,-5.984375,0,0,0.03361412289700238,taglish,comment,True,majority,3-0,0,0
t1_p7l0via,1,0.9304582476615906,2.59375,1,1,0.8108730415464476,taglish,comment,True,majority,3-0,1,1
t1_p630e86,0,0.09401018172502518,-2.265625,0,0,0.2189939078096188,tagalog,comment,True,adjudicator,2-1,0,0
t1_p787d09,0,0.0019267346942797303,-6.25,0,0,0.029094106998256004,taglish,comment,True,unanimous,3-0,0,0
t1_p78rnqf,0,0.01640303246676922,-4.09375,0,0,0.09132694324564786,tagalog,comment,True,adjudicator,2-1,0,0
t1_p5jhey8,0,0.005730246659368277,-5.15625,0,0,0.05245854405776818,english,comment,True,majority,3-0,0,0
t1_p38y4gc,0,0.022457052022218704,-3.7734375,0,0,0.107381612266364,taglish,comment,True,adjudicator,2-1,0,1
t1_p2wkldr,1,0.007460643537342548,-4.890625,0,0,0.06038267430548501,taglish,comment,True,unanimous,3-0,1,1
t1_p4nu0xc,1,0.07477004826068878,-2.515625,0,0,0.19594293169300095,english,comment,True,majority,3-0,1,1
t1_p7547vn,0,0.004755199886858463,-5.34375,0,0,0.04746753054191497,english,comment,True,majority,3-0,0,0
t3_1vsgx0z,0,0.0030278346966952085,-5.796875,0,0,0.037205403298071545,taglish,submission,True,majority,3-0,0,0
t1_p6z556i,0,0.0032224843744188547,-5.734375,0,0,0.038482500701258325,taglish,comment,True,unanimous,3-0,0,0
t1_p6znf3i,0,0.001597845577634871,-6.4375,0,0,0.02626441741204824,taglish,comment,True,unanimous,3-0,0,0
t1_p72kh9o,0,0.004264634568244219,-5.453125,0,0,0.04476790232060008,taglish,comment,True,majority,3-0,0,0
t1_p6nblvn,0,0.0035936026833951473,-5.625,0,0,0.040819298548541494,taglish,comment,True,adjudicator,2-1,0,0
t1_p7jl2zl,1,0.2538610100746155,-1.078125,0,0,0.3531829717825543,taglish,comment,True,majority,3-0,1,1
t1_p7jlh3k,0,0.01798621006309986,-4.0,0,0,0.09578820210071033,tagalog,comment,True,majority,3-0,0,0
t1_p6rxmzn,0,0.0013250225456431508,-6.625,0,0,0.023703224145631474,english,comment,True,majority,3-0,0,0
t1_p6xyboa,0,0.0017007224960252643,-6.375,0,0,0.027176559742674317,taglish,comment,True,unanimous,3-0,0,0
t1_p6z1fep,0,0.0020190139766782522,-6.203125,0,0,0.029846515336618872,taglish,comment,True,majority,3-0,0,0
t1_p5pckpz,0,0.0039454069919884205,-5.53125,0,0,0.042929858226661524,taglish,comment,True,unanimous,3-0,0,0
t1_p7b1e3w,0,0.0012255674228072166,-6.703125,0,0,0.022709475558211404,taglish,comment,True,majority,3-0,0,0
t1_p32ojum,0,0.002217013156041503,-6.109375,0,0,0.03140830558159979,taglish,comment,True,majority,3-0,0,0
t1_p3hd3co,0,0.011597361415624619,-4.4453125,0,0,0.07622019472374213,tagalog,comment,True,adjudicator,2-1,0,1
t1_p5j8rrn,0,0.0061929901130497456,-5.078125,0,0,0.05468125029979338,taglish,comment,True,majority,3-0,0,0
t1_p46zdqa,0,0.029986508190631866,-3.4765625,0,0,0.12442750095214049,taglish,comment,True,majority,3-0,0,0
t1_p6doeci,1,0.3464307188987732,-0.634765625,0,0,0.4118675981404898,taglish,comment,True,majority,3-0,1,1
t1_p73q478,0,0.8670357465744019,1.875,1,1,0.741217884846603,english,comment,True,adjudicator,2-1,0,0
t1_p7k5c70,0,0.010328153148293495,-4.5625,0,0,0.07171648585065865,tagalog,comment,True,adjudicator,2-1,0,1
t1_p514y4d,1,0.024053553119301796,-3.703125,0,0,0.11122305230466425,taglish,comment,True,adjudicator,2-1,1,1
t1_p2tsuch,0,0.0020507436711341143,-6.1875,0,0,0.030101484248787516,taglish,comment,True,majority,3-0,0,0
t1_p4v5a4f,0,0.007815889082849026,-4.84375,0,0,0.06189266057309455,taglish,comment,True,majority,3-0,0,0
t3_1vi0ni5,0,0.002396730938926339,-6.03125,0,0,0.0327699441846116,english,submission,True,majority,3-0,0,0
t1_p4se7l8,1,0.9695556163787842,3.4609375,1,1,0.874613981435481,taglish,comment,True,unanimous,3-0,1,1
t1_p56ycd2,0,0.004399413242936134,-5.421875,0,0,0.04552392962098087,tagalog,comment,True,unanimous,3-0,0,0
t1_p3jmd8b,0,0.0012065897462889552,-6.71875,0,0,0.02251566573583973,english,comment,True,majority,3-0,0,0
t1_p7ea6q0,0,0.00628990214318037,-5.0625,0,0,0.055136316831376604,taglish,comment,True,unanimous,3-0,0,0
t1_p519qku,0,0.010735162533819675,-4.5234375,0,0,0.07318975050142194,english,comment,True,majority,3-0,0,0
t1_p7442sg,0,0.9155072569847107,2.3828125,1,1,0.7920469438154824,tagalog,comment,True,adjudicator,2-1,0,1
t1_p4tqn1o,0,0.015663648024201393,-4.140625,0,0,0.08916710883373326,taglish,comment,True,adjudicator,2-1,0,0
t1_p6lpg3h,0,0.0026316740550100803,-5.9375,0,0,0.03447927308211456,taglish,comment,True,unanimous,3-0,0,0
t1_p6e8qgz,0,0.0038244836032390594,-5.5625,0,0,0.04221500594017596,english,comment,True,unanimous,3-0,0,0
t1_p4er23j,0,0.001597845577634871,-6.4375,0,0,0.02626441741204824,english,comment,True,majority,3-0,0,0
t1_p5jccnb,0,0.0030753696337342262,-5.78125,0,0,0.03752080546289194,taglish,comment,True,majority,3-0,0,0
t1_p7je99f,0,0.002800926798954606,-5.875,0,0,0.03566626093714118,taglish,comment,True,majority,3-0,0,0
t1_p5dcpdj,0,0.017576880753040314,-4.0234375,0,0,0.09465495160918425,taglish,comment,True,adjudicator,2-1,0,0
t1_p7k7vip,0,0.002714985515922308,-5.90625,0,0,0.03506792766728798,english,comment,True,majority,3-0,0,0
t1_p7k9hk0,0,0.00214894930832088,-6.140625,0,0,0.030879115996896037,taglish,comment,True,majority,3-0,0,0
t1_p7iupq2,0,0.0020190139766782522,-6.203125,0,0,0.029846515336618872,taglish,comment,True,unanimous,3-0,0,0
t1_p50vpbc,0,0.006003595422953367,-5.109375,0,0,0.05378171419221797,taglish,comment,True,majority,3-0,0,0
t1_p58x3no,0,0.7732163667678833,1.2265625,1,1,0.6656075497056452,tagalog,comment,True,adjudicator,2-1,0,1
t1_p50hd5d,0,0.004007288720458746,-5.515625,0,0,0.04329160639553263,taglish,comment,True,majority,3-0,0,0
t1_p3giaih,0,0.00172745855525136,-6.359375,0,0,0.027409364507913175,taglish,comment,True,majority,3-0,0,0
t1_p7aui8d,0,0.001622967072762549,-6.421875,0,0,0.02648962118429965,taglish,comment,True,majority,3-0,0,0
t1_p5z7q2j,0,0.0036499870475381613,-5.609375,0,0,0.041164027024693184,taglish,comment,True,majority,3-0,0,0
t1_p4qebjx,0,0.004331502132117748,-5.4375,0,0,0.045144408184000756,english,comment,True,majority,3-0,0,0
t1_p6214pr,0,0.0024343819823116064,-6.015625,0,0,0.033049036227900674,taglish,comment,True,unanimous,3-0,0,0
t1_p787f5k,0,0.00628990214318037,-5.0625,0,0,0.055136316831376604,tagalog,comment,True,adjudicator,2-1,0,1
t1_p3l1wn3,0,0.361390084028244,-0.5693359375,0,0,0.4207905405697471,taglish,comment,True,majority,3-0,0,0
t1_p517odr,0,0.003172682598233223,-5.75,0,0,0.038159334976386884,taglish,comment,True,unanimous,3-0,0,0
t1_p73lsd9,0,0.009268012829124928,-4.671875,0,0,0.06773581365504945,english,comment,True,majority,3-0,0,0
t1_p3glnke,0,0.0017007224960252643,-6.375,0,0,0.027176559742674317,taglish,comment,True,unanimous,3-0,0,0
t1_p67y1v1,0,0.006903837900608778,-4.96875,0,0,0.057942419339006214,tagalog,comment,True,adjudicator,2-1,0,1
t1_p2x9kms,0,0.0033766122069209814,-5.6875,0,0,0.03946783436124254,taglish,comment,True,unanimous,3-0,0,0
t1_p5jexhg,0,0.00214894930832088,-6.140625,0,0,0.030879115996896037,english,comment,True,majority,3-0,0,0
t1_p75wmxj,0,0.0023596608079969883,-6.046875,0,0,0.03249312981430348,tagalog,comment,True,adjudicator,2-1,0,0
t1_p5zbsyw,0,0.01678548939526081,-4.0703125,0,0,0.092424416977595,taglish,comment,True,majority,3-0,0,0
t1_p7jjytz,1,0.929951012134552,2.5859375,1,1,0.8101997088915179,taglish,comment,True,unanimous,3-0,1,1
t1_p76trep,1,0.015072628855705261,-4.1796875,0,0,0.08740255953700671,taglish,comment,True,unanimous,3-0,1,1
t1_p5jppg0,0,0.05582314357161522,-2.828125,0,0,0.16977376346526324,english,comment,True,majority,3-0,0,0
t1_p5qmfzz,0,0.002082970691844821,-6.171875,0,0,0.030358563117324502,taglish,comment,True,unanimous,3-0,0,0
t1_p2y9hhq,0,0.0026316740550100803,-5.9375,0,0,0.03447927308211456,tagalog,comment,True,adjudicator,2-1,0,0
t1_p79lawq,0,0.004982269834727049,-5.296875,0,0,0.04867127795738106,taglish,comment,True,adjudicator,2-1,0,0
t1_p7l71t3,0,0.014957086183130741,-4.1875,0,0,0.0870534598664823,tagalog,comment,True,adjudicator,2-1,0,1
t1_p74vm16,0,0.0033766122069209814,-5.6875,0,0,0.03946783436124254,english,comment,True,majority,3-0,0,0
t1_p74tlgq,0,0.0034834241960197687,-5.65625,0,0,0.04013811663035982,taglish,comment,True,majority,3-0,0,0
t1_p5ckeni,0,0.023330770432949066,-3.734375,0,0,0.10950111626204115,taglish,comment,True,adjudicator,2-1,0,0
t1_p7mladu,0,0.011597361415624619,-4.4453125,0,0,0.07622019472374213,taglish,comment,True,majority,3-0,0,0
t1_p6izwa7,0,0.001674399245530367,-6.390625,0,0,0.02694567755022904,taglish,comment,True,unanimous,3-0,0,0
t1_p6zkkgj,0,0.0032730652019381523,-5.71875,0,0,0.03880829284256241,english,comment,True,majority,3-0,0,0
t3_1vhps53,0,0.010013570077717304,-4.59375,0,0,0.07055762765579472,taglish,submission,True,unanimous,3-0,0,0
t1_p744yjy,0,0.0032224843744188547,-5.734375,0,0,0.038482500701258325,taglish,comment,True,majority,3-0,0,0
t1_p7k69ef,0,0.0071214293129742146,-4.9375,0,0,0.05890721370277696,tagalog,comment,True,majority,3-0,0,0
t1_p7dr495,0,0.004399413242936134,-5.421875,0,0,0.04552392962098087,english,comment,True,majority,3-0,0,0
t3_1vqocnh,0,0.0023596608079969883,-6.046875,0,0,0.03249312981430348,taglish,submission,True,majority,3-0,0,0
t3_1vsnpkz,0,0.023509452119469643,-3.7265625,0,0,0.10992939563750247,taglish,submission,True,unanimous,3-0,0,0
t3_1vd7u2z,0,0.07107366621494293,-2.5703125,0,0,0.19115245970772377,tagalog,submission,True,adjudicator,2-1,0,0
t1_p5cseyk,1,0.9066531658172607,2.2734375,1,1,0.7817550937016685,taglish,comment,True,unanimous,3-0,1,1
t1_p6y5vfc,0,0.00178219610825181,-6.328125,0,0,0.027880802061822113,taglish,comment,True,unanimous,3-0,0,0
t1_p50ywrp,0,0.008315778337419033,-4.78125,0,0,0.06396086741332643,taglish,comment,True,majority,3-0,0,0
t1_p7aja77,1,0.9783847332000732,3.8125,1,1,0.894701717675775,taglish,comment,True,adjudicator,3-0,1,1
t1_p50vbc4,0,0.0024726232513785362,-6.0,0,0,0.033330423307864405,english,comment,True,majority,3-0,0,0
t1_p6y1eoh,0,0.0030753696337342262,-5.78125,0,0,0.03752080546289194,taglish,comment,True,unanimous,3-0,0,0
t1_p6vx1q0,0,0.006797531619668007,-4.984375,0,0,0.05746560126766683,english,comment,True,majority,3-0,0,0
t1_p5de6ja,1,0.004982269834727049,-5.296875,0,0,0.04867127795738106,taglish,comment,True,unanimous,3-0,1,1
t1_p50k72z,0,0.03283695876598358,-3.3828125,0,0,0.1302738834026125,english,comment,True,majority,3-0,0,0
t1_p73l2yp,0,0.007232763804495335,-4.921875,0,0,0.05939523969881319,taglish,comment,True,majority,3-0,0,0
t1_p4zzjgs,0,0.6469064354896545,0.60546875,1,1,0.5841438458358573,tagalog,comment,True,adjudicator,2-1,0,1
t1_p50lrue,0,0.0035380858462303877,-5.640625,0,0,0.04047733513175872,english,comment,True,adjudicator,2-1,0,0
t1_p7iu5xa,0,0.0030278346966952085,-5.796875,0,0,0.037205403298071545,taglish,comment,True,unanimous,3-0,0,0
t1_p5jj6g4,0,0.00955939944833517,-4.640625,0,0,0.06885175885281816,english,comment,True,adjudicator,2-1,0,0
t1_p68p9ww,0,0.0013458605390042067,-6.609375,0,0,0.02390700619329433,taglish,comment,True,unanimous,3-0,0,0
t1_p7byzr3,0,0.0055549247190356255,-5.1875,0,0,0.051593577040579104,english,comment,True,unanimous,3-0,0,0
t1_p5cuakc,0,0.05665242671966553,-2.8125,0,0,0.17101337441246292,tagalog,comment,True,adjudicator,2-1,0,0
t1_p7c1vly,0,0.0012644219677895308,-6.671875,0,0,0.02310199576203085,english,comment,True,majority,3-0,0,0
t1_p3cd49q,0,0.642432451248169,0.5859375,1,1,0.5814786381926281,taglish,comment,True,adjudicator,2-1,0,0
t1_p5qpka7,0,0.0025114635936915874,-5.984375,0,0,0.03361412289700238,taglish,comment,True,majority,3-0,0,0
t1_p3hvmlx,0,0.0019267346942797303,-6.25,0,0,0.029094106998256004,taglish,comment,True,majority,3-0,0,0
t1_p3inwlh,0,0.003123648464679718,-5.765625,0,0,0.03783877631164071,taglish,comment,True,unanimous,3-0,0,0
t1_p7i5fbw,0,0.0028449094388633966,-5.859375,0,0,0.03596910275109087,taglish,comment,True,majority,3-0,0,0
t1_p5dtcat,0,0.00214894930832088,-6.140625,0,0,0.030879115996896037,taglish,comment,True,unanimous,3-0,0,0
t1_p7jek9p,0,0.019870713353157043,-3.8984375,0,0,0.10084016512310716,taglish,comment,True,adjudicator,2-1,0,0
t1_p5j86c6,0,0.0060975621454417706,-5.09375,0,0,0.05422972408507728,english,comment,True,unanimous,3-0,0,0
t1_p5x1ccr,0,0.0019267346942797303,-6.25,0,0,0.029094106998256004,tagalog,comment,True,adjudicator,2-1,0,0
t1_p5jb0ue,1,0.09401018172502518,-2.265625,0,0,0.2189939078096188,english,comment,True,adjudicator,2-1,1,1
t1_p77x3cx,0,0.001367025775834918,-6.59375,0,0,0.024112496932114834,taglish,comment,True,majority,3-0,0,0
t1_p5f50xn,0,0.0037072529084980488,-5.59375,0,0,0.04151154081692565,taglish,comment,True,unanimous,3-0,0,0
t1_p599ncq,0,0.5018310546875,0.00732421875,1,0,0.501027643250554,taglish,comment,True,majority,3-0,0,0
t1_p30k7eg,0,0.8327813148498535,1.60546875,1,1,0.711162944101179,taglish,comment,True,majority,3-0,0,0
t1_p3i3r5t,0,0.005139610730111599,-5.265625,0,0,0.04948980911482951,taglish,comment,True,unanimous,3-0,0,0
t1_p5mnhwc,0,0.001674399245530367,-6.390625,0,0,0.02694567755022904,english,comment,True,majority,3-0,0,0
t1_p76e2rw,0,0.012147169560194016,-4.3984375,0,0,0.07809331273288796,english,comment,True,majority,3-0,0,0
t3_1vc8dyu,0,0.00214894930832088,-6.140625,0,0,0.030879115996896037,english,submission,True,majority,3-0,0,0
t1_p587cg6,0,0.0023596608079969883,-6.046875,0,0,0.03249312981430348,taglish,comment,True,majority,3-0,0,0
t1_p7abfqn,0,0.6290912628173828,0.5283203125,1,1,0.5735890753280954,tagalog,comment,True,adjudicator,2-1,0,0
t3_1vf0mft,0,0.002396730938926339,-6.03125,0,0,0.0327699441846116,taglish,submission,True,unanimous,3-0,0,0
t3_1vqi616,1,0.9043130874633789,2.24609375,1,1,0.7791255044225237,taglish,submission,True,majority,3-0,1,1
t1_p56xct1,1,0.9246877431869507,2.5078125,1,1,0.8033653538445674,taglish,comment,True,unanimous,3-0,1,1
t1_p2s2ocq,0,0.00178219610825181,-6.328125,0,0,0.027880802061822113,taglish,comment,True,unanimous,3-0,0,0
t1_p50vq6u,0,0.0059110685251653194,-5.125,0,0,0.05333719673018011,taglish,comment,True,majority,3-0,0,0
t1_p3rplf2,0,0.004399413242936134,-5.421875,0,0,0.04552392962098087,taglish,comment,True,majority,3-0,0,0
t3_1vfzcf0,0,0.007937993854284286,-4.828125,0,0,0.06240377989960103,english,submission,True,unanimous,3-0,0,0
t1_p5b1qoc,0,0.001867565792053938,-6.28125,0,0,0.02860275726348513,taglish,comment,True,majority,3-0,0,0
t1_p7jxi1w,0,0.2186693549156189,-1.2734375,0,0,0.3285627703621509,tagalog,comment,True,adjudicator,2-1,0,0
t1_p5cmehd,0,0.005220125894993544,-5.25,0,0,0.049903952370373685,taglish,comment,True,unanimous,3-0,0,0
t1_p6qw36r,0,0.0024343819823116064,-6.015625,0,0,0.033049036227900674,tagalog,comment,True,adjudicator,3-0,0,0
t1_p5843ah,0,0.0013250225456431508,-6.625,0,0,0.023703224145631474,english,comment,True,majority,3-0,0,0
t1_p4zmr6q,0,0.015306354500353336,-4.1640625,0,0,0.08810455854521779,taglish,comment,True,unanimous,3-0,0,0
t1_p76xl88,0,0.011687257327139378,-4.4375,0,0,0.07652949281507797,taglish,comment,True,unanimous,3-0,0,0
t1_p4zx4em,0,0.018124721944332123,-3.9921875,0,0,0.09616863983263639,taglish,comment,True,unanimous,3-0,0,0
t1_p2ypp7m,0,0.2849738299846649,-0.919921875,0,0,0.3737204693871181,tagalog,comment,True,majority,3-0,0,0
t1_p5rqxre,0,0.002082970691844821,-6.171875,0,0,0.030358563117324502,tagalog,comment,True,majority,3-0,0,0
t1_p5z1onc,0,0.006388320587575436,-5.046875,0,0,0.05559494777820731,taglish,comment,True,unanimous,3-0,0,0
t1_p7ct6hb,0,0.0013458605390042067,-6.609375,0,0,0.02390700619329433,taglish,comment,True,majority,3-0,0,0
t1_p74suws,0,0.0032730652019381523,-5.71875,0,0,0.03880829284256241,taglish,comment,True,majority,3-0,0,0
t1_p74mce8,0,0.008187909610569477,-4.796875,0,0,0.06343785762569767,taglish,comment,True,unanimous,3-0,0,0
t1_p51cle6,0,0.005469274707138538,-5.203125,0,0,0.05116616704566037,english,comment,True,majority,3-0,0,0
t1_p7bchp8,0,0.0026730059180408716,-5.921875,0,0,0.034772399618271686,english,comment,True,majority,3-0,0,0
t1_p6wd9wj,0,0.028870904818177223,-3.515625,0,0,0.12205868275301007,taglish,comment,True,majority,3-0,0,0
t1_p5eljbe,0,0.001524786464869976,-6.484375,0,0,0.0255999282397834,taglish,comment,True,unanimous,3-0,0,0
t1_p7i5dy2,0,0.0038844766095280647,-5.546875,0,0,0.04257099834829676,english,comment,True,majority,3-0,0,0
t1_p5zhwji,0,0.028870904818177223,-3.515625,0,0,0.12205868275301007,taglish,comment,True,unanimous,3-0,0,0
t1_p5j3i5t,0,0.006003595422953367,-5.109375,0,0,0.05378171419221797,taglish,comment,True,unanimous,3-0,0,0
t1_p7k5sks,0,0.0019267346942797303,-6.25,0,0,0.029094106998256004,taglish,comment,True,majority,3-0,0,0
t1_p6kgofq,0,0.002082970691844821,-6.171875,0,0,0.030358563117324502,taglish,comment,True,unanimous,3-0,0,0
t1_p3vbu17,0,0.00482972152531147,-5.328125,0,0,0.04786560306024229,taglish,comment,True,adjudicator,2-1,0,0
t1_p4zngjr,0,0.011687257327139378,-4.4375,0,0,0.07652949281507797,english,comment,True,majority,3-0,0,0
t1_p4xru6b,0,0.6311396956443787,0.537109375,1,1,0.5747950964659297,taglish,comment,True,adjudicator,2-1,0,1
t1_p510ngs,0,0.103748619556427,-2.15625,0,0,0.22967373352967238,english,comment,True,adjudicator,2-1,0,0
t1_p5dlg00,0,0.00130450667347759,-6.640625,0,0,0.023501137303335463,taglish,comment,True,unanimous,3-0,0,0
t1_p3z7eou,0,0.007011795416474342,-4.953125,0,0,0.058422948549715636,tagalog,comment,True,adjudicator,2-1,0,0
t1_p40efa2,0,0.0015011822106316686,-6.5,0,0,0.025382091058865915,taglish,comment,True,majority,3-0,0,0
t1_p7iq8ai,0,0.001957016997039318,-6.234375,0,0,0.02934284274043753,taglish,comment,True,majority,3-0,0,0
t1_p75ta58,0,0.007937993854284286,-4.828125,0,0,0.06240377989960103,tagalog,comment,True,adjudicator,2-1,0,0
t1_p30ncdf,1,0.006589771714061499,-5.015625,0,0,0.05652299982418538,taglish,comment,True,adjudicator,2-1,1,1
t1_p5j9t65,0,0.0037654140032827854,-5.578125,0,0,0.04186186029469008,taglish,comment,True,unanimous,3-0,0,0
t1_p77w7or,0,0.005469274707138538,-5.203125,0,0,0.05116616704566037,taglish,comment,True,majority,3-0,0,0
t1_p30b0xz,0,0.0012843081494793296,-6.65625,0,0,0.02330073227477451,tagalog,comment,True,adjudicator,3-0,0,0
t1_p5nerzx,0,0.002396730938926339,-6.03125,0,0,0.0327699441846116,taglish,comment,True,unanimous,3-0,0,0
t1_p7cv2ix,0,0.0017546144081279635,-6.34375,0,0,0.027644106896874285,taglish,comment,True,majority,3-0,0,0
t1_p3ougwj,0,0.0015487609198316932,-6.46875,0,0,0.025819585440613215,english,comment,True,adjudicator,2-1,0,0
t1_p6rxtds,0,0.04569203034043312,-3.0390625,0,0,0.15373318498005056,taglish,comment,True,majority,3-0,0,0
t1_p4ww4f9,0,0.0017546144081279635,-6.34375,0,0,0.027644106896874285,taglish,comment,True,majority,3-0,0,0
t1_p7ka6tc,0,0.001674399245530367,-6.390625,0,0,0.02694567755022904,taglish,comment,True,majority,3-0,0,0
t1_p50tpwv,0,0.0055549247190356255,-5.1875,0,0,0.051593577040579104,tagalog,comment,True,adjudicator,2-1,0,1
t1_p3mefhu,0,0.008315778337419033,-4.78125,0,0,0.06396086741332643,taglish,comment,True,unanimous,3-0,0,0
t1_p5bvnyi,0,0.0027576221618801355,-5.890625,0,0,0.03536587535984611,taglish,comment,True,majority,3-0,0,0
t1_p6q5lui,0,0.0013458605390042067,-6.609375,0,0,0.02390700619329433,english,comment,True,majority,3-0,0,0
t1_p3xq6o6,0,0.002217013156041503,-6.109375,0,0,0.03140830558159979,taglish,comment,True,unanimous,3-0,0,0
t1_p7c3l69,0,0.20946967601776123,-1.328125,0,0,0.32182772669902193,taglish,comment,True,majority,3-0,0,0
t1_p7fl1tm,0,0.0024343819823116064,-6.015625,0,0,0.033049036227900674,tagalog,comment,True,majority,3-0,0,0
t1_p4tccib,0,0.03622005507349968,-3.28125,0,0,0.13686934420374175,english,comment,True,majority,3-0,0,0
t1_p5z4so5,0,0.0019877743907272816,-6.21875,0,0,0.02959364019431563,taglish,comment,True,unanimous,3-0,0,0
t1_p5rq1km,0,0.0019877743907272816,-6.21875,0,0,0.02959364019431563,taglish,comment,True,unanimous,3-0,0,0
t1_p74tjen,0,0.08419108390808105,-2.38671875,0,0,0.20759219531610784,taglish,comment,True,majority,3-0,0,0
t1_p7e77zy,0,0.0027576221618801355,-5.890625,0,0,0.03536587535984611,taglish,comment,True,majority,3-0,0,0
t1_p79vpti,0,0.29828691482543945,-0.85546875,0,0,0.3822248277093785,tagalog,comment,True,adjudicator,2-1,0,0
t1_p58a6x0,0,0.013020490296185017,-4.328125,0,0,0.08098205764106188,taglish,comment,True,adjudicator,2-1,0,0
t1_p6d0ute,0,0.0014779430348426104,-6.515625,0,0,0.02516605964303529,taglish,comment,True,adjudicator,2-1,0,0
t1_p7kzk2p,0,0.0060975621454417706,-5.09375,0,0,0.05422972408507728,taglish,comment,True,unanimous,3-0,0,0
t1_p5j7dsz,0,0.0055549247190356255,-5.1875,0,0,0.051593577040579104,english,comment,True,unanimous,3-0,0,0
t1_p4n5bbj,0,0.003429603995755315,-5.671875,0,0,0.03980162301306125,taglish,comment,True,majority,3-0,0,0
t1_p6du7t8,1,0.9539660811424255,3.03125,1,1,0.845695512937348,taglish,comment,True,majority,3-0,1,1
t1_p7dwpjn,0,0.009268012829124928,-4.671875,0,0,0.06773581365504945,taglish,comment,True,adjudicator,2-1,0,1
t1_p7lqcfg,0,0.003172682598233223,-5.75,0,0,0.038159334976386884,taglish,comment,True,majority,3-0,0,0
t1_p7kntcm,0,0.00172745855525136,-6.359375,0,0,0.027409364507913175,taglish,comment,True,majority,3-0,0,0
t1_p76ijq2,0,0.001622967072762549,-6.421875,0,0,0.02648962118429965,taglish,comment,True,majority,3-0,0,0
t1_p506evv,1,0.8418256044387817,1.671875,1,1,0.7187577785893541,taglish,comment,True,adjudicator,2-1,1,1
t1_p7i6tor,0,0.0017007224960252643,-6.375,0,0,0.027176559742674317,english,comment,True,majority,3-0,0,0
t1_p2y5zbe,0,0.011419614776968956,-4.4609375,0,0,0.07560503697765968,taglish,comment,True,adjudicator,2-1,0,0
t1_p4nb10g,0,0.0030753696337342262,-5.78125,0,0,0.03752080546289194,taglish,comment,True,unanimous,3-0,0,0
t1_p5e7f1a,0,0.00214894930832088,-6.140625,0,0,0.030879115996896037,taglish,comment,True,unanimous,3-0,0,0
t1_p5f98ex,0,0.0023596608079969883,-6.046875,0,0,0.03249312981430348,taglish,comment,True,unanimous,3-0,0,0
t1_p5d8pfa,0,0.0039454069919884205,-5.53125,0,0,0.042929858226661524,taglish,comment,True,majority,3-0,0,0
t1_p7aors1,1,0.011508148163557053,-4.453125,0,0,0.07591204391995358,tagalog,comment,True,adjudicator,2-1,1,1
t1_p3vgz7d,0,0.005730246659368277,-5.15625,0,0,0.05245854405776818,taglish,comment,True,majority,3-0,0,0
t1_p3c49lt,0,0.004681822843849659,-5.359375,0,0,0.04707260490830975,tagalog,comment,True,majority,3-0,0,0
t1_p730s7k,0,0.0013885231455788016,-6.578125,0,0,0.02431970994248584,taglish,comment,True,majority,3-0,0,0
t1_p6zdg7p,0,0.005819959565997124,-5.140625,0,0,0.05289614791248486,taglish,comment,True,majority,3-0,0,0
t1_p7apo08,0,0.04885777831077576,-2.96875,0,0,0.15893754376032795,taglish,comment,True,majority,3-0,0,0
t1_p2vofl1,0,0.20497775077819824,-1.35546875,0,0,0.3184875543316448,taglish,comment,True,majority,3-0,0,0
t1_p4zz7jm,0,0.00806199200451374,-4.8125,0,0,0.06291883703398546,tagalog,comment,True,majority,3-0,0,0
t1_p77wola,0,0.003172682598233223,-5.75,0,0,0.038159334976386884,taglish,comment,True,adjudicator,2-1,0,0
t1_p599fek,0,0.02498779445886612,-3.6640625,0,0,0.11340874545995347,tagalog,comment,True,adjudicator,2-1,0,1
t1_p6qs09c,0,0.0017007224960252643,-6.375,0,0,0.027176559742674317,english,comment,True,majority,3-0,0,0
t1_p7kiv8w,0,0.0033766122069209814,-5.6875,0,0,0.03946783436124254,taglish,comment,True,unanimous,3-0,0,0
t1_p5czlrx,0,0.012241275049746037,-4.390625,0,0,0.07840956668395933,tagalog,comment,True,majority,3-0,0,0
t1_p7fy09p,0,0.0019267346942797303,-6.25,0,0,0.029094106998256004,taglish,comment,True,adjudicator,2-1,0,0
t1_p6y4otw,0,0.0029810327105224133,-5.8125,0,0,0.03689255079703776,english,comment,True,majority,3-0,0,0
t1_p74y6fq,0,0.007695646956562996,-4.859375,0,0,0.061385453495215354,taglish,comment,True,majority,3-0,0,0
t1_p78azsc,0,0.0014325366355478764,-6.546875,0,0,0.02473935757510446,taglish,comment,True,unanimous,3-0,0,0
t1_p68rnzt,0,0.0030753696337342262,-5.78125,0,0,0.03752080546289194,taglish,comment,True,majority,3-0,0,0
t1_p5jfjqi,0,0.004133968148380518,-5.484375,0,0,0.044023851448754196,english,comment,True,adjudicator,2-1,0,0
t1_p65i5qr,0,0.004331502132117748,-5.4375,0,0,0.045144408184000756,taglish,comment,True,majority,3-0,0,0
t1_p30lyie,0,0.0035380858462303877,-5.640625,0,0,0.04047733513175872,taglish,comment,True,majority,3-0,0,0
t1_p7izgv7,0,0.0017007224960252643,-6.375,0,0,0.027176559742674317,taglish,comment,True,unanimous,3-0,0,0
t1_p76o003,0,0.002714985515922308,-5.90625,0,0,0.03506792766728798,tagalog,comment,True,adjudicator,2-1,0,0
t1_p7klxiv,0,0.007011795416474342,-4.953125,0,0,0.058422948549715636,tagalog,comment,True,adjudicator,2-1,0,0
t1_p5pzvsc,0,0.001524786464869976,-6.484375,0,0,0.0255999282397834,taglish,comment,True,unanimous,3-0,0,0
t1_p7coaxk,0,0.0017546144081279635,-6.34375,0,0,0.027644106896874285,taglish,comment,True,majority,3-0,0,0
t3_1vtbxgt,0,0.0039454069919884205,-5.53125,0,0,0.042929858226661524,taglish,submission,True,majority,3-0,0,0
t1_p4y71lk,0,0.012053778395056725,-4.40625,0,0,0.0777782266954065,taglish,comment,True,unanimous,3-0,0,0
t1_p2y4mmb,0,0.0032224843744188547,-5.734375,0,0,0.038482500701258325,taglish,comment,True,unanimous,3-0,0,0
t1_p739rsl,0,0.012147169560194016,-4.3984375,0,0,0.07809331273288796,taglish,comment,True,majority,3-0,0,0
t1_p7l5tem,0,0.001524786464869976,-6.484375,0,0,0.0255999282397834,taglish,comment,True,majority,3-0,0,0
t1_p65rlmo,0,0.0013458605390042067,-6.609375,0,0,0.02390700619329433,taglish,comment,True,majority,3-0,0,0
t1_p511awz,0,0.002714985515922308,-5.90625,0,0,0.03506792766728798,english,comment,True,majority,3-0,0,0
t1_p6x4cbi,1,0.19930799305438995,-1.390625,0,0,0.31422034609134175,taglish,comment,True,unanimous,3-0,1,1
t1_p7b9jj2,1,0.00970847625285387,-4.625,0,0,0.06941609501300891,taglish,comment,True,adjudicator,2-1,1,0
t1_p2sn4ye,0,0.003172682598233223,-5.75,0,0,0.038159334976386884,taglish,comment,True,unanimous,3-0,0,0
t1_p5cjw6t,0,0.06705629080533981,-2.6328125,0,0,0.18578777004629038,english,comment,True,majority,3-0,0,0
t1_p7aiaaw,0,0.011508148163557053,-4.453125,0,0,0.07591204391995358,tagalog,comment,True,adjudicator,2-1,0,0
t1_p5j749a,0,0.0024343819823116064,-6.015625,0,0,0.033049036227900674,taglish,comment,True,unanimous,3-0,0,0
t1_p5gv2tw,0,0.0061929901130497456,-5.078125,0,0,0.05468125029979338,taglish,comment,True,unanimous,3-0,0,0
t1_p77oxz9,0,0.0015731120947748423,-6.453125,0,0,0.026041077014244022,english,comment,True,adjudicator,2-1,0,1
t1_p5zi6km,0,0.0026316740550100803,-5.9375,0,0,0.03447927308211456,taglish,comment,True,unanimous,3-0,0,0
t1_p5xl909,0,0.002889581024646759,-5.84375,0,0,0.036274419264536326,english,comment,True,majority,3-0,0,0
t1_p72esdo,1,0.024798156693577766,-3.671875,0,0,0.1129686311742134,taglish,comment,True,majority,3-0,1,1
t1_p6nhkp4,1,0.008187909610569477,-4.796875,0,0,0.06343785762569767,taglish,comment,True,adjudicator,2-1,1,0
t1_p7adt55,1,0.596433162689209,0.390625,1,0,0.5545892522963968,taglish,comment,True,adjudicator,2-1,1,1
t1_p6d679g,0,0.0016484829830005765,-6.40625,0,0,0.026716702980587783,taglish,comment,True,majority,3-0,0,0
t1_p6yxtzz,0,0.004264634568244219,-5.453125,0,0,0.04476790232060008,taglish,comment,True,adjudicator,2-1,0,0
t1_p2sl5gs,0,0.0038244836032390594,-5.5625,0,0,0.04221500594017596,taglish,comment,True,majority,3-0,0,0
t1_p6rtlgn,0,0.0013458605390042067,-6.609375,0,0,0.02390700619329433,taglish,comment,True,majority,3-0,0,0
t1_p586qua,0,0.0014325366355478764,-6.546875,0,0,0.02473935757510446,taglish,comment,True,unanimous,3-0,0,0
t1_p2s699m,0,0.0014779430348426104,-6.515625,0,0,0.02516605964303529,taglish,comment,True,unanimous,3-0,0,0
t1_p5oyw7y,0,0.001081715221516788,-6.828125,0,0,0.02120353956856762,taglish,comment,True,majority,3-0,0,0
t1_p6xbhhg,0,0.001838665222749114,-6.296875,0,0,0.02836011183776671,taglish,comment,True,majority,3-0,0,0
t1_p6yyoyd,0,0.004264634568244219,-5.453125,0,0,0.04476790232060008,taglish,comment,True,majority,3-0,0,0
t1_p78399m,0,0.001524786464869976,-6.484375,0,0,0.0255999282397834,english,comment,True,majority,3-0,0,0
t1_p753zn1,0,0.014392335899174213,-4.2265625,0,0,0.08532681967544196,taglish,comment,True,majority,3-0,0,0
t1_p66pvj1,0,0.0020190139766782522,-6.203125,0,0,0.029846515336618872,english,comment,True,majority,3-0,0,0
t1_p500gza,0,0.00806199200451374,-4.8125,0,0,0.06291883703398546,english,comment,True,majority,3-0,0,0
t1_p7k70p1,0,0.0030753696337342262,-5.78125,0,0,0.03752080546289194,taglish,comment,True,unanimous,3-0,0,0
t1_p6ygtxd,0,0.00857748556882143,-4.75,0,0,0.06501895796981078,taglish,comment,True,majority,3-0,0,0
t1_p76t18e,0,0.0017546144081279635,-6.34375,0,0,0.027644106896874285,taglish,comment,True,majority,3-0,0,0
t1_p5mred0,1,0.06325051933526993,-2.6953125,0,0,0.18054003433522892,tagalog,comment,True,majority,3-0,1,1
t1_p5zb1aa,0,0.0024343819823116064,-6.015625,0,0,0.033049036227900674,taglish,comment,True,unanimous,3-0,0,0
t1_p7i5trb,0,0.36296921968460083,-0.5625,0,0,0.4217258877319548,tagalog,comment,True,adjudicator,2-1,0,0
t1_p5fngij,0,0.01784873940050602,-4.0078125,0,0,0.09540911049116822,tagalog,comment,True,majority,3-0,0,0
t1_p73napw,0,0.005139610730111599,-5.265625,0,0,0.04948980911482951,english,comment,True,majority,3-0,0,0
t1_p513x9i,0,0.00407013762742281,-5.5,0,0,0.04365626378776887,taglish,comment,True,unanimous,3-0,0,0
t1_p7dfjf7,0,0.002396730938926339,-6.03125,0,0,0.0327699441846116,tagalog,comment,True,adjudicator,2-1,0,1
t1_p7d4g3w,0,0.001597845577634871,-6.4375,0,0,0.02626441741204824,taglish,comment,True,majority,3-0,0,0
t1_p59a2cx,0,0.002115703420713544,-6.15625,0,0,0.030617768234140915,taglish,comment,True,unanimous,3-0,0,0
t1_p2u10do,0,0.005819959565997124,-5.140625,0,0,0.05289614791248486,tagalog,comment,True,adjudicator,2-1,0,0
t1_p73mpuk,0,0.0018102111062034965,-6.3125,0,0,0.02811946525674957,tagalog,comment,True,adjudicator,2-1,0,0
t1_p6x2tb2,1,0.9681411385536194,3.4140625,1,1,0.8717004179429755,taglish,comment,True,unanimous,3-0,1,1
t1_p4t4rfj,0,0.0020507436711341143,-6.1875,0,0,0.030101484248787516,taglish,comment,True,unanimous,3-0,0,0
t1_p6zepsz,0,0.0017546144081279635,-6.34375,0,0,0.027644106896874285,english,comment,True,adjudicator,2-1,0,0
t1_p7cfcze,0,0.0017546144081279635,-6.34375,0,0,0.027644106896874285,taglish,comment,True,majority,3-0,0,0
t1_p5evp5a,1,0.9875683188438416,4.375,1,1,0.9209544078752299,taglish,comment,True,majority,3-0,1,1
t1_p5izqx9,0,0.0015731120947748423,-6.453125,0,0,0.026041077014244022,taglish,comment,True,majority,3-0,0,0
t1_p79c6su,0,0.2579519748687744,-1.056640625,0,0,0.35594234107374045,taglish,comment,True,adjudicator,2-1,0,0
t1_p3gyo9g,0,0.00214894930832088,-6.140625,0,0,0.030879115996896037,taglish,comment,True,majority,3-0,0,0
t1_p2uwcht,0,0.00172745855525136,-6.359375,0,0,0.027409364507913175,taglish,comment,True,majority,3-0,0,0
t1_p79nndi,0,0.0015487609198316932,-6.46875,0,0,0.025819585440613215,taglish,comment,True,adjudicator,2-1,0,0
t1_p3zsw04,0,0.002396730938926339,-6.03125,0,0,0.0327699441846116,taglish,comment,True,unanimous,3-0,0,0
t1_p7cnibr,0,0.006589771714061499,-5.015625,0,0,0.05652299982418538,taglish,comment,True,unanimous,3-0,0,0
t1_p7kax5v,0,0.0061929901130497456,-5.078125,0,0,0.05468125029979338,taglish,comment,True,majority,3-0,0,0
t1_p63l8fh,0,0.0025909794494509697,-5.953125,0,0,0.03418853003842758,english,comment,True,adjudicator,2-1,0,0
t1_p5id8nt,0,0.037047166377305984,-3.2578125,0,0,0.138430724873356,tagalog,comment,True,majority,3-0,0,0
t1_p796zsd,0,0.001597845577634871,-6.4375,0,0,0.02626441741204824,taglish,comment,True,unanimous,3-0,0,0
t1_p467600,0,0.0023231625091284513,-6.0625,0,0,0.03221857586181331,tagalog,comment,True,adjudicator,2-1,0,0
t1_p77qerq,0,0.0028449094388633966,-5.859375,0,0,0.03596910275109087,taglish,comment,True,majority,3-0,0,0
t1_p7c6v15,0,0.0030278346966952085,-5.796875,0,0,0.037205403298071545,english,comment,True,majority,3-0,0,0
t1_p6x6xq3,0,0.04603390395641327,-3.03125,0,0,0.15430448706265196,taglish,comment,True,majority,3-0,0,0
t1_p4tdnbr,0,0.002217013156041503,-6.109375,0,0,0.03140830558159979,taglish,comment,True,unanimous,3-0,0,0
t1_p7ba3dl,0,0.2375759482383728,-1.166015625,0,0,0.3419977610896595,english,comment,True,unanimous,3-0,0,0
t1_p3vgugz,0,0.0032730652019381523,-5.71875,0,0,0.03880829284256241,taglish,comment,True,majority,3-0,0,0
t1_p7laa29,1,0.7704647779464722,1.2109375,1,1,0.6636529187368316,tagalog,comment,True,adjudicator,2-1,1,1
t1_p4xc95l,0,0.002714985515922308,-5.90625,0,0,0.03506792766728798,english,comment,True,majority,3-0,0,0
t1_p2tsbrl,0,0.0028449094388633966,-5.859375,0,0,0.03596910275109087,taglish,comment,True,unanimous,3-0,0,0
t1_p7jnjat,1,0.007011795416474342,-4.953125,0,0,0.058422948549715636,tagalog,comment,True,majority,3-0,1,1
t1_p5ctfwv,0,0.0029810327105224133,-5.8125,0,0,0.03689255079703776,taglish,comment,True,majority,3-0,0,0
t1_p3ubs81,0,0.0018969200318679214,-6.265625,0,0,0.02884741709539808,taglish,comment,True,adjudicator,2-1,0,0
t1_p6578jk,0,0.030214587226510048,-3.46875,0,0,0.12490597154957073,taglish,comment,True,unanimous,3-0,0,0
t1_p78xgky,0,0.00178219610825181,-6.328125,0,0,0.027880802061822113,taglish,comment,True,majority,3-0,0,0
t1_p73y8o3,0,0.0030278346966952085,-5.796875,0,0,0.037205403298071545,english,comment,True,majority,3-0,0,0
t1_p6m8vbx,0,0.004399413242936134,-5.421875,0,0,0.04552392962098087,taglish,comment,True,unanimous,3-0,0,0
t1_p7bel7e,0,0.0015731120947748423,-6.453125,0,0,0.026041077014244022,taglish,comment,True,majority,3-0,0,0
t1_p51c9tq,0,0.06325051933526993,-2.6953125,0,0,0.18054003433522892,taglish,comment,True,majority,3-0,0,0
t1_p30b5x6,0,0.0015011822106316686,-6.5,0,0,0.025382091058865915,taglish,comment,True,unanimous,3-0,0,0
t1_p7jl0bl,0,0.001957016997039318,-6.234375,0,0,0.02934284274043753,taglish,comment,True,unanimous,3-0,0,0
t1_p7bak1l,0,0.0013885231455788016,-6.578125,0,0,0.02431970994248584,english,comment,True,majority,3-0,0,0
t1_p300zhn,0,0.003429603995755315,-5.671875,0,0,0.03980162301306125,taglish,comment,True,majority,3-0,0,0
t1_p5sotw5,0,0.0037654140032827854,-5.578125,0,0,0.04186186029469008,taglish,comment,True,majority,3-0,0,0
t1_p5ycfpn,0,0.004198795650154352,-5.46875,0,0,0.04439439053631127,taglish,comment,True,unanimous,3-0,0,0
t1_p77m0e8,0,0.0017546144081279635,-6.34375,0,0,0.027644106896874285,taglish,comment,True,unanimous,3-0,0,0
t1_p5p2vrj,0,0.0015731120947748423,-6.453125,0,0,0.026041077014244022,taglish,comment,True,majority,3-0,0,0
t1_p69tbzs,1,0.022977370768785477,-3.75,0,0,0.10864894634012695,tagalog,comment,True,adjudicator,2-1,1,1
t1_p3z200l,0,0.0022872276604175568,-6.078125,0,0,0.03194626518022632,tagalog,comment,True,majority,3-0,0,0
t1_p5mtyx6,0,0.0017546144081279635,-6.34375,0,0,0.027644106896874285,taglish,comment,True,majority,3-0,0,0
t1_p4ewq7q,0,0.0014779430348426104,-6.515625,0,0,0.02516605964303529,english,comment,True,majority,3-0,0,0
t1_p3kdw2q,1,0.0026316740550100803,-5.9375,0,0,0.03447927308211456,taglish,comment,True,adjudicator,2-1,1,1
t1_p6xv3ng,0,0.01578456163406372,-4.1328125,0,0,0.08952385343834743,taglish,comment,True,adjudicator,2-1,0,0
t1_p6r7p20,0,0.002396730938926339,-6.03125,0,0,0.0327699441846116,tagalog,comment,True,adjudicator,2-1,0,0
t1_p51c5db,0,0.454574316740036,-0.1822052001953125,0,0,0.4744574514319279,taglish,comment,True,majority,3-0,0,0
t1_p7fn2tx,0,0.1919327974319458,-1.4375,0,0,0.30857930181650517,taglish,comment,True,adjudicator,2-1,0,0
t1_p6q7agm,0,0.007695646956562996,-4.859375,0,0,0.061385453495215354,taglish,comment,True,unanimous,3-0,0,0
t1_p4eskwg,0,0.001524786464869976,-6.484375,0,0,0.0255999282397834,taglish,comment,True,unanimous,3-0,0,0
t1_p77uoky,1,0.0033766122069209814,-5.6875,0,0,0.03946783436124254,taglish,comment,True,adjudicator,2-1,1,0
t1_p5radv6,0,0.0020190139766782522,-6.203125,0,0,0.029846515336618872,taglish,comment,True,majority,3-0,0,0
t1_p77trkh,0,0.002217013156041503,-6.109375,0,0,0.03140830558159979,taglish,comment,True,unanimous,3-0,0,0
t1_p5xzcvn,0,0.0025509123224765062,-5.96875,0,0,0.03390015257688779,taglish,comment,True,unanimous,3-0,0,0
t1_p7hgig1,0,0.00130450667347759,-6.640625,0,0,0.023501137303335463,taglish,comment,True,majority,3-0,0,0
t1_p5cq96q,1,0.1561048924922943,-1.6875,0,0,0.2794729695123443,taglish,comment,True,majority,3-0,1,1
t1_p50sr4b,0,0.0036499870475381613,-5.609375,0,0,0.041164027024693184,taglish,comment,True,adjudicator,2-1,0,0
t1_p54nz23,0,0.001838665222749114,-6.296875,0,0,0.02836011183776671,taglish,comment,True,unanimous,3-0,0,0
t1_p7kcsle,0,0.0026730059180408716,-5.921875,0,0,0.034772399618271686,english,comment,True,majority,3-0,0,0
t1_p5ug01j,0,0.0023231625091284513,-6.0625,0,0,0.03221857586181331,taglish,comment,True,majority,3-0,0,0
t1_p5yhc7b,0,0.003172682598233223,-5.75,0,0,0.038159334976386884,taglish,comment,True,unanimous,3-0,0,0
t1_p78llri,0,0.002889581024646759,-5.84375,0,0,0.036274419264536326,tagalog,comment,True,adjudicator,2-1,0,0
t1_p468emq,0,0.002889581024646759,-5.84375,0,0,0.036274419264536326,taglish,comment,True,majority,3-0,0,0
t1_p3ifa43,0,0.0026730059180408716,-5.921875,0,0,0.034772399618271686,taglish,comment,True,unanimous,3-0,0,0
t1_p5zajnv,0,0.0016484829830005765,-6.40625,0,0,0.026716702980587783,taglish,comment,True,majority,3-0,0,0
t1_p6x7ge1,0,0.048136770725250244,-2.984375,0,0,0.15776880703330995,taglish,comment,True,majority,3-0,0,0
t1_p5c5ngm,0,0.3944341838359833,-0.4287109375,0,0,0.44013704690230904,english,comment,True,majority,3-0,0,0
t1_p74okhz,0,0.17838265001773834,-1.52734375,0,0,0.29792620519327806,tagalog,comment,True,adjudicator,3-0,0,0
t1_p6vy67q,0,0.003123648464679718,-5.765625,0,0,0.03783877631164071,taglish,comment,True,majority,3-0,0,0
t1_p7a55ro,0,0.0015487609198316932,-6.46875,0,0,0.025819585440613215,taglish,comment,True,unanimous,3-0,0,0
t1_p7dr1ta,0,0.026155617088079453,-3.6171875,0,0,0.11608093443551244,taglish,comment,True,majority,3-0,0,0
t1_p7d0uz0,0,0.1755380630493164,-1.546875,0,0,0.2956385112506715,taglish,comment,True,unanimous,3-0,0,0
t1_p3zxck1,0,0.0015011822106316686,-6.5,0,0,0.025382091058865915,taglish,comment,True,majority,3-0,0,0
t1_p6dx5af,1,0.8019358515739441,1.3984375,1,1,0.6867237067065914,taglish,comment,True,majority,3-0,1,1
t1_p6e1bpi,0,0.011687257327139378,-4.4375,0,0,0.07652949281507797,taglish,comment,True,unanimous,3-0,0,0
t1_p5fb6ya,0,0.6535692811012268,0.634765625,1,1,0.5881324018595102,english,comment,True,adjudicator,2-1,0,0
t1_p61w9xz,0,0.0015731120947748423,-6.453125,0,0,0.026041077014244022,english,comment,True,adjudicator,2-1,0,0
t1_p6e0fce,0,0.0032224843744188547,-5.734375,0,0,0.038482500701258325,english,comment,True,majority,3-0,0,0
t1_p5g20k7,0,0.00172745855525136,-6.359375,0,0,0.027409364507913175,taglish,comment,True,majority,3-0,0,0
t1_p50x2qf,0,0.015189048834145069,-4.171875,0,0,0.08775292459448782,english,comment,True,unanimous,3-0,0,0
t1_p7b5cn0,0,0.0039454069919884205,-5.53125,0,0,0.042929858226661524,taglish,comment,True,adjudicator,2-1,0,1
t1_p6z27mn,1,0.15817435085773468,-1.671875,0,0,0.281242221410646,taglish,comment,True,adjudicator,2-1,1,0
t1_p7awhfy,0,0.0014325366355478764,-6.546875,0,0,0.02473935757510446,english,comment,True,majority,3-0,0,0
t1_p2ufm58,0,0.0015731120947748423,-6.453125,0,0,0.026041077014244022,english,comment,True,majority,3-0,0,0
t1_p51e36n,0,0.05070536583662033,-2.9296875,0,0,0.16189010155127498,taglish,comment,True,majority,3-0,0,0
t1_p4s1e0i,0,0.5537466406822205,0.2158203125,1,0,0.5302442959177378,taglish,comment,True,unanimous,3-0,0,0
t1_p5oca33,0,0.0015011822106316686,-6.5,0,0,0.025382091058865915,taglish,comment,True,majority,3-0,0,0
t1_p74ueit,0,0.00482972152531147,-5.328125,0,0,0.04786560306024229,taglish,comment,True,unanimous,3-0,0,0
t1_p5cwz72,0,0.6540113091468811,0.63671875,1,1,0.588397900588137,taglish,comment,True,majority,3-0,0,0
t1_p6s4vy1,0,0.05921025201678276,-2.765625,0,0,0.17477530184898396,taglish,comment,True,unanimous,3-0,0,0
t1_p7a4i1w,0,0.0022872276604175568,-6.078125,0,0,0.03194626518022632,taglish,comment,True,unanimous,3-0,0,0
t1_p4yzcc9,0,0.0025114635936915874,-5.984375,0,0,0.03361412289700238,taglish,comment,True,unanimous,3-0,0,0
t1_p6s66ir,0,0.008187909610569477,-4.796875,0,0,0.06343785762569767,tagalog,comment,True,majority,3-0,0,0
t1_p6shkkc,0,0.9522199034690857,2.9921875,1,1,0.842812937453451,taglish,comment,True,unanimous,3-0,0,0
t1_p7kj0wi,0,0.0034834241960197687,-5.65625,0,0,0.04013811663035982,taglish,comment,True,majority,3-0,0,0
t1_p5rvjli,0,0.0019877743907272816,-6.21875,0,0,0.02959364019431563,taglish,comment,True,majority,3-0,0,0
t1_p77rfio,0,0.0015011822106316686,-6.5,0,0,0.025382091058865915,english,comment,True,majority,3-0,0,0
t1_p78y5du,0,0.0013458605390042067,-6.609375,0,0,0.02390700619329433,english,comment,True,majority,3-0,0,0
t1_p75odws,0,0.007011795416474342,-4.953125,0,0,0.058422948549715636,taglish,comment,True,unanimous,3-0,0,0
t1_p79aq8h,0,0.001622967072762549,-6.421875,0,0,0.02648962118429965,taglish,comment,True,unanimous,3-0,0,0
t1_p4klhcp,0,0.0014779430348426104,-6.515625,0,0,0.02516605964303529,english,comment,True,majority,3-0,0,0
t1_p51678c,0,0.0028449094388633966,-5.859375,0,0,0.03596910275109087,english,comment,True,majority,3-0,0,0
t1_p2f6nj0,0,0.0019267346942797303,-6.25,0,0,0.029094106998256004,english,comment,True,majority,3-0,0,0
t1_p7gtjj1,0,0.2970619201660156,-0.861328125,0,0,0.38144862751442377,tagalog,comment,True,adjudicator,2-1,0,1
t1_p6n49j6,0,0.005384938325732946,-5.21875,0,0,0.0507421083497877,taglish,comment,True,majority,3-0,0,0
t1_p7amr7k,0,0.0033766122069209814,-5.6875,0,0,0.03946783436124254,taglish,comment,True,adjudicator,2-1,0,0
t1_p7le1eh,0,0.19132769107818604,-1.44140625,0,0,0.3081117513607831,taglish,comment,True,majority,3-0,0,0
t1_p64u75y,0,0.0022872276604175568,-6.078125,0,0,0.03194626518022632,taglish,comment,True,unanimous,3-0,0,0
t1_p4rcpu8,0,0.006589771714061499,-5.015625,0,0,0.05652299982418538,taglish,comment,True,unanimous,3-0,0,0
t1_p4n673n,0,0.004681822843849659,-5.359375,0,0,0.04707260490830975,taglish,comment,True,unanimous,3-0,0,0
t1_p69t9vn,0,0.0017546144081279635,-6.34375,0,0,0.027644106896874285,taglish,comment,True,majority,3-0,0,0
t1_p7jmwuw,0,0.8879840970039368,2.0703125,1,1,0.7616820681142522,taglish,comment,True,unanimous,3-0,0,0
t1_p7afqiy,0,0.002082970691844821,-6.171875,0,0,0.030358563117324502,taglish,comment,True,unanimous,3-0,0,0
t1_p7k4ywy,0,0.0011335690505802631,-6.78125,0,0,0.02175646106332701,english,comment,True,majority,3-0,0,0
t1_p7jm0fp,0,0.0014550630003213882,-6.53125,0,0,0.02495181983510568,taglish,comment,True,unanimous,3-0,0,0
t1_p6y003z,0,0.0025509123224765062,-5.96875,0,0,0.03390015257688779,taglish,comment,True,majority,3-0,0,0
t1_p2uhq0y,1,0.002115703420713544,-6.15625,0,0,0.030617768234140915,english,comment,True,majority,3-0,1,1
t1_p5cweq7,0,0.002251847181469202,-6.09375,0,0,0.03167618073058643,taglish,comment,True,majority,3-0,0,0
t1_p3hx9p2,0,0.0025509123224765062,-5.96875,0,0,0.03390015257688779,taglish,comment,True,majority,3-0,0,0
t1_p75z2bv,1,0.08787644654512405,-2.33984375,0,0,0.2119530461993142,taglish,comment,True,unanimous,3-0,1,1
t1_p40nepi,0,0.0020190139766782522,-6.203125,0,0,0.029846515336618872,taglish,comment,True,majority,3-0,0,0
t1_p30o96b,0,0.0017546144081279635,-6.34375,0,0,0.027644106896874285,taglish,comment,True,unanimous,3-0,0,0
t1_p4qzg0c,0,0.0071214293129742146,-4.9375,0,0,0.05890721370277696,tagalog,comment,True,adjudicator,2-1,0,0
t1_p7hgk6d,0,0.004538431763648987,-5.390625,0,0,0.04629210575307723,tagalog,comment,True,majority,3-0,0,0
t1_p4gft2f,0,0.0013458605390042067,-6.609375,0,0,0.02390700619329433,taglish,comment,True,majority,3-0,0,0
t1_p75kifr,0,0.0038844766095280647,-5.546875,0,0,0.04257099834829676,english,comment,True,unanimous,3-0,0,0
t1_p4zh708,0,0.002800926798954606,-5.875,0,0,0.03566626093714118,taglish,comment,True,majority,3-0,0,0
t1_p7a25ft,0,0.0011879054363816977,-6.734375,0,0,0.02232347216579137,taglish,comment,True,unanimous,3-0,0,0
t1_p4zg2ok,0,0.004982269834727049,-5.296875,0,0,0.04867127795738106,tagalog,comment,True,majority,3-0,0,0
t1_p4gcvtp,0,0.0017007224960252643,-6.375,0,0,0.027176559742674317,taglish,comment,True,majority,3-0,0,0
t1_p7i5k42,0,0.0032730652019381523,-5.71875,0,0,0.03880829284256241,taglish,comment,True,unanimous,3-0,0,0
t1_p60ltlu,0,0.0016484829830005765,-6.40625,0,0,0.026716702980587783,english,comment,True,majority,3-0,0,0
t1_p4ncmm6,0,0.13028542697429657,-1.8984375,0,0,0.2562670395142933,taglish,comment,True,majority,3-0,0,0
t1_p3pcwwb,0,0.0023231625091284513,-6.0625,0,0,0.03221857586181331,english,comment,True,majority,3-0,0,0
t1_p7kdtat,0,0.0025909794494509697,-5.953125,0,0,0.03418853003842758,taglish,comment,True,majority,3-0,0,0
t1_p58wkah,0,0.0036499870475381613,-5.609375,0,0,0.041164027024693184,taglish,comment,True,majority,3-0,0,0
t1_p6sb45o,0,0.00172745855525136,-6.359375,0,0,0.027409364507913175,taglish,comment,True,unanimous,3-0,0,0
t1_p4xmofl,0,0.00407013762742281,-5.5,0,0,0.04365626378776887,english,comment,True,majority,3-0,0,0
t1_p53cx84,0,0.0018102111062034965,-6.3125,0,0,0.02811946525674957,english,comment,True,majority,3-0,0,0
t1_p7k4jsc,0,0.0014779430348426104,-6.515625,0,0,0.02516605964303529,english,comment,True,majority,3-0,0,0
t3_1vnuz4r,0,0.001597845577634871,-6.4375,0,0,0.02626441741204824,taglish,submission,True,majority,3-0,0,0
t1_p7ammcj,0,0.0015487609198316932,-6.46875,0,0,0.025819585440613215,taglish,comment,True,majority,3-0,0,0
t1_p7m3twq,0,0.0012843081494793296,-6.65625,0,0,0.02330073227477451,english,comment,True,majority,3-0,0,0
t1_p79ehh3,0,0.0015011822106316686,-6.5,0,0,0.025382091058865915,taglish,comment,True,unanimous,3-0,0,0
t1_p5j8j22,0,0.0035380858462303877,-5.640625,0,0,0.04047733513175872,taglish,comment,True,unanimous,3-0,0,0
t1_p50lenz,0,0.5202221274375916,0.0809326171875,1,0,0.5113535219747829,english,comment,True,unanimous,3-0,0,0
t1_p4mv2i7,0,0.0012255674228072166,-6.703125,0,0,0.022709475558211404,taglish,comment,True,unanimous,3-0,0,0
t1_p501kyt,0,0.0037072529084980488,-5.59375,0,0,0.04151154081692565,tagalog,comment,True,adjudicator,2-1,0,0
t1_p6d5g6l,0,0.001524786464869976,-6.484375,0,0,0.0255999282397834,tagalog,comment,True,adjudicator,2-1,0,0
t1_p5uu9ss,0,0.001867565792053938,-6.28125,0,0,0.02860275726348513,taglish,comment,True,majority,3-0,0,0
t1_p5143ya,0,0.0019877743907272816,-6.21875,0,0,0.02959364019431563,taglish,comment,True,unanimous,3-0,0,0
t1_p5c6ylh,0,0.113973468542099,-2.05078125,0,0,0.24031340250857267,english,comment,True,majority,3-0,0,0
t1_p7bm2ox,0,0.001622967072762549,-6.421875,0,0,0.02648962118429965,tagalog,comment,True,majority,3-0,0,0
t1_p79tgdx,0,0.0020190139766782522,-6.203125,0,0,0.029846515336618872,taglish,comment,True,majority,3-0,0,0
t1_p74yd6e,0,0.002714985515922308,-5.90625,0,0,0.03506792766728798,english,comment,True,majority,3-0,0,0
t1_p77wrq7,0,0.0029349515680223703,-5.828125,0,0,0.036582229051434,taglish,comment,True,unanimous,3-0,0,0
t1_p76hwfx,0,0.0017007224960252643,-6.375,0,0,0.027176559742674317,taglish,comment,True,majority,3-0,0,0
t1_p72jhno,0,0.0025114635936915874,-5.984375,0,0,0.03361412289700238,english,comment,True,majority,3-0,0,0
t1_p7a7f2g,0,0.001622967072762549,-6.421875,0,0,0.02648962118429965,taglish,comment,True,unanimous,3-0,0,0
t1_p7b4tpz,0,0.002251847181469202,-6.09375,0,0,0.03167618073058643,tagalog,comment,True,majority,3-0,0,0
t1_p5jmmrx,1,0.0035936026833951473,-5.625,0,0,0.040819298548541494,taglish,comment,True,majority,3-0,1,1
t1_p79yd7y,0,0.00178219610825181,-6.328125,0,0,0.027880802061822113,taglish,comment,True,unanimous,3-0,0,0
t1_p4s8zys,0,0.9184802770614624,2.421875,1,1,0.7956347495061297,tagalog,comment,True,adjudicator,2-1,0,1
t1_p3vcc6j,0,0.0033766122069209814,-5.6875,0,0,0.03946783436124254,tagalog,comment,True,majority,3-0,0,0
t1_p2u0kv1,0,0.0012255674228072166,-6.703125,0,0,0.022709475558211404,taglish,comment,True,majority,3-0,0,0
t1_p3eruxa,0,0.0025114635936915874,-5.984375,0,0,0.03361412289700238,taglish,comment,True,unanimous,3-0,0,0
t1_p4bbpyq,0,0.0017546144081279635,-6.34375,0,0,0.027644106896874285,english,comment,True,majority,3-0,0,0
t1_p7bngsw,0,0.0064882696606218815,-5.03125,0,0,0.056057167341406984,english,comment,True,majority,3-0,0,0
t1_p5dhwz3,0,0.007815889082849026,-4.84375,0,0,0.06189266057309455,tagalog,comment,True,majority,3-0,0,0
t1_p7cmr7j,0,0.25720497965812683,-1.060546875,0,0,0.35543991890256,taglish,comment,True,unanimous,3-0,0,0
t1_p7k9qph,0,0.003429603995755315,-5.671875,0,0,0.03980162301306125,tagalog,comment,True,adjudicator,2-1,0,0
t1_p7jm1cj,0,0.00407013762742281,-5.5,0,0,0.04365626378776887,english,comment,True,majority,3-0,0,0
t1_p2zqdyp,0,0.11961366981267929,-1.99609375,0,0,0.24596125304894956,taglish,comment,True,adjudicator,2-1,0,0
t1_p6xi0gj,0,0.3510885536670685,-0.6142578125,0,0,0.414658404487515,taglish,comment,True,majority,3-0,0,0
t1_p7ixzm5,1,0.9787126779556274,3.828125,1,1,0.8955250172337885,tagalog,comment,True,adjudicator,2-1,1,0
t1_p50oull,0,0.0015011822106316686,-6.5,0,0,0.025382091058865915,taglish,comment,True,majority,3-0,0,0
t1_p4zof9p,0,0.6046323776245117,0.4248046875,1,1,0.5593226615337973,taglish,comment,True,adjudicator,2-1,0,0
t1_p5cm593,0,0.0222861859947443,-3.78125,0,0,0.10696206608917196,taglish,comment,True,unanimous,3-0,0,0
t1_p6mhswo,0,0.007695646956562996,-4.859375,0,0,0.061385453495215354,taglish,comment,True,unanimous,3-0,0,0
t1_p6gwkw5,0,0.001867565792053938,-6.28125,0,0,0.02860275726348513,taglish,comment,True,majority,3-0,0,0
t1_p72wy0h,0,0.0018102111062034965,-6.3125,0,0,0.02811946525674957,taglish,comment,True,majority,3-0,0,0
t1_p7i8gqv,0,0.002251847181469202,-6.09375,0,0,0.03167618073058643,english,comment,True,majority,3-0,0,0
t1_p4i7qsg,1,0.006003595422953367,-5.109375,0,0,0.05378171419221797,taglish,comment,True,unanimous,3-0,1,1
t1_p5bw2ty,0,0.005060331430286169,-5.28125,0,0,0.04907892521511716,english,comment,True,majority,3-0,0,0
t1_p77ru5i,0,0.0020507436711341143,-6.1875,0,0,0.030101484248787516,taglish,comment,True,unanimous,3-0,0,0
t1_p4ibiuu,1,0.7813306450843811,1.2734375,1,1,0.671437229637849,english,comment,True,majority,3-0,1,1
t1_p46k54m,0,0.0020507436711341143,-6.1875,0,0,0.030101484248787516,taglish,comment,True,majority,3-0,0,0
t1_p7a4s7r,0,0.00214894930832088,-6.140625,0,0,0.030879115996896037,taglish,comment,True,unanimous,3-0,0,0
t1_p7knupo,0,0.814643383026123,1.48046875,1,1,0.6965420243717585,english,comment,True,adjudicator,2-1,0,0
t1_p742eq6,0,0.004007288720458746,-5.515625,0,0,0.04329160639553263,taglish,comment,True,adjudicator,2-1,0,0
t1_p5z9z6z,0,0.0023596608079969883,-6.046875,0,0,0.03249312981430348,taglish,comment,True,adjudicator,3-0,0,0
t1_p60m9a1,0,0.0015011822106316686,-6.5,0,0,0.025382091058865915,taglish,comment,True,majority,3-0,0,0
t1_p6f5ipu,0,0.0012448433553799987,-6.6875,0,0,0.022904914560453835,english,comment,True,majority,3-0,0,0
t1_p73m224,0,0.37777021527290344,-0.4990234375,0,0,0.43043724357285607,tagalog,comment,True,adjudicator,2-1,0,0
t1_p7ad8ct,0,0.001524786464869976,-6.484375,0,0,0.0255999282397834,english,comment,True,majority,3-0,0,0
t1_p1xk6cu,0,0.00407013762742281,-5.5,0,0,0.04365626378776887,taglish,comment,True,unanimous,3-0,0,0
t1_p5eq1rz,0,0.0026730059180408716,-5.921875,0,0,0.034772399618271686,taglish,comment,True,majority,3-0,0,0
t1_p6m71t4,0,0.018978038802742958,-3.9453125,0,0,0.098479731061289,tagalog,comment,True,adjudicator,2-1,0,0
t1_p6z7ljg,0,0.007345826830714941,-4.90625,0,0,0.0598870515352558,english,comment,True,adjudicator,3-0,0,0
t1_p50o4cl,0,0.002396730938926339,-6.03125,0,0,0.0327699441846116,taglish,comment,True,adjudicator,2-1,0,0
t1_p5jpj4g,0,0.007937993854284286,-4.828125,0,0,0.06240377989960103,taglish,comment,True,unanimous,3-0,0,0
t3_1vsq8gw,0,0.08819004148244858,-2.3359375,0,0,0.2123194564597089,tagalog,submission,True,adjudicator,2-1,0,0
t1_p61jmcu,0,0.0012843081494793296,-6.65625,0,0,0.02330073227477451,taglish,comment,True,unanimous,3-0,0,0
t1_p79ibcs,0,0.0015731120947748423,-6.453125,0,0,0.026041077014244022,taglish,comment,True,unanimous,3-0,0,0
t1_p7a163b,0,0.12635333836078644,-1.93359375,0,0,0.25252458578673537,tagalog,comment,True,adjudicator,2-1,0,0
t1_p5qp88r,0,0.01353214867413044,-4.2890625,0,0,0.08262872124457442,taglish,comment,True,unanimous,3-0,0,0
t1_p5cdkaw,0,0.2130495309829712,-1.306640625,0,0,0.32446500904697145,taglish,comment,True,majority,3-0,0,0
t1_p6ryi6a,0,0.0024343819823116064,-6.015625,0,0,0.033049036227900674,english,comment,True,majority,3-0,0,0
t1_p73c4yz,0,0.029760092496871948,-3.484375,0,0,0.12395060359644215,tagalog,comment,True,adjudicator,2-1,0,0
t1_p75eglh,0,0.0037072529084980488,-5.59375,0,0,0.04151154081692565,taglish,comment,True,majority,3-0,0,0
t1_p5c2j4s,0,0.002251847181469202,-6.09375,0,0,0.03167618073058643,taglish,comment,True,unanimous,3-0,0,0
t1_p510zrc,0,0.0030753696337342262,-5.78125,0,0,0.03752080546289194,taglish,comment,True,majority,3-0,0,0
t1_p7aae1l,0,0.0023231625091284513,-6.0625,0,0,0.03221857586181331,taglish,comment,True,unanimous,3-0,0,0
t1_p4z4tuk,1,0.03514484316110611,-3.3125,0,0,0.13481058187319245,taglish,comment,True,unanimous,3-0,1,1
t1_p6ks2os,0,0.001597845577634871,-6.4375,0,0,0.02626441741204824,english,comment,True,majority,3-0,0,0
t1_p2f72om,0,0.0014550630003213882,-6.53125,0,0,0.02495181983510568,taglish,comment,True,unanimous,3-0,0,0
t1_p3qwhkd,0,0.0025509123224765062,-5.96875,0,0,0.03390015257688779,english,comment,True,adjudicator,2-1,0,0
t1_p5auq3e,0,0.0023231625091284513,-6.0625,0,0,0.03221857586181331,taglish,comment,True,majority,3-0,0,0
t1_p5cj37l,0,0.038756195455789566,-3.2109375,0,0,0.1415983309442,english,comment,True,unanimous,3-0,0,0
t1_p7jjze4,0,0.03649376332759857,-3.2734375,0,0,0.13738815112565847,english,comment,True,unanimous,3-0,0,0
t1_p77gn5r,0,0.7683857679367065,1.19921875,1,1,0.6621832557323807,taglish,comment,True,unanimous,3-0,0,0
t1_p3sc60l,0,0.0030753696337342262,-5.78125,0,0,0.03752080546289194,english,comment,True,adjudicator,2-1,0,0
t1_p30apmw,0,0.002182716503739357,-6.125,0,0,0.03114262290933151,taglish,comment,True,unanimous,3-0,0,0
t1_p79pfeh,0,0.0012843081494793296,-6.65625,0,0,0.02330073227477451,english,comment,True,majority,3-0,0,0
t1_p76okyw,0,0.0026730059180408716,-5.921875,0,0,0.034772399618271686,taglish,comment,True,majority,3-0,0,0
t1_p773hqh,0,0.05749328061938286,-2.796875,0,0,0.1722601584661797,tagalog,comment,True,adjudicator,2-1,0,0
t1_p58hsl1,0,0.0033766122069209814,-5.6875,0,0,0.03946783436124254,taglish,comment,True,adjudicator,2-1,0,1
t1_p7bz4l9,0,0.0018102111062034965,-6.3125,0,0,0.02811946525674957,taglish,comment,True,majority,3-0,0,0
t1_p5z8ue3,0,0.0015487609198316932,-6.46875,0,0,0.025819585440613215,taglish,comment,True,majority,3-0,0,0
t1_p7b5750,0,0.001597845577634871,-6.4375,0,0,0.02626441741204824,english,comment,True,majority,3-0,0,0
t1_p7bwy13,0,0.001597845577634871,-6.4375,0,0,0.02626441741204824,taglish,comment,True,majority,3-0,0,0
t1_p5etwso,0,0.001867565792053938,-6.28125,0,0,0.02860275726348513,taglish,comment,True,majority,3-0,0,0
t1_p4n9omu,0,0.0032224843744188547,-5.734375,0,0,0.038482500701258325,taglish,comment,True,unanimous,3-0,0,0
t1_p3kqtje,0,0.0017007224960252643,-6.375,0,0,0.027176559742674317,taglish,comment,True,unanimous,3-0,0,0
t1_p7czzsb,1,0.04084571823477745,-3.15625,0,0,0.14537012303369642,taglish,comment,True,majority,3-0,1,1
t1_p5dmblv,1,0.36048904061317444,-0.5732421875,0,0,0.4202563112297251,taglish,comment,True,majority,3-0,1,1
t1_p50ja7r,0,0.04535258188843727,-3.046875,0,0,0.15316361502079268,english,comment,True,majority,3-0,0,0
t3_1vchihj,0,0.002182716503739357,-6.125,0,0,0.03114262290933151,taglish,submission,True,majority,3-0,0,0
t1_p3vqy0i,0,0.001622967072762549,-6.421875,0,0,0.02648962118429965,taglish,comment,True,majority,3-0,0,0
t1_p73qnil,0,0.024053553119301796,-3.703125,0,0,0.11122305230466425,taglish,comment,True,majority,3-0,0,0
t1_p5u1w84,0,0.003172682598233223,-5.75,0,0,0.038159334976386884,taglish,comment,True,adjudicator,2-1,0,0
t1_p50tgm1,0,0.6731916666030884,0.72265625,1,1,0.6000268795047927,tagalog,comment,True,adjudicator,2-1,0,0
t1_p7jdf4l,0,0.001622967072762549,-6.421875,0,0,0.02648962118429965,taglish,comment,True,majority,3-0,0,0
t1_p6zvsxc,0,0.0055549247190356255,-5.1875,0,0,0.051593577040579104,taglish,comment,True,unanimous,3-0,0,0
t1_p300sau,0,0.0020507436711341143,-6.1875,0,0,0.030101484248787516,english,comment,True,majority,3-0,0,0
t1_p79jg3r,0,0.0013458605390042067,-6.609375,0,0,0.02390700619329433,english,comment,True,majority,3-0,0,0
t1_p5qlj6c,0,0.0012843081494793296,-6.65625,0,0,0.02330073227477451,english,comment,True,majority,3-0,0,0
t1_p7i68z2,0,0.0023596608079969883,-6.046875,0,0,0.03249312981430348,taglish,comment,True,majority,3-0,0,0
t1_p75qcc8,0,0.010818448849022388,-4.515625,0,0,0.07348772946012651,taglish,comment,True,unanimous,3-0,0,0
t1_p5d2mg5,0,0.0064882696606218815,-5.03125,0,0,0.056057167341406984,english,comment,True,unanimous,3-0,0,0
t1_p77ro88,0,0.0014779430348426104,-6.515625,0,0,0.02516605964303529,taglish,comment,True,adjudicator,2-1,0,0
t1_p50lr03,0,0.02779562398791313,-3.5546875,0,0,0.11972879478400991,taglish,comment,True,majority,3-0,0,0
t1_p705dn8,0,0.0026316740550100803,-5.9375,0,0,0.03447927308211456,tagalog,comment,True,adjudicator,2-1,0,0
t1_p5tokt2,0,0.0018969200318679214,-6.265625,0,0,0.02884741709539808,english,comment,True,majority,3-0,0,0
t1_p7kuxef,0,0.8553685545921326,1.77734375,1,1,0.730566854143887,taglish,comment,True,adjudicator,2-1,0,0
t1_p30p5db,0,0.0026316740550100803,-5.9375,0,0,0.03447927308211456,english,comment,True,majority,3-0,0,0
t1_p4zgbjx,0,0.0023231625091284513,-6.0625,0,0,0.03221857586181331,taglish,comment,True,unanimous,3-0,0,0
t1_p5c3m8u,0,0.0038844766095280647,-5.546875,0,0,0.04257099834829676,english,comment,True,majority,3-0,0,0
t1_p5ibfw2,0,0.010652512311935425,-4.53125,0,0,0.07289288473313968,taglish,comment,True,majority,3-0,0,0
t1_p50l9c6,0,0.30777397751808167,-0.810546875,0,0,0.3881954181927829,english,comment,True,majority,3-0,0,0
t1_p3xs87d,0,0.001367025775834918,-6.59375,0,0,0.024112496932114834,english,comment,True,adjudicator,3-0,0,0
t1_p4gftyg,0,0.001674399245530367,-6.390625,0,0,0.02694567755022904,taglish,comment,True,unanimous,3-0,0,0
t1_p2ybi8j,0,0.0018102111062034965,-6.3125,0,0,0.02811946525674957,english,comment,True,adjudicator,2-1,0,0
t1_p79qkpy,0,0.0027576221618801355,-5.890625,0,0,0.03536587535984611,taglish,comment,True,majority,3-0,0,0
t1_p2v9pmv,0,0.002251847181469202,-6.09375,0,0,0.03167618073058643,taglish,comment,True,majority,3-0,0,0
t1_p67x3v9,0,0.001838665222749114,-6.296875,0,0,0.02836011183776671,english,comment,True,majority,3-0,0,0
t1_p6zc0tc,0,0.0038844766095280647,-5.546875,0,0,0.04257099834829676,tagalog,comment,True,adjudicator,2-1,0,0
t1_p79xxpp,0,0.001838665222749114,-6.296875,0,0,0.02836011183776671,taglish,comment,True,majority,3-0,0,0
t1_p3lhab2,0,0.001838665222749114,-6.296875,0,0,0.02836011183776671,taglish,comment,True,majority,3-0,0,0
t1_p7ag9ah,0,0.001367025775834918,-6.59375,0,0,0.024112496932114834,english,comment,True,majority,3-0,0,0
t1_p5n1l17,0,0.002082970691844821,-6.171875,0,0,0.030358563117324502,tagalog,comment,True,majority,3-0,0,0
t1_p505gfw,0,0.0023231625091284513,-6.0625,0,0,0.03221857586181331,taglish,comment,True,majority,3-0,0,0
t1_p3vjl3w,0,0.0018969200318679214,-6.265625,0,0,0.02884741709539808,taglish,comment,True,majority,3-0,0,0
t1_p33rvfq,0,0.001838665222749114,-6.296875,0,0,0.02836011183776671,taglish,comment,True,unanimous,3-0,0,0
t1_p5w0u8l,0,0.001597845577634871,-6.4375,0,0,0.02626441741204824,taglish,comment,True,majority,3-0,0,0
t1_p5j9l6w,0,0.40721553564071655,-0.37548828125,0,0,0.44751019215931626,english,comment,True,majority,3-0,0,0
t1_p7l17c1,0,0.01640303246676922,-4.09375,0,0,0.09132694324564786,taglish,comment,True,unanimous,3-0,0,0
t1_p5fjklt,1,0.9915544390678406,4.765625,1,1,0.9355121077764909,taglish,comment,True,majority,3-0,1,1
t1_p75rwe2,1,0.0060975621454417706,-5.09375,0,0,0.05422972408507728,tagalog,comment,True,adjudicator,2-1,1,0
t1_p7iqysa,0,0.004755199886858463,-5.34375,0,0,0.04746753054191497,taglish,comment,True,adjudicator,2-1,0,0
t1_p6yzgsq,0,0.004681822843849659,-5.359375,0,0,0.04707260490830975,english,comment,True,majority,3-0,0,0
t1_p7i62l1,0,0.0025909794494509697,-5.953125,0,0,0.03418853003842758,taglish,comment,True,majority,3-0,0,0
t1_p5rvhz0,1,0.0016484829830005765,-6.40625,0,0,0.026716702980587783,taglish,comment,True,majority,3-0,1,1
t1_p4x6d9i,0,0.0023596608079969883,-6.046875,0,0,0.03249312981430348,tagalog,comment,True,adjudicator,2-1,0,0
t1_p79bm3n,0,0.018124721944332123,-3.9921875,0,0,0.09616863983263639,taglish,comment,True,unanimous,3-0,0,0
t1_p4g9xex,0,0.001367025775834918,-6.59375,0,0,0.024112496932114834,english,comment,True,majority,3-0,0,0
t1_p3kls4p,0,0.001524786464869976,-6.484375,0,0,0.0255999282397834,english,comment,True,majority,3-0,0,0
t1_p3ci3lu,0,0.017176708206534386,-4.046875,0,0,0.09353372149412013,english,comment,True,unanimous,3-0,0,0
t1_p7jsff6,0,0.010570489801466465,-4.5390625,0,0,0.07259712876656035,taglish,comment,True,majority,3-0,0,0
t1_p3mkrdc,0,0.010328153148293495,-4.5625,0,0,0.07171648585065865,taglish,comment,True,adjudicator,2-1,0,0
t1_p2ejama,0,0.00178219610825181,-6.328125,0,0,0.027880802061822113,tagalog,comment,True,majority,3-0,0,0
t1_p650yjl,0,0.001524786464869976,-6.484375,0,0,0.0255999282397834,taglish,comment,True,unanimous,3-0,0,0
t1_p6ylyg8,0,0.0032730652019381523,-5.71875,0,0,0.03880829284256241,english,comment,True,majority,3-0,0,0
t1_p46lrim,0,0.003123648464679718,-5.765625,0,0,0.03783877631164071,taglish,comment,True,majority,3-0,0,0
t1_p3zog7n,0,0.0014550630003213882,-6.53125,0,0,0.02495181983510568,taglish,comment,True,majority,3-0,0,0
t1_p7ditbc,0,0.08977328985929489,-2.31640625,0,0,0.2141584446354434,tagalog,comment,True,unanimous,3-0,0,0
t1_p5jao1x,0,0.0019877743907272816,-6.21875,0,0,0.02959364019431563,taglish,comment,True,unanimous,3-0,0,0
t1_p583nqj,0,0.23616375029087067,-1.173828125,0,0,0.34101175210224166,english,comment,True,majority,3-0,0,0
t1_p7b8aam,0,0.0025509123224765062,-5.96875,0,0,0.03390015257688779,taglish,comment,True,unanimous,3-0,0,0
t1_p2uyzyj,1,0.0013885231455788016,-6.578125,0,0,0.02431970994248584,tagalog,comment,True,adjudicator,2-1,1,0
t1_p5rdwsw,0,0.0015011822106316686,-6.5,0,0,0.025382091058865915,taglish,comment,True,adjudicator,2-1,0,0
t1_p7aw2bk,0,0.0014779430348426104,-6.515625,0,0,0.02516605964303529,english,comment,True,majority,3-0,0,0
t1_p788517,0,0.010735162533819675,-4.5234375,0,0,0.07318975050142194,tagalog,comment,True,adjudicator,2-1,0,0
t1_p225yow,0,0.01342825498431921,-4.296875,0,0,0.08229696955871754,taglish,comment,True,majority,3-0,0,0
t1_p73d24m,0,0.0015487609198316932,-6.46875,0,0,0.025819585440613215,english,comment,True,majority,3-0,0,0
t1_p5z2jse,0,0.0015487609198316932,-6.46875,0,0,0.025819585440613215,taglish,comment,True,majority,3-0,0,0
t1_p5efbw8,0,0.0022872276604175568,-6.078125,0,0,0.03194626518022632,english,comment,True,majority,3-0,0,0
t1_p51e3p8,0,0.012722708284854889,-4.3515625,0,0,0.0800084759519686,english,comment,True,adjudicator,2-1,0,0
t1_p7dz5rm,0,0.001838665222749114,-6.296875,0,0,0.02836011183776671,taglish,comment,True,adjudicator,2-1,0,0
t1_p6cwcvw,0,0.0014779430348426104,-6.515625,0,0,0.02516605964303529,taglish,comment,True,majority,3-0,0,0
t1_p6zi1ty,0,0.0025114635936915874,-5.984375,0,0,0.03361412289700238,taglish,comment,True,majority,3-0,0,0
t1_p3v4tfh,0,0.004609572235494852,-5.375,0,0,0.04668080399614382,taglish,comment,True,majority,3-0,0,0
t1_p3lwzlk,0,0.001957016997039318,-6.234375,0,0,0.02934284274043753,english,comment,True,majority,3-0,0,0
t1_p3m3y27,0,0.0032224843744188547,-5.734375,0,0,0.038482500701258325,taglish,comment,True,unanimous,3-0,0,0
t1_p6rq1jm,0,0.013121269643306732,-4.3203125,0,0,0.08130897835262446,taglish,comment,True,unanimous,3-0,0,0
t1_p5pfccl,0,0.0026316740550100803,-5.9375,0,0,0.03447927308211456,english,comment,True,majority,3-0,0,0
t3_1vt61l7,0,0.0017007224960252643,-6.375,0,0,0.027176559742674317,tagalog,submission,True,majority,3-0,0,0
t1_p7b8c1i,0,0.001524786464869976,-6.484375,0,0,0.0255999282397834,english,comment,True,majority,3-0,0,0
t1_p7bmd1u,0,0.001367025775834918,-6.59375,0,0,0.024112496932114834,english,comment,True,unanimous,3-0,0,0
t1_p7beq6x,0,0.0013458605390042067,-6.609375,0,0,0.02390700619329433,english,comment,True,majority,3-0,0,0
t1_p2xq8v7,0,0.0030753696337342262,-5.78125,0,0,0.03752080546289194,tagalog,comment,True,adjudicator,2-1,0,0
t1_p785wnf,0,0.0011879054363816977,-6.734375,0,0,0.02232347216579137,english,comment,True,majority,3-0,0,0
t1_p75je3m,0,0.0060975621454417706,-5.09375,0,0,0.05422972408507728,taglish,comment,True,majority,3-0,0,0
t1_p5ej66o,0,0.0036499870475381613,-5.609375,0,0,0.041164027024693184,taglish,comment,True,adjudicator,2-1,0,0
t1_p61w981,0,0.005730246659368277,-5.15625,0,0,0.05245854405776818,taglish,comment,True,majority,3-0,0,0
t1_p72y08e,0,0.004331502132117748,-5.4375,0,0,0.045144408184000756,taglish,comment,True,majority,3-0,0,0
t1_p7dh66k,0,0.002182716503739357,-6.125,0,0,0.03114262290933151,english,comment,True,adjudicator,2-1,0,0
t1_p7kz1kh,0,0.0018969200318679214,-6.265625,0,0,0.02884741709539808,english,comment,True,unanimous,3-0,0,0
t1_p7k8net,0,0.002889581024646759,-5.84375,0,0,0.036274419264536326,tagalog,comment,True,majority,3-0,0,0
t1_p76hzqg,0,0.001524786464869976,-6.484375,0,0,0.0255999282397834,taglish,comment,True,unanimous,3-0,0,0
t1_p749kpc,0,0.35711899399757385,-0.587890625,0,0,0.4182546241861583,tagalog,comment,True,adjudicator,2-1,0,0
t1_p6oquzf,0,0.0014779430348426104,-6.515625,0,0,0.02516605964303529,taglish,comment,True,majority,3-0,0,0
t1_p60muff,0,0.07211221009492874,-2.5546875,0,0,0.1925119724599428,taglish,comment,True,unanimous,3-0,0,0
t1_p5r8a6g,0,0.0013458605390042067,-6.609375,0,0,0.02390700619329433,taglish,comment,True,majority,3-0,0,0
t1_p2y64j1,0,0.0015011822106316686,-6.5,0,0,0.025382091058865915,taglish,comment,True,majority,3-0,0,0
t1_p6xmyl3,0,0.0014325366355478764,-6.546875,0,0,0.02473935757510446,english,comment,True,majority,3-0,0,0
t1_p46114s,0,0.004609572235494852,-5.375,0,0,0.04668080399614382,taglish,comment,True,majority,3-0,0,0
t1_p5jk1q2,0,0.0032730652019381523,-5.71875,0,0,0.03880829284256241,english,comment,True,majority,3-0,0,0
t1_p4z2m20,0,0.0029349515680223703,-5.828125,0,0,0.036582229051434,taglish,comment,True,majority,3-0,0,0
t1_p5b0oru,0,0.024798156693577766,-3.671875,0,0,0.1129686311742134,taglish,comment,True,majority,3-0,0,0
t1_p5p0mea,0,0.0015011822106316686,-6.5,0,0,0.025382091058865915,taglish,comment,True,unanimous,3-0,0,0
t1_p4u98p5,0,0.0020190139766782522,-6.203125,0,0,0.029846515336618872,taglish,comment,True,majority,3-0,0,0
t1_p3zzaks,0,0.0015011822106316686,-6.5,0,0,0.025382091058865915,taglish,comment,True,majority,3-0,0,0
t1_p5121dv,0,0.14903530478477478,-1.7421875,0,0,0.2733345530006755,english,comment,True,majority,3-0,0,0
t1_p5rxwkl,0,0.0014779430348426104,-6.515625,0,0,0.02516605964303529,english,comment,True,majority,3-0,0,0
t1_p7332av,0,0.0037072529084980488,-5.59375,0,0,0.04151154081692565,taglish,comment,True,majority,3-0,0,0
t1_p60c9w7,0,0.0017546144081279635,-6.34375,0,0,0.027644106896874285,taglish,comment,True,unanimous,3-0,0,0
t1_p7b7nir,0,0.0019877743907272816,-6.21875,0,0,0.02959364019431563,taglish,comment,True,adjudicator,2-1,0,0
t1_p740s7a,1,0.0024726232513785362,-6.0,0,0,0.033330423307864405,taglish,comment,True,adjudicator,2-1,1,1
t1_p5jmhqm,0,0.002714985515922308,-5.90625,0,0,0.03506792766728798,taglish,comment,True,unanimous,3-0,0,0
t1_p51cx9a,0,0.3184851408004761,-0.7607421875,0,0,0.3948543722517709,taglish,comment,True,majority,3-0,0,0
t1_p5z79pk,0,0.006903837900608778,-4.96875,0,0,0.057942419339006214,taglish,comment,True,adjudicator,2-1,0,0
t1_p73lg55,0,0.0017546144081279635,-6.34375,0,0,0.027644106896874285,taglish,comment,True,majority,3-0,0,0
t1_p4jun35,0,0.001622967072762549,-6.421875,0,0,0.02648962118429965,taglish,comment,True,adjudicator,3-0,0,0
t1_p4uka1g,0,0.00407013762742281,-5.5,0,0,0.04365626378776887,tagalog,comment,True,adjudicator,2-1,0,1
t1_p5i6d5s,1,0.004133968148380518,-5.484375,0,0,0.044023851448754196,taglish,comment,True,adjudicator,2-1,1,1
t1_p67uwel,0,0.002115703420713544,-6.15625,0,0,0.030617768234140915,taglish,comment,True,unanimous,3-0,0,0
t1_p7cjmsj,0,0.1465751975774765,-1.76171875,0,0,0.27116275861592604,taglish,comment,True,majority,3-0,0,0
t3_1vn48aj,0,0.011331754736602306,-4.46875,0,0,0.07529917047428657,taglish,submission,True,unanimous,3-0,0,0
t1_p7aqx6b,0,0.00941259041428566,-4.65625,0,0,0.06829167392178001,taglish,comment,True,adjudicator,2-1,0,0
t1_p5qyx14,0,0.0012843081494793296,-6.65625,0,0,0.02330073227477451,english,comment,True,adjudicator,2-1,0,0
t1_p7jpiid,0,0.0026316740550100803,-5.9375,0,0,0.03447927308211456,tagalog,comment,True,adjudicator,2-1,0,0
t1_p7km0h3,0,0.0033244371879845858,-5.703125,0,0,0.03913673086889577,taglish,comment,True,majority,3-0,0,0
t1_p6y3nji,0,0.005730246659368277,-5.15625,0,0,0.05245854405776818,english,comment,True,majority,3-0,0,0
t1_p77t2it,0,0.001524786464869976,-6.484375,0,0,0.0255999282397834,taglish,comment,True,unanimous,3-0,0,0
t1_p5c7gzl,0,0.021125193685293198,-3.8359375,0,0,0.10406546898209021,taglish,comment,True,majority,3-0,0,0
t1_p4dyzc9,0,0.0029810327105224133,-5.8125,0,0,0.03689255079703776,english,comment,True,majority,3-0,0,0
t1_p7ku363,0,0.0061929901130497456,-5.078125,0,0,0.05468125029979338,taglish,comment,True,adjudicator,2-1,0,0
t1_p5jdxsd,0,0.002800926798954606,-5.875,0,0,0.03566626093714118,english,comment,True,majority,3-0,0,0
t1_p5qo88c,0,0.004468384198844433,-5.40625,0,0,0.04590648823794653,taglish,comment,True,unanimous,3-0,0,0
t1_p5qcx9f,0,0.0014103584690019488,-6.5625,0,0,0.024528658899843167,english,comment,True,majority,3-0,0,0
t1_p616jzp,0,0.004198795650154352,-5.46875,0,0,0.04439439053631127,taglish,comment,True,adjudicator,2-1,0,0
t1_p6zpuu5,0,0.003429603995755315,-5.671875,0,0,0.03980162301306125,taglish,comment,True,unanimous,3-0,0,0
t1_p7al2wt,0,0.0020507436711341143,-6.1875,0,0,0.030101484248787516,taglish,comment,True,unanimous,3-0,0,0
t1_p5jiql7,0,0.002182716503739357,-6.125,0,0,0.03114262290933151,english,comment,True,majority,3-0,0,0
t1_p4x4fwa,0,0.004198795650154352,-5.46875,0,0,0.04439439053631127,taglish,comment,True,majority,3-0,0,0
t1_p77ttcl,0,0.001524786464869976,-6.484375,0,0,0.0255999282397834,english,comment,True,majority,3-0,0,0
t1_p46fpdb,0,0.004982269834727049,-5.296875,0,0,0.04867127795738106,taglish,comment,True,unanimous,3-0,0,0
t1_p5pdlh3,0,0.0020190139766782522,-6.203125,0,0,0.029846515336618872,taglish,comment,True,unanimous,3-0,0,0
t1_p7n1l39,0,0.0012843081494793296,-6.65625,0,0,0.02330073227477451,taglish,comment,True,majority,3-0,0,0
t1_p78lkl6,0,0.0019267346942797303,-6.25,0,0,0.029094106998256004,tagalog,comment,True,majority,3-0,0,0
t1_p4g9s91,0,0.00172745855525136,-6.359375,0,0,0.027409364507913175,taglish,comment,True,majority,3-0,0,0
t1_p4nubx1,1,0.010818448849022388,-4.515625,0,0,0.07348772946012651,taglish,comment,True,majority,3-0,1,1
t1_p79o2hr,0,0.0033244371879845858,-5.703125,0,0,0.03913673086889577,tagalog,comment,True,adjudicator,2-1,0,0
t1_p72u7fx,0,0.009936419315636158,-4.6015625,0,0,0.0702706286037606,english,comment,True,majority,3-0,0,0
t1_p3fq6qy,0,0.03622005507349968,-3.28125,0,0,0.13686934420374175,taglish,comment,True,majority,3-0,0,0
t1_p5i91xr,1,0.003429603995755315,-5.671875,0,0,0.03980162301306125,taglish,comment,True,unanimous,3-0,1,1
t1_p5rb0d1,0,0.00172745855525136,-6.359375,0,0,0.027409364507913175,tagalog,comment,True,majority,3-0,0,0
t3_1vj52sf,0,0.0023596608079969883,-6.046875,0,0,0.03249312981430348,taglish,submission,True,unanimous,3-0,0,0
t1_p6eni46,0,0.004468384198844433,-5.40625,0,0,0.04590648823794653,taglish,comment,True,majority,3-0,0,0
t1_p6cpjq0,0,0.0014779430348426104,-6.515625,0,0,0.02516605964303529,tagalog,comment,True,adjudicator,2-1,0,0
t1_p72nurl,0,0.03138043358922005,-3.4296875,0,0,0.12732203398147005,taglish,comment,True,majority,3-0,0,0
t1_p4pq6qr,0,0.006797531619668007,-4.984375,0,0,0.05746560126766683,english,comment,True,majority,3-0,0,0
t1_p3nxpy9,0,0.0014550630003213882,-6.53125,0,0,0.02495181983510568,taglish,comment,True,unanimous,3-0,0,0
t1_p5r0ktr,0,0.0036499870475381613,-5.609375,0,0,0.041164027024693184,taglish,comment,True,unanimous,3-0,0,0
t1_p651rju,0,0.001957016997039318,-6.234375,0,0,0.02934284274043753,taglish,comment,True,adjudicator,2-1,0,0
t1_p571ubf,0,0.0019877743907272816,-6.21875,0,0,0.02959364019431563,taglish,comment,True,unanimous,3-0,0,0
t1_p774l94,0,0.0039454069919884205,-5.53125,0,0,0.042929858226661524,taglish,comment,True,majority,3-0,0,0
t1_p2zvr2s,0,0.0012843081494793296,-6.65625,0,0,0.02330073227477451,tagalog,comment,True,adjudicator,2-1,0,0
t1_p2e6wb4,0,0.0011335690505802631,-6.78125,0,0,0.02175646106332701,taglish,comment,True,majority,3-0,0,0
t1_p5rojos,0,0.0032224843744188547,-5.734375,0,0,0.038482500701258325,taglish,comment,True,unanimous,3-0,0,0
t1_p7i6szx,0,0.001867565792053938,-6.28125,0,0,0.02860275726348513,taglish,comment,True,adjudicator,3-0,0,0
t1_p4rv6tw,1,0.6306849718093872,0.53515625,1,1,0.5745271681634376,tagalog,comment,True,adjudicator,2-1,1,1
t1_p3gudyz,0,0.00214894930832088,-6.140625,0,0,0.030879115996896037,tagalog,comment,True,majority,3-0,0,0
t1_p72rnxm,1,0.0022872276604175568,-6.078125,0,0,0.03194626518022632,taglish,comment,True,majority,3-0,1,1
t1_p7i68rn,0,0.030675798654556274,-3.453125,0,0,0.12586764516332577,taglish,comment,True,majority,3-0,0,0
t1_p3069ki,0,0.001838665222749114,-6.296875,0,0,0.02836011183776671,taglish,comment,True,adjudicator,3-0,0,0
t1_p46j4uw,0,0.001674399245530367,-6.390625,0,0,0.02694567755022904,taglish,comment,True,unanimous,3-0,0,0
t1_p6n9ar5,0,0.0035380858462303877,-5.640625,0,0,0.04047733513175872,taglish,comment,True,majority,3-0,0,0
t1_p6l4u59,0,0.0015487609198316932,-6.46875,0,0,0.025819585440613215,taglish,comment,True,majority,3-0,0,0
t1_p5pqaac,0,0.0013250225456431508,-6.625,0,0,0.023703224145631474,taglish,comment,True,majority,3-0,0,0
t1_p3imb72,0,0.0018102111062034965,-6.3125,0,0,0.02811946525674957,taglish,comment,True,majority,3-0,0,0
t1_p6d2xv7,0,0.0022872276604175568,-6.078125,0,0,0.03194626518022632,taglish,comment,True,majority,3-0,0,0
t1_p788ar1,0,0.0012843081494793296,-6.65625,0,0,0.02330073227477451,english,comment,True,majority,3-0,0,0
t1_p6cd5mu,0,0.001081715221516788,-6.828125,0,0,0.02120353956856762,english,comment,True,majority,3-0,0,0
t1_p7kp28v,0,0.8509647250175476,1.7421875,1,1,0.7266654469993244,tagalog,comment,True,adjudicator,2-1,0,0
t1_p656jyx,0,0.0025114635936915874,-5.984375,0,0,0.03361412289700238,taglish,comment,True,unanimous,3-0,0,0
t1_p5os1rk,0,0.0015011822106316686,-6.5,0,0,0.025382091058865915,taglish,comment,True,unanimous,3-0,0,0
t1_p6zfvsk,0,0.0026316740550100803,-5.9375,0,0,0.03447927308211456,taglish,comment,True,unanimous,3-0,0,0
t1_p60w4q8,0,0.001838665222749114,-6.296875,0,0,0.02836011183776671,taglish,comment,True,unanimous,3-0,0,0
t1_p510rod,0,0.010169658809900284,-4.578125,0,0,0.07113487763926989,taglish,comment,True,majority,3-0,0,0
t1_p6yggb7,0,0.0026730059180408716,-5.921875,0,0,0.034772399618271686,taglish,comment,True,unanimous,3-0,0,0
t1_p5jc4ju,0,0.015306354500353336,-4.1640625,0,0,0.08810455854521779,english,comment,True,adjudicator,2-1,0,0
t1_p5rs2dr,0,0.0014550630003213882,-6.53125,0,0,0.02495181983510568,taglish,comment,True,unanimous,3-0,0,0
t1_p4gw8oy,0,0.0014103584690019488,-6.5625,0,0,0.024528658899843167,taglish,comment,True,unanimous,3-0,0,0
t1_p4qfxr5,1,0.10158944875001907,-2.1796875,0,0,0.22735478444358415,taglish,comment,True,adjudicator,2-1,1,0
t3_1vqlxq4,0,0.0015487609198316932,-6.46875,0,0,0.025819585440613215,tagalog,submission,True,majority,3-0,0,0
t1_p784k7h,0,0.017176708206534386,-4.046875,0,0,0.09353372149412013,english,comment,True,adjudicator,2-1,0,0
t1_p607m5q,0,0.0020190139766782522,-6.203125,0,0,0.029846515336618872,taglish,comment,True,unanimous,3-0,0,0
t3_1vr7bob,0,0.00172745855525136,-6.359375,0,0,0.027409364507913175,english,submission,True,unanimous,3-0,0,0
t1_p6rotok,0,0.0019877743907272816,-6.21875,0,0,0.02959364019431563,taglish,comment,True,majority,3-0,0,0
t1_p4eease,0,0.0018969200318679214,-6.265625,0,0,0.02884741709539808,taglish,comment,True,unanimous,3-0,0,0
t1_p78ku2u,0,0.0014779430348426104,-6.515625,0,0,0.02516605964303529,taglish,comment,True,majority,3-0,0,0
t1_p6y0y3k,0,0.004609572235494852,-5.375,0,0,0.04668080399614382,taglish,comment,True,majority,3-0,0,0
t1_p5ipls8,0,0.008187909610569477,-4.796875,0,0,0.06343785762569767,taglish,comment,True,majority,3-0,0,0
t1_p3vfivh,0,0.001367025775834918,-6.59375,0,0,0.024112496932114834,taglish,comment,True,majority,3-0,0,0
t1_p7ltirq,1,0.7943849563598633,1.3515625,1,1,0.6810364087425758,english,comment,True,adjudicator,2-1,1,1
t1_p2n5l9y,0,0.001622967072762549,-6.421875,0,0,0.02648962118429965,taglish,comment,True,majority,3-0,0,0
t1_p5cqowe,0,0.0028449094388633966,-5.859375,0,0,0.03596910275109087,tagalog,comment,True,majority,3-0,0,0
t1_p3bbhbj,1,0.0015731120947748423,-6.453125,0,0,0.026041077014244022,english,comment,True,adjudicator,2-1,1,0
t1_p6ewk1l,0,0.001597845577634871,-6.4375,0,0,0.02626441741204824,taglish,comment,True,majority,3-0,0,0
t1_p6jey0u,0,0.0013458605390042067,-6.609375,0,0,0.02390700619329433,taglish,comment,True,majority,3-0,0,0
t1_p513f5o,0,0.9367494583129883,2.6953125,1,1,0.8194599656647711,tagalog,comment,True,adjudicator,2-1,0,1
t1_p5jcdlc,0,0.0014325366355478764,-6.546875,0,0,0.02473935757510446,taglish,comment,True,unanimous,3-0,0,0
t1_p4g9m05,0,0.002082970691844821,-6.171875,0,0,0.030358563117324502,taglish,comment,True,majority,3-0,0,0
t1_p3eujvw,0,0.0013250225456431508,-6.625,0,0,0.023703224145631474,taglish,comment,True,majority,3-0,0,0
t1_p7jxtad,0,0.001597845577634871,-6.4375,0,0,0.02626441741204824,taglish,comment,True,majority,3-0,0,0
t1_p5ryfw1,0,0.0030753696337342262,-5.78125,0,0,0.03752080546289194,taglish,comment,True,majority,3-0,0,0
t1_p4nb5o8,0,0.004264634568244219,-5.453125,0,0,0.04476790232060008,english,comment,True,majority,3-0,0,0
t1_p597vr8,0,0.001524786464869976,-6.484375,0,0,0.0255999282397834,taglish,comment,True,majority,3-0,0,0
t1_p7e0gsf,0,0.0026730059180408716,-5.921875,0,0,0.034772399618271686,taglish,comment,True,unanimous,3-0,0,0
t1_p5ezlzq,0,0.0013458605390042067,-6.609375,0,0,0.02390700619329433,taglish,comment,True,unanimous,3-0,0,0
t1_p6cabpt,0,0.0025509123224765062,-5.96875,0,0,0.03390015257688779,english,comment,True,adjudicator,2-1,0,0
t1_p7awfua,0,0.00178219610825181,-6.328125,0,0,0.027880802061822113,taglish,comment,True,unanimous,3-0,0,0
t1_p72vzbh,0,0.016914913430809975,-4.0625,0,0,0.09279286593548665,english,comment,True,adjudicator,2-1,0,1
t1_p2id2ht,0,0.06656918674707413,-2.640625,0,0,0.18512541959976891,english,comment,True,majority,3-0,0,0
t1_p7a3byo,0,0.0014779430348426104,-6.515625,0,0,0.02516605964303529,taglish,comment,True,unanimous,3-0,0,0
t1_p3jwn7p,0,0.002217013156041503,-6.109375,0,0,0.03140830558159979,taglish,comment,True,majority,3-0,0,0
t1_p3ntzw9,0,0.004399413242936134,-5.421875,0,0,0.04552392962098087,taglish,comment,True,unanimous,3-0,0,0
t1_p5psqr6,0,0.00178219610825181,-6.328125,0,0,0.027880802061822113,english,comment,True,majority,3-0,0,0
t1_p7aaft1,0,0.001867565792053938,-6.28125,0,0,0.02860275726348513,taglish,comment,True,majority,3-0,0,0
t1_p5ji7am,0,0.007695646956562996,-4.859375,0,0,0.061385453495215354,english,comment,True,majority,3-0,0,0
t1_p79ylit,0,0.0012644219677895308,-6.671875,0,0,0.02310199576203085,taglish,comment,True,majority,3-0,0,0
t1_p63x3gh,0,0.009125636890530586,-4.6875,0,0,0.06718415156459706,taglish,comment,True,adjudicator,2-1,0,0
t1_p7kszi0,0,0.8563323616981506,1.78515625,1,1,0.7314290445077053,taglish,comment,True,unanimous,3-0,0,0
t1_p79mayf,0,0.0034834241960197687,-5.65625,0,0,0.04013811663035982,taglish,comment,True,majority,3-0,0,0
t1_p791hwq,0,0.0013250225456431508,-6.625,0,0,0.023703224145631474,taglish,comment,True,adjudicator,3-0,0,0
t1_p5oyf3u,0,0.0011879054363816977,-6.734375,0,0,0.02232347216579137,taglish,comment,True,unanimous,3-0,0,0
t1_p79ij3l,0,0.0014325366355478764,-6.546875,0,0,0.02473935757510446,taglish,comment,True,unanimous,3-0,0,0
t1_p7537xf,0,0.0023231625091284513,-6.0625,0,0,0.03221857586181331,taglish,comment,True,unanimous,3-0,0,0
t1_p7bktkn,0,0.001081715221516788,-6.828125,0,0,0.02120353956856762,english,comment,True,adjudicator,2-1,0,0
t1_p77mqk2,0,0.002182716503739357,-6.125,0,0,0.03114262290933151,taglish,comment,True,majority,3-0,0,0
t1_p79lp8v,0,0.0013250225456431508,-6.625,0,0,0.023703224145631474,taglish,comment,True,majority,3-0,0,0
t1_p7h85v7,0,0.0011695103021338582,-6.75,0,0,0.02213288201198187,english,comment,True,majority,3-0,0,0
t1_p7cjlht,0,0.004133968148380518,-5.484375,0,0,0.044023851448754196,english,comment,True,majority,3-0,0,0
t1_p77ddzg,0,0.0015731120947748423,-6.453125,0,0,0.026041077014244022,taglish,comment,True,unanimous,3-0,0,0
t1_p6ej25y,0,0.0016484829830005765,-6.40625,0,0,0.026716702980587783,taglish,comment,True,majority,3-0,0,0
t1_p5c7acj,0,0.012821215204894543,-4.34375,0,0,0.08033180991030989,english,comment,True,unanimous,3-0,0,0
t1_p6em1fp,0,0.0018102111062034965,-6.3125,0,0,0.02811946525674957,tagalog,comment,True,majority,3-0,0,0
t1_p6s1uy8,0,0.0014779430348426104,-6.515625,0,0,0.02516605964303529,taglish,comment,True,majority,3-0,0,0
t3_1vppgbz,0,0.001367025775834918,-6.59375,0,0,0.024112496932114834,tagalog,submission,True,majority,3-0,0,0
t1_p47sah4,0,0.0019267346942797303,-6.25,0,0,0.029094106998256004,taglish,comment,True,majority,3-0,0,0
t1_p7abshr,0,0.02822098508477211,-3.5390625,0,0,0.12065610419420153,taglish,comment,True,adjudicator,2-1,0,0
t1_p35nizi,0,0.0015731120947748423,-6.453125,0,0,0.026041077014244022,taglish,comment,True,unanimous,3-0,0,0
t1_p71n1o6,0,0.005819959565997124,-5.140625,0,0,0.05289614791248486,taglish,comment,True,majority,3-0,0,0
t1_p6zz41t,0,0.00857748556882143,-4.75,0,0,0.06501895796981078,taglish,comment,True,majority,3-0,0,0
t1_p6sfwqq,0,0.034358687698841095,-3.3359375,0,0,0.13328371665251992,taglish,comment,True,majority,3-0,0,0
t1_p77wo3f,0,0.0013458605390042067,-6.609375,0,0,0.02390700619329433,taglish,comment,True,majority,3-0,0,0
t1_p6dumj1,0,0.0015487609198316932,-6.46875,0,0,0.025819585440613215,english,comment,True,adjudicator,2-1,0,0
t1_p6mqz8i,0,0.0010649627074599266,-6.84375,0,0,0.021022305418890413,taglish,comment,True,majority,3-0,0,0
t1_p2ufyli,0,0.0012843081494793296,-6.65625,0,0,0.02330073227477451,english,comment,True,majority,3-0,0,0
t1_p6m9jv1,0,0.007937993854284286,-4.828125,0,0,0.06240377989960103,tagalog,comment,True,adjudicator,2-1,0,0
t1_p2t7bog,0,0.0018102111062034965,-6.3125,0,0,0.02811946525674957,taglish,comment,True,majority,3-0,0,0
t1_p5req1g,0,0.0032224843744188547,-5.734375,0,0,0.038482500701258325,tagalog,comment,True,adjudicator,2-1,0,0
t1_p7bhutj,0,0.0011695103021338582,-6.75,0,0,0.02213288201198187,english,comment,True,majority,3-0,0,0
t1_p5idg4g,0,0.0015487609198316932,-6.46875,0,0,0.025819585440613215,taglish,comment,True,unanimous,3-0,0,0
t3_1vrwip9,0,0.0012448433553799987,-6.6875,0,0,0.022904914560453835,taglish,submission,True,majority,3-0,0,0
t1_p3z7948,0,0.0014550630003213882,-6.53125,0,0,0.02495181983510568,taglish,comment,True,majority,3-0,0,0
t1_p7kav72,0,0.002082970691844821,-6.171875,0,0,0.030358563117324502,taglish,comment,True,unanimous,3-0,0,0
t1_p79x7re,0,0.0015731120947748423,-6.453125,0,0,0.026041077014244022,taglish,comment,True,majority,3-0,0,0
t1_p73azaa,0,0.0017546144081279635,-6.34375,0,0,0.027644106896874285,taglish,comment,True,majority,3-0,0,0
t3_1vstsaf,0,0.001367025775834918,-6.59375,0,0,0.024112496932114834,taglish,submission,True,unanimous,3-0,0,0
t1_p787co1,0,0.0020190139766782522,-6.203125,0,0,0.029846515336618872,english,comment,True,majority,3-0,0,0
t1_p7ap70e,0,0.0020190139766782522,-6.203125,0,0,0.029846515336618872,taglish,comment,True,majority,3-0,0,0
t3_1vshgz3,0,0.0019877743907272816,-6.21875,0,0,0.02959364019431563,taglish,submission,True,unanimous,3-0,0,0
t1_p2sw82v,1,0.00407013762742281,-5.5,0,0,0.04365626378776887,taglish,comment,True,adjudicator,2-1,1,1
t1_p5jdpfi,0,0.0032224843744188547,-5.734375,0,0,0.038482500701258325,english,comment,True,majority,3-0,0,0
t1_p46i36k,0,0.00172745855525136,-6.359375,0,0,0.027409364507913175,taglish,comment,True,adjudicator,2-1,0,0
t1_p7cjg8g,0,0.0013458605390042067,-6.609375,0,0,0.02390700619329433,english,comment,True,adjudicator,3-0,0,0
t1_p5zvoje,0,0.0019267346942797303,-6.25,0,0,0.029094106998256004,taglish,comment,True,majority,3-0,0,0
t3_1vtdr0f,0,0.002082970691844821,-6.171875,0,0,0.030358563117324502,taglish,submission,True,unanimous,3-0,0,0
t3_1vcgopx,0,0.007345826830714941,-4.90625,0,0,0.0598870515352558,english,submission,True,unanimous,3-0,0,0
t1_p6d76ne,0,0.001838665222749114,-6.296875,0,0,0.02836011183776671,taglish,comment,True,unanimous,3-0,0,0
t1_p46gwy2,0,0.0023596608079969883,-6.046875,0,0,0.03249312981430348,taglish,comment,True,majority,3-0,0,0
t1_p3ynuhx,0,0.05223086103796959,-2.8984375,0,0,0.16428388445443914,english,comment,True,majority,3-0,0,0
t1_p77ywug,0,0.011331754736602306,-4.46875,0,0,0.07529917047428657,taglish,comment,True,adjudicator,2-1,0,0
t1_p7b6cmb,0,0.005060331430286169,-5.28125,0,0,0.04907892521511716,taglish,comment,True,unanimous,3-0,0,0
t3_1vrsgw9,0,0.0026316740550100803,-5.9375,0,0,0.03447927308211456,tagalog,submission,True,adjudicator,3-0,0,0
t1_p7ih1tt,0,0.002889581024646759,-5.84375,0,0,0.036274419264536326,english,comment,True,adjudicator,3-0,0,0
t1_p6cmyu9,0,0.0012843081494793296,-6.65625,0,0,0.02330073227477451,taglish,comment,True,unanimous,3-0,0,0
t1_p7arfn0,0,0.0018969200318679214,-6.265625,0,0,0.02884741709539808,taglish,comment,True,unanimous,3-0,0,0
t1_p4gj6sh,0,0.002396730938926339,-6.03125,0,0,0.0327699441846116,english,comment,True,majority,3-0,0,0
t1_p7bkmvn,0,0.0014103584690019488,-6.5625,0,0,0.024528658899843167,english,comment,True,majority,3-0,0,0
t1_p7895gy,0,0.0012644219677895308,-6.671875,0,0,0.02310199576203085,taglish,comment,True,majority,3-0,0,0
t1_p7br2fp,0,0.002217013156041503,-6.109375,0,0,0.03140830558159979,english,comment,True,majority,3-0,0,0
t1_p77vgly,0,0.0017546144081279635,-6.34375,0,0,0.027644106896874285,taglish,comment,True,adjudicator,2-1,0,1
t1_p7mcz3r,0,0.001674399245530367,-6.390625,0,0,0.02694567755022904,taglish,comment,True,majority,3-0,0,0
t1_p3n9wiv,0,0.004264634568244219,-5.453125,0,0,0.04476790232060008,taglish,comment,True,unanimous,3-0,0,0
t1_p7apb0n,0,0.006388320587575436,-5.046875,0,0,0.05559494777820731,english,comment,True,majority,3-0,0,0
t1_p7k3r6i,0,0.0039454069919884205,-5.53125,0,0,0.042929858226661524,english,comment,True,adjudicator,2-1,0,0
t1_p6ys9v5,0,0.0022872276604175568,-6.078125,0,0,0.03194626518022632,english,comment,True,unanimous,3-0,0,0
t1_p7m16hz,0,0.001838665222749114,-6.296875,0,0,0.02836011183776671,taglish,comment,True,majority,3-0,0,0
t1_p5z3fwx,0,0.0015011822106316686,-6.5,0,0,0.025382091058865915,taglish,comment,True,unanimous,3-0,0,0
t1_p77yaid,0,0.0037072529084980488,-5.59375,0,0,0.04151154081692565,english,comment,True,majority,3-0,0,0
t1_p3nvpln,0,0.001622967072762549,-6.421875,0,0,0.02648962118429965,taglish,comment,True,unanimous,3-0,0,0
t1_p6mdm8w,0,0.0037654140032827854,-5.578125,0,0,0.04186186029469008,taglish,comment,True,majority,3-0,0,0
t1_p7j8j3b,0,0.0026730059180408716,-5.921875,0,0,0.034772399618271686,taglish,comment,True,unanimous,3-0,0,0
t3_1vstabm,0,0.001957016997039318,-6.234375,0,0,0.02934284274043753,taglish,submission,True,adjudicator,3-0,0,0
t1_p50f0y7,0,0.0020507436711341143,-6.1875,0,0,0.030101484248787516,taglish,comment,True,unanimous,3-0,0,0
t3_1vrrfi8,0,0.00178219610825181,-6.328125,0,0,0.027880802061822113,taglish,submission,True,majority,3-0,0,0
t1_p3xuma1,0,0.0014103584690019488,-6.5625,0,0,0.024528658899843167,taglish,comment,True,unanimous,3-0,0,0
t3_1vsem4e,0,0.0015731120947748423,-6.453125,0,0,0.026041077014244022,taglish,submission,True,majority,3-0,0,0
t1_p7joyca,0,0.0026316740550100803,-5.9375,0,0,0.03447927308211456,tagalog,comment,True,unanimous,3-0,0,0
t1_p7gg2g5,0,0.0015731120947748423,-6.453125,0,0,0.026041077014244022,taglish,comment,True,majority,3-0,0,0
t1_p74t9az,0,0.002115703420713544,-6.15625,0,0,0.030617768234140915,taglish,comment,True,majority,3-0,0,0
t1_p2yg5kp,0,0.001524786464869976,-6.484375,0,0,0.0255999282397834,taglish,comment,True,majority,3-0,0,0
t1_p7mid55,1,0.1108555942773819,-2.08203125,0,0,0.23712612732314617,taglish,comment,True,adjudicator,2-1,1,1
t1_p5j1wvv,0,0.0012448433553799987,-6.6875,0,0,0.022904914560453835,taglish,comment,True,majority,3-0,0,0
t1_p6xg25u,0,0.0025509123224765062,-5.96875,0,0,0.03390015257688779,taglish,comment,True,majority,3-0,0,0
t3_1vth25k,0,0.0020507436711341143,-6.1875,0,0,0.030101484248787516,taglish,submission,True,majority,3-0,0,0
t1_p73whxy,0,0.0026316740550100803,-5.9375,0,0,0.03447927308211456,taglish,comment,True,majority,3-0,0,0
t1_p6d4a5b,0,0.004399413242936134,-5.421875,0,0,0.04552392962098087,taglish,comment,True,majority,3-0,0,0
t1_p4rtcjc,0,0.002251847181469202,-6.09375,0,0,0.03167618073058643,taglish,comment,True,adjudicator,2-1,0,0
t1_p72it5y,0,0.0036499870475381613,-5.609375,0,0,0.041164027024693184,taglish,comment,True,majority,3-0,0,0
t1_p5i6jtj,0,0.002714985515922308,-5.90625,0,0,0.03506792766728798,taglish,comment,True,majority,3-0,0,0
t1_p6i8tq3,0,0.0024343819823116064,-6.015625,0,0,0.033049036227900674,taglish,comment,True,majority,3-0,0,0
t1_p79o9tm,0,0.001524786464869976,-6.484375,0,0,0.0255999282397834,english,comment,True,majority,3-0,0,0
t1_p77w7ob,0,0.002217013156041503,-6.109375,0,0,0.03140830558159979,english,comment,True,majority,3-0,0,0
t3_1vsgvwd,0,0.06052939593791962,-2.7421875,0,0,0.1766805906890954,taglish,submission,True,unanimous,3-0,0,0
t1_p3zfmm6,0,0.002251847181469202,-6.09375,0,0,0.03167618073058643,taglish,comment,True,majority,3-0,0,0
t1_p6mx9qt,0,0.0039454069919884205,-5.53125,0,0,0.042929858226661524,taglish,comment,True,majority,3-0,0,0
t1_p5q49b4,0,0.0013885231455788016,-6.578125,0,0,0.02431970994248584,taglish,comment,True,majority,3-0,0,0
t3_1vt7zux,0,0.0026730059180408716,-5.921875,0,0,0.034772399618271686,taglish,submission,True,majority,3-0,0,0
t1_p7a5716,0,0.0013458605390042067,-6.609375,0,0,0.02390700619329433,english,comment,True,majority,3-0,0,0
t1_p6yhpaz,0,0.0017007224960252643,-6.375,0,0,0.027176559742674317,taglish,comment,True,majority,3-0,0,0
t1_p7a7sqn,0,0.13939638435840607,-1.8203125,0,0,0.2647127723298487,taglish,comment,True,majority,3-0,0,0
t1_p3jg6ib,0,0.015543648041784763,-4.1484375,0,0,0.08881164715631264,taglish,comment,True,majority,3-0,0,0
t1_p5l64f2,0,0.0014779430348426104,-6.515625,0,0,0.02516605964303529,taglish,comment,True,majority,3-0,0,0
t1_p7cj6bh,0,0.0017546144081279635,-6.34375,0,0,0.027644106896874285,tagalog,comment,True,adjudicator,2-1,0,0
t1_p61uox2,0,0.0035380858462303877,-5.640625,0,0,0.04047733513175872,taglish,comment,True,unanimous,3-0,0,0
t1_p4olswb,1,0.2762998044490814,-0.962890625,0,0,0.3680935852626917,taglish,comment,True,unanimous,3-0,1,1
t1_p516l7j,0,0.004007288720458746,-5.515625,0,0,0.04329160639553263,taglish,comment,True,unanimous,3-0,0,0
t1_p3m7zka,0,0.0019267346942797303,-6.25,0,0,0.029094106998256004,taglish,comment,True,unanimous,3-0,0,0
t1_p65kqda,0,0.004133968148380518,-5.484375,0,0,0.044023851448754196,english,comment,True,majority,3-0,0,0
t1_p2e3ng6,0,0.0017546144081279635,-6.34375,0,0,0.027644106896874285,tagalog,comment,True,adjudicator,3-0,0,0
t1_p5rdnit,0,0.001524786464869976,-6.484375,0,0,0.0255999282397834,english,comment,True,majority,3-0,0,0
t1_p5pzo7z,0,0.0013885231455788016,-6.578125,0,0,0.02431970994248584,english,comment,True,majority,3-0,0,0
t1_p3gv5a5,0,0.001524786464869976,-6.484375,0,0,0.0255999282397834,english,comment,True,majority,3-0,0,0
t1_p7bksya,0,0.006388320587575436,-5.046875,0,0,0.05559494777820731,taglish,comment,True,majority,3-0,0,0
t1_p5c7f23,0,0.0059110685251653194,-5.125,0,0,0.05333719673018011,taglish,comment,True,unanimous,3-0,0,0
t1_p3icjj8,0,0.0018969200318679214,-6.265625,0,0,0.02884741709539808,taglish,comment,True,unanimous,3-0,0,0
t1_p602o0j,0,0.0025509123224765062,-5.96875,0,0,0.03390015257688779,taglish,comment,True,unanimous,3-0,0,0
t1_p4svbbp,0,0.1398656666278839,-1.81640625,0,0,0.2651397031680274,taglish,comment,True,majority,3-0,0,0
t1_p77wqnl,0,0.001957016997039318,-6.234375,0,0,0.02934284274043753,taglish,comment,True,unanimous,3-0,0,0
t3_1vppeq5,0,0.001957016997039318,-6.234375,0,0,0.02934284274043753,tagalog,submission,True,unanimous,3-0,0,0
t1_p7cbcu5,0,0.016657039523124695,-4.078125,0,0,0.0920572825514342,english,comment,True,majority,3-0,0,0
t1_p6sjv6d,0,0.02280263788998127,-3.7578125,0,0,0.10822504896311938,taglish,comment,True,majority,3-0,0,0
t1_p7bayru,0,0.001597845577634871,-6.4375,0,0,0.02626441741204824,english,comment,True,majority,3-0,0,0
t1_p60sjby,0,0.001524786464869976,-6.484375,0,0,0.0255999282397834,taglish,comment,True,adjudicator,3-0,0,0
t1_p76tjj1,0,0.0022872276604175568,-6.078125,0,0,0.03194626518022632,taglish,comment,True,majority,3-0,0,0
t1_p7bz0bi,0,0.0014325366355478764,-6.546875,0,0,0.02473935757510446,taglish,comment,True,majority,3-0,0,0
t1_p41suvt,0,0.0018102111062034965,-6.3125,0,0,0.02811946525674957,english,comment,True,majority,3-0,0,0
t1_p785mpj,0,0.0015487609198316932,-6.46875,0,0,0.025819585440613215,english,comment,True,majority,3-0,0,0
t1_p511qag,0,0.38989493250846863,-0.44775390625,0,0,0.4375051790268833,english,comment,True,adjudicator,2-1,0,0
t1_p5r80av,0,0.0018969200318679214,-6.265625,0,0,0.02884741709539808,english,comment,True,majority,3-0,0,0
t1_p7bils6,0,0.0023231625091284513,-6.0625,0,0,0.03221857586181331,taglish,comment,True,unanimous,3-0,0,0
t1_p5cip1a,0,0.00178219610825181,-6.328125,0,0,0.027880802061822113,tagalog,comment,True,adjudicator,2-1,0,0
t1_p6x4hml,0,0.005730246659368277,-5.15625,0,0,0.05245854405776818,english,comment,True,majority,3-0,0,0
t1_p6dzcut,0,0.003123648464679718,-5.765625,0,0,0.03783877631164071,taglish,comment,True,adjudicator,3-0,0,0
t1_p4o3le5,0,0.008445627056062222,-4.765625,0,0,0.06448789222350912,taglish,comment,True,majority,3-0,0,0
t1_p7ba407,0,0.0020507436711341143,-6.1875,0,0,0.030101484248787516,english,comment,True,majority,3-0,0,0
t1_p7b1teo,0,0.2762998044490814,-0.962890625,0,0,0.3680935852626917,taglish,comment,True,unanimous,3-0,0,0
t1_p7aty8j,0,0.0020190139766782522,-6.203125,0,0,0.029846515336618872,taglish,comment,True,majority,3-0,0,0
t1_p7artsm,0,0.007695646956562996,-4.859375,0,0,0.061385453495215354,taglish,comment,True,adjudicator,2-1,0,0
t3_1vt0ebr,0,0.0016484829830005765,-6.40625,0,0,0.026716702980587783,taglish,submission,True,majority,3-0,0,0
t3_1vt39b9,0,0.0015487609198316932,-6.46875,0,0,0.025819585440613215,english,submission,True,adjudicator,2-1,0,0
t3_1vt3fqa,0,0.024237634614109993,-3.6953125,0,0,0.1116572220345351,english,submission,True,majority,3-0,0,0
t3_1vt4p7d,0,0.0026730059180408716,-5.921875,0,0,0.034772399618271686,taglish,submission,True,unanimous,3-0,0,0
t3_1vt74o7,0,0.0013458605390042067,-6.609375,0,0,0.02390700619329433,taglish,submission,True,unanimous,3-0,0,0
t3_1vsvjqx,0,0.0018102111062034965,-6.3125,0,0,0.02811946525674957,english,submission,True,majority,3-0,0,0
t3_1vsw6tp,0,0.001524786464869976,-6.484375,0,0,0.0255999282397834,taglish,submission,True,unanimous,3-0,0,0
t3_1vpu0p5,0,0.0017007224960252643,-6.375,0,0,0.027176559742674317,taglish,submission,True,unanimous,3-0,0,0
t3_1vpvw48,0,0.001622967072762549,-6.421875,0,0,0.02648962118429965,taglish,submission,True,unanimous,3-0,0,0
t3_1vq1qpn,0,0.002396730938926339,-6.03125,0,0,0.0327699441846116,tagalog,submission,True,adjudicator,2-1,0,0
t3_1vqkgz7,0,0.0033244371879845858,-5.703125,0,0,0.03913673086889577,taglish,submission,True,unanimous,3-0,0,0
t3_1vqo2c3,0,0.002800926798954606,-5.875,0,0,0.03566626093714118,taglish,submission,True,majority,3-0,0,0
t3_1vqqy2h,0,0.001674399245530367,-6.390625,0,0,0.02694567755022904,taglish,submission,True,majority,3-0,0,0
t3_1vqswlc,0,0.001838665222749114,-6.296875,0,0,0.02836011183776671,taglish,submission,True,unanimous,3-0,0,0
t3_1vquf6s,0,0.001838665222749114,-6.296875,0,0,0.02836011183776671,taglish,submission,True,unanimous,3-0,0,0
t3_1vqzvtd,0,0.0035936026833951473,-5.625,0,0,0.040819298548541494,taglish,submission,True,majority,3-0,0,0
t1_p79pf4i,0,0.0015487609198316932,-6.46875,0,0,0.025819585440613215,taglish,comment,True,majority,3-0,0,0
t1_p403hxf,0,0.001597845577634871,-6.4375,0,0,0.02626441741204824,english,comment,True,majority,3-0,0,0
t1_p78fc5l,1,0.0024726232513785362,-6.0,0,0,0.033330423307864405,taglish,comment,True,unanimous,3-0,1,1
t1_p79bxbq,0,0.0017546144081279635,-6.34375,0,0,0.027644106896874285,taglish,comment,True,majority,3-0,0,0
t1_p7ky524,0,0.0032730652019381523,-5.71875,0,0,0.03880829284256241,taglish,comment,True,unanimous,3-0,0,0
t1_p4ebxzn,0,0.001622967072762549,-6.421875,0,0,0.02648962118429965,taglish,comment,True,unanimous,3-0,0,0
t1_p4rrt41,0,0.048136770725250244,-2.984375,0,0,0.15776880703330995,taglish,comment,True,adjudicator,2-1,0,1
t1_p7kcbjl,0,0.00172745855525136,-6.359375,0,0,0.027409364507913175,taglish,comment,True,majority,3-0,0,0
t1_p7cbzno,0,0.0015011822106316686,-6.5,0,0,0.025382091058865915,taglish,comment,True,majority,3-0,0,0
t1_p784ts0,0,0.0017007224960252643,-6.375,0,0,0.027176559742674317,taglish,comment,True,majority,3-0,0,0
t1_p50w0db,1,0.03514484316110611,-3.3125,0,0,0.13481058187319245,english,comment,True,adjudicator,2-1,1,0
t1_p6euog5,0,0.0024343819823116064,-6.015625,0,0,0.033049036227900674,tagalog,comment,True,majority,3-0,0,0
t1_p6g3fw7,0,0.0019877743907272816,-6.21875,0,0,0.02959364019431563,taglish,comment,True,majority,3-0,0,0
t1_p4gd9e2,0,0.0015011822106316686,-6.5,0,0,0.025382091058865915,taglish,comment,True,unanimous,3-0,0,0
t1_p79nmkd,0,0.0019877743907272816,-6.21875,0,0,0.02959364019431563,taglish,comment,True,majority,3-0,0,0
t1_p4t4jul,0,0.34356191754341125,-0.6474609375,0,0,0.4101427798988274,taglish,comment,True,majority,3-0,0,0
t1_p4u29jx,0,0.0030278346966952085,-5.796875,0,0,0.037205403298071545,english,comment,True,majority,3-0,0,0
t1_p50f9f1,0,0.00628990214318037,-5.0625,0,0,0.055136316831376604,english,comment,True,majority,3-0,0,0
t1_p66kjs6,0,0.0014779430348426104,-6.515625,0,0,0.02516605964303529,english,comment,True,majority,3-0,0,0
t1_p68a85m,0,0.002182716503739357,-6.125,0,0,0.03114262290933151,taglish,comment,True,majority,3-0,0,0
t1_p695c5c,0,0.0011879054363816977,-6.734375,0,0,0.02232347216579137,taglish,comment,True,majority,3-0,0,0
t1_p6clw9k,0,0.002396730938926339,-6.03125,0,0,0.0327699441846116,taglish,comment,True,unanimous,3-0,0,0
t1_p3vf3pc,0,0.0019267346942797303,-6.25,0,0,0.029094106998256004,taglish,comment,True,unanimous,3-0,0,0
t1_p3y6r7v,0,0.0013458605390042067,-6.609375,0,0,0.02390700619329433,taglish,comment,True,unanimous,3-0,0,0
t1_p6scrqj,0,0.014503578655421734,-4.21875,0,0,0.08566964496627434,tagalog,comment,True,majority,3-0,0,0
t1_p6sehwy,0,0.005641908384859562,-5.171875,0,0,0.05202436159031638,english,comment,True,majority,3-0,0,0
t1_p6d2bev,0,0.0020190139766782522,-6.203125,0,0,0.029846515336618872,taglish,comment,True,unanimous,3-0,0,0
t1_p6d4m4o,0,0.0023596608079969883,-6.046875,0,0,0.03249312981430348,taglish,comment,True,majority,3-0,0,0
t1_p7e8ohv,0,0.00178219610825181,-6.328125,0,0,0.027880802061822113,tagalog,comment,True,adjudicator,2-1,0,0
t1_p59mvvk,0,0.0020190139766782522,-6.203125,0,0,0.029846515336618872,taglish,comment,True,majority,3-0,0,0
t1_p59wsxo,0,0.013636835850775242,-4.28125,0,0,0.08296168937462702,taglish,comment,True,unanimous,3-0,0,0
t1_p77votq,0,0.0016484829830005765,-6.40625,0,0,0.026716702980587783,taglish,comment,True,majority,3-0,0,0
t1_p77ydf9,0,0.0011879054363816977,-6.734375,0,0,0.02232347216579137,taglish,comment,True,unanimous,3-0,0,0
t1_p5c1ore,0,0.0020507436711341143,-6.1875,0,0,0.030101484248787516,taglish,comment,True,unanimous,3-0,0,0
t1_p5c3vgk,0,0.001957016997039318,-6.234375,0,0,0.02934284274043753,taglish,comment,True,majority,3-0,0,0
t1_p516l0e,0,0.003429603995755315,-5.671875,0,0,0.03980162301306125,english,comment,True,majority,3-0,0,0
t1_p519v1g,0,0.002800926798954606,-5.875,0,0,0.03566626093714118,tagalog,comment,True,majority,3-0,0,0
t1_p56ybe4,0,0.0020507436711341143,-6.1875,0,0,0.030101484248787516,english,comment,True,majority,3-0,0,0
t1_p5954c8,0,0.0030278346966952085,-5.796875,0,0,0.037205403298071545,taglish,comment,True,unanimous,3-0,0,0
t1_p7a8pop,0,0.001867565792053938,-6.28125,0,0,0.02860275726348513,tagalog,comment,True,adjudicator,2-1,0,0
t1_p3jsyoe,0,0.0011695103021338582,-6.75,0,0,0.02213288201198187,english,comment,True,majority,3-0,0,0
t1_p45u9v9,0,0.00172745855525136,-6.359375,0,0,0.027409364507913175,english,comment,True,majority,3-0,0,0
t1_p5d361k,0,0.0018102111062034965,-6.3125,0,0,0.02811946525674957,taglish,comment,True,majority,3-0,0,0
t1_p5dnuvy,0,0.007695646956562996,-4.859375,0,0,0.061385453495215354,taglish,comment,True,unanimous,3-0,0,0
t1_p7ji1sj,0,0.0019267346942797303,-6.25,0,0,0.029094106998256004,taglish,comment,True,unanimous,3-0,0,0
t1_p7d311o,0,0.0017007224960252643,-6.375,0,0,0.027176559742674317,taglish,comment,True,unanimous,3-0,0,0
t1_p77qzm1,0,0.0012255674228072166,-6.703125,0,0,0.022709475558211404,english,comment,True,majority,3-0,0,0
t1_p7dm83y,0,0.0024343819823116064,-6.015625,0,0,0.033049036227900674,taglish,comment,True,unanimous,3-0,0,0
t1_p7dnrk5,0,0.0020507436711341143,-6.1875,0,0,0.030101484248787516,taglish,comment,True,unanimous,3-0,0,0
t1_p74tfnh,0,0.003172682598233223,-5.75,0,0,0.038159334976386884,taglish,comment,True,unanimous,3-0,0,0
t1_p74to1m,0,0.014503578655421734,-4.21875,0,0,0.08566964496627434,taglish,comment,True,adjudicator,2-1,0,0
t1_p7cvapq,0,0.002251847181469202,-6.09375,0,0,0.03167618073058643,english,comment,True,majority,3-0,0,0
t1_p6sqvf3,0,0.002800926798954606,-5.875,0,0,0.03566626093714118,english,comment,True,majority,3-0,0,0
t1_p6ss0n1,0,0.001622967072762549,-6.421875,0,0,0.02648962118429965,english,comment,True,majority,3-0,0,0
t1_p6xzavi,0,0.0029810327105224133,-5.8125,0,0,0.03689255079703776,english,comment,True,majority,3-0,0,0
t1_p6xzxgn,0,0.0033766122069209814,-5.6875,0,0,0.03946783436124254,english,comment,True,majority,3-0,0,0
t3_1viin45,0,0.0011335690505802631,-6.78125,0,0,0.02175646106332701,english,submission,True,unanimous,3-0,0,0
t1_p7mgcc5,0,0.0015011822106316686,-6.5,0,0,0.025382091058865915,taglish,comment,True,unanimous,3-0,0,0
t1_p7mkfgf,0,0.0014550630003213882,-6.53125,0,0,0.02495181983510568,english,comment,True,majority,3-0,0,0
t1_p3iocck,0,0.001367025775834918,-6.59375,0,0,0.024112496932114834,taglish,comment,True,majority,3-0,0,0
t1_p7br7vh,0,0.0038844766095280647,-5.546875,0,0,0.04257099834829676,taglish,comment,True,unanimous,3-0,0,0
t1_p5nc9gc,0,0.0015011822106316686,-6.5,0,0,0.025382091058865915,taglish,comment,True,adjudicator,3-0,0,0
t1_p5p0sau,0,0.0014550630003213882,-6.53125,0,0,0.02495181983510568,taglish,comment,True,majority,3-0,0,0
t1_p73gjdk,0,0.0027576221618801355,-5.890625,0,0,0.03536587535984611,english,comment,True,majority,3-0,0,0
t1_p7d8a3e,0,0.004905405919998884,-5.3125,0,0,0.04826684473726577,taglish,comment,True,majority,3-0,0,0
t1_p5jiwo4,0,0.004331502132117748,-5.4375,0,0,0.045144408184000756,english,comment,True,majority,3-0,0,0
t1_p7j8zyo,0,0.0014325366355478764,-6.546875,0,0,0.02473935757510446,taglish,comment,True,majority,3-0,0,0
t1_p644uyu,0,0.001597845577634871,-6.4375,0,0,0.02626441741204824,taglish,comment,True,unanimous,3-0,0,0
t1_p7i4ckh,0,0.0024343819823116064,-6.015625,0,0,0.033049036227900674,english,comment,True,majority,3-0,0,0
t1_p7i4tmq,0,0.08359067142009735,-2.39453125,0,0,0.20687186064110422,taglish,comment,True,adjudicator,2-1,0,1
t1_p5zu0gn,0,0.0013458605390042067,-6.609375,0,0,0.02390700619329433,taglish,comment,True,unanimous,3-0,0,0
t1_p60mlo8,0,0.001524786464869976,-6.484375,0,0,0.0255999282397834,taglish,comment,True,unanimous,3-0,0,0
t1_p5rr64z,0,0.0025509123224765062,-5.96875,0,0,0.03390015257688779,taglish,comment,True,majority,3-0,0,0
t3_1vpddgk,0,0.0013885231455788016,-6.578125,0,0,0.02431970994248584,taglish,submission,True,unanimous,3-0,0,0
t3_1vpe8de,0,0.002714985515922308,-5.90625,0,0,0.03506792766728798,taglish,submission,True,majority,3-0,0,0
t3_1vpovj3,0,0.0014325366355478764,-6.546875,0,0,0.02473935757510446,taglish,submission,True,unanimous,3-0,0,0
t1_p7amre1,0,0.0012065897462889552,-6.71875,0,0,0.02251566573583973,english,comment,True,majority,3-0,0,0
t1_p7aokq0,0,0.010013570077717304,-4.59375,0,0,0.07055762765579472,taglish,comment,True,unanimous,3-0,0,0
t3_1vgih69,0,0.001622967072762549,-6.421875,0,0,0.02648962118429965,taglish,submission,True,unanimous,3-0,0,0
t1_p5phn5i,0,0.0012065897462889552,-6.71875,0,0,0.02251566573583973,taglish,comment,True,majority,3-0,0,0
t1_p6z8245,0,0.0020190139766782522,-6.203125,0,0,0.029846515336618872,taglish,comment,True,unanimous,3-0,0,0
t1_p703ag7,0,0.010652512311935425,-4.53125,0,0,0.07289288473313968,english,comment,True,majority,3-0,0,0
t3_1vtg4c1,0,0.004007288720458746,-5.515625,0,0,0.04329160639553263,english,submission,True,majority,3-0,0,0
t1_p7mdh91,0,0.011331754736602306,-4.46875,0,0,0.07529917047428657,taglish,comment,True,adjudicator,2-1,0,0
t3_1vlgxei,0,0.0026730059180408716,-5.921875,0,0,0.034772399618271686,taglish,submission,True,unanimous,3-0,0,0
t3_1vm4kgg,0,0.001622967072762549,-6.421875,0,0,0.02648962118429965,taglish,submission,True,unanimous,3-0,0,0
t3_1vmdwmg,0,0.0017007224960252643,-6.375,0,0,0.027176559742674317,taglish,submission,True,unanimous,3-0,0,0
t3_1vminyh,0,0.0060975621454417706,-5.09375,0,0,0.05422972408507728,english,submission,True,majority,3-0,0,0
t3_1vpaday,0,0.0015487609198316932,-6.46875,0,0,0.025819585440613215,tagalog,submission,True,unanimous,3-0,0,0
t1_p7itlm8,0,0.00178219610825181,-6.328125,0,0,0.027880802061822113,taglish,comment,True,majority,3-0,0,0
t3_1vruolz,0,0.0017007224960252643,-6.375,0,0,0.027176559742674317,tagalog,submission,True,majority,3-0,0,0
t3_1vs9fes,0,0.0020190139766782522,-6.203125,0,0,0.029846515336618872,tagalog,submission,True,majority,3-0,0,0
t3_1vs9ynp,0,0.0013250225456431508,-6.625,0,0,0.023703224145631474,english,submission,True,majority,3-0,0,0
t3_1vseiez,0,0.001524786464869976,-6.484375,0,0,0.0255999282397834,taglish,submission,True,majority,3-0,0,0
t3_1vspji0,0,0.0018969200318679214,-6.265625,0,0,0.02884741709539808,tagalog,submission,True,adjudicator,2-1,0,0
t3_1vsqrbc,0,0.003429603995755315,-5.671875,0,0,0.03980162301306125,tagalog,submission,True,majority,3-0,0,0
t3_1vthf6q,0,0.001674399245530367,-6.390625,0,0,0.02694567755022904,tagalog,submission,True,majority,3-0,0,0
t3_1vrjcnw,0,0.0011335690505802631,-6.78125,0,0,0.02175646106332701,english,submission,True,majority,3-0,0,0
t1_p2t5hqv,0,0.0012644219677895308,-6.671875,0,0,0.02310199576203085,taglish,comment,True,majority,3-0,0,0
